"trans_x"	"trans_y"	"trans_z"	"rot_x"	"rot_y"	"rot_z"	"trans_x_derivative1"	"trans_y_derivative1"	"trans_z_derivative1"	"rot_x_derivative1"	"rot_y_derivative1"	"rot_z_derivative1"	"framewise_displacement"	"cosine00"	"cosine01"	"cosine02"	"cosine03"	"cosine04"	"cosine05"	"cosine06"	"cosine07"	"cosine08"	"cosine09"	"cosine10"	"cosine11"	"cosine12"	"cosine13"	"cosine14"	"cosine15"	"cosine16"	"cosine17"	"cosine18"	"cosine19"	"cosine20"	"t_comp_cor_00"	"t_comp_cor_01"	"t_comp_cor_02"	"t_comp_cor_03"	"t_comp_cor_04"	"a_comp_cor_00"	"a_comp_cor_01"	"a_comp_cor_02"	"a_comp_cor_03"	"a_comp_cor_04"	"volume_z"	"luminance_z"	"speech_z"	"face_z"
-0.0184394	2.63752e-05	-0.0299326	-0.000219172	-0.000412473	0.000248155	NA	NA	NA	NA	NA	NA	NA	0.0523781585	0.0523777937	0.0523771858	0.0523763346	0.0523752403	0.0523739028	0.0523723222	0.0523704984	0.0523684314	0.0523661213	0.0523635681	0.0523607718	0.0523577323	0.0523544498	0.0523509242	0.0523471556	0.0523431439	0.0523388891	0.0523343914	0.0523296507	0.052324667	-0.0318036987	0.0053356302	-0.0531592568	0.0256936969	-0.0131315784	0.029232401	0.0753251236	-0.0560254399	-0.0390425908	0.0049261106	0	0	0	0
-0.0162193	-0.0372723	-0.0375765	0.000329418	-0.000103238	0.000243385	0.0022201	-0.0372986752	-0.0076439	0.00054859	0.000309235	-4.77000000000002e-06	0.0902924252	0.0523771858	0.0523739028	0.0523684314	0.0523607718	0.0523509242	0.0523388891	0.052324667	0.0523082586	0.0522896643	0.0522688852	0.0522459219	0.0522207755	0.0521934471	0.0521639377	0.0521322486	0.0520983812	0.0520623368	0.0520241169	0.0519837232	0.0519411573	0.051896421	-0.026696929	0.0082453457	0.0325657473	-0.0161265709	-0.0156229705	0.0094193501	0.0195577295	0.0440636684	-0.0639727217	0.0172231028	0	0	0	0
-0.0191155	0.022666	-0.0184504	-0.000920787	-8.83185e-05	0.000243385	-0.0028962	0.0599383	0.0191261	-0.001250205	1.49195e-05	0	0.145216825	0.0523752403	0.0523661213	0.0523509242	0.0523296507	0.0523023033	0.0522688852	0.0522294002	0.0521838529	0.0521322486	0.0520745933	0.0520108938	0.0519411573	0.051865392	0.0517836067	0.0516958108	0.0516020147	0.051502229	0.0513964655	0.0512847364	0.0511670547	0.051043434	0.0331295043	-0.0078221339	0.0463260168	-0.0175867297	0.0100832185	-0.0194173179	-0.0083099611	0.0358196442	-0.0127374239	0.0468735998	0	0	0	0
-0.0129913	-0.0148197	-0.0159238	0.000424656	-8.83185e-05	0.000243385	0.0061242	-0.0374857	0.0025266	0.001345443	0	0	0.11340865	0.0523723222	0.0523544498	0.052324667	0.0522829807	0.0522294002	0.0521639377	0.0520866082	0.0519974292	0.051896421	0.0517836067	0.0516590118	0.0515226647	0.0513745965	0.0512148408	0.051043434	0.050860415	0.0506658255	0.0504597097	0.0502421146	0.0500130897	0.049772687	0.0211693834	-0.0434719925	-0.0386852489	0.0420780617	0.0191622956	-0.004879247	-0.0297159517	-0.0502523852	-0.0016848408	-0.0272094266	0	0	0	0
-0.0191353	0.0011726	-0.0153634	-0.000563985	-0.000545583	0.000243385	-0.006144	0.0159923	0.000560399999999999	-0.000988641	-0.0004572645	0	0.094991975	0.0523684314	0.0523388891	0.0522896643	0.0522207755	0.0521322486	0.0520241169	0.051896421	0.0517492091	0.0515825363	0.0513964655	0.0511910666	0.0509664168	0.0507226006	0.0504597097	0.050177843	0.0498771065	0.0495576132	0.0492194833	0.048862844	0.0484878293	0.0480945804	-0.0470683358	-0.038647634	-0.0155890539	0.0041192676	0.0442432609	0.0453841234	-0.0297568236	-0.0138909825	0.0438939964	0.0139432777	0	0	0	0
-0.0191188	-0.014813	-0.0213595	0.000483115	-0.000239422	0.000298954	1.64999999999992e-05	-0.0159856	-0.0059961	0.0010471	0.000306161	5.55690000000001e-05	0.0924397	0.0523635681	0.0523194405	0.0522459219	0.0521430537	0.0520108938	0.0518495163	0.0516590118	0.0514394875	0.0511910666	0.0509138886	0.0506081094	0.0502739006	0.04991145	0.0495209612	0.0491026536	0.0486567622	0.0481835374	0.0476832451	0.0471561663	0.0466025972	0.0460228486	-0.0288064013	-0.0214080538	0.043633431	0.0409781049	0.0254008476	0.0080743865	-0.0343038567	0.0455662357	0.0075114489	-0.0349475506	0	0	0	0
-0.0191102	-0.00765018	-0.0375424	0.000174929	-0.000142049	0.000243385	8.5999999999975e-06	0.00716282	-0.0161829	-0.000308186	9.7373e-05	-5.55690000000001e-05	0.04641072	0.0523577323	0.0522961052	0.0521934471	0.0520498384	0.051865392	0.0516402525	0.0513745965	0.0510686325	0.0507226006	0.0503367722	0.04991145	0.0494469678	0.04894369	0.0484020114	0.0478223571	0.0472051818	0.0465509697	0.0458602343	0.0451335173	0.044371389	0.0435744473	0.0482563347	-0.0414072065	0.0376577232	-0.0111014278	0.0570563994	-0.0227231472	-0.0574012939	0.0233386987	0.0471362277	0.0042665725	0	0	0	0
-0.019119	0.00946229000000001	-0.00983752	-0.000381754	-0.000336803	0.000243385	-8.79999999999978e-06	0.01711247	0.02770488	-0.000556683	-0.000194754	0	0.082398	0.0523509242	0.0522688852	0.0521322486	0.0519411573	0.0516958108	0.0513964655	0.051043434	0.050637085	0.050177843	0.0496661877	0.0491026536	0.0484878293	0.0478223571	0.0471069319	0.0463423012	0.0455292636	0.0446686685	0.0437614146	0.0428084497	0.0418107693	0.0407694154	-0.0217717689	-0.0478972852	-0.0473304961	0.0463407209	0.0242377396	0.0228338754	-0.0586814504	-0.0544811411	0.0283992145	-0.0274085293	0	0	0	0
-0.0191061	0.0110511	-0.0279734	-0.00024064	-9.60856e-05	0.000243385	1.29000000000032e-05	0.00158881	-0.01813588	0.000141114	0.0002407174	0	0.03882916	0.0523431439	0.0522377823	0.0520623368	0.0518170426	0.051502229	0.0511183183	0.0506658255	0.0501453577	0.0495576132	0.0489033805	0.0481835374	0.0473990497	0.0465509697	0.0456404355	0.0446686685	0.0436369724	0.0425467316	0.0413994086	0.0401965428	0.0389397479	0.0376307102	-0.0351067059	-0.039493408	0.0355133689	-0.0089887526	0.0271615986	0.0207328362	-0.0583619022	0.0337761314	0.0309577911	0.0059615429	0	0	0	0
-0.0220758	-0.0247819	-0.00643716	5.16894e-06	-0.000336803	0.000341716	-0.0029697	-0.035833	0.02153624	0.00024580894	-0.0002407174	9.8331e-05	0.089581807	0.0523343914	0.0522027989	0.0519837232	0.0516775313	0.0512847364	0.0508059967	0.0502421146	0.049594035	0.048862844	0.0480497669	0.0471561663	0.0461835398	0.0451335173	0.0440078585	0.0428084497	0.0415373011	0.0401965428	0.0387884217	0.0373152977	0.0357796393	0.0341840202	0.0199187287	-0.0282278396	0.0485168007	0.0118216493	0.004828554	-0.0489856807	-0.0330269765	0.0243149827	-0.0089060589	-0.0160792338	0	0	0	0
-0.0300602	0.009956	-0.00660458	-0.0014598	0.000180118	0.000243385	-0.0079844	0.0347379	-0.00016742	-0.00146496894	0.000516921	-9.8331e-05	0.146900767	0.052324667	0.0521639377	0.051896421	0.0515226647	0.051043434	0.0504597097	0.049772687	0.0489837722	0.0480945804	0.0471069319	0.0460228486	0.0448445497	0.0435744473	0.0422151417	0.0407694154	0.0392402281	0.0376307102	0.0359441567	0.0341840202	0.032353904	0.0304575546	0.058998293	-0.0120637005	-0.0380465667	-0.0172038473	0.0027900656	-0.0557206609	0.0150341676	-0.0619527166	0.0245557985	0.0148880335	0	0	0	0
-0.0235306	-0.0325681	0.00105821	-0.000362126	8.09415e-05	0.000243385	0.0065296	-0.0425241	0.00766279	0.001097674	-9.91765e-05	0	0.116559015	0.0523139709	0.0521212014	0.0518004449	0.051352489	0.0507784337	0.0500796887	0.0492579697	0.0483152946	0.0472539781	0.0460766263	0.0447861304	0.0433856593	0.0418786518	0.0402688086	0.0385600826	0.0367566699	0.0348629988	0.0328837193	0.0308236917	0.0286879745	0.0264818121	-0.0503201895	0.003234614	-0.0127156156	0.0236493998	0.0060677829	0.0470081832	0.0250241932	-0.0036736766	0.0187974702	-0.0307157344	0	0	0	0
-0.0364195	0.00999853	-0.0173093	-0.00050687	-0.000336803	0.000152789	-0.0128889	0.04256663	-0.01836751	-0.000144744	-0.0004177445	-9.0596e-05	0.106477265	0.0523023033	0.0520745933	0.0516958108	0.0511670547	0.0504898588	0.0496661877	0.0486984311	0.0475893965	0.0463423012	0.0449607632	0.0434487905	0.0418107693	0.0400514517	0.0381759417	0.0361896802	0.0340984296	0.0319082567	0.0296255153	0.027256828	0.0248090665	0.0222893319	0.0040743622	-0.0171951152	0.0475035102	-0.005607373	0.0133239714	-0.0110231974	-0.0103286316	0.0430547603	0.0439612687	0.0161638026	0	0	0	0
-0.0320778	-0.0442381	-0.00637036	0.00057362	-0.000336803	0.000243385	0.0043417	-0.05423663	0.01093894	0.00108049	0	9.0596e-05	0.12807157	0.0522896643	0.0520241169	0.0515825363	0.0509664168	0.050177843	0.0492194833	0.0480945804	0.0468069407	0.0453609212	0.0437614146	0.0420138333	0.0401240904	0.0380985803	0.0359441567	0.0336681095	0.03127814	0.0287823352	0.02618914	0.0235073292	0.0207459769	0.0179144269	0.0375241917	-0.0606028745	-0.0179277469	0.0294498612	0.0104520488	-0.0222461389	-0.0340093221	-0.0288145736	0.033850107	-0.0463164451	0	0	0	0
-0.0372987	-0.0106724	-0.0222819	-0.000406094	8.35953e-05	0.000243385	-0.00522089999999999	0.0335657	-0.01591154	-0.000979714	0.0004203983	0	0.124703755	0.0522760543	0.0519697758	0.0514606403	0.050750635	0.0498425313	0.048739874	0.047446967	0.0459688572	0.044311314	0.0424808075	0.0404844828	0.0383301323	0.0360261653	0.0335815749	0.0310059033	0.0283092043	0.0255020041	0.0225952602	0.0196003187	0.01652887	0.013392903	-0.0571690854	-0.0372343917	-0.0230211759	-0.022567578	0.0319674513	0.0619906147	0.0062412551	-0.0146453456	0.0732138233	-0.0013410723	0	0	0	0
-0.0372913	-0.0442617	-0.0340472	0.000621175	-5.75476e-05	0.000243385	7.39999999999769e-06	-0.0335893	-0.0117653	0.001027269	-0.0001411429	0	0.103782595	0.0522614734	0.0519115742	0.0513301431	0.0505197734	0.0494840794	0.0482276804	0.0467561802	0.0450761418	0.0431950583	0.0411213197	0.0388641751	0.0364336915	0.0338407093	0.0310967934	0.028214182	0.0252057321	0.0220848615	0.0188654898	0.0155619757	0.0121890533	0.0087617663	-0.0115136748	-0.0101130014	0.0432229977	0.0557703559	0.0103688496	-0.0193852957	0.0158875309	0.029718569	0.0170416703	-0.049738255	0	0	0	0
-0.0186686	0.0103512	-0.0103004	-0.00114748	0.000293469	0.000243385	0.0186227	0.0546129	0.0237468	-0.001768655	0.0003510166	0	0.20296598	0.0522459219	0.0518495163	0.0511910666	0.0502739006	0.0491026536	0.0476832451	0.0460228486	0.0441298556	0.0420138333	0.0396854757	0.0371565505	0.0344398384	0.0315490697	0.028498854	0.025304607	0.0219824722	0.0185492395	0.0150222601	0.0114193591	0.0077587455	0.0040589197	0.0556797216	-0.0223628499	-0.0006669705	-0.0502502492	0.0365697219	-0.0325433185	0.002633959	-0.0192371566	0.0499411877	0.0493360163	0	0	0	0
-0.0036445	-0.00983298	0.0150298	-0.000309533	0.000209523	0.000146077	0.0150241	-0.02018418	0.0253302	0.000837947	-8.39460000000001e-05	-9.7308e-05	0.11149853	0.0522294002	0.0517836067	0.051043434	0.0500130897	0.0486984311	0.0471069319	0.0452476394	0.0431311232	0.0407694154	0.0381759417	0.0353654455	0.032353904	0.0291584371	0.0257972105	0.0222893319	0.018654743	0.0149141057	0.0110886847	0.0072002268	0.0032708371	-0.0006771467	-0.0715172328	0.0079346691	-0.0221706068	0.0375566898	-0.0282128013	0.0929320168	0.0019234083	0.0022160818	-0.0058288822	-0.0462611949	0	0	0	0
-0.00833274	-0.0100979	-0.0312989	6.33502e-05	-1.87911e-05	0.000243385	-0.00468824	-0.000264920000000002	-0.0463287	0.0003728832	-0.0002283141	9.7308e-05	0.086207125	0.0522119084	0.0517138504	0.0508872699	0.0497374181	0.0482715996	0.0464991262	0.044431258	0.0420811315	0.0394636764	0.0365955205	0.0334948844	0.0301814655	0.0266763128	0.0230016937	0.0191809517	0.015238359	0.0111989617	0.0070884207	0.0029328492	-0.0012413539	-0.005407671	0.0075729472	0.0356866281	0.0367908774	-0.0719368853	-0.0372875868	-0.019830364	0.0077539693	0.0438304042	0.0230736549	0.0563474783	0	0	0	0
0.00881833	0.0159659	0.0148293	-0.00112678	0.000636652	-0.000100498	0.01715107	0.0260638	0.0461282	-0.0011901302	0.0006554431	-0.000343883	0.198815885	0.0521934471	0.0516402525	0.0507226006	0.0494469678	0.0478223571	0.0458602343	0.0435744473	0.0409811285	0.0380985803	0.0349471469	0.0315490697	0.0279283311	0.024110485	0.0201224762	0.0159924506	0.0117495564	0.0074237382	0.0030455261	-0.0013541801	-0.0057443291	-0.0100939368	0.0427771968	0.0279530473	-0.040953589	0.0562407292	-0.0674579815	-0.0243470048	-0.0027032749	-0.048998193	-0.0207664828	-0.0456052488	0	0	0	0
-0.00858593	0.016253	0.0011019	0.0001442	0.000344121	-0.00022419	-0.01740426	0.000287100000000002	-0.0137274	0.00127098	-0.000292531	-0.000123692	0.11577891	0.0521740164	0.0515628185	0.0505494535	0.0491418251	0.0473509122	0.0451906832	0.042677987	0.0398324213	0.0366761804	0.0332338815	0.0295323731	0.0256005252	0.0214690046	0.0171700353	0.0127371473	0.0082049152	0.0036086884	-0.0010156846	-0.0056321357	-0.0102046586	-0.0146975897	-0.043684211	0.0150145983	-0.0164247017	-0.0833562385	-0.0081499444	0.0446255813	-0.0080214823	0.002051503	-0.0003786712	0.0436275874	0	0	0	0
-0.00861354	0.0517182	0.0308097	-0.00134772	0.000177363	0.000359024	-2.76099999999974e-05	0.0354652	0.0297078	-0.00149192	-0.000166758	0.000583214	0.17729521	0.0521536168	0.0514815542	0.0503678575	0.0488220806	0.0468574839	0.0444909208	0.0417426926	0.0386363752	0.0351986159	0.0314589057	0.0274493255	0.0232042715	0.0187601599	0.0141551145	0.0094286395	0.004621281	-0.0002257211	-0.0050707869	-0.009872353	-0.0145892291	-0.0191809517	-0.0219824692	0.0385305069	0.0312573141	0.0223053172	-0.0091331647	0.0192030512	0.0134914141	0.0420739106	-0.02303327	-0.0036551859	0	0	0	0
-0.0275938	-0.0345324	0.0472294	-0.00229793	3.05749e-05	-0.000534868	-0.01898026	-0.0862506	0.0164197	-0.00095021	-0.0001467881	-0.000893892	0.221195065	0.0521322486	0.0513964655	0.050177843	0.0484878293	0.0463423012	0.0437614146	0.0407694154	0.0373944116	0.0336681095	0.0296255153	0.025304607	0.0207459769	0.0159924506	0.0110886847	0.0060807472	0.0010156846	-0.0040589197	-0.0090953929	-0.0140464202	-0.0188654898	-0.0235073292	0.0403436874	0.0629245913	0.0112012985	-0.0318850476	-0.0020729199	-0.0420485704	0.0309781124	0.014537333	-0.0258550176	0.0009738231	0	0	0	0
-0.0214274	0.044077	0.0743518	-0.00244086	-0.000487983	-0.000569505	0.0061664	0.0786094	0.0271224	-0.00014293	-0.0005185579	-3.4637e-05	0.146704445	0.0521099123	0.0513075588	0.0499794418	0.0481391707	0.0458056033	0.0430026525	0.0397590408	0.0361080066	0.0320869629	0.0277371148	0.0231030362	0.0182322141	0.0131745611	0.0079819045	0.0027074549	-0.0025947387	-0.0078703433	-0.0130652981	-0.018126369	-0.0230016937	-0.0276413132	0.0317391668	0.0834853476	-0.0090699481	-0.0143226376	-0.0344279121	-0.0414377088	0.0542424775	-0.0075627435	-0.0493687735	-0.001395344	0	0	0	0
-0.0067201	-0.0320694	-0.0201222	-0.00145336	1.45148e-05	-0.000187947	0.0147073	-0.0761464	-0.094474	0.0009875	0.0005024978	0.000381558	0.27890549	0.0520866082	0.0512148408	0.049772687	0.0477762082	0.0452476394	0.0422151417	0.0387124883	0.0347786889	0.0304575546	0.0257972105	0.0208495594	0.015669704	0.0103153331	0.0048460789	-0.0006771467	-0.0061928308	-0.0116395445	-0.0169566271	-0.0220848615	-0.0269671338	-0.0315490697	0.0175979277	0.0940285273	0.0131802955	-0.075926599	-0.0347577724	-0.0212609936	0.0622463588	0.0357805571	-0.0640505063	0.0570570396	0	0	0	0
-0.00438759	0.0339153	0.0384994	-0.00163276	-7.00195e-05	-0.000120933	0.00233251	0.0659847	0.0586216	-0.000179400000000001	-8.45343e-05	6.7014e-05	0.143486225	0.0520623368	0.0511183183	0.0495576132	0.0473990497	0.0446686685	0.0413994086	0.0376307102	0.0334080384	0.0287823352	0.0238094045	0.0185492395	0.0130652981	0.0074237382	0.0016926191	-0.0040589197	-0.0097614921	-0.0153463027	-0.0207459769	-0.0258953737	-0.030732371	-0.0351986159	0.040240824	0.0659894693	0.0088513871	0.0077099875	-0.0620741614	-0.0300069068	0.0164325562	0.0218257284	-0.09604378	0.0244568955	0	0	0	0
0.00680991	-0.000735484	-0.00023791	-0.000879704	1.45148e-05	0.000328847	0.0111975	-0.034650784	-0.03873731	0.000753056	8.45343e-05	0.00044978	0.148954109	0.0520370985	0.0510179984	0.0493342563	0.0470078072	0.0440689593	0.0405559987	0.0365146908	0.0319976841	0.0270638244	0.021777388	0.0162072446	0.0104259597	0.0045088495	-0.0014670001	-0.0074237382	-0.0132837629	-0.018970732	-0.024410558	-0.0295323731	-0.0342694522	-0.0385600826	0.0474828309	0.0002037169	-0.0180369072	-0.0523633415	-0.0035462981	-0.0294135948	-0.0113836775	-0.0223208908	-0.0466891796	0.0486199992	0	0	0	0
-0.00648455	0.0486676	0.0657184	-0.00217345	1.45148e-05	0.000199849	-0.01329446	0.049403084	0.06595631	-0.001293746	0	-0.000128998	0.199791054	0.0520108938	0.0509138886	0.0491026536	0.0466025972	0.0434487905	0.0396854757	0.0353654455	0.030549302	0.025304607	0.0197049341	0.0138288366	0.0077587455	0.0015798132	-0.004621281	-0.010757547	-0.016742904	-0.0224933884	-0.0279283311	-0.0329714899	-0.0375521182	-0.0416059582	-0.0149326879	-0.0141082262	-0.0618126723	0.0260873836	-0.0122945218	0.006773251	-0.0146720778	-0.0670300086	-0.0208654136	-0.0132122825	0	0	0	0
0.00551767	-0.00648996	0.0158713	-0.00102925	1.45148e-05	0.000351545	0.01200222	-0.05515756	-0.0498471	0.0011442	0	0.000151696	0.18180168	0.0519837232	0.0508059967	0.048862844	0.0461835398	0.0428084497	0.0387884217	0.0341840202	0.0290646136	0.0235073292	0.0175958911	0.0114193591	0.0050707869	-0.0013541801	-0.0077587455	-0.0140464202	-0.0201224762	-0.0258953737	-0.03127814	-0.0361896802	-0.0405559987	-0.044311314	-0.0266101585	-0.0297824325	0.0346565482	-0.0282199132	-0.0021263906	0.0109182669	-0.0424351212	0.0367472095	0.0070936758	-0.006385789	0	0	0	0
-0.00419363	0.0505239	0.064791	-0.00173675	1.45148e-05	-9.22242e-07	-0.0097113	0.05701386	0.0489197	-0.0007075	0	-0.000352467242	0.1686432221	0.0519555872	0.0506943307	0.0486148674	0.0457507597	0.0421482344	0.0378654364	0.0329714899	0.0275453833	0.021674694	0.015454175	0.0089842256	0.0023692706	-0.0042839244	-0.0108679768	-0.01727662	-0.0234064185	-0.0291584371	-0.0344398384	-0.0391653804	-0.0432587929	-0.0466540082	0.0544588926	-0.0120673221	0.004112386	0.0048538309	-0.0200879874	-0.0406345438	-0.0196644243	-0.0039053413	-0.0372051753	-0.0035432244	0	0	0	0
0.0141167	-0.00477171	-0.0274713	-0.00107365	-0.000189549	0.000194517	0.01831033	-0.05529561	-0.0922623	0.0006631	-0.0002040638	0.000195439242	0.2189983921	0.0519264863	0.0505788988	0.0483587652	0.0453043854	0.0414684511	0.0369171367	0.0317289578	0.0259934166	0.0198094581	0.0132837629	0.0065289069	-0.0003385804	-0.0072002268	-0.0139376608	-0.0204346535	-0.0265791242	-0.0322650733	-0.0373944116	-0.0418786518	-0.0456404355	-0.0486148674	-0.0403835482	0.0326139096	-0.0464459039	-0.0269281397	-0.034734774	0.0391546618	0.0204330277	-0.0291861013	-0.0162304508	0.0065820832	-0.380374703292263	-1.08091270754883	-2.22840312389761	-1.68540061352814
0.0141206	0.0344088	0.0405432	-0.00149134	1.45148e-05	-9.22242e-07	3.90000000000286e-06	0.03918051	0.0680145	-0.00041769	0.0002040638	-0.000195439242	0.1480585621	0.051896421	0.0504597097	0.0480945804	0.0448445497	0.0407694154	0.0359441567	0.0304575546	0.024410558	0.0179144269	0.0110886847	0.0040589197	-0.0030455261	-0.0100939368	-0.0169566271	-0.0235073292	-0.0296255153	-0.0351986159	-0.0401240904	-0.044311314	-0.0476832451	-0.050177843	0.0063278364	0.0405555999	0.0287741395	0.0456698625	-0.0539837023	-0.0166868221	-0.0094612071	0.0347879857	-0.0536619773	-0.0298927199	-1.27014591083183	-1.28774394727322	-2.22840312389761	-1.68540061352814
0.0141227	0.0129336	0.0411523	-0.00131853	1.45148e-05	6.08696e-05	2.09999999999794e-06	-0.0214752	0.000609100000000008	0.00017281	0	6.1791842e-05	0.0338164921	0.051865392	0.0503367722	0.0478223571	0.044371389	0.0400514517	0.0349471469	0.0291584371	0.0227986886	0.0159924506	0.0088730165	0.0015798132	-0.0057443291	-0.0129559745	-0.0199138901	-0.0264818121	-0.0325311144	-0.0379433273	-0.0426124582	-0.0464470668	-0.0493720561	-0.0513301431	0.025911208	-0.0133250128	-0.0466993294	-0.0623426968	-0.012461206	-0.0020655201	-0.0051185709	-0.0393281915	-0.0233626427	0.0400285807	-1.72108836539445	-1.30444164896667	-2.22840312389761	-1.68540061352814
0.000217673	0.0763303	0.109354	-0.00242682	1.45148e-05	-0.000208842	-0.013905027	0.0633967	0.0682017	-0.00110829	0	-0.0002697116	0.214403507	0.0518333998	0.0502100954	0.0475421407	0.043885044	0.0393148935	0.0339267737	0.0278327876	0.0211597241	0.0140464202	0.0066408724	-0.0009028426	-0.0084277735	-0.0157773596	-0.0227986886	-0.0293456776	-0.0352821126	-0.0404844828	-0.0448445497	-0.0482715996	-0.0506943307	-0.0520623368	-0.0649825923	0.0633686422	-0.0336491511	-0.0711764422	-0.0067897028	0.0763683193	0.087748129	0.0167346556	-0.0553824703	0.0741681185	-1.94040207786486	-1.30946970887924	-2.22840312389761	-1.68540061352814
0.0123957	-0.0455292	-0.0123805	-0.000825358	1.45148e-05	-9.22242e-07	0.012178027	-0.1218595	-0.1217345	0.001601462	0	0.000207919758	0.3462411149	0.0518004449	0.0500796887	0.0472539781	0.0433856593	0.0385600826	0.0328837193	0.0264818121	0.0194956122	0.0120792627	0.0043963972	-0.0033834701	-0.0110886847	-0.0185492395	-0.0256005252	-0.0320869629	-0.0378654364	-0.0428084497	-0.0468069407	-0.049772687	-0.0516402525	-0.0523684314	-0.0011155332	0.1409519224	0.0032591541	-0.0079909585	-0.02531684	-0.02064099	0.1440085818	0.0327616821	-0.0914135325	0.0216410784	-1.8639743861055	-1.31045519011602	-2.22840312389761	-1.68540061352814
0.0185059	0.00884601	0.0599167	-0.00150761	1.45148e-05	-9.22242e-07	0.0061102	0.05437521	0.0722972	-0.000682252	0	0	0.16689521	0.051766528	0.0499455618	0.0469579174	0.0428733831	0.0377873696	0.0318186811	0.0251067401	0.0178083308	0.0100939368	0.0021437585	-0.0058564958	-0.0137199483	-0.0212629165	-0.0283092043	-0.0346942175	-0.0402688086	-0.0449027607	-0.0484878293	-0.050940271	-0.0522027989	-0.0522459219	0.0550605939	0.1485220806	-0.0153327787	-0.0045365227	0.0020277359	-0.0420819859	0.13780017	-0.0055816829	-0.0534944619	0.0230574162	-1.269730985461	-1.30552401864244	-2.22840312389761	0.592443852028073
0.0313142	-0.00567254	0.0143056	-0.00068003	-0.000225893	-9.22242e-07	0.0128083	-0.01451855	-0.0456111	0.00082758	-0.0002404078	0	0.12633734	0.0517316498	0.0498077248	0.0466540082	0.0423483678	0.0369971132	0.030732371	0.0237088227	0.016099885	0.0080934286	-0.0001128608	-0.0083163637	-0.016314529	-0.0239098759	-0.0309148693	-0.0371565505	-0.0424808075	-0.0467561802	-0.0498771065	-0.051766528	-0.0523777937	-0.0516958108	0.0266556717	0.0715413282	-0.0770681616	0.0249514264	0.0103127823	-0.0302531012	0.0613950495	-0.0659066547	0.007466203	-0.0183505787	-0.819378014926554	-1.29582902680275	-2.22840312389761	-1.68540061352814
0.00767005	0.0215328	0.049465	-0.00127851	-0.000202154	-9.22242e-07	-0.02364415	0.02720534	0.0351594	-0.00059848	2.3739e-05	0	0.11711984	0.0516958108	0.0496661877	0.0463423012	0.0418107693	0.0361896802	0.0296255153	0.0222893319	0.0143723053	0.0060807472	-0.0023692706	-0.010757547	-0.0188654898	-0.0264818121	-0.0334080384	-0.0394636764	-0.0444909208	-0.0483587652	-0.0509664168	-0.0522459219	-0.0521639377	-0.0507226006	-0.0361939645	0.0388193758	-0.0222665869	0.0240131601	0.019372558	0.0294539968	0.0242463229	0.0033221202	0.0190262456	-0.016411434	-0.070303873688766	-0.666333026623556	-2.22840312389761	0.592443852028073
0.00980223	-0.0056903	0.0131404	-0.0005623	-0.00023583	0.000159215	0.00213218	-0.0272231	-0.0363246	0.00071621	-3.3676e-05	0.000160137242	0.1111810421	0.0516590118	0.0495209612	0.0460228486	0.0412607473	0.0353654455	0.028498854	0.0208495594	0.0126276447	0.0040589197	-0.004621281	-0.0131745611	-0.0213660101	-0.0289706552	-0.0357796393	-0.0416059582	-0.0462895956	-0.0497019183	-0.0517492091	-0.0523752403	-0.0515628185	-0.0493342563	0.0072571133	-0.0256501388	0.0425789182	0.0156609089	0.0132337257	-0.0280460685	-0.0219503273	0.045371003	0.0602547156	-0.0304976598	-0.405381764620103	-0.254645839147796	-2.22840312389761	0.592443852028073
0.00825147	0.0165809	0.0469106	-0.00113056	-0.000228324	0.000161797	-0.00155076	0.0222712	0.0337702	-0.00056826	7.50599999999998e-06	2.582e-06	0.08650956	0.0516212534	0.0493720561	0.0456957037	0.0406984653	0.0345247919	0.0273531403	0.0193908153	0.0108679768	0.0020309873	-0.0068647103	-0.0155619757	-0.0238094045	-0.0313685957	-0.0380210421	-0.0435744473	-0.0478682839	-0.0507784337	-0.0522207755	-0.0521536168	-0.0505788988	-0.0475421407	0.0505674628	-0.0585330608	-0.02491257	0.0251428113	0.0155611969	-0.046784001	-0.0387023475	-0.0478027012	0.0832277416	-0.0342626406	-0.036558840976344	-0.109412144362484	-2.22840312389761	0.592443852028073
0.00717337	-0.005701	0.0420818	-0.00113056	-0.000120767	0.00030181	-0.0010781	-0.0222819	-0.00482879999999999	0	0.000107557	0.000140013	0.0405673	0.0515825363	0.0492194833	0.0453609212	0.0401240904	0.0336681095	0.02618914	0.0179144269	0.0090953929	0	-0.0090953929	-0.0179144269	-0.02618914	-0.0336681095	-0.0401240904	-0.0453609212	-0.0492194833	-0.0515825363	-0.0523782801	-0.0515825363	-0.0492194833	-0.0453609212	-0.0542131614	-0.0334739576	-0.0030085373	0.0096773215	-0.0163582354	0.0515371022	-0.0344918694	0.0055501133	0.0318598192	-0.0727509794	-0.015870572755613	-0.824054857785607	-2.22840312389761	-1.68540061352814
-0.00241737	0.0411792	0.0511905	-0.00113056	-0.00039227	0.000247334	-0.00959074	0.0468802	0.0091087	0	-0.000271503	-5.4476e-05	0.08187859	0.0515428613	0.0490632542	0.045018557	0.0395377932	0.0327957961	0.0250076315	0.0164217376	0.0073119995	-0.0020309873	-0.0113091867	-0.0202266294	-0.028498854	-0.0358619813	-0.0420811315	-0.0469579174	-0.0503367722	-0.0521099123	-0.0522207755	-0.0506658255	-0.0474946641	-0.0428084497	0.0161323738	-0.039589759	0.0515240612	-0.0218087014	-0.0174664387	-0.0090486319	-0.0690100692	0.0343149747	0.039307047	0.0246592618	-0.160487679960007	-0.152715399728126	-2.22840312389761	-1.68540061352814
-0.00240751	0.0362422	0.0849657	-0.00108231	-0.000493905	0.000163118	9.85999999999999e-06	-0.004937	0.0337752	4.82500000000001e-05	-0.000101635	-8.4216e-05	0.05042711	0.051502229	0.0489033805	0.0446686685	0.0389397479	0.0319082567	0.0238094045	0.0149141057	0.0055199161	-0.0040589197	-0.0135019809	-0.0224933884	-0.030732371	-0.0379433273	-0.043885044	-0.0483587652	-0.0512148408	-0.0523577323	-0.0517492091	-0.0494096266	-0.0454172463	-0.0399056168	-0.0234175171	-0.0683057006	-0.035074087	0.0639474587	-0.0209916196	0.0259003474	-0.0714827614	-0.0370222761	0.0066964417	-0.057237634	-0.009563595579954	-1.05898683045974	-2.22840312389761	0.592443852028073
0.0108065	0.0233402	0.0512975	-0.00147394	-0.000493905	0.000223523	0.01321401	-0.012902	-0.0336682	-0.00039163	0	6.0405e-05	0.08238596	0.0514606403	0.048739874	0.044311314	0.0383301323	0.0310059033	0.0225952602	0.013392903	0.0037212726	-0.0060807472	-0.015669704	-0.024709611	-0.0328837193	-0.0399056168	-0.0455292636	-0.0495576132	-0.0518495163	-0.052324667	-0.0509664168	-0.0478223571	-0.0430026525	-0.0366761804	-0.0253298311	-0.0539704625	0.0440790078	-0.0420501328	0.0299290396	0.012116697	-0.045194876	0.0308326628	0.0522477493	0.0366699141	0.223642030230019	-0.914666043968414	-2.22840312389761	0.592443852028073
0.0151193	0.0252842	0.0697081	-0.000825365	-0.000332548	0.000124992	0.0043128	0.001944	0.0184106	0.000648575	0.000161357	-9.8531e-05	0.07009055	0.0514180959	0.0485727468	0.0439465533	0.0377091275	0.0300891549	0.0213660101	0.0118595137	0.0019182066	-0.0080934286	-0.0178083308	-0.0268703181	-0.0349471469	-0.0417426926	-0.0470078072	-0.0505494535	-0.0522377823	-0.0520108938	-0.0498771065	-0.0459146523	-0.0402688086	-0.0331465714	0.0565517853	-0.037110795	0.0059508679	0.0297356772	0.0062070728	-0.0451249153	-0.021710645	-0.0225191634	0.0085550974	-0.0152042575	0.978265798302627	-0.777503560825223	-2.22840312389761	0.592443852028073
0.0222124	-0.0123589	0.0488909	-0.000776303	-0.000493905	0.000341016	0.0070931	-0.0376431	-0.0208172	4.9062e-05	-0.000161357	0.000216024	0.08687555	0.0513745965	0.0484020114	0.0435744473	0.0370769179	0.0291584371	0.0201224762	0.0103153331	0.0001128608	-0.0100939368	-0.0199138901	-0.0289706552	-0.0369171367	-0.0434487905	-0.0483152946	-0.0513301431	-0.0523777937	-0.0514180959	-0.0484878293	-0.043699295	-0.0372360105	-0.0293456776	-0.0524430568	-0.012636092	-0.0242819457	0.001691061	0.0209176163	0.0536596451	0.0175649928	-0.0125714932	0.0213402687	-0.0307463814	-0.601538291374283	-1.04351844850192	0.448081059024295	0.592443852028073
0.0107728	0.00704222	0.0473925	-0.0013124	-0.000493905	0.000181009	-0.0114396	0.01940112	-0.0014984	-0.000536097	0	-0.000160007	0.06714432	0.0513301431	0.0482276804	0.0431950583	0.0364336915	0.028214182	0.0188654898	0.0087617663	-0.0016926191	-0.0120792627	-0.0219824722	-0.0310059033	-0.0387884217	-0.045018557	-0.0494469678	-0.051896421	-0.0522688852	-0.0505494535	-0.0468069407	-0.0411911291	-0.0339267737	-0.025304607	0.0042688659	0.007064047	0.0493990656	0.00402795	0.02843368	-0.0074052865	0.0178548463	0.043355696	0.0452475853	-0.0080899161	-1.04934482475389	-1.23948124639007	0.448081059024295	0.592443852028073
0.00982734	-0.0222307	0.0619564	-0.00106113	-0.000336209	0.000355297	-0.000945459999999999	-0.02927292	0.0145639	0.00025127	0.000157696	0.000174288	0.07394498	0.0512847364	0.0480497669	0.0428084497	0.0357796393	0.027256828	0.0175958911	0.0072002268	-0.0034960873	-0.0140464202	-0.0240102362	-0.0329714899	-0.0405559987	-0.0464470668	-0.0503987089	-0.0522459219	-0.0519115742	-0.0494096266	-0.0448445497	-0.0384069609	-0.0303656657	-0.0210564335	0.0354429013	-0.0202089492	-0.0422352017	0.0619841406	0.0023644485	-0.0217515675	0.0121438826	-0.0476758222	0.0415411765	-0.0672633493	-1.40273575923613	-1.30470906105827	0.448081059024295	-1.68540061352814
-0.00480691	-0.00101844	0.0445311	-0.00161	-0.000686197	0.000381774	-0.01463425	0.02121226	-0.0174253	-0.00054887	-0.000349988	2.64770000000001e-05	0.09953856	0.0512383773	0.0478682839	0.0424146861	0.0351149558	0.0262868196	0.016314529	0.0056321357	-0.0052954007	-0.0159924506	-0.0259934166	-0.0348629988	-0.0422151417	-0.0477298374	-0.0511670547	-0.0523771858	-0.0513075588	-0.0480047303	-0.0426124582	-0.0353654455	-0.0265791242	-0.0166359256	-0.0380371062	-0.0224524675	0.009476747	-0.0244352935	0.0142802197	0.0299128971	0.0031522924	0.0037951166	0.0570573628	0.0031103433	-0.680559824396712	-1.16849348276696	0.448081059024295	-1.68540061352814
-0.00241664	-0.00377208	0.0582477	-0.000924421	-0.000493905	0.000332851	0.00239027	-0.00275364	0.0137166	0.000685579	0.000192292	-4.8923e-05	0.06520021	0.0511910666	0.0476832451	0.0420138333	0.0344398384	0.025304607	0.0150222601	0.0040589197	-0.0070884207	-0.0179144269	-0.0279283311	-0.0366761804	-0.0437614146	-0.048862844	-0.0517492091	-0.0522896643	-0.0504597097	-0.0463423012	-0.0401240904	-0.0320869629	-0.0225952602	-0.0120792627	0.0222612832	-0.0149899749	0.0553527554	0.0661151511	-0.0016366102	-0.0216784543	-0.009703749	0.0306082406	0.0032399905	-0.0496989101	-0.938776694249957	-0.656767367231059	0.448081059024295	0.592443852028073
-0.00241428	-0.014648	0.017124	-0.00126012	-0.000493905	0.000341275	2.35999999999986e-06	-0.01087592	-0.0411237	-0.000335699000000001	0	8.42399999999999e-06	0.06920813	0.0511428052	0.0474946641	0.0416059582	0.0337544877	0.0243106464	0.0137199483	0.0024820104	-0.0088730165	-0.0198094581	-0.0298113868	-0.0384069609	-0.0451906832	-0.0498425313	-0.0521430537	-0.0519837232	-0.0493720561	-0.044431258	-0.0373944116	-0.0285934806	-0.0184436498	-0.0074237382	-0.0169209644	-0.0418158451	-0.0231454299	-0.0201809912	0.0038987736	0.0143876527	-0.0188125812	-0.0228820439	0.0302095916	0.0151789677	-1.72884925445418	-0.63854643919708	0.448081059024295	0.592443852028073
-0.00240418	0.0282441	0.0507504	-0.00176864	-0.000493905	0.000353425	1.00999999999999e-05	0.0428921	0.0336264	-0.000508519999999999	0	1.215e-05	0.1025621	0.051093594	0.047302555	0.0411911291	0.0330591074	0.0233053991	0.0124084642	0.0009028426	-0.0106470671	-0.021674694	-0.0316390872	-0.0400514517	-0.0464991262	-0.0506658255	-0.0523471556	-0.0514606403	-0.0480497669	-0.0422818529	-0.0344398384	-0.0249084068	-0.0141551145	-0.0027074549	-0.036418494	-0.0454389347	0.0452902933	0.0517399125	-0.0311051285	0.0281485228	-0.0421011486	0.0443729359	0.0148310285	-0.0236068623	-1.63901958475616	-0.672463351416252	0.448081059024295	0.592443852028073
0.00433751	-0.00746121	0.0163543	-0.000807479	-0.000493905	0.000477193	0.00674169	-0.03570531	-0.0343961	0.000961161	0	0.000123768	0.13108955	0.051043434	0.0471069319	0.0407694154	0.032353904	0.0222893319	0.0110886847	-0.0006771467	-0.0124084642	-0.0235073292	-0.0334080384	-0.0416059582	-0.0476832451	-0.0513301431	-0.0523607718	-0.0507226006	-0.0464991262	-0.0399056168	-0.03127814	-0.0210564335	-0.0097614921	0.0020309873	0.0602043646	-0.0493166076	0.0142460363	-0.012513045	-0.0128845339	-0.0347295827	-0.0244921204	-0.0114433587	0.0209100867	-0.0200300593	-1.46065131019004	-0.802229739484921	0.448081059024295	0.592443852028073
-0.00241699	0.031262	0.0341127	-0.00130061	-0.000394282	0.000262373	-0.0067545	0.03872321	0.0177584	-0.000493131	9.9623e-05	-0.00021482	0.10361481	0.050992326	0.0469078096	0.0403408874	0.0316390872	0.0212629165	0.0097614921	-0.0022565198	-0.0141551145	-0.025304607	-0.0351149558	-0.0430669878	-0.048739874	-0.0518333998	-0.0521838529	-0.049772687	-0.0447275033	-0.0373152977	-0.0279283311	-0.0170633708	-0.0052954007	0.006752807	-0.0556561487	0.0065457394	-0.0520903163	0.0374628719	-0.0109975015	0.0577464852	0.0435624021	-0.034556833	0.0167177423	-0.0108223016	-1.45573689840545	-0.860554752233474	0.448081059024295	0.592443852028073
-0.00242262	-0.00746955	0.0064274	-0.000853092	-0.000493905	0.00032367	-5.62999999999996e-06	-0.03873155	-0.0276853	0.000447518	-9.9623e-05	6.1297e-05	0.09684438	0.050940271	0.0467052026	0.0399056168	0.0309148693	0.0202266294	0.0084277735	-0.0038338396	-0.015884942	-0.0270638244	-0.0367566699	-0.044431258	-0.0496661877	-0.0521740164	-0.0518170426	-0.0486148674	-0.0427433176	-0.0345247919	-0.024410558	-0.0129559745	-0.0007899965	0.0114193591	0.0067914803	0.0429334367	0.0387085796	0.0286324279	0.0243228953	-0.0283273603	0.0708874723	0.0391733665	-0.0071947136	-0.0193437059	-1.49311866276192	-0.863903765330201	0.448081059024295	0.592443852028073
-0.00242999	0.0319027	0.0371628	-0.00155615	-0.000575654	0.000310536	-7.37000000000003e-06	0.03937225	0.0307354	-0.000703058	-8.1749e-05	-1.3134e-05	0.11001207	0.0508872699	0.0464991262	0.0394636764	0.0301814655	0.0191809517	0.0070884207	-0.005407671	-0.0175958911	-0.0287823352	-0.0383301323	-0.0456957037	-0.0504597097	-0.0523509242	-0.0512616758	-0.0472539781	-0.0405559987	-0.0315490697	-0.0207459769	-0.0087617663	0.0037212726	0.0159924506	0.0111536442	0.0157316103	-0.0429092895	0.0470344563	0.0357908417	-0.0106177582	0.0338137905	-0.0576796365	-0.011242208	0.0064832473	-0.839465087515898	-1.27882465050182	0.448081059024295	-1.68540061352814
0.00261141	-0.00745938	0.0404507	-0.000901702	-0.000493905	0.000509229	0.0050414	-0.03936208	0.00328789999999999	0.000654448	8.1749e-05	0.000198693	0.09443588	0.0508333239	0.0462895956	0.03901514	0.0294390937	0.018126369	0.0057443291	-0.0069765817	-0.0192859283	-0.0304575546	-0.0398324213	-0.0468574839	-0.0511183183	-0.0523635681	-0.0505197734	-0.0456957037	-0.0381759417	-0.0284040951	-0.0169566271	-0.0045088495	0.0082049152	0.0204346535	-0.0195157691	-0.0162105424	0.0329018495	0.0342340575	-0.0018063328	0.0070619482	-0.0286911796	0.0279870267	-0.0737285671	-0.0013126168	-0.908939990836945	-0.910800184876609	0.448081059024295	0.592443852028073
0.00497377	0.0229724	0.0696934	-0.00187217	-0.000275713	0.000430298	0.00236236	0.03043178	0.0292427	-0.000970468	0.000218192	-7.8931e-05	0.12541639	0.0507784337	0.0460766263	0.0385600826	0.0286879745	0.0170633708	0.0043963972	-0.0085391442	-0.0209530451	-0.0320869629	-0.0412607473	-0.0479139886	-0.0516402525	-0.0522119084	-0.049594035	-0.0439465533	-0.0356144575	-0.0251067401	-0.0130652981	-0.0002257211	0.0126276447	0.024709611	0.0502197843	-0.0628506745	0.0232491697	-0.0082041001	0.0121520122	-0.0231674096	-0.0441963169	-0.0031713137	-0.0369638524	0.0730073963	-0.946659160904901	-0.799555557608316	0.448081059024295	0.592443852028073
0.0143036	-0.0056395	0.0623881	-0.00155615	-8.77676e-05	0.000219487	0.00932983	-0.0286119	-0.00730530000000001	0.00031602	0.0001879454	-0.000210811	0.08098585	0.0507226006	0.0458602343	0.0380985803	0.0279283311	0.0159924506	0.0030455261	-0.0100939368	-0.0225952602	-0.0336681095	-0.0426124582	-0.048862844	-0.0520241169	-0.051896421	-0.0484878293	-0.0420138333	-0.0328837193	-0.021674694	-0.0090953929	0.0040589197	0.0169566271	0.0287823352	-0.0583049969	-0.032372806	-0.0133311577	0.0302872127	-0.0123933848	0.0650687305	-0.0036946272	-0.0035871508	-0.0478468567	-0.0230724363	-0.786403717244353	-0.869062178455707	0.448081059024295	0.592443852028073
0.0125235	0.0195396	0.0622648	-0.00281885	9.13384e-05	0.000301836	-0.00178009999999999	0.0251791	-0.000123299999999993	-0.0012627	0.000179106	8.2349e-05	0.10329025	0.0506658255	0.0456404355	0.0376307102	0.0271603893	0.0149141057	0.0016926191	-0.0116395445	-0.0242106219	-0.0351986159	-0.043885044	-0.0497019183	-0.0522688852	-0.0514180959	-0.0472051818	-0.0399056168	-0.0299967047	-0.018126369	-0.0050707869	0.0083163637	0.0211597241	0.0326194932	0.0122489932	-0.0015854817	0.0531464891	-0.0100981625	-0.03221104	-0.014835557	0.0017412305	0.0383971149	-0.0386185472	0.0436526236	-0.57327986591751	-0.915722252468622	0.448081059024295	0.592443852028073
-0.00246042	0.0449101	0.167649	-0.0026522	-0.000217038	-0.000250758	-0.01498392	0.0253705	0.1053842	0.00016665	-0.0003083764	-0.000552594	0.19711964	0.0506081094	0.0454172463	0.0371565505	0.0263843771	0.0138288366	0.0003385804	-0.0131745611	-0.0257972105	-0.0366761804	-0.0450761418	-0.0504293264	-0.0523739028	-0.0507784337	-0.0457507597	-0.0376307102	-0.0269671338	-0.0144808008	-0.0010156846	0.0125180835	0.0252057321	0.0361896802	0.0590090101	0.0263588752	-0.0237588216	-0.0042354376	-0.0165215263	-0.0635802256	0.0391707437	-0.0550898114	-0.0416974016	0.0163505468	-1.0596923050366	-0.841236168978166	0.448081059024295	0.592443852028073
-0.0310018	0.0464353	0.355999	-0.00320841	-0.000715922	7.37002e-05	-0.02854138	0.0015252	0.18835	-0.00055621	-0.000498884	0.0003244582	0.28739419	0.0505494535	0.0451906832	0.0366761804	0.0256005252	0.0127371473	-0.0010156846	-0.0146975897	-0.0273531403	-0.0380985803	-0.0461835398	-0.051043434	-0.0523388891	-0.0499794418	-0.0441298556	-0.0351986159	-0.0238094045	-0.010757547	0.0030455261	0.0166359256	0.0290646136	0.0394636764	0.0086666082	0.0393383687	-0.0280880171	-0.0744210269	0.0420723584	3.19603e-05	0.0143241224	-0.0283397065	-0.0176191608	0.0634704165	-1.021240323225	-0.860514820448052	0.448081059024295	0.592443852028073
-0.0212389	-0.108105	0.271399	-0.00254526	-0.0011685	0.000689031	0.00976289999999999	-0.1545403	-0.0846	0.00066315	-0.000452578	0.0006153308	0.33545614	0.0504898588	0.0449607632	0.0361896802	0.0248090665	0.0116395445	-0.0023692706	-0.0162072446	-0.0288765622	-0.0394636764	-0.0472051818	-0.0515428613	-0.0521639377	-0.049023627	-0.0423483678	-0.0326194932	-0.0205385235	-0.0069765817	0.0070884207	0.0206422981	0.0327077205	0.0424146861	-0.024262985	0.0374033476	-0.0595061553	-0.0527223983	0.0018845899	0.032229483	0.0143761858	-0.0338668931	-0.0510550293	0.0566638277	-0.98741832854864	-1.33215083848392	0.448081059024295	0.592443852028073
-0.0160419	-0.031463	0.256839	-0.00231603	-0.000708307	0.00092129	0.005197	0.076642	-0.01456	0.00022923	0.000460193	0.000232259	0.1424831	0.0504293264	0.0447275033	0.0356971313	0.0240102362	0.0105365379	-0.0037212726	-0.017702152	-0.0303656657	-0.0407694154	-0.0481391707	-0.0519264863	-0.0518495163	-0.0479139886	-0.0404127789	-0.0299041152	-0.0171700353	-0.003158189	0.0110886847	0.0245103563	0.0361080066	0.045018557	-0.0313581702	0.0515332499	-0.021963977	-0.0661813864	-0.0180832167	0.0157305066	0.022417152	-0.0020674996	-0.0612789307	0.0831586902	-0.571021199584375	-1.36957883727599	0.448081059024295	0.592443852028073
0.00135935	-0.0277838	0.216357	-0.00174492	-0.000618034	0.000776405	0.01740125	0.0036792	-0.040482	0.00057111	9.02729999999999e-05	-0.000144885	0.10187585	0.0503678575	0.0444909208	0.0351986159	0.0232042715	0.0094286395	-0.0050707869	-0.0191809517	-0.0318186811	-0.0420138333	-0.0489837722	-0.0521934471	-0.0513964655	-0.0466540082	-0.0383301323	-0.0270638244	-0.0137199483	0.0006771467	0.0150222601	0.028214182	0.0392402281	0.0472539781	-0.034336082	0.0490896258	-0.0119893586	-0.0061346895	-0.0322707936	0.0230148446	0.0139382955	0.0161319454	-0.0660735155	0.0316791895	-0.562357401686784	-1.41443527657621	0.448081059024295	0.592443852028073
-0.0116853	0.00671482	0.166708	-0.00169471	-0.00082617	0.000705479	-0.01304465	0.03449862	-0.049649	5.021e-05	-0.000208136	-7.09259999999998e-05	0.11365587	0.0503054532	0.0442510332	0.0346942175	0.0223914121	0.0083163637	-0.0064169112	-0.0206422981	-0.0332338815	-0.0431950583	-0.0497374181	-0.0523431439	-0.0508059967	-0.0452476394	-0.0361080066	-0.024110485	-0.0102046586	0.0045088495	0.0188654898	0.0317289578	0.0420811315	0.0491026536	-0.0296925752	0.0245012529	0.0205061122	-0.029203219	-0.0052531344	0.0403059938	-0.0227349807	0.0521403922	-0.0501743414	0.0438101021	0.052715364112343	-1.39061990242137	0.448081059024295	0.592443852028073
-0.0309563	0.0491678	0.205178	-0.00186997	-0.00103517	0.000649101	-0.019271	0.04245298	0.03847	-0.00017526	-0.000209	-5.63779999999999e-05	0.12222588	0.0502421146	0.0440078585	0.0341840202	0.0215718994	0.0072002268	-0.0077587455	-0.0220848615	-0.034609585	-0.044311314	-0.0503987089	-0.0523752403	-0.0500796887	-0.043699295	-0.0337544877	-0.0210564335	-0.0066408724	0.0083163637	0.0225952602	0.0350311327	0.0446096262	0.0505494535	0.0341837171	-0.0574044579	0.0601360553	0.0074038145	0.013198872	-0.0189776877	-0.1287861962	0.0475970184	-0.014979257	0.0160747094	0.862028694150222	-1.47166785855634	0.448081059024295	0.592443852028073
-0.0242609	0.0734351	0.219993	-0.0016856	-0.00120915	0.000918141	0.0066954	0.0242673	0.014815	0.00018437	-0.00017398	0.00026904	0.0771472	0.050177843	0.0437614146	0.0336681095	0.0207459769	0.0060807472	-0.0090953929	-0.0235073292	-0.0359441567	-0.0453609212	-0.0509664168	-0.0522896643	-0.0492194833	-0.0420138333	-0.03127814	-0.0179144269	-0.0030455261	0.0120792627	0.02618914	0.0380985803	0.0468069407	0.0515825363	-0.0274062966	-0.1381948615	-0.0007069684	-0.0172553711	0.0323563989	0.0210716919	-0.1716048931	-0.0132438024	0.0658728173	0.0108159025	-0.372781122849803	1.23219600923388	0.448081059024295	0.592443852028073
-0.0179758	0.0750669	0.253327	-0.00264953	-0.00082617	0.000861985	0.0062851	0.00163179999999997	0.033334	-0.00096393	0.00038298	-5.6156e-05	0.1114042	0.0501126395	0.0435117199	0.0331465714	0.0199138901	0.0049584444	-0.0104259597	-0.0249084068	-0.0372360105	-0.0463423012	-0.0514394875	-0.0520866082	-0.0482276804	-0.0401965428	-0.0286879745	-0.0146975897	0.0005642937	0.0157773596	0.0296255153	0.0409107473	0.0486567622	0.0521934471	-0.0485877163	-0.1512321835	0.0703512113	-0.0106195627	0.0580167593	0.0492341267	-0.1540232966	0.0594708475	0.0897063881	-0.0195853472	-0.834036480580902	1.87274148087724	0.448081059024295	0.592443852028073
-0.0118201	0.0664248	0.237749	-0.00199084	-0.00130157	0.000850129	0.0061557	-0.00864209999999999	-0.015578	0.00065869	-0.0004754	-1.18560000000001e-05	0.0876731000000001	0.0500465054	0.0432587929	0.0326194932	0.0190758861	0.0038338396	-0.0117495564	-0.0262868196	-0.0384836111	-0.0472539781	-0.0518170426	-0.051766528	-0.0471069319	-0.0382531258	-0.0259934166	-0.0114193591	0.0041714317	0.0193908153	0.0328837193	0.0434487905	0.0501453577	0.0523771858	0.0315570064	-0.1002443211	0.0463573913	0.0067830569	0.0478056665	-0.0380793102	-0.0959105703	0.0116860478	0.0644617917	-0.0459124449	-0.435498431119346	1.71908623649011	0.448081059024295	0.592443852028073
-0.0110046	0.017213	0.182106	-0.00175289	-0.00118604	0.000850129	0.0008155	-0.0492118	-0.055643	0.00023795	0.00011553	0	0.1233443	0.0499794418	0.0430026525	0.0320869629	0.0182322141	0.0027074549	-0.0130652981	-0.0276413132	-0.0396854757	-0.0480945804	-0.0520983812	-0.0513301431	-0.0458602343	-0.0361896802	-0.0232042715	-0.0080934286	0.0077587455	0.0229002443	0.0359441567	0.0456957037	0.0512616758	0.0521322486	-0.0262692736	-0.0447036454	-0.0373979707	-0.0233883887	0.0418178202	0.0203772549	-0.0205702969	-0.0388148866	0.0523385788	-0.0187029929	-0.021665027867037	0.296126636369739	0.448081059024295	-1.68540061352814
-0.00789106	0.0145758	0.159389	-0.00201681	-0.00103881	0.000556054	0.00311354	-0.0026372	-0.022717	-0.00026392	0.00014723	-0.000294075	0.06372899	0.04991145	0.0427433176	0.0315490697	0.0173831246	0.0015798132	-0.0143723053	-0.0289706552	-0.0408401761	-0.048862844	-0.0522829807	-0.0507784337	-0.0444909208	-0.0340126806	-0.0203306886	-0.0047336909	0.0113091867	0.0262868196	0.0387884217	0.0476364314	0.0519974292	0.0514606403	-0.0352680282	0.0246997621	0.0232444131	-0.0328777921	0.0469205475	0.026971742	0.0477733705	0.0371974441	0.0266106913	0.0138020935	-0.807497987709657	0.810593411962324	0.448081059024295	-1.68540061352814
-0.00450409	-0.0188053	0.146972	-0.00197592	-0.000318026	0.000850129	0.00338697	-0.0333811	-0.012417	4.089e-05	0.000720784	0.000294075	0.10197252	0.0498425313	0.0424808075	0.0310059033	0.01652887	0.0004514381	-0.015669704	-0.0302736359	-0.0419463399	-0.0495576132	-0.0523704984	-0.0501126395	-0.0430026525	-0.0317289578	-0.0173831246	-0.0013541801	0.0148058821	0.0295323731	0.0413994086	0.0492579697	0.0523471556	0.0503678575	0.053602492	0.0310679937	0.0290902965	0.0024771879	0.0249341454	-0.0472770547	0.0253256766	0.0096337097	0.0006409164	-0.0099515243	-0.582920746139954	1.45741588997221	0.448081059024295	0.592443852028073
-0.00432356	0.00458268	0.147001	-0.00237358	-0.000979997	0.000439479	0.00018053	0.02338798	2.90000000000013e-05	-0.00039766	-0.000661971	-0.00041065	0.09711156	0.049772687	0.0422151417	0.0304575546	0.015669704	-0.0006771467	-0.0169566271	-0.0315490697	-0.0430026525	-0.050177843	-0.0523607718	-0.0493342563	-0.0413994086	-0.0293456776	-0.0143723053	0.0020309873	0.0182322141	0.0326194932	0.0437614146	0.0505494535	0.0523082586	0.048862844	0.0054206638	0.0212475201	-0.0569444701	0.0061617563	-0.0130585657	-0.021040008	0.0103919957	-0.0580274778	0.0207678262	-0.0053019132	0.521158578889024	2.74089490111085	0.448081059024295	0.592443852028073
-0.0108484	-0.0453795	0.12426	-0.00173807	-0.000967972	0.00060031	-0.00652484	-0.04996218	-0.022741	0.00063551	1.20249999999998e-05	0.000160831	0.11964632	0.0497019183	0.0419463399	0.0299041152	0.0148058821	-0.001805417	-0.0182322141	-0.0327957961	-0.0440078585	-0.0507226006	-0.0522538189	-0.0484450328	-0.0396854757	-0.0268703181	-0.0113091867	0.005407671	0.0215718994	0.0355316183	0.0458602343	0.051502229	0.051881027	0.0469579174	-0.0169114173	0.0004998591	0.0254936988	0.0042237985	0.003748865	0.005550802	-0.0100820972	0.028290774	0.0285107747	-0.0320557895	0.451188163213164	3.07431919387287	0.448081059024295	0.592443852028073
-0.00628062	-0.006066	0.143824	-0.00209925	-0.00082617	0.000409443	0.00456778	0.0393135	0.019564	-0.00036118	0.000141802	-0.000190867	0.09813773	0.0496302266	0.0416744222	0.0293456776	0.0139376608	-0.0029328492	-0.0194956122	-0.0340126806	-0.0449607632	-0.0511910666	-0.0520498384	-0.047446967	-0.0378654364	-0.0243106464	-0.0082049152	0.0087617663	0.0248090665	0.0382531258	0.0476832451	0.0521099123	0.0510686325	0.0446686685	0.0375871138	0.002287014	0.0350461619	-0.0022802811	0.0250346349	-0.0348518746	0.0065940187	0.0219885528	0.0286730429	-0.0030294309	0.384878738930851	2.66495424458594	0.448081059024295	0.592443852028073
-0.0010901	-0.0221559	0.091017	-0.0016806	-0.00082617	0.000409443	0.00519052	-0.0160899	-0.052807	0.00041865	0	0	0.09501992	0.0495576132	0.0413994086	0.0287823352	0.0130652981	-0.0040589197	-0.0207459769	-0.0351986159	-0.0458602343	-0.0515825363	-0.0517492091	-0.0463423012	-0.0359441567	-0.021674694	-0.0050707869	0.0120792627	0.0279283311	0.0407694154	0.0492194833	0.0523684314	0.0498771065	0.0420138333	0.0206471346	-0.0119089604	-0.0521579529	0.0207236628	0.0039002863	-0.0142355777	0.0107730517	-0.0560847839	0.0373780084	-0.0247336683	-0.014780557114104	2.60424016267523	0.448081059024295	0.592443852028073
-0.000341644	0.0182605	0.108351	-0.00218095	-0.000757507	0.000409443	0.000748456	0.0404164	0.017334	-0.00050035	6.86630000000001e-05	0	0.086949506	0.0494840794	0.0411213197	0.028214182	0.0121890533	-0.0051831058	-0.0219824722	-0.036352523	-0.0467052026	-0.051896421	-0.051352489	-0.0451335173	-0.0339267737	-0.018970732	-0.0019182066	0.0153463027	0.0309148693	0.0430669878	0.0504597097	0.0522760543	0.0483152946	0.03901514	-0.0415383067	0.006443426	0.0015402759	0.0001062935	0.0224693666	0.0390429356	0.0239318457	0.0224914074	0.0158645808	-0.0108324424	0.416872608115855	2.42711831657294	0.448081059024295	0.592443852028073
0.0101724	0.0182325	0.0842977	-0.00252158	-0.0005062	0.000534782	0.010514044	-2.80000000000003e-05	-0.0240533	-0.00034063	0.000251307	0.000125339	0.070459144	0.0494096266	0.0408401761	0.0276413132	0.0113091867	-0.0063048856	-0.0232042715	-0.0374733519	-0.0474946641	-0.0521322486	-0.050860415	-0.043823331	-0.0318186811	-0.0162072446	0.0012413539	0.0185492395	0.0337544877	0.0451335173	0.0513964655	0.0518333998	0.0463947917	0.0356971313	0.0409446389	-0.0083098402	0.0390785592	0.023266586	0.0113978567	-0.0515108472	-0.0140838525	0.0192132943	0.0252712464	-0.0318110299	1.2462228181579	2.540883307863	0.448081059024295	0.592443852028073
0.0037849	0.0332531	0.0987398	-0.0019752	-0.000787164	0.000409443	-0.0063875	0.0150206	0.0144421	0.00054638	-0.000280964	-0.000125339	0.08348435	0.0493342563	0.0405559987	0.0270638244	0.0104259597	-0.0074237382	-0.024410558	-0.0385600826	-0.0482276804	-0.0522896643	-0.0502739006	-0.0424146861	-0.0296255153	-0.013392903	0.0043963972	0.021674694	0.0364336915	0.0469579174	0.0520241169	0.051043434	0.0441298556	0.0320869629	0.0145410277	-0.0098057084	-0.0581976373	0.0188471032	0.0068766738	-0.0117346234	0.007073215	-0.0705697931	0.0447409195	-0.0084780925	1.01684019425253	2.6514127466986	0.448081059024295	0.592443852028073
0.000190793	0.0182438	0.0843353	-0.00248834	-0.000535472	0.000409443	-0.003594107	-0.0150093	-0.0144045	-0.00051314	0.000251692	0	0.071249507	0.0492579697	0.0402688086	0.0264818121	0.0095396348	-0.0085391442	-0.0256005252	-0.0396117264	-0.0489033805	-0.0523684314	-0.049594035	-0.0409107473	-0.0273531403	-0.0105365379	0.0075354425	0.024709611	0.0389397479	0.0485304007	0.0523388891	0.04991145	0.0415373011	0.028214182	-0.0298891912	0.0281503064	0.0143775068	-0.0045680796	0.0025976546	0.0292300856	0.0334824844	0.0323342647	0.00971778	-0.040639029	1.28955268270598	2.6421013682256	0.448081059024295	0.592443852028073
-0.00384549	0.0380805	0.0843521	-0.00247606	-0.000873502	0.000409443	-0.004036283	0.0198367	1.68000000000113e-05	1.22799999999999e-05	-0.00033803	0	0.041405283	0.0491807684	0.0399786271	0.0258953737	0.0086504753	-0.0096505858	-0.0267733776	-0.0406273263	-0.0495209612	-0.0523684314	-0.0488220806	-0.0393148935	-0.0250076315	-0.0076471118	0.0106470671	0.0276413132	0.0412607473	0.0498425313	0.0523388891	0.0484450328	0.0386363752	0.024110485	0.0418342411	0.032908271	0.0322777624	-0.0163466601	-0.0189094599	-0.0336553156	0.0266429646	0.0201753896	0.0091413249	0.0198217506	1.20614989469266	2.71553390991773	0.448081059024295	0.592443852028073
0.000187656	0.0109325	0.0724254	-0.00166801	-0.000816036	0.000409443	0.004033146	-0.027148	-0.0119267	0.00080805	5.74659999999998e-05	0	0.086383646	0.0491026536	0.0396854757	0.025304607	0.0077587455	-0.010757547	-0.0279283311	-0.0416059582	-0.0500796887	-0.0522896643	-0.0479594708	-0.0376307102	-0.0225952602	-0.0047336909	0.0137199483	0.0304575546	0.0433856593	0.0508872699	0.0520241169	0.0466540082	0.0354486142	0.0198094581	0.0133727446	0.0136259219	-0.0635010293	0.0276266063	-0.0461237636	-0.0014056833	0.0263321394	-0.0587908372	-0.0123435428	-0.0342467699	1.31124257184876	0.382196453891844	0.448081059024295	0.592443852028073
-0.00963968	0.0146724	0.066557	-0.00184051	-0.00102942	0.000409443	-0.009827336	0.0037399	-0.00586839999999997	-0.0001725	-0.000213384	0	0.038729836	0.049023627	0.0393893764	0.024709611	0.0068647103	-0.0118595137	-0.0290646136	-0.0425467316	-0.0505788988	-0.0521322486	-0.0470078072	-0.0358619813	-0.0201224762	-0.001805417	0.016742904	0.0331465714	0.0453043854	0.0516590118	0.0513964655	0.0445503769	0.0319976841	0.0153463027	-0.0429674139	0.040006818	0.0039883124	-0.0412076017	-0.0107391755	0.0421641974	0.0583848083	0.0282572969	0.0050749143	0.0161662165	0.875128958882402	2.6141725298934	0.448081059024295	0.592443852028073
-0.00493138	0.00180432	0.0843533	-0.00220558	-0.000873501	0.000409443	0.0047083	-0.01286808	0.0177963	-0.00036507	0.000155919	0	0.06142213	0.04894369	0.039090351	0.024110485	0.0059686353	-0.0129559745	-0.0301814655	-0.0434487905	-0.0510179984	-0.051896421	-0.0459688572	-0.0340126806	-0.0175958911	0.0011285219	0.0197049341	0.0356971313	0.0470078072	0.0521536168	0.0504597097	0.0421482344	0.0283092043	0.010757547	0.0331205109	0.0681418223	0.0337806317	0.0382442398	-0.0297212433	-0.0490290673	0.0584705576	0.0230094403	-0.0294677549	-0.0480199007	0.442797357209417	2.72832906721003	0.448081059024295	0.592443852028073
0.00114706	-0.010908	0.0680545	-0.00214405	-0.000873501	0.000409443	0.00607844	-0.01271232	-0.0162988	6.15299999999997e-05	0	0	0.03816606	0.048862844	0.0387884217	0.0235073292	0.0050707869	-0.0140464202	-0.03127814	-0.044311314	-0.0513964655	-0.0515825363	-0.0448445497	-0.0320869629	-0.0150222601	0.0040589197	0.0225952602	0.0380985803	0.0484878293	0.0523684314	0.0492194833	0.0394636764	0.024410558	0.0060807472	0.0434838318	0.0340812988	-0.0559396674	-0.0290150506	-5.9408e-06	-0.0354341635	0.0516183294	-0.0547880541	0.0262450149	0.0166840997	0.690578352060494	1.20426450290277	0.448081059024295	0.592443852028073
0.00333267	-0.0109428	0.0897421	-0.00255365	-0.000960309	0.000409443	0.00218561	-3.47999999999998e-05	0.0216876	-0.0004096	-8.68079999999999e-05	0	0.04872841	0.0487810905	0.0384836111	0.0229002443	0.0041714317	-0.0151303447	-0.032353904	-0.0451335173	-0.0517138504	-0.0511910666	-0.0436369724	-0.0300891549	-0.0124084642	0.0069765817	0.0254033645	0.0403408874	0.0497374181	0.0523023033	0.0476832451	0.0365146908	0.0203306886	0.0013541801	-0.0531710522	0.0470289716	-0.0197743266	0.0392329903	0.0267957658	0.0639764111	0.0710852429	0.0042994846	0.0108098832	-0.0504912279	1.09644953821696	1.15464769204982	0.448081059024295	0.592443852028073
0.0120504	-0.0109141	0.0563762	-0.00182576	-0.00102206	0.000547978	0.00871773	2.86999999999978e-05	-0.0333659	0.00072789	-6.17510000000001e-05	0.000138535	0.08852113	0.0486984311	0.0381759417	0.0222893319	0.0032708371	-0.0162072446	-0.0334080384	-0.0459146523	-0.0519697758	-0.0507226006	-0.0423483678	-0.028023745	-0.0097614921	0.009872353	0.0281190288	0.0424146861	0.050750635	0.0519555872	0.0458602343	0.0333210373	0.016099885	-0.0033834701	0.0174552448	0.022906846	0.0311826403	-0.0029787485	0.027250045	-0.0446014184	0.0390588348	0.0329376186	0.0229909191	-0.0009371098	0.784966902731406	2.93297742078034	0.448081059024295	0.592443852028073
0.0120553	0.0118308	0.0833992	-0.00239029	-0.00101889	0.000409443	4.90000000000039e-06	0.0227449	0.027023	-0.00056453	3.17000000000004e-06	-0.000138535	0.08508455	0.0486148674	0.0378654364	0.021674694	0.0023692706	-0.01727662	-0.0344398384	-0.0466540082	-0.0521639377	-0.050177843	-0.0409811285	-0.0258953737	-0.0070884207	0.0127371473	0.030732371	0.044311314	0.0515226647	0.0513301431	0.0437614146	0.0299041152	0.0117495564	-0.0080934286	0.0476149983	0.0054460733	-0.0407313809	0.0292880195	0.0098525099	-0.0428034889	0.0273632303	-0.0444437783	0.0125443008	-0.0103629427	0.677473625765186	2.83697857330852	0.448081059024295	0.592443852028073
0.0120284	-0.0109769	0.0675604	-0.00310012	-0.000696265	0.000558704	-2.68999999999998e-05	-0.0228077	-0.0158388	-0.00070983	0.000322625	0.000149261	0.0977592	0.0485304007	0.0375521182	0.0210564335	0.0014670001	-0.0183379745	-0.0354486142	-0.0473509122	-0.0522961052	-0.0495576132	-0.0395377932	-0.0237088227	-0.0043963972	0.0155619757	0.0332338815	0.0460228486	0.0520498384	0.0504293264	0.0413994086	0.0262868196	0.0073119995	-0.0127371473	-0.0643754149	0.0393239366	-0.018317296	-0.0147236541	0.0179881399	0.0627211429	0.0644827026	0.0137891489	-0.0113852761	-0.0076939878	1.09721664822714	2.80307967040629	-2.22840312389761	0.592443852028073
-0.000572269	0.0298874	0.0596138	-0.00260555	-0.000873501	0.000256169	-0.012600669	0.0408643	-0.00794659999999999	0.00049457	-0.000177236	-0.000302535	0.110128619	0.0484450328	0.0372360105	0.0204346535	0.0005642937	-0.0193908153	-0.0364336915	-0.0480047303	-0.0523661213	-0.048862844	-0.0380210421	-0.0214690046	-0.0016926191	0.0183379745	0.0356144575	0.0475421407	0.0523296507	0.0492579697	0.0387884217	0.0224933884	0.0028201586	-0.01727662	0.0085494141	0.0607507042	0.038218251	0.0050057592	-0.0143528356	-0.01701767	0.0635531168	0.0502724586	-0.0469691201	0.0181650116	1.23376167234368	2.18329965456189	0.448081059024295	0.592443852028073
0.0120459	0.0127253	0.0650199	-0.00211647	-0.000873501	0.000409443	0.012618169	-0.0171621	0.00540610000000002	0.00048908	0	0.000153274	0.067304069	0.0483587652	0.0369171367	0.0198094581	-0.0003385804	-0.0204346535	-0.0373944116	-0.0486148674	-0.0523739028	-0.0480945804	-0.0364336915	-0.0191809517	0.0010156846	0.0210564335	0.0378654364	0.048862844	0.0523607718	0.0478223571	0.0359441567	0.0185492395	-0.0016926191	-0.021674694	0.0445598749	0.0312052336	-0.0434370546	0.035070445	-0.0441324551	-0.02856645	0.0414122613	-0.036261682	-0.067815238	-0.0142571503	1.48842462831844	2.39715179633877	0.448081059024295	0.592443852028073
0.0120459	0.012728	0.0385471	-0.00204321	-0.000873501	0.000409443	0	2.70000000000131e-06	-0.0264728	7.32599999999999e-05	0	0	0.0301385	0.0482715996	0.0365955205	0.0191809517	-0.0012413539	-0.0214690046	-0.0383301323	-0.0491807684	-0.0523194405	-0.0472539781	-0.0347786889	-0.0168498047	0.0037212726	0.0237088227	0.0399786271	0.0499794418	0.0521430537	0.0461301902	0.0328837193	0.0144808008	-0.0061928308	-0.0258953737	-0.0408306	0.0287417158	-0.0192974602	-0.0324361557	-0.0123312285	0.041122528	0.038562632	-0.0099925343	0.0106048039	0.0243378692	1.36309290657897	2.7129282516438	0.448081059024295	0.592443852028073
0.00880417	0.0278331	0.0716493	-0.0022757	-0.000973977	0.000409443	-0.00324173	0.0151051	0.0331022	-0.00023249	-0.000100476	0	0.06809733	0.0481835374	0.0362711858	0.0185492395	-0.0021437585	-0.0224933884	-0.0392402281	-0.0497019183	-0.0522027989	-0.0463423012	-0.0330591074	-0.0144808008	0.0064169112	0.0262868196	0.0419463399	0.0508872699	0.0516775313	0.044190547	0.0296255153	0.0103153331	-0.0106470671	-0.0299041152	-0.0004193899	0.0448045655	0.0419984273	0.0265055774	-0.0170133331	-0.0170593951	0.044681018	0.0458811852	-0.0069097591	-0.0172927672	1.29503036683537	2.924245035686	0.448081059024295	0.592443852028073
0.00620553	0.00548119	0.0675447	-0.00193742	-0.000873501	0.000409443	-0.00259864	-0.02235191	-0.0041046	0.00033828	0.000100476	0	0.05099295	0.0480945804	0.0359441567	0.0179144269	-0.0030455261	-0.0235073292	-0.0401240904	-0.050177843	-0.0520241169	-0.0453609212	-0.03127814	-0.0120792627	0.0090953929	0.0287823352	0.0437614146	0.0515825363	0.0509664168	0.0420138333	0.02618914	0.0060807472	-0.0150222601	-0.0336681095	0.0514143642	0.0174451178	-0.0408020304	-0.0278346407	-0.0397126139	-0.0327165609	0.003985503	-0.0375798261	-0.0304874538	0.0237513783	1.16658893559626	2.09284039904946	0.448081059024295	0.592443852028073
0.00281304	0.0400333	0.0796379	-0.0024604	-0.000873501	0.000344187	-0.00339249	0.03455211	0.0120932	-0.00052298	0	-6.5256e-05	0.0794496	0.0480047303	0.0356144575	0.01727662	-0.0039463888	-0.0245103563	-0.0409811285	-0.0506081094	-0.0517836067	-0.044311314	-0.0294390937	-0.0096505858	0.0117495564	0.0311875391	0.0454172463	0.0520623368	0.0500130897	0.0396117264	0.0225952602	0.001805417	-0.0192859283	-0.0371565505	-0.0440283753	0.0196420454	-0.0204277032	-0.0356388002	-0.048906069	0.0462145203	-0.0097758562	-0.0137318544	-0.0414637135	0.0485325483	0.989638880409198	1.4287117560582	0.448081059024295	0.592443852028073
0.0120572	0.00822904	0.0744306	-0.00226156	-0.00101138	0.000409443	0.00924416	-0.03180426	-0.00520729999999997	0.00019884	-0.000137879	6.5256e-05	0.06635447	0.0479139886	0.0352821126	0.0166359256	-0.0048460789	-0.0255020041	-0.0418107693	-0.050992326	-0.0514815542	-0.0431950583	-0.0275453833	-0.0072002268	0.0143723053	0.0334948844	0.0469078096	0.052324667	0.0488220806	0.0369971132	0.0188654898	-0.0024820104	-0.0234064185	-0.0403408874	0.0386176192	0.0100669499	0.0487651157	0.0340464203	-0.0657350508	-0.0483064561	-0.0350372017	0.030123668	-0.0664377199	-0.0226015247	0.20508081223017	2.26992385553975	0.448081059024295	-1.68540061352814
0.0120459	0.00823408	0.0574676	-0.00209575	-0.0008735	0.000409443	-1.13000000000005e-05	5.03999999999782e-06	-0.016963	0.00016581	0.00013788	0	0.03216384	0.0478223571	0.0349471469	0.0159924506	-0.0057443291	-0.0264818121	-0.0426124582	-0.0513301431	-0.0511183183	-0.0420138333	-0.0256005252	-0.0047336909	0.0169566271	0.0356971313	0.0482276804	0.0523684314	0.0473990497	0.0341840202	0.0150222601	-0.006752807	-0.0273531403	-0.0431950583	-0.0204155149	-0.0299401601	-0.0301416145	-0.0476012149	-0.0556438598	0.0124390182	-0.0565591303	-0.0367822192	-0.0229499584	0.0534542825	-1.02495067066065	2.70619810051251	0.448081059024295	0.592443852028073
0.00248829	0.0294477	0.0750759	-0.00251738	-0.0008735	0.000409443	-0.00955761	0.02121362	0.0176083	-0.00042163	0	0	0.06946103	0.0477298374	0.034609585	0.0153463027	-0.0066408724	-0.0274493255	-0.0433856593	-0.0516212534	-0.0506943307	-0.0407694154	-0.0236081307	-0.0022565198	0.0194956122	0.0377873696	0.0493720561	0.0521934471	0.0457507597	0.0311875391	0.0110886847	-0.0109783563	-0.0310967934	-0.0456957037	-0.0176320608	-0.0272343476	0.0504060986	0.0135030377	-0.0787999067	0.0078801696	-0.0666146085	0.0490057108	-0.0401269538	0.0184868431	-1.33697008795994	2.31709597003682	0.448081059024295	0.592443852028073
0.0120498	0.00822142	0.0609252	-0.00221465	-0.0008735	0.000473231	0.00956151	-0.02122628	-0.0141507	0.00030273	0	6.3788e-05	0.06326439	0.0476364314	0.0342694522	0.0146975897	-0.0075354425	-0.0284040951	-0.0441298556	-0.051865392	-0.0502100954	-0.0394636764	-0.0215718994	0.0002257211	0.0219824722	0.0397590408	0.0503367722	0.0518004449	0.043885044	0.028023745	0.0070884207	-0.0151303447	-0.034609585	-0.0478223571	0.0277400287	-0.0403859161	-0.0375189791	-0.0130644228	-0.0666330251	-0.0015697616	-0.0471459842	-0.0381261784	-0.0346510479	0.0083721849	-0.783952088305968	0.799453900398636	0.448081059024295	0.592443852028073
0.0120459	0.0362453	0.0343872	-0.0025446	-0.0008735	0.000409443	-3.89999999999939e-06	0.02802388	-0.026538	-0.00032995	0	-6.3788e-05	0.07425268	0.0475421407	0.0339267737	0.0140464202	-0.0084277735	-0.0293456776	-0.0448445497	-0.0520623368	-0.0496661877	-0.0380985803	-0.0194956122	0.0027074549	0.024410558	0.0416059582	0.0511183183	0.0511910666	0.0418107693	0.024709611	0.0030455261	-0.0191809517	-0.0378654364	-0.0495576132	-0.0350148531	0.0085658372	0.0122949806	-0.0554235398	-0.0183001989	0.0473281369	-0.0019758383	0.0208987364	0.0015923914	0.0432392732	-0.6898242602303	0.61244860471507	0.448081059024295	0.592443852028073
0.0120529	0.0303634	0.0330207	-0.0025288	-0.00105056	0.000409442	7.00000000000006e-06	-0.0058819	-0.00136649999999999	1.57999999999998e-05	-0.00017706	-1.00000000001575e-09	0.01689845	0.047446967	0.0335815749	0.013392903	-0.0093176004	-0.0302736359	-0.0455292636	-0.0522119084	-0.0490632542	-0.0366761804	-0.0173831246	0.0051831058	0.0267733776	0.0433223267	0.0517138504	0.0503678575	0.0395377932	0.0212629165	-0.0010156846	-0.0231030362	-0.0408401761	-0.0508872699	0.0522739966	0.0166590983	-0.0139249576	0.0170992884	-0.0008693522	-0.0387090841	0.0111615494	-0.0193401915	-0.0105781078	-0.0028857784	0.15025405719874	0.577047622314469	0.448081059024295	0.592443852028073
0.00681385	0.0158247	0.0632894	-0.0025164	-0.00105417	0.000409443	-0.00523905	-0.0145387	0.0302687	1.23999999999997e-05	-3.61000000000003e-06	1.00000000001575e-09	0.050847	0.0473509122	0.0332338815	0.0127371473	-0.0102046586	-0.0311875391	-0.0461835398	-0.0523139709	-0.0484020114	-0.0351986159	-0.015238359	0.0076471118	0.0290646136	0.0449027607	0.0521212014	0.0493342563	0.0370769179	0.017702152	-0.0050707869	-0.0268703181	-0.0435117199	-0.0518004449	-0.0352827628	0.0057569324	-0.0153548696	0.0036763679	0.0051233902	0.032226552	-0.0066353805	-0.0031426514	-0.0166565636	-0.0247326483	0.369846338516906	0.334844552325415	0.448081059024295	0.592443852028073
0.0120459	0.0326562	0.037192	-0.0023757	-0.0008735	0.000409442	0.00523205	0.0168315	-0.0260974	0.000140700000000001	0.00018067	-1.00000000001575e-09	0.0642295	0.0472539781	0.0328837193	0.0120792627	-0.0110886847	-0.0320869629	-0.0468069407	-0.0523684314	-0.0476832451	-0.0336681095	-0.0130652981	0.0100939368	0.03127814	0.0463423012	0.0523388891	0.0480945804	0.0344398384	0.0140464202	-0.0090953929	-0.0304575546	-0.0458602343	-0.0522896643	0.045126537	-0.0088348438	0.0294993909	-0.040566193	0.0469364323	-0.0335278629	-0.0177667686	0.0184537145	0.027258582	0.0286075934	0.399690849665391	0.281750018504871	0.448081059024295	0.592443852028073
0.0120459	0.00821279	0.0632885	-0.0024604	-0.0008735	0.000409442	0	-0.02444341	0.0260965	-8.47000000000001e-05	0	0	0.05477491	0.0471561663	0.0325311144	0.0114193591	-0.011969416	-0.0329714899	-0.0473990497	-0.0523752403	-0.0469078096	-0.0320869629	-0.0108679768	0.0125180835	0.0334080384	0.0476364314	0.0523661213	0.0466540082	0.0316390872	0.0103153331	-0.0130652981	-0.0338407093	-0.0478682839	-0.0523509242	-0.0321962388	0.0058158683	-0.0536454181	0.0683046376	0.0153257026	0.0293684198	0.0226386175	-0.0486368831	0.0005725396	-0.0376079415	0.458820224637596	0.268351294227948	0.448081059024295	0.592443852028073
0.00940798	0.00821807	0.0303629	-0.00197925	-0.0008735	0.000409442	-0.00263792	5.2800000000016e-06	-0.0329256	0.00048115	0	0	0.0596263	0.0470574788	0.0321760928	0.010757547	-0.0128465907	-0.0338407093	-0.0479594708	-0.0523343914	-0.0460766263	-0.0304575546	-0.0086504753	0.0149141057	0.0354486142	0.0487810905	0.0522027989	0.045018557	0.0286879745	0.0065289069	-0.0169566271	-0.0369971132	-0.0495209612	-0.0519837232	-0.0012084232	0.0273750907	0.0466823051	0.0100158434	0.0230010398	-0.0239472508	0.0266267762	0.051280426	0.0041283325	-0.0257108882	0.672207865884333	0.212631375543537	0.448081059024295	0.592443852028073
0.00576939	0.0299943	0.0225403	-0.00269148	-0.0008735	0.000409442	-0.00363859	0.02177623	-0.0078226	-0.00071223	0	0	0.06884892	0.0469579174	0.0318186811	0.0100939368	-0.0137199483	-0.0346942175	-0.0484878293	-0.0522459219	-0.0451906832	-0.0287823352	-0.0064169112	0.01727662	0.0373944116	0.049772687	0.0518495163	0.0431950583	0.0256005252	0.0027074549	-0.0207459769	-0.0399056168	-0.0508059967	-0.0511910666	0.0311453857	-0.0211378309	-0.0457236176	0.0001937245	0.0259161604	-0.0164743716	-0.0340299978	-0.052064612	0.0276929549	0.0168010016	0.511238014428045	0.357305244518474	0.448081059024295	0.592443852028073
0.0010398	0.0149236	0.0365824	-0.0024604	-0.0008735	0.000409442	-0.00472959	-0.0150707	0.0140421	0.00023108	0	0	0.04539639	0.0468574839	0.0314589057	0.0094286395	-0.0145892291	-0.0355316183	-0.0489837722	-0.0521099123	-0.0442510332	-0.0270638244	-0.0041714317	0.0196003187	0.0392402281	0.0506081094	0.0513075588	0.0411911291	0.0223914121	-0.0011285219	-0.024410558	-0.0425467316	-0.0517138504	-0.0499794418	-0.0668972011	-0.0232075301	0.0219886292	0.0312176019	0.0024531359	0.078536791	-0.0328895361	0.0426860934	-0.0242644247	-0.0341198772	0.556762968034697	0.472902909815218	0.448081059024295	0.592443852028073
0.0120524	0.00820883	-0.00657006	-0.00235831	-0.0008735	0.000514539	0.0110126	-0.00671477	-0.04315246	0.00010209	0	0.000105097	0.07123918	0.0467561802	0.0310967934	0.0087617663	-0.015454175	-0.036352523	-0.0494469678	-0.0519264863	-0.0432587929	-0.025304607	-0.0019182066	0.0218799809	0.0409811285	0.0512847364	0.0505788988	0.03901514	0.0190758861	-0.0049584444	-0.0279283311	-0.0449027607	-0.0522377823	-0.0483587652	0.0428203966	-0.0230024503	0.0324434551	-0.0349402907	0.0147142247	-0.0269054801	-0.0271826374	0.0185737491	-0.0259173563	0.034663833	0.925138062279566	0.514333329813741	0.448081059024295	0.592443852028073
-0.00732072	0.0324544	0.015263	-0.0027304	-0.000873499	0.000409442	-0.01937312	0.02424557	0.02183306	-0.00037209	1.00000000001575e-09	-0.000105097	0.08931115	0.0466540082	0.030732371	0.0080934286	-0.016314529	-0.0371565505	-0.0498771065	-0.0516958108	-0.0422151417	-0.0235073292	0.0003385804	0.024110485	0.0426124582	0.0518004449	0.0496661877	0.0366761804	0.015669704	-0.0087617663	-0.03127814	-0.0469579174	-0.0523739028	-0.0463423012	-0.0345980004	-0.0250876747	-0.0289375804	0.006932417	-0.0098498151	0.0277063738	-0.0295253027	-0.03389325	-0.0249645274	0.0432854039	0.724545905233884	0.018208281515709	0.448081059024295	0.592443852028073
-0.00530312	0.00820578	0.0142744	-0.00230032	-0.0008735	0.000409442	0.0020176	-0.02424862	-0.000988599999999999	0.00043008	-1.00000000001575e-09	0	0.04875887	0.0465509697	0.0303656657	0.0074237382	-0.0171700353	-0.0379433273	-0.0502739006	-0.0514180959	-0.0411213197	-0.021674694	0.0025947387	0.0262868196	0.0441298556	0.0521536168	0.0485727468	0.0341840202	0.0121890533	-0.0125180835	-0.0344398384	-0.0486984311	-0.0521212014	-0.0439465533	0.0085443543	-0.0265421303	0.0567786954	0.0861631452	-0.0070004006	-0.0402141087	-0.0298159793	0.047027439	-0.0325356172	-0.0640292073	0.626132466926865	0.58810959459222	0.448081059024295	0.592443852028073
-0.00530428	0.00819399	0.00987743	-0.0027558	-0.0008735	0.000483652	-1.16000000000005e-06	-1.17899999999976e-05	-0.00439697	-0.000455480000000001	0	7.421e-05	0.03089442	0.0464470668	0.0299967047	0.006752807	-0.0180204398	-0.0387124883	-0.050637085	-0.051093594	-0.0399786271	-0.0198094581	0.0048460789	0.0284040951	0.0455292636	0.0523431439	0.047302555	0.0315490697	0.0086504753	-0.0162072446	-0.0373944116	-0.0501126395	-0.0514815542	-0.0411911291	0.0033640526	-0.0585037895	-0.0367721406	-0.0370417319	0.0383920143	-0.0015423676	-0.0321401038	-0.0420205196	0.0332087308	0.0590261159	0.453752446620511	0.703512147065983	0.448081059024295	0.592443852028073
-0.00973203	0.0226079	0.0307976	-0.00272865	-0.00101727	0.000409442	-0.00442775	0.01441391	0.02092017	2.71500000000005e-05	-0.00014377	-7.421e-05	0.05201833	0.0463423012	0.0296255153	0.0060807472	-0.0188654898	-0.0394636764	-0.0509664168	-0.0507226006	-0.0387884217	-0.0179144269	0.0070884207	0.0304575546	0.0468069407	0.0523684314	0.0458602343	0.0287823352	0.0050707869	-0.0198094581	-0.0401240904	-0.0511910666	-0.0504597097	-0.0380985803	-0.042155467	-0.0303299507	0.0275782246	0.0130765201	0.0209409313	0.0446060896	-0.0215684972	0.0286953244	0.0100624239	0.0092419065	0.169659904868102	1.12624037398794	0.448081059024295	0.592443852028073
-0.00530236	0.00552201	0.0158136	-0.00217551	-0.0010794	0.000480315	0.00442967	-0.01708589	-0.014984	0.00055314	-6.21300000000001e-05	7.0873e-05	0.07080671	0.046236675	0.0292521253	0.005407671	-0.0197049341	-0.0401965428	-0.0512616758	-0.0503054532	-0.0375521182	-0.0159924506	0.0093176004	0.0324425845	0.0479594708	0.0522294002	0.0442510332	0.0258953737	0.0014670001	-0.0233053991	-0.0426124582	-0.0519264863	-0.0490632542	-0.0346942175	0.0491116868	-0.0388151379	-0.0121219895	0.0202955285	0.0025094051	-0.0286859911	-0.0435177303	-0.0238893159	-0.0078945337	-0.0189034041	0.352992783803986	2.04692615330317	0.448081059024295	0.592443852028073
-0.00530312	0.00819351	-0.0088819	-0.00326267	-0.0008735	0.000409442	-7.59999999999823e-07	0.0026715	-0.0246955	-0.00108716	0.0002059	-7.0873e-05	0.09556441	0.0461301902	0.0288765622	0.0047336909	-0.0205385235	-0.0409107473	-0.0515226647	-0.0498425313	-0.0362711858	-0.0140464202	0.0115294786	0.0343547251	0.0489837722	0.0519264863	0.0424808075	0.0229002443	-0.0021437585	-0.0266763128	-0.0448445497	-0.0523139709	-0.047302555	-0.0310059033	-0.0433748442	-0.0243576787	-0.0097637178	-0.0333988269	0.0331792806	0.0485988923	-0.015688906	-0.0095494567	0.0351096114	0.0244435361	0.61965734459085	2.70445136019574	0.448081059024295	0.592443852028073
-0.00530312	0.00819714	0.00606666	-0.00271376	-0.000873499	0.000409442	0	3.63000000000273e-06	0.01494856	0.00054891	1.00000000001575e-09	0	0.04239774	0.0460228486	0.028498854	0.0040589197	-0.0213660101	-0.0416059582	-0.0517492091	-0.0493342563	-0.0349471469	-0.0120792627	0.0137199483	0.0361896802	0.0498771065	0.0514606403	0.0405559987	0.0198094581	-0.0057443291	-0.0299041152	-0.0468069407	-0.0523509242	-0.0451906832	-0.0270638244	0.0411017677	-0.0142531171	0.0390403009	0.030032384	0.0211391908	-0.0388797261	-0.0139075347	0.0241164922	-0.0068473733	-0.0243390994	0.437170489562957	0.898137167236336	0.448081059024295	0.592443852028073
-0.00530096	0.00127894	-0.00106939	-0.00237314	-0.000873499	0.000461804	2.15999999999932e-06	-0.0069182	-0.00713605	0.00034062	0	5.2362e-05	0.03370551	0.0459146523	0.0281190288	0.0033834701	-0.0221871482	-0.0422818529	-0.0519411573	-0.0487810905	-0.0335815749	-0.0100939368	0.015884942	0.0379433273	0.050637085	0.0508333239	0.0384836111	0.0166359256	-0.0093176004	-0.0329714899	-0.0484878293	-0.0520370985	-0.0427433176	-0.0229002443	-0.0347482388	-0.0018768763	-0.0430771212	0.0133444152	-0.0382194016	0.035155128	-0.0132067533	-0.0372939318	-0.0405006779	-0.0079204822	-1.13424112102403	1.51097019121307	0.448081059024295	0.592443852028073
-0.00530312	0.0193985	-0.00887856	-0.00252242	-0.000873499	0.000409442	-2.15999999999932e-06	0.01811956	-0.00780917	-0.00014928	0	-5.2362e-05	0.03601299	0.0458056033	0.0277371148	0.0027074549	-0.0230016937	-0.0429381175	-0.0520983812	-0.0481835374	-0.0321760928	-0.0080934286	0.0180204398	0.0396117264	0.0512616758	0.0500465054	0.0362711858	0.013392903	-0.0128465907	-0.0358619813	-0.0498771065	-0.0513745965	-0.0399786271	-0.0185492395	-0.0020001547	0.0050583624	0.0504974902	-0.03913064	-0.0489846458	-0.005380795	-0.0167327863	0.0523403434	-0.0200216156	0.0436459229	0.516326427174593	2.58368839711707	0.448081059024295	0.592443852028073
-0.00998059	0.00819113	0.0324596	-0.0029765	-0.000873499	0.000409442	-0.00467747	-0.01120737	0.04133816	-0.00045408	0	0	0.079927	0.0456957037	0.0273531403	0.0020309873	-0.0238094045	-0.0435744473	-0.0522207755	-0.0475421407	-0.030732371	-0.0060807472	0.0201224762	0.0411911291	0.0517492091	0.0491026536	0.0339267737	0.0100939368	-0.016314529	-0.0385600826	-0.0509664168	-0.0503678575	-0.0369171367	-0.0140464202	0.0276656953	-0.0308981797	-0.0428246037	0.0337868785	-0.0423130693	-0.0198480632	-0.0308364152	-0.0506720375	0.0061208053	-0.018901809	0.534315728551076	2.64848135779382	0.448081059024295	0.592443852028073
-0.00530312	-0.00796161	0.0142991	-0.00219831	-0.000873499	0.000409442	0.00467747	-0.01615274	-0.0181605	0.00077819	0	0	0.07790021	0.0455849554	0.0269671338	0.0013541801	-0.0246100408	-0.044190547	-0.0523082586	-0.0468574839	-0.0292521253	-0.0040589197	0.0221871482	0.042677987	0.0520983812	0.0480047303	0.0314589057	0.006752807	-0.0197049341	-0.0410513194	-0.0517492091	-0.049023627	-0.0335815749	-0.0094286395	-0.0416385104	-0.0214444546	0.022822515	-0.0142910727	0.0164957295	0.0375057727	-0.0127445452	0.0255660879	0.0148799782	-0.0229341614	0.576805424992769	1.11119373430499	0.448081059024295	0.592443852028073
-0.00530588	0.00818692	-0.000862782	-0.00237152	-0.0010266	0.000409442	-2.76000000000009e-06	0.01614853	-0.015161882	-0.00017321	-0.000153101	0	0.047628722	0.0454733605	0.0265791242	0.0006771467	-0.0254033645	-0.0447861304	-0.0523607718	-0.0461301902	-0.0277371148	-0.0020309873	0.0242106219	0.0440689593	0.0523082586	0.0467561802	0.0288765622	0.0033834701	-0.0230016937	-0.0433223267	-0.0522207755	-0.0473509122	-0.0299967047	-0.0047336909	0.0520668057	-0.0294874582	0.0251069192	-0.0396037156	0.0249048603	-0.0353149251	-0.0175438961	0.0018947946	0.0420218556	0.0283074759	0.538906398161248	1.18456759947648	0.448081059024295	0.592443852028073
-0.00946224	0.00819463	0.0252184	-0.00279851	-0.000873499	0.000409442	-0.00415636	7.70999999999758e-06	0.026081182	-0.00042699	0.000153101	0	0.059249802	0.0453609212	0.02618914	0	-0.02618914	-0.0453609212	-0.0523782801	-0.0453609212	-0.02618914	0	0.02618914	0.0453609212	0.0523782801	0.0453609212	0.02618914	0	-0.02618914	-0.0453609212	-0.0523782801	-0.0453609212	-0.02618914	0	-0.0539674988	0.0045982093	-0.0401710294	0.0412118388	-0.0051110178	0.0626024786	0.0207962438	-0.0212255396	0.0146382257	-0.0453822211	-2.05347091450158	1.15482660751235	0.448081059024295	0.592443852028073
-0.00530312	-0.00992727	-0.00464123	-0.00229208	-0.000873499	0.000409442	0.00415912	-0.0181219	-0.02985963	0.00050643	0	0	0.07746215	0.0452476394	0.0257972105	-0.0006771467	-0.0269671338	-0.0459146523	-0.0523607718	-0.0445503769	-0.0246100408	0.0020309873	0.0281190288	0.0465509697	0.0523082586	0.043823331	0.0234064185	-0.0033834701	-0.0292521253	-0.0471561663	-0.0522207755	-0.0430669878	-0.0221871482	0.0047336909	0.0049001938	0.0191673175	0.0493020851	-0.0034619921	-0.0104617242	-0.0319641423	0.0237216563	0.0436975309	0.0274977602	-0.0301990251	0.405590709205695	1.15007761354177	0.448081059024295	-1.68540061352814
-0.00530312	0.0179401	-0.00465458	-0.00288451	-0.000873499	0.000409442	0	0.02786737	-1.33500000000005e-05	-0.00059243	0	0	0.05750222	0.0451335173	0.0254033645	-0.0013541801	-0.0277371148	-0.0464470668	-0.0523082586	-0.043699295	-0.0230016937	0.0040589197	0.0299967047	0.0476364314	0.0520983812	0.0421482344	0.0205385235	-0.006752807	-0.0321760928	-0.0486984311	-0.0517492091	-0.0404844828	-0.0180204398	0.0094286395	0.0204228231	-0.0195915411	-0.0411120859	-0.0230767456	-0.0009705454	-0.0150864079	0.0002233702	-0.0456694802	0.0471701424	0.0276843799	1.25855318440294	1.15852299614314	-2.22840312389761	-1.68540061352814
-0.00530312	0.00217711	0.00782788	-0.00276017	-0.000873499	0.000409442	0	-0.01576299	0.01248246	0.00012434	0	0	0.03446245	0.045018557	0.0250076315	-0.0020309873	-0.028498854	-0.0469579174	-0.0522207755	-0.0428084497	-0.0213660101	0.0060807472	0.0318186811	0.0486148674	0.0517492091	0.0403408874	0.0175958911	-0.0100939368	-0.0349471469	-0.0499794418	-0.0509664168	-0.0376307102	-0.0137199483	0.0140464202	-0.0568189926	-0.0139659787	0.0334038061	0.0240171183	0.04371972	0.0517405328	0.0136151751	0.0456328778	0.0274808675	-0.051666016	0.925699940385895	1.02867017372943	-2.22840312389761	-1.68540061352814
-0.0053043	-0.00992380000000001	0.00389955	-0.00287893	-0.000873499	0.000467816	-1.17999999999993e-06	-0.01210091	-0.00392833	-0.00011876	0	5.8374e-05	0.02488712	0.0449027607	0.0246100408	-0.0027074549	-0.0292521253	-0.047446967	-0.0520983812	-0.0418786518	-0.0197049341	0.0080934286	0.0335815749	0.0494840794	0.0512616758	0.0384069609	0.0145892291	-0.013392903	-0.0375521182	-0.050992326	-0.0498771065	-0.0345247919	-0.0093176004	0.0185492395	0.0526936769	0.0211089638	0.0273189527	-0.0433675318	0.0655447336	-0.0634356633	0.0474009814	0.009952976	0.0078853829	0.0100750302	0.519146692766361	1.05220399163702	-2.22840312389761	-1.68540061352814
-0.00530312	0.0230093	-0.0337553	-0.00258659	-0.000873499	0.000409442	1.17999999999993e-06	0.0329331	-0.03765485	0.00029234	0	-5.8374e-05	0.08812483	0.0447861304	0.0242106219	-0.0033834701	-0.0299967047	-0.0479139886	-0.0519411573	-0.0409107473	-0.0180204398	0.0100939368	0.0352821126	0.0502421146	0.050637085	0.036352523	0.0115294786	-0.0166359256	-0.0399786271	-0.0517316498	-0.0484878293	-0.0311875391	-0.0048460789	0.0229002443	-0.0071710414	0.0665935084	-0.0703353317	-0.0071507722	0.0153934204	-0.0117976265	0.07387902	-0.0650651964	0.0171178797	0.0308680931	0.236615698108465	0.942443214054379	-2.22840312389761	-1.68540061352814
-0.000299685	-0.000293054	-0.0147829	-0.00307524	-0.00103304	0.000409442	0.005003435	-0.023302354	0.0189724	-0.00048865	-0.000159541	0	0.079687739	0.0446686685	0.0238094045	-0.0040589197	-0.030732371	-0.0483587652	-0.0517492091	-0.0399056168	-0.016314529	0.0120792627	0.0369171367	0.0508872699	0.0498771065	0.0341840202	0.0084277735	-0.0198094581	-0.0422151417	-0.0521934471	-0.0468069407	-0.0276413132	-0.0003385804	0.0270638244	-0.0114848509	0.0727204844	0.0326475462	0.0560137902	0.016397053	-0.0050468584	0.0525135603	0.0455003444	0.0208293871	-0.0451317441	0.560124477003331	1.29270972144285	-2.22840312389761	-1.68540061352814
0.0145232	0.000555652	-0.023559	-0.00216608	-0.000966086	0.000503234	0.014822885	0.000848706	-0.0087761	0.00090916	6.6954e-05	9.3792e-05	0.077942991	0.0445503769	0.0234064185	-0.0047336909	-0.0314589057	-0.0487810905	-0.0515226647	-0.0388641751	-0.0145892291	0.0140464202	0.0384836111	0.0514180959	0.0489837722	0.0319082567	0.0052954007	-0.0229002443	-0.0442510332	-0.0523752403	-0.0448445497	-0.0239098759	0.0041714317	0.0310059033	0.0337573427	-0.0056393154	-0.0298674754	-0.0319921308	0.0415549872	-0.0026680167	-0.0203271487	-0.0180718746	0.0330554288	0.0019168909	0.395024333482057	1.23953546542816	0.448081059024295	-1.68540061352814
0.00931154	0.0259532	7.08679e-05	-0.00288093	-0.00105179	0.000462098	-0.00521166	0.025397548	0.0236298679	-0.00071485	-8.57039999999999e-05	-4.11359999999999e-05	0.0963235759	0.044431258	0.0230016937	-0.005407671	-0.0321760928	-0.0491807684	-0.0512616758	-0.0377873696	-0.0128465907	0.0159924506	0.0399786271	0.0518333998	0.0479594708	0.0295323731	0.0021437585	-0.0258953737	-0.0460766263	-0.0522760543	-0.0426124582	-0.0200182296	0.0086504753	0.0346942175	-0.0461856841	-0.0240831681	-0.0024155581	-0.0250395499	0.0373488584	0.0563322455	-0.0250691048	0.0023992144	0.0194854645	0.0369510425	-0.243100213604424	2.85332764264197	0.448081059024295	0.592443852028073
-0.0053105	0.0124756	0.0258237	-0.00407792	-0.000598145	0.000409442	-0.01462204	-0.0134776	0.0257528321	-0.00119699	0.000453645	-5.2656e-05	0.1390170221	0.044311314	0.0225952602	-0.0060807472	-0.0328837193	-0.0495576132	-0.0509664168	-0.0366761804	-0.0110886847	0.0179144269	0.0413994086	0.0521322486	0.0468069407	0.0270638244	-0.0010156846	-0.0287823352	-0.0476832451	-0.051896421	-0.0401240904	-0.0159924506	0.0130652981	0.0380985803	0.0237149004	-0.026085813	0.0532539351	0.0583605274	0.0275202475	-0.044651596	-0.0306139644	0.0249902556	-0.008428778	-0.0548779862	-0.618771636648404	1.31855237399002	-2.22840312389761	0.592443852028073
0.0174229	0.00902909	-0.0106952	-0.00247166	-0.000873498	0.000409442	0.0227334	-0.00344651	-0.0365189	0.00160626	-0.000275353	0	0.15677946	0.044190547	0.0221871482	-0.006752807	-0.0335815749	-0.04991145	-0.050637085	-0.0355316183	-0.0093176004	0.0198094581	0.0427433176	0.0523139709	0.0455292636	0.0245103563	-0.0041714317	-0.0315490697	-0.0490632542	-0.0512383773	-0.0373944116	-0.0118595137	0.0173831246	0.0411911291	0.0154599098	-0.046045465	-0.0502638067	-0.0592520664	0.0462524608	-0.0098450292	-0.0156090137	-0.0532610782	0.0419668482	0.0227548792	0.248715457309376	0.009361802826523	-2.22840312389761	0.592443852028073
0.0130164	0.0237483	-0.000956564	-0.00303531	-0.000982099	0.000409442	-0.0044065	0.01471921	0.009738636	-0.00056365	-0.000108601	0	0.062476896	0.0440689593	0.021777388	-0.0074237382	-0.0342694522	-0.0502421146	-0.0502739006	-0.0343547251	-0.0075354425	0.021674694	0.0440078585	0.0523781585	0.0441298556	0.0218799809	-0.0073119995	-0.0341840202	-0.0502100954	-0.0503054532	-0.0344398384	-0.0076471118	0.0215718994	0.0439465533	-0.05628858	0.0155207229	0.0076334298	-0.0200018237	0.0323504027	0.0642978805	0.0323550617	0.0335789787	0.0324011235	0.0051281302	0.636104897059197	0.420532286980942	0.448081059024295	0.592443852028073
0.0206503	-0.00338984	-0.0232989	-0.00263703	-0.00101123	0.000409442	0.0076339	-0.02713814	-0.022342336	0.00039828	-2.9131e-05	0	0.078484926	0.0439465533	0.0213660101	-0.0080934286	-0.0349471469	-0.0505494535	-0.0498771065	-0.0331465714	-0.0057443291	0.0235073292	0.0451906832	0.052324667	0.0426124582	0.0191809517	-0.0104259597	-0.0366761804	-0.0511183183	-0.0491026536	-0.03127814	-0.0033834701	0.0256005252	0.0463423012	0.0411026654	0.0214586027	0.0415060822	0.0185345264	-0.0084650781	-0.0565721628	0.0024213027	0.0233494664	0.0128427414	-0.0424520952	0.435428806857185	0.738370430990036	0.448081059024295	0.592443852028073
0.0133324	0.0134752	-0.0486658	-0.00258559	-0.000873498	0.000409442	-0.0073179	0.01686504	-0.0253669	5.14399999999998e-05	0.000137732	0	0.05900844	0.043823331	0.0209530451	-0.0087617663	-0.0356144575	-0.0508333239	-0.0494469678	-0.0319082567	-0.0039463888	0.025304607	0.0462895956	0.0521536168	0.0409811285	0.0164217376	-0.0135019809	-0.03901514	-0.0517836067	-0.0476364314	-0.0279283311	0.0009028426	0.0294390937	0.0483587652	-0.0046286102	0.0106601351	-0.0541322379	-0.0284268626	-0.0107102748	-0.0078119808	0.0190468906	-0.0554828422	0.0431965287	0.0205946137	-0.073860297196519	0.587286522763417	0.448081059024295	-1.68540061352814
0.00566055	0.0274343	-0.0302082	-0.00296093	-0.000873498	0.000409442	-0.00767185	0.0139591	0.0184576	-0.00037534	0	0	0.05885555	0.043699295	0.0205385235	-0.0094286395	-0.0362711858	-0.051093594	-0.0489837722	-0.0306409077	-0.0021437585	0.0270638244	0.047302555	0.051865392	0.0392402281	0.0136109962	-0.01652887	-0.0411911291	-0.0522027989	-0.0459146523	-0.024410558	0.0051831058	0.0330591074	0.0499794418	-0.0295245395	0.0254807671	0.0249648681	0.0095339995	-0.0270321069	0.0175362781	0.0141805235	0.0366102848	0.0144286522	-0.0096188534	-0.530205147010765	0.019218643755505	0.448081059024295	0.592443852028073
0.0022635	-0.00996669	-0.0394087	-0.00256487	-0.00106021	0.000409442	-0.00339705	-0.03740099	-0.0092005	0.00039606	-0.000186712	0	0.07913714	0.0435744473	0.0201224762	-0.0100939368	-0.0369171367	-0.0513301431	-0.0484878293	-0.0293456776	-0.0003385804	0.0287823352	0.0482276804	0.0514606403	0.0373944116	0.010757547	-0.0194956122	-0.0431950583	-0.0523739028	-0.0439465533	-0.0207459769	0.0094286395	0.0364336915	0.0511910666	0.0612249162	0.0020295043	0.0167538672	0.009066218	-0.0026170332	-0.0440193554	0.0005752679	0.0021374371	0.0161546199	-0.0538439362	-0.348399238055159	0.088960387033338	0.448081059024295	0.592443852028073
-0.00531262	0.0109163	-0.0378041	-0.00306577	-0.00112396	0.000239152	-0.00757612	0.02088299	0.0016046	-0.0005009	-6.375e-05	-0.00017029	0.06681071	0.0434487905	0.0197049341	-0.010757547	-0.0375521182	-0.0515428613	-0.0479594708	-0.028023745	0.0014670001	0.0304575546	0.0490632542	0.050940271	0.0354486142	0.0078703433	-0.0223914121	-0.045018557	-0.0522961052	-0.0417426926	-0.0169566271	0.0136109962	0.0395377932	0.0519837232	-0.0280529	-0.002329987	-0.0427364915	-0.0246649138	0.0104789029	0.0155294234	0.0022793678	-0.0395514695	0.0293882747	0.0303090514	-0.408396665903295	0.20566608252629	0.448081059024295	0.592443852028073
0.00344296	0.0112467	-0.0486519	-0.00329755	-0.000963625	0.000409442	0.00875558	0.000330400000000002	-0.0108478	-0.00023178	0.000160335	0.00017029	0.04805403	0.0433223267	0.0192859283	-0.0114193591	-0.0381759417	-0.0517316498	-0.0473990497	-0.0266763128	0.0032708371	0.0320869629	0.0498077248	0.0503054532	0.0334080384	0.0049584444	-0.0252057321	-0.0466540082	-0.0519697758	-0.0393148935	-0.0130652981	0.017702152	0.0423483678	0.0523509242	-0.0307657923	0.0086712319	0.0404091323	0.0219415872	-0.0072681355	0.0208835982	0.0053984903	0.0496558556	-0.018384765	-0.0069886483	-0.630968434847331	1.63537210636639	0.448081059024295	0.592443852028073
0.0352519	-0.010015	-0.0532804	-0.0022724	-0.0012629	0.000619927	0.03180894	-0.0212617	-0.0046285	0.00102515	-0.000299275	0.000210485	0.13444464	0.0431950583	0.0188654898	-0.0120792627	-0.0387884217	-0.051896421	-0.0468069407	-0.025304607	0.0050707869	0.0336681095	0.0504597097	0.0495576132	0.03127814	0.0020309873	-0.0279283311	-0.0480945804	-0.0513964655	-0.0366761804	-0.0090953929	0.021674694	0.0448445497	0.0522896643	0.0474395158	-0.0064162719	0.0305559579	-0.0123121729	0.0180990723	-0.0322907506	0.0046878055	0.0160227147	-0.0401961225	0.0075238278	-1.59278719454615	1.40903290345394	0.448081059024295	0.592443852028073
0.0246872	0.00759505	-0.0376335	-0.00199154	-0.00169283	0.000791349	-0.0105647	0.01761005	0.0156469	0.00028086	-0.00042993	0.000171422	0.08793225	0.0430669878	0.0184436498	-0.0127371473	-0.0393893764	-0.0520370985	-0.0461835398	-0.0239098759	0.0068647103	0.0351986159	0.0510179984	0.0486984311	0.0290646136	-0.0009028426	-0.030549302	-0.0493342563	-0.0505788988	-0.0338407093	-0.0050707869	0.0255020041	0.0470078072	0.0518004449	-0.0024750822	-0.0183239554	-0.0563183126	-0.0067556748	-0.0034652156	-0.0038995299	-0.0020270875	-0.0605460616	-0.0360839603	0.0507402197	-2.28520506102267	2.32529003803542	0.448081059024295	0.592443852028073
0.00852427	-0.00999113	-0.0655676	-0.00233614	-0.00127925	0.000869206	-0.01616293	-0.01758618	-0.0279341	-0.0003446	0.00041358	7.78569999999999e-05	0.10348506	0.0429381175	0.0180204398	-0.013392903	-0.0399786271	-0.0521536168	-0.0455292636	-0.0224933884	0.0086504753	0.0366761804	0.0514815542	0.0477298374	0.0267733776	-0.0038338396	-0.0330591074	-0.0503678575	-0.0495209612	-0.0308236917	-0.0010156846	0.0291584371	0.0488220806	0.0508872699	-0.0395825288	-0.0014084044	0.0279571052	0.0175682441	-0.0358796372	0.0272038581	-0.0174963874	0.0409650869	-0.083554259	0.0009271237	-2.01059919671712	0.043731960979116	0.448081059024295	0.592443852028073
0.00747014	-0.00988857	-0.0863496	-0.0033779	-0.0012805	0.00108523	-0.00105413	0.000102560000000002	-0.020782	-0.00104176	-1.24999999999995e-06	0.000216024	0.08489039	0.0428084497	0.0175958911	-0.0140464202	-0.0405559987	-0.0522459219	-0.0448445497	-0.0210564335	0.0104259597	0.0380985803	0.0518495163	0.0466540082	0.024410558	-0.006752807	-0.0354486142	-0.0511910666	-0.0482276804	-0.0276413132	0.0030455261	0.0326194932	0.0502739006	0.0495576132	0.0392806665	-0.0049507973	0.0437817933	-0.0690779533	0.010849758	-0.0227187888	-0.0169202323	0.0357194139	-0.0590150808	0.0964279198	-0.274945735815449	0.006775823152277	0.448081059024295	-1.68540061352814
-0.00531319	0.0180804	-0.070172	-0.00304415	-0.0014456	0.00100804	-0.01278333	0.02796897	0.0161776	0.000333750000000001	-0.0001651	-7.719e-05	0.0857319	0.042677987	0.0171700353	-0.0146975897	-0.0411213197	-0.0523139709	-0.0441298556	-0.0196003187	0.0121890533	0.0394636764	0.0521212014	0.0454733605	0.0219824722	-0.0096505858	-0.0377091275	-0.0518004449	-0.0467052026	-0.0243106464	0.0070884207	0.0358619813	0.051352489	0.0478223571	0.0072551941	-0.0174418235	-0.0605532514	0.0475882292	0.0091470716	-0.006842063	-0.0022853944	-0.0712160105	-0.0369097556	0.0210849584	0.299173505496212	0.641685644499013	0.448081059024295	0.592443852028073
-0.00529561	-0.0100244	-0.10628	-0.00219655	-0.00150722	0.0011697	1.75799999999997e-05	-0.0281048	-0.036108	0.0008476	-6.16200000000001e-05	0.00016166	0.11777438	0.0425467316	0.016742904	-0.0153463027	-0.0416744222	-0.0523577323	-0.0433856593	-0.018126369	0.0139376608	0.0407694154	0.0522961052	0.044190547	0.0194956122	-0.0125180835	-0.0398324213	-0.0521934471	-0.0449607632	-0.0208495594	0.0110886847	0.0388641751	0.0520498384	0.0456957037	-0.0384739487	-0.0093179209	0.0330528973	0.0036768176	0.036905164	0.0227073853	0.0073379668	0.044738057	-0.027860249	-0.0288436822	0.397102864203932	1.24255734061216	0.448081059024295	0.592443852028073
0.00120849	0.0137188	-0.0929137	-0.0027639	-0.00170629	0.0011697	0.0065041	0.0237432	0.0133663	-0.00056735	-0.00019907	0	0.0819346	0.0424146861	0.016314529	-0.0159924506	-0.0422151417	-0.0523771858	-0.0426124582	-0.0166359256	0.015669704	0.0420138333	0.0523739028	0.0428084497	0.0169566271	-0.0153463027	-0.0418107693	-0.0523684314	-0.0430026525	-0.01727662	0.0150222601	0.0416059582	0.0523607718	0.0431950583	0.0429394529	-0.007118957	0.0367997337	-0.017340433	0.0524393205	-0.0347141942	0.0192981077	0.0165562853	0.0282719114	0.0165674943	0.419116774368826	1.21299916947989	0.448081059024295	0.592443852028073
-0.00530323	-0.00698607	-0.0838284	-0.0027577	-0.00160263	0.0011697	-0.00651172	-0.02070487	0.00908530000000002	6.20000000000048e-06	0.00010366	0	0.04179489	0.0422818529	0.015884942	-0.0166359256	-0.0427433176	-0.0523723222	-0.0418107693	-0.0151303447	0.0173831246	0.0431950583	0.0523544498	0.0413301739	0.0143723053	-0.018126369	-0.0436369724	-0.052324667	-0.0408401761	-0.0136109962	0.0188654898	0.0440689593	0.0522829807	0.0403408874	-0.0109766849	0.0052892989	-0.0647293088	0.0640126204	0.0155637289	0.0124966691	0.025605973	-0.0663110516	0.0230284007	-0.0520554264	0.551029580568576	1.20265360095568	0.448081059024295	0.592443852028073
-0.00533792	-0.00595176	-0.122096	-0.00217934	-0.00193728	0.0011697	-3.46900000000004e-05	0.00103431	-0.0382676	0.00057836	-0.00033465	0	0.0849871	0.0421482344	0.015454175	-0.01727662	-0.0432587929	-0.0523431439	-0.0409811285	-0.0136109962	0.0190758861	0.044311314	0.0522377823	0.0397590408	0.0117495564	-0.0208495594	-0.0453043854	-0.0520623368	-0.0384836111	-0.009872353	0.0225952602	0.046236675	0.0518170426	0.0371565505	-0.0236118485	0.0258781438	0.0211287075	-0.0492342752	0.0285137473	0.0146729277	0.0240293892	0.0254091511	0.0724957275	0.0080660671	0.144054436385829	1.01043486288555	0.448081059024295	0.592443852028073
-0.00532377	0.00257703	-0.0821534	-0.00270918	-0.00177385	0.0010876	1.41500000000001e-05	0.00852879	0.0399426	-0.00052984	0.00016343	-8.21000000000001e-05	0.08725404	0.0420138333	0.0150222601	-0.0179144269	-0.0437614146	-0.0522896643	-0.0401240904	-0.0120792627	0.0207459769	0.0453609212	0.0520241169	0.0380985803	0.0090953929	-0.0235073292	-0.0468069407	-0.0515825363	-0.0359441567	-0.0060807472	0.02618914	0.0480945804	0.0509664168	0.0336681095	0.0577215087	0.0101586734	0.0217105208	0.0308015895	-0.0043597901	-0.045657549	0.0058861694	0.0044920828	0.0577422522	-0.0424804254	0.393648220105018	0.95024764785452	0.448081059024295	0.592443852028073
0.00646655	-0.0100258	-0.140286	-0.00221301	-0.00184664	0.0011697	0.01179032	-0.01260283	-0.0581326	0.00049617	-7.27900000000001e-05	8.21000000000001e-05	0.11507875	0.0418786518	0.0145892291	-0.0185492395	-0.0442510332	-0.0522119084	-0.0392402281	-0.0105365379	0.0223914121	0.0463423012	0.0517138504	0.036352523	0.0064169112	-0.0260913389	-0.0481391707	-0.0508872699	-0.0332338815	-0.0022565198	0.0296255153	0.0496302266	0.0497374181	0.0299041152	-0.0333203086	0.0263953079	-0.0590759453	0.0278749362	-0.0226632526	0.0279004952	0.0476113855	-0.0442040582	0.0285410076	-0.0582690731	-2.53740774378048	0.663108324281697	0.448081059024295	-1.68540061352814
0.0108994	-0.000181976	-0.174748	-0.00249925	-0.00164217	0.0011697	0.00443285	0.009843824	-0.034462	-0.00028624	0.00020447	0	0.073274174	0.0417426926	0.0141551145	-0.0191809517	-0.0447275033	-0.0521099123	-0.0383301323	-0.0089842256	0.0240102362	0.0472539781	0.0513075588	0.0345247919	0.0037212726	-0.0285934806	-0.0492962274	-0.0499794418	-0.0303656657	0.0015798132	0.0328837193	0.0508333239	0.0481391707	0.0258953737	-0.0108916844	0.0430480116	0.0291250594	-0.0430916259	-0.0599906396	0.0019352675	0.0178894985	0.036876263	0.0017809689	0.046852701	-0.019419467375589	0.640819704399836	-2.22840312389761	-1.68540061352814
0.0182793	0.0103317	-0.136044	-0.00265648	-0.00139931	0.00107309	0.0073799	0.010513676	0.038704	-0.00015723	0.00024286	-9.661e-05	0.081432576	0.0416059582	0.0137199483	-0.0198094581	-0.0451906832	-0.0519837232	-0.0373944116	-0.0074237382	0.0256005252	0.0480945804	0.0508059967	0.0326194932	0.0010156846	-0.0310059033	-0.0502739006	-0.048862844	-0.0273531403	0.005407671	0.0359441567	0.0516958108	0.0461835398	0.021674694	0.0586177346	0.0085706338	0.0061457626	0.0240241197	-0.0844468623	-0.0381829573	-0.0232211199	-0.0001109266	-0.0287317507	-0.0260647591	0.604735367864303	0.685725198822554	-2.22840312389761	-1.68540061352814
0.0215075	-0.0100512	-0.177725	-0.00219395	-0.0015064	0.0011697	0.0032282	-0.0203829	-0.041681	0.00046253	-0.00010709	9.661e-05	0.0986036	0.0414684511	0.0132837629	-0.0204346535	-0.0456404355	-0.0518333998	-0.0364336915	-0.0058564958	0.0271603893	0.048862844	0.0502100954	0.0306409077	-0.0016926191	-0.0333210373	-0.0510686325	-0.0475421407	-0.0242106219	0.009206518	0.0387884217	0.0522119084	0.043885044	0.01727662	-0.0453421771	0.0077257652	-0.0328487879	0.0039075262	-0.0404599494	0.0482374023	0.0063925414	-0.0109280398	-0.0123983921	-0.0169138475	-1.23464636841964	0.550015904778546	-2.22840312389761	-1.68540061352814
0.0096709	0.0236748	-0.157895	-0.00299834	-0.00164155	0.0011697	-0.0118366	0.033726	0.01983	-0.00080439	-0.00013515	0	0.1123696	0.0413301739	0.0128465907	-0.0210564335	-0.0460766263	-0.0516590118	-0.0354486142	-0.0042839244	0.0286879745	0.0495576132	0.0495209612	0.0285934806	-0.0043963972	-0.0355316183	-0.0516775313	-0.0460228486	-0.0209530451	0.0129559745	0.0413994086	0.0523781585	0.0412607473	0.0127371473	-0.0005663249	0.022139145	0.0419441232	-0.0155250774	-0.0373867076	-0.0099802453	-0.0079698477	0.0486824556	-0.0328952079	0.0480912066	-1.99111164667299	0.088991396521949	-2.22840312389761	0.592443852028073
0.00208141	0.0118622	-0.131904	-0.00317047	-0.00164379	0.0011697	-0.00758949	-0.0118126	0.025991	-0.00017213	-2.23999999999992e-06	0	0.05411159	0.0411911291	0.0124084642	-0.021674694	-0.0464991262	-0.0514606403	-0.0344398384	-0.0027074549	0.0301814655	0.050177843	0.048739874	0.0264818121	-0.0070884207	-0.0376307102	-0.0520983812	-0.044311314	-0.0175958911	0.0166359256	0.0437614146	0.0521934471	0.0383301323	0.0080934286	0.0504139788	-0.0202182453	-0.0303857078	0.0284922026	-0.0703067731	-0.0266470729	-0.0332895071	-0.031434288	-0.0742159408	-0.0014588836	0.102106262168697	0.475735456947824	-2.22840312389761	0.592443852028073
0.0080391	-0.00995713	-0.163416	-0.00274316	-0.00149688	0.00109011	0.00595769	-0.02181933	-0.031512	0.00042731	0.00014691	-7.959e-05	0.09197952	0.0410513194	0.011969416	-0.0222893319	-0.0469078096	-0.0512383773	-0.0334080384	-0.0011285219	0.0316390872	0.0507226006	0.0478682839	0.0243106464	-0.0097614921	-0.0396117264	-0.0523296507	-0.0424146861	-0.0141551145	0.0202266294	0.0458602343	0.0516590118	0.0351149558	0.0033834701	-0.067554943	0.0077760047	-0.0121389092	-0.053356943	-0.0137178925	0.0756959826	0.0084631371	0.012409803	-0.0614592452	0.0449852439	-0.824134041220127	1.68188725239543	-2.22840312389761	0.592443852028073
0.0264878	0.0272854	-0.142263	-0.00352231	-0.00141334	0.0011697	0.0184487	0.03724253	0.021153	-0.00077915	8.354e-05	7.959e-05	0.12395823	0.0409107473	0.0115294786	-0.0229002443	-0.047302555	-0.050992326	-0.032353904	0.0004514381	0.0330591074	0.0511910666	0.0469078096	0.0220848615	-0.0124084642	-0.0414684511	-0.0523704984	-0.0403408874	-0.0106470671	0.0237088227	0.0476832451	0.0507784337	0.0316390872	-0.0013541801	0.0063871171	0.0468070513	0.0438692392	0.0052108912	-0.0057572333	-0.0079687099	0.0215199256	0.049945074	-0.0523210154	0.0317868926	0.452183928333612	1.97559972762033	-2.22840312389761	-1.68540061352814
0.031538	-0.00989206	-0.146498	-0.00317856	-0.00149688	0.0011697	0.0050502	-0.03717746	-0.00423499999999996	0.00034375	-8.354e-05	0	0.06782716	0.0407694154	0.0110886847	-0.0235073292	-0.0476832451	-0.0507226006	-0.03127814	0.0020309873	0.0344398384	0.0515825363	0.0458602343	0.0198094581	-0.0150222601	-0.0431950583	-0.0522207755	-0.0380985803	-0.0070884207	0.0270638244	0.0492194833	0.0495576132	0.0279283311	-0.0060807472	0.0407829331	0.0150116042	-0.0440837417	0.0444189776	-0.0436227117	-0.0235136314	-0.006289849	-0.0423792408	-0.0490327066	-0.0249176101	-0.652362745432938	1.39070310627802	0.448081059024295	0.592443852028073
0.0313149	-0.00987267	-0.153736	-0.00333456	-0.00149688	0.0011697	-0.000223099999999997	1.93899999999993e-05	-0.00723800000000002	-0.000156	0	0	0.01528049	0.0406273263	0.0106470671	-0.024110485	-0.0480497669	-0.0504293264	-0.0301814655	0.0036086884	0.0357796393	0.051896421	0.0447275033	0.0174895484	-0.0175958911	-0.0447861304	-0.051881027	-0.0356971313	-0.0034960873	0.0302736359	0.0504597097	0.0480047303	0.0240102362	-0.010757547	-0.0392050511	-0.0129505906	-0.0041132201	-0.0374351589	-0.0249924318	0.0257591383	-0.0263268568	-0.0016218822	0.0066746551	0.0364103367	-1.9847148805394	1.12264894912976	0.448081059024295	0.592443852028073
0.0278797	0.000489708	-0.149869	-0.00292569	-0.00149688	0.0011697	-0.0034352	0.010362378	0.00386699999999998	0.00040887	0	0	0.038108078	0.0404844828	0.0102046586	-0.024709611	-0.0484020114	-0.0501126395	-0.0290646136	0.0051831058	0.0370769179	0.0521322486	0.0435117199	0.0151303447	-0.0201224762	-0.046236675	-0.051352489	-0.0331465714	0.0001128608	0.0333210373	0.0513964655	0.0461301902	0.0199138901	-0.0153463027	0.0040122709	-0.0097229778	0.0532358729	0.0216553935	-0.0082239601	-0.0264456599	-0.0178343211	0.0529739083	0.0310472281	-0.0040878966	0.081537340761618	1.79340304796575	0.448081059024295	-1.68540061352814
0.024911	-0.0226011	-0.146996	-0.00292878	-0.00149688	0.0011697	-0.0029687	-0.023090808	0.00287299999999999	-3.0900000000003e-06	0	0	0.029087008	0.0403408874	0.0097614921	-0.025304607	-0.048739874	-0.049772687	-0.0279283311	0.006752807	0.0383301323	0.0522896643	0.0422151417	0.0127371473	-0.0225952602	-0.0475421407	-0.050637085	-0.0304575546	0.0037212726	0.0361896802	0.0520241169	0.0439465533	0.015669704	-0.0198094581	0.0443771316	-0.0204580537	-0.0438795486	0.0612179976	-0.0045807264	-0.030592093	-0.0040093668	-0.0544538689	0.0080527221	-0.0693116409	-0.113209053196677	1.7825938416718	0.448081059024295	-1.68540061352814
0.0187655	-0.00472044	-0.164871	-0.00259171	-0.00172465	0.0011697	-0.0061455	0.01788066	-0.0178749999999999	0.00033707	-0.00022777	0	0.07014316	0.0401965428	0.0093176004	-0.0258953737	-0.0490632542	-0.0494096266	-0.0267733776	0.0083163637	0.0395377932	0.0523684314	0.0408401761	0.0103153331	-0.0250076315	-0.0486984311	-0.0497374181	-0.0276413132	0.0073119995	0.0388641751	0.0523388891	0.0414684511	0.0113091867	-0.024110485	-0.0488965617	-0.0024861021	-0.0059421433	-0.0549881522	0.0210243795	0.0425917204	-0.0067542514	0.0008215686	0.0145005341	0.0349616867	-0.203842919648373	1.34000974424378	0.448081059024295	-1.68540061352814
0.0190515	0.0225914	-0.156525	-0.00317506	-0.00149688	0.0011697	0.000285999999999998	0.02731184	0.00834599999999997	-0.00058335	0.00022777	0	0.07649984	0.0400514517	0.0088730165	-0.0264818121	-0.0493720561	-0.049023627	-0.0256005252	0.009872353	0.0406984653	0.0523684314	0.0393893764	0.0078703433	-0.0273531403	-0.0497019183	-0.0486567622	-0.024709611	0.0108679768	0.0413301739	0.0523388891	0.0387124883	0.0068647103	-0.028214182	0.0228565584	-0.0019472108	0.048017632	0.0055572615	-0.0262435763	-0.0228191726	-0.0414566997	0.0441411239	-0.0523646951	0.0267542975	-0.140527204224397	1.04398223196275	0.448081059024295	-1.68540061352814
0.0202104	0.00608669	-0.137515	-0.00314007	-0.00141599	0.0011697	0.0011589	-0.01650471	0.01901	3.49899999999999e-05	8.08899999999999e-05	0	0.04246761	0.0399056168	0.0084277735	-0.0270638244	-0.0496661877	-0.0486148674	-0.024410558	0.0114193591	0.0418107693	0.0522896643	0.0378654364	0.005407671	-0.0296255153	-0.0505494535	-0.0473990497	-0.021674694	0.0143723053	0.0435744473	0.0520241169	0.0356971313	0.0023692706	-0.0320869629	0.0135633208	-0.0399849346	-0.0549037512	0.0422935876	-0.047885205	0.0071023893	-0.0564243108	-0.056003521	-0.0538673255	-0.0193548353	-2.40714794671935	0.661827130968706	0.448081059024295	-1.68540061352814
0.0175316	0.00261973	-0.140354	-0.00285419	-0.00168483	0.00122624	-0.0026788	-0.00346696	-0.00283900000000001	0.00028588	-0.00026884	5.65399999999999e-05	0.03954776	0.0397590408	0.0079819045	-0.0276413132	-0.0499455618	-0.0481835374	-0.0232042715	0.0129559745	0.0428733831	0.0521322486	0.0362711858	0.0029328492	-0.0318186811	-0.0512383773	-0.0459688572	-0.0185492395	0.0178083308	0.0455849554	0.0513964655	0.0324425845	-0.0021437585	-0.0356971313	-0.0444100617	-0.0170990069	0.0146804467	-0.0508971977	-0.0346205546	0.0449780781	-0.0385972422	0.0179154389	-0.0297515598	0.0301511497	-0.611473077067729	0.086600468710088	0.448081059024295	-1.68540061352814
0.023574	0.024545	-0.113624	-0.00409925	-0.00108414	0.0011697	0.0060424	0.02192527	0.02673	-0.00124506	0.00060069	-5.65399999999999e-05	0.14981217	0.0396117264	0.0075354425	-0.028214182	-0.0502100954	-0.0477298374	-0.0219824722	0.0144808008	0.043885044	0.051896421	0.034609585	0.0004514381	-0.0339267737	-0.051766528	-0.044371389	-0.0153463027	0.0211597241	0.0473509122	0.0504597097	0.0289706552	-0.0066408724	-0.03901514	0.0131062885	-0.0046299667	0.0480518935	-0.0312245896	-0.0565907428	-0.0180794475	-0.0412907978	0.0370193848	-0.0295751533	0.0386669233	-2.0387901410316	2.22683012693581	0.448081059024295	-1.68540061352814
0.0301281	-0.00352845	-0.118136	-0.00287131	-0.00159252	0.0011697	0.0065541	-0.02807345	-0.00451199999999999	0.00122794	-0.00050838	0	0.12595555	0.0394636764	0.0070884207	-0.0287823352	-0.0504597097	-0.0472539781	-0.0207459769	0.0159924506	0.0448445497	0.0515825363	0.0328837193	-0.0020309873	-0.0359441567	-0.0521322486	-0.0426124582	-0.0120792627	0.024410558	0.048862844	0.0492194833	0.025304607	-0.0110886847	-0.0420138333	0.0528146265	-0.0169480633	-0.0469798141	0.036070688	-0.0432274596	-0.040583001	-0.0257874437	-0.0539726375	-0.0075026205	-0.0504173892	-0.25073506350581	1.31649440647647	0.448081059024295	-1.68540061352814
0.0324941	-0.00994674	-0.143214	-0.00276445	-0.0017475	0.0011697	0.002366	-0.00641829	-0.025078	0.00010686	-0.00015498	0	0.04695429	0.0393148935	0.0066408724	-0.0293456776	-0.0506943307	-0.0467561802	-0.0194956122	0.0174895484	0.0457507597	0.0511910666	0.0310967934	-0.0045088495	-0.0378654364	-0.0523343914	-0.0406984653	-0.0087617663	0.0275453833	0.0501126395	0.0476832451	0.0214690046	-0.015454175	-0.0446686685	-0.0531517916	0.0064571448	-0.0193927747	-0.0387098165	0.0253211159	0.0468844667	0.0013313689	-0.0086553444	0.0480049904	0.0033194894	0.522399729981466	0.521202962683189	0.448081059024295	-1.68540061352814
0.0420463	0.00120466	-0.124709	-0.00303289	-0.00164576	0.0011697	0.00955220000000001	0.0111514	0.018505	-0.00026844	0.00010174	0	0.0577176	0.0391653804	0.0061928308	-0.0299041152	-0.0509138886	-0.046236675	-0.0182322141	0.018970732	0.0466025972	0.0507226006	0.0292521253	-0.0069765817	-0.0396854757	-0.0523723222	-0.0386363752	-0.005407671	0.030549302	0.051093594	0.0458602343	0.0174895484	-0.0197049341	-0.0469579174	0.0105572753	-0.0073244894	0.0474780781	0.0317690997	0.0318668198	-0.0274778768	-0.0103402072	0.0361795804	0.0433570703	-0.0169263706	-0.956045174333705	2.6017930603213	0.448081059024295	-1.68540061352814
0.0325032	-0.0099308	-0.106999	-0.00291249	-0.00169045	0.0011697	-0.00954310000000001	-0.01113546	0.01771	0.0001204	-4.469e-05	0	0.04664306	0.03901514	0.0057443291	-0.0304575546	-0.0511183183	-0.0456957037	-0.0169566271	0.0204346535	0.0473990497	0.050177843	0.0273531403	-0.0094286395	-0.0413994086	-0.0522459219	-0.0364336915	-0.0020309873	0.0334080384	0.0518004449	0.0437614146	0.013392903	-0.0238094045	-0.048862844	0.0268246801	-0.0419732239	-0.0417417479	0.0409810695	0.0365983824	-0.0118131007	-0.0096174436	-0.0514481597	0.0486351865	-0.0497903063	-0.973278519607826	1.59883319324503	0.448081059024295	-1.68540061352814
0.0324891	-0.0189185	-0.116718	-0.00285544	-0.00183675	0.0011697	-1.4100000000003e-05	-0.0089877	-0.00971900000000001	5.70499999999999e-05	-0.0001463	0	0.0288883	0.0388641751	0.0052954007	-0.0310059033	-0.0513075588	-0.0451335173	-0.015669704	0.0218799809	0.0481391707	0.0495576132	0.0254033645	-0.0118595137	-0.0430026525	-0.0519555872	-0.0340984296	0.0013541801	0.0361080066	0.0522294002	0.0413994086	0.009206518	-0.0277371148	-0.0503678575	-0.0466532533	-0.0242237285	0.011791498	-0.0059741447	0.0515625752	0.0371119656	0.0114250234	0.0114639868	0.0558084221	-0.0382808388	-1.28104272107457	1.04799884790918	0.448081059024295	-1.68540061352814
0.0324669	-0.0099381	-0.100795	-0.00312569	-0.00173208	0.00152685	-2.21999999999861e-05	0.0089804	0.015923	-0.00027025	0.00010467	0.00035715	0.0615291	0.0387124883	0.0048460789	-0.0315490697	-0.0514815542	-0.0445503769	-0.0143723053	0.0233053991	0.0488220806	0.048862844	0.0234064185	-0.014263743	-0.0444909208	-0.051502229	-0.0316390872	0.0047336909	0.0386363752	0.0523781585	0.0387884217	0.0049584444	-0.0314589057	-0.0514606403	0.0265656972	-0.0285415148	0.0420117571	-0.0572424278	0.0760976672	-0.0317231779	0.0010312604	0.0229465777	0.0564861947	0.0227979841	-0.167113658899259	0.657760653144636	0.448081059024295	-1.68540061352814
0.0164457	-0.00988411	-0.121173	-0.00340986	-0.00208065	0.0011697	-0.0160212	5.39900000000003e-05	-0.020378	-0.00028417	-0.00034857	-0.00035715	0.08594769	0.0385600826	0.0043963972	-0.0320869629	-0.0516402525	-0.0439465533	-0.0130652981	0.024709611	0.0494469678	0.0480945804	0.0213660101	-0.0166359256	-0.0458602343	-0.0508872699	-0.0290646136	0.0080934286	0.0409811285	0.0522459219	0.0359441567	0.0006771467	-0.0349471469	-0.0521322486	0.0194679393	-0.024695506	-0.076712912	0.0505077706	0.0523414379	-0.015477826	0.0267641691	-0.0887549435	0.0150518814	-0.03493759	1.23432299275462	0.250751899693411	0.448081059024295	-1.68540061352814
0.0239258	-0.0483075	-0.22663	-0.00229779	-0.00183675	0.0011697	0.0074801	-0.03842339	-0.105457	0.00111207	0.0002439	0	0.21915899	0.0384069609	0.0039463888	-0.0326194932	-0.0517836067	-0.0433223267	-0.0117495564	0.0260913389	0.0500130897	0.0472539781	0.0192859283	-0.018970732	-0.0471069319	-0.0501126395	-0.0263843771	0.0114193591	0.0431311232	0.0518333998	0.0328837193	-0.0036086884	-0.0381759417	-0.0523771858	-0.048438974	0.0324538071	0.005944402	0.0052974803	0.0870363998	0.049909474	0.0723147736	0.0285255971	0.0003340174	0.0040906165	0.952284721974584	0.729132624175997	0.448081059024295	-1.68540061352814
0.0164724	0.00137467	-0.149515	-0.00254968	-0.00183675	0.0011697	-0.0074534	0.04968217	0.077115	-0.00025189	0	0	0.14684507	0.0382531258	0.0034960873	-0.0331465714	-0.0519115742	-0.042677987	-0.0104259597	0.0274493255	0.0505197734	0.0463423012	0.0171700353	-0.0212629165	-0.0482276804	-0.0491807684	-0.0236081307	0.0146975897	0.0450761418	0.0511428052	0.0296255153	-0.0078703433	-0.0411213197	-0.0521934471	0.0288237041	0.0428321414	0.0269744845	0.0487678389	0.0324555292	-0.0448003123	0.0526221114	0.0228024429	-0.0492757356	-0.0168400835	1.01823638466364	0.748140447166754	0.448081059024295	-1.68540061352814
0.0164724	-0.0238626	-0.211399	-0.00240305	-0.00183675	0.0011697	0	-0.02523727	-0.061884	0.00014663	0	0	0.09445277	0.0380985803	0.0030455261	-0.0336681095	-0.0520241169	-0.0420138333	-0.0090953929	0.0287823352	0.0509664168	0.0453609212	0.0150222601	-0.0235073292	-0.0492194833	-0.0480945804	-0.0207459769	0.0179144269	0.0468069407	0.050177843	0.02618914	-0.0120792627	-0.0437614146	-0.0515825363	0.0411615534	0.0029585531	-0.0255323247	-0.0538607344	0.0279870698	-0.0199873653	0.0140393058	-0.0221179346	-0.0052010373	0.036467249	0.70382780030974	0.790991722504147	0.448081059024295	-1.68540061352814
0.00771121	0.0173051	-0.173848	-0.00309564	-0.00203946	0.000946105	-0.00876119	0.0411677	0.037551	-0.00069259	-0.00020271	-0.000223595	0.14342464	0.0379433273	0.0025947387	-0.0341840202	-0.0521212014	-0.0413301739	-0.0077587455	0.0300891549	0.051352489	0.044311314	0.0128465907	-0.0256989275	-0.0500796887	-0.0468574839	-0.0178083308	0.0210564335	0.0483152946	0.04894369	0.0225952602	-0.0162072446	-0.0460766263	-0.0505494535	-0.0428939373	0.0308632161	-0.0682759034	-0.023026023	-0.0298665538	0.063126636	0.0282363614	-0.0503021372	0.0010098928	0.0186655162	1.17260117075783	0.84764144464729	0.448081059024295	-1.68540061352814
0.0164724	-0.0432499	-0.2297	-0.00226826	-0.00183675	0.0011697	0.00876119	-0.060555	-0.055852	0.00082738	0.00020271	0.000223595	0.18785244	0.0377873696	0.0021437585	-0.0346942175	-0.0522027989	-0.0406273263	-0.0064169112	0.0313685957	0.0516775313	0.0431950583	0.0106470671	-0.0278327876	-0.0508059967	-0.0454733605	-0.0148058821	0.024110485	0.049594035	0.047446967	0.0188654898	-0.0202266294	-0.0480497669	-0.0491026536	-0.0278821875	0.0794342154	0.0057794927	-0.0165346454	-0.040323422	0.017854434	0.0676713962	0.0368327727	-0.01377882	-0.0219291059	0.779697517830512	0.895898272560541	0.448081059024295	0.592443852028073
0.00248056	0.0155084	-0.221527	-0.00302991	-0.00183675	0.0011697	-0.01399184	0.0587583	0.00817299999999999	-0.00076165	0	0	0.11900564	0.0376307102	0.0016926191	-0.0351986159	-0.0522688852	-0.0399056168	-0.0050707869	0.0326194932	0.0519411573	0.0420138333	0.0084277735	-0.0299041152	-0.0513964655	-0.0439465533	-0.0117495564	0.0270638244	0.050637085	0.0456957037	0.0150222601	-0.024110485	-0.0496661877	-0.0472539781	0.0389567275	0.0669662607	0.0156641613	-0.0312169002	-0.0136983464	-0.0205792466	0.0436815715	0.0248281431	0.0170066492	0.0491513362	0.527972780022704	0.862834182238781	0.448081059024295	0.592443852028073
0.00935692	-0.0311541	-0.188809	-0.00250338	-0.00183675	0.0011697	0.00687636	-0.0466625	0.032718	0.00052653	0	0	0.11258336	0.0374733519	0.0012413539	-0.0356971313	-0.0523194405	-0.0391653804	-0.0037212726	0.0338407093	0.0521430537	0.0407694154	0.0061928308	-0.0319082567	-0.0518495163	-0.0422818529	-0.0086504753	0.0299041152	0.0514394875	0.043699295	0.0110886847	-0.0278327876	-0.0509138886	-0.045018557	0.0337456051	0.0059679226	-0.0500724353	0.0702059195	-0.0272986955	-0.0134522142	0.0148246125	-0.0504670161	-0.0315458546	-0.067898666	1.28458724179312	0.60244383705963	0.448081059024295	-1.68540061352814
0.0105953	-0.0218582	-0.202932	-0.00270586	-0.00175226	0.0011697	0.00123838	0.0092959	-0.014123	-0.00020248	8.449e-05	0	0.03900578	0.0373152977	0.0007899965	-0.0361896802	-0.0523544498	-0.0384069609	-0.0023692706	0.0350311327	0.0522829807	0.0394636764	0.0039463888	-0.0338407093	-0.0521639377	-0.0404844828	-0.0055199161	0.0326194932	0.0519974292	0.0414684511	0.0070884207	-0.0313685957	-0.0517836067	-0.0424146861	-0.0204517681	-0.0035996294	-0.0490714271	-0.0581418371	0.0053427244	0.0164435707	0.0115855471	-0.0575947373	0.0423518644	0.0677699958	0.890527486320471	0.358595517069389	0.448081059024295	-1.68540061352814
-0.00234215	-1.93219e-05	-0.185913	-0.00317876	-0.00183675	0.00106447	-0.01293745	0.0218388781	0.017019	-0.0004729	-8.449e-05	-0.00010523	0.0849263281	0.0371565505	0.0003385804	-0.0366761804	-0.0523739028	-0.0376307102	-0.0010156846	0.0361896802	0.0523607718	0.0380985803	0.0016926191	-0.0356971313	-0.0523388891	-0.0385600826	-0.0023692706	0.0351986159	0.0523082586	0.03901514	0.0030455261	-0.0346942175	-0.0522688852	-0.0394636764	-0.0597742721	-0.0069612712	0.0180964257	0.0364376028	-0.0294919546	0.0492356633	-0.0151230042	0.0264076466	0.0041940735	-0.0205435442	0.942851862132945	0.310819900439401	0.448081059024295	-1.68540061352814
-0.00974859	-0.0477738	-0.208343	-0.00244135	-0.00194808	0.00081816	-0.00740644	-0.0477544781	-0.0224299999999999	0.00073741	-0.00011133	-0.00024631	0.1323434181	0.0369971132	-0.0001128608	-0.0371565505	-0.0523777937	-0.0368369888	0.0003385804	0.0373152977	0.0523763346	0.0366761804	-0.0005642937	-0.0374733519	-0.0523739028	-0.0365146908	0.0007899965	0.0376307102	0.0523704984	0.036352523	-0.0010156846	-0.0377873696	-0.0523661213	-0.0361896802	0.0169142889	-0.0113408854	0.0467408941	0.0065921409	-0.0049522394	-0.0430006926	-0.0212560639	0.0331161116	0.0006742416	0.0012862841	-1.60763193046106	1.0452485028997	0.448081059024295	-1.68540061352814
-0.0235208	0.000507538	-0.172512	-0.00317876	-0.00183675	0.000694958	-0.01377221	0.048281338	0.035831	-0.00073741	0.00011133	-0.000123202	0.146481648	0.0368369888	-0.0005642937	-0.0376307102	-0.0523661213	-0.0360261653	0.0016926191	0.0384069609	0.0523296507	0.0351986159	-0.0028201586	-0.0391653804	-0.0522688852	-0.0343547251	0.0039463888	0.0399056168	0.0521838529	0.0334948844	-0.0050707869	-0.0406273263	-0.0520745933	-0.0326194932	0.0053841947	0.0162525342	0.0192282838	0.0313078196	-0.0060533648	-0.0248078582	0.0219134073	0.0131169029	-0.0124635383	-0.0358614091	0.340315252178106	1.08681114643417	0.448081059024295	-1.68540061352814
-0.00331443	-0.0338419	-0.240136	-0.00255657	-0.00201626	0.000694958	0.02020637	-0.034349438	-0.067624	0.00062219	-0.00017951	0	0.162264808	0.0366761804	-0.0010156846	-0.0380985803	-0.0523388891	-0.0351986159	0.0030455261	0.0394636764	0.0522207755	0.0336681095	-0.0050707869	-0.0407694154	-0.0520241169	-0.0320869629	0.0070884207	0.0420138333	0.0517492091	0.0304575546	-0.0090953929	-0.0431950583	-0.0513964655	-0.0287823352	-0.014635985	0.0376542861	0.0345502489	-0.0498166811	0.0043110006	0.0017386205	0.0318829688	0.0548786688	0.0074654173	0.0358577117	-0.547219317996264	1.69612636779601	0.448081059024295	-1.68540061352814
-0.0115277	0.0292018	-0.177599	-0.00409713	-0.00176991	0.000441136	-0.00821327	0.0630437	0.062537	-0.00154056	0.00024635	-0.000253822	0.23583057	0.0365146908	-0.0014670001	-0.0385600826	-0.0522961052	-0.0343547251	0.0043963972	0.0404844828	0.0520498384	0.0320869629	-0.0073119995	-0.0422818529	-0.0516402525	-0.0297185201	0.0102046586	0.0439465533	0.0510686325	0.027256828	-0.0130652981	-0.0454733605	-0.0503367722	-0.024709611	-0.0228671288	0.0097699183	0.0486553761	-0.0040194447	-0.001384764	0.0181823243	-0.0132922665	0.064502314	-0.0119303007	0.0311102929	-0.127793903059427	2.21405171954045	0.448081059024295	-1.68540061352814
-0.00555347	-0.0349967	-0.191158	-0.00285309	-0.00183675	0.000694958	0.00597423	-0.0641985	-0.013559	0.00124404	-6.68400000000001e-05	0.000253822	0.16196683	0.036352523	-0.0019182066	-0.03901514	-0.0522377823	-0.0334948844	0.0057443291	0.0414684511	0.0518170426	0.0304575546	-0.0095396348	-0.043699295	-0.0511183183	-0.027256828	0.0132837629	0.0456957037	0.0501453577	0.0239098759	-0.0169566271	-0.047446967	-0.0489033805	-0.0204346535	0.0145460706	-0.0312915864	0.0497592167	0.007815891	0.0025289907	-0.0247414407	-0.0488587258	0.043799861	0.0027704561	-0.0229042962	0.582825467889811	2.20514063040013	0.448081059024295	-1.68540061352814
0.00620817	0.00256297	-0.16676	-0.00346872	-0.00183675	0.000536447	0.01176164	0.03755967	0.024398	-0.00061563	0	-0.000158511	0.11242636	0.0361896802	-0.0023692706	-0.0394636764	-0.0521639377	-0.0326194932	0.0070884207	0.0424146861	0.0515226647	0.0287823352	-0.0117495564	-0.045018557	-0.0504597097	-0.024709611	0.016314529	0.0472539781	0.0489837722	0.0204346535	-0.0207459769	-0.0491026536	-0.0471069319	-0.0159924506	0.0503418149	-0.057631666	0.0244160164	-0.0215430592	0.0272429497	-0.0467214441	-0.0518038998	0.0022322818	0.0308049595	0.0423334909	0.027240675199235	1.14188762471507	0.448081059024295	-1.68540061352814
0.0128099	-0.0115122	-0.174286	-0.00296057	-0.00183675	0.000694958	0.00660173	-0.01407517	-0.007526	0.00050815	0	0.000158511	0.06153595	0.0360261653	-0.0028201586	-0.0399056168	-0.0520745933	-0.0317289578	0.0084277735	0.0433223267	0.0511670547	0.0270638244	-0.0139376608	-0.046236675	-0.0496661877	-0.0220848615	0.0192859283	0.0486148674	0.0475893965	0.0168498047	-0.024410558	-0.0504293264	-0.0449607632	-0.0114193591	0.0114045722	-0.0565659815	-0.0483309951	0.0647138157	0.019609425	0.0146561418	-0.0251886359	-0.0578942321	0.0060077344	-0.0642508679	0.351155177490979	0.776667209088688	0.448081059024295	-1.68540061352814
0.0145635	-0.0240486	-0.176323	-0.00338495	-0.00205752	0.000537867	0.0017536	-0.0125364	-0.00203700000000001	-0.00042438	-0.00022077	-0.000157091	0.05643905	0.0358619813	-0.0032708371	-0.0403408874	-0.0519697758	-0.0308236917	0.0097614921	0.044190547	0.050750635	0.025304607	-0.016099885	-0.0473509122	-0.048739874	-0.0193908153	0.0221871482	0.049772687	0.0459688572	0.0131745611	-0.0279283311	-0.0514180959	-0.0424808075	-0.006752807	-0.0508160513	-0.0314812245	-0.0228059264	-0.0447447972	0.0268604242	0.0456886664	-0.0146375059	-0.0283481724	0.0528506146	0.0200073667	0.334771759992585	0.443790137560736	0.448081059024295	-1.68540061352814
0.0127846	0.0137335	-0.166496	-0.00361092	-0.0019419	0.000398427	-0.0017789	0.0377821	0.009827	-0.00022597	0.00011562	-0.00013944	0.0734395	0.0356971313	-0.0037212726	-0.0407694154	-0.0518495163	-0.0299041152	0.0110886847	0.045018557	0.0502739006	0.0235073292	-0.0182322141	-0.0483587652	-0.0476832451	-0.0166359256	0.0250076315	0.0507226006	0.0441298556	0.0094286395	-0.03127814	-0.0520623368	-0.0396854757	-0.0020309873	-0.0313450407	-0.0094214746	0.0428907575	0.0009578568	0.0093104352	0.0296940317	-0.0041975734	0.0465163602	0.0286832232	-0.0027003132	-1.72793073014537	1.97562467088098	0.448081059024295	-1.68540061352814
0.0284825	-0.0200634	-0.165514	-0.00301323	-0.00175137	0.000583197	0.0156979	-0.0337969	0.000981999999999983	0.00059769	0.00019053	0.00018477	0.0991263	0.0355316183	-0.0041714317	-0.0411911291	-0.0517138504	-0.0289706552	0.0124084642	0.0458056033	0.0497374181	0.021674694	-0.0203306886	-0.0492579697	-0.0464991262	-0.0138288366	0.0277371148	0.0514606403	0.0420811315	0.0056321357	-0.0344398384	-0.0523577323	-0.0365955205	0.0027074549	0.0489859423	-0.0102945033	0.0364585397	0.0370614248	-0.0060490052	-0.0505184184	-0.0144359525	0.0094156825	-0.0029325309	-0.0732839178	-1.97328268272139	2.3518796096548	0.448081059024295	-1.68540061352814
0.0219981	-0.0160963	-0.181582	-0.00403602	-0.00143842	0.000679576	-0.0064844	0.0039671	-0.016068	-0.00102279	0.00031295	9.63790000000002e-05	0.09812545	0.0353654455	-0.004621281	-0.0416059582	-0.0515628185	-0.028023745	0.0137199483	0.0465509697	0.0491418251	0.0198094581	-0.0223914121	-0.0500465054	-0.0451906832	-0.0109783563	0.0303656657	0.0519837232	0.0398324213	0.001805417	-0.0373944116	-0.0523023033	-0.0332338815	0.0074237382	0.0101652372	-0.0376972919	-0.0480469726	-0.0454514869	0.0004742492	-0.0002934779	-0.036039786	-0.0574143872	0.0376645258	0.0330439291	-0.264158791564711	2.33343930388597	0.448081059024295	-1.68540061352814
0.0293601	0.0015792	-0.166387	-0.00355495	-0.00172306	0.000247183	0.007362	0.0176755	0.015195	0.00048107	-0.00028464	-0.000432393	0.10013765	0.0351986159	-0.0050707869	-0.0420138333	-0.0513964655	-0.0270638244	0.0150222601	0.0472539781	0.0484878293	0.0179144269	-0.024410558	-0.0507226006	-0.0437614146	-0.0080934286	0.0328837193	0.0522896643	0.0373944116	-0.0020309873	-0.0401240904	-0.051896421	-0.0296255153	0.0120792627	-0.0613584601	-0.0121107458	0.0037986384	0.0065126452	0.0182683289	0.0717076721	-0.0154279016	0.020700583	0.0047056165	-0.0018785934	-0.173433463068909	2.38781315680539	0.448081059024295	-1.68540061352814
0.0219718	-0.0201231	-0.191164	-0.00272673	-0.00164445	0.000468353	-0.0073883	-0.0217023	-0.024777	0.00082822	7.861e-05	0.00022117	0.1102676	0.0350311327	-0.0055199161	-0.0424146861	-0.0512148408	-0.0260913389	0.016314529	0.0479139886	0.0477762082	0.0159924506	-0.0263843771	-0.0512847364	-0.0422151417	-0.0051831058	0.0352821126	0.0523771858	0.0347786889	-0.0058564958	-0.0426124582	-0.0511428052	-0.0257972105	0.0166359256	0.0106267603	-0.0117132481	0.0491546436	0.0060221151	0.0240262705	-0.024693676	-0.0324453217	0.0433433343	-0.0376421973	-0.0011417472	-1.44407939164953	2.3679333586163	0.448081059024295	-1.68540061352814
0.0219205	0.00548951	-0.191136	-0.00350261	-0.00191048	0.000466984	-5.12999999999972e-05	0.02561261	2.80000000000003e-05	-0.00077588	-0.00026603	-1.36899999999998e-06	0.07785586	0.0348629988	-0.0059686353	-0.0428084497	-0.0510179984	-0.0251067401	0.0175958911	0.0485304007	0.0470078072	0.0140464202	-0.0283092043	-0.0517316498	-0.0405559987	-0.0022565198	0.0375521182	0.0522459219	0.0319976841	-0.0096505858	-0.0448445497	-0.0500465054	-0.021777388	0.0210564335	0.0408655103	-0.0526204953	-0.0402547947	-0.0274844698	0.0142687497	-0.0312567738	-0.0438955207	-0.0580116406	-0.0073036577	0.0510286029	0.086452310241597	1.39498793328898	0.448081059024295	-1.68540061352814
0.0103823	-0.0199359	-0.159419	-0.00381756	-0.00189381	0.000552044	-0.0115382	-0.02542541	0.031717	-0.00031495	1.66700000000001e-05	8.506e-05	0.08951461	0.0346942175	-0.0064169112	-0.0431950583	-0.0508059967	-0.024110485	0.0188654898	0.0491026536	0.0461835398	0.0120792627	-0.0301814655	-0.0520623368	-0.0387884217	0.0006771467	0.0396854757	0.051896421	0.0290646136	-0.013392903	-0.0468069407	-0.0486148674	-0.0175958911	0.025304607	-0.0666495239	-0.0384257312	0.0088424342	0.0507350422	0.0132820415	0.0703142256	-0.0308471172	0.0148186024	-0.0186214837	-0.0371025761	0.417706920420637	1.19461258037372	0.448081059024295	0.592443852028073
0.00477466	-0.0200821	-0.171484	-0.00293914	-0.00213748	0.000602143	-0.00560764	-0.000146199999999999	-0.012065	0.00087842	-0.00024367	5.00990000000001e-05	0.07642829	0.0345247919	-0.0068647103	-0.0435744473	-0.0505788988	-0.0231030362	0.0201224762	0.0496302266	0.0453043854	0.0100939368	-0.0319976841	-0.0522760543	-0.0369171367	0.0036086884	0.0416744222	0.0513301431	0.0259934166	-0.0170633708	-0.0484878293	-0.0468574839	-0.0132837629	0.0293456776	0.0147970053	-0.0481725977	0.0523736874	-0.0201811562	0.0306538486	-0.0418196367	-0.0486969964	0.034596655	-0.0126828232	0.0087191746	1.06168615372076	0.509919375286958	0.448081059024295	-1.68540061352814
0.00477657	0.00985148	-0.1887	-0.00335127	-0.00214484	0.000670563	1.90999999999993e-06	0.02993358	-0.017216	-0.00041213	-7.35999999999966e-06	6.84199999999999e-05	0.07154699	0.0343547251	-0.0073119995	-0.0439465533	-0.0503367722	-0.0220848615	0.0213660101	0.0501126395	0.044371389	0.0080934286	-0.0337544877	-0.0523723222	-0.0349471469	0.0065289069	0.0435117199	0.0505494535	0.0227986886	-0.0206422981	-0.0498771065	-0.0447861304	-0.0088730165	0.0331465714	0.0422752399	-0.0269535729	-0.0550022358	-0.0027463212	0.0210015544	-0.0400503163	-0.0003766805	-0.0755741348	-0.0060780924	0.0255601743	0.932103677711875	-0.042614819992885	0.448081059024295	-1.68540061352814
0.00264573	-0.00889686	-0.16795	-0.00465516	-0.00162991	0.000659148	-0.00213084	-0.01874834	0.02075	-0.00130389	0.00051493	-1.1415e-05	0.13314093	0.0341840202	-0.0077587455	-0.044311314	-0.0500796887	-0.0210564335	0.0225952602	0.0505494535	0.0433856593	0.0060807472	-0.0354486142	-0.0523509242	-0.0328837193	0.0094286395	0.0451906832	0.0495576132	0.0194956122	-0.024110485	-0.0509664168	-0.0424146861	-0.0043963972	0.0366761804	-0.0633833638	0.0189520025	0.0099786124	0.0240405953	0.0042265235	0.0755935614	0.0265537139	0.0323312817	-0.0307762572	-0.0141329117	1.26404704169867	-0.073641587691096	0.448081059024295	-1.68540061352814
0.00479451	-0.0201278	-0.202854	-0.00280436	-0.00214484	0.000659148	0.00214878	-0.01123094	-0.034904	0.0018508	-0.00051493	0	0.16657022	0.0340126806	-0.0082049152	-0.0446686685	-0.0498077248	-0.0200182296	0.0238094045	0.050940271	0.0423483678	0.0040589197	-0.0370769179	-0.0522119084	-0.030732371	0.0122987873	0.0467052026	0.0483587652	0.016099885	-0.0274493255	-0.0517492091	-0.0397590408	0.0001128608	0.0399056168	0.0301437352	0.0148742242	0.0305050187	-0.0034834909	0.0004816556	-0.0591798724	0.0222676858	0.0139893277	-0.0172081125	-0.0038973218	0.234490599821451	-0.00594620217558	0.448081059024295	-1.68540061352814
0.0048649	-0.0160177	-0.210772	-0.00378637	-0.00179246	0.000659148	7.03899999999992e-05	0.0041101	-0.00791799999999998	-0.00098201	0.00035238	0	0.0788179899999999	0.0338407093	-0.0086504753	-0.045018557	-0.0495209612	-0.018970732	0.0250076315	0.0512847364	0.0412607473	0.0020309873	-0.0386363752	-0.0519555872	-0.028498854	0.0151303447	0.0480497669	0.0469579174	0.0126276447	-0.0306409077	-0.0522207755	-0.0368369888	0.004621281	0.0428084497	0.0557737119	0.021051385	-0.0657371497	-0.0408187723	0.0287631411	-0.0468800009	0.0495132657	-0.0708744675	0.0210415141	0.035068908	0.01495799191011	0.134740838535525	0.448081059024295	-1.68540061352814
0.00913606	-0.0120178	-0.211043	-0.00372732	-0.0018416	0.000659148	0.00427116	0.0039999	-0.000270999999999993	5.90499999999997e-05	-4.914e-05	0	0.01395156	0.0336681095	-0.0090953929	-0.0453609212	-0.0492194833	-0.0179144269	0.02618914	0.0515825363	0.0401240904	0	-0.0401240904	-0.0515825363	-0.02618914	0.0179144269	0.0492194833	0.0453609212	0.0090953929	-0.0336681095	-0.0523782801	-0.0336681095	0.0090953929	0.0453609212	-0.0495757986	0.0853523243	-0.0354955778	0.0355726506	0.0022415459	0.0619363779	0.0856762931	-0.0070127244	-0.0324797463	-0.0158850557	-0.11581460606295	0.006116381240437	0.448081059024295	-1.68540061352814
0.0143568	-0.00522346	-0.232463	-0.00317677	-0.00198624	0.000713091	0.00522074	0.00679434	-0.02142	0.00055055	-0.00014464	5.3943e-05	0.07089173	0.0334948844	-0.0095396348	-0.0456957037	-0.0489033805	-0.0168498047	0.0273531403	0.0518333998	0.0389397479	-0.0020309873	-0.0415373011	-0.051093594	-0.0238094045	0.0206422981	0.0502100954	0.0435744473	0.0055199161	-0.0365146908	-0.0522207755	-0.0302736359	0.0135019809	0.0475421407	0.0174982984	0.0696647313	0.0264755537	-0.0159948281	-0.0414409502	-0.0300600353	0.0252414659	0.0382949138	-0.0353384034	0.0091631655	0.127899116302312	-0.179795992098825	0.448081059024295	-1.68540061352814
0.00493681	0.00291792	-0.211826	-0.0045088	-0.00133969	0.00075247	-0.00941999	0.00814138	0.020637	-0.00133203	0.00064655	3.9379e-05	0.13909632	0.0333210373	-0.009983168	-0.0460228486	-0.0485727468	-0.0157773596	0.028498854	0.0520370985	0.0377091275	-0.0040589197	-0.0428733831	-0.0504898588	-0.0213660101	0.0233053991	0.0510179984	0.0416059582	0.0019182066	-0.0391653804	-0.0517492091	-0.0266763128	0.0178083308	0.0493342563	0.0548332329	0.0141003327	-0.024625408	-0.0288129468	-0.0104973221	-0.0315009244	0.0016946883	-0.0322140209	0.0221672048	0.0373995267	0.493989332530674	-0.679935040225727	0.448081059024295	-1.68540061352814
0.0210382	0.000360301	-0.197658	-0.00382651	-0.00183514	0.000659148	0.01610139	-0.002557619	0.014168	0.00068229	-0.00049545	-9.3322e-05	0.096380109	0.0331465714	-0.0104259597	-0.0463423012	-0.0482276804	-0.0146975897	0.0296255153	0.0521934471	0.0364336915	-0.0060807472	-0.0441298556	-0.049772687	-0.0188654898	0.0258953737	0.0516402525	0.0394636764	-0.0016926191	-0.0416059582	-0.0509664168	-0.0229002443	0.0219824722	0.0507226006	-0.0741413239	0.0205527546	-0.0318910167	0.0401034793	-0.0002714392	0.0866798882	0.0340422979	-0.0028849932	0.0233943281	-0.0616709859	1.05045612048195	0.040318665580857	0.448081059024295	-1.68540061352814
0.0281516	-0.017808	-0.238911	-0.00303633	-0.00193785	0.00071031	0.0071134	-0.018168301	-0.041253	0.00079018	-0.00010271	5.1162e-05	0.113737301	0.0329714899	-0.0108679768	-0.0466540082	-0.0478682839	-0.0136109962	0.030732371	0.0523023033	0.0351149558	-0.0080934286	-0.0453043854	-0.04894369	-0.016314529	0.0284040951	0.0520745933	0.0371565505	-0.0052954007	-0.043823331	-0.0498771065	-0.018970732	0.0259934166	0.0516958108	-0.010285721	0.0372292662	0.0316380828	-0.0334118992	0.0237161976	-0.017940574	0.0406773615	0.0404196586	0.0335706889	0.0057531782	0.563399543186377	0.263878108049985	0.448081059024295	0.592443852028073
0.0253434	0.00646596	-0.208143	-0.003836	-0.00195233	0.000659148	-0.00280819999999999	0.02427396	0.030768	-0.00079967	-1.44799999999999e-05	-5.1162e-05	0.10111576	0.0327957961	-0.0113091867	-0.0469579174	-0.0474946641	-0.0125180835	0.0318186811	0.0523635681	0.0337544877	-0.0100939368	-0.0463947917	-0.0480047303	-0.0137199483	0.0308236917	0.0523194405	0.0346942175	-0.0088730165	-0.0458056033	-0.0484878293	-0.0149141057	0.0298113868	0.0522459219	0.047027923	0.0578995226	0.0322374104	-0.0232956431	-0.0077129901	-0.0491798751	0.0401141592	0.0209246769	0.0116939118	0.0399384225	-0.280065379503888	0.758435992981109	0.448081059024295	0.592443852028073
0.02133	0.0027394	-0.210861	-0.00330087	-0.00198703	0.000659148	-0.0040134	-0.00372656	-0.00271800000000003	0.00053513	-3.46999999999999e-05	0	0.03894946	0.0326194932	-0.0117495564	-0.0472539781	-0.0471069319	-0.0114193591	0.0328837193	0.0523771858	0.032353904	-0.0120792627	-0.0473990497	-0.0469579174	-0.0110886847	0.0331465714	0.0523739028	0.0320869629	-0.0124084642	-0.0475421407	-0.0468069407	-0.010757547	0.0334080384	0.0523684314	0.0321797805	0.0345159182	-0.0661744607	0.0562366557	-0.0509470994	-0.0172775272	0.0177466414	-0.0644577159	-0.0071984922	-0.0491857113	-0.140260625827548	0.956745253761908	0.448081059024295	0.592443852028073
0.0271615	-0.0165711	-0.238868	-0.00326781	-0.00182584	0.000809984	0.0058315	-0.0193105	-0.028007	3.30600000000001e-05	0.00016119	0.000150836	0.0704033	0.0324425845	-0.0121890533	-0.0475421407	-0.0467052026	-0.0103153331	0.0339267737	0.0523431439	0.0309148693	-0.0140464202	-0.0483152946	-0.0458056033	-0.0084277735	0.0353654455	0.0522377823	0.0293456776	-0.015884942	-0.049023627	-0.0448445497	-0.0065289069	0.0367566699	0.0520623368	-0.0364010427	0.0042467575	0.0027325254	-0.0398822057	-0.0055767748	0.0199591814	-0.0080529499	0.005288725	0.0644617987	0.0210677979	-1.24107659627669	0.672905774024319	0.448081059024295	-1.68540061352814
0.0353518	0.00608508	-0.190557	-0.00381347	-0.00175972	0.000794405	0.0081903	0.02265618	0.048311	-0.00054566	6.612e-05	-1.55789999999999e-05	0.11052543	0.0322650733	-0.0126276447	-0.0478223571	-0.0462895956	-0.009206518	0.0349471469	0.0522614734	0.0294390937	-0.0159924506	-0.0491418251	-0.0445503769	-0.0057443291	0.0374733519	0.0519115742	0.0264818121	-0.0192859283	-0.0502421146	-0.0426124582	-0.0022565198	0.0398324213	0.0513301431	0.0118291826	-0.0016781438	0.0552116004	0.042451686	-0.0392797386	-0.0272582542	-0.0096124736	0.0428037691	0.013804227	-0.036389494	-1.07844927411865	0.356826148697648	0.448081059024295	0.592443852028073
0.0394936	-0.0340458	-0.224904	-0.00340788	-0.0017628	0.000855175	0.00414179999999999	-0.04013088	-0.034347	0.00040559	-3.07999999999992e-06	6.077e-05	0.10209168	0.0320869629	-0.0130652981	-0.0480945804	-0.0458602343	-0.0080934286	0.0359441567	0.0521322486	0.0279283311	-0.0179144269	-0.0498771065	-0.0431950583	-0.0030455261	0.0394636764	0.0513964655	0.0235073292	-0.0225952602	-0.0511910666	-0.0401240904	0.0020309873	0.0426124582	0.050177843	0.0231977885	-0.0137608796	-0.0498809767	-0.0400894214	-0.035431333	-0.0162683476	-0.0213131614	-0.0471300185	-0.0066084856	0.0147539646	0.474491743969509	0.041545428862495	0.448081059024295	0.592443852028073
0.0419462	0.0226189	-0.20896	-0.00377741	-0.00182584	0.000659148	0.0024526	0.0566647	0.015944	-0.00036953	-6.30400000000001e-05	-0.000196027	0.10649115	0.0319082567	-0.0135019809	-0.0483587652	-0.0454172463	-0.0069765817	0.0369171367	0.0519555872	0.0263843771	-0.0198094581	-0.0505197734	-0.0417426926	-0.0003385804	0.0413301739	0.0506943307	0.0204346535	-0.0257972105	-0.051865392	-0.0373944116	0.0063048856	0.0450761418	0.0486148674	-0.0370205713	-0.0043180606	0.0052676078	0.0051597407	-0.0201496525	0.0368056001	-0.0232468726	0.0169592378	-0.0125132984	0.0216300505	0.717358327035998	0.395962566937281	0.448081059024295	0.592443852028073
0.0419319	-0.0201556	-0.217455	-0.00308999	-0.00188958	0.000882867	-1.42999999999949e-05	-0.0427745	-0.00849500000000003	0.00068742	-6.37400000000001e-05	0.000223719	0.10002775	0.0317289578	-0.0139376608	-0.0486148674	-0.0449607632	-0.0058564958	0.0378654364	0.0517316498	0.0248090665	-0.021674694	-0.0510686325	-0.0401965428	0.0023692706	0.0430669878	0.0498077248	0.01727662	-0.0288765622	-0.0522614734	-0.0344398384	0.0105365379	0.0472051818	0.0466540082	0.0476116136	-0.0246583051	0.0288043889	0.0392338388	0.0387411395	-0.0505800716	-0.0186202264	-0.0004098531	0.0006140383	-0.0554919141	0.579802480023452	0.709782010666328	0.448081059024295	0.592443852028073
0.0420116	-0.000869604	-0.188922	-0.00479749	-0.0012379	0.00096134	7.9699999999995e-05	0.019285996	0.028533	-0.0017075	0.00065168	7.84730000000001e-05	0.169781346	0.0315490697	-0.0143723053	-0.048862844	-0.0444909208	-0.0047336909	0.0387884217	0.0514606403	0.0232042715	-0.0235073292	-0.0515226647	-0.0385600826	0.0050707869	0.0446686685	0.048739874	0.0140464202	-0.0318186811	-0.0523771858	-0.03127814	0.0146975897	0.0489837722	0.044311314	-0.010198818	-0.0329475061	-0.0608445174	-0.0065234137	0.0329670857	0.015208563	-0.0093061728	-0.0683553011	0.0355176539	0.0274074925	-0.211096305902385	1.76656761577154	0.448081059024295	-1.68540061352814
0.0419984	-0.0198873	-0.192418	-0.00455151	-0.00126489	0.00137083	-1.3199999999991e-05	-0.019017696	-0.003496	0.00024598	-2.699e-05	0.00040949	0.056649896	0.0313685957	-0.0148058821	-0.0491026536	-0.0440078585	-0.0036086884	0.0396854757	0.0511428052	0.0215718994	-0.025304607	-0.051881027	-0.0368369888	0.0077587455	0.0461301902	0.0474946641	0.010757547	-0.034609585	-0.0522119084	-0.0279283311	0.0187601599	0.0503987089	0.0416059582	-0.0419193654	0.0086737293	0.0397524019	-0.0033560057	-0.0278727042	0.048841105	-0.0051249662	0.0555899163	-0.0342381742	-0.0149391783	0.987159645548964	1.82512511148637	-2.22840312389761	-1.68540061352814
0.041883	-0.0134121	-0.236922	-0.00323051	-0.00182584	0.000951507	-0.000115400000000009	0.0064752	-0.044504	0.001321	-0.00056095	-0.000419323	0.16615825	0.0311875391	-0.015238359	-0.0493342563	-0.0435117199	-0.0024820104	0.0405559987	0.0507784337	0.0199138901	-0.0270638244	-0.0521430537	-0.0350311327	0.0104259597	0.047446967	0.0460766263	0.0074237382	-0.0372360105	-0.051766528	-0.024410558	0.0226970271	0.0514394875	0.0385600826	0.0481796389	0.0131967111	0.0294970076	-0.0515000396	-0.0138633904	-0.0301950903	0.0024323176	0.0240999035	-0.0290086802	0.058935851	0.694285353323789	0.155574871115562	0.448081059024295	-1.68540061352814
0.0418829	-0.00489866	-0.217462	-0.00366004	-0.00182584	0.000977679	-9.99999999959367e-08	0.00851344	0.01946	-0.00042953	0	2.6172e-05	0.05075864	0.0310059033	-0.015669704	-0.0495576132	-0.0430026525	-0.0013541801	0.0413994086	0.0503678575	0.0182322141	-0.0287823352	-0.0523082586	-0.0331465714	0.0130652981	0.0486148674	0.0444909208	0.0040589197	-0.0396854757	-0.051043434	-0.0207459769	0.0264818121	0.0520983812	0.0351986159	-0.0360725614	0.0148508275	-0.0505088008	0.0414583351	-0.030399442	0.0415622252	0.0213180784	-0.0364004958	-0.0755975754	-0.0091587646	0.537468101748123	1.14529846353095	0.448081059024295	0.592443852028073
0.0284403	-0.0252785	-0.251404	-0.00333901	-0.00182584	0.00113532	-0.0134426	-0.02037984	-0.033942	0.00032103	0	0.000157641	0.09169799	0.0308236917	-0.016099885	-0.049772687	-0.0424808075	-0.0002257211	0.0422151417	0.04991145	0.01652887	-0.0304575546	-0.0523763346	-0.0311875391	0.015669704	0.0496302266	0.0427433176	0.0006771467	-0.0419463399	-0.0500465054	-0.0169566271	0.0300891549	0.0523704984	0.0315490697	-0.0130306475	0.0152398418	0.0350781779	-0.0277610947	-0.0203736107	-0.008459418	0.0080211969	0.0432959828	-0.0174450563	0.0335006147	-0.011510510189577	1.28248951644182	0.448081059024295	0.592443852028073
0.0185188	-0.00534847	-0.210677	-0.00351677	-0.00182584	0.00094466	-0.0099215	0.01993003	0.040727	-0.00017776	0	-0.00019066	0.08899953	0.0306409077	-0.01652887	-0.0499794418	-0.0419463399	0.0009028426	0.0430026525	0.0494096266	0.0148058821	-0.0320869629	-0.0523471556	-0.0291584371	0.0182322141	0.0504898588	0.0408401761	-0.0027074549	-0.0440078585	-0.0487810905	-0.0130652981	0.0334948844	0.0522538189	0.0276413132	0.0613066809	0.0033833676	0.0031464907	0.013804929	-0.0469234015	-0.0446841158	-0.0271041726	-0.0099979616	-0.0351342283	0.0059697079	-0.85714626218891	1.14839640327324	0.448081059024295	0.592443852028073
0.0161418	-0.0202237	-0.240352	-0.0030776	-0.00198849	0.00102946	-0.002377	-0.01487523	-0.029675	0.00043917	-0.00016265	8.48e-05	0.08125823	0.0304575546	-0.0169566271	-0.050177843	-0.0413994086	0.0020309873	0.0437614146	0.048862844	0.0130652981	-0.0336681095	-0.0522207755	-0.0270638244	0.0207459769	0.0511910666	0.0387884217	-0.0060807472	-0.0458602343	-0.0472539781	-0.0090953929	0.0366761804	0.0517492091	0.0235073292	-0.0404956484	0.0028602412	-0.0243663201	-0.0419066906	-0.0419941845	0.0403288244	-0.0066358777	-0.011137734	-0.0153087209	0.0278247427	-1.27006616039093	0.607277100625512	0.448081059024295	0.592443852028073
0.0107981	0.00177288	-0.205815	-0.00411618	-0.00182584	0.00107907	-0.0053437	0.02199658	0.034537	-0.00103858	0.00016265	4.96099999999998e-05	0.12441928	0.0302736359	-0.0173831246	-0.0503678575	-0.0408401761	0.003158189	0.0444909208	0.0482715996	0.0113091867	-0.0351986159	-0.0519974292	-0.0249084068	0.0232042715	0.0517316498	0.0365955205	-0.0094286395	-0.0474946641	-0.0454733605	-0.0050707869	0.0396117264	0.050860415	0.0191809517	-0.0010685624	-0.0038494713	0.0561296638	0.0256135777	-0.007595916	-0.0169457814	-5.66103e-05	0.0539979654	0.0121658717	0.0061489916	-0.141209265687465	-0.54057453972994	0.448081059024295	-1.68540061352814
0.00150724	-0.0202394	-0.202266	-0.0029394	-0.00182584	0.00134903	-0.00929086	-0.02201228	0.003549	0.00117678	0	0.00026996	0.10718914	0.0300891549	-0.0178083308	-0.0505494535	-0.0402688086	0.0042839244	0.0451906832	0.0476364314	0.0095396348	-0.0366761804	-0.0516775313	-0.0226970271	0.0256005252	0.0521099123	0.0342694522	-0.0127371473	-0.0489033805	-0.0434487905	-0.0010156846	0.0422818529	0.049594035	0.0146975897	0.0151510488	-0.0639353775	-0.0436241189	0.0270066624	0.0271350169	-0.0046091111	-0.0318104504	-0.0438752053	0.0199715622	-0.049236452	0.43949301201835	0.8566700632255	0.448081059024295	0.592443852028073
0.0125402	-0.00647291	-0.225428	-0.00338716	-0.00182584	0.00132018	0.01103296	0.01376649	-0.023162	-0.00044776	0	-2.885e-05	0.07179195	0.0299041152	-0.0182322141	-0.0507226006	-0.0396854757	0.005407671	0.0458602343	0.0469579174	0.0077587455	-0.0380985803	-0.0512616758	-0.0204346535	0.0279283311	0.052324667	0.0318186811	-0.0159924506	-0.0500796887	-0.0411911291	0.0030455261	0.0446686685	0.0479594708	0.0100939368	-0.0474512641	-0.034906798	0.027376027	-0.0288427118	0.0529960043	0.0559664241	-0.0121620991	0.0349888375	0.0275939035	0.0337459458	-1.56775224844877	0.369446189539976	0.448081059024295	-1.68540061352814
0.0137682	-0.0095279	-0.220301	-0.00338716	-0.00175392	0.00132018	0.001228	-0.00305499	0.00512699999999999	0	7.19200000000001e-05	0	0.01300599	0.0297185201	-0.018654743	-0.0508872699	-0.039090351	0.0065289069	0.0464991262	0.046236675	0.0059686353	-0.0394636764	-0.050750635	-0.018126369	0.0301814655	0.0523752403	0.0292521253	-0.0191809517	-0.0510179984	-0.0387124883	0.0070884207	0.0467561802	0.0459688572	0.005407671	0.051937687	-0.0157510653	0.0128137881	0.0507561665	-0.0164023486	-0.0433432084	-0.0170242868	-0.0057186103	-0.020766411	-0.046577592	-2.59047859487367	-0.190843411655219	0.448081059024295	-1.68540061352814
0.0273009	-0.0146255	-0.240307	-0.00338716	-0.00182584	0.00132018	0.0135327	-0.0050976	-0.020006	0	-7.19200000000001e-05	0	0.0422323	0.0295323731	-0.0190758861	-0.051043434	-0.0384836111	0.0076471118	0.0471069319	0.0454733605	0.0041714317	-0.0407694154	-0.0501453577	-0.0157773596	0.032353904	0.0522614734	0.0265791242	-0.0222893319	-0.0517138504	-0.0360261653	0.0110886847	0.0485304007	0.0436369724	0.0006771467	-0.0356010316	-0.0164151699	-0.0042239688	-0.0466514476	-0.0464922163	0.0262333379	-0.027777278	0.0043027236	0.0225571352	0.0160558992	-0.256623211442905	-0.21888630207718	0.448081059024295	-1.68540061352814
0.0293376	-0.00516465	-0.210816	-0.00373076	-0.001756	0.00132018	0.0020367	0.00946085	0.029491	-0.0003436	6.984e-05	0	0.06166055	0.0293456776	-0.0194956122	-0.0511910666	-0.0378654364	0.0087617663	0.0476832451	0.0446686685	0.0023692706	-0.0420138333	-0.0494469678	-0.013392903	0.0344398384	0.0519837232	0.0238094045	-0.025304607	-0.0521639377	-0.0331465714	0.0150222601	0.0499794418	0.0409811285	-0.0040589197	0.0335443947	-0.0289197147	0.0554468036	0.0241527663	-0.0247236952	-0.0404452751	-0.0426991511	0.0364051279	0.0031501244	-0.0290193271	-1.80227598731512	-0.369379704451445	0.448081059024295	-1.68540061352814
0.026295	-0.02008	-0.22687	-0.00367446	-0.00182584	0.00132018	-0.0030426	-0.01491535	-0.016054	5.63e-05	-6.984e-05	0	0.04031895	0.0291584371	-0.0199138901	-0.0513301431	-0.0372360105	0.009872353	0.0482276804	0.043823331	0.0005642937	-0.0431950583	-0.0486567622	-0.0109783563	0.0364336915	0.0515428613	0.0209530451	-0.028214182	-0.0523661213	-0.0300891549	0.0188654898	0.051093594	0.0380210421	-0.0087617663	-0.0445944172	-0.0455561914	-0.0132867441	0.0482357642	0.0111160655	0.0403565638	-0.0328911928	-0.0147338035	0.0061883783	-0.0620446709	-1.95782225109494	1.32591943625574	0.448081059024295	-1.68540061352814
0.0280114	-0.017598	-0.272561	-0.00318135	-0.00182584	0.00132018	0.0017164	0.002482	-0.045691	0.00049311	0	0	0.0745449	0.0289706552	-0.0203306886	-0.0514606403	-0.0365955205	0.0109783563	0.048739874	0.0429381175	-0.0012413539	-0.044311314	-0.0477762082	-0.0085391442	0.0383301323	0.050940271	0.0180204398	-0.0310059033	-0.0523194405	-0.0268703181	0.0225952602	0.051865392	0.0347786889	-0.013392903	0.0045700747	-0.0394655258	0.0532015454	-0.0115700391	0.0054721559	-0.0278860776	-0.0325520864	0.0439375416	0.0293089965	0.0247419398	-0.214890865342051	1.61219466929985	0.448081059024295	-1.68540061352814
0.0276012	-0.0220544	-0.234816	-0.00382394	-0.0016975	0.00132018	-0.000410200000000003	-0.0044564	0.037745	-0.00064259	0.00012834	0	0.0811581	0.0287823352	-0.0207459769	-0.0515825363	-0.0359441567	0.0120792627	0.0492194833	0.0420138333	-0.0030455261	-0.0453609212	-0.0468069407	-0.0060807472	0.0401240904	0.050177843	0.0150222601	-0.0336681095	-0.0520241169	-0.0235073292	0.02618914	0.0522896643	0.03127814	-0.0179144269	0.008560455	-0.0342215315	-0.0558683523	0.0475726295	-0.0257089469	-0.0013339378	-0.0183035638	-0.0626609377	-0.0267189599	-0.0323804346	-0.022678360392298	-0.080827842121692	0.448081059024295	0.592443852028073
0.0278894	-0.0201516	-0.235613	-0.00338269	-0.00182584	0.00132018	0.000288200000000002	0.0019028	-0.00079700000000002	0.00044125	-0.00012834	0	0.0314675	0.0285934806	-0.0211597241	-0.0516958108	-0.0352821126	0.0131745611	0.0496661877	0.0410513194	-0.0048460789	-0.0463423012	-0.0457507597	-0.0036086884	0.0418107693	0.0492579697	0.011969416	-0.0361896802	-0.0514815542	-0.0200182296	0.0296255153	0.0523635681	0.0275453833	-0.0222893319	-0.0203823859	-0.01234157	0.0321647019	-0.0407605256	-0.017040252	0.0100300547	-0.0395680495	0.0332755701	-0.0197070863	0.0144170244	-0.036267166286905	-0.287958805648419	0.448081059024295	-1.68540061352814
0.0191585	0.00305107	-0.23569	-0.00350037	-0.00182584	0.00132018	-0.0087309	0.02320267	-7.69999999999937e-05	-0.00011768	0	0	0.03789457	0.0284040951	-0.0215718994	-0.0518004449	-0.034609585	0.014263743	0.0500796887	0.0400514517	-0.0066408724	-0.0472539781	-0.0446096262	-0.0011285219	0.0433856593	0.0481835374	0.0088730165	-0.0385600826	-0.0506943307	-0.0164217376	0.0328837193	0.0520866082	0.0236081307	-0.0264818121	0.0292320834	-0.0212530898	-0.0448594183	-0.0311760921	-0.0397485907	-0.0119164913	-0.03217175	-0.0525084835	-0.0263483956	0.0492331226	0.274914313687564	0.021056831453674	0.448081059024295	-1.68540061352814
0.0149166	-0.010676	-0.251216	-0.00354376	-0.00182584	0.00119529	-0.0042419	-0.01372707	-0.015526	-4.33899999999999e-05	0	-0.00012489	0.04190897	0.028214182	-0.0219824722	-0.051896421	-0.0339267737	0.0153463027	0.0504597097	0.03901514	-0.0084277735	-0.0480945804	-0.0433856593	0.0013541801	0.0448445497	0.0469579174	0.0057443291	-0.0407694154	-0.0496661877	-0.0127371473	0.0359441567	0.0514606403	0.0194956122	-0.0304575546	-0.041661561	0.0274498789	0.0155406517	-0.0118804016	-0.0251542769	0.0553114496	0.0159551315	0.0385468986	-0.0592290609	-0.0103247628	0.166782196651071	0.576224270326323	0.448081059024295	-1.68540061352814
0.00140441	-0.0120566	-0.270127	-0.00322178	-0.00203429	0.00112753	-0.01351219	-0.0013806	-0.018911	0.00032198	-0.00020845	-6.77599999999998e-05	0.06371329	0.028023745	-0.0223914121	-0.0519837232	-0.0332338815	0.0164217376	0.0508059967	0.0379433273	-0.0102046586	-0.048862844	-0.0420811315	0.0038338396	0.0461835398	0.0455849554	0.0025947387	-0.0428084497	-0.0484020114	-0.0089842256	0.0387884217	0.0504898588	0.015238359	-0.0341840202	0.056225102	0.0133272878	-0.0229326323	-0.0360064026	0.0098123178	-0.0317723801	0.0161640835	-0.0269160808	-0.0341924042	0.0524131295	0.239642310994866	0.68189038164521	0.448081059024295	-1.68540061352814
0.0077416	0.00585222	-0.229363	-0.00451354	-0.00172486	0.00104568	0.00633719	0.01790882	0.040764	-0.00129176	0.00030943	-8.18500000000001e-05	0.14916201	0.0278327876	-0.0227986886	-0.0520623368	-0.0325311144	0.0174895484	0.0511183183	0.0368369888	-0.011969416	-0.0495576132	-0.0406984653	0.0063048856	0.0473990497	0.0440689593	-0.0005642937	-0.0446686685	-0.0469078096	-0.0051831058	0.0413994086	0.0491807684	0.0108679768	-0.0376307102	-0.0438004907	0.0499376635	-0.023484445	-0.0016816356	0.008299486	0.0593516541	0.0545473528	0.0007415137	-0.0470073148	-0.0043452183	-0.076082713329245	0.221380138286053	0.448081059024295	-1.68540061352814
0.013244	-0.0202286	-0.279472	-0.00336351	-0.00182584	0.00111505	0.0055024	-0.02608082	-0.050109	0.00115003	-0.00010098	6.937e-05	0.14771122	0.0276413132	-0.0232042715	-0.0521322486	-0.0318186811	0.0185492395	0.0513964655	0.0356971313	-0.0137199483	-0.050177843	-0.0392402281	0.0087617663	0.0484878293	0.0424146861	-0.0037212726	-0.0463423012	-0.0451906832	-0.0013541801	0.0437614146	0.0475421407	0.0064169112	-0.0407694154	0.0558970665	0.0371401451	0.013628276	-0.0429971742	0.0217602194	-0.0408685844	0.0230615232	0.0118280315	-0.0030733919	0.0428249547	-0.378259364674589	-1.36120330125197	0.448081059024295	-1.68540061352814
0.01158	-0.000783	-0.241253	-0.00400786	-0.00182584	0.00108014	-0.001664	0.0194456	0.038219	-0.00064435	0	-3.491e-05	0.0932916	0.0274493255	-0.0236081307	-0.0521934471	-0.0310967934	0.0196003187	0.0516402525	0.0345247919	-0.015454175	-0.0507226006	-0.0377091275	0.0111989617	0.0494469678	0.0406273263	-0.0068647103	-0.0478223571	-0.0432587929	0.0024820104	0.0458602343	0.0455849554	0.0019182066	-0.0435744473	-0.0514834668	0.036509131	-0.0481474166	0.0371291215	0.0139667503	0.0517106301	0.0404591428	-0.0226422357	-0.0128590041	-0.0297954142	-1.20045852556685	-1.38568979062455	0.448081059024295	-1.68540061352814
0.0177449	-0.0201685	-0.288526	-0.00358326	-0.00207584	0.00132018	0.0061649	-0.0193855	-0.047273	0.0004246	-0.00025	0.00024004	0.1185554	0.027256828	-0.0240102362	-0.0522459219	-0.0303656657	0.0206422981	0.0518495163	0.0333210373	-0.0171700353	-0.0511910666	-0.0361080066	0.0136109962	0.0502739006	0.0387124883	-0.009983168	-0.0491026536	-0.0411213197	0.0063048856	0.0476832451	0.0433223267	-0.0025947387	-0.0460228486	0.0132882209	0.0529374301	0.0408060475	-0.0016288483	0.0384663913	-0.0344892149	0.0532264339	0.0481227829	0.0298381187	0.0101772951	-1.51043789312624	-1.31553996673087	0.448081059024295	-1.68540061352814
0.0117411	-0.00352902	-0.243799	-0.00430913	-0.00182584	0.00132018	-0.0060038	0.01663948	0.044727	-0.00072587	0.00025	0	0.11616378	0.0270638244	-0.024410558	-0.0522896643	-0.0296255153	0.021674694	0.0520241169	0.0320869629	-0.0188654898	-0.0515825363	-0.0344398384	0.0159924506	0.0509664168	0.0366761804	-0.0130652981	-0.050177843	-0.0387884217	0.0100939368	0.0492194833	0.0407694154	-0.0070884207	-0.0480945804	0.0245035626	0.0193548368	-0.0644554753	0.0345738237	0.0387612696	-0.0254640209	0.0399780618	-0.0717585978	0.0363023179	-0.012106669	-1.1887407877087	-1.21560463277543	0.448081059024295	0.592443852028073
0.0145092	-0.0201213	-0.249963	-0.00377951	-0.00195293	0.00132018	0.0027681	-0.01659228	-0.00616400000000003	0.000529620000000001	-0.00012709	0	0.05835988	0.0268703181	-0.0248090665	-0.052324667	-0.0288765622	0.0226970271	0.0521639377	0.0308236917	-0.0205385235	-0.051896421	-0.0327077205	0.0183379745	0.0515226647	0.0345247919	-0.016099885	-0.051043434	-0.0362711858	0.0138288366	0.0504597097	0.0379433273	-0.0115294786	-0.049772687	-0.0317121779	0.006598088	0.0227779411	0.0155827849	0.0393099696	0.0178398229	0.0185878306	0.0334119753	0.0224079079	-0.0451983734	-0.148109073063647	-1.11968621567831	-2.22840312389761	0.592443852028073
0.00142785	0.00249346	-0.264467	-0.00371445	-0.00202972	0.00132018	-0.01308135	0.02261476	-0.014504	6.50599999999996e-05	-7.679e-05	0	0.05729261	0.0266763128	-0.0252057321	-0.0523509242	-0.0281190288	0.0237088227	0.0522688852	0.0295323731	-0.0221871482	-0.0521322486	-0.0309148693	0.0206422981	0.0519411573	0.0322650733	-0.0190758861	-0.0516958108	-0.0335815749	0.0174895484	0.0513964655	0.0348629988	-0.015884942	-0.051043434	0.0543661355	-0.0034812054	0.0169415988	-0.0242167669	0.0664966306	-0.0376527532	0.0194237729	0.0012162206	0.0575687822	0.0297079903	-0.630649433083737	-1.31876326351117	-2.22840312389761	0.592443852028073
0.0143609	-0.0202365	-0.262914	-0.00336925	-0.00182585	0.00132018	0.01293305	-0.02272996	0.00155300000000003	0.0003452	0.00020387	0	0.0646695100000001	0.0264818121	-0.0256005252	-0.0523684314	-0.0273531403	0.024709611	0.0523388891	0.028214182	-0.0238094045	-0.0522896643	-0.0290646136	0.0229002443	0.0522207755	0.0299041152	-0.0219824722	-0.0521322486	-0.030732371	0.0210564335	0.0520241169	0.0315490697	-0.0201224762	-0.051896421	-0.0487362948	0.0201763636	-0.0469877971	0.0788386173	0.0543261545	0.039227436	0.0516806553	-0.0349029026	0.0206347719	-0.074734518	-1.02341756603107	-1.39351125966911	0.448081059024295	0.592443852028073
0.0229875	-0.0202955	-0.287852	-0.0031697	-0.00208043	0.00132018	0.0086266	-5.9e-05	-0.024938	0.00019955	-0.00025458	0	0.0563301	0.0262868196	-0.0259934166	-0.0523771858	-0.0265791242	0.0256989275	0.0523739028	0.0268703181	-0.0254033645	-0.0523684314	-0.0271603893	0.0251067401	0.0523607718	0.0274493255	-0.0248090665	-0.0523509242	-0.0277371148	0.0245103563	0.0523388891	0.028023745	-0.0242106219	-0.052324667	-0.002581681	0.0109240081	0.0345751264	-0.0140059501	0.0690940499	-0.0218022693	0.0308256152	0.0383350717	0.0660780618	0.0196503142	-0.532686891500259	-1.33364476093553	0.448081059024295	-1.68540061352814
0.014036	0.00407942	-0.23217	-0.00389364	-0.00193599	0.00132018	-0.0089515	0.02437492	0.055682	-0.00072394	0.00014444	0	0.13242742	0.0260913389	-0.0263843771	-0.0523771858	-0.0257972105	0.0266763128	0.0523739028	0.0255020041	-0.0269671338	-0.0523684314	-0.0252057321	0.027256828	0.0523607718	0.0249084068	-0.0275453833	-0.0523509242	-0.0246100408	0.0278327876	0.0523388891	0.0243106464	-0.0281190288	-0.052324667	0.0406085862	-0.0113438102	-0.0425511355	0.0479241014	0.0229384143	-0.0346271797	0.0075264481	-0.0539936955	0.0192739285	-0.032504863	-0.404107430651903	-1.28932396294993	0.448081059024295	-1.68540061352814
0.0199173	-0.0203043	-0.249877	-0.00312708	-0.00207191	0.00121856	0.0058813	-0.02438372	-0.017707	0.00076656	-0.00013592	-0.00010162	0.09817702	0.0258953737	-0.0267733776	-0.0523684314	-0.0250076315	0.0276413132	0.0523388891	0.024110485	-0.028498854	-0.0522896643	-0.0232042715	0.0293456776	0.0522207755	0.0222893319	-0.0301814655	-0.0521322486	-0.0213660101	0.0310059033	0.0520241169	0.0204346535	-0.0318186811	-0.051896421	-0.0458005735	-0.0137713484	0.0145306541	-0.023434973	0.01673172	0.0387322893	0.0052712545	0.0205059116	0.0186460109	-0.0309161591	-0.380123740366359	-1.21188615435878	0.448081059024295	-1.68540061352814
0.00143796	0.00207422	-0.281693	-0.00334214	-0.00197592	0.00117074	-0.01847934	0.02237852	-0.031816	-0.00021506	9.59900000000002e-05	-4.78200000000001e-05	0.09061736	0.0256989275	-0.0271603893	-0.0523509242	-0.0242106219	0.0285934806	0.0522688852	0.0226970271	-0.0299967047	-0.0521322486	-0.0211597241	0.0313685957	0.0519411573	0.0196003187	-0.0327077205	-0.0516958108	-0.0180204398	0.0340126806	0.0513964655	0.0164217376	-0.0352821126	-0.051043434	0.0453361667	-0.0210657239	0.0353461674	-0.0233175787	0.0274430511	-0.03336787	-0.0144967496	0.0067587379	0.0142197939	0.0256135409	1.26604721621813	-1.02865119640185	-2.22840312389761	0.592443852028073
0.0142222	-0.00835182	-0.255009	-0.00325478	-0.00182585	0.00132018	0.01278424	-0.01042604	0.0266839999999999	8.73599999999999e-05	0.00015007	0.00014944	0.06923778	0.0255020041	-0.0275453833	-0.052324667	-0.0234064185	0.0295323731	0.0521639377	0.0212629165	-0.0314589057	-0.051896421	-0.0190758861	0.0333210373	0.0515226647	0.0168498047	-0.0351149558	-0.051043434	-0.0145892291	0.0368369888	0.0504597097	0.0122987873	-0.0384836111	-0.049772687	-0.0477011078	-0.0100308545	-0.0323106584	0.0525290924	-0.0129584988	0.0555536847	-0.0098283526	-0.0230533103	-0.0385254643	-0.0398915384	-0.520837537529861	-0.455890949333264	-2.22840312389761	0.592443852028073
0.0159501	-0.0203305	-0.286709	-0.00323952	-0.00237334	0.00132018	0.0017279	-0.01197868	-0.0317	1.526e-05	-0.00054749	0	0.07354408	0.025304607	-0.0279283311	-0.0522896643	-0.0225952602	0.0304575546	0.0520241169	0.0198094581	-0.0328837193	-0.0515825363	-0.0169566271	0.0351986159	0.0509664168	0.0140464202	-0.0373944116	-0.050177843	-0.0110886847	0.0394636764	0.0492194833	0.0080934286	-0.0413994086	-0.0480945804	0.0031227939	-0.0040304389	0.049271852	-0.0223503475	0.0054241552	-0.0275611887	-0.0154628796	0.0466020976	0.0197564048	0.0164506267	0.005991644262957	-0.892647496394866	-2.22840312389761	0.592443852028073
0.0121538	0.0152194	-0.259281	-0.00330813	-0.00213938	0.000991827	-0.0037963	0.0355499	0.027428	-6.86099999999998e-05	0.00023396	-0.000328353	0.09832035	0.0251067401	-0.0283092043	-0.0522459219	-0.021777388	0.0313685957	0.0518495163	0.0183379745	-0.0342694522	-0.0511910666	-0.0148058821	0.0369971132	0.0502739006	0.0111989617	-0.0395377932	-0.0491026536	-0.0075354425	0.0418786518	0.0476832451	0.0038338396	-0.0440078585	-0.0460228486	0.0242025903	-0.0318349585	-0.0613465924	-0.0054072915	-0.0331989196	-0.0108930992	-0.0429015203	-0.0617694918	-0.001598458	0.0273347498	0.482904021245805	-1.2425671444688	-2.22840312389761	0.592443852028073
0.0140921	0.0088253	-0.263645	-0.00337315	-0.00182585	0.00108535	0.0019383	-0.0063941	-0.00436399999999998	-6.50200000000003e-05	0.00031353	9.35229999999999e-05	0.0363000500000001	0.0249084068	-0.0286879745	-0.0521934471	-0.0209530451	0.0322650733	0.0516402525	0.0168498047	-0.0356144575	-0.0507226006	-0.0126276447	0.0387124883	0.0494469678	0.0083163637	-0.0415373011	-0.0478223571	-0.0039463888	0.0440689593	0.0458602343	-0.0004514381	-0.0462895956	-0.0435744473	-0.0493567569	0.0106582157	0.0375724536	-0.0037674375	-0.0327928206	0.0474621398	-0.0059495003	0.052660015	-0.0090925941	-0.0298476367	-0.860561031067374	-1.33454960686624	0.448081059024295	0.592443852028073
0.00718764	0.00154336	-0.286729	-0.00342352	-0.00182585	0.00132018	-0.00690446	-0.00728194	-0.023084	-5.03700000000001e-05	0	0.00023483	0.0515304	0.024709611	-0.0290646136	-0.0521322486	-0.0201224762	0.0331465714	0.0513964655	0.0153463027	-0.0369171367	-0.050177843	-0.0104259597	0.0403408874	0.0484878293	0.005407671	-0.0433856593	-0.0463423012	-0.0003385804	0.0460228486	0.0437614146	-0.0047336909	-0.0482276804	-0.0407694154	0.0626370634	0.0051307118	0.0126057822	-0.074723977	-0.0191514576	-0.048559976	-0.0141824485	-0.0091793401	0.0260756655	0.0494166683	-0.602504219791317	-1.24814814553533	0.448081059024295	-1.68540061352814
0.0224365	0.0101636	-0.260571	-0.00374505	-0.00182585	0.00108061	0.01524886	0.00862024	0.026158	-0.00032153	0	-0.00023957	0.0780821	0.0245103563	-0.0294390937	-0.0520623368	-0.0192859283	0.0340126806	0.0511183183	0.0138288366	-0.0381759417	-0.0495576132	-0.0082049152	0.0418786518	0.0473990497	0.0024820104	-0.0450761418	-0.0446686685	0.0032708371	0.0477298374	0.0413994086	-0.0089842256	-0.0498077248	-0.0376307102	-0.0473438968	0.0385490969	-0.0526271888	0.026898071	-0.0398385044	0.0527027508	0.0306461991	-0.0368315476	-0.0206662961	-0.0122690003	-0.262626802325916	-1.26680107019489	0.448081059024295	-1.68540061352814
0.0277734	-0.00567777	-0.310192	-0.00330002	-0.00206611	0.00132018	0.0053369	-0.01584137	-0.049621	0.00044503	-0.00024026	0.00023957	0.11704227	0.0243106464	-0.0298113868	-0.0519837232	-0.0184436498	0.0348629988	0.0508059967	0.0122987873	-0.0393893764	-0.048862844	-0.0059686353	0.0433223267	0.0461835398	-0.0004514381	-0.0466025972	-0.0428084497	0.0068647103	0.0491807684	0.0387884217	-0.0131745611	-0.0510179984	-0.0341840202	0.0105877896	0.0505950303	0.034331276	-0.0073782636	-0.0221260676	-0.0255132457	0.0240808668	0.04489116	-0.0348089172	0.0006684329	0.881507599915792	-1.1800127101102	0.448081059024295	-1.68540061352814
0.0186306	0.0150819	-0.288482	-0.00335221	-0.00208763	0.00104342	-0.00914280000000001	0.02075967	0.02171	-5.21900000000001e-05	-2.15200000000001e-05	-0.00027676	0.06913597	0.024110485	-0.0301814655	-0.051896421	-0.0175958911	0.0356971313	0.0504597097	0.010757547	-0.0405559987	-0.0480945804	-0.0037212726	0.0446686685	0.0448445497	-0.0033834701	-0.0479594708	-0.0407694154	0.0104259597	0.0503678575	0.0359441567	-0.01727662	-0.0518495163	-0.0304575546	-0.006845798	0.0117978791	-0.0371702685	-0.0130061149	-0.0399260261	0.0072134834	-0.0118510243	-0.0370651331	-0.0032683827	0.0362753675	-1.73244137046695	-0.748846546859001	0.448081059024295	-1.68540061352814
0.00967099	0.0126518	-0.268273	-0.00348721	-0.00188818	0.00119403	-0.00895960999999999	-0.0024301	0.020209	-0.000135	0.00019945	0.00015061	0.05585171	0.0239098759	-0.030549302	-0.0518004449	-0.016742904	0.0365146908	0.0500796887	0.009206518	-0.0416744222	-0.0472539781	-0.0014670001	0.0459146523	0.0433856593	-0.0063048856	-0.0491418251	-0.0385600826	0.0139376608	0.0512847364	0.0328837193	-0.0212629165	-0.0522961052	-0.0264818121	-0.0237962582	-0.0299580654	0.0347608621	0.0480411405	-0.0682632267	-0.0026792571	-0.0454730007	0.0360311678	-0.0093693955	-0.0470944036	-0.433668074846421	-0.855802117488492	0.448081059024295	0.592443852028073
0.0194672	-0.0157148	-0.305005	-0.0027009	-0.00182585	0.00132018	0.00979621	-0.0283666	-0.036732	0.00078631	6.233e-05	0.00012615	0.12363431	0.0237088227	-0.0309148693	-0.0516958108	-0.015884942	0.0373152977	0.0496661877	0.0076471118	-0.0427433176	-0.0463423012	0.0007899965	0.0470574788	0.0418107693	-0.009206518	-0.0501453577	-0.0361896802	0.0173831246	0.0519264863	0.0296255153	-0.0251067401	-0.0523544498	-0.0222893319	0.0611860338	-0.0318229614	0.0116115017	-0.0647927549	-0.0094047735	-0.0402723164	-0.0205957639	-0.0039777368	0.0308901745	0.0376118548	-1.73465709425498	-0.915850837824234	0.448081059024295	0.592443852028073
0.0154573	0.00420469	-0.292848	-0.00374111	-0.00182585	0.00108932	-0.0040099	0.01991949	0.012157	-0.00104021	0	-0.00023086	0.09963989	0.0235073292	-0.03127814	-0.0515825363	-0.0150222601	0.0380985803	0.0492194833	0.0060807472	-0.0437614146	-0.0453609212	0.0030455261	0.0480945804	0.0401240904	-0.0120792627	-0.0509664168	-0.0336681095	0.0207459769	0.0522896643	0.02618914	-0.0287823352	-0.0520241169	-0.0179144269	-0.0534219002	0.0267347139	-0.0621043339	0.0058264774	0.0057891861	0.0630921836	0.0552547431	-0.0411584939	-0.0063923261	0.0030707181	-1.60995975102267	-1.48411542630397	0.448081059024295	0.592443852028073
0.0277646	-0.00455901	-0.292848	-0.00374111	-0.00182585	0.00132018	0.0123073	-0.0087637	0	0	0	0.00023086	0.032614	0.0233053991	-0.0316390872	-0.0514606403	-0.0141551145	0.0388641751	0.048739874	0.0045088495	-0.0447275033	-0.044311314	0.0052954007	0.049023627	0.0383301323	-0.0149141057	-0.0516020147	-0.0310059033	0.0240102362	0.0523723222	0.0225952602	-0.0322650733	-0.0513075588	-0.013392903	-0.006711551	0.0691174148	0.0386467685	0.0152957435	0.0261658051	-0.011161305	0.0637259259	0.0539265609	0.0034356494	-0.0258826193	-0.024881257186343	-1.47323133704968	0.448081059024295	0.592443852028073
0.0361169	-0.020262	-0.337741	-0.00347054	-0.00182585	0.00132018	0.00835230000000001	-0.01570299	-0.044893	0.00027057	0	0	0.08247679	0.0231030362	-0.0319976841	-0.0513301431	-0.0132837629	0.0396117264	0.0482276804	0.0029328492	-0.0456404355	-0.0431950583	0.0075354425	0.0498425313	0.0364336915	-0.017702152	-0.0520498384	-0.028214182	0.0271603893	0.0521740164	0.0188654898	-0.0355316183	-0.0502100954	-0.0087617663	0.0581333174	0.0643669702	-0.0185650745	-0.0532753717	0.0638720009	-0.0454928078	0.0639265948	-0.0217199196	0.0476798274	0.0378028756	-1.39735734488631	-0.722063426639634	0.448081059024295	0.592443852028073
0.0316863	-0.00142738	-0.297542	-0.00366977	-0.00182585	0.00132018	-0.00443060000000001	0.01883462	0.0401989999999999	-0.00019923	0	0	0.0734257200000001	0.0229002443	-0.032353904	-0.0511910666	-0.0124084642	0.0403408874	0.0476832451	0.0013541801	-0.0464991262	-0.0420138333	0.0097614921	0.0505494535	0.0344398384	-0.0204346535	-0.0523082586	-0.025304607	0.0301814655	0.0516958108	0.0150222601	-0.0385600826	-0.048739874	-0.0040589197	-0.0240969205	0.0413835013	-0.0247622729	0.0609810245	0.0256241601	0.0195877253	0.0337599571	-0.0220487045	1.74924e-05	-0.0416304591	-2.02503681499668	-0.257884444820268	0.448081059024295	0.592443852028073
0.0445864	-0.0203902	-0.31635	-0.00300875	-0.00182585	0.00132018	0.0129001	-0.01896282	-0.018808	0.00066102	0	0	0.08372192	0.0226970271	-0.0327077205	-0.051043434	-0.0115294786	0.0410513194	0.0471069319	-0.0002257211	-0.047302555	-0.0407694154	0.011969416	0.0511428052	0.032353904	-0.0231030362	-0.0523763346	-0.0222893319	0.0330591074	0.050940271	0.0110886847	-0.0413301739	-0.0469078096	0.0006771467	0.0190293238	-0.021755946	0.0588510527	0.034985214	-0.0051755087	-0.0421052284	-0.048727127	0.0413348931	0.0028696555	-0.0214679777	-1.58316583366239	0.065798152502187	0.448081059024295	0.592443852028073
0.0326573	0.0120367	-0.316333	-0.00338633	-0.00195511	0.00132018	-0.0119291	0.0324269	1.70000000000448e-05	-0.00037758	-0.00012926	0	0.069715	0.0224933884	-0.0330591074	-0.0508872699	-0.0106470671	0.0417426926	0.0464991262	-0.001805417	-0.0480497669	-0.0394636764	0.0141551145	0.0516212534	0.0301814655	-0.0256989275	-0.0522538189	-0.0191809517	0.0357796393	0.04991145	0.0070884207	-0.043823331	-0.0447275033	0.005407671	0.0219381775	-0.0848808297	-0.0320696497	-0.0270401733	0.0114058743	-0.0030683983	-0.0784250546	-0.0469511075	0.0383870227	0.042175928	-0.180491098240716	-1.05886731007467	0.448081059024295	0.592443852028073
0.0273603	0.00355852	-0.27688	-0.00323216	-0.00182585	0.0011372	-0.005297	-0.00847818	0.039453	0.00015417	0.00012926	-0.00018298	0.0765486799999999	0.0222893319	-0.0334080384	-0.0507226006	-0.0097614921	0.0424146861	0.0458602343	-0.0033834701	-0.048739874	-0.0380985803	0.016314529	0.0519837232	0.0279283311	-0.028214182	-0.0519411573	-0.0159924506	0.0383301323	0.0486148674	0.0030455261	-0.0460228486	-0.0422151417	0.0100939368	-0.0663582011	-0.0615454115	0.0473972877	0.0294737199	0.006367692	0.0673008423	-0.0737190109	0.0509224027	-0.0325471846	-0.0287457911	-0.184097714333649	-0.874111298309156	0.448081059024295	0.592443852028073
0.027672	-0.00500408	-0.320568	-0.00323216	-0.00201819	0.00132018	0.000311700000000002	-0.0085626	-0.0436879999999999	0	-0.00019234	0.00018298	0.0713283	0.0220848615	-0.0337544877	-0.0505494535	-0.0088730165	0.0430669878	0.0451906832	-0.0049584444	-0.0493720561	-0.0366761804	0.0184436498	0.0522294002	0.0256005252	-0.0306409077	-0.0514394875	-0.0127371473	0.0406984653	0.0470574788	-0.0010156846	-0.0479139886	-0.0393893764	0.0146975897	0.0248909679	-0.0164471634	0.0441157376	-0.0349719154	0.0094705645	-0.0578771337	-0.0199986014	0.0205972673	-0.0112677351	0.0402035823	0.61782726716562	-1.02499293797628	0.448081059024295	0.592443852028073
0.0267179	0.0133034	-0.28836	-0.00368708	-0.00201494	0.000751775	-0.000954099999999999	0.01830748	0.032208	-0.00045492	3.25000000000021e-06	-0.000568405	0.10279833	0.0218799809	-0.0340984296	-0.0503678575	-0.0079819045	0.043699295	0.0444909208	-0.0065289069	-0.0499455618	-0.0351986159	0.0205385235	0.0523577323	0.0232042715	-0.0329714899	-0.050750635	-0.0094286395	0.0428733831	0.0452476394	-0.0050707869	-0.0494840794	-0.0362711858	0.0191809517	0.0514073285	0.0032830895	-0.055776714	0.0153525317	-0.0083895944	-0.0436096495	0.0040371369	-0.0780871169	-0.0346553317	0.0147174186	0.101201680244661	-0.868842022500465	0.448081059024295	0.592443852028073
0.0216241	-0.00475809	-0.310095	-0.00329239	-0.00226588	0.00106401	-0.0050938	-0.01806149	-0.021735	0.00039469	-0.00025094	0.000312235	0.09278354	0.021674694	-0.0344398384	-0.050177843	-0.0070884207	0.044311314	0.0437614146	-0.0080934286	-0.0504597097	-0.0336681095	0.0225952602	0.0523684314	0.0207459769	-0.0351986159	-0.0498771065	-0.0060807472	0.0448445497	0.0431950583	-0.0090953929	-0.0507226006	-0.0328837193	0.0235073292	-0.0440200859	0.0095321121	0.0082834232	0.0024622694	0.0150253163	0.0393193765	0.0149592811	0.0161418519	-0.0132195765	-0.0045721184	0.412188245680012	-0.918781907658652	0.448081059024295	0.592443852028073
0.0266591	-0.00699217	-0.324552	-0.00300868	-0.0023065	0.000898772	0.005035	-0.00223408	-0.014457	0.00028371	-4.06199999999999e-05	-0.000165238	0.04620448	0.0214690046	-0.0347786889	-0.0499794418	-0.0061928308	0.0449027607	0.0430026525	-0.0096505858	-0.0509138886	-0.0320869629	0.0246100408	0.0522614734	0.0182322141	-0.0373152977	-0.0488220806	-0.0027074549	0.0466025972	0.0409107473	-0.0130652981	-0.0516212534	-0.0292521253	0.0276413132	0.0311869073	-0.0011361286	0.0469918503	-0.0422713457	0.0343789192	-0.0222596187	-0.0010023632	0.0352284148	0.0286889764	0.0436921755	0.857479293998976	-0.664104838963341	0.448081059024295	0.592443852028073
0.026796	0.00373353	-0.27691	-0.00379515	-0.00182585	0.00104818	0.000136899999999995	0.0107257	0.047642	-0.00078647	0.00048065	0.000149408	0.129331	0.0212629165	-0.0351149558	-0.049772687	-0.0052954007	0.0454733605	0.0422151417	-0.0111989617	-0.0513075588	-0.0304575546	0.0265791242	0.0520370985	0.015669704	-0.0393148935	-0.0475893965	0.0006771467	0.0481391707	0.0384069609	-0.0169566271	-0.0521740164	-0.0254033645	0.0315490697	-0.0337938004	-0.0379027556	-0.0436786897	0.0498985765	-0.0448794884	0.031976726	-0.041078673	-0.039298306	-0.0567044984	-0.0153177184	0.533433733290371	-0.886184542047529	0.448081059024295	0.592443852028073
0.026734	-0.00538907	-0.295893	-0.00273268	-0.0020955	0.00114565	-6.19999999999996e-05	-0.0091226	-0.018983	0.00106247	-0.00026965	9.74700000000001e-05	0.0996471	0.0210564335	-0.0354486142	-0.0495576132	-0.0043963972	0.0460228486	0.0413994086	-0.0127371473	-0.0516402525	-0.0287823352	0.028498854	0.0516958108	0.0130652981	-0.0411911291	-0.0461835398	0.0040589197	0.0494469678	0.0356971313	-0.0207459769	-0.0523771858	-0.0213660101	0.0351986159	-0.0111744477	-0.0474998435	0.0518413458	-0.0176048228	-0.0497145767	-0.0185668367	-0.0453028741	0.0441233046	-0.0564778199	0.0030580513	0.344937431577864	-1.10416745692036	0.448081059024295	0.592443852028073
0.0219682	0.00233857	-0.272801	-0.00413924	-0.00184714	0.00132018	-0.0047658	0.00772764	0.0230919999999999	-0.00140656	0.00024836	0.00017453	0.12705794	0.0208495594	-0.0357796393	-0.0493342563	-0.0034960873	0.0465509697	0.0405559987	-0.014263743	-0.0519115742	-0.0270638244	0.0303656657	0.0512383773	0.0104259597	-0.0429381175	-0.0446096262	0.0074237382	0.0505197734	0.0327957961	-0.024410558	-0.0522294002	-0.0171700353	0.0385600826	0.0555184526	-0.0498974984	-0.0293371469	-0.0470132337	-0.0382827882	-0.0375904199	-0.0325820324	-0.0509698644	-0.0352334129	0.0629887132	0.451464780127049	-1.10222938852579	0.448081059024295	0.592443852028073
0.0267269	-0.00799261	-0.271365	-0.00321692	-0.00223309	0.00132018	0.0047587	-0.01033118	0.00143599999999999	0.00092232	-0.00038595	0	0.08193938	0.0206422981	-0.0361080066	-0.0491026536	-0.0025947387	0.0470574788	0.0396854757	-0.0157773596	-0.0521212014	-0.025304607	0.0321760928	0.0506658255	0.0077587455	-0.0445503769	-0.0428733831	0.010757547	0.051352489	0.0297185201	-0.0279283311	-0.0517316498	-0.0128465907	0.0416059582	-0.0607638723	-0.0073159433	0.0214200755	-0.0046138516	-0.0525610325	0.0850709238	-0.0047144542	0.0372561844	-0.0422719155	-0.0192050224	0.450482678543679	-0.948367854773799	0.448081059024295	0.592443852028073
0.0330782	-0.0130835	-0.305502	-0.00386682	-0.00204484	0.00132018	0.00635129999999999	-0.00509089	-0.034137	-0.0006499	0.00018825	0	0.08748669	0.0204346535	-0.0364336915	-0.048862844	-0.0016926191	0.0475421407	0.0387884217	-0.01727662	-0.0522688852	-0.0235073292	0.0339267737	0.0499794418	0.0050707869	-0.0460228486	-0.0409811285	0.0140464202	0.0519411573	0.0264818121	-0.03127814	-0.0508872699	-0.0084277735	0.044311314	0.0449449295	-0.0132752181	0.0373546987	-0.0435394668	-0.0234187024	-0.0525712394	-0.0267527792	0.0215347665	-0.0056725615	0.0200713052	0.484790425905516	-1.017018342396	0.448081059024295	0.592443852028073
0.0267087	0.00063598	-0.292573	-0.00381141	-0.00223309	0.0010912	-0.0063695	0.01371948	0.012929	5.54100000000001e-05	-0.00018825	-0.00022898	0.05664998	0.0202266294	-0.0367566699	-0.0486148674	-0.0007899965	0.0480047303	0.0378654364	-0.0187601599	-0.0523544498	-0.021674694	0.0356144575	0.0491807684	0.0023692706	-0.0473509122	-0.0389397479	0.01727662	0.0522829807	0.0231030362	-0.0344398384	-0.0497019183	-0.0039463888	0.0466540082	0.0057159147	-0.0057529218	-0.0814845185	-0.0013267299	-0.0362958046	0.0094326261	0.0074661618	-0.0792404325	0.0013572798	0.0020854311	-1.684465624465	-1.16017868295355	0.448081059024295	0.592443852028073
0.0267852	-0.0202005	-0.305465	-0.00369346	-0.00201591	0.00132018	7.65000000000036e-05	-0.02083648	-0.012892	0.00011795	0.00021718	0.00022898	0.06201048	0.0200182296	-0.0370769179	-0.0483587652	0.0001128608	0.0484450328	0.0369171367	-0.0202266294	-0.0523777937	-0.0198094581	0.0372360105	0.0482715996	-0.0003385804	-0.0485304007	-0.0367566699	0.0204346535	0.0523763346	0.0196003187	-0.0373944116	-0.0481835374	0.0005642937	0.0486148674	-0.0383704952	0.0490363108	0.0089520781	0.003633759	-0.0322708505	0.0371921813	0.041243366	0.0382622691	-0.0003710836	-0.0389320167	0.914942553990874	-1.11887117767804	0.448081059024295	0.592443852028073
0.026667	-0.0202744	-0.333965	-0.00339372	-0.0024439	0.00120486	-0.000118199999999999	-7.39000000000017e-05	-0.0285	0.00029974	-0.00042799	-0.00011532	0.0708446	0.0198094581	-0.0373944116	-0.0480945804	0.0010156846	0.048862844	0.0359441567	-0.021674694	-0.0523388891	-0.0179144269	0.0387884217	0.0472539781	-0.0030455261	-0.0495576132	-0.0344398384	0.0235073292	0.0522207755	0.0159924506	-0.0401240904	-0.0463423012	0.0050707869	0.050177843	0.0152909344	0.029431889	0.0410940587	-0.0311430322	0.0186346156	-0.0079500096	0.0171130242	0.050250923	0.038964533	0.021661723	0.539663748502087	-0.964245587143749	0.448081059024295	0.592443852028073
0.0267269	-0.00716034	-0.307341	-0.003348	-0.00223309	0.00132018	5.98999999999981e-05	0.01311406	0.026624	4.572e-05	0.00021081	0.00011532	0.05839046	0.0196003187	-0.0377091275	-0.0478223571	0.0019182066	0.0492579697	0.0349471469	-0.0231030362	-0.0522377823	-0.0159924506	0.0402688086	0.0461301902	-0.0057443291	-0.0504293264	-0.0319976841	0.0264818121	0.0518170426	0.0122987873	-0.0426124582	-0.044190547	0.0095396348	0.0513301431	0.0250935017	-0.0323639983	-0.0578541447	0.0406253125	0.0363725121	-0.0170465115	0.0007757269	-0.0685222274	0.0270408938	-0.0276272112	1.04726470860754	-0.790705644373125	0.448081059024295	0.592443852028073
0.0480094	-0.0475459	-0.316378	-0.00356468	-0.00200484	0.00132018	0.0212825	-0.04038556	-0.00903700000000002	-0.00021668	0.00022825	0	0.09295156	0.0193908153	-0.0380210421	-0.0475421407	0.0028201586	0.0496302266	0.0339267737	-0.0245103563	-0.0520745933	-0.0140464202	0.0416744222	0.0449027607	-0.0084277735	-0.0511428052	-0.0294390937	0.0293456776	0.0511670547	0.0085391442	-0.0448445497	-0.0417426926	0.0139376608	0.0520623368	-0.0648047792	-0.0076297721	0.0218149128	0.0303348967	0.0309381792	0.0599183267	0.0138454032	0.0317048159	0.0104790693	-0.0568751647	0.819123235794615	-0.939011007477274	0.448081059024295	0.592443852028073
0.0458186	-0.0186469	-0.359546	-0.0034003	-0.00232103	0.00152086	-0.0021908	0.028899	-0.043168	0.00016438	-0.00031619	0.00020068	0.1083203	0.0191809517	-0.0383301323	-0.0472539781	0.0037212726	0.0499794418	0.0328837193	-0.0258953737	-0.0518495163	-0.0120792627	0.0430026525	0.0435744473	-0.0110886847	-0.0516958108	-0.0267733776	0.0320869629	0.0502739006	0.0047336909	-0.0468069407	-0.03901514	0.0182322141	0.0523684314	0.0230108631	-0.0003228272	0.0458479234	-0.0363236379	0.0068254154	-0.0361880335	-0.0181069569	0.0430456772	0.0193059805	0.0414964946	0.419640450340879	-1.04001638539448	0.448081059024295	0.592443852028073
0.047435	-0.00282164	-0.300618	-0.00366637	-0.00237502	0.00132018	0.0016164	0.01582526	0.058928	-0.00026607	-5.39899999999999e-05	-0.00020068	0.10240666	0.018970732	-0.0386363752	-0.0469579174	0.004621281	0.0503054532	0.0318186811	-0.027256828	-0.0515628185	-0.0100939368	0.0442510332	0.0421482344	-0.0137199483	-0.0520866082	-0.0240102362	0.0346942175	0.0491418251	0.0009028426	-0.0484878293	-0.0360261653	0.0223914121	0.0522459219	0.0346279105	-0.0247771867	-0.0602344969	0.030063285	-0.0487793441	-0.0212640679	-0.0236508577	-0.0671636264	-0.0181278559	-0.0220275948	0.809261508197375	-0.973442454376956	0.448081059024295	0.592443852028073
0.0482287	-0.0237533	-0.307516	-0.00350505	-0.00195881	0.00132018	0.000793699999999994	-0.02093166	-0.00689800000000002	0.00016132	0.00041621	0	0.05749986	0.0187601599	-0.0389397479	-0.0466540082	0.0055199161	0.0506081094	0.030732371	-0.0285934806	-0.0512148408	-0.0080934286	0.0454172463	0.0406273263	-0.016314529	-0.0523139709	-0.0211597241	0.0371565505	0.0477762082	-0.0029328492	-0.0498771065	-0.0327957961	0.0263843771	0.0516958108	-0.056269217	0.0101416353	0.0167400219	-0.0319180445	-0.0407040587	0.0640728635	0.0009158343	0.0298602407	-0.0110348442	-0.0156100608	0.816644558629771	-0.996245020085896	0.448081059024295	0.592443852028073
0.048107	0.00132477	-0.327376	-0.00357259	-0.00222797	0.00132018	-0.000121700000000002	0.02507807	-0.01986	-6.754e-05	-0.00026916	0	0.06189477	0.0185492395	-0.0392402281	-0.0463423012	0.0064169112	0.0508872699	0.0296255153	-0.0299041152	-0.0508059967	-0.0060807472	0.0464991262	0.03901514	-0.0188654898	-0.0523771858	-0.0182322141	0.0394636764	0.0461835398	-0.006752807	-0.0509664168	-0.0293456776	0.0301814655	0.0507226006	0.0098655518	0.0281770568	0.0478940716	-0.0196286258	-0.0235985335	-0.0184848358	0.0060881544	0.0470648019	0.0079393781	0.0257213242	0.844402452473213	-0.822050928599142	0.448081059024295	0.592443852028073
0.04503	-0.0181531	-0.305416	-0.00344407	-0.00221352	0.00132018	-0.003077	-0.01947787	0.02196	0.00012852	1.44500000000001e-05	0	0.05166337	0.0183379745	-0.0395377932	-0.0460228486	0.0073119995	0.0511428052	0.028498854	-0.0311875391	-0.0503367722	-0.0040589197	0.0474946641	0.0373152977	-0.0213660101	-0.0522760543	-0.015238359	0.0416059582	0.044371389	-0.0105365379	-0.0517492091	-0.0256989275	0.0337544877	0.0493342563	0.0593379058	0.0104828042	-0.0345326968	0.0429223324	0.0036769018	-0.0442601879	0.010728883	-0.0408095519	-0.006456715	-0.0287650468	0.926133269704622	-0.910870385544235	0.448081059024295	0.592443852028073
0.0341027	-0.0246048	-0.325499	-0.00335775	-0.00230379	0.00132018	-0.0109273	-0.0064517	-0.020083	8.632e-05	-9.02699999999999e-05	0	0.0462915	0.018126369	-0.0398324213	-0.0456957037	0.0082049152	0.0513745965	0.0273531403	-0.0324425845	-0.0498077248	-0.0020309873	0.0484020114	0.0355316183	-0.0238094045	-0.0520108938	-0.0121890533	0.0435744473	0.0423483678	-0.014263743	-0.0522207755	-0.0218799809	0.0370769179	0.0475421407	-0.0556783098	0.0012226471	-0.0146045129	-0.0154831587	0.0281231133	0.0460759269	0.0098007469	-0.0066885324	0.019843498	0.0049896477	-0.665199777940615	-0.924550544147215	0.448081059024295	0.592443852028073
0.0368554	-0.00557415	-0.309691	-0.00402631	-0.00220694	0.00132018	0.0027527	0.01903065	0.015808	-0.00066856	9.68499999999999e-05	0	0.07586185	0.0179144269	-0.0401240904	-0.0453609212	0.0090953929	0.0515825363	0.02618914	-0.0336681095	-0.0492194833	0	0.0492194833	0.0336681095	-0.02618914	-0.0515825363	-0.0090953929	0.0453609212	0.0401240904	-0.0179144269	-0.0523782801	-0.0179144269	0.0401240904	0.0453609212	0.0069695534	-0.0017320289	0.0467531539	0.0058927885	0.0175641665	-0.0231114331	0.0046350672	0.0410813326	0.0529464531	0.0214179677	0.892765796771838	-1.09643608893592	0.448081059024295	0.592443852028073
0.0398104	-0.0245765	-0.306641	-0.00337491	-0.00237485	0.00132018	0.002955	-0.01900235	0.00305	0.0006514	-0.00016791	0	0.06597285	0.017702152	-0.0404127789	-0.045018557	0.009983168	0.051766528	0.0250076315	-0.0348629988	-0.0485727468	0.0020309873	0.0499455618	0.0317289578	-0.028498854	-0.050992326	-0.0059686353	0.0469579174	0.0377091275	-0.0214690046	-0.0522207755	-0.0138288366	0.0428733831	0.0428084497	0.0568485843	0.0121731381	-0.0039957263	0.046489519	0.005535718	-0.0558097772	0.0135997281	-0.0173867488	0.0056919105	-0.0508984313	0.555086256841964	-0.788832037270782	0.448081059024295	0.592443852028073
0.0481249	-0.036161	-0.352944	-0.00319784	-0.00219383	0.00132018	0.0083145	-0.0115845	-0.046303	0.00017707	0.00018102	0	0.0841065	0.0174895484	-0.0406984653	-0.0446686685	0.0108679768	0.0519264863	0.0238094045	-0.0360261653	-0.0478682839	0.0040589197	0.0505788988	0.0297185201	-0.030732371	-0.0502421146	-0.0028201586	0.0483587652	0.0351149558	-0.0249084068	-0.0517492091	-0.0096505858	0.0453043854	0.0399056168	0.0057294119	0.0115851094	-0.0587590733	-0.0500795187	0.0477014142	0.0030234087	0.0321911654	-0.0493294332	0.0360064505	0.0347655788	-0.022706245161843	-0.198394997758422	-2.22840312389761	0.592443852028073
0.0376297	-0.00529945	-0.310732	-0.00383293	-0.00195881	0.00132018	-0.0104952	0.03086155	0.042212	-0.00063509	0.00023502	0	0.12707425	0.01727662	-0.0409811285	-0.044311314	0.0117495564	0.0520623368	0.0225952602	-0.0371565505	-0.0471069319	0.0060807472	0.0511183183	0.0276413132	-0.0328837193	-0.0493342563	0.0003385804	0.0495576132	0.032353904	-0.028214182	-0.0509664168	-0.005407671	0.0473990497	0.0366761804	-0.0563197724	0.025261952	-0.0228446673	0.0152809634	0.0640052995	0.0607164282	0.0514623267	-0.0072167876	0.0150972482	0.0221846534	-0.681811292853886	-0.664343079463493	-2.22840312389761	0.592443852028073
0.0415046	-0.0259349	-0.306683	-0.00363072	-0.00209459	0.00151444	0.00387490000000001	-0.02063545	0.00404900000000002	0.00020221	-0.00013578	0.00019426	0.05517185	0.0170633708	-0.0412607473	-0.0439465533	0.0126276447	0.0521740164	0.0213660101	-0.0382531258	-0.0462895956	0.0080934286	0.0515628185	0.0255020041	-0.0349471469	-0.0482715996	0.0034960873	0.0505494535	0.0294390937	-0.0313685957	-0.0498771065	-0.0011285219	0.0491418251	0.0331465714	0.0050085379	0.0239789937	0.0421363845	0.0725595692	0.0173533484	-0.0368951228	0.0135813414	0.0419804114	-0.025285156	-0.0526195078	-0.868764172572085	-0.453714748092366	-2.22840312389761	0.592443852028073
0.0423498	-0.02787	-0.333811	-0.00325115	-0.00210884	0.00166616	0.000845200000000004	-0.0019351	-0.027128	0.00037957	-1.42499999999999e-05	0.00015172	0.0571853	0.0168498047	-0.0415373011	-0.0435744473	0.0135019809	0.0522614734	0.0201224762	-0.0393148935	-0.0454172463	0.0100939368	0.0519115742	0.0233053991	-0.0369171367	-0.0470574788	0.0066408724	0.0513301431	0.0263843771	-0.0343547251	-0.0484878293	0.003158189	0.0505197734	0.0293456776	0.0519034745	-0.0083888012	0.0189968933	-0.0429070745	0.062420275	-0.025267714	-0.0061094084	0.0112684886	0.0267282284	0.0468401193	0.211181999806588	-0.756230266932233	-2.22840312389761	0.592443852028073
0.0392294	-5.00907e-05	-0.312592	-0.0036878	-0.00206948	0.0014555	-0.0031204	0.0278199093	0.021219	-0.00043665	3.936e-05	-0.00021066	0.0864928093	0.0166359256	-0.0418107693	-0.0431950583	0.0143723053	0.052324667	0.0188654898	-0.0403408874	-0.0444909208	0.0120792627	0.0521639377	0.0210564335	-0.0387884217	-0.0456957037	0.0097614921	0.051896421	0.0232042715	-0.0371565505	-0.0468069407	0.0074237382	0.0515226647	0.025304607	-0.0206851211	-0.0144375594	-0.0672981535	0.0424350042	0.0630185898	0.0322229327	0.0105024838	-0.0667712939	0.0083103272	-0.0005012802	0.860259963217991	-0.478720434982648	-2.22840312389761	0.592443852028073
0.0401187	-0.0210572	-0.314253	-0.00374817	-0.00195881	0.00171819	0.000889299999999989	-0.0210071093	-0.00166100000000002	-6.03699999999997e-05	0.00011067	0.00026269	0.0452439093	0.0164217376	-0.0420811315	-0.0428084497	0.015238359	0.0523635681	0.0175958911	-0.0413301739	-0.0435117199	0.0140464202	0.0523194405	0.0187601599	-0.0405559987	-0.044190547	0.0128465907	0.0522459219	0.0199138901	-0.0397590408	-0.0448445497	0.0116395445	0.0521430537	0.0210564335	-0.0582270747	0.0043599807	0.0182928305	0.0400615938	0.0818068037	0.042958137	0.0217579716	0.0379008498	0.0169938256	-0.0518837009	0.817915267577931	0.00240363182291	-2.22840312389761	0.592443852028073
0.0396222	-0.00216729	-0.344237	-0.00358491	-0.00230309	0.00157131	-0.000496499999999997	0.01888991	-0.029984	0.00016326	-0.00034428	-0.00014688	0.08209141	0.0162072446	-0.0423483678	-0.0424146861	0.016099885	0.0523781585	0.016314529	-0.0422818529	-0.0424808075	0.0159924506	0.0523777937	0.0164217376	-0.0422151417	-0.0425467316	0.015884942	0.0523771858	0.01652887	-0.0421482344	-0.0426124582	0.0157773596	0.0523763346	0.0166359256	-0.0073415125	0.0169919971	0.0498056269	-0.0216629822	0.0593112914	-0.0054711963	0.0083134216	0.0600822251	0.0393776999	0.0359212872	-0.837910232766075	-0.086971388878871	-2.22840312389761	-1.68540061352814
0.0378331	0.0021195	-0.29407	-0.00350937	-0.00211987	0.00146368	-0.0017891	0.00428679	0.050167	7.55400000000002e-05	0.00018322	-0.00010763	0.07456239	0.0159924506	-0.0426124582	-0.0420138333	0.0169566271	0.0523684314	0.0150222601	-0.0431950583	-0.0413994086	0.0179144269	0.0523388891	0.0140464202	-0.0437614146	-0.0407694154	0.0188654898	0.0522896643	0.0130652981	-0.044311314	-0.0401240904	0.0198094581	0.0522207755	0.0120792627	0.0659679551	-0.0010493399	0.0087539452	0.0459949547	-0.0030265982	-0.0616976175	-0.0190245166	-0.0073962811	-0.0058302108	-0.0285201165	0.956703900252055	-0.267042458103298	-2.22840312389761	0.592443852028073
0.0354334	-0.028659	-0.329749	-0.00303342	-0.00226571	0.00153743	-0.00239969999999999	-0.0307785	-0.035679	0.00047595	-0.00014584	7.375e-05	0.1036342	0.0157773596	-0.0428733831	-0.0416059582	0.0178083308	0.0523343914	0.0137199483	-0.0440689593	-0.0402688086	0.0198094581	0.0522027989	0.0116395445	-0.0451906832	-0.0388641751	0.021777388	0.0519837232	0.0095396348	-0.046236675	-0.0373944116	0.0237088227	0.0516775313	0.0074237382	-0.0208498884	-0.0091047988	-0.0557171512	-0.0077086516	-0.0206007265	0.019794565	-0.0125874435	-0.0507434863	0.0063890341	-0.0010602509	0.274289694849759	-0.82778030905699	-2.22840312389761	-1.68540061352814
0.035968	0.00641723	-0.308402	-0.0035252	-0.00225622	0.0014956	0.000534599999999996	0.03507623	0.0213469999999999	-0.000491779999999999	9.49000000000002e-06	-4.18300000000001e-05	0.08411283	0.0155619757	-0.0431311232	-0.0411911291	0.018654743	0.0522760543	0.0124084642	-0.0449027607	-0.039090351	0.021674694	0.0519697758	0.009206518	-0.0464991262	-0.0368369888	0.0246100408	0.0514606403	0.0059686353	-0.0479139886	-0.0344398384	0.0274493255	0.050750635	0.0027074549	-0.0238553396	-0.0096427227	0.0233779729	-0.0039227526	-0.0034634564	0.0226449123	-0.0145242849	0.0266752873	0.0079943847	0.0330697916	0.804891964809694	-0.967177190059137	-2.22840312389761	0.592443852028073
0.0401368	-0.0284873	-0.274113	-0.00358491	-0.00195881	0.00132018	0.00416880000000001	-0.03490453	0.034289	-5.97100000000006e-05	0.00029741	-0.00017542	0.09998933	0.0153463027	-0.0433856593	-0.0407694154	0.0194956122	0.0521934471	0.0110886847	-0.0456957037	-0.0378654364	0.0235073292	0.0516402525	0.006752807	-0.0476832451	-0.0346942175	0.0273531403	0.0507226006	0.0023692706	-0.0493342563	-0.03127814	0.0310059033	0.0494469678	-0.0020309873	0.0479217715	-0.032506173	0.0137904446	0.0428224711	0.0246368519	-0.0352193623	-0.011600179	-0.0051197234	-0.0145505636	-0.0493408627	0.573225020583207	-0.598829975684216	0.448081059024295	-1.68540061352814
0.040534	-0.0131752	-0.307272	-0.00294827	-0.0025719	0.00132018	0.000397199999999993	0.0153121	-0.033159	0.00063664	-0.00061309	0	0.1113548	0.0151303447	-0.0436369724	-0.0403408874	0.0203306886	0.0520866082	0.0097614921	-0.0464470668	-0.0365955205	0.025304607	0.0512148408	0.0042839244	-0.048739874	-0.0324425845	0.0299967047	0.049772687	-0.0012413539	-0.0504898588	-0.0279283311	0.0343547251	0.0477762082	-0.006752807	-0.0428094327	-0.018660806	-0.0277572771	-0.0227441438	0.0294400137	0.0356631263	0.0084672308	-0.0230055178	0.0415671972	0.0166419657	0.964883618550348	-0.641895319996339	0.448081059024295	0.592443852028073
0.0373055	-0.00786998	-0.271578	-0.00319416	-0.0022098	0.00165605	-0.0032285	0.00530522	0.0356939999999999	-0.00024589	0.0003621	0.00033587	0.09142072	0.0149141057	-0.043885044	-0.0399056168	0.0211597241	0.0519555872	0.0084277735	-0.0471561663	-0.0352821126	0.0270638244	0.0506943307	0.001805417	-0.0496661877	-0.0300891549	0.0325311144	0.0486148674	-0.0048460789	-0.0513745965	-0.024410558	0.0374733519	0.0457507597	-0.0114193591	-0.0162247451	-0.0027883561	0.0585686388	0.0411997607	-0.0117123859	-0.0045782943	-0.0105872294	0.0609694621	-0.0006662499	-0.0268464504	1.02589214814218	-0.859314997859401	0.448081059024295	-1.68540061352814
0.0393516	-0.035738	-0.272007	-0.00294567	-0.00255038	0.00149658	0.00204609999999999	-0.02786802	-0.000428999999999957	0.00024849	-0.00034058	-0.00015947	0.06777012	0.0146975897	-0.0441298556	-0.0394636764	0.0219824722	0.0518004449	0.0070884207	-0.0478223571	-0.0339267737	0.0287823352	0.0500796887	-0.0006771467	-0.0504597097	-0.0276413132	0.0349471469	0.0472539781	-0.0084277735	-0.0519837232	-0.0207459769	0.0403408874	0.0433856593	-0.0159924506	0.0430670534	-0.0444986798	-0.0351089778	0.0096899089	-0.025919317	-0.0185541801	-0.0409719187	-0.0369173376	0.0033560721	-0.043778064	0.978575319244575	-0.812459453042125	0.448081059024295	-1.68540061352814
0.0267001	-0.0183914	-0.29907	-0.00300935	-0.00236529	0.00168412	-0.0126515	0.0173466	-0.027063	-6.368e-05	0.00018509	0.00018754	0.0788766	0.0144808008	-0.044371389	-0.03901514	0.0227986886	0.0516212534	0.0057443291	-0.0484450328	-0.0325311144	0.0304575546	0.0493720561	-0.003158189	-0.0511183183	-0.0251067401	0.0372360105	0.0456957037	-0.011969416	-0.0523139709	-0.0169566271	0.0429381175	0.0406984653	-0.0204346535	-0.0555979972	-0.0288241205	0.0095145101	-0.063724533	-0.0351788428	0.0624262791	-0.0506803393	0.015763326	0.0183870231	0.0359127783	0.547907044074941	-1.02484603850074	0.448081059024295	0.592443852028073
0.0502624	0.00154141	-0.246391	-0.00379774	-0.00195881	0.00185624	0.0235623	0.01993281	0.052679	-0.00078839	0.00040648	0.00017212	0.16452361	0.014263743	-0.0446096262	-0.0385600826	0.0236081307	0.0514180959	0.0043963972	-0.049023627	-0.0310967934	0.0320869629	0.0485727468	-0.0056321357	-0.0516402525	-0.0224933884	0.0393893764	0.0439465533	-0.015454175	-0.0523635681	-0.0130652981	0.0452476394	0.0377091275	-0.024709611	0.0137407159	-0.0266464166	0.0544423893	0.0347612893	-0.0926914348	-0.0367592141	-0.0554305668	0.0402053905	-0.040494414	-0.0373274504	0.167569383695323	-0.912929181862508	0.448081059024295	0.592443852028073
0.0500443	-0.0464089	-0.281792	-0.00368036	-0.00217243	0.00205641	-0.000218099999999999	-0.04795031	-0.035401	0.00011738	-0.00021362	0.00020017	0.11012791	0.0140464202	-0.0448445497	-0.0380985803	0.024410558	0.0511910666	0.0030455261	-0.0495576132	-0.0296255153	0.0336681095	0.0476832451	-0.0080934286	-0.0520241169	-0.0198094581	0.0413994086	0.0420138333	-0.0188654898	-0.0521322486	-0.0090953929	0.0472539781	0.0344398384	-0.0287823352	0.0375103361	-0.0423650872	-0.0275454488	-0.0365173167	-0.0885129893	-0.016036685	-0.0519484263	-0.0299521955	-0.0487413122	-0.0038293857	0.664650256794586	-0.767792441664915	0.448081059024295	0.592443852028073
0.0268578	-0.00925679	-0.281753	-0.00417942	-0.00195881	0.00159963	-0.0231865	0.03715211	3.89999999999557e-05	-0.00049906	0.00021362	-0.00045678	0.11885061	0.0138288366	-0.0450761418	-0.0376307102	0.0252057321	0.050940271	0.0016926191	-0.0500465054	-0.0281190288	0.0351986159	0.0467052026	-0.0105365379	-0.0522688852	-0.0170633708	0.0432587929	0.0399056168	-0.0221871482	-0.0516212534	-0.0050707869	0.04894369	0.0309148693	-0.0326194932	-0.0538485961	-0.0004626922	-0.0391314495	-0.0506508747	-0.1058646149	0.0720990496	-0.0225441362	-0.0308468963	-0.0617977883	0.0636629716	0.6507538818919	-0.753015716052123	0.448081059024295	0.592443852028073
0.0393214	-0.0385104	-0.281779	-0.00370696	-0.00195881	0.00163337	0.0124636	-0.02925361	-2.59999999999705e-05	0.00047246	0	3.374e-05	0.06705321	0.0136109962	-0.0453043854	-0.0371565505	0.0259934166	0.0506658255	0.0003385804	-0.0504898588	-0.0265791242	0.0366761804	0.0456404355	-0.0129559745	-0.0523739028	-0.014263743	0.0449607632	0.0376307102	-0.0254033645	-0.0508333239	-0.0010156846	0.0503054532	0.0271603893	-0.0361896802	-0.025632772	0.0257651834	0.0392459268	0.025062323	-0.0796837392	0.006838116	0.0103970871	0.0535727952	-0.1137469516	-0.0111241055	0.54003238515547	-0.784568830519383	0.448081059024295	0.592443852028073
0.0573677	-0.0254606	-0.315231	-0.00342475	-0.0023593	0.00163231	0.0180463	0.0130498	-0.033452	0.00028221	-0.00040049	-1.05999999999999e-06	0.0987361	0.013392903	-0.0455292636	-0.0366761804	0.0267733776	0.0503678575	-0.0010156846	-0.0508872699	-0.0250076315	0.0380985803	0.0444909208	-0.0153463027	-0.0523388891	-0.0114193591	0.0464991262	0.0351986159	-0.028498854	-0.049772687	0.0030455261	0.0513301431	0.0232042715	-0.0394636764	0.0584850967	0.0339540211	0.0187773956	-0.0786456682	-0.0002016901	-0.0405152104	0.034126108	0.0079322626	-0.0306291433	0.0808147033	1.11079374251854	-0.785374858024535	0.448081059024295	0.592443852028073
0.0483521	-0.00292818	-0.281776	-0.00413792	-0.00213382	0.0016106	-0.00901560000000001	0.02253242	0.033455	-0.00071317	0.000225480000000001	-2.17100000000003e-05	0.11302102	0.0131745611	-0.0457507597	-0.0361896802	0.0275453833	0.0500465054	-0.0023692706	-0.0512383773	-0.0234064185	0.0394636764	0.0432587929	-0.017702152	-0.0521639377	-0.0085391442	0.0478682839	0.0326194932	-0.0314589057	-0.0484450328	0.0070884207	0.0520108938	0.0190758861	-0.0424146861	-0.0142874525	0.0336445346	-0.0745434368	0.03212403	-0.0286656666	0.0088163768	0.0357092606	-0.0715405119	-0.0229908275	-0.0040433598	-0.767601574835637	-0.66408569733573	0.448081059024295	0.592443852028073
0.0515569	-0.0351626	-0.271227	-0.00365979	-0.00216568	0.00189314	0.0032048	-0.03223442	0.010549	0.00047813	-3.18600000000003e-05	0.00028254	0.08561472	0.0129559745	-0.0459688572	-0.0356971313	0.0283092043	0.0497019183	-0.0037212726	-0.0515428613	-0.021777388	0.0407694154	0.0419463399	-0.0200182296	-0.0518495163	-0.0056321357	0.0490632542	0.0299041152	-0.0342694522	-0.0468574839	0.0110886847	0.0523431439	0.0148058821	-0.045018557	-0.0223843767	0.0095028603	0.030952279	0.0119444608	-0.0210373722	-0.0011887044	0.0055086015	0.0403667803	-0.0023245332	-0.0526489691	0.969360239453082	-0.722232638990886	0.448081059024295	0.592443852028073
0.0606428	-0.0200781	-0.3062	-0.00335696	-0.00226287	0.00187443	0.0090859	0.0150845	-0.034973	0.00030283	-9.719e-05	-1.87099999999999e-05	0.0800799	0.0127371473	-0.0461835398	-0.0351986159	0.0290646136	0.0493342563	-0.0050707869	-0.0518004449	-0.0201224762	0.0420138333	0.0405559987	-0.0222893319	-0.0513964655	-0.0027074549	0.0500796887	0.0270638244	-0.0369171367	-0.045018557	0.0150222601	0.052324667	0.0104259597	-0.0472539781	0.0248479905	-0.0091348589	0.0427130176	-0.0669801588	0.0082910505	-0.0164817977	-0.0180573104	0.0301744691	0.0430885765	0.0418042365	-0.510349518008644	-0.78906131526607	0.448081059024295	0.592443852028073
0.0512314	0.0049473	-0.253849	-0.00389552	-0.00189225	0.00168604	-0.0094114	0.0250254	0.052351	-0.00053856	0.00037062	-0.00018839	0.1416663	0.0125180835	-0.0463947917	-0.0346942175	0.0298113868	0.04894369	-0.0064169112	-0.0520108938	-0.0184436498	0.0431950583	0.039090351	-0.0245103563	-0.0508059967	0.0002257211	0.0509138886	0.024110485	-0.0393893764	-0.0429381175	0.0188654898	0.0519555872	0.0059686353	-0.0491026536	0.0064241761	-0.0002058303	-0.0783581037	0.0395950733	-0.0234951111	0.0069131798	0.0058448996	-0.073616481	0.0154022851	-0.0493634606	1.17006979137855	-0.636195391289281	0.448081059024295	0.592443852028073
0.0563141	-0.0194866	-0.302774	-0.00393484	-0.00195881	0.00173799	0.0050827	-0.0244339	-0.048925	-3.93200000000002e-05	-6.656e-05	5.195e-05	0.0863331	0.0122987873	-0.0466025972	-0.0341840202	0.030549302	0.0485304007	-0.0077587455	-0.0521740164	-0.016742904	0.044311314	0.0375521182	-0.0266763128	-0.0500796887	0.003158189	0.0515628185	0.0210564335	-0.0416744222	-0.0406273263	0.0225952602	0.0512383773	0.0014670001	-0.0505494535	-0.0431710748	0.03799165	0.0172833352	-0.0259903534	-0.025231917	0.0315776277	0.0242816852	0.0299707811	0.0023976924	-0.0331972319	0.721482484451684	0.078062226257308	0.448081059024295	0.592443852028073
0.0552175	0.00448828	-0.324805	-0.00397769	-0.00235959	0.00159002	-0.0010966	0.02397488	-0.022031	-4.28499999999997e-05	-0.00040078	-0.00014797	0.07668248	0.0120792627	-0.0468069407	-0.0336681095	0.03127814	0.0480945804	-0.0090953929	-0.0522896643	-0.0150222601	0.0453609212	0.0359441567	-0.0287823352	-0.0492194833	0.0060807472	0.0520241169	0.0179144269	-0.0437614146	-0.0380985803	0.02618914	0.050177843	-0.0030455261	-0.0515825363	0.0314829561	0.0405490925	0.0289921682	-0.0314026291	-0.0075711474	-0.0316633472	0.0256250761	0.0237515169	-0.0115255463	0.0448532184	0.194085289903237	-0.536760274056154	0.448081059024295	0.592443852028073
0.0389051	-0.0193152	-0.289519	-0.00462243	-0.00200274	0.00160729	-0.0163124	-0.02380348	0.035286	-0.00064474	0.00035685	1.727e-05	0.12634488	0.0118595137	-0.0470078072	-0.0331465714	0.0319976841	0.0476364314	-0.0104259597	-0.0523577323	-0.0132837629	0.0463423012	0.0342694522	-0.0308236917	-0.0482276804	0.0089842256	0.0522961052	0.0146975897	-0.0456404355	-0.0353654455	0.0296255153	0.0487810905	-0.0075354425	-0.0521934471	0.0540936204	0.0509434409	-0.0430098813	0.0426772653	-0.0054918786	-0.0384830814	0.0579505539	-0.0443636736	-0.0879087865	-0.0142612103	1.27454928245236	-0.984111072562765	0.448081059024295	0.592443852028073
0.0383625	-0.019421	-0.330099	-0.00413792	-0.00206421	0.00137126	-0.000542599999999997	-0.0001058	-0.0405799999999999	0.00048451	-6.14700000000001e-05	-0.00023603	0.0803289	0.0116395445	-0.0472051818	-0.0326194932	0.0327077205	0.0471561663	-0.0117495564	-0.0523781585	-0.0115294786	0.0472539781	0.0325311144	-0.0327957961	-0.0471069319	0.0118595137	0.0523777937	0.0114193591	-0.047302555	-0.0324425845	0.0328837193	0.0470574788	-0.011969416	-0.0523771858	0.0044489221	0.0534813283	-0.0697739223	-0.0658591639	0.0168123864	-0.0004449956	0.0578696018	-0.0625723253	-0.0209421273	0.0642084019	0.36456970357593	-0.905470587908187	0.448081059024295	0.592443852028073
0.0268527	0.00302813	-0.300111	-0.00379831	-0.00203407	0.0011834	-0.0115098	0.02244913	0.029988	0.00033961	3.01400000000001e-05	-0.00018786	0.0918274299999999	0.0114193591	-0.0473990497	-0.0320869629	0.0334080384	0.0466540082	-0.0130652981	-0.0523509242	-0.0097614921	0.0480945804	0.030732371	-0.0346942175	-0.0458602343	0.0146975897	0.0522688852	0.0080934286	-0.048739874	-0.0293456776	0.0359441567	0.045018557	-0.016314529	-0.0521322486	-0.054353062	0.0568627972	-0.0441441364	0.046011914	0.0052704219	0.0591090619	0.049470885	-0.0094136838	-0.0158412566	-0.0241208725	-0.155120977213401	-0.764814660448413	0.448081059024295	0.592443852028073
0.0355074	-0.0195186	-0.310466	-0.00385164	-0.00208228	0.00160729	0.0086547	-0.02254673	-0.0103549999999999	-5.33299999999999e-05	-4.82100000000003e-05	0.00042389	0.06782793	0.0111989617	-0.0475893965	-0.0315490697	0.0340984296	0.0461301902	-0.0143723053	-0.0522760543	-0.0079819045	0.048862844	0.0288765622	-0.0365146908	-0.0444909208	0.0174895484	0.0519697758	0.0047336909	-0.0499455618	-0.0260913389	0.0387884217	0.042677987	-0.0205385235	-0.0514606403	-0.0247573633	0.0347329215	0.0254975143	0.0077229435	0.0146070161	-0.0063794192	0.0239447453	0.0407884143	-0.010740018	-0.0120282745	-0.78386062626186	-0.956237529383591	0.448081059024295	0.592443852028073
0.0267994	0.00926915	-0.310451	-0.00415141	-0.00227024	0.00160729	-0.008708	0.02878775	1.49999999999317e-05	-0.00029977	-0.00018796	0	0.0618972500000001	0.0109783563	-0.0477762082	-0.0310059033	0.0347786889	0.0455849554	-0.015669704	-0.0521536168	-0.0061928308	0.0495576132	0.0269671338	-0.0382531258	-0.0430026525	0.0202266294	0.0514815542	0.0013541801	-0.0509138886	-0.0226970271	0.0413994086	0.0400514517	-0.0246100408	-0.0503678575	0.0147733823	0.0208801269	0.0520258615	-0.0176397451	0.048391545	-0.0241695935	0.0181438923	0.0514481593	0.0245558484	0.0399725774	-0.872687559647048	-1.40143287400499	0.448081059024295	0.592443852028073
0.0268372	-0.0195636	-0.293275	-0.00362028	-0.00208986	0.00125361	3.77999999999976e-05	-0.02883275	0.017176	0.00053113	0.00018038	-0.00035368	0.09930605	0.010757547	-0.0479594708	-0.0304575546	0.0354486142	0.045018557	-0.0169566271	-0.0519837232	-0.0043963972	0.050177843	0.0250076315	-0.0399056168	-0.0413994086	0.0229002443	0.0508059967	-0.0020309873	-0.0516402525	-0.0191809517	0.0437614146	0.0371565505	-0.028498854	-0.048862844	0.0596437537	0.0255177601	-0.0025846171	0.0661904357	0.0317453511	-0.0564838835	0.0240805334	-0.0180743605	-0.0121117212	-0.0591508194	-0.527425035487142	-0.956863651789286	0.448081059024295	0.592443852028073
0.0268225	-0.019759	-0.341449	-0.00303465	-0.00219136	0.00160729	-1.46999999999994e-05	-0.000195399999999998	-0.048174	0.00058563	-0.0001015	0.00035368	0.1004246	0.0105365379	-0.0481391707	-0.0299041152	0.0361080066	0.044431258	-0.0182322141	-0.051766528	-0.0025947387	0.0507226006	0.0230016937	-0.0414684511	-0.0396854757	0.0255020041	0.0499455618	-0.005407671	-0.0521212014	-0.0155619757	0.0458602343	0.0340126806	-0.0321760928	-0.0469579174	0.0148661027	-0.0079144948	-0.0368083281	-0.0585072373	0.0747575421	9.79458e-05	0.0150535065	-0.037900388	0.0742816901	0.0438659367	-0.029315493239368	0.11326187266585	0.448081059024295	0.592443852028073
0.00502661	0.00386588	-0.296674	-0.00387491	-0.00219136	0.00117492	-0.02179589	0.02362488	0.044775	-0.00084026	0	-0.00043237	0.15382727	0.0103153331	-0.0483152946	-0.0293456776	0.0367566699	0.043823331	-0.0194956122	-0.051502229	-0.0007899965	0.0511910666	0.0209530451	-0.0429381175	-0.0378654364	0.028023745	0.0489033805	-0.0087617663	-0.0523544498	-0.0118595137	0.0476832451	0.0306409077	-0.0356144575	-0.0446686685	-0.0474551616	-0.0224747095	-0.0457377631	0.0261239046	0.0565961342	0.061941898	-0.00209371	-0.0469221466	0.0397289642	0.0001832467	-0.657461754391913	-1.06654154760299	0.448081059024295	0.592443852028073
0.00506619	-0.00927581	-0.306174	-0.00292223	-0.00207225	0.00126247	3.958e-05	-0.01314169	-0.00950000000000001	0.00095268	0.00011911	8.75499999999998e-05	0.08064827	0.0100939368	-0.0484878293	-0.0287823352	0.0373944116	0.0431950583	-0.0207459769	-0.0511910666	0.0010156846	0.0515825363	0.0188654898	-0.044311314	-0.0359441567	0.0304575546	0.0476832451	-0.0120792627	-0.0523388891	-0.0080934286	0.0492194833	0.0270638244	-0.0387884217	-0.0420138333	-0.0401754802	-0.0184926515	0.0014842165	-0.0033068854	0.0215548124	0.0289831259	-0.010877218	0.0083664388	0.0140839082	-0.0116060022	-1.42815216898089	-1.2107542444698	0.448081059024295	-1.68540061352814
0.00503187	0.00267062	-0.338655	-0.00341548	-0.00219136	0.00127819	-3.432e-05	0.01194643	-0.032481	-0.00049325	-0.00011911	1.57200000000001e-05	0.07586575	0.009872353	-0.0486567622	-0.028214182	0.0380210421	0.0425467316	-0.0219824722	-0.0508333239	0.0028201586	0.051896421	0.016742904	-0.0455849554	-0.0339267737	0.0327957961	0.0462895956	-0.0153463027	-0.0520745933	-0.0042839244	0.0504597097	0.0233053991	-0.0416744222	-0.03901514	0.0319122525	0.0182639888	-0.0330203055	-0.0118011952	-0.0052955605	-0.0230303051	0.0198081268	-0.0357932443	-0.0080209632	0.0436197745	-0.129296892137895	-1.19858789703762	0.448081059024295	-1.68540061352814
0.0155108	-0.0238213	-0.338668	-0.00310495	-0.00219136	0.00142581	0.01047893	-0.02649192	-1.29999999999297e-05	0.00031053	0	0.00014762	0.05989135	0.0096505858	-0.0488220806	-0.0276413132	0.0386363752	0.0418786518	-0.0232042715	-0.0504293264	0.004621281	0.0521322486	0.0145892291	-0.0467561802	-0.0318186811	0.0350311327	0.0447275033	-0.0185492395	-0.0515628185	-0.0004514381	0.0513964655	0.0193908153	-0.0442510332	-0.0356971313	0.0096146013	0.0293698344	-0.0059431256	0.0728535684	-0.0307736139	-0.0045374799	0.0188248052	-0.0157453651	-0.0514605121	-0.0418041827	-0.207800326142181	-0.80722870562808	0.448081059024295	-1.68540061352814
0.0178246	-0.0086797	-0.384445	-0.00296546	-0.00229883	0.00164949	0.0023138	0.0151416	-0.045777	0.00013949	-0.00010747	0.00022368	0.0867643999999999	0.0094286395	-0.0489837722	-0.0270638244	0.0392402281	0.0411911291	-0.024410558	-0.0499794418	0.0064169112	0.0522896643	0.0124084642	-0.0478223571	-0.0296255153	0.0371565505	0.0430026525	-0.021674694	-0.0508059967	0.0033834701	0.0520241169	0.0153463027	-0.0464991262	-0.0320869629	0.0173900396	0.0004896971	0.0238465052	-0.0561281717	0.0441599484	-0.0230884548	0.0003257126	0.0110426884	0.0319583054	0.0778980258	0.365133812463823	-0.126826808831123	0.448081059024295	0.592443852028073
0.0222706	0.0116048	-0.307711	-0.00350165	-0.00219136	0.00150096	0.004446	0.0202845	0.076734	-0.00053619	0.00010747	-0.00014853	0.141074	0.009206518	-0.0491418251	-0.0264818121	0.0398324213	0.0404844828	-0.0256005252	-0.0494840794	0.0082049152	0.0523684314	0.0102046586	-0.0487810905	-0.0273531403	0.0391653804	0.0411213197	-0.024709611	-0.0498077248	0.0072002268	0.0523388891	0.0111989617	-0.0484020114	-0.028214182	-0.0190248751	-0.0044480221	0.0340991158	0.0455330797	0.0250206276	0.0095666396	0.0023582222	0.0364093413	-0.0080085123	-0.0106218433	0.531572703770947	-0.262731951116384	-2.22840312389761	0.592443852028073
0.0315806	-0.016631	-0.315577	-0.00272708	-0.00219136	0.00174338	0.00931	-0.0282358	-0.00786599999999998	0.00077457	0	0.00024242	0.0962613	0.0089842256	-0.0492962274	-0.0258953737	0.0404127789	0.0397590408	-0.0267733776	-0.04894369	0.009983168	0.0523684314	0.0079819045	-0.0496302266	-0.0250076315	0.0410513194	0.039090351	-0.0276413132	-0.0485727468	0.0109783563	0.0523388891	0.0069765817	-0.0499455618	-0.024110485	-0.0014030533	-0.0218491898	0.0507896846	-0.0340083468	0.0156274276	-0.0238418657	-0.0273217235	0.0497480248	0.0032980612	4.97534e-05	-0.276872573391	-0.285937898287036	-2.22840312389761	0.592443852028073
0.0272068	0.0323161	-0.301316	-0.00371857	-0.00219136	0.00144541	-0.0043738	0.0489471	0.014261	-0.00099149	0	-0.00029797	0.1320549	0.0087617663	-0.0494469678	-0.025304607	0.0409811285	0.03901514	-0.0279283311	-0.0483587652	0.0117495564	0.0522896643	0.0057443291	-0.0503678575	-0.0225952602	0.0428084497	0.0369171367	-0.0304575546	-0.0471069319	0.0146975897	0.0520241169	0.0027074549	-0.0511183183	-0.0198094581	0.0121408335	-0.010412263	0.0530182478	-0.0266028261	-0.0102723269	-0.022078121	-0.0251188564	0.0484299954	0.0329852842	0.0266849715	-0.038004945124941	-0.096038662961058	-2.22840312389761	0.592443852028073
0.0332625	-0.0356413	-0.300347	-0.00335129	-0.00219136	0.00155795	0.0060557	-0.0679574	0.000968999999999998	0.00036728	0	0.00011254	0.0989731	0.0085391442	-0.049594035	-0.024709611	0.0415373011	0.0382531258	-0.0290646136	-0.0477298374	0.0135019809	0.0521322486	0.0034960873	-0.050992326	-0.0201224762	0.044431258	0.034609585	-0.0331465714	-0.0454172463	0.0183379745	0.0513964655	-0.0015798132	-0.0519115742	-0.0153463027	0.030286696	-0.0220812067	0.0380315163	0.03969221	-0.0322820525	-0.0389619047	-0.023636102	0.0159300767	-0.0016970364	-0.0613141911	-1.94793542720511	-0.318021277863026	-2.22840312389761	0.592443852028073
0.0364855	-0.0211355	-0.336832	-0.00305064	-0.00248109	0.0014999	0.003223	0.0145058	-0.0364850000000001	0.00030065	-0.00028973	-5.805e-05	0.0866353000000001	0.0083163637	-0.0497374181	-0.024110485	0.0420811315	0.0374733519	-0.0301814655	-0.0470574788	0.015238359	0.051896421	0.0012413539	-0.051502229	-0.0175958911	0.0459146523	0.0321760928	-0.0356971313	-0.0435117199	0.0218799809	0.0504597097	-0.0058564958	-0.0523194405	-0.010757547	0.0415188389	-0.0314252846	0.0179590167	-0.0612628936	0.0193694199	-0.0316581072	-0.0110195802	-0.0088921774	0.0576598963	0.0457314346	0.245600170855823	-0.185110757483582	0.448081059024295	-1.68540061352814
0.0297967	0.0065506	-0.297166	-0.00386492	-0.00211474	0.00175216	-0.0066888	0.0276861	0.039666	-0.00081428	0.00036635	0.00025226	0.1456854	0.0080934286	-0.0498771065	-0.0235073292	0.0426124582	0.0366761804	-0.03127814	-0.0463423012	0.0169566271	0.0515825363	-0.0010156846	-0.051896421	-0.0150222601	0.0472539781	0.0296255153	-0.0380985803	-0.0413994086	0.025304607	0.0492194833	-0.0100939368	-0.0523388891	-0.0060807472	0.0202520997	-0.0508839141	-0.0434706221	0.0514843622	0.0376953566	0.0025119441	-0.0198626478	-0.0527684732	0.0167153333	-0.0244190487	-0.64793966328773	-0.010316634726858	0.448081059024295	0.592443852028073
0.0342667	-0.0201391	-0.337235	-0.00257085	-0.00206698	0.00176587	0.00447	-0.0266897	-0.040069	0.00129407	4.776e-05	1.37099999999997e-05	0.1390057	0.0078703433	-0.0500130897	-0.0229002443	0.0431311232	0.0358619813	-0.032353904	-0.0455849554	0.018654743	0.0511910666	-0.0032708371	-0.0521740164	-0.0124084642	0.0484450328	0.0269671338	-0.0403408874	-0.039090351	0.0285934806	0.0476832451	-0.014263743	-0.0519697758	-0.0013541801	-0.0378871475	-0.0406691088	-0.0343544293	-0.0153545732	0.0466476768	0.0459850193	-0.0137245417	-0.0346380309	0.0350867199	-0.0140472259	-0.074916014571487	-0.077161990859142	0.448081059024295	-1.68540061352814
0.0398344	0.00522403	-0.335775	-0.00325586	-0.00206368	0.00165627	0.0055677	0.02536313	0.00146000000000002	-0.00068501	3.29999999999992e-06	-0.0001096	0.07228633	0.0076471118	-0.0501453577	-0.0222893319	0.0436369724	0.0350311327	-0.0334080384	-0.0447861304	0.0203306886	0.0507226006	-0.0055199161	-0.0523343914	-0.0097614921	0.0494840794	0.0242106219	-0.0424146861	-0.0365955205	0.0317289578	0.0458602343	-0.0183379745	-0.0512148408	0.0033834701	-0.0562948821	-0.0084669228	-0.0030229829	-0.014479594	0.0400611627	0.057781144	0.0161618912	0.015755051	0.0617889938	-0.0025470333	0.219193572944525	-0.039877935602145	-2.22840312389761	-1.68540061352814
0.0461438	-0.0244275	-0.323572	-0.00277286	-0.00223132	0.0017566	0.00630940000000001	-0.02965153	0.012203	0.000483	-0.00016764	0.00010033	0.08571243	0.0074237382	-0.0502739006	-0.021674694	0.0441298556	0.0341840202	-0.0344398384	-0.0439465533	0.0219824722	0.050177843	-0.0077587455	-0.0523771858	-0.0070884207	0.0503678575	0.0213660101	-0.044311314	-0.0339267737	0.0346942175	0.0437614146	-0.0222893319	-0.0500796887	0.0080934286	-0.0110438371	0.00525176	0.0599550463	0.0680313747	0.0177605318	-0.0238440324	0.0094069204	0.0496059919	0.0112625453	-0.0675247461	-1.6371178434732	0.057416176704414	-2.22840312389761	0.592443852028073
0.0461416	-0.013383	-0.356174	-0.00296422	-0.00222987	0.00174499	-2.20000000000775e-06	0.0110445	-0.032602	-0.00019136	1.45000000000006e-06	-1.16099999999998e-05	0.0538697	0.0072002268	-0.0503987089	-0.0210564335	0.0446096262	0.0333210373	-0.0354486142	-0.0430669878	0.0236081307	0.0495576132	-0.009983168	-0.0523023033	-0.0043963972	0.051093594	0.0184436498	-0.0460228486	-0.0310967934	0.0374733519	0.0413994086	-0.0260913389	-0.0485727468	0.0127371473	0.0502182773	-0.0248314258	-0.0203164786	-0.0661223816	-0.0008232329	-0.0297680921	-0.0260608694	-0.0196535377	0.0412784815	0.0518377656	0.639324751398543	-0.194271014635413	-2.22840312389761	-1.68540061352814
0.0461843	5.55818e-05	-0.319953	-0.00345844	-0.00205175	0.00171291	4.27000000000066e-05	0.0134385818	0.0362209999999999	-0.00049422	0.00017812	-3.20800000000001e-05	0.0849232818	0.0069765817	-0.0505197734	-0.0204346535	0.0450761418	0.0324425845	-0.0364336915	-0.0421482344	0.0252057321	0.048862844	-0.0121890533	-0.0521099123	-0.0016926191	0.0516590118	0.015454175	-0.0475421407	-0.0281190288	0.0400514517	0.0387884217	-0.0297185201	-0.0467052026	0.01727662	-0.045876031	-0.019528233	0.0026007705	0.0296135241	-0.0625338609	0.0565805165	-0.0405780628	0.000572431	0.0052439288	-0.0271488954	0.389621380535043	-0.140970243331364	0.448081059024295	-1.68540061352814
0.0462138	-0.0105145	-0.319663	-0.00274599	-0.00205175	0.00178105	2.95000000000018e-05	-0.0105700818	0.000290000000000013	0.00071245	0	6.814e-05	0.0499190818	0.006752807	-0.050637085	-0.0198094581	0.0455292636	0.0315490697	-0.0373944116	-0.0411911291	0.0267733776	0.0480945804	-0.0143723053	-0.0518004449	0.0010156846	0.0520623368	0.0124084642	-0.048862844	-0.0250076315	0.0424146861	0.0359441567	-0.0331465714	-0.0444909208	0.021674694	0.055320831	-0.0695708346	0.0151528709	0.0013788449	-0.0385456	-0.0453366378	-0.0783168052	-0.0097803087	0.0203365514	-0.0613380471	-0.738134065771399	-0.253355626260444	0.448081059024295	-1.68540061352814
0.0461846	-0.0120489	-0.337067	-0.00327388	-0.00215693	0.00165464	-2.9200000000007e-05	-0.0015344	-0.017404	-0.00052789	-0.00010518	-0.00012641	0.0569416	0.0065289069	-0.050750635	-0.0191809517	0.0459688572	0.0306409077	-0.0383301323	-0.0401965428	0.0283092043	0.0472539781	-0.01652887	-0.0513745965	0.0037212726	0.0523023033	0.0093176004	-0.0499794418	-0.021777388	0.0445503769	0.0328837193	-0.036352523	-0.0419463399	0.0258953737	-0.0573142266	-0.064257962	-0.003480212	-0.043504878	-0.0297620784	0.0627082426	-0.0588162732	-0.0052743299	0.0599979811	0.0157639413	-0.080986528901406	-0.506532917692717	-2.22840312389761	0.592443852028073
0.0505418	-0.0153583	-0.31377	-0.00313957	-0.00205175	0.00159306	0.0043572	-0.0033094	0.023297	0.00013431	0.00010518	-6.15799999999999e-05	0.0460171	0.0063048856	-0.050860415	-0.0185492395	0.0463947917	0.0297185201	-0.0392402281	-0.0391653804	0.0298113868	0.0463423012	-0.018654743	-0.0508333239	0.0064169112	0.0523781585	0.0061928308	-0.0508872699	-0.0184436498	0.0464470668	0.0296255153	-0.0393148935	-0.039090351	0.0299041152	0.0178829637	-0.0346765865	0.0519449166	0.0279370853	-0.0798436975	-0.0398870449	-0.0490835903	0.0309074339	-0.0368197558	-0.0400568974	-0.371080151907566	-0.531800964727212	-2.22840312389761	0.592443852028073
0.0462005	-0.0242653	-0.335646	-0.00329077	-0.00205175	0.00169777	-0.0043413	-0.008907	-0.021876	-0.0001512	0	0.00010471	0.0479198	0.0060807472	-0.0509664168	-0.0179144269	0.0468069407	0.0287823352	-0.0401240904	-0.0380985803	0.03127814	0.0453609212	-0.0207459769	-0.050177843	0.0090953929	0.0522896643	0.0030455261	-0.0515825363	-0.0150222601	0.0480945804	0.02618914	-0.0420138333	-0.0359441567	0.0336681095	-0.0300676017	0.008155705	-0.0402056761	-0.0348040108	-0.056245536	0.0173556419	0.0015683259	-0.0301838051	-0.0361724283	-0.0047008434	-0.998281677067931	-0.422180667598896	0.448081059024295	-1.68540061352814
0.0460804	0.0180736	-0.351857	-0.00352879	-0.00223398	0.0015596	-0.000120099999999998	0.0423389	-0.016211	-0.00023802	-0.00018223	-0.00013817	0.086591	0.0058564958	-0.0510686325	-0.01727662	0.0472051818	0.0278327876	-0.0409811285	-0.0369971132	0.0327077205	0.044311314	-0.0227986886	-0.0494096266	0.0117495564	0.0520370985	-0.0001128608	-0.0520623368	-0.0115294786	0.0494840794	0.0225952602	-0.044431258	-0.0325311144	0.0371565505	-0.0029794097	0.0450506359	0.0393062582	-0.0288351476	-0.0465116614	-0.0033464145	0.0112968284	0.0554379196	-6.39389e-05	0.0338691277	-0.406150826564151	-0.500151300346838	0.448081059024295	-1.68540061352814
0.060378	-0.0186222	-0.318792	-0.00374327	-0.00195699	0.00154233	0.0142976	-0.0366958	0.033065	-0.00021448	0.00027699	-1.72699999999998e-05	0.1094954	0.0056321357	-0.0511670547	-0.0166359256	0.0475893965	0.0268703181	-0.0418107693	-0.0358619813	0.0340984296	0.0431950583	-0.0248090665	-0.0485304007	0.0143723053	0.0516212534	-0.0032708371	-0.052324667	-0.0079819045	0.0506081094	0.0188654898	-0.0465509697	-0.0288765622	0.0403408874	0.0335420165	-0.0034414311	-0.0527867802	0.0504344877	-0.0567285381	-0.0167581827	-0.005453366	-0.0432127877	-0.0371410212	-0.0436905523	-0.624022338753703	-0.211936612378822	0.448081059024295	-1.68540061352814
0.0757794	-0.0421121	-0.375179	-0.00332296	-0.0018839	0.0015474	0.0154014	-0.0234899	-0.056387	0.00042031	7.30899999999998e-05	5.07000000000003e-06	0.1202018	0.005407671	-0.0512616758	-0.0159924506	0.0479594708	0.0258953737	-0.0426124582	-0.0346942175	0.0354486142	0.0420138333	-0.0267733776	-0.0475421407	0.0169566271	0.051043434	-0.0064169112	-0.0523684314	-0.0043963972	0.0514606403	0.0150222601	-0.0483587652	-0.0250076315	0.0431950583	-0.031001166	0.0267736196	0.0055645895	-0.0506434388	0.0357765056	0.0341258625	0.0433144992	0.0249861988	0.0249292239	0.008376045	-0.367152860964866	-0.422122673318142	0.448081059024295	-1.68540061352814
0.0781716	-0.0145085	-0.368293	-0.00355094	-0.00190307	0.00147289	0.00239220000000004	0.0276036	0.006886	-0.00022798	-1.91699999999998e-05	-7.45100000000001e-05	0.0529648	0.0051831058	-0.051352489	-0.0153463027	0.0483152946	0.0249084068	-0.0433856593	-0.0334948844	0.0367566699	0.0407694154	-0.0286879745	-0.0464470668	0.0194956122	0.0503054532	-0.0095396348	-0.0521934471	-0.0007899965	0.0520370985	0.0110886847	-0.0498425313	-0.0209530451	0.0456957037	0.0446076765	0.0304777546	0.0170186512	-0.0148189559	0.0616996536	-0.0377824483	0.0410144824	0.0100255577	0.0409597017	0.0284220331	-0.588586931311472	-0.613922276151726	0.448081059024295	-1.68540061352814
0.067827	-0.00873964	-0.35027	-0.00427385	-0.00184437	0.00154423	-0.0103446	0.00576886	0.018023	-0.00072291	5.87000000000001e-05	7.134e-05	0.07678396	0.0049584444	-0.0514394875	-0.0146975897	0.0486567622	0.0239098759	-0.0441298556	-0.0322650733	0.0380210421	0.0394636764	-0.030549302	-0.0452476394	0.0219824722	0.0494096266	-0.0126276447	-0.0518004449	0.0028201586	0.0523343914	0.0070884207	-0.050992326	-0.016742904	0.0478223571	-0.0243509711	0.0240144116	-0.034598088	0.0734118448	0.0165723723	0.025278343	0.0142524849	-0.0271109875	-0.0652795491	-0.034562309	-1.06084506140959	-0.717381410207222	0.448081059024295	-1.68540061352814
0.0684079	-0.00800233	-0.378879	-0.00324515	-0.00184437	0.00180923	0.000580899999999995	0.00073731	-0.0286090000000001	0.0010287	0	0.000265	0.09461221	0.0047336909	-0.0515226647	-0.0140464202	0.0489837722	0.0229002443	-0.0448445497	-0.0310059033	0.0392402281	0.0380985803	-0.032353904	-0.0439465533	0.024410558	0.0483587652	-0.015669704	-0.0511910666	0.0064169112	0.0523509242	0.0030455261	-0.0518004449	-0.0124084642	0.0495576132	-0.0076617908	-0.0170877732	0.0254782744	-0.0148020555	-0.0103862086	-0.015208716	-0.0588006258	0.0289502436	-0.0454552917	0.0593171798	-1.1820807893506	-0.636885891977025	0.448081059024295	0.592443852028073
0.0587569	0.00722073	-0.350311	-0.0036104	-0.00184437	0.00140096	-0.009651	0.01522306	0.028568	-0.00036525	0	-0.00040827	0.09211806	0.0045088495	-0.0516020147	-0.013392903	0.0492962274	0.0218799809	-0.0455292636	-0.0297185201	0.0404127789	0.0366761804	-0.0340984296	-0.0425467316	0.0267733776	0.0471561663	-0.018654743	-0.0503678575	0.009983168	0.0520866082	-0.0010156846	-0.0522614734	-0.0079819045	0.0508872699	0.0716658042	-0.031929423	-0.0280301772	-0.0244888527	0.0434307933	-0.04745935	-0.0146203834	-0.0381084152	-0.0026941877	0.0447508491	-0.956324579724544	-0.703754946217323	-2.22840312389761	-1.68540061352814
0.067704	-0.0193416	-0.339826	-0.00421563	-0.00184437	0.00162415	0.00894710000000001	-0.02656233	0.010485	-0.00060523	0	0.00022319	0.0874154299999999	0.0042839244	-0.0516775313	-0.0127371473	0.049594035	0.0208495594	-0.0461835398	-0.0284040951	0.0415373011	0.0351986159	-0.0357796393	-0.0410513194	0.0290646136	0.0458056033	-0.0215718994	-0.0493342563	0.0135019809	0.0515428613	-0.0050707869	-0.0523723222	-0.0034960873	0.0518004449	-0.0784768055	0.0521976298	-0.026125128	0.0518406806	0.0805574859	0.0849559168	0.0733809608	0.0066017017	-0.0126936027	-0.0591588243	-1.23360515112484	-0.764140907063537	-2.22840312389761	-1.68540061352814
0.0676335	-0.0279507	-0.400164	-0.00341399	-0.00225203	0.00164096	-7.05000000000011e-05	-0.0086091	-0.0603379999999999	0.00080164	-0.00040766	1.68099999999999e-05	0.1303231	0.0040589197	-0.0517492091	-0.0120792627	0.0498771065	0.0198094581	-0.0468069407	-0.0270638244	0.0426124582	0.0336681095	-0.0373944116	-0.0394636764	0.03127814	0.044311314	-0.024410558	-0.0480945804	0.0169566271	0.0507226006	-0.0090953929	-0.0521322486	0.0010156846	0.0522896643	0.0243364264	0.0508558966	0.0288253506	0.0039094255	0.0807684784	-0.0241752412	0.0567861221	0.0369662387	0.0150126288	0.0192169925	0.067100837872847	-0.71192617085331	-2.22840312389761	-1.68540061352814
0.0642964	-0.0153263	-0.374605	-0.00352925	-0.00202029	0.00146163	-0.0033371	0.0126244	0.0255589999999999	-0.00011526	0.00023174	-0.00017933	0.067837	0.0038338396	-0.0518170426	-0.0114193591	0.0501453577	0.0187601599	-0.0473990497	-0.0256989275	0.0436369724	0.0320869629	-0.0389397479	-0.0377873696	0.0334080384	0.042677987	-0.0271603893	-0.0466540082	0.0203306886	0.0496302266	-0.0130652981	-0.0515428613	0.0055199161	0.0523509242	-0.0232383207	0.006248532	-0.0316024543	0.0267560168	0.0295584459	0.0235890202	0.0009945549	-0.0341737694	-0.0065852573	0.0156976054	-0.111821507064125	-0.465285129159097	0.448081059024295	0.592443852028073
0.0537203	-0.0307234	-0.329581	-0.00430768	-0.00206441	0.0016359	-0.0105761	-0.0153971	0.045024	-0.000778430000000001	-4.41199999999999e-05	0.00017427	0.1208382	0.0036086884	-0.051881027	-0.010757547	0.0503987089	0.017702152	-0.0479594708	-0.0243106464	0.0446096262	0.0304575546	-0.0404127789	-0.0360261653	0.0354486142	0.0409107473	-0.0298113868	-0.045018557	0.0236081307	0.0482715996	-0.0169566271	-0.0506081094	0.009983168	0.0519837232	0.0096390557	-0.0549847396	0.0350526209	0.0648026675	-0.0024655295	-0.02874176	-0.0693649641	0.0196909174	0.0025154546	-0.0424265415	0.49203265825171	0.189168798524835	0.448081059024295	-1.68540061352814
0.0459967	-0.0145452	-0.344102	-0.00311481	-0.00267939	0.00139077	-0.0077236	0.0161782	-0.014521	0.00119287	-0.00061498	-0.00024513	0.1410718	0.0033834701	-0.0519411573	-0.0100939368	0.050637085	0.0166359256	-0.0484878293	-0.0229002443	0.0455292636	0.0287823352	-0.0418107693	-0.0341840202	0.0373944116	0.03901514	-0.032353904	-0.0431950583	0.0267733776	0.0466540082	-0.0207459769	-0.0493342563	0.0143723053	0.0511910666	-0.0133646292	-0.0960503589	-0.0093277153	-0.0267365343	-0.008569552	0.0277460827	-0.086166559	-0.0179371068	0.0342564493	0.0281969929	-1.61982984405077	-0.283804892169077	0.448081059024295	0.592443852028073
0.0383612	-0.0094975	-0.33295	-0.00328524	-0.00215896	0.00138155	-0.0076355	0.0050477	0.011152	-0.00017043	0.00052043	-9.21999999999989e-06	0.0588392	0.003158189	-0.0519974292	-0.0094286395	0.050860415	0.0155619757	-0.0489837722	-0.0214690046	0.0463947917	0.0270638244	-0.0431311232	-0.0322650733	0.0392402281	0.0369971132	-0.0347786889	-0.0411911291	0.0298113868	0.0447861304	-0.024410558	-0.0477298374	0.018654743	0.0499794418	-0.0124719547	-0.0409679828	0.0305094837	0.0036838901	-0.0381407827	0.0172498384	-0.0299706339	0.0354358741	-0.014443202	-0.0188207041	-0.897133021716255	-0.291185902738306	-2.22840312389761	0.592443852028073
0.0434981	-0.030009	-0.346652	-0.00348655	-0.00227824	0.00137318	0.0051369	-0.0205115	-0.013702	-0.00020131	-0.00011928	-8.36999999999995e-06	0.0557984	0.0029328492	-0.0520498384	-0.0087617663	0.0510686325	0.0144808008	-0.0494469678	-0.0200182296	0.0472051818	0.025304607	-0.044371389	-0.0302736359	0.0409811285	0.0348629988	-0.0370769179	-0.03901514	0.0327077205	0.042677987	-0.0279283311	-0.0458056033	0.0227986886	0.0483587652	0.0128945221	0.0126092329	-0.0251941328	-0.0369732445	-0.0378310758	-0.0099629024	0.0085251915	-0.0322179613	0.0081995748	0.0155378789	-1.17168813574123	-0.329982348913885	-2.22840312389761	0.592443852028073
0.0401058	0.00345833	-0.330309	-0.00363459	-0.00211867	0.00136122	-0.00339229999999999	0.03346733	0.016343	-0.00014804	0.00015957	-1.19600000000001e-05	0.06918113	0.0027074549	-0.0520983812	-0.0080934286	0.0512616758	0.013392903	-0.0498771065	-0.0185492395	0.0479594708	0.0235073292	-0.0455292636	-0.028214182	0.0426124582	0.0326194932	-0.0392402281	-0.0366761804	0.0354486142	0.0403408874	-0.03127814	-0.0435744473	0.0267733776	0.0463423012	-0.0117276801	0.0027634811	-0.0111482076	-0.0017756209	-0.0399056476	0.0171191298	-0.0218958252	-0.0031599672	0.0010871741	0.0009962289	0.604831849166928	-0.198831742825437	-2.22840312389761	-1.68540061352814
0.0461456	-0.0391523	-0.334353	-0.00334291	-0.00229062	0.00142032	0.00603979999999999	-0.04261063	-0.00404399999999999	0.00029168	-0.00017195	5.91000000000001e-05	0.07883093	0.0024820104	-0.0521430537	-0.0074237382	0.0514394875	0.0122987873	-0.0502739006	-0.0170633708	0.0486567622	0.021674694	-0.0466025972	-0.0260913389	0.0441298556	0.0302736359	-0.0412607473	-0.0341840202	0.0380210421	0.0377873696	-0.0344398384	-0.0410513194	0.030549302	0.0439465533	-0.0161007551	-0.0305109037	0.0150774514	0.0049718455	-0.0075298168	0.0242840558	-0.0442770851	0.0068479914	-0.0147254631	-6.94114e-05	0.641336916368901	-0.397716068268949	-2.22840312389761	-1.68540061352814
0.0416991	-0.00505241	-0.306552	-0.00414221	-0.00186943	0.00140877	-0.0044465	0.03409989	0.027801	-0.0007993	0.00042119	-1.15500000000001e-05	0.12794939	0.0022565198	-0.0521838529	-0.006752807	0.0516020147	0.0111989617	-0.050637085	-0.0155619757	0.0492962274	0.0198094581	-0.0475893965	-0.0239098759	0.0455292636	0.0278327876	-0.0431311232	-0.0315490697	0.0404127789	0.0350311327	-0.0373944116	-0.0382531258	0.0340984296	0.0411911291	-0.0056903848	-0.0569489767	0.0239061723	0.019760257	0.0218145822	-0.0057163243	-0.0363081734	0.0141050686	-0.0434368599	0.0304388276	0.028410998977034	-0.514651384174163	0.448081059024295	-1.68540061352814
0.0462965	-0.0391556	-0.336683	-0.00339367	-0.00186943	0.00143065	0.0045974	-0.03410319	-0.030131	0.00074854	0	2.18800000000002e-05	0.10735259	0.0020309873	-0.0522207755	-0.0060807472	0.0517492091	0.0100939368	-0.0509664168	-0.0140464202	0.0498771065	0.0179144269	-0.0484878293	-0.021674694	0.0468069407	0.025304607	-0.0448445497	-0.0287823352	0.0426124582	0.0320869629	-0.0401240904	-0.0351986159	0.0373944116	0.0380985803	-0.0189085595	-0.0364451503	0.0138460212	-0.0016746158	0.0127970705	0.0136703302	4.36884e-05	0.0101867552	-0.0489426558	0.0013899754	-0.189839188382938	-0.601663384047391	0.448081059024295	0.592443852028073
0.0462415	-0.019151	-0.339997	-0.00411274	-0.00194597	0.00137896	-5.49999999999926e-05	0.0200046	-0.00331399999999998	-0.00071907	-7.65399999999999e-05	-5.16900000000001e-05	0.0657386	0.001805417	-0.0522538189	-0.005407671	0.051881027	0.0089842256	-0.0512616758	-0.0125180835	0.0503987089	0.0159924506	-0.0492962274	-0.0193908153	0.0479594708	0.0226970271	-0.0463947917	-0.0258953737	0.0446096262	0.0289706552	-0.0426124582	-0.0319082567	0.0404127789	0.0346942175	0.0084131231	0.0141393951	0.0140038477	-0.0256867715	-0.0081777448	-0.0201233236	0.0448381005	0.0130856694	-0.0207279461	0.036492841	0.903164863878207	-0.709009931305523	0.448081059024295	0.592443852028073
0.0462669	-0.0389804	-0.337276	-0.00385179	-0.00186943	0.00139327	2.54000000000018e-05	-0.0198294	0.00272099999999997	0.00026095	7.65399999999999e-05	1.431e-05	0.0401658	0.0015798132	-0.0522829807	-0.0047336909	0.0519974292	0.0078703433	-0.0515226647	-0.0109783563	0.050860415	0.0140464202	-0.0500130897	-0.0170633708	0.0489837722	0.0200182296	-0.0477762082	-0.0229002443	0.0463947917	0.0256989275	-0.0448445497	-0.0284040951	0.0431311232	0.0310059033	-0.0015320331	0.0699785037	-0.0204035358	0.044589459	-0.0358039336	-0.003215287	0.0643515416	-0.0062672303	-0.0537943714	-0.0459394307	-0.268904779341248	-0.426438556510941	0.448081059024295	0.592443852028073
0.05608	-0.0219245	-0.384386	-0.00332495	-0.00236364	0.00137336	0.00981309999999999	0.0170559	-0.04711	0.00052684	-0.00049421	-1.99100000000002e-05	0.126027	0.0013541801	-0.0523082586	-0.0040589197	0.0520983812	0.006752807	-0.0517492091	-0.0094286395	0.0512616758	0.0120792627	-0.050637085	-0.0146975897	0.0498771065	0.01727662	-0.0489837722	-0.0198094581	0.0479594708	0.0222893319	-0.0468069407	-0.024709611	0.0455292636	0.0270638244	0.0129536025	0.0552606628	0.0165101688	-0.0530129655	-0.0168686116	-0.0087662896	0.0346142782	0.0256028925	-0.0047908158	0.0585143723	0.726051125093916	0.516557901343194	0.448081059024295	-1.68540061352814
0.0462391	-0.00930355	-0.341238	-0.00374704	-0.00186943	0.00132005	-0.0098409	0.01262095	0.043148	-0.00042209	0.00049421	-5.331e-05	0.11409035	0.0011285219	-0.0523296507	-0.0033834701	0.0521838529	0.0056321357	-0.0519411573	-0.0078703433	0.0516020147	0.0100939368	-0.0511670547	-0.0122987873	0.050637085	0.0144808008	-0.0500130897	-0.0166359256	0.0492962274	0.0187601599	-0.0484878293	-0.0208495594	0.0475893965	0.0229002443	0.0059648879	0.0278591718	-0.0165838698	0.0116814389	-0.0577822507	-0.0059465795	0.0055015211	-0.0162191647	-0.0353797197	0.0162092342	-1.20256382566749	-0.479226727012158	0.448081059024295	0.592443852028073
0.0493655	-0.0228653	-0.34662	-0.00356157	-0.00227267	0.00132584	0.0031264	-0.01356175	-0.005382	0.00018547	-0.00040324	5.79000000000009e-06	0.05179515	0.0009028426	-0.0523471556	-0.0027074549	0.0522538189	0.0045088495	-0.0520983812	-0.0063048856	0.051881027	0.0080934286	-0.0516020147	-0.009872353	0.0512616758	0.0116395445	-0.050860415	-0.013392903	0.0503987089	0.0151303447	-0.0498771065	-0.0168498047	0.0492962274	0.0185492395	0.024428287	-0.0018378756	0.0228117878	-0.0018610934	-0.0489671116	-0.0284495706	-0.0241785773	0.0170039274	-0.0502932929	-0.0074015465	0.631670939853867	0.011647107972515	0.448081059024295	0.592443852028073
0.0462447	-0.00976733	-0.353783	-0.00384324	-0.00191106	0.00124734	-0.00312080000000001	0.01309797	-0.00716300000000003	-0.00028167	0.00036161	-7.84999999999994e-05	0.05947077	0.0006771467	-0.0523607718	-0.0020309873	0.0523082586	0.0033834701	-0.0522207755	-0.0047336909	0.0520983812	0.0060807472	-0.0519411573	-0.0074237382	0.0517492091	0.0087617663	-0.0515226647	-0.0100939368	0.0512616758	0.0114193591	-0.0509664168	-0.0127371473	0.050637085	0.0140464202	-0.0127039698	-0.0042743476	-0.0260508716	-0.0348044402	-0.035721586	0.0177185206	-0.0050940175	-0.0286492038	0.0092914297	0.0319998294	0.273440882464813	0.554004713613279	0.448081059024295	0.592443852028073
0.0462866	-0.0388348	-0.334119	-0.00424507	-0.00180302	0.00132584	4.19000000000044e-05	-0.02906747	0.019664	-0.00040183	0.00010804	7.84999999999994e-05	0.07819187	0.0004514381	-0.0523704984	-0.0013541801	0.0523471556	0.0022565198	-0.0523082586	-0.003158189	0.0522538189	0.0040589197	-0.0521838529	-0.0049584444	0.0520983812	0.0058564958	-0.0519974292	-0.006752807	0.051881027	0.0076471118	-0.0517492091	-0.0085391442	0.0516020147	0.0094286395	0.0097683082	0.0445833898	0.0433610774	0.0221052729	-0.0162668019	-0.0326133328	0.0408499925	0.0387280973	0.0077384989	-0.039740242	0.607883279498223	0.55539964513381	0.448081059024295	0.592443852028073
0.0576474	-0.0567641	-0.378535	-0.00370002	-0.00215787	0.00132584	0.0113608	-0.0179293	-0.044416	0.00054505	-0.00035485	0	0.1187011	0.0002257211	-0.0523763346	-0.0006771467	0.0523704984	0.0011285219	-0.0523607718	-0.0015798132	0.0523471556	0.0020309873	-0.0523296507	-0.0024820104	0.0523082586	0.0029328492	-0.0522829807	-0.0033834701	0.0522538189	0.0038338396	-0.0522207755	-0.0042839244	0.0521838529	0.0047336909	0.011828738	0.0558061629	-0.06459401	-0.0213603098	0.0018078331	-0.019484763	0.0582628268	-0.0560241505	0.028765726	-0.0133155578	-1.70186683605178	0.589986203031214	0.448081059024295	0.592443852028073
0.0462785	-0.0121303	-0.344022	-0.00469812	-0.00182795	0.00132584	-0.0113689	0.0446338	0.034513	-0.0009981	0.00032992	0	0.1569167	0	-0.0523782801	0	0.0523782801	0	-0.0523782801	0	0.0523782801	0	-0.0523782801	0	0.0523782801	0	-0.0523782801	0	0.0523782801	0	-0.0523782801	0	0.0523782801	0	-0.0223746181	0.0671150174	0.0260276887	0.0138350092	0.0203613756	0.0186149262	0.0608614967	0.0354674836	0.0318301969	-0.0086290366	-2.55120568544667	0.72468224244963	0.448081059024295	0.592443852028073
0.0517094	-0.0615349	-0.367842	-0.00388739	-0.00214428	0.00132584	0.0054309	-0.0494046	-0.02382	0.00081073	-0.00031633	0	0.1350085	-0.0002257211	-0.0523763346	0.0006771467	0.0523704984	-0.0011285219	-0.0523607718	0.0015798132	0.0523471556	-0.0020309873	-0.0523296507	0.0024820104	0.0523082586	-0.0029328492	-0.0522829807	0.0033834701	0.0522538189	-0.0038338396	-0.0522207755	0.0042839244	0.0521838529	-0.0047336909	0.024021856	0.0107793432	-0.0538894373	0.0121340457	-0.0075679074	-0.0197327851	0.0046375355	-0.0473663415	0.0120171189	-0.0286026301	0.629240782188031	0.581293072670557	0.448081059024295	0.592443852028073
0.0419369	-0.00303116	-0.367902	-0.00363007	-0.00225464	0.00132584	-0.00977249999999999	0.05850374	-6.00000000000045e-05	0.00025732	-0.00011036	0	0.08672024	-0.0004514381	-0.0523704984	0.0013541801	0.0523471556	-0.0022565198	-0.0523082586	0.003158189	0.0522538189	-0.0040589197	-0.0521838529	0.0049584444	0.0520983812	-0.0058564958	-0.0519974292	0.006752807	0.051881027	-0.0076471118	-0.0517492091	0.0085391442	0.0516020147	-0.0094286395	-0.0391830139	-0.0020417529	0.0243870357	-0.0382351545	0.0153157599	0.0364351508	0.0036765761	0.0331126549	0.0258151251	0.0478933072	0.013014144625137	0.307863965166377	0.448081059024295	0.592443852028073
0.0463148	-0.0212314	-0.362132	-0.00388007	-0.00176392	0.00132584	0.0043779	-0.01820024	0.00577	-0.00025	0.00049072	0	0.06538414	-0.0006771467	-0.0523607718	0.0020309873	0.0523082586	-0.0033834701	-0.0522207755	0.0047336909	0.0520983812	-0.0060807472	-0.0519411573	0.0074237382	0.0517492091	-0.0087617663	-0.0515226647	0.0100939368	0.0512616758	-0.0114193591	-0.0509664168	0.0127371473	0.050637085	-0.0140464202	0.0672971804	-0.0125759837	-0.0290874949	0.0660168511	0.074770254	-0.046287617	0.0243547622	-0.0386038266	-0.0304977181	-0.0530266819	-0.522338853522157	-0.134991584614116	0.448081059024295	0.592443852028073
0.0463275	-0.0487448	-0.367854	-0.00388007	-0.00173061	0.00138389	1.26999999999974e-05	-0.0275134	-0.005722	0	3.33099999999999e-05	5.805e-05	0.0378161	-0.0009028426	-0.0523471556	0.0027074549	0.0522538189	-0.0045088495	-0.0520983812	0.0063048856	0.051881027	-0.0080934286	-0.0516020147	0.009872353	0.0512616758	-0.0116395445	-0.050860415	0.013392903	0.0503987089	-0.0151303447	-0.0498771065	0.0168498047	0.0492962274	-0.0185492395	-0.0567613537	0.0523397052	-0.017402295	-0.0576109029	0.0735871665	0.0521193313	0.0812566038	-0.0021324351	0.0050811796	0.0346830092	-2.32304302020889	-0.300909363177019	0.448081059024295	0.592443852028073
0.0579951	-0.0170628	-0.344256	-0.00420234	-0.00196729	0.00132584	0.0116676	0.031682	0.023598	-0.00032227	-0.00023668	-5.805e-05	0.0977976	-0.0011285219	-0.0523296507	0.0033834701	0.0521838529	-0.0056321357	-0.0519411573	0.0078703433	0.0516020147	-0.0100939368	-0.0511670547	0.0122987873	0.050637085	-0.0144808008	-0.0500130897	0.0166359256	0.0492962274	-0.0187601599	-0.0484878293	0.0208495594	0.0475893965	-0.0229002443	0.059547759	0.0606822162	0.0161685923	0.0400776207	0.0270835922	-0.0508608257	0.0517627759	0.0131562365	-0.0052372656	-0.0305609647	-1.48283029819064	-0.016033893105045	0.448081059024295	0.592443852028073
0.0627082	-0.0360075	-0.344265	-0.00375447	-0.00198432	0.00144341	0.0047131	-0.0189447	-8.99999999998125e-06	0.00044787	-1.70299999999999e-05	0.00011757	0.0527903	-0.0013541801	-0.0523082586	0.0040589197	0.0520983812	-0.006752807	-0.0517492091	0.0094286395	0.0512616758	-0.0120792627	-0.050637085	0.0146975897	0.0498771065	-0.01727662	-0.0489837722	0.0198094581	0.0479594708	-0.0222893319	-0.0468069407	0.024709611	0.0455292636	-0.0270638244	-0.0482893324	0.0034415118	-0.0295172437	0.0071029733	0.028260169	0.0410651993	0.0153837564	-0.0172086939	0.014817766	-0.0263122536	0.683393841187258	-0.056972345517434	0.448081059024295	0.592443852028073
0.0461427	-0.0062485	-0.327207	-0.00456589	-0.00223972	0.00132584	-0.0165655	0.029759	0.017058	-0.00081142	-0.0002554	-0.00011757	0.122602	-0.0015798132	-0.0522829807	0.0047336909	0.0519974292	-0.0078703433	-0.0515226647	0.0109783563	0.050860415	-0.0140464202	-0.0500130897	0.0170633708	0.0489837722	-0.0200182296	-0.0477762082	0.0229002443	0.0463947917	-0.0256989275	-0.0448445497	0.0284040951	0.0431311232	-0.0310059033	0.0170228361	-0.0306562456	0.0498027564	0.021649026	0.0520672217	-0.0374870132	-0.009823425	0.0395426554	0.0348993537	0.0220694322	1.69822099009549	0.143627215287252	0.448081059024295	0.592443852028073
0.046275	-0.0445076	-0.353761	-0.00398562	-0.00185064	0.00147759	0.000132300000000002	-0.0382591	-0.026554	0.000580270000000001	0.00038908	0.00015175	0.1210004	-0.001805417	-0.0522538189	0.005407671	0.051881027	-0.0089842256	-0.0512616758	0.0125180835	0.0503987089	-0.0159924506	-0.0492962274	0.0193908153	0.0479594708	-0.0226970271	-0.0463947917	0.0258953737	0.0446096262	-0.0289706552	-0.0426124582	0.0319082567	0.0404127789	-0.0346942175	0.021813774	-0.0365119208	-0.0543742288	0.0375992942	0.0473707499	-0.0046835285	0.0091336389	-0.0613948064	-0.0148524045	-0.0354014241	1.04534595761516	0.980911532680294	0.448081059024295	0.592443852028073
0.0460144	-0.0323029	-0.389065	-0.00399442	-0.00253581	0.00132584	-0.000260599999999993	0.0122047	-0.035304	-8.80000000000065e-06	-0.00068517	-0.00015175	0.0900553	-0.0020309873	-0.0522207755	0.0060807472	0.0517492091	-0.0100939368	-0.0509664168	0.0140464202	0.0498771065	-0.0179144269	-0.0484878293	0.021674694	0.0468069407	-0.025304607	-0.0448445497	0.0287823352	0.0426124582	-0.0320869629	-0.0401240904	0.0351986159	0.0373944116	-0.0380985803	-0.0302533525	0.0408465575	0.0048643453	-0.0849973235	0.0394614613	0.0373338096	0.0637997135	0.0204692998	-0.0145048403	0.0806107575	1.14302212261541	0.140531669869709	0.448081059024295	0.592443852028073
0.0382662	-0.01678	-0.367853	-0.00428852	-0.00236231	0.00103906	-0.0077482	0.0155229	0.021212	-0.000294099999999999	0.0001735	-0.00028678	0.0822021	-0.0022565198	-0.0521838529	0.006752807	0.0516020147	-0.0111989617	-0.050637085	0.0155619757	0.0492962274	-0.0198094581	-0.0475893965	0.0239098759	0.0455292636	-0.0278327876	-0.0431311232	0.0315490697	0.0404127789	-0.0350311327	-0.0373944116	0.0382531258	0.0340984296	-0.0411911291	0.0371598133	0.081942845	0.0242397893	0.0234079211	-0.0277025042	-0.0398399553	0.0604987997	0.0179458662	-0.0736918961	0.0073743186	0.260148491670469	0.091563216476135	0.448081059024295	0.592443852028073
0.030906	-0.038659	-0.400273	-0.0038395	-0.00253581	0.000998138	-0.0073602	-0.021879	-0.0324199999999999	0.000449019999999999	-0.0001735	-4.09220000000001e-05	0.0948313	-0.0024820104	-0.0521430537	0.0074237382	0.0514394875	-0.0122987873	-0.0502739006	0.0170633708	0.0486567622	-0.021674694	-0.0466025972	0.0260913389	0.0441298556	-0.0302736359	-0.0412607473	0.0341840202	0.0380210421	-0.0377873696	-0.0344398384	0.0410513194	0.030549302	-0.0439465533	0.0250379323	0.0499463661	-0.0760978683	-0.0405504494	-0.051323501	-0.0093710586	0.0207604684	-0.0567325495	-0.0292002037	0.0121924214	1.15455777292843	0.067200759869864	0.448081059024295	0.592443852028073
0.0226994	0.00299409	-0.400239	-0.00400433	-0.00229872	0.000918595	-0.0082066	0.04165309	3.39999999999785e-05	-0.00016483	0.00023709	-7.9543e-05	0.07396684	-0.0027074549	-0.0520983812	0.0080934286	0.0512616758	-0.013392903	-0.0498771065	0.0185492395	0.0479594708	-0.0235073292	-0.0455292636	0.028214182	0.0426124582	-0.0326194932	-0.0392402281	0.0366761804	0.0354486142	-0.0403408874	-0.03127814	0.0435744473	0.0267733776	-0.0463423012	-0.0417800322	0.0374386095	-0.0019349612	-0.0355025023	-0.0532499338	0.04336894	-0.0167007889	0.0151998672	0.0142331543	0.0359514484	1.2329457639868	-0.326076835601932	0.448081059024295	0.592443852028073
0.0250176	-0.0190549	-0.392298	-0.00393621	-0.00239677	0.00111158	0.0023182	-0.02204899	0.00794100000000003	6.81200000000005e-05	-9.80499999999997e-05	0.000192985	0.0502659400000001	-0.0029328492	-0.0520498384	0.0087617663	0.0510686325	-0.0144808008	-0.0494469678	0.0200182296	0.0472051818	-0.025304607	-0.044371389	0.0302736359	0.0409811285	-0.0348629988	-0.0370769179	0.03901514	0.0327077205	-0.042677987	-0.0279283311	0.0458056033	0.0227986886	-0.0483587652	0.0526741405	0.0065944848	0.036995574	0.0527287105	-0.0347959824	-0.0570631234	-0.0327880829	0.0173014178	-0.0110960632	-0.0509228584	1.51385498044797	-0.077459997388478	0.448081059024295	0.592443852028073
0.0225612	-0.021499	-0.406706	-0.00319906	-0.00281501	0.00099749	-0.0024564	-0.0024441	-0.014408	0.00073715	-0.00041824	-0.00011409	0.0827825	-0.003158189	-0.0519974292	0.0094286395	0.050860415	-0.0155619757	-0.0489837722	0.0214690046	0.0463947917	-0.0270638244	-0.0431311232	0.0322650733	0.0392402281	-0.0369971132	-0.0347786889	0.0411911291	0.0298113868	-0.0447861304	-0.024410558	0.0477298374	0.018654743	-0.0499794418	-0.025379253	-0.0264873683	-0.0450144499	-0.0342392748	-0.0139950581	0.0235467975	-0.0329188199	-0.0416161045	0.0372567915	0.0350115808	1.24189287114297	-0.242564815799556	0.448081059024295	0.592443852028073
0.0226979	-0.00432499	-0.375371	-0.00363088	-0.00240126	0.000970062	0.0001367	0.01717401	0.031335	-0.00043182	0.00041375	-2.7428e-05	0.09229561	-0.0033834701	-0.0519411573	0.0100939368	0.050637085	-0.0166359256	-0.0484878293	0.0229002443	0.0455292636	-0.0287823352	-0.0418107693	0.0341840202	0.0373944116	-0.03901514	-0.032353904	0.0431950583	0.0267733776	-0.0466540082	-0.0207459769	0.0493342563	0.0143723053	-0.0511910666	-0.0147352608	-0.0178248275	0.0469081438	0.0486871429	-0.0325499456	-0.0054208544	-0.0361846631	0.0459990763	0.0237791851	-0.0268081125	0.855296753086699	0.140481232108975	0.448081059024295	0.592443852028073
0.0226726	-0.0448116	-0.399008	-0.00333988	-0.0025466	0.00114747	-2.52999999999989e-05	-0.04048661	-0.023637	0.000291	-0.000145339999999999	0.000177408	0.09483631	-0.0036086884	-0.051881027	0.010757547	0.0503987089	-0.017702152	-0.0479594708	0.0243106464	0.0446096262	-0.0304575546	-0.0404127789	0.0360261653	0.0354486142	-0.0409107473	-0.0298113868	0.045018557	0.0236081307	-0.0482715996	-0.0169566271	0.0506081094	0.009983168	-0.0519837232	0.0267918056	-0.0678124471	-0.0343545677	-0.0441341804	-0.0266557164	-0.0009023082	-0.0758518677	-0.0367607932	0.0438350114	-0.0060212161	0.869833362298136	0.113195784893003	0.448081059024295	0.592443852028073
0.0161446	-0.00829646	-0.359673	-0.004191	-0.00229553	0.00117541	-0.006528	0.03651514	0.039335	-0.000851119999999999	0.00025107	2.79400000000006e-05	0.13888464	-0.0038338396	-0.0518170426	0.0114193591	0.0501453577	-0.0187601599	-0.0473990497	0.0256989275	0.0436369724	-0.0320869629	-0.0389397479	0.0377873696	0.0334080384	-0.042677987	-0.0271603893	0.0466540082	0.0203306886	-0.0496302266	-0.0130652981	0.0515428613	0.0055199161	-0.0523509242	-0.0509501268	-0.0551127339	0.0316373022	-0.0262798675	-0.0306593624	0.0736176271	-0.0572877222	0.0343545345	0.0320982321	-0.0012105929	1.12871500505733	-0.041644061388913	0.448081059024295	0.592443852028073
0.0227765	-0.0495905	-0.36411	-0.00360959	-0.00229553	0.00132584	0.0066319	-0.04129404	-0.00443699999999997	0.000581409999999999	0	0.000150429999999999	0.08895494	-0.0040589197	-0.0517492091	0.0120792627	0.0498771065	-0.0198094581	-0.0468069407	0.0270638244	0.0426124582	-0.0336681095	-0.0373944116	0.0394636764	0.03127814	-0.044311314	-0.024410558	0.0480945804	0.0169566271	-0.0507226006	-0.0090953929	0.0521322486	0.0010156846	-0.0522896643	0.0506702613	-0.0446771907	0.0178188198	0.024228905	0.004418161	-0.0448400905	-0.0385752151	-0.0091525633	0.00484833	-0.0621917651	1.20553754515345	-0.165490115764757	0.448081059024295	0.592443852028073
0.0166328	-0.041942	-0.398217	-0.00383007	-0.00262627	0.00132585	-0.0061437	0.0076485	-0.034107	-0.00022048	-0.00033074	9.99999999994061e-09	0.0754607	-0.0042839244	-0.0516775313	0.0127371473	0.049594035	-0.0208495594	-0.0461835398	0.0284040951	0.0415373011	-0.0351986159	-0.0357796393	0.0410513194	0.0290646136	-0.0458056033	-0.0215718994	0.0493342563	0.0135019809	-0.0515428613	-0.0050707869	0.0523723222	-0.0034960873	-0.0518004449	-0.039587033	-0.0046630167	-0.0311554885	-0.032424836	0.0238716542	0.036725038	0.000529153	-0.0300914559	0.0387843119	0.0173477838	2.11040361499074	0.528143364321151	0.448081059024295	0.592443852028073
0.0158004	-0.0295891	-0.371955	-0.00465636	-0.00229553	0.00120497	-0.000832400000000001	0.0123529	0.026262	-0.00082629	0.00033074	-0.00012088	0.1033428	-0.0045088495	-0.0516020147	0.013392903	0.0492962274	-0.0218799809	-0.0455292636	0.0297185201	0.0404127789	-0.0366761804	-0.0340984296	0.0425467316	0.0267733776	-0.0471561663	-0.018654743	0.0503678575	0.009983168	-0.0520866082	-0.0010156846	0.0522614734	-0.0079819045	-0.0508872699	0.0136891562	0.0172476535	0.0537756991	0.0517912936	-0.019076572	-0.0292543994	-0.0002909705	0.0469394191	-0.0033695901	-0.0356340075	1.16697290887289	0.404393438322375	0.448081059024295	0.592443852028073
0.0309138	-0.0493964	-0.395389	-0.00417004	-0.00223595	0.00132585	0.0151134	-0.0198073	-0.023434	0.00048632	5.958e-05	0.00012088	0.0916937	-0.0047336909	-0.0515226647	0.0140464202	0.0489837722	-0.0229002443	-0.0448445497	0.0310059033	0.0392402281	-0.0380985803	-0.032353904	0.0439465533	0.024410558	-0.0483587652	-0.015669704	0.0511910666	0.0064169112	-0.0523509242	0.0030455261	0.0518004449	-0.0124084642	-0.0495576132	0.0112910205	-0.0191345339	-0.0554404782	-0.0143217492	-0.0489479027	-0.0035538983	-0.0327293892	-0.0456252368	0.0135468129	-0.0208845376	-0.235694018813307	0.163387346526434	0.448081059024295	0.592443852028073
0.0227726	-0.024771	-0.377247	-0.00483412	-0.00229553	0.00105532	-0.0081412	0.0246254	0.018142	-0.00066408	-5.958e-05	-0.00027053	0.1006181	-0.0049584444	-0.0514394875	0.0146975897	0.0486567622	-0.0239098759	-0.0441298556	0.0322650733	0.0380210421	-0.0394636764	-0.030549302	0.0452476394	0.0219824722	-0.0494096266	-0.0126276447	0.0518004449	0.0028201586	-0.0523343914	0.0070884207	0.050992326	-0.016742904	-0.0478223571	-0.0338609658	-0.0055383786	0.0212358514	-0.037853292	-0.0602314436	0.0305193642	-0.0300070021	0.0231132644	0.0204422191	0.0271558802	-0.773842186259779	0.152008597043458	0.448081059024295	0.592443852028073
0.0190565	-0.0371257	-0.367422	-0.00392852	-0.00229553	0.00106403	-0.0037161	-0.0123547	0.00982500000000003	0.0009056	0	8.70999999999988e-06	0.0716113	-0.0051831058	-0.051352489	0.0153463027	0.0483152946	-0.0249084068	-0.0433856593	0.0334948844	0.0367566699	-0.0407694154	-0.0286879745	0.0464470668	0.0194956122	-0.0503054532	-0.0095396348	0.0521934471	-0.0007899965	-0.0520370985	0.0110886847	0.0498425313	-0.0209530451	-0.0456957037	0.0596174173	-0.0291815162	0.010605992	0.0362711663	-0.0553689215	-0.0404530323	-0.0498335234	-0.0094211205	-0.0106273607	-0.0548951678	-2.07729287312376	0.091419051148247	0.448081059024295	0.592443852028073
0.0227765	-0.049546	-0.406013	-0.00377594	-0.00229553	0.00132585	0.00372	-0.0124203	-0.038591	0.000152579999999999	0	0.00026182	0.0754512999999999	-0.005407671	-0.0512616758	0.0159924506	0.0479594708	-0.0258953737	-0.0426124582	0.0346942175	0.0354486142	-0.0420138333	-0.0267733776	0.0475421407	0.0169566271	-0.051043434	-0.0064169112	0.0523684314	-0.0043963972	-0.0514606403	0.0150222601	0.0483587652	-0.0250076315	-0.0431950583	-0.0446403582	-0.0355316411	-0.0361160833	-0.0514948042	0.012687119	0.0389360688	-0.0199811366	-0.0373181947	0.026810899	0.0143914424	0.744776305538688	-0.022210995428557	0.448081059024295	0.592443852028073
0.0227765	-0.0241573	-0.405993	-0.00414878	-0.00229553	0.00132585	0	0.0253887	2.000000000002e-05	-0.00037284	0	0	0.0440507	-0.0056321357	-0.0511670547	0.0166359256	0.0475893965	-0.0268703181	-0.0418107693	0.0358619813	0.0340984296	-0.0431950583	-0.0248090665	0.0485304007	0.0143723053	-0.0516212534	-0.0032708371	0.052324667	-0.0079819045	-0.0506081094	0.0188654898	0.0465509697	-0.0288765622	-0.0403408874	-0.0192948628	-0.0035984783	0.0412675997	0.004669694	0.0595313735	0.0146873713	0.0184396415	0.0456715826	0.028219126	0.0261148918	-1.34466293818198	-0.009058363895557	0.448081059024295	0.592443852028073
0.0227765	-0.0494157	-0.405996	-0.0041234	-0.00229553	0.00132585	0	-0.0252584	-3.00000000003076e-06	2.53800000000011e-05	0	0	0.0265304	-0.0058564958	-0.0510686325	0.01727662	0.0472051818	-0.0278327876	-0.0409811285	0.0369971132	0.0327077205	-0.044311314	-0.0227986886	0.0494096266	0.0117495564	-0.0520370985	-0.0001128608	0.0520623368	-0.0115294786	-0.0494840794	0.0225952602	0.044431258	-0.0325311144	-0.0371565505	0.0533298294	-0.0082847707	-0.0007265922	0.0445401858	0.0536167101	-0.0446702392	0.0034905208	-0.0135249857	-0.019357762	-0.0547924807	0.322286354428869	-0.098421748905421	-2.22840312389761	-1.68540061352814
0.0227765	-0.0492821	-0.433876	-0.00445313	-0.00229553	0.00132585	0	0.000133600000000005	-0.02788	-0.00032973	0	0	0.0445000999999999	-0.0060807472	-0.0509664168	0.0179144269	0.0468069407	-0.0287823352	-0.0401240904	0.0380985803	0.03127814	-0.0453609212	-0.0207459769	0.050177843	0.0090953929	-0.0522896643	0.0030455261	0.0515825363	-0.0150222601	-0.0480945804	0.02618914	0.0420138333	-0.0359441567	-0.0336681095	-0.0352280739	0.0029987141	-0.0341767307	-0.0332906567	0.0101326624	0.0277159925	0.0054196912	-0.0321623294	0.0085647707	0.0384879876	0.549863718353905	-0.152696618675964	-2.22840312389761	-1.68540061352814
0.0227373	-0.0360733	-0.386984	-0.00402856	-0.00236977	0.000990682	-3.91999999999997e-05	0.0132088	0.0468920000000001	0.00042457	-7.42400000000002e-05	-0.000335168	0.1018389	-0.0063048856	-0.050860415	0.0185492395	0.0463947917	-0.0297185201	-0.0392402281	0.0391653804	0.0298113868	-0.0463423012	-0.018654743	0.0508333239	0.0064169112	-0.0523781585	0.0061928308	0.0508872699	-0.0184436498	-0.0464470668	0.0296255153	0.0393148935	-0.039090351	-0.0299041152	-0.0104066678	-0.0148984779	0.058242296	0.0614897357	-0.0070473484	-0.0199344808	-0.0110160024	0.0507167088	-0.0230962133	-0.0109631008	-2.35429403913322	-0.014135338850955	0.448081059024295	-1.68540061352814
0.0167997	-0.0635629	-0.438442	-0.00356698	-0.00229553	0.00118627	-0.0059376	-0.0274896	-0.051458	0.00046158	7.42400000000002e-05	0.000195588	0.1214556	-0.0065289069	-0.050750635	0.0191809517	0.0459688572	-0.0306409077	-0.0383301323	0.0401965428	0.0283092043	-0.0472539781	-0.01652887	0.0513745965	0.0037212726	-0.0523023033	0.0093176004	0.0499794418	-0.021777388	-0.0445503769	0.0328837193	0.036352523	-0.0419463399	-0.0258953737	0.0449729065	-0.0650018325	-0.0318298543	-0.0353493111	0.0609281456	-0.0239201078	-0.0275318489	-0.0394672968	0.0443071152	0.0255063582	-0.833126879398348	0.167598841829723	0.448081059024295	0.592443852028073
0.00455989	-0.0245655	-0.405042	-0.00413404	-0.00242557	0.000975773	-0.01223981	0.0389974	0.0334	-0.00056706	-0.00013004	-0.000210497	0.13001706	-0.006752807	-0.050637085	0.0198094581	0.0455292636	-0.0315490697	-0.0373944116	0.0411911291	0.0267733776	-0.0480945804	-0.0143723053	0.0518004449	0.0010156846	-0.0520623368	0.0124084642	0.048862844	-0.0250076315	-0.0424146861	0.0359441567	0.0331465714	-0.0444909208	-0.021674694	-0.0639801944	-0.0158361233	0.0093827604	-0.0101415528	0.0431416472	0.0807492066	0.012639624	0.0157951028	0.0431658345	0.0283235545	-0.447601536492602	-0.36753595118043	0.448081059024295	0.592443852028073
0.0108468	-0.044128	-0.398376	-0.0039429	-0.00229553	0.00132585	0.00628691	-0.0195625	0.006666	0.00019114	0.00013004	0.000350077	0.06607826	-0.0069765817	-0.0505197734	0.0204346535	0.0450761418	-0.0324425845	-0.0364336915	0.0421482344	0.0252057321	-0.048862844	-0.0121890533	0.0521099123	-0.0016926191	-0.0516590118	0.015454175	0.0475421407	-0.0281190288	-0.0400514517	0.0387884217	0.0297185201	-0.0467052026	-0.01727662	0.0381188757	-0.0055577512	0.0388910528	0.0642938914	0.0152513244	-0.0534067159	-0.005075305	0.0172461962	-0.0177788432	-0.0608665886	0.519923841293577	-0.520771148516118	0.448081059024295	0.592443852028073
0.00462339	-0.0358162	-0.428319	-0.00377556	-0.00229553	0.00132585	-0.00622341	0.0083118	-0.0299429999999999	0.00016734	0	0	0.05284521	-0.0072002268	-0.0503987089	0.0210564335	0.0446096262	-0.0333210373	-0.0354486142	0.0430669878	0.0236081307	-0.0495576132	-0.009983168	0.0523023033	-0.0043963972	-0.051093594	0.0184436498	0.0460228486	-0.0310967934	-0.0374733519	0.0413994086	0.0260913389	-0.0485727468	-0.0127371473	-0.0345341331	-0.0228641657	-0.0086525046	-0.053301691	0.007734433	0.0301756703	-0.032670559	-0.003655291	0.0281423107	0.0334296525	0.487500825505278	-0.087245873696815	0.448081059024295	0.592443852028073
-6.48414e-06	-0.0243546	-0.400067	-0.00388182	-0.00262083	0.00102433	-0.00462987414	0.0114616	0.0282519999999999	-0.00010626	-0.0003253	-0.00030152	0.08099747414	-0.0074237382	-0.0502739006	0.021674694	0.0441298556	-0.0341840202	-0.0344398384	0.0439465533	0.0219824722	-0.050177843	-0.0077587455	0.0523771858	-0.0070884207	-0.0503678575	0.0213660101	0.044311314	-0.0339267737	-0.0346942175	0.0437614146	0.0222893319	-0.0500796887	-0.0080934286	-0.0042348968	-0.0200380154	0.0588012789	0.0463264358	-0.0214360389	-0.0167194385	-0.0273603728	0.0520177515	-0.0029307994	-0.0181881077	0.813564128138149	-0.138112459808431	0.448081059024295	0.592443852028073
0.00462339	-0.0497871	-0.430091	-0.00335207	-0.00229553	0.00132585	0.00462987414	-0.0254325	-0.030024	0.00052975	0.0003253	0.00030152	0.11791487414	-0.0076471118	-0.0501453577	0.0222893319	0.0436369724	-0.0350311327	-0.0334080384	0.0447861304	0.0203306886	-0.0507226006	-0.0055199161	0.0523343914	-0.0097614921	-0.0494840794	0.0242106219	0.0424146861	-0.0365955205	-0.0317289578	0.0458602343	0.0183379745	-0.0512148408	-0.0033834701	0.0145715656	-0.0394442178	-0.0464372669	0.0084537967	0.0073123288	-0.0020605023	-0.0131544743	-0.0447610553	0.0119633825	-0.0330924815	0.71098080139339	0.468834297073202	0.448081059024295	0.592443852028073
-0.00472997	-0.0416998	-0.439196	-0.00425829	-0.00243569	0.00110115	-0.00935336	0.0080873	-0.00910500000000003	-0.00090622	-0.00014016	-0.0002247	0.0900996599999999	-0.0078703433	-0.0500130897	0.0229002443	0.0431311232	-0.0358619813	-0.032353904	0.0455849554	0.018654743	-0.0511910666	-0.0032708371	0.0521740164	-0.0124084642	-0.0484450328	0.0269671338	0.0403408874	-0.039090351	-0.0285934806	0.0476832451	0.014263743	-0.0519697758	0.0013541801	-0.0422068087	-0.0009723862	0.0213495463	-0.0557901539	0.0091879199	0.0472280105	0.0074757172	0.03759314	0.0428817111	0.0320878189	0.433652268189481	0.072833066412866	0.448081059024295	0.592443852028073
-0.00347457	-0.0274757	-0.430075	-0.0037451	-0.00261209	0.0010841	0.0012554	0.0142241	0.00912100000000005	0.00051319	-0.0001764	-1.705e-05	0.0599325	-0.0080934286	-0.0498771065	0.0235073292	0.0426124582	-0.0366761804	-0.03127814	0.0463423012	0.0169566271	-0.0515825363	-0.0010156846	0.051896421	-0.0150222601	-0.0472539781	0.0296255153	0.0380985803	-0.0413994086	-0.025304607	0.0492194833	0.0100939368	-0.0523388891	0.0060807472	0.0458074587	0.0008643772	0.0345276565	0.0356056469	-0.0727414096	-0.044284286	-0.0344057686	0.0205502275	-0.0511592393	-0.0437946962	0.781071400425988	-0.129888429027647	0.448081059024295	0.592443852028073
0.00447022	-0.0367267	-0.450185	-0.00365661	-0.00266835	0.00132585	0.00794479	-0.009251	-0.0201100000000001	8.84900000000001e-05	-5.62599999999998e-05	0.00024175	0.05663079	-0.0083163637	-0.0497374181	0.024110485	0.0420811315	-0.0374733519	-0.0301814655	0.0470574788	0.015238359	-0.051896421	0.0012413539	0.051502229	-0.0175958911	-0.0459146523	0.0321760928	0.0356971313	-0.0435117199	-0.0218799809	0.0504597097	0.0058564958	-0.0523194405	0.010757547	-0.0274515089	-0.0136713158	-0.0462169643	-0.0694887278	-0.1029753414	0.0270293113	-0.0334412678	-0.0404955647	-0.0266494378	0.0250473886	-1.88690849366537	1.3201842865907	-2.22840312389761	-1.68540061352814
0.00441801	-0.00890109	-0.463372	-0.00402235	-0.0028092	0.00132585	-5.22099999999996e-05	0.02782561	-0.0131869999999999	-0.00036574	-0.00014085	0	0.06639432	-0.0085391442	-0.049594035	0.024709611	0.0415373011	-0.0382531258	-0.0290646136	0.0477298374	0.0135019809	-0.0521322486	0.0034960873	0.050992326	-0.0201224762	-0.044431258	0.034609585	0.0331465714	-0.0454172463	-0.0183379745	0.0513964655	0.0015798132	-0.0519115742	0.0153463027	-0.0216044056	0.0252530176	0.0407703244	-0.0257999145	-0.0440864449	0.0189325528	0.0064469307	0.0523268003	0.0024589025	0.0397057129	1.18388781007881	2.10300471615294	0.448081059024295	0.592443852028073
0.00451392	-0.0496793	-0.455153	-0.00360074	-0.00254994	0.00114318	9.59100000000003e-05	-0.04077821	0.00821900000000003	0.00042161	0.00025926	-0.00018267	0.09227012	-0.0087617663	-0.0494469678	0.025304607	0.0409811285	-0.03901514	-0.0279283311	0.0483587652	0.0117495564	-0.0522896643	0.0057443291	0.0503678575	-0.0225952602	-0.0428084497	0.0369171367	0.0304575546	-0.0471069319	-0.0146975897	0.0520241169	-0.0027074549	-0.0511183183	0.0198094581	0.0611368951	0.0107049941	-0.0132463542	0.0342752084	-0.0030685828	-0.0531902616	0.0185089521	-0.0244492027	-0.0436381743	-0.0313127496	0.663949233688228	1.72256671824901	0.448081059024295	0.592443852028073
0.004661	-0.0494247	-0.470169	-0.00420571	-0.00224823	0.00132585	0.00014708	0.000254600000000008	-0.015016	-0.00060497	0.00030171	0.00018267	0.06988518	-0.0089842256	-0.0492962274	0.0258953737	0.0404127789	-0.0397590408	-0.0267733776	0.04894369	0.009983168	-0.0523684314	0.0079819045	0.0496302266	-0.0250076315	-0.0410513194	0.039090351	0.0276413132	-0.0485727468	-0.0109783563	0.0523388891	-0.0069765817	-0.0499455618	0.024110485	-0.0487921802	0.015489371	-0.0220284019	-0.0431777715	0.0264504903	0.0403560434	0.0277514696	-0.0145475159	0.0052351672	0.043143312	0.255722063352916	0.495135204699068	0.448081059024295	0.592443852028073
-0.000612709	-0.0408034	-0.442705	-0.00413736	-0.0025055	0.00132585	-0.005273709	0.0086213	0.0274639999999999	6.835e-05	-0.00025727	0	0.057640009	-0.009206518	-0.0491418251	0.0264818121	0.0398324213	-0.0404844828	-0.0256005252	0.0494840794	0.0082049152	-0.0523684314	0.0102046586	0.0487810905	-0.0273531403	-0.0391653804	0.0411213197	0.024709611	-0.0498077248	-0.0072002268	0.0523388891	-0.0111989617	-0.0484020114	0.028214182	0.0023530974	0.0238594024	0.0442561233	0.0530415086	0.0138118084	-0.0281845842	0.0287923669	0.0413879936	-0.012147525	-0.0151471418	-1.60474920298551	0.075117522001596	-2.22840312389761	0.592443852028073
-0.00627106	-0.0831483	-0.493331	-0.0034758	-0.0027463	0.00132585	-0.005658351	-0.0423449	-0.050626	0.000661559999999999	-0.0002408	0	0.143747251	-0.0094286395	-0.0489837722	0.0270638244	0.0392402281	-0.0411911291	-0.024410558	0.0499794418	0.0064169112	-0.0522896643	0.0124084642	0.0478223571	-0.0296255153	-0.0371565505	0.0430026525	0.021674694	-0.0508059967	-0.0033834701	0.0520241169	-0.0153463027	-0.0464991262	0.0320869629	0.0537163834	0.0179739455	-0.0423825572	-0.0303028154	0.0426865696	-0.0462774032	0.0412761642	-0.0353305594	-0.0369798083	0.0308707655	0.108814780025802	0.844230280275875	-2.22840312389761	-1.68540061352814
-0.0210143	-0.0367831	-0.484518	-0.0041935	-0.00251716	0.00103211	-0.01474324	0.0463652	0.00881300000000002	-0.0007177	0.00022914	-0.00029374	0.13195044	-0.0096505858	-0.0488220806	0.0276413132	0.0386363752	-0.0418786518	-0.0232042715	0.0504293264	0.004621281	-0.0521322486	0.0145892291	0.0467561802	-0.0318186811	-0.0350311327	0.0447275033	0.0185492395	-0.0515628185	0.0004514381	0.0513964655	-0.0193908153	-0.0442510332	0.0356971313	-0.0404339573	0.0473499127	-0.0257272029	0.0094791023	0.0311722556	0.0439101373	0.0528121629	-0.0151830672	-0.0361983794	0.0427902425	-0.731320143485414	1.73137149340435	-2.22840312389761	-1.68540061352814
-0.0117584	-0.0453944	-0.485568	-0.00416484	-0.00233347	0.00132585	0.0092559	-0.0086113	-0.00105000000000005	2.86599999999998e-05	0.00018369	0.00029374	0.0442217	-0.009872353	-0.0486567622	0.028214182	0.0380210421	-0.0425467316	-0.0219824722	0.0508333239	0.0028201586	-0.051896421	0.016742904	0.0455849554	-0.0339267737	-0.0327957961	0.0462895956	0.0153463027	-0.0520745933	0.0042839244	0.0504597097	-0.0233053991	-0.0416744222	0.03901514	0.0160982232	0.0231048182	0.0392961139	0.0781999489	0.0449275219	-0.0535358623	0.0218373986	0.0243564995	-0.0654058809	-0.0318113841	1.23683150662288	1.66330502387048	-2.22840312389761	-1.68540061352814
-0.020945	-0.0454445	-0.514653	-0.00403223	-0.00237611	0.00119185	-0.0091866	-5.00999999999974e-05	-0.029085	0.00013261	-4.264e-05	-0.000134	0.0537842	-0.0100939368	-0.0484878293	0.0287823352	0.0373944116	-0.0431950583	-0.0207459769	0.0511910666	0.0010156846	-0.0515825363	0.0188654898	0.044311314	-0.0359441567	-0.0304575546	0.0476832451	0.0120792627	-0.0523388891	0.0080934286	0.0492194833	-0.0270638244	-0.0387884217	0.0420138333	0.0501588299	-0.0247316167	-0.0246601327	-0.0357291676	0.0878934374	-0.0316606587	0.0041935195	-0.0296762209	0.0021926078	0.0714204239	0.297852882810567	0.209434194542609	-2.22840312389761	0.592443852028073
-0.0208621	-0.0617994	-0.469586	-0.00418189	-0.00224823	0.00101567	8.29000000000003e-05	-0.0163549	0.0450670000000001	-0.000149659999999999	0.00012788	-0.00017618	0.0841908	-0.0103153331	-0.0483152946	0.0293456776	0.0367566699	-0.043823331	-0.0194956122	0.051502229	-0.0007899965	-0.0511910666	0.0209530451	0.0429381175	-0.0378654364	-0.028023745	0.0489033805	0.0087617663	-0.0523544498	0.0118595137	0.0476832451	-0.0306409077	-0.0356144575	0.0446686685	-0.0749181625	0.0133191621	-0.005574977	0.0618422142	0.0587045234	0.0939728815	0.047036612	0.013691559	-0.0385233348	-0.021077766	0.742156810287642	-0.384045319647561	-2.22840312389761	0.592443852028073
-0.0208623	-0.0620522	-0.528978	-0.00363411	-0.00224823	0.00117802	-2.00000000002282e-07	-0.000252799999999991	-0.059392	0.00054778	0	0.00016235	0.0951514999999999	-0.0105365379	-0.0481391707	0.0299041152	0.0361080066	-0.044431258	-0.0182322141	0.051766528	-0.0025947387	-0.0507226006	0.0230016937	0.0414684511	-0.0396854757	-0.0255020041	0.0499455618	0.005407671	-0.0521212014	0.0155619757	0.0458602343	-0.0340126806	-0.0321760928	0.0469579174	0.0077385211	0.0237683503	0.0286038915	-0.0259195365	0.0323609211	-0.0330906906	0.0237405594	0.0378516467	-0.0017964441	0.0450118061	-2.93163146169805	0.88467247970183	-2.22840312389761	0.592443852028073
-0.02089	-0.031337	-0.482391	-0.00434131	-0.00224823	0.000924524	-2.76999999999986e-05	0.0307152	0.046587	-0.0007072	0	-0.000253496	0.1253647	-0.010757547	-0.0479594708	0.0304575546	0.0354486142	-0.045018557	-0.0169566271	0.0519837232	-0.0043963972	-0.050177843	0.0250076315	0.0399056168	-0.0413994086	-0.0229002443	0.0508059967	0.0020309873	-0.0516402525	0.0191809517	0.0437614146	-0.0371565505	-0.028498854	0.048862844	0.0609896981	0.0233881416	-0.0343078404	0.0250401945	0.0019327355	-0.0524717533	0.0237579612	-0.0420161448	-0.0007114466	-0.0078981261	0.545493059575442	1.1593557477366	-2.22840312389761	0.592443852028073
-0.0209292	-0.0694729	-0.522849	-0.00366903	-0.00238421	0.00132605	-3.91999999999997e-05	-0.0381359	-0.040458	0.00067228	-0.00013598	0.000401526	0.1391224	-0.0109783563	-0.0477762082	0.0310059033	0.0347786889	-0.0455849554	-0.015669704	0.0521536168	-0.0061928308	-0.0495576132	0.0269671338	0.0382531258	-0.0430026525	-0.0202266294	0.0514815542	-0.0013541801	-0.0509138886	0.0226970271	0.0413994086	-0.0400514517	-0.0246100408	0.0503678575	-0.0474016731	0.0239392903	-0.0303288758	-0.00442937	-0.0205075283	0.0418911823	0.0098472714	-0.0183062418	0.0072329842	-0.018214908	-0.630530086270085	0.367236981378123	-2.22840312389761	0.592443852028073
-0.0183924	-0.0318595	-0.499725	-0.0041418	-0.00264736	0.00091496	0.0025368	0.0376134	0.023124	-0.00047277	-0.00026315	-0.00041109	0.1206247	-0.0111989617	-0.0475893965	0.0315490697	0.0340984296	-0.0461301902	-0.0143723053	0.0522760543	-0.0079819045	-0.048862844	0.0288765622	0.0365146908	-0.0444909208	-0.0174895484	0.0519697758	-0.0047336909	-0.0499455618	0.0260913389	0.0387884217	-0.042677987	-0.0205385235	0.0514606403	-0.0072394765	0.002118987	0.0488969155	0.009021959	0.0045419149	0.0014482745	-0.0177768751	0.0496161183	0.0270149147	0.0311241843	-2.93048985923288	-0.538645830732638	-2.22840312389761	0.592443852028073
-0.00929166	-0.0729508	-0.477881	-0.00358084	-0.00231669	0.00132605	0.00910074	-0.0410913	0.0218439999999999	0.00056096	0.00033067	0.00041109	0.13717204	-0.0114193591	-0.0473990497	0.0320869629	0.0334080384	-0.0466540082	-0.0130652981	0.0523509242	-0.0097614921	-0.0480945804	0.030732371	0.0346942175	-0.0458602343	-0.0146975897	0.0522688852	-0.0080934286	-0.048739874	0.0293456776	0.0359441567	-0.045018557	-0.016314529	0.0521322486	0.0564140766	-0.0299307717	-0.0018247763	0.0430576611	0.0306574647	-0.0450745329	-0.0199093333	-0.0182490314	0.0065283778	-0.0609064392	-2.80754312183259	-0.431044548593116	-2.22840312389761	0.592443852028073
-0.0209491	-0.050472	-0.496155	-0.0040009	-0.00243678	0.00132605	-0.01165744	0.0224788	-0.018274	-0.00042006	-0.00012009	0	0.07941774	-0.0116395445	-0.0472051818	0.0326194932	0.0327077205	-0.0471561663	-0.0117495564	0.0523781585	-0.0115294786	-0.0472539781	0.0325311144	0.0327957961	-0.0471069319	-0.0118595137	0.0523777937	-0.0114193591	-0.047302555	0.0324425845	0.0328837193	-0.0470574788	-0.011969416	0.0523771858	-0.0443008479	-0.0114007936	-0.0209030323	-0.0370675986	0.0200277129	0.0392985009	-0.0076345595	-0.0230621919	0.05257221	0.028149716	-2.84308170292214	-0.433439824062909	-2.22840312389761	0.592443852028073
-0.00617999	-0.0414888	-0.450081	-0.00409329	-0.00224823	0.00104376	0.01476911	0.0089832	0.0460739999999999	-9.23900000000004e-05	0.00018855	-0.00028229	0.09798781	-0.0118595137	-0.0470078072	0.0331465714	0.0319976841	-0.0476364314	-0.0104259597	0.0523577323	-0.0132837629	-0.0463423012	0.0342694522	0.0308236917	-0.0482276804	-0.0089842256	0.0522961052	-0.0146975897	-0.0456404355	0.0353654455	0.0296255153	-0.0487810905	-0.0075354425	0.0521934471	-0.0040307617	-0.0201327908	0.0577298963	0.0704608844	-0.0203997559	-0.0237480299	-0.0342643023	0.0514717638	-0.0002453651	-0.0419465268	-2.75171948628993	-0.606029099286051	0.448081059024295	0.592443852028073
1.17485e-05	-0.0640833	-0.478189	-0.00384222	-0.00224823	0.00132605	0.0061917385	-0.0225945	-0.028108	0.00025107	0	0.00028229	0.0835622385	-0.0120792627	-0.0468069407	0.0336681095	0.03127814	-0.0480945804	-0.0090953929	0.0522896643	-0.0150222601	-0.0453609212	0.0359441567	0.0287823352	-0.0492194833	-0.0060807472	0.0520241169	-0.0179144269	-0.0437614146	0.0380985803	0.02618914	-0.050177843	-0.0030455261	0.0515825363	0.0373734544	-0.0618756132	-0.0234755275	-0.038979096	0.0323817858	-0.0138224758	-0.0418281409	-0.0322988113	0.0052456695	0.0158353023	-0.639419193105599	-0.35769796004641	0.448081059024295	0.592443852028073
-0.00972588	-0.0266883	-0.476188	-0.00432409	-0.00224823	0.000944161	-0.0097376285	0.037395	0.00200100000000003	-0.00048187	0	-0.000381889	0.0923215785	-0.0122987873	-0.0466025972	0.0341840202	0.030549302	-0.0485304007	-0.0077587455	0.0521740164	-0.016742904	-0.044311314	0.0375521182	0.0266763128	-0.0500796887	-0.003158189	0.0515628185	-0.0210564335	-0.0416744222	0.0406273263	0.0225952602	-0.0512383773	0.0014670001	0.0505494535	-0.0657753168	-0.0206317531	0.0030397088	-0.0152314727	0.0548852824	0.0824753244	0.0073843529	0.0146929488	0.0135709926	0.0357348332	-0.290237743433857	-0.356542948685049	0.448081059024295	0.592443852028073
-0.01321	-0.0600083	-0.484879	-0.00409952	-0.00204372	0.00132605	-0.00348412	-0.03332	-0.008691	0.00022457	0.00020451	0.000381889	0.08604357	-0.0125180835	-0.0463947917	0.0346942175	0.0298113868	-0.04894369	-0.0064169112	0.0520108938	-0.0184436498	-0.0431950583	0.039090351	0.0245103563	-0.0508059967	-0.0002257211	0.0509138886	-0.024110485	-0.0393893764	0.0429381175	0.0188654898	-0.0519555872	0.0059686353	0.0491026536	0.001357772	0.02050719	0.0434353701	0.0644478809	0.0080978369	-0.0386365881	0.0288188817	0.0399463116	-0.0643735624	-0.0497442427	0.524474077987909	-0.175750665008017	0.448081059024295	0.592443852028073
-0.0210225	-0.0815199	-0.52928	-0.0038475	-0.00252914	0.00132605	-0.0078125	-0.0215116	-0.044401	0.00025202	-0.00048542	0	0.1105971	-0.0127371473	-0.0461835398	0.0351986159	0.0290646136	-0.0493342563	-0.0050707869	0.0518004449	-0.0201224762	-0.0420138333	0.0405559987	0.0222893319	-0.0513964655	0.0027074549	0.0500796887	-0.0270638244	-0.0369171367	0.045018557	0.0150222601	-0.052324667	0.0104259597	0.0472539781	0.0511151693	0.0157081843	-0.0157355372	-0.0576474662	0.0571795847	-0.0283948965	0.0235699186	-0.0158927914	-0.0170016579	0.0467402386	-0.870319585017298	-0.260790027936801	0.448081059024295	0.592443852028073
-0.0208307	-0.04827	-0.491303	-0.00467278	-0.00212799	0.000984359	0.000191799999999999	0.0332499	0.037977	-0.000825279999999999	0.00040115	-0.000341691	0.14982475	-0.0129559745	-0.0459688572	0.0356971313	0.0283092043	-0.0497019183	-0.0037212726	0.0515428613	-0.021777388	-0.0407694154	0.0419463399	0.0200182296	-0.0518495163	0.0056321357	0.0490632542	-0.0299041152	-0.0342694522	0.0468574839	0.0110886847	-0.0523431439	0.0148058821	0.045018557	-0.0581237184	0.0284670169	-0.0324241897	0.0123048665	0.0332073822	0.0688087023	0.0494006045	-0.0188245306	0.0123157596	0.0030982398	-0.304818131733479	-0.448390239388283	0.448081059024295	0.592443852028073
-0.0207438	-0.0813544	-0.497442	-0.00415852	-0.00195824	0.00132605	8.69000000000009e-05	-0.0330844	-0.00613900000000001	0.00051426	0.00016975	0.000341691	0.09059535	-0.0131745611	-0.0457507597	0.0361896802	0.0275453833	-0.0500465054	-0.0023692706	0.0512383773	-0.0234064185	-0.0394636764	0.0432587929	0.017702152	-0.0521639377	0.0085391442	0.0478682839	-0.0326194932	-0.0314589057	0.0484450328	0.0070884207	-0.0520108938	0.0190758861	0.0424146861	0.0007651579	0.038575625	0.0359629141	0.0495043181	-0.0270110002	-0.0311041614	0.025137861	0.0359269927	-0.0089438569	-0.0610208878	1.2609270148343	0.367512031702886	0.448081059024295	0.592443852028073
-0.0210831	-0.0699429	-0.541254	-0.00422142	-0.00266261	0.00132605	-0.000339300000000001	0.0114115	-0.043812	-6.29000000000003e-05	-0.00070437	0	0.0939263	-0.013392903	-0.0455292636	0.0366761804	0.0267733776	-0.0503678575	-0.0010156846	0.0508872699	-0.0250076315	-0.0380985803	0.0444909208	0.0153463027	-0.0523388891	0.0114193591	0.0464991262	-0.0351986159	-0.028498854	0.049772687	0.0030455261	-0.0513301431	0.0232042715	0.0394636764	0.0529204233	0.0038117469	-0.0180023209	-0.0764351701	-0.0276460984	-0.0310529538	-0.0252128998	-0.019133514	0.0315929373	0.0561351155	1.1530768128179	1.00552594721819	0.448081059024295	0.592443852028073
-0.0393442	-0.0365784	-0.480451	-0.00413853	-0.00236303	0.00114121	-0.0182611	0.0333645	0.060803	8.28900000000004e-05	0.00029958	-0.00018484	0.1407941	-0.0136109962	-0.0453043854	0.0371565505	0.0259934166	-0.0506658255	0.0003385804	0.0504898588	-0.0265791242	-0.0366761804	0.0456404355	0.0129559745	-0.0523739028	0.014263743	0.0449607632	-0.0376307102	-0.0254033645	0.0508333239	-0.0010156846	-0.0503054532	0.0271603893	0.0361896802	-0.0605282338	0.0006432081	-0.0130285291	0.0300040435	-0.0753182784	0.078400268	-0.0285915578	-0.0047092406	-0.0179842618	-0.0352263064	1.21856363639864	0.71839992732299	0.448081059024295	0.592443852028073
-0.021705	-0.0534097	-0.497738	-0.00400114	-0.00237073	0.00125436	0.0176392	-0.0168313	-0.017287	0.000137389999999999	-7.70000000000024e-06	0.00011315	0.0646695	-0.0138288366	-0.0450761418	0.0376307102	0.0252057321	-0.050940271	0.0016926191	0.0500465054	-0.0281190288	-0.0351986159	0.0467052026	0.0105365379	-0.0522688852	0.0170633708	0.0432587929	-0.0399056168	-0.0221871482	0.0516212534	-0.0050707869	-0.04894369	0.0309148693	0.0326194932	0.0117220984	-0.0197431852	0.0300363582	-0.0020062282	-0.066493316	-0.0507919008	-0.0422164492	0.0202334148	0.004654767	-0.0365540541	1.2219360204274	-0.437244051990654	0.448081059024295	0.592443852028073
-0.0393559	-0.0485514	-0.480408	-0.00450342	-0.00239333	0.00104877	-0.0176509	0.0048583	0.01733	-0.00050228	-2.25999999999998e-05	-0.00020559	0.0763627	-0.0140464202	-0.0448445497	0.0380985803	0.024410558	-0.0511910666	0.0030455261	0.0495576132	-0.0296255153	-0.0336681095	0.0476832451	0.0080934286	-0.0520241169	0.0198094581	0.0413994086	-0.0420138333	-0.0188654898	0.0521322486	-0.0090953929	-0.0472539781	0.0344398384	0.0287823352	0.0442598942	-0.0253662866	-0.0592890908	-0.0541372732	-0.0467678653	-0.019649043	-0.0220007356	-0.0647463083	0.0199515473	0.0494034585	0.951435351894247	-0.473616090016011	-2.22840312389761	0.592443852028073
-0.0339729	-0.0494493	-0.480404	-0.00459881	-0.00238054	0.000871408	0.00538299999999999	-0.000897900000000007	4.000000000004e-06	-9.53899999999999e-05	1.27899999999999e-05	-0.000177362	0.020562	-0.014263743	-0.0446096262	0.0385600826	0.0236081307	-0.0514180959	0.0043963972	0.049023627	-0.0310967934	-0.0320869629	0.0485727468	0.0056321357	-0.0516402525	0.0224933884	0.0393893764	-0.0439465533	-0.015454175	0.0523635681	-0.0130652981	-0.0452476394	0.0377091275	0.024709611	-0.0572022489	0.0464443715	0.0106578511	0.0080557196	-0.056652974	0.0795765915	0.0459670428	0.035456578	-0.0021014411	-0.0364609422	0.784660727961804	-0.279968074965322	-2.22840312389761	0.592443852028073
-0.0393852	-0.0622205	-0.510448	-0.00436386	-0.0024555	0.00132605	-0.00541229999999999	-0.0127712	-0.0300439999999999	0.00023495	-7.49599999999998e-05	0.000454642	0.0864551	-0.0144808008	-0.044371389	0.03901514	0.0227986886	-0.0516212534	0.0057443291	0.0484450328	-0.0325311144	-0.0304575546	0.0493720561	0.003158189	-0.0511183183	0.0251067401	0.0372360105	-0.0456957037	-0.011969416	0.0523139709	-0.0169566271	-0.0429381175	0.0406984653	0.0204346535	0.0525356637	0.0360893946	0.0207453967	-0.0444334189	-0.0122398101	-0.0471214945	0.0299540269	0.0107494868	0.0365663143	0.0021289445	1.16800603958453	0.031291928998966	-2.22840312389761	0.592443852028073
-0.0463975	-0.0471206	-0.484845	-0.00476421	-0.0024555	0.00106764	-0.00701230000000001	0.0150999	0.0256029999999999	-0.00040035	0	-0.00025841	0.0806532	-0.0146975897	-0.0441298556	0.0394636764	0.0219824722	-0.0518004449	0.0070884207	0.0478223571	-0.0339267737	-0.0287823352	0.0500796887	0.0006771467	-0.0504597097	0.0276413132	0.0349471469	-0.0472539781	-0.0084277735	0.0519837232	-0.0207459769	-0.0403408874	0.0433856593	0.0159924506	-0.0290434665	0.0086240526	-0.0458896999	-0.0184527679	-0.0393963909	0.0274478096	0.0042413406	-0.0464830522	0.0376145895	0.007247147	0.889202402071699	-0.14421549630303	-2.22840312389761	0.592443852028073
-0.0479058	-0.0642495	-0.486857	-0.00429068	-0.00299137	0.00122589	-0.0015083	-0.0171289	-0.00201200000000001	0.00047353	-0.00053587	0.000158250000000001	0.0790317	-0.0149141057	-0.043885044	0.0399056168	0.0211597241	-0.0519555872	0.0084277735	0.0471561663	-0.0352821126	-0.0270638244	0.0506943307	-0.001805417	-0.0496661877	0.0300891549	0.0325311144	-0.0486148674	-0.0048460789	0.0513745965	-0.024410558	-0.0374733519	0.0457507597	0.0114193591	0.0026475322	0.001435158	0.0450582558	0.0608982986	-0.091775779	-0.0285179769	-0.0446906204	0.0362838255	-0.0131729495	-0.0607622582	0.989194397182653	-0.063258863034198	-2.22840312389761	0.592443852028073
-0.0323736	-0.0815794	-0.524874	-0.0038272	-0.00252953	0.00119645	0.0155322	-0.0173299	-0.038017	0.00046348	0.00046184	-2.94400000000006e-05	0.1186171	-0.0151303447	-0.0436369724	0.0403408874	0.0203306886	-0.0520866082	0.0097614921	0.0464470668	-0.0365955205	-0.025304607	0.0512148408	-0.0042839244	-0.048739874	0.0324425845	0.0299967047	-0.049772687	-0.0012413539	0.0504898588	-0.0279283311	-0.0343547251	0.0477762082	0.006752807	0.0374218408	-0.0312780809	-0.0487531728	-0.0815574468	-0.0470133755	-0.0128571975	-0.0428117933	-0.041467903	0.0248769117	0.0409008181	0.756420706452931	0.311206166240593	0.448081059024295	0.592443852028073
-0.0327713	-0.0564716	-0.51729	-0.00467357	-0.00249413	0.00105312	-0.000397700000000001	0.0251078	0.00758400000000003	-0.00084637	3.54000000000001e-05	-0.00014333	0.0843444999999999	-0.0153463027	-0.0433856593	0.0407694154	0.0194956122	-0.0521934471	0.0110886847	0.0456957037	-0.0378654364	-0.0235073292	0.0516402525	-0.006752807	-0.0476832451	0.0346942175	0.0273531403	-0.0507226006	0.0023692706	0.0493342563	-0.03127814	-0.0310059033	0.0494469678	0.0020309873	-0.0376404807	0.0228824456	0.0033087751	-0.0289413061	-0.014278407	0.0613710788	0.0063246147	0.0211878027	0.0102804363	0.0247551469	1.17861229052862	0.683045337234111	0.448081059024295	0.592443852028073
-0.0187025	-0.0790812	-0.51951	-0.0041378	-0.00258384	0.00131601	0.0140688	-0.0226096	-0.00222000000000011	0.000535770000000001	-8.97100000000002e-05	0.00026289	0.0833169000000001	-0.0155619757	-0.0431311232	0.0411911291	0.018654743	-0.0522760543	0.0124084642	0.0449027607	-0.039090351	-0.021674694	0.0519697758	-0.009206518	-0.0464991262	0.0368369888	0.0246100408	-0.0514606403	0.0059686353	0.0479139886	-0.0344398384	-0.0274493255	0.050750635	-0.0027074549	0.0533059011	0.0073614178	-0.009715273	0.0496758003	-0.0314325451	-0.0479533732	-0.0030786111	-0.0218031292	-0.0413820455	-0.0761669949	0.776922983260797	0.526578191901416	0.448081059024295	0.592443852028073
-0.0234036	-0.0815261	-0.518832	-0.00396164	-0.00229559	0.00147847	-0.0047011	-0.0024449	0.000678000000000067	0.00017616	0.00028825	0.00016246	0.0391675	-0.0157773596	-0.0428733831	0.0416059582	0.0178083308	-0.0523343914	0.0137199483	0.0440689593	-0.0402688086	-0.0198094581	0.0522027989	-0.0116395445	-0.0451906832	0.0388641751	0.021777388	-0.0519837232	0.0095396348	0.046236675	-0.0373944116	-0.0237088227	0.0516775313	-0.0074237382	-0.0300375815	-0.0104922025	-0.0075501519	-0.0644862996	-0.0523365737	0.0276654236	-0.0261153041	-0.00488481	0.0148359267	0.0421618872	0.576388826535769	0.702830323535627	0.448081059024295	0.592443852028073
-0.0384563	-0.0361969	-0.462649	-0.0047694	-0.0022956	0.00117631	-0.0150527	0.0453292	0.056183	-0.000807759999999999	-9.99999999994061e-09	-0.00030216	0.1720614	-0.0159924506	-0.0426124582	0.0420138333	0.0169566271	-0.0523684314	0.0150222601	0.0431950583	-0.0413994086	-0.0179144269	0.0523388891	-0.0140464202	-0.0437614146	0.0407694154	0.0188654898	-0.0522896643	0.0130652981	0.044311314	-0.0401240904	-0.0198094581	0.0522207755	-0.0120792627	0.019215247	-0.0294640658	0.0514884299	0.0220353303	-0.1061421629	-0.0360446213	-0.0579634129	0.0287372362	-0.0182203801	-0.037813504	1.1803230211402	1.67913757924955	-2.22840312389761	0.592443852028073
-0.0275244	-0.114287	-0.548068	-0.0040614	-0.00256094	0.00147847	0.0109319	-0.0780901000000001	-0.085419	0.000707999999999999	-0.00026534	0.00030216	0.238216	-0.0162072446	-0.0423483678	0.0424146861	0.016099885	-0.0523781585	0.016314529	0.0422818529	-0.0424808075	-0.0159924506	0.0523777937	-0.0164217376	-0.0422151417	0.0425467316	0.015884942	-0.0523771858	0.01652887	0.0421482344	-0.0426124582	-0.0157773596	0.0523763346	-0.0166359256	0.0184982082	-0.0363708041	-0.0590265833	-0.0444193011	-0.0329694697	0.0030636792	-0.0173952849	-0.0533950096	0.0049675155	-0.0246693584	0.91506413158609	2.3195711415033	0.448081059024295	0.592443852028073
-0.0352103	-0.0560642	-0.50441	-0.00450033	-0.00254152	0.00106479	-0.0076859	0.0582228000000001	0.043658	-0.00043893	1.942e-05	-0.00041368	0.1531682	-0.0164217376	-0.0420811315	0.0428084497	0.015238359	-0.0523635681	0.0175958911	0.0413301739	-0.0435117199	-0.0140464202	0.0523194405	-0.0187601599	-0.0405559987	0.044190547	0.0128465907	-0.0522459219	0.0199138901	0.0397590408	-0.0448445497	-0.0116395445	0.0521430537	-0.0210564335	-0.0567643304	0.0559268127	-0.0052987766	-0.0266178739	-0.0075237937	0.0739956266	0.0754788973	0.0267787775	-0.029779348	0.0265881449	0.408581908434773	2.42730729572218	0.448081059024295	0.592443852028073
-0.0428574	-0.105275	-0.563047	-0.0043095	-0.00243247	0.00113471	-0.0076471	-0.0492108	-0.0586370000000001	0.00019083	0.00010905	6.992e-05	0.1339849	-0.0166359256	-0.0418107693	0.0431950583	0.0143723053	-0.052324667	0.0188654898	0.0403408874	-0.0444909208	-0.0120792627	0.0521639377	-0.0210564335	-0.0387884217	0.0456957037	0.0097614921	-0.051896421	0.0232042715	0.0371565505	-0.0468069407	-0.0074237382	0.0515226647	-0.025304607	0.0099061013	0.0808128232	0.0207102174	0.0451064782	-0.0162095438	-0.0395330482	0.0572689035	0.0350685047	-0.0853871138	-0.0441000493	1.01068044866006	2.4578458066485	0.448081059024295	0.592443852028073
-0.0509098	-0.0909566	-0.586778	-0.00475077	-0.00287923	0.00122512	-0.00805239999999999	0.0143184	-0.0237309999999999	-0.00044127	-0.00044676	9.041e-05	0.0950238	-0.0168498047	-0.0415373011	0.0435744473	0.0135019809	-0.0522614734	0.0201224762	0.0393148935	-0.0454172463	-0.0100939368	0.0519115742	-0.0233053991	-0.0369171367	0.0470574788	0.0066408724	-0.0513301431	0.0263843771	0.0343547251	-0.0484878293	-0.003158189	0.0505197734	-0.0293456776	0.0570240963	0.0431125678	-0.0201906358	-0.0457506941	0.0493517947	-0.038035504	0.0338992283	-0.0236887681	-0.0196219035	0.0879463581	-0.037801665154959	0.660344984288681	-2.22840312389761	0.592443852028073
-0.0562273	-0.082018	-0.516466	-0.00389723	-0.00275971	0.00102362	-0.0053175	0.0089386	0.070312	0.00085354	0.00011952	-0.0002015	0.1432961	-0.0170633708	-0.0412607473	0.0439465533	0.0126276447	-0.0521740164	0.0213660101	0.0382531258	-0.0462895956	-0.0080934286	0.0515628185	-0.0255020041	-0.0349471469	0.0482715996	0.0034960873	-0.0505494535	0.0294390937	0.0313685957	-0.0498771065	0.0011285219	0.0491418251	-0.0331465714	-0.051373302	0.0085957552	-0.0472920826	0.0814840592	0.0418752112	0.0565532007	0.0235469016	-0.0368448177	-0.0499099008	-0.0394779692	0.178037605030163	-0.516042254681272	-2.22840312389761	0.592443852028073
-0.0424776	-0.114556	-0.556601	-0.00371207	-0.00231968	0.00123974	0.0137497	-0.032538	-0.040135	0.00018516	0.00044003	0.00021612	0.1284882	-0.01727662	-0.0409811285	0.044311314	0.0117495564	-0.0520623368	0.0225952602	0.0371565505	-0.0471069319	-0.0060807472	0.0511183183	-0.0276413132	-0.0328837193	0.0493342563	0.0003385804	-0.0495576132	0.032353904	0.028214182	-0.0509664168	0.005407671	0.0473990497	-0.0366761804	-0.0062142297	-0.008640329	0.0303255373	-0.0402902323	0.0359383562	-0.0148220203	-0.0001516278	0.0329578667	0.009337181	0.0624364354	0.399197010396752	1.92542978624647	0.448081059024295	0.592443852028073
-0.0423416	-0.0620184	-0.50826	-0.00441926	-0.00231968	0.000969273	0.000136000000000004	0.0525376	0.048341	-0.00070719	0	-0.000270467	0.14989745	-0.0174895484	-0.0406984653	0.0446686685	0.0108679768	-0.0519264863	0.0238094045	0.0360261653	-0.0478682839	-0.0040589197	0.0505788988	-0.0297185201	-0.030732371	0.0502421146	-0.0028201586	-0.0483587652	0.0351149558	0.0249084068	-0.0517492091	0.0096505858	0.0453043854	-0.0399056168	0.0432288915	-0.0007558139	0.0180165194	0.04150197	0.0081156491	-0.0417131989	0.0041839233	-0.001542685	-0.0154748462	-0.0065919308	0.338432751386131	1.06529827090788	0.448081059024295	0.592443852028073
-0.0452573	-0.0962776	-0.537128	-0.00435189	-0.002704	0.000959011	-0.0029157	-0.0342592	-0.0288679999999999	6.73700000000006e-05	-0.00038432	-1.02619999999999e-05	0.0891405	-0.017702152	-0.0404127789	0.045018557	0.009983168	-0.051766528	0.0250076315	0.0348629988	-0.0485727468	-0.0020309873	0.0499455618	-0.0317289578	-0.028498854	0.050992326	-0.0059686353	-0.0469579174	0.0377091275	0.0214690046	-0.0522207755	0.0138288366	0.0428733831	-0.0428084497	-0.0034627359	-0.0333503988	-0.0553351644	-0.0292762056	0.0131137034	0.0178584603	-0.0279183775	-0.048501899	0.0377848961	-0.0080051694	-0.424157695345447	0.071018667615091	0.448081059024295	0.592443852028073
-0.0560892	-0.0465991	-0.502075	-0.00432948	-0.00247627	0.000906857	-0.0108319	0.0496785	0.0350529999999999	2.24099999999996e-05	0.00022773	-5.21540000000001e-05	0.1106781	-0.0179144269	-0.0401240904	0.0453609212	0.0090953929	-0.0515825363	0.02618914	0.0336681095	-0.0492194833	0	0.0492194833	-0.0336681095	-0.02618914	0.0515825363	-0.0090953929	-0.0453609212	0.0401240904	0.0179144269	-0.0523782801	0.0179144269	0.0401240904	-0.0453609212	-0.0527711944	-0.0071573511	0.0071110872	-0.0060109234	0.010761266	0.061918512	0.0047405104	0.0285833434	0.0437200065	0.0020838253	-0.106389553956784	0.229546181271254	0.448081059024295	0.592443852028073
-0.0353519	-0.0948618	-0.525866	-0.00400141	-0.00231968	0.00116659	0.0207373	-0.0482627	-0.0237909999999999	0.00032807	0.00015659	0.000259733	0.13001065	-0.018126369	-0.0398324213	0.0456957037	0.0082049152	-0.0513745965	0.0273531403	0.0324425845	-0.0498077248	0.0020309873	0.0484020114	-0.0355316183	-0.0238094045	0.0520108938	-0.0121890533	-0.0435744473	0.0423483678	0.014263743	-0.0522207755	0.0218799809	0.0370769179	-0.0475421407	0.0262258715	0.0134465397	0.0399546003	0.0358120143	0.0014642255	-0.0424412229	-0.0040426875	0.0285131323	-0.0074876274	-0.0477676462	-0.949681312228174	0.234528444210701	0.448081059024295	0.592443852028073
-0.0386453	-0.0676216	-0.539293	-0.0049816	-0.00273098	0.000993268	-0.0032934	0.0272402	-0.0134270000000001	-0.00098019	-0.0004113	-0.000173322	0.1222012	-0.0183379745	-0.0395377932	0.0460228486	0.0073119995	-0.0511428052	0.028498854	0.0311875391	-0.0503367722	0.0040589197	0.0474946641	-0.0373152977	-0.0213660101	0.0522760543	-0.015238359	-0.0416059582	0.044371389	0.0105365379	-0.0517492091	0.0256989275	0.0337544877	-0.0493342563	0.0162680453	-0.0345779798	-0.0568657779	-0.0159806693	0.0329607931	0.0025654677	-0.0242170303	-0.0570472233	0.039250204	0.0371449118	-0.077883511746453	0.186805133070391	0.448081059024295	0.592443852028073
-0.0560296	-0.0756783	-0.513643	-0.00400986	-0.00241339	0.00112386	-0.0173843	-0.0080567	0.02565	0.00097174	0.00031759	0.000130592	0.1220871	-0.0185492395	-0.0392402281	0.0463423012	0.0064169112	-0.0508872699	0.0296255153	0.0299041152	-0.0508059967	0.0060807472	0.0464991262	-0.03901514	-0.0188654898	0.0523771858	-0.0182322141	-0.0394636764	0.0461835398	0.006752807	-0.0509664168	0.0293456776	0.0301814655	-0.0507226006	-0.0517402475	-0.0211957436	0.0346307934	0.0465448904	0.0485956877	0.0512367511	-0.0010305611	0.0390365599	-0.003421846	-0.0447585999	-2.04378151478013	0.25104474402747	0.448081059024295	0.592443852028073
-0.0480692	-0.0925123	-0.584583	-0.00395953	-0.00222342	0.000831259	0.0079604	-0.016834	-0.0709399999999999	5.03299999999995e-05	0.00018997	-0.000292601	0.12237945	-0.0187601599	-0.0389397479	0.0466540082	0.0055199161	-0.0506081094	0.030732371	0.0285934806	-0.0512148408	0.0080934286	0.0454172463	-0.0406273263	-0.016314529	0.0523139709	-0.0211597241	-0.0371565505	0.0477762082	0.0029328492	-0.0498771065	0.0327957961	0.0263843771	-0.0516958108	0.0265829539	-0.0091077338	0.0289282755	0.0014775084	0.065933135	-0.0518564954	0.0020003137	0.0132387618	0.0031097793	0.0299074347	-1.90278552374883	0.240525755573746	0.448081059024295	0.592443852028073
-0.0470423	-0.0825225	-0.540977	-0.00498597	-0.00222342	0.000721864	0.00102689999999999	0.00998980000000001	0.0436059999999999	-0.00102644	0	-0.000109395	0.11141445	-0.018970732	-0.0386363752	0.0469579174	0.004621281	-0.0503054532	0.0318186811	0.027256828	-0.0515628185	0.0100939368	0.0442510332	-0.0421482344	-0.0137199483	0.0520866082	-0.0240102362	-0.0346942175	0.0491418251	-0.0009028426	-0.0484878293	0.0360261653	0.0223914121	-0.0522459219	0.0552456833	0.0040462451	-0.0583500446	0.0676699034	0.0351985829	-0.0550685351	0.0309368824	-0.0871733834	-0.0315663497	-0.0021197289	-1.6210595623877	0.589511649423417	0.448081059024295	0.592443852028073
-0.0371933	-0.0927799	-0.541836	-0.00383004	-0.0024316	0.000831265	0.00984899999999999	-0.0102574	-0.000858999999999943	0.00115593	-0.00020818	0.000109401	0.09464095	-0.0191809517	-0.0383301323	0.0472539781	0.0037212726	-0.0499794418	0.0328837193	0.0258953737	-0.0518495163	0.0120792627	0.0430026525	-0.0435744473	-0.0110886847	0.0516958108	-0.0267733776	-0.0320869629	0.0502739006	-0.0047336909	-0.0468069407	0.03901514	0.0182322141	-0.0523684314	-0.0363776829	-0.0030267584	-0.0017626104	0.0239837566	0.0426700859	0.0250537382	-0.0108993893	-0.0095852514	-0.0358671993	-0.0042517652	-1.46699063369837	0.372423567378908	0.448081059024295	0.592443852028073
-0.0348764	-0.0705398	-0.53836	-0.00418632	-0.00260427	0.000957408	0.0023169	0.0222401	0.00347599999999992	-0.00035628	-0.00017267	0.000126143	0.0607876500000001	-0.0193908153	-0.0380210421	0.0475421407	0.0028201586	-0.0496302266	0.0339267737	0.0245103563	-0.0520745933	0.0140464202	0.0416744222	-0.0449027607	-0.0084277735	0.0511428052	-0.0294390937	-0.0293456776	0.0511670547	-0.0085391442	-0.0448445497	0.0417426926	0.0139376608	-0.0520623368	-0.004584439	-0.0511376792	0.0432909938	0.0010138204	0.0644881483	-0.0061202837	-0.0407552877	0.038974412	0.0372193428	0.0554706087	0.814739471174465	0.636850736294033	0.448081059024295	0.592443852028073
-0.0265377	-0.094706	-0.477031	-0.00432941	-0.00222342	0.00112386	0.0083387	-0.0241662	0.061329	-0.000143089999999999	0.00038085	0.000166452	0.1283535	-0.0196003187	-0.0377091275	0.0478223571	0.0019182066	-0.0492579697	0.0349471469	0.0231030362	-0.0522377823	0.0159924506	0.0402688086	-0.0461301902	-0.0057443291	0.0504293264	-0.0319976841	-0.0264818121	0.0518170426	-0.0122987873	-0.0426124582	0.044190547	0.0095396348	-0.0513301431	0.0368893914	-0.0829077456	-0.0017495641	0.0879052979	0.0642633779	-0.0235372328	-0.0470924684	-0.0238328467	0.0057762169	-0.0865138164	-0.540970898836649	1.57639224709742	0.448081059024295	0.592443852028073
-0.0302031	-0.0997497	-0.510863	-0.00387464	-0.00239981	0.000662622	-0.0036654	-0.0050437	-0.0338319999999999	0.00045477	-0.00017639	-0.000461238	0.097161	-0.0198094581	-0.0373944116	0.0480945804	0.0010156846	-0.048862844	0.0359441567	0.021674694	-0.0523388891	0.0179144269	0.0387884217	-0.0472539781	-0.0030455261	0.0495576132	-0.0344398384	-0.0235073292	0.0522207755	-0.0159924506	-0.0401240904	0.0463423012	0.0050707869	-0.050177843	-0.0425732731	-0.0547376593	-0.0421662443	-0.0507498372	0.083894143	0.0469725321	6.75397e-05	-0.0406257155	0.0604317491	0.0182130262	0.380246521014057	0.971952147182355	0.448081059024295	0.592443852028073
-0.0304957	-0.0886464	-0.50118	-0.00399253	-0.00270711	0.000662622	-0.0002926	0.0111033	0.00968299999999989	-0.00011789	-0.0003073	0	0.0423384	-0.0200182296	-0.0370769179	0.0483587652	0.0001128608	-0.0484450328	0.0369171367	0.0202266294	-0.0523777937	0.0198094581	0.0372360105	-0.0482715996	-0.0003385804	0.0485304007	-0.0367566699	-0.0204346535	0.0523763346	-0.0196003187	-0.0373944116	0.0481835374	0.0005642937	-0.0486148674	-0.0313563984	0.0263830624	0.0169699853	-0.0206153795	0.0364648683	0.0311182451	0.0515077788	0.0393284173	0.0457872739	0.012294005	1.17494293370421	1.05587524115503	0.448081059024295	0.592443852028073
-0.0255867	-0.0763606	-0.519417	-0.00432941	-0.0026337	0.000844364	0.004909	0.0122858	-0.0182369999999999	-0.000336879999999999	7.34099999999999e-05	0.000181742	0.0650334	-0.0202266294	-0.0367566699	0.0486148674	-0.0007899965	-0.0480047303	0.0378654364	0.0187601599	-0.0523544498	0.021674694	0.0356144575	-0.0491807684	0.0023692706	0.0473509122	-0.0389397479	-0.01727662	0.0522829807	-0.0231030362	-0.0344398384	0.0497019183	-0.0039463888	-0.0466540082	0.0026058506	0.0191418174	0.0402066555	-0.0260267527	0.0142168028	-0.0223249688	0.0061012053	0.0433567726	0.0243520457	-0.0108350415	0.545750157150646	0.314031274883272	0.448081059024295	-1.68540061352814
-0.0374702	-0.0731108	-0.499237	-0.00507181	-0.00241935	0.000579824	-0.0118835	0.00324980000000001	0.02018	-0.000742400000000001	0.00021435	-0.00026454	0.0963778000000001	-0.0204346535	-0.0364336915	0.048862844	-0.0016926191	-0.0475421407	0.0387884217	0.01727662	-0.0522688852	0.0235073292	0.0339267737	-0.0499794418	0.0050707869	0.0460228486	-0.0409811285	-0.0140464202	0.0519411573	-0.0264818121	-0.03127814	0.0508872699	-0.0084277735	-0.044311314	-0.0116532204	0.0068729893	0.0410319344	-0.0071148214	-0.0076523154	0.0037204271	-0.0036280685	0.0466359234	0.0173053253	0.0116563626	0.61340557925889	0.569626775940332	0.448081059024295	-1.68540061352814
-0.0256702	-0.111968	-0.527658	-0.00439961	-0.00240403	0.000662621	0.0118	-0.0388572	-0.028421	0.0006722	1.53199999999997e-05	8.2797e-05	0.11759405	-0.0206422981	-0.0361080066	0.0491026536	-0.0025947387	-0.0470574788	0.0396854757	0.0157773596	-0.0521212014	0.025304607	0.0321760928	-0.0506658255	0.0077587455	0.0445503769	-0.0428733831	-0.010757547	0.051352489	-0.0297185201	-0.0279283311	0.0517316498	-0.0128465907	-0.0416059582	0.0036523328	0.0005446833	0.0310321448	-0.0173853074	-0.0360838124	-0.0358989187	-0.0258247463	0.0293914827	-0.0187294523	-0.019391902	0.436019685123841	0.331697748124623	0.448081059024295	0.592443852028073
-0.0356656	-0.0765794	-0.519388	-0.00497275	-0.00271508	0.000513389	-0.0099954	0.0353886	0.00827	-0.00057314	-0.00031105	-0.000149232	0.1053251	-0.0208495594	-0.0357796393	0.0493342563	-0.0034960873	-0.0465509697	0.0405559987	0.014263743	-0.0519115742	0.0270638244	0.0303656657	-0.0512383773	0.0104259597	0.0429381175	-0.0446096262	-0.0074237382	0.0505197734	-0.0327957961	-0.024410558	0.0522294002	-0.0171700353	-0.0385600826	0.0311191887	0.0052563373	0.0427740613	-0.0300426856	-0.0306354169	-0.0356753955	-0.0192246338	0.0252438179	0.0127239181	0.0360926637	0.732313765485998	0.025448535362374	0.448081059024295	0.592443852028073
-0.0216824	-0.117351	-0.525833	-0.00411731	-0.00233262	0.000784484	0.0139832	-0.0407716	-0.00644500000000003	0.00085544	0.00038246	0.000271095	0.13664955	-0.0210564335	-0.0354486142	0.0495576132	-0.0043963972	-0.0460228486	0.0413994086	0.0127371473	-0.0516402525	0.0287823352	0.028498854	-0.0516958108	0.0130652981	0.0411911291	-0.0461835398	-0.0040589197	0.0494469678	-0.0356971313	-0.0207459769	0.0523771858	-0.0213660101	-0.0351986159	0.0433435558	-0.0039842015	-0.0020416072	0.014006738	-0.0228549355	-0.0439554069	-0.0182352777	-0.0149273434	0.0002200222	-0.0456536133	-0.277314825835982	1.46111707373766	0.448081059024295	0.592443852028073
-0.0359817	-0.0711187	-0.530558	-0.00473951	-0.0024117	0.000649976	-0.0142993	0.0462323	-0.00472499999999998	-0.0006222	-7.90799999999996e-05	-0.000134508	0.107046	-0.0212629165	-0.0351149558	0.049772687	-0.0052954007	-0.0454733605	0.0422151417	0.0111989617	-0.0513075588	0.0304575546	0.0265791242	-0.0520370985	0.015669704	0.0393148935	-0.0475893965	-0.0006771467	0.0481391707	-0.0384069609	-0.0169566271	0.0521740164	-0.0254033645	-0.0315490697	0.0380070832	-0.0093311249	-0.0575441969	-0.0362732273	0.0081855206	-0.0213774492	0.0031646364	-0.0725890653	0.0478518799	0.0340122263	0.751448573195385	0.489790617908834	0.448081059024295	0.592443852028073
-0.0273767	-0.108746	-0.534934	-0.00487236	-0.00267381	0.000593929	0.008605	-0.0376273	-0.00437600000000005	-0.00013285	-0.00026211	-5.6047e-05	0.07315865	-0.0214690046	-0.0347786889	0.0499794418	-0.0061928308	-0.0449027607	0.0430026525	0.0096505858	-0.0509138886	0.0320869629	0.0246100408	-0.0522614734	0.0182322141	0.0373152977	-0.0488220806	0.0027074549	0.0466025972	-0.0409107473	-0.0130652981	0.0516212534	-0.0292521253	-0.0276413132	-0.0593871743	0.0278580877	-0.0243985568	0.0406480336	0.0034518495	0.0753841381	0.0334097634	-0.0084119543	0.0010229581	-0.0730161874	0.792885340739063	1.31667490302343	0.448081059024295	0.592443852028073
-0.0269636	-0.0958794	-0.583611	-0.00553558	-0.00268119	0.00079787	0.000413100000000003	0.0128666	-0.048677	-0.00066322	-7.37999999999997e-06	0.000203941	0.10568375	-0.021674694	-0.0344398384	0.050177843	-0.0070884207	-0.044311314	0.0437614146	0.0080934286	-0.0504597097	0.0336681095	0.0225952602	-0.0523684314	0.0207459769	0.0351986159	-0.0498771065	0.0060807472	0.0448445497	-0.0431950583	-0.0090953929	0.0507226006	-0.0328837193	-0.0235073292	-0.0224827644	0.0308404734	0.0243685524	-0.0477471759	-0.0209954231	0.0065744822	0.0253949351	0.0397837734	0.0302825186	0.0498685411	0.233812721073815	1.21938892182295	0.448081059024295	0.592443852028073
-0.0269569	-0.0960662	-0.541237	-0.00455851	-0.00247202	0.0010746	6.69999999999491e-06	-0.000186799999999987	0.042374	0.00097707	0.00020917	0.00027673	0.115716	-0.0218799809	-0.0340984296	0.0503678575	-0.0079819045	-0.043699295	0.0444909208	0.0065289069	-0.0499455618	0.0351986159	0.0205385235	-0.0523577323	0.0232042715	0.0329714899	-0.050750635	0.0094286395	0.0428733831	-0.0452476394	-0.0050707869	0.0494840794	-0.0362711858	-0.0191809517	0.0336734867	0.0284139122	0.041769668	0.0548558141	-0.0527672285	-0.0503738131	0.0100558511	0.0281772045	-0.0328693503	-0.0389846945	0.342933353190674	0.440200101825951	0.448081059024295	0.592443852028073
-0.0189158	-0.0996144	-0.565637	-0.00503966	-0.00274342	0.0010746	0.0080411	-0.0035482	-0.0244	-0.00048115	-0.0002714	0	0.0736167999999999	-0.0220848615	-0.0337544877	0.0505494535	-0.0088730165	-0.0430669878	0.0451906832	0.0049584444	-0.0493720561	0.0366761804	0.0184436498	-0.0522294002	0.0256005252	0.0306409077	-0.0514394875	0.0127371473	0.0406984653	-0.0470574788	-0.0010156846	0.0479139886	-0.0393893764	-0.0146975897	0.0378412533	0.0081754119	-0.0335729677	-0.0615370377	0.0010117223	-0.0223613041	-0.0043524507	-0.0354813759	0.0469896549	0.0438135448	0.219544084497704	1.1880111352222	0.448081059024295	0.592443852028073
-0.0328152	-0.079194	-0.518036	-0.00512498	-0.00259545	0.00080024	-0.0138994	0.0204204	0.047601	-8.53200000000007e-05	0.00014797	-0.00027436	0.1073033	-0.0222893319	-0.0334080384	0.0507226006	-0.0097614921	-0.0424146861	0.0458602343	0.0033834701	-0.048739874	0.0380985803	0.016314529	-0.0519837232	0.0279283311	0.028214182	-0.0519411573	0.0159924506	0.0383301323	-0.0486148674	0.0030455261	0.0460228486	-0.0422151417	-0.0100939368	-0.0504236138	0.013246933	-0.0349730753	0.0484983834	-0.014276313	0.0657726119	0.0104771847	-0.0258178487	0.0022546416	-0.033607351	0.881152069104095	1.79680157663205	0.448081059024295	0.592443852028073
-0.0177981	-0.120304	-0.560122	-0.00479596	-0.00218402	0.0010746	0.0150171	-0.04111	-0.0420860000000001	0.00032902	0.00041143	0.00027436	0.1489536	-0.0224933884	-0.0330591074	0.0508872699	-0.0106470671	-0.0417426926	0.0464991262	0.001805417	-0.0480497669	0.0394636764	0.0141551145	-0.0516212534	0.0301814655	0.0256989275	-0.0522538189	0.0191809517	0.0357796393	-0.04991145	0.0070884207	0.043823331	-0.0447275033	-0.005407671	-0.0220086546	0.0186231705	0.0200084264	-0.0338439674	0.0006758133	-0.0055902563	0.0231495509	0.0318126341	0.0125275342	0.006422466	-2.1262066627732	1.68327190103049	-2.22840312389761	-1.68540061352814
-0.00724199	-0.0712211	-0.523175	-0.00584088	-0.0024669	0.000919522	0.01055611	0.0490829	0.0369470000000001	-0.00104492	-0.00028288	-0.000155078	0.17072991	-0.0226970271	-0.0327077205	0.051043434	-0.0115294786	-0.0410513194	0.0471069319	0.0002257211	-0.047302555	0.0407694154	0.011969416	-0.0511428052	0.032353904	0.0231030362	-0.0523763346	0.0222893319	0.0330591074	-0.050940271	0.0110886847	0.0413301739	-0.0469078096	-0.0006771467	0.0464312675	0.0338934471	0.0332757982	-0.003516598	-0.0101992127	-0.0379676523	0.026230266	0.022341636	0.0097476786	0.0289350369	-0.26733988607439	0.05053113377414	-2.22840312389761	-1.68540061352814
-0.000806403	-0.108838	-0.517301	-0.00489752	-0.00228756	0.0010746	0.006435587	-0.0376169	0.00587399999999993	0.00094336	0.00017934	0.000155078	0.113815387	-0.0229002443	-0.032353904	0.0511910666	-0.0124084642	-0.0403408874	0.0476832451	-0.0013541801	-0.0464991262	0.0420138333	0.0097614921	-0.0505494535	0.0344398384	0.0204346535	-0.0523082586	0.025304607	0.0301814655	-0.0516958108	0.0150222601	0.0385600826	-0.048739874	0.0040589197	-0.019587798	-0.0052799007	-0.0561032405	0.0081351025	-0.0754492869	0.0207112813	-0.0317566292	-0.0550929304	-0.0464104489	-0.0168792239	-0.432593953523552	-0.362120328432681	-2.22840312389761	-1.68540061352814
-0.0132482	-0.0493576	-0.492136	-0.00579896	-0.0027016	0.000452776	-0.012441797	0.0594804	0.025165	-0.00090144	-0.00041404	-0.000621824	0.193952397	-0.0231030362	-0.0319976841	0.0513301431	-0.0132837629	-0.0396117264	0.0482276804	-0.0029328492	-0.0456404355	0.0431950583	0.0075354425	-0.0498425313	0.0364336915	0.017702152	-0.0520498384	0.028214182	0.0271603893	-0.0521740164	0.0188654898	0.0355316183	-0.0502100954	0.0087617663	-0.0292888904	-0.0262358039	0.0448907045	-0.0330854624	-0.0151371321	0.0260267658	-0.0347080719	0.0507778492	0.0032634256	0.0593529731	-0.095718052651961	-1.08218644032232	-2.22840312389761	-1.68540061352814
-0.0210264	-0.0867627	-0.481034	-0.00513186	-0.00239553	0.000661776	-0.0077782	-0.0374051	0.0111019999999999	0.000667099999999999	0.00030607	0.000209	0.1153938	-0.0233053991	-0.0316390872	0.0514606403	-0.0141551145	-0.0388641751	0.048739874	-0.0045088495	-0.0447275033	0.044311314	0.0052954007	-0.049023627	0.0383301323	0.0149141057	-0.0516020147	0.0310059033	0.0240102362	-0.0523723222	0.0225952602	0.0322650733	-0.0513075588	0.013392903	0.0327196885	-0.0242303599	0.0286372287	0.0564390821	0.0142114686	-0.0493116981	-0.0173399255	0.0027645788	-0.0206816704	-0.0434869356	0.75952456015097	-1.25308934437868	-2.22840312389761	-1.68540061352814
-0.0211996	-0.0940421	-0.521773	-0.00513186	-0.00267368	0.000838978	-0.000173199999999998	-0.0072794	-0.0407389999999999	0	-0.00027815	0.000177202	0.0709592	-0.0235073292	-0.03127814	0.0515825363	-0.0150222601	-0.0380985803	0.0492194833	-0.0060807472	-0.0437614146	0.0453609212	0.0030455261	-0.0480945804	0.0401240904	0.0120792627	-0.0509664168	0.0336681095	0.0207459769	-0.0522896643	0.02618914	0.0287823352	-0.0520241169	0.0179144269	0.0264637545	-0.0310257141	-0.0442864546	-0.0414967973	0.0658814856	-0.0048082315	0.0029806522	-0.0472953742	0.0346390095	0.0361297898	-0.401149414298583	-0.801619409765078	-2.22840312389761	-1.68540061352814
-0.0384046	-0.0865774	-0.499644	-0.00554283	-0.00240333	0.000644862	-0.017205	0.00746470000000002	0.022129	-0.00041097	0.00027035	-0.000194116	0.0905705000000001	-0.0237088227	-0.0309148693	0.0516958108	-0.015884942	-0.0373152977	0.0496661877	-0.0076471118	-0.0427433176	0.0463423012	0.0007899965	-0.0470574788	0.0418107693	0.009206518	-0.0501453577	0.0361896802	0.0173831246	-0.0519264863	0.0296255153	0.0251067401	-0.0523544498	0.0222893319	-0.0720437957	0.0272695924	-0.0083199531	0.0319926765	0.017526778	0.0932148368	0.049834068	0.0189261797	-0.016220339	-0.0174601294	0.403582169255378	-0.650509071876863	-2.22840312389761	-1.68540061352814
-0.0180536	-0.10679	-0.535567	-0.00509236	-0.00240333	0.0010746	0.020351	-0.0202126	-0.035923	0.000450470000000001	0	0.000429738	0.120497	-0.0239098759	-0.030549302	0.0518004449	-0.016742904	-0.0365146908	0.0500796887	-0.009206518	-0.0416744222	0.0472539781	-0.0014670001	-0.0459146523	0.0433856593	0.0063048856	-0.0491418251	0.0385600826	0.0139376608	-0.0512847364	0.0328837193	0.0212629165	-0.0522961052	0.0264818121	0.0072221609	0.0467538435	0.0349453862	-0.0203394709	-0.0203183114	-0.0297917139	0.0341613922	0.0477325217	-0.0363058191	0.0252953129	0.690898190367174	-0.645604397510644	-2.22840312389761	0.592443852028073
-0.010505	-0.0695394	-0.505693	-0.00585917	-0.00283381	0.000781258	0.0075486	0.0372506	0.029874	-0.000766810000000001	-0.00043048	-0.000293342	0.1492048	-0.024110485	-0.0301814655	0.051896421	-0.0175958911	-0.0356971313	0.0504597097	-0.010757547	-0.0405559987	0.0480945804	-0.0037212726	-0.0446686685	0.0448445497	0.0033834701	-0.0479594708	0.0407694154	0.0104259597	-0.0503678575	0.0359441567	0.01727662	-0.0518495163	0.0304575546	0.0409080766	-0.0054113565	-0.0470799757	-0.0028180121	0.0022934547	-0.0188997835	-0.0011270401	-0.0487703419	-0.0055498518	0.0363800793	0.624787863339411	-0.79781269023504	-2.22840312389761	0.592443852028073
-0.0173795	-0.0967327	-0.49903	-0.0051699	-0.00240545	0.0010746	-0.0068745	-0.0271933	0.00666300000000003	0.000689270000000001	0.00042836	0.000293342	0.1112794	-0.0243106464	-0.0298113868	0.0519837232	-0.0184436498	-0.0348629988	0.0508059967	-0.0122987873	-0.0393893764	0.048862844	-0.0059686353	-0.0433223267	0.0461835398	0.0004514381	-0.0466025972	0.0428084497	0.0068647103	-0.0491807684	0.0387884217	0.0131745611	-0.0510179984	0.0341840202	-0.0530146245	-0.0091396101	0.0132238299	0.0095754921	0.0207416247	0.0549076993	-0.0134391438	0.0186442592	-0.0200695888	-0.0169472711	0.611393971983923	-1.00050688700118	0.448081059024295	0.592443852028073
-0.012596	-0.0613561	-0.512583	-0.0054797	-0.00254519	0.000954752	0.0047835	0.0353766	-0.013553	-0.0003098	-0.00013974	-0.000119848	0.0821825	-0.0245103563	-0.0294390937	0.0520623368	-0.0192859283	-0.0340126806	0.0511183183	-0.0138288366	-0.0381759417	0.0495576132	-0.0082049152	-0.0418786518	0.0473990497	-0.0024820104	-0.0450761418	0.0446686685	0.0032708371	-0.0477298374	0.0413994086	0.0089842256	-0.0498077248	0.0376307102	0.0181229441	-0.0181773308	0.0439302897	-0.0133603394	0.0141110095	-0.0278697087	-0.0212753703	0.0363242203	-0.0062363527	0.037515313	0.276093560591617	-1.07748275564008	0.448081059024295	0.592443852028073
-0.0286897	-0.0850917	-0.512631	-0.00497078	-0.00251923	0.000810999	-0.0160937	-0.0237356	-4.8000000000048e-05	0.00050892	2.59600000000002e-05	-0.000143753	0.0738089499999999	-0.024709611	-0.0290646136	0.0521322486	-0.0201224762	-0.0331465714	0.0513964655	-0.0153463027	-0.0369171367	0.050177843	-0.0104259597	-0.0403408874	0.0484878293	-0.005407671	-0.0433856593	0.0463423012	-0.0003385804	-0.0460228486	0.0437614146	0.0047336909	-0.0482276804	0.0407694154	0.0165680422	-0.0256032313	-0.066641468	0.038430653	-0.0131610652	0.0014557489	-0.0151488194	-0.0610492905	-0.0474219527	-0.0190997232	-1.46499352650357	-1.05705759486663	0.448081059024295	0.592443852028073
-0.0205462	-0.0733329	-0.549376	-0.00518823	-0.00262245	0.000918734	0.0081435	0.0117588	-0.0367449999999999	-0.00021745	-0.00010322	0.000107735	0.0780675500000001	-0.0249084068	-0.0286879745	0.0521934471	-0.0209530451	-0.0322650733	0.0516402525	-0.0168498047	-0.0356144575	0.0507226006	-0.0126276447	-0.0387124883	0.0494469678	-0.0083163637	-0.0415373011	0.0478223571	-0.0039463888	-0.0440689593	0.0458602343	0.0004514381	-0.0462895956	0.0435744473	-0.0286834899	0.0381508585	0.0095348356	-0.0622864999	-0.0103141284	0.0306587407	0.0178386389	0.0224413387	-0.0094190159	0.0396951463	1.05605593990195	-1.05341712137112	0.448081059024295	0.592443852028073
-0.0383496	-0.0561156	-0.515891	-0.00523231	-0.00229077	0.000775307	-0.0178034	0.0172173	0.033485	-4.40800000000002e-05	0.00033168	-0.000143427	0.09446505	-0.0251067401	-0.0283092043	0.0522459219	-0.021777388	-0.0313685957	0.0518495163	-0.0183379745	-0.0342694522	0.0511910666	-0.0148058821	-0.0369971132	0.0502739006	-0.0111989617	-0.0395377932	0.0491026536	-0.0075354425	-0.0418786518	0.0476832451	-0.0038338396	-0.0440078585	0.0460228486	0.0511756985	0.0212747162	-0.0020279855	0.0160883451	-0.0221826779	-0.035567148	-0.0064020643	-0.0071659369	-0.0061175336	0.0038377331	-1.77431983276022	-0.982303772432013	0.448081059024295	0.592443852028073
-0.0213978	-0.0880633	-0.494942	-0.00467022	-0.00255405	0.000959987	0.0169518	-0.0319477	0.020949	0.00056209	-0.00026328	0.00018468	0.120351	-0.025304607	-0.0279283311	0.0522896643	-0.0225952602	-0.0304575546	0.0520241169	-0.0198094581	-0.0328837193	0.0515825363	-0.0169566271	-0.0351986159	0.0509664168	-0.0140464202	-0.0373944116	0.050177843	-0.0110886847	-0.0394636764	0.0492194833	-0.0080934286	-0.0413994086	0.0480945804	-0.0471482922	-0.0224381152	0.0036442662	0.0089447194	-0.0217235686	0.041461808	-0.0300676666	0.0018101442	-0.0189607187	-0.0267677134	-2.11656466715998	-1.07863018194668	0.448081059024295	0.592443852028073
-0.0186714	-0.0649759	-0.486037	-0.00556551	-0.00253337	0.000904037	0.0027264	0.0230874	0.00890499999999999	-0.00089529	2.06799999999999e-05	-5.59499999999999e-05	0.0833148	-0.0255020041	-0.0275453833	0.052324667	-0.0234064185	-0.0295323731	0.0521639377	-0.0212629165	-0.0314589057	0.051896421	-0.0190758861	-0.0333210373	0.0515226647	-0.0168498047	-0.0351149558	0.051043434	-0.0145892291	-0.0368369888	0.0504597097	-0.0122987873	-0.0384836111	0.049772687	0.0251850921	-0.0359489382	0.0578600403	-0.0043527994	-0.0133454797	-0.0280294986	-0.0401945959	0.0390033747	-0.0019303144	0.0196077073	-2.34830383293959	-1.06943689712135	0.448081059024295	0.592443852028073
-0.0154887	-0.0727326	-0.468062	-0.00508899	-0.00242339	0.000922474	0.0031827	-0.00775669999999998	0.017975	0.00047652	0.00010998	1.84369999999999e-05	0.05916125	-0.0256989275	-0.0271603893	0.0523509242	-0.0242106219	-0.0285934806	0.0522688852	-0.0226970271	-0.0299967047	0.0521322486	-0.0211597241	-0.0313685957	0.0519411573	-0.0196003187	-0.0327077205	0.0516958108	-0.0180204398	-0.0340126806	0.0513964655	-0.0164217376	-0.0352821126	0.051043434	-0.0450220697	-0.0538197508	-0.0178634888	0.0486024871	-0.038068363	0.0433568059	-0.0527498703	-0.0190630718	-0.0566545554	-0.0371833625	0.739215245948354	-1.03689291353812	0.448081059024295	0.592443852028073
-0.0155638	-0.0967356	-0.485341	-0.0050051	-0.002583	0.000797438	-7.51000000000016e-05	-0.024003	-0.017279	8.38899999999997e-05	-0.00015961	-0.000125036	0.0597839	-0.0258953737	-0.0267733776	0.0523684314	-0.0250076315	-0.0276413132	0.0523388891	-0.024110485	-0.028498854	0.0522896643	-0.0232042715	-0.0293456776	0.0522207755	-0.0222893319	-0.0301814655	0.0521322486	-0.0213660101	-0.0310059033	0.0520241169	-0.0204346535	-0.0318186811	0.051896421	-0.0025440443	-0.0672627802	0.051784203	-0.0060704049	0.0146698	-0.0299874739	-0.0493090622	0.0398773095	-0.0320153194	0.0464778503	-0.72627801945631	-0.977864211860217	0.448081059024295	0.592443852028073
-0.025641	-0.0659194	-0.468065	-0.00500033	-0.00273658	0.000763784	-0.0100772	0.0308162	0.017276	4.77000000000029e-06	-0.00015358	-3.3654e-05	0.0677696000000001	-0.0260913389	-0.0263843771	0.0523771858	-0.0257972105	-0.0266763128	0.0523739028	-0.0255020041	-0.0269671338	0.0523684314	-0.0252057321	-0.027256828	0.0523607718	-0.0249084068	-0.0275453833	0.0523509242	-0.0246100408	-0.0278327876	0.0523388891	-0.0243106464	-0.0281190288	0.052324667	-0.0081153758	-0.0709256007	-0.0504925307	0.015568904	-0.0094488251	0.008816148	-0.0377423547	-0.0603218732	-0.0614323701	0.037166235	-0.231828632058997	-0.975196436034484	0.448081059024295	0.592443852028073
-0.0279379	-0.0969008	-0.512566	-0.00467906	-0.00223255	0.000878963	-0.0022969	-0.0309814	-0.044501	0.00032127	0.00050403	0.000115179	0.12480325	-0.0262868196	-0.0259934166	0.0523771858	-0.0265791242	-0.0256989275	0.0523739028	-0.0268703181	-0.0254033645	0.0523684314	-0.0271603893	-0.0251067401	0.0523607718	-0.0274493255	-0.0248090665	0.0523509242	-0.0277371148	-0.0245103563	0.0523388891	-0.028023745	-0.0242106219	0.052324667	-0.0232452868	0.0030396084	0.0469488374	-0.0180654886	-0.0197024093	0.0088154984	0.0103349895	0.0592452875	-0.0522645609	0.0051384699	-1.6718014775285	-0.785083734854579	0.448081059024295	0.592443852028073
-0.0384864	-0.049942	-0.50341	-0.00555355	-0.00254714	0.000517683	-0.0105485	0.0469588	0.00915599999999994	-0.00087449	-0.00031459	-0.00036128	0.1441813	-0.0264818121	-0.0256005252	0.0523684314	-0.0273531403	-0.024709611	0.0523388891	-0.028214182	-0.0238094045	0.0522896643	-0.0290646136	-0.0229002443	0.0522207755	-0.0299041152	-0.0219824722	0.0521322486	-0.030732371	-0.0210564335	0.0520241169	-0.0315490697	-0.0201224762	0.051896421	0.028020743	-0.0051019413	-0.0445663474	-0.0222328829	-0.0142221289	-0.0105715491	0.0001238726	-0.0474642797	-0.0022392099	0.0305150183	-0.389104866941371	-0.941612039230963	0.448081059024295	0.592443852028073
-0.0383553	-0.0784595	-0.48476	-0.00526591	-0.00227323	0.000619217	0.000131099999999995	-0.0285175	0.01865	0.00028764	0.00027391	0.000101534	0.0804528	-0.0266763128	-0.0252057321	0.0523509242	-0.0281190288	-0.0237088227	0.0522688852	-0.0295323731	-0.0221871482	0.0521322486	-0.0309148693	-0.0206422981	0.0519411573	-0.0322650733	-0.0190758861	0.0516958108	-0.0335815749	-0.0174895484	0.0513964655	-0.0348629988	-0.015884942	0.051043434	-0.0327607186	-0.0015192114	0.0296497995	0.0438466678	-0.0173286998	0.0372922305	-0.0074773626	0.0357024778	-0.0036842853	-0.0547164339	-1.77106233398199	-0.772437598985425	0.448081059024295	0.592443852028073
-0.0384979	-0.0742649	-0.521091	-0.00492847	-0.00257265	0.000708272	-0.000142599999999993	0.00419460000000002	-0.0363309999999999	0.00033744	-0.00029942	8.90550000000001e-05	0.07696395	-0.0268703181	-0.0248090665	0.052324667	-0.0288765622	-0.0226970271	0.0521639377	-0.0308236917	-0.0205385235	0.051896421	-0.0327077205	-0.0183379745	0.0515226647	-0.0345247919	-0.016099885	0.051043434	-0.0362711858	-0.0138288366	0.0504597097	-0.0379433273	-0.0115294786	0.049772687	0.0390096731	-0.0400027739	-0.0184604911	-0.0573988101	0.0365418037	-0.018865643	-0.0119121235	-0.0188998426	0.0486382802	0.0296705198	-0.253830830620682	-0.611297840716739	0.448081059024295	0.592443852028073
-0.0385702	-0.0615813	-0.497619	-0.00527508	-0.00271965	0.000551773	-7.22999999999974e-05	0.0126836	0.023472	-0.00034661	-0.000147	-0.000156499	0.06873335	-0.0270638244	-0.024410558	0.0522896643	-0.0296255153	-0.021674694	0.0520241169	-0.0320869629	-0.0188654898	0.0515825363	-0.0344398384	-0.0159924506	0.0509664168	-0.0366761804	-0.0130652981	0.050177843	-0.0387884217	-0.0100939368	0.0492194833	-0.0407694154	-0.0070884207	0.0480945804	-0.048885761	0.0159757424	0.0071117026	0.006868861	0.0345844262	0.0705251291	0.0426119437	0.0229691277	0.0134509545	-0.0199520018	1.04571208463928	-0.901249503632618	0.448081059024295	0.592443852028073
-0.0157663	-0.0792403	-0.502532	-0.00534891	-0.00227323	0.000936327	0.0228039	-0.017659	-0.004913	-7.38300000000004e-05	0.00044642	0.000384554	0.0906161	-0.027256828	-0.0240102362	0.0522459219	-0.0303656657	-0.0206422981	0.0518495163	-0.0333210373	-0.0171700353	0.0511910666	-0.0361080066	-0.0136109962	0.0502739006	-0.0387124883	-0.009983168	0.0491026536	-0.0411213197	-0.0063048856	0.0476832451	-0.0433223267	-0.0025947387	0.0460228486	0.0504265121	0.005549785	-0.0092263067	0.0423785596	0.0303427359	-0.0415640196	0.0147582836	-0.0153211823	-0.0031134751	-0.0795915638	0.480225689131021	-0.828145743195283	0.448081059024295	0.592443852028073
-0.00827987	-0.0815563	-0.514551	-0.00534891	-0.00244445	0.000758666	0.00748643	-0.002316	-0.012019	0	-0.00017122	-0.000177661	0.03926548	-0.0274493255	-0.0236081307	0.0521934471	-0.0310967934	-0.0196003187	0.0516402525	-0.0345247919	-0.015454175	0.0507226006	-0.0377091275	-0.0111989617	0.0494469678	-0.0406273263	-0.0068647103	0.0478223571	-0.0432587929	-0.0024820104	0.0458602343	-0.0455849554	0.0019182066	0.0435744473	-0.0325169663	0.0002395396	-0.0097509501	-0.0398209467	0.0001236485	0.0380949652	-0.0001934835	0.0003859006	0.0335850513	0.0069419493	0.613506522124642	-0.785713719827493	0.448081059024295	0.592443852028073
-0.0210553	-0.0728916	-0.514515	-0.00588021	-0.00227323	0.000762937	-0.01277543	0.0086647	3.6000000000036e-05	-0.0005313	0.00017122	4.27100000000014e-06	0.05681568	-0.0276413132	-0.0232042715	0.0521322486	-0.0318186811	-0.0185492395	0.0513964655	-0.0356971313	-0.0137199483	0.050177843	-0.0392402281	-0.0087617663	0.0484878293	-0.0424146861	-0.0037212726	0.0463423012	-0.0451906832	0.0013541801	0.0437614146	-0.0475421407	0.0064169112	0.0407694154	0.0528016697	-0.008522738	0.0102419161	0.0369101785	-0.0586733498	-0.0447162755	-0.0280320168	0.0022964456	-0.0160881416	-0.0596814889	-0.513937172458287	-1.02568133617192	0.448081059024295	0.592443852028073
-0.016289	-0.0968213	-0.56037	-0.00493309	-0.00273049	0.000840371	0.0047663	-0.0239297	-0.0458550000000001	0.00094712	-0.00045726	7.7434e-05	0.1486417	-0.0278327876	-0.0227986886	0.0520623368	-0.0325311144	-0.0174895484	0.0511183183	-0.0368369888	-0.011969416	0.0495576132	-0.0406984653	-0.0063048856	0.0473990497	-0.0440689593	-0.0005642937	0.0446686685	-0.0469078096	0.0051831058	0.0413994086	-0.0491807684	0.0108679768	0.0376307102	-0.0491849282	0.0176650285	-0.0206501141	-0.0512669618	-0.0649740396	0.0481312509	0.0045570474	-0.009768058	0.0003900264	-0.011527777	0.519023442084973	-0.988610744174785	0.448081059024295	0.592443852028073
-0.0209841	-0.0639799	-0.578886	-0.00660483	-0.00281221	0.000776503	-0.0046951	0.0328414	-0.018516	-0.00167174	-8.172e-05	-6.3868e-05	0.1469189	-0.028023745	-0.0223914121	0.0519837232	-0.0332338815	-0.0164217376	0.0508059967	-0.0379433273	-0.0102046586	0.048862844	-0.0420811315	-0.0038338396	0.0461835398	-0.0455849554	0.0025947387	0.0428084497	-0.0484020114	0.0089842256	0.0387884217	-0.0504898588	0.015238359	0.0341840202	0.0283272968	0.063393136	0.0370119324	-0.0098600284	-0.0426354093	-0.0445424248	0.0438963228	0.0354589202	-0.0011963571	0.020813198	0.342781102348959	-0.997188211529464	0.448081059024295	0.592443852028073
-0.0111162	-0.0960768	-0.581266	-0.00645451	-0.0026252	0.000993529	0.0098679	-0.0320969	-0.00237999999999994	0.00015032	0.00018701	0.000217026	0.0720625999999999	-0.028214182	-0.0219824722	0.051896421	-0.0339267737	-0.0153463027	0.0504597097	-0.03901514	-0.0084277735	0.0480945804	-0.0433856593	-0.0013541801	0.0448445497	-0.0469579174	0.0057443291	0.0407694154	-0.0496661877	0.0127371473	0.0359441567	-0.0514606403	0.0194956122	0.0304575546	0.0009122849	0.0730341671	-0.0689800798	0.0351210434	-0.020936768	-0.001898748	0.0681104794	-0.0545414025	-0.0199117565	-0.056347947	0.418864138356749	-1.01681400117619	0.448081059024295	0.592443852028073
-0.0147404	-0.104757	-0.64613	-0.00700003	-0.00311802	0.00114742	-0.0036242	-0.00868019999999999	-0.064864	-0.00054552	-0.00049282	0.000153891	0.13677995	-0.0284040951	-0.0215718994	0.0518004449	-0.034609585	-0.014263743	0.0500796887	-0.0400514517	-0.0066408724	0.0472539781	-0.0446096262	0.0011285219	0.0433856593	-0.0481835374	0.0088730165	0.0385600826	-0.0506943307	0.0164217376	0.0328837193	-0.0520866082	0.0236081307	0.0264818121	-0.007912878	0.07489045	0.019034391	-0.0401679294	0.0277892295	-0.0050477903	0.0491283667	0.0332042468	0.0606777091	0.0389761107	0.856517548297373	-0.971757687641222	0.448081059024295	0.592443852028073
-0.0228311	-0.0749121	-0.588035	-0.00638337	-0.00314263	0.000767131	-0.0080907	0.0298449	0.0580949999999999	0.00061666	-2.461e-05	-0.000380289	0.14710855	-0.0285934806	-0.0211597241	0.0516958108	-0.0352821126	-0.0131745611	0.0496661877	-0.0410513194	-0.0048460789	0.0463423012	-0.0457507597	0.0036086884	0.0418107693	-0.0492579697	0.011969416	0.0361896802	-0.0514815542	0.0200182296	0.0296255153	-0.0523635681	0.0275453833	0.0222893319	0.0426123187	0.0166998071	-0.0358720642	0.0457256418	0.0256096644	-0.0257781325	0.003548205	-0.0424602399	0.0271433653	-0.027391703	-2.44877377300054	-0.623797419527329	0.448081059024295	-1.68540061352814
-0.0180451	-0.0963754	-0.585819	-0.00588009	-0.00313685	0.000673468	0.004786	-0.0214633000000001	0.00221600000000011	0.00050328	5.77999999999994e-06	-9.36630000000001e-05	0.05860145	-0.0287823352	-0.0207459769	0.0515825363	-0.0359441567	-0.0120792627	0.0492194833	-0.0420138333	-0.0030455261	0.0453609212	-0.0468069407	0.0060807472	0.0401240904	-0.050177843	0.0150222601	0.0336681095	-0.0520241169	0.0235073292	0.02618914	-0.0522896643	0.03127814	0.0179144269	-0.0471906032	0.0030900034	0.0108135715	-0.0061305888	-0.008866895	0.0426785589	-0.000272141	0.0091210272	0.0137257558	-0.0278108425	0.258494367141067	-0.652821787242148	0.448081059024295	-1.68540061352814
-0.0154043	-0.0960346	-0.627426	-0.00665118	-0.00327184	0.000965602	0.0026408	0.000340800000000044	-0.0416070000000001	-0.000771089999999999	-0.00013499	0.000292134	0.1044993	-0.0289706552	-0.0203306886	0.0514606403	-0.0365955205	-0.0109783563	0.048739874	-0.0429381175	-0.0012413539	0.044311314	-0.0477762082	0.0085391442	0.0383301323	-0.050940271	0.0180204398	0.0310059033	-0.0523194405	0.0268703181	0.0225952602	-0.051865392	0.0347786889	0.013392903	0.0187917569	0.0250677818	0.0245689758	-0.0294728725	0.0150617015	-0.0349022089	0.0227712659	0.0231543423	0.02858804	0.0329734629	-0.457889343368487	-0.668252351579947	0.448081059024295	0.592443852028073
-0.0281992	-0.092205	-0.583417	-0.00682836	-0.00318565	0.000668458	-0.0127949	0.0038296	0.0440090000000001	-0.000177180000000001	8.61899999999999e-05	-0.000297144	0.0886592000000001	-0.0291584371	-0.0199138901	0.0513301431	-0.0372360105	-0.009872353	0.0482276804	-0.043823331	0.0005642937	0.0431950583	-0.0486567622	0.0109783563	0.0364336915	-0.0515428613	0.0209530451	0.028214182	-0.0523661213	0.0300891549	0.0188654898	-0.051093594	0.0380210421	0.0087617663	0.047317161	0.0435113324	-0.0696793955	0.0619958495	0.0197585817	-0.0502753675	0.0689218927	-0.0705877346	-0.0100231865	-0.0530250237	1.06158688394118	-0.676913975687974	0.448081059024295	0.592443852028073
-0.0245233	-0.103816	-0.636558	-0.00727137	-0.0031043	0.000918444	0.0036759	-0.011611	-0.053141	-0.00044301	8.13499999999996e-05	0.000249986	0.1071452	-0.0293456776	-0.0194956122	0.0511910666	-0.0378654364	-0.0087617663	0.0476832451	-0.0446686685	0.0023692706	0.0420138333	-0.0494469678	0.013392903	0.0344398384	-0.0519837232	0.0238094045	0.025304607	-0.0521639377	0.0331465714	0.0150222601	-0.0499794418	0.0409811285	0.0040589197	-0.0227171362	0.052913704	0.0009284821	-0.0109647998	0.034057379	0.0082979948	0.0426169985	0.0080047319	0.0144025401	-0.0037688404	0.42070397545132	-0.593354646570847	0.448081059024295	0.592443852028073
-0.0318523	-0.072449	-0.626901	-0.00779044	-0.00368982	0.000918444	-0.007329	0.031367	0.00965699999999992	-0.00051907	-0.00058552	0	0.1035825	-0.0295323731	-0.0190758861	0.051043434	-0.0384836111	-0.0076471118	0.0471069319	-0.0454733605	0.0041714317	0.0407694154	-0.0501453577	0.0157773596	0.032353904	-0.0522614734	0.0265791242	0.0222893319	-0.0517138504	0.0360261653	0.0110886847	-0.0485304007	0.0436369724	-0.0006771467	0.0270815862	0.0009715253	0.0452203764	-0.0141323869	-0.0097271508	-0.03047599	-0.0238258041	0.0368634522	0.0349739153	0.027965888	0.914577821205227	-0.836805794001081	0.448081059024295	0.592443852028073
-0.0385657	-0.0963731	-0.590293	-0.00609155	-0.00289082	0.000970163	-0.0067134	-0.0239241	0.036608	0.00169889	0.000799	5.17190000000001e-05	0.19472595	-0.0297185201	-0.018654743	0.0508872699	-0.039090351	-0.0065289069	0.0464991262	-0.046236675	0.0059686353	0.0394636764	-0.050750635	0.018126369	0.0301814655	-0.0523752403	0.0292521253	0.0191809517	-0.0510179984	0.0387124883	0.0070884207	-0.0467561802	0.0459688572	-0.005407671	-0.0155759599	-0.0388769895	-0.0416201407	0.0579056989	-0.0472272233	0.0243104052	-0.0407404855	-0.0433139759	-0.0327943608	-0.0595319045	0.834701619996248	-0.920316128956305	0.448081059024295	0.592443852028073
-0.0184826	-0.095854	-0.670292	-0.00705055	-0.00396026	0.00110139	0.0200831	0.000519100000000022	-0.0799989999999999	-0.000959	-0.00106944	0.000131227	0.20858455	-0.0299041152	-0.0182322141	0.0507226006	-0.0396854757	-0.005407671	0.0458602343	-0.0469579174	0.0077587455	0.0380985803	-0.0512616758	0.0204346535	0.0279283311	-0.052324667	0.0318186811	0.0159924506	-0.0500796887	0.0411911291	0.0030455261	-0.0446686685	0.0479594708	-0.0100939368	-0.0168204107	-0.0255377508	0.0291867842	-0.0567942993	0.0139928147	0.0072309858	-0.027028534	0.0358037495	0.0300754986	0.0497129866	0.828795068111253	-1.0008742148091	0.448081059024295	0.592443852028073
-0.0366334	-0.0838004	-0.641683	-0.00715084	-0.00376077	0.000846074	-0.0181508	0.0120536	0.028609	-0.00010029	0.00019949	-0.000255316	0.0865682	-0.0300891549	-0.0178083308	0.0505494535	-0.0402688086	-0.0042839244	0.0451906832	-0.0476364314	0.0095396348	0.0366761804	-0.0516775313	0.0226970271	0.0256005252	-0.0521099123	0.0342694522	0.0127371473	-0.0489033805	0.0434487905	-0.0010156846	-0.0422818529	0.049594035	-0.0146975897	0.0486018002	-0.0077066908	0.0160906408	0.0115107725	0.002376323	-0.0392212397	-0.0040735608	-0.0010753435	0.0260502127	-0.0010810477	0.455859419807321	-0.938597017574566	0.448081059024295	0.592443852028073
-0.0389335	-0.0961063	-0.628243	-0.00662107	-0.00351439	0.000891252	-0.00230009999999999	-0.0123059	0.01344	0.000529770000000001	0.00024638	4.5178e-05	0.0691124	-0.0302736359	-0.0173831246	0.0503678575	-0.0408401761	-0.003158189	0.0444909208	-0.0482715996	0.0113091867	0.0351986159	-0.0519974292	0.0249084068	0.0232042715	-0.0517316498	0.0365955205	0.0094286395	-0.0474946641	0.0454733605	-0.0050707869	-0.0396117264	0.050860415	-0.0191809517	-0.0335395194	-0.0030209876	-0.030393829	0.0305802959	-0.054690144	0.0373690231	-0.0212105299	-0.0300682818	-0.0155756491	-0.0624011991	0.719768965363152	-0.880789549922411	0.448081059024295	-1.68540061352814
-0.0395888	-0.0960228	-0.701906	-0.00674358	-0.00458187	0.00125225	-0.000655300000000004	8.35000000000002e-05	-0.073663	-0.00012251	-0.00106748	0.000360998	0.1519512	-0.0304575546	-0.0169566271	0.050177843	-0.0413994086	-0.0020309873	0.0437614146	-0.048862844	0.0130652981	0.0336681095	-0.0522207755	0.0270638244	0.0207459769	-0.0511910666	0.0387884217	0.0060807472	-0.0458602343	0.0472539781	-0.0090953929	-0.0366761804	0.0517492091	-0.0235073292	-0.0004702605	-0.0131495088	0.0240966962	-0.0400868403	-0.0504236473	-0.0145026241	-0.0519373781	0.0215579359	0.0124480294	0.0625670199	1.09475079805629	-0.941047576524076	0.448081059024295	-1.68540061352814
-0.0465764	-0.0735456	-0.63873	-0.00706494	-0.00390021	0.000821335	-0.0069876	0.0224772	0.063176	-0.00032136	0.00068166	-0.000430915	0.16433755	-0.0306409077	-0.01652887	0.0499794418	-0.0419463399	-0.0009028426	0.0430026525	-0.0494096266	0.0148058821	0.0320869629	-0.0523471556	0.0291584371	0.0182322141	-0.0504898588	0.0408401761	0.0027074549	-0.0440078585	0.0487810905	-0.0130652981	-0.0334948844	0.0522538189	-0.0276413132	0.0522861575	-0.0291595482	-0.0230199611	-0.0045653281	-0.0051074436	-0.0397971894	-0.0204295232	-0.0384437685	-0.0001787368	0.0237136989	-0.69727562834808	-0.975444572903973	0.448081059024295	0.592443852028073
-0.039066	-0.092701	-0.631205	-0.00695936	-0.00373154	0.00106028	0.0075104	-0.0191554	0.007525	0.000105579999999999	0.00016867	0.000238945	0.05985055	-0.0308236917	-0.016099885	0.049772687	-0.0424808075	0.0002257211	0.0422151417	-0.04991145	0.01652887	0.0304575546	-0.0523763346	0.0311875391	0.015669704	-0.0496302266	0.0427433176	-0.0006771467	-0.0419463399	0.0500465054	-0.0169566271	-0.0300891549	0.0523704984	-0.0315490697	-0.0565009325	0.0127318309	0.0027309536	0.0324154496	0.0138488681	0.0608965716	0.0198696134	0.0109438868	-0.0115287091	-0.069299353	-1.34247007990497	-0.929821345267877	0.448081059024295	0.592443852028073
-0.031582	-0.0960105	-0.679	-0.00677345	-0.00436236	0.00125225	0.007484	-0.00330949999999999	-0.047795	0.00018591	-0.00063082	0.00019197	0.1090235	-0.0310059033	-0.015669704	0.0495576132	-0.0430026525	0.0013541801	0.0413994086	-0.0503678575	0.0182322141	0.0287823352	-0.0523082586	0.0331465714	0.0130652981	-0.0486148674	0.0444909208	-0.0040589197	-0.0396854757	0.051043434	-0.0207459769	-0.0264818121	0.0520983812	-0.0351986159	0.0171059135	0.0115674576	0.0339311306	-0.0419255592	0.0091205709	-0.0378254762	0.0026987715	0.0331145897	0.034091307	0.0336703763	-0.638048935530165	-0.887273679646653	0.448081059024295	0.592443852028073
-0.0461209	-0.0956483	-0.638488	-0.00746892	-0.00412871	0.000840007	-0.0145389	0.000362199999999993	0.040512	-0.00069547	0.00023365	-0.000412243	0.12248125	-0.0311875391	-0.015238359	0.0493342563	-0.0435117199	0.0024820104	0.0405559987	-0.0507784337	0.0199138901	0.0270638244	-0.0521430537	0.0350311327	0.0104259597	-0.047446967	0.0460766263	-0.0074237382	-0.0372360105	0.051766528	-0.024410558	-0.0226970271	0.0514394875	-0.0385600826	0.0330952177	-0.0118841948	-0.0699478154	0.0197619887	0.0071068734	-0.0242207561	0.0046433862	-0.0725239558	0.0098675215	0.0007729706	-2.09569626332799	-0.840489864700076	0.448081059024295	0.592443852028073
-0.0392165	-0.0956972	-0.62017	-0.00738593	-0.00399761	0.000926851	0.0069044	-4.88999999999906e-05	0.0183180000000001	8.29900000000024e-05	0.000131099999999999	8.68440000000001e-05	0.040318	-0.0313685957	-0.0148058821	0.0491026536	-0.0440078585	0.0036086884	0.0396854757	-0.0511428052	0.0215718994	0.025304607	-0.051881027	0.0368369888	0.0077587455	-0.0461301902	0.0474946641	-0.010757547	-0.034609585	0.0522119084	-0.0279283311	-0.0187601599	0.0503987089	-0.0416059582	-0.0437122453	0.0089451518	0.0304126551	0.0289050845	0.0634954208	0.0378906925	0.0307832325	0.0372974227	-0.0059885681	-0.0460511965	0.806684676643734	-0.817635263284527	0.448081059024295	0.592443852028073
-0.0359796	-0.0957582	-0.692647	-0.00725713	-0.00459799	0.000990482	0.0032369	-6.10000000000055e-05	-0.072477	0.000128799999999999	-0.000600379999999999	6.36310000000002e-05	0.11541545	-0.0315490697	-0.0143723053	0.048862844	-0.0444909208	0.0047336909	0.0387884217	-0.0514606403	0.0232042715	0.0235073292	-0.0515226647	0.0385600826	0.0050707869	-0.0446686685	0.048739874	-0.0140464202	-0.0318186811	0.0523771858	-0.03127814	-0.0146975897	0.0489837722	-0.044311314	0.0272273535	0.0078199888	0.0171420396	-0.0294582297	0.0850688413	-0.0431680925	0.0348191256	0.0145813001	0.0320166626	0.0490355033	1.16678719630773	-0.444089203343558	0.448081059024295	0.592443852028073
-0.0490832	-0.086625	-0.69919	-0.00848609	-0.00454495	0.0010138	-0.0131036	0.00913320000000001	-0.00654299999999997	-0.00122896	5.30399999999999e-05	2.33179999999998e-05	0.0940457	-0.0317289578	-0.0139376608	0.0486148674	-0.0449607632	0.0058564958	0.0378654364	-0.0517316498	0.0248090665	0.021674694	-0.0510686325	0.0401965428	0.0023692706	-0.0430669878	0.0498077248	-0.01727662	-0.0288765622	0.0522614734	-0.0344398384	-0.0105365379	0.0472051818	-0.0466540082	0.0422492805	0.0269264583	-0.0675043661	0.0212465116	0.0722783507	-0.0365979902	0.0589673277	-0.0707342936	-0.0250397821	0.0323793948	1.28721872749507	-0.65179843131585	0.448081059024295	0.592443852028073
-0.0399944	-0.0955276	-0.700651	-0.00764487	-0.00459795	0.00125225	0.0090888	-0.00890260000000001	-0.00146100000000005	0.000841220000000002	-5.30000000000001e-05	0.00023845	0.0760859000000001	-0.0319082567	-0.0135019809	0.0483587652	-0.0454172463	0.0069765817	0.0369171367	-0.0519555872	0.0263843771	0.0198094581	-0.0505197734	0.0417426926	-0.0003385804	-0.0413301739	0.0506943307	-0.0204346535	-0.0257972105	0.051865392	-0.0373944116	-0.0063048856	0.0450761418	-0.0486148674	-0.035346032	0.0516090172	-0.0401177992	0.0291415171	0.0191349745	0.036866385	0.0572651808	-0.0327221225	-0.070846708	-0.0134049211	-0.202970684057009	-0.840291945095543	0.448081059024295	-1.68540061352814
-0.0360989	-0.0756959	-0.756088	-0.00826444	-0.00462475	0.00105995	0.0038955	0.0198317	-0.055437	-0.00061957	-2.68000000000004e-05	-0.0001923	0.1210977	-0.0320869629	-0.0130652981	0.0480945804	-0.0458602343	0.0080934286	0.0359441567	-0.0521322486	0.0279283311	0.0179144269	-0.0498771065	0.0431950583	-0.0030455261	-0.0394636764	0.0513964655	-0.0235073292	-0.0225952602	0.0511910666	-0.0401240904	-0.0020309873	0.0426124582	-0.050177843	-0.0162997645	0.0538360583	0.014460745	-0.0441368219	0.0022052853	0.0090711128	0.0289458533	0.0301537994	0.0025307756	0.0870619402	0.237997388439414	-0.795761655368158	0.448081059024295	-1.68540061352814
-0.040357	-0.073637	-0.67418	-0.00715489	-0.00471754	0.000950799	-0.00425809999999999	0.00205889999999997	0.081908	0.00110955	-9.27899999999997e-05	-0.000109151	0.15379955	-0.0322650733	-0.0126276447	0.0478223571	-0.0462895956	0.009206518	0.0349471469	-0.0522614734	0.0294390937	0.0159924506	-0.0491418251	0.0445503769	-0.0057443291	-0.0374733519	0.0519115742	-0.0264818121	-0.0192859283	0.0502421146	-0.0426124582	0.0022565198	0.0398324213	-0.0513301431	0.0235837728	0.038497775	0.044200485	0.0371010943	-0.017090043	-0.0313064519	0.0138200116	0.0398391228	-0.0269975718	-0.0174664589	0.572852758909783	-0.860606174443006	0.448081059024295	0.592443852028073
-0.0496656	-0.0955904	-0.722299	-0.00758377	-0.00498639	0.000985078	-0.0093086	-0.0219534	-0.048119	-0.00042888	-0.00026885	3.42790000000002e-05	0.11598145	-0.0324425845	-0.0121890533	0.0475421407	-0.0467052026	0.0103153331	0.0339267737	-0.0523431439	0.0309148693	0.0140464202	-0.0483152946	0.0458056033	-0.0084277735	-0.0353654455	0.0522377823	-0.0293456776	-0.015884942	0.049023627	-0.0448445497	0.0065289069	0.0367566699	-0.0520623368	0.0416953966	-0.0015112862	-0.0099765896	-0.0463196407	0.0329445186	-0.0243853051	-0.0226921596	-0.0063297789	0.0532624733	0.0385871881	0.697861853865614	-0.92815668774711	0.448081059024295	0.592443852028073
-0.047407	-0.0364806	-0.674919	-0.00784031	-0.00458399	0.000943074	0.0022586	0.0591098	0.0473800000000001	-0.000256539999999998	0.000402400000000001	-4.20040000000002e-05	0.1437956	-0.0326194932	-0.0117495564	0.0472539781	-0.0471069319	0.0114193591	0.0328837193	-0.0523771858	0.032353904	0.0120792627	-0.0473990497	0.0469579174	-0.0110886847	-0.0331465714	0.0523739028	-0.0320869629	-0.0124084642	0.0475421407	-0.0468069407	0.010757547	0.0334080384	-0.0523684314	0.0006268206	-0.022128972	-0.0488941936	0.0211899756	0.0329207373	0.0275030195	-0.0121130534	-0.0494738933	0.0683718994	-0.008734126	0.847514671602116	-1.10464977197954	0.448081059024295	0.592443852028073
-0.0282187	-0.107167	-0.696029	-0.0069234	-0.00470624	0.00125225	0.0191883	-0.0706864	-0.0211100000000001	0.000916909999999998	-0.000122250000000001	0.000309176	0.1784015	-0.0327957961	-0.0113091867	0.0469579174	-0.0474946641	0.0125180835	0.0318186811	-0.0523635681	0.0337544877	0.0100939368	-0.0463947917	0.0480047303	-0.0137199483	-0.0308236917	0.0523194405	-0.0346942175	-0.0088730165	0.0458056033	-0.0484878293	0.0149141057	0.0298113868	-0.0522459219	-0.0519421648	-0.0062423883	0.001364748	-0.007161401	0.0274363679	0.0461243314	0.0091584031	0.0083744354	0.053397982	-0.0355757773	0.830693742069564	-1.09192912669585	0.448081059024295	0.592443852028073
-0.0436874	-0.0665511	-0.697361	-0.00782695	-0.00505615	0.000707121	-0.0154687	0.0406159	-0.001332	-0.00090355	-0.000349909999999999	-0.000545129	0.14734605	-0.0329714899	-0.0108679768	0.0466540082	-0.0478682839	0.0136109962	0.030732371	-0.0523023033	0.0351149558	0.0080934286	-0.0453043854	0.04894369	-0.016314529	-0.0284040951	0.0520745933	-0.0371565505	-0.0052954007	0.043823331	-0.0498771065	0.018970732	0.0259934166	-0.0516958108	-0.0112264077	-0.0043886425	0.0449658767	-0.0215422003	0.0307038357	0.0039388758	-0.0085586781	0.0569534891	0.062220596	0.0426454362	0.475300681134005	-1.07100786858005	0.448081059024295	0.592443852028073
-0.0571185	-0.0758776	-0.675918	-0.006913	-0.00482419	0.00098406	-0.0134311	-0.0093265	0.021443	0.000913949999999999	0.00023196	0.000276939	0.11534305	-0.0331465714	-0.0104259597	0.0463423012	-0.0482276804	0.0146975897	0.0296255153	-0.0521934471	0.0364336915	0.0060807472	-0.0441298556	0.049772687	-0.0188654898	-0.0258953737	0.0516402525	-0.0394636764	-0.0016926191	0.0416059582	-0.0509664168	0.0229002443	0.0219824722	-0.0507226006	0.0423120359	-0.0592481334	-0.0003257661	0.0344506791	0.0053028178	-0.0341355944	-0.0621657429	-0.0150984015	-0.0047359804	-0.0334184789	1.25452271981293	-1.06894077513535	0.448081059024295	0.592443852028073
-0.0336789	-0.0911434	-0.698172	-0.00669634	-0.00497493	0.00114605	0.0234396	-0.0152658	-0.022254	0.00021666	-0.00015074	0.00016199	0.0874289	-0.0333210373	-0.009983168	0.0460228486	-0.0485727468	0.0157773596	0.028498854	-0.0520370985	0.0377091275	0.0040589197	-0.0428733831	0.0504898588	-0.0213660101	-0.0233053991	0.0510179984	-0.0416059582	0.0019182066	0.0391653804	-0.0517492091	0.0266763128	0.0178083308	-0.0493342563	-0.0297449172	-0.0716742986	-0.0237495679	-0.0373768558	0.0200612315	0.0443949793	-0.0527522315	-0.0335966934	0.0509904602	0.0344830627	0.199012807529511	-1.05806926840779	0.448081059024295	0.592443852028073
-0.0386781	-0.0592466	-0.680731	-0.00730051	-0.00467001	0.000991563	-0.0049992	0.0318968	0.0174409999999999	-0.000604169999999998	0.00030492	-0.000154487	0.10751585	-0.0334948844	-0.0095396348	0.0456957037	-0.0489033805	0.0168498047	0.0273531403	-0.0518333998	0.0389397479	0.0020309873	-0.0415373011	0.051093594	-0.0238094045	-0.0206422981	0.0502100954	-0.0435744473	0.0055199161	0.0365146908	-0.0522207755	0.0302736359	0.0135019809	-0.0475421407	-0.0434603356	-0.0316412642	0.0242214761	-0.0165377897	0.0310613878	0.0472622324	-0.0033071569	0.0369281042	0.068253379	0.0073146085	1.10592785023296	-1.04436066974053	0.448081059024295	0.592443852028073
-0.0336364	-0.075844	-0.70074	-0.00694625	-0.00476114	0.00128303	0.0050417	-0.0165974	-0.0200089999999998	0.000354259999999999	-9.113e-05	0.000291467	0.07849095	-0.0336681095	-0.0090953929	0.0453609212	-0.0492194833	0.0179144269	0.02618914	-0.0515825363	0.0401240904	0	-0.0401240904	0.0515825363	-0.02618914	-0.0179144269	0.0492194833	-0.0453609212	0.0090953929	0.0336681095	-0.0523782801	0.0336681095	0.0090953929	-0.0453609212	-0.0154972304	0.0162022086	0.0421731023	0.0337547472	0.0329228154	-0.025993124	0.0274314083	0.0338515393	0.0406173305	-0.0650902825	-0.039592982750522	-1.00969716141063	0.448081059024295	0.592443852028073
-0.0382509	-0.0791309	-0.715984	-0.0067493	-0.00484175	0.00128303	-0.0046145	-0.00328690000000001	-0.0152440000000001	0.00019695	-8.06100000000001e-05	0	0.0370234	-0.0338407093	-0.0086504753	0.045018557	-0.0495209612	0.018970732	0.0250076315	-0.0512847364	0.0412607473	-0.0020309873	-0.0386363752	0.0519555872	-0.028498854	-0.0151303447	0.0480497669	-0.0469579174	0.0126276447	0.0306409077	-0.0522207755	0.0368369888	0.004621281	-0.0428084497	0.0223729839	0.0431622227	0.0397289601	-0.0665703834	0.0347406764	-0.041055777	0.0390910209	0.0340317352	0.0733035776	0.0181068639	1.34599396589405	-0.998180093628983	0.448081059024295	0.592443852028073
-0.022446	-0.0725739	-0.696056	-0.00719178	-0.00506334	0.00128303	0.0158049	0.00655700000000002	0.0199280000000001	-0.00044248	-0.000221590000000001	0	0.0754934	-0.0340126806	-0.0082049152	0.0446686685	-0.0498077248	0.0200182296	0.0238094045	-0.050940271	0.0423483678	-0.0040589197	-0.0370769179	0.0522119084	-0.030732371	-0.0122987873	0.0467052026	-0.0483587652	0.016099885	0.0274493255	-0.0517492091	0.0397590408	0.0001128608	-0.0399056168	0.0322929664	0.0398726077	0.0342258975	0.0063441182	0.0061556416	-0.0298884115	0.0063102642	0.0348339352	0.0287706901	0.0137754448	-1.50267198480799	-0.99363213733265	0.448081059024295	0.592443852028073
-0.0176346	-0.0607493	-0.594187	-0.00620088	-0.00407037	0.00144745	0.0048114	0.0118246	0.101869	0.0009909	0.00099297	0.00016442	0.2259195	-0.0341840202	-0.0077587455	0.044311314	-0.0500796887	0.0210564335	0.0225952602	-0.0505494535	0.0433856593	-0.0060807472	-0.0354486142	0.0523509242	-0.0328837193	-0.0094286395	0.0451906832	-0.0495576132	0.0194956122	0.024110485	-0.0509664168	0.0424146861	-0.0043963972	-0.0366761804	0.0194130598	-1.51653e-05	0.0140272866	0.0040074813	-0.0064960395	-0.0245161389	-0.0086878766	0.0021705193	0.0053745587	-0.0360399903	0.867893418880899	-0.984570244644484	0.448081059024295	0.592443852028073
-0.0601656	-0.0327704	-0.392284	-0.00465263	-0.00409595	0.00148377	-0.042531	0.0279789	0.201903	0.00154825	-2.55799999999999e-05	3.63199999999998e-05	0.3529204	-0.0343547251	-0.0073119995	0.0439465533	-0.0503367722	0.0220848615	0.0213660101	-0.0501126395	0.044371389	-0.0080934286	-0.0337544877	0.0523723222	-0.0349471469	-0.0065289069	0.0435117199	-0.0505494535	0.0227986886	0.0206422981	-0.0498771065	0.0447861304	-0.0088730165	-0.0331465714	-0.0263852075	-0.0305586335	0.0204514423	-0.0351272193	-0.0754016333	0.0191409058	-0.0008429768	0.0208628959	-0.070759976	-0.0224890802	-0.944652015193061	-1.00098032515975	0.448081059024295	0.592443852028073
-0.0530074	-0.0858018	-0.49852	-0.0052157	-0.00433009	0.00217607	0.00715819999999998	-0.0530314	-0.106236	-0.00056307	-0.00023414	0.0006923	0.2409011	-0.0345247919	-0.0068647103	0.0435744473	-0.0505788988	0.0231030362	0.0201224762	-0.0496302266	0.0453043854	-0.0100939368	-0.0319976841	0.0522760543	-0.0369171367	-0.0036086884	0.0416744222	-0.0513301431	0.0259934166	0.0170633708	-0.0484878293	0.0468574839	-0.0132837629	-0.0293456776	-0.0058924537	-0.0207037242	0.0041029476	0.0145638093	-0.0794283341	0.0029835895	-0.0477373853	0.0025779978	-0.1476669996	0.0073181878	0.376543423618498	-1.02320716212457	0.448081059024295	0.592443852028073
-0.053904	-0.0328631	-0.577999	-0.0061818	-0.00547108	0.00211269	-0.000896599999999984	0.0529387	-0.079479	-0.000966100000000001	-0.00114099	-6.338e-05	0.2418378	-0.0346942175	-0.0064169112	0.0431950583	-0.0508059967	0.024110485	0.0188654898	-0.0491026536	0.0461835398	-0.0120792627	-0.0301814655	0.0520623368	-0.0387884217	-0.0006771467	0.0396854757	-0.051896421	0.0290646136	0.013392903	-0.0468069407	0.0486148674	-0.0175958911	-0.025304607	-0.0152958158	-0.0358136574	-0.0157253839	-0.0487892799	-0.0532419775	0.0302758447	-0.0327979615	-0.011420959	-0.1360154638	0.1092456167	0.077671675159612	-1.03128941282298	0.448081059024295	0.592443852028073
-0.0483204	-0.0333985	-0.529304	-0.00514983	-0.00391803	0.00260695	0.00558359999999999	-0.000535400000000005	0.0486949999999999	0.00103197	0.00155305	0.00049426	0.208778	-0.0348629988	-0.0059686353	0.0428084497	-0.0510179984	0.0251067401	0.0175958911	-0.0485304007	0.0470078072	-0.0140464202	-0.0283092043	0.0517316498	-0.0405559987	0.0022565198	0.0375521182	-0.0522459219	0.0319976841	0.0096505858	-0.0448445497	0.0500465054	-0.021777388	-0.0210564335	-0.007412315	-0.0784832826	-0.022606188	0.0475342899	-0.0517636778	0.0222078144	-0.0500183747	-0.0377195218	-0.1306451125	0.0126565117	-0.109503725019555	-1.03061337925235	0.448081059024295	0.592443852028073
-0.0518855	-0.0157407	-0.495884	-0.00408217	-0.00391803	0.00260483	-0.0035651	0.0176578	0.03342	0.00106766	0	-2.11999999999999e-06	0.1081319	-0.0350311327	-0.0055199161	0.0424146861	-0.0512148408	0.0260913389	0.016314529	-0.0479139886	0.0477762082	-0.0159924506	-0.0263843771	0.0512847364	-0.0422151417	0.0051831058	0.0352821126	-0.0523771858	0.0347786889	0.0058564958	-0.0426124582	0.0511428052	-0.0257972105	-0.0166359256	-0.0141099515	-0.0976943878	-0.0187406282	-0.0217327426	-0.0448308626	0.0427846909	-0.083920696	-0.0276933052	-0.1132777139	0.0393226355	0.122035506962416	-1.03243419058616	0.448081059024295	0.592443852028073
-0.0773497	0.0158112	-0.501318	-0.00484482	-0.00433588	0.00227478	-0.0254642	0.0315519	-0.00543400000000005	-0.000762649999999999	-0.00041785	-0.00033005	0.1379776	-0.0351986159	-0.0050707869	0.0420138333	-0.0513964655	0.0270638244	0.0150222601	-0.0472539781	0.0484878293	-0.0179144269	-0.024410558	0.0507226006	-0.0437614146	0.0080934286	0.0328837193	-0.0522896643	0.0373944116	0.0020309873	-0.0401240904	0.051896421	-0.0296255153	-0.0120792627	-0.0268317006	-0.0787144422	-0.0250642986	-0.0344696558	-0.0540434986	0.0751283231	-0.0730466648	-0.0221729488	-0.0973004544	0.0870138214	0.634702014303394	-1.02946206054675	0.448081059024295	0.592443852028073
-0.0771728	-0.00503048	-0.483607	-0.00431336	-0.00399528	0.00232698	0.000176899999999994	-0.02084168	0.0177110000000001	0.00053146	0.0003406	5.22000000000001e-05	0.08494258	-0.0353654455	-0.004621281	0.0416059582	-0.0515628185	0.028023745	0.0137199483	-0.0465509697	0.0491418251	-0.0198094581	-0.0223914121	0.0500465054	-0.0451906832	0.0109783563	0.0303656657	-0.0519837232	0.0398324213	-0.001805417	-0.0373944116	0.0523023033	-0.0332338815	-0.0074237382	-0.0612165415	-0.0458321403	0.0179830392	0.013071157	-0.032450451	0.0785898945	-0.0355088297	0.0349536656	-0.1258867023	-0.0063776727	0.75103532091073	-1.05179186125777	0.448081059024295	0.592443852028073
-0.0582712	0.00227772	-0.511663	-0.00579129	-0.00412016	0.00252067	0.0189016	0.0073082	-0.028056	-0.00147793	-0.00012488	0.00019369	0.1440908	-0.0355316183	-0.0041714317	0.0411911291	-0.0517138504	0.0289706552	0.0124084642	-0.0458056033	0.0497374181	-0.021674694	-0.0203306886	0.0492579697	-0.0464991262	0.0138288366	0.0277371148	-0.0514606403	0.0420811315	-0.0056321357	-0.0344398384	0.0523577323	-0.0365955205	-0.0027074549	-0.0228983479	-0.0380490875	0.0314312764	-0.0142787258	-0.0022385541	0.0024163387	-0.0331478949	0.0347977917	-0.0548607502	0.0525790328	0.825451684242823	-0.998949915727363	0.448081059024295	0.592443852028073
-0.0584177	0.0108643	-0.489642	-0.00527309	-0.00391803	0.0022193	-0.000146500000000001	0.00858658	0.022021	0.0005182	0.00020213	-0.00030137	0.08183908	-0.0356971313	-0.0037212726	0.0407694154	-0.0518495163	0.0299041152	0.0110886847	-0.045018557	0.0502739006	-0.0235073292	-0.0182322141	0.0483587652	-0.0476832451	0.0166359256	0.0250076315	-0.0507226006	0.0441298556	-0.0094286395	-0.03127814	0.0520623368	-0.0396854757	0.0020309873	0.0021175537	0.0181133497	0.0418642779	0.024707069	-0.0316209083	-0.0300665402	0.0105749665	0.0387900438	-0.0500029432	-0.0205170691	0.253738340847494	-0.754152772571974	0.448081059024295	0.592443852028073
-0.0441357	-0.050018	-0.528332	-0.00522839	-0.00410913	0.00259706	0.014282	-0.0608823	-0.03869	4.46999999999999e-05	-0.0001911	0.00037776	0.1445323	-0.0358619813	-0.0032708371	0.0403408874	-0.0519697758	0.0308236917	0.0097614921	-0.044190547	0.050750635	-0.025304607	-0.016099885	0.0473509122	-0.048739874	0.0193908153	0.0221871482	-0.049772687	0.0459688572	-0.0131745611	-0.0279283311	0.0514180959	-0.0424808075	0.006752807	0.0520445288	0.047781224	0.0131381492	-0.0033445543	-0.0432488978	-0.0643492081	0.0159377681	0.0030465907	-0.0133754109	-0.038048127	1.02846312389422	-0.505318202559803	0.448081059024295	0.592443852028073
-0.0425202	-0.00774475	-0.542529	-0.00691553	-0.00437903	0.00234086	0.0016155	0.04227325	-0.014197	-0.00168714	-0.0002699	-0.0002562	0.16874775	-0.0360261653	-0.0028201586	0.0399056168	-0.0520745933	0.0317289578	0.0084277735	-0.0433223267	0.0511670547	-0.0270638244	-0.0139376608	0.046236675	-0.0496661877	0.0220848615	0.0192859283	-0.0486148674	0.0475893965	-0.0168498047	-0.024410558	0.0504293264	-0.0449607632	0.0114193591	0.0475314896	0.0208507053	-0.0328268114	-0.0081559859	0.0055856203	-0.0373579605	0.0174305002	-0.0483159911	0.0461217479	0.0036604016	-1.4394243082217	-0.491853481302413	0.448081059024295	0.592443852028073
-0.034199	-0.0497779	-0.496622	-0.00572323	-0.00379053	0.00236031	0.0083212	-0.04203315	0.045907	0.0011923	0.0005885	1.94499999999998e-05	0.18627385	-0.0361896802	-0.0023692706	0.0394636764	-0.0521639377	0.0326194932	0.0070884207	-0.0424146861	0.0515226647	-0.0287823352	-0.0117495564	0.045018557	-0.0504597097	0.024709611	0.016314529	-0.0472539781	0.0489837722	-0.0204346535	-0.0207459769	0.0491026536	-0.0471069319	0.0159924506	-0.0138175731	-0.0038883402	-0.0529690055	0.0734144862	0.000636842	0.0154488955	0.0178112231	-0.0577576238	0.0126483368	-0.1010737157	-1.32481511691533	-0.501832117614075	0.448081059024295	0.592443852028073
-0.0273598	-0.0495087	-0.558137	-0.00630563	-0.00473843	0.00240148	0.0068392	0.000269200000000004	-0.061515	-0.000582399999999999	-0.0009479	4.11700000000001e-05	0.1471969	-0.036352523	-0.0019182066	0.03901514	-0.0522377823	0.0334948844	0.0057443291	-0.0414684511	0.0518170426	-0.0304575546	-0.0095396348	0.043699295	-0.0511183183	0.027256828	0.0132837629	-0.0456957037	0.0501453577	-0.0239098759	-0.0169566271	0.047446967	-0.0489033805	0.0204346535	-0.0373494578	-0.0120079542	0.0192835776	-0.0214492352	0.0172803388	0.0213535077	-0.0083402768	0.0217032495	0.0796493495	0.0085453275	0.341788125705466	-0.915992537490509	0.448081059024295	0.592443852028073
-0.0301883	-0.0286052	-0.499917	-0.00569346	-0.00383873	0.00236606	-0.0028285	0.0209035	0.05822	0.00061217	0.0008997	-3.542e-05	0.1593165	-0.0365146908	-0.0014670001	0.0385600826	-0.0522961052	0.0343547251	0.0043963972	-0.0404844828	0.0520498384	-0.0320869629	-0.0073119995	0.0422818529	-0.0516402525	0.0297185201	0.0102046586	-0.0439465533	0.0510686325	-0.027256828	-0.0130652981	0.0454733605	-0.0503367722	0.024709611	0.0022001755	-0.0293004029	0.0561381051	0.0652975445	-0.0047121852	-0.0233571816	-0.0285199705	0.04014841	0.0159552325	-0.0680353085	1.07552229752123	-0.978958751605905	0.448081059024295	0.592443852028073
-0.0219301	-0.04993	-0.526386	-0.0054583	-0.00383613	0.0024271	0.0082582	-0.0213248	-0.026469	0.00023516	2.59999999999974e-06	6.10400000000001e-05	0.070992	-0.0366761804	-0.0010156846	0.0380985803	-0.0523388891	0.0351986159	0.0030455261	-0.0394636764	0.0522207755	-0.0336681095	-0.0050707869	0.0407694154	-0.0520241169	0.0320869629	0.0070884207	-0.0420138333	0.0517492091	-0.0304575546	-0.0090953929	0.0431950583	-0.0513964655	0.0287823352	0.053002745	-0.04347368	-4.23408e-05	-0.0122465817	0.0330289706	-0.0374027082	-0.0353093167	-0.0098934076	0.0331802903	-0.0168572794	1.08866801442777	-0.590789863026052	0.448081059024295	0.592443852028073
-0.0228707	-0.0094026	-0.497966	-0.00606854	-0.00396892	0.00241279	-0.000940600000000003	0.0405274	0.0284200000000001	-0.00061024	-0.00013279	-1.431e-05	0.107755	-0.0368369888	-0.0005642937	0.0376307102	-0.0523661213	0.0360261653	0.0016926191	-0.0384069609	0.0523296507	-0.0351986159	-0.0028201586	0.0391653804	-0.0522688852	0.0343547251	0.0039463888	-0.0399056168	0.0521838529	-0.0334948844	-0.0050707869	0.0406273263	-0.0520745933	0.0326194932	-0.0342185604	-0.0119367921	-0.0321070226	0.0285904112	-0.007715282	0.0334821611	-0.0008137362	-0.0353843472	0.0364889286	-0.0376116086	1.10327628749694	-0.445993613706107	0.448081059024295	0.592443852028073
-0.0172258	-0.0440673	-0.5119	-0.00523178	-0.0037312	0.00274523	0.0056449	-0.0346647	-0.0139340000000001	0.00083676	0.00023772	0.00033244	0.1245896	-0.0369971132	-0.0001128608	0.0371565505	-0.0523777937	0.0368369888	0.0003385804	-0.0373152977	0.0523763346	-0.0366761804	-0.0005642937	0.0374733519	-0.0523739028	0.0365146908	0.0007899965	-0.0376307102	0.0523704984	-0.036352523	-0.0010156846	0.0377873696	-0.0523661213	0.0361896802	-0.005759992	-0.0133871981	0.0394683664	0.0582544476	-0.042657175	-0.0224006722	-0.0248004162	0.0273674354	0.0249311479	-0.0647478685	1.28934131615283	-0.421022508336043	0.448081059024295	0.592443852028073
-0.0085736	-0.037027	-0.565824	-0.00674336	-0.00439682	0.00274523	0.0086522	0.0070403	-0.053924	-0.00151158	-0.00066562	0	0.1784765	-0.0371565505	0.0003385804	0.0366761804	-0.0523739028	0.0376307102	-0.0010156846	-0.0361896802	0.0523607718	-0.0380985803	0.0016926191	0.0356971313	-0.0523388891	0.0385600826	-0.0023692706	-0.0351986159	0.0523082586	-0.03901514	0.0030455261	0.0346942175	-0.0522688852	0.0394636764	0.035494452	-0.0429710344	-0.0178743741	-0.0529236296	-0.0190270437	-0.0109960126	-0.0490145356	-0.0242732281	0.0704132466	0.0356905188	0.636300648141402	-0.644214991354908	0.448081059024295	0.592443852028073
-0.00544185	-0.0170375	-0.513141	-0.0057705	-0.00345942	0.00274523	0.00313175	0.0199895	0.052683	0.000972860000000001	0.0009374	0	0.17131725	-0.0373152977	0.0007899965	0.0361896802	-0.0523544498	0.0384069609	-0.0023692706	-0.0350311327	0.0522829807	-0.0394636764	0.0039463888	0.0338407093	-0.0521639377	0.0404844828	-0.0055199161	-0.0326194932	0.0519974292	-0.0414684511	0.0070884207	0.0313685957	-0.0517836067	0.0424146861	-0.0653680319	-0.018501589	0.0297803893	-0.0002506194	-0.0387559532	0.0871556926	-0.0082187049	0.0426390469	0.0374474896	-0.0454885433	-2.57539349224528	-1.00345853298281	0.448081059024295	0.592443852028073
0.000500539	-0.0397132	-0.573603	-0.00595522	-0.00446507	0.00248063	0.005942389	-0.0226757	-0.060462	-0.00018472	-0.00100565	-0.0002646	0.161828589	-0.0374733519	0.0012413539	0.0356971313	-0.0523194405	0.0391653804	-0.0037212726	-0.0338407093	0.0521430537	-0.0407694154	0.0061928308	0.0319082567	-0.0518495163	0.0422818529	-0.0086504753	-0.0299041152	0.0514394875	-0.043699295	0.0110886847	0.0278327876	-0.0509138886	0.045018557	0.0400784295	0.0328560801	0.0339939535	0.0146414599	-0.0190186008	-0.0672086533	0.0249194046	0.0184099233	0.0314694359	-0.0526717583	1.44356221683617	-1.08254082762213	0.448081059024295	0.592443852028073
0.00806077	-0.0315444	-0.629424	-0.00712675	-0.00524659	0.00273837	0.007560231	0.0081688	-0.055821	-0.00117153	-0.00078152	0.00025774	0.182089531	-0.0376307102	0.0016926191	0.0351986159	-0.0522688852	0.0399056168	-0.0050707869	-0.0326194932	0.0519411573	-0.0420138333	0.0084277735	0.0299041152	-0.0513964655	0.0439465533	-0.0117495564	-0.0270638244	0.050637085	-0.0456957037	0.0150222601	0.024110485	-0.0496661877	0.0472539781	0.0078054551	0.0630230569	-0.0793203444	-0.0197948701	0.0139777708	-0.0059643308	0.0656330995	-0.0685958185	0.0684186963	0.0218639102	0.929806530396768	-0.822504430048261	0.448081059024295	0.592443852028073
0.0232439	-0.0343523	-0.590736	-0.00655866	-0.00495739	0.0026155	0.01518313	-0.0028079	0.0386880000000001	0.00056809	0.0002892	-0.00012287	0.10568703	-0.0377873696	0.0021437585	0.0346942175	-0.0522027989	0.0406273263	-0.0064169112	-0.0313685957	0.0516775313	-0.0431950583	0.0106470671	0.0278327876	-0.0508059967	0.0454733605	-0.0148058821	-0.024110485	0.049594035	-0.047446967	0.0188654898	0.0202266294	-0.0480497669	0.0491026536	-0.0112716499	0.0716359064	0.0195273907	0.0486336698	0.049173677	0.0024583774	0.063278602	0.0366695439	0.0384853592	-0.0346829891	0.879860446578776	-0.71915321311176	0.448081059024295	0.592443852028073
0.0353351	-0.0493951	-0.612164	-0.00648575	-0.00472896	0.00272126	0.0120912	-0.0150428	-0.0214280000000001	7.29099999999998e-05	0.00022843	0.00010576	0.068917	-0.0379433273	0.0025947387	0.0341840202	-0.0521212014	0.0413301739	-0.0077587455	-0.0300891549	0.051352489	-0.044311314	0.0128465907	0.0256989275	-0.0500796887	0.0468574839	-0.0178083308	-0.0210564335	0.0483152946	-0.04894369	0.0225952602	0.0162072446	-0.0460766263	0.0505494535	0.0545836349	0.0458541388	-0.0158429846	-0.0333166981	0.0562314712	-0.0429140184	0.0385568426	-0.0051356459	0.0475969791	0.014865426	-2.2566399031009	-0.72891970524713	0.448081059024295	0.592443852028073
0.0311613	-0.0166296	-0.619608	-0.0087226	-0.00471029	0.00243247	-0.0041738	0.0327655	-0.00744400000000001	-0.00223685	1.86700000000001e-05	-0.00028879	0.1715988	-0.0380985803	0.0030455261	0.0336681095	-0.0520241169	0.0420138333	-0.0090953929	-0.0287823352	0.0509664168	-0.0453609212	0.0150222601	0.0235073292	-0.0492194833	0.0480945804	-0.0207459769	-0.0179144269	0.0468069407	-0.050177843	0.02618914	0.0120792627	-0.0437614146	0.0515825363	-0.0291383943	0.0806172598	-0.0347385225	-0.0123992608	-0.0224060917	0.0333703187	0.0440799794	-0.0077418497	0.0166393118	0.0382646428	-2.10812896667726	-0.725469033220407	0.448081059024295	0.592443852028073
0.0121373	-0.0493145	-0.603506	-0.00674333	-0.00448267	0.00236326	-0.019024	-0.0326849	0.0161020000000001	0.00197927	0.00022762	-6.92100000000001e-05	0.1816159	-0.0382531258	0.0034960873	0.0331465714	-0.0519115742	0.042677987	-0.0104259597	-0.0274493255	0.0505197734	-0.0463423012	0.0171700353	0.0212629165	-0.0482276804	0.0491807684	-0.0236081307	-0.0146975897	0.0450761418	-0.0511428052	0.0296255153	0.0078703433	-0.0411213197	0.0521934471	0.0129441344	0.0792445302	0.0212451712	0.0513045694	-0.0704937877	-0.0421364955	0.037689666	0.0374926048	-0.0167315359	-0.0494506441	-2.13378351235394	-0.894414000915558	0.448081059024295	0.592443852028073
0.011841	-0.0491523	-0.639306	-0.0070591	-0.00504657	0.00234896	-0.000296299999999999	0.000162199999999994	-0.0358	-0.000315770000000001	-0.0005639	-1.42999999999996e-05	0.080957	-0.0384069609	0.0039463888	0.0326194932	-0.0517836067	0.0433223267	-0.0117495564	-0.0260913389	0.0500130897	-0.0472539781	0.0192859283	0.018970732	-0.0471069319	0.0501126395	-0.0263843771	-0.0114193591	0.0431311232	-0.0518333998	0.0328837193	0.0036086884	-0.0381759417	0.0523771858	0.0595669879	0.0569931487	-0.0283704724	-0.0565160192	0.0368000079	-0.048610243	0.0501328925	-0.0173900186	0.0676070361	0.0471791097	-2.35673451416378	-1.36525888528757	0.448081059024295	0.592443852028073
0.0178819	-0.017819	-0.590382	-0.00736407	-0.00455437	0.00220938	0.0060409	0.0313333	0.0489240000000001	-0.00030497	0.0004922	-0.00013958	0.1331357	-0.0385600826	0.0043963972	0.0320869629	-0.0516402525	0.0439465533	-0.0130652981	-0.024709611	0.0494469678	-0.0480945804	0.0213660101	0.0166359256	-0.0458602343	0.0508872699	-0.0290646136	-0.0080934286	0.0409811285	-0.0522459219	0.0359441567	-0.0006771467	-0.0349471469	0.0521322486	-0.0502826448	0.0778363229	-0.0309448221	0.0464361926	0.0879894275	0.0612189031	0.0806595877	-0.0092135391	0.0378559986	-0.013784218	-1.45879418453835	-1.38983910611841	0.448081059024295	0.592443852028073
0.0297306	-0.055891	-0.594321	-0.00721733	-0.00454502	0.00247915	0.0118487	-0.038072	-0.00393900000000003	0.00014674	9.34999999999998e-06	0.00026977	0.0751527	-0.0387124883	0.0048460789	0.0315490697	-0.0514815542	0.0445503769	-0.0143723053	-0.0233053991	0.0488220806	-0.048862844	0.0234064185	0.014263743	-0.0444909208	0.051502229	-0.0316390872	-0.0047336909	0.0386363752	-0.0523781585	0.0387884217	-0.0049584444	-0.0314589057	0.0514606403	0.0077773042	0.0695990633	0.02836761	0.0241317452	0.1122964329	-0.0333302923	0.0663761661	0.0367140719	0.0665264263	-0.0060482187	-0.936912876253578	-1.39326154301222	0.448081059024295	0.592443852028073
0.0166902	-0.00312504	-0.514332	-0.00683209	-0.00421943	0.00238351	-0.0130404	0.05276596	0.079989	0.00038524	0.000325590000000001	-9.56399999999997e-05	0.18611886	-0.0388641751	0.0052954007	0.0310059033	-0.0513075588	0.0451335173	-0.015669704	-0.0218799809	0.0481391707	-0.0495576132	0.0254033645	0.0118595137	-0.0430026525	0.0519555872	-0.0340984296	-0.0013541801	0.0361080066	-0.0522294002	0.0413994086	-0.009206518	-0.0277371148	0.0503678575	0.030595604	0.0048413557	-0.0382799778	0.0187277202	0.0738328389	-0.0165515567	0.0100722676	-0.0291665535	0.0342335781	0.0129665524	0.092548757407192	-1.39843024939947	0.448081059024295	0.592443852028073
0.0269317	-0.0436319	-0.537259	-0.0058974	-0.00387874	0.00247275	0.0102415	-0.04050686	-0.022927	0.00093469	0.00034069	8.924e-05	0.14190636	-0.03901514	0.0057443291	0.0304575546	-0.0511183183	0.0456957037	-0.0169566271	-0.0204346535	0.0473990497	-0.050177843	0.0273531403	0.0094286395	-0.0413994086	0.0522459219	-0.0364336915	0.0020309873	0.0334080384	-0.0518004449	0.0437614146	-0.013392903	-0.0238094045	0.048862844	-0.0418453083	0.0077112549	0.0234086783	0.0137044493	0.0723755759	0.03964638	0.0157675114	0.0292441086	-0.001445708	-0.0297774726	0.096202219912961	-1.29928392326918	0.448081059024295	0.592443852028073
0.0227708	-0.0151486	-0.56348	-0.00791596	-0.00448024	0.00238351	-0.0041609	0.0284833	-0.0262209999999999	-0.00201856	-0.0006015	-8.924e-05	0.1943302	-0.0391653804	0.0061928308	0.0299041152	-0.0509138886	0.046236675	-0.0182322141	-0.018970732	0.0466025972	-0.0507226006	0.0292521253	0.0069765817	-0.0396854757	0.0523723222	-0.0386363752	0.005407671	0.030549302	-0.051093594	0.0458602343	-0.0174895484	-0.0197049341	0.0469579174	0.0239157098	0.0158460625	0.0405136609	-0.0261594178	0.0789179915	-0.0284534509	0.0415632948	0.0397355757	0.0455449309	0.0673075954	0.489439932379428	-1.22750826986422	0.448081059024295	0.592443852028073
0.0216511	-0.0217002	-0.549838	-0.00718953	-0.00442472	0.00238351	-0.0011197	-0.0065516	0.0136419999999999	0.000726429999999997	5.55199999999999e-05	0	0.0604107999999999	-0.0393148935	0.0066408724	0.0293456776	-0.0506943307	0.0467561802	-0.0194956122	-0.0174895484	0.0457507597	-0.0511910666	0.0310967934	0.0045088495	-0.0378654364	0.0523343914	-0.0406984653	0.0087617663	0.0275453833	-0.0501126395	0.0476832451	-0.0214690046	-0.015454175	0.0446686685	0.0131773751	0.0134334791	-0.0621708312	0.0931060947	0.0260586097	-0.0151515592	0.0417486803	-0.0594444637	-0.0093504156	-0.0507010132	0.683620544363658	-1.07089274643724	0.448081059024295	0.592443852028073
0.0258259	-0.0285355	-0.528432	-0.00648022	-0.00427192	0.00244167	0.0041748	-0.0068353	0.021406	0.00070931	0.0001528	5.81599999999998e-05	0.0784296	-0.0394636764	0.0070884207	0.0287823352	-0.0504597097	0.0472539781	-0.0207459769	-0.0159924506	0.0448445497	-0.0515825363	0.0328837193	0.0020309873	-0.0359441567	0.0521322486	-0.0426124582	0.0120792627	0.024410558	-0.048862844	0.0492194833	-0.025304607	-0.0110886847	0.0420138333	-0.0324041085	0.0289585043	0.0136030903	-0.0433004557	0.0562153614	0.0231480532	0.0493710811	0.0176337967	0.0321108868	0.0499373425	0.637168979865029	-1.07228855215868	0.448081059024295	0.592443852028073
-0.00214811	0.0359264	-0.357035	-0.00274401	-0.00497677	0.00248193	-0.02797401	0.0644619	0.171397	0.00373621	-0.00070485	4.02599999999999e-05	0.48789891	-0.0396117264	0.0075354425	0.028214182	-0.0502100954	0.0477298374	-0.0219824722	-0.0144808008	0.043885044	-0.051896421	0.034609585	-0.0004514381	-0.0339267737	0.051766528	-0.044371389	0.0153463027	0.0211597241	-0.0473509122	0.0504597097	-0.0289706552	-0.0066408724	0.03901514	0.0090425457	-0.0177772819	0.0252469514	0.0190814003	-0.0031241523	-0.0412360524	0.0042151589	-7.80161e-05	-0.0518752446	0.0076102613	0.817500899902494	-1.09700183051832	0.448081059024295	0.592443852028073
0.012197	-0.037671	-0.312356	-0.00269895	-0.00495195	0.00314057	0.01434511	-0.0735974	0.044679	4.506e-05	2.48200000000001e-05	0.00065864	0.16904751	-0.0397590408	0.0079819045	0.0276413132	-0.0499455618	0.0481835374	-0.0232042715	-0.0129559745	0.0428733831	-0.0521322486	0.0362711858	-0.0029328492	-0.0318186811	0.0512383773	-0.0459688572	0.0185492395	0.0178083308	-0.0455849554	0.0513964655	-0.0324425845	-0.0021437585	0.0356971313	0.0126684428	-0.0691499449	-0.024094012	-0.0683795823	-0.0360023134	0.0122554287	-0.0678118012	-0.0360346767	-0.0642955845	0.0240815799	0.628722962017583	-0.907839311795189	0.448081059024295	0.592443852028073
0.0124093	-0.0269562	-0.261673	-0.00591424	-0.0042802	0.00309768	0.000212299999999999	0.0107148	0.050683	-0.00321529	0.00067175	-4.28900000000003e-05	0.2581066	-0.0399056168	0.0084277735	0.0270638244	-0.0496661877	0.0486148674	-0.024410558	-0.0114193591	0.0418107693	-0.0522896643	0.0378654364	-0.005407671	-0.0296255153	0.0505494535	-0.0473990497	0.021674694	0.0143723053	-0.0435744473	0.0520241169	-0.0356971313	0.0023692706	0.0320869629	-0.0414548653	-0.0541149436	-0.0114928232	-0.0230701194	-0.0597964402	0.0429076211	-0.0692261442	-0.0184921441	-0.10353768	0.0177184823	0.996900632094074	0.103501245718178	0.448081059024295	0.592443852028073
0.0121813	-0.0463141	-0.377608	-0.0043222	-0.00478407	0.00313814	-0.000227999999999999	-0.0193579	-0.115935	0.00159204	-0.00050387	4.04600000000004e-05	0.2423394	-0.0400514517	0.0088730165	0.0264818121	-0.0493720561	0.049023627	-0.0256005252	-0.009872353	0.0406984653	-0.0523684314	0.0393893764	-0.0078703433	-0.0273531403	0.0497019183	-0.0486567622	0.024709611	0.0108679768	-0.0413301739	0.0523388891	-0.0387124883	0.0068647103	0.028214182	-0.0193522942	-0.0038934535	-0.0176721154	-0.0779727198	-0.0417415456	0.0206634889	-0.0073065571	0.0016426682	-0.1312495826	0.0732528734	1.11251897321028	0.257732925732945	0.448081059024295	0.592443852028073
0.0242196	0.0207825	-0.3972	-0.00575339	-0.00421343	0.00264649	0.0120383	0.0670966	-0.019592	-0.00143119	0.00057064	-0.00049165	0.2234009	-0.0401965428	0.0093176004	0.0258953737	-0.0490632542	0.0494096266	-0.0267733776	-0.0083163637	0.0395377932	-0.0523684314	0.0408401761	-0.0103153331	-0.0250076315	0.0486984311	-0.0497374181	0.0276413132	0.0073119995	-0.0388641751	0.0523388891	-0.0414684511	0.0113091867	0.024110485	0.0254478704	0.0582452252	-0.0241102665	0.0011453103	-0.0693709465	-0.0181042377	0.0278582817	-0.0014786833	-0.1275784549	0.0564598469	0.924284788331493	-0.01045116698331	0.448081059024295	0.592443852028073
0.0555348	-0.0234094	-0.39751	-0.00377383	-0.00457482	0.00286154	0.0313152	-0.0441919	-0.000309999999999977	0.00197956	-0.00036139	0.00021505	0.2036171	-0.0403408874	0.0097614921	0.025304607	-0.048739874	0.049772687	-0.0279283311	-0.006752807	0.0383301323	-0.0522896643	0.0422151417	-0.0127371473	-0.0225952602	0.0475421407	-0.050637085	0.0304575546	0.0037212726	-0.0361896802	0.0520241169	-0.0439465533	0.015669704	0.0198094581	0.0469423966	0.0363791111	-0.0275898493	-0.0457383533	-0.0837185336	-0.0175454157	-0.0010194157	-0.034924964	-0.0644129224	0.0299948543	0.797148643154779	-0.523416354653407	0.448081059024295	0.592443852028073
0.0556764	0.0467553	-0.340246	-0.00298675	-0.00424493	0.00315194	0.000141599999999992	0.0701647	0.057264	0.00078708	0.00032989	0.0002904	0.1979388	-0.0404844828	0.0102046586	0.024709611	-0.0484020114	0.0501126395	-0.0290646136	-0.0051831058	0.0370769179	-0.0521322486	0.0435117199	-0.0151303447	-0.0201224762	0.046236675	-0.051352489	0.0331465714	0.0001128608	-0.0333210373	0.0513964655	-0.0461301902	0.0199138901	0.0153463027	0.0252136852	-0.0112240386	-0.0111257966	-0.0445426874	-0.0571280769	0.02811354	-0.0273929158	-0.0179891936	0.0245436625	0.040045785	0.760604537275443	-0.509844203961802	0.448081059024295	0.592443852028073
0.0595881	-0.00349138	-0.361329	-0.0031172	-0.00399121	0.00315195	0.0039117	-0.05024668	-0.021083	-0.00013045	0.00025372	9.99999999994061e-09	0.09445038	-0.0406273263	0.0106470671	0.024110485	-0.0480497669	0.0504293264	-0.0301814655	-0.0036086884	0.0357796393	-0.051896421	0.0447275033	-0.0174895484	-0.0175958911	0.0447861304	-0.051881027	0.0356971313	-0.0034960873	-0.0302736359	0.0504597097	-0.0480047303	0.0240102362	0.010757547	0.0134891451	-0.0509694839	-0.032209468	-0.0088760112	-0.0439562909	-0.005023024	-0.0493013451	-0.0415554044	0.0308177412	-0.0376388841	0.892822960549405	-0.609499442130254	0.448081059024295	0.592443852028073
0.0556877	0.0395155	-0.388167	-0.00342329	-0.00418161	0.00289281	-0.0039004	0.04300688	-0.026838	-0.00030609	-0.000190399999999999	-0.00025914	0.11152678	-0.0407694154	0.0110886847	0.0235073292	-0.0476832451	0.0507226006	-0.03127814	-0.0020309873	0.0344398384	-0.0515825363	0.0458602343	-0.0198094581	-0.0150222601	0.0431950583	-0.0522207755	0.0380985803	-0.0070884207	-0.0270638244	0.0492194833	-0.0495576132	0.0279283311	0.0060807472	-0.0202727338	-0.0444752955	-0.0270325843	0.002253697	-0.0066998676	0.0160353882	-0.0386462892	-0.0470121408	0.0659502869	-0.0212986161	1.24427674009136	-0.887728050108545	0.448081059024295	0.592443852028073
0.0670415	-0.0146395	-0.399633	-0.00359205	-0.00401346	0.00309641	0.0113538	-0.054155	-0.011466	-0.00016876	0.00016815	0.0002036	0.1040003	-0.0409107473	0.0115294786	0.0229002443	-0.047302555	0.050992326	-0.032353904	-0.0004514381	0.0330591074	-0.0511910666	0.0469078096	-0.0220848615	-0.0124084642	0.0414684511	-0.0523704984	0.0403408874	-0.0106470671	-0.0237088227	0.0476832451	-0.0507784337	0.0316390872	0.0013541801	-0.0556432898	-0.0323152566	0.0495816197	0.0165081057	0.0189352126	0.0270148752	-0.0248690103	0.0521022241	0.0665635232	-0.0813845305	0.78500036445486	-0.984178256329332	0.448081059024295	0.592443852028073
0.071721	0.00344592	-0.429345	-0.00392974	-0.00418161	0.00315194	0.00467950000000002	0.01808542	-0.029712	-0.00033769	-0.00016815	5.55300000000002e-05	0.08054542	-0.0410513194	0.011969416	0.0222893319	-0.0469078096	0.0512383773	-0.0334080384	0.0011285219	0.0316390872	-0.0507226006	0.0478682839	-0.0243106464	-0.0097614921	0.0396117264	-0.0523296507	0.0424146861	-0.0141551145	-0.0202266294	0.0458602343	-0.0516590118	0.0351149558	-0.0033834701	0.0035789068	0.0244960592	0.0408332011	-0.0242855065	0.0175733253	-0.0224536088	0.0292117275	0.0429108349	0.0746813898	0.0102316478	0.97426238193907	-1.37614159709175	0.448081059024295	0.592443852028073
0.0752709	-0.0127665	-0.40997	-0.00411141	-0.00418161	0.00315194	0.00354989999999998	-0.01621242	0.019375	-0.00018167	0	0	0.04822082	-0.0411911291	0.0124084642	0.021674694	-0.0464991262	0.0514606403	-0.0344398384	0.0027074549	0.0301814655	-0.050177843	0.048739874	-0.0264818121	-0.0070884207	0.0376307102	-0.0520983812	0.044311314	-0.0175958911	-0.0166359256	0.0437614146	-0.0521934471	0.0383301323	-0.0080934286	0.0520850098	0.0456156488	0.0300159259	0.0257397197	-0.0305772264	-0.0475765324	0.0186707295	0.014044521	8.29735e-05	-0.0624628445	1.01529314723818	-1.37155820323277	0.448081059024295	0.592443852028073
0.0556885	-0.0213922	-0.412891	-0.00398552	-0.00418161	0.00315194	-0.0195824	-0.0086257	-0.00292100000000001	0.00012589	0	0	0.0374236	-0.0413301739	0.0128465907	0.0210564335	-0.0460766263	0.0516590118	-0.0354486142	0.0042839244	0.0286879745	-0.0495576132	0.0495209612	-0.0285934806	-0.0043963972	0.0355316183	-0.0516775313	0.0460228486	-0.0209530451	-0.0129559745	0.0413994086	-0.0523781585	0.0412607473	-0.0127371473	0.0134208621	-0.0097676062	-0.0570344064	-0.0309440371	-0.0229400887	-0.0007458336	-0.0184834055	-0.0598142536	0.0529705618	0.0170077856	0.608370426422172	-1.36089915456373	0.448081059024295	0.592443852028073
0.0557467	0.0102017	-0.368652	-0.00429714	-0.00394464	0.0027158	5.81999999999944e-05	0.0315939	0.044239	-0.000311619999999999	0.00023697	-0.00043614	0.1251276	-0.0414684511	0.0132837629	0.0204346535	-0.0456404355	0.0518333998	-0.0364336915	0.0058564958	0.0271603893	-0.048862844	0.0502100954	-0.0306409077	-0.0016926191	0.0333210373	-0.0510686325	0.0475421407	-0.0242106219	-0.009206518	0.0387884217	-0.0522119084	0.043885044	-0.01727662	-0.0522600739	-0.0137553101	0.0303976795	0.0262341581	-0.0217497028	0.0466999242	-0.0287054243	0.0360316001	-0.0105518845	-0.0279281583	0.921120424683541	-0.107333579949184	0.448081059024295	0.592443852028073
0.0642939	-0.0296338	-0.435128	-0.00387923	-0.00390502	0.00264646	0.0085472	-0.0398355	-0.066476	0.00041791	3.96200000000002e-05	-6.93400000000002e-05	0.1412022	-0.0416059582	0.0137199483	0.0198094581	-0.0451906832	0.0519837232	-0.0373944116	0.0074237382	0.0256005252	-0.0480945804	0.0508059967	-0.0326194932	0.0010156846	0.0310059033	-0.0502739006	0.048862844	-0.0273531403	-0.005407671	0.0359441567	-0.0516958108	0.0461835398	-0.021674694	0.0236736433	-0.0221927246	0.0410249803	-0.0091618505	-0.0407654253	-0.0440507291	-0.0427720588	0.0309970568	-0.0572292548	0.039052901	0.472023941864788	-0.261290314698941	0.448081059024295	0.592443852028073
0.0495738	0.025873	-0.407523	-0.00511894	-0.0037442	0.00241347	-0.0147201	0.0555068	0.0276049999999999	-0.00123971	0.00016082	-0.00023299	0.1795079	-0.0417426926	0.0141551145	0.0191809517	-0.0447275033	0.0521099123	-0.0383301323	0.0089842256	0.0240102362	-0.0472539781	0.0513075588	-0.0345247919	0.0037212726	0.0285934806	-0.0492962274	0.0499794418	-0.0303656657	-0.0015798132	0.0328837193	-0.0508333239	0.0481391707	-0.0258953737	0.0557483796	-0.0101802322	-0.0162677465	0.0203739519	-0.0209138948	-0.0506353475	-0.0054171159	-0.0400620229	-0.0736285651	0.0278578337	-0.296345623354965	0.088152870533166	0.448081059024295	0.592443852028073
0.0556479	-0.0333421	-0.451507	-0.00358845	-0.00416303	0.00273089	0.0060741	-0.0592151	-0.043984	0.00153049	-0.00041883	0.00031742	0.2226102	-0.0418786518	0.0145892291	0.0185492395	-0.0442510332	0.0522119084	-0.0392402281	0.0105365379	0.0223914121	-0.0463423012	0.0517138504	-0.036352523	0.0064169112	0.0260913389	-0.0481391707	0.0508872699	-0.0332338815	0.0022565198	0.0296255153	-0.0496302266	0.0497374181	-0.0299041152	0.0036447444	-0.0048376	-0.0511893267	-0.0026056831	0.0059460589	0.0204599309	0.0072792451	-0.0375465129	-0.042535698	0.004957571	-0.473509833572133	0.154361561967492	0.448081059024295	0.592443852028073
0.0449215	0.0226057	-0.404122	-0.00508127	-0.00416303	0.00273089	-0.0107264	0.0559478	0.047385	-0.00149282	0	0	0.1887002	-0.0420138333	0.0150222601	0.0179144269	-0.0437614146	0.0522896643	-0.0401240904	0.0120792627	0.0207459769	-0.0453609212	0.0520241169	-0.0380985803	0.0090953929	0.0235073292	-0.0468069407	0.0515825363	-0.0359441567	0.0060807472	0.02618914	-0.0480945804	0.0509664168	-0.0336681095	-0.0278498584	0.0065504486	-0.0465966661	-0.0230836258	0.0288886004	0.027658462	0.0251546139	-0.0466699272	0.016733383	0.0132313298	0.972935903451821	0.116650988756485	0.448081059024295	0.592443852028073
0.0556479	-0.00867274	-0.426931	-0.00405806	-0.00416303	0.00273089	0.0107264	-0.03127844	-0.0228090000000001	0.00102321	0	0	0.11597434	-0.0421482344	0.015454175	0.01727662	-0.0432587929	0.0523431439	-0.0409811285	0.0136109962	0.0190758861	-0.044311314	0.0522377823	-0.0397590408	0.0117495564	0.0208495594	-0.0453043854	0.0520623368	-0.0384836111	0.009872353	0.0225952602	-0.046236675	0.0518170426	-0.0371565505	-0.0469906676	0.0044114747	0.0027940219	0.0679236662	0.0233026068	0.0204640669	0.0011826389	0.0141846541	0.0306329311	-0.0663439317	0.002191786717077	0.146982972960721	0.448081059024295	0.592443852028073
0.0945257	0.02134	-0.361348	-0.00423927	-0.00392432	0.00324804	0.0388778	0.03001274	0.0655830000000001	-0.00018121	0.00023871	0.00051715	0.18132704	-0.0422818529	0.015884942	0.0166359256	-0.0427433176	0.0523723222	-0.0418107693	0.0151303447	0.0173831246	-0.0431950583	0.0523544498	-0.0413301739	0.0143723053	0.018126369	-0.0436369724	0.052324667	-0.0408401761	0.0136109962	0.0188654898	-0.0440689593	0.0522829807	-0.0403408874	-0.0238718497	-0.0339432769	0.0680009906	0.0035218615	0.0178807064	-0.0160367718	-0.0207116762	0.0687610497	-0.0004024036	-0.0385774765	-2.38165067114291	0.150318649953971	0.448081059024295	-1.68540061352814
0.105902	0.0255408	-0.3776	-0.0042646	-0.00382592	0.00365176	0.0113763	0.0042008	-0.016252	-2.53300000000005e-05	9.84000000000002e-05	0.00040372	0.0582016	-0.0424146861	0.016314529	0.0159924506	-0.0422151417	0.0523771858	-0.0426124582	0.0166359256	0.015669704	-0.0420138333	0.0523739028	-0.0428084497	0.0169566271	0.0153463027	-0.0418107693	0.0523684314	-0.0430026525	0.01727662	0.0150222601	-0.0416059582	0.0523607718	-0.0431950583	0.0143909021	-0.0257294785	0.0663188041	0.0032403954	0.0192218706	-0.0193618544	-0.0140578789	0.0632093409	0.0281490813	-0.00889209	1.05364641696558	0.170899855589614	-2.22840312389761	-1.68540061352814
0.0935353	-0.00894839	-0.375104	-0.00360557	-0.00406814	0.00333911	-0.0123667	-0.03448919	0.002496	0.00065903	-0.00024222	-0.00031265	0.11004689	-0.0425467316	0.016742904	0.0153463027	-0.0416744222	0.0523577323	-0.0433856593	0.018126369	0.0139376608	-0.0407694154	0.0522961052	-0.044190547	0.0194956122	0.0125180835	-0.0398324213	0.0521934471	-0.0449607632	0.0208495594	0.0110886847	-0.0388641751	0.0520498384	-0.0456957037	0.0389819832	-0.0744217874	-0.0119016242	0.0048396688	0.0214772071	-0.013675891	-0.0494099094	-0.0265311217	-0.0118525452	0.0033583965	-0.674358809345323	0.176992773922064	-2.22840312389761	-1.68540061352814
0.0790307	0.0320231	-0.394212	-0.00410519	-0.00404399	0.00341007	-0.0145046	0.04097149	-0.019108	-0.00049962	2.41499999999997e-05	7.09599999999997e-05	0.10432059	-0.042677987	0.0171700353	0.0146975897	-0.0411213197	0.0523139709	-0.0441298556	0.0196003187	0.0121890533	-0.0394636764	0.0521212014	-0.0454733605	0.0219824722	0.0096505858	-0.0377091275	0.0518004449	-0.0467052026	0.0243106464	0.0070884207	-0.0358619813	0.051352489	-0.0478223571	-0.051072312	-0.0736974519	-0.0276273944	0.0018741754	0.0350136566	0.0665893966	-0.0481854233	-0.0329394811	-0.0306508324	0.0358467342	0.761600860091281	0.190453165679998	-2.22840312389761	0.592443852028073
0.0737063	-0.00885785	-0.403175	-0.00389364	-0.00416303	0.00331146	-0.00532439999999998	-0.04088095	-0.008963	0.00021155	-0.00011904	-9.86099999999998e-05	0.07662835	-0.0428084497	0.0175958911	0.0140464202	-0.0405559987	0.0522459219	-0.0448445497	0.0210564335	0.0104259597	-0.0380985803	0.0518495163	-0.0466540082	0.024410558	0.006752807	-0.0354486142	0.0511910666	-0.0482276804	0.0276413132	0.0030455261	-0.0326194932	0.0502739006	-0.0495576132	-0.0301534268	-0.0654071686	0.0507851668	0.0087932173	0.0381881655	0.0217393705	-0.0324936634	0.0459354079	-0.0305378593	0.0179228459	0.111905806729851	0.20433722969937	0.448081059024295	0.592443852028073
0.0574504	0.0574777	-0.391262	-0.00474811	-0.00384869	0.00309244	-0.0162559	0.06633555	0.011913	-0.00085447	0.00031434	-0.00021902	0.16389595	-0.0429381175	0.0180204398	0.013392903	-0.0399786271	0.0521536168	-0.0455292636	0.0224933884	0.0086504753	-0.0366761804	0.0514815542	-0.0477298374	0.0267733776	0.0038338396	-0.0330591074	0.0503678575	-0.0495209612	0.0308236917	-0.0010156846	-0.0291584371	0.0488220806	-0.0508872699	0.043677217	-0.0560850015	0.0286222266	-0.0009696954	0.0409331615	-0.0281157672	-0.0289972291	0.002328439	-0.0204871238	0.0373247033	0.807974068387489	0.177111816998618	0.448081059024295	0.592443852028073
0.0637602	0.00684209	-0.405497	-0.0034373	-0.00364779	0.00385465	0.0063098	-0.05063561	-0.014235	0.00131081	0.0002009	0.00076221	0.18487641	-0.0430669878	0.0184436498	0.0127371473	-0.0393893764	0.0520370985	-0.0461835398	0.0239098759	0.0068647103	-0.0351986159	0.0510179984	-0.0486984311	0.0290646136	0.0009028426	-0.030549302	0.0493342563	-0.0505788988	0.0338407093	-0.0050707869	-0.0255020041	0.0470078072	-0.0518004449	-0.0532156287	-0.0365354609	-0.0307430265	-0.0177727749	0.0463524264	0.0639637635	0.00353523	-0.0263982249	-0.0221691904	0.0155803868	0.121237166010347	0.129754811603442	0.448081059024295	0.592443852028073
0.0620944	0.0313973	-0.432335	-0.00397247	-0.0040401	0.00309244	-0.00166580000000001	0.02455521	-0.026838	-0.000535169999999999	-0.000392309999999999	-0.00076221	0.13754351	-0.0431950583	0.0188654898	0.0120792627	-0.0387884217	0.051896421	-0.0468069407	0.025304607	0.0050707869	-0.0336681095	0.0504597097	-0.0495576132	0.03127814	-0.0020309873	-0.0279283311	0.0480945804	-0.0513964655	0.0366761804	-0.0090953929	-0.021674694	0.0448445497	-0.0522896643	-0.0219646274	0.0304409516	0.0340815758	-0.0138034424	0.0244625354	0.0075210585	0.0470343191	0.049253269	-0.0388517916	0.0395302898	0.574390046254792	0.109932033622585	0.448081059024295	-1.68540061352814
0.0755305	-0.00619802	-0.430358	-0.00458418	-0.00363649	0.00309244	0.0134361	-0.03759532	0.00197700000000001	-0.000611710000000001	0.00040361	0	0.10377442	-0.0433223267	0.0192859283	0.0114193591	-0.0381759417	0.0517316498	-0.0473990497	0.0266763128	0.0032708371	-0.0320869629	0.0498077248	-0.0503054532	0.0334080384	-0.0049584444	-0.0252057321	0.0466540082	-0.0519697758	0.0393148935	-0.0130652981	-0.017702152	0.0423483678	-0.0523509242	0.0567491925	0.0367334515	0.0114224349	0.0010123855	-0.0117855579	-0.0489600619	0.037205936	0.0063332507	-0.0374233301	-0.0154508961	0.524758223789571	-0.116316671337341	-2.22840312389761	0.592443852028073
0.0661089	0.0339627	-0.466688	-0.00418575	-0.00376146	0.00309244	-0.0094216	0.04016072	-0.03633	0.00039843	-0.00012497	0	0.11208232	-0.0434487905	0.0197049341	0.010757547	-0.0375521182	0.0515428613	-0.0479594708	0.028023745	0.0014670001	-0.0304575546	0.0490632542	-0.050940271	0.0354486142	-0.0078703433	-0.0223914121	0.045018557	-0.0522961052	0.0417426926	-0.0169566271	-0.0136109962	0.0395377932	-0.0519837232	-0.0031668065	0.020996302	-0.0663499231	-0.0115954227	-0.0331371041	0.0009366927	0.0165219891	-0.0584727496	0.0246135257	0.0200277831	-0.363164781224559	-0.158298154384608	-2.22840312389761	0.592443852028073
0.0698071	0.00104862	-0.460256	-0.00442477	-0.0037901	0.00309244	0.0036982	-0.03291408	0.00643199999999994	-0.00023902	-2.86399999999999e-05	0	0.05642728	-0.0435744473	0.0201224762	0.0100939368	-0.0369171367	0.0513301431	-0.0484878293	0.0293456776	-0.0003385804	-0.0287823352	0.0482276804	-0.0514606403	0.0373944116	-0.010757547	-0.0194956122	0.0431950583	-0.0523739028	0.0439465533	-0.0207459769	-0.0094286395	0.0364336915	-0.0511910666	-0.0238900166	0.0232167892	0.0338762614	0.058681204	-0.0024897656	0.0067034601	0.0178984441	0.042242733	0.0174386141	-0.0632551724	0.841276290959538	-0.267679913991989	-2.22840312389761	0.592443852028073
0.0657611	0.0203962	-0.502881	-0.00378594	-0.0040401	0.00309244	-0.00404599999999998	0.01934758	-0.042625	0.00063883	-0.00025	0	0.11046008	-0.043699295	0.0205385235	0.0094286395	-0.0362711858	0.051093594	-0.0489837722	0.0306409077	-0.0021437585	-0.0270638244	0.047302555	-0.051865392	0.0392402281	-0.0136109962	-0.01652887	0.0411911291	-0.0522027989	0.0459146523	-0.024410558	-0.0051831058	0.0330591074	-0.0499794418	0.037291877	0.0201948559	0.0329604697	-0.0494871918	0.0186898662	-0.0406944939	0.015565424	0.0270544046	0.0590632832	0.0329404241	0.592393290016047	-0.558034868874234	-2.22840312389761	0.592443852028073
0.068287	0.030605	-0.45531	-0.00402336	-0.0040401	0.00292114	0.00252589999999998	0.0102088	0.047571	-0.00023742	0	-0.0001713	0.0807417000000001	-0.043823331	0.0209530451	0.0087617663	-0.0356144575	0.0508333239	-0.0494469678	0.0319082567	-0.0039463888	-0.025304607	0.0462895956	-0.0521536168	0.0409811285	-0.0164217376	-0.0135019809	0.03901514	-0.0517836067	0.0476364314	-0.0279283311	-0.0009028426	0.0294390937	-0.0483587652	0.0179995438	0.0117177125	-0.0767947181	0.0457081999	-0.0272379325	-0.0022098361	0.0155835665	-0.0661079403	0.0143423945	-0.0491704522	-0.192105104756155	-0.580931068763882	-2.22840312389761	0.592443852028073
0.0754237	-0.00660282	-0.525922	-0.00369096	-0.0040401	0.00309244	0.00713669999999997	-0.03720782	-0.070612	0.0003324	0	0.0001713	0.14014152	-0.0439465533	0.0213660101	0.0080934286	-0.0349471469	0.0505494535	-0.0498771065	0.0331465714	-0.0057443291	-0.0235073292	0.0451906832	-0.052324667	0.0426124582	-0.0191809517	-0.0104259597	0.0366761804	-0.0511183183	0.0491026536	-0.03127814	0.0033834701	0.0256005252	-0.0463423012	-0.044043877	0.0645050173	0.0022998186	-0.0314316839	-0.0056780259	0.0421948405	0.0365077551	0.0222591769	0.0428650182	-0.0184954175	0.154823534384058	-0.550978717329018	-2.22840312389761	0.592443852028073
0.0753508	0.0427962	-0.50142	-0.00377078	-0.00415502	0.00292881	-7.28999999999869e-05	0.04939902	0.024502	-7.982e-05	-0.00011492	-0.00016363	0.09189242	-0.0440689593	0.021777388	0.0074237382	-0.0342694522	0.0502421146	-0.0502739006	0.0343547251	-0.0075354425	-0.021674694	0.0440078585	-0.0523781585	0.0441298556	-0.0218799809	-0.0073119995	0.0341840202	-0.0502100954	0.0503054532	-0.0344398384	0.0076471118	0.0215718994	-0.0439465533	0.0094494909	0.0617220268	0.0344872751	0.0071697504	-0.0392880105	-0.0128294157	0.0094846859	0.0493852875	0.028148334	3.02777e-05	0.569907290702759	-0.432654331199872	0.448081059024295	-1.68540061352814
0.0754473	0.0245807	-0.482438	-0.00443994	-0.00398512	0.00309244	9.64999999999994e-05	-0.0182155	0.0189819999999999	-0.00066916	0.0001699	0.00016363	0.0874285	-0.044190547	0.0221871482	0.006752807	-0.0335815749	0.04991145	-0.050637085	0.0355316183	-0.0093176004	-0.0198094581	0.0427433176	-0.0523139709	0.0455292636	-0.0245103563	-0.0041714317	0.0315490697	-0.0490632542	0.0512383773	-0.0373944116	0.0118595137	0.0173831246	-0.0411911291	0.0230916538	-0.0088698895	-0.042743842	0.0364363726	-0.0372303765	-0.0098136076	-0.0235139082	-0.0431933774	0.0058379377	-0.0578211665	0.918465515775173	-0.421452665767426	0.448081059024295	-1.68540061352814
0.082051	0.02051	-0.502313	-0.00382843	-0.00448837	0.00322603	0.00660370000000002	-0.0040707	-0.019875	0.00061151	-0.00050325	0.00013359	0.0929669	-0.044311314	0.0225952602	0.0060807472	-0.0328837193	0.0495576132	-0.0509664168	0.0366761804	-0.0110886847	-0.0179144269	0.0413994086	-0.0521322486	0.0468069407	-0.0270638244	-0.0010156846	0.0287823352	-0.0476832451	0.051896421	-0.0401240904	0.0159924506	0.0130652981	-0.0380985803	-0.0469439309	-0.0003293679	0.0043278609	-0.0274307828	0.0215641279	0.0420699146	-0.0002064987	0.0104293844	0.0572293255	0.0193574195	0.744923537121885	-0.416942079614388	0.448081059024295	-1.68540061352814
0.0644398	0.0329703	-0.489487	-0.00408215	-0.00450432	0.00309244	-0.0176112	0.0124603	0.012826	-0.00025372	-1.59499999999998e-05	-0.00013359	0.0630605	-0.044431258	0.0230016937	0.005407671	-0.0321760928	0.0491807684	-0.0512616758	0.0377873696	-0.0128465907	-0.0159924506	0.0399786271	-0.0518333998	0.0479594708	-0.0295323731	0.0021437585	0.0258953737	-0.0460766263	0.0522760543	-0.0426124582	0.0200182296	0.0086504753	-0.0346942175	0.0048126484	0.0120694135	0.0537294003	0.0461286745	0.0099838608	-0.0231352522	0.0058732313	0.04703388	0.033504693	-0.0357959439	0.325515968437556	-0.538123384144795	0.448081059024295	0.592443852028073
0.0692479	-0.00680765	-0.530337	-0.00337137	-0.00440624	0.00336718	0.00480809999999997	-0.03977795	-0.0408499999999999	0.00071078	9.80800000000004e-05	0.00027474	0.13961605	-0.0445503769	0.0234064185	0.0047336909	-0.0314589057	0.0487810905	-0.0515226647	0.0388641751	-0.0145892291	-0.0140464202	0.0384836111	-0.0514180959	0.0489837722	-0.0319082567	0.0052954007	0.0229002443	-0.0442510332	0.0523752403	-0.0448445497	0.0239098759	0.0041714317	-0.0310059033	0.0482055267	-0.0289170076	-0.0146235578	-0.0051324848	0.011861762	-0.0302040329	-0.0408537972	-0.0234097632	0.0164706729	-0.0032520456	1.04695100495016	-0.789649623942846	0.448081059024295	0.592443852028073
0.0641016	0.0294154	-0.488778	-0.00370159	-0.00493324	0.00309244	-0.00514629999999999	0.03622305	0.041559	-0.00033022	-0.000527000000000001	-0.00027474	0.13952635	-0.0446686685	0.0238094045	0.0040589197	-0.030732371	0.0483587652	-0.0517492091	0.0399056168	-0.016314529	-0.0120792627	0.0369171367	-0.0508872699	0.0498771065	-0.0341840202	0.0084277735	0.0198094581	-0.0422151417	0.0521934471	-0.0468069407	0.0276413132	-0.0003385804	-0.0270638244	-0.0536775005	-0.0182790725	-0.0127701437	-0.0280901306	-0.0318637036	0.0626731852	-0.0323844417	-0.0062766983	-0.0135738807	0.0276172269	1.08830718550986	-0.001274000399363	0.448081059024295	0.592443852028073
0.0752537	0.00524926	-0.488704	-0.00367472	-0.00447574	0.00350536	0.0111521	-0.02416614	7.40000000000185e-05	2.687e-05	0.0004575	0.00041292	0.08025674	-0.0447861304	0.0242106219	0.0033834701	-0.0299967047	0.0479139886	-0.0519411573	0.0409107473	-0.0180204398	-0.0100939368	0.0352821126	-0.0502421146	0.050637085	-0.036352523	0.0115294786	0.0166359256	-0.0399786271	0.0517316498	-0.0484878293	0.0311875391	-0.0048460789	-0.0229002443	-0.0035590272	-0.0136323733	0.0401521435	0.064708082	-0.0518641656	-0.0285246649	-0.0277372882	0.0374751127	-0.0245007633	-0.04644669	0.892513997302848	0.481744330071848	0.448081059024295	0.592443852028073
0.0753251	0.0146519	-0.463908	-0.00401759	-0.00440624	0.00399409	7.14000000000131e-05	0.00940264	0.024796	-0.00034287	6.95000000000001e-05	0.00048873	0.07932504	-0.0449027607	0.0246100408	0.0027074549	-0.0292521253	0.047446967	-0.0520983812	0.0418786518	-0.0197049341	-0.0080934286	0.0335815749	-0.0494840794	0.0512616758	-0.0384069609	0.0145892291	0.013392903	-0.0375521182	0.050992326	-0.0498771065	0.0345247919	-0.0093176004	-0.0185492395	0.0502044414	-0.0413622761	-0.00221464	-0.0460957057	-0.0091687266	-0.0309041541	-0.0419464442	-0.0185498941	0.0244484067	0.0123303144	0.634428743561855	0.546552105470819	0.448081059024295	0.592443852028073
0.0496104	0.0553245	-0.50397	-0.00458962	-0.00440624	0.0035112	-0.0257147	0.0406726	-0.040062	-0.00057203	0	-0.00048289	0.1591953	-0.045018557	0.0250076315	0.0020309873	-0.028498854	0.0469579174	-0.0522207755	0.0428084497	-0.0213660101	-0.0060807472	0.0318186811	-0.0486148674	0.0517492091	-0.0403408874	0.0175958911	0.0100939368	-0.0349471469	0.0499794418	-0.0509664168	0.0376307102	-0.0137199483	-0.0140464202	-0.0568067162	-0.0149118892	-0.0295418898	0.0092817647	-0.0298843691	0.0747501853	-0.0360610293	-0.0229518319	0.0129402629	0.0032253909	0.664494659780526	-0.328868288806662	0.448081059024295	0.592443852028073
0.0575494	-0.0463935	-0.501254	-0.00397484	-0.00440624	0.0035112	0.00793899999999999	-0.101718	0.00271600000000005	0.00061478	0	0	0.143112	-0.0451335173	0.0254033645	0.0013541801	-0.0277371148	0.0464470668	-0.0523082586	0.043699295	-0.0230016937	-0.0040589197	0.0299967047	-0.0476364314	0.0520983812	-0.0421482344	0.0205385235	0.006752807	-0.0321760928	0.0486984311	-0.0517492091	0.0404844828	-0.0180204398	-0.0094286395	-0.0132634987	0.0156043109	0.0412667265	-0.0447145289	-0.0598955498	-0.0146067974	-0.0035230718	0.048222127	-0.0802463783	0.0355748739	0.481076174602139	-0.468993667107262	0.448081059024295	0.592443852028073
0.0496104	0.019851	-0.48437	-0.00432277	-0.00440624	0.0035112	-0.00793899999999999	0.0662445	0.016884	-0.00034793	0	0	0.108464	-0.0452476394	0.0257972105	0.0006771467	-0.0269671338	0.0459146523	-0.0523607718	0.0445503769	-0.0246100408	-0.0020309873	0.0281190288	-0.0465509697	0.0523082586	-0.043823331	0.0234064185	0.0033834701	-0.0292521253	0.0471561663	-0.0522207755	0.0430669878	-0.0221871482	-0.0047336909	0.0496989609	0.0251672869	0.0232634235	-0.0312675796	-0.058852472	-0.0411551402	0.0173871535	0.0072212943	-0.0757317241	0.0774001752	-0.020445069199449	-0.606669395679179	0.448081059024295	0.592443852028073
0.0496259	-0.00571452	-0.511429	-0.00383678	-0.00440624	0.00367244	1.54999999999947e-05	-0.02556552	-0.0270590000000001	0.00048599	0	0.00016124	0.08500152	-0.0453609212	0.02618914	0	-0.02618914	0.0453609212	-0.0523782801	0.0453609212	-0.02618914	0	0.02618914	-0.0453609212	0.0523782801	-0.0453609212	0.02618914	0	-0.02618914	0.0453609212	-0.0523782801	0.0453609212	-0.02618914	0	-0.0219236063	0.0228366791	-0.0474101946	0.0149251872	-0.064068515	0.0229572046	0.0156721741	-0.0413523659	-0.055501339	-0.0172929473	0.143664886155287	-0.711812967023775	0.448081059024295	0.592443852028073
0.0469406	0.0230633	-0.526974	-0.00402627	-0.00484646	0.0035112	-0.0026853	0.02877782	-0.0155449999999999	-0.00018949	-0.000440220000000001	-0.00016124	0.0865556200000001	-0.0454733605	0.0265791242	-0.0006771467	-0.0254033645	0.0447861304	-0.0523607718	0.0461301902	-0.0277371148	0.0020309873	0.0242106219	-0.0440689593	0.0523082586	-0.0467561802	0.0288765622	-0.0033834701	-0.0230016937	0.0433223267	-0.0522207755	0.0473509122	-0.0299967047	0.0047336909	-0.0165417489	0.02490502	0.0284250279	-0.0194304262	-0.0199900481	0.0103077681	0.0029190837	0.0363911163	0.0436671778	0.0365776847	0.006457877609747	-0.636979536534004	0.448081059024295	0.592443852028073
0.0469923	-0.00074272	-0.501132	-0.00363862	-0.00507742	0.0039333	5.17000000000018e-05	-0.02380602	0.0258419999999999	0.00038765	-0.00023096	0.0004221	0.10173522	-0.0455849554	0.0269671338	-0.0013541801	-0.0246100408	0.044190547	-0.0523082586	0.0468574839	-0.0292521253	0.0040589197	0.0221871482	-0.042677987	0.0520983812	-0.0480047303	0.0314589057	-0.006752807	-0.0197049341	0.0410513194	-0.0517492091	0.049023627	-0.0335815749	0.0094286395	0.0532540722	-0.025027482	0.0023819397	0.0541602866	0.0181897426	-0.0428540636	-0.0270932321	-0.0188767355	0.034124244	-0.0760364865	-0.786112600250304	-0.346717659404884	0.448081059024295	0.592443852028073
0.0493353	0.00128522	-0.527324	-0.00400562	-0.00503812	0.00398269	0.002343	0.00202794	-0.026192	-0.000367	3.92999999999999e-05	4.93899999999999e-05	0.0533474399999999	-0.0456957037	0.0273531403	-0.0020309873	-0.0238094045	0.0435744473	-0.0522207755	0.0475421407	-0.030732371	0.0060807472	0.0201224762	-0.0411911291	0.0517492091	-0.0491026536	0.0339267737	-0.0100939368	-0.016314529	0.0385600826	-0.0509664168	0.0503678575	-0.0369171367	0.0140464202	-0.0367663032	-0.004149583	-0.0251982976	-0.01521146	0.0675025724	0.0288506176	0.0124013051	-0.0230585862	0.0509597783	0.0260499975	0.223102738787021	-0.355001757126738	0.448081059024295	0.592443852028073
0.0493442	0.0222326	-0.485572	-0.00456526	-0.00505131	0.00403538	8.89999999999919e-06	0.02094738	0.041752	-0.00055964	-1.31899999999997e-05	5.26900000000002e-05	0.09398428	-0.0458056033	0.0277371148	-0.0027074549	-0.0230016937	0.0429381175	-0.0520983812	0.0481835374	-0.0321760928	0.0080934286	0.0180204398	-0.0396117264	0.0512616758	-0.0500465054	0.0362711858	-0.013392903	-0.0128465907	0.0358619813	-0.0498771065	0.0513745965	-0.0399786271	0.0185492395	-0.0010800006	0.0134672228	0.0518434925	0.0594393358	-0.0033606619	-0.012636114	-0.0061435755	0.0465996465	-0.0001102465	-0.0358438069	-2.52981750951036	0.204444625410701	0.448081059024295	0.592443852028073
0.0611398	-0.00634391	-0.521058	-0.00446022	-0.0050041	0.00403537	0.0117956	-0.02857651	-0.035486	0.00010504	4.72099999999998e-05	-9.99999999994061e-09	0.08347111	-0.0459146523	0.0281190288	-0.0033834701	-0.0221871482	0.0422818529	-0.0519411573	0.0487810905	-0.0335815749	0.0100939368	0.015884942	-0.0379433273	0.050637085	-0.0508333239	0.0384836111	-0.0166359256	-0.0093176004	0.0329714899	-0.0484878293	0.0520370985	-0.0427433176	0.0229002443	0.0122832511	-0.0569384601	-0.0291855379	-0.0450249594	0.0282711516	0.0025022662	-0.0421221342	-0.0232991113	0.0471064464	0.0284755884	-0.740069826473204	0.264385362478715	0.448081059024295	0.592443852028073
0.0495176	0.0291987	-0.481729	-0.00446022	-0.00469454	0.00403537	-0.0116222	0.03554261	0.039329	0	0.00030956	0	0.10197181	-0.0460228486	0.028498854	-0.0040589197	-0.0213660101	0.0416059582	-0.0517492091	0.0493342563	-0.0349471469	0.0120792627	0.0137199483	-0.0361896802	0.0498771065	-0.0514606403	0.0405559987	-0.0198094581	-0.0057443291	0.0299041152	-0.0468069407	0.0523509242	-0.0451906832	0.0270638244	-0.0518718311	-0.0236017299	0.032486307	0.0094009863	0.0628526431	0.0619029418	0.0095852282	0.0404773127	0.0170294692	0.0094183984	-1.77288209404248	0.184150431347268	0.448081059024295	0.592443852028073
0.0693013	-0.00670689	-0.503681	-0.00375402	-0.00469454	0.00414587	0.0197837	-0.03590559	-0.021952	0.0007062	0	0.0001105	0.11847629	-0.0461301902	0.0288765622	-0.0047336909	-0.0205385235	0.0409107473	-0.0515226647	0.0498425313	-0.0362711858	0.0140464202	0.0115294786	-0.0343547251	0.0489837722	-0.0519264863	0.0424808075	-0.0229002443	-0.0021437585	0.0266763128	-0.0448445497	0.0523139709	-0.047302555	0.0310059033	0.0418473046	-0.0149883179	0.0295758084	0.0427522149	0.096495061	-0.0542217557	0.0108703238	-0.0001292563	-0.0222615099	-0.0302368155	-0.436639475889122	0.263255732775485	0.448081059024295	0.592443852028073
0.0682002	0.013423	-0.503669	-0.00421143	-0.00477415	0.00403537	-0.00110110000000002	0.02012989	1.2000000000123e-05	-0.00045741	-7.96099999999999e-05	-0.0001105	0.05361899	-0.046236675	0.0292521253	-0.005407671	-0.0197049341	0.0401965428	-0.0512616758	0.0503054532	-0.0375521182	0.0159924506	0.0093176004	-0.0324425845	0.0479594708	-0.0522294002	0.0442510332	-0.0258953737	0.0014670001	0.0233053991	-0.0426124582	0.0519264863	-0.0490632542	0.0346942175	-0.0137871955	-0.0162609922	-0.063900389	0.0036911703	0.080497417	0.0120068122	0.0216498301	-0.0648379851	0.0042478938	0.0396581258	0.074166280780127	0.308964428466293	0.448081059024295	0.592443852028073
0.0681046	-0.00464481	-0.485239	-0.00370427	-0.00486166	0.00403537	-9.55999999999874e-05	-0.01806781	0.0184299999999999	0.00050716	-8.75100000000007e-05	0	0.0663269100000001	-0.0463423012	0.0296255153	-0.0060807472	-0.0188654898	0.0394636764	-0.0509664168	0.0507226006	-0.0387884217	0.0179144269	0.0070884207	-0.0304575546	0.0468069407	-0.0523684314	0.0458602343	-0.0287823352	0.0050707869	0.0198094581	-0.0401240904	0.0511910666	-0.0504597097	0.0380985803	-0.0206303063	0.0171471692	0.03694704	0.0500772451	0.04426098	0.0054175459	0.0293732997	0.0466647698	-0.0075997618	-0.036113412	0.640752172751545	0.289168897278446	0.448081059024295	0.592443852028073
0.0810962	-0.00688084	-0.497473	-0.00327884	-0.00519465	0.00403537	0.0129916	-0.00223603	-0.0122339999999999	0.00042543	-0.00033299	0	0.06538263	-0.0464470668	0.0299967047	-0.006752807	-0.0180204398	0.0387124883	-0.050637085	0.051093594	-0.0399786271	0.0198094581	0.0048460789	-0.0284040951	0.0455292636	-0.0523431439	0.047302555	-0.0315490697	0.0086504753	0.0162072446	-0.0373944116	0.0501126395	-0.0514815542	0.0411911291	0.047749402	-0.0172967814	-0.0084194553	-0.0396242816	0.0695468065	-0.0306935681	0.0058410643	-0.0113646418	0.0242090122	0.0315023613	0.860417233318224	0.257104848697029	0.448081059024295	0.592443852028073
0.072641	0.0113107	-0.468767	-0.00412013	-0.00510274	0.00403537	-0.00845520000000002	0.01819154	0.028706	-0.00084129	9.19100000000006e-05	0	0.10201274	-0.0465509697	0.0303656657	-0.0074237382	-0.0171700353	0.0379433273	-0.0502739006	0.0514180959	-0.0411213197	0.021674694	0.0025947387	-0.0262868196	0.0441298556	-0.0521536168	0.0485727468	-0.0341840202	0.0121890533	0.0125180835	-0.0344398384	0.0486984311	-0.0521212014	0.0439465533	-0.0566314857	0.0018023235	0.0066295245	-0.0036263257	0.0298294581	0.0637336802	0.0296976445	0.0124915956	0.0218233026	-0.0166285438	0.863399230573352	0.215762660732649	0.448081059024295	0.592443852028073
0.0752496	-0.0284581	-0.497782	-0.00360019	-0.00509219	0.00403537	0.00260860000000004	-0.0397688	-0.029015	0.00051994	1.05499999999998e-05	0	0.0979169	-0.0466540082	0.030732371	-0.0080934286	-0.016314529	0.0371565505	-0.0498771065	0.0516958108	-0.0422151417	0.0235073292	0.0003385804	-0.024110485	0.0426124582	-0.0518004449	0.0496661877	-0.0366761804	0.015669704	0.0087617663	-0.03127814	0.0469579174	-0.0523739028	0.0463423012	0.0282380478	0.027312364	0.0293969114	0.0100168018	0.0025319705	-0.0668065347	0.0416917822	0.0169273895	0.0066013907	-0.0430530619	0.843332513865777	0.231205540408175	0.448081059024295	0.592443852028073
0.068749	-0.00656814	-0.523916	-0.00446021	-0.00469454	0.00410369	-0.00650060000000001	0.02188996	-0.026134	-0.00086002	0.00039765	6.83200000000002e-05	0.12082406	-0.0467561802	0.0310967934	-0.0087617663	-0.015454175	0.036352523	-0.0494469678	0.0519264863	-0.0432587929	0.025304607	-0.0019182066	-0.0218799809	0.0409811285	-0.0512847364	0.0505788988	-0.03901514	0.0190758861	0.0049584444	-0.0279283311	0.0449027607	-0.0522377823	0.0483587652	0.0393569835	0.0594194889	-0.0862139078	-0.0369873152	-0.0092150996	-0.0360668266	0.0797567372	-0.0844245145	0.004798652	0.0363051873	-1.07059859610099	0.237685929486392	0.448081059024295	0.592443852028073
0.0669403	0.0181191	-0.513907	-0.0050649	-0.00513867	0.00403538	-0.0018087	0.02468724	0.0100089999999999	-0.00060469	-0.00044413	-6.83100000000002e-05	0.09236144	-0.0468574839	0.0314589057	-0.0094286395	-0.0145892291	0.0355316183	-0.0489837722	0.0521099123	-0.0442510332	0.0270638244	-0.0041714317	-0.0196003187	0.0392402281	-0.0506081094	0.0513075588	-0.0411911291	0.0223914121	0.0011285219	-0.024410558	0.0425467316	-0.0517138504	0.0499794418	-0.0392111827	0.1144676762	-0.0077808261	0.0162111224	-0.0294504547	0.0358105508	0.094328017	0.0236758949	-0.0139266288	-0.033320021	0.206709003923895	0.241866630608711	0.448081059024295	0.592443852028073
0.079411	-0.0118846	-0.534334	-0.00427925	-0.00529068	0.00403538	0.0124707	-0.0300037	-0.020427	0.00078565	-0.00015201	0	0.1097844	-0.0469579174	0.0318186811	-0.0100939368	-0.0137199483	0.0346942175	-0.0484878293	0.0522459219	-0.0451906832	0.0287823352	-0.0064169112	-0.01727662	0.0373944116	-0.049772687	0.0518495163	-0.0431950583	0.0256005252	-0.0027074549	-0.0207459769	0.0399056168	-0.0508059967	0.0511910666	0.0240854264	0.0704108589	0.0211081238	-0.0244625525	-0.0104763051	-0.040026573	0.046516345	0.0329471785	0.0388775123	0.0050484786	-2.36376036069831	0.217270691022961	0.448081059024295	-1.68540061352814
0.0686395	0.0140061	-0.514162	-0.00541946	-0.00513867	0.00393268	-0.0107715	0.0258907	0.020172	-0.00114021	0.00015201	-0.0001027	0.1265802	-0.0470574788	0.0321760928	-0.010757547	-0.0128465907	0.0338407093	-0.0479594708	0.0523343914	-0.0460766263	0.0304575546	-0.0086504753	-0.0149141057	0.0354486142	-0.0487810905	0.0522027989	-0.045018557	0.0286879745	-0.0065289069	-0.0169566271	0.0369971132	-0.0495209612	0.0519837232	0.0534875075	0.0375259365	-0.0373878581	0.0097130182	0.0249995109	-0.0453174125	0.0376808604	-0.0333236452	-0.0183067025	0.0302872165	0.0782667361417	-0.001514724719605	0.448081059024295	-1.68540061352814
0.0707112	0.0123538	-0.456242	-0.00187244	-0.00429464	0.00403537	0.00207170000000001	-0.0016523	0.05792	0.00354702	0.00084403	0.00010269	0.286331	-0.0471561663	0.0325311144	-0.0114193591	-0.011969416	0.0329714899	-0.0473990497	0.0523752403	-0.0469078096	0.0320869629	-0.0108679768	-0.0125180835	0.0334080384	-0.0476364314	0.0523661213	-0.0466540082	0.0316390872	-0.0103153331	-0.0130652981	0.0338407093	-0.0478682839	0.0523509242	-0.0270151283	0.0289141237	-0.0546030761	-0.0054090842	0.0619963929	0.048294596	0.0739241168	-0.0337364659	-0.0532962198	0.0281859793	0.507357848745876	-0.889613573062146	0.448081059024295	-1.68540061352814
0.0801029	0.102083	-0.411623	-0.003581	-0.00438093	0.00442689	0.0093917	0.0897292	0.044619	-0.00170856	-8.62900000000002e-05	0.00039152	0.2530584	-0.0472539781	0.0328837193	-0.0120792627	-0.0110886847	0.0320869629	-0.0468069407	0.0523684314	-0.0476832451	0.0336681095	-0.0130652981	-0.0100939368	0.03127814	-0.0463423012	0.0523388891	-0.0480945804	0.0344398384	-0.0140464202	-0.0090953929	0.0304575546	-0.0458602343	0.0522896643	0.0275879623	0.0459155176	-0.052326402	-0.0080425528	0.0374831345	-0.03401624	0.0833883568	-0.0448666259	-0.0432915167	0.0188585095	0.945538001983203	-1.10393524503419	0.448081059024295	0.592443852028073
0.0759113	0.057141	-0.442598	-0.00400374	-0.00492648	0.00459442	-0.0041916	-0.044942	-0.030975	-0.00042274	-0.00054555	0.00016753	0.1368996	-0.0473509122	0.0332338815	-0.0127371473	-0.0102046586	0.0311875391	-0.0461835398	0.0523139709	-0.0484020114	0.0351986159	-0.015238359	-0.0076471118	0.0290646136	-0.0449027607	0.0521212014	-0.0493342563	0.0370769179	-0.017702152	-0.0050707869	0.0268703181	-0.0435117199	0.0518004449	0.0341357793	0.0858732827	-0.0244819886	0.0100969988	-0.007073251	-0.0375247339	0.0797305695	-0.0245713117	-0.0787755596	0.0005171062	0.506044476100312	-1.15372985590042	0.448081059024295	-1.68540061352814
0.0422246	-0.0408481	-0.471195	-0.00368086	-0.00505771	0.00428618	-0.0336867	-0.0979891	-0.028597	0.00032288	-0.00013123	-0.00030824	0.1983903	-0.047446967	0.0335815749	-0.013392903	-0.0093176004	0.0302736359	-0.0455292636	0.0522119084	-0.0490632542	0.0366761804	-0.0173831246	-0.0051831058	0.0267733776	-0.0433223267	0.0517138504	-0.0503678575	0.0395377932	-0.0212629165	-0.0010156846	0.0231030362	-0.0408401761	0.0508872699	0.038892274	0.0775965314	-0.0043988981	-0.0141126314	-0.0673552189	-0.0325486608	0.02652744	0.0002613515	-0.1007183322	0.0533454639	0.729194017469318	-1.06338308825477	0.448081059024295	0.592443852028073
0.0319272	-0.0299012	-0.420426	-0.0032256	-0.00487878	0.00425749	-0.0102974	0.0109469	0.050769	0.00045526	0.00017893	-2.86899999999996e-05	0.1051573	-0.0475421407	0.0339267737	-0.0140464202	-0.0084277735	0.0293456776	-0.0448445497	0.0520623368	-0.0496661877	0.0380985803	-0.0194956122	-0.0027074549	0.024410558	-0.0416059582	0.0511183183	-0.0511910666	0.0418107693	-0.024709611	0.0030455261	0.0191809517	-0.0378654364	0.0495576132	0.0232317815	0.0091650311	-0.0578431312	-0.0525081863	-0.0983087145	0.0019512385	-0.0290509323	-0.0513945873	-0.0511700572	0.0344046111	0.213963784416385	-1.05769652029484	0.448081059024295	0.592443852028073
0.0191762	0.038945	-0.388227	-0.00364037	-0.00517446	0.00399829	-0.012751	0.0688462	0.032199	-0.00041477	-0.00029568	-0.0002592	0.1622787	-0.0476364314	0.0342694522	-0.0146975897	-0.0075354425	0.0284040951	-0.0441298556	0.051865392	-0.0502100954	0.0394636764	-0.0215718994	-0.0002257211	0.0219824722	-0.0397590408	0.0503367722	-0.0518004449	0.043885044	-0.028023745	0.0070884207	0.0151303447	-0.034609585	0.0478223571	-0.0483806725	-0.0187052797	-0.0068766565	-0.042499516	-0.0570437716	0.0533087553	-0.0399578259	-0.0055878604	0.023520376	0.0187218092	0.772948288209871	-0.371363859057713	0.448081059024295	0.592443852028073
0.0167792	0.0300827	-0.377321	-0.00410291	-0.00487879	0.00402781	-0.002397	-0.0088623	0.010906	-0.00046254	0.00029567	2.95199999999999e-05	0.0615518	-0.0477298374	0.034609585	-0.0153463027	-0.0066408724	0.0274493255	-0.0433856593	0.0516212534	-0.0506943307	0.0407694154	-0.0236081307	0.0022565198	0.0194956122	-0.0377873696	0.0493720561	-0.0521934471	0.0457507597	-0.0311875391	0.0110886847	0.0109783563	-0.0310967934	0.0456957037	-0.0205975987	-0.0266824614	0.053350405	0.0606356037	-0.0132131163	-0.0054466421	-0.0441192084	0.0489828046	0.0118653748	-0.0694596072	0.670996830342999	-0.517054181144058	0.448081059024295	0.592443852028073
0.0215828	0.0327543	-0.43134	-0.0037325	-0.00487879	0.00399948	0.0048036	0.0026716	-0.0540189999999999	0.00037041	0	-2.833e-05	0.0814312	-0.0478223571	0.0349471469	-0.0159924506	-0.0057443291	0.0264818121	-0.0426124582	0.0513301431	-0.0511183183	0.0420138333	-0.0256005252	0.0047336909	0.0169566271	-0.0356971313	0.0482276804	-0.0523684314	0.0473990497	-0.0341840202	0.0150222601	0.006752807	-0.0273531403	0.0431950583	0.0378606554	-0.0766600434	0.0141232667	-0.0371567957	0.0291707593	-0.0133615581	-0.0922597374	0.0053031362	0.0358139791	0.0158559417	1.09900127347801	-0.139711477033078	0.448081059024295	0.592443852028073
0.0306554	0.0693148	-0.394223	-0.00414624	-0.00487879	0.00412874	0.00907260000000001	0.0365605	0.037117	-0.00041374	0	0.00012926	0.1099001	-0.0479139886	0.0352821126	-0.0166359256	-0.0048460789	0.0255020041	-0.0418107693	0.050992326	-0.0514815542	0.0431950583	-0.0275453833	0.0072002268	0.0143723053	-0.0334948844	0.0469078096	-0.052324667	0.0488220806	-0.0369971132	0.0188654898	0.0024820104	-0.0234064185	0.0403408874	-0.0603620134	-0.1002274954	0.0161256864	0.0429675337	-0.026703457	0.0738444451	-0.1260794888	0.0095125911	-0.0176286939	-0.0264067098	1.44632420325959	0.325265530888761	0.448081059024295	0.592443852028073
0.0293292	0.0327982	-0.451934	-0.00389494	-0.00493363	0.00415294	-0.0013262	-0.0365166	-0.057711	0.0002513	-5.48399999999996e-05	2.42000000000003e-05	0.1120708	-0.0480047303	0.0356144575	-0.01727662	-0.0039463888	0.0245103563	-0.0409811285	0.0506081094	-0.0517836067	0.044311314	-0.0294390937	0.0096505858	0.0117495564	-0.0311875391	0.0454172463	-0.0520623368	0.0500130897	-0.0396117264	0.0225952602	-0.001805417	-0.0192859283	0.0371565505	0.0119978601	-0.1098480078	0.0610091695	0.007456372	-0.0298720644	-0.0409406582	-0.1333782697	0.0307735557	0.0021037572	-0.0099420301	0.73955432474602	0.25575696578742	0.448081059024295	0.592443852028073
0.0398945	0.0580356	-0.399359	-0.00424905	-0.00524197	0.00394361	0.0105653	0.0252374	0.052575	-0.00035411	-0.000308340000000001	-0.00020933	0.1319667	-0.0480945804	0.0359441567	-0.0179144269	-0.0030455261	0.0235073292	-0.0401240904	0.050177843	-0.0520241169	0.0453609212	-0.03127814	0.0120792627	0.0090953929	-0.0287823352	0.0437614146	-0.0515825363	0.0509664168	-0.0420138333	0.02618914	-0.0060807472	-0.0150222601	0.0336681095	-0.0017821965	-0.1121830912	-0.0491315803	-0.0209181444	-0.0579063288	0.0234342847	-0.1032167325	-0.0572925049	0.0033450661	0.00973961	0.769910521415653	0.057471097014614	0.448081059024295	0.592443852028073
0.0658733	0.0295974	-0.389857	-0.00383004	-0.00492559	0.00428655	0.0259788	-0.0284382	0.00950200000000001	0.00041901	0.000316380000000001	0.00034294	0.1178355	-0.0481835374	0.0362711858	-0.0185492395	-0.0021437585	0.0224933884	-0.0392402281	0.0497019183	-0.0522027989	0.0463423012	-0.0330591074	0.0144808008	0.0064169112	-0.0262868196	0.0419463399	-0.0508872699	0.0516775313	-0.044190547	0.0296255153	-0.0103153331	-0.0106470671	0.0299041152	-0.0395065917	-0.0349249019	0.0579902988	-0.0121524934	-0.0671758013	0.0526357105	-0.0391643742	0.0638083664	-0.0066306892	-0.0465599495	0.968343839603171	0.354192849332379	0.448081059024295	0.592443852028073
0.0847133	0.0178823	-0.411455	-0.00390266	-0.00485394	0.00418101	0.01884	-0.0117151	-0.021598	-7.26200000000002e-05	7.16499999999995e-05	-0.00010554	0.0646436	-0.0482715996	0.0365955205	-0.0191809517	-0.0012413539	0.0214690046	-0.0383301323	0.0491807684	-0.0523194405	0.0472539781	-0.0347786889	0.0168498047	0.0037212726	-0.0237088227	0.0399786271	-0.0499794418	0.0521430537	-0.0461301902	0.0328837193	-0.0144808008	-0.0061928308	0.0258953737	0.0386288507	-0.0346913279	0.0043861557	-0.0339929759	-0.0538587705	-0.0184339456	-0.0542349464	-0.0140980967	0.027811851	0.0141755208	1.04875263991046	-0.415348009277376	0.448081059024295	0.592443852028073
0.0719655	0.00997307	-0.404573	-0.00404163	-0.00504178	0.00399499	-0.0127478	-0.00790922999999999	0.006882	-0.00013897	-0.00018784	-0.000186019999999999	0.05318053	-0.0483587652	0.0369171367	-0.0198094581	-0.0003385804	0.0204346535	-0.0373944116	0.0486148674	-0.0523739028	0.0480945804	-0.0364336915	0.0191809517	0.0010156846	-0.0210564335	0.0378654364	-0.048862844	0.0523607718	-0.0478223571	0.0359441567	-0.0185492395	-0.0016926191	0.021674694	-0.0440370095	-0.0535158646	0.0213732342	0.0118178741	-0.08256838	0.0567932067	-0.0835637441	0.012037831	-0.0186307727	-0.0329310168	0.644901705307517	-0.476304946535169	0.448081059024295	0.592443852028073
0.065906	-0.0225733	-0.426308	-0.00409432	-0.00487232	0.00402714	-0.00605950000000001	-0.03254637	-0.021735	-5.26900000000002e-05	0.00016946	3.21499999999999e-05	0.07305587	-0.0484450328	0.0372360105	-0.0204346535	0.0005642937	0.0193908153	-0.0364336915	0.0480047303	-0.0523661213	0.048862844	-0.0380210421	0.0214690046	-0.0016926191	-0.0183379745	0.0356144575	-0.0475421407	0.0523296507	-0.0492579697	0.0387884217	-0.0224933884	0.0028201586	0.01727662	0.0154747374	-0.064688397	0.0449314623	-0.0163973884	-0.056385072	-0.0399465993	-0.0736959814	0.0207452115	-0.0146457012	0.0191068221	0.54449450597804	-0.24607080113778	0.448081059024295	0.592443852028073
0.065917	0.0030786	-0.415905	-0.00418507	-0.00475605	0.00351162	1.09999999999971e-05	0.0256519	0.010403	-9.07499999999997e-05	0.00011627	-0.00051552	0.0721929	-0.0485304007	0.0375521182	-0.0210564335	0.0014670001	0.0183379745	-0.0354486142	0.0473509122	-0.0522961052	0.0495576132	-0.0395377932	0.0237088227	-0.0043963972	-0.0155619757	0.0332338815	-0.0460228486	0.0520498384	-0.0504293264	0.0413994086	-0.0262868196	0.0073119995	0.0127371473	0.0139358905	-0.0478285717	-0.0650587373	0.0078882896	0.0016064601	-0.0065744084	-0.0039627319	-0.0724881314	0.0125887239	-0.0171291134	1.17461445111897	0.00910900571391	0.448081059024295	0.592443852028073
0.0659626	-0.0406126	-0.458697	-0.00433759	-0.00474472	0.00402345	4.56000000000206e-05	-0.0436912	-0.042792	-0.00015252	1.13300000000004e-05	0.00051183	0.1203128	-0.0486148674	0.0378654364	-0.021674694	0.0023692706	0.01727662	-0.0344398384	0.0466540082	-0.0521639377	0.050177843	-0.0409811285	0.0258953737	-0.0070884207	-0.0127371473	0.030732371	-0.044311314	0.0515226647	-0.0513301431	0.0437614146	-0.0299041152	0.0117495564	0.0080934286	-0.0577647812	0.0283698793	0.0320035653	-0.0194556969	0.0786807759	0.0415513234	0.0570592945	0.0561373292	0.043813874	-0.0174145625	0.879024461187821	0.514407660237588	0.448081059024295	0.592443852028073
0.0659478	0.00485698	-0.442486	-0.00472017	-0.00474825	0.00356904	-1.48000000000093e-05	0.04546958	0.016211	-0.00038258	-3.52999999999985e-06	-0.00045441	0.10372138	-0.0486984311	0.0381759417	-0.0222893319	0.0032708371	0.0162072446	-0.0334080384	0.0459146523	-0.0519697758	0.0507226006	-0.0423483678	0.028023745	-0.0097614921	-0.009872353	0.0281190288	-0.0424146861	0.050750635	-0.0519555872	0.0458602343	-0.0333210373	0.016099885	0.0033834701	0.0377171213	0.0483428195	0.0325900964	0.0074123216	0.0667486129	-0.0465107002	0.0643712347	0.0288486193	0.0472340945	0.0011204952	0.753304304608596	0.500587958935857	0.448081059024295	0.592443852028073
0.0661007	-0.00574528	-0.446273	-0.00455361	-0.00441031	0.00383492	0.000152899999999997	-0.01060226	-0.00378699999999999	0.00016656	0.00033794	0.00026588	0.05306116	-0.0487810905	0.0384836111	-0.0229002443	0.0041714317	0.0151303447	-0.032353904	0.0451335173	-0.0517138504	0.0511910666	-0.0436369724	0.0300891549	-0.0124084642	-0.0069765817	0.0254033645	-0.0403408874	0.0497374181	-0.0523023033	0.0476832451	-0.0365146908	0.0203306886	-0.0013541801	-0.0209394933	0.0459551368	-0.038706206	0.054523122	0.0373517064	0.0132867809	0.0584803243	-0.0279025789	0.0113452389	-0.0484129597	1.33852642460994	0.670365208698169	0.448081059024295	0.592443852028073
0.065833	0.030893	-0.435092	-0.00522899	-0.00505715	0.0034576	-0.000267699999999996	0.03663828	0.0111809999999999	-0.000675380000000001	-0.00064684	-0.00037732	0.13306398	-0.048862844	0.0387884217	-0.0235073292	0.0050707869	0.0140464202	-0.03127814	0.044311314	-0.0513964655	0.0515825363	-0.0448445497	0.0320869629	-0.0150222601	-0.0040589197	0.0225952602	-0.0380985803	0.0484878293	-0.0523684314	0.0492194833	-0.0394636764	0.024410558	-0.0060807472	-0.0070776536	0.0074469791	0.0324391595	-0.0010930783	0.0408988255	-0.0135891876	0.015195823	0.0370235281	0.06205472	0.0190114056	1.05462461468122	-0.078516646880242	0.448081059024295	0.592443852028073
0.0659218	0.0130356	-0.397077	-0.0043919	-0.00484104	0.0038065	8.88e-05	-0.0178574	0.038015	0.00083709	0.00021611	0.0003489	0.1260662	-0.04894369	0.039090351	-0.024110485	0.0059686353	0.0129559745	-0.0301814655	0.0434487905	-0.0510179984	0.051896421	-0.0459688572	0.0340126806	-0.0175958911	-0.0011285219	0.0197049341	-0.0356971313	0.0470078072	-0.0521536168	0.0504597097	-0.0421482344	0.0283092043	-0.010757547	0.0128198461	-0.0431917212	-0.034890627	0.0512812985	0.0131077371	0.0007556265	-0.0082723764	-0.0435262891	0.0248456181	-0.0492922416	1.12734279554803	-0.453703851709824	0.448081059024295	0.592443852028073
0.0657857	0.0106916	-0.4605	-0.00409314	-0.00510523	0.00382331	-0.0001361	-0.002344	-0.063423	0.00029876	-0.00026419	1.68099999999999e-05	0.0948911	-0.049023627	0.0393893764	-0.024709611	0.0068647103	0.0118595137	-0.0290646136	0.0425467316	-0.0505788988	0.0521322486	-0.0470078072	0.0358619813	-0.0201224762	0.001805417	0.016742904	-0.0331465714	0.0453043854	-0.0516590118	0.0513964655	-0.0445503769	0.0319976841	-0.0153463027	-0.032104599	-0.0104659426	0.0129519329	-0.0470347758	0.0330444853	0.0271670932	0.0132036551	0.0201622798	0.0388478428	0.0368249117	0.629734900304366	-0.489255649331576	-2.22840312389761	0.592443852028073
0.0659386	0.03288	-0.440176	-0.00463205	-0.00466708	0.00364485	0.000152900000000011	0.0221884	0.020324	-0.00053891	0.00043815	-0.00017846	0.1004413	-0.0491026536	0.0396854757	-0.025304607	0.0077587455	0.010757547	-0.0279283311	0.0416059582	-0.0500796887	0.0522896643	-0.0479594708	0.0376307102	-0.0225952602	0.0047336909	0.0137199483	-0.0304575546	0.0433856593	-0.0508872699	0.0520241169	-0.0466540082	0.0354486142	-0.0198094581	0.0492958714	0.0173933428	0.0172368034	0.0391332669	-0.0031606391	-0.0397743075	0.0204798382	-0.0027803503	-0.0078909187	-0.0218661411	0.893591743645757	-0.302483573329591	0.448081059024295	0.592443852028073
0.0659614	0.00485308	-0.481904	-0.00471292	-0.00466708	0.00377082	2.27999999999756e-05	-0.02802692	-0.041728	-8.08699999999994e-05	0	0.00012597	0.0801197199999999	-0.0491807684	0.0399786271	-0.0258953737	0.0086504753	0.0096505858	-0.0267733776	0.0406273263	-0.0495209612	0.0523684314	-0.0488220806	0.0393148935	-0.0250076315	0.0076471118	0.0106470671	-0.0276413132	0.0412607473	-0.0498425313	0.0523388891	-0.0484450328	0.0386363752	-0.024110485	-0.031558115	0.0392013241	-0.0618071712	-0.035830039	0.0123129924	0.0306656394	0.0428054286	-0.039489324	0.032861671	0.0082397623	1.20205083356956	0.579928780983952	0.448081059024295	0.592443852028073
0.0775112	0.0297677	-0.469202	-0.00461445	-0.0051019	0.00402346	0.0115498	0.02491462	0.0127019999999999	9.84699999999998e-05	-0.00043482	0.000252640000000001	0.08846292	-0.0492579697	0.0402688086	-0.0264818121	0.0095396348	0.0085391442	-0.0256005252	0.0396117264	-0.0489033805	0.0523684314	-0.049594035	0.0409107473	-0.0273531403	0.0105365379	0.0075354425	-0.024709611	0.0389397479	-0.0485304007	0.0523388891	-0.04991145	0.0415373011	-0.028214182	-0.0250872275	0.0788005821	0.0235225022	-0.0032274297	0.0215408171	0.0175122647	0.0659715965	0.0478902522	0.0323938643	0.0239751222	0.56560801693433	0.512151412544053	0.448081059024295	0.592443852028073
0.0765936	-0.0122244	-0.499702	-0.00425406	-0.00466708	0.00357217	-0.000917600000000032	-0.0419921	-0.0305	0.00036039	0.00043482	-0.000451290000000001	0.1357347	-0.0493342563	0.0405559987	-0.0270638244	0.0104259597	0.0074237382	-0.024410558	0.0385600826	-0.0482276804	0.0522896643	-0.0502739006	0.0424146861	-0.0296255153	0.013392903	0.0043963972	-0.021674694	0.0364336915	-0.0469579174	0.0520241169	-0.051043434	0.0441298556	-0.0320869629	0.0532760497	0.075899322	-0.0029666775	0.0192654772	0.032854518	-0.0564859073	0.0677342238	0.002387453	-0.0107096958	-0.0369992406	0.740165280046748	0.047371014222418	0.448081059024295	0.592443852028073
0.091079	0.007783	-0.535901	-0.00504186	-0.00523272	0.0036735	0.0144854	0.0200074	-0.036199	-0.0007878	-0.00056564	0.00010133	0.1434303	-0.0494096266	0.0408401761	-0.0276413132	0.0113091867	0.0063048856	-0.0232042715	0.0374733519	-0.0474946641	0.0521322486	-0.050860415	0.043823331	-0.0318186811	0.0162072446	0.0012413539	-0.0185492395	0.0337544877	-0.0451335173	0.0513964655	-0.0518333998	0.0463947917	-0.0356971313	-0.0177958727	0.0690318583	-0.0528613138	0.0112601559	0.0285209771	0.0075931405	0.0673486475	-0.0355402193	0.0473624057	0.035980932	-0.186754575175885	-0.411950415772588	0.448081059024295	0.592443852028073
0.0939635	-0.0120786	-0.503377	-0.00467052	-0.00446678	0.00402346	0.00288450000000001	-0.0198616	0.032524	0.00037134	0.00076594	0.00034996	0.1296321	-0.0494840794	0.0411213197	-0.028214182	0.0121890533	0.0051831058	-0.0219824722	0.036352523	-0.0467052026	0.051896421	-0.051352489	0.0451335173	-0.0339267737	0.018970732	-0.0019182066	-0.0153463027	0.0309148693	-0.0430669878	0.0504597097	-0.0522760543	0.0483152946	-0.03901514	-0.0105153167	0.0533032278	0.0260594609	0.0560890178	0.0134440181	-0.0228671273	0.0409722801	0.0327077403	0.0312773022	-0.0573245959	0.01371182155915	-0.372962038398403	0.448081059024295	0.592443852028073
0.0813046	-0.0123824	-0.484422	-0.00388681	-0.00511631	0.00356766	-0.0126589	-0.0003038	0.0189550000000001	0.00078371	-0.00064953	-0.000455800000000001	0.1263697	-0.0495576132	0.0413994086	-0.0287823352	0.0130652981	0.0040589197	-0.0207459769	0.0351986159	-0.0458602343	0.0515825363	-0.0517492091	0.0463423012	-0.0359441567	0.021674694	-0.0050707869	-0.0120792627	0.0279283311	-0.0407694154	0.0492194833	-0.0523684314	0.0498771065	-0.0420138333	0.0560384259	0.0186745086	0.0052036901	-0.0474755199	0.0182408776	-0.0271724531	0.0165733067	-0.0042143948	0.0561970025	0.0480082597	-0.341855798033759	-0.244521420106862	-2.22840312389761	-1.68540061352814
0.0453871	0.0184279	-0.364508	-0.00319407	-0.00554191	0.00304668	-0.0359175	0.0308103	0.119914	0.00069274	-0.0004256	-0.00052098	0.2686078	-0.0496302266	0.0416744222	-0.0293456776	0.0139376608	0.0029328492	-0.0194956122	0.0340126806	-0.0449607632	0.0511910666	-0.0520498384	0.047446967	-0.0378654364	0.0243106464	-0.0082049152	-0.0087617663	0.0248090665	-0.0382531258	0.0476832451	-0.0521099123	0.0510686325	-0.0446686685	-0.0620580093	-0.0153970183	0.0102020227	-0.0228617074	-0.0655930997	0.0775270638	-0.0369133761	0.0345945112	-0.0554579313	-0.0289328639	0.746890249917884	-0.094951844458707	0.448081059024295	0.592443852028073
0.0885844	-0.00345009	-0.386217	-0.0032875	-0.00485917	0.00364237	0.0431973	-0.02187799	-0.021709	-9.34300000000002e-05	0.000682739999999999	0.00059569	0.15537729	-0.0497019183	0.0419463399	-0.0299041152	0.0148058821	0.001805417	-0.0182322141	0.0327957961	-0.0440078585	0.0507226006	-0.0522538189	0.0484450328	-0.0396854757	0.0268703181	-0.0113091867	-0.005407671	0.0215718994	-0.0355316183	0.0458602343	-0.051502229	0.051881027	-0.0469579174	0.0007799148	-0.0337246971	0.0678774994	-0.0485325612	-0.0653586374	-0.0026143865	-0.0892298978	0.0615818237	-0.0673818122	0.0561226286	0.335324157277269	-0.073793314727141	0.448081059024295	0.592443852028073
0.0856109	0.0178417	-0.386146	-0.00393265	-0.00468824	0.0035259	-0.0029735	0.02129179	7.10000000000433e-05	-0.00064515	0.000170930000000001	-0.00011647	0.07096379	-0.049772687	0.0422151417	-0.0304575546	0.015669704	0.0006771467	-0.0169566271	0.0315490697	-0.0430026525	0.050177843	-0.0523607718	0.0493342563	-0.0413994086	0.0293456776	-0.0143723053	-0.0020309873	0.0182322141	-0.0326194932	0.0437614146	-0.0505494535	0.0523082586	-0.048862844	0.0131477789	-0.0419969453	-0.0342458351	0.0068498642	-0.0525081034	0.0100436023	-0.0538545185	-0.0432975107	-0.1084071492	0.0335661109	-2.42333672852632	-0.047857540327684	0.448081059024295	0.592443852028073
0.0856462	0.00730966	-0.431404	-0.0033327	-0.00463517	0.00374156	3.53000000000159e-05	-0.01053204	-0.045258	0.000599950000000001	5.30699999999997e-05	0.00021566	0.09925934	-0.0498425313	0.0424808075	-0.0310059033	0.01652887	-0.0004514381	-0.015669704	0.0302736359	-0.0419463399	0.0495576132	-0.0523704984	0.0501126395	-0.0430026525	0.0317289578	-0.0173831246	0.0013541801	0.0148058821	-0.0295323731	0.0413994086	-0.0492579697	0.0523471556	-0.0503678575	-0.0229279352	-0.027554029	0.0197130551	-0.0308047145	-0.0148477778	0.0197632801	-0.031659136	0.0167786364	-0.0611059379	0.0534297556	0.091442568599347	-0.457203992612892	0.448081059024295	0.592443852028073
0.0856322	0.0170904	-0.410768	-0.00361499	-0.00463517	0.0035259	-1.40000000000001e-05	0.00978074	0.020636	-0.00028229	0	-0.00021566	0.05532824	-0.04991145	0.0427433176	-0.0315490697	0.0173831246	-0.0015798132	-0.0143723053	0.0289706552	-0.0408401761	0.048862844	-0.0522829807	0.0507784337	-0.0444909208	0.0340126806	-0.0203306886	0.0047336909	0.0113091867	-0.0262868196	0.0387884217	-0.0476364314	0.0519974292	-0.0514606403	0.0425379863	-0.0439311665	0.0094269091	0.0255338965	0.0243778538	-0.028970267	-0.0207964087	-0.0107319082	-0.0235561713	-0.0143042239	-0.222194444181244	-0.91379815053605	0.448081059024295	0.592443852028073
0.0856299	0.00382608	-0.428634	-0.00365209	-0.00463517	0.00394149	-2.3000000000245e-06	-0.01326432	-0.017866	-3.71000000000004e-05	0	0.00041559	0.05376712	-0.0499794418	0.0430026525	-0.0320869629	0.0182322141	-0.0027074549	-0.0130652981	0.0276413132	-0.0396854757	0.0480945804	-0.0520983812	0.0513301431	-0.0458602343	0.0361896802	-0.0232042715	0.0080934286	0.0077587455	-0.0229002443	0.0359441567	-0.0456957037	0.0512616758	-0.0521322486	-0.0426561488	-0.0124302657	-0.0069215917	-0.0314581275	0.0548843267	0.037459194	0.0173619295	-0.0093402015	0.0319870028	-0.0026242175	1.20806976107582	-0.935766895895519	0.448081059024295	0.592443852028073
0.0856415	0.0353636	-0.428527	-0.00431042	-0.00463517	0.00364981	1.16000000000005e-05	0.03153752	0.000106999999999968	-0.00065833	0	-0.00029168	0.07915662	-0.0500465054	0.0432587929	-0.0326194932	0.0190758861	-0.0038338396	-0.0117495564	0.0262868196	-0.0384836111	0.0472539781	-0.0518170426	0.051766528	-0.0471069319	0.0382531258	-0.0259934166	0.0114193591	0.0041714317	-0.0193908153	0.0328837193	-0.0434487905	0.0501453577	-0.0523771858	0.0124190914	0.0277444189	0.0497768579	0.0338236923	0.0149639209	-0.0307892441	0.0282686354	0.0425262213	0.0283441287	-0.0220069375	1.0539090914947	-0.964203926412019	0.448081059024295	0.592443852028073
0.0856274	-0.000175186	-0.452382	-0.0041529	-0.00469801	0.00373523	-1.40999999999891e-05	-0.035538786	-0.0238549999999999	0.00015752	-6.28399999999998e-05	8.54200000000001e-05	0.074696886	-0.0501126395	0.0435117199	-0.0331465714	0.0199138901	-0.0049584444	-0.0104259597	0.0249084068	-0.0372360105	0.0463423012	-0.0514394875	0.0520866082	-0.0482276804	0.0401965428	-0.0286879745	0.0146975897	0.0005642937	-0.0157773596	0.0296255153	-0.0409107473	0.0486567622	-0.0521934471	0.0304282815	-0.0059572107	-0.0585415778	-0.006413658	-0.0350861621	-0.0125756908	-0.0136016282	-0.053461037	-0.0092443612	-0.0124739125	-0.740270596813927	-0.077649103647054	0.448081059024295	0.592443852028073
0.0856422	0.0349818	-0.445702	-0.00413338	-0.00463517	0.00360373	1.48000000000093e-05	0.035156986	0.00667999999999991	1.95199999999994e-05	6.28399999999998e-05	-0.0001315	0.052544786	-0.050177843	0.0437614146	-0.0336681095	0.0207459769	-0.0060807472	-0.0090953929	0.0235073292	-0.0359441567	0.0453609212	-0.0509664168	0.0522896643	-0.0492194833	0.0420138333	-0.03127814	0.0179144269	-0.0030455261	-0.0120792627	0.02618914	-0.0380985803	0.0468069407	-0.0515825363	-0.042108806	0.0075713219	0.0071147316	-0.0258590366	-0.0464173551	0.0540231146	-0.0165131297	0.0112567388	-0.0242493194	0.0405860033	0.168962227934089	-0.033773633202373	0.448081059024295	0.592443852028073
0.0855872	-0.00134536	-0.471932	-0.00353271	-0.00483429	0.00388109	-5.49999999999995e-05	-0.03632716	-0.0262299999999999	0.00060067	-0.00019912	0.00027736	0.11646966	-0.0502421146	0.0440078585	-0.0341840202	0.0215718994	-0.0072002268	-0.0077587455	0.0220848615	-0.034609585	0.044311314	-0.0503987089	0.0523752403	-0.0500796887	0.043699295	-0.0337544877	0.0210564335	-0.0066408724	-0.0083163637	0.0225952602	-0.0350311327	0.0446096262	-0.0505494535	0.0315356255	-0.0035759343	0.0235989791	0.0342634441	-0.0442957365	-0.0501805439	-0.0346894932	0.0043685458	-0.0606438273	-0.0266163292	-2.70655564044889	-0.076869324218739	-2.22840312389761	0.592443852028073
0.0855505	0.0285933	-0.476212	-0.00406042	-0.0049169	0.00371672	-3.67000000000006e-05	0.02993866	-0.00428000000000001	-0.00052771	-8.26100000000003e-05	-0.00016437	0.07298986	-0.0503054532	0.0442510332	-0.0346942175	0.0223914121	-0.0083163637	-0.0064169112	0.0206422981	-0.0332338815	0.0431950583	-0.0497374181	0.0523431439	-0.0508059967	0.0452476394	-0.0361080066	0.024110485	-0.0102046586	-0.0045088495	0.0188654898	-0.0317289578	0.0420811315	-0.0491026536	0.0271425077	-0.0182850625	-0.0691915548	-0.026775047	0.0197723855	-0.0134587544	0.0031696129	-0.0773285867	0.0012553814	0.0619101153	-2.58950932028429	0.096425796901272	-2.22840312389761	-1.68540061352814
0.0854956	0.00551724	-0.45909	-0.00413643	-0.00508348	0.003718	-5.48999999999966e-05	-0.02307606	0.017122	-7.60099999999996e-05	-0.00016658	1.27999999999977e-06	0.05244646	-0.0503678575	0.0444909208	-0.0351986159	0.0232042715	-0.0094286395	-0.0050707869	0.0191809517	-0.0318186811	0.0420138333	-0.0489837722	0.0521934471	-0.0513964655	0.0466540082	-0.0383301323	0.0270638244	-0.0137199483	-0.0006771467	0.0150222601	-0.028214182	0.0392402281	-0.0472539781	-0.0633168792	0.0360499804	0.0178161157	0.0348943062	0.0533272108	0.0652319392	0.0523487266	0.0353902254	-0.0145522847	-0.0300437022	-2.60515490678052	0.444509638631442	0.448081059024295	-1.68540061352814
0.0947203	-0.00193991	-0.510978	-0.00358191	-0.00505793	0.00392893	0.00922469999999999	-0.00745715	-0.051888	0.00055452	2.55499999999992e-05	0.00021093	0.10811985	-0.0504293264	0.0447275033	-0.0356971313	0.0240102362	-0.0105365379	-0.0037212726	0.017702152	-0.0303656657	0.0407694154	-0.0481391707	0.0519264863	-0.0518495163	0.0479139886	-0.0404127789	0.0299041152	-0.0171700353	0.003158189	0.0110886847	-0.0245103563	0.0361080066	-0.045018557	0.0228528351	0.0321512756	0.0262420689	-0.0176889836	0.0871478888	-0.0328002518	0.0455238799	0.0333752312	0.0297070415	0.0316263008	0.444120489524321	0.467255872857202	0.448081059024295	-1.68540061352814
0.102777	0.0213095	-0.448644	-0.00393736	-0.00490108	0.00396864	0.0080567	0.02324941	0.062334	-0.00035545	0.00015685	3.97100000000001e-05	0.12124061	-0.0504898588	0.0449607632	-0.0361896802	0.0248090665	-0.0116395445	-0.0023692706	0.0162072446	-0.0288765622	0.0394636764	-0.0472051818	0.0515428613	-0.0521639377	0.049023627	-0.0423483678	0.0326194932	-0.0205385235	0.0069765817	0.0070884207	-0.0206422981	0.0327077205	-0.0424146861	-0.0208571862	-0.0047492829	-0.0259776643	0.0861782995	0.0717541865	0.0194614789	0.0216247853	-0.0266284152	0.0015142492	-0.0437539228	-0.45447345909924	-0.421322878061307	0.448081059024295	-1.68540061352814
0.104895	0.0120801	-0.471328	-0.00342202	-0.00505476	0.00416577	0.00211800000000001	-0.0092294	-0.022684	0.00051534	-0.00015368	0.00019713	0.0773389	-0.0505494535	0.0451906832	-0.0366761804	0.0256005252	-0.0127371473	-0.0010156846	0.0146975897	-0.0273531403	0.0380985803	-0.0461835398	0.051043434	-0.0523388891	0.0499794418	-0.0441298556	0.0351986159	-0.0238094045	0.010757547	0.0030455261	-0.0166359256	0.0290646136	-0.0394636764	-0.0034527055	-0.0477017035	0.0419534677	0.0182399155	0.0506632036	-0.0301962548	-0.0343127195	0.0303163058	0.017525614	-0.0057669538	0.799096952002879	-0.639245556081613	0.448081059024295	-1.68540061352814
0.0855134	0.03184	-0.469474	-0.00361813	-0.00499893	0.00374739	-0.0193816	0.0197599	0.00185399999999997	-0.00019611	5.58299999999998e-05	-0.00041838	0.0745115	-0.0506081094	0.0454172463	-0.0371565505	0.0263843771	-0.0138288366	0.0003385804	0.0131745611	-0.0257972105	0.0366761804	-0.0450761418	0.0504293264	-0.0523739028	0.0507784337	-0.0457507597	0.0376307102	-0.0269671338	0.0144808008	-0.0010156846	-0.0125180835	0.0252057321	-0.0361896802	0.0219904061	-0.0718617005	-0.0498466509	-0.0076714983	-0.0099269632	-0.0008884962	-0.0572129811	-0.0567980395	-0.0051905826	0.0364220566	-2.77022716553225	-0.618839332004405	0.448081059024295	-1.68540061352814
0.0963826	0.0115915	-0.449387	-0.00394305	-0.00481465	0.00377328	0.0108692	-0.0202485	0.020087	-0.00032492	0.00018428	2.58899999999998e-05	0.0779592	-0.0506658255	0.0456404355	-0.0376307102	0.0271603893	-0.0149141057	0.0016926191	0.0116395445	-0.0242106219	0.0351986159	-0.043885044	0.0497019183	-0.0522688852	0.0514180959	-0.0472051818	0.0399056168	-0.0299967047	0.018126369	-0.0050707869	-0.0083163637	0.0211597241	-0.0326194932	-0.0526164663	-0.0144824798	0.0482528724	-0.0153597896	-0.0240599183	0.0433329087	4.44331e-05	0.0578697763	-0.0254298163	-0.0325891183	-1.05201785876246	-0.599445345678141	0.448081059024295	0.592443852028073
0.104527	0.00687311	-0.490169	-0.00371974	-0.00506625	0.00399408	0.0081444	-0.00471839	-0.040782	0.00022331	-0.000251599999999999	0.0002208	0.08843029	-0.0507226006	0.0458602343	-0.0380985803	0.0279283311	-0.0159924506	0.0030455261	0.0100939368	-0.0225952602	0.0336681095	-0.0426124582	0.048862844	-0.0520241169	0.051896421	-0.0484878293	0.0420138333	-0.0328837193	0.021674694	-0.0090953929	-0.0040589197	0.0169566271	-0.0287823352	0.0641032092	0.0291927284	0.0157054517	-0.0358950247	-0.0168439752	-0.0623181246	0.0314558413	0.0004077406	0.0070410018	0.0127604178	-1.21502106761396	-0.220268195812051	0.448081059024295	-1.68540061352814
0.085578	0.0244319	-0.473348	-0.0040491	-0.00485147	0.00376159	-0.018949	0.01755879	0.016821	-0.00032936	0.000214779999999999	-0.00023249	0.09216029	-0.0507784337	0.0460766263	-0.0385600826	0.0286879745	-0.0170633708	0.0043963972	0.0085391442	-0.0209530451	0.0320869629	-0.0412607473	0.0479139886	-0.0516402525	0.0522119084	-0.049594035	0.0439465533	-0.0356144575	0.0251067401	-0.0130652981	0.0002257211	0.0126276447	-0.024709611	-0.0372024047	0.0377042882	-0.0320470508	0.0340825293	-0.0423377601	0.0317344035	0.0175992217	-0.0261638464	-0.022300428	-0.0243245869	-1.56344237846791	0.328919598597519	0.448081059024295	-1.68540061352814
0.0854445	0.0090138	-0.512367	-0.00372502	-0.00522352	0.00416577	-0.000133499999999995	-0.0154181	-0.0390190000000001	0.00032408	-0.00037205	0.00040418	0.1095861	-0.0508333239	0.0462895956	-0.03901514	0.0294390937	-0.018126369	0.0057443291	0.0069765817	-0.0192859283	0.0304575546	-0.0398324213	0.0468574839	-0.0511183183	0.0523635681	-0.0505197734	0.0456957037	-0.0381759417	0.0284040951	-0.0169566271	0.0045088495	0.0082049152	-0.0204346535	0.0171435635	-0.0118342096	0.0328263877	0.004126092	0.0007685479	-0.0336468321	-0.0217465088	0.0366069567	0.0213507263	0.0160325612	0.334220478098683	0.267562994583359	0.448081059024295	-1.68540061352814
0.0855827	0.0218847	-0.458869	-0.00408133	-0.00484368	0.00378631	0.000138199999999963	0.0128709	0.0534980000000001	-0.00035631	0.000379839999999999	-0.00037946	0.1222876	-0.0508872699	0.0464991262	-0.0394636764	0.0301814655	-0.0191809517	0.0070884207	0.005407671	-0.0175958911	0.0287823352	-0.0383301323	0.0456957037	-0.0504597097	0.0523509242	-0.0512616758	0.0472539781	-0.0405559987	0.0315490697	-0.0207459769	0.0087617663	0.0037212726	-0.0159924506	-0.0133585932	-0.0420873302	-0.0464815101	0.0510645674	0.007108134	0.0131085421	-0.0201113488	-0.046085633	0.0145206609	-0.0408392718	-2.08997877018051	0.179755676814626	0.448081059024295	0.592443852028073
0.085602	0.0109176	-0.465059	-0.00382452	-0.00485264	0.00388101	1.92999999999999e-05	-0.0109671	-0.00619000000000003	0.00025681	-8.9599999999997e-06	9.46999999999996e-05	0.0351998999999999	-0.050940271	0.0467052026	-0.0399056168	0.0309148693	-0.0202266294	0.0084277735	0.0038338396	-0.015884942	0.0270638244	-0.0367566699	0.044431258	-0.0496661877	0.0521740164	-0.0518170426	0.0486148674	-0.0427433176	0.0345247919	-0.024410558	0.0129559745	-0.0007899965	-0.0114193591	-0.0078146675	-0.0256913277	0.024315389	-0.0018005604	0.0210781367	-0.0137368259	-0.0188067657	0.0269254156	0.0261782645	-0.0332779303	1.02990811265203	0.118577197072256	0.448081059024295	0.592443852028073
0.062385	0.0314357	-0.454773	-0.00373714	-0.00510983	0.00354457	-0.023217	0.0205181	0.010286	8.73800000000002e-05	-0.00025719	-0.00033644	0.0880716	-0.050992326	0.0469078096	-0.0403408874	0.0316390872	-0.0212629165	0.0097614921	0.0022565198	-0.0141551145	0.025304607	-0.0351149558	0.0430669878	-0.048739874	0.0518333998	-0.0521838529	0.049772687	-0.0447275033	0.0373152977	-0.0279283311	0.0170633708	-0.0052954007	-0.006752807	0.0591190224	-0.0282155433	0.0029408553	-0.0222299247	0.0114069573	-0.0354779021	-0.0214610102	-0.01923516	0.0105339388	0.031103021	-1.64813455822498	-0.108737917560202	0.448081059024295	-1.68540061352814
0.0694771	0.0188237	-0.48367	-0.00401131	-0.00504844	0.00373559	0.00709210000000001	-0.012612	-0.028897	-0.00027417	6.13899999999997e-05	0.00019102	0.0749301	-0.051043434	0.0471069319	-0.0407694154	0.032353904	-0.0222893319	0.0110886847	0.0006771467	-0.0124084642	0.0235073292	-0.0334080384	0.0416059582	-0.0476832451	0.0513301431	-0.0523607718	0.0507226006	-0.0464991262	0.0399056168	-0.03127814	0.0210564335	-0.0097614921	-0.0020309873	-0.0347894977	0.0088640083	-0.0555537977	0.0321976406	-0.0450378681	0.0402722346	0.0006261842	-0.0450593638	-0.0483614517	-0.039612783	-1.50269373492824	-0.170474499354776	0.448081059024295	-1.68540061352814
0.0640613	0.0224346	-0.504151	-0.00425533	-0.00536552	0.00371534	-0.00541580000000001	0.0036109	-0.020481	-0.00024402	-0.00031708	-2.02499999999999e-05	0.0585752	-0.051093594	0.047302555	-0.0411911291	0.0330591074	-0.0233053991	0.0124084642	-0.0009028426	-0.0106470671	0.021674694	-0.0316390872	0.0400514517	-0.0464991262	0.0506658255	-0.0523471556	0.0514606403	-0.0480497669	0.0422818529	-0.0344398384	0.0249084068	-0.0141551145	0.0027074549	-0.017258009	0.0235176659	0.0223377342	-0.0697204731	-0.0537839082	0.0066805091	-0.008277057	0.0345038398	0.0020639495	0.0522186894	0.567305920551918	-0.202379154132237	-2.22840312389761	0.592443852028073
0.062293	0.026614	-0.468354	-0.00447791	-0.00502435	0.00363909	-0.00176830000000001	0.0041794	0.035797	-0.00022258	0.00034117	-7.62499999999999e-05	0.0737447	-0.0511428052	0.0474946641	-0.0416059582	0.0337544877	-0.0243106464	0.0137199483	-0.0024820104	-0.0088730165	0.0198094581	-0.0298113868	0.0384069609	-0.0451906832	0.0498425313	-0.0521430537	0.0519837232	-0.0493720561	0.044431258	-0.0373944116	0.0285934806	-0.0184436498	0.0074237382	0.0291975756	0.0192084651	0.0451221933	0.0184359612	-0.0345726089	-0.0336215127	-0.0039608041	0.0358015548	0.0206254514	-0.0259703083	0.634197021126937	0.132862071831973	-2.22840312389761	-1.68540061352814
0.0855698	-0.0244823	-0.493801	-0.00418598	-0.00496895	0.00416577	0.0232768	-0.0510963	-0.0254470000000001	0.00029193	5.54000000000006e-05	0.00052668	0.1435206	-0.0511910666	0.0476832451	-0.0420138333	0.0344398384	-0.025304607	0.0150222601	-0.0040589197	-0.0070884207	0.0179144269	-0.0279283311	0.0366761804	-0.0437614146	0.048862844	-0.0517492091	0.0522896643	-0.0504597097	0.0463423012	-0.0401240904	0.0320869629	-0.0225952602	0.0120792627	0.0541537689	-0.0188126203	-0.0191570705	-0.0051931139	0.029741916	-0.0379249115	-0.0105461394	-0.0288358808	0.0437265733	-0.0213567676	0.938732723975777	0.10392896083456	-2.22840312389761	-1.68540061352814
0.0633151	0.0194318	-0.485634	-0.00450638	-0.00502435	0.003732	-0.0222547	0.0439141	0.00816700000000003	-0.0003204	-5.54000000000006e-05	-0.00043377	0.1148143	-0.0512383773	0.0478682839	-0.0424146861	0.0351149558	-0.0262868196	0.016314529	-0.0056321357	-0.0052954007	0.0159924506	-0.0259934166	0.0348629988	-0.0422151417	0.0477298374	-0.0511670547	0.0523771858	-0.0513075588	0.0480047303	-0.0426124582	0.0353654455	-0.0265791242	0.0166359256	-0.0006750619	-0.0273545997	-0.0603104647	-0.0031120906	0.0253743513	0.0252449536	0.0022030025	-0.0693264223	0.0367890928	0.0088600866	0.374919135792509	0.080827680415727	0.448081059024295	-1.68540061352814
0.0650297	-0.00936719	-0.503828	-0.00438717	-0.00561335	0.00392768	0.0017146	-0.02879899	-0.0181939999999999	0.00011921	-0.000588999999999999	0.00019568	0.09390209	-0.0512847364	0.0480497669	-0.0428084497	0.0357796393	-0.027256828	0.0175958911	-0.0072002268	-0.0034960873	0.0140464202	-0.0240102362	0.0329714899	-0.0405559987	0.0464470668	-0.0503987089	0.0522459219	-0.0519115742	0.0494096266	-0.0448445497	0.0384069609	-0.0303656657	0.0210564335	-0.0473193304	0.0176104896	-0.001677115	0.0224613448	0.0115735221	0.0528596138	0.0281956125	0.0136629457	0.0077368925	-0.0424141952	0.699081533685507	0.080383893751186	0.448081059024295	0.592443852028073
0.0577566	-0.00279429	-0.529393	-0.00461598	-0.00502435	0.00416577	-0.00727309999999999	0.0065729	-0.0255650000000001	-0.00022881	0.000588999999999999	0.00023809	0.0922059999999999	-0.0513301431	0.0482276804	-0.0431950583	0.0364336915	-0.028214182	0.0188654898	-0.0087617663	-0.0016926191	0.0120792627	-0.0219824722	0.0310059033	-0.0387884217	0.045018557	-0.0494469678	0.051896421	-0.0522688852	0.0505494535	-0.0468069407	0.0411911291	-0.0339267737	0.025304607	-0.0237486093	0.0412381082	0.0171334112	-0.0388981365	0.0040379139	-0.0012751374	0.0429922111	0.0309226699	0.0248414389	0.0408039663	0.415090492494242	0.042681107932249	0.448081059024295	0.592443852028073
0.0523637	0.0249797	-0.511499	-0.00454671	-0.00526266	0.00374804	-0.00539290000000001	0.02777399	0.0178940000000001	6.92700000000006e-05	-0.000238309999999999	-0.00041773	0.08732639	-0.0513745965	0.0484020114	-0.0435744473	0.0370769179	-0.0291584371	0.0201224762	-0.0103153331	0.0001128608	0.0100939368	-0.0199138901	0.0289706552	-0.0369171367	0.0434487905	-0.0483152946	0.0513301431	-0.0523777937	0.0514180959	-0.0484878293	0.043699295	-0.0372360105	0.0293456776	-0.0029112727	0.0565772935	0.0407456779	0.0241606284	-0.0022692762	-0.0220392025	0.0524654586	0.0467618078	-0.003585605	-0.0184845374	0.337636083520234	-0.133969488107822	0.448081059024295	0.592443852028073
0.0575622	-0.00900982	-0.544089	-0.00421807	-0.00538812	0.00391175	0.0051985	-0.03398952	-0.0325900000000001	0.00032864	-0.00012546	0.00016371	0.10266852	-0.0514180959	0.0485727468	-0.0439465533	0.0377091275	-0.0300891549	0.0213660101	-0.0118595137	0.0019182066	0.0080934286	-0.0178083308	0.0268703181	-0.0349471469	0.0417426926	-0.0470078072	0.0505494535	-0.0522377823	0.0520108938	-0.0498771065	0.0459146523	-0.0402688086	0.0331465714	0.0319121856	0.0464708204	0.031614512	-0.0258011748	0.0102535655	-0.0481957475	0.0260737694	0.0379545673	0.0071894385	0.0011103855	0.708209891843716	-0.144240837753109	0.448081059024295	0.592443852028073
0.0575574	0.0177793	-0.516878	-0.00456231	-0.00537074	0.00370595	-4.79999999998537e-06	0.02678912	0.0272110000000001	-0.00034424	1.738e-05	-0.0002058	0.0823759200000001	-0.0514606403	0.048739874	-0.044311314	0.0383301323	-0.0310059033	0.0225952602	-0.013392903	0.0037212726	0.0060807472	-0.015669704	0.024709611	-0.0328837193	0.0399056168	-0.0455292636	0.0495576132	-0.0518495163	0.052324667	-0.0509664168	0.0478223571	-0.0430026525	0.0366761804	0.0597970183	0.0156384697	0.0065695977	-0.0064954202	0.0038181584	-0.050602796	-0.0090690072	-0.0095986014	0.0263548037	0.0320908614	1.03240073220165	-0.111493446814536	0.448081059024295	0.592443852028073
0.0575495	-0.0114028	-0.516897	-0.00415026	-0.00545288	0.00396535	-7.90000000000513e-06	-0.0291821	-1.90000000001023e-05	0.00041205	-8.21400000000005e-05	0.0002594	0.0668885000000001	-0.051502229	0.0489033805	-0.0446686685	0.0389397479	-0.0319082567	0.0238094045	-0.0149141057	0.0055199161	0.0040589197	-0.0135019809	0.0224933884	-0.030732371	0.0379433273	-0.043885044	0.0483587652	-0.0512148408	0.0523577323	-0.0517492091	0.0494096266	-0.0454172463	0.0399056168	0.0324468171	-0.0135723628	-0.0381116483	0.0305664411	0.0094454163	-0.011801245	-0.0109175216	-0.0496714426	-0.0346631406	-0.0384955596	0.063782829144703	-0.060966054546578	0.448081059024295	0.592443852028073
0.0571298	0.0235845	-0.564462	-0.00501743	-0.00628646	0.00376219	-0.000419700000000002	0.0349873	-0.047565	-0.00086717	-0.00083358	-0.00020316	0.1781675	-0.0515428613	0.0490632542	-0.045018557	0.0395377932	-0.0327957961	0.0250076315	-0.0164217376	0.0073119995	0.0020309873	-0.0113091867	0.0202266294	-0.028498854	0.0358619813	-0.0420811315	0.0469579174	-0.0503367722	0.0521099123	-0.0522207755	0.0506658255	-0.0474946641	0.0428084497	-0.0027086247	-0.0125520595	-0.0566064317	-0.0506795313	0.0269859237	0.0286150703	0.0185317929	-0.0564321177	0.0253787221	0.0739063946	1.12571683463587	-0.013551063949886	0.448081059024295	0.592443852028073
0.0377299	0.0103202	-0.549989	-0.00508784	-0.00598288	0.00372168	-0.0193999	-0.0132643	0.014473	-7.04099999999999e-05	0.00030358	-4.05099999999997e-05	0.0678622	-0.0515825363	0.0492194833	-0.0453609212	0.0401240904	-0.0336681095	0.02618914	-0.0179144269	0.0090953929	0	-0.0090953929	0.0179144269	-0.02618914	0.0336681095	-0.0401240904	0.0453609212	-0.0492194833	0.0515825363	-0.0523782801	0.0515825363	-0.0492194833	0.0453609212	-0.0454181525	0.0136630264	-0.0341900996	0.0460052653	0.0180900059	0.0583772365	0.0322273864	-0.0236697223	-0.0087338776	-0.0227864743	0.777095868831975	0.023299623716606	0.448081059024295	0.592443852028073
0.0651376	-0.011515	-0.542306	-0.00393554	-0.00556108	0.00400297	0.0274077	-0.0218352	0.007683	0.0011523	0.0004218	0.00028129	0.1496954	-0.0516212534	0.0493720561	-0.0456957037	0.0406984653	-0.0345247919	0.0273531403	-0.0193908153	0.0108679768	-0.0020309873	-0.0068647103	0.0155619757	-0.0238094045	0.0313685957	-0.0380210421	0.0435744473	-0.0478682839	0.0507784337	-0.0522207755	0.0521536168	-0.0505788988	0.0475421407	-0.0266342911	0.0240088766	0.0076318725	-0.0261410711	0.0074092419	0.0100938853	0.0153601343	0.0243931688	-0.0007819941	0.0232922519	1.01841930875185	0.024492297053909	0.448081059024295	0.592443852028073
0.0530346	0.0306107	-0.462193	-0.00491749	-0.00519711	0.00385798	-0.012103	0.0421257	0.080113	-0.00098195	0.000363970000000001	-0.00014499	0.2088872	-0.0516590118	0.0495209612	-0.0460228486	0.0412607473	-0.0353654455	0.028498854	-0.0208495594	0.0126276447	-0.0040589197	-0.004621281	0.0131745611	-0.0213660101	0.0289706552	-0.0357796393	0.0416059582	-0.0462895956	0.0497019183	-0.0517492091	0.0523752403	-0.0515628185	0.0493342563	0.0090283354	0.0097852544	0.0530102495	0.0378841099	-0.0244844863	-0.0179298073	0.0056493676	0.0526913042	-0.0231245673	-0.018391767	0.35763113637008	0.012480593687217	0.448081059024295	0.592443852028073
0.0590441	-0.0174538	-0.527338	-0.00394445	-0.00544712	0.00416577	0.0060095	-0.0480645	-0.065145	0.00097304	-0.00025001	0.00030779	0.195761	-0.0516958108	0.0496661877	-0.0463423012	0.0418107693	-0.0361896802	0.0296255153	-0.0222893319	0.0143723053	-0.0060807472	-0.0023692706	0.010757547	-0.0188654898	0.0264818121	-0.0334080384	0.0394636764	-0.0444909208	0.0483587652	-0.0509664168	0.0522459219	-0.0521639377	0.0507226006	0.0581682089	-0.0170193161	-0.0114053313	-0.0094085664	-0.0042724322	-0.0450399747	-0.0157810687	-0.0201973218	-0.0208294005	-0.0007165646	-0.812639939213731	0.018826515360682	0.448081059024295	0.592443852028073
0.0439116	0.0301405	-0.504387	-0.00466334	-0.00544711	0.00376213	-0.0151325	0.0475943	0.0229509999999999	-0.00071889	9.99999999994061e-09	-0.00040364	0.1418048	-0.0517316498	0.0498077248	-0.0466540082	0.0423483678	-0.0369971132	0.030732371	-0.0237088227	0.016099885	-0.0080934286	-0.0001128608	0.0083163637	-0.016314529	0.0239098759	-0.0309148693	0.0371565505	-0.0424808075	0.0467561802	-0.0498771065	0.051766528	-0.0523777937	0.0516958108	0.0145264153	-0.0227186084	-0.0616926076	-0.018507565	-0.0372466349	0.005874431	-0.0097999051	-0.0755105895	-0.0251500535	0.0402879053	-0.133778532299147	0.029582364270394	0.448081059024295	0.592443852028073
0.0532179	0.0122468	-0.482626	-0.00425692	-0.00503826	0.00416577	0.00930630000000001	-0.0178937	0.021761	0.00040642	0.00040885	0.00040364	0.1099065	-0.051766528	0.0499455618	-0.0469579174	0.0428733831	-0.0377873696	0.0318186811	-0.0251067401	0.0178083308	-0.0100939368	0.0021437585	0.0058564958	-0.0137199483	0.0212629165	-0.0283092043	0.0346942175	-0.0402688086	0.0449027607	-0.0484878293	0.050940271	-0.0522027989	0.0522459219	-0.0378919436	-0.0121084331	0.0005619675	0.014223755	-0.065197991	0.0461858245	-0.0100909691	-0.0051307576	-0.0351555505	-0.0516678947	-0.474489146678549	0.035553598765088	0.448081059024295	0.592443852028073
0.0515194	0.0187638	-0.501312	-0.00623557	-0.00566414	0.00389442	-0.00169850000000001	0.006517	-0.018686	-0.00197865	-0.00062588	-0.00027135	0.1706955	-0.0518004449	0.0500796887	-0.0472539781	0.0433856593	-0.0385600826	0.0328837193	-0.0264818121	0.0194956122	-0.0120792627	0.0043963972	0.0033834701	-0.0110886847	0.0185492395	-0.0256005252	0.0320869629	-0.0378654364	0.0428084497	-0.0468069407	0.049772687	-0.0516402525	0.0523684314	-0.0275131013	0.0036467065	0.0379816728	-0.0733052743	0.0062993072	0.0143146779	0.0058372903	0.0454431935	0.0344641906	0.0676604886	0.099818874522931	0.035463767488037	0.448081059024295	0.592443852028073
0.0642272	0.012395	-0.423099	-0.00473097	-0.00508277	0.00374257	0.0127078	-0.0063688	0.078213	0.0015046	0.00058137	-0.00015185	0.2091806	-0.0518333998	0.0502100954	-0.0475421407	0.043885044	-0.0393148935	0.0339267737	-0.0278327876	0.0211597241	-0.0140464202	0.0066408724	0.0009028426	-0.0084277735	0.0157773596	-0.0227986886	0.0293456776	-0.0352821126	0.0404844828	-0.0448445497	0.0482715996	-0.0506943307	0.0520623368	-0.0074784161	0.0155114243	0.0337764163	-0.0077015301	0.0032917002	-0.0123440696	0.0211868751	0.0342096032	-0.0235958359	-0.0105929253	0.645048936890714	0.033215349988694	0.448081059024295	0.592443852028073
0.0551807	0.0259133	-0.522789	-0.00528069	-0.00605775	0.00373845	-0.0090465	0.0135183	-0.0996900000000001	-0.00054972	-0.000974979999999999	-4.12000000000025e-06	0.1986958	-0.051865392	0.0503367722	-0.0478223571	0.044371389	-0.0400514517	0.0349471469	-0.0291584371	0.0227986886	-0.0159924506	0.0088730165	-0.0015798132	-0.0057443291	0.0129559745	-0.0199138901	0.0264818121	-0.0325311144	0.0379433273	-0.0426124582	0.0464470668	-0.0493720561	0.0513301431	-0.0226532631	0.0293157767	-0.0101007953	-0.0327157538	0.0254553508	0.0326329898	0.0193279825	0.0154744268	-0.0137241027	0.0408083217	1.14882215468075	0.040590896153727	0.448081059024295	0.592443852028073
0.062154	-0.0057679	-0.519094	-0.00639033	-0.00601301	0.00373845	0.0069733	-0.0316812	0.00369500000000011	-0.00110964	4.47399999999997e-05	0	0.1000685	-0.051896421	0.0504597097	-0.0480945804	0.0448445497	-0.0407694154	0.0359441567	-0.0304575546	0.024410558	-0.0179144269	0.0110886847	-0.0040589197	-0.0030455261	0.0100939368	-0.0169566271	0.0235073292	-0.0296255153	0.0351986159	-0.0401240904	0.044311314	-0.0476832451	0.050177843	-0.0184536525	0.0120912001	-0.0241452288	0.0659055396	-0.0606801498	0.0116622506	-0.02292232	-0.0160805488	-0.0643231061	-0.0402269762	0.204487424334256	-1.36529637864909	0.448081059024295	0.592443852028073
0.0648155	-0.000959082	-0.514327	-0.00491689	-0.00603949	0.00384681	0.0026615	0.004808818	0.00476699999999985	0.00147344	-2.64799999999997e-05	0.00010836	0.092651318	-0.0519264863	0.0505788988	-0.0483587652	0.0453043854	-0.0414684511	0.0369171367	-0.0317289578	0.0259934166	-0.0198094581	0.0132837629	-0.0065289069	-0.0003385804	0.0072002268	-0.0139376608	0.0204346535	-0.0265791242	0.0322650733	-0.0373944116	0.0418786518	-0.0456404355	0.0486148674	-0.0393006463	-0.0316742216	0.0244971272	-0.0417566717	-0.0768058877	0.0222790092	-0.0702549276	0.0341540123	-0.0083483814	0.0259395918	0	0	-2.22840312389761	0.592443852028073
0.0667284	0.0448785	-0.454584	-0.00474028	-0.00537473	0.00395549	0.0019129	0.045837582	0.0597430000000001	0.00017661	0.000664759999999999	0.00010868	0.154995982	-0.0519555872	0.0506943307	-0.0486148674	0.0457507597	-0.0421482344	0.0378654364	-0.0329714899	0.0275453833	-0.021674694	0.015454175	-0.0089842256	0.0023692706	0.0042839244	-0.0108679768	0.01727662	-0.0234064185	0.0291584371	-0.0344398384	0.0391653804	-0.0432587929	0.0466540082	0.0009740649	-0.0593790003	0.0594501799	0.0147831616	-0.0483160793	-0.017117655	-0.0679746176	0.0497317404	0.0082669587	-0.0024297166	0	0	0	0
0.0800541	0.0130118	-0.456598	-0.00505651	-0.00552359	0.00420603	0.0133257	-0.0318667	-0.00201399999999996	-0.00031623	-0.00014886	0.00025054	0.0829879	-0.0519837232	0.0508059967	-0.048862844	0.0461835398	-0.0428084497	0.0387884217	-0.0341840202	0.0290646136	-0.0235073292	0.0175958911	-0.0114193591	0.0050707869	0.0013541801	-0.0077587455	0.0140464202	-0.0201224762	0.0258953737	-0.03127814	0.0361896802	-0.0405559987	0.044311314	0.0292446466	-0.0885608843	-0.0156381581	0.0464955547	-0.0085397701	-0.0045185713	-0.0743855021	-0.0298343105	-0.008136602	-0.0691199743	0	0	0	0
0.0758287	-0.000140063	-0.493848	-0.00446847	-0.00537473	0.00423263	-0.0042254	-0.013151863	-0.03725	0.00058804	0.00014886	2.65999999999999e-05	0.092802263	-0.0520108938	0.0509138886	-0.0491026536	0.0466025972	-0.0434487905	0.0396854757	-0.0353654455	0.030549302	-0.025304607	0.0197049341	-0.0138288366	0.0077587455	-0.0015798132	-0.004621281	0.010757547	-0.016742904	0.0224933884	-0.0279283311	0.0329714899	-0.0375521182	0.0416059582	-0.0476561984	-0.0573169358	0.0022636045	-0.0521930401	0.0258769904	0.0608166167	-0.0332960437	-0.0070130173	0.016453652	0.0106272247	0	0	0	0
0.0667848	0.0132967	-0.488138	-0.00507043	-0.00537473	0.00398793	-0.00904389999999998	0.013436763	0.00570999999999994	-0.000601959999999999	0	-0.0002447	0.070523663	-0.0520370985	0.0510179984	-0.0493342563	0.0470078072	-0.0440689593	0.0405559987	-0.0365146908	0.0319976841	-0.0270638244	0.021777388	-0.0162072446	0.0104259597	-0.0045088495	-0.0014670001	0.0074237382	-0.0132837629	0.018970732	-0.024410558	0.0295323731	-0.0342694522	0.0385600826	-0.007679683	0.0324743981	0.0306049994	-0.0266971067	0.0141929766	-0.0046908126	0.0432214014	0.0378429054	-0.0013103125	0.0247665558	0	0	0	0
0.0667792	-0.0269467	-0.50424	-0.00539998	-0.00537473	0.00395759	-5.60000000002225e-06	-0.0402434	-0.0161019999999999	-0.000329550000000001	0	-3.03399999999994e-05	0.0743455	-0.0520623368	0.0511183183	-0.0495576132	0.0473990497	-0.0446686685	0.0413994086	-0.0376307102	0.0334080384	-0.0287823352	0.0238094045	-0.0185492395	0.0130652981	-0.0074237382	0.0016926191	0.0040589197	-0.0097614921	0.0153463027	-0.0207459769	0.0258953737	-0.030732371	0.0351986159	0.0680563307	0.0753830927	-0.0246777136	0.0218611471	0.0263254255	-0.0564795861	0.0798432541	-0.0276260057	-0.0036036921	-0.0407497155	0	0	0	0
0.0880208	0.000419006	-0.526331	-0.00569915	-0.00640321	0.00400192	0.0212416	0.027365706	-0.0220910000000001	-0.00029917	-0.00102848	4.43299999999995e-05	0.139297306	-0.0520866082	0.0512148408	-0.049772687	0.0477762082	-0.0452476394	0.0422151417	-0.0387124883	0.0347786889	-0.0304575546	0.0257972105	-0.0208495594	0.015669704	-0.0103153331	0.0048460789	0.0006771467	-0.0061928308	0.0116395445	-0.0169566271	0.0220848615	-0.0269671338	0.0315490697	-0.0215750048	0.0630845976	-0.0420062841	-0.0146511526	0.0259508318	0.007699751	0.0344634196	-0.0285830179	0.043685975	0.0178146083	0	0	0	0
0.0843306	0.016272	-0.466357	-0.00494568	-0.00530183	0.00392456	-0.00369019999999996	0.015852994	0.059974	0.00075347	0.00110138	-7.73600000000003e-05	0.176127694	-0.0521099123	0.0513075588	-0.0499794418	0.0481391707	-0.0458056033	0.0430026525	-0.0397590408	0.0361080066	-0.0320869629	0.0277371148	-0.0231030362	0.0182322141	-0.0131745611	0.0079819045	-0.0027074549	-0.0025947387	0.0078703433	-0.0130652981	0.018126369	-0.0230016937	0.0276413132	-0.0022290036	0.0138283763	0.0408723541	0.0689139858	-0.0062857513	-0.0166125753	-0.0070431639	0.0342458352	-0.0057012338	-0.0259533776	0	0	0	0
0.0933993	-0.0174644	-0.507348	-0.00495337	-0.00609991	0.00419153	0.0090687	-0.0337364	-0.0409909999999999	-7.6900000000003e-06	-0.00079808	0.00026697	0.1374331	-0.0521322486	0.0513964655	-0.050177843	0.0484878293	-0.0463423012	0.0437614146	-0.0407694154	0.0373944116	-0.0336681095	0.0296255153	-0.025304607	0.0207459769	-0.0159924506	0.0110886847	-0.0060807472	0.0010156846	0.0040589197	-0.0090953929	0.0140464202	-0.0188654898	0.0235073292	0.0518483582	-0.0323076551	-0.022334501	-0.0400842827	0.0288173423	-0.028462508	-0.026027878	-0.0238281694	0.0122694274	0.0197328136	0	0	0	0
0.0910008	0.017713	-0.472801	-0.00593018	-0.00594136	0.00394678	-0.0023985	0.0351774	0.0345469999999999	-0.00097681	0.00015855	-0.000244749999999999	0.1411284	-0.0521536168	0.0514815542	-0.0503678575	0.0488220806	-0.0468574839	0.0444909208	-0.0417426926	0.0386363752	-0.0351986159	0.0314589057	-0.0274493255	0.0232042715	-0.0187601599	0.0141551145	-0.0094286395	0.004621281	0.0002257211	-0.0050707869	0.009872353	-0.0145892291	0.0191809517	-0.0543829861	-0.0154472643	-0.028160072	-0.0014663084	0.0154264342	0.0689700365	-0.0072104801	-0.0210792362	-0.0113986794	0.0081009522	0	0	0	0
0.101573	0.000851086	-0.472808	-0.00569012	-0.00585809	0.00441966	0.0105722	-0.016861914	-6.99999999997925e-06	0.00024006	8.32699999999999e-05	0.000472879999999999	0.0672516139999999	-0.0521740164	0.0515628185	-0.0505494535	0.0491418251	-0.0473509122	0.0451906832	-0.042677987	0.0398324213	-0.0366761804	0.0332338815	-0.0295323731	0.0256005252	-0.0214690046	0.0171700353	-0.0127371473	0.0082049152	-0.0036086884	-0.0010156846	0.0056321357	-0.0102046586	0.0146975897	0.0020836725	-0.0027331163	0.0289289157	0.0442664902	-0.0213739113	-0.0296590793	-0.0153997965	0.0292256188	-0.0523887844	-0.0477826908	0	0	0	0
0.115594	0.00389658	-0.528217	-0.00624251	-0.00685422	0.0042595	0.014021	0.003045494	-0.055409	-0.00055239	-0.00099613	-0.000160159999999999	0.157909494	-0.0521934471	0.0516402525	-0.0507226006	0.0494469678	-0.0478223571	0.0458602343	-0.0435744473	0.0409811285	-0.0380985803	0.0349471469	-0.0315490697	0.0279283311	-0.024110485	0.0201224762	-0.0159924506	0.0117495564	-0.0074237382	0.0030455261	0.0013541801	-0.0057443291	0.0100939368	0.0533723189	-0.0140454402	-0.0057745311	-0.0607757432	0.0387529727	-0.025871659	-0.0097934286	-0.0189695727	0.0429280542	0.0536563855	0	0	0	0
0.116534	0.0133774	-0.458753	-0.00655295	-0.00585809	0.00420315	0.000939999999999996	0.00948082	0.0694640000000001	-0.00031044	0.00099613	-5.63500000000001e-05	0.14803082	-0.0522119084	0.0517138504	-0.0508872699	0.0497374181	-0.0482715996	0.0464991262	-0.044431258	0.0420811315	-0.0394636764	0.0365955205	-0.0334948844	0.0301814655	-0.0266763128	0.0230016937	-0.0191809517	0.015238359	-0.0111989617	0.0070884207	-0.0029328492	-0.0012413539	0.005407671	-0.0478769779	0.0171232577	-0.0401627076	0.0546902417	0.0146838758	0.0578653047	0.0315513845	-0.0352815236	0.0036817728	-0.0464580996	0	0	0	0
0.123531	-0.00781276	-0.523361	-0.00640524	-0.00667652	0.00441966	0.00699699999999999	-0.02119016	-0.064608	0.00014771	-0.00081843	0.00021651	0.15192766	-0.0522294002	0.0517836067	-0.051043434	0.0500130897	-0.0486984311	0.0471069319	-0.0452476394	0.0431311232	-0.0407694154	0.0381759417	-0.0353654455	0.032353904	-0.0291584371	0.0257972105	-0.0222893319	0.018654743	-0.0149141057	0.0110886847	-0.0072002268	0.0032708371	0.0006771467	-0.0036927729	0.0142238598	0.0241422048	-0.0148931327	0.0369421252	-0.0175373491	0.0116415503	0.0271176445	0.0376665678	0.0149013344	0	0	0	0
0.125426	0.0167924	-0.503196	-0.00624336	-0.00674347	0.00441966	0.00189500000000005	0.02460516	0.020165	0.000161880000000001	-6.69499999999996e-05	0	0.05810666	-0.0522459219	0.0518495163	-0.0511910666	0.0502739006	-0.0491026536	0.0476832451	-0.0460228486	0.0441298556	-0.0420138333	0.0396854757	-0.0371565505	0.0344398384	-0.0315490697	0.028498854	-0.025304607	0.0219824722	-0.0185492395	0.0150222601	-0.0114193591	0.0077587455	-0.0040589197	0.0474603039	-0.003603709	0.0249233085	-0.0159745743	0.0545249984	-0.0373382286	0.0036418716	0.0097059045	0.0340673071	0.0372262252	0	0	0	0
0.135059	0.000426731	-0.479201	-0.0055792	-0.00636682	0.00436044	0.00963299999999995	-0.016365669	0.0239949999999999	0.00066416	0.00037665	-5.92199999999996e-05	0.104995169	-0.0522614734	0.0519115742	-0.0513301431	0.0505197734	-0.0494840794	0.0482276804	-0.0467561802	0.0450761418	-0.0431950583	0.0411213197	-0.0388641751	0.0364336915	-0.0338407093	0.0310967934	-0.028214182	0.0252057321	-0.0220848615	0.0188654898	-0.0155619757	0.0121890533	-0.0087617663	0.0029545398	-0.0070943704	-0.0683987092	0.0820658664	0.0180889047	0.0095206718	0.0158905455	-0.0741568075	0.0005767045	-0.0696624881	0	0	0	0
0.141777	-0.0168139	-0.502747	-0.00677168	-0.00692	0.00466743	0.006718	-0.017240631	-0.023546	-0.00119248	-0.00055318	0.00030699	0.150137131	-0.0522760543	0.0519697758	-0.0514606403	0.050750635	-0.0498425313	0.048739874	-0.047446967	0.0459688572	-0.044311314	0.0424808075	-0.0404844828	0.0383301323	-0.0360261653	0.0335815749	-0.0310059033	0.0283092043	-0.0255020041	0.0225952602	-0.0196003187	0.01652887	-0.013392903	-0.023656252	0.0050582521	0.0086926319	-0.0394638631	0.0281212514	0.0133849608	-0.0001170729	0.015063552	0.0491996823	0.0139796244	0	0	0	0
0.136575	0.012886	-0.474356	-0.00617177	-0.00669797	0.0045093	-0.00520199999999998	0.0296999	0.028391	0.00059991	0.00022203	-0.00015813	0.1122964	-0.0522896643	0.0520241169	-0.0515825363	0.0509664168	-0.050177843	0.0492194833	-0.0480945804	0.0468069407	-0.0453609212	0.0437614146	-0.0420138333	0.0401240904	-0.0380985803	0.0359441567	-0.0336681095	0.03127814	-0.0287823352	0.02618914	-0.0235073292	0.0207459769	-0.0179144269	0.0247843469	-0.0265159287	0.041124551	-0.0104054994	-0.0211542782	-0.0260071508	-0.0553230249	0.0285358986	0.0161116819	0.0133425505	0	0	0	0
0.152206	-0.0028891	-0.474376	-0.00584246	-0.00656011	0.00448803	0.015631	-0.0157751	-1.99999999999645e-05	0.00032931	0.00013786	-2.12700000000003e-05	0.0558481000000001	-0.0523023033	0.0520745933	-0.0516958108	0.0511670547	-0.0504898588	0.0496661877	-0.0486984311	0.0475893965	-0.0463423012	0.0449607632	-0.0434487905	0.0418107693	-0.0400514517	0.0381759417	-0.0361896802	0.0340984296	-0.0319082567	0.0296255153	-0.027256828	0.0248090665	-0.0222893319	0.0114738024	-0.0462852832	-0.051623702	0.0358523162	-0.049518213	0.0086818736	-0.048023486	-0.0470209839	-0.0005756988	-0.0802465438	0	0	0	0
0.16157	-0.0219603	-0.53498	-0.00620737	-0.0072284	0.00435779	0.00936399999999999	-0.0190712	-0.060604	-0.00036491	-0.000668289999999999	-0.000130239999999999	0.1472112	-0.0523139709	0.0521212014	-0.0518004449	0.051352489	-0.0507784337	0.0500796887	-0.0492579697	0.0483152946	-0.0472539781	0.0460766263	-0.0447861304	0.0433856593	-0.0418786518	0.0402688086	-0.0385600826	0.0367566699	-0.0348629988	0.0328837193	-0.0308236917	0.0286879745	-0.0264818121	-0.0440777064	0.0125496781	-0.0105469786	-0.0555045241	-0.0125323581	0.0440808981	0.0084618174	-8.10102e-05	0.0444536192	0.0152169125	0	0	0	0
0.162709	-0.00552487	-0.531708	-0.00801313	-0.00720686	0.00451197	0.001139	0.01643543	0.00327200000000005	-0.00180576	2.15399999999996e-05	0.000154179999999999	0.11992043	-0.052324667	0.0521639377	-0.051896421	0.0515226647	-0.051043434	0.0504597097	-0.049772687	0.0489837722	-0.0480945804	0.0471069319	-0.0460228486	0.0448445497	-0.0435744473	0.0422151417	-0.0407694154	0.0392402281	-0.0376307102	0.0359441567	-0.0341840202	0.032353904	-0.0304575546	-0.0298740835	0.0489618546	0.0229679891	-0.0047057468	-0.000858299	0.0156891845	0.0417726776	0.041932241	0.0309348069	0.0083336632	0	0	0	0
0.1685	-0.0165501	-0.541619	-0.00718238	-0.0073723	0.00445371	0.00579100000000002	-0.01102523	-0.009911	0.00083075	-0.00016544	-5.82600000000001e-05	0.07944973	-0.0523343914	0.0522027989	-0.0519837232	0.0516775313	-0.0512847364	0.0508059967	-0.0502421146	0.049594035	-0.048862844	0.0480497669	-0.0471561663	0.0461835398	-0.0451335173	0.0440078585	-0.0428084497	0.0415373011	-0.0401965428	0.0387884217	-0.0373152977	0.0357796393	-0.0341840202	0.0255578882	0.0545434361	0.0418139583	0.0301309587	-0.016696037	-0.0386748145	0.0240440929	0.0394901065	-0.0262048906	-0.0462910524	0	0	0	0
0.168593	-0.0252355	-0.575596	-0.00819171	-0.00725766	0.00451197	9.2999999999982e-05	-0.0086854	-0.033977	-0.00100933	0.00011464	5.82600000000001e-05	0.1018669	-0.0523431439	0.0522377823	-0.0520623368	0.0518170426	-0.051502229	0.0511183183	-0.0506658255	0.0501453577	-0.0495576132	0.0489033805	-0.0481835374	0.0473990497	-0.0465509697	0.0456404355	-0.0446686685	0.0436369724	-0.0425467316	0.0413994086	-0.0401965428	0.0389397479	-0.0376307102	0.0424505723	0.0280459892	-0.013254071	-0.0521439537	0.0134311997	-0.0271446056	0.0112267126	-0.0017363911	0.0109314216	0.0837499726	0	0	0	0
0.168538	-0.000172249	-0.499441	-0.00718238	-0.00683889	0.00451197	-5.49999999999717e-05	0.025063251	0.076155	0.00100933	0.00041877	0	0.172678251	-0.0523509242	0.0522688852	-0.0521322486	0.0519411573	-0.0516958108	0.0513964655	-0.051043434	0.050637085	-0.050177843	0.0496661877	-0.0491026536	0.0484878293	-0.0478223571	0.0471069319	-0.0463423012	0.0455292636	-0.0446686685	0.0437614146	-0.0428084497	0.0418107693	-0.0407694154	0.007695662	-0.0099844972	-0.0578778974	0.0538866115	0.0086427321	0.0077081756	0.0100903946	-0.0690794829	-0.0039221899	-0.0111303651	0	0	0	0
0.176405	-0.0171675	-0.477644	-0.00577467	-0.00640004	0.00451197	0.00786699999999999	-0.016995251	0.021797	0.00140771	0.00043885	0	0.138987251	-0.0523577323	0.0522961052	-0.0521934471	0.0520498384	-0.051865392	0.0516402525	-0.0513745965	0.0510686325	-0.0507226006	0.0503367722	-0.04991145	0.0494469678	-0.04894369	0.0484020114	-0.0478223571	0.0472051818	-0.0465509697	0.0458602343	-0.0451335173	0.044371389	-0.0435744473	-0.0427793568	-0.0297785808	-0.0079848399	0.0009388439	0.0085854624	0.0236650944	-0.021819913	-0.0096453131	-0.0147198871	-0.0153096705	0	0	0	0
0.177555	0.0324513	-0.48032	-0.006888	-0.00656539	0.00451197	0.00114999999999998	0.0496188	-0.00267600000000001	-0.00111333	-0.00016535	0	0.1173788	-0.0523635681	0.0523194405	-0.0522459219	0.0521430537	-0.0520108938	0.0518495163	-0.0516590118	0.0514394875	-0.0511910666	0.0509138886	-0.0506081094	0.0502739006	-0.04991145	0.0495209612	-0.0491026536	0.0486567622	-0.0481835374	0.0476832451	-0.0471561663	0.0466025972	-0.0460228486	-0.0209861206	-0.0065831975	0.0464027579	-0.0276490127	0.0107197681	0.0122579485	-0.0016035657	0.0552351003	-0.0223587478	0.0653777059	0	0	0	0
0.183555	0.0110288	-0.426501	-0.00671584	-0.00612238	0.00451197	0.006	-0.0214225	0.053819	0.000172159999999999	0.00044301	0	0.112	-0.0523684314	0.0523388891	-0.0522896643	0.0522207755	-0.0521322486	0.0520241169	-0.051896421	0.0517492091	-0.0515825363	0.0513964655	-0.0511910666	0.0509664168	-0.0507226006	0.0504597097	-0.050177843	0.0498771065	-0.0495576132	0.0492194833	-0.048862844	0.0484878293	-0.0480945804	0.0422340223	0.0005475857	0.0268166122	0.07402158	-0.0199838413	-0.0524934043	0.0042217343	0.0062721349	-0.0502314841	-0.0727645672	0	0	0	0
0.176375	0.00582703	-0.447681	-0.00615404	-0.00612238	0.00451197	-0.00717999999999999	-0.00520177	-0.02118	0.0005618	0	0	0.0616517699999999	-0.0523723222	0.0523544498	-0.052324667	0.0522829807	-0.0522294002	0.0521639377	-0.0520866082	0.0519974292	-0.051896421	0.0517836067	-0.0516590118	0.0515226647	-0.0513745965	0.0512148408	-0.051043434	0.050860415	-0.0506658255	0.0504597097	-0.0502421146	0.0500130897	-0.049772687	0.0252386239	-0.0350597416	-0.0366417643	-0.0569565187	0.0059443918	-0.0055741088	-0.0163336834	-0.0429845075	-0.0055468681	0.0409107733	0	0	0	0
0.164162	0.0297951	-0.425469	-0.00723357	-0.0066857	0.0042298	-0.012213	0.02396807	0.0222120000000001	-0.00107953	-0.00056332	-0.000282169999999999	0.15464407	-0.0523752403	0.0523661213	-0.0523509242	0.0523296507	-0.0523023033	0.0522688852	-0.0522294002	0.0521838529	-0.0521322486	0.0520745933	-0.0520108938	0.0519411573	-0.051865392	0.0517836067	-0.0516958108	0.0516020147	-0.051502229	0.0513964655	-0.0512847364	0.0511670547	-0.051043434	-0.0601343656	-0.0099139294	-0.019620821	0.0334915549	-0.0224853689	0.0739690817	0.0108384366	-0.00652437	-0.0338886171	-0.0279896461	0	0	0	0
0.179743	-0.0335967	-0.514934	-0.00688661	-0.00690177	0.00451197	0.015581	-0.0633918	-0.089465	0.00034696	-0.00021607	0.000282169999999999	0.2106978	-0.0523771858	0.0523739028	-0.0523684314	0.0523607718	-0.0523509242	0.0523388891	-0.052324667	0.0523082586	-0.0522896643	0.0522688852	-0.0522459219	0.0522207755	-0.0521934471	0.0521639377	-0.0521322486	0.0520983812	-0.0520623368	0.0520241169	-0.0519837232	0.0519411573	-0.051896421	-0.0101457413	0.0062979089	0.0289059343	-0.0188387961	-0.0024409809	-0.0186006722	0.013846365	0.035728764	-0.0017124879	0.0049878252	0	0	0	0
0.16681	0.00210698	-0.482647	-0.00779033	-0.0070056	0.00443215	-0.012933	0.03570368	0.032287	-0.00090372	-0.00010383	-7.98199999999995e-05	0.13529218	-0.0523781585	0.0523777937	-0.0523771858	0.0523763346	-0.0523752403	0.0523739028	-0.0523723222	0.0523704984	-0.0523684314	0.0523661213	-0.0523635681	0.0523607718	-0.0523577323	0.0523544498	-0.0523509242	0.0523471556	-0.0523431439	0.0523388891	-0.0523343914	0.0523296507	-0.052324667	0.0332587386	0.006153646	0.0313790058	-0.0130306743	-0.0177434834	-0.0365375864	0.0078099696	0.0160147583	-0.0124062089	0.0510049627	0	0	0	0
