"trans_x"	"trans_y"	"trans_z"	"rot_x"	"rot_y"	"rot_z"	"trans_x_derivative1"	"trans_y_derivative1"	"trans_z_derivative1"	"rot_x_derivative1"	"rot_y_derivative1"	"rot_z_derivative1"	"framewise_displacement"	"cosine00"	"cosine01"	"cosine02"	"cosine03"	"cosine04"	"cosine05"	"cosine06"	"cosine07"	"cosine08"	"cosine09"	"cosine10"	"cosine11"	"cosine12"	"cosine13"	"cosine14"	"cosine15"	"cosine16"	"cosine17"	"cosine18"	"cosine19"	"cosine20"	"t_comp_cor_00"	"t_comp_cor_01"	"a_comp_cor_00"	"a_comp_cor_01"	"a_comp_cor_02"	"a_comp_cor_03"	"a_comp_cor_04"	"motion_outlier01"	"motion_outlier02"	"motion_outlier03"	"motion_outlier04"	"motion_outlier05"	"motion_outlier06"	"motion_outlier07"	"motion_outlier08"	"motion_outlier09"	"motion_outlier10"	"motion_outlier11"	"motion_outlier12"	"motion_outlier13"	"motion_outlier14"	"motion_outlier15"	"motion_outlier16"	"motion_outlier17"	"motion_outlier18"	"motion_outlier19"	"motion_outlier20"	"motion_outlier21"	"motion_outlier22"	"motion_outlier23"	"motion_outlier24"	"motion_outlier25"	"motion_outlier26"	"motion_outlier27"	"motion_outlier28"	"motion_outlier29"	"motion_outlier30"	"motion_outlier31"	"motion_outlier32"	"motion_outlier33"	"motion_outlier34"	"motion_outlier35"	"motion_outlier36"	"motion_outlier37"	"motion_outlier38"	"motion_outlier39"	"motion_outlier40"	"motion_outlier41"	"motion_outlier42"	"motion_outlier43"	"motion_outlier44"	"motion_outlier45"	"motion_outlier46"	"motion_outlier47"	"motion_outlier48"	"motion_outlier49"	"motion_outlier50"	"motion_outlier51"	"motion_outlier52"	"motion_outlier53"	"motion_outlier54"	"motion_outlier55"	"motion_outlier56"	"motion_outlier57"	"motion_outlier58"	"motion_outlier59"	"motion_outlier60"	"motion_outlier61"	"motion_outlier62"	"motion_outlier63"	"motion_outlier64"	"motion_outlier65"	"motion_outlier66"	"volume_z"	"luminance_z"	"speech_z"	"face_z"
0.0999949	-0.183585	-0.114016	-0.00671973	-1.04953e-22	-0.00207412	NA	NA	NA	NA	NA	NA	NA	0.0523781585	0.0523777937	0.0523771858	0.0523763346	0.0523752403	0.0523739028	0.0523723222	0.0523704984	0.0523684314	0.0523661213	0.0523635681	0.0523607718	0.0523577323	0.0523544498	0.0523509242	0.0523471556	0.0523431439	0.0523388891	0.0523343914	0.0523296507	0.052324667	-0.002652135	-0.002111321	-0.0733336202	-0.0185971682	-0.0133481569	-0.0118005316	-0.0305324457	0	0	0	0	0	0	0	0	0	0	0	0	0	0	0	0	0	0	0	0	0	0	0	0	0	0	0	0	0	0	0	0	0	0	0	0	0	0	0	0	0	0	0	0	0	0	0	0	0	0	0	0	0	0	0	0	0	0	0	0	0	0	0	0	0	0	0	0	0	0
0.104925	-0.182901	-0.227854	-0.00932475	-3.59803e-21	-0.00207412	0.00493010000000001	0.00068399999999999	-0.113838	-0.00260502	-3.493077e-21	0	0.2497031	0.0523771858	0.0523739028	0.0523684314	0.0523607718	0.0523509242	0.0523388891	0.052324667	0.0523082586	0.0522896643	0.0522688852	0.0522459219	0.0522207755	0.0521934471	0.0521639377	0.0521322486	0.0520983812	0.0520623368	0.0520241169	0.0519837232	0.0519411573	0.051896421	0.0067194678	-0.0054471477	-0.0255402503	0.0484694208	0.0354283308	-0.0553100605	0.0101726318	0	0	0	0	0	0	0	0	0	0	0	0	0	0	0	0	0	0	0	0	0	0	0	0	0	0	0	0	0	0	0	0	0	0	0	0	0	0	0	0	0	0	0	0	0	0	0	0	0	0	0	0	0	0	0	0	0	0	0	0	0	0	0	0	0	0	0	0	0	0
0.0272003	-0.304185	-0.234507	-0.00923795000000001	-0.0007548	-0.0024811	-0.0777247	-0.121284	-0.00665300000000002	8.67999999999945e-05	-0.0007548	-0.00040698	0.2680907	0.0523752403	0.0523661213	0.0523509242	0.0523296507	0.0523023033	0.0522688852	0.0522294002	0.0521838529	0.0521322486	0.0520745933	0.0520108938	0.0519411573	0.051865392	0.0517836067	0.0516958108	0.0516020147	0.051502229	0.0513964655	0.0512847364	0.0511670547	0.051043434	-0.001371019	0.0126428074	0.0120299286	-0.0035980562	-0.0642519501	0.0330247212	-0.0078423561	0	0	0	0	0	0	0	0	0	0	0	0	0	0	0	0	0	0	0	0	0	0	0	0	0	0	0	0	0	0	0	0	0	0	0	0	0	0	0	0	0	0	0	0	0	0	0	0	0	0	0	0	0	0	0	0	0	0	0	0	0	0	0	0	0	0	0	0	0	0
0.0530659	-0.0774258	0.0179431	-0.0047869	-4.62641e-05	-0.00191004	0.0258656	0.2267592	0.2524501	0.00445105000000001	0.0007085359	0.00057106	0.791607195	0.0523723222	0.0523544498	0.052324667	0.0522829807	0.0522294002	0.0521639377	0.0520866082	0.0519974292	0.051896421	0.0517836067	0.0516590118	0.0515226647	0.0513745965	0.0512148408	0.051043434	0.050860415	0.0506658255	0.0504597097	0.0502421146	0.0500130897	0.049772687	-0.013350164	0.0003580619	-0.0360645384	-0.1406903656	-0.0755994218	0.0752753269	-0.0647074728	0	0	0	0	0	0	0	0	0	0	0	0	0	0	0	0	0	0	0	0	0	0	0	0	0	0	0	0	0	0	0	0	0	0	0	0	0	0	0	0	0	0	0	0	0	0	0	0	0	0	0	0	0	0	0	0	0	0	0	0	0	0	0	0	0	0	0	0	0	0
0.0269092	-0.0610844	0.017993	-0.00418089	-0.00109202	-0.00207412	-0.0261567	0.0163414	4.9900000000002e-05	0.000606010000000001	-0.0010457559	-0.00016408	0.133340295	0.0523684314	0.0523388891	0.0522896643	0.0522207755	0.0521322486	0.0520241169	0.051896421	0.0517492091	0.0515825363	0.0513964655	0.0511910666	0.0509664168	0.0507226006	0.0504597097	0.050177843	0.0498771065	0.0495576132	0.0492194833	0.048862844	0.0484878293	0.0480945804	-0.0126851168	-0.003558095	-0.0202494732	-0.0099625793	-0.0111313094	0.0256426773	0.0282394636	0	0	0	0	0	0	0	0	0	0	0	0	0	0	0	0	0	0	0	0	0	0	0	0	0	0	0	0	0	0	0	0	0	0	0	0	0	0	0	0	0	0	0	0	0	0	0	0	0	0	0	0	0	0	0	0	0	0	0	0	0	0	0	0	0	0	0	0	0	0
0.0269307	-0.0345436	0.116443	-0.00513563	-0.000920822	-0.00207412	2.15000000000042e-05	0.0265408	0.09845	-0.000954740000000001	0.000171198	0	0.1813092	0.0523635681	0.0523194405	0.0522459219	0.0521430537	0.0520108938	0.0518495163	0.0516590118	0.0514394875	0.0511910666	0.0509138886	0.0506081094	0.0502739006	0.04991145	0.0495209612	0.0491026536	0.0486567622	0.0481835374	0.0476832451	0.0471561663	0.0466025972	0.0460228486	-0.0189350688	0.0129031685	-0.010161644	-0.0037164807	-0.024169475	0.0347524683	0.0267719465	0	0	0	0	0	0	0	0	0	0	0	0	0	0	0	0	0	0	0	0	0	0	0	0	0	0	0	0	0	0	0	0	0	0	0	0	0	0	0	0	0	0	0	0	0	0	0	0	0	0	0	0	0	0	0	0	0	0	0	0	0	0	0	0	0	0	0	0	0	0
0.0269472	-0.0910328	0.0709901	-0.00464174	-0.00129299	-0.00207412	1.64999999999957e-05	-0.0564892	-0.0454529	0.00049389	-0.000372168	0	0.1452615	0.0523577323	0.0522961052	0.0521934471	0.0520498384	0.051865392	0.0516402525	0.0513745965	0.0510686325	0.0507226006	0.0503367722	0.04991145	0.0494469678	0.04894369	0.0484020114	0.0478223571	0.0472051818	0.0465509697	0.0458602343	0.0451335173	0.044371389	0.0435744473	-0.0156363359	0.0024208499	-0.0036359459	0.0212329195	0.0046469344	-0.0129935666	-0.0439430968	0	0	0	0	0	0	0	0	0	0	0	0	0	0	0	0	0	0	0	0	0	0	0	0	0	0	0	0	0	0	0	0	0	0	0	0	0	0	0	0	0	0	0	0	0	0	0	0	0	0	0	0	0	0	0	0	0	0	0	0	0	0	0	0	0	0	0	0	0	0
0.0269178	-0.0762516	0.0879196	-0.00619872	-0.000722613	-0.00207413	-2.93999999999989e-05	0.0147812	0.0169295	-0.00155698	0.000570377	-9.99999999994061e-09	0.13810845	0.0523509242	0.0522688852	0.0521322486	0.0519411573	0.0516958108	0.0513964655	0.051043434	0.050637085	0.050177843	0.0496661877	0.0491026536	0.0484878293	0.0478223571	0.0471069319	0.0463423012	0.0455292636	0.0446686685	0.0437614146	0.0428084497	0.0418107693	0.0407694154	-0.0115326114	0.0075326415	0.0081244424	0.0156714304	-0.0191724006	0.025705135	0.0539177814	0	0	0	0	0	0	0	0	0	0	0	0	0	0	0	0	0	0	0	0	0	0	0	0	0	0	0	0	0	0	0	0	0	0	0	0	0	0	0	0	0	0	0	0	0	0	0	0	0	0	0	0	0	0	0	0	0	0	0	0	0	0	0	0	0	0	0	0	0	0
0.212067	-0.661709	-1.37873	-0.0171453	-0.00536038	-0.00337003	0.1851492	-0.5854574	-1.4666496	-0.01094658	-0.004637767	-0.0012959	3.08126855	0.0523431439	0.0522377823	0.0520623368	0.0518170426	0.051502229	0.0511183183	0.0506658255	0.0501453577	0.0495576132	0.0489033805	0.0481835374	0.0473990497	0.0465509697	0.0456404355	0.0446686685	0.0436369724	0.0425467316	0.0413994086	0.0401965428	0.0389397479	0.0376307102	0.013756212	-0.021192659	0.0793052366	0.0401470116	0.0640058197	0.0741471435	0.0614039831	1	0	0	0	0	0	0	0	0	0	0	0	0	0	0	0	0	0	0	0	0	0	0	0	0	0	0	0	0	0	0	0	0	0	0	0	0	0	0	0	0	0	0	0	0	0	0	0	0	0	0	0	0	0	0	0	0	0	0	0	0	0	0	0	0	0	0	0	0	0
0.131165	-0.489759	-1.14958	-0.0121404	-0.0027773	-0.00127163	-0.080902	0.17195	0.22915	0.0050049	0.00258308	0.0020984	0.966321	0.0523343914	0.0522027989	0.0519837232	0.0516775313	0.0512847364	0.0508059967	0.0502421146	0.049594035	0.048862844	0.0480497669	0.0471561663	0.0461835398	0.0451335173	0.0440078585	0.0428084497	0.0415373011	0.0401965428	0.0387884217	0.0373152977	0.0357796393	0.0341840202	0.004678622	-0.0128570906	0.0095573338	0.0189455459	0.0777260843	0.0716907833	0.0307364234	0	1	0	0	0	0	0	0	0	0	0	0	0	0	0	0	0	0	0	0	0	0	0	0	0	0	0	0	0	0	0	0	0	0	0	0	0	0	0	0	0	0	0	0	0	0	0	0	0	0	0	0	0	0	0	0	0	0	0	0	0	0	0	0	0	0	0	0	0	0
0.158234	-0.512928	-0.791685	-0.0118077	-0.00562006	-0.000651078	0.027069	-0.0231689999999999	0.357895	0.000332699999999998	-0.00284276	0.000620552	0.5979336	0.052324667	0.0521639377	0.051896421	0.0515226647	0.051043434	0.0504597097	0.049772687	0.0489837722	0.0480945804	0.0471069319	0.0460228486	0.0448445497	0.0435744473	0.0422151417	0.0407694154	0.0392402281	0.0376307102	0.0359441567	0.0341840202	0.032353904	0.0304575546	0.0026638204	0.0034606246	0.0725977452	0.0468715806	0.0136147246	0.0276223706	-0.0313804308	0	0	0	0	0	0	0	0	0	0	0	0	0	0	0	0	0	0	0	0	0	0	0	0	0	0	0	0	0	0	0	0	0	0	0	0	0	0	0	0	0	0	0	0	0	0	0	0	0	0	0	0	0	0	0	0	0	0	0	0	0	0	0	0	0	0	0	0	0	0
0.0101976	-0.477003	-0.294222	-0.00537989	-0.0045029	-0.00380684	-0.1480364	0.035925	0.497463	0.00642781	0.00111716	-0.003155762	1.216461	0.0523139709	0.0521212014	0.0518004449	0.051352489	0.0507784337	0.0500796887	0.0492579697	0.0483152946	0.0472539781	0.0460766263	0.0447861304	0.0433856593	0.0418786518	0.0402688086	0.0385600826	0.0367566699	0.0348629988	0.0328837193	0.0308236917	0.0286879745	0.0264818121	0.0069273972	-0.005645183	0.0072732689	-0.1022995106	0.0178518379	-0.039566818	-0.0814328312	0	0	1	0	0	0	0	0	0	0	0	0	0	0	0	0	0	0	0	0	0	0	0	0	0	0	0	0	0	0	0	0	0	0	0	0	0	0	0	0	0	0	0	0	0	0	0	0	0	0	0	0	0	0	0	0	0	0	0	0	0	0	0	0	0	0	0	0	0	0
-0.0748449	-0.308152	-0.161021	-0.00699187	-0.00175076	-0.0025643	-0.0850425	0.168851	0.133201	-0.00161198	0.00275214	0.00124254	0.6674275	0.0523023033	0.0520745933	0.0516958108	0.0511670547	0.0504898588	0.0496661877	0.0486984311	0.0475893965	0.0463423012	0.0449607632	0.0434487905	0.0418107693	0.0400514517	0.0381759417	0.0361896802	0.0340984296	0.0319082567	0.0296255153	0.027256828	0.0248090665	0.0222893319	-0.0022277654	0.002328878	0.0150631978	-0.0537374268	0.029240032	-0.0081190159	-0.0132922974	0	0	0	0	0	0	0	0	0	0	0	0	0	0	0	0	0	0	0	0	0	0	0	0	0	0	0	0	0	0	0	0	0	0	0	0	0	0	0	0	0	0	0	0	0	0	0	0	0	0	0	0	0	0	0	0	0	0	0	0	0	0	0	0	0	0	0	0	0	0
0.0123157	-0.575146	-0.441533	-0.0148756	-0.000484618	-0.00232431	0.0871606	-0.266994	-0.280512	-0.00788373	0.001266142	0.00023999	1.1041597	0.0522896643	0.0520241169	0.0515825363	0.0509664168	0.050177843	0.0492194833	0.0480945804	0.0468069407	0.0453609212	0.0437614146	0.0420138333	0.0401240904	0.0380985803	0.0359441567	0.0336681095	0.03127814	0.0287823352	0.02618914	0.0235073292	0.0207459769	0.0179144269	0.0065000019	-0.0053853088	0.0842415504	-0.0673007218	0.017976292	0.0228981375	-0.0411858921	0	0	0	1	0	0	0	0	0	0	0	0	0	0	0	0	0	0	0	0	0	0	0	0	0	0	0	0	0	0	0	0	0	0	0	0	0	0	0	0	0	0	0	0	0	0	0	0	0	0	0	0	0	0	0	0	0	0	0	0	0	0	0	0	0	0	0	0	0	0
0.0891502	-0.324481	-0.418201	-0.00549411	-0.00148594	-0.000132683	0.0768345	0.250665	0.023332	0.00938149	-0.001001322	0.002191627	0.97955345	0.0522760543	0.0519697758	0.0514606403	0.050750635	0.0498425313	0.048739874	0.047446967	0.0459688572	0.044311314	0.0424808075	0.0404844828	0.0383301323	0.0360261653	0.0335815749	0.0310059033	0.0283092043	0.0255020041	0.0225952602	0.0196003187	0.01652887	0.013392903	-0.0024049478	-0.0037829187	0.0474962299	0.0539021797	-0.0427949075	-0.0235047593	-0.0304801315	0	0	0	0	1	0	0	0	0	0	0	0	0	0	0	0	0	0	0	0	0	0	0	0	0	0	0	0	0	0	0	0	0	0	0	0	0	0	0	0	0	0	0	0	0	0	0	0	0	0	0	0	0	0	0	0	0	0	0	0	0	0	0	0	0	0	0	0	0	0
0.057683	-0.127209	-0.0282535	-0.00354084	-0.00112939	-0.000842896	-0.0314672	0.197272	0.3899475	0.00195327	0.00035655	-0.000710213	0.76968835	0.0522614734	0.0519115742	0.0513301431	0.0505197734	0.0494840794	0.0482276804	0.0467561802	0.0450761418	0.0431950583	0.0411213197	0.0388641751	0.0364336915	0.0338407093	0.0310967934	0.028214182	0.0252057321	0.0220848615	0.0188654898	0.0155619757	0.0121890533	0.0087617663	-0.012495045	0.0027863879	-0.046018573	0.1195475788	-0.0015772018	-0.0596922453	-0.0379258041	0	0	0	0	0	0	0	0	0	0	0	0	0	0	0	0	0	0	0	0	0	0	0	0	0	0	0	0	0	0	0	0	0	0	0	0	0	0	0	0	0	0	0	0	0	0	0	0	0	0	0	0	0	0	0	0	0	0	0	0	0	0	0	0	0	0	0	0	0	0
0.00889624	-0.0501336	0.0722693	-0.00343718	-0.000805327	-0.00110027	-0.04878676	0.0770754	0.1005228	0.00010366	0.000324063	-0.000257374	0.26063981	0.0522459219	0.0518495163	0.0511910666	0.0502739006	0.0491026536	0.0476832451	0.0460228486	0.0441298556	0.0420138333	0.0396854757	0.0371565505	0.0344398384	0.0315490697	0.028498854	0.025304607	0.0219824722	0.0185492395	0.0150222601	0.0114193591	0.0077587455	0.0040589197	-0.0097835082	0.0025705421	0.0038013692	0.0361010289	0.0274829572	-0.0283281614	0.0037018254	0	0	0	0	0	0	0	0	0	0	0	0	0	0	0	0	0	0	0	0	0	0	0	0	0	0	0	0	0	0	0	0	0	0	0	0	0	0	0	0	0	0	0	0	0	0	0	0	0	0	0	0	0	0	0	0	0	0	0	0	0	0	0	0	0	0	0	0	0	0
0.00900659	-0.0164225	0.135145	-0.00284678	-0.000989938	-0.0014868	0.000110350000000002	0.0337111	0.0628757	0.0005904	-0.000184611	-0.00038653	0.1547742	0.0522294002	0.0517836067	0.051043434	0.0500130897	0.0486984311	0.0471069319	0.0452476394	0.0431311232	0.0407694154	0.0381759417	0.0353654455	0.032353904	0.0291584371	0.0257972105	0.0222893319	0.018654743	0.0149141057	0.0110886847	0.0072002268	0.0032708371	-0.0006771467	-0.0114600292	0.0052053353	-0.0237329862	0.053232666	-0.0265251572	0.0136722745	0.0633819358	0	0	0	0	0	0	0	0	0	0	0	0	0	0	0	0	0	0	0	0	0	0	0	0	0	0	0	0	0	0	0	0	0	0	0	0	0	0	0	0	0	0	0	0	0	0	0	0	0	0	0	0	0	0	0	0	0	0	0	0	0	0	0	0	0	0	0	0	0	0
0.0276304	-0.0709716	0.163049	-0.00519257	-0.000669189	-0.000709653	0.01862381	-0.0545491	0.027904	-0.00234579	0.000320749	0.000777147	0.27326121	0.0522119084	0.0517138504	0.0508872699	0.0497374181	0.0482715996	0.0464991262	0.044431258	0.0420811315	0.0394636764	0.0365955205	0.0334948844	0.0301814655	0.0266763128	0.0230016937	0.0191809517	0.015238359	0.0111989617	0.0070884207	0.0029328492	-0.0012413539	-0.005407671	-0.0082447141	0.0123903597	-0.0086823657	0.0028966295	0.0190097289	-0.0017193461	0.030909717	0	0	0	0	0	0	0	0	0	0	0	0	0	0	0	0	0	0	0	0	0	0	0	0	0	0	0	0	0	0	0	0	0	0	0	0	0	0	0	0	0	0	0	0	0	0	0	0	0	0	0	0	0	0	0	0	0	0	0	0	0	0	0	0	0	0	0	0	0	0
0.00386478	-0.0815337	-0.102584	0.00144104	0.000538057	0.00113786	-0.02376562	-0.0105621	-0.265633	0.00663361	0.001207246	0.001847513	0.78437917	0.0521934471	0.0516402525	0.0507226006	0.0494469678	0.0478223571	0.0458602343	0.0435744473	0.0409811285	0.0380985803	0.0349471469	0.0315490697	0.0279283311	0.024110485	0.0201224762	0.0159924506	0.0117495564	0.0074237382	0.0030455261	-0.0013541801	-0.0057443291	-0.0100939368	-0.002393494	-0.014273571	-0.0162946252	-0.0073999827	0.0298968135	-0.017094461	-0.0045615585	0	0	0	0	0	0	0	0	0	0	0	0	0	0	0	0	0	0	0	0	0	0	0	0	0	0	0	0	0	0	0	0	0	0	0	0	0	0	0	0	0	0	0	0	0	0	0	0	0	0	0	0	0	0	0	0	0	0	0	0	0	0	0	0	0	0	0	0	0	0
0.00892201	-0.00387401	-0.006673	0.000407425	9.11749e-05	0.000210162	0.00505723	0.07765969	0.095911	-0.001033615	-0.0004468821	-0.000927698	0.299037675	0.0521740164	0.0515628185	0.0505494535	0.0491418251	0.0473509122	0.0451906832	0.042677987	0.0398324213	0.0366761804	0.0332338815	0.0295323731	0.0256005252	0.0214690046	0.0171700353	0.0127371473	0.0082049152	0.0036086884	-0.0010156846	-0.0056321357	-0.0102046586	-0.0146975897	-0.0074728752	-0.0054226962	-0.0116287722	0.005731572	-0.0012177353	0.0157690137	0.0403463529	0	0	0	0	0	0	0	0	0	0	0	0	0	0	0	0	0	0	0	0	0	0	0	0	0	0	0	0	0	0	0	0	0	0	0	0	0	0	0	0	0	0	0	0	0	0	0	0	0	0	0	0	0	0	0	0	0	0	0	0	0	0	0	0	0	0	0	0	0	0
-0.0071196	-0.0444103	0.00799971	-0.000545979	-0.000589412	-0.000369763	-0.01604161	-0.04053629	0.01467271	-0.000953404	-0.0006805869	-0.000579925	0.181946405	0.0521536168	0.0514815542	0.0503678575	0.0488220806	0.0468574839	0.0444909208	0.0417426926	0.0386363752	0.0351986159	0.0314589057	0.0274493255	0.0232042715	0.0187601599	0.0141551145	0.0094286395	0.004621281	-0.0002257211	-0.0050707869	-0.009872353	-0.0145892291	-0.0191809517	-0.003252112	-0.0081850599	-0.0229632622	0.0080188349	0.0370232154	-0.0258267283	-0.0075044428	0	0	0	0	0	0	0	0	0	0	0	0	0	0	0	0	0	0	0	0	0	0	0	0	0	0	0	0	0	0	0	0	0	0	0	0	0	0	0	0	0	0	0	0	0	0	0	0	0	0	0	0	0	0	0	0	0	0	0	0	0	0	0	0	0	0	0	0	0	0
0.0234457	0.000304866	0.0286963	-0.00164976	-0.000247764	-0.000810194	0.0305653	0.044715166	0.02069659	-0.001103781	0.000341648	-0.000440431	0.190270056	0.0521322486	0.0513964655	0.050177843	0.0484878293	0.0463423012	0.0437614146	0.0407694154	0.0373944116	0.0336681095	0.0296255153	0.025304607	0.0207459769	0.0159924506	0.0110886847	0.0060807472	0.0010156846	-0.0040589197	-0.0090953929	-0.0140464202	-0.0188654898	-0.0235073292	0.0018905439	-0.0066626386	-0.0047642892	0.0104256687	-0.001556149	-0.0147156292	0.0189086079	0	0	0	0	0	0	0	0	0	0	0	0	0	0	0	0	0	0	0	0	0	0	0	0	0	0	0	0	0	0	0	0	0	0	0	0	0	0	0	0	0	0	0	0	0	0	0	0	0	0	0	0	0	0	0	0	0	0	0	0	0	0	0	0	0	0	0	0	0	0
0.00473541	-0.0223449	0.0287289	-0.00128924	-0.000177666	-0.00128965	-0.01871029	-0.022649766	3.26000000000007e-05	0.000360519999999999	7.00980000000001e-05	-0.000479456	0.086896356	0.0521099123	0.0513075588	0.0499794418	0.0481391707	0.0458056033	0.0430026525	0.0397590408	0.0361080066	0.0320869629	0.0277371148	0.0231030362	0.0182322141	0.0131745611	0.0079819045	0.0027074549	-0.0025947387	-0.0078703433	-0.0130652981	-0.018126369	-0.0230016937	-0.0276413132	-0.0026071002	-0.002295654	-0.0135480467	0.002170606	-0.0021993218	0.0127145603	0.0556288377	0	0	0	0	0	0	0	0	0	0	0	0	0	0	0	0	0	0	0	0	0	0	0	0	0	0	0	0	0	0	0	0	0	0	0	0	0	0	0	0	0	0	0	0	0	0	0	0	0	0	0	0	0	0	0	0	0	0	0	0	0	0	0	0	0	0	0	0	0	0
5.46502e-05	-0.056114	0.00502015	-0.00176514	-0.000177666	-0.00128965	-0.0046807598	-0.0337691	-0.02370875	-0.000475899999999999	0	0	0.0859536098	0.0520866082	0.0512148408	0.049772687	0.0477762082	0.0452476394	0.0422151417	0.0387124883	0.0347786889	0.0304575546	0.0257972105	0.0208495594	0.015669704	0.0103153331	0.0048460789	-0.0006771467	-0.0061928308	-0.0116395445	-0.0169566271	-0.0220848615	-0.0269671338	-0.0315490697	0.0031570381	-0.0035906658	-0.0178183882	0.0084934343	0.0055991356	-0.0303573012	-0.0059848577	0	0	0	0	0	0	0	0	0	0	0	0	0	0	0	0	0	0	0	0	0	0	0	0	0	0	0	0	0	0	0	0	0	0	0	0	0	0	0	0	0	0	0	0	0	0	0	0	0	0	0	0	0	0	0	0	0	0	0	0	0	0	0	0	0	0	0	0	0	0
0.0170982	-0.0123665	-0.000294342	-0.00209865	-0.000264975	-0.00128965	0.0170435498	0.0437475	-0.005314492	-0.00033351	-8.7309e-05	0	0.0871464918	0.0520623368	0.0511183183	0.0495576132	0.0473990497	0.0446686685	0.0413994086	0.0376307102	0.0334080384	0.0287823352	0.0238094045	0.0185492395	0.0130652981	0.0074237382	0.0016926191	-0.0040589197	-0.0097614921	-0.0153463027	-0.0207459769	-0.0258953737	-0.030732371	-0.0351986159	0.0072444198	-0.002036715	-0.0166113195	-0.0052755605	-0.0069530826	-0.036381939	0.0016661381	0	0	0	0	0	0	0	0	0	0	0	0	0	0	0	0	0	0	0	0	0	0	0	0	0	0	0	0	0	0	0	0	0	0	0	0	0	0	0	0	0	0	0	0	0	0	0	0	0	0	0	0	0	0	0	0	0	0	0	0	0	0	0	0	0	0	0	0	0	0
0.00222864	-0.0311172	-0.00223611	-0.00215344	-0.000319476	-0.00128965	-0.01486956	-0.0187507	-0.001941768	-5.47899999999999e-05	-5.4501e-05	0	0.041026578	0.0520370985	0.0510179984	0.0493342563	0.0470078072	0.0440689593	0.0405559987	0.0365146908	0.0319976841	0.0270638244	0.021777388	0.0162072446	0.0104259597	0.0045088495	-0.0014670001	-0.0074237382	-0.0132837629	-0.018970732	-0.024410558	-0.0295323731	-0.0342694522	-0.0385600826	0.0066403882	-0.0009440556	-0.0187909808	0.0032859185	-0.0107266644	-0.014896763	0.0402797119	0	0	0	0	0	0	0	0	0	0	0	0	0	0	0	0	0	0	0	0	0	0	0	0	0	0	0	0	0	0	0	0	0	0	0	0	0	0	0	0	0	0	0	0	0	0	0	0	0	0	0	0	0	0	0	0	0	0	0	0	0	0	0	0	0	0	0	0	0	0
0.0272784	0.0372333	0.0251861	-0.00256888	8.17741e-05	-0.00128965	0.02504976	0.0683505	0.02742221	-0.00041544	0.0004012501	0	0.161656975	0.0520108938	0.0509138886	0.0491026536	0.0466025972	0.0434487905	0.0396854757	0.0353654455	0.030549302	0.025304607	0.0197049341	0.0138288366	0.0077587455	0.0015798132	-0.004621281	-0.010757547	-0.016742904	-0.0224933884	-0.0279283311	-0.0329714899	-0.0375521182	-0.0416059582	0.0088050158	-4.31941e-05	-0.0122492754	-0.0034258276	0.012394219	-0.0376472347	0.007230616	0	0	0	0	0	0	0	0	0	0	0	0	0	0	0	0	0	0	0	0	0	0	0	0	0	0	0	0	0	0	0	0	0	0	0	0	0	0	0	0	0	0	0	0	0	0	0	0	0	0	0	0	0	0	0	0	0	0	0	0	0	0	0	0	0	0	0	0	0	0
0.0173173	-0.045713	-0.0182625	-0.00242882	-0.000177666	-0.00128965	-0.0099611	-0.0829463	-0.0434486	0.00014006	-0.0002594401	0	0.156331005	0.0519837232	0.0508059967	0.048862844	0.0461835398	0.0428084497	0.0387884217	0.0341840202	0.0290646136	0.0235073292	0.0175958911	0.0114193591	0.0050707869	-0.0013541801	-0.0077587455	-0.0140464202	-0.0201224762	-0.0258953737	-0.03127814	-0.0361896802	-0.0405559987	-0.044311314	0.0125268905	-0.0038793445	-0.0094453064	0.0046629053	-0.0086023795	-0.0463886528	-0.0485494248	0	0	0	0	0	0	0	0	0	0	0	0	0	0	0	0	0	0	0	0	0	0	0	0	0	0	0	0	0	0	0	0	0	0	0	0	0	0	0	0	0	0	0	0	0	0	0	0	0	0	0	0	0	0	0	0	0	0	0	0	0	0	0	0	0	0	0	0	0	0
0.0190831	0.0219941	0.0297329	-0.00215344	-0.000177666	-0.00128965	0.0017658	0.0677071	0.0479954	0.00027538	0	0	0.1312373	0.0519555872	0.0506943307	0.0486148674	0.0457507597	0.0421482344	0.0378654364	0.0329714899	0.0275453833	0.021674694	0.015454175	0.0089842256	0.0023692706	-0.0042839244	-0.0108679768	-0.01727662	-0.0234064185	-0.0291584371	-0.0344398384	-0.0391653804	-0.0432587929	-0.0466540082	0.0092250305	-0.0022085902	0.0030166876	0.0019001103	-0.0133517315	-0.0172558652	-0.0189493693	0	0	0	0	0	0	0	0	0	0	0	0	0	0	0	0	0	0	0	0	0	0	0	0	0	0	0	0	0	0	0	0	0	0	0	0	0	0	0	0	0	0	0	0	0	0	0	0	0	0	0	0	0	0	0	0	0	0	0	0	0	0	0	0	0	0	0	0	0	0
0.00541901	-0.0320196	-0.0146371	-0.00215344	-0.000177666	-0.00128965	-0.01366409	-0.0540137	-0.04437	0	0	0	0.11204779	0.0519264863	0.0505788988	0.0483587652	0.0453043854	0.0414684511	0.0369171367	0.0317289578	0.0259934166	0.0198094581	0.0132837629	0.0065289069	-0.0003385804	-0.0072002268	-0.0139376608	-0.0204346535	-0.0265791242	-0.0322650733	-0.0373944116	-0.0418786518	-0.0456404355	-0.0486148674	0.0114725887	-0.0011416778	-0.0025243396	0.0046658271	-0.0327974078	0.0219026536	0.0439734829	0	0	0	0	0	0	0	0	0	0	0	0	0	0	0	0	0	0	0	0	0	0	0	0	0	0	0	0	0	0	0	0	0	0	0	0	0	0	0	0	0	0	0	0	0	0	0	0	0	0	0	0	0	0	0	0	0	0	0	0	0	0	0	0	0	0	-1.73055635693617	-1.75211916401208	-2.22840312389761	-1.68540061352814
0.00279072	0.0150561	0.0166204	-0.00281183	0.000153595	-0.00128965	-0.00262829	0.0470757	0.0312575	-0.00065839	0.000331261	0	0.13044404	0.051896421	0.0504597097	0.0480945804	0.0448445497	0.0407694154	0.0359441567	0.0304575546	0.024410558	0.0179144269	0.0110886847	0.0040589197	-0.0030455261	-0.0100939368	-0.0169566271	-0.0235073292	-0.0296255153	-0.0351986159	-0.0401240904	-0.044311314	-0.0476832451	-0.050177843	0.0097619252	0.0019500119	0.0062478483	-0.0050196694	-0.0036612922	-0.0023676214	0.0158945037	0	0	0	0	0	0	0	0	0	0	0	0	0	0	0	0	0	0	0	0	0	0	0	0	0	0	0	0	0	0	0	0	0	0	0	0	0	0	0	0	0	0	0	0	0	0	0	0	0	0	0	0	0	0	0	0	0	0	0	0	0	0	0	0	0	0	-0.264572536144127	-1.14298570443982	-2.22840312389761	-1.68540061352814
0.00977531	-0.019871	0.0435651	-0.00281183	0.000150046	-0.00128965	0.00698459	-0.0349271	0.0269447	0	-3.54899999999999e-06	0	0.06903384	0.051865392	0.0503367722	0.0478223571	0.044371389	0.0400514517	0.0349471469	0.0291584371	0.0227986886	0.0159924506	0.0088730165	0.0015798132	-0.0057443291	-0.0129559745	-0.0199138901	-0.0264818121	-0.0325311144	-0.0379433273	-0.0426124582	-0.0464470668	-0.0493720561	-0.0513301431	0.0065633383	0.0094101845	0.008444017	0.0015668651	-0.0044055623	0.0019106283	0.003654216	0	0	0	0	0	0	0	0	0	0	0	0	0	0	0	0	0	0	0	0	0	0	0	0	0	0	0	0	0	0	0	0	0	0	0	0	0	0	0	0	0	0	0	0	0	0	0	0	0	0	0	0	0	0	0	0	0	0	0	0	0	0	0	0	0	0	-0.197446070710621	-1.1272811059612	-2.22840312389761	-1.68540061352814
0.00810051	-0.0042567	0.0327828	-0.00281183	9.37696e-05	-0.00153965	-0.0016748	0.0156143	-0.0107823	0	-5.62764e-05	-0.00025	0.04338522	0.0518333998	0.0502100954	0.0475421407	0.043885044	0.0393148935	0.0339267737	0.0278327876	0.0211597241	0.0140464202	0.0066408724	-0.0009028426	-0.0084277735	-0.0157773596	-0.0227986886	-0.0293456776	-0.0352821126	-0.0404844828	-0.0448445497	-0.0482715996	-0.0506943307	-0.0520623368	0.011294485	0.0020710107	-0.0068959823	0.0008942818	0.0145677984	-0.0350058745	-0.0206774913	0	0	0	0	0	0	0	0	0	0	0	0	0	0	0	0	0	0	0	0	0	0	0	0	0	0	0	0	0	0	0	0	0	0	0	0	0	0	0	0	0	0	0	0	0	0	0	0	0	0	0	0	0	0	0	0	0	0	0	0	0	0	0	0	0	0	0.143180447950853	-1.30665579866475	-2.22840312389761	-1.68540061352814
-0.00706678	0.0124515	0.0215123	-0.0034608	0.000354243	-0.00167398	-0.01516729	0.0167082	-0.0112705	-0.00064897	0.0002604734	-0.00013433	0.09533466	0.0518004449	0.0500796887	0.0472539781	0.0433856593	0.0385600826	0.0328837193	0.0264818121	0.0194956122	0.0120792627	0.0043963972	-0.0033834701	-0.0110886847	-0.0185492395	-0.0256005252	-0.0320869629	-0.0378654364	-0.0428084497	-0.0468069407	-0.049772687	-0.0516402525	-0.0523684314	0.0152014339	0.0026955691	-0.0012540882	-0.0236204985	-0.0170891144	-0.0094138978	0.0261557379	0	0	0	0	0	0	0	0	0	0	0	0	0	0	0	0	0	0	0	0	0	0	0	0	0	0	0	0	0	0	0	0	0	0	0	0	0	0	0	0	0	0	0	0	0	0	0	0	0	0	0	0	0	0	0	0	0	0	0	0	0	0	0	0	0	0	-0.519957300384116	-1.39824731345061	-2.22840312389761	-1.68540061352814
0.00710667	-0.031551	0.0140296	-0.00298348	0.000216704	-0.00153965	0.01417345	-0.0440025	-0.0074827	0.00047732	-0.000137539	0.00013433	0.1031181	0.051766528	0.0499455618	0.0469579174	0.0428733831	0.0377873696	0.0318186811	0.0251067401	0.0178083308	0.0100939368	0.0021437585	-0.0058564958	-0.0137199483	-0.0212629165	-0.0283092043	-0.0346942175	-0.0402688086	-0.0449027607	-0.0484878293	-0.050940271	-0.0522027989	-0.0522459219	0.012467659	-0.0001499544	-0.0071113682	0.0006350003	-0.0096164243	-0.0160606409	0.0072031857	0	0	0	0	0	0	0	0	0	0	0	0	0	0	0	0	0	0	0	0	0	0	0	0	0	0	0	0	0	0	0	0	0	0	0	0	0	0	0	0	0	0	0	0	0	0	0	0	0	0	0	0	0	0	0	0	0	0	0	0	0	0	0	0	0	0	-0.91044886702482	-1.0036913577913	-2.22840312389761	0.592443852028073
0.0141887	-0.00428887	0.0307371	-0.00379044	0.000723332	-0.00128965	0.00708203	0.02726213	0.0167075	-0.00080696	0.000506628	0.00025	0.12923106	0.0517316498	0.0498077248	0.0466540082	0.0423483678	0.0369971132	0.030732371	0.0237088227	0.016099885	0.0080934286	-0.0001128608	-0.0083163637	-0.016314529	-0.0239098759	-0.0309148693	-0.0371565505	-0.0424808075	-0.0467561802	-0.0498771065	-0.051766528	-0.0523777937	-0.0516958108	0.0132095063	0.0076023079	0.0085401254	-0.0194727144	-0.01676141	-0.0191074444	0.0028607147	0	0	0	0	0	0	0	0	0	0	0	0	0	0	0	0	0	0	0	0	0	0	0	0	0	0	0	0	0	0	0	0	0	0	0	0	0	0	0	0	0	0	0	0	0	0	0	0	0	0	0	0	0	0	0	0	0	0	0	0	0	0	0	0	0	0	-0.710799131679954	-0.590020067271829	-2.22840312389761	-1.68540061352814
0.00789406	-0.0248035	0.0368159	-0.00354047	0.000179877	-0.00153965	-0.00629464	-0.02051463	0.0060788	0.00024997	-0.000543455	-0.00025	0.08505932	0.0516958108	0.0496661877	0.0463423012	0.0418107693	0.0361896802	0.0296255153	0.0222893319	0.0143723053	0.0060807472	-0.0023692706	-0.010757547	-0.0188654898	-0.0264818121	-0.0334080384	-0.0394636764	-0.0444909208	-0.0483587652	-0.0509664168	-0.0522459219	-0.0521639377	-0.0507226006	0.0116968956	0.001030965	0.0008191781	-0.0151108961	0.0040318802	-0.0407044934	-0.0428297172	0	0	0	0	0	0	0	0	0	0	0	0	0	0	0	0	0	0	0	0	0	0	0	0	0	0	0	0	0	0	0	0	0	0	0	0	0	0	0	0	0	0	0	0	0	0	0	0	0	0	0	0	0	0	0	0	0	0	0	0	0	0	0	0	0	0	0.233933779509985	-0.973416291972741	-2.22840312389761	0.592443852028073
-0.00064768	-0.00428664	0.0218622	-0.00372205	0.000175833	-0.00128965	-0.00854174	0.02051686	-0.0149537	-0.00018158	-4.044e-06	0.00025	0.0657935	0.0516590118	0.0495209612	0.0460228486	0.0412607473	0.0353654455	0.028498854	0.0208495594	0.0126276447	0.0040589197	-0.004621281	-0.0131745611	-0.0213660101	-0.0289706552	-0.0357796393	-0.0416059582	-0.0462895956	-0.0497019183	-0.0517492091	-0.0523752403	-0.0515628185	-0.0493342563	0.0171275051	-0.0022230061	0.002993277	-0.0105691407	-0.0241681516	-0.0086615453	0.0148700293	0	0	0	0	0	0	0	0	0	0	0	0	0	0	0	0	0	0	0	0	0	0	0	0	0	0	0	0	0	0	0	0	0	0	0	0	0	0	0	0	0	0	0	0	0	0	0	0	0	0	0	0	0	0	0	0	0	0	0	0	0	0	0	0	0	0	-0.066645052891282	-1.03611006555444	-2.22840312389761	0.592443852028073
-0.0070844	0.00676575	0.0553461	-0.00391945	0.000311558	-0.00138432	-0.00643672	0.01105239	0.0334839	-0.000197399999999999	0.000135725	-9.467e-05	0.07236276	0.0516212534	0.0493720561	0.0456957037	0.0406984653	0.0345247919	0.0273531403	0.0193908153	0.0108679768	0.0020309873	-0.0068647103	-0.0155619757	-0.0238094045	-0.0313685957	-0.0380210421	-0.0435744473	-0.0478682839	-0.0507784337	-0.0522207755	-0.0521536168	-0.0505788988	-0.0475421407	0.0107688897	0.0061232637	-0.0025528416	-0.0139199512	-0.0199026375	-0.0017099695	0.017950346	0	0	0	0	0	0	0	0	0	0	0	0	0	0	0	0	0	0	0	0	0	0	0	0	0	0	0	0	0	0	0	0	0	0	0	0	0	0	0	0	0	0	0	0	0	0	0	0	0	0	0	0	0	0	0	0	0	0	0	0	0	0	0	0	0	0	-0.217578114120031	-0.92311376151029	-2.22840312389761	0.592443852028073
0.00527258	-0.0136534	0.0888852	-0.00406629	0.000175833	-0.00128965	0.01235698	-0.02041915	0.0335391	-0.00014684	-0.000135725	9.467e-05	0.08517698	0.0515825363	0.0492194833	0.0453609212	0.0401240904	0.0336681095	0.02618914	0.0179144269	0.0090953929	0	-0.0090953929	-0.0179144269	-0.02618914	-0.0336681095	-0.0401240904	-0.0453609212	-0.0492194833	-0.0515825363	-0.0523782801	-0.0515825363	-0.0492194833	-0.0453609212	0.0107011744	0.0067244066	0.0041631765	-0.0056259888	-0.0065784292	-0.0266369179	-0.0181147274	0	0	0	0	0	0	0	0	0	0	0	0	0	0	0	0	0	0	0	0	0	0	0	0	0	0	0	0	0	0	0	0	0	0	0	0	0	0	0	0	0	0	0	0	0	0	0	0	0	0	0	0	0	0	0	0	0	0	0	0	0	0	0	0	0	0	-0.116128853096064	-0.881872444857284	-2.22840312389761	-1.68540061352814
0.022563	0.0622084	0.256825	-0.00458007	0.000521656	-0.0017496	0.01729042	0.0758618	0.1679398	-0.00051378	0.000345823	-0.00045995	0.32706967	0.0515428613	0.0490632542	0.045018557	0.0395377932	0.0327957961	0.0250076315	0.0164217376	0.0073119995	-0.0020309873	-0.0113091867	-0.0202266294	-0.028498854	-0.0358619813	-0.0420811315	-0.0469579174	-0.0503367722	-0.0521099123	-0.0522207755	-0.0506658255	-0.0474946641	-0.0428084497	0.0015296815	0.0143374213	-0.0082353144	-0.0181481692	-0.0052102885	-0.003782775	-0.0417094767	0	0	0	0	0	0	0	0	0	0	0	0	0	0	0	0	0	0	0	0	0	0	0	0	0	0	0	0	0	0	0	0	0	0	0	0	0	0	0	0	0	0	0	0	0	0	0	0	0	0	0	0	0	0	0	0	0	0	0	0	0	0	0	0	0	0	-0.599353152696515	-1.1580464074875	-2.22840312389761	-1.68540061352814
0.0078371	0.0346151	0.289691	-0.00376854	-0.000219128	-0.0019996	-0.0147259	-0.0275933	0.032866	0.00081153	-0.000740784	-0.00025	0.1653009	0.051502229	0.0489033805	0.0446686685	0.0389397479	0.0319082567	0.0238094045	0.0149141057	0.0055199161	-0.0040589197	-0.0135019809	-0.0224933884	-0.030732371	-0.0379433273	-0.043885044	-0.0483587652	-0.0512148408	-0.0523577323	-0.0517492091	-0.0494096266	-0.0454172463	-0.0399056168	-0.0021566819	0.01167414	-0.0017496055	-0.0076508018	-0.011376831	0.03296977	0.0239393141	0	0	0	0	0	0	0	0	0	0	0	0	0	0	0	0	0	0	0	0	0	0	0	0	0	0	0	0	0	0	0	0	0	0	0	0	0	0	0	0	0	0	0	0	0	0	0	0	0	0	0	0	0	0	0	0	0	0	0	0	0	0	0	0	0	0	-0.205895879684053	-1.70661670056863	-2.22840312389761	0.592443852028073
0.00962241	0.0761451	0.326607	-0.00412048	-0.000193769	-0.0017496	0.00178531	0.04153	0.0369160000000001	-0.00035194	2.5359e-05	0.00025	0.11159626	0.0514606403	0.048739874	0.044311314	0.0383301323	0.0310059033	0.0225952602	0.013392903	0.0037212726	-0.0060807472	-0.015669704	-0.024709611	-0.0328837193	-0.0399056168	-0.0455292636	-0.0495576132	-0.0518495163	-0.052324667	-0.0509664168	-0.0478223571	-0.0430026525	-0.0366761804	-0.0061540343	0.0191209372	-0.0092128443	0.0020687625	-0.002975097	0.0198039867	0.0213350736	0	0	0	0	0	0	0	0	0	0	0	0	0	0	0	0	0	0	0	0	0	0	0	0	0	0	0	0	0	0	0	0	0	0	0	0	0	0	0	0	0	0	0	0	0	0	0	0	0	0	0	0	0	0	0	0	0	0	0	0	0	0	0	0	0	0	-0.439227235212474	-1.7157960607134	-2.22840312389761	0.592443852028073
0.0337168	0.014249	0.18232	-0.00500674	-0.000293413	-0.0017496	0.02409439	-0.0618961	-0.144287	-0.00088626	-9.9644e-05	0	0.27957269	0.0514180959	0.0485727468	0.0439465533	0.0377091275	0.0300891549	0.0213660101	0.0118595137	0.0019182066	-0.0080934286	-0.0178083308	-0.0268703181	-0.0349471469	-0.0417426926	-0.0470078072	-0.0505494535	-0.0522377823	-0.0520108938	-0.0498771065	-0.0459146523	-0.0402688086	-0.0331465714	0.0068919554	0.0089874249	0.0278324807	-0.0278319595	0.0136405741	0.0250804685	-0.0284427921	0	0	0	0	0	0	0	0	0	0	0	0	0	0	0	0	0	0	0	0	0	0	0	0	0	0	0	0	0	0	0	0	0	0	0	0	0	0	0	0	0	0	0	0	0	0	0	0	0	0	0	0	0	0	0	0	0	0	0	0	0	0	0	0	0	0	-0.73297324312821	-1.50883755925897	-2.22840312389761	0.592443852028073
0.0685745	-0.00570657	-0.0255536	-0.0025532	-0.000740083	-1.10608e-05	0.0348577	-0.01995557	-0.2078736	0.00245354	-0.00044667	0.0017385392	0.49462433	0.0513745965	0.0484020114	0.0435744473	0.0370769179	0.0291584371	0.0201224762	0.0103153331	0.0001128608	-0.0100939368	-0.0199138901	-0.0289706552	-0.0369171367	-0.0434487905	-0.0483152946	-0.0513301431	-0.0523777937	-0.0514180959	-0.0484878293	-0.043699295	-0.0372360105	-0.0293456776	0.0128530831	-0.0136027224	0.0047452087	-0.0208577448	0.0109256104	-0.003998526	-0.0018570113	0	0	0	0	0	0	0	0	0	0	0	0	0	0	0	0	0	0	0	0	0	0	0	0	0	0	0	0	0	0	0	0	0	0	0	0	0	0	0	0	0	0	0	0	0	0	0	0	0	0	0	0	0	0	0	0	0	0	0	0	0	0	0	0	0	0	-0.786865934599928	-1.44382507474101	0.448081059024295	0.592443852028073
0.0343596	0.0834667	0.102243	-0.00349225	0.000510663	-0.000799029	-0.0342149	0.08917327	0.1277966	-0.00093905	0.001250746	-0.0007879682	0.40007298	0.0513301431	0.0482276804	0.0431950583	0.0364336915	0.028214182	0.0188654898	0.0087617663	-0.0016926191	-0.0120792627	-0.0219824722	-0.0310059033	-0.0387884217	-0.045018557	-0.0494469678	-0.051896421	-0.0522688852	-0.0505494535	-0.0468069407	-0.0411911291	-0.0339267737	-0.025304607	0.0057204032	-0.0031455253	0.0132383681	-0.0038473743	-0.0063885927	-0.0228031155	-0.0382807536	0	0	0	0	0	0	0	0	0	0	0	0	0	0	0	0	0	0	0	0	0	0	0	0	0	0	0	0	0	0	0	0	0	0	0	0	0	0	0	0	0	0	0	0	0	0	0	0	0	0	0	0	0	0	0	0	0	0	0	0	0	0	0	0	0	0	-0.24938560050709	-1.27835884382586	0.448081059024295	0.592443852028073
0.0182187	0.0626487	0.135508	-0.00374336	0.000290011	-0.001131	-0.0161409	-0.020818	0.033265	-0.00025111	-0.000220652	-0.000331971	0.11041055	0.0512847364	0.0480497669	0.0428084497	0.0357796393	0.027256828	0.0175958911	0.0072002268	-0.0034960873	-0.0140464202	-0.0240102362	-0.0329714899	-0.0405559987	-0.0464470668	-0.0503987089	-0.0522459219	-0.0519115742	-0.0494096266	-0.0448445497	-0.0384069609	-0.0303656657	-0.0210564335	0.0028069716	-0.0038691623	0.0093187207	-0.0137662031	0.001242127	0.0151342365	0.0081535457	0	0	0	0	0	0	0	0	0	0	0	0	0	0	0	0	0	0	0	0	0	0	0	0	0	0	0	0	0	0	0	0	0	0	0	0	0	0	0	0	0	0	0	0	0	0	0	0	0	0	0	0	0	0	0	0	0	0	0	0	0	0	0	0	0	0	-0.036468751314088	-0.694105582477362	0.448081059024295	-1.68540061352814
0.0182696	0.0510342	0.131337	-0.00425403	0.00010044	-0.00109159	5.08999999999996e-05	-0.0116145	-0.00417099999999995	-0.00051067	-0.000189571	3.94100000000001e-05	0.05281895	0.0512383773	0.0478682839	0.0424146861	0.0351149558	0.0262868196	0.016314529	0.0056321357	-0.0052954007	-0.0159924506	-0.0259934166	-0.0348629988	-0.0422151417	-0.0477298374	-0.0511670547	-0.0523771858	-0.0513075588	-0.0480047303	-0.0426124582	-0.0353654455	-0.0265791242	-0.0166359256	0.001687618	0.0019282846	0.0119089708	0.0068779426	-0.0298184675	0.0220510313	0.0102217659	0	0	0	0	0	0	0	0	0	0	0	0	0	0	0	0	0	0	0	0	0	0	0	0	0	0	0	0	0	0	0	0	0	0	0	0	0	0	0	0	0	0	0	0	0	0	0	0	0	0	0	0	0	0	0	0	0	0	0	0	0	0	0	0	0	0	-0.041541044578828	-0.734467323535123	0.448081059024295	-1.68540061352814
0.0182392	0.0661975	0.111059	-0.00437595	0.000339437	-0.00117004	-3.03999999999999e-05	0.0151633	-0.020278	-0.00012192	0.000238997	-7.84500000000001e-05	0.05744005	0.0511910666	0.0476832451	0.0420138333	0.0344398384	0.025304607	0.0150222601	0.0040589197	-0.0070884207	-0.0179144269	-0.0279283311	-0.0366761804	-0.0437614146	-0.048862844	-0.0517492091	-0.0522896643	-0.0504597097	-0.0463423012	-0.0401240904	-0.0320869629	-0.0225952602	-0.0120792627	0.0038932255	-0.0089064489	0.0067117424	-0.013564386	0.0222897037	-0.0083639586	-0.0320612661	0	0	0	0	0	0	0	0	0	0	0	0	0	0	0	0	0	0	0	0	0	0	0	0	0	0	0	0	0	0	0	0	0	0	0	0	0	0	0	0	0	0	0	0	0	0	0	0	0	0	0	0	0	0	0	0	0	0	0	0	0	0	0	0	0	0	-0.729337343300317	-1.24138791097842	0.448081059024295	0.592443852028073
0.00447356	0.0497206	0.110855	-0.00197948	0.00264132	0.00162462	-0.01376564	-0.0164769	-0.000203999999999996	0.00239647	0.002301883	0.00279466	0.40509719	0.0511428052	0.0474946641	0.0416059582	0.0337544877	0.0243106464	0.0137199483	0.0024820104	-0.0088730165	-0.0198094581	-0.0298113868	-0.0384069609	-0.0451906832	-0.0498425313	-0.0521430537	-0.0519837232	-0.0493720561	-0.044431258	-0.0373944116	-0.0285934806	-0.0184436498	-0.0074237382	-0.0037125288	0.0022640934	0.003055587	0.0104862383	-0.0022720473	-0.0125077441	-0.0122133702	0	0	0	0	0	0	0	0	0	0	0	0	0	0	0	0	0	0	0	0	0	0	0	0	0	0	0	0	0	0	0	0	0	0	0	0	0	0	0	0	0	0	0	0	0	0	0	0	0	0	0	0	0	0	0	0	0	0	0	0	0	0	0	0	0	0	0.661566905650854	-0.720980084911086	0.448081059024295	0.592443852028073
0.00791932	0.103135	0.220709	-0.00486468	0.00215928	0.000304637	0.00344576	0.0534144	0.109854	-0.0028852	-0.00048204	-0.001319983	0.40107531	0.051093594	0.047302555	0.0411911291	0.0330591074	0.0233053991	0.0124084642	0.0009028426	-0.0106470671	-0.021674694	-0.0316390872	-0.0400514517	-0.0464991262	-0.0506658255	-0.0523471556	-0.0514606403	-0.0480497669	-0.0422818529	-0.0344398384	-0.0249084068	-0.0141551145	-0.0027074549	-0.0035188358	0.0087536756	-0.0081858567	0.0217539001	-0.0235127876	0.0177900562	0.0394700979	0	0	0	0	0	0	0	0	0	0	0	0	0	0	0	0	0	0	0	0	0	0	0	0	0	0	0	0	0	0	0	0	0	0	0	0	0	0	0	0	0	0	0	0	0	0	0	0	0	0	0	0	0	0	0	0	0	0	0	0	0	0	0	0	0	0	0.912002548984001	-0.007779916624176	0.448081059024295	0.592443852028073
0.00261955	0.0292058	0.206754	-0.00470777	0.00190326	-0.000557865	-0.00529977	-0.0739292	-0.013955	0.00015691	-0.00025602	-0.000862502	0.15695557	0.051043434	0.0471069319	0.0407694154	0.032353904	0.0222893319	0.0110886847	-0.0006771467	-0.0124084642	-0.0235073292	-0.0334080384	-0.0416059582	-0.0476832451	-0.0513301431	-0.0523607718	-0.0507226006	-0.0464991262	-0.0399056168	-0.03127814	-0.0210564335	-0.0097614921	0.0020309873	-0.0024107685	-0.0025103859	0.0018015747	-0.0117677522	0.0270329015	-0.0196131766	-0.0275330899	0	0	0	0	0	0	0	0	0	0	0	0	0	0	0	0	0	0	0	0	0	0	0	0	0	0	0	0	0	0	0	0	0	0	0	0	0	0	0	0	0	0	0	0	0	0	0	0	0	0	0	0	0	0	0	0	0	0	0	0	0	0	0	0	0	0	0.750542418640718	-0.71737595825982	0.448081059024295	0.592443852028073
-0.000758009	0.0587393	0.204469	-0.00510543	0.00187304	-0.000655501	-0.003377559	0.0295335	-0.00228499999999998	-0.00039766	-3.02199999999999e-05	-9.7636e-05	0.061471859	0.050992326	0.0469078096	0.0403408874	0.0316390872	0.0212629165	0.0097614921	-0.0022565198	-0.0141551145	-0.025304607	-0.0351149558	-0.0430669878	-0.048739874	-0.0518333998	-0.0521838529	-0.049772687	-0.0447275033	-0.0373152977	-0.0279283311	-0.0170633708	-0.0052954007	0.006752807	0.0004324257	-0.0017262964	-0.004288469	0.0070267375	0.0055072327	-0.0010646927	6.06512e-05	0	0	0	0	0	0	0	0	0	0	0	0	0	0	0	0	0	0	0	0	0	0	0	0	0	0	0	0	0	0	0	0	0	0	0	0	0	0	0	0	0	0	0	0	0	0	0	0	0	0	0	0	0	0	0	0	0	0	0	0	0	0	0	0	0	0	0.465604314774009	-1.12879629542228	0.448081059024295	0.592443852028073
-0.000550906	0.0676863	0.204434	-0.00557902	0.00163642	-0.000903211	0.000207103	0.00894700000000001	-3.50000000000073e-05	-0.000473589999999999	-0.00023662	-0.00024771	0.057085103	0.050940271	0.0467052026	0.0399056168	0.0309148693	0.0202266294	0.0084277735	-0.0038338396	-0.015884942	-0.0270638244	-0.0367566699	-0.044431258	-0.0496661877	-0.0521740164	-0.0518170426	-0.0486148674	-0.0427433176	-0.0345247919	-0.024410558	-0.0129559745	-0.0007899965	0.0114193591	-0.0006958162	0.0026145511	0.0114079677	-0.0058316884	-0.0242019035	0.0186607223	0.0347699082	0	0	0	0	0	0	0	0	0	0	0	0	0	0	0	0	0	0	0	0	0	0	0	0	0	0	0	0	0	0	0	0	0	0	0	0	0	0	0	0	0	0	0	0	0	0	0	0	0	0	0	0	0	0	0	0	0	0	0	0	0	0	0	0	0	0	1.08620252904687	-1.07976203648724	0.448081059024295	0.592443852028073
0.00238762	0.0675319	0.257415	-0.00613032	0.00146373	-0.000668844	0.002938526	-0.000154400000000013	0.052981	-0.0005513	-0.000172690000000001	0.000234367	0.103991776	0.0508872699	0.0464991262	0.0394636764	0.0301814655	0.0191809517	0.0070884207	-0.005407671	-0.0175958911	-0.0287823352	-0.0383301323	-0.0456957037	-0.0504597097	-0.0523509242	-0.0512616758	-0.0472539781	-0.0405559987	-0.0315490697	-0.0207459769	-0.0087617663	0.0037212726	0.0159924506	-0.0043310855	0.0074073225	0.0061684155	0.0061116837	0.0091253788	-0.0173912652	-0.0299327929	0	0	0	0	0	0	0	0	0	0	0	0	0	0	0	0	0	0	0	0	0	0	0	0	0	0	0	0	0	0	0	0	0	0	0	0	0	0	0	0	0	0	0	0	0	0	0	0	0	0	0	0	0	0	0	0	0	0	0	0	0	0	0	0	0	0	0.885090160539793	-1.17589812077679	0.448081059024295	-1.68540061352814
0.029715	0.0833312	0.340313	-0.00733216	0.00118021	-0.000532323	0.02732738	0.0157993	0.082898	-0.00120184	-0.00028352	0.000136521	0.20711873	0.0508333239	0.0462895956	0.03901514	0.0294390937	0.018126369	0.0057443291	-0.0069765817	-0.0192859283	-0.0304575546	-0.0398324213	-0.0468574839	-0.0511183183	-0.0523635681	-0.0505197734	-0.0456957037	-0.0381759417	-0.0284040951	-0.0169566271	-0.0045088495	0.0082049152	0.0204346535	-0.0059960541	0.0115195709	0.0004252794	0.0084659917	-0.0029196167	-0.0028325565	-0.0373557351	0	0	0	0	0	0	0	0	0	0	0	0	0	0	0	0	0	0	0	0	0	0	0	0	0	0	0	0	0	0	0	0	0	0	0	0	0	0	0	0	0	0	0	0	0	0	0	0	0	0	0	0	0	0	0	0	0	0	0	0	0	0	0	0	0	0	0.033253903417481	-1.0900232281146	0.448081059024295	0.592443852028073
0.0250126	0.124827	0.355305	-0.0067258	0.00131188	-0.000532323	-0.0047024	0.0414958	0.014992	0.00060636	0.00013167	0	0.0980917	0.0507784337	0.0460766263	0.0385600826	0.0286879745	0.0170633708	0.0043963972	-0.0085391442	-0.0209530451	-0.0320869629	-0.0412607473	-0.0479139886	-0.0516402525	-0.0522119084	-0.049594035	-0.0439465533	-0.0356144575	-0.0251067401	-0.0130652981	-0.0002257211	0.0126276447	0.024709611	-0.0104713241	0.0124787218	0.0147492916	0.0002234617	-0.0047390505	0.0267458966	0.0048537183	0	0	0	0	0	0	0	0	0	0	0	0	0	0	0	0	0	0	0	0	0	0	0	0	0	0	0	0	0	0	0	0	0	0	0	0	0	0	0	0	0	0	0	0	0	0	0	0	0	0	0	0	0	0	0	0	0	0	0	0	0	0	0	0	0	0	0.461999902616557	-0.761289738967769	0.448081059024295	0.592443852028073
0.0207631	0.0757277	0.336624	-0.00658576	0.000970525	-0.000532323	-0.0042495	-0.0490993	-0.0186810000000001	0.000140039999999999	-0.000341355	0	0.09609955	0.0507226006	0.0458602343	0.0380985803	0.0279283311	0.0159924506	0.0030455261	-0.0100939368	-0.0225952602	-0.0336681095	-0.0426124582	-0.048862844	-0.0520241169	-0.051896421	-0.0484878293	-0.0420138333	-0.0328837193	-0.021674694	-0.0090953929	0.0040589197	0.0169566271	0.0287823352	-0.0116512525	0.0141069761	0.0071225525	0.0102235766	-0.0093843679	0.0323051319	0.0285767538	0	0	0	0	0	0	0	0	0	0	0	0	0	0	0	0	0	0	0	0	0	0	0	0	0	0	0	0	0	0	0	0	0	0	0	0	0	0	0	0	0	0	0	0	0	0	0	0	0	0	0	0	0	0	0	0	0	0	0	0	0	0	0	0	0	0	0.267548411218192	-0.939872465450454	0.448081059024295	0.592443852028073
0.0223208	0.119925	0.368925	-0.00614028	0.000990157	-0.000782323	0.0015577	0.0441973	0.032301	0.000445480000000001	1.9632e-05	-0.00025	0.1138116	0.0506658255	0.0456404355	0.0376307102	0.0271603893	0.0149141057	0.0016926191	-0.0116395445	-0.0242106219	-0.0351986159	-0.043885044	-0.0497019183	-0.0522688852	-0.0514180959	-0.0472051818	-0.0399056168	-0.0299967047	-0.018126369	-0.0050707869	0.0083163637	0.0211597241	0.0326194932	-0.0134935679	0.0103626056	0.0003835791	-0.0016919013	0.0269113973	0.0069455306	-0.0201010872	0	0	0	0	0	0	0	0	0	0	0	0	0	0	0	0	0	0	0	0	0	0	0	0	0	0	0	0	0	0	0	0	0	0	0	0	0	0	0	0	0	0	0	0	0	0	0	0	0	0	0	0	0	0	0	0	0	0	0	0	0	0	0	0	0	0	-1.93913932960653	-0.841835965638606	0.448081059024295	0.592443852028073
0.013613	0.0852987	0.336696	-0.0060538	0.000944331	-0.000878896	-0.0087078	-0.0346263	-0.032229	8.6479999999999e-05	-4.58259999999999e-05	-9.65730000000001e-05	0.08700705	0.0506081094	0.0454172463	0.0371565505	0.0263843771	0.0138288366	0.0003385804	-0.0131745611	-0.0257972105	-0.0366761804	-0.0450761418	-0.0504293264	-0.0523739028	-0.0507784337	-0.0457507597	-0.0376307102	-0.0269671338	-0.0144808008	-0.0010156846	0.0125180835	0.0252057321	0.0361896802	-0.011261912	0.0042555845	-0.0020384161	0.006532889	-0.0085595563	0.0077143591	-0.0053110692	0	0	0	0	0	0	0	0	0	0	0	0	0	0	0	0	0	0	0	0	0	0	0	0	0	0	0	0	0	0	0	0	0	0	0	0	0	0	0	0	0	0	0	0	0	0	0	0	0	0	0	0	0	0	0	0	0	0	0	0	0	0	0	0	0	0	0.632600409764398	-0.770325729196547	0.448081059024295	0.592443852028073
0.0123901	0.118811	0.335461	-0.00654634	0.00104899	-0.000939429	-0.0012229	0.0335123000000001	-0.00123499999999999	-0.00049254	0.000104659	-6.05329999999999e-05	0.0688568	0.0505494535	0.0451906832	0.0366761804	0.0256005252	0.0127371473	-0.0010156846	-0.0146975897	-0.0273531403	-0.0380985803	-0.0461835398	-0.051043434	-0.0523388891	-0.0499794418	-0.0441298556	-0.0351986159	-0.0238094045	-0.010757547	0.0030455261	0.0166359256	0.0290646136	0.0394636764	-0.0105776512	0.0061028868	-0.0082528634	0.0023118411	0.0062611148	0.0122749735	0.0454927138	0	0	0	0	0	0	0	0	0	0	0	0	0	0	0	0	0	0	0	0	0	0	0	0	0	0	0	0	0	0	0	0	0	0	0	0	0	0	0	0	0	0	0	0	0	0	0	0	0	0	0	0	0	0	0	0	0	0	0	0	0	0	0	0	0	0	-0.16695396632107	-0.974870328140671	0.448081059024295	0.592443852028073
0.00253908	0.0783828	0.354973	-0.00600626	0.00104899	-0.000923345	-0.00985102	-0.0404282000000001	0.019512	0.00054008	0	1.6084e-05	0.09759942	0.0504898588	0.0449607632	0.0361896802	0.0248090665	0.0116395445	-0.0023692706	-0.0162072446	-0.0288765622	-0.0394636764	-0.0472051818	-0.0515428613	-0.0521639377	-0.049023627	-0.0423483678	-0.0326194932	-0.0205385235	-0.0069765817	0.0070884207	0.0206422981	0.0327077205	0.0424146861	-0.0135989763	0.0045970207	-0.0015746081	-0.0012715243	0.0125987423	0.0012011851	-0.0053291166	0	0	0	0	0	0	0	0	0	0	0	0	0	0	0	0	0	0	0	0	0	0	0	0	0	0	0	0	0	0	0	0	0	0	0	0	0	0	0	0	0	0	0	0	0	0	0	0	0	0	0	0	0	0	0	0	0	0	0	0	0	0	0	0	0	0	0.357767995893096	-1.15964189368599	0.448081059024295	0.592443852028073
0.00261387	0.069041	0.337852	-0.00600027	0.000942675	-0.00118034	7.47899999999999e-05	-0.00934179999999999	-0.017121	5.98999999999999e-06	-0.000106315	-0.000256995000000001	0.04500259	0.0504293264	0.0447275033	0.0356971313	0.0240102362	0.0105365379	-0.0037212726	-0.017702152	-0.0303656657	-0.0407694154	-0.0481391707	-0.0519264863	-0.0518495163	-0.0479139886	-0.0404127789	-0.0299041152	-0.0171700353	-0.003158189	0.0110886847	0.0245103563	0.0361080066	0.045018557	-0.0100899618	-0.0031966397	-0.0058143471	0.0051414631	0.0209676118	0.0032571893	-0.020844541	0	0	0	0	0	0	0	0	0	0	0	0	0	0	0	0	0	0	0	0	0	0	0	0	0	0	0	0	0	0	0	0	0	0	0	0	0	0	0	0	0	0	0	0	0	0	0	0	0	0	0	0	0	0	0	0	0	0	0	0	0	0	0	0	0	0	0.108759793619907	-1.27306186642722	0.448081059024295	0.592443852028073
0.00250807	0.0910466	0.354979	-0.00643742	0.00112896	-0.000532323	-0.0001058	0.0220056	0.017127	-0.00043715	0.000186285	0.000648017000000001	0.102811	0.0503678575	0.0444909208	0.0351986159	0.0232042715	0.0094286395	-0.0050707869	-0.0191809517	-0.0318186811	-0.0420138333	-0.0489837722	-0.0521934471	-0.0513964655	-0.0466540082	-0.0383301323	-0.0270638244	-0.0137199483	0.0006771467	0.0150222601	0.028214182	0.0392402281	0.0472539781	-0.0114763555	-0.0025204204	0.0096010748	0.0030108128	0.0043489945	0.0210370483	-0.0088377444	0	0	0	0	0	0	0	0	0	0	0	0	0	0	0	0	0	0	0	0	0	0	0	0	0	0	0	0	0	0	0	0	0	0	0	0	0	0	0	0	0	0	0	0	0	0	0	0	0	0	0	0	0	0	0	0	0	0	0	0	0	0	0	0	0	0	-0.788519963405994	-1.14699627473177	0.448081059024295	0.592443852028073
-0.0143596	0.091059	0.358173	-0.00637511	0.00104899	-0.000964341	-0.01686767	1.23999999999957e-05	0.00319400000000003	6.23100000000003e-05	-7.997e-05	-0.000432018	0.04878897	0.0503054532	0.0442510332	0.0346942175	0.0223914121	0.0083163637	-0.0064169112	-0.0206422981	-0.0332338815	-0.0431950583	-0.0497374181	-0.0523431439	-0.0508059967	-0.0452476394	-0.0361080066	-0.024110485	-0.0102046586	0.0045088495	0.0188654898	0.0317289578	0.0420811315	0.0491026536	-0.0151792334	0.0080729602	-0.00069231	0.0121430735	-0.0017467428	0.0455083531	0.0269745718	0	0	0	0	0	0	0	0	0	0	0	0	0	0	0	0	0	0	0	0	0	0	0	0	0	0	0	0	0	0	0	0	0	0	0	0	0	0	0	0	0	0	0	0	0	0	0	0	0	0	0	0	0	0	0	0	0	0	0	0	0	0	0	0	0	0	0.413102020044084	-0.650230394162323	0.448081059024295	0.592443852028073
0.00258145	0.108204	0.354994	-0.00619978	0.000928184	-0.000893197	0.01694105	0.017145	-0.00317899999999999	0.00017533	-0.000120806	7.11440000000003e-05	0.05562905	0.0502421146	0.0440078585	0.0341840202	0.0215718994	0.0072002268	-0.0077587455	-0.0220848615	-0.034609585	-0.044311314	-0.0503987089	-0.0523752403	-0.0500796887	-0.043699295	-0.0337544877	-0.0210564335	-0.0066408724	0.0083163637	0.0225952602	0.0350311327	0.0446096262	0.0505494535	-0.0131552643	-0.0001858541	-0.0013647863	0.005685988	0.0218730504	0.0113608919	-0.0043470022	0	0	0	0	0	0	0	0	0	0	0	0	0	0	0	0	0	0	0	0	0	0	0	0	0	0	0	0	0	0	0	0	0	0	0	0	0	0	0	0	0	0	0	0	0	0	0	0	0	0	0	0	0	0	0	0	0	0	0	0	0	0	0	0	0	0	0.916040997069287	-0.355245975078355	0.448081059024295	0.592443852028073
-0.00566835	0.127624	0.35501	-0.00619453	0.00104899	-0.000782323	-0.0082498	0.01942	1.59999999999605e-05	5.25000000000005e-06	0.000120806	0.000110874	0.0395323	0.050177843	0.0437614146	0.0336681095	0.0207459769	0.0060807472	-0.0090953929	-0.0235073292	-0.0359441567	-0.0453609212	-0.0509664168	-0.0522896643	-0.0492194833	-0.0420138333	-0.03127814	-0.0179144269	-0.0030455261	0.0120792627	0.02618914	0.0380985803	0.0468069407	0.0515825363	-0.0113299185	-0.0004011903	0.0040348759	0.0079849257	0.0107220083	0.0031022425	-0.0195064122	0	0	0	0	0	0	0	0	0	0	0	0	0	0	0	0	0	0	0	0	0	0	0	0	0	0	0	0	0	0	0	0	0	0	0	0	0	0	0	0	0	0	0	0	0	0	0	0	0	0	0	0	0	0	0	0	0	0	0	0	0	0	0	0	0	0	1.0150870079523	-0.795809900615696	0.448081059024295	0.592443852028073
0.00263795	0.0765276	0.295261	-0.00660925	0.000584942	-0.000880063	0.0083063	-0.0510964	-0.059749	-0.000414719999999999	-0.000464048	-9.774e-05	0.1679771	0.0501126395	0.0435117199	0.0331465714	0.0199138901	0.0049584444	-0.0104259597	-0.0249084068	-0.0372360105	-0.0463423012	-0.0514394875	-0.0520866082	-0.0482276804	-0.0401965428	-0.0286879745	-0.0146975897	0.0005642937	0.0157773596	0.0296255153	0.0409107473	0.0486567622	0.0521934471	-0.0073618324	-0.0055286235	-0.0056829999	0.0085167521	-0.0082012745	0.0300689926	0.0369077607	0	0	0	0	0	0	0	0	0	0	0	0	0	0	0	0	0	0	0	0	0	0	0	0	0	0	0	0	0	0	0	0	0	0	0	0	0	0	0	0	0	0	0	0	0	0	0	0	0	0	0	0	0	0	0	0	0	0	0	0	0	0	0	0	0	0	-0.160461332157354	-0.904070995923528	0.448081059024295	0.592443852028073
0.00260995	0.119723	0.325926	-0.00687019	0.000717132	-0.000942876	-2.79999999999998e-05	0.0431954	0.030665	-0.00026094	0.00013219	-6.2813e-05	0.09668555	0.0500465054	0.0432587929	0.0326194932	0.0190758861	0.0038338396	-0.0117495564	-0.0262868196	-0.0384836111	-0.0472539781	-0.0518170426	-0.051766528	-0.0471069319	-0.0382531258	-0.0259934166	-0.0114193591	0.0041714317	0.0193908153	0.0328837193	0.0434487905	0.0501453577	0.0523771858	-0.0086643374	-0.0038212272	-0.0014920667	0.0045659729	0.0181268394	0.0001845074	-0.0138669913	0	0	0	0	0	0	0	0	0	0	0	0	0	0	0	0	0	0	0	0	0	0	0	0	0	0	0	0	0	0	0	0	0	0	0	0	0	0	0	0	0	0	0	0	0	0	0	0	0	0	0	0	0	0	0	0	0	0	0	0	0	0	0	0	0	0	0.31480615660391	-0.844887407890461	0.448081059024295	0.592443852028073
-0.013957	0.0855004	0.325939	-0.00616847	0.000304157	-0.000532323	-0.01656695	-0.0342226	1.29999999999297e-05	0.00070172	-0.000412975	0.000410553	0.12706495	0.0499794418	0.0430026525	0.0320869629	0.0182322141	0.0027074549	-0.0130652981	-0.0276413132	-0.0396854757	-0.0480945804	-0.0520983812	-0.0513301431	-0.0458602343	-0.0361896802	-0.0232042715	-0.0080934286	0.0077587455	0.0229002443	0.0359441567	0.0456957037	0.0512616758	0.0521322486	-0.0093748821	-0.0057514051	-0.001426661	0.0075047982	-0.0056719934	0.0042022724	-0.0295319715	0	0	0	0	0	0	0	0	0	0	0	0	0	0	0	0	0	0	0	0	0	0	0	0	0	0	0	0	0	0	0	0	0	0	0	0	0	0	0	0	0	0	0	0	0	0	0	0	0	0	0	0	0	0	0	0	0	0	0	0	0	0	0	0	0	0	0.371784022373469	-0.784331031384168	0.448081059024295	-1.68540061352814
-0.0141465	0.100545	0.325966	-0.00695422	0.000857905	-0.000944836	-0.000189500000000002	0.0150446	2.69999999999993e-05	-0.00078575	0.000553748	-0.000412513	0.10286165	0.04991145	0.0427433176	0.0315490697	0.0173831246	0.0015798132	-0.0143723053	-0.0289706552	-0.0408401761	-0.048862844	-0.0522829807	-0.0507784337	-0.0444909208	-0.0340126806	-0.0203306886	-0.0047336909	0.0113091867	0.0262868196	0.0387884217	0.0476364314	0.0519974292	0.0514606403	-0.0075716677	-0.0029263299	-0.0027264628	0.0136428395	-0.0017684916	0.0235533312	0.0287603329	0	0	0	0	0	0	0	0	0	0	0	0	0	0	0	0	0	0	0	0	0	0	0	0	0	0	0	0	0	0	0	0	0	0	0	0	0	0	0	0	0	0	0	0	0	0	0	0	0	0	0	0	0	0	0	0	0	0	0	0	0	0	0	0	0	0	0.408297989383388	-0.884820150397582	0.448081059024295	-1.68540061352814
-0.0173057	0.100609	0.374474	-0.00658876	0.000586746	-0.000812831	-0.0031592	6.39999999999946e-05	0.048508	0.00036546	-0.000271159	0.000132005	0.0901624	0.0498425313	0.0424808075	0.0310059033	0.01652887	0.0004514381	-0.015669704	-0.0302736359	-0.0419463399	-0.0495576132	-0.0523704984	-0.0501126395	-0.0430026525	-0.0317289578	-0.0173831246	-0.0013541801	0.0148058821	0.0295323731	0.0413994086	0.0492579697	0.0523471556	0.0503678575	-0.0112086394	0.0016245124	0.0050755448	-0.0012458435	0.0196906067	-0.0004894039	-0.044929536	0	0	0	0	0	0	0	0	0	0	0	0	0	0	0	0	0	0	0	0	0	0	0	0	0	0	0	0	0	0	0	0	0	0	0	0	0	0	0	0	0	0	0	0	0	0	0	0	0	0	0	0	0	0	0	0	0	0	0	0	0	0	0	0	0	0	0.016669162175019	-0.688069654352658	0.448081059024295	0.592443852028073
-0.0140384	0.0889527	0.371252	-0.00635616	0.000620882	-0.000782323	0.0032673	-0.0116563	-0.003222	0.0002326	3.4136e-05	3.05079999999997e-05	0.0330078	0.049772687	0.0422151417	0.0304575546	0.015669704	-0.0006771467	-0.0169566271	-0.0315490697	-0.0430026525	-0.050177843	-0.0523607718	-0.0493342563	-0.0413994086	-0.0293456776	-0.0143723053	0.0020309873	0.0182322141	0.0326194932	0.0437614146	0.0505494535	0.0523082586	0.048862844	-0.00817985	-0.0037490327	-0.0047186425	0.0221808952	-0.0011177794	0.0262948771	0.025669857	0	0	0	0	0	0	0	0	0	0	0	0	0	0	0	0	0	0	0	0	0	0	0	0	0	0	0	0	0	0	0	0	0	0	0	0	0	0	0	0	0	0	0	0	0	0	0	0	0	0	0	0	0	0	0	0	0	0	0	0	0	0	0	0	0	0	-0.548167783477355	-0.589423574441306	0.448081059024295	0.592443852028073
-0.0141967	0.167213	0.205689	-0.00184606	0.00104899	-0.000532323	-0.000158300000000004	0.0782603	-0.165563	0.0045101	0.000428108	0.00025	0.503392	0.0497019183	0.0419463399	0.0299041152	0.0148058821	-0.001805417	-0.0182322141	-0.0327957961	-0.0440078585	-0.0507226006	-0.0522538189	-0.0484450328	-0.0396854757	-0.0268703181	-0.0113091867	0.005407671	0.0215718994	0.0355316183	0.0458602343	0.051502229	0.051881027	0.0469579174	-0.012337428	-0.0400518281	-0.0016716575	0.0054161548	0.0079297391	0.0431682057	0.0146739089	0	0	0	0	0	0	0	0	0	0	0	0	0	0	0	0	0	0	0	0	0	0	0	0	0	0	0	0	0	0	0	0	0	0	0	0	0	0	0	0	0	0	0	0	0	0	0	0	0	0	0	0	0	0	0	0	0	0	0	0	0	0	0	0	0	0	0.493979645083083	-1.25607748459641	0.448081059024295	0.592443852028073
0.0284327	0.0343523	0.0568345	-0.00122448	0.00057003	0.00060119	0.0426294	-0.1328607	-0.1488545	0.00062158	-0.00047896	0.001133513	0.43604725	0.0496302266	0.0416744222	0.0293456776	0.0139376608	-0.0029328492	-0.0194956122	-0.0340126806	-0.0449607632	-0.0511910666	-0.0520498384	-0.047446967	-0.0378654364	-0.0243106464	-0.0082049152	0.0087617663	0.0248090665	0.0382531258	0.0476832451	0.0521099123	0.0510686325	0.0446686685	0.0021266308	-0.0490274686	-0.0064531241	0.0025116392	0.0289924386	0.010384892	0.0140233124	0	0	0	0	0	0	0	0	0	0	0	0	0	0	0	0	0	0	0	0	0	0	0	0	0	0	0	0	0	0	0	0	0	0	0	0	0	0	0	0	0	0	0	0	0	0	0	0	0	0	0	0	0	0	0	0	0	0	0	0	0	0	0	0	0	0	0.062451000184514	-1.25398224263424	0.448081059024295	0.592443852028073
0.0222738	0.0578683	0.133276	-0.00230186	0.00015471	1.97864e-05	-0.0061589	0.023516	0.0764415	-0.00107738	-0.00041532	-0.0005814036	0.20982158	0.0495576132	0.0413994086	0.0287823352	0.0130652981	-0.0040589197	-0.0207459769	-0.0351986159	-0.0458602343	-0.0515825363	-0.0517492091	-0.0463423012	-0.0359441567	-0.021674694	-0.0050707869	0.0120792627	0.0279283311	0.0407694154	0.0492194833	0.0523684314	0.0498771065	0.0420138333	0.0008245293	-0.0382099584	-0.0089666751	0.0094802547	-0.00607623	-0.0092343887	-0.0210631931	0	0	0	0	0	0	0	0	0	0	0	0	0	0	0	0	0	0	0	0	0	0	0	0	0	0	0	0	0	0	0	0	0	0	0	0	0	0	0	0	0	0	0	0	0	0	0	0	0	0	0	0	0	0	0	0	0	0	0	0	0	0	0	0	0	0	-0.083835468735741	-0.925250224101678	0.448081059024295	0.592443852028073
0.022387	0.143304	0.202825	-0.0019766	-0.000193662	0.000383512	0.000113200000000001	0.0854357	0.069549	0.00032526	-0.000348372	0.0003637256	0.20696578	0.0494840794	0.0411213197	0.028214182	0.0121890533	-0.0051831058	-0.0219824722	-0.036352523	-0.0467052026	-0.051896421	-0.051352489	-0.0451335173	-0.0339267737	-0.018970732	-0.0019182066	0.0153463027	0.0309148693	0.0430669878	0.0504597097	0.0522760543	0.0483152946	0.03901514	-0.0032475438	-0.0354061344	-0.0018355168	0.0061735647	0.0178277932	-0.0007449573	-0.0392281984	0	0	0	0	0	0	0	0	0	0	0	0	0	0	0	0	0	0	0	0	0	0	0	0	0	0	0	0	0	0	0	0	0	0	0	0	0	0	0	0	0	0	0	0	0	0	0	0	0	0	0	0	0	0	0	0	0	0	0	0	0	0	0	0	0	0	0.144493977732453	-0.155891043618004	0.448081059024295	0.592443852028073
0.00394479	0.0913622	0.202766	-0.00270472	-0.00025283	0.000116718	-0.01844221	-0.0519418	-5.90000000000035e-05	-0.00072812	-5.9168e-05	-0.000266794	0.12314711	0.0494096266	0.0408401761	0.0276413132	0.0113091867	-0.0063048856	-0.0232042715	-0.0374733519	-0.0474946641	-0.0521322486	-0.050860415	-0.043823331	-0.0318186811	-0.0162072446	0.0012413539	0.0185492395	0.0337544877	0.0451335173	0.0513964655	0.0518333998	0.0463947917	0.0356971313	-0.0007541372	-0.0293888203	-0.0009754837	0.0125951503	-0.0087228717	0.0372786643	0.0346874942	0	0	0	0	0	0	0	0	0	0	0	0	0	0	0	0	0	0	0	0	0	0	0	0	0	0	0	0	0	0	0	0	0	0	0	0	0	0	0	0	0	0	0	0	0	0	0	0	0	0	0	0	0	0	0	0	0	0	0	0	0	0	0	0	0	0	0.83581936516446	-1.12991062119052	0.448081059024295	0.592443852028073
0.00387291	0.136526	0.264594	-0.00310802	0.00015471	0.000116718	-7.18800000000003e-05	0.0451638	0.061828	-0.0004033	0.00040754	0	0.14760568	0.0493342563	0.0405559987	0.0270638244	0.0104259597	-0.0074237382	-0.024410558	-0.0385600826	-0.0482276804	-0.0522896643	-0.0502739006	-0.0424146861	-0.0296255153	-0.013392903	0.0043963972	0.021674694	0.0364336915	0.0469579174	0.0520241169	0.051043434	0.0441298556	0.0320869629	-0.0030353908	-0.0239191866	0.0006923606	0.000490743	0.0252175526	-0.0108352035	-0.0170486807	0	0	0	0	0	0	0	0	0	0	0	0	0	0	0	0	0	0	0	0	0	0	0	0	0	0	0	0	0	0	0	0	0	0	0	0	0	0	0	0	0	0	0	0	0	0	0	0	0	0	0	0	0	0	0	0	0	0	0	0	0	0	0	0	0	0	0.753544243222687	-1.12576258290809	0.448081059024295	0.592443852028073
-0.00371785	0.110831	0.279078	-0.00310802	-0.00028649	0.000116718	-0.00759076	-0.025695	0.014484	0	-0.0004412	0	0.06982976	0.0492579697	0.0402688086	0.0264818121	0.0095396348	-0.0085391442	-0.0256005252	-0.0396117264	-0.0489033805	-0.0523684314	-0.049594035	-0.0409107473	-0.0273531403	-0.0105365379	0.0075354425	0.024709611	0.0389397479	0.0485304007	0.0523388891	0.04991145	0.0415373011	0.028214182	-0.0028894508	-0.0213073098	-0.000794707	0.005296262	-0.0056322904	0.0008531815	-0.0158911176	0	0	0	0	0	0	0	0	0	0	0	0	0	0	0	0	0	0	0	0	0	0	0	0	0	0	0	0	0	0	0	0	0	0	0	0	0	0	0	0	0	0	0	0	0	0	0	0	0	0	0	0	0	0	0	0	0	0	0	0	0	0	0	0	0	0	0.078660050300253	-1.13840950924139	0.448081059024295	0.592443852028073
0.00387291	0.135816	0.307722	-0.00310802	0.00015471	0.000116718	0.00759076	0.024985	0.028644	0	0.0004412	0	0.08327976	0.0491807684	0.0399786271	0.0258953737	0.0086504753	-0.0096505858	-0.0267733776	-0.0406273263	-0.0495209612	-0.0523684314	-0.0488220806	-0.0393148935	-0.0250076315	-0.0076471118	0.0106470671	0.0276413132	0.0412607473	0.0498425313	0.0523388891	0.0484450328	0.0386363752	0.024110485	-0.0017842328	-0.0205035091	-0.0192766402	-0.0002194343	0.0270554469	0.005081527	0.0558810798	0	0	0	0	0	0	0	0	0	0	0	0	0	0	0	0	0	0	0	0	0	0	0	0	0	0	0	0	0	0	0	0	0	0	0	0	0	0	0	0	0	0	0	0	0	0	0	0	0	0	0	0	0	0	0	0	0	0	0	0	0	0	0	0	0	0	0.553118120709613	-1.14643215787883	0.448081059024295	0.592443852028073
0.00387291	0.135641	0.375859	-0.00368485	0.00015471	0.000116718	0	-0.000175000000000008	0.068137	-0.00057683	0	0	0.0971535	0.0491026536	0.0396854757	0.025304607	0.0077587455	-0.010757547	-0.0279283311	-0.0416059582	-0.0500796887	-0.0522896643	-0.0479594708	-0.0376307102	-0.0225952602	-0.0047336909	0.0137199483	0.0304575546	0.0433856593	0.0508872699	0.0520241169	0.0466540082	0.0354486142	0.0198094581	-0.0036185003	-0.0058898058	-0.0146278977	-0.0072808111	-0.0022316077	0.0113608254	0.0228375541	0	0	0	0	0	0	0	0	0	0	0	0	0	0	0	0	0	0	0	0	0	0	0	0	0	0	0	0	0	0	0	0	0	0	0	0	0	0	0	0	0	0	0	0	0	0	0	0	0	0	0	0	0	0	0	0	0	0	0	0	0	0	0	0	0	0	0.124722190317197	-1.15130769047266	0.448081059024295	0.592443852028073
0.00395335	0.0856126	0.36908	-0.00435736	-8.47629e-05	0.000116718	8.04399999999998e-05	-0.0500284	-0.00677899999999998	-0.00067251	-0.0002394729	0	0.102486985	0.049023627	0.0393893764	0.024709611	0.0068647103	-0.0118595137	-0.0290646136	-0.0425467316	-0.0505788988	-0.0521322486	-0.0470078072	-0.0358619813	-0.0201224762	-0.001805417	0.016742904	0.0331465714	0.0453043854	0.0516590118	0.0513964655	0.0445503769	0.0319976841	0.0153463027	0.0029607558	-0.0060564493	-0.0146106682	0.0030930951	0.0329500135	-0.0246177037	-0.009739029	0	0	0	0	0	0	0	0	0	0	0	0	0	0	0	0	0	0	0	0	0	0	0	0	0	0	0	0	0	0	0	0	0	0	0	0	0	0	0	0	0	0	0	0	0	0	0	0	0	0	0	0	0	0	0	0	0	0	0	0	0	0	0	0	0	0	-2.74389565407031	-0.302517672361473	0.448081059024295	0.592443852028073
0.00392627	0.140423	0.416846	-0.00459331	7.13627e-06	0.000116718	-2.70799999999996e-05	0.0548104	0.047766	-0.00023595	9.189917e-05	0	0.1189959385	0.04894369	0.039090351	0.024110485	0.0059686353	-0.0129559745	-0.0301814655	-0.0434487905	-0.0510179984	-0.051896421	-0.0459688572	-0.0340126806	-0.0175958911	0.0011285219	0.0197049341	0.0356971313	0.0470078072	0.0521536168	0.0504597097	0.0421482344	0.0283092043	0.010757547	0.0027360869	0.00028103	-0.003491526	0.0019250835	-0.0119677666	-0.0070788321	-0.0018560833	0	0	0	0	0	0	0	0	0	0	0	0	0	0	0	0	0	0	0	0	0	0	0	0	0	0	0	0	0	0	0	0	0	0	0	0	0	0	0	0	0	0	0	0	0	0	0	0	0	0	0	0	0	0	0	0	0	0	0	0	0	0	0	0	0	0	-0.035977914098402	-0.364193944100861	0.448081059024295	0.592443852028073
0.00387291	0.0852488	0.371896	-0.00412655	0.00015471	0.000116718	-5.33600000000001e-05	-0.0551742	-0.04495	0.00046676	0.00014757373	0	0.1308942465	0.048862844	0.0387884217	0.0235073292	0.0050707869	-0.0140464202	-0.03127814	-0.044311314	-0.0513964655	-0.0515825363	-0.0448445497	-0.0320869629	-0.0150222601	0.0040589197	0.0225952602	0.0380985803	0.0484878293	0.0523684314	0.0492194833	0.0394636764	0.024410558	0.0060807472	0.0052264584	-0.004186842	-0.0089397329	0.0054022949	-0.0034578684	-0.0010893397	0.0361031461	0	0	0	0	0	0	0	0	0	0	0	0	0	0	0	0	0	0	0	0	0	0	0	0	0	0	0	0	0	0	0	0	0	0	0	0	0	0	0	0	0	0	0	0	0	0	0	0	0	0	0	0	0	0	0	0	0	0	0	0	0	0	0	0	0	0	0.232180657152827	-0.229895539210594	0.448081059024295	0.592443852028073
0.0128734	0.13823	0.438967	-0.0054684	0.00015471	-0.000960534	0.00900049	0.0529812	0.067071	-0.00134185	0	-0.001077252	0.25000779	0.0487810905	0.0384836111	0.0229002443	0.0041714317	-0.0151303447	-0.032353904	-0.0451335173	-0.0517138504	-0.0511910666	-0.0436369724	-0.0300891549	-0.0124084642	0.0069765817	0.0254033645	0.0403408874	0.0497374181	0.0523023033	0.0476832451	0.0365146908	0.0203306886	0.0013541801	0.005713669	0.0111397664	-0.004529442	-0.007360878	-0.0117362502	-0.0086363137	0.0128109859	0	0	0	0	0	0	0	0	0	0	0	0	0	0	0	0	0	0	0	0	0	0	0	0	0	0	0	0	0	0	0	0	0	0	0	0	0	0	0	0	0	0	0	0	0	0	0	0	0	0	0	0	0	0	0	0	0	0	0	0	0	0	0	0	0	0	0.305613917753922	-0.099981683918716	0.448081059024295	0.592443852028073
0.00178804	0.114717	0.38242	-0.00443576	-0.000294653	-0.000642493	-0.01108536	-0.0235129999999999	-0.056547	0.00103264	-0.000449363	0.000318041	0.18114756	0.0486984311	0.0381759417	0.0222893319	0.0032708371	-0.0162072446	-0.0334080384	-0.0459146523	-0.0519697758	-0.0507226006	-0.0423483678	-0.028023745	-0.0097614921	0.009872353	0.0281190288	0.0424146861	0.050750635	0.0519555872	0.0458602343	0.0333210373	0.016099885	-0.0033834701	0.0081361151	0.0027243882	-0.0029979692	-0.0090504054	0.0004221349	-0.024383662	-0.0364123825	0	0	0	0	0	0	0	0	0	0	0	0	0	0	0	0	0	0	0	0	0	0	0	0	0	0	0	0	0	0	0	0	0	0	0	0	0	0	0	0	0	0	0	0	0	0	0	0	0	0	0	0	0	0	0	0	0	0	0	0	0	0	0	0	0	0	0.10114872975026	-1.02058833092219	0.448081059024295	0.592443852028073
0.00665077	0.164115	0.405749	-0.00505286	0.00015471	-0.000301872	0.00486273	0.049398	0.023329	-0.0006171	0.000449363	0.000340621	0.14794393	0.0486148674	0.0378654364	0.021674694	0.0023692706	-0.01727662	-0.0344398384	-0.0466540082	-0.0521639377	-0.050177843	-0.0409811285	-0.0258953737	-0.0070884207	0.0127371473	0.030732371	0.044311314	0.0515226647	0.0513301431	0.0437614146	0.0299041152	0.0117495564	-0.0080934286	0.0129038204	0.0072163495	0.0040818914	-0.0026821504	-0.0237950185	-0.021413966	0.0005505458	0	0	0	0	0	0	0	0	0	0	0	0	0	0	0	0	0	0	0	0	0	0	0	0	0	0	0	0	0	0	0	0	0	0	0	0	0	0	0	0	0	0	0	0	0	0	0	0	0	0	0	0	0	0	0	0	0	0	0	0	0	0	0	0	0	0	-3.07680738477128	-0.968085274795637	0.448081059024295	0.592443852028073
-0.0133851	0.116003	0.38616	-0.00469379	-0.000149878	-0.00052952	-0.02003587	-0.048112	-0.019589	0.00035907	-0.000304588	-0.000227648	0.13230217	0.0485304007	0.0375521182	0.0210564335	0.0014670001	-0.0183379745	-0.0354486142	-0.0473509122	-0.0522961052	-0.0495576132	-0.0395377932	-0.0237088227	-0.0043963972	0.0155619757	0.0332338815	0.0460228486	0.0520498384	0.0504293264	0.0413994086	0.0262868196	0.0073119995	-0.0127371473	0.013611996	0.0063941487	-0.0032712514	-0.0005243768	-0.0138803785	-0.0010218548	0.0416250883	0	0	0	0	0	0	0	0	0	0	0	0	0	0	0	0	0	0	0	0	0	0	0	0	0	0	0	0	0	0	0	0	0	0	0	0	0	0	0	0	0	0	0	0	0	0	0	0	0	0	0	0	0	0	0	0	0	0	0	0	0	0	0	0	0	0	-2.14504585028946	0.023666303272048	-2.22840312389761	0.592443852028073
0.00380639	0.155872	0.396969	-0.00543506	0.000333781	-0.000230658	0.01719149	0.039869	0.010809	-0.00074127	0.000483659	0.000298862	0.14405904	0.0484450328	0.0372360105	0.0204346535	0.0005642937	-0.0193908153	-0.0364336915	-0.0480047303	-0.0523661213	-0.048862844	-0.0380210421	-0.0214690046	-0.0016926191	0.0183379745	0.0356144575	0.0475421407	0.0523296507	0.0492579697	0.0387884217	0.0224933884	0.0028201586	-0.01727662	0.014672808	0.0147625666	0.0010969298	-0.0071766732	-0.0319791417	-0.0136505346	0.0136980261	0	0	0	0	0	0	0	0	0	0	0	0	0	0	0	0	0	0	0	0	0	0	0	0	0	0	0	0	0	0	0	0	0	0	0	0	0	0	0	0	0	0	0	0	0	0	0	0	0	0	0	0	0	0	0	0	0	0	0	0	0	0	0	0	0	0	0.600881521038284	-0.00030209762865	0.448081059024295	0.592443852028073
0.00394832	0.119198	0.405787	-0.00485972	-8.06756e-05	0.000255338	0.00014193	-0.036674	0.00881799999999999	0.000575340000000001	-0.0004144566	0.000485996	0.11942356	0.0483587652	0.0369171367	0.0198094581	-0.0003385804	-0.0204346535	-0.0373944116	-0.0486148674	-0.0523739028	-0.0480945804	-0.0364336915	-0.0191809517	0.0010156846	0.0210564335	0.0378654364	0.048862844	0.0523607718	0.0478223571	0.0359441567	0.0185492395	-0.0016926191	-0.021674694	0.0147995587	0.0155104325	-0.0002708894	-0.0082060643	0.0091766276	-0.0322289207	-0.0109274909	0	0	0	0	0	0	0	0	0	0	0	0	0	0	0	0	0	0	0	0	0	0	0	0	0	0	0	0	0	0	0	0	0	0	0	0	0	0	0	0	0	0	0	0	0	0	0	0	0	0	0	0	0	0	0	0	0	0	0	0	0	0	0	0	0	0	0.666217819796467	0.007290884541681	0.448081059024295	0.592443852028073
0.0039602	0.131175	0.405821	-0.00516696	-5.51375e-05	0.000255338	1.18799999999997e-05	0.011977	3.39999999999785e-05	-0.00030724	2.55381e-05	0	0.028661785	0.0482715996	0.0365955205	0.0191809517	-0.0012413539	-0.0214690046	-0.0383301323	-0.0491807684	-0.0523194405	-0.0472539781	-0.0347786889	-0.0168498047	0.0037212726	0.0237088227	0.0399786271	0.0499794418	0.0521430537	0.0461301902	0.0328837193	0.0144808008	-0.0061928308	-0.0258953737	0.0194982795	0.0155384065	-0.0009672762	-0.0084734799	-0.0148606233	-0.0391007404	-0.0210924512	0	0	0	0	0	0	0	0	0	0	0	0	0	0	0	0	0	0	0	0	0	0	0	0	0	0	0	0	0	0	0	0	0	0	0	0	0	0	0	0	0	0	0	0	0	0	0	0	0	0	0	0	0	0	0	0	0	0	0	0	0	0	0	0	0	0	-0.162641698984015	0.027039540487178	0.448081059024295	0.592443852028073
-0.0140154	0.167535	0.443676	-0.00566983	-9.04123e-05	-0.000591995	-0.0179756	0.0363599999999999	0.037855	-0.00050287	-3.52748e-05	-0.000847333	0.16146449	0.0481835374	0.0362711858	0.0185492395	-0.0021437585	-0.0224933884	-0.0392402281	-0.0497019183	-0.0522027989	-0.0463423012	-0.0330591074	-0.0144808008	0.0064169112	0.0262868196	0.0419463399	0.0508872699	0.0516775313	0.044190547	0.0296255153	0.0103153331	-0.0106470671	-0.0299041152	0.0198257912	0.0211846818	0.0032303302	-0.0166305093	-0.0145834178	-0.0235843114	0.0082693541	0	0	0	0	0	0	0	0	0	0	0	0	0	0	0	0	0	0	0	0	0	0	0	0	0	0	0	0	0	0	0	0	0	0	0	0	0	0	0	0	0	0	0	0	0	0	0	0	0	0	0	0	0	0	0	0	0	0	0	0	0	0	0	0	0	0	-2.67024290588409	0.106041704536855	0.448081059024295	0.592443852028073
0.00415966	0.110963	0.382434	-0.00508047	-0.000529075	-0.000589092	0.01817506	-0.056572	-0.061242	0.00058936	-0.0004386627	2.90300000000006e-06	0.187535345	0.0480945804	0.0359441567	0.0179144269	-0.0030455261	-0.0235073292	-0.0401240904	-0.050177843	-0.0520241169	-0.0453609212	-0.03127814	-0.0120792627	0.0090953929	0.0287823352	0.0437614146	0.0515825363	0.0509664168	0.0420138333	0.02618914	0.0060807472	-0.0150222601	-0.0336681095	0.0247564648	0.0215448059	-0.0083061941	-0.0003744149	-0.055428884	-0.0251614116	0.0274391211	0	0	0	0	0	0	0	0	0	0	0	0	0	0	0	0	0	0	0	0	0	0	0	0	0	0	0	0	0	0	0	0	0	0	0	0	0	0	0	0	0	0	0	0	0	0	0	0	0	0	0	0	0	0	0	0	0	0	0	0	0	0	0	0	0	0	-1.33046969448544	0.130884861850789	0.448081059024295	0.592443852028073
-0.00175357	0.135659	0.390331	-0.00569239	-0.000392334	-0.000339092	-0.00591323	0.024696	0.00789699999999999	-0.00061192	0.000136741	0.00025	0.08843928	0.0480047303	0.0356144575	0.01727662	-0.0039463888	-0.0245103563	-0.0409811285	-0.0506081094	-0.0517836067	-0.044311314	-0.0294390937	-0.0096505858	0.0117495564	0.0311875391	0.0454172463	0.0520623368	0.0500130897	0.0396117264	0.0225952602	0.001805417	-0.0192859283	-0.0371565505	0.0270307025	0.0239969738	0.0053446791	-0.0264957228	-0.0021561985	-0.0386421976	0.0318912419	0	0	0	0	0	0	0	0	0	0	0	0	0	0	0	0	0	0	0	0	0	0	0	0	0	0	0	0	0	0	0	0	0	0	0	0	0	0	0	0	0	0	0	0	0	0	0	0	0	0	0	0	0	0	0	0	0	0	0	0	0	0	0	0	0	0	-2.34793264163664	0.068309553586942	0.448081059024295	0.592443852028073
-0.0226558	0.103177	0.390334	-0.00508359	-0.000316865	-0.000339092	-0.02090223	-0.032482	3.00000000003076e-06	0.0006088	7.5469e-05	0	0.0876006800000001	0.0479139886	0.0352821126	0.0166359256	-0.0048460789	-0.0255020041	-0.0418107693	-0.050992326	-0.0514815542	-0.0431950583	-0.0275453833	-0.0072002268	0.0143723053	0.0334948844	0.0469078096	0.052324667	0.0488220806	0.0369971132	0.0188654898	-0.0024820104	-0.0234064185	-0.0403408874	0.0260202632	0.0273965629	0.0026905398	-0.0061671583	-0.0473147843	-0.0495503114	-0.0083257384	0	0	0	0	0	0	0	0	0	0	0	0	0	0	0	0	0	0	0	0	0	0	0	0	0	0	0	0	0	0	0	0	0	0	0	0	0	0	0	0	0	0	0	0	0	0	0	0	0	0	0	0	0	0	0	0	0	0	0	0	0	0	0	0	0	0	0.442395432038346	0.13875362013916	0.448081059024295	-1.68540061352814
-0.0226481	0.116252	0.390287	-0.00560861	-0.000334857	-0.000339092	7.69999999999937e-06	0.013075	-4.70000000000192e-05	-0.00052502	-1.7992e-05	0	0.0402803	0.0478223571	0.0349471469	0.0159924506	-0.0057443291	-0.0264818121	-0.0426124582	-0.0513301431	-0.0511183183	-0.0420138333	-0.0256005252	-0.0047336909	0.0169566271	0.0356971313	0.0482276804	0.0523684314	0.0473990497	0.0341840202	0.0150222601	-0.006752807	-0.0273531403	-0.0431950583	0.0298895343	0.0236589968	0.0050651281	-0.0331063054	0.0034910092	-0.0554100825	-0.0258086774	0	0	0	0	0	0	0	0	0	0	0	0	0	0	0	0	0	0	0	0	0	0	0	0	0	0	0	0	0	0	0	0	0	0	0	0	0	0	0	0	0	0	0	0	0	0	0	0	0	0	0	0	0	0	0	0	0	0	0	0	0	0	0	0	0	0	0.490126727291273	0.174368480395784	0.448081059024295	0.592443852028073
0.00292861	0.114103	0.390303	-0.00573915	-0.000530987	-0.000339092	0.02557671	-0.002149	1.6000000000016e-05	-0.00013054	-0.00019613	0	0.04407521	0.0477298374	0.034609585	0.0153463027	-0.0066408724	-0.0274493255	-0.0433856593	-0.0516212534	-0.0506943307	-0.0407694154	-0.0236081307	-0.0022565198	0.0194956122	0.0377873696	0.0493720561	0.0521934471	0.0457507597	0.0311875391	0.0110886847	-0.0109783563	-0.0310967934	-0.0456957037	0.0330574157	0.0322688444	-0.0142732191	-0.0167490522	-0.07036725	-0.0645316624	0.0101758942	0	0	0	0	0	0	0	0	0	0	0	0	0	0	0	0	0	0	0	0	0	0	0	0	0	0	0	0	0	0	0	0	0	0	0	0	0	0	0	0	0	0	0	0	0	0	0	0	0	0	0	0	0	0	0	0	0	0	0	0	0	0	0	0	0	0	0.900084774425024	0.174840222604881	0.448081059024295	0.592443852028073
0.0207042	0.165032	0.468514	-0.00437111	-6.64222e-05	-0.000339092	0.01777559	0.050929	0.078211	0.00136804	0.0004645648	0	0.23854583	0.0476364314	0.0342694522	0.0146975897	-0.0075354425	-0.0284040951	-0.0441298556	-0.051865392	-0.0502100954	-0.0394636764	-0.0215718994	0.0002257211	0.0219824722	0.0397590408	0.0503367722	0.0518004449	0.043885044	0.028023745	0.0070884207	-0.0151303447	-0.034609585	-0.0478223571	0.0209183479	0.035807688	0.0030482527	-0.031881386	0.0293490093	-0.018454197	0.0422557039	0	0	0	0	0	0	0	0	0	0	0	0	0	0	0	0	0	0	0	0	0	0	0	0	0	0	0	0	0	0	0	0	0	0	0	0	0	0	0	0	0	0	0	0	0	0	0	0	0	0	0	0	0	0	0	0	0	0	0	0	0	0	0	0	0	0	-0.659612527650188	0.160826634359443	0.448081059024295	0.592443852028073
0.0568575	0.380605	0.581719	0.0128905	0.00217792	5.83471e-05	0.0361533	0.215573	0.113205	0.01726161	0.0022443422	0.0003974391	1.360100865	0.0475421407	0.0339267737	0.0140464202	-0.0084277735	-0.0293456776	-0.0448445497	-0.0520623368	-0.0496661877	-0.0380985803	-0.0194956122	0.0027074549	0.024410558	0.0416059582	0.0511183183	0.0511910666	0.0418107693	0.024709611	0.0030455261	-0.0191809517	-0.0378654364	-0.0495576132	-0.0664682725	-0.0169764602	0.0232171581	-0.0043012731	0.0241618164	-0.001907376	-0.1208915544	0	0	0	0	0	1	0	0	0	0	0	0	0	0	0	0	0	0	0	0	0	0	0	0	0	0	0	0	0	0	0	0	0	0	0	0	0	0	0	0	0	0	0	0	0	0	0	0	0	0	0	0	0	0	0	0	0	0	0	0	0	0	0	0	0	0	-0.123584948234721	0.155216733605421	0.448081059024295	0.592443852028073
0.0288412	0.204546	0.546191	0.00326974	0.000369372	-0.000791975	-0.0280163	-0.176059	-0.035528	-0.00962076	-0.001808548	-0.0008503221	0.853584805	0.047446967	0.0335815749	0.013392903	-0.0093176004	-0.0302736359	-0.0455292636	-0.0522119084	-0.0490632542	-0.0366761804	-0.0173831246	0.0051831058	0.0267733776	0.0433223267	0.0517138504	0.0503678575	0.0395377932	0.0212629165	-0.0010156846	-0.0231030362	-0.0408401761	-0.0508872699	-0.0120935143	-0.0026345487	-0.0116182022	0.0265099364	-0.031304106	0.0145264133	-0.0499128112	0	0	0	0	0	0	0	0	0	0	0	0	0	0	0	0	0	0	0	0	0	0	0	0	0	0	0	0	0	0	0	0	0	0	0	0	0	0	0	0	0	0	0	0	0	0	0	0	0	0	0	0	0	0	0	0	0	0	0	0	0	0	0	0	0	0	-0.201342206873623	-0.062694816101536	0.448081059024295	0.592443852028073
0.0126233	0.271763	0.597096	0.00384122	0.000603002	-0.000479596	-0.0162179	0.067217	0.050905	0.00057148	0.00023363	0.000312379	0.19021435	0.0473509122	0.0332338815	0.0127371473	-0.0102046586	-0.0311875391	-0.0461835398	-0.0523139709	-0.0484020114	-0.0351986159	-0.015238359	0.0076471118	0.0290646136	0.0449027607	0.0521212014	0.0493342563	0.0370769179	0.017702152	-0.0050707869	-0.0268703181	-0.0435117199	-0.0518004449	-0.0182259222	0.0003879723	0.0072733292	0.0131233881	0.0296419206	0.0504304848	0.0268041669	0	0	0	0	0	0	0	0	0	0	0	0	0	0	0	0	0	0	0	0	0	0	0	0	0	0	0	0	0	0	0	0	0	0	0	0	0	0	0	0	0	0	0	0	0	0	0	0	0	0	0	0	0	0	0	0	0	0	0	0	0	0	0	0	0	0	-2.18603230131249	-0.608782457701411	0.448081059024295	0.592443852028073
0.00831251	0.216279	0.590313	0.00365545	0.000147556	-0.000791975	-0.00431079	-0.055484	-0.00678299999999998	-0.00018577	-0.000455446	-0.000312379	0.11425754	0.0472539781	0.0328837193	0.0120792627	-0.0110886847	-0.0320869629	-0.0468069407	-0.0523684314	-0.0476832451	-0.0336681095	-0.0130652981	0.0100939368	0.03127814	0.0463423012	0.0523388891	0.0480945804	0.0344398384	0.0140464202	-0.0090953929	-0.0304575546	-0.0458602343	-0.0522896643	-0.0174716317	0.0089035155	0.0113591053	0.0192540172	-0.0009172119	0.0420397012	-0.0135149448	0	0	0	0	0	0	0	0	0	0	0	0	0	0	0	0	0	0	0	0	0	0	0	0	0	0	0	0	0	0	0	0	0	0	0	0	0	0	0	0	0	0	0	0	0	0	0	0	0	0	0	0	0	0	0	0	0	0	0	0	0	0	0	0	0	0	0.740534587385797	-0.601726215296912	0.448081059024295	0.592443852028073
0.0253698	0.239897	0.560692	0.00291346	0.000147556	-0.000791975	0.01705729	0.023618	-0.029621	-0.00074199	0	0	0.10739579	0.0471561663	0.0325311144	0.0114193591	-0.011969416	-0.0329714899	-0.0473990497	-0.0523752403	-0.0469078096	-0.0320869629	-0.0108679768	0.0125180835	0.0334080384	0.0476364314	0.0523661213	0.0466540082	0.0316390872	0.0103153331	-0.0130652981	-0.0338407093	-0.0478682839	-0.0523509242	-0.0079300747	0.007839547	0.0227674838	0.0019183366	0.0090589779	0.0266553683	-0.0138439227	0	0	0	0	0	0	0	0	0	0	0	0	0	0	0	0	0	0	0	0	0	0	0	0	0	0	0	0	0	0	0	0	0	0	0	0	0	0	0	0	0	0	0	0	0	0	0	0	0	0	0	0	0	0	0	0	0	0	0	0	0	0	0	0	0	0	0.412104910480143	-1.06155517883624	0.448081059024295	0.592443852028073
0.00888381	0.215751	0.570294	0.00274371	-0.000455834	-0.000791976	-0.01648599	-0.0241459999999999	0.009602	-0.00016975	-0.00060339	-1.00000000001575e-09	0.08889104	0.0470574788	0.0321760928	0.010757547	-0.0128465907	-0.0338407093	-0.0479594708	-0.0523343914	-0.0460766263	-0.0304575546	-0.0086504753	0.0149141057	0.0354486142	0.0487810905	0.0522027989	0.045018557	0.0286879745	0.0065289069	-0.0169566271	-0.0369971132	-0.0495209612	-0.0519837232	-0.0079352928	0.0127564947	0.0109573486	0.0193541458	0.0112533115	0.0079203708	-0.0330295105	0	0	0	0	0	0	0	0	0	0	0	0	0	0	0	0	0	0	0	0	0	0	0	0	0	0	0	0	0	0	0	0	0	0	0	0	0	0	0	0	0	0	0	0	0	0	0	0	0	0	0	0	0	0	0	0	0	0	0	0	0	0	0	0	0	0	-0.023031233602392	-1.09079899811004	0.448081059024295	0.592443852028073
-0.00329135	0.226156	0.544864	0.00251774	-0.000259387	-0.000791976	-0.01217516	0.010405	-0.02543	-0.00022597	0.000196447	0	0.06913101	0.0469579174	0.0318186811	0.0100939368	-0.0137199483	-0.0346942175	-0.0484878293	-0.0522459219	-0.0451906832	-0.0287823352	-0.0064169112	0.01727662	0.0373944116	0.049772687	0.0518495163	0.0431950583	0.0256005252	0.0027074549	-0.0207459769	-0.0399056168	-0.0508059967	-0.0511910666	-0.002689976	0.0085912918	0.0055607494	0.0082690089	-0.0250010924	0.0320583513	0.0281335792	0	0	0	0	0	0	0	0	0	0	0	0	0	0	0	0	0	0	0	0	0	0	0	0	0	0	0	0	0	0	0	0	0	0	0	0	0	0	0	0	0	0	0	0	0	0	0	0	0	0	0	0	0	0	0	0	0	0	0	0	0	0	0	0	0	0	-0.664529543481287	-0.913773857310528	0.448081059024295	0.592443852028073
0.0109378	0.189692	0.45179	0.00147828	-0.000394498	-0.0012213	0.01422915	-0.036464	-0.093074	-0.00103946	-0.000135111	-0.000429324	0.2239619	0.0468574839	0.0314589057	0.0094286395	-0.0145892291	-0.0355316183	-0.0489837722	-0.0521099123	-0.0442510332	-0.0270638244	-0.0041714317	0.0196003187	0.0392402281	0.0506081094	0.0513075588	0.0411911291	0.0223914121	-0.0011285219	-0.024410558	-0.0425467316	-0.0517138504	-0.0499794418	0.0094647091	0.0146912981	-0.0048218031	0.0068244177	0.0283594805	0.0057469243	0.056790594	0	0	0	0	0	0	0	0	0	0	0	0	0	0	0	0	0	0	0	0	0	0	0	0	0	0	0	0	0	0	0	0	0	0	0	0	0	0	0	0	0	0	0	0	0	0	0	0	0	0	0	0	0	0	0	0	0	0	0	0	0	0	0	0	0	0	-3.2572502585529	-0.676838364980973	0.448081059024295	0.592443852028073
-0.0034566	0.0993768	0.0644616	0.00451504	-0.00163384	-0.00120146	-0.0143944	-0.0903152	-0.3873284	0.00303676	-0.001239342	1.98399999999999e-05	0.7068351	0.0467561802	0.0310967934	0.0087617663	-0.015454175	-0.036352523	-0.0494469678	-0.0519264863	-0.0432587929	-0.025304607	-0.0019182066	0.0218799809	0.0409811285	0.0512847364	0.0505788988	0.03901514	0.0190758861	-0.0049584444	-0.0279283311	-0.0449027607	-0.0522377823	-0.0483587652	0.0411272991	0.0148285094	0.0271245224	-0.094043449	0.005352414	-0.0940097171	-0.0109381126	0	0	0	0	0	0	0	0	0	0	0	0	0	0	0	0	0	0	0	0	0	0	0	0	0	0	0	0	0	0	0	0	0	0	0	0	0	0	0	0	0	0	0	0	0	0	0	0	0	0	0	0	0	0	0	0	0	0	0	0	0	0	0	0	0	0	0.847982249628629	-0.680508922363983	0.448081059024295	0.592443852028073
-0.0202831	0.222304	0.470069	-0.00163108	-0.00113717	-0.000203932	-0.0168265	0.1229272	0.4056074	-0.00614612	0.00049667	0.000997528	0.927377	0.0466540082	0.030732371	0.0080934286	-0.016314529	-0.0371565505	-0.0498771065	-0.0516958108	-0.0422151417	-0.0235073292	0.0003385804	0.024110485	0.0426124582	0.0518004449	0.0496661877	0.0366761804	0.015669704	-0.0087617663	-0.03127814	-0.0469579174	-0.0523739028	-0.0463423012	0.0180978548	0.0359593055	0.0016191309	-0.024448056	-0.0310374282	-0.0418251078	0.0029014978	0	0	0	0	0	0	1	0	0	0	0	0	0	0	0	0	0	0	0	0	0	0	0	0	0	0	0	0	0	0	0	0	0	0	0	0	0	0	0	0	0	0	0	0	0	0	0	0	0	0	0	0	0	0	0	0	0	0	0	0	0	0	0	0	0	0	0.934700220128988	-0.685549076897392	0.448081059024295	0.592443852028073
-0.00795452	0.205629	0.470025	-0.000631356	-0.00109106	0.000214637	0.01232858	-0.016675	-4.3999999999933e-05	0.000999724	4.611e-05	0.000418569	0.10226773	0.0465509697	0.0303656657	0.0074237382	-0.0171700353	-0.0379433273	-0.0502739006	-0.0514180959	-0.0411213197	-0.021674694	0.0025947387	0.0262868196	0.0441298556	0.0521536168	0.0485727468	0.0341840202	0.0121890533	-0.0125180835	-0.0344398384	-0.0486984311	-0.0521212014	-0.0439465533	0.0157888547	0.0264607767	-0.0017479732	0.0027802693	0.0282772303	-0.0107423392	0.0099845914	0	0	0	0	0	0	0	0	0	0	0	0	0	0	0	0	0	0	0	0	0	0	0	0	0	0	0	0	0	0	0	0	0	0	0	0	0	0	0	0	0	0	0	0	0	0	0	0	0	0	0	0	0	0	0	0	0	0	0	0	0	0	0	0	0	0	0.599339242592015	-0.889084904835471	0.448081059024295	0.592443852028073
-0.00812365	0.258885	0.47015	-0.000849557	-0.00122786	-7.41625e-05	-0.00016913	0.053256	0.000124999999999986	-0.000218201	-0.0001368	-0.0002887995	0.085740155	0.0464470668	0.0299967047	0.006752807	-0.0180204398	-0.0387124883	-0.050637085	-0.051093594	-0.0399786271	-0.0198094581	0.0048460789	0.0284040951	0.0455292636	0.0523431439	0.047302555	0.0315490697	0.0086504753	-0.0162072446	-0.0373944116	-0.0501126395	-0.0514815542	-0.0411911291	0.0190835282	0.029768748	-0.0021939054	-0.0100260251	-0.0166482656	-0.0672189241	-0.059631043	0	0	0	0	0	0	0	0	0	0	0	0	0	0	0	0	0	0	0	0	0	0	0	0	0	0	0	0	0	0	0	0	0	0	0	0	0	0	0	0	0	0	0	0	0	0	0	0	0	0	0	0	0	0	0	0	0	0	0	0	0	0	0	0	0	0	0.929772708407743	-0.864468798684369	0.448081059024295	0.592443852028073
-0.00397199	0.241527	0.326596	0.00499635	0.00017931	-0.000476487	0.00415166	-0.017358	-0.143554	0.005845907	0.00140717	-0.0004023245	0.547833735	0.0463423012	0.0296255153	0.0060807472	-0.0188654898	-0.0394636764	-0.0509664168	-0.0507226006	-0.0387884217	-0.0179144269	0.0070884207	0.0304575546	0.0468069407	0.0523684314	0.0458602343	0.0287823352	0.0050707869	-0.0198094581	-0.0401240904	-0.0511910666	-0.0504597097	-0.0380985803	0.0030962915	-0.0107074164	0.0020876122	-0.0084686508	-0.0165450443	0.0319843134	0.011744802	0	0	0	0	0	0	0	0	0	0	0	0	0	0	0	0	0	0	0	0	0	0	0	0	0	0	0	0	0	0	0	0	0	0	0	0	0	0	0	0	0	0	0	0	0	0	0	0	0	0	0	0	0	0	0	0	0	0	0	0	0	0	0	0	0	0	0.341336371165716	-0.781046683966225	0.448081059024295	0.592443852028073
0.0395278	0.308149	0.385679	0.00962301	0.00114247	-0.000767093	0.04349979	0.066622	0.059083	0.00462666	0.00096316	-0.000290606	0.46322609	0.046236675	0.0292521253	0.005407671	-0.0197049341	-0.0401965428	-0.0512616758	-0.0503054532	-0.0375521182	-0.0159924506	0.0093176004	0.0324425845	0.0479594708	0.0522294002	0.0442510332	0.0258953737	0.0014670001	-0.0233053991	-0.0426124582	-0.0519264863	-0.0490632542	-0.0346942175	-0.0204039952	-0.0171222364	-0.0053636065	0.0223394473	0.0045849705	0.0356048552	0.0071764205	0	0	0	0	0	0	0	0	0	0	0	0	0	0	0	0	0	0	0	0	0	0	0	0	0	0	0	0	0	0	0	0	0	0	0	0	0	0	0	0	0	0	0	0	0	0	0	0	0	0	0	0	0	0	0	0	0	0	0	0	0	0	0	0	0	0	0.632219470692601	-0.830295236260631	0.448081059024295	0.592443852028073
0.0217428	0.215697	0.442406	0.00810863	0.000654687	-0.000719675	-0.017785	-0.092452	0.056727	-0.00151438	-0.000487783	4.7418e-05	0.26944305	0.0461301902	0.0288765622	0.0047336909	-0.0205385235	-0.0409107473	-0.0515226647	-0.0498425313	-0.0362711858	-0.0140464202	0.0115294786	0.0343547251	0.0489837722	0.0519264863	0.0424808075	0.0229002443	-0.0021437585	-0.0266763128	-0.0448445497	-0.0523139709	-0.047302555	-0.0310059033	-0.0201946118	-0.0121460405	-0.0015583651	-0.0014905878	0.0229072915	-0.011893035	-0.0747055512	0	0	0	0	0	0	0	0	0	0	0	0	0	0	0	0	0	0	0	0	0	0	0	0	0	0	0	0	0	0	0	0	0	0	0	0	0	0	0	0	0	0	0	0	0	0	0	0	0	0	0	0	0	0	0	0	0	0	0	0	0	0	0	0	0	0	0.313513001197301	-0.878907214746484	0.448081059024295	0.592443852028073
0.00917521	0.253396	0.453285	0.00764089	0.000936388	-0.000428935	-0.01256759	0.037699	0.010879	-0.00046774	0.000281701	0.00029074	0.11315464	0.0460228486	0.028498854	0.0040589197	-0.0213660101	-0.0416059582	-0.0517492091	-0.0493342563	-0.0349471469	-0.0120792627	0.0137199483	0.0361896802	0.0498771065	0.0514606403	0.0405559987	0.0198094581	-0.0057443291	-0.0299041152	-0.0468069407	-0.0523509242	-0.0451906832	-0.0270638244	-0.0183399072	-0.0106557789	0.0070116336	0.0151796376	-0.0038054935	0.0367382008	0.0043072146	0	0	0	0	0	0	0	0	0	0	0	0	0	0	0	0	0	0	0	0	0	0	0	0	0	0	0	0	0	0	0	0	0	0	0	0	0	0	0	0	0	0	0	0	0	0	0	0	0	0	0	0	0	0	0	0	0	0	0	0	0	0	0	0	0	0	0.302019075378662	-0.959549233517145	0.448081059024295	0.592443852028073
-0.00501461	0.220878	0.502189	0.0058246	0.000194251	-0.000800899	-0.01418982	-0.032518	0.0489039999999999	-0.00181629	-0.000742137	-0.000371964	0.24213137	0.0459146523	0.0281190288	0.0033834701	-0.0221871482	-0.0422818529	-0.0519411573	-0.0487810905	-0.0335815749	-0.0100939368	0.015884942	0.0379433273	0.050637085	0.0508333239	0.0384836111	0.0166359256	-0.0093176004	-0.0329714899	-0.0484878293	-0.0520370985	-0.0427433176	-0.0229002443	-0.0179735273	0.0040092575	-0.0004634703	0.0175622339	-0.0058197244	0.0357605476	0.0168874731	0	0	0	0	0	0	0	0	0	0	0	0	0	0	0	0	0	0	0	0	0	0	0	0	0	0	0	0	0	0	0	0	0	0	0	0	0	0	0	0	0	0	0	0	0	0	0	0	0	0	0	0	0	0	0	0	0	0	0	0	0	0	0	0	0	0	-0.171017728023769	-1.05868931253101	0.448081059024295	0.592443852028073
-0.00074661	0.232871	0.480066	0.00451962	0.000194251	-0.0011883	0.004268	0.011993	-0.022123	-0.00130498	0	-0.000387401000000001	0.12300305	0.0458056033	0.0277371148	0.0027074549	-0.0230016937	-0.0429381175	-0.0520983812	-0.0481835374	-0.0321760928	-0.0080934286	0.0180204398	0.0396117264	0.0512616758	0.0500465054	0.0362711858	0.013392903	-0.0128465907	-0.0358619813	-0.0498771065	-0.0513745965	-0.0399786271	-0.0185492395	-0.0112250297	0.0044966904	0.0078418141	0.007538858	0.007586278	0.0232262527	0.0024608635	0	0	0	0	0	0	0	0	0	0	0	0	0	0	0	0	0	0	0	0	0	0	0	0	0	0	0	0	0	0	0	0	0	0	0	0	0	0	0	0	0	0	0	0	0	0	0	0	0	0	0	0	0	0	0	0	0	0	0	0	0	0	0	0	0	0	-1.42843462868334	0.033287064846705	0.448081059024295	0.592443852028073
-0.00569329	0.205712	0.485183	0.00517533	-8.42009e-05	-0.0011883	-0.00494668	-0.027159	0.00511699999999998	0.00065571	-0.0002784519	0	0.0839307749999999	0.0456957037	0.0273531403	0.0020309873	-0.0238094045	-0.0435744473	-0.0522207755	-0.0475421407	-0.030732371	-0.0060807472	0.0201224762	0.0411911291	0.0517492091	0.0491026536	0.0339267737	0.0100939368	-0.016314529	-0.0385600826	-0.0509664168	-0.0503678575	-0.0369171367	-0.0140464202	-0.014484678	0.0012447127	0.0121776707	0.0041032394	0.0112475563	0.0101197937	-0.045348174	0	0	0	0	0	0	0	0	0	0	0	0	0	0	0	0	0	0	0	0	0	0	0	0	0	0	0	0	0	0	0	0	0	0	0	0	0	0	0	0	0	0	0	0	0	0	0	0	0	0	0	0	0	0	0	0	0	0	0	0	0	0	0	0	0	0	-0.804178596694332	0.222335563073573	0.448081059024295	0.592443852028073
-0.00889703	0.23984	0.490592	0.00474465	0.000194251	-0.00132408	-0.00320374	0.034128	0.00540900000000005	-0.000430679999999999	0.0002784519	-0.000135779999999999	0.0849863349999999	0.0455849554	0.0269671338	0.0013541801	-0.0246100408	-0.044190547	-0.0523082586	-0.0468574839	-0.0292521253	-0.0040589197	0.0221871482	0.042677987	0.0520983812	0.0480047303	0.0314589057	0.006752807	-0.0197049341	-0.0410513194	-0.0517492091	-0.049023627	-0.0335815749	-0.0094286395	-0.0151323851	0.0008600045	0.004954698	0.018979765	-0.011060894	0.0462843328	-0.0056811659	0	0	0	0	0	0	0	0	0	0	0	0	0	0	0	0	0	0	0	0	0	0	0	0	0	0	0	0	0	0	0	0	0	0	0	0	0	0	0	0	0	0	0	0	0	0	0	0	0	0	0	0	0	0	0	0	0	0	0	0	0	0	0	0	0	0	-1.48735917337246	-0.569168038789046	0.448081059024295	0.592443852028073
-0.0101231	0.28635	0.385421	0.00405809	0.00113455	-0.000303719	-0.00122607	0.04651	-0.105171	-0.00068656	0.000940299	0.001020361	0.28526807	0.0454733605	0.0265791242	0.0006771467	-0.0254033645	-0.0447861304	-0.0523607718	-0.0461301902	-0.0277371148	-0.0020309873	0.0242106219	0.0440689593	0.0523082586	0.0467561802	0.0288765622	0.0033834701	-0.0230016937	-0.0433223267	-0.0522207755	-0.0473509122	-0.0299967047	-0.0047336909	-0.0033284826	-0.00168203	-0.0096673826	0.0098029918	-0.0212073741	0.0293020549	0.0401054936	0	0	0	0	0	0	0	0	0	0	0	0	0	0	0	0	0	0	0	0	0	0	0	0	0	0	0	0	0	0	0	0	0	0	0	0	0	0	0	0	0	0	0	0	0	0	0	0	0	0	0	0	0	0	0	0	0	0	0	0	0	0	0	0	0	0	-0.262641909762429	-0.185000249270778	0.448081059024295	0.592443852028073
0.00317039	0.238004	0.3667	0.00405809	0.00104477	0.000834201	0.01329349	-0.048346	-0.018721	0	-8.978e-05	0.00113792	0.14174549	0.0453609212	0.02618914	0	-0.02618914	-0.0453609212	-0.0523782801	-0.0453609212	-0.02618914	0	0.02618914	0.0453609212	0.0523782801	0.0453609212	0.02618914	0	-0.02618914	-0.0453609212	-0.0523782801	-0.0453609212	-0.02618914	0	-0.0044175824	-0.0080806222	0.0047385574	0.0091305843	0.0108216941	-0.0103821616	-0.0279799571	0	0	0	0	0	0	0	0	0	0	0	0	0	0	0	0	0	0	0	0	0	0	0	0	0	0	0	0	0	0	0	0	0	0	0	0	0	0	0	0	0	0	0	0	0	0	0	0	0	0	0	0	0	0	0	0	0	0	0	0	0	0	0	0	0	0	0.55682903528179	-0.344631684770648	0.448081059024295	0.592443852028073
-0.00125396	0.208163	0.35854	0.00426691	0.000860189	0.00064006	-0.00442435	-0.029841	-0.00816	0.000208819999999999	-0.000184581	-0.000194141	0.07180245	0.0452476394	0.0257972105	-0.0006771467	-0.0269671338	-0.0459146523	-0.0523607718	-0.0445503769	-0.0246100408	0.0020309873	0.0281190288	0.0465509697	0.0523082586	0.043823331	0.0234064185	-0.0033834701	-0.0292521253	-0.0471561663	-0.0522207755	-0.0430669878	-0.0221871482	0.0047336909	-0.0062267796	-0.0134412545	-0.0095638083	0.0042039302	0.0100728893	0.0328068994	0.0252109847	0	0	0	0	0	0	0	0	0	0	0	0	0	0	0	0	0	0	0	0	0	0	0	0	0	0	0	0	0	0	0	0	0	0	0	0	0	0	0	0	0	0	0	0	0	0	0	0	0	0	0	0	0	0	0	0	0	0	0	0	0	0	0	0	0	0	0.284768462517184	-0.471132166459256	0.448081059024295	-1.68540061352814
0.0224367	0.158429	0.192369	0.00558871	0.000194251	0.000839593	0.02369066	-0.049734	-0.166171	0.0013218	-0.000665938	0.000199533	0.34895921	0.0451335173	0.0254033645	-0.0013541801	-0.0277371148	-0.0464470668	-0.0523082586	-0.043699295	-0.0230016937	0.0040589197	0.0299967047	0.0476364314	0.0520983812	0.0421482344	0.0205385235	-0.006752807	-0.0321760928	-0.0486984311	-0.0517492091	-0.0404844828	-0.0180204398	0.0094286395	0.0042161886	-0.0215038434	0.00335134	-0.0054985395	0.0030838666	0.014355004	0.0314688592	0	0	0	0	0	0	0	0	0	0	0	0	0	0	0	0	0	0	0	0	0	0	0	0	0	0	0	0	0	0	0	0	0	0	0	0	0	0	0	0	0	0	0	0	0	0	0	0	0	0	0	0	0	0	0	0	0	0	0	0	0	0	0	0	0	0	-0.295405139558144	-0.438236132046464	-2.22840312389761	-1.68540061352814
0.0369527	0.198366	0.148363	0.00727775	0.000658911	0.00212235	0.014516	0.039937	-0.044006	0.00168904	0.00046466	0.001282757	0.27028185	0.045018557	0.0250076315	-0.0020309873	-0.028498854	-0.0469579174	-0.0522207755	-0.0428084497	-0.0213660101	0.0060807472	0.0318186811	0.0486148674	0.0517492091	0.0403408874	0.0175958911	-0.0100939368	-0.0349471469	-0.0499794418	-0.0509664168	-0.0376307102	-0.0137199483	0.0140464202	0.0007256325	-0.0269248681	0.0004567001	-0.0025823764	0.0269373694	-0.0156935192	0.0019298584	0	0	0	0	0	0	0	0	0	0	0	0	0	0	0	0	0	0	0	0	0	0	0	0	0	0	0	0	0	0	0	0	0	0	0	0	0	0	0	0	0	0	0	0	0	0	0	0	0	0	0	0	0	0	0	0	0	0	0	0	0	0	0	0	0	0	-0.492265437745186	-0.241563869086739	-2.22840312389761	-1.68540061352814
0.022465	0.238848	0.253722	0.00668529	0.00107227	0.00236741	-0.0144877	0.040482	0.105359	-0.00059246	0.000413359	0.00024506	0.22287265	0.0449027607	0.0246100408	-0.0027074549	-0.0292521253	-0.047446967	-0.0520983812	-0.0418786518	-0.0197049341	0.0080934286	0.0335815749	0.0494840794	0.0512616758	0.0384069609	0.0145892291	-0.013392903	-0.0375521182	-0.050992326	-0.0498771065	-0.0345247919	-0.0093176004	0.0185492395	-0.010698364	-0.0243094261	0.0024774401	0.0341607839	0.0197446189	0.0333129439	0.0634218979	0	0	0	0	0	0	0	0	0	0	0	0	0	0	0	0	0	0	0	0	0	0	0	0	0	0	0	0	0	0	0	0	0	0	0	0	0	0	0	0	0	0	0	0	0	0	0	0	0	0	0	0	0	0	0	0	0	0	0	0	0	0	0	0	0	0	-0.463602396565032	-0.256733081603301	-2.22840312389761	-1.68540061352814
0.0340046	0.211698	0.284636	0.00566239	0.00107227	0.00235576	0.0115396	-0.02715	0.030914	-0.0010229	0	-1.16499999999998e-05	0.1213311	0.0447861304	0.0242106219	-0.0033834701	-0.0299967047	-0.0479139886	-0.0519411573	-0.0409107473	-0.0180204398	0.0100939368	0.0352821126	0.0502421146	0.050637085	0.036352523	0.0115294786	-0.0166359256	-0.0399786271	-0.0517316498	-0.0484878293	-0.0311875391	-0.0048460789	0.0229002443	-0.0085939069	-0.0224935473	0.0027395261	0.004675257	0.0123992017	0.013918984	-0.0131692906	0	0	0	0	0	0	0	0	0	0	0	0	0	0	0	0	0	0	0	0	0	0	0	0	0	0	0	0	0	0	0	0	0	0	0	0	0	0	0	0	0	0	0	0	0	0	0	0	0	0	0	0	0	0	0	0	0	0	0	0	0	0	0	0	0	0	-0.685788660270867	-0.157956227841797	-2.22840312389761	-1.68540061352814
0.0225811	0.13308	0.257801	0.00626778	0.000389459	0.00235155	-0.0114235	-0.078618	-0.026835	0.00060539	-0.000682811	-4.21000000000015e-06	0.18149705	0.0446686685	0.0238094045	-0.0040589197	-0.030732371	-0.0483587652	-0.0517492091	-0.0399056168	-0.016314529	0.0120792627	0.0369171367	0.0508872699	0.0498771065	0.0341840202	0.0084277735	-0.0198094581	-0.0422151417	-0.0521934471	-0.0468069407	-0.0276413132	-0.0003385804	0.0270638244	-0.0097606627	-0.0301837753	-0.0073790973	0.0223056857	0.0159954108	0.0189685827	0.0007548175	0	0	0	0	0	0	0	0	0	0	0	0	0	0	0	0	0	0	0	0	0	0	0	0	0	0	0	0	0	0	0	0	0	0	0	0	0	0	0	0	0	0	0	0	0	0	0	0	0	0	0	0	0	0	0	0	0	0	0	0	0	0	0	0	0	0	-0.936534858471297	0.032874734256214	-2.22840312389761	-1.68540061352814
0.0226448	0.121684	0.272382	0.00428359	8.2919e-05	0.00184476	6.36999999999999e-05	-0.011396	0.014581	-0.00198419	-0.00030654	-0.00050679	0.1659167	0.0445503769	0.0234064185	-0.0047336909	-0.0314589057	-0.0487810905	-0.0515226647	-0.0388641751	-0.0145892291	0.0140464202	0.0384836111	0.0514180959	0.0489837722	0.0319082567	0.0052954007	-0.0229002443	-0.0442510332	-0.0523752403	-0.0448445497	-0.0239098759	0.0041714317	0.0310059033	-0.0064469508	-0.0217286158	-0.013760016	0.0128295186	0.0049032543	0.0407728911	0.0539203398	0	0	0	0	0	0	0	0	0	0	0	0	0	0	0	0	0	0	0	0	0	0	0	0	0	0	0	0	0	0	0	0	0	0	0	0	0	0	0	0	0	0	0	0	0	0	0	0	0	0	0	0	0	0	0	0	0	0	0	0	0	0	0	0	0	0	-1.45298945497899	-0.609963281592073	0.448081059024295	-1.68540061352814
-0.0175774	0.18359	0.188808	0.00445449	0.000570173	0.000961644	-0.0402222	0.061906	-0.083574	0.0001709	0.000487254	-0.000883116	0.2627657	0.044431258	0.0230016937	-0.005407671	-0.0321760928	-0.0491807684	-0.0512616758	-0.0377873696	-0.0128465907	0.0159924506	0.0399786271	0.0518333998	0.0479594708	0.0295323731	0.0021437585	-0.0258953737	-0.0460766263	-0.0522760543	-0.0426124582	-0.0200182296	0.0086504753	0.0346942175	-0.0034188707	-0.0259138777	0.0112835716	-0.0024957517	0.046166864	0.0151323943	0.006224013	0	0	0	0	0	0	0	0	0	0	0	0	0	0	0	0	0	0	0	0	0	0	0	0	0	0	0	0	0	0	0	0	0	0	0	0	0	0	0	0	0	0	0	0	0	0	0	0	0	0	0	0	0	0	0	0	0	0	0	0	0	0	0	0	0	0	0.456479064399369	-0.724270689178759	0.448081059024295	0.592443852028073
-0.0403213	0.162439	0.122253	0.00463303	0.000132735	0.0014235	-0.0227439	-0.021151	-0.066555	0.00017854	-0.000437438	0.000461856	0.1643416	0.044311314	0.0225952602	-0.0060807472	-0.0328837193	-0.0495576132	-0.0509664168	-0.0366761804	-0.0110886847	0.0179144269	0.0413994086	0.0521322486	0.0468069407	0.0270638244	-0.0010156846	-0.0287823352	-0.0476832451	-0.051896421	-0.0401240904	-0.0159924506	0.0130652981	0.0380985803	0.000144418	-0.0072127035	0.0221780199	0.0109289353	0.0271629628	-0.0141419132	0.0247485002	0	0	0	0	0	0	0	0	0	0	0	0	0	0	0	0	0	0	0	0	0	0	0	0	0	0	0	0	0	0	0	0	0	0	0	0	0	0	0	0	0	0	0	0	0	0	0	0	0	0	0	0	0	0	0	0	0	0	0	0	0	0	0	0	0	0	-2.54970501641236	-0.751968674205445	-2.22840312389761	0.592443852028073
-0.0196889	0.300777	0.301256	0.00482272	0.000632981	0.0011801	0.0206324	0.138338	0.179003	0.00018969	0.000500246	-0.0002434	0.3846402	0.044190547	0.0221871482	-0.006752807	-0.0335815749	-0.04991145	-0.050637085	-0.0355316183	-0.0093176004	0.0198094581	0.0427433176	0.0523139709	0.0455292636	0.0245103563	-0.0041714317	-0.0315490697	-0.0490632542	-0.0512383773	-0.0373944116	-0.0118595137	0.0173831246	0.0411911291	-0.017519117	-0.0240109689	-0.0110092904	0.0396109363	0.0078319649	0.0125995515	-0.0146963753	0	0	0	0	0	0	0	0	0	0	0	0	0	0	0	0	0	0	0	0	0	0	0	0	0	0	0	0	0	0	0	0	0	0	0	0	0	0	0	0	0	0	0	0	0	0	0	0	0	0	0	0	0	0	0	0	0	0	0	0	0	0	0	0	0	0	-2.52531380252193	-0.509573409573727	-2.22840312389761	0.592443852028073
-0.014953	0.22813	0.242882	0.00540953	0.000349319	0.00119704	0.0047359	-0.072647	-0.0583739999999999	0.00058681	-0.000283662	1.694e-05	0.1801275	0.0440689593	0.021777388	-0.0074237382	-0.0342694522	-0.0502421146	-0.0502739006	-0.0343547251	-0.0075354425	0.021674694	0.0440078585	0.0523781585	0.0441298556	0.0218799809	-0.0073119995	-0.0341840202	-0.0502100954	-0.0503054532	-0.0344398384	-0.0076471118	0.0215718994	0.0439465533	-0.0106563486	-0.0364089574	-0.0051162384	0.0157517179	0.0298427628	0.0415505643	0.0360387973	0	0	0	0	0	0	0	0	0	0	0	0	0	0	0	0	0	0	0	0	0	0	0	0	0	0	0	0	0	0	0	0	0	0	0	0	0	0	0	0	0	0	0	0	0	0	0	0	0	0	0	0	0	0	0	0	0	0	0	0	0	0	0	0	0	0	-0.172862535068385	-0.245984987860232	0.448081059024295	0.592443852028073
0.000770269	0.274688	0.259562	0.00427787	0.000267743	0.00116188	0.015723269	0.046558	0.01668	-0.00113166	-8.1576e-05	-3.516e-05	0.141381069	0.0439465533	0.0213660101	-0.0080934286	-0.0349471469	-0.0505494535	-0.0498771065	-0.0331465714	-0.0057443291	0.0235073292	0.0451906832	0.052324667	0.0426124582	0.0191809517	-0.0104259597	-0.0366761804	-0.0511183183	-0.0491026536	-0.03127814	-0.0033834701	0.0256005252	0.0463423012	-0.0143171082	-0.0283358807	-0.0064551845	0.0183238192	-0.007796521	0.0403535819	0.0494553714	0	0	0	0	0	0	0	0	0	0	0	0	0	0	0	0	0	0	0	0	0	0	0	0	0	0	0	0	0	0	0	0	0	0	0	0	0	0	0	0	0	0	0	0	0	0	0	0	0	0	0	0	0	0	0	0	0	0	0	0	0	0	0	0	0	0	0.629666808468383	0.122108051663286	0.448081059024295	0.592443852028073
-0.00743119	0.18872	0.252319	0.0040205	4.99639e-05	0.00106296	-0.008201459	-0.085968	-0.007243	-0.00025737	-0.0002177791	-9.892e-05	0.130115914	0.043823331	0.0209530451	-0.0087617663	-0.0356144575	-0.0508333239	-0.0494469678	-0.0319082567	-0.0039463888	0.025304607	0.0462895956	0.0521536168	0.0409811285	0.0164217376	-0.0135019809	-0.03901514	-0.0517836067	-0.0476364314	-0.0279283311	0.0009028426	0.0294390937	0.0483587652	-0.0122101182	-0.0359799074	-0.0229491104	0.005507198	0.0438925023	0.005259328	-0.0114498071	0	0	0	0	0	0	0	0	0	0	0	0	0	0	0	0	0	0	0	0	0	0	0	0	0	0	0	0	0	0	0	0	0	0	0	0	0	0	0	0	0	0	0	0	0	0	0	0	0	0	0	0	0	0	0	0	0	0	0	0	0	0	0	0	0	0	0.561004547344287	-0.906842744412802	0.448081059024295	-1.68540061352814
-0.0107616	0.208448	0.282058	0.00221137	0.000206279	0.000559335	-0.00333041	0.019728	0.029739	-0.00180913	0.0001563151	-0.000503625	0.176250915	0.043699295	0.0205385235	-0.0094286395	-0.0362711858	-0.051093594	-0.0489837722	-0.0306409077	-0.0021437585	0.0270638244	0.047302555	0.051865392	0.0392402281	0.0136109962	-0.01652887	-0.0411911291	-0.0522027989	-0.0459146523	-0.024410558	0.0051831058	0.0330591074	0.0499794418	-0.0076973886	-0.0317402212	-0.0241660494	0.0212995703	0.0126770254	0.005285933	0.0105055472	0	0	0	0	0	0	0	0	0	0	0	0	0	0	0	0	0	0	0	0	0	0	0	0	0	0	0	0	0	0	0	0	0	0	0	0	0	0	0	0	0	0	0	0	0	0	0	0	0	0	0	0	0	0	0	0	0	0	0	0	0	0	0	0	0	0	0.471895674809029	-1.07231600492407	0.448081059024295	0.592443852028073
-0.00600916	0.177075	0.254162	0.0030875	0.000267743	0.00106843	0.00475244	-0.031373	-0.027896	0.00087613	6.1464e-05	0.000509095	0.13635589	0.0435744473	0.0201224762	-0.0100939368	-0.0369171367	-0.0513301431	-0.0484878293	-0.0293456776	-0.0003385804	0.0287823352	0.0482276804	0.0514606403	0.0373944116	0.010757547	-0.0194956122	-0.0431950583	-0.0523739028	-0.0439465533	-0.0207459769	0.0094286395	0.0364336915	0.0511910666	-0.0118737654	-0.0428813167	-0.037796702	0.0117468421	0.0342731334	0.0462936935	0.0533634424	0	0	0	0	0	0	0	0	0	0	0	0	0	0	0	0	0	0	0	0	0	0	0	0	0	0	0	0	0	0	0	0	0	0	0	0	0	0	0	0	0	0	0	0	0	0	0	0	0	0	0	0	0	0	0	0	0	0	0	0	0	0	0	0	0	0	0.955545675365726	-1.15177909123567	0.448081059024295	0.592443852028073
0.108022	0.019781	0.342294	-0.00829962	-0.000492783	0.000403164	0.11403116	-0.157294	0.088132	-0.01138712	-0.000760526	-0.000665266	1.00010276	0.0434487905	0.0197049341	-0.010757547	-0.0375521182	-0.0515428613	-0.0479594708	-0.028023745	0.0014670001	0.0304575546	0.0490632542	0.050940271	0.0354486142	0.0078703433	-0.0223914121	-0.045018557	-0.0522961052	-0.0417426926	-0.0169566271	0.0136109962	0.0395377932	0.0519837232	0.0251423723	0.0432388212	-0.0023958098	-0.0369168803	-0.0479924384	-0.0352459127	-0.0213530038	0	0	0	0	0	0	0	1	0	0	0	0	0	0	0	0	0	0	0	0	0	0	0	0	0	0	0	0	0	0	0	0	0	0	0	0	0	0	0	0	0	0	0	0	0	0	0	0	0	0	0	0	0	0	0	0	0	0	0	0	0	0	0	0	0	0	-1.00558176309901	-0.513445757099638	0.448081059024295	0.592443852028073
0.117456	-0.07024	0.264217	-0.0103338	-0.00192083	-0.00299775	0.00943399999999998	-0.090021	-0.078077	-0.00203418	-0.001428047	-0.003400914	0.52068905	0.0433223267	0.0192859283	-0.0114193591	-0.0381759417	-0.0517316498	-0.0473990497	-0.0266763128	0.0032708371	0.0320869629	0.0498077248	0.0503054532	0.0334080384	0.0049584444	-0.0252057321	-0.0466540082	-0.0519697758	-0.0393148935	-0.0130652981	0.017702152	0.0423483678	0.0523509242	0.0207808177	0.0115209398	-0.0145102732	-0.0586752765	-0.0504790272	-0.0765117291	-0.0931896492	0	0	0	0	0	0	0	0	0	0	0	0	0	0	0	0	0	0	0	0	0	0	0	0	0	0	0	0	0	0	0	0	0	0	0	0	0	0	0	0	0	0	0	0	0	0	0	0	0	0	0	0	0	0	0	0	0	0	0	0	0	0	0	0	0	0	0.544880699160327	-0.361375315663289	0.448081059024295	0.592443852028073
0.117626	-0.0697812	0.204283	-0.00781029	-0.00241546	-0.00364777	0.000170000000000003	0.000458799999999995	-0.059934	0.00252351	-0.00049463	-0.00065002	0.2439708	0.0431950583	0.0188654898	-0.0120792627	-0.0387884217	-0.051896421	-0.0468069407	-0.025304607	0.0050707869	0.0336681095	0.0504597097	0.0495576132	0.03127814	0.0020309873	-0.0279283311	-0.0480945804	-0.0513964655	-0.0366761804	-0.0090953929	0.021674694	0.0448445497	0.0522896643	0.0134601972	-0.0108841348	-0.0053059511	0.03365431	0.0539403341	-0.0929978243	-0.0641253807	0	0	0	0	0	0	0	0	0	0	0	0	0	0	0	0	0	0	0	0	0	0	0	0	0	0	0	0	0	0	0	0	0	0	0	0	0	0	0	0	0	0	0	0	0	0	0	0	0	0	0	0	0	0	0	0	0	0	0	0	0	0	0	0	0	0	0.894693900024065	-0.609657086821151	0.448081059024295	0.592443852028073
0.020927	0.0259934	0.167618	-0.0081915	-0.00157129	-0.00290675	-0.096699	0.0957746	-0.036665	-0.000381210000000001	0.00084417	0.00074102	0.3274586	0.0430669878	0.0184436498	-0.0127371473	-0.0393893764	-0.0520370985	-0.0461835398	-0.0239098759	0.0068647103	0.0351986159	0.0510179984	0.0486984311	0.0290646136	-0.0009028426	-0.030549302	-0.0493342563	-0.0505788988	-0.0338407093	-0.0050707869	0.0255020041	0.0470078072	0.0518004449	0.0193398875	-0.0090844479	0.0920865246	-0.0385726666	-0.0782508776	-0.0400162753	-0.0076981971	0	0	0	0	0	0	0	0	0	0	0	0	0	0	0	0	0	0	0	0	0	0	0	0	0	0	0	0	0	0	0	0	0	0	0	0	0	0	0	0	0	0	0	0	0	0	0	0	0	0	0	0	0	0	0	0	0	0	0	0	0	0	0	0	0	0	0.731670499454219	-0.785253422521255	0.448081059024295	0.592443852028073
0.0703803	0.12272	0.557349	-0.0108756	-0.00222556	-0.00214397	0.0494533	0.0967266	0.389731	-0.0026841	-0.00065427	0.00076278	0.7409684	0.0429381175	0.0180204398	-0.013392903	-0.0399786271	-0.0521536168	-0.0455292636	-0.0224933884	0.0086504753	0.0366761804	0.0514815542	0.0477298374	0.0267733776	-0.0038338396	-0.0330591074	-0.0503678575	-0.0495209612	-0.0308236917	-0.0010156846	0.0291584371	0.0488220806	0.0508872699	-0.0033925688	0.0392749146	-0.0098149687	-0.0489848489	-0.0582084495	0.0493249544	-0.0053799908	0	0	0	0	0	0	0	0	0	0	0	0	0	0	0	0	0	0	0	0	0	0	0	0	0	0	0	0	0	0	0	0	0	0	0	0	0	0	0	0	0	0	0	0	0	0	0	0	0	0	0	0	0	0	0	0	0	0	0	0	0	0	0	0	0	0	0.393847926975183	-0.842215065138733	0.448081059024295	0.592443852028073
0.109131	0.176416	0.603774	-0.0100325	-0.00294237	-0.000163577	0.0387507	0.053696	0.046425	0.000843099999999999	-0.00071681	0.001980393	0.31588685	0.0428084497	0.0175958911	-0.0140464202	-0.0405559987	-0.0522459219	-0.0448445497	-0.0210564335	0.0104259597	0.0380985803	0.0518495163	0.0466540082	0.024410558	-0.006752807	-0.0354486142	-0.0511910666	-0.0482276804	-0.0276413132	0.0030455261	0.0326194932	0.0502739006	0.0495576132	-0.0072962977	0.0299701949	0.0072362346	-0.0165642186	0.0057730408	0.0232650931	-0.03529046	0	0	0	0	0	0	0	0	0	0	0	0	0	0	0	0	0	0	0	0	0	0	0	0	0	0	0	0	0	0	0	0	0	0	0	0	0	0	0	0	0	0	0	0	0	0	0	0	0	0	0	0	0	0	0	0	0	0	0	0	0	0	0	0	0	0	0.914865457372852	-0.871125628541888	0.448081059024295	-1.68540061352814
0.0969553	0.125605	0.389853	-0.00494725	-0.00285692	0.000400483	-0.0121757	-0.050811	-0.213921	0.00508525	8.54499999999999e-05	0.00056406	0.5636457	0.042677987	0.0171700353	-0.0146975897	-0.0411213197	-0.0523139709	-0.0441298556	-0.0196003187	0.0121890533	0.0394636764	0.0521212014	0.0454733605	0.0219824722	-0.0096505858	-0.0377091275	-0.0518004449	-0.0467052026	-0.0243106464	0.0070884207	0.0358619813	0.051352489	0.0478223571	-0.0065421702	-0.0165879348	-0.0267430622	0.0057156672	0.00489536	0.0016465683	0.0163006309	0	0	0	0	0	0	0	0	0	0	0	0	0	0	0	0	0	0	0	0	0	0	0	0	0	0	0	0	0	0	0	0	0	0	0	0	0	0	0	0	0	0	0	0	0	0	0	0	0	0	0	0	0	0	0	0	0	0	0	0	0	0	0	0	0	0	0.066966702568826	-0.541300681529016	0.448081059024295	0.592443852028073
0.11024	0.140232	0.647347	-0.00856528	-0.00326095	0.000432385	0.0132847	0.014627	0.257494	-0.00361803	-0.00040403	3.19019999999999e-05	0.4881038	0.0425467316	0.016742904	-0.0153463027	-0.0416744222	-0.0523577323	-0.0433856593	-0.018126369	0.0139376608	0.0407694154	0.0522961052	0.044190547	0.0194956122	-0.0125180835	-0.0398324213	-0.0521934471	-0.0449607632	-0.0208495594	0.0110886847	0.0388641751	0.0520498384	0.0456957037	-0.0143171945	0.0278487761	-0.0211969913	0.0155037063	0.0157579651	0.0188652364	-0.0156323026	0	0	0	0	0	0	0	0	0	0	0	0	0	0	0	0	0	0	0	0	0	0	0	0	0	0	0	0	0	0	0	0	0	0	0	0	0	0	0	0	0	0	0	0	0	0	0	0	0	0	0	0	0	0	0	0	0	0	0	0	0	0	0	0	0	0	0.609224210191689	-0.455697491592989	0.448081059024295	0.592443852028073
0.116215	0.136815	0.532203	-0.00648703	-0.00297225	0.000432385	0.00597500000000001	-0.00341699999999998	-0.115144	0.00207825	0.0002887	0	0.2428835	0.0424146861	0.016314529	-0.0159924506	-0.0422151417	-0.0523771858	-0.0426124582	-0.0166359256	0.015669704	0.0420138333	0.0523739028	0.0428084497	0.0169566271	-0.0153463027	-0.0418107693	-0.0523684314	-0.0430026525	-0.01727662	0.0150222601	0.0416059582	0.0523607718	0.0431950583	-0.0102804567	-0.0062738032	-0.0323192984	0.0283904678	0.0141202722	-0.0001138814	0.0177377771	0	0	0	0	0	0	0	0	0	0	0	0	0	0	0	0	0	0	0	0	0	0	0	0	0	0	0	0	0	0	0	0	0	0	0	0	0	0	0	0	0	0	0	0	0	0	0	0	0	0	0	0	0	0	0	0	0	0	0	0	0	0	0	0	0	0	0.821068626373815	-0.566296251089887	0.448081059024295	0.592443852028073
0.109837	0.197373	0.577813	-0.00618894	-0.00282524	0.000502568	-0.00637800000000002	0.060558	0.04561	0.00029809	0.00014701	7.0183e-05	0.13831015	0.0422818529	0.015884942	-0.0166359256	-0.0427433176	-0.0523723222	-0.0418107693	-0.0151303447	0.0173831246	0.0431950583	0.0523544498	0.0413301739	0.0143723053	-0.018126369	-0.0436369724	-0.052324667	-0.0408401761	-0.0136109962	0.0188654898	0.0440689593	0.0522829807	0.0403408874	-0.0169465303	0.0051937987	-0.0070673092	0.0111060713	0.0001661032	0.0416862591	0.0573405402	0	0	0	0	0	0	0	0	0	0	0	0	0	0	0	0	0	0	0	0	0	0	0	0	0	0	0	0	0	0	0	0	0	0	0	0	0	0	0	0	0	0	0	0	0	0	0	0	0	0	0	0	0	0	0	0	0	0	0	0	0	0	0	0	0	0	1.0531571450278	-0.589138381599688	0.448081059024295	0.592443852028073
0.119095	0.157253	0.605834	-0.00641641	-0.00307084	0.000749839	0.00925800000000002	-0.04012	0.028021	-0.00022747	-0.0002456	0.000247271	0.11341605	0.0421482344	0.015454175	-0.01727662	-0.0432587929	-0.0523431439	-0.0409811285	-0.0136109962	0.0190758861	0.044311314	0.0522377823	0.0397590408	0.0117495564	-0.0208495594	-0.0453043854	-0.0520623368	-0.0384836111	-0.009872353	0.0225952602	0.046236675	0.0518170426	0.0371565505	-0.0210932516	0.0005424593	-0.033042865	0.0607113491	0.0277771802	0.0324285892	0.0012809493	0	0	0	0	0	0	0	0	0	0	0	0	0	0	0	0	0	0	0	0	0	0	0	0	0	0	0	0	0	0	0	0	0	0	0	0	0	0	0	0	0	0	0	0	0	0	0	0	0	0	0	0	0	0	0	0	0	0	0	0	0	0	0	0	0	0	0.44209784268242	-0.568961502845091	0.448081059024295	0.592443852028073
0.212911	0.0367954	0.419183	-0.00719185	-0.00412639	0.000631357	0.093816	-0.1204576	-0.186651	-0.00077544	-0.00105555	-0.000118482	0.4983982	0.0420138333	0.0150222601	-0.0179144269	-0.0437614146	-0.0522896643	-0.0401240904	-0.0120792627	0.0207459769	0.0453609212	0.0520241169	0.0380985803	0.0090953929	-0.0235073292	-0.0468069407	-0.0515825363	-0.0359441567	-0.0060807472	0.02618914	0.0480945804	0.0509664168	0.0336681095	-0.0050023433	-0.0100341157	0.05899803	-0.0946154412	0.0021535197	0.0092707733	-0.0170953453	0	0	0	0	0	0	0	0	0	0	0	0	0	0	0	0	0	0	0	0	0	0	0	0	0	0	0	0	0	0	0	0	0	0	0	0	0	0	0	0	0	0	0	0	0	0	0	0	0	0	0	0	0	0	0	0	0	0	0	0	0	0	0	0	0	0	0.292669706879123	-0.317825083682943	0.448081059024295	0.592443852028073
0.246506	-0.287773	0.0501395	-0.0231441	-0.00304434	-0.00109769	0.033595	-0.3245684	-0.3690435	-0.01595225	0.00108205	-0.001729047	1.66537425	0.0418786518	0.0145892291	-0.0185492395	-0.0442510332	-0.0522119084	-0.0392402281	-0.0105365379	0.0223914121	0.0463423012	0.0517138504	0.036352523	0.0064169112	-0.0260913389	-0.0481391707	-0.0508872699	-0.0332338815	-0.0022565198	0.0296255153	0.0496302266	0.0497374181	0.0299041152	0.0292951748	-0.0103106507	0.0238334202	-0.1176869575	0.0209508502	-0.0039625681	0.0071136464	0	0	0	0	0	0	0	0	1	0	0	0	0	0	0	0	0	0	0	0	0	0	0	0	0	0	0	0	0	0	0	0	0	0	0	0	0	0	0	0	0	0	0	0	0	0	0	0	0	0	0	0	0	0	0	0	0	0	0	0	0	0	0	0	0	0	-1.30520423468631	0.372321089794217	0.448081059024295	-1.68540061352814
0.15446	0.0154117	0.476676	-0.0201615	-0.00115346	-0.00089423	-0.092046	0.3031847	0.4265365	0.00298259999999999	0.00189088	0.00020346	1.0756142	0.0417426926	0.0141551145	-0.0191809517	-0.0447275033	-0.0521099123	-0.0383301323	-0.0089842256	0.0240102362	0.0472539781	0.0513075588	0.0345247919	0.0037212726	-0.0285934806	-0.0492962274	-0.0499794418	-0.0303656657	0.0015798132	0.0328837193	0.0508333239	0.0481391707	0.0258953737	0.0110578355	0.036733403	-0.0059296543	0.0420261781	-0.0864870211	-0.003693815	-0.0212101077	0	0	0	0	0	0	0	0	0	1	0	0	0	0	0	0	0	0	0	0	0	0	0	0	0	0	0	0	0	0	0	0	0	0	0	0	0	0	0	0	0	0	0	0	0	0	0	0	0	0	0	0	0	0	0	0	0	0	0	0	0	0	0	0	0	0	-0.765929103378383	-1.03684840976443	-2.22840312389761	-1.68540061352814
0.146039	0.0229139	0.476095	-0.0166663	-0.00205938	-0.000626375	-0.00842099999999998	0.0075022	-0.000581000000000054	0.0034952	-0.00090592	0.000267855	0.24995295	0.0416059582	0.0137199483	-0.0198094581	-0.0451906832	-0.0519837232	-0.0373944116	-0.0074237382	0.0256005252	0.0480945804	0.0508059967	0.0326194932	0.0010156846	-0.0310059033	-0.0502739006	-0.048862844	-0.0273531403	0.005407671	0.0359441567	0.0516958108	0.0461835398	0.021674694	0.0076664441	0.01724041	0.0117461334	-0.0205921384	0.0112411886	-0.0682492883	-0.0510778599	0	0	0	0	0	0	0	0	0	0	0	0	0	0	0	0	0	0	0	0	0	0	0	0	0	0	0	0	0	0	0	0	0	0	0	0	0	0	0	0	0	0	0	0	0	0	0	0	0	0	0	0	0	0	0	0	0	0	0	0	0	0	0	0	0	0	0.810130982732953	-1.11466374616313	-2.22840312389761	-1.68540061352814
0.138999	0.0913066	0.597283	-0.0167166	-0.0024708	-0.000626375	-0.00703999999999999	0.0683927	0.121188	-5.02999999999997e-05	-0.00041142	0	0.2197067	0.0414684511	0.0132837629	-0.0204346535	-0.0456404355	-0.0518333998	-0.0364336915	-0.0058564958	0.0271603893	0.048862844	0.0502100954	0.0306409077	-0.0016926191	-0.0333210373	-0.0510686325	-0.0475421407	-0.0242106219	0.009206518	0.0387884217	0.0522119084	0.043885044	0.01727662	0.0030306527	0.0316810321	-0.0122374897	0.0233528598	-0.0308358126	-0.0106676339	-0.0208784658	0	0	0	0	0	0	0	0	0	0	0	0	0	0	0	0	0	0	0	0	0	0	0	0	0	0	0	0	0	0	0	0	0	0	0	0	0	0	0	0	0	0	0	0	0	0	0	0	0	0	0	0	0	0	0	0	0	0	0	0	0	0	0	0	0	0	1.48541247596771	0.14937246455889	-2.22840312389761	-1.68540061352814
0.204657	-0.116444	0.549226	-0.0245865	-0.00288719	-0.000864315	0.065658	-0.2077506	-0.048057	-0.0078699	-0.00041639	-0.00023794	0.7476771	0.0413301739	0.0128465907	-0.0210564335	-0.0460766263	-0.0516590118	-0.0354486142	-0.0042839244	0.0286879745	0.0495576132	0.0495209612	0.0285934806	-0.0043963972	-0.0355316183	-0.0516775313	-0.0460228486	-0.0209530451	0.0129559745	0.0413994086	0.0523781585	0.0412607473	0.0127371473	0.0159708966	0.0467731616	0.0230186494	-0.0117701836	-0.0082359063	0.0042490679	0.0409020686	0	0	0	0	0	0	0	0	0	0	0	0	0	0	0	0	0	0	0	0	0	0	0	0	0	0	0	0	0	0	0	0	0	0	0	0	0	0	0	0	0	0	0	0	0	0	0	0	0	0	0	0	0	0	0	0	0	0	0	0	0	0	0	0	0	0	0.390219744713575	0.069082949933073	-2.22840312389761	0.592443852028073
0.240845	-0.0800645	0.296979	-0.0194005	-0.00387492	-0.000585729	0.036188	0.0363795	-0.252247	0.005186	-0.00098773	0.000278586	0.6474303	0.0411911291	0.0124084642	-0.021674694	-0.0464991262	-0.0514606403	-0.0344398384	-0.0027074549	0.0301814655	0.050177843	0.048739874	0.0264818121	-0.0070884207	-0.0376307102	-0.0520983812	-0.044311314	-0.0175958911	0.0166359256	0.0437614146	0.0521934471	0.0383301323	0.0080934286	0.0196213229	-0.0027057237	-0.0083079468	-0.0102633932	-0.0336840724	-0.0326890171	-0.0458482325	0	0	0	0	0	0	0	0	0	0	0	0	0	0	0	0	0	0	0	0	0	0	0	0	0	0	0	0	0	0	0	0	0	0	0	0	0	0	0	0	0	0	0	0	0	0	0	0	0	0	0	0	0	0	0	0	0	0	0	0	0	0	0	0	0	0	0.359617433477483	0.138420822525101	-2.22840312389761	0.592443852028073
0.254571	0.00572451	0.394928	-0.0186498	-0.00431732	-0.000239923	0.013726	0.08578901	0.097949	0.000750700000000003	-0.0004424	0.000345806	0.27440931	0.0410513194	0.011969416	-0.0222893319	-0.0469078096	-0.0512383773	-0.0334080384	-0.0011285219	0.0316390872	0.0507226006	0.0478682839	0.0243106464	-0.0097614921	-0.0396117264	-0.0523296507	-0.0424146861	-0.0141551145	0.0202266294	0.0458602343	0.0516590118	0.0351149558	0.0033834701	0.0163847342	0.0024046501	0.0024179187	-0.0100413943	-0.0084805154	-0.0400270111	0.0125251006	0	0	0	0	0	0	0	0	0	0	0	0	0	0	0	0	0	0	0	0	0	0	0	0	0	0	0	0	0	0	0	0	0	0	0	0	0	0	0	0	0	0	0	0	0	0	0	0	0	0	0	0	0	0	0	0	0	0	0	0	0	0	0	0	0	0	0.578688887430946	0.371285281649578	-2.22840312389761	0.592443852028073
0.185505	-0.0087202	0.472952	-0.0192735	-0.00301377	0.000164441	-0.069066	-0.01444471	0.078024	-0.000623700000000005	0.00130355	0.000404364	0.27811541	0.0409107473	0.0115294786	-0.0229002443	-0.047302555	-0.050992326	-0.032353904	0.0004514381	0.0330591074	0.0511910666	0.0469078096	0.0220848615	-0.0124084642	-0.0414684511	-0.0523704984	-0.0403408874	-0.0106470671	0.0237088227	0.0476832451	0.0507784337	0.0316390872	-0.0013541801	0.0099656548	0.014086015	0.0030338266	0.0011207792	-0.0209619996	-0.0188178202	-0.0097933268	0	0	0	0	0	0	0	0	0	0	0	0	0	0	0	0	0	0	0	0	0	0	0	0	0	0	0	0	0	0	0	0	0	0	0	0	0	0	0	0	0	0	0	0	0	0	0	0	0	0	0	0	0	0	0	0	0	0	0	0	0	0	0	0	0	0	0.004757252966418	0.942652776626624	-2.22840312389761	-1.68540061352814
0.185351	-0.0299121	0.462431	-0.0197194	-0.00259439	0.000164441	-0.000154000000000015	-0.0211919	-0.010521	-0.000445899999999999	0.00041938	0	0.0751309000000001	0.0407694154	0.0110886847	-0.0235073292	-0.0476832451	-0.0507226006	-0.03127814	0.0020309873	0.0344398384	0.0515825363	0.0458602343	0.0198094581	-0.0150222601	-0.0431950583	-0.0522207755	-0.0380985803	-0.0070884207	0.0270638244	0.0492194833	0.0495576132	0.0279283311	-0.0060807472	0.0125103535	0.0059330664	-0.0003907725	-0.0020055276	0.0046673273	-0.0298121889	-0.0114042065	0	0	0	0	0	0	0	0	0	0	0	0	0	0	0	0	0	0	0	0	0	0	0	0	0	0	0	0	0	0	0	0	0	0	0	0	0	0	0	0	0	0	0	0	0	0	0	0	0	0	0	0	0	0	0	0	0	0	0	0	0	0	0	0	0	0	0.226837014257529	1.01989830839946	0.448081059024295	0.592443852028073
0.185612	-0.0128828	0.490659	-0.0182073	-0.00344444	0.000697738	0.000261000000000011	0.0170293	0.028228	0.0015121	-0.00085005	0.000533297	0.19029065	0.0406273263	0.0106470671	-0.024110485	-0.0480497669	-0.0504293264	-0.0301814655	0.0036086884	0.0357796393	0.051896421	0.0447275033	0.0174895484	-0.0175958911	-0.0447861304	-0.051881027	-0.0356971313	-0.0034960873	0.0302736359	0.0504597097	0.0480047303	0.0240102362	-0.010757547	0.0067526695	0.0109185776	-0.0132493452	0.0013954823	-0.0412413926	-0.0008200206	0.0281941307	0	0	0	0	0	0	0	0	0	0	0	0	0	0	0	0	0	0	0	0	0	0	0	0	0	0	0	0	0	0	0	0	0	0	0	0	0	0	0	0	0	0	0	0	0	0	0	0	0	0	0	0	0	0	0	0	0	0	0	0	0	0	0	0	0	0	0.019921962012556	0.457268586438561	0.448081059024295	0.592443852028073
0.215455	-0.0444785	0.512175	-0.0193714	-0.00348257	0.000164441	0.029843	-0.0315957	0.021516	-0.0011641	-3.81299999999999e-05	-0.000533297	0.16973105	0.0404844828	0.0102046586	-0.024709611	-0.0484020114	-0.0501126395	-0.0290646136	0.0051831058	0.0370769179	0.0521322486	0.0435117199	0.0151303447	-0.0201224762	-0.046236675	-0.051352489	-0.0331465714	0.0001128608	0.0333210373	0.0513964655	0.0461301902	0.0199138901	-0.0153463027	0.008565683	0.0087270758	-0.0055107603	0.0001634908	0.0205703454	-0.044623803	-0.0207799116	0	0	0	0	0	0	0	0	0	0	0	0	0	0	0	0	0	0	0	0	0	0	0	0	0	0	0	0	0	0	0	0	0	0	0	0	0	0	0	0	0	0	0	0	0	0	0	0	0	0	0	0	0	0	0	0	0	0	0	0	0	0	0	0	0	0	0.555271321702953	-0.04832118943385	0.448081059024295	-1.68540061352814
0.199556	0.00768945	0.542301	-0.018014	-0.00348257	0.000164441	-0.015899	0.05216795	0.030126	0.00135740000000001	0	0	0.16606295	0.0403408874	0.0097614921	-0.025304607	-0.048739874	-0.049772687	-0.0279283311	0.006752807	0.0383301323	0.0522896643	0.0422151417	0.0127371473	-0.0225952602	-0.0475421407	-0.050637085	-0.0304575546	0.0037212726	0.0361896802	0.0520241169	0.0439465533	0.015669704	-0.0198094581	0.0059000217	0.0072141937	-0.005788651	0.0003378911	-0.0291910817	-0.0198812691	0.0221210439	0	0	0	0	0	0	0	0	0	0	0	0	0	0	0	0	0	0	0	0	0	0	0	0	0	0	0	0	0	0	0	0	0	0	0	0	0	0	0	0	0	0	0	0	0	0	0	0	0	0	0	0	0	0	0	0	0	0	0	0	0	0	0	0	0	0	0.86995107381372	0.128633397822214	0.448081059024295	-1.68540061352814
0.185792	-0.0469467	0.519788	-0.0191082	-0.00355988	-0.000412804	-0.013764	-0.05463615	-0.022513	-0.0010942	-7.73100000000001e-05	-0.000577245	0.1783509	0.0401965428	0.0093176004	-0.0258953737	-0.0490632542	-0.0494096266	-0.0267733776	0.0083163637	0.0395377932	0.0523684314	0.0408401761	0.0103153331	-0.0250076315	-0.0486984311	-0.0497374181	-0.0276413132	0.0073119995	0.0388641751	0.0523388891	0.0414684511	0.0113091867	-0.024110485	0.0067926128	0.0077672848	0.0003862916	0.0131027136	0.0045397911	-0.0194374641	0.0147135424	0	0	0	0	0	0	0	0	0	0	0	0	0	0	0	0	0	0	0	0	0	0	0	0	0	0	0	0	0	0	0	0	0	0	0	0	0	0	0	0	0	0	0	0	0	0	0	0	0	0	0	0	0	0	0	0	0	0	0	0	0	0	0	0	0	0	-0.680823486826154	0.676292504589058	0.448081059024295	-1.68540061352814
0.185738	-0.00116065	0.605799	-0.0206863	-0.00353454	-6.85508e-05	-5.39999999999985e-05	0.04578605	0.0860109999999999	-0.0015781	2.534e-05	0.0003442532	0.22923571	0.0400514517	0.0088730165	-0.0264818121	-0.0493720561	-0.049023627	-0.0256005252	0.009872353	0.0406984653	0.0523684314	0.0393893764	0.0078703433	-0.0273531403	-0.0497019183	-0.0486567622	-0.024709611	0.0108679768	0.0413301739	0.0523388891	0.0387124883	0.0068647103	-0.028214182	0.0062812272	0.0207113468	0.00139884	-0.0092353624	-0.018630899	-0.021983871	-0.0426959631	0	0	0	0	0	0	0	0	0	0	0	0	0	0	0	0	0	0	0	0	0	0	0	0	0	0	0	0	0	0	0	0	0	0	0	0	0	0	0	0	0	0	0	0	0	0	0	0	0	0	0	0	0	0	0	0	0	0	0	0	0	0	0	0	0	0	-1.02892091835355	0.482980388580342	0.448081059024295	-1.68540061352814
0.185879	-0.0218811	0.565475	-0.0202697	-0.00394653	0.000207657	0.000140999999999974	-0.02072045	-0.040324	0.0004166	-0.00041199	0.0002762078	0.11642534	0.0399056168	0.0084277735	-0.0270638244	-0.0496661877	-0.0486148674	-0.024410558	0.0114193591	0.0418107693	0.0522896643	0.0378654364	0.005407671	-0.0296255153	-0.0505494535	-0.0473990497	-0.021674694	0.0143723053	0.0435744473	0.0520241169	0.0356971313	0.0023692706	-0.0320869629	0.0075134194	0.007400036	-0.0001734324	0.0152630071	0.010891075	0.0011107777	0.0326955829	0	0	0	0	0	0	0	0	0	0	0	0	0	0	0	0	0	0	0	0	0	0	0	0	0	0	0	0	0	0	0	0	0	0	0	0	0	0	0	0	0	0	0	0	0	0	0	0	0	0	0	0	0	0	0	0	0	0	0	0	0	0	0	0	0	0	-0.982535257957966	0.58986236668183	0.448081059024295	-1.68540061352814
0.18555	0.0642119	0.555277	-0.019211	-0.00302413	0.00030289	-0.000328999999999996	0.086093	-0.0101979999999999	0.0010587	0.0009224	9.5233e-05	0.20043665	0.0397590408	0.0079819045	-0.0276413132	-0.0499455618	-0.0481835374	-0.0232042715	0.0129559745	0.0428733831	0.0521322486	0.0362711858	0.0029328492	-0.0318186811	-0.0512383773	-0.0459688572	-0.0185492395	0.0178083308	0.0455849554	0.0513964655	0.0324425845	-0.0021437585	-0.0356971313	0.0037034982	0.0064957845	-0.0012623977	0.0004920412	-0.0301862501	-0.0052439356	-0.0117396238	0	0	0	0	0	0	0	0	0	0	0	0	0	0	0	0	0	0	0	0	0	0	0	0	0	0	0	0	0	0	0	0	0	0	0	0	0	0	0	0	0	0	0	0	0	0	0	0	0	0	0	0	0	0	0	0	0	0	0	0	0	0	0	0	0	0	-1.01602826082153	0.993004377983079	0.448081059024295	-1.68540061352814
0.161536	0.0620496	0.432149	-0.014274	-0.00342648	0.000574047	-0.024014	-0.00216230000000001	-0.123128	0.004937	-0.00040235	0.000271157	0.42982965	0.0396117264	0.0075354425	-0.028214182	-0.0502100954	-0.0477298374	-0.0219824722	0.0144808008	0.043885044	0.051896421	0.034609585	0.0004514381	-0.0339267737	-0.051766528	-0.044371389	-0.0153463027	0.0211597241	0.0473509122	0.0504597097	0.0289706552	-0.0066408724	-0.03901514	0.0019188622	-0.0398159663	0.0104525925	0.0200789508	0.0273832162	-0.0256168809	-0.0072606408	0	0	0	0	0	0	0	0	0	0	0	0	0	0	0	0	0	0	0	0	0	0	0	0	0	0	0	0	0	0	0	0	0	0	0	0	0	0	0	0	0	0	0	0	0	0	0	0	0	0	0	0	0	0	0	0	0	0	0	0	0	0	0	0	0	0	-1.25922914881706	0.880303412820977	0.448081059024295	-1.68540061352814
0.141948	0.0828595	0.394352	-0.0111805	-0.00419808	0.000574047	-0.019588	0.0208099	-0.037797	0.0030935	-0.0007716	0	0.2714499	0.0394636764	0.0070884207	-0.0287823352	-0.0504597097	-0.0472539781	-0.0207459769	0.0159924506	0.0448445497	0.0515825363	0.0328837193	-0.0020309873	-0.0359441567	-0.0521322486	-0.0426124582	-0.0120792627	0.024410558	0.048862844	0.0492194833	0.025304607	-0.0110886847	-0.0420138333	2.72352e-05	-0.0417141536	-0.0201727155	0.0035115965	-0.0043465092	0.0065653907	0.0164716485	0	0	0	0	0	0	0	0	0	0	0	0	0	0	0	0	0	0	0	0	0	0	0	0	0	0	0	0	0	0	0	0	0	0	0	0	0	0	0	0	0	0	0	0	0	0	0	0	0	0	0	0	0	0	0	0	0	0	0	0	0	0	0	0	0	0	0.376721721282209	0.416430782680684	0.448081059024295	-1.68540061352814
0.162567	0.0995931	0.575937	-0.0153832	-0.00323888	0.000394575	0.020619	0.0167336	0.181585	-0.0042027	0.0009592	-0.000179472	0.4860062	0.0393148935	0.0066408724	-0.0293456776	-0.0506943307	-0.0467561802	-0.0194956122	0.0174895484	0.0457507597	0.0511910666	0.0310967934	-0.0045088495	-0.0378654364	-0.0523343914	-0.0406984653	-0.0087617663	0.0275453833	0.0501126395	0.0476832451	0.0214690046	-0.015454175	-0.0446686685	-0.0001093451	-0.0151421163	-0.017146183	0.0079187574	0.0239561253	-0.0219112485	-0.0015046909	0	0	0	0	0	0	0	0	0	0	0	0	0	0	0	0	0	0	0	0	0	0	0	0	0	0	0	0	0	0	0	0	0	0	0	0	0	0	0	0	0	0	0	0	0	0	0	0	0	0	0	0	0	0	0	0	0	0	0	0	0	0	0	0	0	0	0.346390759676676	1.05163092668159	0.448081059024295	-1.68540061352814
0.150677	-0.100443	0.630882	-0.0224441	-0.00410686	-0.00109788	-0.01189	-0.2000361	0.0549449999999999	-0.0070609	-0.00086798	-0.001492455	0.73793785	0.0391653804	0.0061928308	-0.0299041152	-0.0509138886	-0.046236675	-0.0182322141	0.018970732	0.0466025972	0.0507226006	0.0292521253	-0.0069765817	-0.0396854757	-0.0523723222	-0.0386363752	-0.005407671	0.030549302	0.051093594	0.0458602343	0.0174895484	-0.0197049341	-0.0469579174	0.0069353685	0.0303625864	-0.0024693075	0.0104355545	-0.0141310068	-0.000518021	0.0160498732	0	0	0	0	0	0	0	0	0	0	0	0	0	0	0	0	0	0	0	0	0	0	0	0	0	0	0	0	0	0	0	0	0	0	0	0	0	0	0	0	0	0	0	0	0	0	0	0	0	0	0	0	0	0	0	0	0	0	0	0	0	0	0	0	0	0	-1.25028418079082	1.02351874509152	0.448081059024295	-1.68540061352814
0.163607	-0.0381438	0.672614	-0.023322	-0.00411811	-0.000883362	0.01293	0.0622992	0.0417320000000001	-0.000877900000000001	-1.125e-05	0.000214518	0.1721446	0.03901514	0.0057443291	-0.0304575546	-0.0511183183	-0.0456957037	-0.0169566271	0.0204346535	0.0473990497	0.050177843	0.0273531403	-0.0094286395	-0.0413994086	-0.0522459219	-0.0364336915	-0.0020309873	0.0334080384	0.0518004449	0.0437614146	0.013392903	-0.0238094045	-0.048862844	0.0042269039	0.0327815463	-0.0061146938	0.0062615206	0.0225693921	-0.0202127081	-0.0280164425	0	0	0	0	0	0	0	0	0	0	0	0	0	0	0	0	0	0	0	0	0	0	0	0	0	0	0	0	0	0	0	0	0	0	0	0	0	0	0	0	0	0	0	0	0	0	0	0	0	0	0	0	0	0	0	0	0	0	0	0	0	0	0	0	0	0	0.082319720232302	0.933551612127786	0.448081059024295	-1.68540061352814
0.167675	-0.0544346	0.703558	-0.0213146	-0.00446025	-0.000527412	0.00406799999999999	-0.0162908	0.030944	0.0020074	-0.000342139999999999	0.00035595	0.1865773	0.0388641751	0.0052954007	-0.0310059033	-0.0513075588	-0.0451335173	-0.015669704	0.0218799809	0.0481391707	0.0495576132	0.0254033645	-0.0118595137	-0.0430026525	-0.0519555872	-0.0340984296	0.0013541801	0.0361080066	0.0522294002	0.0413994086	0.009206518	-0.0277371148	-0.0503678575	0.0002524186	0.0274080226	-0.0005976083	0.0113932632	-0.017336847	0.0109950802	0.0070245357	0	0	0	0	0	0	0	0	0	0	0	0	0	0	0	0	0	0	0	0	0	0	0	0	0	0	0	0	0	0	0	0	0	0	0	0	0	0	0	0	0	0	0	0	0	0	0	0	0	0	0	0	0	0	0	0	0	0	0	0	0	0	0	0	0	0	0.493973471030055	0.689617246326118	0.448081059024295	-1.68540061352814
0.172889	-0.0234291	0.678942	-0.0221583	-0.00434615	-0.000527412	0.00521400000000002	0.0310055	-0.024616	-0.000843699999999999	0.0001141	0	0.1087255	0.0387124883	0.0048460789	-0.0315490697	-0.0514815542	-0.0445503769	-0.0143723053	0.0233053991	0.0488220806	0.048862844	0.0234064185	-0.014263743	-0.0444909208	-0.051502229	-0.0316390872	0.0047336909	0.0386363752	0.0523781585	0.0387884217	0.0049584444	-0.0314589057	-0.0514606403	0.0020645746	0.0288856907	-0.0066874216	0.0194843779	0.0104913725	-0.0096846769	0.0337983992	0	0	0	0	0	0	0	0	0	0	0	0	0	0	0	0	0	0	0	0	0	0	0	0	0	0	0	0	0	0	0	0	0	0	0	0	0	0	0	0	0	0	0	0	0	0	0	0	0	0	0	0	0	0	0	0	0	0	0	0	0	0	0	0	0	0	1.04134895991006	2.31690196518565	0.448081059024295	-1.68540061352814
0.158322	-0.0414345	0.714368	-0.0215973	-0.00474707	-0.000527412	-0.014567	-0.0180054	0.035426	0.000560999999999999	-0.00040092	0	0.1160944	0.0385600826	0.0043963972	-0.0320869629	-0.0516402525	-0.0439465533	-0.0130652981	0.024709611	0.0494469678	0.0480945804	0.0213660101	-0.0166359256	-0.0458602343	-0.0508872699	-0.0290646136	0.0080934286	0.0409811285	0.0522459219	0.0359441567	0.0006771467	-0.0349471469	-0.0521322486	-0.0019143474	0.032865654	-0.0020809123	0.0043876767	-0.0004300126	0.0100074098	-0.0094479509	0	0	0	0	0	0	0	0	0	0	0	0	0	0	0	0	0	0	0	0	0	0	0	0	0	0	0	0	0	0	0	0	0	0	0	0	0	0	0	0	0	0	0	0	0	0	0	0	0	0	0	0	0	0	0	0	0	0	0	0	0	0	0	0	0	0	0.043627547314282	2.35485866785316	0.448081059024295	-1.68540061352814
0.159271	-0.0189941	0.722335	-0.0217303	-0.00488289	-0.000527412	0.000949000000000006	0.0224404	0.00796700000000006	-0.000133000000000001	-0.00013582	0	0.0447974	0.0384069609	0.0039463888	-0.0326194932	-0.0517836067	-0.0433223267	-0.0117495564	0.0260913389	0.0500130897	0.0472539781	0.0192859283	-0.018970732	-0.0471069319	-0.0501126395	-0.0263843771	0.0114193591	0.0431311232	0.0518333998	0.0328837193	-0.0036086884	-0.0381759417	-0.0523771858	-0.0013180022	0.0334616116	-0.0031663506	0.0188681527	0.0300044118	-0.0173464018	-0.0178453435	0	0	0	0	0	0	0	0	0	0	0	0	0	0	0	0	0	0	0	0	0	0	0	0	0	0	0	0	0	0	0	0	0	0	0	0	0	0	0	0	0	0	0	0	0	0	0	0	0	0	0	0	0	0	0	0	0	0	0	0	0	0	0	0	0	0	0.085957163573452	2.4952913223646	0.448081059024295	-1.68540061352814
0.168555	0.000658255	0.777698	-0.0215508	-0.00478504	-0.000527412	0.00928399999999999	0.019652355	0.0553629999999999	0.000179500000000003	9.785e-05	0	0.0981668550000002	0.0382531258	0.0034960873	-0.0331465714	-0.0519115742	-0.042677987	-0.0104259597	0.0274493255	0.0505197734	0.0463423012	0.0171700353	-0.0212629165	-0.0482276804	-0.0491807684	-0.0236081307	0.0146975897	0.0450761418	0.0511428052	0.0296255153	-0.0078703433	-0.0411213197	-0.0521934471	-0.0053283469	0.0438960146	0.0007639202	0.0076165455	-0.0109262255	0.0171110253	-0.0030963054	0	0	0	0	0	0	0	0	0	0	0	0	0	0	0	0	0	0	0	0	0	0	0	0	0	0	0	0	0	0	0	0	0	0	0	0	0	0	0	0	0	0	0	0	0	0	0	0	0	0	0	0	0	0	0	0	0	0	0	0	0	0	0	0	0	0	0.24204061983774	2.39806044362185	0.448081059024295	-1.68540061352814
0.173476	-0.0183896	0.754937	-0.0212253	-0.0054037	-0.000618168	0.00492100000000001	-0.019047855	-0.0227610000000001	0.000325499999999999	-0.00061866	-9.0756e-05	0.098475655	0.0380985803	0.0030455261	-0.0336681095	-0.0520241169	-0.0420138333	-0.0090953929	0.0287823352	0.0509664168	0.0453609212	0.0150222601	-0.0235073292	-0.0492194833	-0.0480945804	-0.0207459769	0.0179144269	0.0468069407	0.050177843	0.02618914	-0.0120792627	-0.0437614146	-0.0515825363	-0.0025825991	0.0381386514	-0.0133177168	0.0243979154	0.0348325111	-0.0237695083	0.0318678079	0	0	0	0	0	0	0	0	0	0	0	0	0	0	0	0	0	0	0	0	0	0	0	0	0	0	0	0	0	0	0	0	0	0	0	0	0	0	0	0	0	0	0	0	0	0	0	0	0	0	0	0	0	0	0	0	0	0	0	0	0	0	0	0	0	0	1.01858584380298	1.2468625342662	0.448081059024295	-1.68540061352814
0.164007	0.0230463	0.751677	-0.0214797	-0.0046787	-0.000434055	-0.00946900000000001	0.0414359	-0.00325999999999982	-0.000254400000000002	0.000725	0.000184113	0.11234055	0.0379433273	0.0025947387	-0.0341840202	-0.0521212014	-0.0413301739	-0.0077587455	0.0300891549	0.051352489	0.044311314	0.0128465907	-0.0256989275	-0.0500796887	-0.0468574839	-0.0178083308	0.0210564335	0.0483152946	0.04894369	0.0225952602	-0.0162072446	-0.0460766263	-0.0505494535	-0.0014087357	0.0321432344	-0.0044456807	0.0064188079	-0.0223963083	0.0104655241	0.0125588541	0	0	0	0	0	0	0	0	0	0	0	0	0	0	0	0	0	0	0	0	0	0	0	0	0	0	0	0	0	0	0	0	0	0	0	0	0	0	0	0	0	0	0	0	0	0	0	0	0	0	0	0	0	0	0	0	0	0	0	0	0	0	0	0	0	0	0.536982850527553	0.060620371977599	0.448081059024295	-1.68540061352814
0.151056	-0.00652091	0.776931	-0.0210003	-0.00499801	-0.000527412	-0.012951	-0.02956721	0.025254	0.000479400000000001	-0.00031931	-9.3357e-05	0.11237556	0.0377873696	0.0021437585	-0.0346942175	-0.0522027989	-0.0406273263	-0.0064169112	0.0313685957	0.0516775313	0.0431950583	0.0106470671	-0.0278327876	-0.0508059967	-0.0454733605	-0.0148058821	0.024110485	0.049594035	0.047446967	0.0188654898	-0.0202266294	-0.0480497669	-0.0491026536	-0.0074358053	0.0429530461	-0.0139916881	0.0355773432	0.0365164169	0.0031037602	0.0430408978	0	0	0	0	0	0	0	0	0	0	0	0	0	0	0	0	0	0	0	0	0	0	0	0	0	0	0	0	0	0	0	0	0	0	0	0	0	0	0	0	0	0	0	0	0	0	0	0	0	0	0	0	0	0	0	0	0	0	0	0	0	0	0	0	0	0	-0.365284923939262	0.15870040466758	0.448081059024295	0.592443852028073
0.168187	0.00322651	0.766613	-0.0206612	-0.00511423	-0.000756238	0.017131	0.00974742	-0.010318	0.000339099999999998	-0.00011622	-0.000228826	0.07140372	0.0376307102	0.0016926191	-0.0351986159	-0.0522688852	-0.0399056168	-0.0050707869	0.0326194932	0.0519411573	0.0420138333	0.0084277735	-0.0299041152	-0.0513964655	-0.0439465533	-0.0117495564	0.0270638244	0.050637085	0.0456957037	0.0150222601	-0.024110485	-0.0496661877	-0.0472539781	-0.0078108058	0.0379874439	-0.0024173965	0.0073493953	-0.0121887113	0.023975388	-0.0053212182	0	0	0	0	0	0	0	0	0	0	0	0	0	0	0	0	0	0	0	0	0	0	0	0	0	0	0	0	0	0	0	0	0	0	0	0	0	0	0	0	0	0	0	0	0	0	0	0	0	0	0	0	0	0	0	0	0	0	0	0	0	0	0	0	0	0	-0.297935266488812	0.284204659001017	0.448081059024295	0.592443852028073
0.16048	0.0027495	0.822757	-0.021416	-0.00496333	-0.000747386	-0.00770699999999999	-0.00047701	0.0561439999999999	-0.0007548	0.0001509	8.85200000000027e-06	0.11005561	0.0374733519	0.0012413539	-0.0356971313	-0.0523194405	-0.0391653804	-0.0037212726	0.0338407093	0.0521430537	0.0407694154	0.0061928308	-0.0319082567	-0.0518495163	-0.0422818529	-0.0086504753	0.0299041152	0.0514394875	0.043699295	0.0110886847	-0.0278327876	-0.0509138886	-0.045018557	-0.0097454309	0.0525170866	-0.0097337089	0.0319062905	0.0714261759	-0.0301608447	-0.0159710576	0	0	0	0	0	0	0	0	0	0	0	0	0	0	0	0	0	0	0	0	0	0	0	0	0	0	0	0	0	0	0	0	0	0	0	0	0	0	0	0	0	0	0	0	0	0	0	0	0	0	0	0	0	0	0	0	0	0	0	0	0	0	0	0	0	0	-2.01651564917363	1.25424710852939	0.448081059024295	-1.68540061352814
0.167208	-0.0123635	0.772602	-0.0205149	-0.00506281	-0.000468566	0.00672800000000001	-0.015113	-0.0501549999999998	0.000901100000000002	-9.94799999999999e-05	0.00027882	0.135966	0.0373152977	0.0007899965	-0.0361896802	-0.0523544498	-0.0384069609	-0.0023692706	0.0350311327	0.0522829807	0.0394636764	0.0039463888	-0.0338407093	-0.0521639377	-0.0404844828	-0.0055199161	0.0326194932	0.0519974292	0.0414684511	0.0070884207	-0.0313685957	-0.0517836067	-0.0424146861	-0.0070777007	0.0366250861	-0.0114596046	-0.0058921776	-0.073829709	0.0550101714	0.0291368578	0	0	0	0	0	0	0	0	0	0	0	0	0	0	0	0	0	0	0	0	0	0	0	0	0	0	0	0	0	0	0	0	0	0	0	0	0	0	0	0	0	0	0	0	0	0	0	0	0	0	0	0	0	0	0	0	0	0	0	0	0	0	0	0	0	0	0.086281610060047	1.24192415013422	0.448081059024295	-1.68540061352814
0.128928	0.0661101	0.768412	-0.0198687	-0.00224193	0.000207323	-0.03828	0.0784736	-0.00419000000000003	0.0006462	0.00282088	0.000675889	0.32809205	0.0371565505	0.0003385804	-0.0366761804	-0.0523739028	-0.0376307102	-0.0010156846	0.0361896802	0.0523607718	0.0380985803	0.0016926191	-0.0356971313	-0.0523388891	-0.0385600826	-0.0023692706	0.0351986159	0.0523082586	0.03901514	0.0030455261	-0.0346942175	-0.0522688852	-0.0394636764	-0.011981798	0.0221989556	0.0080451314	0.0402564613	0.2030039611	-0.0662396036	0.0536276808	0	0	0	0	0	0	0	0	0	0	0	0	0	0	0	0	0	0	0	0	0	0	0	0	0	0	0	0	0	0	0	0	0	0	0	0	0	0	0	0	0	0	0	0	0	0	0	0	0	0	0	0	0	0	0	0	0	0	0	0	0	0	0	0	0	0	-1.14193695902188	1.07528268426169	0.448081059024295	-1.68540061352814
-0.0549117	-0.631923	-1.61382	-0.0191592	0.0062117	-0.00187912	-0.1838397	-0.6980331	-2.382232	0.000709499999999998	0.00845363	-0.002086443	3.82658345	0.0369971132	-0.0001128608	-0.0371565505	-0.0523777937	-0.0368369888	0.0003385804	0.0373152977	0.0523763346	0.0366761804	-0.0005642937	-0.0374733519	-0.0523739028	-0.0365146908	0.0007899965	0.0376307102	0.0523704984	0.036352523	-0.0010156846	-0.0377873696	-0.0523661213	-0.0361896802	-0.0133665572	-0.1304835025	0.4154087637	0.2418520975	-0.1943189239	0.0546968685	0.0597372293	0	0	0	0	0	0	0	0	0	0	1	0	0	0	0	0	0	0	0	0	0	0	0	0	0	0	0	0	0	0	0	0	0	0	0	0	0	0	0	0	0	0	0	0	0	0	0	0	0	0	0	0	0	0	0	0	0	0	0	0	0	0	0	0	0	0	1.00766147437613	0.895409966985993	0.448081059024295	-1.68540061352814
-0.0900631	0.200944	-0.00922863	-0.0105592	0.00339083	-0.00230995	-0.0351514	0.832867	1.60459137	0.0086	-0.00282087	-0.00043083	3.06519477	0.0368369888	-0.0005642937	-0.0376307102	-0.0523661213	-0.0360261653	0.0016926191	0.0384069609	0.0523296507	0.0351986159	-0.0028201586	-0.0391653804	-0.0522688852	-0.0343547251	0.0039463888	0.0399056168	0.0521838529	0.0334948844	-0.0050707869	-0.0406273263	-0.0520745933	-0.0326194932	0.0157807032	-0.1095390249	-0.0448094204	-0.541163093	-0.0724343096	0.3048614794	-0.0524781215	0	0	0	0	0	0	0	0	0	0	0	1	0	0	0	0	0	0	0	0	0	0	0	0	0	0	0	0	0	0	0	0	0	0	0	0	0	0	0	0	0	0	0	0	0	0	0	0	0	0	0	0	0	0	0	0	0	0	0	0	0	0	0	0	0	0	0.880460855579776	0.897941803176606	0.448081059024295	-1.68540061352814
-0.0625268	0.11838	0.0375102	-0.0085996	0.00276848	-0.00220489	0.0275363	-0.082564	0.04673883	0.0019596	-0.00062235	0.00010506	0.29118963	0.0366761804	-0.0010156846	-0.0380985803	-0.0523388891	-0.0351986159	0.0030455261	0.0394636764	0.0522207755	0.0336681095	-0.0050707869	-0.0407694154	-0.0520241169	-0.0320869629	0.0070884207	0.0420138333	0.0517492091	0.0304575546	-0.0090953929	-0.0431950583	-0.0513964655	-0.0287823352	0.0015103725	-0.0972270753	-0.0479903367	-0.0037138099	0.1048954079	-0.0166757905	-0.0049552217	0	0	0	0	0	0	0	0	0	0	0	0	0	0	0	0	0	0	0	0	0	0	0	0	0	0	0	0	0	0	0	0	0	0	0	0	0	0	0	0	0	0	0	0	0	0	0	0	0	0	0	0	0	0	0	0	0	0	0	0	0	0	0	0	0	0	0.755195802407542	-0.158556862952445	0.448081059024295	-1.68540061352814
-0.0173109	0.123202	0.127767	-0.0102543	0.00191804	-0.00244065	0.0452159	0.00482199999999994	0.0902568	-0.0016547	-0.00085044	-0.00023576	0.2773397	0.0365146908	-0.0014670001	-0.0385600826	-0.0522961052	-0.0343547251	0.0043963972	0.0404844828	0.0520498384	0.0320869629	-0.0073119995	-0.0422818529	-0.0516402525	-0.0297185201	0.0102046586	0.0439465533	0.0510686325	0.027256828	-0.0130652981	-0.0454733605	-0.0503367722	-0.024709611	0.002488596	-0.0864017188	-0.0093504475	-0.0650517517	-0.0129994232	0.0034942544	-0.0822398274	0	0	0	0	0	0	0	0	0	0	0	0	0	0	0	0	0	0	0	0	0	0	0	0	0	0	0	0	0	0	0	0	0	0	0	0	0	0	0	0	0	0	0	0	0	0	0	0	0	0	0	0	0	0	0	0	0	0	0	0	0	0	0	0	0	0	0.268057461890309	-0.504719600738204	0.448081059024295	-1.68540061352814
-0.0202293	0.0756522	0.205697	-0.0121301	0.00141169	-0.00247724	-0.0029184	-0.0475498	0.07793	-0.0018758	-0.00050635	-3.659e-05	0.2493352	0.036352523	-0.0019182066	-0.03901514	-0.0522377823	-0.0334948844	0.0057443291	0.0414684511	0.0518170426	0.0304575546	-0.0095396348	-0.043699295	-0.0511183183	-0.027256828	0.0132837629	0.0456957037	0.0501453577	0.0239098759	-0.0169566271	-0.047446967	-0.0489033805	-0.0204346535	0.0015576196	-0.0760466152	-0.013104988	0.0341989781	0.0245266049	-0.0359681056	-0.0280143206	0	0	0	0	0	0	0	0	0	0	0	0	0	0	0	0	0	0	0	0	0	0	0	0	0	0	0	0	0	0	0	0	0	0	0	0	0	0	0	0	0	0	0	0	0	0	0	0	0	0	0	0	0	0	0	0	0	0	0	0	0	0	0	0	0	0	0.198078583958099	-0.399236350529328	0.448081059024295	-1.68540061352814
-0.00381688	0.0417565	0.174685	-0.0120522	0.000735916	-0.00222724	0.01641242	-0.0338957	-0.031012	7.78999999999988e-05	-0.000675774	0.00025	0.13150382	0.0361896802	-0.0023692706	-0.0394636764	-0.0521639377	-0.0326194932	0.0070884207	0.0424146861	0.0515226647	0.0287823352	-0.0117495564	-0.045018557	-0.0504597097	-0.024709611	0.016314529	0.0472539781	0.0489837722	0.0204346535	-0.0207459769	-0.0491026536	-0.0471069319	-0.0159924506	0.0002130616	-0.0733572122	-0.0027531919	-0.0149666506	-0.0363319235	0.0343459664	-0.0174937134	0	0	0	0	0	0	0	0	0	0	0	0	0	0	0	0	0	0	0	0	0	0	0	0	0	0	0	0	0	0	0	0	0	0	0	0	0	0	0	0	0	0	0	0	0	0	0	0	0	0	0	0	0	0	0	0	0	0	0	0	0	0	0	0	0	0	0.648054681897525	0.697685937769916	0.448081059024295	-1.68540061352814
-0.0170859	-0.00640377	0.441532	-0.0178193	0.00096238	-0.00278767	-0.01326902	-0.04816027	0.266847	-0.0057671	0.000226464	-0.00056043	0.65597599	0.0360261653	-0.0028201586	-0.0399056168	-0.0520745933	-0.0317289578	0.0084277735	0.0433223267	0.0511670547	0.0270638244	-0.0139376608	-0.046236675	-0.0496661877	-0.0220848615	0.0192859283	0.0486148674	0.0475893965	0.0168498047	-0.024410558	-0.0504293264	-0.0449607632	-0.0114193591	-0.0015854222	-0.0262750956	-0.0129440851	0.0222804568	0.0328655072	-0.0317517469	-0.0344156178	0	0	0	0	0	0	0	0	0	0	0	0	0	0	0	0	0	0	0	0	0	0	0	0	0	0	0	0	0	0	0	0	0	0	0	0	0	0	0	0	0	0	0	0	0	0	0	0	0	0	0	0	0	0	0	0	0	0	0	0	0	0	0	0	0	0	0.44767085164769	-0.534008714033096	0.448081059024295	-1.68540061352814
0.00147418	0.0196065	0.512209	-0.0164785	-0.00112767	-0.00282059	0.01856008	0.02601027	0.070677	0.0013408	-0.00209005	-3.29200000000001e-05	0.28843585	0.0358619813	-0.0032708371	-0.0403408874	-0.0519697758	-0.0308236917	0.0097614921	0.044190547	0.050750635	0.025304607	-0.016099885	-0.0473509122	-0.048739874	-0.0193908153	0.0221871482	0.049772687	0.0459688572	0.0131745611	-0.0279283311	-0.0514180959	-0.0424808075	-0.006752807	-0.0037601196	-0.0251798506	-0.0072145414	0.0011801297	-0.0226606149	0.0087379779	-0.0175238985	0	0	0	0	0	0	0	0	0	0	0	0	0	0	0	0	0	0	0	0	0	0	0	0	0	0	0	0	0	0	0	0	0	0	0	0	0	0	0	0	0	0	0	0	0	0	0	0	0	0	0	0	0	0	0	0	0	0	0	0	0	0	0	0	0	0	-0.314248966803367	0.232109416792194	0.448081059024295	-1.68540061352814
-0.00558387	0.0486641	0.560492	-0.0157499	-0.000475252	-0.0021719	-0.00705805	0.0290576	0.048283	0.000728599999999999	0.000652418	0.00064869	0.18588405	0.0356971313	-0.0037212726	-0.0407694154	-0.0518495163	-0.0299041152	0.0110886847	0.045018557	0.0502739006	0.0235073292	-0.0182322141	-0.0483587652	-0.0476832451	-0.0166359256	0.0250076315	0.0507226006	0.0441298556	0.0094286395	-0.03127814	-0.0520623368	-0.0396854757	-0.0020309873	-0.0102768249	-0.019146462	-0.0237753939	0.0139411384	0.019818739	0.009339286	0.0406186681	0	0	0	0	0	0	0	0	0	0	0	0	0	0	0	0	0	0	0	0	0	0	0	0	0	0	0	0	0	0	0	0	0	0	0	0	0	0	0	0	0	0	0	0	0	0	0	0	0	0	0	0	0	0	0	0	0	0	0	0	0	0	0	0	0	0	-2.15612271882609	0.306591053335691	0.448081059024295	-1.68540061352814
-0.01641	0.0225543	0.572859	-0.0159532	-0.000815496	-0.00194286	-0.01082613	-0.0261098	0.012367	-0.0002033	-0.000340244	0.00022904	0.08793213	0.0355316183	-0.0041714317	-0.0411911291	-0.0517138504	-0.0289706552	0.0124084642	0.0458056033	0.0497374181	0.021674694	-0.0203306886	-0.0492579697	-0.0464991262	-0.0138288366	0.0277371148	0.0514606403	0.0420811315	0.0056321357	-0.0344398384	-0.0523577323	-0.0365955205	0.0027074549	-0.0111552038	-0.0178018328	-0.0129744294	0.007091676	0.0098931039	0.0053216881	-0.009148188	0	0	0	0	0	0	0	0	0	0	0	0	0	0	0	0	0	0	0	0	0	0	0	0	0	0	0	0	0	0	0	0	0	0	0	0	0	0	0	0	0	0	0	0	0	0	0	0	0	0	0	0	0	0	0	0	0	0	0	0	0	0	0	0	0	0	-0.38847898894766	0.353762601082003	0.448081059024295	-1.68540061352814
-0.00222172	0.0538428	0.591306	-0.015788	-0.000803939	-0.00201923	0.01418828	0.0312885	0.018447	0.000165200000000001	1.15569999999998e-05	-7.63699999999999e-05	0.07658013	0.0353654455	-0.004621281	-0.0416059582	-0.0515628185	-0.028023745	0.0137199483	0.0465509697	0.0491418251	0.0198094581	-0.0223914121	-0.0500465054	-0.0451906832	-0.0109783563	0.0303656657	0.0519837232	0.0398324213	0.001805417	-0.0373944116	-0.0523023033	-0.0332338815	0.0074237382	-0.0119000143	-0.0121816618	-0.0141425302	0.0217571026	0.0235148983	-0.0092199022	-0.0200206554	0	0	0	0	0	0	0	0	0	0	0	0	0	0	0	0	0	0	0	0	0	0	0	0	0	0	0	0	0	0	0	0	0	0	0	0	0	0	0	0	0	0	0	0	0	0	0	0	0	0	0	0	0	0	0	0	0	0	0	0	0	0	0	0	0	0	-0.695798035039045	0.741900201514733	0.448081059024295	-1.68540061352814
-0.00872513	0.0456493	0.535098	-0.0154823	-0.000939058	-0.00199261	-0.00650341	-0.0081935	-0.056208	0.000305700000000002	-0.000135119	2.66199999999998e-05	0.09427686	0.0351986159	-0.0050707869	-0.0420138333	-0.0513964655	-0.0270638244	0.0150222601	0.0472539781	0.0484878293	0.0179144269	-0.024410558	-0.0507226006	-0.0437614146	-0.0080934286	0.0328837193	0.0522896643	0.0373944116	-0.0020309873	-0.0401240904	-0.051896421	-0.0296255153	0.0120792627	-0.0073448396	-0.0215861933	-0.0174432761	0.0076478064	0.0046431915	0.0188759883	0.0520190252	0	0	0	0	0	0	0	0	0	0	0	0	0	0	0	0	0	0	0	0	0	0	0	0	0	0	0	0	0	0	0	0	0	0	0	0	0	0	0	0	0	0	0	0	0	0	0	0	0	0	0	0	0	0	0	0	0	0	0	0	0	0	0	0	0	0	-0.314439127636614	1.0580609689487	0.448081059024295	-1.68540061352814
-0.0163408	0.0808833	0.570765	-0.0173416	-0.000762781	-0.00223613	-0.00761567	0.035234	0.035667	-0.0018593	0.000176277	-0.00024352	0.19247152	0.0350311327	-0.0055199161	-0.0424146861	-0.0512148408	-0.0260913389	0.016314529	0.0479139886	0.0477762082	0.0159924506	-0.0263843771	-0.0512847364	-0.0422151417	-0.0051831058	0.0352821126	0.0523771858	0.0347786889	-0.0058564958	-0.0426124582	-0.0511428052	-0.0257972105	0.0166359256	-0.0068454849	-0.0038862108	-0.0107641069	0.011090631	0.0136210234	0.0040448587	0.0190110347	0	0	0	0	0	0	0	0	0	0	0	0	0	0	0	0	0	0	0	0	0	0	0	0	0	0	0	0	0	0	0	0	0	0	0	0	0	0	0	0	0	0	0	0	0	0	0	0	0	0	0	0	0	0	0	0	0	0	0	0	0	0	0	0	0	0	1.05027417096661	0.988170578187588	0.448081059024295	-1.68540061352814
-0.0159913	0.0412848	0.525016	-0.0170137	-0.00173022	-0.00210838	0.000349499999999999	-0.0395985	-0.0457489999999999	0.000327899999999996	-0.000967439	0.00012775	0.15685145	0.0348629988	-0.0059686353	-0.0428084497	-0.0510179984	-0.0251067401	0.0175958911	0.0485304007	0.0470078072	0.0140464202	-0.0283092043	-0.0517316498	-0.0405559987	-0.0022565198	0.0375521182	0.0522459219	0.0319976841	-0.0096505858	-0.0448445497	-0.0500465054	-0.021777388	0.0210564335	-0.0058472027	-0.0112894992	-0.0075994842	0.0057886329	0.0048328948	-0.0050379568	-0.02380402	0	0	0	0	0	0	0	0	0	0	0	0	0	0	0	0	0	0	0	0	0	0	0	0	0	0	0	0	0	0	0	0	0	0	0	0	0	0	0	0	0	0	0	0	0	0	0	0	0	0	0	0	0	0	0	0	0	0	0	0	0	0	0	0	0	0	-2.0106256025854	-0.079475962633865	0.448081059024295	-1.68540061352814
-0.0277083	0.0868282	0.607645	-0.0171902	-0.00147904	-0.00204691	-0.011717	0.0455434	0.082629	-0.000176500000000003	0.00025118	6.14700000000001e-05	0.1643469	0.0346942175	-0.0064169112	-0.0431950583	-0.0508059967	-0.024110485	0.0188654898	0.0491026536	0.0461835398	0.0120792627	-0.0301814655	-0.0520623368	-0.0387884217	0.0006771467	0.0396854757	0.051896421	0.0290646136	-0.013392903	-0.0468069407	-0.0486148674	-0.0175958911	0.025304607	-0.0101874153	-0.0043448999	-0.0086290679	0.0143689341	0.0170747506	-0.0149493414	-0.0163515369	0	0	0	0	0	0	0	0	0	0	0	0	0	0	0	0	0	0	0	0	0	0	0	0	0	0	0	0	0	0	0	0	0	0	0	0	0	0	0	0	0	0	0	0	0	0	0	0	0	0	0	0	0	0	0	0	0	0	0	0	0	0	0	0	0	0	0.59436912990488	-0.327328994320791	0.448081059024295	0.592443852028073
-0.0294288	0.0272679	0.543298	-0.0167574	-0.00125857	-0.00227346	-0.0017205	-0.0595603	-0.064347	0.000432800000000008	0.00022047	-0.00022655	0.1696188	0.0345247919	-0.0068647103	-0.0435744473	-0.0505788988	-0.0231030362	0.0201224762	0.0496302266	0.0453043854	0.0100939368	-0.0319976841	-0.0522760543	-0.0369171367	0.0036086884	0.0416744222	0.0513301431	0.0259934166	-0.0170633708	-0.0484878293	-0.0468574839	-0.0132837629	0.0293456776	-0.0071283859	-0.0084454842	-0.0126418783	0.0077341352	-0.0035250906	0.0173067516	0.030896325	0	0	0	0	0	0	0	0	0	0	0	0	0	0	0	0	0	0	0	0	0	0	0	0	0	0	0	0	0	0	0	0	0	0	0	0	0	0	0	0	0	0	0	0	0	0	0	0	0	0	0	0	0	0	0	0	0	0	0	0	0	0	0	0	0	0	1.03309826414677	-0.293274666966166	0.448081059024295	-1.68540061352814
-0.0269222	0.0511774	0.543261	-0.0177822	-0.00109562	-0.00251762	0.00250660000000001	0.0239095	-3.69999999999537e-05	-0.00102480000000001	0.00016295	-0.00024416	0.0980486000000001	0.0343547251	-0.0073119995	-0.0439465533	-0.0503367722	-0.0220848615	0.0213660101	0.0501126395	0.044371389	0.0080934286	-0.0337544877	-0.0523723222	-0.0349471469	0.0065289069	0.0435117199	0.0505494535	0.0227986886	-0.0206422981	-0.0498771065	-0.0447861304	-0.0088730165	0.0331465714	-0.0057275601	-0.0074464725	-0.0139322428	0.0100971927	0.0166810493	-0.0113557129	-0.0089326455	0	0	0	0	0	0	0	0	0	0	0	0	0	0	0	0	0	0	0	0	0	0	0	0	0	0	0	0	0	0	0	0	0	0	0	0	0	0	0	0	0	0	0	0	0	0	0	0	0	0	0	0	0	0	0	0	0	0	0	0	0	0	0	0	0	0	0.220827191040563	1.78313027934109	0.448081059024295	-1.68540061352814
-0.0441813	0.0296571	0.511075	-0.0162987	-0.00128936	-0.00282059	-0.0172591	-0.0215203	-0.032186	0.0014835	-0.00019374	-0.00030297	0.1699759	0.0341840202	-0.0077587455	-0.044311314	-0.0500796887	-0.0210564335	0.0225952602	0.0505494535	0.0433856593	0.0060807472	-0.0354486142	-0.0523509242	-0.0328837193	0.0094286395	0.0451906832	0.0495576132	0.0194956122	-0.024110485	-0.0509664168	-0.0424146861	-0.0043963972	0.0366761804	-0.0056263528	-0.0128654652	-0.0108645152	0.0010474272	-2.02336e-05	-0.0132322826	-0.0414046603	0	0	0	0	0	0	0	0	0	0	0	0	0	0	0	0	0	0	0	0	0	0	0	0	0	0	0	0	0	0	0	0	0	0	0	0	0	0	0	0	0	0	0	0	0	0	0	0	0	0	0	0	0	0	0	0	0	0	0	0	0	0	0	0	0	0	0.694266233997735	2.82153663249731	0.448081059024295	-1.68540061352814
-0.0441045	0.0280593	0.590713	-0.0200445	-0.00154805	-0.00237185	7.68000000000019e-05	-0.00159779999999999	0.0796380000000001	-0.0037458	-0.00025869	0.00044874	0.3039741	0.0340126806	-0.0082049152	-0.0446686685	-0.0498077248	-0.0200182296	0.0238094045	0.050940271	0.0423483678	0.0040589197	-0.0370769179	-0.0522119084	-0.030732371	0.0122987873	0.0467052026	0.0483587652	0.016099885	-0.0274493255	-0.0517492091	-0.0397590408	0.0001128608	0.0399056168	-0.0019080223	0.0043084452	-0.008141886	0.0118304289	-0.0044133595	-0.0006009609	0.0208423709	0	0	0	0	0	0	0	0	0	0	0	0	0	0	0	0	0	0	0	0	0	0	0	0	0	0	0	0	0	0	0	0	0	0	0	0	0	0	0	0	0	0	0	0	0	0	0	0	0	0	0	0	0	0	0	0	0	0	0	0	0	0	0	0	0	0	0.154374314792357	2.81383756841995	0.448081059024295	-1.68540061352814
-0.0438812	0.0179201	0.628464	-0.019074	-0.00207102	-0.00226786	0.00022330000000001	-0.0101392	0.037751	0.000970499999999999	-0.00052297	0.00010399	0.1279865	0.0338407093	-0.0086504753	-0.045018557	-0.0495209612	-0.018970732	0.0250076315	0.0512847364	0.0412607473	0.0020309873	-0.0386363752	-0.0519555872	-0.028498854	0.0151303447	0.0480497669	0.0469579174	0.0126276447	-0.0306409077	-0.0522207755	-0.0368369888	0.004621281	0.0428084497	-0.0077757468	0.0174410736	-0.00421077	0.006968719	-0.0138382547	0.0210840919	0.028289345	0	0	0	0	0	0	0	0	0	0	0	0	0	0	0	0	0	0	0	0	0	0	0	0	0	0	0	0	0	0	0	0	0	0	0	0	0	0	0	0	0	0	0	0	0	0	0	0	0	0	0	0	0	0	0	0	0	0	0	0	0	0	0	0	0	0	-0.601438130403901	2.55073409748775	0.448081059024295	-1.68540061352814
-0.0314665	0.027586	0.665258	-0.0210748	-0.00191154	-0.00239884	0.0124147	0.00966590000000001	0.036794	-0.0020008	0.00015948	-0.00013098	0.1734376	0.0336681095	-0.0090953929	-0.0453609212	-0.0492194833	-0.0179144269	0.02618914	0.0515825363	0.0401240904	0	-0.0401240904	-0.0515825363	-0.02618914	0.0179144269	0.0492194833	0.0453609212	0.0090953929	-0.0336681095	-0.0523782801	-0.0336681095	0.0090953929	0.0453609212	-0.0055313517	0.0264629155	-0.0111651436	0.0189653788	0.0200416288	-0.0028452225	-0.0148894184	0	0	0	0	0	0	0	0	0	0	0	0	0	0	0	0	0	0	0	0	0	0	0	0	0	0	0	0	0	0	0	0	0	0	0	0	0	0	0	0	0	0	0	0	0	0	0	0	0	0	0	0	0	0	0	0	0	0	0	0	0	0	0	0	0	0	-2.2241144777914	0.959187679132036	0.448081059024295	-1.68540061352814
-0.0253597	0.0163919	0.643459	-0.0197083	-0.00191154	-0.00236181	0.0061068	-0.0111941	-0.021799	0.0013665	0	3.703e-05	0.1092764	0.0334948844	-0.0095396348	-0.0456957037	-0.0489033805	-0.0168498047	0.0273531403	0.0518333998	0.0389397479	-0.0020309873	-0.0415373011	-0.051093594	-0.0238094045	0.0206422981	0.0502100954	0.0435744473	0.0055199161	-0.0365146908	-0.0522207755	-0.0302736359	0.0135019809	0.0475421407	-0.0053684726	0.0179471463	-0.0109632252	0.0106587664	0.0017544931	-0.0106897443	-0.0314035345	0	0	0	0	0	0	0	0	0	0	0	0	0	0	0	0	0	0	0	0	0	0	0	0	0	0	0	0	0	0	0	0	0	0	0	0	0	0	0	0	0	0	0	0	0	0	0	0	0	0	0	0	0	0	0	0	0	0	0	0	0	0	0	0	0	0	0.536935927724544	0.955536292149554	0.448081059024295	-1.68540061352814
-0.0348565	0.08074	0.654416	-0.0193572	-0.00146516	-0.00211772	-0.00949679999999999	0.0643481	0.010957	0.0003511	0.00044638	0.00024409	0.1368804	0.0333210373	-0.009983168	-0.0460228486	-0.0485727468	-0.0157773596	0.028498854	0.0520370985	0.0377091275	-0.0040589197	-0.0428733831	-0.0504898588	-0.0213660101	0.0233053991	0.0510179984	0.0416059582	0.0019182066	-0.0391653804	-0.0517492091	-0.0266763128	0.0178083308	0.0493342563	-0.0043621474	0.0163683542	-0.007613309	0.0158162174	-0.0016836874	0.0020496051	0.0286166558	0	0	0	0	0	0	0	0	0	0	0	0	0	0	0	0	0	0	0	0	0	0	0	0	0	0	0	0	0	0	0	0	0	0	0	0	0	0	0	0	0	0	0	0	0	0	0	0	0	0	0	0	0	0	0	0	0	0	0	0	0	0	0	0	0	0	-0.595157266259028	0.943657797716027	0.448081059024295	-1.68540061352814
-0.0462185	0.0332564	0.643786	-0.0188529	-0.00164364	-0.00245123	-0.011362	-0.0474836	-0.01063	0.000504299999999999	-0.00017848	-0.00033351	0.1202901	0.0331465714	-0.0104259597	-0.0463423012	-0.0482276804	-0.0146975897	0.0296255153	0.0521934471	0.0364336915	-0.0060807472	-0.0441298556	-0.049772687	-0.0188654898	0.0258953737	0.0516402525	0.0394636764	-0.0016926191	-0.0416059582	-0.0509664168	-0.0229002443	0.0219824722	0.0507226006	-0.0057026479	0.017515119	-0.0059978183	0.012967917	-0.018958373	0.0244449694	0.0397801353	0	0	0	0	0	0	0	0	0	0	0	0	0	0	0	0	0	0	0	0	0	0	0	0	0	0	0	0	0	0	0	0	0	0	0	0	0	0	0	0	0	0	0	0	0	0	0	0	0	0	0	0	0	0	0	0	0	0	0	0	0	0	0	0	0	0	-1.07994823181521	0.941081380347901	0.448081059024295	-1.68540061352814
-0.0295476	0.0721309	0.671374	-0.0191114	-0.00146516	-0.00246217	0.0166709	0.0388745	0.0275880000000001	-0.000258499999999998	0.00017848	-1.09400000000001e-05	0.1055294	0.0329714899	-0.0108679768	-0.0466540082	-0.0478682839	-0.0136109962	0.030732371	0.0523023033	0.0351149558	-0.0080934286	-0.0453043854	-0.04894369	-0.016314529	0.0284040951	0.0520745933	0.0371565505	-0.0052954007	-0.043823331	-0.0498771065	-0.018970732	0.0259934166	0.0516958108	-0.007050445	0.026486563	-0.0001048432	0.0155102921	-0.0091960593	0.0140986998	0.0160908605	0	0	0	0	0	0	0	0	0	0	0	0	0	0	0	0	0	0	0	0	0	0	0	0	0	0	0	0	0	0	0	0	0	0	0	0	0	0	0	0	0	0	0	0	0	0	0	0	0	0	0	0	0	0	0	0	0	0	0	0	0	0	0	0	0	0	0.723285826740227	0.110286797371077	0.448081059024295	0.592443852028073
0.0463425	0.0397516	0.567874	-0.0173865	-0.00161652	-0.0013254	0.0758901	-0.0323793	-0.1035	0.0017249	-0.00015136	0.00113677	0.3624209	0.0327957961	-0.0113091867	-0.0469579174	-0.0474946641	-0.0125180835	0.0318186811	0.0523635681	0.0337544877	-0.0100939368	-0.0463947917	-0.0480047303	-0.0137199483	0.0308236917	0.0523194405	0.0346942175	-0.0088730165	-0.0458056033	-0.0484878293	-0.0149141057	0.0298113868	0.0522459219	-0.0029767926	0.0086320087	-0.000296771	0.01281868	0.0136235354	0.0048902717	0.0137153441	0	0	0	0	0	0	0	0	0	0	0	0	0	0	0	0	0	0	0	0	0	0	0	0	0	0	0	0	0	0	0	0	0	0	0	0	0	0	0	0	0	0	0	0	0	0	0	0	0	0	0	0	0	0	0	0	0	0	0	0	0	0	0	0	0	0	0.228099916804303	-0.142344408351065	0.448081059024295	0.592443852028073
0.245157	0.078788	0.352299	-0.01509	0.00136585	0.00708881	0.1988145	0.0390364	-0.215575	0.0022965	0.00298237	0.00841421	1.1380799	0.0326194932	-0.0117495564	-0.0472539781	-0.0471069319	-0.0114193591	0.0328837193	0.0523771858	0.032353904	-0.0120792627	-0.0473990497	-0.0469579174	-0.0110886847	0.0331465714	0.0523739028	0.0320869629	-0.0124084642	-0.0475421407	-0.0468069407	-0.010757547	0.0334080384	0.0523684314	0.0060316349	-0.0297712313	-0.0129401713	-0.0083446835	0.0241884428	-0.0277048947	-0.0418381717	0	0	0	0	0	0	0	0	0	0	0	0	1	0	0	0	0	0	0	0	0	0	0	0	0	0	0	0	0	0	0	0	0	0	0	0	0	0	0	0	0	0	0	0	0	0	0	0	0	0	0	0	0	0	0	0	0	0	0	0	0	0	0	0	0	0	-2.32720264119151	-0.112369169633472	0.448081059024295	0.592443852028073
0.171969	0.0685609	0.502408	-0.0168117	0.000366888	0.00510581	-0.073188	-0.0102271	0.150109	-0.00172169999999999	-0.000998962	-0.001983	0.4687072	0.0324425845	-0.0121890533	-0.0475421407	-0.0467052026	-0.0103153331	0.0339267737	0.0523431439	0.0309148693	-0.0140464202	-0.0483152946	-0.0458056033	-0.0084277735	0.0353654455	0.0522377823	0.0293456776	-0.015884942	-0.049023627	-0.0448445497	-0.0065289069	0.0367566699	0.0520623368	0.0015006436	0.0030453725	-0.0121954833	-0.0105271558	-0.0032756741	-0.0125893085	0.0040667365	0	0	0	0	0	0	0	0	0	0	0	0	0	0	0	0	0	0	0	0	0	0	0	0	0	0	0	0	0	0	0	0	0	0	0	0	0	0	0	0	0	0	0	0	0	0	0	0	0	0	0	0	0	0	0	0	0	0	0	0	0	0	0	0	0	0	0.319426817889689	1.1956742866717	0.448081059024295	-1.68540061352814
0.14138	0.0574155	0.468768	-0.0174753	0.000360564	0.00408715	-0.030589	-0.0111454	-0.0336399999999999	-0.000663600000000004	-6.32400000000004e-06	-0.00101866	0.1598036	0.0322650733	-0.0126276447	-0.0478223571	-0.0462895956	-0.009206518	0.0349471469	0.0522614734	0.0294390937	-0.0159924506	-0.0491418251	-0.0445503769	-0.0057443291	0.0374733519	0.0519115742	0.0264818121	-0.0192859283	-0.0502421146	-0.0426124582	-0.0022565198	0.0398324213	0.0513301431	0.0051632055	0.0030350336	-0.0185460785	0.0144884808	-0.0133797412	-0.013540589	0.0193881215	0	0	0	0	0	0	0	0	0	0	0	0	0	0	0	0	0	0	0	0	0	0	0	0	0	0	0	0	0	0	0	0	0	0	0	0	0	0	0	0	0	0	0	0	0	0	0	0	0	0	0	0	0	0	0	0	0	0	0	0	0	0	0	0	0	0	0.635771712101972	0.290303378761046	0.448081059024295	0.592443852028073
0.120538	0.0514064	0.492502	-0.0174967	0.000245194	0.0037375	-0.020842	-0.0060091	0.023734	-2.14000000000013e-05	-0.00011537	-0.00034965	0.0749061000000001	0.0320869629	-0.0130652981	-0.0480945804	-0.0458602343	-0.0080934286	0.0359441567	0.0521322486	0.0279283311	-0.0179144269	-0.0498771065	-0.0431950583	-0.0030455261	0.0394636764	0.0513964655	0.0235073292	-0.0225952602	-0.0511910666	-0.0401240904	0.0020309873	0.0426124582	0.050177843	0.0058354734	0.0063373214	-0.0085790464	-0.0043588343	-0.0006819486	-0.0195496344	-0.0085169891	0	0	0	0	0	0	0	0	0	0	0	0	0	0	0	0	0	0	0	0	0	0	0	0	0	0	0	0	0	0	0	0	0	0	0	0	0	0	0	0	0	0	0	0	0	0	0	0	0	0	0	0	0	0	0	0	0	0	0	0	0	0	0	0	0	0	0.382546631611001	0.072445606812311	0.448081059024295	0.592443852028073
0.124579	0.0477878	0.478313	-0.0173625	-2.3148e-05	0.00365515	0.00404099999999999	-0.00361859999999999	-0.0141890000000001	0.000134200000000001	-0.000268342	-8.23500000000001e-05	0.0460932000000001	0.0319082567	-0.0135019809	-0.0483587652	-0.0454172463	-0.0069765817	0.0369171367	0.0519555872	0.0263843771	-0.0198094581	-0.0505197734	-0.0417426926	-0.0003385804	0.0413301739	0.0506943307	0.0204346535	-0.0257972105	-0.051865392	-0.0373944116	0.0063048856	0.0450761418	0.0486148674	0.01094268	0.0007143426	-0.0141006439	0.0019085998	-0.0033610695	-0.0348862812	-0.0348688026	0	0	0	0	0	0	0	0	0	0	0	0	0	0	0	0	0	0	0	0	0	0	0	0	0	0	0	0	0	0	0	0	0	0	0	0	0	0	0	0	0	0	0	0	0	0	0	0	0	0	0	0	0	0	0	0	0	0	0	0	0	0	0	0	0	0	-2.14271020602915	0.112756556267515	0.448081059024295	0.592443852028073
0.115637	0.0822559	0.545839	-0.01728	0.000191175	0.0035087	-0.00894200000000001	0.0344681	0.0675260000000001	8.24999999999992e-05	0.000214323	-0.00014645	0.13309975	0.0317289578	-0.0139376608	-0.0486148674	-0.0449607632	-0.0058564958	0.0378654364	0.0517316498	0.0248090665	-0.021674694	-0.0510686325	-0.0401965428	0.0023692706	0.0430669878	0.0498077248	0.01727662	-0.0288765622	-0.0522614734	-0.0344398384	0.0105365379	0.0472051818	0.0466540082	0.0078289074	0.0095712117	-0.0066210405	-0.0122954634	-0.0139649455	-0.0082273886	0.0116693235	0	0	0	0	0	0	0	0	0	0	0	0	0	0	0	0	0	0	0	0	0	0	0	0	0	0	0	0	0	0	0	0	0	0	0	0	0	0	0	0	0	0	0	0	0	0	0	0	0	0	0	0	0	0	0	0	0	0	0	0	0	0	0	0	0	0	-0.289405194826022	0.146971107197032	0.448081059024295	0.592443852028073
0.12059	0.0228059	0.476235	-0.0176811	8.25947e-05	0.0035087	0.00495300000000001	-0.05945	-0.0696040000000001	-0.000401099999999998	-0.0001085803	0	0.159491015	0.0315490697	-0.0143723053	-0.048862844	-0.0444909208	-0.0047336909	0.0387884217	0.0514606403	0.0232042715	-0.0235073292	-0.0515226647	-0.0385600826	0.0050707869	0.0446686685	0.048739874	0.0140464202	-0.0318186811	-0.0523771858	-0.03127814	0.0146975897	0.0489837722	0.044311314	0.0119017102	0.0122590791	-0.0091335397	0.0086066664	-0.0313522865	-0.003423548	0.0118784134	0	0	0	0	0	0	0	0	0	0	0	0	0	0	0	0	0	0	0	0	0	0	0	0	0	0	0	0	0	0	0	0	0	0	0	0	0	0	0	0	0	0	0	0	0	0	0	0	0	0	0	0	0	0	0	0	0	0	0	0	0	0	0	0	0	0	-2.17303653709492	1.09975215878815	0.448081059024295	-1.68540061352814
0.109735	0.0755524	0.568675	-0.0176685	8.25947e-05	0.0035087	-0.010855	0.0527465	0.09244	1.2599999999998e-05	0	0	0.1566715	0.0313685957	-0.0148058821	-0.0491026536	-0.0440078585	-0.0036086884	0.0396854757	0.0511428052	0.0215718994	-0.025304607	-0.051881027	-0.0368369888	0.0077587455	0.0461301902	0.0474946641	0.010757547	-0.034609585	-0.0522119084	-0.0279283311	0.0187601599	0.0503987089	0.0416059582	0.0103517793	0.0174906509	-0.0018449362	-7.31295e-05	0.0019782711	-0.0363683608	-0.0096552362	0	0	0	0	0	0	0	0	0	0	0	0	0	0	0	0	0	0	0	0	0	0	0	0	0	0	0	0	0	0	0	0	0	0	0	0	0	0	0	0	0	0	0	0	0	0	0	0	0	0	0	0	0	0	0	0	0	0	0	0	0	0	0	0	0	0	-2.23159434303421	1.85419855426188	-2.22840312389761	-1.68540061352814
0.0345614	0.0755758	0.682929	-0.0176494	8.25947e-05	0.00097921	-0.0751736	2.34000000000068e-05	0.114254	1.90999999999976e-05	0	-0.00252949	0.3168805	0.0311875391	-0.015238359	-0.0493342563	-0.0435117199	-0.0024820104	0.0405559987	0.0507784337	0.0199138901	-0.0270638244	-0.0521430537	-0.0350311327	0.0104259597	0.047446967	0.0460766263	0.0074237382	-0.0372360105	-0.051766528	-0.024410558	0.0226970271	0.0514394875	0.0385600826	0.0060397547	0.0344662297	-0.0161932537	0.0297286416	-0.0121287153	-0.0131393109	-0.0168029987	0	0	0	0	0	0	0	0	0	0	0	0	0	0	0	0	0	0	0	0	0	0	0	0	0	0	0	0	0	0	0	0	0	0	0	0	0	0	0	0	0	0	0	0	0	0	0	0	0	0	0	0	0	0	0	0	0	0	0	0	0	0	0	0	0	0	0.418315390420502	2.44998067524423	0.448081059024295	-1.68540061352814
0.0442575	0.09145	0.640063	-0.0182342	0.000995954	0.00097921	0.00969609999999999	0.0158742	-0.042866	-0.0005848	0.0009133593	0	0.143344265	0.0310059033	-0.015669704	-0.0495576132	-0.0430026525	-0.0013541801	0.0413994086	0.0503678575	0.0182322141	-0.0287823352	-0.0523082586	-0.0331465714	0.0130652981	0.0486148674	0.0444909208	0.0040589197	-0.0396854757	-0.051043434	-0.0207459769	0.0264818121	0.0520983812	0.0351986159	0.0112189384	0.0299044398	-0.0017524251	-0.0093365257	-0.0171851382	-0.0044903639	0.03222245	0	0	0	0	0	0	0	0	0	0	0	0	0	0	0	0	0	0	0	0	0	0	0	0	0	0	0	0	0	0	0	0	0	0	0	0	0	0	0	0	0	0	0	0	0	0	0	0	0	0	0	0	0	0	0	0	0	0	0	0	0	0	0	0	0	0	-0.591052755806349	0.882418903434472	0.448081059024295	0.592443852028073
0.0532855	0.0679418	0.654486	-0.0182393	0.000420362	0.00097921	0.009028	-0.0235082	0.014423	-5.09999999999747e-06	-0.000575592	0	0.0759938	0.0308236917	-0.016099885	-0.049772687	-0.0424808075	-0.0002257211	0.0422151417	0.04991145	0.01652887	-0.0304575546	-0.0523763346	-0.0311875391	0.015669704	0.0496302266	0.0427433176	0.0006771467	-0.0419463399	-0.0500465054	-0.0169566271	0.0300891549	0.0523704984	0.0315490697	0.009245528	0.0363455972	-0.0085261271	0.0078399146	-0.0148941374	-0.020444946	-0.0089326241	0	0	0	0	0	0	0	0	0	0	0	0	0	0	0	0	0	0	0	0	0	0	0	0	0	0	0	0	0	0	0	0	0	0	0	0	0	0	0	0	0	0	0	0	0	0	0	0	0	0	0	0	0	0	0	0	0	0	0	0	0	0	0	0	0	0	0.966474984035001	0.38358901273654	0.448081059024295	0.592443852028073
0.0556745	0.0625171	0.666892	-0.0186334	0.000341726	0.000979211	0.002389	-0.0054247	0.012406	-0.000394100000000001	-7.8636e-05	9.99999999907325e-10	0.0438565500000001	0.0306409077	-0.01652887	-0.0499794418	-0.0419463399	0.0009028426	0.0430026525	0.0494096266	0.0148058821	-0.0320869629	-0.0523471556	-0.0291584371	0.0182322141	0.0504898588	0.0408401761	-0.0027074549	-0.0440078585	-0.0487810905	-0.0130652981	0.0334948844	0.0522538189	0.0276413132	0.0140936838	0.0381387712	0.0061655588	-0.0039655065	-0.0157420796	-0.0219447927	-0.0133543536	0	0	0	0	0	0	0	0	0	0	0	0	0	0	0	0	0	0	0	0	0	0	0	0	0	0	0	0	0	0	0	0	0	0	0	0	0	0	0	0	0	0	0	0	0	0	0	0	0	0	0	0	0	0	0	0	0	0	0	0	0	0	0	0	0	0	0.692113033004395	0.058485201789589	0.448081059024295	0.592443852028073
0.029697	0.0883629	0.719819	-0.0192228	0.000437512	0.000979211	-0.0259775	0.0258458	0.0529269999999999	-0.000589399999999997	9.5786e-05	0	0.1390096	0.0304575546	-0.0169566271	-0.050177843	-0.0413994086	0.0020309873	0.0437614146	0.048862844	0.0130652981	-0.0336681095	-0.0522207755	-0.0270638244	0.0207459769	0.0511910666	0.0387884217	-0.0060807472	-0.0458602343	-0.0472539781	-0.0090953929	0.0366761804	0.0517492091	0.0235073292	0.0120063775	0.0486446303	-0.0054469201	-0.0035888054	-0.0305640463	0.001100327	0.0361100075	0	0	0	0	0	0	0	0	0	0	0	0	0	0	0	0	0	0	0	0	0	0	0	0	0	0	0	0	0	0	0	0	0	0	0	0	0	0	0	0	0	0	0	0	0	0	0	0	0	0	0	0	0	0	0	0	0	0	0	0	0	0	0	0	0	0	-0.649929142881862	0.371211737457751	0.448081059024295	0.592443852028073
0.0382956	0.0433706	0.679706	-0.0188696	0.000314248	0.000979211	0.0085986	-0.0449923	-0.0401129999999999	0.000353199999999998	-0.000123264	0	0.1175271	0.0302736359	-0.0173831246	-0.0503678575	-0.0408401761	0.003158189	0.0444909208	0.0482715996	0.0113091867	-0.0351986159	-0.0519974292	-0.0249084068	0.0232042715	0.0517316498	0.0365955205	-0.0094286395	-0.0474946641	-0.0454733605	-0.0050707869	0.0396117264	0.050860415	0.0191809517	0.016996756	0.0438563103	-0.0004804445	-0.0081008175	0.0032990516	-0.0354665057	0.0058515869	0	0	0	0	0	0	0	0	0	0	0	0	0	0	0	0	0	0	0	0	0	0	0	0	0	0	0	0	0	0	0	0	0	0	0	0	0	0	0	0	0	0	0	0	0	0	0	0	0	0	0	0	0	0	0	0	0	0	0	0	0	0	0	0	0	0	0.406073478077581	1.48991979995673	0.448081059024295	-1.68540061352814
0.0445747	0.0662145	0.707036	-0.0196327	0.000651678	0.000979211	0.0062791	0.0228439	0.02733	-0.000763099999999999	0.00033743	0	0.1114795	0.0300891549	-0.0178083308	-0.0505494535	-0.0402688086	0.0042839244	0.0451906832	0.0476364314	0.0095396348	-0.0366761804	-0.0516775313	-0.0226970271	0.0256005252	0.0521099123	0.0342694522	-0.0127371473	-0.0489033805	-0.0434487905	-0.0010156846	0.0422818529	0.049594035	0.0146975897	0.0192956215	0.0484402145	-0.0008081099	-0.00465862	-0.0241174613	-0.0381212544	-0.0357347584	0	0	0	0	0	0	0	0	0	0	0	0	0	0	0	0	0	0	0	0	0	0	0	0	0	0	0	0	0	0	0	0	0	0	0	0	0	0	0	0	0	0	0	0	0	0	0	0	0	0	0	0	0	0	0	0	0	0	0	0	0	0	0	0	0	0	-1.32322073882585	0.351034542715769	0.448081059024295	0.592443852028073
0.0298362	0.0516736	0.689247	-0.0185272	0.000150113	0.000979211	-0.0147385	-0.0145409	-0.0177889999999999	0.0011055	-0.000501565	0	0.12742165	0.0299041152	-0.0182322141	-0.0507226006	-0.0396854757	0.005407671	0.0458602343	0.0469579174	0.0077587455	-0.0380985803	-0.0512616758	-0.0204346535	0.0279283311	0.052324667	0.0318186811	-0.0159924506	-0.0500796887	-0.0411911291	0.0030455261	0.0446686685	0.0479594708	0.0100939368	0.0196623025	0.0460598163	0.0089306167	-0.0063044456	-0.0341075621	-0.0216993661	0.0152159235	0	0	0	0	0	0	0	0	0	0	0	0	0	0	0	0	0	0	0	0	0	0	0	0	0	0	0	0	0	0	0	0	0	0	0	0	0	0	0	0	0	0	0	0	0	0	0	0	0	0	0	0	0	0	0	0	0	0	0	0	0	0	0	0	0	0	-0.416616000809872	0.438698734161062	0.448081059024295	-1.68540061352814
0.0296076	0.0686131	0.689165	-0.0194223	0.000614145	0.000979211	-0.000228600000000006	0.0169395	-8.20000000001375e-05	-0.000895099999999999	0.000464032	0	0.0852067	0.0297185201	-0.018654743	-0.0508872699	-0.039090351	0.0065289069	0.0464991262	0.046236675	0.0059686353	-0.0394636764	-0.050750635	-0.018126369	0.0301814655	0.0523752403	0.0292521253	-0.0191809517	-0.0510179984	-0.0387124883	0.0070884207	0.0467561802	0.0459688572	0.005407671	0.0215954009	0.054816664	0.0012536819	-0.0015081561	-0.0518387151	-0.0223305214	0.006543592	0	0	0	0	0	0	0	0	0	0	0	0	0	0	0	0	0	0	0	0	0	0	0	0	0	0	0	0	0	0	0	0	0	0	0	0	0	0	0	0	0	0	0	0	0	0	0	0	0	0	0	0	0	0	0	0	0	0	0	0	0	0	0	0	0	0	1.07365160534993	0.425460084759415	0.448081059024295	-1.68540061352814
0.029861	0.080004	0.780996	-0.0195919	0.000134875	0.000979211	0.000253400000000004	0.0113909	0.0918310000000001	-0.000169600000000002	-0.00047927	0	0.1359188	0.0295323731	-0.0190758861	-0.051043434	-0.0384836111	0.0076471118	0.0471069319	0.0454733605	0.0041714317	-0.0407694154	-0.0501453577	-0.0157773596	0.032353904	0.0522614734	0.0265791242	-0.0222893319	-0.0517138504	-0.0360261653	0.0110886847	0.0485304007	0.0436369724	0.0006771467	0.0183825243	0.0717115624	0.0080903006	-0.0224042641	-0.0050800512	-0.0349068632	-0.0260115893	0	0	0	0	0	0	0	0	0	0	0	0	0	0	0	0	0	0	0	0	0	0	0	0	0	0	0	0	0	0	0	0	0	0	0	0	0	0	0	0	0	0	0	0	0	0	0	0	0	0	0	0	0	0	0	0	0	0	0	0	0	0	0	0	0	0	0.422136820541871	0.818427155511193	0.448081059024295	-1.68540061352814
0.0299489	0.0602964	0.727887	-0.0197219	-0.000168166	0.000979211	8.79000000000019e-05	-0.0197076	-0.0531090000000001	-0.000129999999999998	-0.000303041	0	0.0945565500000002	0.0293456776	-0.0194956122	-0.0511910666	-0.0378654364	0.0087617663	0.0476832451	0.0446686685	0.0023692706	-0.0420138333	-0.0494469678	-0.013392903	0.0344398384	0.0519837232	0.0238094045	-0.025304607	-0.0521639377	-0.0331465714	0.0150222601	0.0499794418	0.0409811285	-0.0040589197	0.0256695478	0.0687469556	-0.002737856	0.0017546416	-0.0460037493	-0.0155223461	0.0342742941	0	0	0	0	0	0	0	0	0	0	0	0	0	0	0	0	0	0	0	0	0	0	0	0	0	0	0	0	0	0	0	0	0	0	0	0	0	0	0	0	0	0	0	0	0	0	0	0	0	0	0	0	0	0	0	0	0	0	0	0	0	0	0	0	0	0	0.265101016598092	1.0242211251449	0.448081059024295	-1.68540061352814
0.0356626	0.06007	0.735405	-0.0201441	-0.000129075	0.000979211	0.00571369999999999	-0.000226400000000002	0.00751799999999991	-0.000422199999999998	3.9091e-05	0	0.0365226500000001	0.0291584371	-0.0199138901	-0.0513301431	-0.0372360105	0.009872353	0.0482276804	0.043823331	0.0005642937	-0.0431950583	-0.0486567622	-0.0109783563	0.0364336915	0.0515428613	0.0209530451	-0.028214182	-0.0523661213	-0.0300891549	0.0188654898	0.051093594	0.0380210421	-0.0087617663	0.0283611164	0.0683611994	0.001476054	-0.0253306271	0.0058301547	-0.066015083	-0.0047132614	0	0	0	0	0	0	0	0	0	0	0	0	0	0	0	0	0	0	0	0	0	0	0	0	0	0	0	0	0	0	0	0	0	0	0	0	0	0	0	0	0	0	0	0	0	0	0	0	0	0	0	0	0	0	0	0	0	0	0	0	0	0	0	0	0	0	0.660086676437512	1.01887067549242	0.448081059024295	-1.68540061352814
0.0299206	0.0600514	0.749306	-0.0201494	-5.99109e-05	0.000979211	-0.005742	-1.86000000000075e-05	0.0139010000000002	-5.30000000000322e-06	6.91641e-05	0	0.023384805	0.0289706552	-0.0203306886	-0.0514606403	-0.0365955205	0.0109783563	0.048739874	0.0429381175	-0.0012413539	-0.044311314	-0.0477762082	-0.0085391442	0.0383301323	0.050940271	0.0180204398	-0.0310059033	-0.0523194405	-0.0268703181	0.0225952602	0.051865392	0.0347786889	-0.013392903	0.0295275364	0.0770024782	-0.0041657164	-0.0036396601	-0.0647377349	-0.0427298078	-0.0217244391	0	0	0	0	0	0	0	0	0	0	0	0	0	0	0	0	0	0	0	0	0	0	0	0	0	0	0	0	0	0	0	0	0	0	0	0	0	0	0	0	0	0	0	0	0	0	0	0	0	0	0	0	0	0	0	0	0	0	0	0	0	0	0	0	0	0	0.620215876796542	0.770483282181689	0.448081059024295	-1.68540061352814
0.0298191	0.084938	0.712332	-0.0189243	0.000132211	0.000979211	-0.000101499999999997	0.0248866	-0.0369740000000001	0.0012251	0.0001921219	0	0.132823195	0.0287823352	-0.0207459769	-0.0515825363	-0.0359441567	0.0120792627	0.0492194833	0.0420138333	-0.0030455261	-0.0453609212	-0.0468069407	-0.0060807472	0.0401240904	0.050177843	0.0150222601	-0.0336681095	-0.0520241169	-0.0235073292	0.02618914	0.0522896643	0.03127814	-0.0179144269	0.0298562839	0.0510052691	0.0256646124	-0.0177342755	0.083135557	-0.0787317213	-0.0024556345	0	0	0	0	0	0	0	0	0	0	0	0	0	0	0	0	0	0	0	0	0	0	0	0	0	0	0	0	0	0	0	0	0	0	0	0	0	0	0	0	0	0	0	0	0	0	0	0	0	0	0	0	0	0	0	0	0	0	0	0	0	0	0	0	0	0	-0.159500958208927	0.418882882225272	0.448081059024295	0.592443852028073
0.0127322	0.439086	0.483421	0.0167417	-0.00022319	0.00184307	-0.0170869	0.354148	-0.228911	0.035666	-0.000355401	0.000863859	2.4444089	0.0285934806	-0.0211597241	-0.0516958108	-0.0352821126	0.0131745611	0.0496661877	0.0410513194	-0.0048460789	-0.0463423012	-0.0457507597	-0.0036086884	0.0418107693	0.0492579697	0.011969416	-0.0361896802	-0.0514815542	-0.0200182296	0.0296255153	0.0523635681	0.0275453833	-0.0222893319	-0.1025364279	-0.1281796626	0.1540311025	-0.0078776928	0.0026002442	0.045737542	-0.0080415272	0	0	0	0	0	0	0	0	0	0	0	0	0	1	0	0	0	0	0	0	0	0	0	0	0	0	0	0	0	0	0	0	0	0	0	0	0	0	0	0	0	0	0	0	0	0	0	0	0	0	0	0	0	0	0	0	0	0	0	0	0	0	0	0	0	0	0.496284727780899	0.827860681831061	0.448081059024295	-1.68540061352814
0.00395033	0.290812	0.405463	0.00122589	-0.00116747	-0.000744823	-0.00878187	-0.148274	-0.077958	-0.01551581	-0.00094428	-0.002587893	1.18741302	0.0284040951	-0.0215718994	-0.0518004449	-0.034609585	0.014263743	0.0500796887	0.0400514517	-0.0066408724	-0.0472539781	-0.0446096262	-0.0011285219	0.0433856593	0.0481835374	0.0088730165	-0.0385600826	-0.0506943307	-0.0164217376	0.0328837193	0.0520866082	0.0236081307	-0.0264818121	0.0005946058	-0.0643257391	0.0024013433	-0.0840709949	-0.064391521	0.1262386366	-0.0145828501	0	0	0	0	0	0	0	0	0	0	0	0	0	0	1	0	0	0	0	0	0	0	0	0	0	0	0	0	0	0	0	0	0	0	0	0	0	0	0	0	0	0	0	0	0	0	0	0	0	0	0	0	0	0	0	0	0	0	0	0	0	0	0	0	0	0	0.759094099489104	0.912993114959408	0.448081059024295	-1.68540061352814
0.011948	0.195184	0.322736	-0.0022502	-0.00118538	-0.00165047	0.00799767	-0.095628	-0.082727	-0.00347609	-1.79099999999995e-05	-0.000905647	0.40633502	0.028214182	-0.0219824722	-0.051896421	-0.0339267737	0.0153463027	0.0504597097	0.03901514	-0.0084277735	-0.0480945804	-0.0433856593	0.0013541801	0.0448445497	0.0469579174	0.0057443291	-0.0407694154	-0.0496661877	-0.0127371473	0.0359441567	0.0514606403	0.0194956122	-0.0304575546	0.0263573014	-0.0464006913	-0.0215817379	-0.0671317008	0.059203616	-0.023570214	0.0214248892	0	0	0	0	0	0	0	0	0	0	0	0	0	0	0	0	0	0	0	0	0	0	0	0	0	0	0	0	0	0	0	0	0	0	0	0	0	0	0	0	0	0	0	0	0	0	0	0	0	0	0	0	0	0	0	0	0	0	0	0	0	0	0	0	0	0	-1.9372692089445	0.946336752241705	0.448081059024295	-1.68540061352814
-0.00860332	0.349888	0.375575	0.00586416	-0.00198172	-0.000634305	-0.02055132	0.154704	0.052839	0.00811436	-0.00079634	0.001016165	0.72443757	0.028023745	-0.0223914121	-0.0519837232	-0.0332338815	0.0164217376	0.0508059967	0.0379433273	-0.0102046586	-0.048862844	-0.0420811315	0.0038338396	0.0461835398	0.0455849554	0.0025947387	-0.0428084497	-0.0484020114	-0.0089842256	0.0387884217	0.0504898588	0.015238359	-0.0341840202	-0.0159818969	-0.0800391455	0.0075886725	-0.0105777672	0.0063734456	0.0460645692	-0.0112860884	0	0	0	0	0	0	0	0	0	0	0	0	0	0	0	0	0	0	0	0	0	0	0	0	0	0	0	0	0	0	0	0	0	0	0	0	0	0	0	0	0	0	0	0	0	0	0	0	0	0	0	0	0	0	0	0	0	0	0	0	0	0	0	0	0	0	-0.031316812765293	0.865525451091933	0.448081059024295	-1.68540061352814
-0.0225244	0.33099	0.45141	0.00696148	-0.00206133	-0.00055017	-0.01392108	-0.018898	0.075835	0.00109732	-7.96099999999999e-05	8.4135e-05	0.17170733	0.0278327876	-0.0227986886	-0.0520623368	-0.0325311144	0.0174895484	0.0511183183	0.0368369888	-0.011969416	-0.0495576132	-0.0406984653	0.0063048856	0.0473990497	0.0440689593	-0.0005642937	-0.0446686685	-0.0469078096	-0.0051831058	0.0413994086	0.0491807684	0.0108679768	-0.0376307102	-0.0264780457	-0.0709546613	0.0078189197	0.0272654045	0.0517374785	0.0601244516	0.021118114	0	0	0	0	0	0	0	0	0	0	0	0	0	0	0	0	0	0	0	0	0	0	0	0	0	0	0	0	0	0	0	0	0	0	0	0	0	0	0	0	0	0	0	0	0	0	0	0	0	0	0	0	0	0	0	0	0	0	0	0	0	0	0	0	0	0	0.468551807689336	0.397540922041569	0.448081059024295	-1.68540061352814
-0.0310522	0.356725	0.481412	0.00603263	-0.00163019	-0.000299986	-0.0085278	0.025735	0.030002	-0.00092885	0.000431140000000001	0.000250184	0.1447735	0.0276413132	-0.0232042715	-0.0521322486	-0.0318186811	0.0185492395	0.0513964655	0.0356971313	-0.0137199483	-0.050177843	-0.0392402281	0.0087617663	0.0484878293	0.0424146861	-0.0037212726	-0.0463423012	-0.0451906832	-0.0013541801	0.0437614146	0.0475421407	0.0064169112	-0.0407694154	-0.0203312118	-0.0664372123	0.0169108301	-0.0030548878	0.0311994443	0.0430132041	-0.0222616244	0	0	0	0	0	0	0	0	0	0	0	0	0	0	0	0	0	0	0	0	0	0	0	0	0	0	0	0	0	0	0	0	0	0	0	0	0	0	0	0	0	0	0	0	0	0	0	0	0	0	0	0	0	0	0	0	0	0	0	0	0	0	0	0	0	0	-0.269244442070034	0.690374913688829	0.448081059024295	-1.68540061352814
-0.0395214	0.328671	0.519972	0.00713319	-0.00217236	-0.00055017	-0.0084692	-0.028054	0.03856	0.00110056	-0.00054217	-0.000250184	0.1697289	0.0274493255	-0.0236081307	-0.0521934471	-0.0310967934	0.0196003187	0.0516402525	0.0345247919	-0.015454175	-0.0507226006	-0.0377091275	0.0111989617	0.0494469678	0.0406273263	-0.0068647103	-0.0478223571	-0.0432587929	0.0024820104	0.0458602343	0.0455849554	0.0019182066	-0.0435744473	-0.0269263699	-0.0675587192	3.69897e-05	0.038202426	0.0285457059	0.0481737687	-0.0100644934	0	0	0	0	0	0	0	0	0	0	0	0	0	0	0	0	0	0	0	0	0	0	0	0	0	0	0	0	0	0	0	0	0	0	0	0	0	0	0	0	0	0	0	0	0	0	0	0	0	0	0	0	0	0	0	0	0	0	0	0	0	0	0	0	0	0	-0.426606853418968	0.39068412608207	0.448081059024295	-1.68540061352814
-0.0303212	0.387263	0.575857	0.00681951	-0.00203457	-0.000308349	0.0092002	0.058592	0.055885	-0.00031368	0.00013779	0.000241821	0.15834175	0.027256828	-0.0240102362	-0.0522459219	-0.0303656657	0.0206422981	0.0518495163	0.0333210373	-0.0171700353	-0.0511910666	-0.0361080066	0.0136109962	0.0502739006	0.0387124883	-0.009983168	-0.0491026536	-0.0411213197	0.0063048856	0.0476832451	0.0433223267	-0.0025947387	-0.0460228486	-0.0311342409	-0.0556444792	0.0137842375	0.0185776397	0.0098152399	0.0708556945	0.0278788344	0	0	0	0	0	0	0	0	0	0	0	0	0	0	0	0	0	0	0	0	0	0	0	0	0	0	0	0	0	0	0	0	0	0	0	0	0	0	0	0	0	0	0	0	0	0	0	0	0	0	0	0	0	0	0	0	0	0	0	0	0	0	0	0	0	0	-0.803472285027986	0.271590119128289	0.448081059024295	-1.68540061352814
-0.0393077	0.367102	0.619277	0.00671419	-0.00254448	-0.00055017	-0.0089865	-0.020161	0.0434200000000001	-0.00010532	-0.00050991	-0.000241821	0.11542005	0.0270638244	-0.024410558	-0.0522896643	-0.0296255153	0.021674694	0.0520241169	0.0320869629	-0.0188654898	-0.0515825363	-0.0344398384	0.0159924506	0.0509664168	0.0366761804	-0.0130652981	-0.050177843	-0.0387884217	0.0100939368	0.0492194833	0.0407694154	-0.0070884207	-0.0480945804	-0.0341167802	-0.0497097909	0.0140220368	0.0296406995	0.0296033276	0.0321500509	-0.0323252862	0	0	0	0	0	0	0	0	0	0	0	0	0	0	0	0	0	0	0	0	0	0	0	0	0	0	0	0	0	0	0	0	0	0	0	0	0	0	0	0	0	0	0	0	0	0	0	0	0	0	0	0	0	0	0	0	0	0	0	0	0	0	0	0	0	0	0.059720525233104	0.625522434100455	0.448081059024295	0.592443852028073
-0.0418266	0.316358	0.569632	0.00308906	-0.00239647	-0.000919218	-0.0025189	-0.050744	-0.0496450000000002	-0.00362513	0.00014801	-0.000369048	0.3100173	0.0268703181	-0.0248090665	-0.052324667	-0.0288765622	0.0226970271	0.0521639377	0.0308236917	-0.0205385235	-0.051896421	-0.0327077205	0.0183379745	0.0515226647	0.0345247919	-0.016099885	-0.051043434	-0.0362711858	0.0138288366	0.0504597097	0.0379433273	-0.0115294786	-0.049772687	-0.0100551433	-0.040060591	0.0107682367	-0.0113472989	0.0161641965	0.0281843451	-0.0284479082	0	0	0	0	0	0	0	0	0	0	0	0	0	0	0	0	0	0	0	0	0	0	0	0	0	0	0	0	0	0	0	0	0	0	0	0	0	0	0	0	0	0	0	0	0	0	0	0	0	0	0	0	0	0	0	0	0	0	0	0	0	0	0	0	0	0	0.480215519966232	1.18518281661699	-2.22840312389761	0.592443852028073
-0.0508238	0.380754	0.64055	0.00344073	-0.00226786	-0.00048159	-0.00899720000000001	0.064396	0.070918	0.00035167	0.00012861	0.000437628	0.1902066	0.0266763128	-0.0252057321	-0.0523509242	-0.0281190288	0.0237088227	0.0522688852	0.0295323731	-0.0221871482	-0.0521322486	-0.0309148693	0.0206422981	0.0519411573	0.0322650733	-0.0190758861	-0.0516958108	-0.0335815749	0.0174895484	0.0513964655	0.0348629988	-0.015884942	-0.051043434	-0.0189319835	-0.0347367698	0.0057890593	0.0225535468	0.0206053916	0.0409980673	-0.0014648605	0	0	0	0	0	0	0	0	0	0	0	0	0	0	0	0	0	0	0	0	0	0	0	0	0	0	0	0	0	0	0	0	0	0	0	0	0	0	0	0	0	0	0	0	0	0	0	0	0	0	0	0	0	0	0	0	0	0	0	0	0	0	0	0	0	0	0.44255811833562	0.371882698481127	-2.22840312389761	0.592443852028073
-0.0619427	0.338374	0.627001	0.00344643	-0.00348805	-0.00114994	-0.0111189	-0.04238	-0.0135489999999999	5.69999999999998e-06	-0.00122019	-0.00066835	0.1617599	0.0264818121	-0.0256005252	-0.0523684314	-0.0273531403	0.024709611	0.0523388891	0.028214182	-0.0238094045	-0.0522896643	-0.0290646136	0.0229002443	0.0522207755	0.0299041152	-0.0219824722	-0.0521322486	-0.030732371	0.0210564335	0.0520241169	0.0315490697	-0.0201224762	-0.051896421	-0.0178147426	-0.0259234449	0.0150398645	0.0038652009	0.0002549503	0.0651744655	0.0092073669	0	0	0	0	0	0	0	0	0	0	0	0	0	0	0	0	0	0	0	0	0	0	0	0	0	0	0	0	0	0	0	0	0	0	0	0	0	0	0	0	0	0	0	0	0	0	0	0	0	0	0	0	0	0	0	0	0	0	0	0	0	0	0	0	0	0	0.499050394834566	0.439484810436985	0.448081059024295	0.592443852028073
-0.0500709	0.353947	0.64789	0.00285455	-0.00293763	-0.000788426	0.0118718	0.015573	0.0208889999999999	-0.00059188	0.00055042	0.000361514	0.1235245	0.0262868196	-0.0259934166	-0.0523771858	-0.0265791242	0.0256989275	0.0523739028	0.0268703181	-0.0254033645	-0.0523684314	-0.0271603893	0.0251067401	0.0523607718	0.0274493255	-0.0248090665	-0.0523509242	-0.0277371148	0.0245103563	0.0523388891	0.028023745	-0.0242106219	-0.052324667	-0.0137016763	-0.0250012995	-0.0077128962	0.017119251	0.0369559894	-0.0047082273	-0.0288327131	0	0	0	0	0	0	0	0	0	0	0	0	0	0	0	0	0	0	0	0	0	0	0	0	0	0	0	0	0	0	0	0	0	0	0	0	0	0	0	0	0	0	0	0	0	0	0	0	0	0	0	0	0	0	0	0	0	0	0	0	0	0	0	0	0	0	0.489262977272726	1.01042950680544	0.448081059024295	-1.68540061352814
-0.0525891	0.348189	0.707084	0.00107219	-0.00274991	-0.00101933	-0.0025182	-0.00575799999999999	0.0591940000000001	-0.00178236	0.00018772	-0.000230904	0.1775194	0.0260913389	-0.0263843771	-0.0523771858	-0.0257972105	0.0266763128	0.0523739028	0.0255020041	-0.0269671338	-0.0523684314	-0.0252057321	0.027256828	0.0523607718	0.0249084068	-0.0275453833	-0.0523509242	-0.0246100408	0.0278327876	0.0523388891	0.0243106464	-0.0281190288	-0.052324667	-0.011110896	-0.0071551648	-0.0020401723	0.0085223422	0.0163672351	-0.0048381914	-0.0301254969	0	0	0	0	0	0	0	0	0	0	0	0	0	0	0	0	0	0	0	0	0	0	0	0	0	0	0	0	0	0	0	0	0	0	0	0	0	0	0	0	0	0	0	0	0	0	0	0	0	0	0	0	0	0	0	0	0	0	0	0	0	0	0	0	0	0	0.248552393565841	-0.031181612870035	0.448081059024295	-1.68540061352814
-0.0527588	0.356709	0.737757	0.00181832	-0.00364547	-0.00141954	-0.000169700000000009	0.00852000000000003	0.030673	0.00074613	-0.00089556	-0.00040021	0.1414577	0.0258953737	-0.0267733776	-0.0523684314	-0.0250076315	0.0276413132	0.0523388891	0.024110485	-0.028498854	-0.0522896643	-0.0232042715	0.0293456776	0.0522207755	0.0222893319	-0.0301814655	-0.0521322486	-0.0213660101	0.0310059033	0.0520241169	0.0204346535	-0.0318186811	-0.051896421	-0.015046504	-0.0091301585	-0.0115365734	0.017315376	0.0050445122	0.0160915115	0.0141877658	0	0	0	0	0	0	0	0	0	0	0	0	0	0	0	0	0	0	0	0	0	0	0	0	0	0	0	0	0	0	0	0	0	0	0	0	0	0	0	0	0	0	0	0	0	0	0	0	0	0	0	0	0	0	0	0	0	0	0	0	0	0	0	0	0	0	-0.123924521151233	-0.04924956785797	0.448081059024295	-1.68540061352814
-0.0305938	0.348204	0.648389	5.07499e-05	-0.00239525	-0.000956312	0.022165	-0.00850499999999998	-0.089368	-0.0017675701	0.00125022	0.000463228	0.294088905	0.0256989275	-0.0271603893	-0.0523509242	-0.0242106219	0.0285934806	0.0522688852	0.0226970271	-0.0299967047	-0.0521322486	-0.0211597241	0.0313685957	0.0519411573	0.0196003187	-0.0327077205	-0.0516958108	-0.0180204398	0.0340126806	0.0513964655	0.0164217376	-0.0352821126	-0.051043434	0.0032569089	-0.0026958202	-0.0058478493	-0.010877659	-0.0120480849	-0.001174274	0.0381758968	0	0	0	0	0	0	0	0	0	0	0	0	0	0	0	0	0	0	0	0	0	0	0	0	0	0	0	0	0	0	0	0	0	0	0	0	0	0	0	0	0	0	0	0	0	0	0	0	0	0	0	0	0	0	0	0	0	0	0	0	0	0	0	0	0	0	-0.222400666939809	-0.163398167073928	-2.22840312389761	0.592443852028073
-0.0502344	0.375413	0.752975	0.000850779	-0.00186751	-0.000197521	-0.0196406	0.027209	0.104586	0.0008000291	0.00052774	0.000758791	0.255763605	0.0255020041	-0.0275453833	-0.052324667	-0.0234064185	0.0295323731	0.0521639377	0.0212629165	-0.0314589057	-0.051896421	-0.0190758861	0.0333210373	0.0515226647	0.0168498047	-0.0351149558	-0.051043434	-0.0145892291	0.0368369888	0.0504597097	0.0122987873	-0.0384836111	-0.049772687	-0.0148350608	0.0049201666	-0.0005060678	0.0241907647	0.0107574573	0.0049617348	-0.0394088249	0	0	0	0	0	0	0	0	0	0	0	0	0	0	0	0	0	0	0	0	0	0	0	0	0	0	0	0	0	0	0	0	0	0	0	0	0	0	0	0	0	0	0	0	0	0	0	0	0	0	0	0	0	0	0	0	0	0	0	0	0	0	0	0	0	0	-1.23071058047775	-0.698783880537883	-2.22840312389761	0.592443852028073
-0.0288885	0.346492	0.808871	0.00014137	-0.0047902	-0.000641223	0.0213459	-0.028921	0.0558960000000001	-0.000709409	-0.00292269	-0.000443702	0.30995295	0.025304607	-0.0279283311	-0.0522896643	-0.0225952602	0.0304575546	0.0520241169	0.0198094581	-0.0328837193	-0.0515825363	-0.0169566271	0.0351986159	0.0509664168	0.0140464202	-0.0373944116	-0.050177843	-0.0110886847	0.0394636764	0.0492194833	0.0080934286	-0.0413994086	-0.0480945804	-0.0132346217	0.0158235765	0.0066000262	0.0099350721	0.008189801	0.0163635694	-0.0248360857	0	0	0	0	0	0	0	0	0	0	0	0	0	0	0	0	0	0	0	0	0	0	0	0	0	0	0	0	0	0	0	0	0	0	0	0	0	0	0	0	0	0	0	0	0	0	0	0	0	0	0	0	0	0	0	0	0	0	0	0	0	0	0	0	0	0	-1.41771338560109	-1.01621512092796	-2.22840312389761	0.592443852028073
-0.0381321	0.39157	0.803232	-9.32095e-05	-0.00433383	-0.000641223	-0.0092436	0.045078	-0.00563900000000006	-0.0002345795	0.00045637	0	0.094508075	0.0251067401	-0.0283092043	-0.0522459219	-0.021777388	0.0313685957	0.0518495163	0.0183379745	-0.0342694522	-0.0511910666	-0.0148058821	0.0369971132	0.0502739006	0.0111989617	-0.0395377932	-0.0491026536	-0.0075354425	0.0418786518	0.0476832451	0.0038338396	-0.0440078585	-0.0460228486	-0.0122485942	0.022092927	-0.0012527544	0.0180887606	0.0018087558	0.0151178996	0.0190046781	0	0	0	0	0	0	0	0	0	0	0	0	0	0	0	0	0	0	0	0	0	0	0	0	0	0	0	0	0	0	0	0	0	0	0	0	0	0	0	0	0	0	0	0	0	0	0	0	0	0	0	0	0	0	0	0	0	0	0	0	0	0	0	0	0	0	-0.995796506455727	-0.915152917609191	-2.22840312389761	0.592443852028073
-0.0591956	0.318679	0.663187	-0.00151874	-0.00330011	-0.000104328	-0.0210635	-0.072891	-0.140045	-0.0014255305	0.00103372	0.000536895	0.383806775	0.0249084068	-0.0286879745	-0.0521934471	-0.0209530451	0.0322650733	0.0516402525	0.0168498047	-0.0356144575	-0.0507226006	-0.0126276447	0.0387124883	0.0494469678	0.0083163637	-0.0415373011	-0.0478223571	-0.0039463888	0.0440689593	0.0458602343	-0.0004514381	-0.0462895956	-0.0435744473	0.0083528253	0.0082827448	0.0052263445	-0.0070929354	0.0151713204	-0.0215188712	-0.0107320946	0	0	0	0	0	0	0	0	0	0	0	0	0	0	0	0	0	0	0	0	0	0	0	0	0	0	0	0	0	0	0	0	0	0	0	0	0	0	0	0	0	0	0	0	0	0	0	0	0	0	0	0	0	0	0	0	0	0	0	0	0	0	0	0	0	0	1.00889412406307	-0.843243042486999	0.448081059024295	0.592443852028073
-0.0886661	0.248708	0.401864	-0.00100335	-0.00388992	-0.000641223	-0.0294705	-0.069971	-0.261323	0.00051539	-0.00058981	-0.000536895	0.44286925	0.024709611	-0.0290646136	-0.0521322486	-0.0201224762	0.0331465714	0.0513964655	0.0153463027	-0.0369171367	-0.050177843	-0.0104259597	0.0403408874	0.0484878293	0.005407671	-0.0433856593	-0.0463423012	-0.0003385804	0.0460228486	0.0437614146	-0.0047336909	-0.0482276804	-0.0407694154	0.0384168952	-0.0164938258	-0.0065035889	-0.0385237603	-0.0082090434	-0.0636286042	0.0428670702	0	0	0	0	0	0	0	0	0	0	0	0	0	0	0	0	0	0	0	0	0	0	0	0	0	0	0	0	0	0	0	0	0	0	0	0	0	0	0	0	0	0	0	0	0	0	0	0	0	0	0	0	0	0	0	0	0	0	0	0	0	0	0	0	0	0	-0.747902720754	-1.1173990932052	0.448081059024295	-1.68540061352814
-0.0837794	0.342225	0.591139	-0.00188483	-0.00328637	-0.000641223	0.00488669999999997	0.093517	0.189275	-0.00088148	0.00060355	0	0.3619302	0.0245103563	-0.0294390937	-0.0520623368	-0.0192859283	0.0340126806	0.0511183183	0.0138288366	-0.0381759417	-0.0495576132	-0.0082049152	0.0418786518	0.0473990497	0.0024820104	-0.0450761418	-0.0446686685	0.0032708371	0.0477298374	0.0413994086	-0.0089842256	-0.0498077248	-0.0376307102	0.0148894033	0.0119495805	0.001480523	-0.0085615868	-0.0215674641	-0.0235872243	-0.0037650639	0	0	0	0	0	0	0	0	0	0	0	0	0	0	0	0	0	0	0	0	0	0	0	0	0	0	0	0	0	0	0	0	0	0	0	0	0	0	0	0	0	0	0	0	0	0	0	0	0	0	0	0	0	0	0	0	0	0	0	0	0	0	0	0	0	0	-0.140634595670153	-1.11742924079782	0.448081059024295	-1.68540061352814
-0.0724952	0.320774	0.429119	0.00251546	-0.00308058	-0.00115171	0.0112842	-0.021451	-0.16202	0.00440029	0.00020579	-0.000510487	0.45058355	0.0243106464	-0.0298113868	-0.0519837232	-0.0184436498	0.0348629988	0.0508059967	0.0122987873	-0.0393893764	-0.048862844	-0.0059686353	0.0433223267	0.0461835398	-0.0004514381	-0.0466025972	-0.0428084497	0.0068647103	0.0491807684	0.0387884217	-0.0131745611	-0.0510179984	-0.0341840202	0.0146978904	-0.0402856934	-0.0142581121	0.0062078774	0.007844841	-0.0237803303	0.0043810223	0	0	0	0	0	0	0	0	0	0	0	0	0	0	0	0	0	0	0	0	0	0	0	0	0	0	0	0	0	0	0	0	0	0	0	0	0	0	0	0	0	0	0	0	0	0	0	0	0	0	0	0	0	0	0	0	0	0	0	0	0	0	0	0	0	0	-0.375034988480286	-0.334072403224148	0.448081059024295	-1.68540061352814
-0.0648227	0.410671	0.576501	0.00291366	-0.00337756	-0.000419671	0.00767249999999998	0.089897	0.147382	0.0003982	-0.00029698	0.000732039	0.31631245	0.024110485	-0.0301814655	-0.051896421	-0.0175958911	0.0356971313	0.0504597097	0.010757547	-0.0405559987	-0.0480945804	-0.0037212726	0.0446686685	0.0448445497	-0.0033834701	-0.0479594708	-0.0407694154	0.0104259597	0.0503678575	0.0359441567	-0.01727662	-0.0518495163	-0.0304575546	-0.0029780645	-0.0145418911	-0.0087874724	0.0017693271	-0.0084688827	0.0311652018	0.0475124324	0	0	0	0	0	0	0	0	0	0	0	0	0	0	0	0	0	0	0	0	0	0	0	0	0	0	0	0	0	0	0	0	0	0	0	0	0	0	0	0	0	0	0	0	0	0	0	0	0	0	0	0	0	0	0	0	0	0	0	0	0	0	0	0	0	0	0.382281764736122	-0.857251646817668	0.448081059024295	-1.68540061352814
-0.0647725	0.322282	0.632471	0.00133694	-0.00397957	-0.000638998	5.02000000000002e-05	-0.088389	0.05597	-0.00157672	-0.00060201	-0.000219327	0.26431205	0.0239098759	-0.030549302	-0.0518004449	-0.016742904	0.0365146908	0.0500796887	0.009206518	-0.0416744222	-0.0472539781	-0.0014670001	0.0459146523	0.0433856593	-0.0063048856	-0.0491418251	-0.0385600826	0.0139376608	0.0512847364	0.0328837193	-0.0212629165	-0.0522961052	-0.0264818121	-0.0008922368	-0.0008149149	-0.006888783	0.0095441863	0.0224979079	-0.0144870228	-0.0349667141	0	0	0	0	0	0	0	0	0	0	0	0	0	0	0	0	0	0	0	0	0	0	0	0	0	0	0	0	0	0	0	0	0	0	0	0	0	0	0	0	0	0	0	0	0	0	0	0	0	0	0	0	0	0	0	0	0	0	0	0	0	0	0	0	0	0	0.602361441548975	-1.26572525485582	0.448081059024295	0.592443852028073
-0.0693271	0.314596	0.610844	-0.00211314	-0.00313309	-0.00115171	-0.00455460000000001	-0.00768600000000003	-0.0216270000000001	-0.00345008	0.00084648	-0.000512712	0.2743312	0.0237088227	-0.0309148693	-0.0516958108	-0.015884942	0.0373152977	0.0496661877	0.0076471118	-0.0427433176	-0.0463423012	0.0007899965	0.0470574788	0.0418107693	-0.009206518	-0.0501453577	-0.0361896802	0.0173831246	0.0519264863	0.0296255153	-0.0251067401	-0.0523544498	-0.0222893319	0.0183968663	0.0143168676	-0.0104817082	-0.0033545146	-0.0216852958	-0.0302271222	0.0143617211	0	0	0	0	0	0	0	0	0	0	0	0	0	0	0	0	0	0	0	0	0	0	0	0	0	0	0	0	0	0	0	0	0	0	0	0	0	0	0	0	0	0	0	0	0	0	0	0	0	0	0	0	0	0	0	0	0	0	0	0	0	0	0	0	0	0	-0.414521762022945	-1.13317115573925	0.448081059024295	0.592443852028073
-0.0652886	0.296894	0.629392	-0.00164571	-0.00308017	-0.00115171	0.0040385	-0.017702	0.0185480000000001	0.00046743	5.29199999999997e-05	0	0.0663059999999999	0.0235073292	-0.03127814	-0.0515825363	-0.0150222601	0.0380985803	0.0492194833	0.0060807472	-0.0437614146	-0.0453609212	0.0030455261	0.0480945804	0.0401240904	-0.0120792627	-0.0509664168	-0.0336681095	0.0207459769	0.0522896643	0.02618914	-0.0287823352	-0.0520241169	-0.0179144269	0.011517636	0.0147539063	-0.0115509444	0.00721103	-0.0070773235	-0.0160248989	0.0220277663	0	0	0	0	0	0	0	0	0	0	0	0	0	0	0	0	0	0	0	0	0	0	0	0	0	0	0	0	0	0	0	0	0	0	0	0	0	0	0	0	0	0	0	0	0	0	0	0	0	0	0	0	0	0	0	0	0	0	0	0	0	0	0	0	0	0	-0.293859774085361	-1.05119032088314	0.448081059024295	0.592443852028073
-0.0625163	0.291675	0.619578	-0.00157563	-0.00331492	-0.00115171	0.0027723	-0.00521899999999997	-0.0098140000000001	7.00800000000001e-05	-0.00023475	0	0.0330468	0.0233053991	-0.0316390872	-0.0514606403	-0.0141551145	0.0388641751	0.048739874	0.0045088495	-0.0447275033	-0.044311314	0.0052954007	0.049023627	0.0383301323	-0.0149141057	-0.0516020147	-0.0310059033	0.0240102362	0.0523723222	0.0225952602	-0.0322650733	-0.0513075588	-0.013392903	0.0134152404	0.0140696265	-0.0182154234	-0.0067794253	-0.0040741536	-0.0291117039	0.0126356138	0	0	0	0	0	0	0	0	0	0	0	0	0	0	0	0	0	0	0	0	0	0	0	0	0	0	0	0	0	0	0	0	0	0	0	0	0	0	0	0	0	0	0	0	0	0	0	0	0	0	0	0	0	0	0	0	0	0	0	0	0	0	0	0	0	0	0.701020339307165	-1.03226473719628	0.448081059024295	0.592443852028073
-0.0656407	0.296506	0.621432	-0.000763909	-0.00325061	-0.000814045	-0.0031244	0.00483099999999997	0.00185400000000002	0.000811721	6.43099999999997e-05	0.000337665	0.0704942	0.0231030362	-0.0319976841	-0.0513301431	-0.0132837629	0.0396117264	0.0482276804	0.0029328492	-0.0456404355	-0.0431950583	0.0075354425	0.0498425313	0.0364336915	-0.017702152	-0.0520498384	-0.028214182	0.0271603893	0.0521740164	0.0188654898	-0.0355316183	-0.0502100954	-0.0087617663	0.0093710324	0.0132915556	-0.0064886853	-0.0005286056	0.0038709196	-0.0466563023	-0.0393688107	0	0	0	0	0	0	0	0	0	0	0	0	0	0	0	0	0	0	0	0	0	0	0	0	0	0	0	0	0	0	0	0	0	0	0	0	0	0	0	0	0	0	0	0	0	0	0	0	0	0	0	0	0	0	0	0	0	0	0	0	0	0	0	0	0	0	0.563776388450981	-1.03861765607795	0.448081059024295	0.592443852028073
-0.0384515	0.201099	0.604669	-0.00651751	-0.00175563	-0.0028795	0.0271892	-0.095407	-0.016763	-0.005753601	0.00149498	-0.002065455	0.605061	0.0229002443	-0.032353904	-0.0511910666	-0.0124084642	0.0403408874	0.0476832451	0.0013541801	-0.0464991262	-0.0420138333	0.0097614921	0.0505494535	0.0344398384	-0.0204346535	-0.0523082586	-0.025304607	0.0301814655	0.0516958108	0.0150222601	-0.0385600826	-0.048739874	-0.0040589197	0.0377813057	0.0399497875	-0.0147945857	-0.0394961129	-0.0107349551	-0.038559479	0.0644088452	0	0	0	0	0	0	0	0	0	0	0	0	0	0	0	0	0	0	0	0	0	0	0	0	0	0	0	0	0	0	0	0	0	0	0	0	0	0	0	0	0	0	0	0	0	0	0	0	0	0	0	0	0	0	0	0	0	0	0	0	0	0	0	0	0	0	0.59547829853127	-1.03842512092101	0.448081059024295	0.592443852028073
-0.0166042	0.342888	0.491916	-0.000767934	-0.000563955	-0.00211438	0.0218473	0.141789	-0.112753	0.005749576	0.001191675	0.00076512	0.66170785	0.0226970271	-0.0327077205	-0.051043434	-0.0115294786	0.0410513194	0.0471069319	-0.0002257211	-0.047302555	-0.0407694154	0.011969416	0.0511428052	0.032353904	-0.0231030362	-0.0523763346	-0.0222893319	0.0330591074	0.050940271	0.0110886847	-0.0413301739	-0.0469078096	0.0006771467	0.0184304853	-0.0072466955	-0.0136713177	-0.0076444702	-0.0128334027	-0.0302241743	0.0249185559	0	0	0	0	0	0	0	0	0	0	0	0	0	0	0	0	0	0	0	0	0	0	0	0	0	0	0	0	0	0	0	0	0	0	0	0	0	0	0	0	0	0	0	0	0	0	0	0	0	0	0	0	0	0	0	0	0	0	0	0	0	0	0	0	0	0	0.800062337055711	-0.977493337923551	0.448081059024295	0.592443852028073
-0.000524513	0.309535	0.522537	0.00242246	-0.00167734	-0.00170162	0.016079687	-0.033353	0.0306210000000001	0.003190394	-0.001113385	0.00041276	0.315880637	0.0224933884	-0.0330591074	-0.0508872699	-0.0106470671	0.0417426926	0.0464991262	-0.001805417	-0.0480497669	-0.0394636764	0.0141551145	0.0516212534	0.0301814655	-0.0256989275	-0.0522538189	-0.0191809517	0.0357796393	0.04991145	0.0070884207	-0.043823331	-0.0447275033	0.005407671	0.0030034397	-0.0164143602	-0.0123094514	-3.25358e-05	-0.0007080391	-0.0133379172	-0.0219877726	0	0	0	0	0	0	0	0	0	0	0	0	0	0	0	0	0	0	0	0	0	0	0	0	0	0	0	0	0	0	0	0	0	0	0	0	0	0	0	0	0	0	0	0	0	0	0	0	0	0	0	0	0	0	0	0	0	0	0	0	0	0	0	0	0	0	-1.59343249141138	-1.0390604068189	0.448081059024295	0.592443852028073
-0.0281585	0.362758	0.612647	0.00196773	-0.00142779	-0.00153133	-0.027633987	0.053223	0.09011	-0.00045473	0.00024955	0.00017029	0.214695487	0.0222893319	-0.0334080384	-0.0507226006	-0.0097614921	0.0424146861	0.0458602343	-0.0033834701	-0.048739874	-0.0380985803	0.016314529	0.0519837232	0.0279283311	-0.028214182	-0.0519411573	-0.0159924506	0.0383301323	0.0486148674	0.0030455261	-0.0460228486	-0.0422151417	0.0100939368	-0.0026354959	-0.0064853688	-0.0138141262	0.01476913	0.0028897906	0.0150875364	0.035693372	0	0	0	0	0	0	0	0	0	0	0	0	0	0	0	0	0	0	0	0	0	0	0	0	0	0	0	0	0	0	0	0	0	0	0	0	0	0	0	0	0	0	0	0	0	0	0	0	0	0	0	0	0	0	0	0	0	0	0	0	0	0	0	0	0	0	0.694507330768458	-1.03654705663907	0.448081059024295	0.592443852028073
-0.0447012	0.308474	0.632632	0.0021437	-0.00192314	-0.00153133	-0.0165427	-0.054284	0.0199849999999999	0.00017597	-0.00049535	0	0.1243777	0.0220848615	-0.0337544877	-0.0505494535	-0.0088730165	0.0430669878	0.0451906832	-0.0049584444	-0.0493720561	-0.0366761804	0.0184436498	0.0522294002	0.0256005252	-0.0306409077	-0.0514394875	-0.0127371473	0.0406984653	0.0470574788	-0.0010156846	-0.0479139886	-0.0393893764	0.0146975897	-0.0074858466	0.0008161741	-0.0049927036	0.0062823753	-0.0008445884	0.0253616976	0.0160012539	0	0	0	0	0	0	0	0	0	0	0	0	0	0	0	0	0	0	0	0	0	0	0	0	0	0	0	0	0	0	0	0	0	0	0	0	0	0	0	0	0	0	0	0	0	0	0	0	0	0	0	0	0	0	0	0	0	0	0	0	0	0	0	0	0	0	0.674228036194342	-1.00848894782862	0.448081059024295	0.592443852028073
-0.0526298	0.317237	0.632648	0.00186171	-0.0023805	-0.00153133	-0.0079286	0.00876300000000002	1.6000000000016e-05	-0.00028199	-0.00045736	0	0.0536751	0.0218799809	-0.0340984296	-0.0503678575	-0.0079819045	0.043699295	0.0444909208	-0.0065289069	-0.0499455618	-0.0351986159	0.0205385235	0.0523577323	0.0232042715	-0.0329714899	-0.050750635	-0.0094286395	0.0428733831	0.0452476394	-0.0050707869	-0.0494840794	-0.0362711858	0.0191809517	-0.0051848257	-0.0003322839	-0.0087951038	0.0216941932	0.0158923181	0.0069892974	-0.0064213343	0	0	0	0	0	0	0	0	0	0	0	0	0	0	0	0	0	0	0	0	0	0	0	0	0	0	0	0	0	0	0	0	0	0	0	0	0	0	0	0	0	0	0	0	0	0	0	0	0	0	0	0	0	0	0	0	0	0	0	0	0	0	0	0	0	0	0.978739431671472	-0.910870169861219	0.448081059024295	0.592443852028073
-0.0720155	0.311335	0.683219	0.00174061	-0.0023805	-0.00153133	-0.0193857	-0.00590200000000002	0.0505709999999999	-0.0001211	0	0	0.0819137	0.021674694	-0.0344398384	-0.050177843	-0.0070884207	0.044311314	0.0437614146	-0.0080934286	-0.0504597097	-0.0336681095	0.0225952602	0.0523684314	0.0207459769	-0.0351986159	-0.0498771065	-0.0060807472	0.0448445497	0.0431950583	-0.0090953929	-0.0507226006	-0.0328837193	0.0235073292	-0.0109469209	0.0067597044	-0.0058032779	0.0033007522	0.0120356986	0.0168761317	-0.0359189828	0	0	0	0	0	0	0	0	0	0	0	0	0	0	0	0	0	0	0	0	0	0	0	0	0	0	0	0	0	0	0	0	0	0	0	0	0	0	0	0	0	0	0	0	0	0	0	0	0	0	0	0	0	0	0	0	0	0	0	0	0	0	0	0	0	0	-0.509823827150085	-0.996487952124623	0.448081059024295	0.592443852028073
-0.0485555	0.297087	0.657989	0.00141826	-0.0023805	-0.00153133	0.02346	-0.014248	-0.0252299999999999	-0.00032235	0	0	0.0790555	0.0214690046	-0.0347786889	-0.0499794418	-0.0061928308	0.0449027607	0.0430026525	-0.0096505858	-0.0509138886	-0.0320869629	0.0246100408	0.0522614734	0.0182322141	-0.0373152977	-0.0488220806	-0.0027074549	0.0466025972	0.0409107473	-0.0130652981	-0.0516212534	-0.0292521253	0.0276413132	-0.0059919258	0.0051037982	-0.0047480085	0.0265212188	0.0083606961	0.0112487703	-0.0230541229	0	0	0	0	0	0	0	0	0	0	0	0	0	0	0	0	0	0	0	0	0	0	0	0	0	0	0	0	0	0	0	0	0	0	0	0	0	0	0	0	0	0	0	0	0	0	0	0	0	0	0	0	0	0	0	0	0	0	0	0	0	0	0	0	0	0	-0.696383952671355	-1.06006985392694	0.448081059024295	0.592443852028073
-0.046445	0.321641	0.663504	0.00133643	-0.00201268	-0.00146684	0.0021105	0.024554	0.00551499999999994	-8.18299999999993e-05	0.00036782	6.44899999999999e-05	0.0578864999999999	0.0212629165	-0.0351149558	-0.049772687	-0.0052954007	0.0454733605	0.0422151417	-0.0111989617	-0.0513075588	-0.0304575546	0.0265791242	0.0520370985	0.015669704	-0.0393148935	-0.0475893965	0.0006771467	0.0481391707	0.0384069609	-0.0169566271	-0.0521740164	-0.0254033645	0.0315490697	-0.0051935255	0.007531084	-0.0056093512	0.0074038594	-0.0025284015	0.0301019267	0.0542031942	0	0	0	0	0	0	0	0	0	0	0	0	0	0	0	0	0	0	0	0	0	0	0	0	0	0	0	0	0	0	0	0	0	0	0	0	0	0	0	0	0	0	0	0	0	0	0	0	0	0	0	0	0	0	0	0	0	0	0	0	0	0	0	0	0	0	-2.17119049523969	-0.779164109001811	0.448081059024295	0.592443852028073
-0.0474398	0.283902	0.64411	0.00158697	-0.0023805	-0.00153133	-0.000994800000000004	-0.037739	-0.0193939999999999	0.000250539999999999	-0.00036782	-6.44899999999999e-05	0.0922703	0.0210564335	-0.0354486142	-0.0495576132	-0.0043963972	0.0460228486	0.0413994086	-0.0127371473	-0.0516402525	-0.0287823352	0.028498854	0.0516958108	0.0130652981	-0.0411911291	-0.0461835398	0.0040589197	0.0494469678	0.0356971313	-0.0207459769	-0.0523771858	-0.0213660101	0.0351986159	-0.0066027566	0.0078270999	-0.0154654085	0.0230415636	0.009720193	0.0022871269	0.0111413344	0	0	0	0	0	0	0	0	0	0	0	0	0	0	0	0	0	0	0	0	0	0	0	0	0	0	0	0	0	0	0	0	0	0	0	0	0	0	0	0	0	0	0	0	0	0	0	0	0	0	0	0	0	0	0	0	0	0	0	0	0	0	0	0	0	0	-0.299415186999503	-0.789966504652793	0.448081059024295	0.592443852028073
-0.0496302	0.336718	0.678079	0.00159504	-0.00175343	-0.00153133	-0.0021904	0.052816	0.0339689999999999	8.07e-06	0.00062707	0	0.1207324	0.0208495594	-0.0357796393	-0.0493342563	-0.0034960873	0.0465509697	0.0405559987	-0.014263743	-0.0519115742	-0.0270638244	0.0303656657	0.0512383773	0.0104259597	-0.0429381175	-0.0446096262	0.0074237382	0.0505197734	0.0327957961	-0.024410558	-0.0522294002	-0.0171700353	0.0385600826	-0.0085991562	0.0093419769	-0.0120460871	0.0070949428	0.0186007629	-0.0059988425	0.0144589589	0	0	0	0	0	0	0	0	0	0	0	0	0	0	0	0	0	0	0	0	0	0	0	0	0	0	0	0	0	0	0	0	0	0	0	0	0	0	0	0	0	0	0	0	0	0	0	0	0	0	0	0	0	0	0	0	0	0	0	0	0	0	0	0	0	0	0.016935881265807	-0.756973743656157	0.448081059024295	0.592443852028073
-0.0478927	0.302238	0.699116	0.00152168	-0.0023805	-0.00153134	0.0017375	-0.03448	0.021037	-7.336e-05	-0.00062707	-9.99999999994061e-09	0.0922765	0.0206422981	-0.0361080066	-0.0491026536	-0.0025947387	0.0470574788	0.0396854757	-0.0157773596	-0.0521212014	-0.025304607	0.0321760928	0.0506658255	0.0077587455	-0.0445503769	-0.0428733831	0.010757547	0.051352489	0.0297185201	-0.0279283311	-0.0517316498	-0.0128465907	0.0416059582	-0.0111066093	0.0100251013	-0.0147527681	0.033550033	0.0174359314	-0.0079744346	-0.0403769947	0	0	0	0	0	0	0	0	0	0	0	0	0	0	0	0	0	0	0	0	0	0	0	0	0	0	0	0	0	0	0	0	0	0	0	0	0	0	0	0	0	0	0	0	0	0	0	0	0	0	0	0	0	0	0	0	0	0	0	0	0	0	0	0	0	0	-0.612907051307779	-0.749858751559232	0.448081059024295	0.592443852028073
-0.0538974	0.336688	0.700114	0.00156266	-0.00226436	-0.00153134	-0.00600470000000001	0.03445	0.000998000000000054	4.09799999999999e-05	0.00011614	0	0.0493087	0.0204346535	-0.0364336915	-0.048862844	-0.0016926191	0.0475421407	0.0387884217	-0.01727662	-0.0522688852	-0.0235073292	0.0339267737	0.0499794418	0.0050707869	-0.0460228486	-0.0409811285	0.0140464202	0.0519411573	0.0264818121	-0.03127814	-0.0508872699	-0.0084277735	0.044311314	-0.008321874	0.0087230443	-0.0116513722	0.0123824432	-0.0028453711	0.0227021508	0.0323574486	0	0	0	0	0	0	0	0	0	0	0	0	0	0	0	0	0	0	0	0	0	0	0	0	0	0	0	0	0	0	0	0	0	0	0	0	0	0	0	0	0	0	0	0	0	0	0	0	0	0	0	0	0	0	0	0	0	0	0	0	0	0	0	0	0	0	0.506915829688946	-1.05819802403118	0.448081059024295	0.592443852028073
-0.0589744	0.317943	0.710549	0.00136248	-0.0023805	-0.00153134	-0.005077	-0.018745	0.010435	-0.00020018	-0.00011614	0	0.050073	0.0202266294	-0.0367566699	-0.0486148674	-0.0007899965	0.0480047303	0.0378654364	-0.0187601599	-0.0523544498	-0.021674694	0.0356144575	0.0491807684	0.0023692706	-0.0473509122	-0.0389397479	0.01727662	0.0522829807	0.0231030362	-0.0344398384	-0.0497019183	-0.0039463888	0.0466540082	-0.0106269043	0.0172503414	-0.0179469831	0.0379539133	-0.0085606071	0.0195770369	0.0239156561	0	0	0	0	0	0	0	0	0	0	0	0	0	0	0	0	0	0	0	0	0	0	0	0	0	0	0	0	0	0	0	0	0	0	0	0	0	0	0	0	0	0	0	0	0	0	0	0	0	0	0	0	0	0	0	0	0	0	0	0	0	0	0	0	0	0	0.924067574707684	-1.11262686302747	0.448081059024295	0.592443852028073
-0.0556402	0.287579	0.660283	0.00079182	-0.0023805	-0.00153134	0.00333420000000001	-0.030364	-0.050266	-0.00057066	0	0	0.1124972	0.0200182296	-0.0370769179	-0.0483587652	0.0001128608	0.0484450328	0.0369171367	-0.0202266294	-0.0523777937	-0.0198094581	0.0372360105	0.0482715996	-0.0003385804	-0.0485304007	-0.0367566699	0.0204346535	0.0523763346	0.0196003187	-0.0373944116	-0.0481835374	0.0005642937	0.0486148674	-0.0018059251	0.013493663	-0.0109854234	0.0042180726	0.0058000569	0.0015737489	0.0125696139	0	0	0	0	0	0	0	0	0	0	0	0	0	0	0	0	0	0	0	0	0	0	0	0	0	0	0	0	0	0	0	0	0	0	0	0	0	0	0	0	0	0	0	0	0	0	0	0	0	0	0	0	0	0	0	0	0	0	0	0	0	0	0	0	0	0	0.41950729135746	-1.08080540436798	0.448081059024295	0.592443852028073
-0.0454502	0.297225	0.63665	-8.10603e-05	-0.0023805	-0.00170045	0.01019	0.00964600000000004	-0.0236329999999999	-0.0008728803	0	-0.00016911	0.095568515	0.0198094581	-0.0373944116	-0.0480945804	0.0010156846	0.048862844	0.0359441567	-0.021674694	-0.0523388891	-0.0179144269	0.0387884217	0.0472539781	-0.0030455261	-0.0495576132	-0.0344398384	0.0235073292	0.0522207755	0.0159924506	-0.0401240904	-0.0463423012	0.0050707869	0.050177843	0.0058154512	0.0154543346	-0.0223247292	0.0333414992	0.0194562831	-0.0214464744	-0.0162410098	0	0	0	0	0	0	0	0	0	0	0	0	0	0	0	0	0	0	0	0	0	0	0	0	0	0	0	0	0	0	0	0	0	0	0	0	0	0	0	0	0	0	0	0	0	0	0	0	0	0	0	0	0	0	0	0	0	0	0	0	0	0	0	0	0	0	0.506875080938964	-0.93383155490855	0.448081059024295	0.592443852028073
-0.0470296	0.290987	0.628443	0.000495635	-0.0024456	-0.00194496	-0.0015794	-0.00623800000000002	-0.00820700000000008	0.0005766953	-6.51000000000002e-05	-0.00024451	0.0603396650000001	0.0196003187	-0.0377091275	-0.0478223571	0.0019182066	0.0492579697	0.0349471469	-0.0231030362	-0.0522377823	-0.0159924506	0.0402688086	0.0461301902	-0.0057443291	-0.0504293264	-0.0319976841	0.0264818121	0.0518170426	0.0122987873	-0.0426124582	-0.044190547	0.0095396348	0.0513301431	0.0048905356	0.0106458148	-0.0168832909	0.0001969506	-0.0068363969	0.001102891	0.0323561908	0	0	0	0	0	0	0	0	0	0	0	0	0	0	0	0	0	0	0	0	0	0	0	0	0	0	0	0	0	0	0	0	0	0	0	0	0	0	0	0	0	0	0	0	0	0	0	0	0	0	0	0	0	0	0	0	0	0	0	0	0	0	0	0	0	0	0.040790569948147	-0.905123165026356	0.448081059024295	0.592443852028073
-0.0399884	0.33591	0.628491	0.000133086	-0.0023805	-0.00175897	0.0070412	0.044923	4.8000000000048e-05	-0.000362549	6.51000000000002e-05	0.00018599	0.08269415	0.0193908153	-0.0380210421	-0.0475421407	0.0028201586	0.0496302266	0.0339267737	-0.0245103563	-0.0520745933	-0.0140464202	0.0416744222	0.0449027607	-0.0084277735	-0.0511428052	-0.0294390937	0.0293456776	0.0511670547	0.0085391442	-0.0448445497	-0.0417426926	0.0139376608	0.0520623368	0.0052461728	0.0132763609	-0.0301558308	0.0399887974	-0.001999443	0.0034725807	0.0456380218	0	0	0	0	0	0	0	0	0	0	0	0	0	0	0	0	0	0	0	0	0	0	0	0	0	0	0	0	0	0	0	0	0	0	0	0	0	0	0	0	0	0	0	0	0	0	0	0	0	0	0	0	0	0	0	0	0	0	0	0	0	0	0	0	0	0	0.126090977873393	-0.875484668523634	0.448081059024295	0.592443852028073
-0.0475458	0.308503	0.650519	0.000393007	-0.00224918	-0.00194496	-0.00755740000000001	-0.027407	0.0220279999999999	0.000259921	0.00013132	-0.00018599	0.0858539499999999	0.0191809517	-0.0383301323	-0.0472539781	0.0037212726	0.0499794418	0.0328837193	-0.0258953737	-0.0518495163	-0.0120792627	0.0430026525	0.0435744473	-0.0110886847	-0.0516958108	-0.0267733776	0.0320869629	0.0502739006	0.0047336909	-0.0468069407	-0.03901514	0.0182322141	0.0523684314	0.0031170672	0.0176480679	-0.0079831271	-0.014325346	0.0081520889	0.0026539445	0.017155674	0	0	0	0	0	0	0	0	0	0	0	0	0	0	0	0	0	0	0	0	0	0	0	0	0	0	0	0	0	0	0	0	0	0	0	0	0	0	0	0	0	0	0	0	0	0	0	0	0	0	0	0	0	0	0	0	0	0	0	0	0	0	0	0	0	0	-0.563260873508374	-0.721071042853194	0.448081059024295	0.592443852028073
-0.0455519	0.279375	0.650429	0.000603532	-0.00221436	-0.00194496	0.00199390000000001	-0.029128	-8.99999999999235e-05	0.000210525	3.48200000000001e-05	0	0.04347915	0.018970732	-0.0386363752	-0.0469579174	0.004621281	0.0503054532	0.0318186811	-0.027256828	-0.0515628185	-0.0100939368	0.0442510332	0.0421482344	-0.0137199483	-0.0520866082	-0.0240102362	0.0346942175	0.0491418251	0.0009028426	-0.0484878293	-0.0360261653	0.0223914121	0.0522459219	0.0007051601	0.0147201343	-0.0387125572	0.0528500155	0.0053057047	-0.0026711057	-0.0162800824	0	0	0	0	0	0	0	0	0	0	0	0	0	0	0	0	0	0	0	0	0	0	0	0	0	0	0	0	0	0	0	0	0	0	0	0	0	0	0	0	0	0	0	0	0	0	0	0	0	0	0	0	0	0	0	0	0	0	0	0	0	0	0	0	0	0	1.10063715632251	-0.874856632364751	0.448081059024295	0.592443852028073
0.0237384	-0.0720216	0.611276	-0.0140468	-0.00271993	-0.00284739	0.0692903	-0.3513966	-0.039153	-0.014650332	-0.00050557	-0.00090243	1.2627565	0.0187601599	-0.0389397479	-0.0466540082	0.0055199161	0.0506081094	0.030732371	-0.0285934806	-0.0512148408	-0.0080934286	0.0454172463	0.0406273263	-0.016314529	-0.0523139709	-0.0211597241	0.0371565505	0.0477762082	-0.0029328492	-0.0498771065	-0.0327957961	0.0263843771	0.0516958108	0.0668619647	0.0838286545	0.048275625	-0.0962582128	-0.0341852446	-0.0978817544	0.0529492779	0	0	0	0	0	0	0	0	0	0	0	0	0	0	0	1	0	0	0	0	0	0	0	0	0	0	0	0	0	0	0	0	0	0	0	0	0	0	0	0	0	0	0	0	0	0	0	0	0	0	0	0	0	0	0	0	0	0	0	0	0	0	0	0	0	0	0.588003681233531	-1.11685381129699	0.448081059024295	0.592443852028073
0.102845	-0.259658	0.141277	-0.0272474	-0.00573106	-0.000469719	0.0791066	-0.1876364	-0.469999	-0.0132006	-0.00301113	0.002377671	1.66621205	0.0185492395	-0.0392402281	-0.0463423012	0.0064169112	0.0508872699	0.0296255153	-0.0299041152	-0.0508059967	-0.0060807472	0.0464991262	0.03901514	-0.0188654898	-0.0523771858	-0.0182322141	0.0394636764	0.0461835398	-0.006752807	-0.0509664168	-0.0293456776	0.0301814655	0.0507226006	0.079429577	0.0566583125	0.1027291982	0.0233363317	-0.1156240416	-0.099860264	-0.0995677101	0	0	0	0	0	0	0	0	0	0	0	0	0	0	0	0	1	0	0	0	0	0	0	0	0	0	0	0	0	0	0	0	0	0	0	0	0	0	0	0	0	0	0	0	0	0	0	0	0	0	0	0	0	0	0	0	0	0	0	0	0	0	0	0	0	0	0.354595767447569	-0.991048723495177	0.448081059024295	0.592443852028073
0.00207603	0.169502	0.185885	-0.00692212	-0.00157395	-0.0023318	-0.10076897	0.42916	0.044608	0.02032528	0.00415711	-0.001862081	1.89176052	0.0183379745	-0.0395377932	-0.0460228486	0.0073119995	0.0511428052	0.028498854	-0.0311875391	-0.0503367722	-0.0040589197	0.0474946641	0.0373152977	-0.0213660101	-0.0522760543	-0.015238359	0.0416059582	0.044371389	-0.0105365379	-0.0517492091	-0.0256989275	0.0337544877	0.0493342563	0.0646943029	-0.0013609497	0.1126702864	-0.0304232046	-0.2152205124	0.0370759974	0.0242285039	0	0	0	0	0	0	0	0	0	0	0	0	0	0	0	0	0	1	0	0	0	0	0	0	0	0	0	0	0	0	0	0	0	0	0	0	0	0	0	0	0	0	0	0	0	0	0	0	0	0	0	0	0	0	0	0	0	0	0	0	0	0	0	0	0	0	0.574162689156488	-0.942217117303676	0.448081059024295	0.592443852028073
0.0712624	0.232121	0.456283	-0.00384251	-0.00334762	-0.00190863	0.06918637	0.062619	0.270398	0.00307961	-0.00177367	0.00042317	0.66602587	0.018126369	-0.0398324213	-0.0456957037	0.0082049152	0.0513745965	0.0273531403	-0.0324425845	-0.0498077248	-0.0020309873	0.0484020114	0.0355316183	-0.0238094045	-0.0520108938	-0.0121890533	0.0435744473	0.0423483678	-0.014263743	-0.0522207755	-0.0218799809	0.0370769179	0.0475421407	0.0461078394	0.0055120657	-0.0795261578	-0.3327199906	-0.0556511925	0.0813745638	-0.113394309	0	0	0	0	0	0	0	0	0	0	0	0	0	0	0	0	0	0	0	0	0	0	0	0	0	0	0	0	0	0	0	0	0	0	0	0	0	0	0	0	0	0	0	0	0	0	0	0	0	0	0	0	0	0	0	0	0	0	0	0	0	0	0	0	0	0	-1.73809796270926	-0.882951161393139	0.448081059024295	0.592443852028073
0.0648217	0.158309	0.648321	-0.000731209	-0.00347227	-0.00269868	-0.00644069999999999	-0.073812	0.192038	0.003111301	-0.00012465	-0.00079005	0.47359075	0.0179144269	-0.0401240904	-0.0453609212	0.0090953929	0.0515825363	0.02618914	-0.0336681095	-0.0492194833	0	0.0492194833	0.0336681095	-0.02618914	-0.0515825363	-0.0090953929	0.0453609212	0.0401240904	-0.0179144269	-0.0523782801	-0.0179144269	0.0401240904	0.0453609212	0.003854738	0.0195559959	-0.0332132366	-0.0153526881	-0.0107306741	0.0013753975	-0.0535528016	0	0	0	0	0	0	0	0	0	0	0	0	0	0	0	0	0	0	0	0	0	0	0	0	0	0	0	0	0	0	0	0	0	0	0	0	0	0	0	0	0	0	0	0	0	0	0	0	0	0	0	0	0	0	0	0	0	0	0	0	0	0	0	0	0	0	0.320393674593795	-0.802283360447999	0.448081059024295	0.592443852028073
0.029107	0.366741	1.20086	0.00907002	-0.00159524	-0.00162111	-0.0357147	0.208432	0.552539	0.009801229	0.00187703	0.00107757	1.43447715	0.017702152	-0.0404127789	-0.045018557	0.009983168	0.051766528	0.0250076315	-0.0348629988	-0.0485727468	0.0020309873	0.0499455618	0.0317289578	-0.028498854	-0.050992326	-0.0059686353	0.0469579174	0.0377091275	-0.0214690046	-0.0522207755	-0.0138288366	0.0428733831	0.0428084497	-0.1789150946	0.0227184534	0.0353845686	0.0369627611	0.0586208533	0.0597087566	-0.0908998763	0	0	0	0	0	0	0	0	0	0	0	0	0	0	0	0	0	0	1	0	0	0	0	0	0	0	0	0	0	0	0	0	0	0	0	0	0	0	0	0	0	0	0	0	0	0	0	0	0	0	0	0	0	0	0	0	0	0	0	0	0	0	0	0	0	0	-0.730774045439815	-0.920158645990942	0.448081059024295	0.592443852028073
-0.178409	-0.0545422	0.295903	0.00581888	-0.00211727	-0.00100834	-0.207516	-0.4212832	-0.904957	-0.00325114	-0.00052203	0.00061277	1.7530532	0.0174895484	-0.0406984653	-0.0446686685	0.0108679768	0.0519264863	0.0238094045	-0.0360261653	-0.0478682839	0.0040589197	0.0505788988	0.0297185201	-0.030732371	-0.0502421146	-0.0028201586	0.0483587652	0.0351149558	-0.0249084068	-0.0517492091	-0.0096505858	0.0453043854	0.0399056168	0.0307368666	-0.0208327708	0.0585277141	-0.0227550013	0.1296627771	-0.0446274208	0.0568073004	0	0	0	0	0	0	0	0	0	0	0	0	0	0	0	0	0	0	0	1	0	0	0	0	0	0	0	0	0	0	0	0	0	0	0	0	0	0	0	0	0	0	0	0	0	0	0	0	0	0	0	0	0	0	0	0	0	0	0	0	0	0	0	0	0	0	0.424696891629723	1.35074337500796	-2.22840312389761	0.592443852028073
-0.112587	-0.193003	-0.24127	0.00542698	-0.00205487	-0.00228176	0.065822	-0.1384608	-0.537173	-0.000391900000000001	6.24000000000002e-05	-0.00127342	0.8278418	0.01727662	-0.0409811285	-0.044311314	0.0117495564	0.0520623368	0.0225952602	-0.0371565505	-0.0471069319	0.0060807472	0.0511183183	0.0276413132	-0.0328837193	-0.0493342563	0.0003385804	0.0495576132	0.032353904	-0.028214182	-0.0509664168	-0.005407671	0.0473990497	0.0366761804	0.0565546175	-0.019804432	0.0783028057	0.003174038	-0.0832378716	-0.0764207149	-0.0678405464	0	0	0	0	0	0	0	0	0	0	0	0	0	0	0	0	0	0	0	0	0	0	0	0	0	0	0	0	0	0	0	0	0	0	0	0	0	0	0	0	0	0	0	0	0	0	0	0	0	0	0	0	0	0	0	0	0	0	0	0	0	0	0	0	0	0	-0.516361531900902	3.42960016926795	-2.22840312389761	0.592443852028073
-0.0514724	0.337278	0.392899	0.00526809	-0.0029737	-0.000858721	0.0611146	0.530281	0.634169	-0.00015889	-0.00091883	0.001423039	1.35060255	0.0170633708	-0.0412607473	-0.0439465533	0.0126276447	0.0521740164	0.0213660101	-0.0382531258	-0.0462895956	0.0080934286	0.0515628185	0.0255020041	-0.0349471469	-0.0482715996	0.0034960873	0.0505494535	0.0294390937	-0.0313685957	-0.0498771065	-0.0011285219	0.0491418251	0.0331465714	0.0087842356	-0.0216639899	0.0118865037	-0.0167208302	-0.067207694	0.0630958479	-0.0195770365	0	0	0	0	0	0	0	0	0	0	0	0	0	0	0	0	0	0	0	0	1	0	0	0	0	0	0	0	0	0	0	0	0	0	0	0	0	0	0	0	0	0	0	0	0	0	0	0	0	0	0	0	0	0	0	0	0	0	0	0	0	0	0	0	0	0	-0.162618854987813	1.92891031648054	-2.22840312389761	0.592443852028073
-0.046008	0.339573	0.527473	0.0106867	-0.00313782	-0.000146708	0.0054644	0.00229499999999999	0.134574	0.00541861	-0.00016412	0.000712013	0.45707055	0.0168498047	-0.0415373011	-0.0435744473	0.0135019809	0.0522614734	0.0201224762	-0.0393148935	-0.0454172463	0.0100939368	0.0519115742	0.0233053991	-0.0369171367	-0.0470574788	0.0066408724	0.0513301431	0.0263843771	-0.0343547251	-0.0484878293	0.003158189	0.0505197734	0.0293456776	-0.0219167381	-0.0289041627	0.0161270606	-0.0185989664	0.0551386881	-0.0162138285	-0.015378127	0	0	0	0	0	0	0	0	0	0	0	0	0	0	0	0	0	0	0	0	0	0	0	0	0	0	0	0	0	0	0	0	0	0	0	0	0	0	0	0	0	0	0	0	0	0	0	0	0	0	0	0	0	0	0	0	0	0	0	0	0	0	0	0	0	0	-0.242729971343448	-0.138825099602679	-2.22840312389761	0.592443852028073
-0.0606575	0.425792	0.594065	0.0109421	-0.00313794	-8.6024e-05	-0.0146495	0.086219	0.066592	0.000255400000000001	-1.20000000000155e-07	6.0684e-05	0.1832707	0.0166359256	-0.0418107693	-0.0431950583	0.0143723053	0.052324667	0.0188654898	-0.0403408874	-0.0444909208	0.0120792627	0.0521639377	0.0210564335	-0.0387884217	-0.0456957037	0.0097614921	0.051896421	0.0232042715	-0.0371565505	-0.0468069407	0.0074237382	0.0515226647	0.025304607	-0.0297986682	-0.0285061648	0.013347317	0.0245083419	0.0048190866	0.0302289614	0.0221605593	0	0	0	0	0	0	0	0	0	0	0	0	0	0	0	0	0	0	0	0	0	0	0	0	0	0	0	0	0	0	0	0	0	0	0	0	0	0	0	0	0	0	0	0	0	0	0	0	0	0	0	0	0	0	0	0	0	0	0	0	0	0	0	0	0	0	-0.484274978317	-0.782076151397183	-2.22840312389761	0.592443852028073
-0.0537134	0.458098	0.743026	0.0116445	-0.0043349	-0.000210476	0.0069441	0.0323059999999999	0.148961	0.000702399999999997	-0.00119696	-0.000124452	0.2894017	0.0164217376	-0.0420811315	-0.0428084497	0.015238359	0.0523635681	0.0175958911	-0.0413301739	-0.0435117199	0.0140464202	0.0523194405	0.0187601599	-0.0405559987	-0.044190547	0.0128465907	0.0522459219	0.0199138901	-0.0397590408	-0.0448445497	0.0116395445	0.0521430537	0.0210564335	-0.0679631771	-0.0176594191	0.0046787153	0.0247416741	0.0170204617	0.0264379456	-0.0064207043	0	0	0	0	0	0	0	0	0	0	0	0	0	0	0	0	0	0	0	0	0	0	0	0	0	0	0	0	0	0	0	0	0	0	0	0	0	0	0	0	0	0	0	0	0	0	0	0	0	0	0	0	0	0	0	0	0	0	0	0	0	0	0	0	0	0	0.213626392994593	-1.02208969331444	-2.22840312389761	0.592443852028073
-0.0620954	0.485323	0.788896	0.0113958	-0.00448066	4.74475e-05	-0.00838200000000001	0.027225	0.0458700000000002	-0.000248699999999999	-0.00014576	0.0002579235	0.114096175	0.0162072446	-0.0423483678	-0.0424146861	0.016099885	0.0523781585	0.016314529	-0.0422818529	-0.0424808075	0.0159924506	0.0523777937	0.0164217376	-0.0422151417	-0.0425467316	0.015884942	0.0523771858	0.01652887	-0.0421482344	-0.0426124582	0.0157773596	0.0523763346	0.0166359256	-0.0762577889	-0.0189471826	0.0025231471	0.0374017277	0.0239848624	0.0305298418	-0.0445645448	0	0	0	0	0	0	0	0	0	0	0	0	0	0	0	0	0	0	0	0	0	0	0	0	0	0	0	0	0	0	0	0	0	0	0	0	0	0	0	0	0	0	0	0	0	0	0	0	0	0	0	0	0	0	0	0	0	0	0	0	0	0	0	0	0	0	0.444281913940897	0.563918152074671	-2.22840312389761	-1.68540061352814
-0.0787786	0.46243	0.828436	0.0106635	-0.00415195	-0.000294768	-0.0166832	-0.0228929999999999	0.03954	-0.000732299999999998	0.00032871	-0.0003422155	0.149277475	0.0159924506	-0.0426124582	-0.0420138333	0.0169566271	0.0523684314	0.0150222601	-0.0431950583	-0.0413994086	0.0179144269	0.0523388891	0.0140464202	-0.0437614146	-0.0407694154	0.0188654898	0.0522896643	0.0130652981	-0.044311314	-0.0401240904	0.0198094581	0.0522207755	0.0120792627	-0.0744289029	-0.0114124561	-0.0011793577	0.0403986213	0.0299760604	0.0172848331	-0.0357777912	0	0	0	0	0	0	0	0	0	0	0	0	0	0	0	0	0	0	0	0	0	0	0	0	0	0	0	0	0	0	0	0	0	0	0	0	0	0	0	0	0	0	0	0	0	0	0	0	0	0	0	0	0	0	0	0	0	0	0	0	0	0	0	0	0	0	0.148916760618701	0.552768769328729	-2.22840312389761	0.592443852028073
-0.0805821	0.400683	0.739586	0.00986579	-0.00484555	-0.000539099	-0.0018035	-0.061747	-0.0888500000000002	-0.000797710000000002	-0.0006936	-0.000244331	0.23918255	0.0157773596	-0.0428733831	-0.0416059582	0.0178083308	0.0523343914	0.0137199483	-0.0440689593	-0.0402688086	0.0198094581	0.0522027989	0.0116395445	-0.0451906832	-0.0388641751	0.021777388	0.0519837232	0.0095396348	-0.046236675	-0.0373944116	0.0237088227	0.0516775313	0.0074237382	-0.0436631212	-0.0064423566	-0.0130598212	0.0241889445	-0.0032156477	0.0311143398	0.0287737273	0	0	0	0	0	0	0	0	0	0	0	0	0	0	0	0	0	0	0	0	0	0	0	0	0	0	0	0	0	0	0	0	0	0	0	0	0	0	0	0	0	0	0	0	0	0	0	0	0	0	0	0	0	0	0	0	0	0	0	0	0	0	0	0	0	0	-0.024785590770155	-0.629023880248868	-2.22840312389761	-1.68540061352814
-0.0806412	0.40699	0.745928	0.00880405	-0.00436293	-0.000746697	-5.90999999999647e-05	0.00630700000000001	0.00634200000000007	-0.00106174	0.00048262	-0.000207598	0.100306	0.0155619757	-0.0431311232	-0.0411911291	0.018654743	0.0522760543	0.0124084642	-0.0449027607	-0.039090351	0.021674694	0.0519697758	0.009206518	-0.0464991262	-0.0368369888	0.0246100408	0.0514606403	0.0059686353	-0.0479139886	-0.0344398384	0.0274493255	0.050750635	0.0027074549	-0.0307792522	-0.0001235682	-0.0121793131	0.016584772	0.0275276357	0.0157394816	0.0110403012	0	0	0	0	0	0	0	0	0	0	0	0	0	0	0	0	0	0	0	0	0	0	0	0	0	0	0	0	0	0	0	0	0	0	0	0	0	0	0	0	0	0	0	0	0	0	0	0	0	0	0	0	0	0	0	0	0	0	0	0	0	0	0	0	0	0	-0.866363658787281	-0.738403144090957	-2.22840312389761	0.592443852028073
-0.0720993	0.359354	0.782113	0.00952607	-0.00450728	-0.000392009	0.00854189999999996	-0.047636	0.0361850000000001	0.000722019999999999	-0.00014435	0.000354688	0.1534158	0.0153463027	-0.0433856593	-0.0407694154	0.0194956122	0.0521934471	0.0110886847	-0.0456957037	-0.0378654364	0.0235073292	0.0516402525	0.006752807	-0.0476832451	-0.0346942175	0.0273531403	0.0507226006	0.0023692706	-0.0493342563	-0.03127814	0.0310059033	0.0494469678	-0.0020309873	-0.0468355605	-0.0009512785	-0.0111720203	0.0259086647	0.0064036862	0.0093519848	-0.0473657417	0	0	0	0	0	0	0	0	0	0	0	0	0	0	0	0	0	0	0	0	0	0	0	0	0	0	0	0	0	0	0	0	0	0	0	0	0	0	0	0	0	0	0	0	0	0	0	0	0	0	0	0	0	0	0	0	0	0	0	0	0	0	0	0	0	0	-1.27898797072096	-0.358963496273614	0.448081059024295	-1.68540061352814
-0.0509603	0.36635	0.753988	0.00830761	-0.00508127	-8.81243e-05	0.021139	0.006996	-0.0281250000000001	-0.00121846	-0.00057399	0.0003038847	0.161076735	0.0151303447	-0.0436369724	-0.0403408874	0.0203306886	0.0520866082	0.0097614921	-0.0464470668	-0.0365955205	0.025304607	0.0512148408	0.0042839244	-0.048739874	-0.0324425845	0.0299967047	0.049772687	-0.0012413539	-0.0504898588	-0.0279283311	0.0343547251	0.0477762082	-0.006752807	-0.027702444	0.0023271527	0.0010504488	0.0271214663	0.0355941456	0.0143494488	-0.0237059221	0	0	0	0	0	0	0	0	0	0	0	0	0	0	0	0	0	0	0	0	0	0	0	0	0	0	0	0	0	0	0	0	0	0	0	0	0	0	0	0	0	0	0	0	0	0	0	0	0	0	0	0	0	0	0	0	0	0	0	0	0	0	0	0	0	0	-1.82614366331318	-0.292278623812172	0.448081059024295	0.592443852028073
-0.0284999	0.198991	0.233258	0.00883691	-0.00652687	0.0011305	0.0224604	-0.167359	-0.52073	0.0005293	-0.0014456	0.0012186243	0.870225615	0.0149141057	-0.043885044	-0.0399056168	0.0211597241	0.0519555872	0.0084277735	-0.0471561663	-0.0352821126	0.0270638244	0.0506943307	0.001805417	-0.0496661877	-0.0300891549	0.0325311144	0.0486148674	-0.0048460789	-0.0513745965	-0.024410558	0.0374733519	0.0457507597	-0.0114193591	0.0378602843	-0.0297062478	0.0020818777	-0.0195949706	0.0609351186	-0.0458761335	0.1013006686	0	0	0	0	0	0	0	0	0	0	0	0	0	0	0	0	0	0	0	0	0	0	0	0	0	0	0	0	0	0	0	0	0	0	0	0	0	0	0	0	0	0	0	0	0	0	0	0	0	0	0	0	0	0	0	0	0	0	0	0	0	0	0	0	0	0	-1.32772532791471	-0.182882425442376	0.448081059024295	-1.68540061352814
-0.090223	0.322202	0.375108	0.00524427	-0.00363303	-0.000562106	-0.0617231	0.123211	0.14185	-0.00359264	0.00289384	-0.001692606	0.7357384	0.0146975897	-0.0441298556	-0.0394636764	0.0219824722	0.0518004449	0.0070884207	-0.0478223571	-0.0339267737	0.0287823352	0.0500796887	-0.0006771467	-0.0504597097	-0.0276413132	0.0349471469	0.0472539781	-0.0084277735	-0.0519837232	-0.0207459769	0.0403408874	0.0433856593	-0.0159924506	0.0331104195	-0.0189937182	-0.0148445989	-0.0100710689	-0.0097977442	-0.0514020765	0.0044974349	0	0	0	0	0	0	0	0	0	0	0	0	0	0	0	0	0	0	0	0	0	0	0	0	0	0	0	0	0	0	0	0	0	0	0	0	0	0	0	0	0	0	0	0	0	0	0	0	0	0	0	0	0	0	0	0	0	0	0	0	0	0	0	0	0	0	-0.715348791355917	-0.202444511054406	0.448081059024295	-1.68540061352814
-0.103228	0.322377	0.379982	0.00577366	-0.00363303	-0.000562106	-0.013005	0.000175000000000036	0.00487400000000004	0.00052939	0	0	0.0445235	0.0144808008	-0.044371389	-0.03901514	0.0227986886	0.0516212534	0.0057443291	-0.0484450328	-0.0325311144	0.0304575546	0.0493720561	-0.003158189	-0.0511183183	-0.0251067401	0.0372360105	0.0456957037	-0.011969416	-0.0523139709	-0.0169566271	0.0429381175	0.0406984653	-0.0204346535	0.0264910596	-0.0188562808	-0.0025006279	0.0049114318	0.0006674572	0.0004458635	0.042860443	0	0	0	0	0	0	0	0	0	0	0	0	0	0	0	0	0	0	0	0	0	0	0	0	0	0	0	0	0	0	0	0	0	0	0	0	0	0	0	0	0	0	0	0	0	0	0	0	0	0	0	0	0	0	0	0	0	0	0	0	0	0	0	0	0	0	0.661401132327066	-0.386979581757044	0.448081059024295	0.592443852028073
-0.114224	0.396034	0.474126	0.00602095	-0.00363303	-0.000562106	-0.010996	0.073657	0.094144	0.00024729	0	0	0.1911615	0.014263743	-0.0446096262	-0.0385600826	0.0236081307	0.0514180959	0.0043963972	-0.049023627	-0.0310967934	0.0320869629	0.0485727468	-0.0056321357	-0.0516402525	-0.0224933884	0.0393893764	0.0439465533	-0.015454175	-0.0523635681	-0.0130652981	0.0452476394	0.0377091275	-0.024709611	0.0176185982	-0.0126750324	-0.0075062656	-0.002413284	0.0094957815	-0.0040155104	0.0377875432	0	0	0	0	0	0	0	0	0	0	0	0	0	0	0	0	0	0	0	0	0	0	0	0	0	0	0	0	0	0	0	0	0	0	0	0	0	0	0	0	0	0	0	0	0	0	0	0	0	0	0	0	0	0	0	0	0	0	0	0	0	0	0	0	0	0	0.125097264038618	-0.340960450485751	0.448081059024295	0.592443852028073
-0.117024	0.375057	0.5296	0.00627249	-0.00450547	-0.000488815	-0.0028	-0.020977	0.0554739999999999	0.000251540000000001	-0.00087244	7.3291e-05	0.13911455	0.0140464202	-0.0448445497	-0.0380985803	0.024410558	0.0511910666	0.0030455261	-0.0495576132	-0.0296255153	0.0336681095	0.0476832451	-0.0080934286	-0.0520241169	-0.0198094581	0.0413994086	0.0420138333	-0.0188654898	-0.0521322486	-0.0090953929	0.0472539781	0.0344398384	-0.0287823352	0.0101116689	-0.0053216417	-1.17331e-05	0.0012154731	0.0166168917	0.0028246032	-0.0200824149	0	0	0	0	0	0	0	0	0	0	0	0	0	0	0	0	0	0	0	0	0	0	0	0	0	0	0	0	0	0	0	0	0	0	0	0	0	0	0	0	0	0	0	0	0	0	0	0	0	0	0	0	0	0	0	0	0	0	0	0	0	0	0	0	0	0	0.744780174950155	-0.3636931040961	0.448081059024295	0.592443852028073
-0.113367	0.394149	0.551762	0.00599272	-0.00472045	-0.000277273	0.00365699999999999	0.0190919999999999	0.022162	-0.00027977	-0.00021498	0.000211542	0.0802256000000001	0.0138288366	-0.0450761418	-0.0376307102	0.0252057321	0.050940271	0.0016926191	-0.0500465054	-0.0281190288	0.0351986159	0.0467052026	-0.0105365379	-0.0522688852	-0.0170633708	0.0432587929	0.0399056168	-0.0221871482	-0.0516212534	-0.0050707869	0.04894369	0.0309148693	-0.0326194932	0.0128717136	-0.0053172193	-0.0126970638	0.0108506201	0.0166825172	0.0035287655	0.0213009415	0	0	0	0	0	0	0	0	0	0	0	0	0	0	0	0	0	0	0	0	0	0	0	0	0	0	0	0	0	0	0	0	0	0	0	0	0	0	0	0	0	0	0	0	0	0	0	0	0	0	0	0	0	0	0	0	0	0	0	0	0	0	0	0	0	0	0.506660532596259	-0.220220333458824	0.448081059024295	0.592443852028073
-0.111786	0.377101	0.607184	0.00638042	-0.00518263	-0.000562105	0.00158100000000001	-0.017048	0.0554220000000001	0.0003877	-0.00046218	-0.000284832	0.1307866	0.0136109962	-0.0453043854	-0.0371565505	0.0259934166	0.0506658255	0.0003385804	-0.0504898588	-0.0265791242	0.0366761804	0.0456404355	-0.0129559745	-0.0523739028	-0.014263743	0.0449607632	0.0376307102	-0.0254033645	-0.0508333239	-0.0010156846	0.0503054532	0.0271603893	-0.0361896802	0.0032494103	0.00622994	-0.0087689475	0.0125399191	-0.0130453922	0.0264697297	0.0341387198	0	0	0	0	0	0	0	0	0	0	0	0	0	0	0	0	0	0	0	0	0	0	0	0	0	0	0	0	0	0	0	0	0	0	0	0	0	0	0	0	0	0	0	0	0	0	0	0	0	0	0	0	0	0	0	0	0	0	0	0	0	0	0	0	0	0	0.129892033619772	-0.181922996390603	0.448081059024295	0.592443852028073
-0.108572	0.339779	0.549311	0.0057438	-0.00495794	-0.000562105	0.00321399999999999	-0.037322	-0.0578730000000001	-0.00063662	0.00022469	0	0.1414745	0.013392903	-0.0455292636	-0.0366761804	0.0267733776	0.0503678575	-0.0010156846	-0.0508872699	-0.0250076315	0.0380985803	0.0444909208	-0.0153463027	-0.0523388891	-0.0114193591	0.0464991262	0.0351986159	-0.028498854	-0.049772687	0.0030455261	0.0513301431	0.0232042715	-0.0394636764	0.0156029856	-0.0013755559	-0.0208498343	0.0032379167	0.0197478412	-0.023342723	0.0136795034	0	0	0	0	0	0	0	0	0	0	0	0	0	0	0	0	0	0	0	0	0	0	0	0	0	0	0	0	0	0	0	0	0	0	0	0	0	0	0	0	0	0	0	0	0	0	0	0	0	0	0	0	0	0	0	0	0	0	0	0	0	0	0	0	0	0	-2.19410981488837	-0.142422196657813	0.448081059024295	0.592443852028073
-0.0948201	0.359125	0.571891	0.00547069	-0.00438218	-0.000562106	0.0137519	0.019346	0.02258	-0.00027311	0.00057576	-9.99999999907325e-10	0.0981214500000001	0.0131745611	-0.0457507597	-0.0361896802	0.0275453833	0.0500465054	-0.0023692706	-0.0512383773	-0.0234064185	0.0394636764	0.0432587929	-0.017702152	-0.0521639377	-0.0085391442	0.0478682839	0.0326194932	-0.0314589057	-0.0484450328	0.0070884207	0.0520108938	0.0190758861	-0.0424146861	0.0141622099	0.0029990625	-0.0066493796	2.87784e-05	0.0188222895	-0.0015979187	-0.0177178619	0	0	0	0	0	0	0	0	0	0	0	0	0	0	0	0	0	0	0	0	0	0	0	0	0	0	0	0	0	0	0	0	0	0	0	0	0	0	0	0	0	0	0	0	0	0	0	0	0	0	0	0	0	0	0	0	0	0	0	0	0	0	0	0	0	0	1.14690643581853	-0.144803124162314	0.448081059024295	0.592443852028073
-0.103045	0.312738	0.588698	0.00630338	-0.0047747	-0.000634648	-0.00822489999999999	-0.046387	0.0168069999999999	0.00083269	-0.00039252	-7.25420000000001e-05	0.1363065	0.0129559745	-0.0459688572	-0.0356971313	0.0283092043	0.0497019183	-0.0037212726	-0.0515428613	-0.021777388	0.0407694154	0.0419463399	-0.0200182296	-0.0518495163	-0.0056321357	0.0490632542	0.0299041152	-0.0342694522	-0.0468574839	0.0110886847	0.0523431439	0.0148058821	-0.045018557	0.0093769859	0.0023965869	-0.0168962241	0.0155198895	0.0090989923	-0.0105146237	-0.0369507378	0	0	0	0	0	0	0	0	0	0	0	0	0	0	0	0	0	0	0	0	0	0	0	0	0	0	0	0	0	0	0	0	0	0	0	0	0	0	0	0	0	0	0	0	0	0	0	0	0	0	0	0	0	0	0	0	0	0	0	0	0	0	0	0	0	0	0.436193287069574	-0.418501692538137	0.448081059024295	0.592443852028073
-0.105103	0.364925	0.609482	0.00567715	-0.00455733	-0.000672	-0.002058	0.052187	0.020784	-0.00062623	0.00021737	-3.73519999999999e-05	0.1190766	0.0127371473	-0.0461835398	-0.0351986159	0.0290646136	0.0493342563	-0.0050707869	-0.0518004449	-0.0201224762	0.0420138333	0.0405559987	-0.0222893319	-0.0513964655	-0.0027074549	0.0500796887	0.0270638244	-0.0369171367	-0.045018557	0.0150222601	0.052324667	0.0104259597	-0.0472539781	0.0101894578	0.0051210877	0.0014678088	0.012231047	-0.0044310085	0.0175102917	0.0138805639	0	0	0	0	0	0	0	0	0	0	0	0	0	0	0	0	0	0	0	0	0	0	0	0	0	0	0	0	0	0	0	0	0	0	0	0	0	0	0	0	0	0	0	0	0	0	0	0	0	0	0	0	0	0	0	0	0	0	0	0	0	0	0	0	0	0	0.847934400717665	-0.496022780286148	0.448081059024295	0.592443852028073
-0.105746	0.324335	0.566542	0.00563032	-0.00466852	-0.000648502	-0.000643000000000005	-0.04059	-0.04294	-4.68299999999994e-05	-0.00011119	2.34979999999999e-05	0.0932488999999999	0.0125180835	-0.0463947917	-0.0346942175	0.0298113868	0.04894369	-0.0064169112	-0.0520108938	-0.0184436498	0.0431950583	0.039090351	-0.0245103563	-0.0508059967	0.0002257211	0.0509138886	0.024110485	-0.0393893764	-0.0429381175	0.0188654898	0.0519555872	0.0059686353	-0.0491026536	0.0120466473	0.0100161552	-0.0038121027	0.0156869329	-0.0175844578	0.0260434683	0.0325522006	0	0	0	0	0	0	0	0	0	0	0	0	0	0	0	0	0	0	0	0	0	0	0	0	0	0	0	0	0	0	0	0	0	0	0	0	0	0	0	0	0	0	0	0	0	0	0	0	0	0	0	0	0	0	0	0	0	0	0	0	0	0	0	0	0	0	0.071628730009889	-0.481087810266168	0.448081059024295	0.592443852028073
-0.119937	0.359384	0.555793	0.00451213	-0.00385613	-0.00105543	-0.014191	0.0350490000000001	-0.010749	-0.00111819	0.00081239	-0.000406928	0.1768644	0.0122987873	-0.0466025972	-0.0341840202	0.030549302	0.0485304007	-0.0077587455	-0.0521740164	-0.016742904	0.044311314	0.0375521182	-0.0266763128	-0.0500796887	0.003158189	0.0515628185	0.0210564335	-0.0416744222	-0.0406273263	0.0225952602	0.0512383773	0.0014670001	-0.0505494535	0.0175894912	0.0092182295	-0.0006607166	-0.0051193393	0.0057310635	-0.001445593	0.0164208545	0	0	0	0	0	0	0	0	0	0	0	0	0	0	0	0	0	0	0	0	0	0	0	0	0	0	0	0	0	0	0	0	0	0	0	0	0	0	0	0	0	0	0	0	0	0	0	0	0	0	0	0	0	0	0	0	0	0	0	0	0	0	0	0	0	0	-1.98932326742463	-0.443829794643081	0.448081059024295	0.592443852028073
-0.109819	0.34881	0.585783	0.00518764	-0.0041834	-0.000839972	0.010118	-0.010574	0.02999	0.000675510000000001	-0.000327269999999999	0.000215458	0.1115939	0.0120792627	-0.0468069407	-0.0336681095	0.03127814	0.0480945804	-0.0090953929	-0.0522896643	-0.0150222601	0.0453609212	0.0359441567	-0.0287823352	-0.0492194833	0.0060807472	0.0520241169	0.0179144269	-0.0437614146	-0.0380985803	0.02618914	0.050177843	-0.0030455261	-0.0515825363	0.0119705301	0.0104127562	-0.0119370421	-0.0042804699	0.0087033993	-0.0057700261	-0.0282855898	0	0	0	0	0	0	0	0	0	0	0	0	0	0	0	0	0	0	0	0	0	0	0	0	0	0	0	0	0	0	0	0	0	0	0	0	0	0	0	0	0	0	0	0	0	0	0	0	0	0	0	0	0	0	0	0	0	0	0	0	0	0	0	0	0	0	0.652749431819634	-0.390783267171101	0.448081059024295	0.592443852028073
-0.116732	0.36272	0.554669	0.00503975	-0.00465376	-0.00107747	-0.00691299999999999	0.01391	-0.031114	-0.00014789	-0.00047036	-0.000237498	0.0947244000000001	0.0118595137	-0.0470078072	-0.0331465714	0.0319976841	0.0476364314	-0.0104259597	-0.0523577323	-0.0132837629	0.0463423012	0.0342694522	-0.0308236917	-0.0482276804	0.0089842256	0.0522961052	0.0146975897	-0.0456404355	-0.0353654455	0.0296255153	0.0487810905	-0.0075354425	-0.0521934471	0.0183828595	0.0044170902	-0.0022933608	-0.0033304179	0.010642106	-0.0091764352	0.0049750457	0	0	0	0	0	0	0	0	0	0	0	0	0	0	0	0	0	0	0	0	0	0	0	0	0	0	0	0	0	0	0	0	0	0	0	0	0	0	0	0	0	0	0	0	0	0	0	0	0	0	0	0	0	0	0	0	0	0	0	0	0	0	0	0	0	0	0.390012605234502	-0.310902295779869	0.448081059024295	0.592443852028073
-0.112439	0.385899	0.598851	0.00516498	-0.00444273	-0.000863147	0.00429299999999998	0.023179	0.0441820000000001	0.00012523	0.00021103	0.000214323	0.09918315	0.0116395445	-0.0472051818	-0.0326194932	0.0327077205	0.0471561663	-0.0117495564	-0.0523781585	-0.0115294786	0.0472539781	0.0325311144	-0.0327957961	-0.0471069319	0.0118595137	0.0523777937	0.0114193591	-0.047302555	-0.0324425845	0.0328837193	0.0470574788	-0.011969416	-0.0523771858	0.0127644958	0.0130001763	-0.0024209709	0.0042954754	-0.0117411219	0.0116793107	0.0392240485	0	0	0	0	0	0	0	0	0	0	0	0	0	0	0	0	0	0	0	0	0	0	0	0	0	0	0	0	0	0	0	0	0	0	0	0	0	0	0	0	0	0	0	0	0	0	0	0	0	0	0	0	0	0	0	0	0	0	0	0	0	0	0	0	0	0	0.452949358283549	-0.324465011959305	0.448081059024295	0.592443852028073
-0.113541	0.343013	0.557212	0.00425848	-0.00411276	-0.00114467	-0.00110199999999999	-0.042886	-0.041639	-0.000906499999999999	0.00032997	-0.000281523	0.16152665	0.0114193591	-0.0473990497	-0.0320869629	0.0334080384	0.0466540082	-0.0130652981	-0.0523509242	-0.0097614921	0.0480945804	0.030732371	-0.0346942175	-0.0458602343	0.0146975897	0.0522688852	0.0080934286	-0.048739874	-0.0293456776	0.0359441567	0.045018557	-0.016314529	-0.0521322486	0.0184464729	0.0111237205	-0.0069948423	-0.0066416907	0.0077031248	0.0135996418	0.0209754075	0	0	0	0	0	0	0	0	0	0	0	0	0	0	0	0	0	0	0	0	0	0	0	0	0	0	0	0	0	0	0	0	0	0	0	0	0	0	0	0	0	0	0	0	0	0	0	0	0	0	0	0	0	0	0	0	0	0	0	0	0	0	0	0	0	0	0.28387631185471	-0.35772889312716	0.448081059024295	0.592443852028073
-0.104671	0.390287	0.620252	0.00482636	-0.00427988	-0.00089861	0.00887	0.047274	0.06304	0.00056788	-0.00016712	0.00024606	0.168237	0.0111989617	-0.0475893965	-0.0315490697	0.0340984296	0.0461301902	-0.0143723053	-0.0522760543	-0.0079819045	0.048862844	0.0288765622	-0.0365146908	-0.0444909208	0.0174895484	0.0519697758	0.0047336909	-0.0499455618	-0.0260913389	0.0387884217	0.042677987	-0.0205385235	-0.0514606403	0.0105919422	0.0165719548	-0.0066814439	0.0084841934	-0.000588445	4.77654e-05	-0.0129574474	0	0	0	0	0	0	0	0	0	0	0	0	0	0	0	0	0	0	0	0	0	0	0	0	0	0	0	0	0	0	0	0	0	0	0	0	0	0	0	0	0	0	0	0	0	0	0	0	0	0	0	0	0	0	0	0	0	0	0	0	0	0	0	0	0	0	-2.24235756967705	-0.417276435729447	0.448081059024295	0.592443852028073
-0.0936711	0.322534	0.558393	0.00374978	-0.0038558	-0.00101255	0.0109999	-0.067753	-0.061859	-0.00107658	0.00042408	-0.00011394	0.2213419	0.0109783563	-0.0477762082	-0.0310059033	0.0347786889	0.0455849554	-0.015669704	-0.0521536168	-0.0061928308	0.0495576132	0.0269671338	-0.0382531258	-0.0430026525	0.0202266294	0.0514815542	0.0013541801	-0.0509138886	-0.0226970271	0.0413994086	0.0400514517	-0.0246100408	-0.0503678575	0.0200350045	0.0104690223	-0.0027229304	-0.0047763846	-0.0010595467	0.0035426475	-0.0190889993	0	0	0	0	0	0	0	0	0	0	0	0	0	0	0	0	0	0	0	0	0	0	0	0	0	0	0	0	0	0	0	0	0	0	0	0	0	0	0	0	0	0	0	0	0	0	0	0	0	0	0	0	0	0	0	0	0	0	0	0	0	0	0	0	0	0	0.542738611462437	-0.398762158294822	0.448081059024295	0.592443852028073
-0.0903772	0.322908	0.376744	0.00612608	-0.0040876	-0.000337802	0.00329390000000002	0.000373999999999986	-0.181649	0.0023763	-0.000231799999999999	0.000674748	0.3494593	0.010757547	-0.0479594708	-0.0304575546	0.0354486142	0.045018557	-0.0169566271	-0.0519837232	-0.0043963972	0.050177843	0.0250076315	-0.0399056168	-0.0413994086	0.0229002443	0.0508059967	-0.0020309873	-0.0516402525	-0.0191809517	0.0437614146	0.0371565505	-0.028498854	-0.048862844	0.0271338797	-0.0090607216	-0.0080718169	0.0040757605	0.0180600033	-0.0368823263	-0.0088868314	0	0	0	0	0	0	0	0	0	0	0	0	0	0	0	0	0	0	0	0	0	0	0	0	0	0	0	0	0	0	0	0	0	0	0	0	0	0	0	0	0	0	0	0	0	0	0	0	0	0	0	0	0	0	0	0	0	0	0	0	0	0	0	0	0	0	0.339674624793365	-0.397255910827458	0.448081059024295	0.592443852028073
-0.172247	0.339158	-0.281882	0.0214247	-0.00275878	0.00146578	-0.0818698	0.01625	-0.658626	0.01529862	0.00132882	0.001803582	1.6782969	0.0105365379	-0.0481391707	-0.0299041152	0.0361080066	0.044431258	-0.0182322141	-0.051766528	-0.0025947387	0.0507226006	0.0230016937	-0.0414684511	-0.0396854757	0.0255020041	0.0499455618	-0.005407671	-0.0521212014	-0.0155619757	0.0458602343	0.0340126806	-0.0321760928	-0.0469579174	0.0278121189	-0.049810392	0.0368969796	-0.0139222925	-0.0026527592	-0.0307108977	0.056958988	0	0	0	0	0	0	0	0	0	0	0	0	0	0	0	0	0	0	0	0	0	1	0	0	0	0	0	0	0	0	0	0	0	0	0	0	0	0	0	0	0	0	0	0	0	0	0	0	0	0	0	0	0	0	0	0	0	0	0	0	0	0	0	0	0	0	-1.91956943372527	-0.410880009428337	0.448081059024295	0.592443852028073
-0.17718	0.402582	-0.112861	0.0205735	-0.00226036	0.00146578	-0.00493299999999999	0.063424	0.169021	-0.0008512	0.00049842	0	0.304859	0.0103153331	-0.0483152946	-0.0293456776	0.0367566699	0.043823331	-0.0194956122	-0.051502229	-0.0007899965	0.0511910666	0.0209530451	-0.0429381175	-0.0378654364	0.028023745	0.0489033805	-0.0087617663	-0.0523544498	-0.0118595137	0.0476832451	0.0306409077	-0.0356144575	-0.0446686685	0.0133289793	-0.0391527608	0.0113332323	-0.0184337465	-0.0055960335	-0.033796605	-0.0259469369	0	0	0	0	0	0	0	0	0	0	0	0	0	0	0	0	0	0	0	0	0	0	0	0	0	0	0	0	0	0	0	0	0	0	0	0	0	0	0	0	0	0	0	0	0	0	0	0	0	0	0	0	0	0	0	0	0	0	0	0	0	0	0	0	0	0	-1.17200027542867	-0.714598279391194	0.448081059024295	0.592443852028073
-0.151824	0.480297	0.0418412	0.0185032	-0.00185273	0.00205684	0.025356	0.077715	0.1547022	-0.0020703	0.00040763	0.00059106	0.4112227	0.0100939368	-0.0484878293	-0.0287823352	0.0373944116	0.0431950583	-0.0207459769	-0.0511910666	0.0010156846	0.0515825363	0.0188654898	-0.044311314	-0.0359441567	0.0304575546	0.0476832451	-0.0120792627	-0.0523388891	-0.0080934286	0.0492194833	0.0270638244	-0.0387884217	-0.0420138333	0.0079123565	-0.040672511	0.0262093383	-0.0114167122	-0.0140853303	0.0081052936	0.0208364064	0	0	0	0	0	0	0	0	0	0	0	0	0	0	0	0	0	0	0	0	0	0	0	0	0	0	0	0	0	0	0	0	0	0	0	0	0	0	0	0	0	0	0	0	0	0	0	0	0	0	0	0	0	0	0	0	0	0	0	0	0	0	0	0	0	0	-0.49192709963928	-0.79559746574137	0.448081059024295	-1.68540061352814
-0.148329	0.384723	0.0751452	0.0158184	-0.00217063	0.00224444	0.00349500000000003	-0.095574	0.033304	-0.0026848	-0.0003179	0.0001876	0.291888	0.009872353	-0.0486567622	-0.028214182	0.0380210421	0.0425467316	-0.0219824722	-0.0508333239	0.0028201586	0.051896421	0.016742904	-0.0455849554	-0.0339267737	0.0327957961	0.0462895956	-0.0153463027	-0.0520745933	-0.0042839244	0.0504597097	0.0233053991	-0.0416744222	-0.03901514	0.0163005201	-0.0352491437	0.0083329534	-0.0076323064	-0.0007830065	0.0005059575	0.0412038158	0	0	0	0	0	0	0	0	0	0	0	0	0	0	0	0	0	0	0	0	0	0	0	0	0	0	0	0	0	0	0	0	0	0	0	0	0	0	0	0	0	0	0	0	0	0	0	0	0	0	0	0	0	0	0	0	0	0	0	0	0	0	0	0	0	0	0.463897189111906	-0.239466581443202	0.448081059024295	-1.68540061352814
-0.146096	0.294104	0.0912295	0.0166053	-0.00272879	0.0020289	0.00223299999999998	-0.090619	0.0160843	0.0007869	-0.00055816	-0.00021554	0.1869663	0.0096505858	-0.0488220806	-0.0276413132	0.0386363752	0.0418786518	-0.0232042715	-0.0504293264	0.004621281	0.0521322486	0.0145892291	-0.0467561802	-0.0318186811	0.0350311327	0.0447275033	-0.0185492395	-0.0515628185	-0.0004514381	0.0513964655	0.0193908153	-0.0442510332	-0.0356971313	0.0099076619	-0.0369906903	-0.0048664829	-0.0255836746	0.0227304965	-0.0435209284	-0.0324822124	0	0	0	0	0	0	0	0	0	0	0	0	0	0	0	0	0	0	0	0	0	0	0	0	0	0	0	0	0	0	0	0	0	0	0	0	0	0	0	0	0	0	0	0	0	0	0	0	0	0	0	0	0	0	0	0	0	0	0	0	0	0	0	0	0	0	0.189742068857721	0.034592347332535	0.448081059024295	-1.68540061352814
-0.141963	0.335143	0.248384	0.0153033	-0.00304699	0.0021408	0.004133	0.041039	0.1571545	-0.001302	-0.0003182	0.0001119	0.2889315	0.0094286395	-0.0489837722	-0.0270638244	0.0392402281	0.0411911291	-0.024410558	-0.0499794418	0.0064169112	0.0522896643	0.0124084642	-0.0478223571	-0.0296255153	0.0371565505	0.0430026525	-0.021674694	-0.0508059967	0.0033834701	0.0520241169	0.0153463027	-0.0464991262	-0.0320869629	-0.0019485801	-0.0324614621	-0.0119225263	0.0022783684	-0.0015227449	-0.0009336284	-0.0003595993	0	0	0	0	0	0	0	0	0	0	0	0	0	0	0	0	0	0	0	0	0	0	0	0	0	0	0	0	0	0	0	0	0	0	0	0	0	0	0	0	0	0	0	0	0	0	0	0	0	0	0	0	0	0	0	0	0	0	0	0	0	0	0	0	0	0	0.377963014643388	0.574183758539993	0.448081059024295	0.592443852028073
-0.137083	0.390208	0.262703	0.0147175	-0.00273468	0.00218475	0.00488000000000002	0.055065	0.014319	-0.000585799999999997	0.00031231	4.39500000000001e-05	0.121367	0.009206518	-0.0491418251	-0.0264818121	0.0398324213	0.0404844828	-0.0256005252	-0.0494840794	0.0082049152	0.0523684314	0.0102046586	-0.0487810905	-0.0273531403	0.0391653804	0.0411213197	-0.024709611	-0.0498077248	0.0072002268	0.0523388891	0.0111989617	-0.0484020114	-0.028214182	-0.0032582011	-0.0259915153	0.0117654136	-0.0051009936	-0.0012322228	0.0073310099	0.0301891123	0	0	0	0	0	0	0	0	0	0	0	0	0	0	0	0	0	0	0	0	0	0	0	0	0	0	0	0	0	0	0	0	0	0	0	0	0	0	0	0	0	0	0	0	0	0	0	0	0	0	0	0	0	0	0	0	0	0	0	0	0	0	0	0	0	0	0.00328474131936	0.068153054469991	-2.22840312389761	0.592443852028073
-0.157785	0.39844	0.328424	0.014607	-0.00287629	0.00180218	-0.020702	0.00823200000000002	0.065721	-0.000110500000000003	-0.00014161	-0.00038257	0.126389	0.0089842256	-0.0492962274	-0.0258953737	0.0404127789	0.0397590408	-0.0267733776	-0.04894369	0.009983168	0.0523684314	0.0079819045	-0.0496302266	-0.0250076315	0.0410513194	0.039090351	-0.0276413132	-0.0485727468	0.0109783563	0.0523388891	0.0069765817	-0.0499455618	-0.024110485	-0.0096332277	-0.0274447776	0.0001580241	-0.0076232534	0.0042750809	-0.0210907707	-0.0351277195	0	0	0	0	0	0	0	0	0	0	0	0	0	0	0	0	0	0	0	0	0	0	0	0	0	0	0	0	0	0	0	0	0	0	0	0	0	0	0	0	0	0	0	0	0	0	0	0	0	0	0	0	0	0	0	0	0	0	0	0	0	0	0	0	0	0	0.286327719609278	-0.215962253692848	-2.22840312389761	0.592443852028073
-0.158105	0.447277	0.33887	0.0146524	-0.00285817	0.00194448	-0.000320000000000015	0.048837	0.010446	4.5400000000001e-05	1.81199999999999e-05	0.0001423	0.0698939999999999	0.0087617663	-0.0494469678	-0.025304607	0.0409811285	0.03901514	-0.0279283311	-0.0483587652	0.0117495564	0.0522896643	0.0057443291	-0.0503678575	-0.0225952602	0.0428084497	0.0369171367	-0.0304575546	-0.0471069319	0.0146975897	0.0520241169	0.0027074549	-0.0511183183	-0.0198094581	-0.0099835814	-0.0306352123	0.0190522408	0.000279805	-0.0104167108	0.0214708372	0.0438117746	0	0	0	0	0	0	0	0	0	0	0	0	0	0	0	0	0	0	0	0	0	0	0	0	0	0	0	0	0	0	0	0	0	0	0	0	0	0	0	0	0	0	0	0	0	0	0	0	0	0	0	0	0	0	0	0	0	0	0	0	0	0	0	0	0	0	0.526242159178268	1.40525729248441	-2.22840312389761	0.592443852028073
-0.148361	0.41272	0.428388	0.0140145	-0.00322107	0.00216257	0.009744	-0.0345570000000001	0.089518	-0.000637899999999999	-0.0003629	0.00021809	0.1947635	0.0085391442	-0.049594035	-0.024709611	0.0415373011	0.0382531258	-0.0290646136	-0.0477298374	0.0135019809	0.0521322486	0.0034960873	-0.050992326	-0.0201224762	0.044431258	0.034609585	-0.0331465714	-0.0454172463	0.0183379745	0.0513964655	-0.0015798132	-0.0519115742	-0.0153463027	-0.0245196011	-0.0220021294	-0.0042519044	0.0066920323	-0.0215929434	0.0293651814	0.0184467879	0	0	0	0	0	0	0	0	0	0	0	0	0	0	0	0	0	0	0	0	0	0	0	0	0	0	0	0	0	0	0	0	0	0	0	0	0	0	0	0	0	0	0	0	0	0	0	0	0	0	0	0	0	0	0	0	0	0	0	0	0	0	0	0	0	0	0.364999664204204	1.11347483946278	-2.22840312389761	0.592443852028073
-0.137489	0.400296	0.344628	0.0126712	-0.00312631	0.00199778	0.010872	-0.012424	-0.0837599999999999	-0.0013433	9.47599999999997e-05	-0.00016479	0.1871985	0.0083163637	-0.0497374181	-0.024110485	0.0420811315	0.0374733519	-0.0301814655	-0.0470574788	0.015238359	0.051896421	0.0012413539	-0.051502229	-0.0175958911	0.0459146523	0.0321760928	-0.0356971313	-0.0435117199	0.0218799809	0.0504597097	-0.0058564958	-0.0523194405	-0.010757547	-0.0033175182	-0.02568021	0.0099288864	-5.51099e-05	0.0131446375	-0.0109850495	-0.0114817553	0	0	0	0	0	0	0	0	0	0	0	0	0	0	0	0	0	0	0	0	0	0	0	0	0	0	0	0	0	0	0	0	0	0	0	0	0	0	0	0	0	0	0	0	0	0	0	0	0	0	0	0	0	0	0	0	0	0	0	0	0	0	0	0	0	0	0.391158509476405	1.04054288142998	0.448081059024295	-1.68540061352814
-0.19043	0.289438	0.491622	0.00202769	-0.00273075	-0.00115629	-0.052941	-0.110858	0.146994	-0.01064351	0.00039556	-0.00315407	1.02045	0.0080934286	-0.0498771065	-0.0235073292	0.0426124582	0.0366761804	-0.03127814	-0.0463423012	0.0169566271	0.0515825363	-0.0010156846	-0.051896421	-0.0150222601	0.0472539781	0.0296255153	-0.0380985803	-0.0413994086	0.025304607	0.0492194833	-0.0100939368	-0.0523388891	-0.0060807472	0.0286253555	0.0256755768	-0.0197521184	-0.000395603	-0.017490309	-0.0417111136	-2.9546e-05	0	0	0	0	0	0	0	0	0	0	0	0	0	0	0	0	0	0	0	0	0	0	1	0	0	0	0	0	0	0	0	0	0	0	0	0	0	0	0	0	0	0	0	0	0	0	0	0	0	0	0	0	0	0	0	0	0	0	0	0	0	0	0	0	0	0	0.564675330571785	0.332119155986737	0.448081059024295	0.592443852028073
-0.146566	0.365497	0.621548	0.00107547	-0.00368316	-0.000780806	0.043864	0.0760589999999999	0.129926	-0.00095222	-0.00095241	0.000375484	0.3638547	0.0078703433	-0.0500130897	-0.0229002443	0.0431311232	0.0358619813	-0.032353904	-0.0455849554	0.018654743	0.0511910666	-0.0032708371	-0.0521740164	-0.0124084642	0.0484450328	0.0269671338	-0.0403408874	-0.039090351	0.0285934806	0.0476832451	-0.014263743	-0.0519697758	-0.0013541801	0.0121248097	0.0377410996	-0.0059457327	-0.0075651407	-0.0023875956	-0.0024770028	0.0282749945	0	0	0	0	0	0	0	0	0	0	0	0	0	0	0	0	0	0	0	0	0	0	0	0	0	0	0	0	0	0	0	0	0	0	0	0	0	0	0	0	0	0	0	0	0	0	0	0	0	0	0	0	0	0	0	0	0	0	0	0	0	0	0	0	0	0	-0.040004014077632	0.484958900908923	0.448081059024295	-1.68540061352814
-0.124665	0.408157	0.731976	0.00400191	-0.00447504	-0.000612766	0.021901	0.04266	0.110428	0.00292644	-0.00079188	0.00016804	0.369307	0.0076471118	-0.0501453577	-0.0222893319	0.0436369724	0.0350311327	-0.0334080384	-0.0447861304	0.0203306886	0.0507226006	-0.0055199161	-0.0523343914	-0.0097614921	0.0494840794	0.0242106219	-0.0424146861	-0.0365955205	0.0317289578	0.0458602343	-0.0183379745	-0.0512148408	0.0033834701	-0.0124345858	0.0325447541	-0.0187341183	0.0107596561	0.0113214852	-0.0023720499	-0.0258354031	0	0	0	0	0	0	0	0	0	0	0	0	0	0	0	0	0	0	0	0	0	0	0	0	0	0	0	0	0	0	0	0	0	0	0	0	0	0	0	0	0	0	0	0	0	0	0	0	0	0	0	0	0	0	0	0	0	0	0	0	0	0	0	0	0	0	0.90252229056028	1.52368745037733	-2.22840312389761	-1.68540061352814
-0.113683	0.389586	0.764203	0.004515	-0.00525869	-0.000545158	0.010982	-0.018571	0.032227	0.00051309	-0.00078365	6.76079999999999e-05	0.1299974	0.0074237382	-0.0502739006	-0.021674694	0.0441298556	0.0341840202	-0.0344398384	-0.0439465533	0.0219824722	0.050177843	-0.0077587455	-0.0523771858	-0.0070884207	0.0503678575	0.0213660101	-0.044311314	-0.0339267737	0.0346942175	0.0437614146	-0.0222893319	-0.0500796887	0.0080934286	-0.0170853287	0.0334715218	-0.0024977415	0.0037834825	0.0033288188	0.0051159515	-0.0236813831	0	0	0	0	0	0	0	0	0	0	0	0	0	0	0	0	0	0	0	0	0	0	0	0	0	0	0	0	0	0	0	0	0	0	0	0	0	0	0	0	0	0	0	0	0	0	0	0	0	0	0	0	0	0	0	0	0	0	0	0	0	0	0	0	0	0	0.460636671708085	1.74516097611503	-2.22840312389761	0.592443852028073
-0.124538	0.391221	0.764193	0.00409749	-0.00476423	-0.000421032	-0.010855	0.001635	-9.99999999984347e-06	-0.00041751	0.00049446	0.000124126	0.0643047999999999	0.0072002268	-0.0503987089	-0.0210564335	0.0446096262	0.0333210373	-0.0354486142	-0.0430669878	0.0236081307	0.0495576132	-0.009983168	-0.0523023033	-0.0043963972	0.051093594	0.0184436498	-0.0460228486	-0.0310967934	0.0374733519	0.0413994086	-0.0260913389	-0.0485727468	0.0127371473	-0.016844847	0.0335143937	-0.0213959725	0.0222505338	-0.0138935841	0.030283461	0.0254534192	0	0	0	0	0	0	0	0	0	0	0	0	0	0	0	0	0	0	0	0	0	0	0	0	0	0	0	0	0	0	0	0	0	0	0	0	0	0	0	0	0	0	0	0	0	0	0	0	0	0	0	0	0	0	0	0	0	0	0	0	0	0	0	0	0	0	0.178882218285006	1.95058300463581	-2.22840312389761	-1.68540061352814
-0.125288	0.373055	0.741997	0.00449197	-0.00517282	-0.000474371	-0.000750000000000001	-0.018166	-0.022196	0.00039448	-0.00040859	-5.3339e-05	0.0839324499999999	0.0069765817	-0.0505197734	-0.0204346535	0.0450761418	0.0324425845	-0.0364336915	-0.0421482344	0.0252057321	0.048862844	-0.0121890533	-0.0521099123	-0.0016926191	0.0516590118	0.015454175	-0.0475421407	-0.0281190288	0.0400514517	0.0387884217	-0.0297185201	-0.0467052026	0.01727662	-0.0188091181	0.0303711579	0.0017295059	0.0008957411	0.0079798707	0.0182753236	-0.0044767936	0	0	0	0	0	0	0	0	0	0	0	0	0	0	0	0	0	0	0	0	0	0	0	0	0	0	0	0	0	0	0	0	0	0	0	0	0	0	0	0	0	0	0	0	0	0	0	0	0	0	0	0	0	0	0	0	0	0	0	0	0	0	0	0	0	0	0.309736641663033	1.9672155517358	0.448081059024295	-1.68540061352814
-0.115529	0.425055	0.827008	0.00424329	-0.00555915	-0.000247444	0.00975900000000002	0.052	0.0850109999999998	-0.000248679999999999	-0.00038633	0.000226927	0.18986685	0.006752807	-0.050637085	-0.0198094581	0.0455292636	0.0315490697	-0.0373944116	-0.0411911291	0.0267733776	0.0480945804	-0.0143723053	-0.0518004449	0.0010156846	0.0520623368	0.0124084642	-0.048862844	-0.0250076315	0.0424146861	0.0359441567	-0.0331465714	-0.0444909208	0.021674694	-0.0266518068	0.0403949716	-0.0201843596	0.0124486528	-0.0071411591	0.0086882382	-0.034904318	0	0	0	0	0	0	0	0	0	0	0	0	0	0	0	0	0	0	0	0	0	0	0	0	0	0	0	0	0	0	0	0	0	0	0	0	0	0	0	0	0	0	0	0	0	0	0	0	0	0	0	0	0	0	0	0	0	0	0	0	0	0	0	0	0	0	0.192717653714324	2.52199618150471	0.448081059024295	-1.68540061352814
-0.114586	0.369535	0.794483	0.0045005	-0.00529876	-0.000471659	0.000942999999999999	-0.05552	-0.0325249999999999	0.00025721	0.00026039	-0.000224215	0.12607875	0.0065289069	-0.050750635	-0.0191809517	0.0459688572	0.0306409077	-0.0383301323	-0.0401965428	0.0283092043	0.0472539781	-0.01652887	-0.0513745965	0.0037212726	0.0523023033	0.0093176004	-0.0499794418	-0.021777388	0.0445503769	0.0328837193	-0.036352523	-0.0419463399	0.0258953737	-0.0244583523	0.0292104615	-0.0025212327	0.0043898491	0.0004417347	0.020708408	-0.0122605403	0	0	0	0	0	0	0	0	0	0	0	0	0	0	0	0	0	0	0	0	0	0	0	0	0	0	0	0	0	0	0	0	0	0	0	0	0	0	0	0	0	0	0	0	0	0	0	0	0	0	0	0	0	0	0	0	0	0	0	0	0	0	0	0	0	0	0.312200088821004	3.1608661221228	-2.22840312389761	0.592443852028073
-0.122476	0.411817	0.843751	0.00461653	-0.00533699	-0.00049907	-0.00789000000000001	0.042282	0.0492680000000001	0.00011603	-3.82300000000002e-05	-2.7411e-05	0.10852355	0.0063048856	-0.050860415	-0.0185492395	0.0463947917	0.0297185201	-0.0392402281	-0.0391653804	0.0298113868	0.0463423012	-0.018654743	-0.0508333239	0.0064169112	0.0523781585	0.0061928308	-0.0508872699	-0.0184436498	0.0464470668	0.0296255153	-0.0393148935	-0.039090351	0.0299041152	-0.031840831	0.0329215072	-0.0255130154	0.03457789	-0.0175732225	0.0352114551	0.0195682568	0	0	0	0	0	0	0	0	0	0	0	0	0	0	0	0	0	0	0	0	0	0	0	0	0	0	0	0	0	0	0	0	0	0	0	0	0	0	0	0	0	0	0	0	0	0	0	0	0	0	0	0	0	0	0	0	0	0	0	0	0	0	0	0	0	0	0.439097870316359	3.34332397412476	-2.22840312389761	0.592443852028073
-0.1152	0.381266	0.801245	0.0047071	-0.00546773	-0.000397822	0.007276	-0.030551	-0.0425060000000001	9.05700000000008e-05	-0.00013074	0.000101248	0.0964609	0.0060807472	-0.0509664168	-0.0179144269	0.0468069407	0.0287823352	-0.0401240904	-0.0380985803	0.03127814	0.0453609212	-0.0207459769	-0.050177843	0.0090953929	0.0522896643	0.0030455261	-0.0515825363	-0.0150222601	0.0480945804	0.02618914	-0.0420138333	-0.0359441567	0.0336681095	-0.0301708405	0.0303900933	0.0013288846	-0.0019066295	0.006356175	0.0338939932	-0.0087187301	0	0	0	0	0	0	0	0	0	0	0	0	0	0	0	0	0	0	0	0	0	0	0	0	0	0	0	0	0	0	0	0	0	0	0	0	0	0	0	0	0	0	0	0	0	0	0	0	0	0	0	0	0	0	0	0	0	0	0	0	0	0	0	0	0	0	1.00193349667987	1.1836521362862	0.448081059024295	-1.68540061352814
-0.105091	0.434688	0.904449	0.0045329	-0.0058821	-0.000213034	0.010109	0.053422	0.103204	-0.000174200000000001	-0.000414370000000001	0.000184788	0.2054029	0.0058564958	-0.0510686325	-0.01727662	0.0472051818	0.0278327876	-0.0409811285	-0.0369971132	0.0327077205	0.044311314	-0.0227986886	-0.0494096266	0.0117495564	0.0520370985	-0.0001128608	-0.0520623368	-0.0115294786	0.0494840794	0.0225952602	-0.044431258	-0.0325311144	0.0371565505	-0.0409182546	0.040629487	-0.0238565765	0.0267657617	0.0008996559	0.0187905432	-0.0568509297	0	0	0	0	0	0	0	0	0	0	0	0	0	0	0	0	0	0	0	0	0	0	0	0	0	0	0	0	0	0	0	0	0	0	0	0	0	0	0	0	0	0	0	0	0	0	0	0	0	0	0	0	0	0	0	0	0	0	0	0	0	0	0	0	0	0	0.846174178199526	0.782207368106743	0.448081059024295	-1.68540061352814
-0.114356	0.39973	0.859726	0.00492336	-0.0056039	-8.02443e-05	-0.00926500000000005	-0.034958	-0.044723	0.000390460000000001	0.000278200000000001	0.0001327897	0.129018485	0.0056321357	-0.0511670547	-0.0166359256	0.0475893965	0.0268703181	-0.0418107693	-0.0358619813	0.0340984296	0.0431950583	-0.0248090665	-0.0485304007	0.0143723053	0.0516212534	-0.0032708371	-0.052324667	-0.0079819045	0.0506081094	0.0188654898	-0.0465509697	-0.0288765622	0.0403408874	-0.0372131158	0.027604522	0.0075413077	0.0045405683	-0.0036684602	0.0486172037	0.0073664653	0	0	0	0	0	0	0	0	0	0	0	0	0	0	0	0	0	0	0	0	0	0	0	0	0	0	0	0	0	0	0	0	0	0	0	0	0	0	0	0	0	0	0	0	0	0	0	0	0	0	0	0	0	0	0	0	0	0	0	0	0	0	0	0	0	0	1.18169413760196	1.27348558861536	0.448081059024295	-1.68540061352814
-0.116994	0.448407	0.899563	0.00442829	-0.00564993	8.09645e-06	-0.00263799999999995	0.0486769999999999	0.0398369999999999	-0.00049507	-4.60300000000007e-05	8.834075e-05	0.1226240375	0.005407671	-0.0512616758	-0.0159924506	0.0479594708	0.0258953737	-0.0426124582	-0.0346942175	0.0354486142	0.0420138333	-0.0267733776	-0.0475421407	0.0169566271	0.051043434	-0.0064169112	-0.0523684314	-0.0043963972	0.0514606403	0.0150222601	-0.0483587652	-0.0250076315	0.0431950583	-0.0421909425	0.0325639531	-0.0235425716	0.0445577858	-0.0155803623	0.0404095746	0.0014531302	0	0	0	0	0	0	0	0	0	0	0	0	0	0	0	0	0	0	0	0	0	0	0	0	0	0	0	0	0	0	0	0	0	0	0	0	0	0	0	0	0	0	0	0	0	0	0	0	0	0	0	0	0	0	0	0	0	0	0	0	0	0	0	0	0	0	1.0206668083759	1.68796137852359	0.448081059024295	-1.68540061352814
-0.100921	0.405544	0.915399	0.00438933	-0.00591735	-9.39046e-05	0.016073	-0.0428629999999999	0.0158360000000001	-3.89599999999993e-05	-0.00026742	-0.00010200105	0.0951910524999999	0.0051831058	-0.051352489	-0.0153463027	0.0483152946	0.0249084068	-0.0433856593	-0.0334948844	0.0367566699	0.0407694154	-0.0286879745	-0.0464470668	0.0194956122	0.0503054532	-0.0095396348	-0.0521934471	-0.0007899965	0.0520370985	0.0110886847	-0.0498425313	-0.0209530451	0.0456957037	-0.0445299095	0.0341221323	0.021688346	0.0003274734	0.0238125103	0.0327362292	-0.0367831351	0	0	0	0	0	0	0	0	0	0	0	0	0	0	0	0	0	0	0	0	0	0	0	0	0	0	0	0	0	0	0	0	0	0	0	0	0	0	0	0	0	0	0	0	0	0	0	0	0	0	0	0	0	0	0	0	0	0	0	0	0	0	0	0	0	0	0.938652848877192	2.16671964871015	0.448081059024295	-1.68540061352814
-0.100196	0.4386	0.922401	0.00394997	-0.00614676	-0.000110571	0.000724999999999989	0.033056	0.00700200000000006	-0.000439360000000001	-0.00022941	-1.66664e-05	0.0750548200000001	0.0049584444	-0.0514394875	-0.0146975897	0.0486567622	0.0239098759	-0.0441298556	-0.0322650733	0.0380210421	0.0394636764	-0.030549302	-0.0452476394	0.0219824722	0.0494096266	-0.0126276447	-0.0518004449	0.0028201586	0.0523343914	0.0070884207	-0.050992326	-0.016742904	0.0478223571	-0.0431506673	0.0303337217	-0.0430856133	0.0632578072	-0.0092994343	0.0354155258	-0.0351738081	0	0	0	0	0	0	0	0	0	0	0	0	0	0	0	0	0	0	0	0	0	0	0	0	0	0	0	0	0	0	0	0	0	0	0	0	0	0	0	0	0	0	0	0	0	0	0	0	0	0	0	0	0	0	0	0	0	0	0	0	0	0	0	0	0	0	0.651195113969962	2.20846051446211	0.448081059024295	-1.68540061352814
-0.0999928	0.421765	0.898414	0.00487337	-0.00595608	-7.64382e-05	0.000203200000000014	-0.016835	-0.0239870000000001	0.0009234	0.00019068	3.41328e-05	0.09843584	0.0047336909	-0.0515226647	-0.0140464202	0.0489837722	0.0229002443	-0.0448445497	-0.0310059033	0.0392402281	0.0380985803	-0.032353904	-0.0439465533	0.024410558	0.0483587652	-0.015669704	-0.0511910666	0.0064169112	0.0523509242	0.0030455261	-0.0518004449	-0.0124084642	0.0495576132	-0.0451705223	0.0230431659	0.0434554465	-0.0091026074	0.0189303153	0.0711428074	0.0193845577	0	0	0	0	0	0	0	0	0	0	0	0	0	0	0	0	0	0	0	0	0	0	0	0	0	0	0	0	0	0	0	0	0	0	0	0	0	0	0	0	0	0	0	0	0	0	0	0	0	0	0	0	0	0	0	0	0	0	0	0	0	0	0	0	0	0	0.711571487228506	1.89449481854033	0.448081059024295	0.592443852028073
-0.0922815	0.411788	0.853003	0.00408665	-0.00595608	-5.5973e-05	0.00771129999999999	-0.00997699999999996	-0.0454110000000001	-0.00078672	0	2.04652e-05	0.10345856	0.0045088495	-0.0516020147	-0.013392903	0.0492962274	0.0218799809	-0.0455292636	-0.0297185201	0.0404127789	0.0366761804	-0.0340984296	-0.0425467316	0.0267733776	0.0471561663	-0.018654743	-0.0503678575	0.009983168	0.0520866082	-0.0010156846	-0.0522614734	-0.0079819045	0.0508872699	-0.0404837731	0.016047707	-0.0816799437	0.091050481	-0.0410133566	0.0540901311	-0.0114627555	0	0	0	0	0	0	0	0	0	0	0	0	0	0	0	0	0	0	0	0	0	0	0	0	0	0	0	0	0	0	0	0	0	0	0	0	0	0	0	0	0	0	0	0	0	0	0	0	0	0	0	0	0	0	0	0	0	0	0	0	0	0	0	0	0	0	0.858641443477951	1.47053686271855	-2.22840312389761	-1.68540061352814
0.370923	0.249504	0.657374	-0.000353299	-0.00305484	-0.00592164	0.4632045	-0.162284	-0.195629	-0.004439949	0.00290124	-0.005865667	1.4814603	0.0042839244	-0.0516775313	-0.0127371473	0.049594035	0.0208495594	-0.0461835398	-0.0284040951	0.0415373011	0.0351986159	-0.0357796393	-0.0410513194	0.0290646136	0.0458056033	-0.0215718994	-0.0493342563	0.0135019809	0.0515428613	-0.0050707869	-0.0523723222	-0.0034960873	0.0518004449	0.0040764403	0.0115884145	0.2628473555	-0.2238614033	0.0957428837	0.0919842009	0.0781167413	0	0	0	0	0	0	0	0	0	0	0	0	0	0	0	0	0	0	0	0	0	0	0	1	0	0	0	0	0	0	0	0	0	0	0	0	0	0	0	0	0	0	0	0	0	0	0	0	0	0	0	0	0	0	0	0	0	0	0	0	0	0	0	0	0	0	0.788815373358171	1.71233461467421	-2.22840312389761	-1.68540061352814
0.17291	-0.724256	-0.775647	-0.0316731	-0.00224039	-0.00314951	-0.198013	-0.97376	-1.433021	-0.031319801	0.00081445	0.00277213	4.35011305	0.0040589197	-0.0517492091	-0.0120792627	0.0498771065	0.0198094581	-0.0468069407	-0.0270638244	0.0426124582	0.0336681095	-0.0373944116	-0.0394636764	0.03127814	0.044311314	-0.024410558	-0.0480945804	0.0169566271	0.0507226006	-0.0090953929	-0.0521322486	0.0010156846	0.0522896643	0.0663605744	-0.0371885658	0.162127073	-0.0703970037	0.173377936	-0.1761537122	-0.1137504554	0	0	0	0	0	0	0	0	0	0	0	0	0	0	0	0	0	0	0	0	0	0	0	0	1	0	0	0	0	0	0	0	0	0	0	0	0	0	0	0	0	0	0	0	0	0	0	0	0	0	0	0	0	0	0	0	0	0	0	0	0	0	0	0	0	0	0.77935981114656	2.00480964764758	-2.22840312389761	-1.68540061352814
0.0111717	0.320134	0.0427224	-0.00829149	-0.000751409	-0.00148992	-0.1617383	1.04439	0.8183694	0.02338161	0.001488981	0.00165959	3.35100675	0.0038338396	-0.0518170426	-0.0114193591	0.0501453577	0.0187601599	-0.0473990497	-0.0256989275	0.0436369724	0.0320869629	-0.0389397479	-0.0377873696	0.0334080384	0.042677987	-0.0271603893	-0.0466540082	0.0203306886	0.0496302266	-0.0130652981	-0.0515428613	0.0055199161	0.0523509242	0.0656584681	-0.0104974551	-0.1394035538	0.1158499702	-0.4344051275	-0.0175239871	-0.0776917964	0	0	0	0	0	0	0	0	0	0	0	0	0	0	0	0	0	0	0	0	0	0	0	0	0	1	0	0	0	0	0	0	0	0	0	0	0	0	0	0	0	0	0	0	0	0	0	0	0	0	0	0	0	0	0	0	0	0	0	0	0	0	0	0	0	0	0.604480993953314	1.4856865888472	0.448081059024295	0.592443852028073
0.00293615	0.333713	0.188582	-0.00664551	-0.000739316	-0.000237786	-0.00823555	0.013579	0.1458596	0.00164598	1.2093e-05	0.001252134	0.3131845	0.0036086884	-0.051881027	-0.010757547	0.0503987089	0.017702152	-0.0479594708	-0.0243106464	0.0446096262	0.0304575546	-0.0404127789	-0.0360261653	0.0354486142	0.0409107473	-0.0298113868	-0.045018557	0.0236081307	0.0482715996	-0.0169566271	-0.0506081094	0.009983168	0.0519837232	0.0529056789	-0.0049664481	0.0259792556	-0.1313491613	0.0498713285	-0.0898410312	0.0230022425	0	0	0	0	0	0	0	0	0	0	0	0	0	0	0	0	0	0	0	0	0	0	0	0	0	0	0	0	0	0	0	0	0	0	0	0	0	0	0	0	0	0	0	0	0	0	0	0	0	0	0	0	0	0	0	0	0	0	0	0	0	0	0	0	0	0	0.662517092411786	1.05635952514153	0.448081059024295	-1.68540061352814
0.0232849	0.282147	0.226338	-0.00774436	-0.00125011	1.36312e-05	0.02034875	-0.0515660000000001	0.037756	-0.00109885	-0.000510794	0.0002514172	0.20272381	0.0033834701	-0.0519411573	-0.0100939368	0.050637085	0.0166359256	-0.0484878293	-0.0229002443	0.0455292636	0.0287823352	-0.0418107693	-0.0341840202	0.0373944116	0.03901514	-0.032353904	-0.0431950583	0.0267733776	0.0466540082	-0.0207459769	-0.0493342563	0.0143723053	0.0511910666	0.0551804649	-0.011895935	-0.0698768215	0.0258698527	-0.1060822282	-0.0937772441	-0.0339992029	0	0	0	0	0	0	0	0	0	0	0	0	0	0	0	0	0	0	0	0	0	0	0	0	0	0	0	0	0	0	0	0	0	0	0	0	0	0	0	0	0	0	0	0	0	0	0	0	0	0	0	0	0	0	0	0	0	0	0	0	0	0	0	0	0	0	0.287347981872072	1.53106728033704	0.448081059024295	0.592443852028073
0.038301	0.299135	0.311544	-0.00696959	-0.000916202	0.000796923	0.0150161	0.016988	0.085206	0.000774769999999998	0.000333908	0.0007832918	0.21180859	0.003158189	-0.0519974292	-0.0094286395	0.050860415	0.0155619757	-0.0489837722	-0.0214690046	0.0463947917	0.0270638244	-0.0431311232	-0.0322650733	0.0392402281	0.0369971132	-0.0347786889	-0.0411911291	0.0298113868	0.0447861304	-0.024410558	-0.0477298374	0.018654743	0.0499794418	0.0485214134	-0.0080019305	-0.0131005874	-0.0745623113	-0.0101043716	-0.0643938103	0.0718251391	0	0	0	0	0	0	0	0	0	0	0	0	0	0	0	0	0	0	0	0	0	0	0	0	0	0	0	0	0	0	0	0	0	0	0	0	0	0	0	0	0	0	0	0	0	0	0	0	0	0	0	0	0	0	0	0	0	0	0	0	0	0	0	0	0	0	-0.207615970857514	2.1057143754334	-2.22840312389761	0.592443852028073
0.0589309	0.233294	0.340669	-0.00753737	-0.00146021	0.0010204	0.0206299	-0.065841	0.029125	-0.00056778	-0.000544008	0.000223477	0.18235915	0.0029328492	-0.0520498384	-0.0087617663	0.0510686325	0.0144808008	-0.0494469678	-0.0200182296	0.0472051818	0.025304607	-0.044371389	-0.0302736359	0.0409811285	0.0348629988	-0.0370769179	-0.03901514	0.0327077205	0.042677987	-0.0279283311	-0.0458056033	0.0227986886	0.0483587652	0.0446202205	-0.0040667689	-0.0587450614	0.0212888831	-0.0854299884	-0.0437466684	0.0391792689	0	0	0	0	0	0	0	0	0	0	0	0	0	0	0	0	0	0	0	0	0	0	0	0	0	0	0	0	0	0	0	0	0	0	0	0	0	0	0	0	0	0	0	0	0	0	0	0	0	0	0	0	0	0	0	0	0	0	0	0	0	0	0	0	0	0	-0.420886593288992	1.27623200270375	-2.22840312389761	0.592443852028073
0.0543165	0.166152	0.361246	-0.00918657	-0.00154883	0.000629825	-0.0046144	-0.067142	0.020577	-0.0016492	-8.862e-05	-0.000390575	0.19875315	0.0027074549	-0.0520983812	-0.0080934286	0.0512616758	0.013392903	-0.0498771065	-0.0185492395	0.0479594708	0.0235073292	-0.0455292636	-0.028214182	0.0426124582	0.0326194932	-0.0392402281	-0.0366761804	0.0354486142	0.0403408874	-0.03127814	-0.0435744473	0.0267733776	0.0463423012	0.051674189	0.0018509874	-0.0157862229	-0.0641501457	0.0008424389	-0.083817001	0.0094314706	0	0	0	0	0	0	0	0	0	0	0	0	0	0	0	0	0	0	0	0	0	0	0	0	0	0	0	0	0	0	0	0	0	0	0	0	0	0	0	0	0	0	0	0	0	0	0	0	0	0	0	0	0	0	0	0	0	0	0	0	0	0	0	0	0	0	-0.645366517694542	1.11717874025394	-2.22840312389761	-1.68540061352814
0.0588495	0.101239	0.26011	-0.0084118	-0.00137352	0.000442344	0.004533	-0.064913	-0.101136	0.000774770000000001	0.00017531	-0.000187481	0.22746005	0.0024820104	-0.0521430537	-0.0074237382	0.0514394875	0.0122987873	-0.0502739006	-0.0170633708	0.0486567622	0.021674694	-0.0466025972	-0.0260913389	0.0441298556	0.0302736359	-0.0412607473	-0.0341840202	0.0380210421	0.0377873696	-0.0344398384	-0.0410513194	0.030549302	0.0439465533	0.052733199	-0.0246536355	-0.0534480066	-0.003935249	-0.054176394	-0.0743975334	0.0465924727	0	0	0	0	0	0	0	0	0	0	0	0	0	0	0	0	0	0	0	0	0	0	0	0	0	0	0	0	0	0	0	0	0	0	0	0	0	0	0	0	0	0	0	0	0	0	0	0	0	0	0	0	0	0	0	0	0	0	0	0	0	0	0	0	0	0	-0.770746099550436	1.01682895819905	-2.22840312389761	-1.68540061352814
0.0387226	0.164228	0.276387	-0.00767902	-0.00189744	0.000343964	-0.0201269	0.062989	0.016277	0.000732779999999999	-0.00052392	-9.838e-05	0.1671469	0.0022565198	-0.0521838529	-0.006752807	0.0516020147	0.0111989617	-0.050637085	-0.0155619757	0.0492962274	0.0198094581	-0.0475893965	-0.0239098759	0.0455292636	0.0278327876	-0.0431311232	-0.0315490697	0.0404127789	0.0350311327	-0.0373944116	-0.0382531258	0.0340984296	0.0411911291	0.0526527673	-0.0208789311	-0.0355378542	-0.0503011817	0.0033539585	-0.1155735524	0.0006150721	0	0	0	0	0	0	0	0	0	0	0	0	0	0	0	0	0	0	0	0	0	0	0	0	0	0	0	0	0	0	0	0	0	0	0	0	0	0	0	0	0	0	0	0	0	0	0	0	0	0	0	0	0	0	0	0	0	0	0	0	0	0	0	0	0	0	0.333931829369839	1.00630836938268	0.448081059024295	-1.68540061352814
0.0386791	0.247594	0.350757	-0.00828192	-0.00169443	0.000343964	-4.35000000000019e-05	0.083366	0.07437	-0.0006029	0.00020301	0	0.198075	0.0020309873	-0.0522207755	-0.0060807472	0.0517492091	0.0100939368	-0.0509664168	-0.0140464202	0.0498771065	0.0179144269	-0.0484878293	-0.021674694	0.0468069407	0.025304607	-0.0448445497	-0.0287823352	0.0426124582	0.0320869629	-0.0401240904	-0.0351986159	0.0373944116	0.0380985803	0.0483254061	-0.0196748687	-0.0535149385	-0.0061822865	-0.0306813513	-0.0706040222	-0.0115234564	0	0	0	0	0	0	0	0	0	0	0	0	0	0	0	0	0	0	0	0	0	0	0	0	0	0	0	0	0	0	0	0	0	0	0	0	0	0	0	0	0	0	0	0	0	0	0	0	0	0	0	0	0	0	0	0	0	0	0	0	0	0	0	0	0	0	0.466547710076611	1.03274759245491	0.448081059024295	0.592443852028073
0.031099	0.186949	0.392195	-0.0115458	-0.00147998	-0.000549261	-0.0075801	-0.060645	0.0414379999999999	-0.00326388	0.00021445	-0.000893225	0.32824085	0.001805417	-0.0522538189	-0.005407671	0.051881027	0.0089842256	-0.0512616758	-0.0125180835	0.0503987089	0.0159924506	-0.0492962274	-0.0193908153	0.0479594708	0.0226970271	-0.0463947917	-0.0258953737	0.0446096262	0.0289706552	-0.0426124582	-0.0319082567	0.0404127789	0.0346942175	0.0525683942	0.0028902606	-0.0089073412	-0.052585617	0.0031680241	-0.0933219866	0.0047550234	0	0	0	0	0	0	0	0	0	0	0	0	0	0	0	0	0	0	0	0	0	0	0	0	0	0	0	0	0	0	0	0	0	0	0	0	0	0	0	0	0	0	0	0	0	0	0	0	0	0	0	0	0	0	0	0	0	0	0	0	0	0	0	0	0	0	-1.03432568437382	1.16268246914451	0.448081059024295	0.592443852028073
0.0313475	0.720028	0.864726	0.00414915	-0.00236819	0.0013503	0.000248499999999999	0.533079	0.472531	0.01569495	-0.00088821	0.001899561	1.92999455	0.0015798132	-0.0522829807	-0.0047336909	0.0519974292	0.0078703433	-0.0515226647	-0.0109783563	0.050860415	0.0140464202	-0.0500130897	-0.0170633708	0.0489837722	0.0200182296	-0.0477762082	-0.0229002443	0.0463947917	0.0256989275	-0.0448445497	-0.0284040951	0.0431311232	0.0310059033	-0.0594681477	-0.022959401	0.0296598834	0.0442846357	0.0509169586	0.0761538301	-0.0160606847	0	0	0	0	0	0	0	0	0	0	0	0	0	0	0	0	0	0	0	0	0	0	0	0	0	0	1	0	0	0	0	0	0	0	0	0	0	0	0	0	0	0	0	0	0	0	0	0	0	0	0	0	0	0	0	0	0	0	0	0	0	0	0	0	0	0	0.668575690647668	1.25974013438548	0.448081059024295	0.592443852028073
0.0710742	0.557352	1.1879	0.00425988	-0.00409915	0.00106376	0.0397267	-0.162676	0.323174	0.00011073	-0.00173096	-0.00028654	0.6319882	0.0013541801	-0.0523082586	-0.0040589197	0.0520983812	0.006752807	-0.0517492091	-0.0094286395	0.0512616758	0.0120792627	-0.050637085	-0.0146975897	0.0498771065	0.01727662	-0.0489837722	-0.0198094581	0.0479594708	0.0222893319	-0.0468069407	-0.024709611	0.0455292636	0.0270638244	-0.1091861318	0.0001272087	0.0271478542	0.0629052658	0.0827672247	0.0596962789	-0.0030040771	0	0	0	0	0	0	0	0	0	0	0	0	0	0	0	0	0	0	0	0	0	0	0	0	0	0	0	0	0	0	0	0	0	0	0	0	0	0	0	0	0	0	0	0	0	0	0	0	0	0	0	0	0	0	0	0	0	0	0	0	0	0	0	0	0	0	0.452804576740054	1.30835272987039	0.448081059024295	-1.68540061352814
0.0359026	0.181971	0.802004	-0.0073908	-0.00337574	-0.000468511	-0.0351716	-0.375381	-0.385896	-0.01165068	0.00072341	-0.001532271	1.49176665	0.0011285219	-0.0523296507	-0.0033834701	0.0521838529	0.0056321357	-0.0519411573	-0.0078703433	0.0516020147	0.0100939368	-0.0511670547	-0.0122987873	0.050637085	0.0144808008	-0.0500130897	-0.0166359256	0.0492962274	0.0187601599	-0.0484878293	-0.0208495594	0.0475893965	0.0229002443	0.0144823359	-0.0012735807	-0.0396068183	0.0515186484	0.006954443	-0.0611020927	-0.0190509931	0	0	0	0	0	0	0	0	0	0	0	0	0	0	0	0	0	0	0	0	0	0	0	0	0	0	0	1	0	0	0	0	0	0	0	0	0	0	0	0	0	0	0	0	0	0	0	0	0	0	0	0	0	0	0	0	0	0	0	0	0	0	0	0	0	0	-0.026161478487333	1.26474042658616	0.448081059024295	0.592443852028073
0.0957809	0.302718	0.916769	-0.00358764	-0.00686397	-0.00205683	0.0598783	0.120747	0.114765	0.00380316	-0.00348823	-0.001588319	0.73937575	0.0009028426	-0.0523471556	-0.0027074549	0.0522538189	0.0045088495	-0.0520983812	-0.0063048856	0.051881027	0.0080934286	-0.0516020147	-0.009872353	0.0512616758	0.0116395445	-0.050860415	-0.013392903	0.0503987089	0.0151303447	-0.0498771065	-0.0168498047	0.0492962274	0.0185492395	-0.0230489353	-0.0031634672	-0.0290683262	0.0035416218	0.0883083666	0.0379500915	-0.0215250007	0	0	0	0	0	0	0	0	0	0	0	0	0	0	0	0	0	0	0	0	0	0	0	0	0	0	0	0	0	0	0	0	0	0	0	0	0	0	0	0	0	0	0	0	0	0	0	0	0	0	0	0	0	0	0	0	0	0	0	0	0	0	0	0	0	0	-0.187060696113068	0.550264446504144	0.448081059024295	0.592443852028073
0.120068	0.324547	0.941076	-0.00248435	-0.00945491	-0.00296904	0.0242871	0.021829	0.024307	0.00110329	-0.00259094	-0.00091221	0.3007451	0.0006771467	-0.0523607718	-0.0020309873	0.0523082586	0.0033834701	-0.0522207755	-0.0047336909	0.0520983812	0.0060807472	-0.0519411573	-0.0074237382	0.0517492091	0.0087617663	-0.0515226647	-0.0100939368	0.0512616758	0.0114193591	-0.0509664168	-0.0127371473	0.050637085	0.0140464202	-0.0289467992	-0.0099090777	0.0155325196	0.0264116858	0.0710118687	0.0043099639	-0.0570076717	0	0	0	0	0	0	0	0	0	0	0	0	0	0	0	0	0	0	0	0	0	0	0	0	0	0	0	0	0	0	0	0	0	0	0	0	0	0	0	0	0	0	0	0	0	0	0	0	0	0	0	0	0	0	0	0	0	0	0	0	0	0	0	0	0	0	1.01073738759443	0.913786235807169	0.448081059024295	0.592443852028073
-0.0371221	0.386433	0.60902	-0.00165461	-0.00401926	-0.000721517	-0.1571901	0.061886	-0.332056	0.00082974	0.00543565	0.002247523	0.97677775	0.0004514381	-0.0523704984	-0.0013541801	0.0523471556	0.0022565198	-0.0523082586	-0.003158189	0.0522538189	0.0040589197	-0.0521838529	-0.0049584444	0.0520983812	0.0058564958	-0.0519974292	-0.006752807	0.051881027	0.0076471118	-0.0517492091	-0.0085391442	0.0516020147	0.0094286395	-0.0047981758	-0.0563340597	0.0761917159	-0.0230631021	0.0705546927	0.0490315192	-0.0091745254	0	0	0	0	0	0	0	0	0	0	0	0	0	0	0	0	0	0	0	0	0	0	0	0	0	0	0	0	1	0	0	0	0	0	0	0	0	0	0	0	0	0	0	0	0	0	0	0	0	0	0	0	0	0	0	0	0	0	0	0	0	0	0	0	0	0	-1.34143481266227	0.221902281471177	0.448081059024295	0.592443852028073
-0.0416403	0.438098	1.01464	-0.00321661	-0.00778772	-0.00126447	-0.00451820000000001	0.051665	0.40562	-0.001562	-0.00376846	-0.000542953	0.75547385	0.0002257211	-0.0523763346	-0.0006771467	0.0523704984	0.0011285219	-0.0523607718	-0.0015798132	0.0523471556	0.0020309873	-0.0523296507	-0.0024820104	0.0523082586	0.0029328492	-0.0522829807	-0.0033834701	0.0522538189	0.0038338396	-0.0522207755	-0.0042839244	0.0521838529	0.0047336909	-0.03735612	-0.004679495	0.0341790931	0.0589386173	0.0011736812	0.1344173976	0.0134590151	0	0	0	0	0	0	0	0	0	0	0	0	0	0	0	0	0	0	0	0	0	0	0	0	0	0	0	0	0	0	0	0	0	0	0	0	0	0	0	0	0	0	0	0	0	0	0	0	0	0	0	0	0	0	0	0	0	0	0	0	0	0	0	0	0	0	0.24646618104785	0.128029342260445	0.448081059024295	0.592443852028073
-0.0434961	0.487174	1.12512	-0.00145659	-0.00794465	-0.00107192	-0.0018558	0.0490760000000001	0.11048	0.00176002	-0.00015693	0.00019255	0.2668868	0	-0.0523782801	0	0.0523782801	0	-0.0523782801	0	0.0523782801	0	-0.0523782801	0	0.0523782801	0	-0.0523782801	0	0.0523782801	0	-0.0523782801	0	0.0523782801	0	-0.0621459432	0.0102705521	0.0477797098	0.0417034156	0.0630095514	0.1414951971	-0.005597286	0	0	0	0	0	0	0	0	0	0	0	0	0	0	0	0	0	0	0	0	0	0	0	0	0	0	0	0	0	0	0	0	0	0	0	0	0	0	0	0	0	0	0	0	0	0	0	0	0	0	0	0	0	0	0	0	0	0	0	0	0	0	0	0	0	0	1.05352511858824	1.09850267727835	0.448081059024295	0.592443852028073
-0.0286436	0.487994	1.23203	-0.000451817	-0.00862149	-0.000865099	0.0148525	0.000819999999999987	0.10691	0.001004773	-0.000676840000000001	0.000206821	0.2170042	-0.0002257211	-0.0523763346	0.0006771467	0.0523704984	-0.0011285219	-0.0523607718	0.0015798132	0.0523471556	-0.0020309873	-0.0523296507	0.0024820104	0.0523082586	-0.0029328492	-0.0522829807	0.0033834701	0.0522538189	-0.0038338396	-0.0522207755	0.0042839244	0.0521838529	-0.0047336909	-0.0883646629	0.0461707479	0.0235939675	0.0630028115	0.0416444715	0.1292951487	-0.0532880168	0	0	0	0	0	0	0	0	0	0	0	0	0	0	0	0	0	0	0	0	0	0	0	0	0	0	0	0	0	0	0	0	0	0	0	0	0	0	0	0	0	0	0	0	0	0	0	0	0	0	0	0	0	0	0	0	0	0	0	0	0	0	0	0	0	0	-0.419419020884356	1.0850007714484	0.448081059024295	0.592443852028073
-0.0169783	0.394905	1.12053	-0.00481154	-0.00757698	-0.00121189	0.0116653	-0.093089	-0.1115	-0.004359723	0.00104451	-0.000346791	0.5038055	-0.0004514381	-0.0523704984	0.0013541801	0.0523471556	-0.0022565198	-0.0523082586	0.003158189	0.0522538189	-0.0040589197	-0.0521838529	0.0049584444	0.0520983812	-0.0058564958	-0.0519974292	0.006752807	0.051881027	-0.0076471118	-0.0517492091	0.0085391442	0.0516020147	-0.0094286395	-0.0441885779	0.0292407094	0.0345148179	0.0243456822	0.0665156633	0.108948448	-0.0200334782	0	0	0	0	0	0	0	0	0	0	0	0	0	0	0	0	0	0	0	0	0	0	0	0	0	0	0	0	0	0	0	0	0	0	0	0	0	0	0	0	0	0	0	0	0	0	0	0	0	0	0	0	0	0	0	0	0	0	0	0	0	0	0	0	0	0	0.109588351536197	1.47610506062564	0.448081059024295	0.592443852028073
-0.0233691	0.348226	0.951414	-0.00614364	-0.00663108	-0.00159643	-0.0063908	-0.046679	-0.169116	-0.0013321	0.000945899999999999	-0.00038454	0.3553128	-0.0006771467	-0.0523607718	0.0020309873	0.0523082586	-0.0033834701	-0.0522207755	0.0047336909	0.0520983812	-0.0060807472	-0.0519411573	0.0074237382	0.0517492091	-0.0087617663	-0.0515226647	0.0100939368	0.0512616758	-0.0114193591	-0.0509664168	0.0127371473	0.050637085	-0.0140464202	-0.0210122652	-0.0231409676	0.0048023205	0.0376744772	0.0502033338	0.0563158786	0.0004802704	0	0	0	0	0	0	0	0	0	0	0	0	0	0	0	0	0	0	0	0	0	0	0	0	0	0	0	0	0	0	0	0	0	0	0	0	0	0	0	0	0	0	0	0	0	0	0	0	0	0	0	0	0	0	0	0	0	0	0	0	0	0	0	0	0	0	-0.658156068541002	1.60699678006269	0.448081059024295	0.592443852028073
-0.0277406	0.340896	0.887862	-0.00572113	-0.00608655	-0.00083708	-0.0043715	-0.00733000000000006	-0.0635519999999999	0.00042251	0.000544530000000001	0.00075935	0.161573	-0.0009028426	-0.0523471556	0.0027074549	0.0522538189	-0.0045088495	-0.0520983812	0.0063048856	0.051881027	-0.0080934286	-0.0516020147	0.009872353	0.0512616758	-0.0116395445	-0.050860415	0.013392903	0.0503987089	-0.0151303447	-0.0498771065	0.0168498047	0.0492962274	-0.0185492395	-0.0161593618	-0.0354818731	0.0054394434	0.0099604036	0.0561774117	0.0870618202	0.0602743621	0	0	0	0	0	0	0	0	0	0	0	0	0	0	0	0	0	0	0	0	0	0	0	0	0	0	0	0	0	0	0	0	0	0	0	0	0	0	0	0	0	0	0	0	0	0	0	0	0	0	0	0	0	0	0	0	0	0	0	0	0	0	0	0	0	0	0.7856783370149	1.69604668251743	0.448081059024295	0.592443852028073
-0.033832	0.284942	0.602606	-0.0047295	-0.00505363	-0.00159643	-0.0060914	-0.0559539999999999	-0.285256	0.000991629999999999	0.00103292	-0.00075935	0.4864964	-0.0011285219	-0.0523296507	0.0033834701	0.0521838529	-0.0056321357	-0.0519411573	0.0078703433	0.0516020147	-0.0100939368	-0.0511670547	0.0122987873	0.050637085	-0.0144808008	-0.0500130897	0.0166359256	0.0492962274	-0.0187601599	-0.0484878293	0.0208495594	0.0475893965	-0.0229002443	0.0078152457	-0.0776148645	-0.0500642435	0.0300353954	0.0119219782	0.0171352174	0.0774714806	0	0	0	0	0	0	0	0	0	0	0	0	0	0	0	0	0	0	0	0	0	0	0	0	0	0	0	0	0	0	0	0	0	0	0	0	0	0	0	0	0	0	0	0	0	0	0	0	0	0	0	0	0	0	0	0	0	0	0	0	0	0	0	0	0	0	-1.60499402311067	1.73367618698714	0.448081059024295	0.592443852028073
0.0259676	0.0924148	0.546583	-0.0112445	-0.0031151	-0.00107469	0.0597996	-0.1925272	-0.0560230000000001	-0.006515	0.00193853	0.00052174	0.7571133	-0.0013541801	-0.0523082586	0.0040589197	0.0520983812	-0.006752807	-0.0517492091	0.0094286395	0.0512616758	-0.0120792627	-0.050637085	0.0146975897	0.0498771065	-0.01727662	-0.0489837722	0.0198094581	0.0479594708	-0.0222893319	-0.0468069407	0.024709611	0.0455292636	-0.0270638244	0.0335463116	-0.0375755809	0.0027231941	-0.0453972762	0.0414604914	-0.052931513	0.0530064885	0	0	0	0	0	0	0	0	0	0	0	0	0	0	0	0	0	0	0	0	0	0	0	0	0	0	0	0	0	0	0	0	0	0	0	0	0	0	0	0	0	0	0	0	0	0	0	0	0	0	0	0	0	0	0	0	0	0	0	0	0	0	0	0	0	0	0.239436712973393	1.73931661871183	0.448081059024295	0.592443852028073
0.0072101	0.16525	0.86472	-0.0139057	-0.00354235	-0.000229461	-0.0187575	0.0728352	0.318137	-0.0026612	-0.00042725	0.000845229	0.60641365	-0.0015798132	-0.0522829807	0.0047336909	0.0519974292	-0.0078703433	-0.0515226647	0.0109783563	0.050860415	-0.0140464202	-0.0500130897	0.0170633708	0.0489837722	-0.0200182296	-0.0477762082	0.0229002443	0.0463947917	-0.0256989275	-0.0448445497	0.0284040951	0.0431311232	-0.0310059033	0.0096290604	-0.0052042943	0.098818135	0.0219777349	-0.0268069411	-0.0209097695	-0.0026831767	0	0	0	0	0	0	0	0	0	0	0	0	0	0	0	0	0	0	0	0	0	0	0	0	0	0	0	0	0	0	0	0	0	0	0	0	0	0	0	0	0	0	0	0	0	0	0	0	0	0	0	0	0	0	0	0	0	0	0	0	0	0	0	0	0	0	1.07115605311621	1.35239892726338	0.448081059024295	0.592443852028073
-0.0136417	-0.0223784	0.720699	-0.0293603	-0.00579708	-0.00230598	-0.0208518	-0.1876284	-0.144021	-0.0154546	-0.00225473	-0.002076519	1.34179365	-0.001805417	-0.0522538189	0.005407671	0.051881027	-0.0089842256	-0.0512616758	0.0125180835	0.0503987089	-0.0159924506	-0.0492962274	0.0193908153	0.0479594708	-0.0226970271	-0.0463947917	0.0258953737	0.0446096262	-0.0289706552	-0.0426124582	0.0319082567	0.0404127789	-0.0346942175	0.0429506508	0.0367562258	0.0014894097	-0.0822888043	-0.0489055727	-0.0018438369	-0.0131170788	0	0	0	0	0	0	0	0	0	0	0	0	0	0	0	0	0	0	0	0	0	0	0	0	0	0	0	0	0	1	0	0	0	0	0	0	0	0	0	0	0	0	0	0	0	0	0	0	0	0	0	0	0	0	0	0	0	0	0	0	0	0	0	0	0	0	-0.691834910400695	1.40779471161801	0.448081059024295	0.592443852028073
0.0183214	0.174128	0.419824	-0.0161357	-0.00516923	-0.000892762	0.0319631	0.1965064	-0.300875	0.0132246	0.000627849999999999	0.001413218	1.2926279	-0.0020309873	-0.0522207755	0.0060807472	0.0517492091	-0.0100939368	-0.0509664168	0.0140464202	0.0498771065	-0.0179144269	-0.0484878293	0.021674694	0.0468069407	-0.025304607	-0.0448445497	0.0287823352	0.0426124582	-0.0320869629	-0.0401240904	0.0351986159	0.0373944116	-0.0380985803	0.0435837086	-0.0632846056	-0.0052685895	-0.0524998842	-0.0414562209	-0.0560245467	-0.0229330013	0	0	0	0	0	0	0	0	0	0	0	0	0	0	0	0	0	0	0	0	0	0	0	0	0	0	0	0	0	0	1	0	0	0	0	0	0	0	0	0	0	0	0	0	0	0	0	0	0	0	0	0	0	0	0	0	0	0	0	0	0	0	0	0	0	0	0.922215667502087	1.11413710409401	0.448081059024295	0.592443852028073
0.0477889	0.200338	0.627611	-0.0185936	-0.00722042	-0.000986693	0.0294675	0.02621	0.207787	-0.0024579	-0.00205119	-9.39310000000002e-05	0.49361555	-0.0022565198	-0.0521838529	0.006752807	0.0516020147	-0.0111989617	-0.050637085	0.0155619757	0.0492962274	-0.0198094581	-0.0475893965	0.0239098759	0.0455292636	-0.0278327876	-0.0431311232	0.0315490697	0.0404127789	-0.0350311327	-0.0373944116	0.0382531258	0.0340984296	-0.0411911291	0.0306607602	-0.0220331427	-0.0022682508	-0.0127572678	-0.0374093636	0.0007225486	0.0388797848	0	0	0	0	0	0	0	0	0	0	0	0	0	0	0	0	0	0	0	0	0	0	0	0	0	0	0	0	0	0	0	0	0	0	0	0	0	0	0	0	0	0	0	0	0	0	0	0	0	0	0	0	0	0	0	0	0	0	0	0	0	0	0	0	0	0	1.21045534622525	0.649473675837864	0.448081059024295	0.592443852028073
0.0653782	0.168154	0.664211	-0.0202165	-0.00723105	-0.00155044	0.0175893	-0.032184	0.0366000000000001	-0.0016229	-1.06300000000002e-05	-0.000563747	0.19623715	-0.0024820104	-0.0521430537	0.0074237382	0.0514394875	-0.0122987873	-0.0502739006	0.0170633708	0.0486567622	-0.021674694	-0.0466025972	0.0260913389	0.0441298556	-0.0302736359	-0.0412607473	0.0341840202	0.0380210421	-0.0377873696	-0.0344398384	0.0410513194	0.030549302	-0.0439465533	0.0276299153	-0.0087222494	0.0106528761	-0.0135804486	-0.0322310859	-0.0189926012	0.0089962212	0	0	0	0	0	0	0	0	0	0	0	0	0	0	0	0	0	0	0	0	0	0	0	0	0	0	0	0	0	0	0	0	0	0	0	0	0	0	0	0	0	0	0	0	0	0	0	0	0	0	0	0	0	0	0	0	0	0	0	0	0	0	0	0	0	0	-1.88084886016332	1.26839607116169	0.448081059024295	0.592443852028073
0.0463504	0.178577	0.717353	-0.0202599	-0.00740134	-0.00171237	-0.0190278	0.010423	0.053142	-4.34000000000025e-05	-0.00017029	-0.00016193	0.1013738	-0.0027074549	-0.0520983812	0.0080934286	0.0512616758	-0.013392903	-0.0498771065	0.0185492395	0.0479594708	-0.0235073292	-0.0455292636	0.028214182	0.0426124582	-0.0326194932	-0.0392402281	0.0366761804	0.0354486142	-0.0403408874	-0.03127814	0.0435744473	0.0267733776	-0.0463423012	0.0248152427	0.0016633857	-5.82841e-05	-0.0055666137	-0.0128004508	-0.0247053768	-0.0034218564	0	0	0	0	0	0	0	0	0	0	0	0	0	0	0	0	0	0	0	0	0	0	0	0	0	0	0	0	0	0	0	0	0	0	0	0	0	0	0	0	0	0	0	0	0	0	0	0	0	0	0	0	0	0	0	0	0	0	0	0	0	0	0	0	0	0	0.503977289150508	1.6458547895716	0.448081059024295	0.592443852028073
0.0305494	0.213793	0.75456	-0.0198404	-0.00703239	-0.00143556	-0.015801	0.035216	0.037207	0.0004195	0.00036895	0.00027681	0.141487	-0.0029328492	-0.0520498384	0.0087617663	0.0510686325	-0.0144808008	-0.0494469678	0.0200182296	0.0472051818	-0.025304607	-0.044371389	0.0302736359	0.0409811285	-0.0348629988	-0.0370769179	0.03901514	0.0327077205	-0.042677987	-0.0279283311	0.0458056033	0.0227986886	-0.0483587652	0.0220560357	-0.0010883143	-0.0181263649	0.0013736346	-0.0125339122	-0.0308128982	0.0389796187	0	0	0	0	0	0	0	0	0	0	0	0	0	0	0	0	0	0	0	0	0	0	0	0	0	0	0	0	0	0	0	0	0	0	0	0	0	0	0	0	0	0	0	0	0	0	0	0	0	0	0	0	0	0	0	0	0	0	0	0	0	0	0	0	0	0	-1.26542357621955	1.64997654549099	0.448081059024295	0.592443852028073
0.00604438	0.200989	0.695911	-0.0173287	-0.00603156	-0.00189129	-0.02450502	-0.012804	-0.0586490000000001	0.00251170000000001	0.00100083	-0.00045573	0.29437102	-0.003158189	-0.0519974292	0.0094286395	0.050860415	-0.0155619757	-0.0489837722	0.0214690046	0.0463947917	-0.0270638244	-0.0431311232	0.0322650733	0.0392402281	-0.0369971132	-0.0347786889	0.0411911291	0.0298113868	-0.0447861304	-0.024410558	0.0477298374	0.018654743	-0.0499794418	0.0205907525	-0.0289587426	-0.0260047419	-0.0214790607	-0.0135025515	-0.0303492276	0.0314463121	0	0	0	0	0	0	0	0	0	0	0	0	0	0	0	0	0	0	0	0	0	0	0	0	0	0	0	0	0	0	0	0	0	0	0	0	0	0	0	0	0	0	0	0	0	0	0	0	0	0	0	0	0	0	0	0	0	0	0	0	0	0	0	0	0	0	0.759301547670828	1.29146928728937	0.448081059024295	0.592443852028073
0.0358538	0.18043	0.667203	-0.0166985	-0.00669141	-0.0020972	0.02980942	-0.020559	-0.028708	0.000630199999999994	-0.00065985	-0.00020591	0.15387442	-0.0033834701	-0.0519411573	0.0100939368	0.050637085	-0.0166359256	-0.0484878293	0.0229002443	0.0455292636	-0.0287823352	-0.0418107693	0.0341840202	0.0373944116	-0.03901514	-0.032353904	0.0431950583	0.0267733776	-0.0466540082	-0.0207459769	0.0493342563	0.0143723053	-0.0511910666	0.0232323245	-0.0394314511	-0.0233317272	-0.0072692091	-0.0023979607	-0.0676343176	-0.0145098471	0	0	0	0	0	0	0	0	0	0	0	0	0	0	0	0	0	0	0	0	0	0	0	0	0	0	0	0	0	0	0	0	0	0	0	0	0	0	0	0	0	0	0	0	0	0	0	0	0	0	0	0	0	0	0	0	0	0	0	0	0	0	0	0	0	0	-1.25093616079052	1.35161836204706	0.448081059024295	0.592443852028073
0.036787	0.145845	0.722114	-0.0181167	-0.00724272	-0.0020972	0.000933200000000002	-0.034585	0.054911	-0.0014182	-0.00055131	0	0.1889047	-0.0036086884	-0.051881027	0.010757547	0.0503987089	-0.017702152	-0.0479594708	0.0243106464	0.0446096262	-0.0304575546	-0.0404127789	0.0360261653	0.0354486142	-0.0409107473	-0.0298113868	0.045018557	0.0236081307	-0.0482715996	-0.0169566271	0.0506081094	0.009983168	-0.0519837232	0.020048213	-0.0204922247	-0.0216462332	-0.0243169263	-0.0103836216	-0.0498147112	0.0075851166	0	0	0	0	0	0	0	0	0	0	0	0	0	0	0	0	0	0	0	0	0	0	0	0	0	0	0	0	0	0	0	0	0	0	0	0	0	0	0	0	0	0	0	0	0	0	0	0	0	0	0	0	0	0	0	0	0	0	0	0	0	0	0	0	0	0	0.991635176230005	1.36744823080409	0.448081059024295	0.592443852028073
0.0426781	0.159233	0.696147	-0.0189011	-0.00721543	-0.0020972	0.0058911	0.013388	-0.025967	-0.000784400000000001	2.72900000000001e-05	0	0.0858306000000001	-0.0038338396	-0.0518170426	0.0114193591	0.0501453577	-0.0187601599	-0.0473990497	0.0256989275	0.0436369724	-0.0320869629	-0.0389397479	0.0377873696	0.0334080384	-0.042677987	-0.0271603893	0.0466540082	0.0203306886	-0.0496302266	-0.0130652981	0.0515428613	0.0055199161	-0.0523509242	0.0212800096	-0.0261856779	-0.0244801403	0.002135293	-0.0192652777	-0.0352309969	0.0418737566	0	0	0	0	0	0	0	0	0	0	0	0	0	0	0	0	0	0	0	0	0	0	0	0	0	0	0	0	0	0	0	0	0	0	0	0	0	0	0	0	0	0	0	0	0	0	0	0	0	0	0	0	0	0	0	0	0	0	0	0	0	0	0	0	0	0	0.540427046008942	1.52105016425445	0.448081059024295	0.592443852028073
0.0384676	0.21015	0.812163	-0.0188237	-0.00782976	-0.0020972	-0.00421050000000001	0.050917	0.116016	7.74000000000018e-05	-0.00061433	0	0.20573	-0.0040589197	-0.0517492091	0.0120792627	0.0498771065	-0.0198094581	-0.0468069407	0.0270638244	0.0426124582	-0.0336681095	-0.0373944116	0.0394636764	0.03127814	-0.044311314	-0.024410558	0.0480945804	0.0169566271	-0.0507226006	-0.0090953929	0.0521322486	0.0010156846	-0.0522896643	0.0080480317	0.0031121348	-0.0111703654	-0.0145526258	-0.0105350886	-0.0147518362	0.0124397066	0	0	0	0	0	0	0	0	0	0	0	0	0	0	0	0	0	0	0	0	0	0	0	0	0	0	0	0	0	0	0	0	0	0	0	0	0	0	0	0	0	0	0	0	0	0	0	0	0	0	0	0	0	0	0	0	0	0	0	0	0	0	0	0	0	0	0.915556333906628	1.63115802461986	0.448081059024295	0.592443852028073
0.0595039	0.17947	0.782014	-0.0183673	-0.00769432	-0.00154441	0.0210363	-0.03068	-0.0301489999999999	0.000456399999999999	0.00013544	0.00055279	0.1390968	-0.0042839244	-0.0516775313	0.0127371473	0.049594035	-0.0208495594	-0.0461835398	0.0284040951	0.0415373011	-0.0351986159	-0.0357796393	0.0410513194	0.0290646136	-0.0458056033	-0.0215718994	0.0493342563	0.0135019809	-0.0515428613	-0.0050707869	0.0523723222	-0.0034960873	-0.0518004449	0.0103203378	-0.0117079948	-0.0118566387	0.0160350978	0.002461142	-0.0221563964	-0.0144752113	0	0	0	0	0	0	0	0	0	0	0	0	0	0	0	0	0	0	0	0	0	0	0	0	0	0	0	0	0	0	0	0	0	0	0	0	0	0	0	0	0	0	0	0	0	0	0	0	0	0	0	0	0	0	0	0	0	0	0	0	0	0	0	0	0	0	0.926847442083315	1.61760428937097	0.448081059024295	0.592443852028073
0.0359298	0.263751	0.927708	-0.0225579	-0.0073326	-0.00107196	-0.0235741	0.084281	0.145694	-0.0041906	0.000361719999999999	0.00047245	0.5047876	-0.0045088495	-0.0516020147	0.013392903	0.0492962274	-0.0218799809	-0.0455292636	0.0297185201	0.0404127789	-0.0366761804	-0.0340984296	0.0425467316	0.0267733776	-0.0471561663	-0.018654743	0.0503678575	0.009983168	-0.0520866082	-0.0010156846	0.0522614734	-0.0079819045	-0.0508872699	0.0053452593	0.0303044186	0.0071465423	-0.0030652096	-0.0077154017	-0.0102455893	-0.0037605629	0	0	0	0	0	0	0	0	0	0	0	0	0	0	0	0	0	0	0	0	0	0	0	0	0	0	0	0	0	0	0	0	0	0	0	0	0	0	0	0	0	0	0	0	0	0	0	0	0	0	0	0	0	0	0	0	0	0	0	0	0	0	0	0	0	0	0.287353847222448	1.53267783509034	0.448081059024295	0.592443852028073
0.0451645	0.249951	0.899159	-0.0214343	-0.0079674	-0.00110502	0.0092347	-0.0138	-0.0285489999999999	0.0011236	-0.000634799999999997	-3.30599999999999e-05	0.1411567	-0.0047336909	-0.0515226647	0.0140464202	0.0489837722	-0.0229002443	-0.0448445497	0.0310059033	0.0392402281	-0.0380985803	-0.032353904	0.0439465533	0.024410558	-0.0483587652	-0.015669704	0.0511910666	0.0064169112	-0.0523509242	0.0030455261	0.0518004449	-0.0124084642	-0.0495576132	0.0024661883	0.0237306946	-0.0075063706	0.0133474787	-0.0077692873	0.0029956238	0.0244005561	0	0	0	0	0	0	0	0	0	0	0	0	0	0	0	0	0	0	0	0	0	0	0	0	0	0	0	0	0	0	0	0	0	0	0	0	0	0	0	0	0	0	0	0	0	0	0	0	0	0	0	0	0	0	0	0	0	0	0	0	0	0	0	0	0	0	0.015986311910178	1.14325125472471	0.448081059024295	0.592443852028073
0.0686704	0.285189	0.939104	-0.0215168	-0.00786385	-0.00100817	0.0235059	0.0352379999999999	0.039945	-8.24999999999992e-05	0.000103549999999997	9.68499999999999e-05	0.1128339	-0.0049584444	-0.0514394875	0.0146975897	0.0486567622	-0.0239098759	-0.0441298556	0.0322650733	0.0380210421	-0.0394636764	-0.030549302	0.0452476394	0.0219824722	-0.0494096266	-0.0126276447	0.0518004449	0.0028201586	-0.0523343914	0.0070884207	0.050992326	-0.016742904	-0.0478223571	0.0001023586	0.0264450819	0.0038615089	0.0049520959	-0.0007144409	-0.0092402541	-0.0024319237	0	0	0	0	0	0	0	0	0	0	0	0	0	0	0	0	0	0	0	0	0	0	0	0	0	0	0	0	0	0	0	0	0	0	0	0	0	0	0	0	0	0	0	0	0	0	0	0	0	0	0	0	0	0	0	0	0	0	0	0	0	0	0	0	0	0	0.103516787788956	1.19347453075886	0.448081059024295	0.592443852028073
0.0594247	0.20714	0.928881	-0.0211587	-0.0079674	-0.00135217	-0.0092457	-0.078049	-0.0102230000000001	0.000358099999999997	-0.000103549999999997	-0.000344	0.1378002	-0.0051831058	-0.051352489	0.0153463027	0.0483152946	-0.0249084068	-0.0433856593	0.0334948844	0.0367566699	-0.0407694154	-0.0286879745	0.0464470668	0.0194956122	-0.0503054532	-0.0095396348	0.0521934471	-0.0007899965	-0.0520370985	0.0110886847	0.0498425313	-0.0209530451	-0.0456957037	-0.0019640758	0.0247067295	0.0016750128	0.0126450308	-0.0157611591	-0.0185705794	-0.0407013651	0	0	0	0	0	0	0	0	0	0	0	0	0	0	0	0	0	0	0	0	0	0	0	0	0	0	0	0	0	0	0	0	0	0	0	0	0	0	0	0	0	0	0	0	0	0	0	0	0	0	0	0	0	0	0	0	0	0	0	0	0	0	0	0	0	0	0.722962923766889	0.760638070724235	0.448081059024295	0.592443852028073
0.046756	0.27329	1.02295	-0.0217006	-0.0079674	-0.00119221	-0.0126687	0.06615	0.0940690000000001	-0.000541899999999995	0	0.00015996	0.2079807	-0.005407671	-0.0512616758	0.0159924506	0.0479594708	-0.0258953737	-0.0426124582	0.0346942175	0.0354486142	-0.0420138333	-0.0267733776	0.0475421407	0.0169566271	-0.051043434	-0.0064169112	0.0523684314	-0.0043963972	-0.0514606403	0.0150222601	0.0483587652	-0.0250076315	-0.0431950583	-0.010108464	0.0366989402	0.0078510137	-0.0010559635	-0.0038750139	-0.0024298881	-0.0157201331	0	0	0	0	0	0	0	0	0	0	0	0	0	0	0	0	0	0	0	0	0	0	0	0	0	0	0	0	0	0	0	0	0	0	0	0	0	0	0	0	0	0	0	0	0	0	0	0	0	0	0	0	0	0	0	0	0	0	0	0	0	0	0	0	0	0	-1.84217273978317	1.39100149167195	0.448081059024295	0.592443852028073
0.0411267	0.213411	0.975941	-0.0208013	-0.00850234	-0.00106589	-0.0056293	-0.059879	-0.0470090000000001	0.000899299999999995	-0.000534940000000003	0.00012632	0.1905453	-0.0056321357	-0.0511670547	0.0166359256	0.0475893965	-0.0268703181	-0.0418107693	0.0358619813	0.0340984296	-0.0431950583	-0.0248090665	0.0485304007	0.0143723053	-0.0516212534	-0.0032708371	0.052324667	-0.0079819045	-0.0506081094	0.0188654898	0.0465509697	-0.0288765622	-0.0403408874	-0.0109242117	0.0308051415	0.0008313146	0.0211851945	-0.0078767035	0.0293223884	0.0224999337	0	0	0	0	0	0	0	0	0	0	0	0	0	0	0	0	0	0	0	0	0	0	0	0	0	0	0	0	0	0	0	0	0	0	0	0	0	0	0	0	0	0	0	0	0	0	0	0	0	0	0	0	0	0	0	0	0	0	0	0	0	0	0	0	0	0	-1.89576660708836	1.66779799437716	0.448081059024295	0.592443852028073
0.0575654	0.228501	1.01875	-0.0216882	-0.00836769	-0.00109546	0.0164387	0.01509	0.0428090000000001	-0.000886899999999999	0.00013465	-2.957e-05	0.1268937	-0.0058564958	-0.0510686325	0.01727662	0.0472051818	-0.0278327876	-0.0409811285	0.0369971132	0.0327077205	-0.044311314	-0.0227986886	0.0494096266	0.0117495564	-0.0520370985	-0.0001128608	0.0520623368	-0.0115294786	-0.0494840794	0.0225952602	0.044431258	-0.0325311144	-0.0371565505	-0.0116034928	0.035055818	0.0026128538	0.0036249063	0.0121540754	0.0066090207	-0.0046006902	0	0	0	0	0	0	0	0	0	0	0	0	0	0	0	0	0	0	0	0	0	0	0	0	0	0	0	0	0	0	0	0	0	0	0	0	0	0	0	0	0	0	0	0	0	0	0	0	0	0	0	0	0	0	0	0	0	0	0	0	0	0	0	0	0	0	-1.66791441491919	2.03939783943259	-2.22840312389761	-1.68540061352814
0.0556375	0.180074	0.989206	-0.021237	-0.00850235	-0.00117555	-0.0019279	-0.048427	-0.0295440000000001	0.000451200000000002	-0.00013466	-8.00900000000001e-05	0.1131964	-0.0060807472	-0.0509664168	0.0179144269	0.0468069407	-0.0287823352	-0.0401240904	0.0380985803	0.03127814	-0.0453609212	-0.0207459769	0.050177843	0.0090953929	-0.0522896643	0.0030455261	0.0515825363	-0.0150222601	-0.0480945804	0.02618914	0.0420138333	-0.0359441567	-0.0336681095	-0.0105513832	0.0326964481	-0.0016901721	0.0076426114	0.0026460893	-0.0189745655	-0.0433296553	0	0	0	0	0	0	0	0	0	0	0	0	0	0	0	0	0	0	0	0	0	0	0	0	0	0	0	0	0	0	0	0	0	0	0	0	0	0	0	0	0	0	0	0	0	0	0	0	0	0	0	0	0	0	0	0	0	0	0	0	0	0	0	0	0	0	-1.66191570499767	2.16347679447926	-2.22840312389761	-1.68540061352814
0.0536252	0.233487	1.01085	-0.021586	-0.00850234	-0.00132795	-0.0020123	0.053413	0.0216440000000001	-0.000349000000000002	9.99999999994061e-09	-0.0001524	0.1021398	-0.0063048856	-0.050860415	0.0185492395	0.0463947917	-0.0297185201	-0.0392402281	0.0391653804	0.0298113868	-0.0463423012	-0.018654743	0.0508333239	0.0064169112	-0.0523781585	0.0061928308	0.0508872699	-0.0184436498	-0.0464470668	0.0296255153	0.0393148935	-0.039090351	-0.0299041152	-0.0123387234	0.0311572343	0.0098878888	0.0052601666	-0.0100623637	0.0057211574	-0.0044377124	0	0	0	0	0	0	0	0	0	0	0	0	0	0	0	0	0	0	0	0	0	0	0	0	0	0	0	0	0	0	0	0	0	0	0	0	0	0	0	0	0	0	0	0	0	0	0	0	0	0	0	0	0	0	0	0	0	0	0	0	0	0	0	0	0	0	-0.842539222964776	2.21711731383896	0.448081059024295	-1.68540061352814
0.0411018	0.243854	1.02704	-0.0207684	-0.00850234	-0.00132795	-0.0125234	0.010367	0.0161899999999999	0.000817599999999998	0	0	0.0799604	-0.0065289069	-0.050750635	0.0191809517	0.0459688572	-0.0306409077	-0.0383301323	0.0401965428	0.0283092043	-0.0472539781	-0.01652887	0.0513745965	0.0037212726	-0.0523023033	0.0093176004	0.0499794418	-0.021777388	-0.0445503769	0.0328837193	0.036352523	-0.0419463399	-0.0258953737	-0.0172198575	0.0342227816	-0.0031949831	0.0174063675	-0.0186744799	0.0167245083	0.0330566369	0	0	0	0	0	0	0	0	0	0	0	0	0	0	0	0	0	0	0	0	0	0	0	0	0	0	0	0	0	0	0	0	0	0	0	0	0	0	0	0	0	0	0	0	0	0	0	0	0	0	0	0	0	0	0	0	0	0	0	0	0	0	0	0	0	0	-0.157754936012751	1.34097526746752	0.448081059024295	0.592443852028073
0.0572657	0.243854	1.00976	-0.0207684	-0.00886529	-0.00132435	0.0161639	0	-0.0172799999999997	0	-0.000362949999999997	3.60000000000009e-06	0.0517713999999999	-0.006752807	-0.050637085	0.0198094581	0.0455292636	-0.0315490697	-0.0373944116	0.0411911291	0.0267733776	-0.0480945804	-0.0143723053	0.0518004449	0.0010156846	-0.0520623368	0.0124084642	0.048862844	-0.0250076315	-0.0424146861	0.0359441567	0.0331465714	-0.0444909208	-0.021674694	-0.0170697841	0.0313690431	-0.0021187295	0.0050648918	-0.0023492602	0.0089823162	0.0095158093	0	0	0	0	0	0	0	0	0	0	0	0	0	0	0	0	0	0	0	0	0	0	0	0	0	0	0	0	0	0	0	0	0	0	0	0	0	0	0	0	0	0	0	0	0	0	0	0	0	0	0	0	0	0	0	0	0	0	0	0	0	0	0	0	0	0	-0.40859281890064	1.37128618662246	0.448081059024295	0.592443852028073
0.0531842	0.264738	1.05829	-0.0208598	-0.00873487	-0.00145868	-0.0040815	0.020884	0.0485299999999997	-9.1399999999995e-05	0.000130419999999997	-0.00013433	0.091303	-0.0069765817	-0.0505197734	0.0204346535	0.0450761418	-0.0324425845	-0.0364336915	0.0421482344	0.0252057321	-0.048862844	-0.0121890533	0.0521099123	-0.0016926191	-0.0516590118	0.015454175	0.0475421407	-0.0281190288	-0.0400514517	0.0387884217	0.0297185201	-0.0467052026	-0.01727662	-0.0202460894	0.0379032931	-0.0015033617	0.0044271069	0.0061307959	-0.0166644129	-0.0344389805	0	0	0	0	0	0	0	0	0	0	0	0	0	0	0	0	0	0	0	0	0	0	0	0	0	0	0	0	0	0	0	0	0	0	0	0	0	0	0	0	0	0	0	0	0	0	0	0	0	0	0	0	0	0	0	0	0	0	0	0	0	0	0	0	0	0	-0.084931054445471	1.53297397217749	0.448081059024295	0.592443852028073
0.0546206	0.230092	1.00094	-0.0206956	-0.00876666	-0.00144093	0.0014364	-0.034646	-0.05735	0.0001642	-3.17900000000003e-05	1.775e-05	0.1041194	-0.0072002268	-0.0503987089	0.0210564335	0.0446096262	-0.0333210373	-0.0354486142	0.0430669878	0.0236081307	-0.0495576132	-0.009983168	0.0523023033	-0.0043963972	-0.051093594	0.0184436498	0.0460228486	-0.0310967934	-0.0374733519	0.0413994086	0.0260913389	-0.0485727468	-0.0127371473	-0.0127047216	0.0256388328	-0.0049666123	0.0012918963	-0.0005671605	0.0037694635	0.0193359749	0	0	0	0	0	0	0	0	0	0	0	0	0	0	0	0	0	0	0	0	0	0	0	0	0	0	0	0	0	0	0	0	0	0	0	0	0	0	0	0	0	0	0	0	0	0	0	0	0	0	0	0	0	0	0	0	0	0	0	0	0	0	0	0	0	0	-0.307613712014716	1.57710513573284	0.448081059024295	0.592443852028073
0.0575474	0.297678	1.01987	-0.0212875	-0.00824921	-0.00114959	0.00292680000000001	0.067586	0.0189300000000001	-0.000591900000000003	0.000517450000000001	0.00029134	0.1594773	-0.0074237382	-0.0502739006	0.021674694	0.0441298556	-0.0341840202	-0.0344398384	0.0439465533	0.0219824722	-0.050177843	-0.0077587455	0.0523771858	-0.0070884207	-0.0503678575	0.0213660101	0.044311314	-0.0339267737	-0.0346942175	0.0437614146	0.0222893319	-0.0500796887	-0.0080934286	-0.0151245208	0.0322530419	0.0002289702	0.0087153067	-0.0130332548	0.0034825325	0.0290786506	0	0	0	0	0	0	0	0	0	0	0	0	0	0	0	0	0	0	0	0	0	0	0	0	0	0	0	0	0	0	0	0	0	0	0	0	0	0	0	0	0	0	0	0	0	0	0	0	0	0	0	0	0	0	0	0	0	0	0	0	0	0	0	0	0	0	-0.503833760902808	1.56812251292796	0.448081059024295	0.592443852028073
0.0487396	0.221652	1.04487	-0.0218838	-0.00818641	-0.000937697	-0.00880780000000001	-0.076026	0.0249999999999999	-0.000596299999999997	6.28e-05	0.000211893	0.15338345	-0.0076471118	-0.0501453577	0.0222893319	0.0436369724	-0.0350311327	-0.0334080384	0.0447861304	0.0203306886	-0.0507226006	-0.0055199161	0.0523343914	-0.0097614921	-0.0494840794	0.0242106219	0.0424146861	-0.0365955205	-0.0317289578	0.0458602343	0.0183379745	-0.0512148408	-0.0033834701	-0.0146255863	0.0356730286	-0.0035399341	0.0054556805	0.0063083475	-0.0046695528	-0.0166491489	0	0	0	0	0	0	0	0	0	0	0	0	0	0	0	0	0	0	0	0	0	0	0	0	0	0	0	0	0	0	0	0	0	0	0	0	0	0	0	0	0	0	0	0	0	0	0	0	0	0	0	0	0	0	0	0	0	0	0	0	0	0	0	0	0	0	0.5839775812543	1.5968566101061	0.448081059024295	0.592443852028073
0.0409445	0.298177	1.09335	-0.0224771	-0.00818641	-0.00088197	-0.00779509999999999	0.076525	0.0484800000000001	-0.000593300000000001	0	5.57269999999999e-05	0.16525145	-0.0078703433	-0.0500130897	0.0229002443	0.0431311232	-0.0358619813	-0.032353904	0.0455849554	0.018654743	-0.0511910666	-0.0032708371	0.0521740164	-0.0124084642	-0.0484450328	0.0269671338	0.0403408874	-0.039090351	-0.0285934806	0.0476832451	0.014263743	-0.0519697758	0.0013541801	-0.0160261166	0.0412810388	-0.0052845902	0.0167339186	-0.0001058447	-0.0140456989	-0.035302571	0	0	0	0	0	0	0	0	0	0	0	0	0	0	0	0	0	0	0	0	0	0	0	0	0	0	0	0	0	0	0	0	0	0	0	0	0	0	0	0	0	0	0	0	0	0	0	0	0	0	0	0	0	0	0	0	0	0	0	0	0	0	0	0	0	0	0.194494546175637	1.54061011283332	0.448081059024295	0.592443852028073
0.0387483	0.238186	1.07703	-0.0211652	-0.00903281	-0.000911842	-0.0021962	-0.059991	-0.0163200000000001	0.0013119	-0.000846400000000001	-2.98719999999999e-05	0.1879158	-0.0080934286	-0.0498771065	0.0235073292	0.0426124582	-0.0366761804	-0.03127814	0.0463423012	0.0169566271	-0.0515825363	-0.0010156846	0.051896421	-0.0150222601	-0.0472539781	0.0296255153	0.0380985803	-0.0413994086	-0.025304607	0.0492194833	0.0100939368	-0.0523388891	0.0060807472	-0.0179751827	0.0341223665	-0.0120966912	0.0159489952	-0.0188606965	0.0321113871	0.0195862554	0	0	0	0	0	0	0	0	0	0	0	0	0	0	0	0	0	0	0	0	0	0	0	0	0	0	0	0	0	0	0	0	0	0	0	0	0	0	0	0	0	0	0	0	0	0	0	0	0	0	0	0	0	0	0	0	0	0	0	0	0	0	0	0	0	0	-0.304670540936509	1.4198018593418	0.448081059024295	0.592443852028073
0.0473746	0.261716	1.1185	-0.0221778	-0.00850069	-0.00128496	0.00862629999999999	0.02353	0.0414700000000001	-0.0010126	0.000532120000000001	-0.000373118	0.1695182	-0.0083163637	-0.0497374181	0.024110485	0.0420811315	-0.0374733519	-0.0301814655	0.0470574788	0.015238359	-0.051896421	0.0012413539	0.051502229	-0.0175958911	-0.0459146523	0.0321760928	0.0356971313	-0.0435117199	-0.0218799809	0.0504597097	0.0058564958	-0.0523194405	0.010757547	-0.0187973995	0.0440870513	-0.0091345979	0.0168479669	-0.0041314999	0.0104275017	0.0141795342	0	0	0	0	0	0	0	0	0	0	0	0	0	0	0	0	0	0	0	0	0	0	0	0	0	0	0	0	0	0	0	0	0	0	0	0	0	0	0	0	0	0	0	0	0	0	0	0	0	0	0	0	0	0	0	0	0	0	0	0	0	0	0	0	0	0	-0.567759905949511	1.44207867643979	-2.22840312389761	-1.68540061352814
0.0536958	0.241964	1.14993	-0.0221034	-0.00867615	-0.00122539	0.00632120000000001	-0.019752	0.0314299999999998	7.43999999999953e-05	-0.000175460000000001	5.95699999999999e-05	0.0729747	-0.0085391442	-0.049594035	0.024709611	0.0415373011	-0.0382531258	-0.0290646136	0.0477298374	0.0135019809	-0.0521322486	0.0034960873	0.050992326	-0.0201224762	-0.044431258	0.034609585	0.0331465714	-0.0454172463	-0.0183379745	0.0513964655	0.0015798132	-0.0519115742	0.0153463027	-0.0192097609	0.0455302326	0.0002320163	0.010496142	-0.002502929	0.0069287666	-0.0237191473	0	0	0	0	0	0	0	0	0	0	0	0	0	0	0	0	0	0	0	0	0	0	0	0	0	0	0	0	0	0	0	0	0	0	0	0	0	0	0	0	0	0	0	0	0	0	0	0	0	0	0	0	0	0	0	0	0	0	0	0	0	0	0	0	0	0	0.743394717450785	1.71786911125379	0.448081059024295	0.592443852028073
0.0537485	0.26026	1.1363	-0.0225353	-0.0087257	-0.00127011	5.26999999999958e-05	0.018296	-0.0136299999999998	-0.000431899999999995	-4.95499999999972e-05	-4.472e-05	0.0582871999999999	-0.0087617663	-0.0494469678	0.025304607	0.0409811285	-0.03901514	-0.0279283311	0.0483587652	0.0117495564	-0.0522896643	0.0057443291	0.0503678575	-0.0225952602	-0.0428084497	0.0369171367	0.0304575546	-0.0471069319	-0.0146975897	0.0520241169	-0.0027074549	-0.0511183183	0.0198094581	-0.0149942112	0.0443304291	-0.0068904167	0.0078596512	0.0091841929	-0.0159608523	-0.0126775059	0	0	0	0	0	0	0	0	0	0	0	0	0	0	0	0	0	0	0	0	0	0	0	0	0	0	0	0	0	0	0	0	0	0	0	0	0	0	0	0	0	0	0	0	0	0	0	0	0	0	0	0	0	0	0	0	0	0	0	0	0	0	0	0	0	0	0.411690631521998	0.086048534258416	0.448081059024295	0.592443852028073
0.0411443	0.272302	1.13941	-0.0225158	-0.00863414	-0.00151775	-0.0126042	0.012042	0.00310999999999995	1.94999999999987e-05	9.15599999999975e-05	-0.00024764	0.0456912	-0.0089842256	-0.0492962274	0.0258953737	0.0404127789	-0.0397590408	-0.0267733776	0.04894369	0.009983168	-0.0523684314	0.0079819045	0.0496302266	-0.0250076315	-0.0410513194	0.039090351	0.0276413132	-0.0485727468	-0.0109783563	0.0523388891	-0.0069765817	-0.0499455618	0.024110485	-0.0141548986	0.0447095493	-0.0067895776	0.0043905529	-0.027735535	0.0388325673	0.0323246185	0	0	0	0	0	0	0	0	0	0	0	0	0	0	0	0	0	0	0	0	0	0	0	0	0	0	0	0	0	0	0	0	0	0	0	0	0	0	0	0	0	0	0	0	0	0	0	0	0	0	0	0	0	0	0	0	0	0	0	0	0	0	0	0	0	0	-0.513264009497006	0.568510729197274	0.448081059024295	0.592443852028073
0.060784	0.260001	1.11123	-0.0228086	-0.00877284	-0.00174725	0.0196397	-0.012301	-0.0281800000000001	-0.000292799999999999	-0.0001387	-0.0002295	0.0931707000000001	-0.009206518	-0.0491418251	0.0264818121	0.0398324213	-0.0404844828	-0.0256005252	0.0494840794	0.0082049152	-0.0523684314	0.0102046586	0.0487810905	-0.0273531403	-0.0391653804	0.0411213197	0.024709611	-0.0498077248	-0.0072002268	0.0523388891	-0.0111989617	-0.0484020114	0.028214182	-0.0105754776	0.0452070766	0.0023863205	-0.0075592138	0.0393420807	-0.0472308498	-0.0098262409	0	0	0	0	0	0	0	0	0	0	0	0	0	0	0	0	0	0	0	0	0	0	0	0	0	0	0	0	0	0	0	0	0	0	0	0	0	0	0	0	0	0	0	0	0	0	0	0	0	0	0	0	0	0	0	0	0	0	0	0	0	0	0	0	0	0	1.02946946447986	0.521967675866433	-2.22840312389761	0.592443852028073
0.0187371	0.267936	0.340032	-0.0136809	-0.00573127	-0.000426212	-0.0420469	0.00793499999999997	-0.771198	0.0091277	0.00304157	0.001321038	1.4956953	-0.0094286395	-0.0489837722	0.0270638244	0.0392402281	-0.0411911291	-0.024410558	0.0499794418	0.0064169112	-0.0522896643	0.0124084642	0.0478223571	-0.0296255153	-0.0371565505	0.0430026525	0.021674694	-0.0508059967	-0.0033834701	0.0520241169	-0.0153463027	-0.0464991262	0.0320869629	0.0266153927	-0.1310147552	0.1205356633	-0.0365236072	-0.0214750815	-0.0279436424	-0.0134512179	0	0	0	0	0	0	0	0	0	0	0	0	0	0	0	0	0	0	0	0	0	0	0	0	0	0	0	0	0	0	0	1	0	0	0	0	0	0	0	0	0	0	0	0	0	0	0	0	0	0	0	0	0	0	0	0	0	0	0	0	0	0	0	0	0	0	1.17149429329788	0.485653875475965	-2.22840312389761	-1.68540061352814
0.043924	0.315779	0.603153	-0.00867014	-0.00663778	-0.000316205	0.0251869	0.047843	0.263121	0.00501076	-0.00090651	0.000110007	0.63751475	-0.0096505858	-0.0488220806	0.0276413132	0.0386363752	-0.0418786518	-0.0232042715	0.0504293264	0.004621281	-0.0521322486	0.0145892291	0.0467561802	-0.0318186811	-0.0350311327	0.0447275033	0.0185492395	-0.0515628185	0.0004514381	0.0513964655	-0.0193908153	-0.0442510332	0.0356971313	0.0022594403	-0.1077385976	-0.0697554241	-0.0928197855	-0.16430995	0.1053287885	-0.064970876	0	0	0	0	0	0	0	0	0	0	0	0	0	0	0	0	0	0	0	0	0	0	0	0	0	0	0	0	0	0	0	0	0	0	0	0	0	0	0	0	0	0	0	0	0	0	0	0	0	0	0	0	0	0	0	0	0	0	0	0	0	0	0	0	0	0	0.376700420799264	0.534227990885764	-2.22840312389761	-1.68540061352814
0.0119699	0.41942	0.605589	-0.00512436	-0.0060267	-3.16267e-05	-0.0319541	0.103641	0.00243600000000011	0.00354578	0.000611080000000001	0.0002845783	0.360103015	-0.009872353	-0.0486567622	0.028214182	0.0380210421	-0.0425467316	-0.0219824722	0.0508333239	0.0028201586	-0.051896421	0.016742904	0.0455849554	-0.0339267737	-0.0327957961	0.0462895956	0.0153463027	-0.0520745933	0.0042839244	0.0504597097	-0.0233053991	-0.0416744222	0.03901514	-0.0085967408	-0.1257550041	-0.0280209971	-0.0455777522	0.0403647435	0.0207138353	0.011253544	0	0	0	0	0	0	0	0	0	0	0	0	0	0	0	0	0	0	0	0	0	0	0	0	0	0	0	0	0	0	0	0	0	0	0	0	0	0	0	0	0	0	0	0	0	0	0	0	0	0	0	0	0	0	0	0	0	0	0	0	0	0	0	0	0	0	1.52298436696389	1.48529095616827	-2.22840312389761	-1.68540061352814
0.0121891	0.381157	0.650984	-0.00640638	-0.00629632	4.58675e-05	0.000219200000000001	-0.0382629999999999	0.045395	-0.00128202	-0.000269620000000001	7.74942e-05	0.16533391	-0.0100939368	-0.0484878293	0.0287823352	0.0373944116	-0.0431950583	-0.0207459769	0.0511910666	0.0010156846	-0.0515825363	0.0188654898	0.044311314	-0.0359441567	-0.0304575546	0.0476832451	0.0120792627	-0.0523388891	0.0080934286	0.0492194833	-0.0270638244	-0.0387884217	0.0420138333	-0.0020213421	-0.1130037251	-0.0331540355	0.0158100084	-0.0358203001	0.0262377811	-0.0115723431	0	0	0	0	0	0	0	0	0	0	0	0	0	0	0	0	0	0	0	0	0	0	0	0	0	0	0	0	0	0	0	0	0	0	0	0	0	0	0	0	0	0	0	0	0	0	0	0	0	0	0	0	0	0	0	0	0	0	0	0	0	0	0	0	0	0	1.73128178968172	1.6508635759924	-2.22840312389761	0.592443852028073
0.041747	0.330406	0.745944	-0.00978001	-0.00651089	-3.16267e-05	0.0295579	-0.0507510000000001	0.0949599999999999	-0.00337363	-0.00021457	-7.74942e-05	0.35855361	-0.0103153331	-0.0483152946	0.0293456776	0.0367566699	-0.043823331	-0.0194956122	0.051502229	-0.0007899965	-0.0511910666	0.0209530451	0.0429381175	-0.0378654364	-0.028023745	0.0489033805	0.0087617663	-0.0523544498	0.0118595137	0.0476832451	-0.0306409077	-0.0356144575	0.0446686685	0.0013411064	-0.0889674179	-0.0129345668	2.95993e-05	0.0411882991	-0.0168361552	-0.0457873246	0	0	0	0	0	0	0	0	0	0	0	0	0	0	0	0	0	0	0	0	0	0	0	0	0	0	0	0	0	0	0	0	0	0	0	0	0	0	0	0	0	0	0	0	0	0	0	0	0	0	0	0	0	0	0	0	0	0	0	0	0	0	0	0	0	0	1.6877297109231	1.41276211267684	-2.22840312389761	0.592443852028073
0.0583774	0.164516	0.938938	-0.0215398	-0.00709699	-0.00266233	0.0166304	-0.16589	0.192994	-0.01175979	-0.0005861	-0.0026307033	1.124344065	-0.0105365379	-0.0481391707	0.0299041152	0.0361080066	-0.044431258	-0.0182322141	0.051766528	-0.0025947387	-0.0507226006	0.0230016937	0.0414684511	-0.0396854757	-0.0255020041	0.0499455618	0.005407671	-0.0521212014	0.0155619757	0.0458602343	-0.0340126806	-0.0321760928	0.0469579174	0.0248123507	0.0208601352	-0.0079797438	-0.0101691886	-0.0570488277	-0.0097771958	0.0219686677	0	0	0	0	0	0	0	0	0	0	0	0	0	0	0	0	0	0	0	0	0	0	0	0	0	0	0	0	0	0	0	0	1	0	0	0	0	0	0	0	0	0	0	0	0	0	0	0	0	0	0	0	0	0	0	0	0	0	0	0	0	0	0	0	0	0	1.88638388021728	0.844031252379476	-2.22840312389761	0.592443852028073
0.0345745	0.274489	0.973135	-0.0213271	-0.00737765	-0.00215241	-0.0238029	0.109973	0.0341970000000001	0.000212700000000003	-0.00028066	0.00050992	0.2181369	-0.010757547	-0.0479594708	0.0304575546	0.0354486142	-0.045018557	-0.0169566271	0.0519837232	-0.0043963972	-0.050177843	0.0250076315	0.0399056168	-0.0413994086	-0.0229002443	0.0508059967	0.0020309873	-0.0516402525	0.0191809517	0.0437614146	-0.0371565505	-0.028498854	0.048862844	0.0124864146	0.0243224638	0.0098606375	-0.0305094574	-0.0158356488	-0.0421555166	0.0152467433	0	0	0	0	0	0	0	0	0	0	0	0	0	0	0	0	0	0	0	0	0	0	0	0	0	0	0	0	0	0	0	0	0	0	0	0	0	0	0	0	0	0	0	0	0	0	0	0	0	0	0	0	0	0	0	0	0	0	0	0	0	0	0	0	0	0	1.93997280828005	-0.05851001695497	-2.22840312389761	0.592443852028073
0.0593847	0.117898	0.524466	-0.0159193	-0.00594895	-0.00418085	0.0248102	-0.156591	-0.448669	0.0054078	0.0014287	-0.00202844	1.0733172	-0.0109783563	-0.0477762082	0.0310059033	0.0347786889	-0.0455849554	-0.015669704	0.0521536168	-0.0061928308	-0.0495576132	0.0269671338	0.0382531258	-0.0430026525	-0.0202266294	0.0514815542	-0.0013541801	-0.0509138886	0.0226970271	0.0413994086	-0.0400514517	-0.0246100408	0.0503678575	0.0396795949	-0.0955257729	-0.0541314769	-0.0349239678	0.0235406866	-0.0651812203	0.0224418609	0	0	0	0	0	0	0	0	0	0	0	0	0	0	0	0	0	0	0	0	0	0	0	0	0	0	0	0	0	0	0	0	0	1	0	0	0	0	0	0	0	0	0	0	0	0	0	0	0	0	0	0	0	0	0	0	0	0	0	0	0	0	0	0	0	0	1.85011317089665	0.241273286067263	-2.22840312389761	0.592443852028073
0.00118762	0.222802	0.810914	-0.0124927	-0.0068346	-0.00519296	-0.05819708	0.104904	0.286448	0.0034266	-0.000885650000000001	-0.00101211	0.71576708	-0.0111989617	-0.0475893965	0.0315490697	0.0340984296	-0.0461301902	-0.0143723053	0.0522760543	-0.0079819045	-0.048862844	0.0288765622	0.0365146908	-0.0444909208	-0.0174895484	0.0519697758	-0.0047336909	-0.0499455618	0.0260913389	0.0387884217	-0.042677987	-0.0205385235	0.0514606403	0.0127127119	-0.0696604958	-0.031404088	-0.0299292466	0.010731473	-0.0444966202	-0.0584650801	0	0	0	0	0	0	0	0	0	0	0	0	0	0	0	0	0	0	0	0	0	0	0	0	0	0	0	0	0	0	0	0	0	0	0	0	0	0	0	0	0	0	0	0	0	0	0	0	0	0	0	0	0	0	0	0	0	0	0	0	0	0	0	0	0	0	1.88080685811755	-0.065521234901075	-2.22840312389761	0.592443852028073
0.00130651	0.265495	0.778807	-0.011168	-0.00842502	-0.00457032	0.000118890000000001	0.042693	-0.0321070000000001	0.0013247	-0.00159042	0.00062264	0.25180689	-0.0114193591	-0.0473990497	0.0320869629	0.0334080384	-0.0466540082	-0.0130652981	0.0523509242	-0.0097614921	-0.0480945804	0.030732371	0.0346942175	-0.0458602343	-0.0146975897	0.0522688852	-0.0080934286	-0.048739874	0.0293456776	0.0359441567	-0.045018557	-0.016314529	0.0521322486	0.0198661396	-0.0834002038	-0.0158864954	-0.0025160172	0.0108572448	0.0023069159	-0.0086881544	0	0	0	0	0	0	0	0	0	0	0	0	0	0	0	0	0	0	0	0	0	0	0	0	0	0	0	0	0	0	0	0	0	0	0	0	0	0	0	0	0	0	0	0	0	0	0	0	0	0	0	0	0	0	0	0	0	0	0	0	0	0	0	0	0	0	1.72125605367302	-0.234066951574071	-2.22840312389761	0.592443852028073
-0.0565223	0.299276	0.856551	-0.00873244	-0.00798443	-0.00412487	-0.05782881	0.0337810000000001	0.0777440000000001	0.00243556	0.000440589999999999	0.00044545	0.33543381	-0.0116395445	-0.0472051818	0.0326194932	0.0327077205	-0.0471561663	-0.0117495564	0.0523781585	-0.0115294786	-0.0472539781	0.0325311144	0.0327957961	-0.0471069319	-0.0118595137	0.0523777937	-0.0114193591	-0.047302555	0.0324425845	0.0328837193	-0.0470574788	-0.011969416	0.0523771858	0.0115922225	-0.0846778575	0.0054290216	-0.0127972358	0.0198044579	-0.0058421247	0.0151817247	0	0	0	0	0	0	0	0	0	0	0	0	0	0	0	0	0	0	0	0	0	0	0	0	0	0	0	0	0	0	0	0	0	0	0	0	0	0	0	0	0	0	0	0	0	0	0	0	0	0	0	0	0	0	0	0	0	0	0	0	0	0	0	0	0	0	1.63908866895657	0.094307863437278	-2.22840312389761	0.592443852028073
-0.10993	0.363117	1.1557	-0.00753558	-0.00952154	-0.00421589	-0.0534077	0.063841	0.299149	0.00119686	-0.00153711	-9.10199999999998e-05	0.5576472	-0.0118595137	-0.0470078072	0.0331465714	0.0319976841	-0.0476364314	-0.0104259597	0.0523577323	-0.0132837629	-0.0463423012	0.0342694522	0.0308236917	-0.0482276804	-0.0089842256	0.0522961052	-0.0146975897	-0.0456404355	0.0353654455	0.0296255153	-0.0487810905	-0.0075354425	0.0521934471	-0.0272394879	0.0003897629	-0.0378502936	0.0377728174	0.0451770801	0.0633649785	-0.0144641461	0	0	0	0	0	0	0	0	0	0	0	0	0	0	0	0	0	0	0	0	0	0	0	0	0	0	0	0	0	0	0	0	0	0	0	0	0	0	0	0	0	0	0	0	0	0	0	0	0	0	0	0	0	0	0	0	0	0	0	0	0	0	0	0	0	0	1.65919262042471	-0.023574304939883	0.448081059024295	0.592443852028073
0.0887326	0.224615	1.53141	-0.0134384	-0.0133079	-0.00101605	0.1986626	-0.138502	0.37571	-0.00590282	-0.00378636	0.00319984	1.3573256	-0.0120792627	-0.0468069407	0.0336681095	0.03127814	-0.0480945804	-0.0090953929	0.0522896643	-0.0150222601	-0.0453609212	0.0359441567	0.0287823352	-0.0492194833	-0.0060807472	0.0520241169	-0.0179144269	-0.0437614146	0.0380985803	0.02618914	-0.050177843	-0.0030455261	0.0515825363	-0.0296350233	0.0415382226	0.0915418664	0.0120732247	0.0958689166	-0.0111599449	-0.0895487739	0	0	0	0	0	0	0	0	0	0	0	0	0	0	0	0	0	0	0	0	0	0	0	0	0	0	0	0	0	0	0	0	0	0	1	0	0	0	0	0	0	0	0	0	0	0	0	0	0	0	0	0	0	0	0	0	0	0	0	0	0	0	0	0	0	0	1.61723097772598	0.061376964084659	0.448081059024295	0.592443852028073
0.158883	0.393452	1.24842	-0.0114713	-0.0144911	-0.00028456	0.0701504	0.168837	-0.28299	0.0019671	-0.0011832	0.00073149	0.7160669	-0.0122987873	-0.0466025972	0.0341840202	0.030549302	-0.0485304007	-0.0077587455	0.0521740164	-0.016742904	-0.044311314	0.0375521182	0.0266763128	-0.0500796887	-0.003158189	0.0515628185	-0.0210564335	-0.0416744222	0.0406273263	0.0225952602	-0.0512383773	0.0014670001	0.0505494535	-0.000641172	0.0190361529	0.0630097717	-0.0022883871	0.0072773406	0.036824538	-0.0329238653	0	0	0	0	0	0	0	0	0	0	0	0	0	0	0	0	0	0	0	0	0	0	0	0	0	0	0	0	0	0	0	0	0	0	0	0	0	0	0	0	0	0	0	0	0	0	0	0	0	0	0	0	0	0	0	0	0	0	0	0	0	0	0	0	0	0	1.51938890718332	0.428251499345067	0.448081059024295	0.592443852028073
0.194013	0.2892	1.10932	-0.00946953	-0.0123522	-0.00119505	0.03513	-0.104252	-0.1391	0.00200177	0.0021389	-0.00091049	0.53104	-0.0125180835	-0.0463947917	0.0346942175	0.0298113868	-0.04894369	-0.0064169112	0.0520108938	-0.0184436498	-0.0431950583	0.039090351	0.0245103563	-0.0508059967	-0.0002257211	0.0509138886	-0.024110485	-0.0393893764	0.0429381175	0.0188654898	-0.0519555872	0.0059686353	0.0491026536	0.0095249201	0.0071881794	-0.0444578675	-0.0020195681	0.0077664945	0.038995419	0.021710983	0	0	0	0	0	0	0	0	0	0	0	0	0	0	0	0	0	0	0	0	0	0	0	0	0	0	0	0	0	0	0	0	0	0	0	0	0	0	0	0	0	0	0	0	0	0	0	0	0	0	0	0	0	0	0	0	0	0	0	0	0	0	0	0	0	0	1.16175256372844	0.398721623131444	0.448081059024295	0.592443852028073
0.17356	0.412533	1.29441	-0.00808043	-0.0133139	-0.000860184	-0.020453	0.123333	0.18509	0.0013891	-0.000961700000000001	0.000334866	0.4631593	-0.0127371473	-0.0461835398	0.0351986159	0.0290646136	-0.0493342563	-0.0050707869	0.0518004449	-0.0201224762	-0.0420138333	0.0405559987	0.0222893319	-0.0513964655	0.0027074549	0.0500796887	-0.0270638244	-0.0369171367	0.045018557	0.0150222601	-0.052324667	0.0104259597	0.0472539781	-0.0098422565	0.0158363575	-0.0171603634	0.0258405476	0.0077034286	0.0438570106	0.0330216565	0	0	0	0	0	0	0	0	0	0	0	0	0	0	0	0	0	0	0	0	0	0	0	0	0	0	0	0	0	0	0	0	0	0	0	0	0	0	0	0	0	0	0	0	0	0	0	0	0	0	0	0	0	0	0	0	0	0	0	0	0	0	0	0	0	0	1.13485406690355	0.282967972733938	0.448081059024295	0.592443852028073
0.169334	0.412611	1.38511	-0.00788523	-0.0134815	-0.000285565	-0.00422600000000001	7.7999999999967e-05	0.0907	0.000195199999999998	-0.000167599999999999	0.000574619	0.14187495	-0.0129559745	-0.0459688572	0.0356971313	0.0283092043	-0.0497019183	-0.0037212726	0.0515428613	-0.021777388	-0.0407694154	0.0419463399	0.0200182296	-0.0518495163	0.0056321357	0.0490632542	-0.0299041152	-0.0342694522	0.0468574839	0.0110886847	-0.0523431439	0.0148058821	0.045018557	-0.0212487853	0.0216581641	-0.0235555492	0.0230174866	0.0306888533	0.0598672817	-0.0208757144	0	0	0	0	0	0	0	0	0	0	0	0	0	0	0	0	0	0	0	0	0	0	0	0	0	0	0	0	0	0	0	0	0	0	0	0	0	0	0	0	0	0	0	0	0	0	0	0	0	0	0	0	0	0	0	0	0	0	0	0	0	0	0	0	0	0	1.08815692553273	-0.025798922021322	0.448081059024295	0.592443852028073
0.151663	0.487936	1.52829	-0.00849248	-0.0129573	-0.000342891	-0.017671	0.075325	0.14318	-0.00060725	0.000524200000000002	-5.7326e-05	0.2956148	-0.0131745611	-0.0457507597	0.0361896802	0.0275453833	-0.0500465054	-0.0023692706	0.0512383773	-0.0234064185	-0.0394636764	0.0432587929	0.017702152	-0.0521639377	0.0085391442	0.0478682839	-0.0326194932	-0.0314589057	0.0484450328	0.0070884207	-0.0520108938	0.0190758861	0.0424146861	-0.0370441128	0.0402684269	0.0085501356	0.0433199844	0.026585155	0.0514765871	-0.0398674439	0	0	0	0	0	0	0	0	0	0	0	0	0	0	0	0	0	0	0	0	0	0	0	0	0	0	0	0	0	0	0	0	0	0	0	0	0	0	0	0	0	0	0	0	0	0	0	0	0	0	0	0	0	0	0	0	0	0	0	0	0	0	0	0	0	0	1.15389114200853	-0.15426000509481	0.448081059024295	0.592443852028073
0.144461	0.393113	1.47861	-0.00824166	-0.0127613	-0.000150752	-0.00720200000000004	-0.094823	-0.0496799999999999	0.000250820000000002	0.000195999999999998	0.000192139	0.18365295	-0.013392903	-0.0455292636	0.0366761804	0.0267733776	-0.0503678575	-0.0010156846	0.0508872699	-0.0250076315	-0.0380985803	0.0444909208	0.0153463027	-0.0523388891	0.0114193591	0.0464991262	-0.0351986159	-0.028498854	0.049772687	0.0030455261	-0.0513301431	0.0232042715	0.0394636764	-0.0217975811	0.0342956395	-0.0134521951	0.0304298652	0.0167368935	0.0718432177	-0.0635438173	0	0	0	0	0	0	0	0	0	0	0	0	0	0	0	0	0	0	0	0	0	0	0	0	0	0	0	0	0	0	0	0	0	0	0	0	0	0	0	0	0	0	0	0	0	0	0	0	0	0	0	0	0	0	0	0	0	0	0	0	0	0	0	0	0	0	0.697937325927884	0.039489000163742	0.448081059024295	0.592443852028073
0.148764	0.467616	1.52424	-0.00825405	-0.0132116	0.000147302	0.00430300000000003	0.074503	0.0456300000000001	-1.23900000000027e-05	-0.000450300000000002	0.000298054	0.1624732	-0.0136109962	-0.0453043854	0.0371565505	0.0259934166	-0.0506658255	0.0003385804	0.0504898588	-0.0265791242	-0.0366761804	0.0456404355	0.0129559745	-0.0523739028	0.014263743	0.0449607632	-0.0376307102	-0.0254033645	0.0508333239	-0.0010156846	-0.0503054532	0.0271603893	0.0361896802	-0.0269576107	0.0384509928	0.0188960163	0.0392322499	0.004461983	0.0525927274	-0.0167206315	0	0	0	0	0	0	0	0	0	0	0	0	0	0	0	0	0	0	0	0	0	0	0	0	0	0	0	0	0	0	0	0	0	0	0	0	0	0	0	0	0	0	0	0	0	0	0	0	0	0	0	0	0	0	0	0	0	0	0	0	0	0	0	0	0	0	1.76877187447528	-0.032481403764683	0.448081059024295	0.592443852028073
0.175519	0.424326	1.52423	-0.00930528	-0.0133303	0.000145197	0.026755	-0.0432899999999999	-1.00000000000655e-05	-0.00105123	-0.000118699999999998	-2.10499999999999e-06	0.12865675	-0.0138288366	-0.0450761418	0.0376307102	0.0252057321	-0.050940271	0.0016926191	0.0500465054	-0.0281190288	-0.0351986159	0.0467052026	0.0105365379	-0.0522688852	0.0170633708	0.0432587929	-0.0399056168	-0.0221871482	0.0516212534	-0.0050707869	-0.04894369	0.0309148693	0.0326194932	-0.0131853227	0.0395464328	-0.038262363	0.0182150115	0.0057270279	0.075626037	-0.0041187174	0	0	0	0	0	0	0	0	0	0	0	0	0	0	0	0	0	0	0	0	0	0	0	0	0	0	0	0	0	0	0	0	0	0	0	0	0	0	0	0	0	0	0	0	0	0	0	0	0	0	0	0	0	0	0	0	0	0	0	0	0	0	0	0	0	0	2.3223581519983	0.117288847190314	0.448081059024295	0.592443852028073
0.123026	0.216798	2.11455	-0.0151617	-0.0138133	-0.000342892	-0.052493	-0.207528	0.59032	-0.00585642	-0.000482999999999999	-0.000488089	1.19171645	-0.0140464202	-0.0448445497	0.0380985803	0.024410558	-0.0511910666	0.0030455261	0.0495576132	-0.0296255153	-0.0336681095	0.0476832451	0.0080934286	-0.0520241169	0.0198094581	0.0413994086	-0.0420138333	-0.0188654898	0.0521322486	-0.0090953929	-0.0472539781	0.0344398384	0.0287823352	-0.073961614	0.1027041197	0.1115164531	0.0192508039	-0.0447175502	-0.0506546063	-0.0069509825	0	0	0	0	0	0	0	0	0	0	0	0	0	0	0	0	0	0	0	0	0	0	0	0	0	0	0	0	0	0	0	0	0	0	0	1	0	0	0	0	0	0	0	0	0	0	0	0	0	0	0	0	0	0	0	0	0	0	0	0	0	0	0	0	0	0	2.19299723204763	0.124189268877319	-2.22840312389761	0.592443852028073
-0.514313	-2.84089	5.67486	-0.114375	-0.0144532	-0.00873742	-0.637339	-3.057688	3.56031	-0.0992133	-0.000639900000000002	-0.008394528	12.6677234	-0.014263743	-0.0446096262	0.0385600826	0.0236081307	-0.0514180959	0.0043963972	0.049023627	-0.0310967934	-0.0320869629	0.0485727468	0.0056321357	-0.0516402525	0.0224933884	0.0393893764	-0.0439465533	-0.015454175	0.0523635681	-0.0130652981	-0.0452476394	0.0377091275	0.024709611	-0.0038200168	0.1295593718	0.0640744511	0.100428772	-0.1307169892	-0.1416764634	0.0038481361	0	0	0	0	0	0	0	0	0	0	0	0	0	0	0	0	0	0	0	0	0	0	0	0	0	0	0	0	0	0	0	0	0	0	0	0	1	0	0	0	0	0	0	0	0	0	0	0	0	0	0	0	0	0	0	0	0	0	0	0	0	0	0	0	0	0	1.82334340307737	0.611273953412819	-2.22840312389761	0.592443852028073
0.00717651	-0.831263	2.42493	-0.0614657	-0.0141439	0.000242161	0.52148951	2.009627	-3.24993	0.0529093	0.000309300000000002	0.008979581	8.89095556	-0.0144808008	-0.044371389	0.03901514	0.0227986886	-0.0516212534	0.0057443291	0.0484450328	-0.0325311144	-0.0304575546	0.0493720561	0.003158189	-0.0511183183	0.0251067401	0.0372360105	-0.0456957037	-0.011969416	0.0523139709	-0.0169566271	-0.0429381175	0.0406984653	0.0204346535	0.0885949444	0.1031216596	0.1878498096	-0.0743376037	0.1413740479	-0.077139375	0.1639974732	0	0	0	0	0	0	0	0	0	0	0	0	0	0	0	0	0	0	0	0	0	0	0	0	0	0	0	0	0	0	0	0	0	0	0	0	0	1	0	0	0	0	0	0	0	0	0	0	0	0	0	0	0	0	0	0	0	0	0	0	0	0	0	0	0	0	1.55904731940015	-0.092600112284459	-2.22840312389761	0.592443852028073
0.0682671	0.0121291	1.25332	-0.0230134	-0.0111513	-0.00321814	0.06109059	0.8433921	-1.17161	0.0384523	0.0029926	-0.003460301	4.32135274	-0.0146975897	-0.0441298556	0.0394636764	0.0219824722	-0.0518004449	0.0070884207	0.0478223571	-0.0339267737	-0.0287823352	0.0500796887	0.0006771467	-0.0504597097	0.0276413132	0.0349471469	-0.0472539781	-0.0084277735	0.0519837232	-0.0207459769	-0.0403408874	0.0433856593	0.0159924506	0.0971551024	0.0286724159	-0.0222607695	0.025506761	0.0233645421	-0.0815272965	0.0949052572	0	0	0	0	0	0	0	0	0	0	0	0	0	0	0	0	0	0	0	0	0	0	0	0	0	0	0	0	0	0	0	0	0	0	0	0	0	0	1	0	0	0	0	0	0	0	0	0	0	0	0	0	0	0	0	0	0	0	0	0	0	0	0	0	0	0	0.990539899222927	0.420975675659607	-2.22840312389761	0.592443852028073
0.0252789	0.180466	1.25288	-0.0158938	-0.0105079	-0.00269936	-0.0429882	0.1683369	-0.000439999999999996	0.0071196	0.000643400000000001	0.00051878	0.6258541	-0.0149141057	-0.043885044	0.0399056168	0.0211597241	-0.0519555872	0.0084277735	0.0471561663	-0.0352821126	-0.0270638244	0.0506943307	-0.001805417	-0.0496661877	0.0300891549	0.0325311144	-0.0486148674	-0.0048460789	0.0513745965	-0.024410558	-0.0374733519	0.0457507597	0.0114193591	0.0851220172	0.0289320567	-0.0026770982	-0.0329023364	0.0234749907	-0.0326362599	0.0569726881	0	0	0	0	0	0	0	0	0	0	0	0	0	0	0	0	0	0	0	0	0	0	0	0	0	0	0	0	0	0	0	0	0	0	0	0	0	0	0	0	0	0	0	0	0	0	0	0	0	0	0	0	0	0	0	0	0	0	0	0	0	0	0	0	0	0	0.966548146563377	0.537162917656613	-2.22840312389761	0.592443852028073
0.300452	-0.0235742	0.553685	-0.0136444	-0.0100935	-0.00128472	0.2751731	-0.2040402	-0.699195	0.0022494	0.000414399999999999	0.00141464	1.3823303	-0.0151303447	-0.0436369724	0.0403408874	0.0203306886	-0.0520866082	0.0097614921	0.0464470668	-0.0365955205	-0.025304607	0.0512148408	-0.0042839244	-0.048739874	0.0324425845	0.0299967047	-0.049772687	-0.0012413539	0.0504898588	-0.0279283311	-0.0343547251	0.0477762082	0.006752807	0.1485249475	-0.1059223502	0.0492335372	-0.059045722	0.0495147702	-0.1324703449	0.1310049175	0	0	0	0	0	0	0	0	0	0	0	0	0	0	0	0	0	0	0	0	0	0	0	0	0	0	0	0	0	0	0	0	0	0	0	0	0	0	0	1	0	0	0	0	0	0	0	0	0	0	0	0	0	0	0	0	0	0	0	0	0	0	0	0	0	0	0.727018659200652	0.290037804093549	0.448081059024295	0.592443852028073
0.147579	0.426117	1.13641	-0.00623195	-0.0136534	7.72432e-05	-0.152873	0.4496912	0.582725	0.00741245	-0.0035599	0.0013619632	1.80200486	-0.0153463027	-0.0433856593	0.0407694154	0.0194956122	-0.0521934471	0.0110886847	0.0456957037	-0.0378654364	-0.0235073292	0.0516402525	-0.006752807	-0.0476832451	0.0346942175	0.0273531403	-0.0507226006	0.0023692706	0.0493342563	-0.03127814	-0.0310059033	0.0494469678	0.0020309873	0.0778349419	-0.0044799663	-0.0460430423	-0.0839911988	-0.0420181209	0.0401055669	0.0126114494	0	0	0	0	0	0	0	0	0	0	0	0	0	0	0	0	0	0	0	0	0	0	0	0	0	0	0	0	0	0	0	0	0	0	0	0	0	0	0	0	1	0	0	0	0	0	0	0	0	0	0	0	0	0	0	0	0	0	0	0	0	0	0	0	0	0	0.254394282540458	1.6518083363407	0.448081059024295	0.592443852028073
0.154521	0.448687	1.35223	-0.00232504	-0.0153568	0.000741474	0.006942	0.02257	0.21582	0.00390691	-0.0017034	0.0006642308	0.55905904	-0.0155619757	-0.0431311232	0.0411911291	0.018654743	-0.0522760543	0.0124084642	0.0449027607	-0.039090351	-0.021674694	0.0519697758	-0.009206518	-0.0464991262	0.0368369888	0.0246100408	-0.0514606403	0.0059686353	0.0479139886	-0.0344398384	-0.0274493255	0.050750635	-0.0027074549	0.0082645303	0.0049173085	-0.0186779505	-0.0005590926	0.0099178307	0.0077169939	-0.0086148128	0	0	0	0	0	0	0	0	0	0	0	0	0	0	0	0	0	0	0	0	0	0	0	0	0	0	0	0	0	0	0	0	0	0	0	0	0	0	0	0	0	0	0	0	0	0	0	0	0	0	0	0	0	0	0	0	0	0	0	0	0	0	0	0	0	0	0.057941163150579	0.927093686594732	0.448081059024295	0.592443852028073
0.127379	0.428554	1.35921	-0.00126409	-0.0150325	0.00086093	-0.027142	-0.020133	0.00698000000000021	0.00106095	0.0003243	0.000119456	0.1294903	-0.0157773596	-0.0428733831	0.0416059582	0.0178083308	-0.0523343914	0.0137199483	0.0440689593	-0.0402688086	-0.0198094581	0.0522027989	-0.0116395445	-0.0451906832	0.0388641751	0.021777388	-0.0519837232	0.0095396348	0.046236675	-0.0373944116	-0.0237088227	0.0516775313	-0.0074237382	0.0057875231	0.0025919025	-0.0196943719	-0.0034323284	0.0135699036	0.0133813061	-0.0108010179	0	0	0	0	0	0	0	0	0	0	0	0	0	0	0	0	0	0	0	0	0	0	0	0	0	0	0	0	0	0	0	0	0	0	0	0	0	0	0	0	0	0	0	0	0	0	0	0	0	0	0	0	0	0	0	0	0	0	0	0	0	0	0	0	0	0	-0.712353758232278	0.010760996600138	0.448081059024295	0.592443852028073
0.130662	0.442048	1.42481	-0.00207558	-0.0147413	0.0004142	0.00328300000000001	0.013494	0.0656000000000001	-0.00081149	0.0002912	-0.00044673	0.159848	-0.0159924506	-0.0426124582	0.0420138333	0.0169566271	-0.0523684314	0.0150222601	0.0431950583	-0.0413994086	-0.0179144269	0.0523388891	-0.0140464202	-0.0437614146	0.0407694154	0.0188654898	-0.0522896643	0.0130652981	0.044311314	-0.0401240904	-0.0198094581	0.0522207755	-0.0120792627	0.0044132083	0.0107517422	-0.0215867059	0.0182280818	0.0249112171	-0.0016917006	-0.0107552195	0	0	0	0	0	0	0	0	0	0	0	0	0	0	0	0	0	0	0	0	0	0	0	0	0	0	0	0	0	0	0	0	0	0	0	0	0	0	0	0	0	0	0	0	0	0	0	0	0	0	0	0	0	0	0	0	0	0	0	0	0	0	0	0	0	0	-0.288542062212778	1.11603962220535	-2.22840312389761	0.592443852028073
0.132381	0.405213	1.38757	-0.00268891	-0.0145977	0.000106324	0.001719	-0.036835	-0.0372400000000002	-0.00061333	0.000143599999999999	-0.000307876	0.1290343	-0.0162072446	-0.0423483678	0.0424146861	0.016099885	-0.0523781585	0.016314529	0.0422818529	-0.0424808075	-0.0159924506	0.0523777937	-0.0164217376	-0.0422151417	0.0425467316	0.015884942	-0.0523771858	0.01652887	0.0421482344	-0.0426124582	-0.0157773596	0.0523763346	-0.0166359256	0.0223650438	0.0109858786	-0.0249022142	0.0130308527	-0.0061440239	0.0163840006	-0.0260234011	0	0	0	0	0	0	0	0	0	0	0	0	0	0	0	0	0	0	0	0	0	0	0	0	0	0	0	0	0	0	0	0	0	0	0	0	0	0	0	0	0	0	0	0	0	0	0	0	0	0	0	0	0	0	0	0	0	0	0	0	0	0	0	0	0	0	0.074417549762409	-0.038041380009491	0.448081059024295	0.592443852028073
0.127199	0.40471	1.36714	-0.00320046	-0.0145847	0.000106324	-0.00518199999999999	-0.000502999999999976	-0.0204299999999999	-0.00051155	1.29999999999991e-05	0	0.0523424999999999	-0.0164217376	-0.0420811315	0.0428084497	0.015238359	-0.0523635681	0.0175958911	0.0413301739	-0.0435117199	-0.0140464202	0.0523194405	-0.0187601599	-0.0405559987	0.044190547	0.0128465907	-0.0522459219	0.0199138901	0.0397590408	-0.0448445497	-0.0116395445	0.0521430537	-0.0210564335	0.035547238	0.0069145426	-0.014548195	0.0089824768	0.0067550309	0.0122942994	0.0141454247	0	0	0	0	0	0	0	0	0	0	0	0	0	0	0	0	0	0	0	0	0	0	0	0	0	0	0	0	0	0	0	0	0	0	0	0	0	0	0	0	0	0	0	0	0	0	0	0	0	0	0	0	0	0	0	0	0	0	0	0	0	0	0	0	0	0	-0.324405901438903	0.765242288462674	0.448081059024295	0.592443852028073
0.123929	0.445992	1.40859	-0.00268891	-0.0147528	0.000308299	-0.00327000000000001	0.041282	0.04145	0.00051155	-0.000168099999999999	0.000201975	0.13008325	-0.0166359256	-0.0418107693	0.0431950583	0.0143723053	-0.052324667	0.0188654898	0.0403408874	-0.0444909208	-0.0120792627	0.0521639377	-0.0210564335	-0.0387884217	0.0456957037	0.0097614921	-0.051896421	0.0232042715	0.0371565505	-0.0468069407	-0.0074237382	0.0515226647	-0.025304607	0.0268630428	0.0143002618	-0.0213338239	0.019707556	-0.0105573901	0.0205638302	0.0164539765	0	0	0	0	0	0	0	0	0	0	0	0	0	0	0	0	0	0	0	0	0	0	0	0	0	0	0	0	0	0	0	0	0	0	0	0	0	0	0	0	0	0	0	0	0	0	0	0	0	0	0	0	0	0	0	0	0	0	0	0	0	0	0	0	0	0	-0.724024570670156	1.85541389266086	0.448081059024295	0.592443852028073
0.115537	0.429345	1.2619	-0.00157855	-0.014124	0.00046806	-0.00839200000000001	-0.016647	-0.14669	0.00111036	0.000628799999999999	0.000159761	0.26667505	-0.0168498047	-0.0415373011	0.0435744473	0.0135019809	-0.0522614734	0.0201224762	0.0393148935	-0.0454172463	-0.0100939368	0.0519115742	-0.0233053991	-0.0369171367	0.0470574788	0.0066408724	-0.0513301431	0.0263843771	0.0343547251	-0.0484878293	-0.003158189	0.0505197734	-0.0293456776	0.0522680774	-0.003250729	-0.0173837783	0.0036899935	-0.0324815682	0.0357667594	0.0639816062	0	0	0	0	0	0	0	0	0	0	0	0	0	0	0	0	0	0	0	0	0	0	0	0	0	0	0	0	0	0	0	0	0	0	0	0	0	0	0	0	0	0	0	0	0	0	0	0	0	0	0	0	0	0	0	0	0	0	0	0	0	0	0	0	0	0	-0.365225653030198	0.671337118538702	-2.22840312389761	0.592443852028073
0.130426	0.482847	1.37931	-0.00243195	-0.0144369	0.000408613	0.014889	0.053502	0.11741	-0.0008534	-0.0003129	-5.9447e-05	0.24708835	-0.0170633708	-0.0412607473	0.0439465533	0.0126276447	-0.0521740164	0.0213660101	0.0382531258	-0.0462895956	-0.0080934286	0.0515628185	-0.0255020041	-0.0349471469	0.0482715996	0.0034960873	-0.0505494535	0.0294390937	0.0313685957	-0.0498771065	0.0011285219	0.0491418251	-0.0331465714	0.0380766047	0.0124818973	-0.0254986904	0.0231079206	-0.0134683417	0.0236071906	0.0488479168	0	0	0	0	0	0	0	0	0	0	0	0	0	0	0	0	0	0	0	0	0	0	0	0	0	0	0	0	0	0	0	0	0	0	0	0	0	0	0	0	0	0	0	0	0	0	0	0	0	0	0	0	0	0	0	0	0	0	0	0	0	0	0	0	0	0	-0.230962226273039	0.722873025637331	-2.22840312389761	0.592443852028073
0.0668317	0.725952	1.42313	0.0159688	-0.012496	-0.000282059	-0.0635943	0.243105	0.04382	0.01840075	0.0019409	-0.000690672	1.4021354	-0.01727662	-0.0409811285	0.044311314	0.0117495564	-0.0520623368	0.0225952602	0.0371565505	-0.0471069319	-0.0060807472	0.0511183183	-0.0276413132	-0.0328837193	0.0493342563	0.0003385804	-0.0495576132	0.032353904	0.028214182	-0.0509664168	0.005407671	0.0473990497	-0.0366761804	-0.0857402779	-0.1012178238	0.0257131585	-0.0135383872	-0.0150660743	-0.0105058922	-0.0312431208	0	0	0	0	0	0	0	0	0	0	0	0	0	0	0	0	0	0	0	0	0	0	0	0	0	0	0	0	0	0	0	0	0	0	0	0	0	0	0	0	0	1	0	0	0	0	0	0	0	0	0	0	0	0	0	0	0	0	0	0	0	0	0	0	0	0	0.215151384092385	0.253377004627558	0.448081059024295	0.592443852028073
0.0591268	0.818291	1.56488	0.0202932	-0.0083768	-0.00360576	-0.00770489999999999	0.092339	0.14175	0.0043244	0.0041192	-0.003323701	0.83015895	-0.0174895484	-0.0406984653	0.0446686685	0.0108679768	-0.0519264863	0.0238094045	0.0360261653	-0.0478682839	-0.0040589197	0.0505788988	-0.0297185201	-0.030732371	0.0502421146	-0.0028201586	-0.0483587652	0.0351149558	0.0249084068	-0.0517492091	0.0096505858	0.0453043854	-0.0399056168	-0.0999136063	-0.0971386041	-0.0351078571	-0.0300854931	0.0662715291	-0.0397690708	-0.0046820589	0	0	0	0	0	0	0	0	0	0	0	0	0	0	0	0	0	0	0	0	0	0	0	0	0	0	0	0	0	0	0	0	0	0	0	0	0	0	0	0	0	0	0	0	0	0	0	0	0	0	0	0	0	0	0	0	0	0	0	0	0	0	0	0	0	0	-0.127815718071813	-1.1119554392548	0.448081059024295	0.592443852028073
0.0541846	0.755097	1.58198	0.0171819	-0.00917397	-0.00263719	-0.0049422	-0.063194	0.0171000000000001	-0.0031113	-0.000797170000000002	0.00096857	0.3290882	-0.017702152	-0.0404127789	0.045018557	0.009983168	-0.051766528	0.0250076315	0.0348629988	-0.0485727468	-0.0020309873	0.0499455618	-0.0317289578	-0.028498854	0.050992326	-0.0059686353	-0.0469579174	0.0377091275	0.0214690046	-0.0522207755	0.0138288366	0.0428733831	-0.0428084497	-0.0983790927	-0.0687271846	0.0067870937	0.0011390048	-0.0236079238	-0.0413659688	-0.0854354049	0	0	0	0	0	0	0	0	0	0	0	0	0	0	0	0	0	0	0	0	0	0	0	0	0	0	0	0	0	0	0	0	0	0	0	0	0	0	0	0	0	0	0	0	0	0	0	0	0	0	0	0	0	0	0	0	0	0	0	0	0	0	0	0	0	0	-2.397613394133	-1.12379261272189	0.448081059024295	0.592443852028073
0.0454654	0.724846	1.58267	0.0174667	-0.00972915	-0.00248343	-0.00871919999999999	-0.030251	0.000690000000000079	0.000284800000000002	-0.000555180000000001	0.00015376	0.0893472000000002	-0.0179144269	-0.0401240904	0.0453609212	0.0090953929	-0.0515825363	0.02618914	0.0336681095	-0.0492194833	0	0.0492194833	-0.0336681095	-0.02618914	0.0515825363	-0.0090953929	-0.0453609212	0.0401240904	0.0179144269	-0.0523782801	0.0179144269	0.0401240904	-0.0453609212	-0.0960251038	-0.0719152123	-0.0092846562	0.0063162943	-0.0267212273	0.0036454274	-0.0325732527	0	0	0	0	0	0	0	0	0	0	0	0	0	0	0	0	0	0	0	0	0	0	0	0	0	0	0	0	0	0	0	0	0	0	0	0	0	0	0	0	0	0	0	0	0	0	0	0	0	0	0	0	0	0	0	0	0	0	0	0	0	0	0	0	0	0	0.62799117047672	-1.11814482343311	0.448081059024295	0.592443852028073
0.0433601	0.736546	1.65065	0.0144569	-0.00958862	-0.00231621	-0.0021053	0.0117	0.0679799999999999	-0.0030098	0.00014053	0.00016722	0.2476628	-0.018126369	-0.0398324213	0.0456957037	0.0082049152	-0.0513745965	0.0273531403	0.0324425845	-0.0498077248	0.0020309873	0.0484020114	-0.0355316183	-0.0238094045	0.0520108938	-0.0121890533	-0.0435744473	0.0423483678	0.014263743	-0.0522207755	0.0218799809	0.0370769179	-0.0475421407	-0.0949699595	-0.0377863511	0.0063991202	0.0131067155	-0.0425468121	0.0140562416	-0.0447347046	0	0	0	0	0	0	0	0	0	0	0	0	0	0	0	0	0	0	0	0	0	0	0	0	0	0	0	0	0	0	0	0	0	0	0	0	0	0	0	0	0	0	0	0	0	0	0	0	0	0	0	0	0	0	0	0	0	0	0	0	0	0	0	0	0	0	0.575516658985418	-1.1227251639068	0.448081059024295	0.592443852028073
0.0229141	0.649192	1.62375	0.011337	-0.010969	-0.00292774	-0.020446	-0.087354	-0.0268999999999999	-0.0031199	-0.00138038	-0.00061153	0.3902905	-0.0183379745	-0.0395377932	0.0460228486	0.0073119995	-0.0511428052	0.028498854	0.0311875391	-0.0503367722	0.0040589197	0.0474946641	-0.0373152977	-0.0213660101	0.0522760543	-0.015238359	-0.0416059582	0.044371389	0.0105365379	-0.0517492091	0.0256989275	0.0337544877	-0.0493342563	-0.0884614945	-0.0263952775	0.0031145549	0.0005805383	-0.0284262039	0.0364917475	-0.0258363207	0	0	0	0	0	0	0	0	0	0	0	0	0	0	0	0	0	0	0	0	0	0	0	0	0	0	0	0	0	0	0	0	0	0	0	0	0	0	0	0	0	0	0	0	0	0	0	0	0	0	0	0	0	0	0	0	0	0	0	0	0	0	0	0	0	0	0.268106545611878	-1.22554158092598	0.448081059024295	0.592443852028073
0.0226922	0.634557	1.64511	0.0089042	-0.0115433	-0.00289403	-0.000221900000000001	-0.0146350000000001	0.0213599999999998	-0.0024328	-0.0005743	3.37099999999997e-05	0.1882574	-0.0185492395	-0.0392402281	0.0463423012	0.0064169112	-0.0508872699	0.0296255153	0.0299041152	-0.0508059967	0.0060807472	0.0464991262	-0.03901514	-0.0188654898	0.0523771858	-0.0182322141	-0.0394636764	0.0461835398	0.006752807	-0.0509664168	0.0293456776	0.0301814655	-0.0507226006	-0.0795000999	-0.0151857436	0.0150160898	0.004618835	-0.0179907505	0.0038384432	-0.0580544095	0	0	0	0	0	0	0	0	0	0	0	0	0	0	0	0	0	0	0	0	0	0	0	0	0	0	0	0	0	0	0	0	0	0	0	0	0	0	0	0	0	0	0	0	0	0	0	0	0	0	0	0	0	0	0	0	0	0	0	0	0	0	0	0	0	0	1.02037261474914	-1.1816311877226	0.448081059024295	0.592443852028073
0.0226178	0.634433	1.64799	0.0087909	-0.011719	-0.00301359	-7.43999999999988e-05	-0.000123999999999902	0.00288000000000022	-0.000113300000000002	-0.000175700000000001	-0.00011956	0.0235064	-0.0187601599	-0.0389397479	0.0466540082	0.0055199161	-0.0506081094	0.030732371	0.0285934806	-0.0512148408	0.0080934286	0.0454172463	-0.0406273263	-0.016314529	0.0523139709	-0.0211597241	-0.0371565505	0.0477762082	0.0029328492	-0.0498771065	0.0327957961	0.0263843771	-0.0516958108	-0.0778229192	-0.0134607371	-0.0007368008	-0.0002439163	-0.0162441745	0.0078333591	-0.0468167838	0	0	0	0	0	0	0	0	0	0	0	0	0	0	0	0	0	0	0	0	0	0	0	0	0	0	0	0	0	0	0	0	0	0	0	0	0	0	0	0	0	0	0	0	0	0	0	0	0	0	0	0	0	0	0	0	0	0	0	0	0	0	0	0	0	0	-0.168464448394247	-1.14633632085189	0.448081059024295	0.592443852028073
0.0299299	0.651465	1.61798	0.00832305	-0.0119584	-0.00288393	0.0073121	0.0170319999999999	-0.0300100000000001	-0.000467849999999999	-0.000239400000000001	0.00012966	0.0961996	-0.018970732	-0.0386363752	0.0469579174	0.004621281	-0.0503054532	0.0318186811	0.027256828	-0.0515628185	0.0100939368	0.0442510332	-0.0421482344	-0.0137199483	0.0520866082	-0.0240102362	-0.0346942175	0.0491418251	-0.0009028426	-0.0484878293	0.0360261653	0.0223914121	-0.0522459219	-0.0697706005	-0.0125864356	0.0048432793	0.0045166802	-0.0152862476	-0.0045171125	-0.0477396169	0	0	0	0	0	0	0	0	0	0	0	0	0	0	0	0	0	0	0	0	0	0	0	0	0	0	0	0	0	0	0	0	0	0	0	0	0	0	0	0	0	0	0	0	0	0	0	0	0	0	0	0	0	0	0	0	0	0	0	0	0	0	0	0	0	0	0.332347567362983	-1.1540283358647	0.448081059024295	0.592443852028073
0.024601	0.619292	1.57528	0.00825843	-0.0119727	-0.00273865	-0.0053289	-0.032173	-0.0427	-6.46199999999996e-05	-1.43000000000001e-05	0.00014528	0.0914118999999999	-0.0191809517	-0.0383301323	0.0472539781	0.0037212726	-0.0499794418	0.0328837193	0.0258953737	-0.0518495163	0.0120792627	0.0430026525	-0.0435744473	-0.0110886847	0.0516958108	-0.0267733776	-0.0320869629	0.0502739006	-0.0047336909	-0.0468069407	0.03901514	0.0182322141	-0.0523684314	-0.0634355032	-0.0156402844	-0.0057875848	0.000510271	-0.0005397356	0.0140800243	-0.0327034289	0	0	0	0	0	0	0	0	0	0	0	0	0	0	0	0	0	0	0	0	0	0	0	0	0	0	0	0	0	0	0	0	0	0	0	0	0	0	0	0	0	0	0	0	0	0	0	0	0	0	0	0	0	0	0	0	0	0	0	0	0	0	0	0	0	0	-0.708618456150642	-1.23308738662905	0.448081059024295	0.592443852028073
0.0410381	0.613152	1.59077	0.00638164	-0.0118396	-0.00258943	0.0164371	-0.00613999999999992	0.01549	-0.00187679	0.000133100000000001	0.00014922	0.1460226	-0.0193908153	-0.0380210421	0.0475421407	0.0028201586	-0.0496302266	0.0339267737	0.0245103563	-0.0520745933	0.0140464202	0.0416744222	-0.0449027607	-0.0084277735	0.0511428052	-0.0294390937	-0.0293456776	0.0511670547	-0.0085391442	-0.0448445497	0.0417426926	0.0139376608	-0.0520623368	-0.0555534043	-0.003036639	0.0045292492	0.0136561652	0.0004807514	-0.0120212218	-0.0505522661	0	0	0	0	0	0	0	0	0	0	0	0	0	0	0	0	0	0	0	0	0	0	0	0	0	0	0	0	0	0	0	0	0	0	0	0	0	0	0	0	0	0	0	0	0	0	0	0	0	0	0	0	0	0	0	0	0	0	0	0	0	0	0	0	0	0	0.312186814606995	-1.16415081651802	0.448081059024295	0.592443852028073
0.0536985	0.535606	1.45291	0.00472445	-0.0118396	-0.00298917	0.0126604	-0.077546	-0.13786	-0.00165719	0	-0.00039974	0.3309129	-0.0196003187	-0.0377091275	0.0478223571	0.0019182066	-0.0492579697	0.0349471469	0.0231030362	-0.0522377823	0.0159924506	0.0402688086	-0.0461301902	-0.0057443291	0.0504293264	-0.0319976841	-0.0264818121	0.0518170426	-0.0122987873	-0.0426124582	0.044190547	0.0095396348	-0.0513301431	-0.0182066797	0.0006518229	-0.0026685515	0.0042717494	-0.0246377186	0.0241911553	0.0089271069	0	0	0	0	0	0	0	0	0	0	0	0	0	0	0	0	0	0	0	0	0	0	0	0	0	0	0	0	0	0	0	0	0	0	0	0	0	0	0	0	0	0	0	0	0	0	0	0	0	0	0	0	0	0	0	0	0	0	0	0	0	0	0	0	0	0	0.239631813049062	-1.16160757483015	0.448081059024295	0.592443852028073
0.0484419	0.502835	1.30565	0.00167786	-0.0102673	-0.00380751	-0.0052566	-0.032771	-0.14726	-0.00304659	0.0015723	-0.00081834	0.4571491	-0.0198094581	-0.0373944116	0.0480945804	0.0010156846	-0.048862844	0.0359441567	0.021674694	-0.0523388891	0.0179144269	0.0387884217	-0.0472539781	-0.0030455261	0.0495576132	-0.0344398384	-0.0235073292	0.0522207755	-0.0159924506	-0.0401240904	0.0463423012	0.0050707869	-0.050177843	0.0419059123	-0.0004269805	-0.0229849618	-0.0094946215	-0.0100597919	-0.0002286763	0.0594163627	0	0	0	0	0	0	0	0	0	0	0	0	0	0	0	0	0	0	0	0	0	0	0	0	0	0	0	0	0	0	0	0	0	0	0	0	0	0	0	0	0	0	0	0	0	0	0	0	0	0	0	0	0	0	0	0	0	0	0	0	0	0	0	0	0	0	-0.234045548354971	-1.08287032352179	0.448081059024295	0.592443852028073
0.0474117	0.463392	1.26762	0.00222692	-0.0100419	-0.00418781	-0.00103020000000001	-0.039443	-0.03803	0.00054906	0.000225399999999999	-0.0003803	0.1362412	-0.0200182296	-0.0370769179	0.0483587652	0.0001128608	-0.0484450328	0.0369171367	0.0202266294	-0.0523777937	0.0198094581	0.0372360105	-0.0482715996	-0.0003385804	0.0485304007	-0.0367566699	-0.0204346535	0.0523763346	-0.0196003187	-0.0373944116	0.0481835374	0.0005642937	-0.0486148674	0.0455110931	-0.0188591187	-0.0143975157	-0.0071969822	-0.0036954376	-0.0096681848	0.0119134508	0	0	0	0	0	0	0	0	0	0	0	0	0	0	0	0	0	0	0	0	0	0	0	0	0	0	0	0	0	0	0	0	0	0	0	0	0	0	0	0	0	0	0	0	0	0	0	0	0	0	0	0	0	0	0	0	0	0	0	0	0	0	0	0	0	0	0.854669057760059	-1.06726369311299	0.448081059024295	0.592443852028073
0.0504535	0.492121	1.30578	0.00135466	-0.0100091	-0.00404232	0.00304180000000001	0.028729	0.03816	-0.00087226	3.27999999999978e-05	0.00014549	0.1224583	-0.0202266294	-0.0367566699	0.0486148674	-0.0007899965	-0.0480047303	0.0378654364	0.0187601599	-0.0523544498	0.021674694	0.0356144575	-0.0491807684	0.0023692706	0.0473509122	-0.0389397479	-0.01727662	0.0522829807	-0.0231030362	-0.0344398384	0.0497019183	-0.0039463888	-0.0466540082	0.0444180432	0.0032553415	-0.0087046204	0.0003196099	0.0034610215	-0.0114268061	0.0193407985	0	0	0	0	0	0	0	0	0	0	0	0	0	0	0	0	0	0	0	0	0	0	0	0	0	0	0	0	0	0	0	0	0	0	0	0	0	0	0	0	0	0	0	0	0	0	0	0	0	0	0	0	0	0	0	0	0	0	0	0	0	0	0	0	0	0	-0.434504084646439	-1.05645455090671	0.448081059024295	-1.68540061352814
0.0633263	0.48216	1.38739	0.000869105	-0.0102673	-0.0036147	0.0128728	-0.009961	0.08161	-0.000485555	-0.000258199999999997	0.00042762	0.16301255	-0.0204346535	-0.0364336915	0.048862844	-0.0016926191	-0.0475421407	0.0387884217	0.01727662	-0.0522688852	0.0235073292	0.0339267737	-0.0499794418	0.0050707869	0.0460228486	-0.0409811285	-0.0140464202	0.0519411573	-0.0264818121	-0.03127814	0.0508872699	-0.0084277735	-0.044311314	0.0269543687	0.0253569251	-0.0104860577	-0.0017812788	0.0015436698	0.0091735937	0.0013346622	0	0	0	0	0	0	0	0	0	0	0	0	0	0	0	0	0	0	0	0	0	0	0	0	0	0	0	0	0	0	0	0	0	0	0	0	0	0	0	0	0	0	0	0	0	0	0	0	0	0	0	0	0	0	0	0	0	0	0	0	0	0	0	0	0	0	0.332606568887487	-1.06090669335159	0.448081059024295	-1.68540061352814
0.0838599	0.482571	1.3685	0.000869105	-0.0103555	-0.00289513	0.0205336	0.000410999999999995	-0.0188899999999999	0	-8.82000000000018e-05	0.00071957	0.0802230999999999	-0.0206422981	-0.0361080066	0.0491026536	-0.0025947387	-0.0470574788	0.0396854757	0.0157773596	-0.0521212014	0.025304607	0.0321760928	-0.0506658255	0.0077587455	0.0445503769	-0.0428733831	-0.010757547	0.051352489	-0.0297185201	-0.0279283311	0.0517316498	-0.0128465907	-0.0416059582	0.0310699813	0.0242526547	-0.0104082258	0.006631116	0.0014418811	-0.0087933567	-0.0025615385	0	0	0	0	0	0	0	0	0	0	0	0	0	0	0	0	0	0	0	0	0	0	0	0	0	0	0	0	0	0	0	0	0	0	0	0	0	0	0	0	0	0	0	0	0	0	0	0	0	0	0	0	0	0	0	0	0	0	0	0	0	0	0	0	0	0	-1.41038293244154	-1.10702678334108	0.448081059024295	0.592443852028073
0.079369	0.482816	1.38222	0.00110618	-0.0105508	-0.00303873	-0.00449090000000001	0.00024499999999994	0.01372	0.000237075	-0.000195299999999999	-0.0001436	0.04725465	-0.0208495594	-0.0357796393	0.0493342563	-0.0034960873	-0.0465509697	0.0405559987	0.014263743	-0.0519115742	0.0270638244	0.0303656657	-0.0512383773	0.0104259597	0.0429381175	-0.0446096262	-0.0074237382	0.0505197734	-0.0327957961	-0.024410558	0.0522294002	-0.0171700353	-0.0385600826	0.0225865431	0.0284943238	-0.0078420779	0.0013151431	-0.0166873253	0.0183041323	0.0235498405	0	0	0	0	0	0	0	0	0	0	0	0	0	0	0	0	0	0	0	0	0	0	0	0	0	0	0	0	0	0	0	0	0	0	0	0	0	0	0	0	0	0	0	0	0	0	0	0	0	0	0	0	0	0	0	0	0	0	0	0	0	0	0	0	0	0	-3.55850823678719	-1.19056606198827	0.448081059024295	0.592443852028073
0.0795692	0.498514	1.36315	0.000925813	-0.0107057	-0.00336698	0.000200200000000025	0.015698	-0.0190699999999999	-0.000180367	-0.000154900000000001	-0.00032825	0.0681440499999999	-0.0210564335	-0.0354486142	0.0495576132	-0.0043963972	-0.0460228486	0.0413994086	0.0127371473	-0.0516402525	0.0287823352	0.028498854	-0.0516958108	0.0130652981	0.0411911291	-0.0461835398	-0.0040589197	0.0494469678	-0.0356971313	-0.0207459769	0.0523771858	-0.0213660101	-0.0351986159	0.0271841861	0.0332966599	-0.0082189753	0.0054737013	-0.0107384014	0.0107536886	0.0554386113	0	0	0	0	0	0	0	0	0	0	0	0	0	0	0	0	0	0	0	0	0	0	0	0	0	0	0	0	0	0	0	0	0	0	0	0	0	0	0	0	0	0	0	0	0	0	0	0	0	0	0	0	0	0	0	0	0	0	0	0	0	0	0	0	0	0	0.035038513445079	-1.19290591263033	0.448081059024295	0.592443852028073
0.0832128	0.501212	1.45412	-0.000413657	-0.0102673	-0.0031447	0.0036436	0.00269799999999998	0.09097	-0.00133947	0.000438400000000002	0.00022228	0.1973191	-0.0212629165	-0.0351149558	0.049772687	-0.0052954007	-0.0454733605	0.0422151417	0.0111989617	-0.0513075588	0.0304575546	0.0265791242	-0.0520370985	0.015669704	0.0393148935	-0.0475893965	-0.0006771467	0.0481391707	-0.0384069609	-0.0169566271	0.0521740164	-0.0254033645	-0.0315490697	0.0160617036	0.0491515523	-0.0124388587	-0.0064041546	-0.0037689614	0.0081472768	0.0173953466	0	0	0	0	0	0	0	0	0	0	0	0	0	0	0	0	0	0	0	0	0	0	0	0	0	0	0	0	0	0	0	0	0	0	0	0	0	0	0	0	0	0	0	0	0	0	0	0	0	0	0	0	0	0	0	0	0	0	0	0	0	0	0	0	0	0	0.04680656721814	-1.1792969364968	0.448081059024295	0.592443852028073
0.0901978	0.434268	1.29251	-0.00013504	-0.0102673	-0.00324951	0.00698500000000001	-0.0669439999999999	-0.16161	0.000278617	0	-0.00010481	0.25471035	-0.0214690046	-0.0347786889	0.0499794418	-0.0061928308	-0.0449027607	0.0430026525	0.0096505858	-0.0509138886	0.0320869629	0.0246100408	-0.0522614734	0.0182322141	0.0373152977	-0.0488220806	0.0027074549	0.0466025972	-0.0409107473	-0.0130652981	0.0516212534	-0.0292521253	-0.0276413132	0.0516331851	0.0342082869	-0.0112135992	-0.0051729108	0.0105839391	-0.0170049853	0.016783286	0	0	0	0	0	0	0	0	0	0	0	0	0	0	0	0	0	0	0	0	0	0	0	0	0	0	0	0	0	0	0	0	0	0	0	0	0	0	0	0	0	0	0	0	0	0	0	0	0	0	0	0	0	0	0	0	0	0	0	0	0	0	0	0	0	0	1.00231011391455	-1.12236240439888	0.448081059024295	0.592443852028073
0.0973006	0.478492	1.37486	-0.00151061	-0.0106681	-0.00312322	0.00710280000000001	0.044224	0.0823499999999999	-0.00137557	-0.000400800000000002	0.00012629	0.2288098	-0.021674694	-0.0344398384	0.050177843	-0.0070884207	-0.044311314	0.0437614146	0.0080934286	-0.0504597097	0.0336681095	0.0225952602	-0.0523684314	0.0207459769	0.0351986159	-0.0498771065	0.0060807472	0.0448445497	-0.0431950583	-0.0090953929	0.0507226006	-0.0328837193	-0.0235073292	0.0422572012	0.0507500763	-0.0106344847	-0.0026047942	0.0059605077	0.0084079944	-0.0132143956	0	0	0	0	0	0	0	0	0	0	0	0	0	0	0	0	0	0	0	0	0	0	0	0	0	0	0	0	0	0	0	0	0	0	0	0	0	0	0	0	0	0	0	0	0	0	0	0	0	0	0	0	0	0	0	0	0	0	0	0	0	0	0	0	0	0	0.886276813531678	-1.18734447924939	0.448081059024295	0.592443852028073
0.0983469	0.436203	1.30645	-0.000988176	-0.0106681	-0.00305585	0.00104629999999997	-0.0422890000000001	-0.0684100000000001	0.000522434	0	6.73699999999998e-05	0.1412355	-0.0218799809	-0.0340984296	0.0503678575	-0.0079819045	-0.043699295	0.0444909208	0.0065289069	-0.0499455618	0.0351986159	0.0205385235	-0.0523577323	0.0232042715	0.0329714899	-0.050750635	0.0094286395	0.0428733831	-0.0452476394	-0.0050707869	0.0494840794	-0.0362711858	-0.0191809517	0.051249628	0.0444167593	-0.0036795486	-0.0001231829	-0.0037710726	0.0037409278	0.0237473995	0	0	0	0	0	0	0	0	0	0	0	0	0	0	0	0	0	0	0	0	0	0	0	0	0	0	0	0	0	0	0	0	0	0	0	0	0	0	0	0	0	0	0	0	0	0	0	0	0	0	0	0	0	0	0	0	0	0	0	0	0	0	0	0	0	0	0.895664769862639	-1.17529019399516	0.448081059024295	0.592443852028073
0.102511	0.492571	1.39666	-0.00178234	-0.0108485	-0.00295536	0.0041641	0.056368	0.0902100000000001	-0.000794164	-0.000180400000000001	0.00010049	0.2044948	-0.0220848615	-0.0337544877	0.0505494535	-0.0088730165	-0.0430669878	0.0451906832	0.0049584444	-0.0493720561	0.0366761804	0.0184436498	-0.0522294002	0.0256005252	0.0306409077	-0.0514394875	0.0127371473	0.0406984653	-0.0470574788	-0.0010156846	0.0479139886	-0.0393893764	-0.0146975897	0.033691292	0.0604333206	-0.0189770751	-0.0004571242	-0.0087078214	0.0202923042	0.0573254045	0	0	0	0	0	0	0	0	0	0	0	0	0	0	0	0	0	0	0	0	0	0	0	0	0	0	0	0	0	0	0	0	0	0	0	0	0	0	0	0	0	0	0	0	0	0	0	0	0	0	0	0	0	0	0	0	0	0	0	0	0	0	0	0	0	0	0.956217412335118	-1.02644478869538	0.448081059024295	0.592443852028073
0.129044	0.448086	1.27516	-0.000486194	-0.0114203	-0.00255203	0.026533	-0.044485	-0.1215	0.001296146	-0.000571799999999999	0.00040333	0.3060818	-0.0222893319	-0.0334080384	0.0507226006	-0.0097614921	-0.0424146861	0.0458602343	0.0033834701	-0.048739874	0.0380985803	0.016314529	-0.0519837232	0.0279283311	0.028214182	-0.0519411573	0.0159924506	0.0383301323	-0.0486148674	0.0030455261	0.0460228486	-0.0422151417	-0.0100939368	0.0460300146	0.0489783141	-0.009991693	-0.0055888563	-0.0030800746	-0.0071779929	0.0206190898	0	0	0	0	0	0	0	0	0	0	0	0	0	0	0	0	0	0	0	0	0	0	0	0	0	0	0	0	0	0	0	0	0	0	0	0	0	0	0	0	0	0	0	0	0	0	0	0	0	0	0	0	0	0	0	0	0	0	0	0	0	0	0	0	0	0	-3.54005646190922	-1.04487929054714	0.448081059024295	0.592443852028073
0.130425	0.473046	1.37287	-0.00281927	-0.0106408	-0.00287831	0.00138100000000002	0.02496	0.09771	-0.002333076	0.000779500000000001	-0.00032628	0.2959938	-0.0224933884	-0.0330591074	0.0508872699	-0.0106470671	-0.0417426926	0.0464991262	0.001805417	-0.0480497669	0.0394636764	0.0141551145	-0.0516212534	0.0301814655	0.0256989275	-0.0522538189	0.0191809517	0.0357796393	-0.04991145	0.0070884207	0.043823331	-0.0447275033	-0.005407671	0.0448223721	0.0675760213	-0.0223314979	-0.013526238	0.0059370417	-0.0036026604	0.0140667734	0	0	0	0	0	0	0	0	0	0	0	0	0	0	0	0	0	0	0	0	0	0	0	0	0	0	0	0	0	0	0	0	0	0	0	0	0	0	0	0	0	0	0	0	0	0	0	0	0	0	0	0	0	0	0	0	0	0	0	0	0	0	0	0	0	0	-3.50805078841997	-1.03247540343979	-2.22840312389761	-1.68540061352814
0.129705	0.377191	1.19117	-0.00444638	-0.00989198	-0.00355448	-0.000720000000000026	-0.095855	-0.1817	-0.00162711	0.000748819999999999	-0.00067617	0.43088	-0.0226970271	-0.0327077205	0.051043434	-0.0115294786	-0.0410513194	0.0471069319	0.0002257211	-0.047302555	0.0407694154	0.011969416	-0.0511428052	0.032353904	0.0231030362	-0.0523763346	0.0222893319	0.0330591074	-0.050940271	0.0110886847	0.0413301739	-0.0469078096	-0.0006771467	0.0904270384	0.0529116179	-0.0210795725	-0.005588206	0.0187051171	-0.0245605592	0.0058101768	0	0	0	0	0	0	0	0	0	0	0	0	0	0	0	0	0	0	0	0	0	0	0	0	0	0	0	0	0	0	0	0	0	0	0	0	0	0	0	0	0	0	0	0	0	0	0	0	0	0	0	0	0	0	0	0	0	0	0	0	0	0	0	0	0	0	-0.890902432545068	-1.29519957419741	-2.22840312389761	-1.68540061352814
0.146986	0.440509	1.16977	-0.00156966	-0.0101224	-0.00248397	0.017281	0.063318	-0.0214000000000001	0.00287672	-0.000230419999999999	0.00107051	0.3108815	-0.0229002443	-0.032353904	0.0511910666	-0.0124084642	-0.0403408874	0.0476832451	-0.0013541801	-0.0464991262	0.0420138333	0.0097614921	-0.0505494535	0.0344398384	0.0204346535	-0.0523082586	0.025304607	0.0301814655	-0.0516958108	0.0150222601	0.0385600826	-0.048739874	0.0040589197	0.0709927777	0.0325440846	-0.0013418466	0.0130223761	0.0003517281	0.0127423723	0.0265649219	0	0	0	0	0	0	0	0	0	0	0	0	0	0	0	0	0	0	0	0	0	0	0	0	0	0	0	0	0	0	0	0	0	0	0	0	0	0	0	0	0	0	0	0	0	0	0	0	0	0	0	0	0	0	0	0	0	0	0	0	0	0	0	0	0	0	-1.00884660233995	-1.41331110598633	-2.22840312389761	-1.68540061352814
0.155372	0.440403	1.21321	-0.00159347	-0.0108905	-0.00188069	0.00838600000000003	-0.00010600000000005	0.0434400000000002	-2.381e-05	-0.000768100000000003	0.00060328	0.1216915	-0.0231030362	-0.0319976841	0.0513301431	-0.0132837629	-0.0396117264	0.0482276804	-0.0029328492	-0.0456404355	0.0431950583	0.0075354425	-0.0498425313	0.0364336915	0.017702152	-0.0520498384	0.028214182	0.0271603893	-0.0521740164	0.0188654898	0.0355316183	-0.0502100954	0.0087617663	0.0568270383	0.0587578466	-0.0135155898	0.0004715712	-0.0047500278	0.0056300403	0.0581194166	0	0	0	0	0	0	0	0	0	0	0	0	0	0	0	0	0	0	0	0	0	0	0	0	0	0	0	0	0	0	0	0	0	0	0	0	0	0	0	0	0	0	0	0	0	0	0	0	0	0	0	0	0	0	0	0	0	0	0	0	0	0	0	0	0	0	-1.77006103523261	-1.57527133256979	-2.22840312389761	-1.68540061352814
0.167177	0.499702	1.08938	-5.74093e-05	-0.0104257	-0.00168712	0.011805	0.0592990000000001	-0.12383	0.0015360607	0.0004648	0.00019357	0.304655535	-0.0233053991	-0.0316390872	0.0514606403	-0.0141551145	-0.0388641751	0.048739874	-0.0045088495	-0.0447275033	0.044311314	0.0052954007	-0.049023627	0.0383301323	0.0149141057	-0.0516020147	0.0310059033	0.0240102362	-0.0523723222	0.0225952602	0.0322650733	-0.0513075588	0.013392903	0.066610734	0.0041574757	0.0065635794	0.0095299889	0.0135375914	0.0166363414	0.0428809888	0	0	0	0	0	0	0	0	0	0	0	0	0	0	0	0	0	0	0	0	0	0	0	0	0	0	0	0	0	0	0	0	0	0	0	0	0	0	0	0	0	0	0	0	0	0	0	0	0	0	0	0	0	0	0	0	0	0	0	0	0	0	0	0	0	0	-2.22759973072542	-1.47752683056011	-2.22840312389761	-1.68540061352814
0.144951	0.0734369	-0.0681144	0.00577598	-0.0067572	-0.00410399	-0.022226	-0.4262651	-1.1574944	0.0058333893	0.0036685	-0.00241687	2.201923465	-0.0235073292	-0.03127814	0.0515825363	-0.0150222601	-0.0380985803	0.0492194833	-0.0060807472	-0.0437614146	0.0453609212	0.0030455261	-0.0480945804	0.0401240904	0.0120792627	-0.0509664168	0.0336681095	0.0207459769	-0.0522896643	0.02618914	0.0287823352	-0.0520241169	0.0179144269	0.1738295331	-0.1438673898	-0.0137269685	-0.1389643977	-0.0768936355	-0.0594267436	0.0079998284	0	0	0	0	0	0	0	0	0	0	0	0	0	0	0	0	0	0	0	0	0	0	0	0	0	0	0	0	0	0	0	0	0	0	0	0	0	0	0	0	0	0	1	0	0	0	0	0	0	0	0	0	0	0	0	0	0	0	0	0	0	0	0	0	0	0	-2.87072181655055	-0.875086963207073	-2.22840312389761	-1.68540061352814
0.103356	0.208614	-0.0445859	0.00589831	-0.00775226	-0.00285918	-0.041595	0.1351771	0.0235285	0.00012233	-0.00099506	0.00124481	0.3184106	-0.0237088227	-0.0309148693	0.0516958108	-0.015884942	-0.0373152977	0.0496661877	-0.0076471118	-0.0427433176	0.0463423012	0.0007899965	-0.0470574788	0.0418107693	0.009206518	-0.0501453577	0.0361896802	0.0173831246	-0.0519264863	0.0296255153	0.0251067401	-0.0523544498	0.0222893319	0.1395701385	-0.1379759989	-0.0458247797	-0.0556701638	-0.0236873811	-0.113622968	-0.0242195992	0	0	0	0	0	0	0	0	0	0	0	0	0	0	0	0	0	0	0	0	0	0	0	0	0	0	0	0	0	0	0	0	0	0	0	0	0	0	0	0	0	0	0	0	0	0	0	0	0	0	0	0	0	0	0	0	0	0	0	0	0	0	0	0	0	0	-2.7818173051705	-0.934158354752582	-2.22840312389761	-1.68540061352814
0.0688379	0.270281	0.409864	0.00845913	-0.00889735	-0.00375267	-0.0345181	0.061667	0.4544499	0.00256082	-0.00114509	-0.00089349	0.780605	-0.0239098759	-0.030549302	0.0518004449	-0.016742904	-0.0365146908	0.0500796887	-0.009206518	-0.0416744222	0.0472539781	-0.0014670001	-0.0459146523	0.0433856593	0.0063048856	-0.0491418251	0.0385600826	0.0139376608	-0.0512847364	0.0328837193	0.0212629165	-0.0522961052	0.0264818121	0.0949969107	-0.1206369299	0.0313798194	-0.0390716204	0.077295777	-0.0202655878	0.0721627943	0	0	0	0	0	0	0	0	0	0	0	0	0	0	0	0	0	0	0	0	0	0	0	0	0	0	0	0	0	0	0	0	0	0	0	0	0	0	0	0	0	0	0	0	0	0	0	0	0	0	0	0	0	0	0	0	0	0	0	0	0	0	0	0	0	0	-2.50914766207473	-0.876069227214495	-2.22840312389761	0.592443852028073
0.134531	0.647338	1.23449	0.0198918	-0.007775	-0.00175489	0.0656931	0.377057	0.824626	0.01143267	0.00112235	0.00199778	1.9950161	-0.024110485	-0.0301814655	0.051896421	-0.0175958911	-0.0356971313	0.0504597097	-0.010757547	-0.0405559987	0.0480945804	-0.0037212726	-0.0446686685	0.0448445497	0.0033834701	-0.0479594708	0.0407694154	0.0104259597	-0.0503678575	0.0359441567	0.01727662	-0.0518495163	0.0304575546	-0.1192118965	-0.0768272262	0.0263488725	0.0513566942	-0.0009972045	-0.0051739211	-0.0826206798	0	0	0	0	0	0	0	0	0	0	0	0	0	0	0	0	0	0	0	0	0	0	0	0	0	0	0	0	0	0	0	0	0	0	0	0	0	0	0	0	0	0	0	1	0	0	0	0	0	0	0	0	0	0	0	0	0	0	0	0	0	0	0	0	0	0	-1.84263949819205	-1.28743913967918	-2.22840312389761	0.592443852028073
0.109141	0.492004	1.46846	0.0189469	-0.00698262	-0.00276574	-0.02539	-0.155334	0.23397	-0.000944899999999998	0.000792379999999998	-0.00101085	0.5521005	-0.0243106464	-0.0298113868	0.0519837232	-0.0184436498	-0.0348629988	0.0508059967	-0.0122987873	-0.0393893764	0.048862844	-0.0059686353	-0.0433223267	0.0461835398	0.0004514381	-0.0466025972	0.0428084497	0.0068647103	-0.0491807684	0.0387884217	0.0131745611	-0.0510179984	0.0341840202	-0.1414875485	-0.0228684795	0.0591877558	-0.0070036313	-0.0073885083	0.0150131711	-0.1000360232	0	0	0	0	0	0	0	0	0	0	0	0	0	0	0	0	0	0	0	0	0	0	0	0	0	0	0	0	0	0	0	0	0	0	0	0	0	0	0	0	0	0	0	0	0	0	0	0	0	0	0	0	0	0	0	0	0	0	0	0	0	0	0	0	0	0	-3.1911459075981	-1.29698283777123	0.448081059024295	0.592443852028073
0.0737872	0.405771	1.61631	0.0147857	-0.00634439	-0.00268924	-0.0353538	-0.086233	0.14785	-0.0041612	0.00063823	7.65000000000002e-05	0.5132333	-0.0245103563	-0.0294390937	0.0520623368	-0.0192859283	-0.0340126806	0.0511183183	-0.0138288366	-0.0381759417	0.0495576132	-0.0082049152	-0.0418786518	0.0473990497	-0.0024820104	-0.0450761418	0.0446686685	0.0032708371	-0.0477298374	0.0413994086	0.0089842256	-0.0498077248	0.0376307102	-0.1494609862	0.0337143426	0.0547913166	-0.0103506629	0.0276698135	0.0051365481	-0.0881605532	0	0	0	0	0	0	0	0	0	0	0	0	0	0	0	0	0	0	0	0	0	0	0	0	0	0	0	0	0	0	0	0	0	0	0	0	0	0	0	0	0	0	0	0	0	0	0	0	0	0	0	0	0	0	0	0	0	0	0	0	0	0	0	0	0	0	-1.52112321716394	-1.18184833245629	0.448081059024295	0.592443852028073
0.0530757	0.310318	1.3833	0.0125567	-0.00806549	-0.000853228	-0.0207115	-0.095453	-0.23301	-0.002229	-0.0017211	0.001836012	0.6384801	-0.024709611	-0.0290646136	0.0521322486	-0.0201224762	-0.0331465714	0.0513964655	-0.0153463027	-0.0369171367	0.050177843	-0.0104259597	-0.0403408874	0.0484878293	-0.005407671	-0.0433856593	0.0463423012	-0.0003385804	-0.0460228486	0.0437614146	0.0047336909	-0.0482276804	0.0407694154	-0.1314566883	-0.0114680823	0.053845569	0.0026808868	0.0060889804	0.0263159234	-0.1027704085	0	0	0	0	0	0	0	0	0	0	0	0	0	0	0	0	0	0	0	0	0	0	0	0	0	0	0	0	0	0	0	0	0	0	0	0	0	0	0	0	0	0	0	0	0	0	0	0	0	0	0	0	0	0	0	0	0	0	0	0	0	0	0	0	0	0	-1.43792229597069	-1.10505159412153	0.448081059024295	0.592443852028073
0.0790092	0.208871	0.957534	0.00829668	-0.00974693	-0.00045026	0.0259335	-0.101447	-0.425766	-0.00426002	-0.00168144	0.000402968	0.8703679	-0.0249084068	-0.0286879745	0.0521934471	-0.0209530451	-0.0322650733	0.0516402525	-0.0168498047	-0.0356144575	0.0507226006	-0.0126276447	-0.0387124883	0.0494469678	-0.0083163637	-0.0415373011	0.0478223571	-0.0039463888	-0.0440689593	0.0458602343	0.0004514381	-0.0462895956	0.0435744473	-0.0135529591	-0.0376438564	0.069389189	0.0319899824	-0.0003149878	0.0164388393	0.0180212055	0	0	0	0	0	0	0	0	0	0	0	0	0	0	0	0	0	0	0	0	0	0	0	0	0	0	0	0	0	0	0	0	0	0	0	0	0	0	0	0	0	0	0	0	0	0	0	0	0	0	0	0	0	0	0	0	0	0	0	0	0	0	0	0	0	0	-1.69777460498138	-1.04774432719829	0.448081059024295	0.592443852028073
0.0753804	0.272379	0.990661	0.004056	-0.0112698	-0.00186845	-0.0036288	0.063508	0.0331269999999998	-0.00424068	-0.00152287	-0.00141819	0.4593508	-0.0251067401	-0.0283092043	0.0522459219	-0.021777388	-0.0313685957	0.0518495163	-0.0183379745	-0.0342694522	0.0511910666	-0.0148058821	-0.0369971132	0.0502739006	-0.0111989617	-0.0395377932	0.0491026536	-0.0075354425	-0.0418786518	0.0476832451	-0.0038338396	-0.0440078585	0.0460228486	0.0105867439	-0.0095304471	0.0102010559	0.0210917257	0.0295230169	-0.0246497064	0.0063614483	0	0	0	0	0	0	0	0	0	0	0	0	0	0	0	0	0	0	0	0	0	0	0	0	0	0	0	0	0	0	0	0	0	0	0	0	0	0	0	0	0	0	0	0	0	0	0	0	0	0	0	0	0	0	0	0	0	0	0	0	0	0	0	0	0	0	-0.419369628460136	-1.02330243642367	0.448081059024295	0.592443852028073
0.0426118	0.48727	1.09902	0.00709688	-0.0103465	-0.00170554	-0.0327686	0.214891	0.108359	0.00304088	0.000923300000000002	0.00016291	0.5623731	-0.025304607	-0.0279283311	0.0522896643	-0.0225952602	-0.0304575546	0.0520241169	-0.0198094581	-0.0328837193	0.0515825363	-0.0169566271	-0.0351986159	0.0509664168	-0.0140464202	-0.0373944116	0.050177843	-0.0110886847	-0.0394636764	0.0492194833	-0.0080934286	-0.0413994086	0.0480945804	-0.0393870515	-0.0081765155	0.0035322299	-9.97257e-05	0.008277268	0.0067012527	0.0380237098	0	0	0	0	0	0	0	0	0	0	0	0	0	0	0	0	0	0	0	0	0	0	0	0	0	0	0	0	0	0	0	0	0	0	0	0	0	0	0	0	0	0	0	0	0	0	0	0	0	0	0	0	0	0	0	0	0	0	0	0	0	0	0	0	0	0	-1.50635488232216	-0.993325758540784	0.448081059024295	0.592443852028073
0.0644948	0.352224	0.705918	0.00610921	-0.00978936	-0.00227719	0.021883	-0.135046	-0.393102	-0.00098767	0.000557139999999999	-0.00057165	0.655854	-0.0255020041	-0.0275453833	0.052324667	-0.0234064185	-0.0295323731	0.0521639377	-0.0212629165	-0.0314589057	0.051896421	-0.0190758861	-0.0333210373	0.0515226647	-0.0168498047	-0.0351149558	0.051043434	-0.0145892291	-0.0368369888	0.0504597097	-0.0122987873	-0.0384836111	0.049772687	0.0520840067	-0.0469743302	-0.0312814065	0.0268279305	0.0280819854	-0.0419652603	0.0561882234	0	0	0	0	0	0	0	0	0	0	0	0	0	0	0	0	0	0	0	0	0	0	0	0	0	0	0	0	0	0	0	0	0	0	0	0	0	0	0	0	0	0	0	0	0	0	0	0	0	0	0	0	0	0	0	0	0	0	0	0	0	0	0	0	0	0	0.35393360026037	-1.01416535269534	0.448081059024295	0.592443852028073
0.0505253	0.461014	0.852183	0.0051006	-0.0091359	-0.00222542	-0.0139695	0.10879	0.146265	-0.00100861	0.000653460000000001	5.177e-05	0.3547165	-0.0256989275	-0.0271603893	0.0523509242	-0.0242106219	-0.0285934806	0.0522688852	-0.0226970271	-0.0299967047	0.0521322486	-0.0211597241	-0.0313685957	0.0519411573	-0.0196003187	-0.0327077205	0.0516958108	-0.0180204398	-0.0340126806	0.0513964655	-0.0164217376	-0.0352821126	0.051043434	0.0269960868	-0.0123884094	-0.0042163803	0.0401199496	0.0095655115	-0.0349617083	-0.0241135445	0	0	0	0	0	0	0	0	0	0	0	0	0	0	0	0	0	0	0	0	0	0	0	0	0	0	0	0	0	0	0	0	0	0	0	0	0	0	0	0	0	0	0	0	0	0	0	0	0	0	0	0	0	0	0	0	0	0	0	0	0	0	0	0	0	0	0.675614728504318	-1.08012773422857	0.448081059024295	0.592443852028073
0.0287549	0.567997	1.15838	0.00629198	-0.0107425	-0.00234312	-0.0217704	0.106983	0.306197	0.00119138	-0.0016066	-0.0001177	0.5807344	-0.0258953737	-0.0267733776	0.0523684314	-0.0250076315	-0.0276413132	0.0523388891	-0.024110485	-0.028498854	0.0522896643	-0.0232042715	-0.0293456776	0.0522207755	-0.0222893319	-0.0301814655	0.0521322486	-0.0213660101	-0.0310059033	0.0520241169	-0.0204346535	-0.0318186811	0.051896421	-0.051425783	0.0292968689	-0.0013603066	0.0241825277	0.0299076825	0.0229943665	-0.0234884813	0	0	0	0	0	0	0	0	0	0	0	0	0	0	0	0	0	0	0	0	0	0	0	0	0	0	0	0	0	0	0	0	0	0	0	0	0	0	0	0	0	0	0	0	0	0	0	0	0	0	0	0	0	0	0	0	0	0	0	0	0	0	0	0	0	0	0.848843221323313	-0.994465799092831	0.448081059024295	0.592443852028073
0.0324212	0.56879	1.27893	0.00710534	-0.0116418	-0.00221927	0.00366629999999999	0.000793000000000044	0.12055	0.00081336	-0.000899299999999999	0.00012385	0.2168348	-0.0260913389	-0.0263843771	0.0523771858	-0.0257972105	-0.0266763128	0.0523739028	-0.0255020041	-0.0269671338	0.0523684314	-0.0252057321	-0.027256828	0.0523607718	-0.0249084068	-0.0275453833	0.0523509242	-0.0246100408	-0.0278327876	0.0523388891	-0.0243106464	-0.0281190288	0.052324667	-0.0883760315	0.0651480006	-0.0163688488	0.033109671	-0.0011048846	0.0578252409	-0.0301795037	0	0	0	0	0	0	0	0	0	0	0	0	0	0	0	0	0	0	0	0	0	0	0	0	0	0	0	0	0	0	0	0	0	0	0	0	0	0	0	0	0	0	0	0	0	0	0	0	0	0	0	0	0	0	0	0	0	0	0	0	0	0	0	0	0	0	-0.162395354268218	-1.15552856459605	0.448081059024295	0.592443852028073
0.0566099	0.520777	1.31473	0.00577332	-0.0121658	-0.00241217	0.0241887	-0.048013	0.0358	-0.00133202	-0.000524	-0.0001929	0.2104477	-0.0262868196	-0.0259934166	0.0523771858	-0.0265791242	-0.0256989275	0.0523739028	-0.0268703181	-0.0254033645	0.0523684314	-0.0271603893	-0.0251067401	0.0523607718	-0.0274493255	-0.0248090665	0.0523509242	-0.0277371148	-0.0245103563	0.0523388891	-0.028023745	-0.0242106219	0.052324667	-0.0863109107	0.0917040019	0.0051239159	0.0301149617	0.0131695709	0.0395319587	-0.0392728017	0	0	0	0	0	0	0	0	0	0	0	0	0	0	0	0	0	0	0	0	0	0	0	0	0	0	0	0	0	0	0	0	0	0	0	0	0	0	0	0	0	0	0	0	0	0	0	0	0	0	0	0	0	0	0	0	0	0	0	0	0	0	0	0	0	0	-0.193873763628911	-1.22590871483746	0.448081059024295	0.592443852028073
0.0661603	0.468735	1.28448	0.00400342	-0.0114765	-0.00226976	0.00955040000000001	-0.052042	-0.0302500000000001	-0.0017699	0.000689299999999999	0.00014241	0.2219229	-0.0264818121	-0.0256005252	0.0523684314	-0.0273531403	-0.024709611	0.0523388891	-0.028214182	-0.0238094045	0.0522896643	-0.0290646136	-0.0229002443	0.0522207755	-0.0299041152	-0.0219824722	0.0521322486	-0.030732371	-0.0210564335	0.0520241169	-0.0315490697	-0.0201224762	0.051896421	-0.0689550835	0.1005936424	-0.0010755369	0.0196806562	0.0039863773	0.015845228	-0.0631659828	0	0	0	0	0	0	0	0	0	0	0	0	0	0	0	0	0	0	0	0	0	0	0	0	0	0	0	0	0	0	0	0	0	0	0	0	0	0	0	0	0	0	0	0	0	0	0	0	0	0	0	0	0	0	0	0	0	0	0	0	0	0	0	0	0	0	-0.839796708609962	-1.19954816663375	0.448081059024295	0.592443852028073
0.0525715	0.42834	1.22864	0.00413828	-0.0113388	-0.00231938	-0.0135888	-0.0403950000000001	-0.0558399999999999	0.000134860000000001	0.000137700000000001	-4.96199999999998e-05	0.1259328	-0.0266763128	-0.0252057321	0.0523509242	-0.0281190288	-0.0237088227	0.0522688852	-0.0295323731	-0.0221871482	0.0521322486	-0.0309148693	-0.0206422981	0.0519411573	-0.0322650733	-0.0190758861	0.0516958108	-0.0335815749	-0.0174895484	0.0513964655	-0.0348629988	-0.015884942	0.051043434	-0.0583406737	0.0812351033	-0.0040481998	0.0211779157	0.0033297205	0.0438418013	-0.0381122083	0	0	0	0	0	0	0	0	0	0	0	0	0	0	0	0	0	0	0	0	0	0	0	0	0	0	0	0	0	0	0	0	0	0	0	0	0	0	0	0	0	0	0	0	0	0	0	0	0	0	0	0	0	0	0	0	0	0	0	0	0	0	0	0	0	0	-0.422424549898141	-1.20389024962423	0.448081059024295	0.592443852028073
0.0460064	0.526578	1.41523	0.00715865	-0.0113388	-0.00209809	-0.0065651	0.098238	0.18659	0.00302037	0	0.00022129	0.4534761	-0.0268703181	-0.0248090665	0.052324667	-0.0288765622	-0.0226970271	0.0521639377	-0.0308236917	-0.0205385235	0.051896421	-0.0327077205	-0.0183379745	0.0515226647	-0.0345247919	-0.016099885	0.051043434	-0.0362711858	-0.0138288366	0.0504597097	-0.0379433273	-0.0115294786	0.049772687	-0.1296157389	0.1048755655	0.003325709	0.0390918877	-0.0126306786	0.0692585793	-0.0698654701	0	0	0	0	0	0	0	0	0	0	0	0	0	0	0	0	0	0	0	0	0	0	0	0	0	0	0	0	0	0	0	0	0	0	0	0	0	0	0	0	0	0	0	0	0	0	0	0	0	0	0	0	0	0	0	0	0	0	0	0	0	0	0	0	0	0	-3.62312958020479	-1.18871661178671	0.448081059024295	0.592443852028073
0.0203764	0.588015	1.11651	0.0186316	-0.0080009	-0.0034798	-0.02563	0.061437	-0.29872	0.01147295	0.0033379	-0.00138171	1.195415	-0.0270638244	-0.024410558	0.0522896643	-0.0296255153	-0.021674694	0.0520241169	-0.0320869629	-0.0188654898	0.0515825363	-0.0344398384	-0.0159924506	0.0509664168	-0.0366761804	-0.0130652981	0.050177843	-0.0387884217	-0.0100939368	0.0492194833	-0.0407694154	-0.0070884207	0.0480945804	-0.1435412427	-0.0352842609	0.0099872945	0.0207252901	0.0043779207	0.0558197263	-0.0627851625	0	0	0	0	0	0	0	0	0	0	0	0	0	0	0	0	0	0	0	0	0	0	0	0	0	0	0	0	0	0	0	0	0	0	0	0	0	0	0	0	0	0	0	0	1	0	0	0	0	0	0	0	0	0	0	0	0	0	0	0	0	0	0	0	0	0	0.091302041279356	-1.17410120834504	0.448081059024295	0.592443852028073
0.0299046	0.596211	1.19314	0.0142102	-0.00853875	-0.00294002	0.0095282	0.00819599999999998	0.0766299999999998	-0.0044214	-0.000537849999999998	0.000539780000000001	0.3693057	-0.027256828	-0.0240102362	0.0522459219	-0.0303656657	-0.0206422981	0.0518495163	-0.0333210373	-0.0171700353	0.0511910666	-0.0361080066	-0.0136109962	0.0502739006	-0.0387124883	-0.009983168	0.0491026536	-0.0411213197	-0.0063048856	0.0476832451	-0.0433223267	-0.0025947387	0.0460228486	-0.1397385924	-0.0058364383	-0.0002906738	0.0494687608	-0.0189260262	0.0309152891	-0.0926736124	0	0	0	0	0	0	0	0	0	0	0	0	0	0	0	0	0	0	0	0	0	0	0	0	0	0	0	0	0	0	0	0	0	0	0	0	0	0	0	0	0	0	0	0	0	0	0	0	0	0	0	0	0	0	0	0	0	0	0	0	0	0	0	0	0	0	-0.253562964785494	-1.06918685822942	0.448081059024295	0.592443852028073
0.0309519	0.506574	0.891034	0.0128634	-0.00864227	-0.00257226	0.0010473	-0.089637	-0.302106	-0.0013468	-0.000103520000000003	0.00036776	0.4836943	-0.0274493255	-0.0236081307	0.0521934471	-0.0310967934	-0.0196003187	0.0516402525	-0.0345247919	-0.015454175	0.0507226006	-0.0377091275	-0.0111989617	0.0494469678	-0.0406273263	-0.0068647103	0.0478223571	-0.0432587929	-0.0024820104	0.0458602343	-0.0455849554	0.0019182066	0.0435744473	-0.076708756	-0.0277955246	0.0611008053	0.0165782388	0.0216168242	0.0469664039	-0.0584067344	0	0	0	0	0	0	0	0	0	0	0	0	0	0	0	0	0	0	0	0	0	0	0	0	0	0	0	0	0	0	0	0	0	0	0	0	0	0	0	0	0	0	0	0	0	0	0	0	0	0	0	0	0	0	0	0	0	0	0	0	0	0	0	0	0	0	0.590508494546786	-1.14472397650179	0.448081059024295	0.592443852028073
0.00391753	0.275842	0.222963	0.00782163	-0.00895306	-0.00101325	-0.02703437	-0.230732	-0.668071	-0.00504177	-0.00031079	0.00155901	1.27141587	-0.0276413132	-0.0232042715	0.0521322486	-0.0318186811	-0.0185492395	0.0513964655	-0.0356971313	-0.0137199483	0.050177843	-0.0392402281	-0.0087617663	0.0484878293	-0.0424146861	-0.0037212726	0.0463423012	-0.0451906832	0.0013541801	0.0437614146	-0.0475421407	0.0064169112	0.0407694154	0.0821804671	-0.0035030959	0.0435549456	-0.1233572108	0.0131834567	-0.0391646787	0.1078624228	0	0	0	0	0	0	0	0	0	0	0	0	0	0	0	0	0	0	0	0	0	0	0	0	0	0	0	0	0	0	0	0	0	0	0	0	0	0	0	0	0	0	0	0	0	1	0	0	0	0	0	0	0	0	0	0	0	0	0	0	0	0	0	0	0	0	0.829302652193937	-1.2870454463541	0.448081059024295	0.592443852028073
0.017582	0.309482	0.500788	7.82243e-05	-0.00791029	-0.00260276	0.01366447	0.03364	0.277825	-0.0077434057	0.00104277	-0.00158951	0.843913755	-0.0278327876	-0.0227986886	0.0520623368	-0.0325311144	-0.0174895484	0.0511183183	-0.0368369888	-0.011969416	0.0495576132	-0.0406984653	-0.0063048856	0.0473990497	-0.0440689593	-0.0005642937	0.0446686685	-0.0469078096	0.0051831058	0.0413994086	-0.0491807684	0.0108679768	0.0376307102	0.0628490346	-0.0100566754	-0.0274214291	0.0045027161	-0.0398149916	-0.0102467923	0.0418149951	0	0	0	0	0	0	0	0	0	0	0	0	0	0	0	0	0	0	0	0	0	0	0	0	0	0	0	0	0	0	0	0	0	0	0	0	0	0	0	0	0	0	0	0	0	0	0	0	0	0	0	0	0	0	0	0	0	0	0	0	0	0	0	0	0	0	-0.089977725390147	-1.31064311018859	0.448081059024295	0.592443852028073
0.050595	0.353003	0.494529	0.0015153	-0.00803403	-0.00210608	0.033013	0.043521	-0.00625900000000001	0.0014370757	-0.000123739999999999	0.00049668	0.185667785	-0.028023745	-0.0223914121	0.0519837232	-0.0332338815	-0.0164217376	0.0508059967	-0.0379433273	-0.0102046586	0.048862844	-0.0420811315	-0.0038338396	0.0461835398	-0.0455849554	0.0025947387	0.0428084497	-0.0484020114	0.0089842256	0.0387884217	-0.0504898588	0.015238359	0.0341840202	0.0595604509	-0.0142274269	0.0175785167	-0.0202766946	0.0145484234	-0.0055096891	0.0421046342	0	0	0	0	0	0	0	0	0	0	0	0	0	0	0	0	0	0	0	0	0	0	0	0	0	0	0	0	0	0	0	0	0	0	0	0	0	0	0	0	0	0	0	0	0	0	0	0	0	0	0	0	0	0	0	0	0	0	0	0	0	0	0	0	0	0	0.631784817359466	-1.004429228769	0.448081059024295	0.592443852028073
0.0477233	0.477968	0.5435	0.00605127	-0.00805141	-0.00175867	-0.0028717	0.124965	0.048971	0.00453597	-1.73800000000009e-05	0.00034741	0.4218457	-0.028214182	-0.0219824722	0.051896421	-0.0339267737	-0.0153463027	0.0504597097	-0.03901514	-0.0084277735	0.0480945804	-0.0433856593	-0.0013541801	0.0448445497	-0.0469579174	0.0057443291	0.0407694154	-0.0496661877	0.0127371473	0.0359441567	-0.0514606403	0.0194956122	0.0304575546	0.0335652682	-0.0240456333	-0.0007380552	0.0068057077	0.0021209671	0.0332012242	0.0174051998	0	0	0	0	0	0	0	0	0	0	0	0	0	0	0	0	0	0	0	0	0	0	0	0	0	0	0	0	0	0	0	0	0	0	0	0	0	0	0	0	0	0	0	0	0	0	0	0	0	0	0	0	0	0	0	0	0	0	0	0	0	0	0	0	0	0	0.232025379719186	-0.783204166457764	0.448081059024295	0.592443852028073
0.029619	0.379347	0.488183	0.00505296	-0.00880282	-0.00230136	-0.0181043	-0.098621	-0.055317	-0.00099831	-0.000751409999999997	-0.00054269	0.2866628	-0.0284040951	-0.0215718994	0.0518004449	-0.034609585	-0.014263743	0.0500796887	-0.0400514517	-0.0066408724	0.0472539781	-0.0446096262	0.0011285219	0.0433856593	-0.0481835374	0.0088730165	0.0385600826	-0.0506943307	0.0164217376	0.0328837193	-0.0520866082	0.0236081307	0.0264818121	0.0434488896	-0.0257199327	0.0059783055	-0.0013276166	-0.0112569094	0.0041849489	0.0370838739	0	0	0	0	0	0	0	0	0	0	0	0	0	0	0	0	0	0	0	0	0	0	0	0	0	0	0	0	0	0	0	0	0	0	0	0	0	0	0	0	0	0	0	0	0	0	0	0	0	0	0	0	0	0	0	0	0	0	0	0	0	0	0	0	0	0	0.526917291876825	-0.989607597882903	0.448081059024295	0.592443852028073
0.0407961	0.428309	0.563509	0.00454599	-0.00834375	-0.00217183	0.0111771	0.048962	0.0753260000000001	-0.00050697	0.000459069999999997	0.00012953	0.1902436	-0.0285934806	-0.0211597241	0.0516958108	-0.0352821126	-0.0131745611	0.0496661877	-0.0410513194	-0.0048460789	0.0463423012	-0.0457507597	0.0036086884	0.0418107693	-0.0492579697	0.011969416	0.0361896802	-0.0514815542	0.0200182296	0.0296255153	-0.0523635681	0.0275453833	0.0222893319	0.0357082138	-0.0152327142	-0.0333434387	0.0115123104	-0.0181852272	0.0195614326	0.0908820397	0	0	0	0	0	0	0	0	0	0	0	0	0	0	0	0	0	0	0	0	0	0	0	0	0	0	0	0	0	0	0	0	0	0	0	0	0	0	0	0	0	0	0	0	0	0	0	0	0	0	0	0	0	0	0	0	0	0	0	0	0	0	0	0	0	0	0.132591638306045	-1.0410634688214	0.448081059024295	-1.68540061352814
0.0492479	0.32534	0.493477	0.00461107	-0.00790075	-0.00243219	0.0084518	-0.102969	-0.070032	6.50800000000004e-05	0.000443000000000002	-0.00026036	0.2198748	-0.0287823352	-0.0207459769	0.0515825363	-0.0359441567	-0.0120792627	0.0492194833	-0.0420138333	-0.0030455261	0.0453609212	-0.0468069407	0.0060807472	0.0401240904	-0.050177843	0.0150222601	0.0336681095	-0.0520241169	0.0235073292	0.02618914	-0.0522896643	0.03127814	0.0179144269	0.043951455	-0.0266003202	-0.0168955844	-0.01541436	0.0056825425	-0.0303284842	0.0339525745	0	0	0	0	0	0	0	0	0	0	0	0	0	0	0	0	0	0	0	0	0	0	0	0	0	0	0	0	0	0	0	0	0	0	0	0	0	0	0	0	0	0	0	0	0	0	0	0	0	0	0	0	0	0	0	0	0	0	0	0	0	0	0	0	0	0	-0.026406897095176	-1.06357985826954	0.448081059024295	-1.68540061352814
0.0394085	0.379168	0.591113	0.00525974	-0.00845188	-0.00212511	-0.00983940000000001	0.053828	0.097636	0.00064867	-0.000551130000000002	0.00030708	0.2366474	-0.0289706552	-0.0203306886	0.0514606403	-0.0365955205	-0.0109783563	0.048739874	-0.0429381175	-0.0012413539	0.044311314	-0.0477762082	0.0085391442	0.0383301323	-0.050940271	0.0180204398	0.0310059033	-0.0523194405	0.0268703181	0.0225952602	-0.051865392	0.0347786889	0.013392903	0.028929155	-0.0138805664	-0.0285307683	-0.0041027129	0.0005593747	-0.0209117343	0.0205316595	0	0	0	0	0	0	0	0	0	0	0	0	0	0	0	0	0	0	0	0	0	0	0	0	0	0	0	0	0	0	0	0	0	0	0	0	0	0	0	0	0	0	0	0	0	0	0	0	0	0	0	0	0	0	0	0	0	0	0	0	0	0	0	0	0	0	-0.785800910452684	-0.877996311473037	0.448081059024295	0.592443852028073
0.0427735	0.321055	0.56649	0.00563124	-0.0085306	-0.00226819	0.003365	-0.058113	-0.0246230000000001	0.0003715	-7.87199999999992e-05	-0.00014308	0.115766	-0.0291584371	-0.0199138901	0.0513301431	-0.0372360105	-0.009872353	0.0482276804	-0.043823331	0.0005642937	0.0431950583	-0.0486567622	0.0109783563	0.0364336915	-0.0515428613	0.0209530451	0.028214182	-0.0523661213	0.0300891549	0.0188654898	-0.051093594	0.0380210421	0.0087617663	0.0308154364	-0.0197878434	-0.0186064141	-0.0106204979	0.0065736698	-0.0232983946	0.0091871346	0	0	0	0	0	0	0	0	0	0	0	0	0	0	0	0	0	0	0	0	0	0	0	0	0	0	0	0	0	0	0	0	0	0	0	0	0	0	0	0	0	0	0	0	0	0	0	0	0	0	0	0	0	0	0	0	0	0	0	0	0	0	0	0	0	0	-3.25305375471011	-0.841908491482463	0.448081059024295	0.592443852028073
0.0422087	0.357935	0.627399	0.00513138	-0.00853061	-0.00201412	-0.000564799999999997	0.03688	0.060909	-0.00049986	-9.99999999994061e-09	0.00025407	0.1360508	-0.0293456776	-0.0194956122	0.0511910666	-0.0378654364	-0.0087617663	0.0476832451	-0.0446686685	0.0023692706	0.0420138333	-0.0494469678	0.013392903	0.0344398384	-0.0519837232	0.0238094045	0.025304607	-0.0521639377	0.0331465714	0.0150222601	-0.0499794418	0.0409811285	0.0040589197	0.0247108156	-0.0091552294	-0.0317392853	-0.0108955304	0.0119885421	-0.0316507045	-0.0111119511	0	0	0	0	0	0	0	0	0	0	0	0	0	0	0	0	0	0	0	0	0	0	0	0	0	0	0	0	0	0	0	0	0	0	0	0	0	0	0	0	0	0	0	0	0	0	0	0	0	0	0	0	0	0	0	0	0	0	0	0	0	0	0	0	0	0	-2.16010498302882	-0.879040471568598	0.448081059024295	0.592443852028073
0.0537361	0.344172	0.60437	0.00481261	-0.00904908	-0.00200137	0.0115274	-0.013763	-0.023029	-0.000318769999999999	-0.00051847	1.27499999999997e-05	0.0908189000000001	-0.0295323731	-0.0190758861	0.051043434	-0.0384836111	-0.0076471118	0.0471069319	-0.0454733605	0.0041714317	0.0407694154	-0.0501453577	0.0157773596	0.032353904	-0.0522614734	0.0265791242	0.0222893319	-0.0517138504	0.0360261653	0.0110886847	-0.0485304007	0.0436369724	-0.0006771467	0.0305252004	-0.012189927	-0.0066303969	0.0010357492	-0.0119054985	-0.0028698002	0.0333021148	0	0	0	0	0	0	0	0	0	0	0	0	0	0	0	0	0	0	0	0	0	0	0	0	0	0	0	0	0	0	0	0	0	0	0	0	0	0	0	0	0	0	0	0	0	0	0	0	0	0	0	0	0	0	0	0	0	0	0	0	0	0	0	0	0	0	-2.08216003317789	-0.737753908323458	0.448081059024295	0.592443852028073
0.0434641	0.39539	0.626246	0.00537436	-0.00839943	-0.00172354	-0.010272	0.051218	0.021876	0.00056175	0.000649650000000002	0.00027783	0.1578275	-0.0297185201	-0.018654743	0.0508872699	-0.039090351	-0.0065289069	0.0464991262	-0.046236675	0.0059686353	0.0394636764	-0.050750635	0.018126369	0.0301814655	-0.0523752403	0.0292521253	0.0191809517	-0.0510179984	0.0387124883	0.0070884207	-0.0467561802	0.0459688572	-0.005407671	0.0226469993	-0.0093967108	-0.0233229289	0.0086627698	-0.0158330158	0.0103878595	0.0630551305	0	0	0	0	0	0	0	0	0	0	0	0	0	0	0	0	0	0	0	0	0	0	0	0	0	0	0	0	0	0	0	0	0	0	0	0	0	0	0	0	0	0	0	0	0	0	0	0	0	0	0	0	0	0	0	0	0	0	0	0	0	0	0	0	0	0	0.278549338902586	-1.14803212031567	0.448081059024295	0.592443852028073
0.0521002	0.375341	0.560496	0.005253	-0.00838831	-0.0019216	0.00863609999999999	-0.020049	-0.06575	-0.00012136	1.11199999999999e-05	-0.00019806	0.1109621	-0.0299041152	-0.0182322141	0.0507226006	-0.0396854757	-0.005407671	0.0458602343	-0.0469579174	0.0077587455	0.0380985803	-0.0512616758	0.0204346535	0.0279283311	-0.052324667	0.0318186811	0.0159924506	-0.0500796887	0.0411911291	0.0030455261	-0.0446686685	0.0479594708	-0.0100939368	0.03069153	-0.016722929	-0.0058795296	-0.0103855471	-0.0103075906	-0.0143534643	0.0243300402	0	0	0	0	0	0	0	0	0	0	0	0	0	0	0	0	0	0	0	0	0	0	0	0	0	0	0	0	0	0	0	0	0	0	0	0	0	0	0	0	0	0	0	0	0	0	0	0	0	0	0	0	0	0	0	0	0	0	0	0	0	0	0	0	0	0	-2.34174562309778	-1.01047478477473	0.448081059024295	0.592443852028073
0.0546445	0.439533	0.645562	0.00494164	-0.00823691	-0.00181318	0.00254430000000001	0.064192	0.085066	-0.00031136	0.000151399999999998	0.00010842	0.1803613	-0.0300891549	-0.0178083308	0.0505494535	-0.0402688086	-0.0042839244	0.0451906832	-0.0476364314	0.0095396348	0.0366761804	-0.0516775313	0.0226970271	0.0256005252	-0.0521099123	0.0342694522	0.0127371473	-0.0489033805	0.0434487905	-0.0010156846	-0.0422818529	0.049594035	-0.0146975897	0.0209810328	-0.0057673037	-0.0083169189	-0.0024712298	-0.0062656276	0.0059678361	0.0303446014	0	0	0	0	0	0	0	0	0	0	0	0	0	0	0	0	0	0	0	0	0	0	0	0	0	0	0	0	0	0	0	0	0	0	0	0	0	0	0	0	0	0	0	0	0	0	0	0	0	0	0	0	0	0	0	0	0	0	0	0	0	0	0	0	0	0	1.0772393475642	-0.835561163031627	0.448081059024295	0.592443852028073
0.0452299	0.38746	0.593835	0.00491292	-0.00879196	-0.00214213	-0.0094146	-0.052073	-0.051727	-2.87199999999994e-05	-0.000555049999999998	-0.00032895	0.1588506	-0.0302736359	-0.0173831246	0.0503678575	-0.0408401761	-0.003158189	0.0444909208	-0.0482715996	0.0113091867	0.0351986159	-0.0519974292	0.0249084068	0.0232042715	-0.0517316498	0.0365955205	0.0094286395	-0.0474946641	0.0454733605	-0.0050707869	-0.0396117264	0.050860415	-0.0191809517	0.0253058823	-0.012298242	0.0096729795	-0.0052067039	-0.0032771155	0.0134508514	0.0131074029	0	0	0	0	0	0	0	0	0	0	0	0	0	0	0	0	0	0	0	0	0	0	0	0	0	0	0	0	0	0	0	0	0	0	0	0	0	0	0	0	0	0	0	0	0	0	0	0	0	0	0	0	0	0	0	0	0	0	0	0	0	0	0	0	0	0	-0.205829817316659	-0.83421666516354	0.448081059024295	-1.68540061352814
0.0325757	0.428989	0.680264	0.00510244	-0.00881091	-0.00202274	-0.0126542	0.041529	0.086429	0.000189519999999999	-1.8950000000002e-05	0.00011939	0.1570052	-0.0304575546	-0.0169566271	0.050177843	-0.0413994086	-0.0020309873	0.0437614146	-0.048862844	0.0130652981	0.0336681095	-0.0522207755	0.0270638244	0.0207459769	-0.0511910666	0.0387884217	0.0060807472	-0.0458602343	0.0472539781	-0.0090953929	-0.0366761804	0.0517492091	-0.0235073292	0.0145349754	-0.0052266549	-0.0014788763	0.0061326709	-0.00597772	0.0044532145	0.0062974613	0	0	0	0	0	0	0	0	0	0	0	0	0	0	0	0	0	0	0	0	0	0	0	0	0	0	0	0	0	0	0	0	0	0	0	0	0	0	0	0	0	0	0	0	0	0	0	0	0	0	0	0	0	0	0	0	0	0	0	0	0	0	0	0	0	0	0.406717123105698	-0.863653528768268	0.448081059024295	-1.68540061352814
0.0428588	0.387811	0.671802	0.00457638	-0.00904165	-0.00221055	0.0102831	-0.041178	-0.00846199999999997	-0.00052606	-0.00023074	-0.00018781	0.1071536	-0.0306409077	-0.01652887	0.0499794418	-0.0419463399	-0.0009028426	0.0430026525	-0.0494096266	0.0148058821	0.0320869629	-0.0523471556	0.0291584371	0.0182322141	-0.0504898588	0.0408401761	0.0027074549	-0.0440078585	0.0487810905	-0.0130652981	-0.0334948844	0.0522538189	-0.0276413132	0.0180235492	-0.0078696095	0.0070748595	-0.0078313992	-0.0027229438	0.0024446599	-0.0048753533	0	0	0	0	0	0	0	0	0	0	0	0	0	0	0	0	0	0	0	0	0	0	0	0	0	0	0	0	0	0	0	0	0	0	0	0	0	0	0	0	0	0	0	0	0	0	0	0	0	0	0	0	0	0	0	0	0	0	0	0	0	0	0	0	0	0	-0.647011285421067	-0.976943477942186	0.448081059024295	0.592443852028073
0.0516144	0.396376	0.710956	0.00437577	-0.00926891000000001	-0.00209372	0.0087556	0.00856499999999999	0.039154	-0.00020061	-0.000227260000000005	0.00011683	0.0837096	-0.0308236917	-0.016099885	0.049772687	-0.0424808075	0.0002257211	0.0422151417	-0.04991145	0.01652887	0.0304575546	-0.0523763346	0.0311875391	0.015669704	-0.0496302266	0.0427433176	-0.0006771467	-0.0419463399	0.0500465054	-0.0169566271	-0.0300891549	0.0523704984	-0.0315490697	0.0134799748	-0.0029484856	-0.0157331295	-0.0007542992	0.002313336	-0.0082251662	-0.0121404166	0	0	0	0	0	0	0	0	0	0	0	0	0	0	0	0	0	0	0	0	0	0	0	0	0	0	0	0	0	0	0	0	0	0	0	0	0	0	0	0	0	0	0	0	0	0	0	0	0	0	0	0	0	0	0	0	0	0	0	0	0	0	0	0	0	0	-3.89281283385116	-1.08212621815792	0.448081059024295	0.592443852028073
0.0563051	0.371584	0.656301	0.00392706	-0.00912861	-0.00222622	0.00469069999999999	-0.024792	-0.054655	-0.000448710000000001	0.000140300000000005	-0.0001325	0.1202132	-0.0310059033	-0.015669704	0.0495576132	-0.0430026525	0.0013541801	0.0413994086	-0.0503678575	0.0182322141	0.0287823352	-0.0523082586	0.0331465714	0.0130652981	-0.0486148674	0.0444909208	-0.0040589197	-0.0396854757	0.051043434	-0.0207459769	-0.0264818121	0.0520983812	-0.0351986159	0.0225080345	-0.0101661433	0.0006141163	-0.0056999148	0.0076667285	-0.019828277	-0.007508358	0	0	0	0	0	0	0	0	0	0	0	0	0	0	0	0	0	0	0	0	0	0	0	0	0	0	0	0	0	0	0	0	0	0	0	0	0	0	0	0	0	0	0	0	0	0	0	0	0	0	0	0	0	0	0	0	0	0	0	0	0	0	0	0	0	0	-3.80739542762104	-1.15146529928938	0.448081059024295	0.592443852028073
0.0585873	0.383067	0.680477	0.00414128	-0.00973795	-0.00216749	0.00228220000000001	0.011483	0.024176	0.00021422	-0.00060934	5.87299999999999e-05	0.0820557	-0.0311875391	-0.015238359	0.0493342563	-0.0435117199	0.0024820104	0.0405559987	-0.0507784337	0.0199138901	0.0270638244	-0.0521430537	0.0350311327	0.0104259597	-0.047446967	0.0460766263	-0.0074237382	-0.0372360105	0.051766528	-0.024410558	-0.0226970271	0.0514394875	-0.0385600826	0.0180211271	-0.0084217022	-0.0141911882	-0.0063135302	-0.0125656521	-0.0171041043	0.0133746994	0	0	0	0	0	0	0	0	0	0	0	0	0	0	0	0	0	0	0	0	0	0	0	0	0	0	0	0	0	0	0	0	0	0	0	0	0	0	0	0	0	0	0	0	0	0	0	0	0	0	0	0	0	0	0	0	0	0	0	0	0	0	0	0	0	0	-0.174039618278077	-1.14375486865159	0.448081059024295	0.592443852028073
-0.0179703	0.39197	0.343981	0.0121823	-0.00704703	-0.00120023	-0.0765576	0.00890299999999999	-0.336496	0.00804102	0.00269092	0.00096726	1.0069166	-0.0313685957	-0.0148058821	0.0491026536	-0.0440078585	0.0036086884	0.0396854757	-0.0511428052	0.0215718994	0.025304607	-0.051881027	0.0368369888	0.0077587455	-0.0461301902	0.0474946641	-0.010757547	-0.034609585	0.0522119084	-0.0279283311	-0.0187601599	0.0503987089	-0.0416059582	0.0155915032	-0.0680523707	0.0100943378	-0.0141149212	-0.0120649014	-0.0207247023	0.0509060236	0	0	0	0	0	0	0	0	0	0	0	0	0	0	0	0	0	0	0	0	0	0	0	0	0	0	0	0	0	0	0	0	0	0	0	0	0	0	0	0	0	0	0	0	0	0	1	0	0	0	0	0	0	0	0	0	0	0	0	0	0	0	0	0	0	0	-0.693162331801607	-1.0512867060209	0.448081059024295	0.592443852028073
-0.03237	0.338066	0.324611	0.0121823	-0.00768117	-0.000712133	-0.0143997	-0.053904	-0.0193699999999999	0	-0.00063414	0.000488097	0.14378555	-0.0315490697	-0.0143723053	0.048862844	-0.0444909208	0.0047336909	0.0387884217	-0.0514606403	0.0232042715	0.0235073292	-0.0515226647	0.0385600826	0.0050707869	-0.0446686685	0.048739874	-0.0140464202	-0.0318186811	0.0523771858	-0.03127814	-0.0146975897	0.0489837722	-0.044311314	0.021534274	-0.0777133967	-0.0265668272	-0.0202121077	0.0270918872	-0.0438084302	-0.0139448961	0	0	0	0	0	0	0	0	0	0	0	0	0	0	0	0	0	0	0	0	0	0	0	0	0	0	0	0	0	0	0	0	0	0	0	0	0	0	0	0	0	0	0	0	0	0	0	0	0	0	0	0	0	0	0	0	0	0	0	0	0	0	0	0	0	0	-2.20515149132274	-0.938052686614075	0.448081059024295	0.592443852028073
0.0477465	0.343103	0.495647	0.00815871	-0.00767672	-0.000632308	0.0801165	0.00503700000000007	0.171036	-0.00402359	4.45000000000133e-06	7.98249999999999e-05	0.46158275	-0.0317289578	-0.0139376608	0.0486148674	-0.0449607632	0.0058564958	0.0378654364	-0.0517316498	0.0248090665	0.021674694	-0.0510686325	0.0401965428	0.0023692706	-0.0430669878	0.0498077248	-0.01727662	-0.0288765622	0.0522614734	-0.0344398384	-0.0105365379	0.0472051818	-0.0466540082	0.0165324554	-0.0492737966	-0.0232331706	-0.0124569184	0.0142490776	-0.0333004408	-0.0030802294	0	0	0	0	0	0	0	0	0	0	0	0	0	0	0	0	0	0	0	0	0	0	0	0	0	0	0	0	0	0	0	0	0	0	0	0	0	0	0	0	0	0	0	0	0	0	0	0	0	0	0	0	0	0	0	0	0	0	0	0	0	0	0	0	0	0	-1.14011252635226	-1.10262676982926	0.448081059024295	0.592443852028073
0.0747491	0.455055	0.557422	0.00793768	-0.00771539	-0.000920439	0.0270026	0.111952	0.061775	-0.000221029999999997	-3.86700000000011e-05	-0.000288131	0.22812115	-0.0319082567	-0.0135019809	0.0483587652	-0.0454172463	0.0069765817	0.0369171367	-0.0519555872	0.0263843771	0.0198094581	-0.0505197734	0.0417426926	-0.0003385804	-0.0413301739	0.0506943307	-0.0204346535	-0.0257972105	0.051865392	-0.0373944116	-0.0063048856	0.0450761418	-0.0486148674	0.0120112632	-0.0453230763	0.0162625789	-0.0046711801	0.0044096502	-0.011654065	0.0516770592	0	0	0	0	0	0	0	0	0	0	0	0	0	0	0	0	0	0	0	0	0	0	0	0	0	0	0	0	0	0	0	0	0	0	0	0	0	0	0	0	0	0	0	0	0	0	0	0	0	0	0	0	0	0	0	0	0	0	0	0	0	0	0	0	0	0	0.166670250099268	-0.763257903083893	0.448081059024295	-1.68540061352814
0.0368153	0.377891	0.597268	0.00358392	-0.00800341	-0.000587947	-0.0379338	-0.0771640000000001	0.039846	-0.00435376	-0.000288020000000001	0.000332492	0.4036574	-0.0320869629	-0.0130652981	0.0480945804	-0.0458602343	0.0080934286	0.0359441567	-0.0521322486	0.0279283311	0.0179144269	-0.0498771065	0.0431950583	-0.0030455261	-0.0394636764	0.0513964655	-0.0235073292	-0.0225952602	0.0511910666	-0.0401240904	-0.0020309873	0.0426124582	-0.050177843	0.0276111462	-0.0243742638	-0.0019412088	-0.0158081363	-0.0022476852	-0.0014096761	0.0014099439	0	0	0	0	0	0	0	0	0	0	0	0	0	0	0	0	0	0	0	0	0	0	0	0	0	0	0	0	0	0	0	0	0	0	0	0	0	0	0	0	0	0	0	0	0	0	0	0	0	0	0	0	0	0	0	0	0	0	0	0	0	0	0	0	0	0	0.234823769253899	-1.03171597643169	0.448081059024295	-1.68540061352814
0.0368433	0.352166	0.811539	-0.00438423	-0.0105609	-0.00142906	2.80000000000003e-05	-0.025725	0.214271	-0.00796815	-0.00255749	-0.000841113	0.80836165	-0.0322650733	-0.0126276447	0.0478223571	-0.0462895956	0.009206518	0.0349471469	-0.0522614734	0.0294390937	0.0159924506	-0.0491418251	0.0445503769	-0.0057443291	-0.0374733519	0.0519115742	-0.0264818121	-0.0192859283	0.0502421146	-0.0426124582	0.0022565198	0.0398324213	-0.0513301431	0.0417469158	0.0363727657	-0.0110554573	-0.0052893837	0.007358775	-0.0733786292	-0.0002447387	0	0	0	0	0	0	0	0	0	0	0	0	0	0	0	0	0	0	0	0	0	0	0	0	0	0	0	0	0	0	0	0	0	0	0	0	0	0	0	0	0	0	0	0	0	0	0	0	0	0	0	0	0	0	0	0	0	0	0	0	0	0	0	0	0	0	0.93997502233303	-1.26428908919719	0.448081059024295	0.592443852028073
0.0358401	0.393204	0.783851	-0.00106518	-0.0119175	-0.00142906	-0.0010032	0.041038	-0.0276880000000002	0.00331905	-0.0013566	0	0.3035117	-0.0324425845	-0.0121890533	0.0475421407	-0.0467052026	0.0103153331	0.0339267737	-0.0523431439	0.0309148693	0.0140464202	-0.0483152946	0.0458056033	-0.0084277735	-0.0353654455	0.0522377823	-0.0293456776	-0.015884942	0.049023627	-0.0448445497	0.0065289069	0.0367566699	-0.0520623368	0.0260054647	0.0158193431	-0.012628844	-0.0079217109	-0.0337254348	-0.0212972942	0.0413371578	0	0	0	0	0	0	0	0	0	0	0	0	0	0	0	0	0	0	0	0	0	0	0	0	0	0	0	0	0	0	0	0	0	0	0	0	0	0	0	0	0	0	0	0	0	0	0	0	0	0	0	0	0	0	0	0	0	0	0	0	0	0	0	0	0	0	-0.427600875956395	-0.9836721402684	0.448081059024295	0.592443852028073
0.0413489	0.465336	0.886545	0.000467791	-0.0121301	-0.00101405	0.0055088	0.072132	0.102694	0.001532971	-0.0002126	0.00041501	0.28836385	-0.0326194932	-0.0117495564	0.0472539781	-0.0471069319	0.0114193591	0.0328837193	-0.0523771858	0.032353904	0.0120792627	-0.0473990497	0.0469579174	-0.0110886847	-0.0331465714	0.0523739028	-0.0320869629	-0.0124084642	0.0475421407	-0.0468069407	0.010757547	0.0334080384	-0.0523684314	0.007837402	0.0197541078	-0.0162193556	-0.0046108455	0.0086359138	-0.0189403107	0.0266627961	0	0	0	0	0	0	0	0	0	0	0	0	0	0	0	0	0	0	0	0	0	0	0	0	0	0	0	0	0	0	0	0	0	0	0	0	0	0	0	0	0	0	0	0	0	0	0	0	0	0	0	0	0	0	0	0	0	0	0	0	0	0	0	0	0	0	0.631795004546961	-1.01759975368662	0.448081059024295	0.592443852028073
0.0269117	0.431267	0.925441	0.00108348	-0.0125551	-0.00097185	-0.0144372	-0.034069	0.0388959999999999	0.000615689	-0.000425	4.22e-05	0.14154665	-0.0327957961	-0.0113091867	0.0469579174	-0.0474946641	0.0125180835	0.0318186811	-0.0523635681	0.0337544877	0.0100939368	-0.0463947917	0.0480047303	-0.0137199483	-0.0308236917	0.0523194405	-0.0346942175	-0.0088730165	0.0458056033	-0.0484878293	0.0149141057	0.0298113868	-0.0522459219	-0.0013086392	0.0283765081	0.0079919763	-0.0001047101	-0.01185388	-0.0237334979	-0.0333944692	0	0	0	0	0	0	0	0	0	0	0	0	0	0	0	0	0	0	0	0	0	0	0	0	0	0	0	0	0	0	0	0	0	0	0	0	0	0	0	0	0	0	0	0	0	0	0	0	0	0	0	0	0	0	0	0	0	0	0	0	0	0	0	0	0	0	-0.941050560855609	-0.619850164447474	0.448081059024295	0.592443852028073
0.0365376	0.391674	0.894722	-0.000147697	-0.0125551	-0.00104941	0.00962589999999999	-0.0395930000000001	-0.030719	-0.001231177	0	-7.756e-05	0.14537475	-0.0329714899	-0.0108679768	0.0466540082	-0.0478682839	0.0136109962	0.030732371	-0.0523023033	0.0351149558	0.0080934286	-0.0453043854	0.04894369	-0.016314529	-0.0284040951	0.0520745933	-0.0371565505	-0.0052954007	0.043823331	-0.0498771065	0.018970732	0.0259934166	-0.0516958108	0.0106966405	0.0253560327	-0.0040873851	-0.0001467971	0.0056311069	-0.0200984084	0.0021157444	0	0	0	0	0	0	0	0	0	0	0	0	0	0	0	0	0	0	0	0	0	0	0	0	0	0	0	0	0	0	0	0	0	0	0	0	0	0	0	0	0	0	0	0	0	0	0	0	0	0	0	0	0	0	0	0	0	0	0	0	0	0	0	0	0	0	0.222371630405391	-0.530954017560449	0.448081059024295	0.592443852028073
0.0268673	0.431657	1.00048	-0.000304421	-0.0121069	-0.000837292	-0.00967029999999999	0.039983	0.105758	-0.000156724	0.000448199999999999	0.000212118	0.1962634	-0.0331465714	-0.0104259597	0.0463423012	-0.0482276804	0.0146975897	0.0296255153	-0.0521934471	0.0364336915	0.0060807472	-0.0441298556	0.049772687	-0.0188654898	-0.0258953737	0.0516402525	-0.0394636764	-0.0016926191	0.0416059582	-0.0509664168	0.0229002443	0.0219824722	-0.0507226006	-0.0051538087	0.0487091833	0.0084904829	-0.0015466514	-0.0026902548	-0.0179459781	-0.0527359616	0	0	0	0	0	0	0	0	0	0	0	0	0	0	0	0	0	0	0	0	0	0	0	0	0	0	0	0	0	0	0	0	0	0	0	0	0	0	0	0	0	0	0	0	0	0	0	0	0	0	0	0	0	0	0	0	0	0	0	0	0	0	0	0	0	0	0.586652489728463	-0.562924855886526	0.448081059024295	0.592443852028073
0.0286734	0.374659	0.954126	-0.000685183	-0.0125417	-0.000953645	0.00180610000000001	-0.0569979999999999	-0.046354	-0.000380762	-0.000434799999999999	-0.000116353	0.15175385	-0.0333210373	-0.009983168	0.0460228486	-0.0485727468	0.0157773596	0.028498854	-0.0520370985	0.0377091275	0.0040589197	-0.0428733831	0.0504898588	-0.0213660101	-0.0233053991	0.0510179984	-0.0416059582	0.0019182066	0.0391653804	-0.0517492091	0.0266763128	0.0178083308	-0.0493342563	0.0024639954	0.0343699304	0.0004114269	-0.0010908529	-0.0034405582	-0.0061713285	-0.0294379089	0	0	0	0	0	0	0	0	0	0	0	0	0	0	0	0	0	0	0	0	0	0	0	0	0	0	0	0	0	0	0	0	0	0	0	0	0	0	0	0	0	0	0	0	0	0	0	0	0	0	0	0	0	0	0	0	0	0	0	0	0	0	0	0	0	0	0.671702539803444	-0.479519639754396	0.448081059024295	0.592443852028073
0.032995	0.427854	0.99422	-0.000304421	-0.0125597	-0.000909597	0.00432159999999999	0.053195	0.0400940000000002	0.000380762	-1.80000000000007e-05	4.40480000000001e-05	0.1197511	-0.0334948844	-0.0095396348	0.0456957037	-0.0489033805	0.0168498047	0.0273531403	-0.0518333998	0.0389397479	0.0020309873	-0.0415373011	0.051093594	-0.0238094045	-0.0206422981	0.0502100954	-0.0435744473	0.0055199161	0.0365146908	-0.0522207755	0.0302736359	0.0135019809	-0.0475421407	-0.0075126295	0.0410777767	0.0103059712	0.0092117628	-0.0091640716	-0.0131020894	-0.0209057223	0	0	0	0	0	0	0	0	0	0	0	0	0	0	0	0	0	0	0	0	0	0	0	0	0	0	0	0	0	0	0	0	0	0	0	0	0	0	0	0	0	0	0	0	0	0	0	0	0	0	0	0	0	0	0	0	0	0	0	0	0	0	0	0	0	0	0.95827244588532	-0.529385105751258	0.448081059024295	0.592443852028073
0.0391865	0.405436	0.984247	-0.000304421	-0.0127683	-0.000923772	0.0061915	-0.022418	-0.00997300000000023	0	-0.0002086	-1.41750000000001e-05	0.04972125	-0.0336681095	-0.0090953929	0.0453609212	-0.0492194833	0.0179144269	0.02618914	-0.0515825363	0.0401240904	0	-0.0401240904	0.0515825363	-0.02618914	-0.0179144269	0.0492194833	-0.0453609212	0.0090953929	0.0336681095	-0.0523782801	0.0336681095	0.0090953929	-0.0453609212	-0.0094524471	0.0404034534	0.0056575974	0.0150540742	-0.0272703652	0.0188205661	-0.0100300576	0	0	0	0	0	0	0	0	0	0	0	0	0	0	0	0	0	0	0	0	0	0	0	0	0	0	0	0	0	0	0	0	0	0	0	0	0	0	0	0	0	0	0	0	0	0	0	0	0	0	0	0	0	0	0	0	0	0	0	0	0	0	0	0	0	0	0.866086425321158	-0.599922098053279	0.448081059024295	0.592443852028073
0.0316129	0.415829	0.975602	-0.000777015	-0.0126375	-0.00111944	-0.0075736	0.010393	-0.0086449999999999	-0.000472594	0.0001308	-0.000195668	0.0665647	-0.0338407093	-0.0086504753	0.045018557	-0.0495209612	0.018970732	0.0250076315	-0.0512847364	0.0412607473	-0.0020309873	-0.0386363752	0.0519555872	-0.028498854	-0.0151303447	0.0480497669	-0.0469579174	0.0126276447	0.0306409077	-0.0522207755	0.0368369888	0.004621281	-0.0428084497	-0.0063576165	0.0409180735	0.0199627226	0.0042483586	-0.0102431252	0.0245335345	0.0183286185	0	0	0	0	0	0	0	0	0	0	0	0	0	0	0	0	0	0	0	0	0	0	0	0	0	0	0	0	0	0	0	0	0	0	0	0	0	0	0	0	0	0	0	0	0	0	0	0	0	0	0	0	0	0	0	0	0	0	0	0	0	0	0	0	0	0	-1.39181508536665	-0.574157424183455	0.448081059024295	0.592443852028073
0.0381127	0.442115	1.07018	-0.000762006	-0.0127379	-0.00108866	0.00649979999999999	0.026286	0.0945779999999998	1.50090000000003e-05	-0.000100400000000006	3.078e-05	0.13467325	-0.0340126806	-0.0082049152	0.0446686685	-0.0498077248	0.0200182296	0.0238094045	-0.050940271	0.0423483678	-0.0040589197	-0.0370769179	0.0522119084	-0.030732371	-0.0122987873	0.0467052026	-0.0483587652	0.016099885	0.0274493255	-0.0517492091	0.0397590408	0.0001128608	-0.0399056168	-0.0234011251	0.0689875546	0.0056087657	0.0105389452	0.0006301169	-0.0107493481	-0.033155785	0	0	0	0	0	0	0	0	0	0	0	0	0	0	0	0	0	0	0	0	0	0	0	0	0	0	0	0	0	0	0	0	0	0	0	0	0	0	0	0	0	0	0	0	0	0	0	0	0	0	0	0	0	0	0	0	0	0	0	0	0	0	0	0	0	0	0.144205032050766	-0.393042392770577	0.448081059024295	0.592443852028073
0.0362025	0.404393	0.983313	-0.000294153	-0.0125351	-0.00103531	-0.00191019999999999	-0.037722	-0.0868669999999997	0.000467853	0.000202800000000005	5.335e-05	0.16269935	-0.0341840202	-0.0077587455	0.044311314	-0.0500796887	0.0210564335	0.0225952602	-0.0505494535	0.0433856593	-0.0060807472	-0.0354486142	0.0523509242	-0.0328837193	-0.0094286395	0.0451906832	-0.0495576132	0.0194956122	0.024110485	-0.0509664168	0.0424146861	-0.0043963972	-0.0366761804	-0.0104670236	0.0320993198	0.0068066761	-0.0083566246	-0.0085258464	-0.0098444388	-0.0189499624	0	0	0	0	0	0	0	0	0	0	0	0	0	0	0	0	0	0	0	0	0	0	0	0	0	0	0	0	0	0	0	0	0	0	0	0	0	0	0	0	0	0	0	0	0	0	0	0	0	0	0	0	0	0	0	0	0	0	0	0	0	0	0	0	0	0	0.686757350705693	-0.517317050335889	0.448081059024295	0.592443852028073
0.0312396	0.440723	1.04138	-0.000950602	-0.0124988	-0.000904424	-0.0049629	0.03633	0.0580669999999998	-0.000656449	3.63000000000013e-05	0.000130886	0.14054165	-0.0343547251	-0.0073119995	0.0439465533	-0.0503367722	0.0220848615	0.0213660101	-0.0501126395	0.044371389	-0.0080934286	-0.0337544877	0.0523723222	-0.0349471469	-0.0065289069	0.0435117199	-0.0505494535	0.0227986886	0.0206422981	-0.0498771065	0.0447861304	-0.0088730165	-0.0331465714	-0.0173494228	0.0532760305	0.0038993759	0.0071294398	0.0128319585	0.0140722176	-0.0052174481	0	0	0	0	0	0	0	0	0	0	0	0	0	0	0	0	0	0	0	0	0	0	0	0	0	0	0	0	0	0	0	0	0	0	0	0	0	0	0	0	0	0	0	0	0	0	0	0	0	0	0	0	0	0	0	0	0	0	0	0	0	0	0	0	0	0	0.857913522626009	-0.945650392121901	0.448081059024295	0.592443852028073
0.0196526	0.414624	1.04366	-0.000121885	-0.0123827	-0.00121661	-0.011587	-0.026099	0.00228000000000006	0.000828717	0.000116099999999994	-0.000312186	0.10281615	-0.0345247919	-0.0068647103	0.0435744473	-0.0505788988	0.0231030362	0.0201224762	-0.0496302266	0.0453043854	-0.0100939368	-0.0319976841	0.0522760543	-0.0369171367	-0.0036086884	0.0416744222	-0.0513301431	0.0259934166	0.0170633708	-0.0484878293	0.0468574839	-0.0132837629	-0.0293456776	-0.0273821416	0.045816995	0.01803754	0.0112969245	-0.012805924	0.0421842395	-0.0344256573	0	0	0	0	0	0	0	0	0	0	0	0	0	0	0	0	0	0	0	0	0	0	0	0	0	0	0	0	0	0	0	0	0	0	0	0	0	0	0	0	0	0	0	0	0	0	0	0	0	0	0	0	0	0	0	0	0	0	0	0	0	0	0	0	0	0	0.693258319840996	-0.38954770857464	0.448081059024295	0.592443852028073
0.0331224	0.398323	0.997101	-0.00107008	-0.0126235	-0.00136968	0.0134698	-0.016301	-0.046559	-0.000948195	-0.000240799999999994	-0.00015307	0.14343305	-0.0346942175	-0.0064169112	0.0431950583	-0.0508059967	0.024110485	0.0188654898	-0.0491026536	0.0461835398	-0.0120792627	-0.0301814655	0.0520623368	-0.0387884217	-0.0006771467	0.0396854757	-0.051896421	0.0290646136	0.013392903	-0.0468069407	0.0486148674	-0.0175958911	-0.025304607	-0.0155952172	0.0378700852	0.0107214942	0.0041121621	0.004522886	0.0160402046	-0.0108187442	0	0	0	0	0	0	0	0	0	0	0	0	0	0	0	0	0	0	0	0	0	0	0	0	0	0	0	0	0	0	0	0	0	0	0	0	0	0	0	0	0	0	0	0	0	0	0	0	0	0	0	0	0	0	0	0	0	0	0	0	0	0	0	0	0	0	0.256578662501587	-0.51556418444897	0.448081059024295	0.592443852028073
0.0424988	0.41425	1.04397	-0.0016689	-0.0128035	-0.00142906	0.00937640000000001	0.015927	0.046869	-0.00059882	-0.00018	-5.93799999999999e-05	0.1140824	-0.0348629988	-0.0059686353	0.0428084497	-0.0510179984	0.0251067401	0.0175958911	-0.0485304007	0.0470078072	-0.0140464202	-0.0283092043	0.0517316498	-0.0405559987	0.0022565198	0.0375521182	-0.0522459219	0.0319976841	0.0096505858	-0.0448445497	0.0500465054	-0.021777388	-0.0210564335	-0.021299107	0.0587058672	0.015315368	0.0020917742	0.006760977	0.0032759743	-0.0454690756	0	0	0	0	0	0	0	0	0	0	0	0	0	0	0	0	0	0	0	0	0	0	0	0	0	0	0	0	0	0	0	0	0	0	0	0	0	0	0	0	0	0	0	0	0	0	0	0	0	0	0	0	0	0	0	0	0	0	0	0	0	0	0	0	0	0	-0.397956777750171	-0.598711190965537	0.448081059024295	0.592443852028073
0.0177189	0.402703	0.579284	0.0027253	-0.0109621	-0.00327364	-0.0247799	-0.011547	-0.464686	0.0043942	0.0018414	-0.00184458	0.9050219	-0.0350311327	-0.0055199161	0.0424146861	-0.0512148408	0.0260913389	0.016314529	-0.0479139886	0.0477762082	-0.0159924506	-0.0263843771	0.0512847364	-0.0422151417	0.0051831058	0.0352821126	-0.0523771858	0.0347786889	0.0058564958	-0.0426124582	0.0511428052	-0.0257972105	-0.0166359256	0.0156592486	-0.0687625789	0.021964729	-0.0331964621	-0.0355768945	-0.0176919442	-0.0174906304	0	0	0	0	0	0	0	0	0	0	0	0	0	0	0	0	0	0	0	0	0	0	0	0	0	0	0	0	0	0	0	0	0	0	0	0	0	0	0	0	0	0	0	0	0	0	0	1	0	0	0	0	0	0	0	0	0	0	0	0	0	0	0	0	0	0	0.705767259977356	-0.497667019893683	0.448081059024295	0.592443852028073
0.0133998	0.436228	0.846244	0.00165857	-0.0113152	-0.00367967	-0.0043191	0.0335249999999999	0.26696	-0.00106673	-0.0003531	-0.00040603	0.3960971	-0.0351986159	-0.0050707869	0.0420138333	-0.0513964655	0.0270638244	0.0150222601	-0.0472539781	0.0484878293	-0.0179144269	-0.024410558	0.0507226006	-0.0437614146	0.0080934286	0.0328837193	-0.0522896643	0.0373944116	0.0020309873	-0.0401240904	0.051896421	-0.0296255153	-0.0120792627	-0.0132944414	-0.0293483716	0.0097581665	-0.01368551	-0.0264721606	0.039217235	-0.0260157472	0	0	0	0	0	0	0	0	0	0	0	0	0	0	0	0	0	0	0	0	0	0	0	0	0	0	0	0	0	0	0	0	0	0	0	0	0	0	0	0	0	0	0	0	0	0	0	0	0	0	0	0	0	0	0	0	0	0	0	0	0	0	0	0	0	0	0.723126536172118	-0.725318963100603	0.448081059024295	0.592443852028073
0.0126108	0.403004	0.84687	0.0014466	-0.0119174	-0.00319116	-0.000789000000000007	-0.033224	0.000626000000000126	-0.00021197	-0.000602199999999999	0.00048851	0.0997730000000001	-0.0353654455	-0.004621281	0.0416059582	-0.0515628185	0.028023745	0.0137199483	-0.0465509697	0.0491418251	-0.0198094581	-0.0223914121	0.0500465054	-0.0451906832	0.0109783563	0.0303656657	-0.0519837232	0.0398324213	-0.001805417	-0.0373944116	0.0523023033	-0.0332338815	-0.0074237382	-0.0154863252	-0.020129372	-0.0060991176	0.0110366944	-0.0202222062	0.0434141031	0.0162529879	0	0	0	0	0	0	0	0	0	0	0	0	0	0	0	0	0	0	0	0	0	0	0	0	0	0	0	0	0	0	0	0	0	0	0	0	0	0	0	0	0	0	0	0	0	0	0	0	0	0	0	0	0	0	0	0	0	0	0	0	0	0	0	0	0	0	0.469301337726875	-0.739172697671073	0.448081059024295	0.592443852028073
0.0369772	0.457137	0.93709	0.000490228	-0.0121254	-0.00274803	0.0243664	0.054133	0.0902199999999999	-0.000956372	-0.000208	0.00044313	0.2490945	-0.0355316183	-0.0041714317	0.0411911291	-0.0517138504	0.0289706552	0.0124084642	-0.0458056033	0.0497374181	-0.021674694	-0.0203306886	0.0492579697	-0.0464991262	0.0138288366	0.0277371148	-0.0514606403	0.0420811315	-0.0056321357	-0.0344398384	0.0523577323	-0.0365955205	-0.0027074549	-0.0256341102	-9.23202e-05	0.0062071864	0.0078903441	0.0013429642	0.0276206	-0.002115214	0	0	0	0	0	0	0	0	0	0	0	0	0	0	0	0	0	0	0	0	0	0	0	0	0	0	0	0	0	0	0	0	0	0	0	0	0	0	0	0	0	0	0	0	0	0	0	0	0	0	0	0	0	0	0	0	0	0	0	0	0	0	0	0	0	0	0.053688475425239	-1.0426492896996	0.448081059024295	0.592443852028073
0.0369873	0.439158	0.958253	0.00111164	-0.0124755	-0.00250027	1.01000000000059e-05	-0.017979	0.021163	0.000621412	-0.000350099999999999	0.00024776	0.1001157	-0.0356971313	-0.0037212726	0.0407694154	-0.0518495163	0.0299041152	0.0110886847	-0.045018557	0.0502739006	-0.0235073292	-0.0182322141	0.0483587652	-0.0476832451	0.0166359256	0.0250076315	-0.0507226006	0.0441298556	-0.0094286395	-0.03127814	0.0520623368	-0.0396854757	0.0020309873	-0.0360584765	0.0033351457	0.0096125453	0.0177486632	0.0016009469	0.0277056929	-0.0324215036	0	0	0	0	0	0	0	0	0	0	0	0	0	0	0	0	0	0	0	0	0	0	0	0	0	0	0	0	0	0	0	0	0	0	0	0	0	0	0	0	0	0	0	0	0	0	0	0	0	0	0	0	0	0	0	0	0	0	0	0	0	0	0	0	0	0	0.06793325057028	-0.762320757881809	0.448081059024295	0.592443852028073
0.052178	0.422751	0.961161	-0.000280537	-0.0119254	-0.00248595	0.0151907	-0.0164069999999999	0.00290800000000002	-0.001392177	0.0005501	1.43200000000004e-05	0.13233555	-0.0358619813	-0.0032708371	0.0403408874	-0.0519697758	0.0308236917	0.0097614921	-0.044190547	0.050750635	-0.025304607	-0.016099885	0.0473509122	-0.048739874	0.0193908153	0.0221871482	-0.049772687	0.0459688572	-0.0131745611	-0.0279283311	0.0514180959	-0.0424808075	0.006752807	-0.0270733239	0.0065695671	0.0150571827	0.0039539682	0.0171082648	0.0183951595	-0.0444522835	0	0	0	0	0	0	0	0	0	0	0	0	0	0	0	0	0	0	0	0	0	0	0	0	0	0	0	0	0	0	0	0	0	0	0	0	0	0	0	0	0	0	0	0	0	0	0	0	0	0	0	0	0	0	0	0	0	0	0	0	0	0	0	0	0	0	0.893093894181989	-0.357504450732215	0.448081059024295	0.592443852028073
0.0392704	0.448842	1.02685	-0.00153359	-0.0123788	-0.00244587	-0.0129076	0.026091	0.065689	-0.001253053	-0.0004534	4.00799999999996e-05	0.19201425	-0.0360261653	-0.0028201586	0.0399056168	-0.0520745933	0.0317289578	0.0084277735	-0.0433223267	0.0511670547	-0.0270638244	-0.0139376608	0.046236675	-0.0496661877	0.0220848615	0.0192859283	-0.0486148674	0.0475893965	-0.0168498047	-0.024410558	0.0504293264	-0.0449607632	0.0114193591	-0.0318540229	0.0375665209	0.0005521542	0.0136971821	0.0096583614	0.0253139951	-0.0238344218	0	0	0	0	0	0	0	0	0	0	0	0	0	0	0	0	0	0	0	0	0	0	0	0	0	0	0	0	0	0	0	0	0	0	0	0	0	0	0	0	0	0	0	0	0	0	0	0	0	0	0	0	0	0	0	0	0	0	0	0	0	0	0	0	0	0	0.709049386566773	-0.463394208977307	0.448081059024295	0.592443852028073
0.0519594	0.428874	0.941106	-0.00105661	-0.0129661	-0.0022003	0.012689	-0.019968	-0.0857439999999998	0.00047698	-0.000587300000000001	0.00024557	0.1838935	-0.0361896802	-0.0023692706	0.0394636764	-0.0521639377	0.0326194932	0.0070884207	-0.0424146861	0.0515226647	-0.0287823352	-0.0117495564	0.045018557	-0.0504597097	0.024709611	0.016314529	-0.0472539781	0.0489837722	-0.0204346535	-0.0207459769	0.0491026536	-0.0471069319	0.0159924506	-0.0257108176	0.0137080456	0.0138663371	0.0101061608	-0.0029522718	0.0414675994	0.014921028	0	0	0	0	0	0	0	0	0	0	0	0	0	0	0	0	0	0	0	0	0	0	0	0	0	0	0	0	0	0	0	0	0	0	0	0	0	0	0	0	0	0	0	0	0	0	0	0	0	0	0	0	0	0	0	0	0	0	0	0	0	0	0	0	0	0	0.425161797822693	-0.503591371525035	0.448081059024295	0.592443852028073
0.0969118	0.47129	0.997875	-0.00152631	-0.012802	-0.00209991	0.0449524	0.042416	0.0567689999999997	-0.0004697	0.000164099999999999	0.00010039	0.1808469	-0.036352523	-0.0019182066	0.03901514	-0.0522377823	0.0334948844	0.0057443291	-0.0414684511	0.0518170426	-0.0304575546	-0.0095396348	0.043699295	-0.0511183183	0.027256828	0.0132837629	-0.0456957037	0.0501453577	-0.0239098759	-0.0169566271	0.047446967	-0.0489033805	0.0204346535	-0.0318994683	0.0306626736	-0.0136285271	0.00973267	0.0238993372	0.0205371211	-0.011767498	0	0	0	0	0	0	0	0	0	0	0	0	0	0	0	0	0	0	0	0	0	0	0	0	0	0	0	0	0	0	0	0	0	0	0	0	0	0	0	0	0	0	0	0	0	0	0	0	0	0	0	0	0	0	0	0	0	0	0	0	0	0	0	0	0	0	-1.65744445579516	-0.128695252399849	0.448081059024295	0.592443852028073
-0.0503313	0.438981	0.731098	0.000544376	-0.00962991	-0.0028119	-0.1472431	-0.0323089999999999	-0.266777	0.002070686	0.00317209	-0.00071199	0.7440674	-0.0365146908	-0.0014670001	0.0385600826	-0.0522961052	0.0343547251	0.0043963972	-0.0404844828	0.0520498384	-0.0320869629	-0.0073119995	0.0422818529	-0.0516402525	0.0297185201	0.0102046586	-0.0439465533	0.0510686325	-0.027256828	-0.0130652981	0.0454733605	-0.0503367722	0.024709611	-0.010808958	-0.0461763977	0.0356990948	-0.006330472	0.0059378219	0.0102125756	-0.0230536767	0	0	0	0	0	0	0	0	0	0	0	0	0	0	0	0	0	0	0	0	0	0	0	0	0	0	0	0	0	0	0	0	0	0	0	0	0	0	0	0	0	0	0	0	0	0	0	0	0	0	0	0	0	0	0	0	0	0	0	0	0	0	0	0	0	0	-0.240259115321844	-0.040938722252407	0.448081059024295	0.592443852028073
-0.0389502	0.390874	0.45628	0.0023685	-0.00750091	-0.0028119	0.0113811	-0.0481070000000001	-0.274818	0.001824124	0.002129	0	0.5319623	-0.0366761804	-0.0010156846	0.0380985803	-0.0523388891	0.0351986159	0.0030455261	-0.0394636764	0.0522207755	-0.0336681095	-0.0050707869	0.0407694154	-0.0520241169	0.0320869629	0.0070884207	-0.0420138333	0.0517492091	-0.0304575546	-0.0090953929	0.0431950583	-0.0513964655	0.0287823352	0.0055498866	-0.0864797019	-0.0032192718	-0.0028893806	0.0401945059	-0.0185872012	0.0226141768	0	0	0	0	0	0	0	0	0	0	0	0	0	0	0	0	0	0	0	0	0	0	0	0	0	0	0	0	0	0	0	0	0	0	0	0	0	0	0	0	0	0	0	0	0	0	0	0	0	0	0	0	0	0	0	0	0	0	0	0	0	0	0	0	0	0	-2.12862595626283	0.020335884593902	0.448081059024295	0.592443852028073
-0.0381067	0.426701	0.612569	0.00310399	-0.00943452	-0.0028119	0.000843500000000004	0.035827	0.156289	0.00073549	-0.00193361	0	0.3264145	-0.0368369888	-0.0005642937	0.0376307102	-0.0523661213	0.0360261653	0.0016926191	-0.0384069609	0.0523296507	-0.0351986159	-0.0028201586	0.0391653804	-0.0522688852	0.0343547251	0.0039463888	-0.0399056168	0.0521838529	-0.0334948844	-0.0050707869	0.0406273263	-0.0520745933	0.0326194932	-0.0143385749	-0.0677859878	-0.0177682138	0.0150507768	0.0102401876	0.0041634188	0.0363659318	0	0	0	0	0	0	0	0	0	0	0	0	0	0	0	0	0	0	0	0	0	0	0	0	0	0	0	0	0	0	0	0	0	0	0	0	0	0	0	0	0	0	0	0	0	0	0	0	0	0	0	0	0	0	0	0	0	0	0	0	0	0	0	0	0	0	-2.71575246815507	-0.001044272624087	0.448081059024295	0.592443852028073
-0.00322262	0.435387	0.689101	0.00203035	-0.0112103	-0.00306543	0.03488408	0.00868599999999997	0.0765320000000002	-0.00107364	-0.00177578	-0.00025353	0.27524958	-0.0369971132	-0.0001128608	0.0371565505	-0.0523777937	0.0368369888	0.0003385804	-0.0373152977	0.0523763346	-0.0366761804	-0.0005642937	0.0374733519	-0.0523739028	0.0365146908	0.0007899965	-0.0376307102	0.0523704984	-0.036352523	-0.0010156846	0.0377873696	-0.0523661213	0.0361896802	-0.0188494989	-0.0570357583	-0.0182599972	0.0147149181	0.0210142281	0.0162638044	0.0358149605	0	0	0	0	0	0	0	0	0	0	0	0	0	0	0	0	0	0	0	0	0	0	0	0	0	0	0	0	0	0	0	0	0	0	0	0	0	0	0	0	0	0	0	0	0	0	0	0	0	0	0	0	0	0	0	0	0	0	0	0	0	0	0	0	0	0	0.764396993634421	0.00077178325192	0.448081059024295	0.592443852028073
0.00713549	0.266795	0.472869	-0.00325598	-0.00899175	-0.00177092	0.01035811	-0.168592	-0.216232	-0.00528633	0.00221855	0.00129451	0.83515161	-0.0371565505	0.0003385804	0.0366761804	-0.0523739028	0.0376307102	-0.0010156846	-0.0361896802	0.0523607718	-0.0380985803	0.0016926191	0.0356971313	-0.0523388891	0.0385600826	-0.0023692706	-0.0351986159	0.0523082586	-0.03901514	0.0030455261	0.0346942175	-0.0522688852	0.0394636764	0.0247114416	-0.0604299635	0.0064207907	-0.0049448208	-0.0254062806	-0.0633213299	-0.0284796853	0	0	0	0	0	0	0	0	0	0	0	0	0	0	0	0	0	0	0	0	0	0	0	0	0	0	0	0	0	0	0	0	0	0	0	0	0	0	0	0	0	0	0	0	0	0	0	0	0	0	0	0	0	0	0	0	0	0	0	0	0	0	0	0	0	0	0.41390063380319	-0.091575976204637	0.448081059024295	0.592443852028073
-0.0109301	0.37599	0.589049	-0.00478017	-0.00991387000000001	-0.00234766	-0.01806559	0.109195	0.11618	-0.00152419	-0.000922120000000007	-0.00057674	0.39459309	-0.0373152977	0.0007899965	0.0361896802	-0.0523544498	0.0384069609	-0.0023692706	-0.0350311327	0.0522829807	-0.0394636764	0.0039463888	0.0338407093	-0.0521639377	0.0404844828	-0.0055199161	-0.0326194932	0.0519974292	-0.0414684511	0.0070884207	0.0313685957	-0.0517836067	0.0424146861	0.0119459626	-0.0346997836	-0.0312709623	-0.0198997868	-0.0243939708	-0.0379045362	0.0119582568	0	0	0	0	0	0	0	0	0	0	0	0	0	0	0	0	0	0	0	0	0	0	0	0	0	0	0	0	0	0	0	0	0	0	0	0	0	0	0	0	0	0	0	0	0	0	0	0	0	0	0	0	0	0	0	0	0	0	0	0	0	0	0	0	0	0	0.248108479153164	-0.420955611630936	0.448081059024295	0.592443852028073
0.00867575	0.346813	0.62449	-0.00528039	-0.0100672	-0.00238258	0.01960585	-0.029177	0.0354410000000001	-0.00050022	-0.000153329999999997	-3.49199999999999e-05	0.11864735	-0.0374733519	0.0012413539	0.0356971313	-0.0523194405	0.0391653804	-0.0037212726	-0.0338407093	0.0521430537	-0.0407694154	0.0061928308	0.0319082567	-0.0518495163	0.0422818529	-0.0086504753	-0.0299041152	0.0514394875	-0.043699295	0.0110886847	0.0278327876	-0.0509138886	0.045018557	0.0132475052	-0.0364512363	-0.0236429936	-0.0234616279	0.0204452539	-0.0292708925	0.0090277364	0	0	0	0	0	0	0	0	0	0	0	0	0	0	0	0	0	0	0	0	0	0	0	0	0	0	0	0	0	0	0	0	0	0	0	0	0	0	0	0	0	0	0	0	0	0	0	0	0	0	0	0	0	0	0	0	0	0	0	0	0	0	0	0	0	0	-0.066896028146849	-0.434987829653936	0.448081059024295	0.592443852028073
0.0149488	0.425754	0.799005	-0.00521516	-0.0107913	-0.00214966	0.00627305	0.078941	0.174515	6.52300000000003e-05	-0.000724099999999998	0.00023292	0.31084155	-0.0376307102	0.0016926191	0.0351986159	-0.0522688852	0.0399056168	-0.0050707869	-0.0326194932	0.0519411573	-0.0420138333	0.0084277735	0.0299041152	-0.0513964655	0.0439465533	-0.0117495564	-0.0270638244	0.050637085	-0.0456957037	0.0150222601	0.024110485	-0.0496661877	0.0472539781	-0.0069976705	-0.0131764232	-0.0133212926	0.0124558944	0.0206046565	0.0077282923	-0.0392813706	0	0	0	0	0	0	0	0	0	0	0	0	0	0	0	0	0	0	0	0	0	0	0	0	0	0	0	0	0	0	0	0	0	0	0	0	0	0	0	0	0	0	0	0	0	0	0	0	0	0	0	0	0	0	0	0	0	0	0	0	0	0	0	0	0	0	1.08784575326014	-0.503702175271987	0.448081059024295	0.592443852028073
0.00697914	0.356087	0.798827	-0.00452017	-0.0110147	-0.00222382	-0.00796966	-0.069667	-0.000177999999999789	0.00069499	-0.0002234	-7.41600000000002e-05	0.12744216	-0.0377873696	0.0021437585	0.0346942175	-0.0522027989	0.0406273263	-0.0064169112	-0.0313685957	0.0516775313	-0.0431950583	0.0106470671	0.0278327876	-0.0508059967	0.0454733605	-0.0148058821	-0.024110485	0.049594035	-0.047446967	0.0188654898	0.0202266294	-0.0480497669	0.0491026536	-0.0122997976	-0.0189682182	-0.0012260267	0.0102699892	0.0112107633	0.0473506767	-0.017862338	0	0	0	0	0	0	0	0	0	0	0	0	0	0	0	0	0	0	0	0	0	0	0	0	0	0	0	0	0	0	0	0	0	0	0	0	0	0	0	0	0	0	0	0	0	0	0	0	0	0	0	0	0	0	0	0	0	0	0	0	0	0	0	0	0	0	-0.771339426046378	-0.450850947472173	0.448081059024295	0.592443852028073
0.018131	0.404564	0.886048	-0.00504345	-0.0116369	-0.00198641	0.01115186	0.048477	0.0872209999999999	-0.00052328	-0.0006222	0.00023741	0.21599436	-0.0379433273	0.0025947387	0.0341840202	-0.0521212014	0.0413301739	-0.0077587455	-0.0300891549	0.051352489	-0.044311314	0.0128465907	0.0256989275	-0.0500796887	0.0468574839	-0.0178083308	-0.0210564335	0.0483152946	-0.04894369	0.0225952602	0.0162072446	-0.0460766263	0.0505494535	-0.0189694619	0.009589881	-0.0193137597	0.0183216158	0.0074163412	0.0430733316	0.0272183953	0	0	0	0	0	0	0	0	0	0	0	0	0	0	0	0	0	0	0	0	0	0	0	0	0	0	0	0	0	0	0	0	0	0	0	0	0	0	0	0	0	0	0	0	0	0	0	0	0	0	0	0	0	0	0	0	0	0	0	0	0	0	0	0	0	0	0.476846030526476	-0.427528764734329	0.448081059024295	0.592443852028073
0.0105395	0.328925	0.833027	-0.00579456	-0.0114282	-0.00231113	-0.0075915	-0.075639	-0.0530210000000001	-0.00075111	0.000208699999999999	-0.00032472	0.200478	-0.0380985803	0.0030455261	0.0336681095	-0.0520241169	0.0420138333	-0.0090953929	-0.0287823352	0.0509664168	-0.0453609212	0.0150222601	0.0235073292	-0.0492194833	0.0480945804	-0.0207459769	-0.0179144269	0.0468069407	-0.050177843	0.02618914	0.0120792627	-0.0437614146	0.0515825363	-0.012894881	0.0014517819	-0.0108258057	0.0024075918	-0.0012853249	0.0402385969	0.0251979865	0	0	0	0	0	0	0	0	0	0	0	0	0	0	0	0	0	0	0	0	0	0	0	0	0	0	0	0	0	0	0	0	0	0	0	0	0	0	0	0	0	0	0	0	0	0	0	0	0	0	0	0	0	0	0	0	0	0	0	0	0	0	0	0	0	0	0.873708911188906	-0.444636236380828	0.448081059024295	0.592443852028073
0.0269037	0.355689	0.863946	-0.00616529	-0.0117436	-0.00228337	0.0163642	0.026764	0.030919	-0.00037073	-0.000315399999999999	2.77600000000004e-05	0.1097417	-0.0382531258	0.0034960873	0.0331465714	-0.0519115742	0.042677987	-0.0104259597	-0.0274493255	0.0505197734	-0.0463423012	0.0171700353	0.0212629165	-0.0482276804	0.0491807684	-0.0236081307	-0.0146975897	0.0450761418	-0.0511428052	0.0296255153	0.0078703433	-0.0411213197	0.0521934471	-0.0145460198	0.0151364967	-0.0339148803	0.0151512193	0.0285989079	0.0118009369	0.0146472535	0	0	0	0	0	0	0	0	0	0	0	0	0	0	0	0	0	0	0	0	0	0	0	0	0	0	0	0	0	0	0	0	0	0	0	0	0	0	0	0	0	0	0	0	0	0	0	0	0	0	0	0	0	0	0	0	0	0	0	0	0	0	0	0	0	0	0.713851256308909	-0.647878486579816	0.448081059024295	0.592443852028073
0.0209075	0.335837	0.880036	-0.00644065	-0.0115729	-0.00228978	-0.0059962	-0.019852	0.0160900000000002	-0.00027536	0.000170699999999999	-6.4100000000001e-06	0.0645617	-0.0384069609	0.0039463888	0.0326194932	-0.0517836067	0.0433223267	-0.0117495564	-0.0260913389	0.0500130897	-0.0472539781	0.0192859283	0.018970732	-0.0471069319	0.0501126395	-0.0263843771	-0.0114193591	0.0431311232	-0.0518333998	0.0328837193	0.0036086884	-0.0381759417	0.0523771858	-0.0162902302	0.0198531142	0.0035098138	0.0016218193	0.0035249443	0.027771764	-0.0164530725	0	0	0	0	0	0	0	0	0	0	0	0	0	0	0	0	0	0	0	0	0	0	0	0	0	0	0	0	0	0	0	0	0	0	0	0	0	0	0	0	0	0	0	0	0	0	0	0	0	0	0	0	0	0	0	0	0	0	0	0	0	0	0	0	0	0	0.808471705981813	-0.553508344963175	0.448081059024295	0.592443852028073
0.0245396	0.349183	0.885249	-0.00686903	-0.0118259	-0.00234127	0.0036321	0.013346	0.00521299999999991	-0.00042838	-0.000253	-5.149e-05	0.0588345999999999	-0.0385600826	0.0043963972	0.0320869629	-0.0516402525	0.0439465533	-0.0130652981	-0.024709611	0.0494469678	-0.0480945804	0.0213660101	0.0166359256	-0.0458602343	0.0508872699	-0.0290646136	-0.0080934286	0.0409811285	-0.0522459219	0.0359441567	-0.0006771467	-0.0349471469	0.0521322486	-0.0146216283	0.0245012629	-0.030562001	0.0098418169	0.0354463949	0.0220336031	-0.0023547155	0	0	0	0	0	0	0	0	0	0	0	0	0	0	0	0	0	0	0	0	0	0	0	0	0	0	0	0	0	0	0	0	0	0	0	0	0	0	0	0	0	0	0	0	0	0	0	0	0	0	0	0	0	0	0	0	0	0	0	0	0	0	0	0	0	0	0.100620230811106	-0.35933870957818	0.448081059024295	0.592443852028073
0.0342487	0.357865	0.948458	-0.00735774	-0.0117036	-0.00230649	0.0097091	0.00868200000000002	0.0632090000000001	-0.000488709999999998	0.000122300000000001	3.47799999999999e-05	0.1138896	-0.0387124883	0.0048460789	0.0315490697	-0.0514815542	0.0445503769	-0.0143723053	-0.0233053991	0.0488220806	-0.048862844	0.0234064185	0.014263743	-0.0444909208	0.051502229	-0.0316390872	-0.0047336909	0.0386363752	-0.0523781585	0.0387884217	-0.0049584444	-0.0314589057	0.0514606403	-0.0232723406	0.0464152244	0.0019086487	0.0017861408	0.0243794481	0.0425390206	-0.0333422391	0	0	0	0	0	0	0	0	0	0	0	0	0	0	0	0	0	0	0	0	0	0	0	0	0	0	0	0	0	0	0	0	0	0	0	0	0	0	0	0	0	0	0	0	0	0	0	0	0	0	0	0	0	0	0	0	0	0	0	0	0	0	0	0	0	0	-0.134370092765804	-0.275964782187418	0.448081059024295	0.592443852028073
0.0299714	0.342453	0.895325	-0.00704421	-0.011849	-0.00230497	-0.0042773	-0.015412	-0.053133	0.000313529999999998	-0.0001454	1.52000000000008e-06	0.0958448	-0.0388641751	0.0052954007	0.0310059033	-0.0513075588	0.0451335173	-0.015669704	-0.0218799809	0.0481391707	-0.0495576132	0.0254033645	0.0118595137	-0.0430026525	0.0519555872	-0.0340984296	-0.0013541801	0.0361080066	-0.0522294002	0.0413994086	-0.009206518	-0.0277371148	0.0503678575	-0.0182040402	0.026817766	-0.0259206547	0.0252089534	0.0194586492	0.0397356368	0.0063505294	0	0	0	0	0	0	0	0	0	0	0	0	0	0	0	0	0	0	0	0	0	0	0	0	0	0	0	0	0	0	0	0	0	0	0	0	0	0	0	0	0	0	0	0	0	0	0	0	0	0	0	0	0	0	0	0	0	0	0	0	0	0	0	0	0	0	0.756845818079141	-0.210899894680988	0.448081059024295	0.592443852028073
0.0240425	0.409524	0.924371	-0.00617754	-0.0112899	-0.00212124	-0.0059289	0.067071	0.0290459999999999	0.000866670000000001	0.0005591	0.00018373	0.1825209	-0.03901514	0.0057443291	0.0304575546	-0.0511183183	0.0456957037	-0.0169566271	-0.0204346535	0.0473990497	-0.050177843	0.0273531403	0.0094286395	-0.0413994086	0.0522459219	-0.0364336915	0.0020309873	0.0334080384	-0.0518004449	0.0437614146	-0.013392903	-0.0238094045	0.048862844	-0.0249980874	0.0294562815	0.0059325232	0.004356077	0.0015560207	0.0642523458	0.0419750385	0	0	0	0	0	0	0	0	0	0	0	0	0	0	0	0	0	0	0	0	0	0	0	0	0	0	0	0	0	0	0	0	0	0	0	0	0	0	0	0	0	0	0	0	0	0	0	0	0	0	0	0	0	0	0	0	0	0	0	0	0	0	0	0	0	0	-0.334797450089483	-0.257141499041961	0.448081059024295	0.592443852028073
0.0123752	0.347847	0.897141	-0.00687635	-0.0120184	-0.00226753	-0.0116673	-0.061677	-0.0272300000000001	-0.00069881	-0.0007285	-0.00014629	0.1792543	-0.0391653804	0.0061928308	0.0299041152	-0.0509138886	0.046236675	-0.0182322141	-0.018970732	0.0466025972	-0.0507226006	0.0292521253	0.0069765817	-0.0396854757	0.0523723222	-0.0386363752	0.005407671	0.030549302	-0.051093594	0.0458602343	-0.0174895484	-0.0197049341	0.0469579174	-0.0212128182	0.0313947512	-0.0466260334	0.0273916566	0.0352362553	0.0468557562	0.0186874761	0	0	0	0	0	0	0	0	0	0	0	0	0	0	0	0	0	0	0	0	0	0	0	0	0	0	0	0	0	0	0	0	0	0	0	0	0	0	0	0	0	0	0	0	0	0	0	0	0	0	0	0	0	0	0	0	0	0	0	0	0	0	0	0	0	0	0.943645496857877	-0.325460465070505	0.448081059024295	0.592443852028073
0.0506537	0.373529	0.903735	-0.00877965	-0.0110639	-0.00260205	0.0382785	0.025682	0.00659400000000021	-0.0019033	0.0009545	-0.00033452	0.2301705	-0.0393148935	0.0066408724	0.0293456776	-0.0506943307	0.0467561802	-0.0194956122	-0.0174895484	0.0457507597	-0.0511910666	0.0310967934	0.0045088495	-0.0378654364	0.0523343914	-0.0406984653	0.0087617663	0.0275453833	-0.0501126395	0.0476832451	-0.0214690046	-0.015454175	0.0446686685	-0.0154417747	0.0404320426	0.014302887	-0.0126768015	0.0133328709	0.0534135293	0.0148331216	0	0	0	0	0	0	0	0	0	0	0	0	0	0	0	0	0	0	0	0	0	0	0	0	0	0	0	0	0	0	0	0	0	0	0	0	0	0	0	0	0	0	0	0	0	0	0	0	0	0	0	0	0	0	0	0	0	0	0	0	0	0	0	0	0	0	0.870912373870101	-0.533816971090972	0.448081059024295	0.592443852028073
0.0410035	0.330219	0.916038	-0.00887697	-0.0117103	-0.00222	-0.00965019999999999	-0.04331	0.0123029999999998	-9.7319999999998e-05	-0.0006464	0.00038205	0.1215517	-0.0394636764	0.0070884207	0.0287823352	-0.0504597097	0.0472539781	-0.0207459769	-0.0159924506	0.0448445497	-0.0515825363	0.0328837193	0.0020309873	-0.0359441567	0.0521322486	-0.0426124582	0.0120792627	0.024410558	-0.048862844	0.0492194833	-0.025304607	-0.0110886847	0.0420138333	-0.0184949331	0.0436137497	-0.0741106005	0.0391173592	0.0522938179	0.0123379571	0.0115042314	0	0	0	0	0	0	0	0	0	0	0	0	0	0	0	0	0	0	0	0	0	0	0	0	0	0	0	0	0	0	0	0	0	0	0	0	0	0	0	0	0	0	0	0	0	0	0	0	0	0	0	0	0	0	0	0	0	0	0	0	0	0	0	0	0	0	0.237005062188513	-0.24856535132674	0.448081059024295	0.592443852028073
0.0779186	-0.7088	-0.38599	-0.0451273	-0.012342	-0.00418445	0.0369151	-1.039019	-1.302028	-0.03625033	-0.000631700000000001	-0.00196445	4.3202861	-0.0396117264	0.0075354425	0.028214182	-0.0502100954	0.0477298374	-0.0219824722	-0.0144808008	0.043885044	-0.051896421	0.034609585	-0.0004514381	-0.0339267737	0.051766528	-0.044371389	0.0153463027	0.0211597241	-0.0473509122	0.0504597097	-0.0289706552	-0.0066408724	0.03901514	0.0600450217	-0.0524819103	0.3228121759	-0.0307326656	0.0219957005	-0.0935207773	0.0479269862	0	0	0	0	0	0	0	0	0	0	0	0	0	0	0	0	0	0	0	0	0	0	0	0	0	0	0	0	0	0	0	0	0	0	0	0	0	0	0	0	0	0	0	0	0	0	0	0	1	0	0	0	0	0	0	0	0	0	0	0	0	0	0	0	0	0	0.931800267421973	-0.452003482255265	0.448081059024295	0.592443852028073
0.00188768	-0.993424	-0.134178	-0.0626972	-0.00842993	-0.00444627	-0.07603092	-0.284624	0.251812	-0.0175699	0.00391207	-0.00026182	1.69965642	-0.0397590408	0.0079819045	0.0276413132	-0.0499455618	0.0481835374	-0.0232042715	-0.0129559745	0.0428733831	-0.0521322486	0.0362711858	-0.0029328492	-0.0318186811	0.0512383773	-0.0459688572	0.0185492395	0.0178083308	-0.0455849554	0.0513964655	-0.0324425845	-0.0021437585	0.0356971313	0.0176875101	0.0265509995	0.1389212559	-0.0171297996	-0.0407310993	-0.0765614688	0.1045966122	0	0	0	0	0	0	0	0	0	0	0	0	0	0	0	0	0	0	0	0	0	0	0	0	0	0	0	0	0	0	0	0	0	0	0	0	0	0	0	0	0	0	0	0	0	0	0	0	0	1	0	0	0	0	0	0	0	0	0	0	0	0	0	0	0	0	0.951797099070081	-0.508366797518304	0.448081059024295	0.592443852028073
0.00899061	0.151624	-0.160234	-0.0203314	-0.00863185	-0.00216674	0.00710293	1.145048	-0.026056	0.0423658	-0.00020192	0.00227953	3.42056943	-0.0399056168	0.0084277735	0.0270638244	-0.0496661877	0.0486148674	-0.024410558	-0.0114193591	0.0418107693	-0.0522896643	0.0378654364	-0.005407671	-0.0296255153	0.0505494535	-0.0473990497	0.021674694	0.0143723053	-0.0435744473	0.0520241169	-0.0356971313	0.0023692706	0.0320869629	0.0390990995	-0.1103654436	-0.1045365079	0.0090783798	-0.0018648469	-0.0114682075	-0.0594745339	0	0	0	0	0	0	0	0	0	0	0	0	0	0	0	0	0	0	0	0	0	0	0	0	0	0	0	0	0	0	0	0	0	0	0	0	0	0	0	0	0	0	0	0	0	0	0	0	0	0	1	0	0	0	0	0	0	0	0	0	0	0	0	0	0	0	0.883980991913404	-0.57939648903161	0.448081059024295	0.592443852028073
0.0571536	0.26035	0.0814454	-0.0100171	-0.00848687	-0.000747065	0.04816299	0.108726	0.2416794	0.0103143	0.000144979999999999	0.001419675	0.99251614	-0.0400514517	0.0088730165	0.0264818121	-0.0493720561	0.049023627	-0.0256005252	-0.009872353	0.0406984653	-0.0523684314	0.0393893764	-0.0078703433	-0.0273531403	0.0497019183	-0.0486567622	0.024709611	0.0108679768	-0.0413301739	0.0523388891	-0.0387124883	0.0068647103	0.028214182	0.0409432028	-0.0767641905	-0.0045960412	-0.0238221429	-0.0535136162	-0.0681755684	-0.0160554861	0	0	0	0	0	0	0	0	0	0	0	0	0	0	0	0	0	0	0	0	0	0	0	0	0	0	0	0	0	0	0	0	0	0	0	0	0	0	0	0	0	0	0	0	0	0	0	0	0	0	0	1	0	0	0	0	0	0	0	0	0	0	0	0	0	0	0.718167845483083	-0.504339869263307	0.448081059024295	0.592443852028073
0.0664234	0.115248	0.234666	-0.0167068	-0.00941587	-0.000794797	0.0092698	-0.145102	0.1532206	-0.0066897	-0.000928999999999999	-4.77319999999998e-05	0.690914	-0.0401965428	0.0093176004	0.0258953737	-0.0490632542	0.0494096266	-0.0267733776	-0.0083163637	0.0395377932	-0.0523684314	0.0408401761	-0.0103153331	-0.0250076315	0.0486984311	-0.0497374181	0.0276413132	0.0073119995	-0.0388641751	0.0523388891	-0.0414684511	0.0113091867	0.024110485	0.0390386306	-0.0494056254	-0.0408261584	-0.0154306217	-0.0028666736	-0.0739317152	-0.0578695421	0	0	0	0	0	0	0	0	0	0	0	0	0	0	0	0	0	0	0	0	0	0	0	0	0	0	0	0	0	0	0	0	0	0	0	0	0	0	0	0	0	0	0	0	0	0	0	0	0	0	0	0	0	0	0	0	0	0	0	0	0	0	0	0	0	0	-0.38590132180868	-0.426946739932827	0.448081059024295	0.592443852028073
0.0736942	0.150175	0.42145	-0.0175267	-0.00932052	-0.000440609	0.00727080000000001	0.034927	0.186784	-0.000819900000000002	9.53499999999992e-05	0.000354188	0.2924537	-0.0403408874	0.0097614921	0.025304607	-0.048739874	0.049772687	-0.0279283311	-0.006752807	0.0383301323	-0.0522896643	0.0422151417	-0.0127371473	-0.0225952602	0.0475421407	-0.050637085	0.0304575546	0.0037212726	-0.0361896802	0.0520241169	-0.0439465533	0.015669704	0.0198094581	0.0360523006	-0.0307119742	-0.0073709278	-0.00571074	-0.0344963208	-0.0489744071	0.0003664177	0	0	0	0	0	0	0	0	0	0	0	0	0	0	0	0	0	0	0	0	0	0	0	0	0	0	0	0	0	0	0	0	0	0	0	0	0	0	0	0	0	0	0	0	0	0	0	0	0	0	0	0	0	0	0	0	0	0	0	0	0	0	0	0	0	0	0.091947538523381	-0.37540221731086	0.448081059024295	0.592443852028073
0.0738058	0.0993461	0.44766	-0.0159112	-0.00883549	-0.000628465	0.000111600000000003	-0.0508289	0.0262100000000001	0.0016155	0.000485030000000003	-0.000187856	0.1915698	-0.0404844828	0.0102046586	0.024709611	-0.0484020114	0.0501126395	-0.0290646136	-0.0051831058	0.0370769179	-0.0521322486	0.0435117199	-0.0151303447	-0.0201224762	0.046236675	-0.051352489	0.0331465714	0.0001128608	-0.0333210373	0.0513964655	-0.0461301902	0.0199138901	0.0153463027	0.028277011	-0.0276452487	-0.0302161451	-0.0214625003	-0.0454907322	-0.0206466491	0.0281021527	0	0	0	0	0	0	0	0	0	0	0	0	0	0	0	0	0	0	0	0	0	0	0	0	0	0	0	0	0	0	0	0	0	0	0	0	0	0	0	0	0	0	0	0	0	0	0	0	0	0	0	0	0	0	0	0	0	0	0	0	0	0	0	0	0	0	0.493256663473563	-0.377244462700534	0.448081059024295	0.592443852028073
0.0736131	0.111264	0.494728	-0.017337	-0.00937293	-0.000712725	-0.00019269999999999	0.0119179	0.0470679999999999	-0.0014258	-0.000537440000000002	-8.426e-05	0.1615536	-0.0406273263	0.0106470671	0.024110485	-0.0480497669	0.0504293264	-0.0301814655	-0.0036086884	0.0357796393	-0.051896421	0.0447275033	-0.0174895484	-0.0175958911	0.0447861304	-0.051881027	0.0356971313	-0.0034960873	-0.0302736359	0.0504597097	-0.0480047303	0.0240102362	0.010757547	0.0318258729	-0.0206988845	-0.0335594035	-0.0003757924	-0.0076707346	-0.059149903	-0.0095945484	0	0	0	0	0	0	0	0	0	0	0	0	0	0	0	0	0	0	0	0	0	0	0	0	0	0	0	0	0	0	0	0	0	0	0	0	0	0	0	0	0	0	0	0	0	0	0	0	0	0	0	0	0	0	0	0	0	0	0	0	0	0	0	0	0	0	0.677236034829338	-0.400726302931606	0.448081059024295	0.592443852028073
0.0579398	0.100802	0.579728	-0.0187049	-0.0102989	-0.00109608	-0.0156733	-0.010462	0.085	-0.0013679	-0.00092597	-0.000383355	0.24499655	-0.0407694154	0.0110886847	0.0235073292	-0.0476832451	0.0507226006	-0.03127814	-0.0020309873	0.0344398384	-0.0515825363	0.0458602343	-0.0198094581	-0.0150222601	0.0431950583	-0.0522207755	0.0380985803	-0.0070884207	-0.0270638244	0.0492194833	-0.0495576132	0.0279283311	0.0060807472	0.028491793	0.0047882691	-0.0286686996	-0.0357230823	-0.0255911528	-0.050347257	-0.0312296778	0	0	0	0	0	0	0	0	0	0	0	0	0	0	0	0	0	0	0	0	0	0	0	0	0	0	0	0	0	0	0	0	0	0	0	0	0	0	0	0	0	0	0	0	0	0	0	0	0	0	0	0	0	0	0	0	0	0	0	0	0	0	0	0	0	0	0.353574579076821	-0.615994669082889	0.448081059024295	0.592443852028073
0.0721436	0.0837628	0.586209	-0.0193901	-0.0107128	-0.00109608	0.0142038	-0.0170392	0.00648099999999996	-0.000685199999999997	-0.000413899999999998	0	0.092679	-0.0409107473	0.0115294786	0.0229002443	-0.047302555	0.050992326	-0.032353904	-0.0004514381	0.0330591074	-0.0511910666	0.0469078096	-0.0220848615	-0.0124084642	0.0414684511	-0.0523704984	0.0403408874	-0.0106470671	-0.0237088227	0.0476832451	-0.0507784337	0.0316390872	0.0013541801	0.0326846269	0.0024877109	-0.0237443077	-0.0005031366	-0.0072225108	-0.0568247434	-0.0051019647	0	0	0	0	0	0	0	0	0	0	0	0	0	0	0	0	0	0	0	0	0	0	0	0	0	0	0	0	0	0	0	0	0	0	0	0	0	0	0	0	0	0	0	0	0	0	0	0	0	0	0	0	0	0	0	0	0	0	0	0	0	0	0	0	0	0	0.305151789884813	-0.368823599572554	0.448081059024295	0.592443852028073
0.0710153	0.124301	0.6568	-0.0201195	-0.0107128	-0.000467184	-0.0011283	0.0405382	0.0705910000000001	-0.000729400000000002	0	0.000628896	0.1801723	-0.0410513194	0.011969416	0.0222893319	-0.0469078096	0.0512383773	-0.0334080384	0.0011285219	0.0316390872	-0.0507226006	0.0478682839	-0.0243106464	-0.0097614921	0.0396117264	-0.0523296507	0.0424146861	-0.0141551145	-0.0202266294	0.0458602343	-0.0516590118	0.0351149558	-0.0033834701	0.0268069701	0.0222465018	-0.0053030903	-0.0267844388	-0.0543017588	-0.0055997521	0.0200713128	0	0	0	0	0	0	0	0	0	0	0	0	0	0	0	0	0	0	0	0	0	0	0	0	0	0	0	0	0	0	0	0	0	0	0	0	0	0	0	0	0	0	0	0	0	0	0	0	0	0	0	0	0	0	0	0	0	0	0	0	0	0	0	0	0	0	-0.677700650804846	-0.059765404882999	0.448081059024295	0.592443852028073
0.0581627	0.0832367	0.625098	-0.0203116	-0.0107128	-0.000641487	-0.0128526	-0.0410643	-0.0317020000000001	-0.000192100000000001	0	-0.000174303	0.10393905	-0.0411911291	0.0124084642	0.021674694	-0.0464991262	0.0514606403	-0.0344398384	0.0027074549	0.0301814655	-0.050177843	0.048739874	-0.0264818121	-0.0070884207	0.0376307102	-0.0520983812	0.044311314	-0.0175958911	-0.0166359256	0.0437614146	-0.0521934471	0.0383301323	-0.0080934286	0.0270624542	0.0183688722	-0.0309368554	0.0191959012	0.0019407814	-0.020628346	0.0135841314	0	0	0	0	0	0	0	0	0	0	0	0	0	0	0	0	0	0	0	0	0	0	0	0	0	0	0	0	0	0	0	0	0	0	0	0	0	0	0	0	0	0	0	0	0	0	0	0	0	0	0	0	0	0	0	0	0	0	0	0	0	0	0	0	0	0	0.695144184338245	-0.619992247950372	0.448081059024295	0.592443852028073
0.0763337	0.162051	0.6849	-0.0198062	-0.0107128	-0.000345521	0.018171	0.0788143	0.059802	0.0005054	0	0.000295966	0.1968556	-0.0413301739	0.0128465907	0.0210564335	-0.0460766263	0.0516590118	-0.0354486142	0.0042839244	0.0286879745	-0.0495576132	0.0495209612	-0.0285934806	-0.0043963972	0.0355316183	-0.0516775313	0.0460228486	-0.0209530451	-0.0129559745	0.0413994086	-0.0523781585	0.0412607473	-0.0127371473	0.022926186	0.0254898861	0.0094966604	-0.0319988402	-0.0489754111	0.0017172849	0.0059194173	0	0	0	0	0	0	0	0	0	0	0	0	0	0	0	0	0	0	0	0	0	0	0	0	0	0	0	0	0	0	0	0	0	0	0	0	0	0	0	0	0	0	0	0	0	0	0	0	0	0	0	0	0	0	0	0	0	0	0	0	0	0	0	0	0	0	0.995070110631853	-0.188225677770822	0.448081059024295	0.592443852028073
0.0700724	0.146326	0.735111	-0.0205006	-0.0106762	-0.000522604	-0.00626130000000001	-0.015725	0.0502109999999999	-0.000694399999999998	3.65999999999977e-05	-0.000177083	0.11760145	-0.0414684511	0.0132837629	0.0204346535	-0.0456404355	0.0518333998	-0.0364336915	0.0058564958	0.0271603893	-0.048862844	0.0502100954	-0.0306409077	-0.0016926191	0.0333210373	-0.0510686325	0.0475421407	-0.0242106219	-0.009206518	0.0387884217	-0.0522119084	0.043885044	-0.01727662	0.0196693179	0.0333964615	-0.0521222087	0.0290704335	0.0325094377	-0.0497729108	-0.0264628201	0	0	0	0	0	0	0	0	0	0	0	0	0	0	0	0	0	0	0	0	0	0	0	0	0	0	0	0	0	0	0	0	0	0	0	0	0	0	0	0	0	0	0	0	0	0	0	0	0	0	0	0	0	0	0	0	0	0	0	0	0	0	0	0	0	0	0.384016364934197	0.153858246930886	0.448081059024295	0.592443852028073
0.127434	-0.206692	1.35206	-0.0442237	-0.0118943	-0.00109608	0.0573616	-0.353018	0.616949	-0.0237231	-0.0012181	-0.000573476	2.3030624	-0.0416059582	0.0137199483	0.0198094581	-0.0451906832	0.0519837232	-0.0373944116	0.0074237382	0.0256005252	-0.0480945804	0.0508059967	-0.0326194932	0.0010156846	0.0310059033	-0.0502739006	0.048862844	-0.0273531403	-0.005407671	0.0359441567	-0.0516958108	0.0461835398	-0.021674694	0.0179723929	0.1222347742	0.1088109318	-0.0725918391	-0.101248597	0.0272039863	-0.0116964906	0	0	0	0	0	0	0	0	0	0	0	0	0	0	0	0	0	0	0	0	0	0	0	0	0	0	0	0	0	0	0	0	0	0	0	0	0	0	0	0	0	0	0	0	0	0	0	0	0	0	0	0	1	0	0	0	0	0	0	0	0	0	0	0	0	0	-0.131585903553054	0.083228054823653	0.448081059024295	0.592443852028073
0.12645	0.16883	0.946562	-0.0304332	-0.0136413	0.00247786	-0.000983999999999985	0.375522	-0.405498	0.0137905	-0.001747	0.00357394	1.737576	-0.0417426926	0.0141551145	0.0191809517	-0.0447275033	0.0521099123	-0.0383301323	0.0089842256	0.0240102362	-0.0472539781	0.0513075588	-0.0345247919	0.0037212726	0.0285934806	-0.0492962274	0.0499794418	-0.0303656657	-0.0015798132	0.0328837193	-0.0508333239	0.0481391707	-0.0258953737	-0.0014892412	0.0467889266	0.202596027	0.0110609118	-0.0573289629	0.0218744946	0.0862712445	0	0	0	0	0	0	0	0	0	0	0	0	0	0	0	0	0	0	0	0	0	0	0	0	0	0	0	0	0	0	0	0	0	0	0	0	0	0	0	0	0	0	0	0	0	0	0	0	0	0	0	0	0	1	0	0	0	0	0	0	0	0	0	0	0	0	1.06999317022848	-0.096530930954677	0.448081059024295	0.592443852028073
0.0244992	0.162342	0.443535	-0.0142716	-0.00975923	0.000732313	-0.1019508	-0.00648799999999999	-0.503027	0.0161616	0.00388207	-0.001745547	1.70092665	-0.0418786518	0.0145892291	0.0185492395	-0.0442510332	0.0522119084	-0.0392402281	0.0105365379	0.0223914121	-0.0463423012	0.0517138504	-0.036352523	0.0064169112	0.0260913389	-0.0481391707	0.0508872699	-0.0332338815	0.0022565198	0.0296255153	-0.0496302266	0.0497374181	-0.0299041152	0.0232333024	-0.071284242	-0.0855040728	0.0393705776	0.0662592806	-0.0756950205	0.0264285512	0	0	0	0	0	0	0	0	0	0	0	0	0	0	0	0	0	0	0	0	0	0	0	0	0	0	0	0	0	0	0	0	0	0	0	0	0	0	0	0	0	0	0	0	0	0	0	0	0	0	0	0	0	0	1	0	0	0	0	0	0	0	0	0	0	0	0.203065366588408	-1.21105302769963	0.448081059024295	0.592443852028073
0.0273702	0.263193	0.580559	-0.0141097	-0.00959234	-9.26809e-05	0.002871	0.100851	0.137024	0.0001619	0.000166890000000001	-0.0008249939	0.298435195	-0.0420138333	0.0150222601	0.0179144269	-0.0437614146	0.0522896643	-0.0401240904	0.0120792627	0.0207459769	-0.0453609212	0.0520241169	-0.0380985803	0.0090953929	0.0235073292	-0.0468069407	0.0515825363	-0.0359441567	0.0060807472	0.02618914	-0.0480945804	0.0509664168	-0.0336681095	0.0171038305	-0.0526306909	-0.013788046	-0.0341545505	-0.0097229578	-0.0188148037	-0.0247324492	0	0	0	0	0	0	0	0	0	0	0	0	0	0	0	0	0	0	0	0	0	0	0	0	0	0	0	0	0	0	0	0	0	0	0	0	0	0	0	0	0	0	0	0	0	0	0	0	0	0	0	0	0	0	0	0	0	0	0	0	0	0	0	0	0	0	-0.202306593956518	-1.27908604161829	0.448081059024295	0.592443852028073
0.035871	0.217329	0.695045	-0.0179881	-0.0115913	-0.000576448	0.0085008	-0.045864	0.114486	-0.0038784	-0.00199896	-0.0004837671	0.486907155	-0.0421482344	0.015454175	0.01727662	-0.0432587929	0.0523431439	-0.0409811285	0.0136109962	0.0190758861	-0.044311314	0.0522377823	-0.0397590408	0.0117495564	0.0208495594	-0.0453043854	0.0520623368	-0.0384836111	0.009872353	0.0225952602	-0.046236675	0.0518170426	-0.0371565505	0.0181611327	-0.0073312869	-0.0416197908	0.0138092075	0.0163383582	-0.0408920003	0.0229452945	0	0	0	0	0	0	0	0	0	0	0	0	0	0	0	0	0	0	0	0	0	0	0	0	0	0	0	0	0	0	0	0	0	0	0	0	0	0	0	0	0	0	0	0	0	0	0	0	0	0	0	0	0	0	0	0	0	0	0	0	0	0	0	0	0	0	0.55640240821759	-1.00240637187905	0.448081059024295	0.592443852028073
0.0462452	0.264147	0.820837	-0.0185602	-0.0118868	-0.000286473	0.0103742	0.046818	0.125792	-0.000572100000000003	-0.000295500000000001	0.000289975	0.24086295	-0.0422818529	0.015884942	0.0166359256	-0.0427433176	0.0523723222	-0.0418107693	0.0151303447	0.0173831246	-0.0431950583	0.0523544498	-0.0413301739	0.0143723053	0.018126369	-0.0436369724	0.052324667	-0.0408401761	0.0136109962	0.0188654898	-0.0440689593	0.0522829807	-0.0403408874	0.0071312741	0.023736044	-0.0018807847	-0.0181752245	-0.0359722144	0.0314184548	0.040051669	0	0	0	0	0	0	0	0	0	0	0	0	0	0	0	0	0	0	0	0	0	0	0	0	0	0	0	0	0	0	0	0	0	0	0	0	0	0	0	0	0	0	0	0	0	0	0	0	0	0	0	0	0	0	0	0	0	0	0	0	0	0	0	0	0	0	-0.527785382217679	-1.67510493799999	0.448081059024295	-1.68540061352814
0.0484962	0.22418	0.792757	-0.0178278	-0.0118561	-5.62429e-05	0.002251	-0.0399669999999999	-0.0280800000000001	0.000732400000000001	3.06999999999981e-05	0.0002302301	0.119964505	-0.0424146861	0.016314529	0.0159924506	-0.0422151417	0.0523771858	-0.0426124582	0.0166359256	0.015669704	-0.0420138333	0.0523739028	-0.0428084497	0.0169566271	0.0153463027	-0.0418107693	0.0523684314	-0.0430026525	0.01727662	0.0150222601	-0.0416059582	0.0523607718	-0.0431950583	0.0059655834	0.0116349632	-0.0223460445	0.0159488958	0.0100327474	0.001350518	0.0130090043	0	0	0	0	0	0	0	0	0	0	0	0	0	0	0	0	0	0	0	0	0	0	0	0	0	0	0	0	0	0	0	0	0	0	0	0	0	0	0	0	0	0	0	0	0	0	0	0	0	0	0	0	0	0	0	0	0	0	0	0	0	0	0	0	0	0	-0.63742421587997	-1.03133048080777	-2.22840312389761	-1.68540061352814
0.0748192	0.266427	0.908008	-0.017647	-0.0114189	0.000531206	0.026323	0.042247	0.115251	0.000180799999999998	0.000437200000000002	0.0005874489	0.244093445	-0.0425467316	0.016742904	0.0153463027	-0.0416744222	0.0523577323	-0.0433856593	0.018126369	0.0139376608	-0.0407694154	0.0522961052	-0.044190547	0.0194956122	0.0125180835	-0.0398324213	0.0521934471	-0.0449607632	0.0208495594	0.0110886847	-0.0388641751	0.0520498384	-0.0456957037	-0.001962021	0.0282610326	-0.0153891041	-0.0218742186	0.0138827663	0.0002069786	-0.0140766113	0	0	0	0	0	0	0	0	0	0	0	0	0	0	0	0	0	0	0	0	0	0	0	0	0	0	0	0	0	0	0	0	0	0	0	0	0	0	0	0	0	0	0	0	0	0	0	0	0	0	0	0	0	0	0	0	0	0	0	0	0	0	0	0	0	0	-0.414361854049533	-1.27504663111282	-2.22840312389761	-1.68540061352814
0.0893429	0.204109	0.86725	-0.0182879	-0.0115225	0.0001395	0.0145237	-0.062318	-0.0407580000000002	-0.000640900000000003	-0.000103600000000001	-0.000391706	0.17441	-0.042677987	0.0171700353	0.0146975897	-0.0411213197	0.0523139709	-0.0441298556	0.0196003187	0.0121890533	-0.0394636764	0.0521212014	-0.0454733605	0.0219824722	0.0096505858	-0.0377091275	0.0518004449	-0.0467052026	0.0243106464	0.0070884207	-0.0358619813	0.051352489	-0.0478223571	0.0062779834	0.017446143	-0.0449112668	-0.0017998396	0.0300013912	-0.0378125467	0.0205690359	0	0	0	0	0	0	0	0	0	0	0	0	0	0	0	0	0	0	0	0	0	0	0	0	0	0	0	0	0	0	0	0	0	0	0	0	0	0	0	0	0	0	0	0	0	0	0	0	0	0	0	0	0	0	0	0	0	0	0	0	0	0	0	0	0	0	-0.028228242738287	-1.13676752197995	-2.22840312389761	0.592443852028073
0.086346	0.294408	0.979014	-0.018026	-0.0114876	0.00049851	-0.0029969	0.090299	0.111764	0.000261900000000002	3.48999999999992e-05	0.00035901	0.2378504	-0.0428084497	0.0175958911	0.0140464202	-0.0405559987	0.0522459219	-0.0448445497	0.0210564335	0.0104259597	-0.0380985803	0.0518495163	-0.0466540082	0.024410558	0.006752807	-0.0354486142	0.0511910666	-0.0482276804	0.0276413132	0.0030455261	-0.0326194932	0.0502739006	-0.0495576132	-0.0034163161	0.0293154976	-0.0183851418	-0.0132751349	0.0084454829	0.0247649584	0.0479210492	0	0	0	0	0	0	0	0	0	0	0	0	0	0	0	0	0	0	0	0	0	0	0	0	0	0	0	0	0	0	0	0	0	0	0	0	0	0	0	0	0	0	0	0	0	0	0	0	0	0	0	0	0	0	0	0	0	0	0	0	0	0	0	0	0	0	1.13255145382694	-1.00713557086478	0.448081059024295	0.592443852028073
0.0686194	0.217096	0.892999	-0.0173808	-0.0107282	0.000111523	-0.0177266	-0.077312	-0.086015	0.000645200000000002	0.0007594	-0.000386987	0.27063295	-0.0429381175	0.0180204398	0.013392903	-0.0399786271	0.0521536168	-0.0455292636	0.0224933884	0.0086504753	-0.0366761804	0.0514815542	-0.0477298374	0.0267733776	0.0038338396	-0.0330591074	0.0503678575	-0.0495209612	0.0308236917	-0.0010156846	-0.0291584371	0.0488220806	-0.0508872699	0.0037291364	0.0069472858	-0.0198612117	0.0148687376	-0.0004930879	0.004894489	0.0030919857	0	0	0	0	0	0	0	0	0	0	0	0	0	0	0	0	0	0	0	0	0	0	0	0	0	0	0	0	0	0	0	0	0	0	0	0	0	0	0	0	0	0	0	0	0	0	0	0	0	0	0	0	0	0	0	0	0	0	0	0	0	0	0	0	0	0	0.507289359897109	-0.501949640348159	0.448081059024295	0.592443852028073
0.0631143	0.305262	0.995694	-0.0173076	-0.0109138	5.41341e-05	-0.0055051	0.088166	0.102695	7.3199999999999e-05	-0.000185599999999999	-5.73889e-05	0.212175545	-0.0430669878	0.0184436498	0.0127371473	-0.0393893764	0.0520370985	-0.0461835398	0.0239098759	0.0068647103	-0.0351986159	0.0510179984	-0.0486984311	0.0290646136	0.0009028426	-0.030549302	0.0493342563	-0.0505788988	0.0338407093	-0.0050707869	-0.0255020041	0.0470078072	-0.0518004449	-0.0095517989	0.02318147	0.0022807115	0.0001997988	-0.017083582	0.0505388746	0.021242328	0	0	0	0	0	0	0	0	0	0	0	0	0	0	0	0	0	0	0	0	0	0	0	0	0	0	0	0	0	0	0	0	0	0	0	0	0	0	0	0	0	0	0	0	0	0	0	0	0	0	0	0	0	0	0	0	0	0	0	0	0	0	0	0	0	0	0.363006062481625	-0.452519670860527	0.448081059024295	0.592443852028073
0.0741051	0.272658	0.976735	-0.017471	-0.0119126	0.000134116	0.0109908	-0.032604	-0.0189590000000001	-0.000163400000000001	-0.000998800000000001	7.99819e-05	0.124662895	-0.0431950583	0.0188654898	0.0120792627	-0.0387884217	0.051896421	-0.0468069407	0.025304607	0.0050707869	-0.0336681095	0.0504597097	-0.0495576132	0.03127814	-0.0020309873	-0.0279283311	0.0480945804	-0.0513964655	0.0366761804	-0.0090953929	-0.021674694	0.0448445497	-0.0522896643	-0.0098757742	0.0191616562	-0.0111949448	0.0148334887	0.0219722963	0.0387577706	0.017015767	0	0	0	0	0	0	0	0	0	0	0	0	0	0	0	0	0	0	0	0	0	0	0	0	0	0	0	0	0	0	0	0	0	0	0	0	0	0	0	0	0	0	0	0	0	0	0	0	0	0	0	0	0	0	0	0	0	0	0	0	0	0	0	0	0	0	0.53530258199612	-0.736039905889717	0.448081059024295	-1.68540061352814
0.0764329	0.293985	1.04559	-0.0177224	-0.0119807	0.000324916	0.00232779999999999	0.021327	0.068855	-0.000251400000000002	-6.80999999999998e-05	0.0001908	0.1180248	-0.0433223267	0.0192859283	0.0114193591	-0.0381759417	0.0517316498	-0.0473990497	0.0266763128	0.0032708371	-0.0320869629	0.0498077248	-0.0503054532	0.0334080384	-0.0049584444	-0.0252057321	0.0466540082	-0.0519697758	0.0393148935	-0.0130652981	-0.017702152	0.0423483678	-0.0523509242	-0.013386376	0.022336812	-0.0065418851	-0.0024334187	0.0111809128	0.0192236434	-0.0111770687	0	0	0	0	0	0	0	0	0	0	0	0	0	0	0	0	0	0	0	0	0	0	0	0	0	0	0	0	0	0	0	0	0	0	0	0	0	0	0	0	0	0	0	0	0	0	0	0	0	0	0	0	0	0	0	0	0	0	0	0	0	0	0	0	0	0	0.185474563405116	-1.01387502318676	-2.22840312389761	0.592443852028073
0.0830145	0.253676	0.984702	-0.0172905	-0.01224	0.000161231	0.00658160000000001	-0.040309	-0.0608879999999999	0.000431900000000002	-0.000259300000000001	-0.000163685	0.15052285	-0.0434487905	0.0197049341	0.010757547	-0.0375521182	0.0515428613	-0.0479594708	0.028023745	0.0014670001	-0.0304575546	0.0490632542	-0.050940271	0.0354486142	-0.0078703433	-0.0223914121	0.045018557	-0.0522961052	0.0417426926	-0.0169566271	-0.0136109962	0.0395377932	-0.0519837232	-0.008388644	0.0088552834	-0.0107968889	0.0055784238	0.0199741931	0.0052130369	-0.0018514532	0	0	0	0	0	0	0	0	0	0	0	0	0	0	0	0	0	0	0	0	0	0	0	0	0	0	0	0	0	0	0	0	0	0	0	0	0	0	0	0	0	0	0	0	0	0	0	0	0	0	0	0	0	0	0	0	0	0	0	0	0	0	0	0	0	0	0.545834899055727	-1.03048657285017	-2.22840312389761	0.592443852028073
0.0859579	0.308816	1.08901	-0.0180188	-0.0117484	0.000459764	0.00294339999999999	0.05514	0.104308	-0.000728299999999998	0.000491600000000002	0.000298533	0.23831305	-0.0435744473	0.0201224762	0.0100939368	-0.0369171367	0.0513301431	-0.0484878293	0.0293456776	-0.0003385804	-0.0287823352	0.0482276804	-0.0514606403	0.0373944116	-0.010757547	-0.0194956122	0.0431950583	-0.0523739028	0.0439465533	-0.0207459769	-0.0094286395	0.0364336915	-0.0511910666	-0.0160872167	0.0136334435	0.0079019774	-0.0016122632	0.0152692045	0.0329876221	-0.0221756403	0	0	0	0	0	0	0	0	0	0	0	0	0	0	0	0	0	0	0	0	0	0	0	0	0	0	0	0	0	0	0	0	0	0	0	0	0	0	0	0	0	0	0	0	0	0	0	0	0	0	0	0	0	0	0	0	0	0	0	0	0	0	0	0	0	0	0.826225812867683	-0.809053198476311	-2.22840312389761	0.592443852028073
0.0748497	0.234517	1.04807	-0.0175759	-0.0123172	0.00015784	-0.0111082	-0.074299	-0.04094	0.000442899999999996	-0.000568800000000001	-0.000301924	0.1920284	-0.043699295	0.0205385235	0.0094286395	-0.0362711858	0.051093594	-0.0489837722	0.0306409077	-0.0021437585	-0.0270638244	0.047302555	-0.051865392	0.0392402281	-0.0136109962	-0.01652887	0.0411911291	-0.0522027989	0.0459146523	-0.024410558	-0.0051831058	0.0330591074	-0.0499794418	-0.0164539153	0.0085247638	0.001451083	0.0184993256	0.0201255942	0.0414500728	-0.022929776	0	0	0	0	0	0	0	0	0	0	0	0	0	0	0	0	0	0	0	0	0	0	0	0	0	0	0	0	0	0	0	0	0	0	0	0	0	0	0	0	0	0	0	0	0	0	0	0	0	0	0	0	0	0	0	0	0	0	0	0	0	0	0	0	0	0	-0.289902206094736	-0.746615633755926	-2.22840312389761	0.592443852028073
0.0873627	0.289619	1.08421	-0.0184443	-0.0124506	0.00015784	0.012513	0.055102	0.0361400000000001	-0.000868399999999995	-0.000133399999999999	0	0.153845	-0.043823331	0.0209530451	0.0087617663	-0.0356144575	0.0508333239	-0.0494469678	0.0319082567	-0.0039463888	-0.025304607	0.0462895956	-0.0521536168	0.0409811285	-0.0164217376	-0.0135019809	0.03901514	-0.0517836067	0.0476364314	-0.0279283311	-0.0009028426	0.0294390937	-0.0483587652	-0.0168220935	0.0051187734	0.0184146563	0.0051415337	0.0091350503	0.0233517532	-0.0205216721	0	0	0	0	0	0	0	0	0	0	0	0	0	0	0	0	0	0	0	0	0	0	0	0	0	0	0	0	0	0	0	0	0	0	0	0	0	0	0	0	0	0	0	0	0	0	0	0	0	0	0	0	0	0	0	0	0	0	0	0	0	0	0	0	0	0	-1.25605506815562	-0.564032861907074	-2.22840312389761	0.592443852028073
0.0851109	0.23153	1.04074	-0.0175962	-0.0122732	8.65413e-05	-0.00225180000000001	-0.058089	-0.0434699999999999	0.000848099999999994	0.000177399999999998	-7.12987e-05	0.158650735	-0.0439465533	0.0213660101	0.0080934286	-0.0349471469	0.0505494535	-0.0498771065	0.0331465714	-0.0057443291	-0.0235073292	0.0451906832	-0.052324667	0.0426124582	-0.0191809517	-0.0104259597	0.0366761804	-0.0511183183	0.0491026536	-0.03127814	0.0033834701	0.0256005252	-0.0463423012	-0.0172804126	0.0001386406	-0.0025748201	0.0120422924	0.0152053394	0.0105469621	-0.0392130553	0	0	0	0	0	0	0	0	0	0	0	0	0	0	0	0	0	0	0	0	0	0	0	0	0	0	0	0	0	0	0	0	0	0	0	0	0	0	0	0	0	0	0	0	0	0	0	0	0	0	0	0	0	0	0	0	0	0	0	0	0	0	0	0	0	0	-1.6035869564257	-0.536609466922556	-2.22840312389761	0.592443852028073
0.101822	0.305814	1.07616	-0.0182544	-0.0122152	0.000388376	0.0167111	0.074284	0.0354199999999998	-0.000658199999999998	5.80000000000008e-05	0.0003018347	0.177316835	-0.0440689593	0.021777388	0.0074237382	-0.0342694522	0.0502421146	-0.0502739006	0.0343547251	-0.0075354425	-0.021674694	0.0440078585	-0.0523781585	0.0441298556	-0.0218799809	-0.0073119995	0.0341840202	-0.0502100954	0.0503054532	-0.0344398384	0.0076471118	0.0215718994	-0.0439465533	-0.0179219597	-0.0036221415	0.0087791252	0.0053365947	0.01166445	0.0168194193	-0.0330976403	0	0	0	0	0	0	0	0	0	0	0	0	0	0	0	0	0	0	0	0	0	0	0	0	0	0	0	0	0	0	0	0	0	0	0	0	0	0	0	0	0	0	0	0	0	0	0	0	0	0	0	0	0	0	0	0	0	0	0	0	0	0	0	0	0	0	0.715052109622757	1.75739026896055	0.448081059024295	-1.68540061352814
0.0846782	0.263273	1.07618	-0.0178298	-0.0118	0.000394835	-0.0171438	-0.042541	1.9999999999909e-05	0.000424600000000001	0.000415200000000001	6.459e-06	0.10201775	-0.044190547	0.0221871482	0.006752807	-0.0335815749	0.04991145	-0.050637085	0.0355316183	-0.0093176004	-0.0198094581	0.0427433176	-0.0523139709	0.0455292636	-0.0245103563	-0.0041714317	0.0315490697	-0.0490632542	0.0512383773	-0.0373944116	0.0118595137	0.0173831246	-0.0411911291	-0.0203539824	-0.0054543105	0.0021382497	0.00750143	0.0062014107	0.0132926946	-0.0487432968	0	0	0	0	0	0	0	0	0	0	0	0	0	0	0	0	0	0	0	0	0	0	0	0	0	0	0	0	0	0	0	0	0	0	0	0	0	0	0	0	0	0	0	0	0	0	0	0	0	0	0	0	0	0	0	0	0	0	0	0	0	0	0	0	0	0	0.210916601120825	2.1605201903748	0.448081059024295	-1.68540061352814
0.0845267	0.292927	1.10215	-0.0186947	-0.0120112	0.000509789	-0.000151500000000013	0.029654	0.02597	-0.000864900000000002	-0.000211200000000002	0.000114954	0.1153282	-0.044311314	0.0225952602	0.0060807472	-0.0328837193	0.0495576132	-0.0509664168	0.0366761804	-0.0110886847	-0.0179144269	0.0413994086	-0.0521322486	0.0468069407	-0.0270638244	-0.0010156846	0.0287823352	-0.0476832451	0.051896421	-0.0401240904	0.0159924506	0.0130652981	-0.0380985803	-0.0188819885	-0.0073410333	0.0063692535	0.0064877029	-0.0056065768	0.027053465	0.0086428652	0	0	0	0	0	0	0	0	0	0	0	0	0	0	0	0	0	0	0	0	0	0	0	0	0	0	0	0	0	0	0	0	0	0	0	0	0	0	0	0	0	0	0	0	0	0	0	0	0	0	0	0	0	0	0	0	0	0	0	0	0	0	0	0	0	0	0.99359204233707	2.30005587201399	0.448081059024295	-1.68540061352814
0.0793148	0.293416	1.10594	-0.0180258	-0.012437	0.000705494	-0.00521189999999996	0.000489000000000017	0.00378999999999996	0.000668900000000004	-0.000425799999999999	0.000195705	0.07401115	-0.044431258	0.0230016937	0.005407671	-0.0321760928	0.0491807684	-0.0512616758	0.0377873696	-0.0128465907	-0.0159924506	0.0399786271	-0.0518333998	0.0479594708	-0.0295323731	0.0021437585	0.0258953737	-0.0460766263	0.0522760543	-0.0426124582	0.0200182296	0.0086504753	-0.0346942175	-0.0238940227	-0.0083011621	-0.0014235115	0.0079064561	-0.0145084377	0.0345062591	0.0103358927	0	0	0	0	0	0	0	0	0	0	0	0	0	0	0	0	0	0	0	0	0	0	0	0	0	0	0	0	0	0	0	0	0	0	0	0	0	0	0	0	0	0	0	0	0	0	0	0	0	0	0	0	0	0	0	0	0	0	0	0	0	0	0	0	0	0	0.410112234865518	2.08900710405599	0.448081059024295	0.592443852028073
0.0814901	0.27318	1.07238	-0.0189601	-0.0120266	0.000420369	0.00217529999999996	-0.020236	-0.03356	-0.000934300000000002	0.0004104	-0.000285125	0.13746255	-0.0445503769	0.0234064185	0.0047336909	-0.0314589057	0.0487810905	-0.0515226647	0.0388641751	-0.0145892291	-0.0140464202	0.0384836111	-0.0514180959	0.0489837722	-0.0319082567	0.0052954007	0.0229002443	-0.0442510332	0.0523752403	-0.0448445497	0.0239098759	0.0041714317	-0.0310059033	-0.0193180863	-0.0126348335	0.0086510917	0.0066262943	0.0028103187	0.0252922161	0.0121657758	0	0	0	0	0	0	0	0	0	0	0	0	0	0	0	0	0	0	0	0	0	0	0	0	0	0	0	0	0	0	0	0	0	0	0	0	0	0	0	0	0	0	0	0	0	0	0	0	0	0	0	0	0	0	0	0	0	0	0	0	0	0	0	0	0	0	0.492854732621473	1.43391737523358	0.448081059024295	0.592443852028073
0.0890832	0.305664	1.12328	-0.0189949	-0.0119895	0.00055366	0.00759310000000003	0.032484	0.0508999999999999	-3.48000000000015e-05	3.71e-05	0.000133291	0.10123665	-0.0446686685	0.0238094045	0.0040589197	-0.030732371	0.0483587652	-0.0517492091	0.0399056168	-0.016314529	-0.0120792627	0.0369171367	-0.0508872699	0.0498771065	-0.0341840202	0.0084277735	0.0198094581	-0.0422151417	0.0521934471	-0.0468069407	0.0276413132	-0.0003385804	-0.0270638244	-0.024163094	-0.0114604135	0.0092383411	-0.0017792759	0.0115365941	0.0141421983	-0.0328737027	0	0	0	0	0	0	0	0	0	0	0	0	0	0	0	0	0	0	0	0	0	0	0	0	0	0	0	0	0	0	0	0	0	0	0	0	0	0	0	0	0	0	0	0	0	0	0	0	0	0	0	0	0	0	0	0	0	0	0	0	0	0	0	0	0	0	-0.024732185211467	1.50661262427111	0.448081059024295	0.592443852028073
0.086886	0.24977	1.07055	-0.0181089	-0.0118858	0.00054712	-0.0021972	-0.055894	-0.0527299999999999	0.000885999999999998	0.000103700000000002	-6.53999999999997e-06	0.1606332	-0.0447861304	0.0242106219	0.0033834701	-0.0299967047	0.0479139886	-0.0519411573	0.0409107473	-0.0180204398	-0.0100939368	0.0352821126	-0.0502421146	0.050637085	-0.036352523	0.0115294786	0.0166359256	-0.0399786271	0.0517316498	-0.0484878293	0.0311875391	-0.0048460789	-0.0229002443	-0.0212314103	-0.0185990274	0.0114226487	-0.0011154559	0.0095528794	0.0113181984	-0.0284857792	0	0	0	0	0	0	0	0	0	0	0	0	0	0	0	0	0	0	0	0	0	0	0	0	0	0	0	0	0	0	0	0	0	0	0	0	0	0	0	0	0	0	0	0	0	0	0	0	0	0	0	0	0	0	0	0	0	0	0	0	0	0	0	0	0	0	0.749338787003007	1.38571092237766	0.448081059024295	0.592443852028073
0.0902025	0.309442	1.13177	-0.0189807	-0.0118858	0.00067866	0.00331649999999999	0.059672	0.0612200000000003	-0.000871799999999999	0	0.00013154	0.1743755	-0.0449027607	0.0246100408	0.0027074549	-0.0292521253	0.047446967	-0.0520983812	0.0418786518	-0.0197049341	-0.0080934286	0.0335815749	-0.0494840794	0.0512616758	-0.0384069609	0.0145892291	0.013392903	-0.0375521182	0.050992326	-0.0498771065	0.0345247919	-0.0093176004	-0.0185492395	-0.0236278308	-0.0181405926	0.0075348512	0.0006248116	0.0257764882	0.004547561	-0.0348322691	0	0	0	0	0	0	0	0	0	0	0	0	0	0	0	0	0	0	0	0	0	0	0	0	0	0	0	0	0	0	0	0	0	0	0	0	0	0	0	0	0	0	0	0	0	0	0	0	0	0	0	0	0	0	0	0	0	0	0	0	0	0	0	0	0	0	-0.118368182129137	1.33422675634132	0.448081059024295	0.592443852028073
0.0891624	0.278175	1.12513	-0.0183927	-0.0118858	0.000467187	-0.0010401	-0.031267	-0.0066400000000002	0.000588000000000002	0	-0.000211473	0.0789207499999999	-0.045018557	0.0250076315	0.0020309873	-0.028498854	0.0469579174	-0.0522207755	0.0428084497	-0.0213660101	-0.0060807472	0.0318186811	-0.0486148674	0.0517492091	-0.0403408874	0.0175958911	0.0100939368	-0.0349471469	0.0499794418	-0.0509664168	0.0376307102	-0.0137199483	-0.0140464202	-0.0254145498	-0.0180686888	0.0133062369	0.0023938137	0.0097933402	0.0215643484	-0.0453231973	0	0	0	0	0	0	0	0	0	0	0	0	0	0	0	0	0	0	0	0	0	0	0	0	0	0	0	0	0	0	0	0	0	0	0	0	0	0	0	0	0	0	0	0	0	0	0	0	0	0	0	0	0	0	0	0	0	0	0	0	0	0	0	0	0	0	0.245686706853128	1.28910138415589	0.448081059024295	0.592443852028073
0.102411	0.301305	1.10884	-0.0183101	-0.0118858	0.000564274	0.0132486	0.02313	-0.0162899999999999	8.26000000000021e-05	0	9.7087e-05	0.06165295	-0.0451335173	0.0254033645	0.0013541801	-0.0277371148	0.0464470668	-0.0523082586	0.043699295	-0.0230016937	-0.0040589197	0.0299967047	-0.0476364314	0.0520983812	-0.0421482344	0.0205385235	0.006752807	-0.0321760928	0.0486984311	-0.0517492091	0.0404844828	-0.0180204398	-0.0094286395	-0.0225797168	-0.0235778714	0.011195185	0.0057975754	0.0195616629	0.0045948582	-0.0321320985	0	0	0	0	0	0	0	0	0	0	0	0	0	0	0	0	0	0	0	0	0	0	0	0	0	0	0	0	0	0	0	0	0	0	0	0	0	0	0	0	0	0	0	0	0	0	0	0	0	0	0	0	0	0	0	0	0	0	0	0	0	0	0	0	0	0	0.157746273853324	1.41717622581532	0.448081059024295	0.592443852028073
0.090983	0.300931	1.11788	-0.0184056	-0.0121041	0.000386382	-0.011428	-0.000374000000000041	0.00903999999999994	-9.54999999999984e-05	-0.000218300000000001	-0.000177892	0.0454266	-0.0452476394	0.0257972105	0.0006771467	-0.0269671338	0.0459146523	-0.0523607718	0.0445503769	-0.0246100408	-0.0020309873	0.0281190288	-0.0465509697	0.0523082586	-0.043823331	0.0234064185	0.0033834701	-0.0292521253	0.0471561663	-0.0522207755	0.0430669878	-0.0221871482	-0.0047336909	-0.0238785341	-0.0221375507	0.0030961702	0.0068504952	-0.0124853123	0.0148243554	0.0016889311	0	0	0	0	0	0	0	0	0	0	0	0	0	0	0	0	0	0	0	0	0	0	0	0	0	0	0	0	0	0	0	0	0	0	0	0	0	0	0	0	0	0	0	0	0	0	0	0	0	0	0	0	0	0	0	0	0	0	0	0	0	0	0	0	0	0	0.893827989086958	1.30968013896101	0.448081059024295	0.592443852028073
0.0968435	0.287431	1.04328	-0.0184206	-0.0118858	0.000215033	0.00586050000000003	-0.0135	-0.0746	-1.50000000000011e-05	0.000218300000000001	-0.000171349	0.11419295	-0.0453609212	0.02618914	0	-0.02618914	0.0453609212	-0.0523782801	0.0453609212	-0.02618914	0	0.02618914	-0.0453609212	0.0523782801	-0.0453609212	0.02618914	0	-0.02618914	0.0453609212	-0.0523782801	0.0453609212	-0.02618914	0	-0.0171966893	-0.0268873021	-0.0039168664	0.0063354974	0.0017626382	0.0073935339	0.0139191591	0	0	0	0	0	0	0	0	0	0	0	0	0	0	0	0	0	0	0	0	0	0	0	0	0	0	0	0	0	0	0	0	0	0	0	0	0	0	0	0	0	0	0	0	0	0	0	0	0	0	0	0	0	0	0	0	0	0	0	0	0	0	0	0	0	0	0.78941240428593	1.14656273512577	0.448081059024295	0.592443852028073
0.0972232	0.296081	1.12173	-0.0185374	-0.0116358	0.000107143	0.000379699999999955	0.00864999999999999	0.0784499999999999	-0.000116800000000004	0.000249999999999993	-0.00010789	0.1112142	-0.0454733605	0.0265791242	-0.0006771467	-0.0254033645	0.0447861304	-0.0523607718	0.0461301902	-0.0277371148	0.0020309873	0.0242106219	-0.0440689593	0.0523082586	-0.0467561802	0.0288765622	-0.0033834701	-0.0230016937	0.0433223267	-0.0522207755	0.0473509122	-0.0299967047	0.0047336909	-0.0232512183	-0.0217207359	0.0030290537	0.0010251357	0.0063312634	-0.0037683306	-0.0260720592	0	0	0	0	0	0	0	0	0	0	0	0	0	0	0	0	0	0	0	0	0	0	0	0	0	0	0	0	0	0	0	0	0	0	0	0	0	0	0	0	0	0	0	0	0	0	0	0	0	0	0	0	0	0	0	0	0	0	0	0	0	0	0	0	0	0	0.772773948782129	0.613509323050761	0.448081059024295	0.592443852028073
0.0884992	0.256848	1.10647	-0.0180773	-0.0121118	0.00010551	-0.008724	-0.039233	-0.0152599999999998	0.000460100000000001	-0.000475999999999994	-1.63299999999999e-06	0.11010365	-0.0455849554	0.0269671338	-0.0013541801	-0.0246100408	0.044190547	-0.0523082586	0.0468574839	-0.0292521253	0.0040589197	0.0221871482	-0.042677987	0.0520983812	-0.0480047303	0.0314589057	-0.006752807	-0.0197049341	0.0410513194	-0.0517492091	0.049023627	-0.0335815749	0.0094286395	-0.0208230842	-0.0263466584	-0.002957438	0.0037265151	0.0110418462	-0.0076783766	-0.0463864855	0	0	0	0	0	0	0	0	0	0	0	0	0	0	0	0	0	0	0	0	0	0	0	0	0	0	0	0	0	0	0	0	0	0	0	0	0	0	0	0	0	0	0	0	0	0	0	0	0	0	0	0	0	0	0	0	0	0	0	0	0	0	0	0	0	0	-1.01998212438034	1.04519247106318	0.448081059024295	0.592443852028073
0.101586	0.32742	1.13485	-0.0182601	-0.0118095	0.000247322	0.0130868	0.070572	0.0283799999999998	-0.0001828	0.000302299999999998	0.000141812	0.1433844	-0.0456957037	0.0273531403	-0.0020309873	-0.0238094045	0.0435744473	-0.0522207755	0.0475421407	-0.030732371	0.0060807472	0.0201224762	-0.0411911291	0.0517492091	-0.0491026536	0.0339267737	-0.0100939368	-0.016314529	0.0385600826	-0.0509664168	0.0503678575	-0.0369171367	0.0140464202	-0.020160152	-0.0228824634	0.0107898175	0.0056513812	-0.0036962198	0.0073186246	-0.0038390442	0	0	0	0	0	0	0	0	0	0	0	0	0	0	0	0	0	0	0	0	0	0	0	0	0	0	0	0	0	0	0	0	0	0	0	0	0	0	0	0	0	0	0	0	0	0	0	0	0	0	0	0	0	0	0	0	0	0	0	0	0	0	0	0	0	0	0.455258454115833	1.31951217329525	0.448081059024295	0.592443852028073
0.100491	0.241542	1.06391	-0.0174206	-0.0113542	0.000167805	-0.001095	-0.085878	-0.0709399999999998	0.000839500000000003	0.0004553	-7.9517e-05	0.22662885	-0.0458056033	0.0277371148	-0.0027074549	-0.0230016937	0.0429381175	-0.0520983812	0.0481835374	-0.0321760928	0.0080934286	0.0180204398	-0.0396117264	0.0512616758	-0.0500465054	0.0362711858	-0.013392903	-0.0128465907	0.0358619813	-0.0498771065	0.0513745965	-0.0399786271	0.0185492395	-0.0173607927	-0.0222247624	-0.0040406644	0.0103018624	-0.0103829061	0.0003658564	0.0043671951	0	0	0	0	0	0	0	0	0	0	0	0	0	0	0	0	0	0	0	0	0	0	0	0	0	0	0	0	0	0	0	0	0	0	0	0	0	0	0	0	0	0	0	0	0	0	0	0	0	0	0	0	0	0	0	0	0	0	0	0	0	0	0	0	0	0	-0.176695078485203	1.64197552476735	0.448081059024295	0.592443852028073
0.110329	0.307951	1.13095	-0.0186018	-0.0117926	0.000252024	0.009838	0.066409	0.0670399999999998	-0.0011812	-0.0004384	8.4219e-05	0.22847795	-0.0459146523	0.0281190288	-0.0033834701	-0.0221871482	0.0422818529	-0.0519411573	0.0487810905	-0.0335815749	0.0100939368	0.015884942	-0.0379433273	0.050637085	-0.0508333239	0.0384836111	-0.0166359256	-0.0093176004	0.0329714899	-0.0484878293	0.0520370985	-0.0427433176	0.0229002443	-0.0169722557	-0.0197953177	0.0063933837	0.0036240878	0.0144451074	-0.0138370887	-0.0154926836	0	0	0	0	0	0	0	0	0	0	0	0	0	0	0	0	0	0	0	0	0	0	0	0	0	0	0	0	0	0	0	0	0	0	0	0	0	0	0	0	0	0	0	0	0	0	0	0	0	0	0	0	0	0	0	0	0	0	0	0	0	0	0	0	0	0	0.226620922401566	1.74922483445963	0.448081059024295	0.592443852028073
0.100406	0.262283	1.10942	-0.0181663	-0.0117238	0.000181336	-0.009923	-0.045668	-0.0215299999999998	0.000435500000000002	6.88000000000008e-05	-7.0688e-05	0.1058704	-0.0460228486	0.028498854	-0.0040589197	-0.0213660101	0.0416059582	-0.0517492091	0.0493342563	-0.0349471469	0.0120792627	0.0137199483	-0.0361896802	0.0498771065	-0.0514606403	0.0405559987	-0.0198094581	-0.0057443291	0.0299041152	-0.0468069407	0.0523509242	-0.0451906832	0.0270638244	-0.01548421	-0.0189786365	0.0038407244	0.0070264505	-0.0035805482	-0.0145893591	-0.0455086763	0	0	0	0	0	0	0	0	0	0	0	0	0	0	0	0	0	0	0	0	0	0	0	0	0	0	0	0	0	0	0	0	0	0	0	0	0	0	0	0	0	0	0	0	0	0	0	0	0	0	0	0	0	0	0	0	0	0	0	0	0	0	0	0	0	0	0.892131359315002	1.19985597835939	0.448081059024295	0.592443852028073
0.115677	0.30895	1.16616	-0.0188273	-0.0119476	0.000252024	0.015271	0.046667	0.05674	-0.000660999999999998	-0.0002238	7.0688e-05	0.1664524	-0.0461301902	0.0288765622	-0.0047336909	-0.0205385235	0.0409107473	-0.0515226647	0.0498425313	-0.0362711858	0.0140464202	0.0115294786	-0.0343547251	0.0489837722	-0.0519264863	0.0424808075	-0.0229002443	-0.0021437585	0.0266763128	-0.0448445497	0.0523139709	-0.047302555	0.0310059033	-0.0156455424	-0.0178593197	0.0083155228	0.0040365585	0.0117817842	-0.0012356316	-0.0239534441	0	0	0	0	0	0	0	0	0	0	0	0	0	0	0	0	0	0	0	0	0	0	0	0	0	0	0	0	0	0	0	0	0	0	0	0	0	0	0	0	0	0	0	0	0	0	0	0	0	0	0	0	0	0	0	0	0	0	0	0	0	0	0	0	0	0	0.211254321821429	0.819752354187683	0.448081059024295	0.592443852028073
0.104888	0.290999	1.15129	-0.0176021	-0.0120561	0.000252024	-0.010789	-0.0179510000000001	-0.0148700000000002	0.0012252	-0.000108500000000001	0	0.110295	-0.046236675	0.0292521253	-0.005407671	-0.0197049341	0.0401965428	-0.0512616758	0.0503054532	-0.0375521182	0.0159924506	0.0093176004	-0.0324425845	0.0479594708	-0.0522294002	0.0442510332	-0.0258953737	0.0014670001	0.0233053991	-0.0426124582	0.0519264863	-0.0490632542	0.0346942175	-0.0169493528	-0.013422501	0.0015506618	0.0058857593	-0.01758116	0.0102287671	0.0074512577	0	0	0	0	0	0	0	0	0	0	0	0	0	0	0	0	0	0	0	0	0	0	0	0	0	0	0	0	0	0	0	0	0	0	0	0	0	0	0	0	0	0	0	0	0	0	0	0	0	0	0	0	0	0	0	0	0	0	0	0	0	0	0	0	0	0	1.02006730782693	0.804272464671563	0.448081059024295	0.592443852028073
0.104394	0.290362	1.11543	-0.0175704	-0.011906	3.98891e-05	-0.000494000000000008	-0.000636999999999943	-0.03586	3.16999999999991e-05	0.000150099999999995	-0.0002121349	0.056687745	-0.0463423012	0.0296255153	-0.0060807472	-0.0188654898	0.0394636764	-0.0509664168	0.0507226006	-0.0387884217	0.0179144269	0.0070884207	-0.0304575546	0.0468069407	-0.0523684314	0.0458602343	-0.0287823352	0.0050707869	0.0198094581	-0.0401240904	0.0511910666	-0.0504597097	0.0380985803	-0.0111602339	-0.0148113965	-0.0013643686	0.0089257977	0.0026020842	0.0075008068	0.0244578508	0	0	0	0	0	0	0	0	0	0	0	0	0	0	0	0	0	0	0	0	0	0	0	0	0	0	0	0	0	0	0	0	0	0	0	0	0	0	0	0	0	0	0	0	0	0	0	0	0	0	0	0	0	0	0	0	0	0	0	0	0	0	0	0	0	0	0.477664092552619	1.00954059385786	0.448081059024295	0.592443852028073
0.112883	0.32878	1.18601	-0.0182084	-0.0122761	0.000320006	0.008489	0.038418	0.0705800000000001	-0.000638	-0.000370099999999996	0.0002801169	0.181897845	-0.0464470668	0.0299967047	-0.006752807	-0.0180204398	0.0387124883	-0.050637085	0.051093594	-0.0399786271	0.0198094581	0.0048460789	-0.0284040951	0.0455292636	-0.0523431439	0.047302555	-0.0315490697	0.0086504753	0.0162072446	-0.0373944116	0.0501126395	-0.0514815542	0.0411911291	-0.0126893236	-0.0072602692	0.0038920388	-0.0008193097	0.0046026279	0.0013574615	-0.0164717137	0	0	0	0	0	0	0	0	0	0	0	0	0	0	0	0	0	0	0	0	0	0	0	0	0	0	0	0	0	0	0	0	0	0	0	0	0	0	0	0	0	0	0	0	0	0	0	0	0	0	0	0	0	0	0	0	0	0	0	0	0	0	0	0	0	0	0.844137358105755	0.517985306325391	0.448081059024295	0.592443852028073
0.112207	0.278252	1.12315	-0.0175158	-0.0119394	0.000475993	-0.00067600000000001	-0.050528	-0.0628599999999999	0.000692600000000001	0.000336700000000002	0.000155987	0.17332835	-0.0465509697	0.0303656657	-0.0074237382	-0.0171700353	0.0379433273	-0.0502739006	0.0514180959	-0.0411213197	0.021674694	0.0025947387	-0.0262868196	0.0441298556	-0.0521536168	0.0485727468	-0.0341840202	0.0121890533	0.0125180835	-0.0344398384	0.0486984311	-0.0521212014	0.0439465533	-0.0062935195	-0.0091366295	0.0015317411	0.0007155867	-0.0020396707	0.00186365	-0.02264044	0	0	0	0	0	0	0	0	0	0	0	0	0	0	0	0	0	0	0	0	0	0	0	0	0	0	0	0	0	0	0	0	0	0	0	0	0	0	0	0	0	0	0	0	0	0	0	0	0	0	0	0	0	0	0	0	0	0	0	0	0	0	0	0	0	0	1.05459199495139	0.378806015026603	0.448081059024295	0.592443852028073
0.104229	0.310662	1.15258	-0.0180708	-0.0118961	0.000456669	-0.00797799999999999	0.03241	0.0294299999999998	-0.000555000000000003	4.32999999999996e-05	-1.9324e-05	0.1006992	-0.0466540082	0.030732371	-0.0080934286	-0.016314529	0.0371565505	-0.0498771065	0.0516958108	-0.0422151417	0.0235073292	0.0003385804	-0.024110485	0.0426124582	-0.0518004449	0.0496661877	-0.0366761804	0.015669704	0.0087617663	-0.03127814	0.0469579174	-0.0523739028	0.0463423012	-0.0036256411	-0.0047388347	0.0084123375	-0.0002691771	0.0137134671	-0.0106446118	-0.0278822115	0	0	0	0	0	0	0	0	0	0	0	0	0	0	0	0	0	0	0	0	0	0	0	0	0	0	0	0	0	0	0	0	0	0	0	0	0	0	0	0	0	0	0	0	0	0	0	0	0	0	0	0	0	0	0	0	0	0	0	0	0	0	0	0	0	0	-0.699721028332717	0.576822304119692	0.448081059024295	0.592443852028073
0.0896627	0.287723	1.16428	-0.0181464	-0.0120886	0.000224497	-0.0145663	-0.022939	0.0117	-7.56000000000021e-05	-0.000192500000000002	-0.000232172	0.0742189	-0.0467561802	0.0310967934	-0.0087617663	-0.015454175	0.036352523	-0.0494469678	0.0519264863	-0.0432587929	0.025304607	-0.0019182066	-0.0218799809	0.0409811285	-0.0512847364	0.0505788988	-0.03901514	0.0190758861	0.0049584444	-0.0279283311	0.0449027607	-0.0522377823	0.0483587652	-0.0014256056	0.0003709892	-0.0021461053	0.004777392	-0.0118283361	0.0047548425	0.0013847855	0	0	0	0	0	0	0	0	0	0	0	0	0	0	0	0	0	0	0	0	0	0	0	0	0	0	0	0	0	0	0	0	0	0	0	0	0	0	0	0	0	0	0	0	0	0	0	0	0	0	0	0	0	0	0	0	0	0	0	0	0	0	0	0	0	0	0.065960331925344	0.334062077053778	0.448081059024295	0.592443852028073
0.0955777	0.301951	1.11463	-0.0184519	-0.0121492	0.00027125	0.00591500000000002	0.014228	-0.04965	-0.000305499999999997	-6.05999999999992e-05	4.6753e-05	0.09043565	-0.0468574839	0.0314589057	-0.0094286395	-0.0145892291	0.0355316183	-0.0489837722	0.0521099123	-0.0442510332	0.0270638244	-0.0041714317	-0.0196003187	0.0392402281	-0.0506081094	0.0513075588	-0.0411911291	0.0223914121	0.0011285219	-0.024410558	0.0425467316	-0.0517138504	0.0499794418	0.0082028318	0.0035597469	-0.0034998548	-0.0039331809	-0.0168500142	-0.0125637851	0.0468555788	0	0	0	0	0	0	0	0	0	0	0	0	0	0	0	0	0	0	0	0	0	0	0	0	0	0	0	0	0	0	0	0	0	0	0	0	0	0	0	0	0	0	0	0	0	0	0	0	0	0	0	0	0	0	0	0	0	0	0	0	0	0	0	0	0	0	-0.976721769627275	-0.418236391926051	0.448081059024295	0.592443852028073
0.096257	0.309262	1.17517	-0.0183598	-0.0120967	0.000458597	0.000679300000000022	0.00731099999999996	0.06054	9.21000000000012e-05	5.24999999999987e-05	0.000187347	0.0851276500000001	-0.0469579174	0.0318186811	-0.0100939368	-0.0137199483	0.0346942175	-0.0484878293	0.0522459219	-0.0451906832	0.0287823352	-0.0064169112	-0.01727662	0.0373944116	-0.049772687	0.0518495163	-0.0431950583	0.0256005252	-0.0027074549	-0.0207459769	0.0399056168	-0.0508059967	0.0511910666	0.0056220095	0.0098506365	-0.0042929392	-0.007457695	-0.012752803	0.0042922121	0.0315774998	0	0	0	0	0	0	0	0	0	0	0	0	0	0	0	0	0	0	0	0	0	0	0	0	0	0	0	0	0	0	0	0	0	0	0	0	0	0	0	0	0	0	0	0	0	0	0	0	0	0	0	0	0	0	0	0	0	0	0	0	0	0	0	0	0	0	-0.838408164084078	-1.02056439525219	0.448081059024295	-1.68540061352814
0.0919797	0.282939	1.1151	-0.0181931	-0.0121272	0.000458597	-0.00427730000000001	-0.026323	-0.0600700000000001	0.000166700000000002	-3.04999999999993e-05	0	0.1005303	-0.0470574788	0.0321760928	-0.010757547	-0.0128465907	0.0338407093	-0.0479594708	0.0523343914	-0.0460766263	0.0304575546	-0.0086504753	-0.0149141057	0.0354486142	-0.0487810905	0.0522027989	-0.045018557	0.0286879745	-0.0065289069	-0.0169566271	0.0369971132	-0.0495209612	0.0519837232	0.0141014154	0.0120473778	0.0026034026	0.0024501929	-0.0220292019	0.0063555888	0.0299795606	0	0	0	0	0	0	0	0	0	0	0	0	0	0	0	0	0	0	0	0	0	0	0	0	0	0	0	0	0	0	0	0	0	0	0	0	0	0	0	0	0	0	0	0	0	0	0	0	0	0	0	0	0	0	0	0	0	0	0	0	0	0	0	0	0	0	0.922349335750132	-0.744268170962793	0.448081059024295	-1.68540061352814
0.0963868	0.3444	1.20785	-0.018376	-0.011651	0.000458598	0.00440710000000001	0.061461	0.0927500000000001	-0.000182900000000003	0.000476199999999996	1.00000000001575e-09	0.19157315	-0.0471561663	0.0325311144	-0.0114193591	-0.011969416	0.0329714899	-0.0473990497	0.0523752403	-0.0469078096	0.0320869629	-0.0108679768	-0.0125180835	0.0334080384	-0.0476364314	0.0523661213	-0.0466540082	0.0316390872	-0.0103153331	-0.0130652981	0.0338407093	-0.0478682839	0.0523509242	0.0079615652	0.0231487506	0.0055323988	0.0012471929	-0.002208627	0.0197742378	0.0186557823	0	0	0	0	0	0	0	0	0	0	0	0	0	0	0	0	0	0	0	0	0	0	0	0	0	0	0	0	0	0	0	0	0	0	0	0	0	0	0	0	0	0	0	0	0	0	0	0	0	0	0	0	0	0	0	0	0	0	0	0	0	0	0	0	0	0	0.566041957209421	-0.808722173985776	0.448081059024295	-1.68540061352814
0.119514	0.277848	1.16052	-0.0186582	-0.0116759	-9.52576e-05	0.0231272	-0.066552	-0.0473299999999999	-0.0002822	-2.48999999999944e-05	-0.0005538556	0.18005698	-0.0472539781	0.0328837193	-0.0120792627	-0.0110886847	0.0320869629	-0.0468069407	0.0523684314	-0.0476832451	0.0336681095	-0.0130652981	-0.0100939368	0.03127814	-0.0463423012	0.0523388891	-0.0480945804	0.0344398384	-0.0140464202	-0.0090953929	0.0304575546	-0.0458602343	0.0522896643	0.0186831566	0.0259796591	-0.0003452124	-0.009345796	-0.0063890404	-0.0162011434	0.0023636317	0	0	0	0	0	0	0	0	0	0	0	0	0	0	0	0	0	0	0	0	0	0	0	0	0	0	0	0	0	0	0	0	0	0	0	0	0	0	0	0	0	0	0	0	0	0	0	0	0	0	0	0	0	0	0	0	0	0	0	0	0	0	0	0	0	0	1.20836388576218	0.302309979871587	0.448081059024295	0.592443852028073
0.103449	0.326034	1.18118	-0.0187708	-0.0115949	0.000297443	-0.016065	0.048186	0.0206599999999997	-0.000112600000000001	8.09999999999995e-05	0.0003927006	0.11422603	-0.0473509122	0.0332338815	-0.0127371473	-0.0102046586	0.0311875391	-0.0461835398	0.0523139709	-0.0484020114	0.0351986159	-0.015238359	-0.0076471118	0.0290646136	-0.0449027607	0.0521212014	-0.0493342563	0.0370769179	-0.017702152	-0.0050707869	0.0268703181	-0.0435117199	0.0518004449	0.0216021281	0.030692066	-0.0093617867	-0.011235863	0.0055952262	-0.0262270831	-0.0006129278	0	0	0	0	0	0	0	0	0	0	0	0	0	0	0	0	0	0	0	0	0	0	0	0	0	0	0	0	0	0	0	0	0	0	0	0	0	0	0	0	0	0	0	0	0	0	0	0	0	0	0	0	0	0	0	0	0	0	0	0	0	0	0	0	0	0	-0.161097568321838	0.414586168134409	0.448081059024295	-1.68540061352814
0.111534	0.300341	1.09869	-0.0179284	-0.0119334	-9.52575e-05	0.00808499999999999	-0.025693	-0.08249	0.0008424	-0.0003385	-0.0003927005	0.194948025	-0.047446967	0.0335815749	-0.013392903	-0.0093176004	0.0302736359	-0.0455292636	0.0522119084	-0.0490632542	0.0366761804	-0.0173831246	-0.0051831058	0.0267733776	-0.0433223267	0.0517138504	-0.0503678575	0.0395377932	-0.0212629165	-0.0010156846	0.0231030362	-0.0408401761	0.0508872699	0.0339970535	0.0298828437	-0.0093968437	-0.012254968	-0.0110911618	-0.0254995868	0.0528936612	0	0	0	0	0	0	0	0	0	0	0	0	0	0	0	0	0	0	0	0	0	0	0	0	0	0	0	0	0	0	0	0	0	0	0	0	0	0	0	0	0	0	0	0	0	0	0	0	0	0	0	0	0	0	0	0	0	0	0	0	0	0	0	0	0	0	0.996622576265617	0.809824737413496	0.448081059024295	0.592443852028073
0.113925	0.33656	1.13403	-0.0184603	-0.0120413	0.000136861	0.002391	0.036219	0.0353399999999999	-0.000531899999999998	-0.000107899999999999	0.0002321185	0.117545925	-0.0475421407	0.0339267737	-0.0140464202	-0.0084277735	0.0293456776	-0.0448445497	0.0520623368	-0.0496661877	0.0380985803	-0.0194956122	-0.0027074549	0.024410558	-0.0416059582	0.0511183183	-0.0511910666	0.0418107693	-0.024709611	0.0030455261	0.0191809517	-0.0378654364	0.0495576132	0.0361543868	0.0387133944	-0.0093536457	-0.0110715617	-0.0089810008	-0.0140783071	0.0539868175	0	0	0	0	0	0	0	0	0	0	0	0	0	0	0	0	0	0	0	0	0	0	0	0	0	0	0	0	0	0	0	0	0	0	0	0	0	0	0	0	0	0	0	0	0	0	0	0	0	0	0	0	0	0	0	0	0	0	0	0	0	0	0	0	0	0	1.32167751578644	1.25086223069843	0.448081059024295	0.592443852028073
0.0976268	0.27049	1.08496	-0.0175988	-0.0124038	0.000214111	-0.0162982	-0.06607	-0.0490699999999997	0.000861499999999998	-0.0003625	7.725e-05	0.1965007	-0.0476364314	0.0342694522	-0.0146975897	-0.0075354425	0.0284040951	-0.0441298556	0.051865392	-0.0502100954	0.0394636764	-0.0215718994	-0.0002257211	0.0219824722	-0.0397590408	0.0503367722	-0.0518004449	0.043885044	-0.028023745	0.0070884207	0.0151303447	-0.034609585	0.0478223571	0.0416884622	0.0423318403	-0.0011051425	-0.0036883662	-0.0264855551	0.0018446116	0.0376658374	0	0	0	0	0	0	0	0	0	0	0	0	0	0	0	0	0	0	0	0	0	0	0	0	0	0	0	0	0	0	0	0	0	0	0	0	0	0	0	0	0	0	0	0	0	0	0	0	0	0	0	0	0	0	0	0	0	0	0	0	0	0	0	0	0	0	-1.06049749515738	1.33390262516799	0.448081059024295	0.592443852028073
0.104776	0.329649	1.17588	-0.0184154	-0.0126317	0.0002849	0.00714919999999995	0.059159	0.0909199999999999	-0.000816600000000001	-0.000227900000000001	7.0789e-05	0.21299265	-0.0477298374	0.034609585	-0.0153463027	-0.0066408724	0.0274493255	-0.0433856593	0.0516212534	-0.0506943307	0.0407694154	-0.0236081307	0.0022565198	0.0194956122	-0.0377873696	0.0493720561	-0.0521934471	0.0457507597	-0.0311875391	0.0110886847	0.0109783563	-0.0310967934	0.0456957037	0.0414299734	0.0530776261	-0.0055082883	-0.0019103468	-0.0032425473	0.0051902122	0.0265229592	0	0	0	0	0	0	0	0	0	0	0	0	0	0	0	0	0	0	0	0	0	0	0	0	0	0	0	0	0	0	0	0	0	0	0	0	0	0	0	0	0	0	0	0	0	0	0	0	0	0	0	0	0	0	0	0	0	0	0	0	0	0	0	0	0	0	-1.3473248592505	1.39830480476231	0.448081059024295	0.592443852028073
0.114735	0.272377	1.1251	-0.0176376	-0.0126317	0.000213133	0.009959	-0.057272	-0.05078	0.000777800000000006	0	-7.1767e-05	0.16048935	-0.0478223571	0.0349471469	-0.0159924506	-0.0057443291	0.0264818121	-0.0426124582	0.0513301431	-0.0511183183	0.0420138333	-0.0256005252	0.0047336909	0.0169566271	-0.0356971313	0.0482276804	-0.0523684314	0.0473990497	-0.0341840202	0.0150222601	0.006752807	-0.0273531403	0.0431950583	0.0503390029	0.0560992902	-0.0068692989	-0.005440181	-0.0121469334	-0.0225185661	0.0166382991	0	0	0	0	0	0	0	0	0	0	0	0	0	0	0	0	0	0	0	0	0	0	0	0	0	0	0	0	0	0	0	0	0	0	0	0	0	0	0	0	0	0	0	0	0	0	0	0	0	0	0	0	0	0	0	0	0	0	0	0	0	0	0	0	0	0	-0.98522837988856	1.39835665364967	0.448081059024295	0.592443852028073
0.115716	0.322997	1.16158	-0.0180055	-0.0121176	0.000196698	0.000981000000000065	0.05062	0.0364799999999999	-0.000367900000000004	0.0005141	-1.6435e-05	0.13300275	-0.0479139886	0.0352821126	-0.0166359256	-0.0048460789	0.0255020041	-0.0418107693	0.050992326	-0.0514815542	0.0431950583	-0.0275453833	0.0072002268	0.0143723053	-0.0334948844	0.0469078096	-0.052324667	0.0488220806	-0.0369971132	0.0188654898	0.0024820104	-0.0234064185	0.0403408874	0.0550937733	0.0614697724	-0.0192948753	-0.0036136394	0.010439932	-0.0234522342	0.0166293057	0	0	0	0	0	0	0	0	0	0	0	0	0	0	0	0	0	0	0	0	0	0	0	0	0	0	0	0	0	0	0	0	0	0	0	0	0	0	0	0	0	0	0	0	0	0	0	0	0	0	0	0	0	0	0	0	0	0	0	0	0	0	0	0	0	0	-0.598756121768756	1.26651100873261	0.448081059024295	0.592443852028073
0.111713	0.300807	1.15863	-0.0177443	-0.0119303	0.000340997	-0.00400300000000005	-0.02219	-0.00295000000000001	0.000261200000000003	0.000187300000000001	0.000144299	0.0587829499999999	-0.0480047303	0.0356144575	-0.01727662	-0.0039463888	0.0245103563	-0.0409811285	0.0506081094	-0.0517836067	0.044311314	-0.0294390937	0.0096505858	0.0117495564	-0.0311875391	0.0454172463	-0.0520623368	0.0500130897	-0.0396117264	0.0225952602	-0.001805417	-0.0192859283	0.0371565505	0.0609253746	0.0702803436	-0.0103056011	-0.0063095315	-0.0355843494	-0.0272301537	0.0294345341	0	0	0	0	0	0	0	0	0	0	0	0	0	0	0	0	0	0	0	0	0	0	0	0	0	0	0	0	0	0	0	0	0	0	0	0	0	0	0	0	0	0	0	0	0	0	0	0	0	0	0	0	0	0	0	0	0	0	0	0	0	0	0	0	0	0	-0.610355315191515	1.17490058711863	0.448081059024295	0.592443852028073
0.112667	0.293686	1.11692	-0.0180101	-0.0124981	0.000244605	0.000953999999999996	-0.00712099999999999	-0.0417099999999997	-0.000265800000000004	-0.000567800000000002	-9.63919999999999e-05	0.0962846000000001	-0.0480945804	0.0359441567	-0.0179144269	-0.0030455261	0.0235073292	-0.0401240904	0.050177843	-0.0520241169	0.0453609212	-0.03127814	0.0120792627	0.0090953929	-0.0287823352	0.0437614146	-0.0515825363	0.0509664168	-0.0420138333	0.02618914	-0.0060807472	-0.0150222601	0.0336681095	0.0713328985	0.0753866688	-0.0263095731	-0.0009706739	-0.0250827716	-0.0093064065	0.092397938	0	0	0	0	0	0	0	0	0	0	0	0	0	0	0	0	0	0	0	0	0	0	0	0	0	0	0	0	0	0	0	0	0	0	0	0	0	0	0	0	0	0	0	0	0	0	0	0	0	0	0	0	0	0	0	0	0	0	0	0	0	0	0	0	0	0	-0.675432921127846	0.442532324561304	0.448081059024295	0.592443852028073
0.111486	0.26334	1.04396	-0.0173875	-0.0119285	1.0141e-05	-0.00118100000000002	-0.030346	-0.0729599999999999	0.000622600000000001	0.000569600000000002	-0.000234464	0.1758202	-0.0481835374	0.0362711858	-0.0185492395	-0.0021437585	0.0224933884	-0.0392402281	0.0497019183	-0.0522027989	0.0463423012	-0.0330591074	0.0144808008	0.0064169112	-0.0262868196	0.0419463399	-0.0508872699	0.0516775313	-0.044190547	0.0296255153	-0.0103153331	-0.0106470671	0.0299041152	0.0785765073	0.0730621899	-0.0137148034	-0.027714381	-0.0123373076	-0.0376175269	0.0824723253	0	0	0	0	0	0	0	0	0	0	0	0	0	0	0	0	0	0	0	0	0	0	0	0	0	0	0	0	0	0	0	0	0	0	0	0	0	0	0	0	0	0	0	0	0	0	0	0	0	0	0	0	0	0	0	0	0	0	0	0	0	0	0	0	0	0	1.02540045483208	0.013209054201828	0.448081059024295	0.592443852028073
0.0825001	0.372629	0.476407	-0.00259102	-0.00943059	0.00241946	-0.0289859	0.109289	-0.567553	0.01479648	0.00249791	0.002409319	1.69101335	-0.0482715996	0.0365955205	-0.0191809517	-0.0012413539	0.0214690046	-0.0383301323	0.0491807684	-0.0523194405	0.0472539781	-0.0347786889	0.0168498047	0.0037212726	-0.0237088227	0.0399786271	-0.0499794418	0.0521430537	-0.0461301902	0.0328837193	-0.0144808008	-0.0061928308	0.0258953737	0.089778124	-0.0937158551	-0.0397513941	-0.0166147907	0.0114870539	-0.0429717548	0.0546961627	0	0	0	0	0	0	0	0	0	0	0	0	0	0	0	0	0	0	0	0	0	0	0	0	0	0	0	0	0	0	0	0	0	0	0	0	0	0	0	0	0	0	0	0	0	0	0	0	0	0	0	0	0	0	0	1	0	0	0	0	0	0	0	0	0	0	0.818599931270771	0.088172291461312	0.448081059024295	0.592443852028073
0.0513657	0.359178	0.830059	-0.0116169	-0.010784	0.000265822	-0.0311344	-0.013451	0.353652	-0.00902588	-0.00135341	-0.002153638	1.0248838	-0.0483587652	0.0369171367	-0.0198094581	-0.0003385804	0.0204346535	-0.0373944116	0.0486148674	-0.0523739028	0.0480945804	-0.0364336915	0.0191809517	0.0010156846	-0.0210564335	0.0378654364	-0.048862844	0.0523607718	-0.0478223571	0.0359441567	-0.0185492395	-0.0016926191	0.021674694	0.1002436143	0.0303962335	-0.0293189259	-0.019929329	-0.0368670321	-0.0548868402	0.0522645025	0	0	0	0	0	0	0	0	0	0	0	0	0	0	0	0	0	0	0	0	0	0	0	0	0	0	0	0	0	0	0	0	0	0	0	0	0	0	0	0	0	0	0	0	0	0	0	0	0	0	0	0	0	0	0	0	1	0	0	0	0	0	0	0	0	0	1.02020961974922	0.596802500944511	0.448081059024295	0.592443852028073
0.0520581	0.315266	1.00838	-0.016164	-0.0122665	0.000204053	0.00069240000000001	-0.043912	0.178321	-0.0045471	-0.0014825	-6.1769e-05	0.52749385	-0.0484450328	0.0372360105	-0.0204346535	0.0005642937	0.0193908153	-0.0364336915	0.0480047303	-0.0523661213	0.048862844	-0.0380210421	0.0214690046	-0.0016926191	-0.0183379745	0.0356144575	-0.0475421407	0.0523296507	-0.0492579697	0.0387884217	-0.0224933884	0.0028201586	0.01727662	0.0958914196	0.0956302244	-0.0296357699	-0.0074863947	-0.0271203186	-0.0455569565	0.0536389672	0	0	0	0	0	0	0	0	0	0	0	0	0	0	0	0	0	0	0	0	0	0	0	0	0	0	0	0	0	0	0	0	0	0	0	0	0	0	0	0	0	0	0	0	0	0	0	0	0	0	0	0	0	0	0	0	0	0	0	0	0	0	0	0	0	0	-0.383629887699864	0.757457063161656	0.448081059024295	0.592443852028073
0.0796539	0.323152	1.02798	-0.0160916	-0.0122665	0.000113612	0.0275958	0.007886	0.0196000000000001	7.23999999999968e-05	0	-9.0441e-05	0.0632238499999999	-0.0485304007	0.0375521182	-0.0210564335	0.0014670001	0.0183379745	-0.0354486142	0.0473509122	-0.0522961052	0.0495576132	-0.0395377932	0.0237088227	-0.0043963972	-0.0155619757	0.0332338815	-0.0460228486	0.0520498384	-0.0504293264	0.0413994086	-0.0262868196	0.0073119995	0.0127371473	0.1028374692	0.1031513133	-0.0171895353	-0.0254092992	-0.0193941227	-0.0585968982	0.0277879462	0	0	0	0	0	0	0	0	0	0	0	0	0	0	0	0	0	0	0	0	0	0	0	0	0	0	0	0	0	0	0	0	0	0	0	0	0	0	0	0	0	0	0	0	0	0	0	0	0	0	0	0	0	0	0	0	0	0	0	0	0	0	0	0	0	0	0.574993099288686	0.03386075566813	0.448081059024295	0.592443852028073
0.00743123	0.680313	0.451689	0.0103595	-0.00924739	0.00126104	-0.07222267	0.357161	-0.576291	0.0264511	0.00301911	0.001147428	2.53655657	-0.0486148674	0.0378654364	-0.021674694	0.0023692706	0.01727662	-0.0344398384	0.0466540082	-0.0521639377	0.050177843	-0.0409811285	0.0258953737	-0.0070884207	-0.0127371473	0.030732371	-0.044311314	0.0515226647	-0.0513301431	0.0437614146	-0.0299041152	0.0117495564	0.0080934286	0.0500709314	-0.1230273922	0.0229035671	0.0340084788	-0.026557073	0.0163396939	0.0530217235	0	0	0	0	0	0	0	0	0	0	0	0	0	0	0	0	0	0	0	0	0	0	0	0	0	0	0	0	0	0	0	0	0	0	0	0	0	0	0	0	0	0	0	0	0	0	0	0	0	0	0	0	0	0	0	0	0	1	0	0	0	0	0	0	0	0	0.776412009528581	-0.086577392731948	0.448081059024295	0.592443852028073
-0.0196932	0.888138	0.47989	0.0335925	-0.00812703	0.00126104	-0.02712443	0.207825	0.028201	0.023233	0.00112036	0	1.48081843	-0.0486984311	0.0381759417	-0.0222893319	0.0032708371	0.0162072446	-0.0334080384	0.0459146523	-0.0519697758	0.0507226006	-0.0423483678	0.028023745	-0.0097614921	-0.009872353	0.0281190288	-0.0424146861	0.050750635	-0.0519555872	0.0458602343	-0.0333210373	0.016099885	0.0033834701	-0.0811674682	-0.16106811	-0.0326997348	0.0270265425	0.0463811128	0.0354134364	-0.007673958	0	0	0	0	0	0	0	0	0	0	0	0	0	0	0	0	0	0	0	0	0	0	0	0	0	0	0	0	0	0	0	0	0	0	0	0	0	0	0	0	0	0	0	0	0	0	0	0	0	0	0	0	0	0	0	0	0	0	1	0	0	0	0	0	0	0	-0.611617291630335	0.447239271146325	0.448081059024295	0.592443852028073
0.0173264	0.804122	0.7613	0.0259778	-0.00950531	0.000882815	0.0370196	-0.0840159999999999	0.28141	-0.0076147	-0.00137828	-0.000378225	0.87100585	-0.0487810905	0.0384836111	-0.0229002443	0.0041714317	0.0151303447	-0.032353904	0.0451335173	-0.0517138504	0.0511910666	-0.0436369724	0.0300891549	-0.0124084642	-0.0069765817	0.0254033645	-0.0403408874	0.0497374181	-0.0523023033	0.0476832451	-0.0365146908	0.0203306886	-0.0013541801	-0.079126	-0.1207735221	-0.0243653976	0.0116006152	0.0514293435	-0.0384768107	-0.076512884	0	0	0	0	0	0	0	0	0	0	0	0	0	0	0	0	0	0	0	0	0	0	0	0	0	0	0	0	0	0	0	0	0	0	0	0	0	0	0	0	0	0	0	0	0	0	0	0	0	0	0	0	0	0	0	0	0	0	0	0	0	0	0	0	0	0	0.28203953107903	0.524160517496077	0.448081059024295	0.592443852028073
0.0375099	1.00518	1.55269	0.0255006	-0.00862873	0.000639727	0.0201835	0.201058	0.79139	-0.000477200000000004	0.000876580000000002	-0.000243088	1.0924749	-0.048862844	0.0387884217	-0.0235073292	0.0050707869	0.0140464202	-0.03127814	0.044311314	-0.0513964655	0.0515825363	-0.0448445497	0.0320869629	-0.0150222601	-0.0040589197	0.0225952602	-0.0380985803	0.0484878293	-0.0523684314	0.0492194833	-0.0394636764	0.024410558	-0.0060807472	-0.1342215487	-0.0045480888	-0.0003425724	0.0048149269	-0.0087938747	-0.0080052097	-0.0632492902	0	0	0	0	0	0	0	0	0	0	0	0	0	0	0	0	0	0	0	0	0	0	0	0	0	0	0	0	0	0	0	0	0	0	0	0	0	0	0	0	0	0	0	0	0	0	0	0	0	0	0	0	0	0	0	0	0	0	0	1	0	0	0	0	0	0	0.629745836347135	0.469639351778197	0.448081059024295	0.592443852028073
0.112804	0.981574	1.67651	0.0201267	-0.0122799	0.00217261	0.0752941	-0.023606	0.12382	-0.0053739	-0.00365117	0.001532883	0.75061775	-0.04894369	0.039090351	-0.024110485	0.0059686353	0.0129559745	-0.0301814655	0.0434487905	-0.0510179984	0.051896421	-0.0459688572	0.0340126806	-0.0175958911	-0.0011285219	0.0197049341	-0.0356971313	0.0470078072	-0.0521536168	0.0504597097	-0.0421482344	0.0283092043	-0.010757547	-0.1317701988	0.0708214928	0.0108782809	-0.1197510764	0.204381402	0.0147080405	-0.1199769365	0	0	0	0	0	0	0	0	0	0	0	0	0	0	0	0	0	0	0	0	0	0	0	0	0	0	0	0	0	0	0	0	0	0	0	0	0	0	0	0	0	0	0	0	0	0	0	0	0	0	0	0	0	0	0	0	0	0	0	0	0	0	0	0	0	0	-1.10570452883002	0.407040459773429	0.448081059024295	0.592443852028073
0.131753	0.343381	0.811522	0.0148108	-0.012808	0.000554452	0.018949	-0.638193	-0.864988	-0.0053159	-0.000528100000000005	-0.001618158	1.8952379	-0.049023627	0.0393893764	-0.024709611	0.0068647103	0.0118595137	-0.0290646136	0.0425467316	-0.0505788988	0.0521322486	-0.0470078072	0.0358619813	-0.0201224762	0.001805417	0.016742904	-0.0331465714	0.0453043854	-0.0516590118	0.0513964655	-0.0445503769	0.0319976841	-0.0153463027	-0.0005164279	-0.0616085221	0.2787842801	0.0394338791	-0.0537162338	-0.0309975522	-0.1368647056	0	0	0	0	0	0	0	0	0	0	0	0	0	0	0	0	0	0	0	0	0	0	0	0	0	0	0	0	0	0	0	0	0	0	0	0	0	0	0	0	0	0	0	0	0	0	0	0	0	0	0	0	0	0	0	0	0	0	0	0	1	0	0	0	0	0	-1.18969819843199	-0.060094813494917	-2.22840312389761	0.592443852028073
-0.00913301	0.608396	0.436958	0.0168605	-0.00855453	-0.00189827	-0.14088601	0.265015	-0.374564	0.0020497	0.00425347000000001	-0.002452722	1.21825961	-0.0491026536	0.0396854757	-0.025304607	0.0077587455	0.010757547	-0.0279283311	0.0416059582	-0.0500796887	0.0522896643	-0.0479594708	0.0376307102	-0.0225952602	0.0047336909	0.0137199483	-0.0304575546	0.0433856593	-0.0508872699	0.0520241169	-0.0466540082	0.0354486142	-0.0198094581	0.0413243853	-0.09430078	0.0766996886	-0.0296451754	-0.053523046	0.0469166963	0.0880343362	0	0	0	0	0	0	0	0	0	0	0	0	0	0	0	0	0	0	0	0	0	0	0	0	0	0	0	0	0	0	0	0	0	0	0	0	0	0	0	0	0	0	0	0	0	0	0	0	0	0	0	0	0	0	0	0	0	0	0	0	0	1	0	0	0	0	-0.556525599060677	-0.016947697553506	0.448081059024295	0.592443852028073
-0.00938395	0.799325	0.685287	0.0183933	-0.0110658	-0.00146557	-0.00025094	0.190929	0.248329	0.0015328	-0.00251127	0.0004327	0.66334744	-0.0491807684	0.0399786271	-0.0258953737	0.0086504753	0.0096505858	-0.0267733776	0.0406273263	-0.0495209612	0.0523684314	-0.0488220806	0.0393148935	-0.0250076315	0.0076471118	0.0106470671	-0.0276413132	0.0412607473	-0.0498425313	0.0523388891	-0.0484450328	0.0386363752	-0.024110485	-0.0064515618	-0.0753514572	-0.0709263315	0.0296315429	0.0775819387	0.0365837809	0.0473674601	0	0	0	0	0	0	0	0	0	0	0	0	0	0	0	0	0	0	0	0	0	0	0	0	0	0	0	0	0	0	0	0	0	0	0	0	0	0	0	0	0	0	0	0	0	0	0	0	0	0	0	0	0	0	0	0	0	0	0	0	0	0	0	0	0	0	-0.443017486366054	0.883837620898701	0.448081059024295	0.592443852028073
-0.00102172	0.868993	0.919159	0.0216405	-0.0112606	-0.000898661	0.00836223	0.0696680000000001	0.233872	0.0032472	-0.000194800000000002	0.000566909	0.51234768	-0.0492579697	0.0402688086	-0.0264818121	0.0095396348	0.0085391442	-0.0256005252	0.0396117264	-0.0489033805	0.0523684314	-0.049594035	0.0409107473	-0.0273531403	0.0105365379	0.0075354425	-0.024709611	0.0389397479	-0.0485304007	0.0523388891	-0.04991145	0.0415373011	-0.028214182	-0.0510999019	-0.0617013175	0.0416000683	0.0139277781	-0.0226181069	0.0582932198	-0.0211709858	0	0	0	0	0	0	0	0	0	0	0	0	0	0	0	0	0	0	0	0	0	0	0	0	0	0	0	0	0	0	0	0	0	0	0	0	0	0	0	0	0	0	0	0	0	0	0	0	0	0	0	0	0	0	0	0	0	0	0	0	0	0	0	0	0	0	-0.822856341913116	0.135083813038991	0.448081059024295	0.592443852028073
-0.0151183	0.919831	1.04748	0.0220133	-0.0113953	-0.000790342	-0.01409658	0.0508379999999999	0.128321	0.0003728	-0.000134699999999998	0.000108319	0.22404653	-0.0493342563	0.0405559987	-0.0270638244	0.0104259597	0.0074237382	-0.024410558	0.0385600826	-0.0482276804	0.0522896643	-0.0502739006	0.0424146861	-0.0296255153	0.013392903	0.0043963972	-0.021674694	0.0364336915	-0.0469579174	0.0520241169	-0.051043434	0.0441298556	-0.0320869629	-0.0619349885	-0.0462555355	-0.0155805746	0.0088613522	0.0166034205	0.027596912	-0.0395483777	0	0	0	0	0	0	0	0	0	0	0	0	0	0	0	0	0	0	0	0	0	0	0	0	0	0	0	0	0	0	0	0	0	0	0	0	0	0	0	0	0	0	0	0	0	0	0	0	0	0	0	0	0	0	0	0	0	0	0	0	0	0	0	0	0	0	-0.016560517326924	-0.15687351129502	0.448081059024295	0.592443852028073
-0.00886028	0.903033	1.12591	0.0230367	-0.0111844	-0.000957838	0.00625802	-0.016798	0.07843	0.0010234	0.0002109	-0.000167496	0.17157582	-0.0494096266	0.0408401761	-0.0276413132	0.0113091867	0.0063048856	-0.0232042715	0.0374733519	-0.0474946641	0.0521322486	-0.050860415	0.043823331	-0.0318186811	0.0162072446	0.0012413539	-0.0185492395	0.0337544877	-0.0451335173	0.0513964655	-0.0518333998	0.0463947917	-0.0356971313	-0.0686186469	-0.0341294981	0.0147337933	0.0097032644	0.0078428024	-0.0003216661	-0.0695132172	0	0	0	0	0	0	0	0	0	0	0	0	0	0	0	0	0	0	0	0	0	0	0	0	0	0	0	0	0	0	0	0	0	0	0	0	0	0	0	0	0	0	0	0	0	0	0	0	0	0	0	0	0	0	0	0	0	0	0	0	0	0	0	0	0	0	0.486757855256819	-0.299021469629006	0.448081059024295	0.592443852028073
-0.0130448	0.867743	1.12249	0.0223471	-0.0111845	-0.00109379	-0.00418452	-0.0352899999999999	-0.00341999999999998	-0.000689600000000002	-1.00000000001141e-07	-0.000135952	0.0841771199999998	-0.0494840794	0.0411213197	-0.028214182	0.0121890533	0.0051831058	-0.0219824722	0.036352523	-0.0467052026	0.051896421	-0.051352489	0.0451335173	-0.0339267737	0.018970732	-0.0019182066	-0.0153463027	0.0309148693	-0.0430669878	0.0504597097	-0.0522760543	0.0483152946	-0.03901514	-0.0629262676	-0.0294833659	-0.0290730261	0.0108874302	0.0171516979	0.0149429213	-0.0501160986	0	0	0	0	0	0	0	0	0	0	0	0	0	0	0	0	0	0	0	0	0	0	0	0	0	0	0	0	0	0	0	0	0	0	0	0	0	0	0	0	0	0	0	0	0	0	0	0	0	0	0	0	0	0	0	0	0	0	0	0	0	0	0	0	0	0	-0.068554378790035	-0.081120094416323	0.448081059024295	0.592443852028073
-0.0307761	0.875446	1.21295	0.0226146	-0.0111877	-0.000879225	-0.0177313	0.0077029999999999	0.09046	0.0002675	-3.20000000000181e-06	0.000214565	0.14015755	-0.0495576132	0.0413994086	-0.0287823352	0.0130652981	0.0040589197	-0.0207459769	0.0351986159	-0.0458602343	0.0515825363	-0.0517492091	0.0463423012	-0.0359441567	0.021674694	-0.0050707869	-0.0120792627	0.0279283311	-0.0407694154	0.0492194833	-0.0523684314	0.0498771065	-0.0420138333	-0.070261952	-0.0087842071	-0.0006161649	0.0207303932	0.0064069779	0.0119931339	-0.0717640872	0	0	0	0	0	0	0	0	0	0	0	0	0	0	0	0	0	0	0	0	0	0	0	0	0	0	0	0	0	0	0	0	0	0	0	0	0	0	0	0	0	0	0	0	0	0	0	0	0	0	0	0	0	0	0	0	0	0	0	0	0	0	0	0	0	0	-0.864892999356131	-0.107232631459875	-2.22840312389761	-1.68540061352814
-0.0278159	0.804006	1.16233	0.0224698	-0.0110915	-0.000829062	0.0029602	-0.0714399999999999	-0.0506200000000001	-0.0001448	9.62000000000012e-05	5.01629999999998e-05	0.13957835	-0.0496302266	0.0416744222	-0.0293456776	0.0139376608	0.0029328492	-0.0194956122	0.0340126806	-0.0449607632	0.0511910666	-0.0520498384	0.047446967	-0.0378654364	0.0243106464	-0.0082049152	-0.0087617663	0.0248090665	-0.0382531258	0.0476832451	-0.0521099123	0.0510686325	-0.0446686685	-0.0597056008	-0.0152508979	-0.0186966446	0.0154509894	0.0087524777	0.0267647394	-0.0467851564	0	0	0	0	0	0	0	0	0	0	0	0	0	0	0	0	0	0	0	0	0	0	0	0	0	0	0	0	0	0	0	0	0	0	0	0	0	0	0	0	0	0	0	0	0	0	0	0	0	0	0	0	0	0	0	0	0	0	0	0	0	0	0	0	0	0	0.141869079087813	-0.075899496110542	0.448081059024295	0.592443852028073
-0.0385855	0.823798	1.23827	0.022167	-0.011028	-0.000627844	-0.0107696	0.0197919999999999	0.0759400000000001	-0.000302799999999999	6.35000000000011e-05	0.000201218	0.1348775	-0.0497019183	0.0419463399	-0.0299041152	0.0148058821	0.001805417	-0.0182322141	0.0327957961	-0.0440078585	0.0507226006	-0.0522538189	0.0484450328	-0.0396854757	0.0268703181	-0.0113091867	-0.005407671	0.0215718994	-0.0355316183	0.0458602343	-0.051502229	0.051881027	-0.0469579174	-0.0637477416	0.0013608108	-0.0144341318	0.0102000826	0.0099239675	-0.0026886709	-0.0555645852	0	0	0	0	0	0	0	0	0	0	0	0	0	0	0	0	0	0	0	0	0	0	0	0	0	0	0	0	0	0	0	0	0	0	0	0	0	0	0	0	0	0	0	0	0	0	0	0	0	0	0	0	0	0	0	0	0	0	0	0	0	0	0	0	0	0	0.729092523612588	0.169891135336231	0.448081059024295	0.592443852028073
-0.0343938	0.800755	1.20127	0.0228468	-0.0107858	-0.000943469	0.0041917	-0.0230429999999999	-0.0369999999999999	0.000679800000000001	0.000242199999999998	-0.000315625	0.12611595	-0.049772687	0.0422151417	-0.0304575546	0.015669704	0.0006771467	-0.0169566271	0.0315490697	-0.0430026525	0.050177843	-0.0523607718	0.0493342563	-0.0413994086	0.0293456776	-0.0143723053	-0.0020309873	0.0182322141	-0.0326194932	0.0437614146	-0.0505494535	0.0523082586	-0.048862844	-0.0588080007	-0.0026491184	-0.0197680096	0.0085708668	-0.0032653827	0.0100236757	-0.0585118618	0	0	0	0	0	0	0	0	0	0	0	0	0	0	0	0	0	0	0	0	0	0	0	0	0	0	0	0	0	0	0	0	0	0	0	0	0	0	0	0	0	0	0	0	0	0	0	0	0	0	0	0	0	0	0	0	0	0	0	0	0	0	0	0	0	0	0.914699375346412	0.554376006963272	0.448081059024295	0.592443852028073
-0.0309355	0.846876	1.26563	0.0222876	-0.0108482	-0.000876748	0.0034583	0.0461209999999999	0.06436	-0.000559200000000003	-6.23999999999989e-05	6.67209999999999e-05	0.14835535	-0.0498425313	0.0424808075	-0.0310059033	0.01652887	-0.0004514381	-0.015669704	0.0302736359	-0.0419463399	0.0495576132	-0.0523704984	0.0501126395	-0.0430026525	0.0317289578	-0.0173831246	0.0013541801	0.0148058821	-0.0295323731	0.0413994086	-0.0492579697	0.0523471556	-0.0503678575	-0.0617087779	0.018023448	-0.0086294058	0.0157120183	-0.0012328302	0.0024855907	-0.0625003362	0	0	0	0	0	0	0	0	0	0	0	0	0	0	0	0	0	0	0	0	0	0	0	0	0	0	0	0	0	0	0	0	0	0	0	0	0	0	0	0	0	0	0	0	0	0	0	0	0	0	0	0	0	0	0	0	0	0	0	0	0	0	0	0	0	0	0.869589891711611	0.349660434882894	0.448081059024295	0.592443852028073
-0.0304666	0.819364	1.2447	0.0227521	-0.0105355	-0.00084663	0.000468900000000001	-0.0275119999999999	-0.0209300000000001	0.0004645	0.000312700000000001	3.0118e-05	0.0892768000000001	-0.04991145	0.0427433176	-0.0315490697	0.0173831246	-0.0015798132	-0.0143723053	0.0289706552	-0.0408401761	0.048862844	-0.0522829807	0.0507784337	-0.0444909208	0.0340126806	-0.0203306886	0.0047336909	0.0113091867	-0.0262868196	0.0387884217	-0.0476364314	0.0519974292	-0.0514606403	-0.0581527179	0.0155362085	-0.0098557706	-0.0005262174	-0.0142876903	0.0079940062	-0.0573120349	0	0	0	0	0	0	0	0	0	0	0	0	0	0	0	0	0	0	0	0	0	0	0	0	0	0	0	0	0	0	0	0	0	0	0	0	0	0	0	0	0	0	0	0	0	0	0	0	0	0	0	0	0	0	0	0	0	0	0	0	0	0	0	0	0	0	0.723114496768714	0.296796594543961	0.448081059024295	0.592443852028073
-0.017099	0.868746	1.25076	0.0214952	-0.0107001	-0.000487162	0.0133676	0.0493819999999999	0.00606000000000018	-0.0012569	-0.000164600000000001	0.000359468	0.157858	-0.0499794418	0.0430026525	-0.0320869629	0.0182322141	-0.0027074549	-0.0130652981	0.0276413132	-0.0396854757	0.0480945804	-0.0520983812	0.0513301431	-0.0458602343	0.0361896802	-0.0232042715	0.0080934286	0.0077587455	-0.0229002443	0.0359441567	-0.0456957037	0.0512616758	-0.0521322486	-0.0547945824	0.0198353151	-0.0004676307	0.0139813712	-0.0149215192	0.0183312526	-0.0429639793	0	0	0	0	0	0	0	0	0	0	0	0	0	0	0	0	0	0	0	0	0	0	0	0	0	0	0	0	0	0	0	0	0	0	0	0	0	0	0	0	0	0	0	0	0	0	0	0	0	0	0	0	0	0	0	0	0	0	0	0	0	0	0	0	0	0	-0.552771157414656	0.151062784412054	0.448081059024295	0.592443852028073
0.0160613	0.812791	1.22555	0.0207542	-0.010668	-0.000701525	0.0331603	-0.055955	-0.0252100000000002	-0.000740999999999999	3.21000000000002e-05	-0.000214363	0.16369845	-0.0500465054	0.0432587929	-0.0326194932	0.0190758861	-0.0038338396	-0.0117495564	0.0262868196	-0.0384836111	0.0472539781	-0.0518170426	0.051766528	-0.0471069319	0.0382531258	-0.0259934166	0.0114193591	0.0041714317	-0.0193908153	0.0328837193	-0.0434487905	0.0501453577	-0.0523771858	-0.0488564764	0.0232132989	0.0024946543	0.0102758845	-0.0398637868	0.0247908882	0.0029017036	0	0	0	0	0	0	0	0	0	0	0	0	0	0	0	0	0	0	0	0	0	0	0	0	0	0	0	0	0	0	0	0	0	0	0	0	0	0	0	0	0	0	0	0	0	0	0	0	0	0	0	0	0	0	0	0	0	0	0	0	0	0	0	0	0	0	-0.560913498547319	0.082359538786872	0.448081059024295	0.592443852028073
-0.0195124	0.888087	1.16627	0.020049	-0.0113644	-0.00113041	-0.0355737	0.0752959999999999	-0.0592799999999998	-0.0007052	-0.000696399999999998	-0.000428885	0.26167395	-0.0501126395	0.0435117199	-0.0331465714	0.0199138901	-0.0049584444	-0.0104259597	0.0249084068	-0.0372360105	0.0463423012	-0.0514394875	0.0520866082	-0.0482276804	0.0401965428	-0.0286879745	0.0146975897	0.0005642937	-0.0157773596	0.0296255153	-0.0409107473	0.0486567622	-0.0521934471	-0.0385791933	0.0178423103	-0.0178816934	0.0026549637	-0.0055055782	0.0273665114	-4.14461e-05	0	0	0	0	0	0	0	0	0	0	0	0	0	0	0	0	0	0	0	0	0	0	0	0	0	0	0	0	0	0	0	0	0	0	0	0	0	0	0	0	0	0	0	0	0	0	0	0	0	0	0	0	0	0	0	0	0	0	0	0	0	0	0	0	0	0	-0.872157390148284	-0.042236939200414	0.448081059024295	0.592443852028073
0.0373313	0.66527	0.650745	0.0221909	-0.0122331	-0.00143068	0.0568437	-0.222817	-0.515525	0.0021419	-0.000868700000000002	-0.00030027	0.9607292	-0.050177843	0.0437614146	-0.0336681095	0.0207459769	-0.0060807472	-0.0090953929	0.0235073292	-0.0359441567	0.0453609212	-0.0509664168	0.0522896643	-0.0492194833	0.0420138333	-0.03127814	0.0179144269	-0.0030455261	-0.0120792627	0.02618914	-0.0380985803	0.0468069407	-0.0515825363	0.029818182	-0.0249628894	0.0450616384	-0.0054884388	-0.0288648293	-0.0361818839	-0.0023114611	0	0	0	0	0	0	0	0	0	0	0	0	0	0	0	0	0	0	0	0	0	0	0	0	0	0	0	0	0	0	0	0	0	0	0	0	0	0	0	0	0	0	0	0	0	0	0	0	0	0	0	0	0	0	0	0	0	0	0	0	0	0	1	0	0	0	-1.27017636224011	0.698233413618976	0.448081059024295	0.592443852028073
-0.134098	0.525856	0.44971	0.00777797	-0.0134526	-0.00909439	-0.1714293	-0.139414	-0.201035	-0.01441293	-0.0012195	-0.00766371	1.6766853	-0.0502421146	0.0440078585	-0.0341840202	0.0215718994	-0.0072002268	-0.0077587455	0.0220848615	-0.034609585	0.044311314	-0.0503987089	0.0523752403	-0.0500796887	0.043699295	-0.0337544877	0.0210564335	-0.0066408724	-0.0083163637	0.0225952602	-0.0350311327	0.0446096262	-0.0505494535	0.167163832	0.014170068	-0.0008018586	-0.0503170276	-0.0617849114	-0.027461114	0.1038102682	0	0	0	0	0	0	0	0	0	0	0	0	0	0	0	0	0	0	0	0	0	0	0	0	0	0	0	0	0	0	0	0	0	0	0	0	0	0	0	0	0	0	0	0	0	0	0	0	0	0	0	0	0	0	0	0	0	0	0	0	0	0	0	1	0	0	-0.500318255108951	-0.303832072056774	-2.22840312389761	0.592443852028073
-0.115532	0.724017	0.600205	0.0128989	-0.0129275	-0.00525453	0.018566	0.198161	0.150495	0.00512093	0.000525100000000001	0.00383986	0.8415165	-0.0503054532	0.0442510332	-0.0346942175	0.0223914121	-0.0083163637	-0.0064169112	0.0206422981	-0.0332338815	0.0431950583	-0.0497374181	0.0523431439	-0.0508059967	0.0452476394	-0.0361080066	0.024110485	-0.0102046586	-0.0045088495	0.0188654898	-0.0317289578	0.0420811315	-0.0491026536	0.0942647518	0.0006671921	-0.0177803791	-0.0145858503	0.0353521553	-0.0136975853	0.0547475172	0	0	0	0	0	0	0	0	0	0	0	0	0	0	0	0	0	0	0	0	0	0	0	0	0	0	0	0	0	0	0	0	0	0	0	0	0	0	0	0	0	0	0	0	0	0	0	0	0	0	0	0	0	0	0	0	0	0	0	0	0	0	0	0	0	0	-0.4411640356472	0.69874509004419	-2.22840312389761	-1.68540061352814
-0.0979741	0.700414	0.669603	0.015876	-0.0128335	-0.00478129	0.0175579	-0.023603	0.069398	0.0029771	9.39999999999986e-05	0.000473240000000001	0.2877759	-0.0503678575	0.0444909208	-0.0351986159	0.0232042715	-0.0094286395	-0.0050707869	0.0191809517	-0.0318186811	0.0420138333	-0.0489837722	0.0521934471	-0.0513964655	0.0466540082	-0.0383301323	0.0270638244	-0.0137199483	-0.0006771467	0.0150222601	-0.028214182	0.0392402281	-0.0472539781	0.0637591709	0.0016259685	-0.0092291546	-0.0013355291	-0.0210235808	0.0098252169	0.0559894536	0	0	0	0	0	0	0	0	0	0	0	0	0	0	0	0	0	0	0	0	0	0	0	0	0	0	0	0	0	0	0	0	0	0	0	0	0	0	0	0	0	0	0	0	0	0	0	0	0	0	0	0	0	0	0	0	0	0	0	0	0	0	0	0	0	0	0.395887525392817	0.720444659590719	0.448081059024295	-1.68540061352814
-0.121684	0.772437	0.733785	0.0155426	-0.0132512	-0.00525453	-0.0237099	0.0720230000000001	0.0641820000000001	-0.000333399999999996	-0.000417699999999998	-0.000473240000000001	0.2211319	-0.0504293264	0.0447275033	-0.0356971313	0.0240102362	-0.0105365379	-0.0037212726	0.017702152	-0.0303656657	0.0407694154	-0.0481391707	0.0519264863	-0.0518495163	0.0479139886	-0.0404127789	0.0299041152	-0.0171700353	0.003158189	0.0110886847	-0.0245103563	0.0361080066	-0.045018557	0.0524998241	0.0096632499	-0.0124917394	0.0123895437	-0.0006421078	0.0238090295	0.0674724632	0	0	0	0	0	0	0	0	0	0	0	0	0	0	0	0	0	0	0	0	0	0	0	0	0	0	0	0	0	0	0	0	0	0	0	0	0	0	0	0	0	0	0	0	0	0	0	0	0	0	0	0	0	0	0	0	0	0	0	0	0	0	0	0	0	0	1.00081599308189	0.748720709842389	0.448081059024295	-1.68540061352814
-0.125737	0.703802	0.771287	0.0165182	-0.0132512	-0.00525453	-0.004053	-0.068635	0.0375019999999999	0.000975599999999998	0	0	0.15897	-0.0504898588	0.0449607632	-0.0361896802	0.0248090665	-0.0116395445	-0.0023692706	0.0162072446	-0.0288765622	0.0394636764	-0.0472051818	0.0515428613	-0.0521639377	0.049023627	-0.0423483678	0.0326194932	-0.0205385235	0.0069765817	0.0070884207	-0.0206422981	0.0327077205	-0.0424146861	0.0393440408	0.010535038	0.0071469224	0.0011260672	0.0007917695	0.007070844	0.01562983	0	0	0	0	0	0	0	0	0	0	0	0	0	0	0	0	0	0	0	0	0	0	0	0	0	0	0	0	0	0	0	0	0	0	0	0	0	0	0	0	0	0	0	0	0	0	0	0	0	0	0	0	0	0	0	0	0	0	0	0	0	0	0	0	0	0	0.982732809169657	0.226345835348983	0.448081059024295	-1.68540061352814
-0.117774	0.753373	0.824634	0.0160631	-0.0132512	-0.00471042	0.00796299999999998	0.0495709999999998	0.0533469999999999	-0.0004551	0	0.00054411	0.1608415	-0.0505494535	0.0451906832	-0.0366761804	0.0256005252	-0.0127371473	-0.0010156846	0.0146975897	-0.0273531403	0.0380985803	-0.0461835398	0.051043434	-0.0523388891	0.0499794418	-0.0441298556	0.0351986159	-0.0238094045	0.010757547	0.0030455261	-0.0166359256	0.0290646136	-0.0394636764	0.0314304305	0.0157297079	-0.0174860142	0.0048509318	0.0133927524	-0.0053244477	0.0001294709	0	0	0	0	0	0	0	0	0	0	0	0	0	0	0	0	0	0	0	0	0	0	0	0	0	0	0	0	0	0	0	0	0	0	0	0	0	0	0	0	0	0	0	0	0	0	0	0	0	0	0	0	0	0	0	0	0	0	0	0	0	0	0	0	0	0	0.592176723674816	-0.5064656856257	0.448081059024295	-1.68540061352814
-0.110833	0.683153	0.822151	0.0161795	-0.012976	-0.00455871	0.00694100000000002	-0.0702199999999998	-0.00248300000000001	0.000116399999999999	0.0002752	0.00015171	0.1068095	-0.0506081094	0.0454172463	-0.0371565505	0.0263843771	-0.0138288366	0.0003385804	0.0131745611	-0.0257972105	0.0366761804	-0.0450761418	0.0504293264	-0.0523739028	0.0507784337	-0.0457507597	0.0376307102	-0.0269671338	0.0144808008	-0.0010156846	-0.0125180835	0.0252057321	-0.0361896802	0.0311011035	0.0138994335	-0.0054886135	0.0007639526	-0.008823216	0.010150638	0.0370796785	0	0	0	0	0	0	0	0	0	0	0	0	0	0	0	0	0	0	0	0	0	0	0	0	0	0	0	0	0	0	0	0	0	0	0	0	0	0	0	0	0	0	0	0	0	0	0	0	0	0	0	0	0	0	0	0	0	0	0	0	0	0	0	0	0	0	0.571523281487233	-0.513899377207588	0.448081059024295	-1.68540061352814
-0.110832	0.728926	0.826184	0.0146424	-0.0131342	-0.00431933	9.99999999987122e-07	0.0457729999999998	0.00403300000000018	-0.0015371	-0.000158200000000002	0.00023938	0.146541	-0.0506658255	0.0456404355	-0.0376307102	0.0271603893	-0.0149141057	0.0016926191	0.0116395445	-0.0242106219	0.0351986159	-0.043885044	0.0497019183	-0.0522688852	0.0514180959	-0.0472051818	0.0399056168	-0.0299967047	0.018126369	-0.0050707869	-0.0083163637	0.0211597241	-0.0326194932	0.0380816969	0.0230210005	-0.0150529537	0.0065815532	-0.0054276794	0.0197233978	0.0845055946	0	0	0	0	0	0	0	0	0	0	0	0	0	0	0	0	0	0	0	0	0	0	0	0	0	0	0	0	0	0	0	0	0	0	0	0	0	0	0	0	0	0	0	0	0	0	0	0	0	0	0	0	0	0	0	0	0	0	0	0	0	0	0	0	0	0	0.933824430707038	-0.891677437560218	0.448081059024295	0.592443852028073
-0.118434	0.705065	0.826153	0.0154472	-0.0129727	-0.00447439	-0.007602	-0.0238609999999999	-3.10000000000032e-05	0.000804800000000001	0.000161500000000002	-0.00015506	0.0875619999999999	-0.0507226006	0.0458602343	-0.0380985803	0.0279283311	-0.0159924506	0.0030455261	0.0100939368	-0.0225952602	0.0336681095	-0.0426124582	0.048862844	-0.0520241169	0.051896421	-0.0484878293	0.0420138333	-0.0328837193	0.021674694	-0.0090953929	-0.0040589197	0.0169566271	-0.0287823352	0.030076697	0.0204561705	-0.0019133594	-0.0022599185	0.0027322871	0.0059709774	0.0286375828	0	0	0	0	0	0	0	0	0	0	0	0	0	0	0	0	0	0	0	0	0	0	0	0	0	0	0	0	0	0	0	0	0	0	0	0	0	0	0	0	0	0	0	0	0	0	0	0	0	0	0	0	0	0	0	0	0	0	0	0	0	0	0	0	0	0	0.644690749105494	-1.1382542830594	0.448081059024295	-1.68540061352814
-0.11902	0.778015	0.892928	0.015863	-0.0130812	-0.00442775	-0.000586000000000003	0.0729500000000001	0.066775	0.000415799999999994	-0.000108500000000001	4.66399999999997e-05	0.168858	-0.0507784337	0.0460766263	-0.0385600826	0.0286879745	-0.0170633708	0.0043963972	0.0085391442	-0.0209530451	0.0320869629	-0.0412607473	0.0479139886	-0.0516402525	0.0522119084	-0.049594035	0.0439465533	-0.0356144575	0.0251067401	-0.0130652981	0.0002257211	0.0126276447	-0.024709611	0.0136129317	0.025121097	-0.010716458	0.0089685113	0.0140222957	0.0102598556	0.0181614266	0	0	0	0	0	0	0	0	0	0	0	0	0	0	0	0	0	0	0	0	0	0	0	0	0	0	0	0	0	0	0	0	0	0	0	0	0	0	0	0	0	0	0	0	0	0	0	0	0	0	0	0	0	0	0	0	0	0	0	0	0	0	0	0	0	0	1.10982322111947	-0.975032104696218	0.448081059024295	-1.68540061352814
-0.123778	0.755422	0.930091	0.0164364	-0.0129523	-0.00434584	-0.00475800000000005	-0.022593	0.0371629999999999	0.000573400000000005	0.000128899999999996	8.19100000000001e-05	0.1037245	-0.0508333239	0.0462895956	-0.03901514	0.0294390937	-0.018126369	0.0057443291	0.0069765817	-0.0192859283	0.0304575546	-0.0398324213	0.0468574839	-0.0511183183	0.0523635681	-0.0505197734	0.0456957037	-0.0381759417	0.0284040951	-0.0169566271	0.0045088495	0.0082049152	-0.0204346535	0.0008756562	0.0252989173	0.0058591888	0.0036360764	-0.0001977238	0.0138417129	-0.0096529925	0	0	0	0	0	0	0	0	0	0	0	0	0	0	0	0	0	0	0	0	0	0	0	0	0	0	0	0	0	0	0	0	0	0	0	0	0	0	0	0	0	0	0	0	0	0	0	0	0	0	0	0	0	0	0	0	0	0	0	0	0	0	0	0	0	0	0.867145892820676	-1.21210715412716	0.448081059024295	-1.68540061352814
-0.126175	0.781452	0.952886	0.015541	-0.0129025	-0.00419596	-0.00239699999999998	0.02603	0.022795	-0.000895400000000001	4.98000000000044e-05	0.00014988	0.105976	-0.0508872699	0.0464991262	-0.0394636764	0.0301814655	-0.0191809517	0.0070884207	0.005407671	-0.0175958911	0.0287823352	-0.0383301323	0.0456957037	-0.0504597097	0.0523509242	-0.0512616758	0.0472539781	-0.0405559987	0.0315490697	-0.0207459769	0.0087617663	0.0037212726	-0.0159924506	0.0002520239	0.0292096752	0.0016077968	0.0061968707	0.0079037221	0.0142940411	0.0009527457	0	0	0	0	0	0	0	0	0	0	0	0	0	0	0	0	0	0	0	0	0	0	0	0	0	0	0	0	0	0	0	0	0	0	0	0	0	0	0	0	0	0	0	0	0	0	0	0	0	0	0	0	0	0	0	0	0	0	0	0	0	0	0	0	0	0	1.12438781221134	-0.840091764694853	0.448081059024295	0.592443852028073
-0.126244	0.760779	0.965839	0.0159935	-0.0126916	-0.00444543	-6.8999999999958e-05	-0.020673	0.0129529999999999	0.000452500000000001	0.000210900000000002	-0.00024947	0.0793385000000001	-0.050940271	0.0467052026	-0.0399056168	0.0309148693	-0.0202266294	0.0084277735	0.0038338396	-0.015884942	0.0270638244	-0.0367566699	0.044431258	-0.0496661877	0.0521740164	-0.0518170426	0.0486148674	-0.0427433176	0.0345247919	-0.024410558	0.0129559745	-0.0007899965	-0.0114193591	-0.0084264183	0.029026889	0.0056846726	0.0046994109	-6.98461e-05	-0.0056786954	-0.0318630829	0	0	0	0	0	0	0	0	0	0	0	0	0	0	0	0	0	0	0	0	0	0	0	0	0	0	0	0	0	0	0	0	0	0	0	0	0	0	0	0	0	0	0	0	0	0	0	0	0	0	0	0	0	0	0	0	0	0	0	0	0	0	0	0	0	0	0.537925628424852	-0.590111461006966	0.448081059024295	0.592443852028073
-0.12345	0.764835	0.913329	0.0149809	-0.0128625	-0.00417917	0.00279399999999999	0.00405600000000006	-0.0525099999999998	-0.0010126	-0.000170900000000002	0.00026626	0.131848	-0.050992326	0.0469078096	-0.0403408874	0.0316390872	-0.0212629165	0.0097614921	0.0022565198	-0.0141551145	0.025304607	-0.0351149558	0.0430669878	-0.048739874	0.0518333998	-0.0521838529	0.049772687	-0.0447275033	0.0373152977	-0.0279283311	0.0170633708	-0.0052954007	-0.006752807	0.0041033591	0.0253754041	-0.0102451584	0.0012186148	0.012237013	-0.0008881591	-0.005006131	0	0	0	0	0	0	0	0	0	0	0	0	0	0	0	0	0	0	0	0	0	0	0	0	0	0	0	0	0	0	0	0	0	0	0	0	0	0	0	0	0	0	0	0	0	0	0	0	0	0	0	0	0	0	0	0	0	0	0	0	0	0	0	0	0	0	0.219295408484441	-0.628089713714596	0.448081059024295	-1.68540061352814
-0.126795	0.767054	0.958074	0.0152227	-0.0128813	-0.00439378	-0.00334499999999999	0.00221899999999997	0.0447449999999999	0.0002418	-1.87999999999976e-05	-0.00021461	0.0740695	-0.051043434	0.0471069319	-0.0407694154	0.032353904	-0.0222893319	0.0110886847	0.0006771467	-0.0124084642	0.0235073292	-0.0334080384	0.0416059582	-0.0476832451	0.0513301431	-0.0523607718	0.0507226006	-0.0464991262	0.0399056168	-0.03127814	0.0210564335	-0.0097614921	-0.0020309873	-0.0083674658	0.0290996921	0.0001845492	-0.00464425	0.0171303708	-0.0070398897	-0.0287231955	0	0	0	0	0	0	0	0	0	0	0	0	0	0	0	0	0	0	0	0	0	0	0	0	0	0	0	0	0	0	0	0	0	0	0	0	0	0	0	0	0	0	0	0	0	0	0	0	0	0	0	0	0	0	0	0	0	0	0	0	0	0	0	0	0	0	0.273673071821469	-1.00966757328572	0.448081059024295	-1.68540061352814
-0.124553	0.758125	0.925472	0.0149095	-0.0129066	-0.00429942	0.00224199999999999	-0.00892899999999997	-0.032602	-0.000313200000000001	-2.53000000000024e-05	9.43599999999999e-05	0.0654160000000001	-0.051093594	0.047302555	-0.0411911291	0.0330591074	-0.0233053991	0.0124084642	-0.0009028426	-0.0106470671	0.021674694	-0.0316390872	0.0400514517	-0.0464991262	0.0506658255	-0.0523471556	0.0514606403	-0.0480497669	0.0422818529	-0.0344398384	0.0249084068	-0.0141551145	0.0027074549	-0.0040577266	0.0252148961	-0.0024647586	0.0069399763	-0.0010875228	0.0099147647	-0.0016175952	0	0	0	0	0	0	0	0	0	0	0	0	0	0	0	0	0	0	0	0	0	0	0	0	0	0	0	0	0	0	0	0	0	0	0	0	0	0	0	0	0	0	0	0	0	0	0	0	0	0	0	0	0	0	0	0	0	0	0	0	0	0	0	0	0	0	-0.039778352439477	-0.95048642179993	-2.22840312389761	0.592443852028073
-0.120458	0.761038	0.966704	0.0154559	-0.013119	-0.00418542	0.004095	0.00291299999999994	0.0412320000000002	0.000546400000000001	-0.0002124	0.000114	0.09188	-0.0511428052	0.0474946641	-0.0416059582	0.0337544877	-0.0243106464	0.0137199483	-0.0024820104	-0.0088730165	0.0198094581	-0.0298113868	0.0384069609	-0.0451906832	0.0498425313	-0.0521430537	0.0519837232	-0.0493720561	0.044431258	-0.0373944116	0.0285934806	-0.0184436498	0.0074237382	-0.0178151182	0.0280225962	-0.0067962918	0.0099651762	-0.0156146998	0.0176376988	0.0309590674	0	0	0	0	0	0	0	0	0	0	0	0	0	0	0	0	0	0	0	0	0	0	0	0	0	0	0	0	0	0	0	0	0	0	0	0	0	0	0	0	0	0	0	0	0	0	0	0	0	0	0	0	0	0	0	0	0	0	0	0	0	0	0	0	0	0	0.129700946678571	-0.142138252790028	-2.22840312389761	-1.68540061352814
-0.11402	0.718673	0.93933	0.0155209	-0.0131805	-0.00417759	0.00643799999999999	-0.042365	-0.0273739999999999	6.50000000000008e-05	-6.15000000000008e-05	7.82999999999947e-06	0.0828935	-0.0511910666	0.0476832451	-0.0420138333	0.0344398384	-0.025304607	0.0150222601	-0.0040589197	-0.0070884207	0.0179144269	-0.0279283311	0.0366761804	-0.0437614146	0.048862844	-0.0517492091	0.0522896643	-0.0504597097	0.0463423012	-0.0401240904	0.0320869629	-0.0225952602	0.0120792627	-0.0184630868	0.0250459814	-0.0110822659	0.0029549034	0.0014474214	0.0040335374	-0.0022744177	0	0	0	0	0	0	0	0	0	0	0	0	0	0	0	0	0	0	0	0	0	0	0	0	0	0	0	0	0	0	0	0	0	0	0	0	0	0	0	0	0	0	0	0	0	0	0	0	0	0	0	0	0	0	0	0	0	0	0	0	0	0	0	0	0	0	-0.223265651768961	1.36545878920568	-2.22840312389761	-1.68540061352814
-0.0846561	0.778427	0.986978	0.015457	-0.0127838	-0.00377345	0.0293639	0.0597540000000001	0.0476479999999998	-6.39000000000021e-05	0.000396700000000002	0.00040414	0.1800029	-0.0512383773	0.0478682839	-0.0424146861	0.0351149558	-0.0262868196	0.016314529	-0.0056321357	-0.0052954007	0.0159924506	-0.0259934166	0.0348629988	-0.0422151417	0.0477298374	-0.0511670547	0.0523771858	-0.0513075588	0.0480047303	-0.0426124582	0.0353654455	-0.0265791242	0.0166359256	-0.0303417433	0.0266620627	-0.0025461807	0.0053523303	0.0087350514	0.0045706604	-0.0230507908	0	0	0	0	0	0	0	0	0	0	0	0	0	0	0	0	0	0	0	0	0	0	0	0	0	0	0	0	0	0	0	0	0	0	0	0	0	0	0	0	0	0	0	0	0	0	0	0	0	0	0	0	0	0	0	0	0	0	0	0	0	0	0	0	0	0	-0.095076875785556	0.948106924053826	0.448081059024295	-1.68540061352814
-0.0880955	0.733057	0.967257	0.0157127	-0.0127949	-0.00417656	-0.00343940000000001	-0.0453700000000002	-0.0197210000000001	0.000255700000000001	-1.11e-05	-0.00040311	0.1020259	-0.0512847364	0.0480497669	-0.0428084497	0.0357796393	-0.027256828	0.0175958911	-0.0072002268	-0.0034960873	0.0140464202	-0.0240102362	0.0329714899	-0.0405559987	0.0464470668	-0.0503987089	0.0522459219	-0.0519115742	0.0494096266	-0.0448445497	0.0384069609	-0.0303656657	0.0210564335	-0.033558599	0.02294899	-0.0042058857	0.0075884333	-0.0023506984	0.0026412734	-0.0394306813	0	0	0	0	0	0	0	0	0	0	0	0	0	0	0	0	0	0	0	0	0	0	0	0	0	0	0	0	0	0	0	0	0	0	0	0	0	0	0	0	0	0	0	0	0	0	0	0	0	0	0	0	0	0	0	0	0	0	0	0	0	0	0	0	0	0	0.457597185402649	0.092003584588341	0.448081059024295	0.592443852028073
-0.0976857	0.780287	1.03398	0.0140906	-0.0134645	-0.00431563	-0.00959019999999999	0.0472300000000001	0.066723	-0.0016221	-0.000669600000000001	-0.00013907	0.2450817	-0.0513301431	0.0482276804	-0.0431950583	0.0364336915	-0.028214182	0.0188654898	-0.0087617663	-0.0016926191	0.0120792627	-0.0219824722	0.0310059033	-0.0387884217	0.045018557	-0.0494469678	0.051896421	-0.0522688852	0.0505494535	-0.0468069407	0.0411911291	-0.0339267737	0.025304607	-0.0382859706	0.0411493249	-0.0046193692	0.0045341327	0.0124183676	-0.001947157	-0.0525554958	0	0	0	0	0	0	0	0	0	0	0	0	0	0	0	0	0	0	0	0	0	0	0	0	0	0	0	0	0	0	0	0	0	0	0	0	0	0	0	0	0	0	0	0	0	0	0	0	0	0	0	0	0	0	0	0	0	0	0	0	0	0	0	0	0	0	0.544317316821568	0.341894643554821	0.448081059024295	0.592443852028073
-0.0829142	0.675351	0.939055	0.0126507	-0.0125686	-0.00411849	0.0147715	-0.104936	-0.0949249999999999	-0.0014399	0.0008959	0.00019714	0.3412795	-0.0513745965	0.0484020114	-0.0435744473	0.0370769179	-0.0291584371	0.0201224762	-0.0103153331	0.0001128608	0.0100939368	-0.0199138901	0.0289706552	-0.0369171367	0.0434487905	-0.0483152946	0.0513301431	-0.0523777937	0.0514180959	-0.0484878293	0.043699295	-0.0372360105	0.0293456776	-0.0174403144	0.0290145552	0.0044336779	0.0088054411	-0.0075533538	0.0164434862	-0.0111773143	0	0	0	0	0	0	0	0	0	0	0	0	0	0	0	0	0	0	0	0	0	0	0	0	0	0	0	0	0	0	0	0	0	0	0	0	0	0	0	0	0	0	0	0	0	0	0	0	0	0	0	0	0	0	0	0	0	0	0	0	0	0	0	0	0	0	0.831660214342486	0.363935891308733	0.448081059024295	0.592443852028073
-0.0998142	0.715287	0.813953	0.0140166	-0.0109924	-0.00321949	-0.0169	0.039936	-0.125102	0.0013659	0.0015762	0.000899	0.373993	-0.0514180959	0.0485727468	-0.0439465533	0.0377091275	-0.0300891549	0.0213660101	-0.0118595137	0.0019182066	0.0080934286	-0.0178083308	0.0268703181	-0.0349471469	0.0417426926	-0.0470078072	0.0505494535	-0.0522377823	0.0520108938	-0.0498771065	0.0459146523	-0.0402688086	0.0331465714	-0.0133801758	0.0037669271	0.0004580105	0.001484919	-0.0045686702	-0.0042085118	0.0269964136	0	0	0	0	0	0	0	0	0	0	0	0	0	0	0	0	0	0	0	0	0	0	0	0	0	0	0	0	0	0	0	0	0	0	0	0	0	0	0	0	0	0	0	0	0	0	0	0	0	0	0	0	0	0	0	0	0	0	0	0	0	0	0	0	0	0	1.04509321436859	0.191551086654029	0.448081059024295	0.592443852028073
-0.159057	0.784793	0.383828	0.0187441	-0.00703134	-0.00280913	-0.0592428	0.0695059999999998	-0.430125	0.0047275	0.00396106	0.00041036	1.0138198	-0.0514606403	0.048739874	-0.044311314	0.0383301323	-0.0310059033	0.0225952602	-0.013392903	0.0037212726	0.0060807472	-0.015669704	0.024709611	-0.0328837193	0.0399056168	-0.0455292636	0.0495576132	-0.0518495163	0.052324667	-0.0509664168	0.0478223571	-0.0430026525	0.0366761804	0.0247099788	-0.0488822835	-0.0003906272	-0.0126594789	0.0244641628	-0.0193374222	0.0224486789	0	0	0	0	0	0	0	0	0	0	0	0	0	0	0	0	0	0	0	0	0	0	0	0	0	0	0	0	0	0	0	0	0	0	0	0	0	0	0	0	0	0	0	0	0	0	0	0	0	0	0	0	0	0	0	0	0	0	0	0	0	0	0	0	1	0	1.28250963208265	0.252323932489693	0.448081059024295	0.592443852028073
-0.174434	0.658336	0.343832	0.0234019	-0.00713324	-0.00315713	-0.015377	-0.126457	-0.039996	0.0046578	-0.0001019	-0.000348	0.437215	-0.051502229	0.0489033805	-0.0446686685	0.0389397479	-0.0319082567	0.0238094045	-0.0149141057	0.0055199161	0.0040589197	-0.0135019809	0.0224933884	-0.030732371	0.0379433273	-0.043885044	0.0483587652	-0.0512148408	0.0523577323	-0.0517492091	0.0494096266	-0.0454172463	0.0399056168	-0.0116451881	-0.0629620499	-0.0035048235	-0.0132861758	0.0244669535	-0.0077423046	0.0275430034	0	0	0	0	0	0	0	0	0	0	0	0	0	0	0	0	0	0	0	0	0	0	0	0	0	0	0	0	0	0	0	0	0	0	0	0	0	0	0	0	0	0	0	0	0	0	0	0	0	0	0	0	0	0	0	0	0	0	0	0	0	0	0	0	0	0	0.962493954642871	0.344112265484251	0.448081059024295	0.592443852028073
-0.176274	0.75161	0.490503	0.0230303	-0.00807526	-0.00328336	-0.00184000000000004	0.0932740000000001	0.146671	-0.0003716	-0.000942020000000001	-0.00012623	0.3137775	-0.0515428613	0.0490632542	-0.045018557	0.0395377932	-0.0327957961	0.0250076315	-0.0164217376	0.0073119995	0.0020309873	-0.0113091867	0.0202266294	-0.028498854	0.0358619813	-0.0420811315	0.0469579174	-0.0503367722	0.0521099123	-0.0522207755	0.0506658255	-0.0474946641	0.0428084497	-0.0356464047	-0.0548363528	0.0055728912	-0.0002885005	-0.0019995868	0.0106772628	-0.0092795949	0	0	0	0	0	0	0	0	0	0	0	0	0	0	0	0	0	0	0	0	0	0	0	0	0	0	0	0	0	0	0	0	0	0	0	0	0	0	0	0	0	0	0	0	0	0	0	0	0	0	0	0	0	0	0	0	0	0	0	0	0	0	0	0	0	0	0.731449159653183	0.455995025491985	0.448081059024295	0.592443852028073
-0.154432	0.712878	0.589798	0.019741	-0.00881574	-0.00336591	0.021842	-0.038732	0.099295	-0.0032893	-0.00074048	-8.25500000000002e-05	0.3654855	-0.0515825363	0.0492194833	-0.0453609212	0.0401240904	-0.0336681095	0.02618914	-0.0179144269	0.0090953929	0	-0.0090953929	0.0179144269	-0.02618914	0.0336681095	-0.0401240904	0.0453609212	-0.0492194833	0.0515825363	-0.0523782801	0.0515825363	-0.0492194833	0.0453609212	-0.0359433127	-0.0402916733	0.0116385077	-0.0046582686	0.0186484566	0.0126879818	-0.0297878724	0	0	0	0	0	0	0	0	0	0	0	0	0	0	0	0	0	0	0	0	0	0	0	0	0	0	0	0	0	0	0	0	0	0	0	0	0	0	0	0	0	0	0	0	0	0	0	0	0	0	0	0	0	0	0	0	0	0	0	0	0	0	0	0	0	0	0.538530376918895	1.0240872168796	0.448081059024295	0.592443852028073
-0.111679	0.736937	0.70355	0.0151945	-0.0106439	-0.00276374	0.042753	0.0240589999999999	0.113752	-0.0045465	-0.00182816	0.00060217	0.5294055	-0.0516212534	0.0493720561	-0.0456957037	0.0406984653	-0.0345247919	0.0273531403	-0.0193908153	0.0108679768	-0.0020309873	-0.0068647103	0.0155619757	-0.0238094045	0.0313685957	-0.0380210421	0.0435744473	-0.0478682839	0.0507784337	-0.0522207755	0.0521536168	-0.0505788988	0.0475421407	-0.0217366145	-0.0132850156	0.0025877041	0.0034084507	-0.0022144699	-0.001605731	-0.0425303641	0	0	0	0	0	0	0	0	0	0	0	0	0	0	0	0	0	0	0	0	0	0	0	0	0	0	0	0	0	0	0	0	0	0	0	0	0	0	0	0	0	0	0	0	0	0	0	0	0	0	0	0	0	0	0	0	0	0	0	0	0	0	0	0	0	0	0.782203888673676	1.277083036102	0.448081059024295	0.592443852028073
-0.108607	0.711944	0.651988	0.0152379	-0.0101006	-0.00307383	0.00307200000000001	-0.024993	-0.051562	4.3399999999999e-05	0.0005433	-0.00031009	0.1244665	-0.0516590118	0.0495209612	-0.0460228486	0.0412607473	-0.0353654455	0.028498854	-0.0208495594	0.0126276447	-0.0040589197	-0.004621281	0.0131745611	-0.0213660101	0.0289706552	-0.0357796393	0.0416059582	-0.0462895956	0.0497019183	-0.0517492091	0.0523752403	-0.0515628185	0.0493342563	-0.019295305	-0.0207950838	0.0121009702	0.0073894765	-0.0037383604	0.0450878387	0.0424375186	0	0	0	0	0	0	0	0	0	0	0	0	0	0	0	0	0	0	0	0	0	0	0	0	0	0	0	0	0	0	0	0	0	0	0	0	0	0	0	0	0	0	0	0	0	0	0	0	0	0	0	0	0	0	0	0	0	0	0	0	0	0	0	0	0	0	0.689068298753885	1.26871955538454	0.448081059024295	0.592443852028073
-0.135105	0.735544	0.675647	0.0157834	-0.0105112	-0.00382493	-0.026498	0.0236	0.023659	0.000545500000000001	-0.000410600000000001	-0.0007511	0.159117	-0.0516958108	0.0496661877	-0.0463423012	0.0418107693	-0.0361896802	0.0296255153	-0.0222893319	0.0143723053	-0.0060807472	-0.0023692706	0.010757547	-0.0188654898	0.0264818121	-0.0334080384	0.0394636764	-0.0444909208	0.0483587652	-0.0509664168	0.0522459219	-0.0521639377	0.0507226006	-0.0318917991	-0.0215432897	-0.0039934985	0.0142365035	-0.0054364985	0.0088209052	0.0087053709	0	0	0	0	0	0	0	0	0	0	0	0	0	0	0	0	0	0	0	0	0	0	0	0	0	0	0	0	0	0	0	0	0	0	0	0	0	0	0	0	0	0	0	0	0	0	0	0	0	0	0	0	0	0	0	0	0	0	0	0	0	0	0	0	0	0	1.43166518344479	1.28751896276282	0.448081059024295	0.592443852028073
-0.0977682	0.620438	0.718719	0.0135909	-0.00896893	-0.00286859	0.0373368	-0.115106	0.043072	-0.0021925	0.00154227	0.00095634	0.4300703	-0.0517316498	0.0498077248	-0.0466540082	0.0423483678	-0.0369971132	0.030732371	-0.0237088227	0.016099885	-0.0080934286	-0.0001128608	0.0083163637	-0.016314529	0.0239098759	-0.0309148693	0.0371565505	-0.0424808075	0.0467561802	-0.0498771065	0.051766528	-0.0523777937	0.0516958108	-0.0284409255	-0.0164316999	-0.0243794706	-0.0172808767	0.0306123763	0.0060295704	-0.0488781562	0	0	0	0	0	0	0	0	0	0	0	0	0	0	0	0	0	0	0	0	0	0	0	0	0	0	0	0	0	0	0	0	0	0	0	0	0	0	0	0	0	0	0	0	0	0	0	0	0	0	0	0	0	0	0	0	0	0	0	0	0	0	0	0	0	0	0.548754300029779	1.01308174167748	0.448081059024295	0.592443852028073
-0.0965588	0.709445	0.941709	0.01397	-0.0101554	-0.0040201	0.00120940000000003	0.0890069999999999	0.22299	0.000379099999999999	-0.00118647	-0.00115151	0.4490604	-0.051766528	0.0499455618	-0.0469579174	0.0428733831	-0.0377873696	0.0318186811	-0.0251067401	0.0178083308	-0.0100939368	0.0021437585	0.0058564958	-0.0137199483	0.0212629165	-0.0283092043	0.0346942175	-0.0402688086	0.0449027607	-0.0484878293	0.050940271	-0.0522027989	0.0522459219	-0.0762708739	0.003220964	0.0087407831	0.010451028	0.0278445787	-0.0136239653	-0.0664024899	0	0	0	0	0	0	0	0	0	0	0	0	0	0	0	0	0	0	0	0	0	0	0	0	0	0	0	0	0	0	0	0	0	0	0	0	0	0	0	0	0	0	0	0	0	0	0	0	0	0	0	0	0	0	0	0	0	0	0	0	0	0	0	0	0	0	-0.040539613177768	1.11002238975131	0.448081059024295	0.592443852028073
-0.0870608	0.626632	0.870877	0.0102829	-0.00995895	-0.00273057	0.00949800000000001	-0.082813	-0.070832	-0.0036871	0.000196450000000001	0.00128953	0.421797	-0.0518004449	0.0500796887	-0.0472539781	0.0433856593	-0.0385600826	0.0328837193	-0.0264818121	0.0194956122	-0.0120792627	0.0043963972	0.0033834701	-0.0110886847	0.0185492395	-0.0256005252	0.0320869629	-0.0378654364	0.0428084497	-0.0468069407	0.049772687	-0.0516402525	0.0523684314	-0.0358685413	0.0123259166	0.0192136765	0.0078534295	0.0351693695	0.0072079162	-0.0014415677	0	0	0	0	0	0	0	0	0	0	0	0	0	0	0	0	0	0	0	0	0	0	0	0	0	0	0	0	0	0	0	0	0	0	0	0	0	0	0	0	0	0	0	0	0	0	0	0	0	0	0	0	0	0	0	0	0	0	0	0	0	0	0	0	0	0	-1.26432706440186	1.19399754678823	0.448081059024295	0.592443852028073
-0.0699193	0.418177	0.350391	0.00786246	-0.00795895	-0.00227126	0.0171415	-0.208455	-0.520486	-0.00242044	0.002	0.00045931	0.99007	-0.0518333998	0.0502100954	-0.0475421407	0.043885044	-0.0393148935	0.0339267737	-0.0278327876	0.0211597241	-0.0140464202	0.0066408724	0.0009028426	-0.0084277735	0.0157773596	-0.0227986886	0.0293456776	-0.0352821126	0.0404844828	-0.0448445497	0.0482715996	-0.0506943307	0.0520623368	0.0652807768	-0.0184715757	0.118194634	0.0002519281	-0.1082080837	-0.0830184463	-0.0888321403	0	0	0	0	0	0	0	0	0	0	0	0	0	0	0	0	0	0	0	0	0	0	0	0	0	0	0	0	0	0	0	0	0	0	0	0	0	0	0	0	0	0	0	0	0	0	0	0	0	0	0	0	0	0	0	0	0	0	0	0	0	0	0	0	0	1	1.1539389909195	1.26638081593982	0.448081059024295	0.592443852028073
-0.0786069	0.378707	0.271152	-2.92955e-05	-0.00717453	-0.0030656	-0.00868759999999999	-0.03947	-0.079239	-0.0078917555	0.000784419999999997	-0.00079434	0.600922375	-0.051865392	0.0503367722	-0.0478223571	0.044371389	-0.0400514517	0.0349471469	-0.0291584371	0.0227986886	-0.0159924506	0.0088730165	-0.0015798132	-0.0057443291	0.0129559745	-0.0199138901	0.0264818121	-0.0325311144	0.0379433273	-0.0426124582	0.0464470668	-0.0493720561	0.0513301431	0.0909654119	-0.009333185	-0.0116664855	-0.0338944024	-0.1094283704	-0.0500803451	0.0175565105	0	0	0	0	0	0	0	0	0	0	0	0	0	0	0	0	0	0	0	0	0	0	0	0	0	0	0	0	0	0	0	0	0	0	0	0	0	0	0	0	0	0	0	0	0	0	0	0	0	0	0	0	0	0	0	0	0	0	0	0	0	0	0	0	0	0	-0.143331730735215	0.707021758094806	0.448081059024295	0.592443852028073
-0.0384913	0.544087	0.378252	0.0041429	-0.00705529	-0.00277747	0.0401156	0.16538	0.1071	0.0041721955	0.00011924	0.00028813	0.541573875	-0.051896421	0.0504597097	-0.0480945804	0.0448445497	-0.0407694154	0.0359441567	-0.0304575546	0.024410558	-0.0179144269	0.0110886847	-0.0040589197	-0.0030455261	0.0100939368	-0.0169566271	0.0235073292	-0.0296255153	0.0351986159	-0.0401240904	0.044311314	-0.0476832451	0.050177843	0.0645044996	-0.020334077	-0.0166717611	-0.0016667224	0.0669698339	-0.0635625487	0.0515150903	0	0	0	0	0	0	0	0	0	0	0	0	0	0	0	0	0	0	0	0	0	0	0	0	0	0	0	0	0	0	0	0	0	0	0	0	0	0	0	0	0	0	0	0	0	0	0	0	0	0	0	0	0	0	0	0	0	0	0	0	0	0	0	0	0	0	0.825575376381237	1.03851235697885	0.448081059024295	0.592443852028073
-0.0183908	0.531263	0.431102	0.00526025	-0.00785057	-0.00219825	0.0201005	-0.0128239999999999	0.0528500000000001	0.00111735	-0.000795279999999998	0.00057922	0.210367	-0.0519264863	0.0505788988	-0.0483587652	0.0453043854	-0.0414684511	0.0369171367	-0.0317289578	0.0259934166	-0.0198094581	0.0132837629	-0.0065289069	-0.0003385804	0.0072002268	-0.0139376608	0.0204346535	-0.0265791242	0.0322650733	-0.0373944116	0.0418786518	-0.0456404355	0.0486148674	0.0525623906	-0.0132124121	0.0094346067	-0.015147244	-0.035152397	-0.0100343722	0.0576078598	0	0	0	0	0	0	0	0	0	0	0	0	0	0	0	0	0	0	0	0	0	0	0	0	0	0	0	0	0	0	0	0	0	0	0	0	0	0	0	0	0	0	0	0	0	0	0	0	0	0	0	0	0	0	0	0	0	0	0	0	0	0	0	0	0	0	0	0	-2.22840312389761	0.592443852028073
-0.0176153	0.607162	0.480951	0.00427709	-0.00769371	-0.00193803	0.000775499999999998	0.0758989999999999	0.049849	-0.00098316	0.000156859999999997	0.00026022	0.1965355	-0.0519555872	0.0506943307	-0.0486148674	0.0457507597	-0.0421482344	0.0378654364	-0.0329714899	0.0275453833	-0.021674694	0.015454175	-0.0089842256	0.0023692706	0.0042839244	-0.0108679768	0.01727662	-0.0234064185	0.0291584371	-0.0344398384	0.0391653804	-0.0432587929	0.0466540082	0.0463771693	-0.0084338591	-0.0103675068	-4.57149e-05	0.021631666	-0.0098417817	0.0531184758	0	0	0	0	0	0	0	0	0	0	0	0	0	0	0	0	0	0	0	0	0	0	0	0	0	0	0	0	0	0	0	0	0	0	0	0	0	0	0	0	0	0	0	0	0	0	0	0	0	0	0	0	0	0	0	0	0	0	0	0	0	0	0	0	0	0	0	0	0	0
-0.0208851	0.501912	0.478283	0.00530406	-0.00787914	-0.00210568	-0.0032698	-0.10525	-0.002668	0.00102697	-0.000185429999999998	-0.00016765	0.1801903	-0.0519837232	0.0508059967	-0.048862844	0.0461835398	-0.0428084497	0.0387884217	-0.0341840202	0.0290646136	-0.0235073292	0.0175958911	-0.0114193591	0.0050707869	0.0013541801	-0.0077587455	0.0140464202	-0.0201224762	0.0258953737	-0.03127814	0.0361896802	-0.0405559987	0.044311314	0.0421113969	-0.0155671282	-0.0094935306	-0.0157286325	-0.0105205758	-0.0419719992	-0.0170359553	0	0	0	0	0	0	0	0	0	0	0	0	0	0	0	0	0	0	0	0	0	0	0	0	0	0	0	0	0	0	0	0	0	0	0	0	0	0	0	0	0	0	0	0	0	0	0	0	0	0	0	0	0	0	0	0	0	0	0	0	0	0	0	0	0	0	0	0	0	0
-0.0199763	0.557623	0.560146	0.00619027	-0.00867581	-0.00221199	0.000908800000000001	0.055711	0.081863	0.00088621	-0.000796670000000003	-0.00010631	0.2279423	-0.0520108938	0.0509138886	-0.0491026536	0.0466025972	-0.0434487905	0.0396854757	-0.0353654455	0.030549302	-0.025304607	0.0197049341	-0.0138288366	0.0077587455	-0.0015798132	-0.004621281	0.010757547	-0.016742904	0.0224933884	-0.0279283311	0.0329714899	-0.0375521182	0.0416059582	0.0254648617	-0.0059915078	-0.0239381547	0.0023764645	0.0012120475	-0.0142732756	0.0220368693	0	0	0	0	0	0	0	0	0	0	0	0	0	0	0	0	0	0	0	0	0	0	0	0	0	0	0	0	0	0	0	0	0	0	0	0	0	0	0	0	0	0	0	0	0	0	0	0	0	0	0	0	0	0	0	0	0	0	0	0	0	0	0	0	0	0	0	0	0	0
-0.0232896	0.517958	0.522387	0.00510277	-0.0083604	-0.00219615	-0.0033133	-0.039665	-0.0377590000000001	-0.0010875	0.00031541	1.584e-05	0.1516748	-0.0520370985	0.0510179984	-0.0493342563	0.0470078072	-0.0440689593	0.0405559987	-0.0365146908	0.0319976841	-0.0270638244	0.021777388	-0.0162072446	0.0104259597	-0.0045088495	-0.0014670001	0.0074237382	-0.0132837629	0.018970732	-0.024410558	0.0295323731	-0.0342694522	0.0385600826	0.0315560134	-0.0074544992	-0.004447082	-0.0122276825	-0.0268672131	0.0054563786	0.078570647	0	0	0	0	0	0	0	0	0	0	0	0	0	0	0	0	0	0	0	0	0	0	0	0	0	0	0	0	0	0	0	0	0	0	0	0	0	0	0	0	0	0	0	0	0	0	0	0	0	0	0	0	0	0	0	0	0	0	0	0	0	0	0	0	0	0	0	0	0	0
-0.0203226	0.527148	0.571621	0.00475315	-0.00810061	-0.00155159	0.002967	0.00918999999999992	0.0492340000000001	-0.00034962	0.000259790000000003	0.00064456	0.1240895	-0.0520623368	0.0511183183	-0.0495576132	0.0473990497	-0.0446686685	0.0413994086	-0.0376307102	0.0334080384	-0.0287823352	0.0238094045	-0.0185492395	0.0130652981	-0.0074237382	0.0016926191	0.0040589197	-0.0097614921	0.0153463027	-0.0207459769	0.0258953737	-0.030732371	0.0351986159	0.0230936388	-0.00489482	-0.0158109277	-0.0094865964	0.0118074088	-0.018150738	0.0397538381	0	0	0	0	0	0	0	0	0	0	0	0	0	0	0	0	0	0	0	0	0	0	0	0	0	0	0	0	0	0	0	0	0	0	0	0	0	0	0	0	0	0	0	0	0	0	0	0	0	0	0	0	0	0	0	0	0	0	0	0	0	0	0	0	0	0	0	0	0	0
-0.0123676	0.551018	0.58408	0.0043658	-0.00846601	-0.00159086	0.007955	0.0238700000000001	0.012459	-0.00038735	-0.0003654	-3.92699999999999e-05	0.0838850000000001	-0.0520866082	0.0512148408	-0.049772687	0.0477762082	-0.0452476394	0.0422151417	-0.0387124883	0.0347786889	-0.0304575546	0.0257972105	-0.0208495594	0.015669704	-0.0103153331	0.0048460789	0.0006771467	-0.0061928308	0.0116395445	-0.0169566271	0.0220848615	-0.0269671338	0.0315490697	0.0238078217	-0.0013151699	-0.0018460106	-0.0135102161	-0.0099316336	-0.0097955293	0.0125680781	0	0	0	0	0	0	0	0	0	0	0	0	0	0	0	0	0	0	0	0	0	0	0	0	0	0	0	0	0	0	0	0	0	0	0	0	0	0	0	0	0	0	0	0	0	0	0	0	0	0	0	0	0	0	0	0	0	0	0	0	0	0	0	0	0	0	0	0	0	0
-0.0224542	0.472454	0.551725	0.00518858	-0.0083604	-0.00158724	-0.0100866	-0.078564	-0.032355	0.00082278	0.000105609999999997	3.61999999999997e-06	0.1676061	-0.0521099123	0.0513075588	-0.0499794418	0.0481391707	-0.0458056033	0.0430026525	-0.0397590408	0.0361080066	-0.0320869629	0.0277371148	-0.0231030362	0.0182322141	-0.0131745611	0.0079819045	-0.0027074549	-0.0025947387	0.0078703433	-0.0130652981	0.018126369	-0.0230016937	0.0276413132	0.0214516906	-0.0149088181	-0.0100161535	-0.0005769615	0.0261578955	-0.0289558854	-0.0163900289	0	0	0	0	0	0	0	0	0	0	0	0	0	0	0	0	0	0	0	0	0	0	0	0	0	0	0	0	0	0	0	0	0	0	0	0	0	0	0	0	0	0	0	0	0	0	0	0	0	0	0	0	0	0	0	0	0	0	0	0	0	0	0	0	0	0	0	0	0	0
-0.0297138	0.4297	0.423001	0.00619658	-0.00764299	-0.00158724	-0.0072596	-0.042754	-0.128724	0.001008	0.000717410000000002	0	0.2650081	-0.0521322486	0.0513964655	-0.050177843	0.0484878293	-0.0463423012	0.0437614146	-0.0407694154	0.0373944116	-0.0336681095	0.0296255153	-0.025304607	0.0207459769	-0.0159924506	0.0110886847	-0.0060807472	0.0010156846	0.0040589197	-0.0090953929	0.0140464202	-0.0188654898	0.0235073292	0.0270582333	-0.0239628503	0.0038858241	-0.0178041179	-0.0081624817	-0.0123798285	0.036192423	0	0	0	0	0	0	0	0	0	0	0	0	0	0	0	0	0	0	0	0	0	0	0	0	0	0	0	0	0	0	0	0	0	0	0	0	0	0	0	0	0	0	0	0	0	0	0	0	0	0	0	0	0	0	0	0	0	0	0	0	0	0	0	0	0	0	0	0	0	0
-0.0299573	0.53913	0.608316	0.00373892	-0.00784203	-0.00193169	-0.000243500000000001	0.10943	0.185315	-0.00245766	-0.000199040000000001	-0.00034445	0.445046	-0.0521536168	0.0514815542	-0.0503678575	0.0488220806	-0.0468574839	0.0444909208	-0.0417426926	0.0386363752	-0.0351986159	0.0314589057	-0.0274493255	0.0232042715	-0.0187601599	0.0141551145	-0.0094286395	0.004621281	0.0002257211	-0.0050707869	0.009872353	-0.0145892291	0.0191809517	0.0119835791	0.0018555504	-0.0042857485	0.0078357911	0.005878679	3.84242e-05	0.0028753159	0	0	0	0	0	0	0	0	0	0	0	0	0	0	0	0	0	0	0	0	0	0	0	0	0	0	0	0	0	0	0	0	0	0	0	0	0	0	0	0	0	0	0	0	0	0	0	0	0	0	0	0	0	0	0	0	0	0	0	0	0	0	0	0	0	0	0	0	0	0
-0.0313557	0.558775	0.608093	0.00437937	-0.00815488	-0.00205144	-0.0013984	0.019645	-0.000222999999999973	0.000640449999999999	-0.000312849999999998	-0.00011975	0.0749189	-0.0521740164	0.0515628185	-0.0505494535	0.0491418251	-0.0473509122	0.0451906832	-0.042677987	0.0398324213	-0.0366761804	0.0332338815	-0.0295323731	0.0256005252	-0.0214690046	0.0171700353	-0.0127371473	0.0082049152	-0.0036086884	-0.0010156846	0.0056321357	-0.0102046586	0.0146975897	0.0098955679	-0.0050966975	0.0093373263	-0.0097328534	0.0077609467	-0.0047801311	-0.0269459966	0	0	0	0	0	0	0	0	0	0	0	0	0	0	0	0	0	0	0	0	0	0	0	0	0	0	0	0	0	0	0	0	0	0	0	0	0	0	0	0	0	0	0	0	0	0	0	0	0	0	0	0	0	0	0	0	0	0	0	0	0	0	0	0	0	0	0	0	0	0
-0.0345849	0.555235	0.632186	0.00518	-0.00858741	-0.00205144	-0.0032292	-0.00353999999999999	0.0240929999999999	0.00080063	-0.000432530000000002	0	0.0925202	-0.0521934471	0.0516402525	-0.0507226006	0.0494469678	-0.0478223571	0.0458602343	-0.0435744473	0.0409811285	-0.0380985803	0.0349471469	-0.0315490697	0.0279283311	-0.024110485	0.0201224762	-0.0159924506	0.0117495564	-0.0074237382	0.0030455261	0.0013541801	-0.0057443291	0.0100939368	0.0007703773	-0.0006157358	0.0067699159	0.0010357409	-0.0048294026	0.0155437236	0.0043392241	0	0	0	0	0	0	0	0	0	0	0	0	0	0	0	0	0	0	0	0	0	0	0	0	0	0	0	0	0	0	0	0	0	0	0	0	0	0	0	0	0	0	0	0	0	0	0	0	0	0	0	0	0	0	0	0	0	0	0	0	0	0	0	0	0	0	0	0	0	0
-0.0473772	0.58162	0.632237	0.0050426	-0.00860797	-0.00205144	-0.0127923	0.026385	5.10000000000232e-05	-0.000137399999999999	-2.05599999999976e-05	0	0.0471262999999999	-0.0522119084	0.0517138504	-0.0508872699	0.0497374181	-0.0482715996	0.0464991262	-0.044431258	0.0420811315	-0.0394636764	0.0365955205	-0.0334948844	0.0301814655	-0.0266763128	0.0230016937	-0.0191809517	0.015238359	-0.0111989617	0.0070884207	-0.0029328492	-0.0012413539	0.005407671	-0.0012170297	0.0006108137	0.0187436549	0.0002446194	-0.0091596191	0.0362247866	0.0433784941	0	0	0	0	0	0	0	0	0	0	0	0	0	0	0	0	0	0	0	0	0	0	0	0	0	0	0	0	0	0	0	0	0	0	0	0	0	0	0	0	0	0	0	0	0	0	0	0	0	0	0	0	0	0	0	0	0	0	0	0	0	0	0	0	0	0	0	0	0	0
-0.0321275	0.577439	0.631894	0.00595901	-0.00867299	-0.00205144	0.0152497	-0.00418099999999999	-0.000342999999999982	0.000916409999999999	-6.50200000000024e-05	0	0.0688452000000001	-0.0522294002	0.0517836067	-0.051043434	0.0500130897	-0.0486984311	0.0471069319	-0.0452476394	0.0431311232	-0.0407694154	0.0381759417	-0.0353654455	0.032353904	-0.0291584371	0.0257972105	-0.0222893319	0.018654743	-0.0149141057	0.0110886847	-0.0072002268	0.0032708371	0.0006771467	-0.0060897155	-0.0012065998	-0.0024355746	0.0018783662	0.0105680293	0.0062935416	-0.0048798477	0	0	0	0	0	0	0	0	0	0	0	0	0	0	0	0	0	0	0	0	0	0	0	0	0	0	0	0	0	0	0	0	0	0	0	0	0	0	0	0	0	0	0	0	0	0	0	0	0	0	0	0	0	0	0	0	0	0	0	0	0	0	0	0	0	0	0	0	0	0
-0.0172035	0.564948	0.630227	0.00494906	-0.00847031	-0.00205144	0.014924	-0.012491	-0.00166699999999986	-0.00100995	0.00020268	0	0.0897135	-0.0522459219	0.0518495163	-0.0511910666	0.0502739006	-0.0491026536	0.0476832451	-0.0460228486	0.0441298556	-0.0420138333	0.0396854757	-0.0371565505	0.0344398384	-0.0315490697	0.028498854	-0.025304607	0.0219824722	-0.0185492395	0.0150222601	-0.0114193591	0.0077587455	-0.0040589197	-0.0004524198	0.0011701751	-0.0047268634	-0.0159041277	0.0067441519	-0.0165350473	-0.0011308059	0	0	0	0	0	0	0	0	0	0	0	0	0	0	0	0	0	0	0	0	0	0	0	0	0	0	0	0	0	0	0	0	0	0	0	0	0	0	0	0	0	0	0	0	0	0	0	0	0	0	0	0	0	0	0	0	0	0	0	0	0	0	0	0	0	0	0	0	0	0
-0.0176498	0.549926	0.639541	0.00522495	-0.0082918	-0.00205144	-0.0004463	-0.015022	0.00931399999999993	0.00027589	0.000178510000000002	0	0.0475023	-0.0522614734	0.0519115742	-0.0513301431	0.0505197734	-0.0494840794	0.0482276804	-0.0467561802	0.0450761418	-0.0431950583	0.0411213197	-0.0388641751	0.0364336915	-0.0338407093	0.0310967934	-0.028214182	0.0252057321	-0.0220848615	0.0188654898	-0.0155619757	0.0121890533	-0.0087617663	-0.0052513547	-0.0023941068	-0.0168379484	-0.0090417225	0.0285413987	-0.0209012303	-0.0371845066	0	0	0	0	0	0	0	0	0	0	0	0	0	0	0	0	0	0	0	0	0	0	0	0	0	0	0	0	0	0	0	0	0	0	0	0	0	0	0	0	0	0	0	0	0	0	0	0	0	0	0	0	0	0	0	0	0	0	0	0	0	0	0	0	0	0	0	0	0	0
-0.0210442	0.550821	0.623448	0.00541636	-0.00832728	-0.00205144	-0.0033944	0.000894999999999979	-0.016093	0.00019141	-3.54799999999992e-05	0	0.0317269	-0.0522760543	0.0519697758	-0.0514606403	0.050750635	-0.0498425313	0.048739874	-0.047446967	0.0459688572	-0.044311314	0.0424808075	-0.0404844828	0.0383301323	-0.0360261653	0.0335815749	-0.0310059033	0.0283092043	-0.0255020041	0.0225952602	-0.0196003187	0.01652887	-0.013392903	-0.0032246155	-0.0041231535	-0.0013617707	-0.0017320083	-0.0066439238	-0.0081443564	-0.0013112592	0	0	0	0	0	0	0	0	0	0	0	0	0	0	0	0	0	0	0	0	0	0	0	0	0	0	0	0	0	0	0	0	0	0	0	0	0	0	0	0	0	0	0	0	0	0	0	0	0	0	0	0	0	0	0	0	0	0	0	0	0	0	0	0	0	0	0	0	0	0
-0.0281911	0.535419	0.63843	0.00579354	-0.00868668	-0.00205144	-0.0071469	-0.015402	0.0149820000000001	0.00037718	-0.000359400000000003	0	0.0743599000000001	-0.0522896643	0.0520241169	-0.0515825363	0.0509664168	-0.050177843	0.0492194833	-0.0480945804	0.0468069407	-0.0453609212	0.0437614146	-0.0420138333	0.0401240904	-0.0380985803	0.0359441567	-0.0336681095	0.03127814	-0.0287823352	0.02618914	-0.0235073292	0.0207459769	-0.0179144269	-0.0083507136	-0.0038101608	-0.0162405168	0.000609601	0.002332535	0.0114102417	0.0319258444	0	0	0	0	0	0	0	0	0	0	0	0	0	0	0	0	0	0	0	0	0	0	0	0	0	0	0	0	0	0	0	0	0	0	0	0	0	0	0	0	0	0	0	0	0	0	0	0	0	0	0	0	0	0	0	0	0	0	0	0	0	0	0	0	0	0	0	0	0	0
-0.0176449	0.574208	0.632581	0.00451924	-0.00825865	-0.00189713	0.0105462	0.038789	-0.00584899999999999	-0.0012743	0.000428030000000003	0.00015431	0.1480162	-0.0523023033	0.0520745933	-0.0516958108	0.0511670547	-0.0504898588	0.0496661877	-0.0486984311	0.0475893965	-0.0463423012	0.0449607632	-0.0434487905	0.0418107693	-0.0400514517	0.0381759417	-0.0361896802	0.0340984296	-0.0319082567	0.0296255153	-0.027256828	0.0248090665	-0.0222893319	-0.0049395023	0.0050346138	-0.0022904169	0.0084627332	-0.0163216105	0.0127906322	0.0264178999	0	0	0	0	0	0	0	0	0	0	0	0	0	0	0	0	0	0	0	0	0	0	0	0	0	0	0	0	0	0	0	0	0	0	0	0	0	0	0	0	0	0	0	0	0	0	0	0	0	0	0	0	0	0	0	0	0	0	0	0	0	0	0	0	0	0	0	0	0	0
-0.0204914	0.517293	0.606033	0.00526361	-0.00832728	-0.00184224	-0.0028465	-0.0569149999999999	-0.026548	0.00074437	-6.86300000000001e-05	5.48899999999999e-05	0.129704	-0.0523139709	0.0521212014	-0.0518004449	0.051352489	-0.0507784337	0.0500796887	-0.0492579697	0.0483152946	-0.0472539781	0.0460766263	-0.0447861304	0.0433856593	-0.0418786518	0.0402688086	-0.0385600826	0.0367566699	-0.0348629988	0.0328837193	-0.0308236917	0.0286879745	-0.0264818121	-0.005554165	-0.004943423	-0.0052497177	-0.0051291928	0.0146470538	-0.0173025679	-0.0037481314	0	0	0	0	0	0	0	0	0	0	0	0	0	0	0	0	0	0	0	0	0	0	0	0	0	0	0	0	0	0	0	0	0	0	0	0	0	0	0	0	0	0	0	0	0	0	0	0	0	0	0	0	0	0	0	0	0	0	0	0	0	0	0	0	0	0	0	0	0	0
-0.022311	0.60934	0.650486	0.00500035	-0.00832728	-0.0018035	-0.0018196	0.092047	0.044453	-0.00026326	0	3.874e-05	0.1534196	-0.052324667	0.0521639377	-0.051896421	0.0515226647	-0.051043434	0.0504597097	-0.049772687	0.0489837722	-0.0480945804	0.0471069319	-0.0460228486	0.0448445497	-0.0435744473	0.0422151417	-0.0407694154	0.0392402281	-0.0376307102	0.0359441567	-0.0341840202	0.032353904	-0.0304575546	-0.0087371741	0.0027129904	-0.0034473083	-0.0011545798	-0.0039931165	-0.0102584781	-0.0368583043	0	0	0	0	0	0	0	0	0	0	0	0	0	0	0	0	0	0	0	0	0	0	0	0	0	0	0	0	0	0	0	0	0	0	0	0	0	0	0	0	0	0	0	0	0	0	0	0	0	0	0	0	0	0	0	0	0	0	0	0	0	0	0	0	0	0	0	0	0	0
-0.0293468	0.530524	0.626905	0.00531759	-0.0085625	-0.00189998	-0.0070358	-0.078816	-0.023581	0.00031724	-0.000235220000000003	-9.64799999999999e-05	0.1418798	-0.0523343914	0.0522027989	-0.0519837232	0.0516775313	-0.0512847364	0.0508059967	-0.0502421146	0.049594035	-0.048862844	0.0480497669	-0.0471561663	0.0461835398	-0.0451335173	0.0440078585	-0.0428084497	0.0415373011	-0.0401965428	0.0387884217	-0.0373152977	0.0357796393	-0.0341840202	-0.0091547872	-0.002808289	-0.0029807155	0.0057409072	0.008887998	-0.0103555055	-0.0399795245	0	0	0	0	0	0	0	0	0	0	0	0	0	0	0	0	0	0	0	0	0	0	0	0	0	0	0	0	0	0	0	0	0	0	0	0	0	0	0	0	0	0	0	0	0	0	0	0	0	0	0	0	0	0	0	0	0	0	0	0	0	0	0	0	0	0	0	0	0	0
-0.0391374	0.588987	0.701233	0.00416497	-0.00858281	-0.00205144	-0.0097906	0.058463	0.0743279999999999	-0.00115262	-2.03099999999973e-05	-0.00015146	0.2088011	-0.0523431439	0.0522377823	-0.0520623368	0.0518170426	-0.051502229	0.0511183183	-0.0506658255	0.0501453577	-0.0495576132	0.0489033805	-0.0481835374	0.0473990497	-0.0465509697	0.0456404355	-0.0446686685	0.0436369724	-0.0425467316	0.0413994086	-0.0401965428	0.0389397479	-0.0376307102	-0.0120320672	0.0120970435	0.008994306	0.0076117463	-0.0049399927	0.0126204262	-0.0271494069	0	0	0	0	0	0	0	0	0	0	0	0	0	0	0	0	0	0	0	0	0	0	0	0	0	0	0	0	0	0	0	0	0	0	0	0	0	0	0	0	0	0	0	0	0	0	0	0	0	0	0	0	0	0	0	0	0	0	0	0	0	0	0	0	0	0	0	0	0	0
-0.0472602	0.547046	0.636075	0.00458961	-0.00878754	-0.00195295	-0.00812279999999999	-0.041941	-0.065158	0.00042464	-0.000204730000000002	9.84899999999999e-05	0.1516148	-0.0523509242	0.0522688852	-0.0521322486	0.0519411573	-0.0516958108	0.0513964655	-0.051043434	0.050637085	-0.050177843	0.0496661877	-0.0491026536	0.0484878293	-0.0478223571	0.0471069319	-0.0463423012	0.0455292636	-0.0446686685	0.0437614146	-0.0428084497	0.0418107693	-0.0407694154	-0.0085950178	0.0032180545	-0.0007535107	0.0087958437	-0.0083541302	0.0371300679	0.0336845664	0	0	0	0	0	0	0	0	0	0	0	0	0	0	0	0	0	0	0	0	0	0	0	0	0	0	0	0	0	0	0	0	0	0	0	0	0	0	0	0	0	0	0	0	0	0	0	0	0	0	0	0	0	0	0	0	0	0	0	0	0	0	0	0	0	0	0	0	0	0
-0.0384664	0.61277	0.719312	0.00453057	-0.00916843	-0.00179598	0.0087938	0.065724	0.083237	-5.90399999999998e-05	-0.000380890000000002	0.00015697	0.1875998	-0.0523577323	0.0522961052	-0.0521934471	0.0520498384	-0.051865392	0.0516402525	-0.0513745965	0.0510686325	-0.0507226006	0.0503367722	-0.04991145	0.0494469678	-0.04894369	0.0484020114	-0.0478223571	0.0472051818	-0.0465509697	0.0458602343	-0.0451335173	0.044371389	-0.0435744473	-0.0187247643	0.0179045489	0.0017945606	0.006657681	-0.0087066288	0.0238814792	0.0023983347	0	0	0	0	0	0	0	0	0	0	0	0	0	0	0	0	0	0	0	0	0	0	0	0	0	0	0	0	0	0	0	0	0	0	0	0	0	0	0	0	0	0	0	0	0	0	0	0	0	0	0	0	0	0	0	0	0	0	0	0	0	0	0	0	0	0	0	0	0	0
-0.0299107	0.555765	0.662966	0.00489442	-0.00929045	-0.00205144	0.0085557	-0.0570050000000001	-0.056346	0.00036385	-0.000122019999999999	-0.00025546	0.1589732	-0.0523635681	0.0523194405	-0.0522459219	0.0521430537	-0.0520108938	0.0518495163	-0.0516590118	0.0514394875	-0.0511910666	0.0509138886	-0.0506081094	0.0502739006	-0.04991145	0.0495209612	-0.0491026536	0.0486567622	-0.0481835374	0.0476832451	-0.0471561663	0.0466025972	-0.0460228486	-0.0141541471	0.0075743354	0.0025191273	0.0036052769	0.0091198918	0.0218886589	-0.0079709979	0	0	0	0	0	0	0	0	0	0	0	0	0	0	0	0	0	0	0	0	0	0	0	0	0	0	0	0	0	0	0	0	0	0	0	0	0	0	0	0	0	0	0	0	0	0	0	0	0	0	0	0	0	0	0	0	0	0	0	0	0	0	0	0	0	0	0	0	0	0
-0.0277928	0.596101	0.733079	0.00433616	-0.00918315	-0.00191998	0.0021179	0.040336	0.0701130000000001	-0.00055826	0.000107300000000001	0.00013146	0.1524179	-0.0523684314	0.0523388891	-0.0522896643	0.0522207755	-0.0521322486	0.0520241169	-0.051896421	0.0517492091	-0.0515825363	0.0513964655	-0.0511910666	0.0509664168	-0.0507226006	0.0504597097	-0.050177843	0.0498771065	-0.0495576132	0.0492194833	-0.048862844	0.0484878293	-0.0480945804	-0.0187576709	0.0168493295	0.0063913667	0.0105938205	0.0028232391	0.0130950628	-0.0319703629	0	0	0	0	0	0	0	0	0	0	0	0	0	0	0	0	0	0	0	0	0	0	0	0	0	0	0	0	0	0	0	0	0	0	0	0	0	0	0	0	0	0	0	0	0	0	0	0	0	0	0	0	0	0	0	0	0	0	0	0	0	0	0	0	0	0	0	0	0	0
-0.0297611	0.540459	0.712985	0.00483104	-0.00919475	-0.00196841	-0.0019683	-0.055642	-0.0200939999999999	0.00049488	-1.16000000000005e-05	-4.84299999999999e-05	0.1054498	-0.0523723222	0.0523544498	-0.052324667	0.0522829807	-0.0522294002	0.0521639377	-0.0520866082	0.0519974292	-0.051896421	0.0517836067	-0.0516590118	0.0515226647	-0.0513745965	0.0512148408	-0.051043434	0.050860415	-0.0506658255	0.0504597097	-0.0502421146	0.0500130897	-0.049772687	-0.0202139156	0.0107090856	-0.0035293847	0.012986907	0.0101798375	0.0144788939	-0.0477829802	0	0	0	0	0	0	0	0	0	0	0	0	0	0	0	0	0	0	0	0	0	0	0	0	0	0	0	0	0	0	0	0	0	0	0	0	0	0	0	0	0	0	0	0	0	0	0	0	0	0	0	0	0	0	0	0	0	0	0	0	0	0	0	0	0	0	0	0	0	0
-0.0265954	0.566224	0.736232	0.00441704	-0.00964229	-0.00205144	0.0031657	0.0257649999999999	0.0232469999999999	-0.000414	-0.00044754	-8.303e-05	0.0994061999999999	-0.0523752403	0.0523661213	-0.0523509242	0.0523296507	-0.0523023033	0.0522688852	-0.0522294002	0.0521838529	-0.0521322486	0.0520745933	-0.0520108938	0.0519411573	-0.051865392	0.0517836067	-0.0516958108	0.0516020147	-0.051502229	0.0513964655	-0.0512847364	0.0511670547	-0.051043434	-0.0186102546	0.0168979948	0.0116787606	0.0113556622	-0.0005097403	0.0205868217	-0.0186598211	0	0	0	0	0	0	0	0	0	0	0	0	0	0	0	0	0	0	0	0	0	0	0	0	0	0	0	0	0	0	0	0	0	0	0	0	0	0	0	0	0	0	0	0	0	0	0	0	0	0	0	0	0	0	0	0	0	0	0	0	0	0	0	0	0	0	0	0	0	0
-0.0387853	0.517245	0.689677	0.0050304	-0.00949792000000001	-0.00205144	-0.0121899	-0.048979	-0.0465549999999999	0.000613359999999999	0.000144369999999994	0	0.1456104	-0.0523771858	0.0523739028	-0.0523684314	0.0523607718	-0.0523509242	0.0523388891	-0.052324667	0.0523082586	-0.0522896643	0.0522688852	-0.0522459219	0.0522207755	-0.0521934471	0.0521639377	-0.0521322486	0.0520983812	-0.0520623368	0.0520241169	-0.0519837232	0.0519411573	-0.051896421	-0.017654251	0.0117834175	-0.0074390887	0.0077127342	-0.0137863644	0.0209796569	0.0215664367	0	0	0	0	0	0	0	0	0	0	0	0	0	0	0	0	0	0	0	0	0	0	0	0	0	0	0	0	0	0	0	0	0	0	0	0	0	0	0	0	0	0	0	0	0	0	0	0	0	0	0	0	0	0	0	0	0	0	0	0	0	0	0	0	0	0	0	0	0	0
-0.0379095	0.571501	0.725123	0.00383488	-0.0093502	-0.00195469	0.000875799999999996	0.0542560000000001	0.0354459999999998	-0.00119552	0.000147720000000004	9.675e-05	0.1625773	-0.0523781585	0.0523777937	-0.0523771858	0.0523763346	-0.0523752403	0.0523739028	-0.0523723222	0.0523704984	-0.0523684314	0.0523661213	-0.0523635681	0.0523607718	-0.0523577323	0.0523544498	-0.0523509242	0.0523471556	-0.0523431439	0.0523388891	-0.0523343914	0.0523296507	-0.052324667	-0.016789032	0.0210653387	0.001056715	0.005533666	0.0070301586	0.0083958083	0.0019745184	0	0	0	0	0	0	0	0	0	0	0	0	0	0	0	0	0	0	0	0	0	0	0	0	0	0	0	0	0	0	0	0	0	0	0	0	0	0	0	0	0	0	0	0	0	0	0	0	0	0	0	0	0	0	0	0	0	0	0	0	0	0	0	0	0	0	0	0	0	0
