"trans_x"	"trans_y"	"trans_z"	"rot_x"	"rot_y"	"rot_z"	"trans_x_derivative1"	"trans_y_derivative1"	"trans_z_derivative1"	"rot_x_derivative1"	"rot_y_derivative1"	"rot_z_derivative1"	"framewise_displacement"	"cosine00"	"cosine01"	"cosine02"	"cosine03"	"cosine04"	"cosine05"	"cosine06"	"cosine07"	"cosine08"	"cosine09"	"cosine10"	"cosine11"	"cosine12"	"cosine13"	"cosine14"	"cosine15"	"cosine16"	"cosine17"	"cosine18"	"cosine19"	"cosine20"	"cosine21"	"t_comp_cor_00"	"t_comp_cor_01"	"t_comp_cor_02"	"t_comp_cor_03"	"t_comp_cor_04"	"a_comp_cor_00"	"a_comp_cor_01"	"a_comp_cor_02"	"a_comp_cor_03"	"a_comp_cor_04"	"motion_outlier01"	"volume_z"	"luminance_z"	"speech_z"	"face_z"
-0.0192418	-0.07663	-0.307013	0.00120824	0.00140175	0.000396944	NA	NA	NA	NA	NA	NA	NA	0.0513325903	0.0513322605	0.0513317109	0.0513309413	0.051329952	0.0513287428	0.0513273137	0.0513256648	0.0513237961	0.0513217075	0.0513193992	0.051316871	0.051314123	0.0513111553	0.0513079677	0.0513045605	0.0513009334	0.0512970867	0.0512930202	0.0512887341	0.0512842283	0.0512795028	-0.0109902553	0.0884999143	-0.0665894573	0.0009070054	-0.0223874384	-0.0708644212	-0.1432791177	0.0807856709	-0.0516398506	-0.0058780862	0	0	0	0	0
-0.0106791	-0.0591117	-0.279093	0.00121567	0.00129209	0.000148677	0.0085627	0.0175183	0.0279200000000001	7.43000000000011e-06	-0.00010966	-0.000248267	0.07226885	0.0513317109	0.0513287428	0.0513237961	0.051316871	0.0513079677	0.0512970867	0.0512842283	0.051269393	0.0512525814	0.0512337941	0.0512130319	0.0511902955	0.0511655859	0.051138904	0.0511102507	0.0510796273	0.051047035	0.0510124748	0.0509759483	0.0509374568	0.0508970017	0.0508545847	-0.0247435074	0.0999310316	-0.0031940964	0.0205305122	-0.0545847186	0.042520697	-0.0660922757	0.002134812	-0.1106768479	-0.0113671958	0	0	0	0	0
-0.000888529	-0.0779454	-0.23048	0.000957965	0.00136976	0.000266554	0.009790571	-0.0188337	0.048613	-0.000257705	7.767e-05	0.000117877	0.099899871	0.051329952	0.0513217075	0.0513079677	0.0512887341	0.0512640087	0.0512337941	0.0511980936	0.051156911	0.0511102507	0.0510581178	0.0510005177	0.0509374568	0.0508689416	0.0507949796	0.0507155786	0.0506307473	0.0505404946	0.0504448302	0.0503437644	0.050237308	0.0501254723	0.0500082695	-0.0202346858	0.0689715955	-0.0304364376	0.0195655969	-0.0109458068	0.0204372702	-0.0405999171	0.0178603434	-0.0324957181	0.0065554027	0	0	0	0	0
0.01281	-0.0431226	-0.203664	0.000660493	0.00144328	0.000343108	0.013698529	0.0348228	0.026816	-0.000297472	7.35199999999999e-05	7.6554e-05	0.097714629	0.0513273137	0.0513111553	0.0512842283	0.0512465384	0.0511980936	0.051138904	0.0510689819	0.0509883422	0.0508970017	0.0507949796	0.0506822973	0.0505589784	0.0504250488	0.0502805367	0.0501254723	0.0499598883	0.0497838193	0.0495973023	0.0494003765	0.0491930831	0.0489754657	0.04874757	-0.0269290414	0.0648218992	-0.0035521431	0.0103330163	0.0248705415	0.0493691672	-0.0279803403	0.0105634786	-0.0703810539	0.0108647	0	0	0	0	0
0.00333237	-0.0818303	-0.170253	0.000596431	0.00144073	0.000375477	-0.00947763	-0.0387077	0.033411	-6.4062e-05	-2.54999999999938e-06	3.2369e-05	0.08654538	0.0513237961	0.0512970867	0.0512525814	0.0511902955	0.0511102507	0.0510124748	0.0508970017	0.0507638714	0.0506131302	0.0504448302	0.05025903	0.0500557939	0.0498351925	0.0495973023	0.0493422058	0.0490699916	0.048780754	0.0484745935	0.0481516161	0.047811934	0.0474556651	0.0470829328	-0.0234429856	0.0352653679	0.0295377573	0.0335321358	-0.0650854982	0.0249081467	0.0064404317	0.0026026797	-0.036343654	-0.0003975535	0	0	0	0	0
-0.000880874	-0.0441842	-0.177692	9.96768e-05	0.00124353	0.000148677	-0.004213244	0.0376461	-0.00743900000000003	-0.0004967542	-0.0001972	-0.0002268	0.095336054	0.0513193992	0.0512795028	0.0512130319	0.0511200208	0.0510005177	0.0508545847	0.0506822973	0.0504837447	0.05025903	0.0500082695	0.0497315932	0.0494291445	0.0491010801	0.04874757	0.0483687975	0.0479649587	0.0475362631	0.0470829328	0.0466052026	0.0461033203	0.0455775458	0.0450281516	-0.0148106334	0.0475772761	-0.0346733005	0.0211980093	0.0462421059	0.0527526297	-0.0053231616	-0.0175338239	0.0041864399	-0.018807921	0	0	0	0	0
-0.0374983	-0.0730206	-0.125822	0.00035573	0.00124353	0.000148677	-0.036617426	-0.0288364	0.05187	0.0002560532	0	0	0.130126486	0.051314123	0.0512584048	0.0511655859	0.0510357335	0.0508689416	0.0506653309	0.0504250488	0.0501482692	0.0498351925	0.0494860452	0.0491010801	0.0486805757	0.0482248365	0.0477341923	0.0472089983	0.0466496345	0.0460565059	0.0454300417	0.0447706954	0.0440789442	0.0433552888	0.0426002529	-0.020788725	0.0049050361	0.0387741125	0.0233673616	-0.0098064165	0.0136034628	0.0016119981	0.0274133174	-0.0313335657	-0.0114958833	0	0	0	0	0
-0.0372371	-0.00949287	-0.115482	4.62866e-05	0.00129769	-0.000300199	0.000261200000000003	0.06352773	0.01034	-0.0003094434	5.41600000000006e-05	-0.000448876	0.1147529	0.0513079677	0.0512337941	0.0511102507	0.0509374568	0.0507155786	0.0504448302	0.0501254723	0.0497578128	0.0493422058	0.048879052	0.0483687975	0.047811934	0.0472089983	0.0465605712	0.0458672776	0.0451297856	0.0443488058	0.0435250908	0.0426594344	0.0417526707	0.0408056734	0.0398193552	-0.0094971716	-0.0008878967	-0.0337783953	0.0193979741	-0.0112786703	0.0143620799	0.0116647538	-0.0349547856	0.0025272217	0.0059951941	0	0	0	0	0
-0.0204078	-0.0563458	-0.0636597	0.000156877	0.00119953	0.000406777	0.0168293	-0.04685293	0.0518223	0.0001105904	-9.81600000000006e-05	0.000706976	0.16129085	0.0513009334	0.0512056724	0.051047035	0.0508252175	0.0505404946	0.0501932186	0.0497838193	0.0493128035	0.048780754	0.0481883295	0.0475362631	0.046825362	0.0460565059	0.0452306464	0.0443488058	0.0434120755	0.0424216147	0.0413786495	0.0402844707	0.0391404325	0.0379479508	0.0367085017	-0.0223621106	-0.0271903437	0.0209253266	0.0083099268	0.0581119584	-0.0236671269	0.0251029481	-0.0074368311	0.0182000893	0.032321821	0	0	0	0	0
-0.0385426	-0.0239907	-0.0606829	-0.000424851	0.000890026	-8.77695e-05	-0.0181348	0.0323551	0.00297679999999999	-0.000581728	-0.000309504	-0.0004945465	0.122755625	0.0512930202	0.0511740416	0.0509759483	0.0506990465	0.0503437644	0.0499106512	0.0494003765	0.0488137291	0.0481516161	0.047415061	0.0466052026	0.0457232929	0.0447706954	0.0437488826	0.0426594344	0.041504035	0.0402844707	0.0390026269	0.0376604853	0.0362601209	0.0348036986	0.03329347	-0.0117791152	-0.0363416053	0.0385837451	0.0247249246	-0.027203436	-0.0178297325	0.0425576354	-0.0456188289	-0.000675695	0.0013711761	0	0	0	0	0
-0.0405564	-0.0632888	-0.0462421	0.000324694	0.000791184	3.07642e-06	-0.0020138	-0.0392981	0.0144408	0.000749545	-9.88420000000001e-05	9.084592e-05	0.102714346	0.0512842283	0.051138904	0.0508970017	0.0505589784	0.0501254723	0.0495973023	0.0489754657	0.048261137	0.0474556651	0.0465605712	0.0455775458	0.0445084453	0.0433552888	0.042120254	0.0408056734	0.0394140296	0.0379479508	0.0364102058	0.0348036986	0.0331314631	0.0313966575	0.0296025581	-0.0100232574	-0.0633558606	-0.019526979	-0.0029406833	0.034038475	-0.0680013719	-0.0031481	-0.0227336675	0.0488506555	-0.0077707149	0	0	0	0	0
-0.0403016	-0.0154286	-0.0560004	0.000755987	0.000961843	-0.000406523	0.000254800000000006	0.0478602	-0.0097583	0.000431293	0.000170659	-0.00040959942	0.108450871	0.0512745577	0.0511002618	0.0508102074	0.0504050515	0.0498857119	0.0492533652	0.0485094437	0.0476556328	0.0466938665	0.0456263236	0.0444554224	0.0431838154	0.0418143832	0.0403502279	0.0387946664	0.0371512224	0.035423619	0.0336157698	0.0317317699	0.0297758875	0.027752553	0.0256663501	-0.0148183655	-0.0616715164	0.014870417	-0.0067752822	0.0206392859	-0.0447944593	0.0150884971	-0.0170233024	0.0066537119	0.0114080495	0	0	0	0	0
-0.020303	-0.0487449	0.060671	-3.51765e-05	0.000349022	-0.000529924	0.0199986	-0.0333163	0.1166714	-0.0007911635	-0.000612821	-0.000123401	0.246355575	0.0512640087	0.0510581178	0.0507155786	0.050237308	0.0496245858	0.048879052	0.0480027017	0.0469978805	0.0458672776	0.0446139188	0.0432411585	0.0417526707	0.040152439	0.0384447462	0.0366341627	0.0347255342	0.0327239687	0.0306348232	0.0284636888	0.0262163763	0.0238989001	0.0215174627	-0.0128860224	-0.1054901593	0.0415368807	0.0144401791	-0.0519394389	-0.073085433	0.0502494748	-0.0257606689	0.042737049	0.0090428677	0	0	0	0	0
0.00613139	0.00139758	0.0299804	-0.000626779	0.000815956	-0.000471562	0.02643439	0.05014248	-0.0306906	-0.0005916025	0.000466934	5.8362e-05	0.163112395	0.0512525814	0.0510124748	0.0506131302	0.0500557939	0.0493422058	0.0484745935	0.0474556651	0.0462886013	0.0449770452	0.0435250908	0.0419372706	0.040218541	0.038374267	0.0364102058	0.0343324881	0.0321475998	0.029862361	0.0274839053	0.0250196571	0.0224773087	0.0198647963	0.0171902747	0.0019525365	-0.1014704265	-0.0437037704	-0.0019937859	0.0385632183	-0.0500389566	0.0524803413	-0.0621855599	0.1038850251	0.0074546052	0	0	0	0	0
0.0274962	-0.0702108	0.0606214	-0.00035983	0.000827185	3.07642e-06	0.02136481	-0.07160838	0.030641	0.000266949	1.12290000000003e-05	0.00047463842	0.161255011	0.051240276	0.050963336	0.0505028777	0.049860559	0.049038693	0.0480402391	0.0468687929	0.0455285727	0.0440244045	0.042361705	0.0405464614	0.0385852104	0.0364850145	0.0342534364	0.0318985121	0.0294287216	0.0268529586	0.0241804983	0.0214209644	0.0185842938	0.0156807013	0.0127206428	-0.0120097752	-0.1203078639	0.0371392673	-0.0085154909	0.0480899364	-0.0643880325	0.0612099342	-0.0262078224	0.0700994356	0.0235572625	0	0	0	0	0
0.0275321	0.00166181	0.0220555	-0.000451891	0.000168759	3.07642e-06	3.58999999999984e-05	0.07187261	-0.0385659	-9.2061e-05	-0.000658426	0	0.14799876	0.0512270927	0.0509107048	0.0503848382	0.0496516568	0.0487141772	0.0475762569	0.0462425779	0.044718628	0.0430106775	0.041125754	0.0390716134	0.0368567075	0.0344901501	0.0319816784	0.0293416141	0.0265808199	0.0237106555	0.0207429306	0.0176898562	0.0145639947	0.0113782077	0.0081456036	-0.001720994	-0.1021318961	0.033506605	0.0108987161	-0.0083169144	-0.0567132671	0.0583057706	-0.0532802713	0.0734185284	0.0356460649	0	0	0	0	0
0.00750341	-0.0368969	-0.0065431	0.000925657	0.00024621	3.07642e-06	-0.02002869	-0.03855871	-0.0285986	0.001377548	7.7451e-05	0	0.15993595	0.0512130319	0.0508545847	0.05025903	0.0494291445	0.0483687975	0.0470829328	0.0455775458	0.0438596552	0.0419372706	0.0398193552	0.0375157835	0.0350372959	0.0323954483	0.0296025581	0.0266716472	0.0236163807	0.0204510037	0.0171902747	0.0138493968	0.0104439465	0.0069898018	0.0035030673	0.0003723758	-0.1340738495	0.0025169448	-0.0056384244	0.0786219123	-0.0997675027	0.0480231119	-0.0278842084	0.0848728466	0.0303109631	0	0	0	0	0
0.0020639	-0.00117487	-0.0182195	0.000667077	0.00019747	3.07642e-06	-0.00543951	0.03572203	-0.0116764	-0.00025858	-4.874e-05	0	0.06820394	0.0511980936	0.0507949796	0.0501254723	0.0491930831	0.0480027017	0.0465605712	0.0448742547	0.042952596	0.0408056734	0.0384447462	0.0358821964	0.0331314631	0.0302069725	0.0271240621	0.0238989001	0.0205484008	0.0170901359	0.013542242	0.0099233262	0.0062523676	0.0025486187	-0.0011684964	0.0050325514	-0.1262155337	0.0416133148	0.0097898808	-0.0223353197	-0.0866483648	0.0539751812	-0.0411643546	0.0404277363	0.0141775282	0	0	0	0	0
-0.00738486	-0.00119559	0.0374786	0.00121377	0.000127957	-0.000104907	-0.00944876	-2.07200000000001e-05	0.0556981	0.000546693	-6.9513e-05	-0.00010798342	0.101377051	0.0511822782	0.0507318935	0.0499841859	0.0489435374	0.0476160468	0.0460094942	0.044133295	0.041998445	0.039617456	0.037004282	0.034174238	0.03114391	0.0279310578	0.0245545108	0.0210340579	0.0173903312	0.0136446855	0.0098190728	0.0059359137	0.0020179662	-0.001911808	-0.0058303776	0.0085543633	-0.1765063373	-0.028573441	-0.008017749	0.0439131635	-0.1227733777	0.0606359133	-0.0503108692	0.1042070043	0.010828752	0	0	0	0	0
0.0109406	-0.00120438	0.00379091	0.00139036	0.000266452	3.07642e-06	0.01832546	-8.78999999999984e-06	-0.03368769	0.000176590000000001	0.000138495	0.00010798342	0.073175361	0.0511655859	0.0506653309	0.0498351925	0.0486805757	0.0472089983	0.0454300417	0.0433552888	0.0409982483	0.038374267	0.0355004298	0.0323954483	0.029079539	0.025574292	0.0219025301	0.0180881602	0.0141560177	0.0101317049	0.0060414244	0.001911808	-0.0022302563	-0.0063577993	-0.0104439465	0.0058735097	-0.149429315	0.0318617436	0.0049517818	-0.0176105719	-0.0813939591	0.0739227897	-0.0280389387	0.0599397717	0.0088619191	0	0	0	0	0
0.0109585	-0.00119498	0.0660755	0.000689576	-0.000127747	0.000406247	1.78999999999978e-05	9.3999999999999e-06	0.06228459	-0.000700784000000001	-0.000394199	0.00040317058	0.137219569	0.051148017	0.0505952962	0.049678515	0.0484042702	0.0467817305	0.044822571	0.042540889	0.0399531023	0.0370778316	0.0339357659	0.030549514	0.026943442	0.0231434973	0.0191770227	0.0150725591	0.0108596403	0.0065685806	0.0022302563	-0.0021241158	-0.0064632038	-0.0107557855	-0.0149709736	0.0156586374	-0.2075626102	-0.0223201847	-0.0087858717	0.03704795	-0.1402971538	0.0869960586	-0.0785110018	0.1331924714	-0.002926924	0	0	0	0	0
-0.0772449	-0.0801773	-0.157976	0.000402059	0.000413113	-0.000959325	-0.0882034	-0.07898232	-0.2240515	-0.000287517	0.00054086	-0.001365572	0.50093467	0.0511295719	0.0505217943	0.0495141777	0.0481146965	0.0463344264	0.0441874568	0.0416907793	0.0388641531	0.0357299485	0.0323129704	0.0286402612	0.0247408876	0.0206457099	0.0163871381	0.0119988754	0.0075156513	0.002972947	-0.0015932859	-0.0061469092	-0.0106518847	-0.0150725591	-0.0193739464	0.0145865431	-0.0460769508	0.0205416097	0.0095175843	0.0047671831	0.0047446434	0.0608957732	0.0178589502	0.0291699269	0.0221679345	0	0	0	0	0
-0.00598577	-0.0275538	-0.284678	0.00159617	0.00108789	-0.000164064	0.07125913	0.0526235	-0.126702	0.001194111	0.000674777	0.000795261	0.38379208	0.0511102507	0.0504448302	0.0493422058	0.047811934	0.0458672776	0.0435250908	0.0408056734	0.0377325944	0.0343324881	0.0306348232	0.0266716472	0.0224773087	0.0180881602	0.013542242	0.0088789537	0.0041387117	-0.0006374004	-0.0054079881	-0.0101317049	-0.0147676106	-0.0192755259	-0.0236163807	0.0073689954	0.0060946769	0.0299906606	0.0242814814	0.0164339299	0.0177295155	0.0338565919	0.0276533508	-0.0108830433	-0.009506704	0	0	0	0	0
0.0455857	-0.0238959	-0.282582	0.00188902	0.00117576	0.000206117	0.05157147	0.0036579	0.00209600000000004	0.00029285	8.78699999999999e-05	0.000370181	0.09487042	0.051090054	0.0503644092	0.0491626259	0.0474960658	0.0453804842	0.0428358815	0.0398863142	0.0365596669	0.0328873894	0.0289041989	0.024647752	0.0201582885	0.0154782512	0.0106518847	0.0057248166	0.0007436268	-0.004244593	-0.0091926851	-0.0140538708	-0.018782193	-0.0233329509	-0.0276631221	0.018953776	-0.071645512	-0.0170134393	0.0094715456	0.0066754382	-0.0419452991	0.0370554228	-0.0187596337	0.0186602101	-0.0227498583	0	0	0	0	0
-0.0307337	-0.0537746	-0.266211	0.00310399	0.00140603	-0.000296696	-0.0763194	-0.0298787	0.016371	0.00121497	0.00023027	-0.000502813	0.21997175	0.0510689819	0.0502805367	0.0489754657	0.0471671784	0.0448742547	0.042120254	0.0389334734	0.0353466565	0.0313966575	0.0271240621	0.0225727706	0.0177895469	0.012823538	0.007725769	0.0025486187	-0.0026547183	-0.0078307784	-0.0129263783	-0.0178891614	-0.0226681358	-0.0272141981	-0.0314806383	0.0204881449	-0.0506877185	-0.0344909053	0.0201753928	-0.0189265113	-0.0625190355	0.0428411737	0.0010086952	-0.0097155568	-0.0114927052	0	0	0	0	0
-0.0388138	0.0472975	-0.307447	0.00191207	0.00199192	-0.00100585	-0.0080801	0.1010721	-0.0412359999999999	-0.00119192	0.00058589	-0.000709154	0.2747364	0.051047035	0.0501932186	0.048780754	0.046825362	0.0443488058	0.0413786495	0.0379479508	0.0340948932	0.029862361	0.0252974622	0.0204510037	0.0153769266	0.0101317049	0.0047737179	-0.0006374004	-0.0060414244	-0.0113782077	-0.016588352	-0.0216138688	-0.0263988242	-0.030889962	-0.0350372959	0.0341171703	-0.0646636991	-0.0460550449	-0.00101934	-0.0078115972	-0.0231801875	0.0621661758	-0.0496074865	-0.012384929	-0.0172309288	0	0	0	0	0
-0.146275	-0.201088	-0.640572	0.00267221	0.00258161	-0.00286399	-0.1074612	-0.2483855	-0.333125	0.00076014	0.00058969	-0.00185814	0.8493702	0.0510242134	0.0501024608	0.0485785209	0.0464707102	0.0438043627	0.0406115256	0.0369305738	0.0328057493	0.0282866287	0.0234275279	0.018286849	0.0129263783	0.007410544	0.0018056415	-0.0038209632	-0.0094016433	-0.0148693239	-0.0201582885	-0.0252049683	-0.0299487067	-0.0343324881	-0.0383036235	0.0130516956	0.1814584137	0.0103008205	-0.0376021777	-0.0342735841	0.1737146755	-0.0755994311	0.0939068323	-0.0815667268	-0.0255571528	0	0	0	0	0
-0.16635	-0.0954995	-0.73782	0.00425149	0.00258161	-0.00291934	-0.020075	0.1055885	-0.097248	0.00157928	0	-5.535e-05	0.304643	0.0510005177	0.0500082695	0.0483687975	0.0461033203	0.0432411585	0.0398193552	0.0358821964	0.0314806383	0.0266716472	0.0215174627	0.016084792	0.0104439465	0.004667932	-0.0011684964	-0.0069898018	-0.0127206428	-0.018286849	-0.0236163807	-0.0286402612	-0.03329347	-0.0375157835	-0.0412525551	0.0304435121	0.1519836556	-0.0334185322	-0.0497230692	0.0027753299	0.1791941892	-0.0606064395	0.0370792523	-0.0481213932	-0.0373060193	0	0	0	0	0
-0.132126	-0.147583	-0.89425	0.00549999	0.00259513	-0.00291934	0.034224	-0.0520835	-0.15643	0.0012485	1.35200000000004e-05	0	0.3058385	0.0509759483	0.0499106512	0.0481516161	0.0457232929	0.0426594344	0.0390026269	0.0348036986	0.0301210128	0.0250196571	0.0195705382	0.0138493968	0.0079357543	0.001911808	-0.0041387117	-0.0101317049	-0.0159838716	-0.0216138688	-0.026943442	-0.0318985121	-0.0364102058	-0.0404158122	-0.0438596552	0.0114889758	0.1735513346	0.0324065093	-0.0726655193	-0.0270352823	0.2010656617	-0.1025386715	0.0507891907	-0.0395301896	0.0210859426	0	0	0	0	0
-0.132028	-0.0509628	-0.837895	0.00543234	0.00271728	-0.00291934	9.7999999999987e-05	0.0966202	0.0563549999999999	-6.76499999999998e-05	0.00012215	0	0.1625632	0.0509505055	0.0498096126	0.0479270103	0.0453307324	0.0420594396	0.0381618445	0.0336959856	0.0287283636	0.0233329509	0.0175900897	0.0115852966	0.0054079881	-0.0008498502	-0.0070950334	-0.0132345652	-0.0191770227	-0.0248339173	-0.0301210128	-0.0349595797	-0.0392775675	-0.0430106775	-0.0461033203	0.0212139557	0.1491785902	-0.0207861741	-0.0622182059	-0.0256438742	0.1556786822	-0.1170229887	0.0548263135	-0.0052364439	-0.0110519921	0	0	0	0	0
-0.139963	-0.0769582	-0.739966	0.00446208	0.00291996	-0.0025487	-0.007935	-0.0259954	0.097929	-0.00097026	0.00020268	0.00037064	0.2090384	0.0509241898	0.0497051606	0.0476950147	0.0449257461	0.041441431	0.0372975264	0.0325599874	0.0273042176	0.0216138688	0.0155795096	0.0092971841	0.0028668829	-0.0036090482	-0.010027537	-0.0162864257	-0.0222860966	-0.0279310578	-0.0331314631	-0.0378045419	-0.0418759166	-0.0452807864	-0.0479649587	0.0118925186	0.1537681917	0.0140238438	-0.0502829606	-0.0326880315	0.1347128676	-0.0925015794	0.0551540552	-0.0644572027	-0.0145282939	0	-0.380374703292263	-1.08091270754883	-2.22840312389761	-1.68540061352814
-0.120967	-0.0450844	-0.671381	0.00322436	0.00226363	-0.00255058	0.018996	0.0318738	0.068585	-0.00123772	-0.00065633	-1.88000000000054e-06	0.2142513	0.0508970017	0.0495973023	0.0474556651	0.0445084453	0.0408056734	0.0364102058	0.0313966575	0.0258501361	0.0198647963	0.013542242	0.0069898018	0.0003187063	-0.0063577993	-0.0129263783	-0.0192755259	-0.0252974622	-0.030889962	-0.03595809	-0.0404158122	-0.0441874568	-0.0472089983	-0.0494291445	0.022954938	0.1356145096	-0.0153822864	-0.0348983121	-0.0427149468	0.1162615104	-0.0561533498	0.040909587	-0.0130760555	-0.0024911982	0	-1.27014591083183	-1.28774394727322	-2.22840312389761	-1.68540061352814
-0.133195	-0.0689089	-0.634442	0.00339772	0.00238465	-0.00242338	-0.012228	-0.0238245	0.0369389999999999	0.00017336	0.00012102	0.0001272	0.0940705	0.0508689416	0.0494860452	0.0472089983	0.0440789442	0.040152439	0.0355004298	0.0302069725	0.0243677133	0.0180881602	0.0114817767	0.004667932	-0.0022302563	-0.0090881467	-0.0157818258	-0.0221903471	-0.0281979168	-0.0336959856	-0.0385852104	-0.042777249	-0.0461963565	-0.048780754	-0.0504837447	0.007817245	0.1463075064	0.01291424	-0.0323341101	0.0420585908	0.1393104305	-0.0374262571	0.0470204873	-0.0268677728	-0.009198154	0	-1.72108836539445	-1.30444164896667	-2.22840312389761	-1.68540061352814
-0.117096	-0.0687574	-0.641405	0.00304083	0.00243171	-0.00255879	0.016099	0.000151499999999999	-0.00696299999999994	-0.00035689	4.70600000000002e-05	-0.00013541	0.0501815000000001	0.05084001	0.0493713969	0.0469550524	0.0436373605	0.0394820076	0.0345687596	0.0289919311	0.0228585745	0.0162864257	0.0094016433	0.0023363873	-0.0047737179	-0.011792187	-0.0185842938	-0.0250196571	-0.0309747441	-0.0363352411	-0.0409982483	-0.0448742547	-0.0478888566	-0.0499841859	-0.0511200208	0.0188773211	0.130989795	0.0257695364	-0.0235446286	-0.0095825232	0.1222452934	-0.0332420199	0.0348769482	-0.0167026594	-0.0103878623	0	-1.94040207786486	-1.30946970887924	-2.22840312389761	-1.68540061352814
-0.133211	-0.0940901	-0.636037	0.00302693	0.00226297	-0.00291934	-0.016115	-0.0253327	0.00536800000000004	-1.38999999999998e-05	-0.00016874	-0.00036055	0.0739752	0.0508102074	0.0492533652	0.0466938665	0.0431838154	0.0387946664	0.0336157698	0.027752553	0.0213243743	0.0144620929	0.0073054049	0	-0.0073054049	-0.0144620929	-0.0213243743	-0.027752553	-0.0336157698	-0.0387946664	-0.0431838154	-0.0466938665	-0.0492533652	-0.0508102074	-0.0513327002	0.0145491149	0.1351843289	-0.0014384274	-0.0327437219	0.0391893752	0.0929445574	-0.0587219837	0.0626603027	-0.0320276058	-0.0236140719	0	-1.8639743861055	-1.31045519011602	-2.22840312389761	-1.68540061352814
-0.112102	-0.0939259	-0.614416	0.00280158	0.00225354	-0.0025748	0.021109	0.000164200000000017	0.021621	-0.00022535	-9.42999999999994e-06	0.00034454	0.0718602	0.0507795342	0.0491319582	0.046425481	0.0427184332	0.0380907096	0.032642048	0.0264898788	0.0197667948	0.0126176931	0.0051966525	-0.0023363873	-0.0098190728	-0.0170901359	-0.0239928691	-0.0303785035	-0.0361094147	-0.0410620891	-0.0451297856	-0.0482248365	-0.0502805367	-0.0512525814	-0.0511200208	0.0193560239	0.121146283	0.0224291237	-0.0229499856	-0.0485347501	0.0804725896	-0.0432732534	0.0242370566	-0.0557284107	-0.0255626739	0	-1.269730985461	-1.30552401864244	-2.22840312389761	0.592443852028073
-0.112122	-0.111036	-0.600678	0.0028675	0.00227492	-0.00232383	-2.00000000000061e-05	-0.0171101	0.013738	6.59200000000001e-05	2.13800000000001e-05	0.00025097	0.0477815999999999	0.0507479912	0.0490071843	0.0461499372	0.0422413413	0.0373704389	0.0316481948	0.0252049683	0.0181875435	0.0107557855	0.0030789983	-0.004667932	-0.0123085215	-0.0196687086	-0.0265808199	-0.0328873894	-0.0384447462	-0.0431262874	-0.046825362	-0.0494577007	-0.050963336	-0.0513079677	-0.0504837447	0.0209302277	0.1233891398	-0.0283726401	-0.0228784099	0.0343843062	0.070701251	-0.0653431218	0.0547735691	-0.0181030893	-0.0205877193	0	-0.819378014926554	-1.29582902680275	-2.22840312389761	-1.68540061352814
-0.093917	-0.0723733	-0.561746	0.00230534	0.00227492	-0.00233808	0.018205	0.0386627	0.038932	-0.00056216	0	-1.42500000000004e-05	0.1246202	0.0507155786	0.048879052	0.0458672776	0.0417526707	0.0366341627	0.0306348232	0.0238989001	0.016588352	0.0088789537	0.0009560698	-0.0069898018	-0.0147676106	-0.0221903471	-0.029079539	-0.0352695426	-0.0406115256	-0.0449770452	-0.048261137	-0.0503848382	-0.0512970867	-0.0509759483	-0.0494291445	0.0168200774	0.1031322778	0.0357584506	-0.0217324955	-0.0081717153	0.0504507275	-0.0433368083	0.0409751819	-0.0626582431	-0.0223661488	0	-0.070303873688766	-0.666333026623556	-2.22840312389761	0.592443852028073
-0.11789	-0.0939143	-0.553585	0.00285279	0.00227492	-0.0023481	-0.023973	-0.021541	0.00816099999999997	0.00054745	0	-1.00199999999995e-05	0.0815485	0.0506822973	0.04874757	0.0455775458	0.0412525551	0.0358821964	0.0296025581	0.0225727706	0.0149709736	0.0069898018	-0.0011684964	-0.0092971841	-0.0171902747	-0.024647752	-0.0314806383	-0.0375157835	-0.0426002529	-0.0466052026	-0.0494291445	-0.0510005177	-0.0512795028	-0.05025903	-0.0479649587	0.0210099162	0.0969327813	-0.0321151916	-0.0195515963	0.0186243146	0.0082812418	-0.0703542269	0.0498180063	-0.0432385558	-0.0362977156	0	-0.405381764620103	-0.254645839147796	-2.22840312389761	0.592443852028073
-0.108508	-0.0867954	-0.560574	0.00247366	0.00227492	-0.00264781	0.00938200000000002	0.00711890000000003	-0.00698900000000002	-0.00037913	0	-0.00029971	0.0574319	0.0506481476	0.0486127474	0.0452807864	0.0407411319	0.035114862	0.0285520362	0.021227693	0.0133371814	0.0050909511	-0.003291061	-0.0115852966	-0.0195705382	-0.0270338099	-0.0337760571	-0.039617456	-0.0444022092	-0.0480027017	-0.050322904	-0.0513009334	-0.0509107048	-0.0491626259	-0.0461033203	0.0134590393	0.0948404692	4.85071e-05	-0.0296908193	-0.046534736	0.0324907175	-0.0641418874	0.049291233	-0.103332375	-0.0392633874	0	-0.036558840976344	-0.109412144362484	-2.22840312389761	0.592443852028073
-0.100825	-0.0619274	-0.495115	0.00231056	0.00174378	-0.00265913	0.007683	0.024868	0.065459	-0.0001631	-0.000531140000000001	-1.132e-05	0.133288	0.0506131302	0.0484745935	0.0449770452	0.040218541	0.0343324881	0.0274839053	0.0198647963	0.0116887668	0.0031850365	-0.0054079881	-0.0138493968	-0.0219025301	-0.0293416141	-0.03595809	-0.0415664612	-0.0460094942	-0.0491626259	-0.0509374568	-0.0512842283	-0.0501932186	-0.0476950147	-0.0438596552	0.0162567941	0.0764697329	-0.0252162492	-0.0102530557	-0.0334847305	0.005726928	-0.0431434444	0.0222920345	-0.0348190379	-0.0140585888	0	-0.015870572755613	-0.824054857785607	-2.22840312389761	-1.68540061352814
-0.0855615	-0.0442192	-0.465364	0.00209062	0.00227492	-0.00227437	0.0152635	0.0177082	0.0297509999999999	-0.00021994	0.000531140000000001	0.00038476	0.1195147	0.0505772456	0.0483331176	0.044666369	0.0396849258	0.0335354099	0.0263988242	0.0184852245	0.010027537	0.0012747024	-0.0075156513	-0.016084792	-0.0241804983	-0.0315644841	-0.0380194116	-0.0433552888	-0.047415061	-0.0500792346	-0.051269393	-0.0509505055	-0.0491319582	-0.0458672776	-0.0412525551	0.006536246	0.0805103649	0.0089450332	-0.0183651435	-0.0008558628	0.0266765132	-0.0227567208	0.0300556214	-0.0677440742	-0.0032469116	0	-0.160487679960007	-0.152715399728126	-2.22840312389761	-1.68540061352814
-0.0774844	-0.0459634	-0.439282	0.00162049	0.00165644	-0.0024294	0.00807710000000002	-0.00174420000000001	0.0260820000000001	-0.00047013	-0.00061848	-0.00015503	0.0980853	0.0505404946	0.0481883295	0.0443488058	0.0391404325	0.0327239687	0.0252974622	0.0170901359	0.0083553134	-0.0006374004	-0.0096104404	-0.018286849	-0.0263988242	-0.0336959856	-0.0399531023	-0.0449770452	-0.0486127474	-0.0507479912	-0.051316871	-0.0503018281	-0.0477341923	-0.0436932151	-0.0383036235	0.0140068318	0.0698584956	-0.010695926	0.00352057	-0.0651747546	0.0049582164	-0.0262434388	0.0053823875	-0.0499462	0.0106049531	0	-0.009563595579954	-1.05898683045974	-2.22840312389761	0.592443852028073
-0.0443543	-0.0107007	-0.404644	0.00152825	0.00182673	-0.0021967	0.0331301	0.0352627	0.0346379999999999	-9.22399999999999e-05	0.00017029	0.0002327	0.1277923	0.0505028777	0.0480402391	0.0440244045	0.0385852104	0.0318985121	0.0241804983	0.0156807013	0.0066739292	-0.0025486187	-0.0116887668	-0.0204510037	-0.0285520362	-0.0357299485	-0.0417526707	-0.046425481	-0.0495973023	-0.0511655859	-0.0510796273	-0.0493422058	-0.0460094942	-0.0411892428	-0.0350372959	0.0089494632	0.0438614527	-0.0130568233	-0.0117357965	0.0202435931	-0.0050825851	-0.0093149335	0.0071120598	-0.0342669421	0.0219341194	0	0.223642030230019	-0.914666043968414	-2.22840312389761	0.592443852028073
-0.0443589	-0.0465979	-0.351069	0.0012327	0.00182673	-0.00201753	-4.60000000000044e-06	-0.0358972	0.053575	-0.00029555	0	0.00017917	0.1132128	0.0504643955	0.0478888566	0.0436932151	0.0380194116	0.0310593936	0.0230486216	0.014258104	0.0049852279	-0.0044563007	-0.0137470706	-0.0225727706	-0.0306348232	-0.0376604853	-0.0434120755	-0.0476950147	-0.0503644092	-0.051329952	-0.0505589784	-0.0480775708	-0.0439696763	-0.038374267	-0.0314806383	0.0037655287	0.0598740866	0.0129924273	0.0165120597	-0.0566476585	0.0176392619	-0.0004160577	-0.0054773592	-0.0394183864	0.0165598087	0	0.978265798302627	-0.777503560825223	-2.22840312389761	0.592443852028073
-0.0442564	-0.0307416	-0.337532	0.000976476	0.00207598	-0.00201753	0.000102499999999998	0.0158563	0.013537	-0.000256224	0.00024925	0	0.0547695	0.0504250488	0.0477341923	0.0433552888	0.0374431914	0.0302069725	0.0219025301	0.012823538	0.003291061	-0.0063577993	-0.0157818258	-0.024647752	-0.032642048	-0.0394820076	-0.0449257461	-0.048780754	-0.0509107048	-0.051240276	-0.0497578128	-0.0465157403	-0.0416287094	-0.0352695426	-0.0276631221	0.000824064	0.0411688148	-0.0053078232	-0.0006192525	0.0466123104	-0.0030130067	-0.0034544305	-0.0110947407	-0.0110452832	0.0061455331	0	-0.601538291374283	-1.04351844850192	0.448081059024295	0.592443852028073
-0.05212	-0.0436928	-0.319325	0.0016734	0.00182673	-0.00213717	-0.00786360000000001	-0.0129512	0.018207	0.000696924	-0.00024925	-0.00011964	0.0923124999999999	0.0503848382	0.0475762569	0.0430106775	0.0368567075	0.0293416141	0.0207429306	0.0113782077	0.0015932859	-0.0082504761	-0.0177895469	-0.0266716472	-0.0345687596	-0.0411892428	-0.0462886013	-0.049678515	-0.0512337941	-0.0508970017	-0.0486805757	-0.044666369	-0.0390026269	-0.0318985121	-0.0236163807	-0.0018734734	0.0456165569	0.0162437299	0.0215127255	-0.047222621	0.0005293491	0.0124766691	0.0173791372	-0.0676053031	0.0086593794	0	-1.04934482475389	-1.23948124639007	0.448081059024295	0.592443852028073
-0.0512027	-0.0311498	-0.329062	0.00198712	0.00182673	-0.00228734	0.000917300000000017	0.012543	-0.00973699999999994	0.00031372	0	-0.00015017	0.0463918	0.0503437644	0.047415061	0.0426594344	0.0362601209	0.0284636888	0.0195705382	0.0099233262	-0.000106236	-0.0101317049	-0.0197667948	-0.0286402612	-0.0364102058	-0.042777249	-0.0474960658	-0.0503848382	-0.0513322605	-0.0503018281	-0.047333244	-0.042540889	-0.0361094147	-0.0282866287	-0.0193739464	0.0038034098	0.0258859459	-0.0404148159	0.0006215851	0.0161418974	-0.0268862013	-0.0157977378	-0.0090791841	-0.021736547	-0.0019243297	0	-1.40273575923613	-1.30470906105827	0.448081059024295	-1.68540061352814
-0.0443909	0.0237545	-0.260479	0.00245113	0.00182673	-0.00264003	0.00681179999999999	0.0549043	0.0685829999999999	0.00046401	0	-0.00035269	0.1711341	0.0503018281	0.0472506159	0.0423016137	0.0356535949	0.0275735728	0.0183860761	0.0084601148	-0.0018056415	-0.0119988754	-0.0217101824	-0.030549514	-0.0381618445	-0.0442414294	-0.0485440863	-0.0508970017	-0.0512056724	-0.0494577007	-0.0457232929	-0.040152439	-0.0329688886	-0.0244611644	-0.0149709736	-0.0030749742	0.0044978011	0.0067840545	0.0088937206	0.0075581356	-0.0393629714	-0.0004353652	0.023309482	-0.0690294456	0.0039277878	0	-0.680559824396712	-1.16849348276696	0.448081059024295	-1.68540061352814
-0.0508048	-0.0172523	-0.235216	0.00289933	0.00149147	-0.00264003	-0.0064139	-0.0410068	0.025263	0.0004482	-0.00033526	0	0.1118567	0.05025903	0.0470829328	0.0419372706	0.0350372959	0.0266716472	0.0171902747	0.0069898018	-0.0035030673	-0.0138493968	-0.0236163807	-0.0323954483	-0.0398193552	-0.0455775458	-0.0494291445	-0.0512130319	-0.0508545847	-0.0483687975	-0.0438596552	-0.0375157835	-0.0296025581	-0.0204510037	-0.0104439465	0.0026001051	-0.0116563943	-0.0117654133	0.0259366051	-0.0393302712	-0.0620535158	-0.0016698371	-0.010116281	-0.030914125	0.0057698124	0	-0.938776694249957	-0.656767367231059	0.448081059024295	0.592443852028073
-0.0259294	0.0734657	-0.160324	0.00263092	0.00165545	-0.00227251	0.0248754	0.090718	0.074892	-0.00026841	0.00016398	0.00036752	0.2304809	0.0502153708	0.0469120231	0.0415664612	0.0344113928	0.0257582983	0.0159838716	0.0055136214	-0.0051966525	-0.0156807013	-0.0254821244	-0.034174238	-0.0413786495	-0.0467817305	-0.0501482692	-0.0513317109	-0.0502805367	-0.0470405074	-0.0417526707	-0.0346472211	-0.0260334792	-0.0162864257	-0.0058303776	-0.0016882122	-0.0274513314	-0.0150340516	0.0174435007	0.0366554278	-0.0786521172	0.0164745032	-0.0197292636	-0.0379409954	0.0142484738	0	-1.72884925445418	-0.63854643919708	0.448081059024295	0.592443852028073
0.078367	0.0393301	0.11159	0.00327735	0.000979819	-0.00103485	0.1042964	-0.0341356	0.271914	0.00064643	-0.000675631	0.00123766	0.53833205	0.0501708514	0.0467378986	0.0411892428	0.0337760571	0.0248339173	0.0147676106	0.0040328127	-0.0068845403	-0.0174902479	-0.0273042176	-0.0358821964	-0.0428358815	-0.0478504978	-0.0506990465	-0.0512525814	-0.0494860452	-0.0454794046	-0.0394140296	-0.0315644841	-0.0222860966	-0.0119988754	-0.0011684964	-0.0133200279	-0.1743953086	0.0420459608	0.0034424972	-0.0073853275	-0.1630735043	0.0390996426	-0.0594985302	0.0419381585	0.0150193204	0	-1.63901958475616	-0.672463351416252	0.448081059024295	0.592443852028073
-0.0233441	0.12703	0.165559	0.00343317	0.0012686	-0.00201241	-0.1017111	0.0876999	0.053969	0.00015582	0.000288781	-0.00097756	0.31448805	0.0501254723	0.0465605712	0.0408056734	0.0331314631	0.0238989001	0.013542242	0.0025486187	-0.00856488	-0.0192755259	-0.029079539	-0.0375157835	-0.0441874568	-0.048780754	-0.0510796273	-0.0509759483	-0.0484745935	-0.0436932151	-0.0368567075	-0.0282866287	-0.0183860761	-0.0076207265	0.0035030673	-0.0016086137	-0.1914164949	0.0393126394	-0.0127421098	-0.0012599812	-0.1486872779	0.0414575008	-0.0147399741	0.1404824024	-0.025160642	0	-1.46065131019004	-0.802229739484921	0.448081059024295	0.592443852028073
-0.0201332	0.138348	0.120345	0.00425508	0.00145066	-0.00209565	0.0032109	0.011318	-0.045214	0.000821909999999999	0.00018206	-8.32400000000001e-05	0.1141034	0.0500792346	0.046380053	0.0404158122	0.0324777874	0.0229536472	0.0123085215	0.0010622854	-0.0102358295	-0.0210340579	-0.0308050475	-0.0390716134	-0.0454300417	-0.0495698064	-0.0512887341	-0.0505028777	-0.0472506159	-0.0416907793	-0.0340948932	-0.0248339173	-0.0143601292	-0.0031850365	0.0081456036	0.0025924843	-0.1569683132	-0.0603013656	0.0066054714	-0.0011080396	-0.101834553	0.0569405114	-0.0585729404	0.0638718204	-0.0111299003	0	-1.45573689840545	-0.860554752233474	0.448081059024295	0.592443852028073
0.00778918	0.131151	0.127931	0.00563599	0.00139892	-0.0014102	0.02792238	-0.00719700000000001	0.00758599999999998	0.00138091	-5.17400000000002e-05	0.00068545	0.14861038	0.0500321388	0.0461963565	0.0400197194	0.0318152092	0.0219985635	0.0110672099	-0.0004249396	-0.0118955567	-0.0227634039	-0.0324777874	-0.0405464614	-0.0465605712	-0.0502153708	-0.0513256648	-0.0498351925	-0.0458194789	-0.0394820076	-0.03114391	-0.021227693	-0.0102358295	0.0012747024	0.0127206428	-0.0133361025	-0.1633573761	-0.0164438275	0.0137136452	0.0324948894	-0.126691515	0.0464135719	-0.0080627993	0.0628658563	0.0363158484	0	-1.49311866276192	-0.863903765330201	0.448081059024295	0.592443852028073
0.0328956	0.159287	0.0653094	0.00644903	0.000871306	-0.000952148	0.02510642	0.028136	-0.0626216	0.00081304	-0.000527614	0.000458052	0.20579932	0.0499841859	0.0460094942	0.039617456	0.03114391	0.0210340579	0.0098190728	-0.001911808	-0.013542242	-0.0244611644	-0.0340948932	-0.0419372706	-0.0475762569	-0.0507155786	-0.0511902955	-0.0489754657	-0.0441874568	-0.0370778316	-0.0280201309	-0.0174902479	-0.0060414244	0.0057248166	0.0171902747	0.0021110303	-0.1315885814	0.0226473952	0.0618662987	-0.0381506569	-0.0693527516	0.0944978507	-0.0346596268	0.0398396577	-0.0041704607	0	-0.839465087515898	-1.27882465050182	0.448081059024295	-1.68540061352814
0.0104713	0.1557	0.125887	0.00632553	0.000871306	-0.00143093	-0.0224243	-0.00358699999999998	0.0605776	-0.000123499999999999	0	-0.000478782	0.116703	0.0499353767	0.0458194789	0.039209084	0.030464074	0.0200605435	0.00856488	-0.0033970715	-0.0151740801	-0.0261249837	-0.0356535949	-0.0432411585	-0.0484745935	-0.0510689819	-0.0508830806	-0.0479270103	-0.042361705	-0.0344901501	-0.0247408876	-0.0136446855	-0.0018056415	0.0101317049	0.0215174627	-0.0114336148	-0.1277483033	-0.0135206481	0.0370358048	0.0794169998	-0.0486254138	0.0907333516	-0.0628844667	0.0952942008	0.0075965192	0	-0.908939990836945	-0.910800184876609	0.448081059024295	0.592443852028073
0.0104713	0.142863	0.0627834	0.00637984	0.000871306	-0.00143093	0	-0.012837	-0.0631036	5.43100000000001e-05	0	0	0.0786561	0.0498857119	0.0456263236	0.0387946664	0.0297758875	0.0190784374	0.0073054049	-0.0048794834	-0.0167892817	-0.027752553	-0.0371512224	-0.0444554224	-0.0492533652	-0.0512745577	-0.0504050515	-0.0466938665	-0.0403502279	-0.0317317699	-0.0213243743	-0.0097147774	0.0024425082	0.0144620929	0.0256663501	-0.0039108961	-0.1042307289	0.0458449851	0.0515833855	0.0251159258	-0.0552290734	0.0613954714	-0.0024468356	0.0374028561	-0.009727568	0	-0.946659160904901	-0.799555557608316	0.448081059024295	0.592443852028073
-0.0152226	0.131642	0.0909031	0.00693613	0.000871306	-0.00143093	-0.0256939	-0.011221	0.0281197	0.00055629	0	0	0.0928491	0.0498351925	0.0454300417	0.038374267	0.029079539	0.0180881602	0.0060414244	-0.0063577993	-0.0183860761	-0.0293416141	-0.0385852104	-0.0455775458	-0.0499106512	-0.0513317109	-0.0497578128	-0.0452807864	-0.0381618445	-0.028816343	-0.0177895469	-0.0057248166	0.0066739292	0.0186832834	0.0296025581	-0.0017725672	-0.0992851536	-0.007283402	0.0535155002	-0.037843931	-0.0854622192	0.0433382943	-0.0218652558	0.0207031832	-0.000649229	0	-0.786403717244353	-0.869062178455707	0.448081059024295	0.592443852028073
-0.00154101	0.175666	0.102482	0.00598206	0.000871306	-0.00143093	0.01368159	0.044024	0.0115789	-0.00095407	0	0	0.11698799	0.0497838193	0.0452306464	0.0379479508	0.0283752196	0.0170901359	0.0047737179	-0.0078307784	-0.0199627126	-0.030889962	-0.0399531023	-0.0466052026	-0.0504448302	-0.051240276	-0.0489435374	-0.0436932151	-0.0358061492	-0.0257582983	-0.0141560177	-0.0016994674	0.0108596403	0.0227634039	0.03329347	-0.0065104733	-0.0851021578	-0.047795153	0.0310762715	0.0394504083	-0.0557187993	0.0409659003	-0.0249413916	0.0378247651	0.0214038362	0	-0.57327986591751	-0.915722252468622	0.448081059024295	0.592443852028073
0.0154515	0.0989685	0.115019	0.0060477	0.000680303	-0.00143093	0.01699251	-0.0766975	0.012537	6.56399999999996e-05	-0.000191003	0	0.11905916	0.0497315932	0.0450281516	0.0375157835	0.0276631221	0.016084792	0.0035030673	-0.0092971841	-0.0215174627	-0.0323954483	-0.0412525551	-0.0475362631	-0.0508545847	-0.0510005177	-0.0479649587	-0.0419372706	-0.03329347	-0.0225727706	-0.0104439465	0.0023363873	0.0149709736	0.0266716472	0.0367085017	-0.0149860934	-0.0750029105	0.0256680498	0.0573391672	0.0135868933	-0.0236737001	0.0606063166	-0.029738544	0.0097510954	0.0041128547	0	-1.0596923050366	-0.841236168978166	0.448081059024295	0.592443852028073
0.0363239	0.108979	0.151244	0.00595769	0.000394434	-0.00109685	0.0208724	0.0100105	0.036225	-9.00099999999997e-05	-0.000285869	0.00033408	0.10260585	0.049678515	0.044822571	0.0370778316	0.026943442	0.0150725591	0.0022302563	-0.0107557855	-0.0230486216	-0.033855984	-0.0424813428	-0.0483687975	-0.051138904	-0.0506131302	-0.046825362	-0.0400197194	-0.0306348232	-0.0192755259	-0.0066739292	0.0063577993	0.0189797704	0.0303785035	0.0398193552	-0.0193709927	-0.0682493423	0.020686792	0.0490511881	-0.0083115301	-0.0408157436	0.0265167583	-0.0305274648	0.0392157472	0.0245493605	0	-1.021240323225	-0.860514820448052	0.448081059024295	0.592443852028073
0.0386534	0.126353	0.140819	0.00539091	0.000237378	-0.0011402	0.00232949999999999	0.017374	-0.0104249999999999	-0.00056678	-0.000157056	-4.33500000000002e-05	0.0684878	0.0496245858	0.0446139188	0.0366341627	0.0262163763	0.0140538708	0.0009560698	-0.0122053583	-0.0245545108	-0.0352695426	-0.0436373605	-0.0491010801	-0.0512970867	-0.0500792346	-0.0455285727	-0.0379479508	-0.027841865	-0.0158828827	-0.0028668829	0.0103399101	0.0228585745	0.033855984	0.0426002529	-0.0179850602	-0.0503704041	-0.010541099	0.041903003	0.0551492281	-0.0336289401	0.0226437719	-0.0363948335	0.0221843312	0.0233390541	0	-0.98741832854864	-1.33215083848392	0.448081059024295	0.592443852028073
0.0418324	0.121379	0.144917	0.00611457	0.000243405	-0.00143093	0.003179	-0.00497399999999999	0.00409799999999996	0.00072366	6.027e-06	-0.00029073	0.06327185	0.0495698064	0.0444022092	0.0361848453	0.0254821244	0.0130291632	-0.0003187063	-0.0136446855	-0.0260334792	-0.0366341627	-0.044718628	-0.0497315932	-0.0513287428	-0.0494003765	-0.0440789442	-0.0357299485	-0.0249268406	-0.012411632	0.0009560698	0.014258104	0.0265808199	0.0370778316	0.0450281516	-0.021417424	-0.0538954674	0.0264081314	0.0517828698	-0.0203607078	-0.0164099904	0.0397834631	-0.0164492878	0.0016570676	-0.009727186	0	-0.571021199584375	-1.36957883727599	0.448081059024295	0.592443852028073
0.0361905	0.254734	0.230284	0.00480178	0.000487876	-0.00143093	-0.0056419	0.133355	0.085367	-0.00131279	0.000244471	0	0.30222695	0.0495141777	0.0441874568	0.0357299485	0.0247408876	0.0119988754	-0.0015932859	-0.0150725591	-0.0274839053	-0.0379479508	-0.0457232929	-0.05025903	-0.0512337941	-0.0485785209	-0.0424813428	-0.0333742597	-0.0219025301	-0.0088789537	0.0047737179	0.0180881602	0.0301210128	0.0400197194	0.0470829328	-0.0200741698	-0.0525128733	-0.0615599723	0.0169052625	0.0201504429	0.0066143439	0.0370953726	-0.0532616386	0.0526307549	0.0167678081	0	-0.562357401686784	-1.41443527657621	0.448081059024295	0.592443852028073
0.0584518	0.137195	0.192607	0.00635795	0.00104495	-0.00143093	0.0222613	-0.117539	-0.037677	0.00155617	0.000557074	0	0.2831395	0.0494577007	0.0439696763	0.0352695426	0.0239928691	0.0109634486	-0.0028668829	-0.0164877804	-0.0289041989	-0.039209084	-0.0466496345	-0.0506822973	-0.0510124748	-0.0476160468	-0.0407411319	-0.030889962	-0.018782193	-0.0053023317	0.00856488	0.0218064029	0.0334549064	0.0426594344	0.04874757	-0.0256871734	-0.0322988612	0.0190219359	0.0317991229	0.0394905272	-0.0176102595	0.0277286519	0.0053071095	0.0042285167	0.0241161599	0	0.052715364112343	-1.39061990242137	0.448081059024295	0.592443852028073
0.0480637	0.0318468	0.259048	0.00686697	0.000660293	-0.00143093	-0.0103881	-0.1053482	0.066441	0.00050902	-0.000384657	0	0.22686115	0.0494003765	0.0437488826	0.0348036986	0.0232382738	0.0099233262	-0.0041387117	-0.0178891614	-0.0302928029	-0.0404158122	-0.0474960658	-0.0510005177	-0.0506653309	-0.0465157403	-0.0388641531	-0.0282866287	-0.0155795096	-0.0016994674	0.0123085215	0.0253898477	0.0365596669	0.0449770452	0.0500082695	-0.0331096259	-0.0429593961	0.0369458627	0.0310817857	-0.0541607972	-0.0361747766	-0.0161160274	0.0135332963	-0.0031178393	-0.0086067524	0	0.862028694150222	-1.47166785855634	0.448081059024295	0.592443852028073
0.0565786	0.166496	0.292501	0.00567046	0.00100457	-0.00131946	0.0085149	0.1346492	0.033453	-0.00119651	0.000344277	0.00011147	0.25922995	0.0493422058	0.0435250908	0.0343324881	0.0224773087	0.0088789537	-0.0054079881	-0.0192755259	-0.0316481948	-0.0415664612	-0.048261137	-0.0512130319	-0.0501932186	-0.0452807864	-0.0368567075	-0.025574292	-0.0123085215	0.001911808	0.0159838716	0.028816343	0.0394140296	0.0469550524	0.0508545847	-0.0293178126	-0.0362477853	-0.02700818	0.0169234267	0.0109452182	0.0178865316	0.025193463	-0.030981861	0.0556046537	0.0511736664	0	-0.372781122849803	1.23219600923388	0.448081059024295	0.592443852028073
0.0525186	0.131645	0.259355	0.00597046	0.000916644	-0.00143093	-0.00405999999999999	-0.034851	-0.033146	3e-04	-8.7926e-05	-0.00011147	0.0970268	0.0492831899	0.0432983163	0.033855984	0.0217101824	0.0078307784	-0.0066739292	-0.0206457099	-0.0329688886	-0.0426594344	-0.0489435374	-0.0513193992	-0.0495973023	-0.0439147598	-0.0347255342	-0.0227634039	-0.0089835694	0.0055136214	0.0195705382	0.0320647078	0.041998445	0.0485785209	0.0512795028	-0.0301051756	-0.0140143736	0.058465423	0.0111044178	0.0372138845	0.0338665503	0.0303179452	0.0043825065	0.0487764684	-0.0125079832	0	-0.834036480580902	1.87274148087724	0.448081059024295	0.592443852028073
0.0529081	0.13164	0.22516	0.00611097	0.000868307	-0.00170938	0.000389499999999994	-5.000000000005e-06	-0.034195	0.00014051	-4.8337e-05	-0.00027845	0.05795435	0.0492233296	0.0430685747	0.0333742597	0.020937105	0.0067792492	-0.0079357543	-0.0219985635	-0.0342534364	-0.0436932151	-0.0495420981	-0.0513193992	-0.048879052	-0.0424216147	-0.0324777874	-0.0198647963	-0.005619231	0.0090881467	0.0230486216	0.035114862	0.0442952125	0.0498351925	0.0512795028	-0.0065800088	-0.0055338008	-0.0446431069	0.0257163392	-0.021155109	-0.0127789128	-0.0193637753	-0.0181143747	-0.0169387809	-0.002947355	0	-0.435498431119346	1.71908623649011	0.448081059024295	0.592443852028073
0.0225889	-0.00933227	0.224359	0.00599723	0.00110945	-0.00104494	-0.0303192	-0.14097227	-0.000800999999999996	-0.00011374	0.000241143	0.00066444	0.22305862	0.0491626259	0.0428358815	0.0328873894	0.0201582885	0.0057248166	-0.0091926851	-0.0233329509	-0.0355004298	-0.044666369	-0.0500557939	-0.0512130319	-0.0480402391	-0.0408056734	-0.0301210128	-0.0168896389	-0.0022302563	0.0126176931	0.0263988242	0.0379479508	0.0462886013	0.0507155786	0.0508545847	-0.0213309156	0.0065631828	-0.0508444815	0.0073366235	0.0194433806	-0.0136342592	-0.0494755343	0.0040715682	-0.0192658548	0.0410242962	0	-0.021665027867037	0.296126636369739	0.448081059024295	-1.68540061352814
0.104762	0.124647	0.145105	0.00726131	0.00110599	-0.000177043	0.0821731	0.13397927	-0.079254	0.00126408	-3.46000000000005e-06	0.000867897	0.40217822	0.0491010801	0.0426002529	0.0323954483	0.0193739464	0.004667932	-0.0104439465	-0.024647752	-0.0367085017	-0.0455775458	-0.0504837447	-0.0510005177	-0.0470829328	-0.0390716134	-0.0276631221	-0.0138493968	0.0011684964	0.016084792	0.0296025581	0.0405464614	0.0479649587	0.0512130319	0.0500082695	-0.0162080819	0.0204843354	0.0169683597	0.039691841	0.0297066589	0.0693572465	0.0296925045	-0.0015865307	-0.0208796647	-0.0199202607	0	-0.807497987709657	0.810593411962324	0.448081059024295	-1.68540061352814
0.0671919	0.142058	0.227573	0.00662173	0.0019607	-0.000791923	-0.0375701	0.017411	0.082468	-0.00063958	0.00085471	-0.00061488	0.2429076	0.049038693	0.042361705	0.0318985121	0.0185842938	0.0036090482	-0.0116887668	-0.0259418632	-0.0378763275	-0.046425481	-0.0508252175	-0.0506822973	-0.0460094942	-0.0372244541	-0.0251123665	-0.0107557855	0.0045621261	0.019472284	0.032642048	0.0428943306	0.0493128035	0.0513237961	0.04874757	-0.0206399907	0.0196555709	0.0483352605	0.0319398745	0.0378447495	0.0479500172	0.0229505213	0.0334431142	0.0260771561	-0.03415587	0	-0.582920746139954	1.45741588997221	0.448081059024295	0.592443852028073
0.0669477	0.20469	0.30945	0.00581425	0.00191966	-0.00123536	-0.0002442	0.062632	0.081877	-0.00080748	-4.10400000000002e-05	-0.000443437	0.20935105	0.0489754657	0.042120254	0.0313966575	0.0177895469	0.0025486187	-0.0129263783	-0.0272141981	-0.0390026269	-0.0472089983	-0.0510796273	-0.05025903	-0.044822571	-0.0352695426	-0.0224773087	-0.0076207265	0.0079357543	0.0227634039	0.0355004298	0.0449770452	0.050322904	0.051047035	0.0470829328	-0.0145224933	0.0016819889	-0.0166031502	0.0070439575	-0.0519464249	0.0198038424	0.0048551102	-0.0122608684	-0.0151720398	-0.0189322972	0	0.521158578889024	2.74089490111085	0.448081059024295	0.592443852028073
0.0670003	0.199218	0.364962	0.00653111	0.00184642	-0.00110402	5.25999999999999e-05	-0.005472	0.055512	0.00071686	-7.32399999999998e-05	0.00013134	0.1071086	0.0489113994	0.0418759166	0.030889962	0.0169899238	0.0014870976	-0.0141560177	-0.0284636888	-0.040086165	-0.0479270103	-0.0512465384	-0.0497315932	-0.0435250908	-0.0332125377	-0.0197667948	-0.0044563007	0.0112745899	0.0259418632	0.0381618445	0.0467817305	0.0509883422	0.0503848382	0.0450281516	-0.0261872119	0.0141589417	0.0026329337	0.0195679299	-0.0405182355	0.0772098867	0.0298126528	-0.012163776	0.0299114966	0.0239170683	0	0.451188163213164	3.07431919387287	0.448081059024295	0.592443852028073
0.0670034	0.234698	0.41236	0.00580038	0.00188114	-0.000981536	3.10000000000588e-06	0.03548	0.0473980000000001	-0.00073073	3.47199999999998e-05	0.000122484	0.1272778	0.0488464951	0.0416287094	0.0303785035	0.0161856435	0.0004249396	-0.0153769266	-0.0296892864	-0.041125754	-0.0485785209	-0.0513256648	-0.0491010801	-0.042120254	-0.0310593936	-0.0169899238	-0.0012747024	0.0145639947	0.0289919311	0.0406115256	0.0482972307	0.0513045605	0.0493422058	0.0426002529	-0.0259721866	0.0256611205	-0.0251255241	-0.0097635622	0.0783506693	0.121685957	0.0514187176	-0.0768037407	0.1062131106	-0.020073823	0	0.384878738930851	2.66495424458594	0.448081059024295	0.592443852028073
0.0670483	0.146178	0.417221	0.0055078	0.00180542	-0.00129543	4.49000000000144e-05	-0.08852	0.00486099999999995	-0.00029258	-7.57199999999998e-05	-0.000313894	0.1275356	0.048780754	0.0413786495	0.029862361	0.0153769266	-0.0006374004	-0.016588352	-0.030889962	-0.042120254	-0.0491626259	-0.051316871	-0.0483687975	-0.0406115256	-0.028816343	-0.0141560177	0.001911808	0.0177895469	0.0318985121	0.0428358815	0.0495141777	0.051269393	0.0479270103	0.0398193552	-0.0272352859	0.0238000343	0.0733723457	-0.0192336655	0.0998923105	0.0868165248	0.0207395487	0.0149862854	0.0887582219	0.0062995227	0	-0.014780557114104	2.60424016267523	0.448081059024295	0.592443852028073
0.0669891	0.164598	0.355562	0.00608328	0.00204856	-0.00123878	-5.92000000000093e-05	0.01842	-0.061659	0.00057548	0.00024314	5.66499999999999e-05	0.1239017	0.0487141772	0.041125754	0.0293416141	0.0145639947	-0.0016994674	-0.0177895469	-0.0320647078	-0.0430685747	-0.049678515	-0.051220172	-0.0475362631	-0.0390026269	-0.0264898788	-0.0112745899	0.0050909511	0.020937105	0.0346472211	0.044822571	0.0504250488	0.0508830806	0.0461499372	0.0367085017	-0.0044826233	0.0195122179	0.0436186269	-0.0136035617	0.0170179871	0.0387859705	-0.0176439541	-0.0296540529	0.0330356174	-0.0138994676	0	0.416872608115855	2.42711831657294	0.448081059024295	0.592443852028073
0.0669783	0.114665	0.365649	0.00655502	0.00205194	-0.00129543	-1.08000000000052e-05	-0.049933	0.010087	0.00047174	3.37999999999988e-06	-5.66499999999999e-05	0.0866193	0.0486467657	0.0408700402	0.028816343	0.0137470706	-0.0027608065	-0.0189797704	-0.0332125377	-0.0439696763	-0.0501254723	-0.0510357335	-0.0466052026	-0.0372975264	-0.0240867353	-0.0083553134	0.0082504761	0.0239928691	0.0372244541	0.0465605712	0.0510242134	0.0501482692	0.0440244045	0.03329347	-0.0053393045	0.0245725645	0.0057651228	-0.0352516139	0.0557663733	-0.0121503701	-0.0518170734	0.0536872245	0.0101333296	0.053059137	0	1.2462228181579	2.540883307863	0.448081059024295	0.592443852028073
0.0388831	0.147155	0.39864	0.00602674	0.0020992	-0.00162383	-0.0280952	0.03249	0.032991	-0.00052828	4.72599999999999e-05	-0.0003284	0.1387732	0.0485785209	0.0406115256	0.0282866287	0.0129263783	-0.0038209632	-0.0201582885	-0.0343324881	-0.044822571	-0.0505028777	-0.0507638714	-0.0455775458	-0.0355004298	-0.0216138688	-0.0054079881	0.0113782077	0.026943442	0.039617456	0.0480402391	0.0513079677	0.0490699916	0.0415664612	0.0296025581	0.0051046299	0.0043549519	0.0330339057	-0.0403123092	-0.055722363	0.0036348289	-0.047496442	-0.0068669775	-0.0150062677	-0.0471294978	0	1.01684019425253	2.6514127466986	0.448081059024295	0.592443852028073
0.01134	0.109479	0.491775	0.00868705	0.00251849	-0.00171354	-0.0275431	-0.037676	0.093135	0.00266031	0.00041929	-8.971e-05	0.3168196	0.0485094437	0.0403502279	0.027752553	0.0121021428	-0.0048794834	-0.0213243743	-0.035423619	-0.0456263236	-0.0508102074	-0.0504050515	-0.0444554224	-0.0336157698	-0.0190784374	-0.0024425082	0.0144620929	0.0297758875	0.0418143832	0.0492533652	0.0512745577	0.0476556328	0.0387946664	0.0256663501	-0.0263935251	0.0376326555	-0.0343338661	-0.0501718841	0.0252525509	0.0038383151	-0.08047285	-0.0200357601	0.0098411411	0.0383596313	0	1.28955268270598	2.6421013682256	0.448081059024295	0.592443852028073
0.0737184	0.127239	0.410697	0.00527957	0.00247718	-0.00129543	0.0623784	0.01776	-0.081078	-0.00340748	-4.13100000000001e-05	0.00041811	0.3545614	0.0484395355	0.040086165	0.0272141981	0.0112745899	-0.0059359137	-0.0224773087	-0.0364850145	-0.046380053	-0.051047035	-0.0499598883	-0.0432411585	-0.0316481948	-0.0164877804	0.0005311711	0.0174902479	0.0324777874	0.0438043627	0.0501932186	0.0509241898	0.0459148799	0.0357299485	0.0215174627	0.0129870339	-0.001454048	0.0187380965	-0.0858225836	-0.0231533247	-0.0146093901	-0.0731599503	-0.001825339	-0.0078367538	-0.007689225	0	1.20614989469266	2.71553390991773	0.448081059024295	0.592443852028073
0.0122643	0.146028	0.467015	0.00551582	0.00275391	-0.00205006	-0.0614541	0.018789	0.0563179999999999	0.00023625	0.00027673	-0.00075463	0.1999416	0.0483687975	0.0398193552	0.0266716472	0.0104439465	-0.0069898018	-0.0236163807	-0.0375157835	-0.0470829328	-0.0512130319	-0.0494291445	-0.0419372706	-0.0296025581	-0.0138493968	0.0035030673	0.0204510037	0.0350372959	0.0455775458	0.0508545847	0.05025903	0.0438596552	0.0323954483	0.0171902747	0.0117949284	0.0086477775	0.0026435155	-0.0734505281	-0.0221485249	0.0050745912	-0.0628282679	0.0070686254	-0.0091920371	0.0096456559	0	1.31124257184876	0.382196453891844	0.448081059024295	0.592443852028073
0.000240991	0.157885	0.458117	0.00523957	0.00253338	-0.00215749	-0.012023309	0.011857	-0.00889799999999996	-0.00027625	-0.00022053	-0.00010743	0.0629888090000001	0.0482972307	0.0395498165	0.0261249837	0.0096104404	-0.0080406961	-0.0247408876	-0.0385150608	-0.0477341923	-0.0513079677	-0.0488137291	-0.0405464614	-0.0274839053	-0.0111709238	0.0064632038	0.0233329509	0.0374431914	0.0471251565	0.0512337941	0.0492831899	0.041504035	0.028816343	0.0127206428	0.025703509	-0.0035844844	5.1926e-06	-0.0843098137	-0.0751001346	-0.0298301497	-0.0924556499	0.0196668885	-0.0243537933	-0.0291217312	0	0.875128958882402	2.6141725298934	0.448081059024295	0.592443852028073
0.00410556	0.234368	0.484544	0.0077144	0.00256047	-0.00205006	0.003864569	0.076483	0.026427	0.00247483	2.709e-05	0.00010743	0.237242069	0.0482248365	0.0392775675	0.025574292	0.0087742999	-0.0090881467	-0.0258501361	-0.0394820076	-0.0483331176	-0.0513317109	-0.0481146965	-0.0390716134	-0.0252974622	-0.0084601148	0.0094016433	0.0261249837	0.0396849258	0.0484395355	0.0513287428	0.0480027017	0.0388641531	0.0250196571	0.0081456036	0.0160909593	0.014224239	-0.0361522265	-0.0570013217	-0.1139317726	-0.0083257824	-0.0599904844	-0.0245249315	-0.0428382871	0.0057768175	0	0.442797357209417	2.72832906721003	0.448081059024295	0.592443852028073
0.0083113	0.237688	0.484269	0.00977092	0.00265751	-0.00211773	0.00420574	0.00332000000000002	-0.000275000000000025	0.00205652	9.70400000000001e-05	-6.76700000000001e-05	0.11886224	0.0481516161	0.0390026269	0.0250196571	0.0079357543	-0.0101317049	-0.026943442	-0.0404158122	-0.048879052	-0.0512842283	-0.047333244	-0.0375157835	-0.0230486216	-0.0057248166	0.0123085215	0.028816343	0.0417526707	0.0495141777	0.051138904	0.046425481	0.03595809	0.0210340579	0.0035030673	0.0063470215	0.0392238691	-0.0631083556	-0.0639935252	0.0047612299	0.0427423991	-0.0498405616	0.0031029752	0.0096321437	-0.0135615738	0	0.690578352060494	1.20426450290277	0.448081059024295	0.592443852028073
-0.0128722	0.270317	0.580378	0.0103433	0.00334305	-0.00205006	-0.0211835	0.032629	0.096109	0.000572379999999999	0.00068554	6.76700000000001e-05	0.216201	0.0480775708	0.0387250135	0.0244611644	0.0070950334	-0.0111709238	-0.0280201309	-0.0413156908	-0.0493713969	-0.0511655859	-0.0464707102	-0.0358821964	-0.0207429306	-0.002972947	0.0151740801	0.0313966575	0.0436373605	0.0503437644	0.0506653309	0.0445612775	0.0328057493	0.0168896389	-0.0011684964	-0.0200316589	0.0509028509	0.0415108883	-0.0740850472	0.021606069	0.060418071	-0.0265778496	-0.0057302338	-0.0107025947	0.0344196134	0	1.09644953821696	1.15464769204982	0.448081059024295	0.592443852028073
-0.00735117	0.239924	0.486044	0.0104374	0.00319096	-0.00248809	0.00552103	-0.0303930000000001	-0.094334	9.40999999999997e-05	-0.00015209	-0.00043803	0.16445903	0.0480027017	0.0384447462	0.0238989001	0.0062523676	-0.0122053583	-0.029079539	-0.042180888	-0.0498096126	-0.0509759483	-0.0455285727	-0.034174238	-0.0183860761	-0.0002124716	0.0179886993	0.033855984	0.0453307324	0.0509241898	0.0499106512	0.0424216147	0.0294287216	0.0126176931	-0.0058303776	0.0156564922	0.0424179065	0.0229367184	-0.0591719197	-0.019886244	0.003299572	-0.0512954132	0.0202297885	-0.016371433	-0.003072213	0	0.784966902731406	2.93297742078034	0.448081059024295	0.592443852028073
-0.0173178	0.244797	0.54696	0.0116375	0.00253273	-0.00235474	-0.00996663	0.00487300000000002	0.060916	0.0012001	-0.00065823	0.00013335	0.17533963	0.0479270103	0.0381618445	0.0233329509	0.0054079881	-0.0132345652	-0.0301210128	-0.0430106775	-0.0501932186	-0.0507155786	-0.0445084453	-0.0323954483	-0.0159838716	0.0025486187	0.0207429306	0.0361848453	0.046825362	0.0512525814	0.048879052	0.0400197194	0.0258501361	0.0082504761	-0.0104439465	0.0021442594	0.0494001287	-0.0546318862	-0.0819231301	0.0025280508	-0.0249724349	-0.0817176653	-0.0025605805	-0.0563746506	0.0595028971	0	0.677473625765186	2.83697857330852	0.448081059024295	0.592443852028073
-0.0286192	0.250133	0.479462	0.0107341	0.00296052	-0.00264342	-0.0113014	0.00533600000000001	-0.067498	-0.000903399999999999	0.00042779	-0.00028868	0.1651289	0.0478504978	0.0378763275	0.0227634039	0.0045621261	-0.014258104	-0.03114391	-0.0438043627	-0.0505217943	-0.0503848382	-0.0434120755	-0.030549514	-0.013542242	0.0053023317	0.0234275279	0.038374267	0.0481146965	0.0513273137	0.0475762569	0.0373704389	0.0220945026	0.0038209632	-0.0149709736	0.0351758824	0.0178075659	0.0121035292	-0.0790975203	-0.0606259611	-0.0080664804	-0.0437556598	0.030982168	-0.0643163947	-0.0336815165	0	1.09721664822714	2.80307967040629	-2.22840312389761	0.592443852028073
-0.0533522	0.232872	0.558075	0.0127117	0.002992	-0.00291195	-0.024733	-0.017261	0.078613	0.0019776	3.14800000000004e-05	-0.00026853	0.2344875	0.0477731655	0.0375882149	0.0221903471	0.0037150137	-0.015275536	-0.0321475998	-0.0445612775	-0.0507949796	-0.0499841859	-0.0422413413	-0.0286402612	-0.0110672099	0.0080406961	0.0260334792	0.0404158122	0.0491930831	0.051148017	0.0460094942	0.0344901501	0.0181875435	-0.0006374004	-0.0193739464	0.0101003113	0.0569865294	0.0023262385	-0.0359461608	-0.0730282143	0.0083355228	-0.0285572866	0.0049743443	-0.0586785117	0.0377610603	0	1.23376167234368	2.18329965456189	0.448081059024295	0.592443852028073
-0.0691071	0.267037	0.527857	0.0130578	0.0028903	-0.00320206	-0.0157549	0.034165	-0.030218	0.000346099999999998	-0.0001017	-0.00029011	0.1170334	0.0476950147	0.0372975264	0.0216138688	0.0028668829	-0.0162864257	-0.0331314631	-0.0452807864	-0.0510124748	-0.0495141777	-0.0409982483	-0.0266716472	-0.00856488	0.0107557855	0.0285520362	0.0423016137	0.0500557939	0.0507155786	0.0441874568	0.0313966575	0.0141560177	-0.0050909511	-0.0236163807	0.0247150909	0.0499875172	-0.0632849287	-0.061808969	0.0114311643	0.0225914317	-0.0381624664	0.0222460709	-0.0028440256	-0.0424787929	0	1.48842462831844	2.39715179633877	0.448081059024295	0.592443852028073
-0.0774476	0.256887	0.586211	0.0137782	0.00286457	-0.00349795	-0.0083405	-0.01015	0.0583539999999999	0.000720400000000001	-2.57300000000003e-05	-0.00029589	0.1289455	0.0476160468	0.037004282	0.0210340579	0.0020179662	-0.01729034	-0.0340948932	-0.0459622855	-0.0511740416	-0.0489754657	-0.0396849258	-0.024647752	-0.0060414244	0.0134397405	0.0309747441	0.0440244045	0.0506990465	0.0500321388	0.042120254	0.0281090841	0.010027537	-0.0095060622	-0.0276631221	0.0029915364	0.0644376792	0.015455625	-0.0347211671	-0.0174019414	0.0396650798	-0.0035977617	0.0107811504	-0.065561365	0.0161858107	0	1.36309290657897	2.7129282516438	0.448081059024295	0.592443852028073
-0.088305	0.258574	0.558066	0.0141983	0.00269985	-0.00353544	-0.0108574	0.00168699999999999	-0.028145	0.0004201	-0.00016472	-3.74899999999998e-05	0.0718049000000001	0.0475362631	0.0367085017	0.0204510037	0.0011684964	-0.018286849	-0.0350372959	-0.0466052026	-0.0512795028	-0.0483687975	-0.0383036235	-0.0225727706	-0.0035030673	0.016084792	0.03329347	0.0455775458	0.0511200208	0.0491010801	0.0398193552	0.024647752	0.0058303776	-0.0138493968	-0.0314806383	0.0223233131	0.0632697859	-0.0168224054	-0.0378117503	-0.0502828994	0.0230475231	-0.0453617174	0.0423264407	0.0033829065	-0.048748572	0	1.29503036683537	2.924245035686	0.448081059024295	0.592443852028073
-0.1081	0.342613	0.568999	0.0147808	0.00280726	-0.00385763	-0.019795	0.084039	0.0109330000000001	0.000582499999999998	0.00010741	-0.00032219	0.165372	0.0474556651	0.0364102058	0.0198647963	0.0003187063	-0.0192755259	-0.03595809	-0.0472089983	-0.0513287428	-0.0476950147	-0.0368567075	-0.0204510037	-0.0009560698	0.0186832834	0.0355004298	0.0469550524	0.051316871	0.0479270103	0.0372975264	0.0210340579	0.0015932859	-0.0180881602	-0.0350372959	0.0196180564	0.0664314647	-0.0608549347	-0.0208244648	0.0288025757	0.0237132023	0.0174375568	-0.0235316489	-0.0849975718	0.033410651	0	1.16658893559626	2.09284039904946	0.448081059024295	0.592443852028073
-0.113386	0.288151	0.561535	0.0146646	0.00253177	-0.00378665	-0.00528599999999999	-0.054462	-0.00746400000000003	-0.000116199999999997	-0.00027549	7.098e-05	0.0903455	0.047374254	0.0361094147	0.0192755259	-0.0005311711	-0.0202559471	-0.0368567075	-0.0477731655	-0.0513217075	-0.0469550524	-0.0353466565	-0.018286849	0.0015932859	0.021227693	0.0375882149	0.0481516161	0.0512887341	0.0465157403	0.0345687596	0.01729034	-0.0026547183	-0.0221903471	-0.0383036235	0.0303474062	0.0465689743	0.0310665343	-0.0246654996	-0.0451303708	0.0237734368	0.0060057922	0.0897155962	-0.0191126473	-0.0173035475	0	0.989638880409198	1.4287117560582	0.448081059024295	0.592443852028073
-0.115493	0.359214	0.583686	0.0145007	0.00289446	-0.0040784	-0.00210700000000003	0.0710629999999999	0.0221509999999999	-0.000163900000000002	0.00036269	-0.00029175	0.136238	0.0472920312	0.0358061492	0.0186832834	-0.001380903	-0.021227693	-0.0377325944	-0.0482972307	-0.0512584048	-0.0461499372	-0.0337760571	-0.016084792	0.0041387117	0.0237106555	0.0395498165	0.0491626259	0.0510357335	0.0448742547	0.0316481948	0.0134397405	-0.0068845403	-0.0261249837	-0.0412525551	0.0370728663	0.0556752543	-0.0263839798	-0.0144967686	-0.0191995419	0.0451235616	0.0451809523	-0.0163220326	-0.0469145981	0.0050014252	0	0.20508081223017	2.26992385553975	0.448081059024295	-1.68540061352814
-0.129927	0.281352	0.609703	0.0151247	0.00267624	-0.00396391	-0.014434	-0.077862	0.0260170000000001	0.000624000000000001	-0.00021822	0.00011449	0.1661485	0.0472089983	0.0355004298	0.0180881602	-0.0022302563	-0.0221903471	-0.0385852104	-0.048780754	-0.051138904	-0.0452807864	-0.0321475998	-0.0138493968	0.0066739292	0.0261249837	0.0413786495	0.0499841859	0.0505589784	0.0430106775	0.0285520362	0.0095060622	-0.0110672099	-0.029862361	-0.0438596552	0.014447895	0.0556184162	0.0324770937	-0.0152927539	0.0488135405	0.0318791186	0.0128146168	0.0587254032	0.0218953541	0.0123278281	0	-1.02495067066065	2.70619810051251	0.448081059024295	0.592443852028073
-0.130584	0.364385	0.641525	0.0154605	0.0029019	-0.00416792	-0.000657000000000019	0.083033	0.031822	0.000335799999999997	0.00022566	-0.00020401	0.1537855	0.0471251565	0.0351922777	0.0174902479	-0.0030789983	-0.0231434973	-0.0394140296	-0.0492233296	-0.050963336	-0.0443488058	-0.030464074	-0.0115852966	0.0091926851	0.0284636888	0.0430685747	0.0506131302	0.049860559	0.0409342319	0.0252974622	0.0055136214	-0.0151740801	-0.0333742597	-0.0461033203	0.0038500346	0.0481478629	0.0247432775	0.031040178	-0.0233568283	0.0373026425	0.0349498312	-0.0082038046	-0.0476361653	0.0048989088	0	-1.33697008795994	2.31709597003682	0.448081059024295	0.592443852028073
-0.206994	0.300999	0.61302	0.0165808	0.00298149	-0.00463368	-0.07641	-0.0633860000000001	-0.028505	0.0011203	7.95899999999996e-05	-0.00046576	0.2515835	0.0470405074	0.0348817138	0.0168896389	-0.0039268963	-0.0240867353	-0.040218541	-0.0496245858	-0.0507318935	-0.0433552888	-0.0287283636	-0.0092971841	0.0116887668	0.0307200012	0.0446139188	0.051047035	0.0489435374	0.0386551947	0.0219025301	0.0014870976	-0.0191770227	-0.0366341627	-0.0479649587	0.0031417585	0.055720891	-0.0302242753	0.0487000904	0.012695735	0.013652523	-0.0049865003	0.0511890334	0.0033192828	-0.0334703333	0	-0.783952088305968	0.799453900398636	0.448081059024295	0.592443852028073
-0.235812	0.385992	0.631898	0.0170112	0.00324754	-0.005165	-0.028818	0.084993	0.018878	0.000430400000000001	0.00026605	-0.000531319999999999	0.1940775	0.0469550524	0.0345687596	0.0162864257	-0.0047737179	-0.0250196571	-0.0409982483	-0.0499841859	-0.0504448302	-0.0423016137	-0.026943442	-0.0069898018	0.0141560177	0.0328873894	0.0460094942	0.0512842283	0.047811934	0.0361848453	0.0183860761	-0.0025486187	-0.0230486216	-0.039617456	-0.0494291445	-0.0095937475	0.0523005155	-0.0267059832	0.0634471236	0.0343261516	0.0284935338	0.0195739838	-0.010007452	-0.0740561645	-0.0382816745	0	-0.6898242602303	0.61244860471507	0.448081059024295	0.592443852028073
-0.216379	0.268102	0.623793	0.0168341	0.00267624	-0.0049817	0.019433	-0.11789	-0.00810499999999992	-0.000177100000000003	-0.0005713	0.000183299999999999	0.192013	0.0468687929	0.0342534364	0.0156807013	-0.005619231	-0.0259418632	-0.0417526707	-0.0503018281	-0.0501024608	-0.0411892428	-0.0251123665	-0.004667932	0.016588352	0.0349595797	0.0472506159	0.0513237961	0.0464707102	0.0335354099	0.0147676106	-0.0065685806	-0.0267623602	-0.0423016137	-0.0504837447	0.0084523001	0.0393233723	0.0558977073	0.0713308717	-0.02424426	0.0045421942	0.027704651	0.0615130253	-0.0128749978	0.0095369758	0	0.15025405719874	0.577047622314469	0.448081059024295	0.592443852028073
-0.216498	0.33748	0.638474	0.0162799	0.00305816	-0.00492312	-0.000119000000000008	0.069378	0.0146809999999999	-0.000554199999999998	0.00038192	5.85800000000008e-05	0.133913	0.0467817305	0.0339357659	0.0150725591	-0.0064632038	-0.0268529586	-0.0424813428	-0.0505772456	-0.0497051606	-0.0400197194	-0.0232382738	-0.0023363873	0.0189797704	0.0369305738	0.0483331176	0.0511655859	0.0449257461	0.0307200012	0.0110672099	-0.0105479382	-0.0302928029	-0.044666369	-0.0511200208	0.0206281457	0.0364569958	-0.0314673559	0.036798498	-0.0041716343	-0.0161866024	-0.0110440182	-0.0160084509	-0.0192133968	-0.0450656065	0	0.369846338516906	0.334844552325415	0.448081059024295	0.592443852028073
-0.25271	0.310572	0.641331	0.0166791	0.00282052	-0.00535212	-0.036212	-0.026908	0.00285700000000011	0.000399199999999995	-0.00023764	-0.000429000000000001	0.119269	0.0466938665	0.0336157698	0.0144620929	-0.0073054049	-0.027752553	-0.0431838154	-0.0508102074	-0.0492533652	-0.0387946664	-0.0213243743	0	0.0213243743	0.0387946664	0.0492533652	0.0508102074	0.0431838154	0.027752553	0.0073054049	-0.0144620929	-0.0336157698	-0.0466938665	-0.0513327002	0.0164527881	0.0239545232	-0.0251895326	0.029291354	0.0429651623	-0.0126737873	0.0106775463	0.0855114077	0.0032616784	0.0073580592	0	0.399690849665391	0.281750018504871	0.448081059024295	0.592443852028073
-0.236405	0.357845	0.655196	0.0170019	0.00288141	-0.00535903	0.016305	0.047273	0.0138649999999999	0.000322800000000005	6.08900000000001e-05	-6.90999999999973e-06	0.0969730000000001	0.0466052026	0.03329347	0.0138493968	-0.0081456036	-0.0286402612	-0.0438596552	-0.0510005177	-0.04874757	-0.0375157835	-0.0193739464	0.0023363873	0.0236163807	0.0405464614	0.0500082695	0.05025903	0.0412525551	0.024647752	0.0035030673	-0.018286849	-0.0367085017	-0.0483687975	-0.0511200208	0.009692002	0.0133308749	0.0203097742	0.0593475325	0.0029066679	0.0047120378	0.0315469289	-0.0082305332	-0.0322945958	-0.0732228271	0	0.458820224637596	0.268351294227948	0.448081059024295	0.592443852028073
-0.252748	0.336254	0.674757	0.0175659	0.00294491	-0.00532642	-0.016343	-0.021591	0.0195609999999999	0.000563999999999995	6.34999999999998e-05	3.26099999999998e-05	0.0905004999999999	0.0465157403	0.0329688886	0.0132345652	-0.0089835694	-0.0295157031	-0.0445084453	-0.051148017	-0.0481883295	-0.0361848453	-0.0173903312	0.004667932	0.0258501361	0.042180888	0.0505952962	0.0495141777	0.0391404325	0.0214209644	-0.0003187063	-0.0219985635	-0.0395498165	-0.049678515	-0.0504837447	-0.0046533984	0.0160492279	0.0308856531	0.0855308214	0.0025984592	-0.0006759139	0.0324806707	0.0478122337	-0.0029511186	0.0438057243	0	0.672207865884333	0.212631375543537	0.448081059024295	0.592443852028073
-0.230499	0.381372	0.631221	0.0171149	0.00292146	-0.00538455	0.022249	0.045118	-0.0435359999999999	-0.000451	-2.34499999999999e-05	-5.813e-05	0.137532	0.046425481	0.032642048	0.0126176931	-0.0098190728	-0.0303785035	-0.0451297856	-0.0512525814	-0.0475762569	-0.0348036986	-0.0153769266	0.0069898018	0.0280201309	0.0436932151	0.0510124748	0.0485785209	0.0368567075	0.0180881602	-0.0041387117	-0.025574292	-0.042120254	-0.0506131302	-0.0494291445	0.0352135494	0.0020359652	0.0015204041	0.0255066451	0.0438163085	-0.0253534892	0.00960557	-0.0158510288	0.003870086	-0.0382513679	0	0.511238014428045	0.357305244518474	0.448081059024295	0.592443852028073
-0.234504	0.346311	0.702395	0.0175465	0.00286954	-0.00541428	-0.00400500000000001	-0.035061	0.071174	0.000431600000000004	-5.192e-05	-2.97299999999995e-05	0.1359025	0.0463344264	0.0323129704	0.0119988754	-0.0106518847	-0.0312282931	-0.0457232929	-0.051314123	-0.0469120231	-0.0333742597	-0.0133371814	0.0092971841	0.0301210128	0.0450790651	0.0512584048	0.0474556651	0.0344113928	0.014665834	-0.0079357543	-0.0289919311	-0.0444022092	-0.0511655859	-0.0479649587	-0.0058089603	-0.0093274922	0.0176996653	0.0690576616	-0.0157192151	-0.0243050555	0.0244482811	0.0432490175	-0.0402683378	0.0264033824	0	0.556762968034697	0.472902909815218	0.448081059024295	0.592443852028073
-0.231199	0.358152	0.653191	0.0175466	0.00267875	-0.00550135	0.003305	0.011841	-0.049204	9.99999999994061e-08	-0.00019079	-8.70700000000007e-05	0.0782480000000001	0.0462425779	0.0319816784	0.0113782077	-0.0114817767	-0.0320647078	-0.0462886013	-0.0513325903	-0.0461963565	-0.0318985121	-0.0112745899	0.0115852966	0.0321475998	0.0463344264	0.0513322605	0.0461499372	0.0318152092	0.0111709238	-0.0116887668	-0.0322303541	-0.046380053	-0.0513317109	-0.0461033203	0.0324037456	-0.0152154744	-0.0034514535	0.0706275626	-0.0528967372	-0.0208374505	0.0217059018	-0.017344619	-0.0057393961	-0.0347713926	0	0.925138062279566	0.514333329813741	0.448081059024295	0.592443852028073
-0.246701	0.370202	0.720224	0.0180369	0.00267875	-0.00533962	-0.015502	0.0120499999999999	0.067033	0.000490300000000003	0	0.000161730000000001	0.1271865	0.0461499372	0.0316481948	0.0107557855	-0.0123085215	-0.0328873894	-0.046825362	-0.0513079677	-0.0454300417	-0.0303785035	-0.0091926851	0.0138493968	0.0340948932	0.0474556651	0.0512337941	0.044666369	0.029079539	0.0076207265	-0.0153769266	-0.0352695426	-0.0480402391	-0.0511102507	-0.0438596552	-0.0085412718	-0.0103411248	-0.0554176889	0.0688269367	0.0420511311	-0.0061398081	0.0429276789	0.0186170458	0.0147001635	0.0330138656	0	0.724545905233884	0.018208281515709	0.448081059024295	0.592443852028073
-0.240926	0.372927	0.673333	0.0177262	0.00267875	-0.00582133	0.005775	0.00272500000000003	-0.046891	-0.000310700000000001	0	-0.000481710000000001	0.0950115000000001	0.0460565059	0.0313125424	0.0101317049	-0.0131318924	-0.0336959856	-0.047333244	-0.051240276	-0.0446139188	-0.028816343	-0.0070950334	0.016084792	0.03595809	0.0484395355	0.050963336	0.0430106775	0.0262163763	0.0040328127	-0.0189797704	-0.0380907096	-0.0493713969	-0.0505028777	-0.0412525551	0.0266874168	-0.0234515698	0.0483734977	0.049056986	0.0504784343	0.0152915248	0.0599551586	-0.0197649309	0.0212471916	-0.0542445678	0	0.626132466926865	0.58810959459222	0.448081059024295	0.592443852028073
-0.245206	0.369674	0.724407	0.0177275	0.00267875	-0.00580781	-0.00427999999999998	-0.00325300000000001	0.0510740000000001	1.29999999999922e-06	0	1.35200000000004e-05	0.059348	0.0459622855	0.0309747441	0.0095060622	-0.0139516636	-0.0344901501	-0.047811934	-0.0511295719	-0.0437488826	-0.0272141981	-0.0049852279	0.018286849	0.0377325944	0.0492831899	0.0505217943	0.0411892428	0.0232382738	0.0004249396	-0.0224773087	-0.0406764158	-0.0503644092	-0.0495141777	-0.0383036235	0.0084224336	-0.0220239126	0.0437134439	0.088303714	-0.0069008347	0.0034883153	0.0872726614	-0.0008225626	-0.0186860873	0.0418836996	0	0.453752446620511	0.703512147065983	0.448081059024295	0.592443852028073
-0.252669	0.371222	0.648253	0.0175939	0.00226094	-0.00593466	-0.00746300000000003	0.00154799999999999	-0.0761540000000001	-0.000133599999999998	-0.00041781	-0.00012685	0.119078	0.0458672776	0.0306348232	0.0088789537	-0.0147676106	-0.0352695426	-0.048261137	-0.0509759483	-0.0428358815	-0.025574292	-0.0028668829	0.0204510037	0.0394140296	0.0499841859	0.0499106512	0.039209084	0.0201582885	-0.0031850365	-0.0258501361	-0.0430106775	-0.0510124748	-0.0481516161	-0.0350372959	0.0595121764	-0.0348977939	-0.026322897	0.0350202109	0.0431042916	-0.0272078325	0.0328113282	-0.0030496441	0.0550373184	-0.0748753945	0	0.169659904868102	1.12624037398794	0.448081059024295	0.592443852028073
-0.252625	0.382416	0.718707	0.0178857	0.00226094	-0.00578942	4.4000000000044e-05	0.011194	0.070454	0.000291799999999998	0	0.00014524	0.103544	0.0457714839	0.0302928029	0.0082504761	-0.0155795096	-0.0360338295	-0.0486805757	-0.0507795342	-0.0418759166	-0.0238989001	-0.0007436268	0.0225727706	0.0409982483	0.0505404946	0.0491319582	0.0370778316	0.0169899238	-0.0067792492	-0.029079539	-0.0450790651	-0.0513111553	-0.046425481	-0.0314806383	0.0180643514	-0.0339557876	-0.0053793334	0.0555067457	0.0596713591	-0.031795141	0.0605549426	0.0068417299	-0.024279855	0.0172606942	0	0.352992783803986	2.04692615330317	0.448081059024295	0.592443852028073
-0.263349	0.34902	0.646434	0.0178351	0.00226094	-0.00619743	-0.010724	-0.033396	-0.0722729999999999	-5.06000000000013e-05	0	-0.00040801	0.1393235	0.0456749061	0.0299487067	0.0076207265	-0.0163871381	-0.0367826834	-0.0490699916	-0.0505404946	-0.0408700402	-0.0221903471	0.001380903	0.024647752	0.0424813428	0.0509505055	0.0481883295	0.0348036986	0.0137470706	-0.0103399101	-0.0321475998	-0.0468687929	-0.0512584048	-0.0443488058	-0.0276631221	0.0679132232	-0.045047887	0.057878306	0.0557205301	-0.0173140177	-0.0251028213	0.0670880584	0.0108580862	0.0317385225	-0.0533318058	0	0.61965734459085	2.70445136019574	0.448081059024295	0.592443852028073
-0.261148	0.411138	0.727055	0.018613	0.00226094	-0.00623827	0.00220100000000001	0.062118	0.0806209999999999	0.000777900000000002	0	-4.08399999999995e-05	0.185877	0.0455775458	0.0296025581	0.0069898018	-0.0171902747	-0.0375157835	-0.0494291445	-0.05025903	-0.0398193552	-0.0204510037	0.0035030673	0.0266716472	0.0438596552	0.0512130319	0.0470829328	0.0323954483	0.0104439465	-0.0138493968	-0.0350372959	-0.0483687975	-0.0508545847	-0.0419372706	-0.0236163807	0.015454848	-0.0359241846	-0.032187282	0.0730223393	0.0402903582	-0.0083441734	0.0691005398	-0.0407272556	-0.0112990808	-0.0168701738	0	0.437170489562957	0.898137167236336	0.448081059024295	0.592443852028073
-0.285379	0.333116	0.653865	0.0181497	0.00226094	-0.00644293	-0.024231	-0.078022	-0.0731900000000001	-0.0004633	0	-0.000204660000000001	0.208841	0.0454794046	0.0292543809	0.0063577993	-0.0179886993	-0.0382328158	-0.0497578128	-0.0499353767	-0.0387250135	-0.0186832834	0.005619231	0.0286402612	0.0451297856	0.0513273137	0.0458194789	0.029862361	0.0070950334	-0.01729034	-0.0377325944	-0.0495698064	-0.0501024608	-0.039209084	-0.0193739464	0.0645886885	-0.0546337869	0.040575308	0.0452257225	0.0368739976	-0.0404585588	0.0450603337	0.0539174328	0.0267601219	-0.0303142239	0	-1.13424112102403	1.51097019121307	0.448081059024295	0.592443852028073
-0.254894	0.458711	0.705086	0.0203806	0.00226094	-0.00624725	0.030485	0.125595	0.0512210000000001	0.0022309	0	0.00019568	0.32863	0.0453804842	0.0289041989	0.0057248166	-0.018782193	-0.0389334734	-0.0500557939	-0.0495698064	-0.0375882149	-0.0168896389	0.007725769	0.030549514	0.0462886013	0.0512930202	0.0444022092	0.0272141981	0.0037150137	-0.0206457099	-0.040218541	-0.0504643955	-0.0490071843	-0.0361848453	-0.0149709736	0.0068860044	-0.0415742824	-0.0053021376	0.0988396217	-0.0590981525	-0.0243986582	0.0856014317	-0.0459581951	-0.0747656495	-0.00252098	0	0.516326427174593	2.58368839711707	0.448081059024295	0.592443852028073
-0.237722	0.398118	0.769609	0.020182	0.00245137	-0.0059717	0.017172	-0.060593	0.064523	-0.0001986	0.00019043	0.00027555	0.175517	0.0452807864	0.0285520362	0.0050909511	-0.0195705382	-0.039617456	-0.050322904	-0.0491626259	-0.0364102058	-0.0150725591	0.0098190728	0.0323954483	0.047333244	0.0511102507	0.0428358815	0.0244611644	0.0003187063	-0.0238989001	-0.0424813428	-0.051047035	-0.0475762569	-0.0328873894	-0.0104439465	-0.024770656	-0.0399245606	-0.0298106777	0.0132331091	0.0568092804	-0.0408737295	-0.0348534201	0.0072662859	0.0932149636	-0.0102197927	0	0.534315728551076	2.64848135779382	0.448081059024295	0.592443852028073
-0.238347	0.451025	0.768109	0.0198996	0.00261759	-0.00621134	-0.000624999999999987	0.052907	-0.00149999999999995	-0.000282400000000002	0.00016622	-0.00023964	0.0894449999999999	0.0451803128	0.0281979168	0.0044563007	-0.020353519	-0.0402844707	-0.0505589784	-0.0487141772	-0.0351922777	-0.0132345652	0.0118955567	0.034174238	0.048261137	0.0507795342	0.041125754	0.0216138688	-0.0030789983	-0.0270338099	-0.0445084453	-0.051314123	-0.0458194789	-0.0293416141	-0.0058303776	-0.0117625018	-0.0455265364	0.0103556664	0.0468690607	-0.0209751825	-0.0413550124	0.0153959631	-0.0378607236	-0.0510760519	-0.043455002	0	0.576805424992769	1.11119373430499	0.448081059024295	0.592443852028073
-0.238536	0.379676	0.739116	0.0198472	0.00226666	-0.00583439	-0.00018900000000005	-0.071349	-0.028993	-5.23999999999941e-05	-0.00035093	0.00037695	0.139545	0.0450790651	0.027841865	0.0038209632	-0.0211309207	-0.0409342319	-0.0507638714	-0.0482248365	-0.0339357659	-0.0113782077	0.0139516636	0.0358821964	0.0490699916	0.0503018281	0.0392775675	0.0186832834	-0.0064632038	-0.0300349241	-0.0462886013	-0.0512640087	-0.0437488826	-0.025574292	-0.0011684964	0.0041955719	-0.0493378691	-0.0250519204	0.0264149313	-0.0086099001	-0.0765776751	-0.0460102548	0.0295019357	0.0652544654	0.0382755973	0	0.538906398161248	1.18456759947648	0.448081059024295	0.592443852028073
-0.228868	0.424431	0.728221	0.0186056	0.00226666	-0.00591226	0.00966800000000004	0.0447550000000001	-0.010895	-0.0012416	0	-7.78699999999998e-05	0.1312915	0.0449770452	0.0274839053	0.0031850365	-0.0219025301	-0.0415664612	-0.0509374568	-0.0476950147	-0.032642048	-0.0095060622	0.0159838716	0.0375157835	0.0497578128	0.049678515	0.0372975264	0.0156807013	-0.0098190728	-0.0328873894	-0.047811934	-0.0508970017	-0.0413786495	-0.0216138688	0.0035030673	0.0418768737	-0.0595433241	-0.0065565826	0.0441324391	0.0088461965	-0.0649078568	0.0366271705	-0.0271001123	-0.0445299009	-0.0292643943	0	-2.05347091450158	1.15482660751235	0.448081059024295	0.592443852028073
-0.150838	0.342982	0.921737	0.0184237	0.00170273	-0.0049051	0.07803	-0.081449	0.193516	-0.000181899999999999	-0.00056393	0.00100716	0.4406445	0.0448742547	0.0271240621	0.0025486187	-0.0226681358	-0.042180888	-0.0510796273	-0.0471251565	-0.0313125424	-0.0076207265	0.0179886993	0.0390716134	0.050322904	0.0489113994	0.0351922777	0.0126176931	-0.0131318924	-0.0355770885	-0.0490699916	-0.0502153708	-0.0387250135	-0.0174902479	0.0081456036	-0.0573779555	-0.0568062905	0.0065333656	-0.0761165782	-0.0109003996	-0.0401414826	-0.0350797576	0.0068751227	0.0681485492	0.1050000151	0	0.405590709205695	1.15007761354177	0.448081059024295	-1.68540061352814
-0.186338	0.381823	0.970849	0.0145841	0.00195208	-0.00488294	-0.0355	0.038841	0.0491119999999999	-0.0038396	0.00024935	2.21600000000002e-05	0.3290085	0.0447706954	0.0267623602	0.001911808	-0.0234275279	-0.042777249	-0.0511902955	-0.0465157403	-0.0299487067	-0.0057248166	0.0199627126	0.0405464614	0.0507638714	0.0480027017	0.0329688886	0.0095060622	-0.0163871381	-0.0380907096	-0.0500557939	-0.0492233296	-0.0358061492	-0.0132345652	0.0127206428	-0.014401391	-0.084869291	0.030646343	-0.1002878554	-0.0055420387	-0.0168095457	-0.056368349	-0.0912098309	0.059595178	0.021298225	0	1.25855318440294	1.15852299614314	-2.22840312389761	-1.68540061352814
-0.205444	0.325307	0.939651	0.015705	0.00277297	-0.00484801	-0.019106	-0.056516	-0.031198	0.0011209	0.00082089	3.49299999999999e-05	0.205656	0.044666369	0.0263988242	0.0012747024	-0.0241804983	-0.0433552888	-0.051269393	-0.0458672776	-0.0285520362	-0.0038209632	0.0219025301	0.0419372706	0.0510796273	0.0469550524	0.0306348232	0.0063577993	-0.0195705382	-0.0404158122	-0.0507638714	-0.0479270103	-0.032642048	-0.0088789537	0.0171902747	-0.0114700526	-0.077099724	-0.0460744562	-0.0875182284	-0.0022847185	-0.0359531231	-0.0656693511	0.0178570334	0.0772844773	0.005319422	0	0.925699940385895	1.02867017372943	-2.22840312389761	-1.68540061352814
-0.205472	0.414571	0.931012	0.0162684	0.00282344	-0.00494108	-2.79999999999725e-05	0.089264	-0.00863899999999995	0.000563399999999995	5.04699999999999e-05	-9.30699999999998e-05	0.133278	0.0445612775	0.0260334792	0.0006374004	-0.0249268406	-0.0439147598	-0.051316871	-0.0451803128	-0.0271240621	-0.001911808	0.0238048288	0.0432411585	0.051269393	0.0457714839	0.0281979168	0.0031850365	-0.0226681358	-0.042540889	-0.0511902955	-0.0463344264	-0.0292543809	-0.0044563007	0.0215174627	-0.015342979	-0.0760622578	-0.013673801	-0.0768988569	-0.0010244282	-0.005708849	-0.0332304671	-0.0471984875	0.032135026	-0.0145178977	0	0.519146692766361	1.05220399163702	-2.22840312389761	-1.68540061352814
-0.205113	0.418511	0.939952	0.0197272	0.0021179	-0.00492914	0.00035899999999997	0.00393999999999994	0.00893999999999995	0.0034588	-0.00070554	1.19399999999993e-05	0.222053	0.0444554224	0.0256663501	0	-0.0256663501	-0.0444554224	-0.0513327002	-0.0444554224	-0.0256663501	0	0.0256663501	0.0444554224	0.0513327002	0.0444554224	0.0256663501	0	-0.0256663501	-0.0444554224	-0.0513327002	-0.0444554224	-0.0256663501	0	0.0256663501	-0.0690687587	-0.0262283724	0.034900314	-0.0624859465	-0.0298689161	0.0217943244	-0.0002733614	-0.0144728601	0.0457942401	0.0766466105	0	0.236615698108465	0.942443214054379	-2.22840312389761	-1.68540061352814
-0.225448	0.463342	0.899541	0.0187608	0.0026177	-0.00533202	-0.020335	0.0448310000000001	-0.040411	-0.000966399999999999	0.0004998	-0.00040288	0.199031	0.0443488058	0.0252974622	-0.0006374004	-0.0263988242	-0.0449770452	-0.051316871	-0.0436932151	-0.0241804983	0.001911808	0.0274839053	0.0455775458	0.051269393	0.0430106775	0.0230486216	-0.0031850365	-0.0285520362	-0.0461499372	-0.0511902955	-0.0423016137	-0.0219025301	0.0044563007	0.0296025581	-0.0320961812	-0.0389735803	0.0422942234	-0.0710900236	0.045974921	0.0224063696	-0.0008704754	-0.0505196374	0.0638901718	0.0105287606	0	0.560124477003331	1.29270972144285	-2.22840312389761	-1.68540061352814
-0.218744	0.42974	0.954553	0.0199496	0.0021227	-0.00538815	0.00670400000000002	-0.0336020000000001	0.0550120000000001	0.0011888	-0.000495000000000001	-5.61300000000006e-05	0.1823145	0.0442414294	0.0249268406	-0.0012747024	-0.0271240621	-0.0454794046	-0.051269393	-0.0428943306	-0.0226681358	0.0038209632	0.0292543809	0.0466052026	0.0510796273	0.041441431	0.020353519	-0.0063577993	-0.0313125424	-0.0476160468	-0.0507638714	-0.0398863142	-0.0179886993	0.0088789537	0.03329347	-0.0703306696	-0.028082654	0.0207779037	-0.067288355	-0.0427474899	-0.0138144867	-0.0424150148	-0.0195551634	0.0165378839	0.0670664886	0	0.395024333482057	1.23953546542816	0.448081059024295	-1.68540061352814
-0.218816	0.477436	0.882345	0.0201825	0.0022891	-0.00539875	-7.19999999999887e-05	0.047696	-0.072208	0.000232900000000001	0.0001664	-1.05999999999995e-05	0.140471	0.044133295	0.0245545108	-0.001911808	-0.027841865	-0.0459622855	-0.0511902955	-0.0420594396	-0.0211309207	0.0057248166	0.0309747441	0.0475362631	0.0507638714	0.0397522256	0.0175900897	-0.0095060622	-0.0339357659	-0.0488464951	-0.0500557939	-0.0372244541	-0.0139516636	0.0132345652	0.0367085017	-0.0381577267	-0.0357938257	-0.0706922503	-0.0625476263	0.0274456085	-0.0187892209	-0.032014939	-0.0474400911	0.0383792576	0.025256137	0	-0.243100213604424	2.85332764264197	0.448081059024295	0.592443852028073
-0.240803	0.403334	0.918483	0.0203333	0.00224725	-0.00533201	-0.021987	-0.0741019999999999	0.0361379999999999	0.0001508	-4.18499999999995e-05	6.674e-05	0.1451965	0.0440244045	0.0241804983	-0.0025486187	-0.0285520362	-0.046425481	-0.0510796273	-0.0411892428	-0.0195705382	0.0076207265	0.032642048	0.0483687975	0.050322904	0.0379479508	0.0147676106	-0.0126176931	-0.0364102058	-0.0498351925	-0.0490699916	-0.0343324881	-0.0098190728	0.0174902479	0.0398193552	-0.0505927427	-0.0247604303	0.0278125484	-0.0537212739	-0.0232507493	0.0074898776	-0.0168485078	-0.0071745034	0.0209048868	0.0069353015	0	-0.618771636648404	1.31855237399002	-2.22840312389761	0.592443852028073
-0.261889	0.496086	0.906461	0.020201	0.00270757	-0.00560044	-0.021086	0.092752	-0.0120219999999999	-0.000132299999999998	0.00046032	-0.00026843	0.1689125	0.0439147598	0.0238048288	-0.0031850365	-0.0292543809	-0.0468687929	-0.0509374568	-0.0402844707	-0.0179886993	0.0095060622	0.0342534364	0.0491010801	0.0497578128	0.0360338295	0.0118955567	-0.0156807013	-0.0387250135	-0.0505772456	-0.047811934	-0.0312282931	-0.005619231	0.0216138688	0.0426002529	-0.0379395966	-0.0174786156	-0.0198259493	-0.0474295254	-0.0090473408	0.0240969213	-0.0082846931	-0.054115705	0.0348630374	0.0266910706	0	0.248715457309376	0.009361802826523	-2.22840312389761	0.592443852028073
-0.26401	0.41072	0.910688	0.0205405	0.00221678	-0.00573277	-0.00212099999999998	-0.085366	0.00422699999999987	0.0003395	-0.00049079	-0.00013233	0.139845	0.0438043627	0.0234275279	-0.0038209632	-0.0299487067	-0.0472920312	-0.0507638714	-0.0393458828	-0.0163871381	0.0113782077	0.0358061492	0.0497315932	0.0490699916	0.0340154024	0.0089835694	-0.0186832834	-0.0408700402	-0.0510689819	-0.0462886013	-0.0279310578	-0.001380903	0.025574292	0.0450281516	-0.0434114482	-0.0087042865	0.0347831378	-0.057928454	0.0360427866	-0.0027079836	-0.0187260053	0.0155745173	0.0296464353	0.0614550985	0	0.636104897059197	0.420532286980942	0.448081059024295	0.592443852028073
-0.239866	0.498959	0.895943	0.0204878	0.00261383	-0.00533201	0.024144	0.0882390000000001	-0.0147449999999999	-5.27000000000027e-05	0.00039705	0.00040076	0.1696535	0.0436932151	0.0230486216	-0.0044563007	-0.0306348232	-0.0476950147	-0.0505589784	-0.038374267	-0.0147676106	0.0132345652	0.0372975264	0.05025903	0.048261137	0.0318985121	0.0060414244	-0.0216138688	-0.0428358815	-0.0513079677	-0.0445084453	-0.0244611644	0.0028668829	0.0293416141	0.0470829328	-0.0301523352	-0.0185334883	0.0124347237	-0.0303028244	-0.0624675251	0.0044499602	-0.0177722365	-0.0462159125	-0.0110172211	0.0099080665	0	0.435428806857185	0.738370430990036	0.448081059024295	0.592443852028073
-0.245504	0.428096	0.893669	0.0213512	0.0022305	-0.00549659	-0.005638	-0.0708630000000001	-0.002274	0.000863400000000004	-0.00038333	-0.00016458	0.1493405	0.043581319	0.0226681358	-0.0050909511	-0.0313125424	-0.0480775708	-0.050322904	-0.0373704389	-0.0131318924	0.0150725591	0.0387250135	0.0506822973	0.047333244	0.0296892864	0.0030789983	-0.0244611644	-0.0446139188	-0.0512930202	-0.0424813428	-0.0208400624	0.0070950334	0.0328873894	0.04874757	-0.0373213328	-0.0063490715	-0.0445843555	-0.0415685091	0.0286895081	-0.0170407616	-0.057369717	0.003357614	0.0312811878	0.0055101254	0	-0.073860297196519	0.587286522763417	0.448081059024295	-1.68540061352814
-0.237667	0.481207	0.869407	0.0213378	0.00223989	-0.00580064	0.00783699999999998	0.053111	-0.0242620000000001	-1.34000000000037e-05	9.39000000000018e-06	-0.00030405	0.101552	0.0434686762	0.0222860966	-0.0057248166	-0.0319816784	-0.0484395355	-0.0500557939	-0.0363352411	-0.0114817767	0.0168896389	0.040086165	0.0510005177	0.0462886013	0.0273941201	0.000106236	-0.0272141981	-0.0461963565	-0.0510242134	-0.040218541	-0.0170901359	0.0112745899	0.0361848453	0.0500082695	-0.023022768	-0.014368146	0.0245080686	-0.0255982782	-0.0244061128	-0.0102339649	-0.0392895694	-0.0244160672	-0.0180652501	-0.0398513832	0	-0.530205147010765	0.019218643755505	0.448081059024295	0.592443852028073
-0.242404	0.463653	0.894978	0.0219934	0.00240359	-0.00550457	-0.00473699999999999	-0.017554	0.0255710000000001	0.000655600000000006	0.0001637	0.00029607	0.1036305	0.0433552888	0.0219025301	-0.0063577993	-0.032642048	-0.048780754	-0.0497578128	-0.0352695426	-0.0098190728	0.0186832834	0.0413786495	0.0512130319	0.0451297856	0.0250196571	-0.0028668829	-0.029862361	-0.0475762569	-0.0505028777	-0.0377325944	-0.0132345652	0.0153769266	0.039209084	0.0508545847	-0.0355056396	0.0055707163	-0.0077150171	-0.0196710688	-0.0172280188	-0.0133060103	-0.0447010073	-0.0286867999	0.0035807252	0.0246019095	0	-0.348399238055159	0.088960387033338	0.448081059024295	0.592443852028073
-0.241809	0.507515	0.888943	0.0216414	0.0023128	-0.00582981	0.000594999999999984	0.043862	-0.00603500000000001	-0.000352000000000002	-9.07900000000003e-05	-0.00032524	0.0888935	0.0432411585	0.0215174627	-0.0069898018	-0.03329347	-0.0491010801	-0.0494291445	-0.034174238	-0.0081456036	0.0204510037	0.0426002529	0.0513193992	0.0438596552	0.0225727706	-0.0058303776	-0.0323954483	-0.04874757	-0.0497315932	-0.0350372959	-0.0092971841	0.0193739464	0.0419372706	0.0512795028	-0.0262745481	0.0011231601	-0.007269363	-0.0402800051	0.0131165768	-0.00787517	-0.0353722001	-0.0275998548	-0.0192614502	0.0133868097	0	-0.408396665903295	0.20566608252629	0.448081059024295	0.592443852028073
-0.261669	0.464425	0.937821	0.0214483	0.00211116	-0.00583295	-0.01986	-0.04309	0.0488779999999999	-0.000193100000000002	-0.00020164	-3.13999999999957e-06	0.131722	0.0431262874	0.0211309207	-0.0076207265	-0.0339357659	-0.0494003765	-0.0490699916	-0.0330502467	-0.0064632038	0.0221903471	0.0437488826	0.0513193992	0.0424813428	0.0200605435	-0.0087742999	-0.0348036986	-0.0497051606	-0.0487141772	-0.0321475998	-0.0053023317	0.0232382738	0.0443488058	0.0512795028	-0.039949201	0.0097481581	0.0256796713	-0.0271660142	-0.0526037588	0.0164526966	-0.0118453783	-0.0045254076	-0.0289898041	0.0180114172	0	-0.630968434847331	1.63537210636639	0.448081059024295	0.592443852028073
-0.280429	0.52924	0.910899	0.0217344	0.00227142	-0.00593467	-0.01876	0.064815	-0.0269219999999999	0.000286100000000001	0.00016026	-0.00010172	0.137901	0.0430106775	0.0207429306	-0.0082504761	-0.0345687596	-0.049678515	-0.0486805757	-0.0318985121	-0.0047737179	0.0238989001	0.044822571	0.0512130319	0.0409982483	0.0174902479	-0.0116887668	-0.0370778316	-0.0504448302	-0.0474556651	-0.029079539	-0.0012747024	0.026943442	0.046425481	0.0508545847	-0.0248883538	0.0138439388	-0.0661338585	-0.0229090889	-0.0025662084	0.0443435073	-0.0172186547	-0.0749393411	0.0251099289	-0.0386200265	0	-1.59278719454615	1.40903290345394	0.448081059024295	0.592443852028073
-0.329798	0.472908	0.969208	0.0225831	0.00157968	-0.00603107	-0.049369	-0.0563319999999999	0.0583089999999999	0.000848699999999997	-0.00069174	-9.64e-05	0.245852	0.0428943306	0.020353519	-0.0088789537	-0.0351922777	-0.0499353767	-0.048261137	-0.0307200012	-0.0030789983	0.025574292	0.0458194789	0.0510005177	0.0394140296	0.0148693239	-0.0145639947	-0.039209084	-0.050963336	-0.0459622855	-0.0258501361	0.0027608065	0.030464074	0.0481516161	0.0500082695	-0.0521917207	0.039279339	0.0501033237	-0.0401295155	0.0744608592	0.0523981848	0.008591989	0.0202486931	0.0005795403	0.0762026812	0	-2.28520506102267	2.32529003803542	0.448081059024295	0.592443852028073
-0.329867	0.474881	0.916208	0.022389	0.00169041	-0.00603107	-6.90000000000413e-05	0.00197300000000006	-0.0529999999999999	-0.000194099999999999	0.00011073	0	0.0702834999999999	0.042777249	0.0199627126	-0.0095060622	-0.0358061492	-0.0501708514	-0.047811934	-0.0295157031	-0.001380903	0.0272141981	0.0467378986	0.0506822973	0.0377325944	0.0122053583	-0.0173903312	-0.0411892428	-0.0512584048	-0.0442414294	-0.0224773087	0.0067792492	0.0337760571	0.0495141777	0.04874757	-0.02458062	0.01591874	0.0502415146	-0.0086552434	-0.0501131866	0.0389745103	-0.0197091415	-0.0012819717	0.0129214693	-0.0503267556	0	-2.01059919671712	0.043731960979116	0.448081059024295	0.592443852028073
-0.319342	0.495915	0.958254	0.0224675	0.0017229	-0.00603107	0.010525	0.0210339999999999	0.042046	7.85000000000022e-05	3.24899999999998e-05	0	0.0791545000000001	0.0426594344	0.0195705382	-0.0101317049	-0.0364102058	-0.0503848382	-0.047333244	-0.0282866287	0.0003187063	0.028816343	0.0475762569	0.05025903	0.03595809	0.0095060622	-0.0201582885	-0.0430106775	-0.0513287428	-0.0423016137	-0.0189797704	0.0107557855	0.0368567075	0.0505028777	0.0470829328	-0.0358809253	0.0346496027	-0.0201621154	-0.0075011226	-0.0218310302	0.0235394033	-0.0164683801	-0.0285800015	-0.0370312423	0.0293920067	0	-0.274945735815449	0.006775823152277	0.448081059024295	-1.68540061352814
-0.308379	0.469084	0.892582	0.0229537	0.00144585	-0.00607986	0.010963	-0.0268309999999999	-0.0656720000000001	0.000486199999999999	-0.00027705	-4.87899999999999e-05	0.144068	0.042540889	0.0191770227	-0.0107557855	-0.037004282	-0.0505772456	-0.046825362	-0.0270338099	0.0020179662	0.0303785035	0.0483331176	0.0497315932	0.0340948932	0.0067792492	-0.0228585745	-0.044666369	-0.0511740416	-0.040152439	-0.0153769266	0.014665834	0.0396849258	0.0511102507	0.0450281516	-0.0122819245	0.0241756966	-0.0125558366	-0.0138359421	0.027079298	0.0332117913	-0.0209913129	0.0250201423	0.0416192074	-0.0177258573	0	0.299173505496212	0.641685644499013	0.448081059024295	0.592443852028073
-0.286627	0.497388	0.928538	0.0227599	0.00139464	-0.0062142	0.021752	0.028304	0.035956	-0.000193799999999997	-5.12100000000001e-05	-0.000134339999999999	0.1049795	0.0424216147	0.018782193	-0.0113782077	-0.0375882149	-0.0507479912	-0.0462886013	-0.0257582983	0.0037150137	0.0318985121	0.0490071843	0.0491010801	0.0321475998	0.0040328127	-0.0254821244	-0.0461499372	-0.0507949796	-0.0378045419	-0.0116887668	0.0184852245	0.0422413413	0.0513317109	0.0426002529	-0.0199575477	0.0340591282	0.0118406457	0.008228493	-0.0020640663	0.0381269519	0.0112991072	-0.0242469031	-0.0690029157	0.000565955	0	0.397102864203932	1.24255734061216	0.448081059024295	0.592443852028073
-0.308163	0.462905	0.883883	0.0231629	0.000958987	-0.00611112	-0.021536	-0.034483	-0.0446550000000001	0.000403000000000001	-0.000435653	0.000103079999999999	0.14776065	0.0423016137	0.0183860761	-0.0119988754	-0.0381618445	-0.0508970017	-0.0457232929	-0.0244611644	0.0054079881	0.0333742597	0.0495973023	0.0483687975	0.0301210128	0.0012747024	-0.0280201309	-0.0474556651	-0.0501932186	-0.0352695426	-0.0079357543	0.0221903471	0.0445084453	0.0511655859	0.0398193552	-0.0003128755	0.0240184947	0.005941307	0.0278250054	-0.0585018671	0.012320685	-0.0217958007	0.0392271508	0.0139421108	-0.0037850213	0	0.419116774368826	1.21299916947989	0.448081059024295	0.592443852028073
-0.277494	0.53652	0.876277	0.0229877	0.000999239	-0.00554295	0.030669	0.073615	-0.007606	-0.000175200000000004	4.02519999999998e-05	0.000568170000000001	0.1510711	0.042180888	0.0179886993	-0.0126176931	-0.0387250135	-0.0510242134	-0.0451297856	-0.0231434973	0.0070950334	0.0348036986	0.0501024608	0.0475362631	0.0280201309	-0.0014870976	-0.030464074	-0.0485785209	-0.0493713969	-0.0325599874	-0.0041387117	0.0257582983	0.0464707102	0.0506131302	0.0367085017	0.0085729953	0.0327671374	-0.0955759888	0.0253020178	0.0230245142	0.0184406245	0.0191734786	-0.0339894029	-0.0412660563	0.004381635	0	0.551029580568576	1.20265360095568	0.448081059024295	0.592443852028073
-0.257814	0.478249	0.887803	0.0233185	0.000584293	-0.00560065	0.01968	-0.058271	0.0115260000000003	0.000330799999999999	-0.000414946	-5.77000000000008e-05	0.1296493	0.0420594396	0.0175900897	-0.0132345652	-0.0392775675	-0.0511295719	-0.0445084453	-0.0218064029	0.0087742999	0.0361848453	0.0505217943	0.0466052026	0.0258501361	-0.004244593	-0.0328057493	-0.0495141777	-0.0483331176	-0.0296892864	-0.0003187063	0.0291670224	0.0481146965	0.049678515	0.03329347	0.0020556028	0.0321532759	0.0309103465	0.0206312154	-0.0045236378	0.0249884132	0.0116238065	0.0730616238	0.0244495536	-0.0110440328	0	0.144054436385829	1.01043486288555	0.448081059024295	0.592443852028073
-0.250853	0.538113	0.905668	0.0229808	0.000839689	-0.00546161	0.00696099999999999	0.0598640000000001	0.0178649999999999	-0.0003377	0.000255396	0.00013904	0.1212968	0.0419372706	0.0171902747	-0.0138493968	-0.0398193552	-0.0512130319	-0.0438596552	-0.0204510037	0.0104439465	0.0375157835	0.0508545847	0.0455775458	0.0236163807	-0.0069898018	-0.0350372959	-0.05025903	-0.0470829328	-0.0266716472	0.0035030673	0.0323954483	0.0494291445	0.0483687975	0.0296025581	0.0072008186	0.0386504682	-0.0252221205	0.0246191868	0.0015755664	0.0361628727	0.0079701755	-0.0455804688	-0.0146864642	-0.010560308	0	0.393648220105018	0.95024764785452	0.448081059024295	0.592443852028073
-0.256535	0.49847	0.924217	0.0239745	0.000533604	-0.00566679	-0.00568200000000002	-0.0396430000000001	0.0185489999999999	0.0009937	-0.000306085	-0.000205179999999999	0.13912225	0.0418143832	0.0167892817	-0.0144620929	-0.0403502279	-0.0512745577	-0.0431838154	-0.0190784374	0.0121021428	0.0387946664	0.0511002618	0.0444554224	0.0213243743	-0.0097147774	-0.0371512224	-0.0508102074	-0.0456263236	-0.0235220047	0.0073054049	0.035423619	0.0504050515	0.0466938665	0.0256663501	-0.0053685359	0.0431085205	0.005668125	-0.0089342649	0.0411294172	0.0143337971	0.0037550745	0.0629629872	0.0021444497	0.0663783942	0	-2.53740774378048	0.663108324281697	0.448081059024295	-1.68540061352814
-0.250688	0.539068	0.900795	0.0237027	0.000566788	-0.00534204	0.00584699999999999	0.040598	-0.0234219999999998	-0.000271799999999999	3.3184e-05	0.00032475	0.1013537	0.0416907793	0.0163871381	-0.0150725591	-0.0408700402	-0.051314123	-0.0424813428	-0.0176898562	0.0137470706	0.0400197194	0.0512584048	0.0432411585	0.0189797704	-0.012411632	-0.0391404325	-0.0511655859	-0.0439696763	-0.0202559471	0.0110672099	0.0382328158	0.0510357335	0.044666369	0.0215174627	0.0145363381	0.0364103062	0.0004710966	0.0397357467	-0.0581210228	0.028274169	0.0228944564	-0.0039360189	-0.0483048655	-0.0369183672	0	-0.019419467375589	0.640819704399836	-2.22840312389761	-1.68540061352814
-0.263467	0.480424	0.940642	0.0237585	0.000841519	-0.00563679	-0.012779	-0.058644	0.0398469999999999	5.58000000000017e-05	0.000274731	-0.00029475	0.14253405	0.0415664612	0.0159838716	-0.0156807013	-0.0413786495	-0.0513317109	-0.0417526707	-0.0162864257	0.0153769266	0.0411892428	0.0513287428	0.0419372706	0.016588352	-0.0150725591	-0.0409982483	-0.0513237961	-0.042120254	-0.0168896389	0.0147676106	0.0408056734	0.051316871	0.0423016137	0.0171902747	0.0030747196	0.0442875123	-0.0229212	0.0163828367	0.0280836686	0.0276591948	-0.0033821816	0.028677755	0.0135070964	0.0146232824	0	0.604735367864303	0.685725198822554	-2.22840312389761	-1.68540061352814
-0.279025	0.507676	0.903419	0.0235689	0.000698945	-0.00590606	-0.015558	0.0272520000000001	-0.0372229999999999	-0.000189599999999998	-0.000142574	-0.00026927	0.1101052	0.041441431	0.0155795096	-0.0162864257	-0.0418759166	-0.0513273137	-0.0409982483	-0.0148693239	0.0169899238	0.0423016137	0.0513111553	0.0405464614	0.0141560177	-0.0176898562	-0.0427184332	-0.0512842283	-0.040086165	-0.0134397405	0.0183860761	0.0431262874	0.0512465384	0.039617456	0.0127206428	0.0225187428	0.0352477041	0.0288281631	0.0128084594	0.03366247	0.0027419224	-0.0217807349	-0.0333231474	-0.0395079214	-0.0499880442	0	-1.23464636841964	0.550015904778546	-2.22840312389761	-1.68540061352814
-0.262356	0.498597	0.963346	0.0235654	0.000545732	-0.00569597	0.016669	-0.00907900000000001	0.0599269999999998	-3.50000000000003e-06	-0.000153213	0.00021009	0.10401515	0.0413156908	0.0151740801	-0.0168896389	-0.042361705	-0.0513009334	-0.040218541	-0.0134397405	0.0185842938	0.0433552888	0.0512056724	0.0390716134	0.0116887668	-0.0202559471	-0.0442952125	-0.051047035	-0.0378763275	-0.0099233262	0.0219025301	0.0451803128	0.0508252175	0.0366341627	0.0081456036	0.0041653334	0.0396068957	0.0242292795	0.0189125346	-0.0422529371	-0.0099805446	-0.0058016463	0.0333863941	-0.0711742261	0.0329491508	0	-1.99111164667299	0.088991396521949	-2.22840312389761	0.592443852028073
-0.249174	0.479051	0.903607	0.0230375	9.82591e-05	-0.00512463	0.013182	-0.019546	-0.059739	-0.000527900000000005	-0.0004474729	0.00057134	0.169802645	0.0411892428	0.0147676106	-0.0174902479	-0.0428358815	-0.0512525814	-0.0394140296	-0.0119988754	0.0201582885	0.0443488058	0.0510124748	0.0375157835	0.0091926851	-0.0227634039	-0.0457232929	-0.0506131302	-0.0355004298	-0.0063577993	0.0252974622	0.0469550524	0.0500557939	0.0333742597	0.0035030673	0.0340556412	0.0230126103	-0.0477770895	0.01010149	0.0053375004	-0.0224896764	-0.0593931257	0.0195642191	0.0298985015	-0.0736920494	0	0.102106262168697	0.475735456947824	-2.22840312389761	0.592443852028073
-0.249404	0.519766	0.917044	0.0228577	0.000331353	-0.00556372	-0.000230000000000008	0.0407149999999999	0.0134370000000001	-0.000179800000000001	0.0002330939	-0.00043909	0.0969811949999997	0.0410620891	0.0143601292	-0.0180881602	-0.0432983163	-0.0511822782	-0.0385852104	-0.0105479382	0.0217101824	0.0452807864	0.0507318935	0.0358821964	0.0066739292	-0.0252049683	-0.0469978805	-0.0499841859	-0.0329688886	-0.0027608065	0.0285520362	0.0484395355	0.0489435374	0.029862361	-0.0011684964	0.0355147705	0.0278742986	-0.0022992014	0.0220951082	0.0226130857	-0.0189757405	-0.0012319914	0.0052021319	-0.0795559344	-0.0166607649	0	-0.824134041220127	1.68188725239543	-2.22840312389761	0.592443852028073
-0.226212	0.461084	0.887389	0.0234956	5.30104e-05	-0.00541692	0.023192	-0.058682	-0.0296550000000001	0.0006379	-0.0002783426	0.0001468	0.16468113	0.0409342319	0.0139516636	-0.0186832834	-0.0437488826	-0.051090054	-0.0377325944	-0.0090881467	0.0232382738	0.0461499372	0.0503644092	0.034174238	0.0041387117	-0.0275735728	-0.0481146965	-0.0491626259	-0.0302928029	0.0008498502	0.0316481948	0.0496245858	0.0474960658	0.0261249837	-0.0058303776	0.045160515	0.0230126255	0.0134327195	0.0546993994	-0.0780206538	-0.028227876	-0.0062071163	0.0594923789	-0.0278420541	-0.0138549743	0	0.452183928333612	1.97559972762033	-2.22840312389761	-1.68540061352814
-0.249483	0.549711	0.927299	0.0230431	0.000404991	-0.00543585	-0.023271	0.088627	0.03991	-0.000452500000000001	0.0003519806	-1.89299999999995e-05	0.19297853	0.0408056734	0.013542242	-0.0192755259	-0.0441874568	-0.0509759483	-0.0368567075	-0.0076207265	0.0247408876	0.0469550524	0.0499106512	0.0323954483	0.0015932859	-0.029862361	-0.0490699916	-0.0481516161	-0.0274839053	0.0044563007	0.0345687596	0.0505028777	0.0457232929	0.0221903471	-0.0104439465	0.0438231209	0.0245990221	-0.1075031204	0.0331694383	-0.0018484939	0.0037732531	0.0147737971	0.0071895539	-0.0302370958	-0.0179725726	0	-0.652362745432938	1.39070310627802	0.448081059024295	0.592443852028073
-0.21714	0.459113	0.864211	0.0244345	-0.00036409	-0.00525185	0.032343	-0.090598	-0.0630879999999999	0.0013914	-0.000769081	0.000184	0.30325305	0.0406764158	0.0131318924	-0.0198647963	-0.0446139188	-0.05084001	-0.03595809	-0.0061469092	0.0262163763	0.0476950147	0.0493713969	0.030549514	-0.0009560698	-0.0320647078	-0.049860559	-0.0469550524	-0.0245545108	0.0080406961	0.0372975264	0.0510689819	0.0436373605	0.0180881602	-0.0149709736	0.0533171531	0.0340087361	0.0247864977	0.0733191743	0.0146834935	0.0107432463	0.0591130401	0.0929752679	-0.003305571	-0.0130789351	0	-1.9847148805394	1.12264894912976	0.448081059024295	0.592443852028073
-0.240155	0.576363	0.950393	0.0240832	-0.000316368	-0.00532953	-0.023015	0.11725	0.086182	-0.000351300000000002	4.7722e-05	-7.76800000000001e-05	0.2502821	0.0405464614	0.0127206428	-0.0204510037	-0.0450281516	-0.0506822973	-0.0350372959	-0.004667932	0.0276631221	0.0483687975	0.04874757	0.0286402612	-0.0035030673	-0.034174238	-0.0504837447	-0.0455775458	-0.0215174627	0.0115852966	0.0398193552	0.0513193992	0.0412525551	0.0138493968	-0.0193739464	0.0303914187	0.0278184495	-0.0019906744	0.031700245	-0.0110538522	0.0245703398	0.0315148676	0.0093477664	0.0017752497	0.0083664179	0	0.081537340761618	1.79340304796575	0.448081059024295	-1.68540061352814
-0.240144	0.520722	0.904802	0.0241976	-0.000178164	-0.00517774	1.1000000000011e-05	-0.0556409999999999	-0.0455909999999998	0.000114400000000001	0.000138204	0.00015179	0.1214627	0.0404158122	0.0123085215	-0.0210340579	-0.0454300417	-0.0505028777	-0.0340948932	-0.0031850365	0.029079539	0.0489754657	0.0480402391	0.0266716472	-0.0060414244	-0.0361848453	-0.0509374568	-0.0440244045	-0.0183860761	0.0150725591	0.042120254	0.0512525814	0.0385852104	0.0095060622	-0.0236163807	0.0535189115	0.0432874287	0.0378695868	0.0499498303	0.0459720527	0.014748039	0.0515781262	0.0562743086	0.0088305012	0.0086707091	0	-0.113209053196677	1.7825938416718	0.448081059024295	-1.68540061352814
-0.240362	0.540423	0.965188	0.0237129	-0.000129787	-0.00565039	-0.000217999999999996	0.019701	0.0603859999999997	-0.000484699999999998	4.8377e-05	-0.00047265	0.13059135	0.0402844707	0.0118955567	-0.0216138688	-0.0458194789	-0.0503018281	-0.0331314631	-0.0016994674	0.030464074	0.0495141777	0.0472506159	0.024647752	-0.00856488	-0.0380907096	-0.051220172	-0.0423016137	-0.0151740801	0.0184852245	0.0441874568	0.0508689416	0.0356535949	0.0050909511	-0.0276631221	0.0369341543	0.0215823895	0.0050975312	0.0373057583	-0.0510993124	0.0187051395	0.0420517694	0.0128214694	-0.0483570511	-0.0291985799	0	-0.203842919648373	1.34000974424378	0.448081059024295	-1.68540061352814
-0.204287	0.505675	0.975913	0.0235984	-0.000241335	-0.00528158	0.036075	-0.034748	0.010725	-0.0001145	-0.000111548	0.00036881	0.1112909	0.040152439	0.0114817767	-0.0221903471	-0.0461963565	-0.0500792346	-0.0321475998	-0.0002124716	0.0318152092	0.0499841859	0.046380053	0.0225727706	-0.0110672099	-0.0398863142	-0.0513309413	-0.0404158122	-0.0118955567	0.0218064029	0.0460094942	0.0501708514	0.0324777874	0.0006374004	-0.0314806383	0.0379235156	0.0175669674	-0.0474447227	0.0083280862	0.0421675519	0.0162755607	0.0107422997	0.02224825	0.0399841121	-0.0432245831	0	-0.140527204224397	1.04398223196275	0.448081059024295	-1.68540061352814
-0.204248	0.502789	0.991561	0.0232042	-0.000192124	-0.00503977	3.89999999999835e-05	-0.00288599999999994	0.0156480000000001	-0.000394200000000001	4.9211e-05	0.00024181	0.0528340499999998	0.0400197194	0.0110672099	-0.0227634039	-0.0465605712	-0.0498351925	-0.03114391	0.0012747024	0.0331314631	0.0503848382	0.0454300417	0.0204510037	-0.013542242	-0.0415664612	-0.051269393	-0.038374267	-0.00856488	0.0250196571	0.0475762569	0.0491626259	0.029079539	-0.0038209632	-0.0350372959	0.0382604975	0.0174545581	0.0308726265	0.0109977277	0.0441859201	0.0238657336	0.0305671874	0.0037569229	-0.0301780475	-0.0603379099	0	-2.40714794671935	0.661827130968706	0.448081059024295	-1.68540061352814
-0.195332	0.489898	1.00587	0.0228571	-0.000184391	-0.00457938	0.00891600000000001	-0.0128910000000001	0.014309	-0.000347100000000003	7.73300000000003e-06	0.00046039	0.07687715	0.0398863142	0.0106518847	-0.0233329509	-0.0469120231	-0.0495698064	-0.0301210128	0.0027608065	0.0344113928	0.0507155786	0.0444022092	0.018286849	-0.0159838716	-0.0431262874	-0.0510357335	-0.0361848453	-0.0051966525	0.0281090841	0.048879052	0.0478504978	0.0254821244	-0.0082504761	-0.0383036235	0.0398932483	0.0203494059	0.0469889632	0.018387782	-0.0008717583	0.0064310411	0.0397924268	0.0664338403	0.0083371859	0.0543168279	0	-0.611473077067729	0.086600468710088	0.448081059024295	-1.68540061352814
-0.187269	0.520782	0.945969	0.0227568	-0.0002745	-0.00479908	0.00806299999999999	0.030884	-0.059901	-0.000100300000000001	-9.0109e-05	-0.0002197	0.11935345	0.0397522256	0.0102358295	-0.0238989001	-0.0472506159	-0.0492831899	-0.029079539	0.004244593	0.0356535949	0.0509759483	0.0432983163	0.016084792	-0.0183860761	-0.0445612775	-0.0506307473	-0.033855984	-0.0018056415	0.0310593936	0.0499106512	0.0462425779	0.0217101824	-0.0126176931	-0.0412525551	0.0617228048	0.005514217	-0.04795797	0.0195012933	0.0405109636	-0.0032847335	0.0154580235	0.0093271551	0.0180715061	-0.0824801458	0	-2.0387901410316	2.22683012693581	0.448081059024295	-1.68540061352814
-0.19936	0.500665	0.992155	0.0235427	-0.000392069	-0.00488776	-0.012091	-0.0201170000000001	0.0461859999999998	0.000785900000000006	-0.000117569	-8.86799999999998e-05	0.12800145	0.039617456	0.0098190728	-0.0244611644	-0.0475762569	-0.0489754657	-0.0280201309	0.0057248166	0.0368567075	0.0511655859	0.042120254	0.0138493968	-0.0207429306	-0.0458672776	-0.0500557939	-0.0313966575	0.0015932859	0.033855984	0.0506653309	0.0443488058	0.0177895469	-0.0168896389	-0.0438596552	0.0404174887	0.0148055016	0.0151651037	0.0095689211	0.0358622894	-0.0056672517	0.0315678211	0.0522348628	-0.0226970715	0.0160190461	0	-0.25073506350581	1.31649440647647	0.448081059024295	-1.68540061352814
-0.202083	0.528701	0.965206	0.0229666	-0.000683589	-0.00457938	-0.002723	0.0280360000000001	-0.026949	-0.000576100000000003	-0.00029152	0.00030838	0.116508	0.0394820076	0.0094016433	-0.0250196571	-0.0478888566	-0.0486467657	-0.026943442	0.0072002346	0.0380194116	0.0512842283	0.0408700402	0.0115852966	-0.0230486216	-0.0470405074	-0.0493128035	-0.028816343	0.0049852279	0.0364850145	0.051138904	0.042180888	0.0137470706	-0.0210340579	-0.0461033203	0.0530173973	-0.0058855006	0.0284121297	0.0248762053	-0.0431041733	0.0020367811	0.0312790113	-0.0042103008	-0.0226726952	-0.0724180268	0	0.522399729981466	0.521202962683189	0.448081059024295	-1.68540061352814
-0.184805	0.557384	1.03242	0.0232036	-0.000374041	-0.00457938	0.017278	0.028683	0.0672140000000002	0.000236999999999998	0.000309548	0	0.1405024	0.0393458828	0.0089835694	-0.025574292	-0.0481883295	-0.0482972307	-0.0258501361	0.0086696085	0.0391404325	0.0513317109	0.0395498165	0.0092971841	-0.0252974622	-0.0480775708	-0.0484042702	-0.0261249837	0.0083553134	0.0389334734	0.0513287428	0.0397522256	0.0096104404	-0.0250196571	-0.0479649587	0.0264142215	0.0047039906	8.58169e-05	-0.0039872625	0.0297762516	0.0093477121	0.0394841573	-0.0172484764	-0.0169161509	0.0362149457	0	-0.956045174333705	2.6017930603213	0.448081059024295	-1.68540061352814
-0.184701	0.494055	0.976544	0.0229783	-0.000488127	-0.00457938	0.000103999999999993	-0.063329	-0.055876	-0.000225299999999998	-0.000114086	0	0.1362783	0.039209084	0.00856488	-0.0261249837	-0.0484745935	-0.0479270103	-0.0247408876	0.0101317049	0.040218541	0.0513079677	0.0381618445	0.0069898018	-0.0274839053	-0.0489754657	-0.047333244	-0.0233329509	0.0116887668	0.0411892428	0.0512337941	0.0370778316	0.0054079881	-0.028816343	-0.0494291445	0.0475970046	-0.001978561	0.0581730077	-0.006278662	0.0402630339	-0.0150761299	0.012532478	0.0285868267	0.0334269985	-0.0235387205	0	-0.973278519607826	1.59883319324503	0.448081059024295	-1.68540061352814
-0.184703	0.541401	1.05584	0.0225624	-0.000582103	-0.00457938	-2.000000000002e-06	0.047346	0.0792959999999998	-0.000415899999999997	-9.39760000000001e-05	0	0.1521378	0.0390716134	0.0081456036	-0.0266716472	-0.04874757	-0.0475362631	-0.0236163807	0.0115852966	0.0412525551	0.0512130319	0.0367085017	0.004667932	-0.0296025581	-0.0497315932	-0.0461033203	-0.0204510037	0.0149709736	0.0432411585	0.0508545847	0.034174238	0.0011684964	-0.0323954483	-0.0504837447	0.0245783183	-0.0162541881	0.0133754965	-0.0242355369	-0.0053725639	-0.019477117	0.0163721135	-0.0163276045	-0.0695470559	-0.0031263005	0	-1.28104272107457	1.04799884790918	0.448081059024295	-1.68540061352814
-0.181467	0.489108	1.04036	0.0224354	-0.000493578	-0.00457938	0.00323599999999999	-0.052293	-0.0154799999999999	-0.000127000000000002	8.8525e-05	0	0.0817852499999999	0.0389334734	0.007725769	-0.0272141981	-0.0490071843	-0.0471251565	-0.0224773087	0.0130291632	0.0422413413	0.051047035	0.0351922777	0.0023363873	-0.0316481948	-0.0503437644	-0.044718628	-0.0174902479	0.0181875435	0.0450790651	0.0501932186	0.0310593936	-0.0030789983	-0.0357299485	-0.0511200208	0.0290931078	-0.0217702622	0.0332815901	-0.0212172555	-0.0465391002	-0.018258953	0.0025406153	0.0675344684	0.0111027112	0.0101256944	0	-0.167113658899259	0.657760653144636	0.448081059024295	-1.68540061352814
-0.189589	0.551133	1.02445	0.022552	-0.000604276	-0.00457938	-0.00812199999999999	0.062025	-0.0159099999999999	0.000116600000000001	-0.000110698	0	0.0974218999999998	0.0387946664	0.0073054049	-0.027752553	-0.0492533652	-0.0466938665	-0.0213243743	0.0144620929	0.0431838154	0.0508102074	0.0336157698	0	-0.0336157698	-0.0508102074	-0.0431838154	-0.0144620929	0.0213243743	0.0466938665	0.0492533652	0.027752553	-0.0073054049	-0.0387946664	-0.0513327002	0.0346832261	-0.0118553592	-0.0321327247	-0.01201201	0.0156008538	-0.0005451327	0.0166871663	-0.0452338619	0.0045545603	-0.0366557537	0	1.23432299275462	0.250751899693411	0.448081059024295	-1.68540061352814
-0.199343	0.512203	1.031	0.0231999	-0.000980971	-0.00488601	-0.00975400000000001	-0.03893	0.00654999999999983	0.0006479	-0.000376695	-0.00030663	0.12179525	0.0386551947	0.0068845403	-0.0282866287	-0.0494860452	-0.0462425779	-0.0201582885	0.0158828827	0.0440789442	0.0505028777	0.0319816784	-0.0023363873	-0.0355004298	-0.0511295719	-0.041504035	-0.0113782077	0.0243677133	0.0480775708	0.0480402391	0.0242741578	-0.0114817767	-0.0415664612	-0.0511200208	0.0252045869	-0.0094112528	0.030456759	-0.0275381194	0.0602741445	-0.0209984129	0.0077593541	0.067866222	0.0164917542	0.0722943616	0	0.952284721974584	0.729132624175997	0.448081059024295	-1.68540061352814
-0.184619	0.529287	0.967915	0.023377	-0.000622296	-0.00457938	0.014724	0.017084	-0.0630849999999999	0.000177099999999999	0.000358675	0.00030663	0.13701325	0.0385150608	0.0064632038	-0.028816343	-0.0497051606	-0.0457714839	-0.0189797704	0.01729034	0.0449257461	0.0501254723	0.0302928029	-0.004667932	-0.0372975264	-0.0513009334	-0.0396849258	-0.0082504761	0.0273042176	0.0492233296	0.0465605712	0.0206457099	-0.0155795096	-0.0440244045	-0.0504837447	0.043329955	-0.0219883298	0.0266954124	0.0196786038	-0.0451714532	-0.032345268	0.0216057618	-0.0073653273	-0.0341518589	-0.0587696345	0	1.01823638466364	0.748140447166754	0.448081059024295	-1.68540061352814
-0.202375	0.491178	1.01253	0.0229486	-0.000629688	-0.00487313	-0.017756	-0.038109	0.044615	-0.000428400000000002	-7.39200000000005e-06	-0.00029375	0.1369571	0.038374267	0.0060414244	-0.0293416141	-0.0499106512	-0.0452807864	-0.0177895469	0.0186832834	0.0457232929	0.049678515	0.0285520362	-0.0069898018	-0.0390026269	-0.0513237961	-0.0377325944	-0.0050909511	0.0301210128	0.0501254723	0.044822571	0.0168896389	-0.0195705382	-0.0461499372	-0.0494291445	0.0298288397	-0.0204427627	0.0046452885	0.0119802347	-0.0429746779	-0.042047658	0.0182991657	0.0166756039	-0.017924473	0.0411447498	0	0.70382780030974	0.790991722504147	0.448081059024295	-1.68540061352814
-0.202231	0.547062	0.957088	0.0229575	-0.000743611	-0.00476658	0.000144000000000005	0.055884	-0.055442	8.89999999999919e-06	-0.000113923	0.00010655	0.12293865	0.0382328158	0.005619231	-0.029862361	-0.0501024608	-0.0447706954	-0.016588352	0.0200605435	0.0464707102	0.0491626259	0.0267623602	-0.0092971841	-0.0406115256	-0.0511980936	-0.0356535949	-0.001911808	0.0328057493	0.0507795342	0.0428358815	0.0130291632	-0.0234275279	-0.0479270103	-0.0479649587	0.042658603	-0.0280473705	-0.0382799836	0.0013268747	0.0303560306	-0.0241001646	-0.0016940218	-0.0292374679	0.0228561307	-0.0625077736	0	1.17260117075783	0.84764144464729	0.448081059024295	-1.68540061352814
-0.202406	0.496271	1.04785	0.0228293	-0.000555556	-0.00482037	-0.000175000000000008	-0.0507909999999999	0.090762	-0.000128199999999998	0.000188055	-5.37899999999997e-05	0.16023025	0.0380907096	0.0051966525	-0.0303785035	-0.0502805367	-0.0442414294	-0.0153769266	0.0214209644	0.0471671784	0.0485785209	0.0249268406	-0.0115852966	-0.042120254	-0.0509241898	-0.0334549064	0.0012747024	0.0353466565	0.0511822782	0.0406115256	0.0090881467	-0.0271240621	-0.0493422058	-0.0461033203	0.0081975274	-0.0202924939	0.0276634405	-0.0234078225	0.020043204	-0.0397316222	0.0055173792	0.0180084238	-0.0455851633	0.0315432101	0	0.779697517830512	0.895898272560541	0.448081059024295	0.592443852028073
-0.190531	0.511492	0.955567	0.0227567	-0.00114661	-0.00457938	0.011875	0.015221	-0.0922829999999999	-7.25999999999991e-05	-0.000591054	0.00024099	0.1646112	0.0379479508	0.0047737179	-0.030889962	-0.0504448302	-0.0436932151	-0.0141560177	0.0227634039	0.047811934	0.0479270103	0.0230486216	-0.0138493968	-0.0435250908	-0.0505028777	-0.03114391	0.0044563007	0.0377325944	0.0513317109	0.0381618445	0.0050909511	-0.0306348232	-0.0503848382	-0.0438596552	0.0367461724	-0.0393579582	-0.0025796326	0.0161529258	-0.0944816361	-0.0667022493	-0.0254828486	-0.0029212498	-0.0076888507	-0.0457754854	0	0.527972780022704	0.862834182238781	0.448081059024295	0.592443852028073
-0.202273	0.572811	1.03074	0.0233219	-0.000843375	-0.00474869	-0.011742	0.0613189999999999	0.0751730000000002	0.000565200000000002	0.000303235	-0.00016931	0.20012125	0.0378045419	0.0043504562	-0.0313966575	-0.0505952962	-0.0431262874	-0.0129263783	0.0240867353	0.0484042702	0.0472089983	0.0211309207	-0.016084792	-0.044822571	-0.0499353767	-0.0287283636	0.0076207265	0.0399531023	0.0512270927	0.0355004298	0.0010622854	-0.0339357659	-0.051047035	-0.0412525551	0.0005724843	-0.0273177961	-0.0557576904	-0.012350755	-0.0329186361	-0.0348942663	0.0066813512	-0.0665336789	-0.0601917588	0.031159818	0	1.28458724179312	0.60244383705963	0.448081059024295	-1.68540061352814
-0.185244	0.484423	0.992717	0.0228259	-0.00107733	-0.00457938	0.017029	-0.088388	-0.0380230000000003	-0.000496	-0.000233955	0.00016931	0.18840325	0.0376604853	0.0039268963	-0.0318985121	-0.0507318935	-0.042540889	-0.0116887668	0.0253898477	0.0489435374	0.046425481	0.0191770227	-0.018286849	-0.0460094942	-0.0492233296	-0.0262163763	0.0107557855	0.041998445	0.0508689416	0.032642048	-0.002972947	-0.037004282	-0.0513237961	-0.0383036235	0.0124573389	-0.0231463101	0.0176890626	-0.0097155452	0.0231661517	-0.0175435141	0.0082265591	0.0440061611	0.0649545289	-0.0104106994	0	0.890527486320471	0.358595517069389	0.448081059024295	-1.68540061352814
-0.194488	0.573475	1.04652	0.0230854	-0.000692545	-0.00487248	-0.00924400000000003	0.089052	0.0538030000000002	0.000259499999999999	0.000384785	-0.0002931	0.19896825	0.0375157835	0.0035030673	-0.0323954483	-0.0508545847	-0.0419372706	-0.0104439465	0.0266716472	0.0494291445	0.0455775458	0.0171902747	-0.0204510037	-0.0470829328	-0.0483687975	-0.0236163807	0.0138493968	0.0438596552	0.05025903	0.0296025581	-0.0069898018	-0.0398193552	-0.0512130319	-0.0350372959	-0.0138333483	-0.0261808331	0.0239849991	-0.015219058	-0.0096710695	0.0121968959	0.0330160382	-0.0545036577	-0.0274260839	0.0071529939	0	0.942851862132945	0.310819900439401	0.448081059024295	-1.68540061352814
-0.178482	0.48876	0.995343	0.0233443	-0.000794734	-0.00457938	0.016006	-0.0847149999999999	-0.0511770000000001	0.000258899999999996	-0.000102189	0.0002931	0.18460745	0.0373704389	0.0030789983	-0.0328873894	-0.050963336	-0.0413156908	-0.0091926851	0.0279310578	0.049860559	0.044666369	0.0151740801	-0.0225727706	-0.0480402391	-0.047374254	-0.020937105	0.0168896389	0.0455285727	0.0494003765	0.0263988242	-0.0109634486	-0.042361705	-0.0507155786	-0.0314806383	-0.0038401466	-0.0247352021	-0.0140231298	-0.0111067171	0.0221385503	-0.0223522171	-0.0197377254	0.0402746198	0.0837718159	-0.0196035371	0	-1.60763193046106	1.0452485028997	0.448081059024295	-1.68540061352814
-0.178392	0.533104	1.01083	0.0235046	-0.000976542	-0.00457938	9.00000000000067e-05	0.044344	0.0154869999999999	0.000160300000000002	-0.000181808	0	0.0770264000000001	0.0372244541	0.0026547183	-0.0333742597	-0.0510581178	-0.0406764158	-0.0079357543	0.0291670224	0.050237308	0.0436932151	0.0131318924	-0.024647752	-0.048879052	-0.0462425779	-0.0181875435	0.0198647963	0.0469978805	0.0482972307	0.0230486216	-0.0148693239	-0.0446139188	-0.0498351925	-0.0276631221	-0.0185838118	-0.0316275778	-0.0663395108	-0.0245478184	0.0297529602	-0.0249034603	-0.0167668446	-0.0286084834	-0.0108740924	-0.0116767857	0	0.340315252178106	1.08681114643417	0.448081059024295	-1.68540061352814
-0.178565	0.522268	1.07484	0.0231086	-0.000730948	-0.00457938	-0.000173000000000006	-0.010836	0.0640100000000001	-0.000396	0.000245594	0	0.1070987	0.0370778316	0.0022302563	-0.033855984	-0.051138904	-0.0400197194	-0.0066739292	0.0303785035	0.0505589784	0.0426594344	0.0110672099	-0.0266716472	-0.0495973023	-0.0449770452	-0.0153769266	0.0227634039	0.048261137	0.0469550524	0.0195705382	-0.0186832834	-0.0465605712	-0.0485785209	-0.0236163807	-0.0439719339	-0.0292314885	0.0258250833	-0.0526187695	0.004898518	-0.0049160762	-0.0253578606	0.032554176	0.043651245	0.0422101162	0	-0.547219317996264	1.69612636779601	0.448081059024295	-1.68540061352814
-0.183264	0.574752	1.08109	0.0229295	-0.000498561	-0.00468103	-0.00469900000000001	0.052484	0.00624999999999987	-0.000179100000000001	0.000232387	-0.00010165	0.0890898500000002	0.0369305738	0.0018056415	-0.0343324881	-0.0512056724	-0.0393458828	-0.0054079881	0.0315644841	0.0508252175	0.0415664612	0.0089835694	-0.0286402612	-0.0501932186	-0.043581319	-0.0125146893	0.025574292	0.0493128035	0.0453804842	0.0159838716	-0.0223817506	-0.0481883295	-0.0469550524	-0.0193739464	-0.0510312189	-0.0231882724	0.0260673697	-0.0311734951	-0.0039490579	0.0282310422	0.0005720144	-0.0700584012	0.0133634313	0.0143750658	0	-0.127793903059427	2.21405171954045	0.448081059024295	-1.68540061352814
-0.194984	0.50365	1.08107	0.0231173	-0.00044042	-0.00457938	-0.01172	-0.071102	-1.9999999999909e-05	0.000187800000000002	5.8141e-05	0.00010165	0.10022155	0.0367826834	0.001380903	-0.0348036986	-0.0512584048	-0.0386551947	-0.0041387117	0.0327239687	0.0510357335	0.0404158122	0.0068845403	-0.030549514	-0.0506653309	-0.0420594396	-0.0096104404	0.0282866287	0.0501482692	0.043581319	0.0123085215	-0.0259418632	-0.0494860452	-0.0449770452	-0.0149709736	-0.0615834177	-0.0207848231	0.0103078776	-0.0525863229	0.0608663129	0.0136523357	-0.0312020709	0.0076738111	0.0599710298	0.0404893265	0	0.582825467889811	2.20514063040013	0.448081059024295	-1.68540061352814
-0.181343	0.553507	1.03625	0.023215	-0.000540841	-0.00457938	0.013641	0.0498569999999999	-0.0448200000000001	9.76999999999992e-05	-0.000100421	0	0.11822405	0.0366341627	0.0009560698	-0.0352695426	-0.0512970867	-0.0379479508	-0.0028668829	0.033855984	0.0511902955	0.039209084	0.0047737179	-0.0323954483	-0.0510124748	-0.0404158122	-0.0066739292	0.030889962	0.0507638714	0.0415664612	0.00856488	-0.0293416141	-0.0504448302	-0.0426594344	-0.0104439465	-0.060376092	-0.0315426657	0.0313838282	-0.0332386159	-0.0154403416	0.0045462261	-0.0332779026	-0.0199068712	0.0042661701	-0.0305601649	0	0.027240675199235	1.14188762471507	0.448081059024295	-1.68540061352814
-0.196683	0.504991	1.04643	0.0233303	-0.000497074	-0.00479614	-0.01534	-0.048516	0.0101800000000001	0.000115299999999999	4.3767e-05	-0.00021676	0.0928273500000002	0.0364850145	0.0005311711	-0.0357299485	-0.0513217075	-0.0372244541	-0.0015932859	0.0349595797	0.0512887341	0.0379479508	0.0026547183	-0.034174238	-0.0512337941	-0.0386551947	-0.0037150137	0.0333742597	0.051156911	0.0393458828	0.0047737179	-0.0325599874	-0.0510581178	-0.0400197194	-0.0058303776	-0.072894372	-0.0176206839	0.0193850452	-0.0167292949	-0.0381343436	-0.003877986	-0.0319687112	-0.046057876	0.004115964	0.0711279638	0	0.351155177490979	0.776667209088688	0.448081059024295	-1.68540061352814
-0.19686	0.546093	1.02055	0.0233468	-0.000198859	-0.00500948	-0.000176999999999983	0.0411020000000001	-0.0258799999999999	1.64999999999992e-05	0.000298215	-0.00021334	0.09356175	0.0363352411	0.000106236	-0.0361848453	-0.0513322605	-0.0364850145	-0.0003187063	0.0360338295	0.0513309413	0.0366341627	0.0005311711	-0.0358821964	-0.0513287428	-0.0367826834	-0.0007436268	0.0357299485	0.0513256648	0.0369305738	0.0009560698	-0.0355770885	-0.0513217075	-0.0370778316	-0.0011684964	-0.0798800872	-0.0249956374	-0.0088323659	-0.046155791	0.0412651331	0.0084994585	-0.0695703642	-0.0441584487	0.0523617862	-0.0149802599	0	0.334771759992585	0.443790137560736	0.448081059024295	-1.68540061352814
-0.196882	0.523437	1.05025	0.0232371	-0.000271789	-0.00504845	-2.2000000000022e-05	-0.022656	0.0296999999999998	-0.000109700000000001	-7.293e-05	-3.89700000000002e-05	0.0634579999999999	0.0361848453	-0.0003187063	-0.0366341627	-0.0513287428	-0.0357299485	0.0009560698	0.0370778316	0.051316871	0.0352695426	-0.0015932859	-0.0375157835	-0.0512970867	-0.0348036986	0.0022302563	0.0379479508	0.051269393	0.0343324881	-0.0028668829	-0.038374267	-0.0512337941	-0.033855984	0.0035030673	-0.0940190175	-0.0129976735	0.0320797335	-0.0303372735	-0.0112133796	-0.0030373789	-0.0470624083	-0.0405026659	-0.00136339	0.075859361	0	-1.72793073014537	1.97562467088098	0.448081059024295	-1.68540061352814
-0.192236	0.533253	0.976493	0.0236841	-0.000364993	-0.00477	0.00464600000000001	0.00981599999999994	-0.0737569999999999	0.000447000000000003	-9.3204e-05	0.00027845	0.1291517	0.0360338295	-0.0007436268	-0.0370778316	-0.0513111553	-0.0349595797	0.0022302563	0.0380907096	0.0512465384	0.033855984	-0.0037150137	-0.0390716134	-0.051138904	-0.0327239687	0.0051966525	0.0400197194	0.0509883422	0.0315644841	-0.0066739292	-0.0409342319	-0.0507949796	-0.0303785035	0.0081456036	-0.0835846715	-0.020302218	-0.04794686	-0.0235870773	0.0053568868	-0.0133267369	-0.0947018726	-0.0476337942	0.0388055315	-0.0317287771	0	-1.97328268272139	2.3518796096548	0.448081059024295	-1.68540061352814
-0.211981	0.522317	1.00812	0.0232935	-0.000778213	-0.00498703	-0.019745	-0.0109359999999999	0.0316270000000001	-0.000390599999999998	-0.00041322	-0.00021703	0.1133505	0.0358821964	-0.0011684964	-0.0375157835	-0.0512795028	-0.034174238	0.0035030673	0.0390716134	0.0511200208	0.0323954483	-0.0058303776	-0.0405464614	-0.0508545847	-0.030549514	0.0081456036	0.0419372706	0.0504837447	0.0286402612	-0.0104439465	-0.0432411585	-0.0500082695	-0.0266716472	0.0127206428	-0.105826577	-0.0171809507	-0.0097238629	-0.0226947297	-0.0401320801	0.0032833144	-0.0651080021	-0.0744516497	-0.026861608	0.01476703	0	-0.264158791564711	2.33343930388597	0.448081059024295	-1.68540061352814
-0.171519	0.477704	0.95915	0.0231421	-0.000667878	-0.00429567	0.040462	-0.044613	-0.0489700000000002	-0.000151400000000003	0.000110335	0.00069136	0.18169975	0.0357299485	-0.0015932859	-0.0379479508	-0.0512337941	-0.0333742597	0.0047737179	0.0400197194	0.0509374568	0.030889962	-0.0079357543	-0.0419372706	-0.0504448302	-0.0282866287	0.0110672099	0.0436932151	0.0497578128	0.025574292	-0.0141560177	-0.0452807864	-0.048879052	-0.0227634039	0.0171902747	-0.0970397757	-0.009015517	-0.0274501654	0.0051252693	-0.0229877041	0.0175355419	-0.0504795101	-0.0489124881	0.0388120169	0.0213388182	0	-0.173433463068909	2.38781315680539	0.448081059024295	-1.68540061352814
-0.126028	0.417601	0.97123	0.0203021	-2.31063e-05	-0.00345808	0.045491	-0.060103	0.01208	-0.00284	0.0006447717	0.00083759	0.333792085	0.0355770885	-0.0020179662	-0.038374267	-0.0511740416	-0.0325599874	0.0060414244	0.0409342319	0.0506990465	0.0293416141	-0.010027537	-0.0432411585	-0.0499106512	-0.0259418632	0.0139516636	0.0452807864	0.0488137291	0.0223817506	-0.0177895469	-0.0470405074	-0.047415061	-0.0186832834	0.0215174627	-0.0946286183	-0.0159778444	-0.0098665087	-0.0192926462	0.0222176012	0.0144646134	-0.0558085508	-0.0519734207	0.0540360625	0.0619953579	0	-1.44407939164953	2.3679333586163	0.448081059024295	-1.68540061352814
-0.172555	0.562688	0.9126	0.0206854	0.000605562	-0.0040273	-0.046527	0.145087	-0.05863	0.0003833	0.0006286683	-0.00056922	0.329303415	0.035423619	-0.0024425082	-0.0387946664	-0.0511002618	-0.0317317699	0.0073054049	0.0418143832	0.0504050515	0.027752553	-0.0121021428	-0.0444554224	-0.0492533652	-0.0235220047	0.0167892817	0.0466938665	0.0476556328	0.0190784374	-0.0213243743	-0.0485094437	-0.0456263236	-0.0144620929	0.0256663501	-0.077384479	-0.0146358368	-0.0324412514	0.0063923502	-0.0515591179	0.0043946933	-0.0307020568	-0.0764183258	-0.0073082135	0.0432799157	0	0.086452310241597	1.39498793328898	0.448081059024295	-1.68540061352814
-0.166297	0.420144	0.933776	0.0213967	0.000332206	-0.0040273	0.00625799999999999	-0.142544	0.0211760000000001	0.000711300000000002	-0.000273356	0	0.2192108	0.0352695426	-0.0028668829	-0.039209084	-0.0510124748	-0.030889962	0.00856488	0.0426594344	0.0500557939	0.0261249837	-0.0141560177	-0.0455775458	-0.0484745935	-0.0210340579	0.0195705382	0.0479270103	0.0462886013	0.0156807013	-0.0247408876	-0.049678515	-0.0435250908	-0.0101317049	0.0296025581	-0.1129088915	7.09434e-05	-0.0543217264	0.0247076242	-0.0596050455	-0.0165138029	-0.0521642967	-0.0358916836	0.0386451671	0.091145411	0	0.417706920420637	1.19461258037372	0.448081059024295	0.592443852028073
-0.172325	0.57786	0.940983	0.0229422	7.234e-05	-0.0040273	-0.00602800000000001	0.157716	0.00720699999999996	0.0015455	-0.000259866	0	0.2612193	0.035114862	-0.003291061	-0.039617456	-0.0509107048	-0.0300349241	0.0098190728	0.0434686762	0.0496516568	0.0244611644	-0.0161856435	-0.0466052026	-0.0475762569	-0.0184852245	0.0222860966	0.0489754657	0.044718628	0.0122053583	-0.0280201309	-0.0505404946	-0.041125754	-0.0057248166	0.03329347	-0.1361955848	0.0145796553	-0.0736164878	0.0044900658	0.0095022377	0.0765836977	-0.0226851669	-0.0843980867	0.0363965407	0.0620749255	0	1.06168615372076	0.509919375286958	0.448081059024295	-1.68540061352814
-0.140349	0.414397	0.970349	0.0216177	0.000213477	-0.00342732	0.031976	-0.163463	0.029366	-0.0013245	0.000141137	0.00059998	0.32808585	0.0349595797	-0.0037150137	-0.0400197194	-0.0507949796	-0.0291670224	0.0110672099	0.0442414294	0.0491930831	0.0227634039	-0.0181875435	-0.0475362631	-0.0465605712	-0.0158828827	0.0249268406	0.0498351925	0.042952596	0.0086696085	-0.03114391	-0.051090054	-0.0384447462	-0.0012747024	0.0367085017	-0.1480559661	0.0184498368	0.039458098	0.0030658159	0.0261762376	0.0531198316	-0.0428752752	-0.017472944	0.0721987694	0.1055632675	0	0.932103677711875	-0.042614819992885	0.448081059024295	-1.68540061352814
-0.13828	0.517235	1.0342	0.021879	-0.000119151	-0.00310587	0.00206900000000002	0.102838	0.063851	0.000261299999999996	-0.000332628	0.00032145	0.2145269	0.0348036986	-0.0041387117	-0.0404158122	-0.0506653309	-0.0282866287	0.0123085215	0.0449770452	0.0486805757	0.0210340579	-0.0201582885	-0.0483687975	-0.0454300417	-0.0132345652	0.0274839053	0.0505028777	0.0409982483	0.0050909511	-0.0340948932	-0.0513237961	-0.0355004298	0.0031850365	0.0398193552	-0.1849186049	0.0077411213	0.0728818402	-0.0592558844	-0.0070737635	0.0451869589	-0.1219442283	-0.0758153541	0.0774893528	0.0548559243	0	1.26404704169867	-0.073641587691096	0.448081059024295	-1.68540061352814
-0.136117	0.49841	0.850503	0.0221206	0.000852889	-0.00353973	0.00216299999999997	-0.018825	-0.183697	0.000241599999999998	0.00097204	-0.00043386	0.28706	0.0346472211	-0.0045621261	-0.0408056734	-0.0505217943	-0.0273941201	0.013542242	0.0456749061	0.0481146965	0.0192755259	-0.0220945026	-0.0491010801	-0.0441874568	-0.0105479382	0.0299487067	0.0509759483	0.0388641531	0.0014870976	-0.0368567075	-0.051240276	-0.0323129704	0.0076207265	0.0426002529	-0.1313675078	0.0114186783	0.0054301413	0.0442044138	-0.0116802457	-0.0006601104	-0.0722573178	-0.019253057	0.0211776053	0.0535360219	0	0.234490599821451	-0.00594620217558	0.448081059024295	-1.68540061352814
-0.139113	0.426839	0.876961	0.0227587	0.000394983	-0.00353973	-0.002996	-0.071571	0.026458	0.000638100000000006	-0.000457906	0	0.1558253	0.0344901501	-0.0049852279	-0.0411892428	-0.0503644092	-0.0264898788	0.0147676106	0.0463344264	0.0474960658	0.0174902479	-0.0239928691	-0.0497315932	-0.0428358815	-0.0078307784	0.0323129704	0.0512525814	0.0365596669	-0.0021241158	-0.0394140296	-0.05084001	-0.0289041989	0.0119988754	0.0450281516	-0.1619780757	0.0107024508	-0.0350842294	0.0326902136	-0.1276391827	-0.0074036852	-0.1096654332	-0.0908115892	-0.0424587255	-0.0067127043	0	0.01495799191011	0.134740838535525	0.448081059024295	-1.68540061352814
-0.165534	0.518915	0.824135	0.0211465	0.000472394	-0.00428142	-0.026421	0.092076	-0.052826	-0.0016122	7.7411e-05	-0.00074169	0.29288805	0.0343324881	-0.0054079881	-0.0415664612	-0.0501932186	-0.025574292	0.0159838716	0.0469550524	0.046825362	0.0156807013	-0.0258501361	-0.05025903	-0.0413786495	-0.0050909511	0.0345687596	0.0513317109	0.0340948932	-0.0057248166	-0.0417526707	-0.0501254723	-0.0252974622	0.0162864257	0.0470829328	-0.1291514475	0.0145454021	-0.1285289734	0.0646951639	0.0091022851	0.0462459652	-0.0341067121	-0.0375281909	0.0891207872	0.0944337393	0	-0.11581460606295	0.006116381240437	0.448081059024295	-1.68540061352814
-0.317284	0.23838	0.301398	0.020343	0.00108076	-0.00480384	-0.15175	-0.280535	-0.522737	-0.000803499999999999	0.000608366	-0.00052242	1.0517363	0.034174238	-0.0058303776	-0.0419372706	-0.0500082695	-0.024647752	0.0171902747	0.0475362631	0.0461033203	0.0138493968	-0.0276631221	-0.0506822973	-0.0398193552	-0.0023363873	0.0367085017	0.0512130319	0.0314806383	-0.0092971841	-0.0438596552	-0.0491010801	-0.0215174627	0.0204510037	0.04874757	0.1527824795	0.0130889733	0.0388670276	0.0871056784	0.0307500896	0.0002839432	0.1399273617	0.0333236527	-0.0624643946	-0.1480316961	1	0.127899116302312	-0.179795992098825	0.448081059024295	-1.68540061352814
-0.376785	0.315612	0.203287	0.0187358	0.00120362	-0.00452126	-0.059501	0.077232	-0.098111	-0.0016072	0.00012286	0.00028258	0.335476	0.0340154024	-0.0062523676	-0.0423016137	-0.0498096126	-0.0237106555	0.0183860761	0.0480775708	0.0453307324	0.0119988754	-0.0294287216	-0.0510005177	-0.0381618445	0.0004249396	0.0387250135	0.0508970017	0.0287283636	-0.012823538	-0.0457232929	-0.0477731655	-0.0175900897	0.0244611644	0.0500082695	0.1932412237	0.0057217734	-0.006629871	0.0381731905	0.0418525389	0.0293128565	0.1588034281	0.0832674115	-0.078956161	-0.0728859149	0	0.493989332530674	-0.679935040225727	0.448081059024295	-1.68540061352814
-0.348344	0.297527	0.198855	0.0182339	0.000971176	-0.0046444	0.028441	-0.018085	-0.00443199999999999	-0.000501899999999996	-0.000232444	-0.00012314	0.0938322	0.033855984	-0.0066739292	-0.0426594344	-0.0495973023	-0.0227634039	0.0195705382	0.0485785209	0.0445084453	0.0101317049	-0.03114391	-0.0512130319	-0.0364102058	0.0031850365	0.0406115256	0.0503848382	0.0258501361	-0.0162864257	-0.047333244	-0.0461499372	-0.013542242	0.0282866287	0.0508545847	0.1787353665	-0.0081216105	0.0609460861	0.0169633429	0.0622581829	0.0211792187	0.1498299852	0.0917209805	-0.0171266295	-0.0864608955	0	1.05045612048195	0.040318665580857	0.448081059024295	-1.68540061352814
-0.348221	0.314149	0.264677	0.0183689	0.00106698	-0.00430847	0.000122999999999984	0.016622	0.065822	0.000134999999999996	9.58039999999999e-05	0.00033593	0.1109037	0.0336959856	-0.0070950334	-0.0430106775	-0.0493713969	-0.0218064029	0.0207429306	0.049038693	0.0436373605	0.0082504761	-0.0328057493	-0.0513193992	-0.0345687596	0.0059359137	0.042361705	0.049678515	0.0228585745	-0.0196687086	-0.0486805757	-0.0442414294	-0.0094016433	0.0318985121	0.0512795028	0.158907904	-0.0034340973	0.0135480668	0.0371207791	-0.0234020156	-0.0350059034	0.0799934405	0.0577052509	-0.037519767	-0.0601832641	0	0.563399543186377	0.263878108049985	0.448081059024295	0.592443852028073
-0.289688	0.408293	0.25014	0.0180544	0.00159097	-0.00403527	0.058533	0.094144	-0.014537	-0.000314499999999999	0.00052399	0.0002732	0.2227985	0.0335354099	-0.0075156513	-0.0433552888	-0.0491319582	-0.0208400624	0.0219025301	0.0494577007	0.0427184332	0.0063577993	-0.0344113928	-0.0513193992	-0.032642048	0.0086696085	0.0439696763	0.048780754	0.0197667948	-0.0229536472	-0.0497578128	-0.0420594396	-0.0051966525	0.0352695426	0.0512795028	0.1489205854	-0.0120526868	-0.0067774808	-0.0009974379	0.048870679	-0.0054721332	0.1126794402	0.0188069181	-0.033479077	-0.0225585171	0	-0.280065379503888	0.758435992981109	0.448081059024295	0.592443852028073
-0.308206	0.290525	0.277763	0.0188334	0.000892681	-0.00410651	-0.018518	-0.117768	0.027623	0.000778999999999998	-0.000698289	-7.12400000000002e-05	0.24133545	0.0333742597	-0.0079357543	-0.0436932151	-0.048879052	-0.0198647963	0.0230486216	0.0498351925	0.0417526707	0.0044563007	-0.03595809	-0.0512130319	-0.0306348232	0.0113782077	0.0454300417	0.0476950147	0.016588352	-0.0261249837	-0.0505589784	-0.039617456	-0.0009560698	0.038374267	0.0508545847	0.1237495033	0.0121109614	0.0346812502	0.0487702675	-0.0299652144	-0.0254486256	0.08778774	0.0505486319	-0.057377404	-0.0142427011	0	-0.140260625827548	0.956745253761908	0.448081059024295	0.592443852028073
-0.332384	0.334316	0.25844	0.0171742	0.001495	-0.00456832	-0.024178	0.043791	-0.019323	-0.0016592	0.000602319	-0.00046181	0.22345845	0.0332125377	-0.0083553134	-0.0440244045	-0.0486127474	-0.0188810221	0.0241804983	0.0501708514	0.0407411319	0.0025486187	-0.0374431914	-0.0510005177	-0.0285520362	0.0140538708	0.0467378986	0.046425481	0.0133371814	-0.0291670224	-0.0510796273	-0.0369305738	0.003291061	0.0411892428	0.0500082695	0.1361490083	-0.0066889164	-0.0411876754	-0.0016517306	0.0530330884	-0.0050144071	0.071273218	0.0390811878	0.0103205882	-0.0626065007	0	-1.24107659627669	0.672905774024319	0.448081059024295	-1.68540061352814
-0.348955	0.243904	0.271338	0.016895	0.00110033	-0.00464441	-0.016571	-0.090412	0.012898	-0.0002792	-0.00039467	-7.609e-05	0.157379	0.0330502467	-0.0087742999	-0.0443488058	-0.0483331176	-0.0178891614	0.0252974622	0.0504643955	0.0396849258	0.0006374004	-0.0388641531	-0.0506822973	-0.0263988242	0.0166888526	0.0478888566	0.0449770452	0.010027537	-0.0320647078	-0.051316871	-0.0340154024	0.0075156513	0.0436932151	0.04874757	0.1210764341	0.0038699932	0.0628865762	0.0133406622	0.0383583208	-0.018672329	0.0731748053	0.0819671052	-0.0078703375	-0.0309708842	0	-1.07844927411865	0.356826148697648	0.448081059024295	0.592443852028073
-0.358052	0.293613	0.244813	0.0170618	0.001495	-0.00464441	-0.00909699999999997	0.049709	-0.026525	0.000166799999999998	0.00039467	0	0.1134045	0.0328873894	-0.0091926851	-0.044666369	-0.0480402391	-0.0168896389	0.0263988242	0.0507155786	0.0385852104	-0.0012747024	-0.040218541	-0.05025903	-0.0241804983	0.0192755259	0.048879052	0.0433552888	0.0066739292	-0.0348036986	-0.051269393	-0.030889962	0.0116887668	0.0458672776	0.0470829328	0.1188843027	-0.0034782323	-0.0111714426	-0.0147365392	0.0399699927	-0.037907581	0.0431974568	0.0354087893	-0.001219292	-0.0573487607	0	0.474491743969509	0.041545428862495	0.448081059024295	0.592443852028073
-0.349011	0.252403	0.2861	0.0174952	0.000824825	-0.00508847	0.00904099999999997	-0.04121	0.041287	0.000433399999999997	-0.000670175	-0.00044406	0.16891975	0.0327239687	-0.0096104404	-0.0449770452	-0.0477341923	-0.0158828827	0.0274839053	0.0509241898	0.0374431914	-0.0031850365	-0.041504035	-0.0497315932	-0.0219025301	0.0218064029	0.0497051606	0.0415664612	0.003291061	-0.0373704389	-0.0509374568	-0.0275735728	0.0157818258	0.0476950147	0.0450281516	0.0904364732	-0.0023004884	0.0201353238	0.00286716	-0.0062221886	-0.0244085737	0.0439799643	0.0899108728	-0.041909963	-0.0221941101	0	0.717358327035998	0.395962566937281	0.448081059024295	0.592443852028073
-0.348906	0.296744	0.300576	0.0165123	0.000796953	-0.00464441	0.000105000000000022	0.044341	0.014476	-0.000982899999999995	-2.78719999999997e-05	0.00044406	0.1316636	0.0325599874	-0.010027537	-0.0452807864	-0.047415061	-0.0148693239	0.0285520362	0.051090054	0.0362601209	-0.0050909511	-0.0427184332	-0.0491010801	-0.0195705382	0.0242741578	0.0503644092	0.039617456	-0.000106236	-0.0397522256	-0.050322904	-0.0240867353	0.0197667948	0.0491626259	0.0426002529	0.0890657012	-0.0009821605	0.0127513196	-0.0026070926	-0.0257586856	-0.0002513232	0.0479278061	0.0020011707	-0.0061659584	-0.0269670048	0	0.579802480023452	0.709782010666328	0.448081059024295	0.592443852028073
-0.353434	0.28527	0.303837	0.0176001	0.000519542	-0.00485602	-0.00452800000000003	-0.011474	0.00326099999999996	0.0010878	-0.000277411	-0.00021161	0.09810405	0.0323954483	-0.0104439465	-0.0455775458	-0.0470829328	-0.0138493968	0.0296025581	0.0512130319	0.0350372959	-0.0069898018	-0.0438596552	-0.0483687975	-0.0171902747	0.0266716472	0.0508545847	0.0375157835	-0.0035030673	-0.0419372706	-0.0494291445	-0.0204510037	0.0236163807	0.05025903	0.0398193552	0.0628179084	0.0172037299	0.0284584444	-0.0037168498	0.0776950628	0.0148496998	0.047159994	0.06605375	0.0347775331	-0.0167469515	0	-0.211096305902385	1.76656761577154	0.448081059024295	-1.68540061352814
-0.351746	0.323414	0.264901	0.0169714	0.000520816	-0.00486983	0.00168800000000002	0.038144	-0.038936	-0.000628699999999996	1.274e-06	-1.38100000000004e-05	0.1109572	0.0322303541	-0.0108596403	-0.0458672776	-0.0467378986	-0.012823538	0.0306348232	0.0512930202	0.0337760571	-0.0088789537	-0.0449257461	-0.0475362631	-0.0147676106	0.0289919311	0.0511740416	0.0352695426	-0.0068845403	-0.0439147598	-0.048261137	-0.0166888526	0.0273042176	0.0509759483	0.0367085017	0.0779573355	-6.54288e-05	0.0192166895	-0.0023645899	-0.0056623578	0.0036636834	0.0424350564	0.0233388418	-0.030246884	-0.0606438526	0	0.987159645548964	1.82512511148637	-2.22840312389761	-1.68540061352814
-0.365458	0.28198	0.310698	0.0180286	0.000530383	-0.00528499	-0.013712	-0.041434	0.045797	0.0010572	9.56700000000004e-06	-0.000415159999999999	0.17503935	0.0320647078	-0.0112745899	-0.0461499372	-0.046380053	-0.011792187	0.0316481948	0.051329952	0.0324777874	-0.0107557855	-0.0459148799	-0.0466052026	-0.0123085215	0.0312282931	0.0513217075	0.0328873894	-0.0102358295	-0.0456749061	-0.046825362	-0.012823538	0.0308050475	0.0513079677	0.03329347	0.0448304607	0.0212884403	0.0120626537	0.0141936919	-0.0239880798	-0.0165934693	0.0087260338	0.0499151332	-0.0271508923	0.0130305987	0	0.694285353323789	0.155574871115562	0.448081059024295	-1.68540061352814
-0.36549	0.357685	0.279307	0.0174272	0.000469604	-0.00535073	-3.19999999999765e-05	0.075705	-0.0313909999999999	-0.000601399999999999	-6.0779e-05	-6.57399999999999e-05	0.14352395	0.0318985121	-0.0116887668	-0.046425481	-0.0460094942	-0.0107557855	0.032642048	0.0513237961	0.03114391	-0.0126176931	-0.046825362	-0.0455775458	-0.0098190728	0.0333742597	0.0512970867	0.0303785035	-0.013542242	-0.0472089983	-0.0451297856	-0.0088789537	0.0340948932	0.0512525814	0.0296025581	0.0560803569	0.0048590921	-0.0438759906	-0.0203324568	0.048099325	-0.010395395	-0.0015489669	-0.0035100744	0.0066553214	-0.0279898828	0	0.537468101748123	1.14529846353095	0.448081059024295	0.592443852028073
-0.374803	0.280228	0.309716	0.0176809	0.000264115	-0.0053007	-0.00931300000000002	-0.0774569999999999	0.030409	0.000253700000000003	-0.000205489	5.00299999999995e-05	0.14263995	0.0317317699	-0.0121021428	-0.0466938665	-0.0456263236	-0.0097147774	0.0336157698	0.0512745577	0.0297758875	-0.0144620929	-0.0476556328	-0.0444554224	-0.0073054049	0.035423619	0.0511002618	0.027752553	-0.0167892817	-0.0485094437	-0.0431838154	-0.0048794834	0.0371512224	0.0508102074	0.0256663501	0.0336249219	0.016458241	0.0429697063	-0.0012302783	-0.0036743435	-0.0041845699	0.0223948471	0.0679739577	-0.040374262	0.0053016352	0	-0.011510510189577	1.28248951644182	0.448081059024295	0.592443852028073
-0.374254	0.323845	0.276568	0.0169106	0.000502467	-0.00521587	0.000549000000000022	0.043617	-0.033148	-0.000770300000000005	0.000238352	8.48300000000001e-05	0.1319881	0.0315644841	-0.0125146893	-0.0469550524	-0.0452306464	-0.0086696085	0.0345687596	0.0511822782	0.0283752196	-0.0162864257	-0.0484042702	-0.0432411585	-0.0047737179	0.0373704389	0.0507318935	0.0250196571	-0.0199627126	-0.0495698064	-0.0409982483	-0.0008498502	0.0399531023	0.0499841859	0.0215174627	0.0477163804	0.0023899197	-0.0314652304	-0.0291320388	-0.0067942631	-0.0204072998	-0.0205386402	0.007744697	0.019254109	-0.0327855421	0	-0.85714626218891	1.14839640327324	0.448081059024295	0.592443852028073
-0.381841	0.29446	0.333558	0.0180454	5.51738e-05	-0.00514729	-0.00758700000000001	-0.029385	0.05699	0.0011348	-0.0004472932	6.85800000000004e-05	0.17649566	0.0313966575	-0.0129263783	-0.0472089983	-0.044822571	-0.0076207265	0.0355004298	0.051047035	0.026943442	-0.0180881602	-0.0490699916	-0.0419372706	-0.0022302563	0.039209084	0.0501932186	0.0221903471	-0.0230486216	-0.0503848382	-0.0385852104	0.0031850365	0.0424813428	0.048780754	0.0171902747	0.0091431247	0.0231101266	0.0208481269	-0.0259100571	0.0326257759	-0.0260156854	-0.0139891403	0.0390595248	-0.0378776684	0.0552104687	0	-1.27006616039093	0.607277100625512	0.448081059024295	0.592443852028073
-0.365484	0.307708	0.296978	0.0170246	-0.000139141	-0.00533417	0.016357	0.013248	-0.0365799999999999	-0.0010208	-0.0001943148	-0.00018688	0.13628474	0.0312282931	-0.0133371814	-0.0474556651	-0.0444022092	-0.0065685806	0.0364102058	0.0508689416	0.0254821244	-0.0198647963	-0.0496516568	-0.0405464614	0.0003187063	0.0409342319	0.0494860452	0.0192755259	-0.0260334792	-0.0509505055	-0.03595809	0.0072002346	0.044718628	0.0472089983	0.0127206428	0.0302024944	-0.0048197721	0.0210039213	-0.0198347003	-0.1055279591	-0.0523291771	-0.0506817237	0.0275853947	-0.0232133047	-0.0267730746	0	-0.141209265687465	-0.54057453972994	0.448081059024295	-1.68540061352814
-0.365467	0.30103	0.383373	0.0174879	-1.35442e-05	-0.00531669	1.70000000000448e-05	-0.00667799999999996	0.086395	0.000463300000000003	0.0001255968	1.74800000000003e-05	0.12340884	0.0310593936	-0.0137470706	-0.0476950147	-0.0439696763	-0.0055136214	0.0372975264	0.0506481476	0.0239928691	-0.0216138688	-0.0501482692	-0.0390716134	0.0028668829	0.042540889	0.0486127474	0.0162864257	-0.0289041989	-0.0512640087	-0.0331314631	0.0111709238	0.0466496345	0.0452807864	0.0081456036	-0.0066237538	0.0229829402	-0.056761843	-0.0125590688	-0.0186244426	-0.0355458538	-0.0489695456	-0.0282047404	-0.0232274532	0.0524270319	0	0.43949301201835	0.8566700632255	0.448081059024295	0.592443852028073
-0.365504	0.312926	0.333638	0.0182699	1.29236e-06	-0.0054334	-3.70000000000093e-05	0.011896	-0.049735	0.000782000000000001	1.483656e-05	-0.00011671	0.107345328	0.030889962	-0.0141560177	-0.0479270103	-0.0435250908	-0.0044563007	0.0381618445	0.0503848382	0.0224773087	-0.0233329509	-0.0505589784	-0.0375157835	0.0054079881	0.0440244045	0.0475762569	0.0132345652	-0.0316481948	-0.0513237961	-0.0301210128	0.0150725591	0.048261137	0.0430106775	0.0035030673	-0.0113933375	0.0231949158	0.0249970844	-0.0241353185	0.0026082578	0.0152057462	-0.0386169037	-0.0086985983	0.0174675332	-0.0221532009	0	-1.56775224844877	0.369446189539976	0.448081059024295	-1.68540061352814
-0.343093	0.349501	0.414437	0.0177089	0.000209688	-0.00530176	0.022411	0.036575	0.080799	-0.000560999999999999	0.00020839564	0.00013164	0.184836782	0.0307200012	-0.0145639947	-0.0481516161	-0.0430685747	-0.0033970715	0.0390026269	0.0500792346	0.020937105	-0.0250196571	-0.0508830806	-0.0358821964	0.0079357543	0.0453804842	0.046380053	0.0101317049	-0.0342534364	-0.0511295719	-0.026943442	0.0188810221	0.0495420981	0.0404158122	-0.0011684964	-0.0356412342	0.0319599757	0.0117518903	0.0096372702	-0.0260690796	0.0239286469	0.0073861341	-0.0493700442	-0.0584468223	0.0658391712	0	-2.59047859487367	-0.190843411655219	0.448081059024295	-1.68540061352814
-0.343134	0.30393	0.324338	0.0176631	5.8086e-05	-0.00530176	-4.10000000000132e-05	-0.045571	-0.090099	-4.58000000000056e-05	-0.000151602	0	0.1455811	0.030549514	-0.0149709736	-0.0483687975	-0.0426002529	-0.0023363873	0.0398193552	0.0497315932	0.0193739464	-0.0266716472	-0.0511200208	-0.034174238	0.0104439465	0.0466052026	0.0450281516	0.0069898018	-0.0367085017	-0.0506822973	-0.0236163807	0.0225727706	0.0504837447	0.0375157835	-0.0058303776	-0.0036354059	0.0130456321	-0.0293188163	-0.0310939104	0.0181428234	0.0049226373	-0.0444365493	0.0245005276	0.0513560528	-0.0436158654	0	-0.256623211442905	-0.21888630207718	0.448081059024295	-1.68540061352814
-0.363879	0.355119	0.359808	0.0178199	-0.000185814	-0.00558877	-0.020745	0.051189	0.03547	0.000156800000000002	-0.0002439	-0.00028701	0.1417895	0.0303785035	-0.0153769266	-0.0485785209	-0.042120254	-0.0012747024	0.0406115256	0.0493422058	0.0177895469	-0.0282866287	-0.051269393	-0.0323954483	0.0129263783	0.0476950147	0.0435250908	0.0038209632	-0.0390026269	-0.0499841859	-0.0201582885	0.0261249837	0.0510796273	0.0343324881	-0.0104439465	-0.0224329138	0.0185070421	-0.0165044879	-0.0186873069	0.0227919145	0.0088820119	-0.0131487542	-0.0430036464	-0.0537056088	0.0020663871	0	-1.80227598731512	-0.369379704451445	0.448081059024295	-1.68540061352814
-0.371663	0.321065	0.37593	0.018265	-0.000461738	-0.00580159	-0.00778400000000001	-0.034054	0.016122	0.0004451	-0.000275924	-0.00021282	0.1046522	0.0302069725	-0.0157818258	-0.048780754	-0.0416287094	-0.0002124716	0.0413786495	0.0489113994	0.0161856435	-0.029862361	-0.0513309413	-0.030549514	0.0153769266	0.0486467657	0.0418759166	0.0006374004	-0.041125754	-0.049038693	-0.016588352	0.0295157031	0.0513256648	0.030889962	-0.0149709736	-0.0374238573	0.0265250197	0.042972441	0.0137026643	-0.0639822963	0.0252443368	-0.0302086517	-0.0059310539	0.0177602697	0.0111952692	0	-1.95782225109494	1.32591943625574	0.448081059024295	-1.68540061352814
-0.360262	0.35862	0.386184	0.0176961	0.000157734	-0.00530176	0.011401	0.037555	0.010254	-0.000568900000000001	0.000619472	0.00049983	0.1436201	0.0300349241	-0.0161856435	-0.0489754657	-0.041125754	0.0008498502	0.042120254	0.0484395355	0.0145639947	-0.0313966575	-0.0513045605	-0.0286402612	0.0177895469	0.0494577007	0.040086165	-0.0025486187	-0.0430685747	-0.0478504978	-0.0129263783	0.0327239687	0.051220172	0.0272141981	-0.0193739464	-0.0324349007	0.0276092216	-0.0733718268	-0.0054976113	0.0381712276	0.0298554232	-0.0166929587	-0.059727192	-0.0068982103	-0.015691255	0	-0.214890865342051	1.61219466929985	0.448081059024295	-1.68540061352814
-0.389598	0.306478	0.360815	0.0181656	-0.000316728	-0.00570191	-0.029336	-0.052142	-0.025369	0.000469499999999998	-0.000474462	-0.00040015	0.1740526	0.029862361	-0.016588352	-0.0491626259	-0.0406115256	0.001911808	0.0428358815	0.0479270103	0.0129263783	-0.0328873894	-0.0511902955	-0.0266716472	0.0201582885	0.0501254723	0.0381618445	-0.0057248166	-0.044822571	-0.046425481	-0.0091926851	0.0357299485	0.0507638714	0.0233329509	-0.0236163807	-0.0376279677	0.0210043196	0.029593004	-0.0021519671	0.0020927838	0.0332783664	-0.0241883757	0.0670589118	0.0195117094	0.0072005872	0	-0.022678360392298	-0.080827842121692	0.448081059024295	0.592443852028073
-0.401999	0.340292	0.345023	0.0177507	-0.000507654	-0.00621293	-0.012401	0.033814	-0.015792	-0.000414899999999996	-0.000190926	-0.00051102	0.1178493	0.0296892864	-0.0169899238	-0.0493422058	-0.040086165	0.002972947	0.0435250908	0.047374254	0.0112745899	-0.0343324881	-0.0509883422	-0.024647752	0.0224773087	0.0506481476	0.0361094147	-0.0088789537	-0.046380053	-0.0447706954	-0.0054079881	0.0385150608	0.0499598883	0.0192755259	-0.0276631221	-0.0208465078	0.0225302188	0.00297664	0.0079836074	-0.0178291311	0.0340155069	0.0092160246	-0.0275590834	0.0039074903	-0.0019207633	0	-0.036267166286905	-0.287958805648419	0.448081059024295	-1.68540061352814
-0.419466	0.319404	0.362834	0.0185676	-0.000138895	-0.00609621	-0.017467	-0.020888	0.017811	0.000816899999999999	0.000368759	0.00011672	0.12128495	0.0295157031	-0.0173903312	-0.0495141777	-0.0395498165	0.0040328127	0.0441874568	0.0467817305	0.0096104404	-0.0357299485	-0.0506990465	-0.0225727706	0.0247408876	0.0510242134	0.0339357659	-0.0119988754	-0.0477341923	-0.0428943306	-0.0015932859	0.0410620891	0.0488137291	0.0150725591	-0.0314806383	-0.0462427067	0.0333628531	-0.0118926519	0.0087186254	0.0586036874	0.0289719909	-0.023314834	0.0266262428	0.0461251697	0.018447064	0	0.274914313687564	0.021056831453674	0.448081059024295	-1.68540061352814
-0.419493	0.315616	0.310707	0.0184786	0.000105625	-0.00606174	-2.69999999999993e-05	-0.00378800000000001	-0.052127	-8.90000000000023e-05	0.00024452	3.447e-05	0.0743414999999999	0.0293416141	-0.0177895469	-0.049678515	-0.0390026269	0.0050909511	0.044822571	0.0461499372	0.0079357543	-0.0370778316	-0.050322904	-0.0204510037	0.026943442	0.0512525814	0.0316481948	-0.0150725591	-0.048879052	-0.0408056734	0.0022302563	0.0433552888	0.047333244	0.0107557855	-0.0350372959	-0.0245278553	0.0189448843	0.0310602661	0.009767486	0.0128516489	0.0299766962	-0.0097329862	0.0091146422	-0.012612094	-0.0060015897	0	0.166782196651071	0.576224270326323	0.448081059024295	-1.68540061352814
-0.447196	0.335485	0.358387	0.018344	0.000105625	-0.00699515	-0.027703	0.019869	0.04768	-0.000134599999999999	0	-0.00093341	0.1486525	0.0291670224	-0.0181875435	-0.0498351925	-0.0384447462	0.0061469092	0.0454300417	0.0454794046	0.0062523676	-0.038374267	-0.049860559	-0.018286849	0.029079539	0.0513325903	0.0292543809	-0.0180881602	-0.0498096126	-0.0385150608	0.0060414244	0.0453804842	0.0455285727	0.0063577993	-0.0383036235	-0.0432443892	0.0183178302	0.0203139443	0.0280711248	-0.0627306224	0.019035531	-0.0217459179	0.0067074588	-0.0226646214	-0.0076474868	0	0.239642310994866	0.68189038164521	0.448081059024295	-1.68540061352814
-0.437119	0.335339	0.384947	0.0180834	-0.000425762	-0.00707256	0.010077	-0.000145999999999979	0.02656	-0.0002606	-0.000531387	-7.741e-05	0.0802528499999999	0.0289919311	-0.0185842938	-0.0499841859	-0.0378763275	0.0072002346	0.0460094942	0.0447706954	0.0045621261	-0.039617456	-0.0493128035	-0.016084792	0.03114391	0.0512640087	0.0267623602	-0.0210340579	-0.0505217943	-0.0360338295	0.0098190728	0.0471251565	0.0434120755	0.001911808	-0.0412525551	-0.0468318007	0.0163167724	-0.0374746625	0.0047159872	0.0194548978	0.0333591724	-0.0253951623	-0.0401445951	0.024798426	-0.0187345715	0	-0.076082713329245	0.221380138286053	0.448081059024295	-1.68540061352814
-0.437171	0.310551	0.441137	0.0173173	0.000105625	-0.00704054	-5.19999999999965e-05	-0.024788	0.05619	-0.000766099999999999	0.000531387	3.20200000000007e-05	0.14750535	0.028816343	-0.0189797704	-0.0501254723	-0.0372975264	0.0082504761	0.0465605712	0.0440244045	0.0028668829	-0.0408056734	-0.0486805757	-0.0138493968	0.0331314631	0.051047035	0.0241804983	-0.0238989001	-0.0510124748	-0.0333742597	0.013542242	0.0485785209	0.0409982483	-0.0025486187	-0.0438596552	-0.0604740777	0.0183413447	0.0350620844	-0.0085372802	0.0372677542	0.0185234201	-0.0191829695	-0.0140000072	-0.0081395761	0.0646645199	0	-0.378259364674589	-1.36120330125197	0.448081059024295	-1.68540061352814
-0.419865	0.287328	0.364387	0.0176532	-0.000328544	-0.00657756	0.017306	-0.023223	-0.07675	0.0003359	-0.000434169	0.00046298	0.17893145	0.0286402612	-0.0193739464	-0.05025903	-0.0367085017	0.0092971841	0.0470829328	0.0432411585	0.0011684964	-0.0419372706	-0.0479649587	-0.0115852966	0.0350372959	0.0506822973	0.0215174627	-0.0266716472	-0.0512795028	-0.030549514	0.0171902747	0.0497315932	0.0383036235	-0.0069898018	-0.0461033203	-0.0290458609	0.0078282636	0.0328658397	0.0134310389	-0.0675333333	-0.006155293	-0.0274430394	0.0036667023	-0.0193677167	-0.01388065	0	-1.20045852556685	-1.38568979062455	0.448081059024295	-1.68540061352814
-0.454939	0.323257	0.381257	0.0172777	-3.49567e-05	-0.00718006	-0.035074	0.035929	0.01687	-0.000375500000000001	0.0002935873	-0.000602500000000001	0.151452365	0.0284636888	-0.0197667948	-0.0503848382	-0.0361094147	0.0103399101	0.0475762569	0.0424216147	-0.0005311711	-0.0430106775	-0.0471671784	-0.0092971841	0.0368567075	0.0501708514	0.018782193	-0.0293416141	-0.0513217075	-0.0275735728	0.0207429306	0.0505772456	0.0353466565	-0.0113782077	-0.0479649587	-0.029440882	0.0064760366	-0.0478878359	-0.0018106511	-0.0040396585	0.0032540968	-0.0326332029	-0.0519316849	-0.0157304162	-0.0007209033	0	-1.51043789312624	-1.31553996673087	0.448081059024295	-1.68540061352814
-0.437078	0.314065	0.364291	0.0180686	-0.000315071	-0.00685108	0.0178610000000001	-0.00919200000000003	-0.016966	0.000790899999999997	-0.0002801143	0.00032898	0.114018715	0.0282866287	-0.0201582885	-0.0505028777	-0.0355004298	0.0113782077	0.0480402391	0.0415664612	-0.0022302563	-0.0440244045	-0.0462886013	-0.0069898018	0.0385852104	0.0495141777	0.0159838716	-0.0318985121	-0.051138904	-0.0244611644	0.0241804983	0.0511102507	0.0321475998	-0.0156807013	-0.0494291445	-0.0399299838	0.0104404114	0.018830487	0.0005273319	0.0368989076	0.0164126625	-0.0195721618	0.0180675105	0.00529218	0.0129771614	0	-1.1887407877087	-1.21560463277543	0.448081059024295	0.592443852028073
-0.437082	0.331248	0.375667	0.0170193	-0.000272254	-0.0068683	-4.000000000004e-06	0.017183	0.0113760000000001	-0.0010493	4.2817e-05	-1.72200000000009e-05	0.08402985	0.0281090841	-0.0205484008	-0.0506131302	-0.0348817138	0.012411632	0.0484745935	0.0406764158	-0.0039268963	-0.0449770452	-0.0453307324	-0.004667932	0.040218541	0.0487141772	0.0131318924	-0.0343324881	-0.0507318935	-0.021227693	0.0274839053	0.0513273137	0.0287283636	-0.0198647963	-0.0504837447	-0.0241992722	-0.0075351688	0.0195101172	-0.0029465686	-0.0196963853	0.0041478603	-0.0048975701	-0.0517151394	-0.0460977458	-0.0258160701	0	-0.148109073063647	-1.11968621567831	-2.22840312389761	0.592443852028073
-0.418664	0.289087	0.364457	0.0176756	-0.000438557	-0.00648983	0.0184179999999999	-0.042161	-0.01121	0.000656299999999999	-0.000166303	0.00037847	0.13184265	0.0279310578	-0.020937105	-0.0507155786	-0.0342534364	0.0134397405	0.048879052	0.0397522256	-0.005619231	-0.0458672776	-0.0442952125	-0.0023363873	0.0417526707	0.0477731655	0.0102358295	-0.0366341627	-0.0501024608	-0.0178891614	0.0306348232	0.0512270927	0.0251123665	-0.0238989001	-0.0511200208	-0.0260519317	0.0061387516	0.0236189394	0.0168601931	-0.0422114722	-0.0214647157	-0.0229580506	0.0594078831	-0.0173976256	0.0528404285	0	-0.630649433083737	-1.31876326351117	-2.22840312389761	0.592443852028073
-0.4188	0.355497	0.322752	0.0171646	-0.000314609	-0.00683845	-0.000135999999999969	0.06641	-0.041705	-0.000510999999999998	0.000123948	-0.00034862	0.1574294	0.027752553	-0.0213243743	-0.0508102074	-0.0336157698	0.0144620929	0.0492533652	0.0387946664	-0.0073054049	-0.0466938665	-0.0431838154	0	0.0431838154	0.0466938665	0.0073054049	-0.0387946664	-0.0492533652	-0.0144620929	0.0336157698	0.0508102074	0.0213243743	-0.027752553	-0.0513327002	-0.0048735538	-0.0213556397	-0.0507979802	-0.0201119549	-0.0030204206	-0.0368871042	-0.0674106847	-0.0361411519	0.0095449174	-0.0477552846	0	-1.02341756603107	-1.39351125966911	0.448081059024295	0.592443852028073
-0.441631	0.312559	0.346665	0.0175759	-0.000369963	-0.00698058	-0.022831	-0.042938	0.023913	0.000411300000000003	-5.5354e-05	-0.00014213	0.1201212	0.0275735728	-0.0217101824	-0.0508970017	-0.0329688886	0.0154782512	0.0495973023	0.0378045419	-0.0089835694	-0.0474556651	-0.041998445	0.0023363873	0.0445084453	0.0454794046	0.0043504562	-0.0408056734	-0.0481883295	-0.0109634486	0.0364102058	0.0500792346	0.0173903312	-0.0313966575	-0.0511200208	-0.0191452623	-0.0091221414	-0.0257581337	-0.0004382051	0.00735567	-0.0397870969	-0.0207915756	0.0358452329	-0.0576981912	0.0586002395	0	-0.532686891500259	-1.33364476093553	0.448081059024295	-1.68540061352814
-0.418791	0.314527	0.320636	0.0172047	-0.000686079	-0.00699709	0.0228400000000001	0.00196799999999997	-0.026029	-0.000371200000000002	-0.000316116	-1.651e-05	0.0860283	0.0273941201	-0.0220945026	-0.0509759483	-0.0323129704	0.0164877804	0.0499106512	0.0367826834	-0.0106518847	-0.0481516161	-0.0407411319	0.004667932	0.0457232929	0.044133295	0.001380903	-0.0426594344	-0.0469120231	-0.007410544	0.0390026269	0.049038693	0.0133371814	-0.0348036986	-0.0504837447	-0.0009113703	-0.0237351307	0.0263708448	0.003346177	-0.0870294488	-0.0186365516	-0.0357037487	-0.0068527465	0.0043279627	-0.0314507869	0	-0.404107430651903	-1.28932396294993	0.448081059024295	-1.68540061352814
-0.436651	0.331391	0.376318	0.0172972	-0.000646542	-0.00682653	-0.01786	0.016864	0.0556819999999999	9.24999999999954e-05	3.9537e-05	0.00017056	0.10553585	0.0272141981	-0.0224773087	-0.051047035	-0.0316481948	0.0174902479	0.0501932186	0.0357299485	-0.0123085215	-0.048780754	-0.0394140296	0.0069898018	0.046825362	0.0426594344	-0.0015932859	-0.0443488058	-0.0454300417	-0.0038209632	0.0413786495	0.0476950147	0.0091926851	-0.0379479508	-0.0494291445	-0.0178324104	-0.0083058216	-0.0771595121	0.0037756517	0.0391324257	-0.0176083925	-0.0030631705	-0.0347876197	-0.0150780616	0.0443490271	0	-0.380123740366359	-1.21188615435878	0.448081059024295	-1.68540061352814
-0.437439	0.273753	0.348245	0.01707	-0.000693287	-0.00662616	-0.000788000000000011	-0.057638	-0.028073	-0.000227199999999997	-4.67450000000001e-05	0.00020037	0.11021475	0.0270338099	-0.0228585745	-0.0511102507	-0.0309747441	0.0184852245	0.0504448302	0.0346472211	-0.0139516636	-0.0493422058	-0.0380194116	0.0092971841	0.047811934	0.0410620891	-0.0045621261	-0.0458672776	-0.0437488826	-0.0002124716	0.0435250908	0.0460565059	0.0049852279	-0.0408056734	-0.0479649587	-0.008248879	-0.0261496843	0.0333272031	-0.005859845	-0.0463442312	0.0043418792	0.0017406625	0.0213063508	0.0158422604	-0.0341652707	0	1.26604721621813	-1.02865119640185	-2.22840312389761	0.592443852028073
-0.444243	0.327336	0.380532	0.0160846	-0.000662299	-0.00682217	-0.00680400000000003	0.053583	0.0322870000000001	-0.000985399999999997	3.0988e-05	-0.00019601	0.1532939	0.0268529586	-0.0232382738	-0.0511655859	-0.0302928029	0.019472284	0.0506653309	0.0335354099	-0.0155795096	-0.0498351925	-0.0365596669	0.0115852966	0.0486805757	0.0393458828	-0.0075156513	-0.0472089983	-0.0418759166	0.0033970715	0.0454300417	0.044133295	0.0007436268	-0.0433552888	-0.0461033203	-0.0019028339	-0.0143021778	-0.0430398656	0.0010240355	0.021044887	0.0103365984	0.0350976499	-0.0489506113	0.0022016006	0.0341910644	0	-0.520837537529861	-0.455890949333264	-2.22840312389761	0.592443852028073
-0.426809	0.264164	0.360095	0.0164612	-0.000730783	-0.00635874	0.0174340000000001	-0.063172	-0.020437	0.000376599999999994	-6.84840000000001e-05	0.00046343	0.1464687	0.0266716472	-0.0236163807	-0.0512130319	-0.0296025581	0.0204510037	0.0508545847	0.0323954483	-0.0171902747	-0.05025903	-0.0350372959	0.0138493968	0.0494291445	0.0375157835	-0.0104439465	-0.0483687975	-0.0398193552	0.0069898018	0.0470829328	0.0419372706	-0.0035030673	-0.0455775458	-0.0438596552	-0.0049996815	-0.0246760404	0.0463453436	-0.0229552688	0.0016888233	-0.0253998664	-0.0054004894	0.0358874284	0.0233373877	0.00344915	0	0.005991644262957	-0.892647496394866	-2.22840312389761	0.592443852028073
-0.395842	0.344187	0.35881	0.0159131	-0.000750663	-0.00630222	0.030967	0.080023	-0.00128499999999998	-0.000548099999999996	-1.988e-05	5.652e-05	0.1435	0.0264898788	-0.0239928691	-0.0512525814	-0.0289041989	0.0214209644	0.0510124748	0.0312282931	-0.018782193	-0.0506131302	-0.0334549064	0.016084792	0.0500557939	0.0355770885	-0.0133371814	-0.0493422058	-0.0375882149	0.0105479382	0.0484745935	0.0394820076	-0.007725769	-0.0474556651	-0.0412525551	0.0130922854	-0.0223893938	-0.0146761582	0.012443716	-0.0320901673	-0.0226319287	0.0130416813	-0.0356194307	-0.0227021058	0.0241083079	0	0.482904021245805	-1.2425671444688	-2.22840312389761	0.592443852028073
-0.325211	0.284557	0.305504	0.0171963	-0.00146002	-0.00526189	0.070631	-0.05963	-0.053306	0.0012832	-0.000709357	0.00104033	0.33521135	0.0263076566	-0.0243677133	-0.0512842283	-0.0281979168	0.0223817506	0.051138904	0.0300349241	-0.020353519	-0.0508970017	-0.0318152092	0.018286849	0.0505589784	0.0335354099	-0.0161856435	-0.0501254723	-0.0351922777	0.0140538708	0.0495973023	0.0367826834	-0.0118955567	-0.0489754657	-0.0383036235	0.0106716797	-0.0140115716	0.0370241577	0.0056218509	-0.0061999496	-0.0233614908	0.0089924439	0.007815013	0.0415625601	-0.0060912966	0	-0.860561031067374	-1.33454960686624	0.448081059024295	0.592443852028073
-0.383349	0.283833	0.413892	0.0149644	-0.000792778	-0.00559451	-0.058138	-0.000724000000000002	0.108388	-0.0022319	0.000667242	-0.00033262	0.3288381	0.0261249837	-0.0247408876	-0.0513079677	-0.0274839053	0.0233329509	0.0512337941	0.028816343	-0.0219025301	-0.0511102507	-0.0301210128	0.0204510037	0.0509374568	0.0313966575	-0.0189797704	-0.0507155786	-0.032642048	0.0174902479	0.0504448302	0.033855984	-0.0159838716	-0.0501254723	-0.0350372959	0.0085754547	-0.0469480815	-0.079248169	-0.0315954795	-0.0074525606	-0.02634011	0.0098865353	-0.0388626257	0.0003998366	-0.0033328308	0	-0.602504219791317	-1.24814814553533	0.448081059024295	-1.68540061352814
-0.376546	0.253822	0.407517	0.0160593	-0.000653942	-0.00568885	0.006803	-0.030011	-0.00637499999999996	0.0010949	0.000138836	-9.434e-05	0.1095928	0.0259418632	-0.0251123665	-0.0513237961	-0.0267623602	0.0242741578	0.0512970867	0.0275735728	-0.0234275279	-0.0512525814	-0.0283752196	0.0225727706	0.0511902955	0.0291670224	-0.0217101824	-0.0511102507	-0.0299487067	0.0208400624	0.0510124748	0.0307200012	-0.0199627126	-0.0508970017	-0.0314806383	-0.0014140107	-0.0231504076	0.0151244835	0.0088603295	-0.0346329325	0.0025796447	0.0127458493	0.0277279379	0.0184993753	-0.0143380763	0	-0.262626802325916	-1.26680107019489	0.448081059024295	-1.68540061352814
-0.388697	0.365407	0.420793	0.0160168	-0.000616732	-0.00585904	-0.012151	0.111585	0.013276	-4.24999999999974e-05	3.72100000000001e-05	-0.000170190000000001	0.149507	0.0257582983	-0.0254821244	-0.0513317109	-0.0260334792	0.0252049683	0.0513287428	0.0263076566	-0.0249268406	-0.0513237961	-0.0265808199	0.024647752	0.051316871	0.0268529586	-0.0243677133	-0.0513079677	-0.0271240621	0.0240867353	0.0512970867	0.0273941201	-0.0238048288	-0.0512842283	-0.0276631221	-0.0005886316	-0.017331049	-0.0543677772	0.0047595447	0.0258144934	0.0366964835	0.0519499059	-0.0758580833	0.0164667777	0.0239875632	0	0.881507599915792	-1.1800127101102	0.448081059024295	-1.68540061352814
-0.392766	0.267366	0.440727	0.0158329	-0.000399185	-0.00567412	-0.00406900000000005	-0.098041	0.019934	-0.000183900000000001	0.000217547	0.00018492	0.15136235	0.025574292	-0.0258501361	-0.0513317109	-0.0252974622	0.0261249837	0.0513287428	0.0250196571	-0.0263988242	-0.0513237961	-0.0247408876	0.0266716472	0.051316871	0.0244611644	-0.026943442	-0.0513079677	-0.0241804983	0.0272141981	0.0512970867	0.0238989001	-0.0274839053	-0.0512842283	-0.0236163807	-0.0118622873	-0.0081798713	0.0611845231	0.0002922103	0.0366641557	0.0310140197	0.0464206236	0.0211879808	0.0730508441	0.0282313896	0	-1.73244137046695	-0.748846546859001	0.448081059024295	-1.68540061352814
-0.398782	0.304499	0.438851	0.0149561	-7.16464e-05	-0.00578931	-0.00601600000000002	0.037133	-0.00187599999999999	-0.0008768	0.0003275386	-0.000115189999999999	0.11100143	0.0253898477	-0.0262163763	-0.0513237961	-0.0245545108	0.0270338099	0.0512970867	0.0237106555	-0.027841865	-0.0512525814	-0.0228585745	0.0286402612	0.0511902955	0.0219985635	-0.0294287216	-0.0511102507	-0.0211309207	0.0302069725	0.0510124748	0.0202559471	-0.0309747441	-0.0508970017	-0.0193739464	0.0062962522	-0.0230040233	-0.0134887148	-0.007789939	0.044506708	0.0033647542	0.0279198435	-0.0416378771	0.026259012	-0.041339898	0	-0.433668074846421	-0.855802117488492	0.448081059024295	0.592443852028073
-0.401415	0.265118	0.460053	0.0148964	-0.000120313	-0.00587537	-0.002633	-0.039381	0.0212019999999999	-5.96999999999993e-05	-4.86666e-05	-8.60600000000006e-05	0.07293733	0.0252049683	-0.0265808199	-0.0513079677	-0.0238048288	0.0279310578	0.0512337941	0.0223817506	-0.0292543809	-0.0511102507	-0.020937105	0.030549514	0.0509374568	0.019472284	-0.0318152092	-0.0507155786	-0.0179886993	0.0330502467	0.0504448302	0.0164877804	-0.0342534364	-0.0501254723	-0.0149709736	-0.0031418166	-0.0282832205	0.0310442984	-0.0118200055	-0.0027302842	-0.0244073361	-0.0077830538	0.0431507091	0.030176949	0.0280571544	0	-1.73465709425498	-0.915850837824234	0.448081059024295	0.592443852028073
-0.388816	0.332867	0.470525	0.0149323	-0.000125768	-0.00597796	0.012599	0.0677490000000001	0.010472	3.58999999999967e-05	-5.45500000000001e-06	-0.00010259	0.09801725	0.0250196571	-0.026943442	-0.0512842283	-0.0230486216	0.028816343	0.051138904	0.0210340579	-0.0306348232	-0.0508970017	-0.0189797704	0.0323954483	0.0505589784	0.0168896389	-0.0340948932	-0.0501254723	-0.0147676106	0.0357299485	0.0495973023	0.0126176931	-0.0372975264	-0.0489754657	-0.0104439465	0.0005369732	-0.0250571069	-0.0645500034	-0.0183257936	0.0062506916	-0.0130181831	-0.0083717447	-0.0762724147	0.017464464	-0.038859522	0	-1.60995975102267	-1.48411542630397	0.448081059024295	0.592443852028073
-0.405024	0.27184	0.480621	0.0152838	-8.7955e-05	-0.00604116	-0.016208	-0.061027	0.010096	0.000351500000000003	3.7813e-05	-6.32000000000002e-05	0.10995665	0.0248339173	-0.0273042176	-0.0512525814	-0.0222860966	0.0296892864	0.0510124748	0.0196687086	-0.0319816784	-0.0506131302	-0.0169899238	0.034174238	0.0500557939	0.014258104	-0.0362601209	-0.0493422058	-0.0114817767	0.0382328158	0.0484745935	0.0086696085	-0.040086165	-0.0474556651	-0.0058303776	-0.0131645021	-0.0192715597	0.0447541312	-0.023467063	0.0392092291	0.0104637571	0.0185950032	0.0334984702	0.0475807801	0.0065237297	0	-0.024881257186343	-1.47323133704968	0.448081059024295	0.592443852028073
-0.405223	0.329615	0.474933	0.0148737	0.000332062	-0.00624951	-0.000199000000000005	0.057775	-0.00568800000000003	-0.0004101	0.000420017	-0.00020835	0.11558535	0.024647752	-0.0276631221	-0.0512130319	-0.0215174627	0.030549514	0.0508545847	0.018286849	-0.03329347	-0.05025903	-0.0149709736	0.0358821964	0.0494291445	0.0115852966	-0.0383036235	-0.0483687975	-0.0081456036	0.0405464614	0.0470829328	0.004667932	-0.0426002529	-0.0455775458	-0.0011684964	0.0017885642	-0.019604423	-0.0193199959	-0.0071634464	0.0124730498	0.0086881455	0.0035196615	-0.0585371322	0.035199745	-0.0292021124	0	-1.39735734488631	-0.722063426639634	0.448081059024295	0.592443852028073
-0.42152	0.276599	0.483883	0.015337	0.000178908	-0.00637682	-0.016297	-0.053016	0.00895000000000001	0.0004633	-0.000153154	-0.00012731	0.1154512	0.0244611644	-0.0280201309	-0.0511655859	-0.0207429306	0.0313966575	0.0506653309	0.0168896389	-0.0345687596	-0.0498351925	-0.0129263783	0.0375157835	0.0486805757	0.0088789537	-0.040218541	-0.0472089983	-0.0047737179	0.0426594344	0.0454300417	0.0006374004	-0.044822571	-0.0433552888	0.0035030673	-0.0127042836	-0.0156515872	0.0085404797	-0.0241009358	0.0622572811	-0.0160861064	0.0069993316	0.0334846497	0.0285208892	0.0721615958	0	-2.02503681499668	-0.257884444820268	0.448081059024295	0.592443852028073
-0.414937	0.327468	0.452584	0.0146164	-2.74087e-05	-0.00643052	0.00658300000000001	0.050869	-0.031299	-0.000720600000000002	-0.0002063167	-5.37000000000003e-05	0.137781835	0.0242741578	-0.0283752196	-0.0511102507	-0.0199627126	0.0322303541	0.0504448302	0.0154782512	-0.0358061492	-0.0493422058	-0.0108596403	0.0390716134	0.047811934	0.0061469092	-0.041998445	-0.0458672776	-0.001380903	0.0445612775	0.0435250908	-0.0033970715	-0.0467378986	-0.0408056734	0.0081456036	0.0141688076	-0.0248505761	0.0206481064	0.0100358633	-0.0438366319	-0.002372269	0.0260165081	-0.0445626628	0.0056995256	-0.0241943552	0	-1.58316583366239	0.065798152502187	0.448081059024295	0.592443852028073
-0.405084	0.276234	0.505691	0.0154627	-0.00027419	-0.00618681	0.009853	-0.0512339999999999	0.053107	0.000846300000000003	-0.0002467813	0.00024371	0.181033565	0.0240867353	-0.0287283636	-0.051047035	-0.0191770227	0.0330502467	0.0501932186	0.0140538708	-0.037004282	-0.048780754	-0.0087742999	0.0405464614	0.046825362	0.0033970715	-0.0436373605	-0.0443488058	0.0020179662	0.0462425779	0.0413786495	-0.007410544	-0.0483331176	-0.0379479508	0.0127206428	-0.0194500132	-0.0048176615	0.0168618093	-0.0217773392	0.0774804278	0.0018814054	0.000216968	0.0139855902	0.0478808308	0.0198165932	0	-0.180491098240716	-1.05886731007467	0.448081059024295	0.592443852028073
-0.405168	0.311612	0.450293	0.0148486	-0.000458012	-0.00650568	-8.3999999999973e-05	0.035378	-0.0553979999999999	-0.000614100000000003	-0.000183822	-0.00031887	0.1466996	0.0238989001	-0.029079539	-0.0509759483	-0.0183860761	0.033855984	0.0499106512	0.0126176931	-0.0381618445	-0.0481516161	-0.0066739292	0.0419372706	0.0457232929	0.0006374004	-0.0451297856	-0.0426594344	0.0054079881	0.0476950147	0.0390026269	-0.0113782077	-0.0495973023	-0.0348036986	0.0171902747	0.014246285	-0.0262715584	0.0342924445	0.0097266183	-0.0617561781	-0.0137608974	0.0012061523	-0.0148929811	-0.0006130937	-0.0253795244	0	-0.184097714333649	-0.874111298309156	0.448081059024295	0.592443852028073
-0.405134	0.305894	0.482248	0.0155389	-0.000272141	-0.00627894	3.39999999999785e-05	-0.005718	0.0319549999999999	0.000690300000000003	0.000185871	0.00022674	0.09285255	0.0237106555	-0.0294287216	-0.0508970017	-0.0175900897	0.0346472211	0.0495973023	0.0111709238	-0.0392775675	-0.0474556651	-0.0045621261	0.0432411585	0.0445084453	-0.0021241158	-0.0464707102	-0.0408056734	0.0087742999	0.0489113994	0.0364102058	-0.015275536	-0.0505217943	-0.0313966575	0.0215174627	-0.0056843692	-0.0093503222	-0.0684723367	-0.0081386933	0.0458080492	-0.024567039	-0.0191604814	0.0077745423	0.0153333983	0.0536331592	0	0.61782726716562	-1.02499293797628	0.448081059024295	0.592443852028073
-0.405258	0.317148	0.437793	0.0154848	-0.000357576	-0.00669913	-0.000124000000000013	0.011254	-0.0444549999999999	-5.41000000000031e-05	-8.5435e-05	-0.00042019	0.08381925	0.0235220047	-0.0297758875	-0.0508102074	-0.0167892817	0.035423619	0.0492533652	0.0097147774	-0.0403502279	-0.0466938665	-0.0024425082	0.0444554224	0.0431838154	-0.0048794834	-0.0476556328	-0.0387946664	0.0121021428	0.0498857119	0.0336157698	-0.0190784374	-0.0511002618	-0.027752553	0.0256663501	0.0095273809	-0.0218786388	0.0339015573	0.0035818663	-0.0142193621	0.0066764927	0.0070706526	0.0199602277	-0.0038404724	-0.0564475295	0	0.101201680244661	-0.868842022500465	0.448081059024295	0.592443852028073
-0.422667	0.312434	0.490401	0.015681	-0.00014931	-0.00667263	-0.017409	-0.004714	0.052608	0.000196200000000002	0.000208266	2.65000000000005e-05	0.0962793	0.0233329509	-0.0301210128	-0.0507155786	-0.0159838716	0.0361848453	0.048879052	0.0082504761	-0.0413786495	-0.0458672776	-0.0003187063	0.0455775458	0.0417526707	-0.0076207265	-0.0486805757	-0.0366341627	0.0153769266	0.0506131302	0.0306348232	-0.0227634039	-0.0513287428	-0.0238989001	0.0296025581	-0.0086163467	2.83849e-05	-0.0037435367	0.0185089138	0.0193625155	-7.787e-05	0.0085706039	-0.0239285624	0.0042335925	0.0552875759	0	0.412188245680012	-0.918781907658652	0.448081059024295	0.592443852028073
-0.411096	0.331817	0.446736	0.0152902	-0.000581644	-0.00626031	0.011571	0.019383	-0.0436650000000001	-0.000390799999999998	-0.000432334	0.00041232	0.1363917	0.0231434973	-0.030464074	-0.0506131302	-0.0151740801	0.0369305738	0.0484745935	0.0067792492	-0.042361705	-0.0449770452	0.0018056415	0.0466052026	0.040218541	-0.0103399101	-0.0495420981	-0.0343324881	0.0185842938	0.051090054	0.0274839053	-0.0263076566	-0.0512056724	-0.0198647963	0.03329347	0.0085208754	-0.010134871	0.0392322178	-0.0079937303	0.0147880452	-0.0014615794	-0.0002120056	0.0134056393	-0.0059808967	-0.0084793843	0	0.857479293998976	-0.664104838963341	0.448081059024295	0.592443852028073
-0.405133	0.320866	0.446869	0.0149832	-0.000670208	-0.00645099	0.00596300000000005	-0.010951	0.000132999999999994	-0.000307000000000003	-8.85640000000001e-05	-0.00019068	0.0463592	0.0229536472	-0.0308050475	-0.0505028777	-0.0143601292	0.0376604853	0.0480402391	0.0053023317	-0.0432983163	-0.0440244045	0.0039268963	0.0475362631	0.0385852104	-0.0130291632	-0.050237308	-0.0318985121	0.0217101824	0.051314123	0.0241804983	-0.0296892864	-0.0507318935	-0.0156807013	0.0367085017	0.0174358791	-0.0139975602	-0.0112376997	0.0126762895	-0.0056572402	-0.023676854	0.020974212	-0.024911999	-0.0456356051	0.0430891899	0	0.533433733290371	-0.886184542047529	0.448081059024295	0.592443852028073
-0.40504	0.26595	0.426392	0.0147958	-0.000581644	-0.00611754	9.29999999999542e-05	-0.054916	-0.020477	-0.000187399999999999	8.85640000000001e-05	0.00033345	0.1059567	0.0227634039	-0.03114391	-0.0503848382	-0.013542242	0.038374267	0.0475762569	0.0038209632	-0.0441874568	-0.0430106775	0.0060414244	0.0483687975	0.0368567075	-0.0156807013	-0.0507638714	-0.0293416141	0.0247408876	0.0512842283	0.0207429306	-0.0328873894	-0.0499106512	-0.0113782077	0.0398193552	0.0203429127	-0.0151497989	0.0352823966	-0.014524277	0.0066420955	-0.0346352726	-0.0073946057	0.0591194228	0.0102661935	0.0061123758	0	0.344937431577864	-1.10416745692036	0.448081059024295	0.592443852028073
-0.387981	0.322405	0.445927	0.0148757	-0.000771652	-0.00628208	0.017059	0.056455	0.019535	7.99000000000008e-05	-0.000190008	-0.000164539999999999	0.1147714	0.0225727706	-0.0314806383	-0.05025903	-0.0127206428	0.0390716134	0.0470829328	0.0023363873	-0.0450281516	-0.0419372706	0.0081456036	0.0491010801	0.0350372959	-0.018286849	-0.0511200208	-0.0266716472	0.0276631221	0.0510005177	0.0171902747	-0.0358821964	-0.04874757	-0.0069898018	0.0426002529	0.0188828737	-0.0160649082	-0.0162693715	0.0051080692	-0.048466374	-0.0174931673	0.019994453	-0.051510097	-0.059092205	-0.0085441074	0	0.451464780127049	-1.10222938852579	0.448081059024295	0.592443852028073
-0.371507	0.268285	0.446233	0.0156353	-0.00140018	-0.00585308	0.016474	-0.05412	0.000305999999999973	0.000759599999999997	-0.000628528	0.000429	0.1617564	0.0223817506	-0.0318152092	-0.0501254723	-0.0118955567	0.0397522256	0.0465605712	0.0008498502	-0.0458194789	-0.0408056734	0.0102358295	0.0497315932	0.0331314631	-0.0208400624	-0.0513045605	-0.0238989001	0.030464074	0.0504643955	0.013542242	-0.0386551947	-0.0472506159	-0.0025486187	0.0450281516	0.0066850352	0.0038831493	0.0121854165	0.0052648006	0.0336434653	-0.0163482547	-0.0070239487	0.0564774267	0.0243340191	-0.0120879372	0	0.450482678543679	-0.948367854773799	0.448081059024295	0.592443852028073
-0.371598	0.313358	0.426765	0.0144612	-0.00101856	-0.00606768	-9.09999999999522e-05	0.045073	-0.019468	-0.0011741	0.00038162	-0.0002146	0.153148	0.0221903471	-0.0321475998	-0.0499841859	-0.0110672099	0.0404158122	0.0460094942	-0.0006374004	-0.0465605712	-0.039617456	0.0123085215	0.05025903	0.03114391	-0.0233329509	-0.051316871	-0.0210340579	0.0331314631	0.049678515	0.0098190728	-0.0411892428	-0.0454300417	0.001911808	0.0470829328	0.0298967333	-0.0241055025	0.0029322162	0.0004727395	-0.0533850773	-0.0252410639	0.0008137292	-0.0232935169	-0.0227848389	-0.0466962492	0	0.484790425905516	-1.017018342396	0.448081059024295	0.592443852028073
-0.371441	0.327032	0.426419	0.0171005	-0.00157502	-0.00585308	0.000157000000000018	0.013674	-0.000346000000000013	0.0026393	-0.00055646	0.0002146	0.184695	0.0219985635	-0.0324777874	-0.0498351925	-0.0102358295	0.0410620891	0.0454300417	-0.0021241158	-0.0472506159	-0.038374267	0.0143601292	0.0506822973	0.029079539	-0.0257582983	-0.051156911	-0.0180881602	0.0356535949	0.0486467657	0.0060414244	-0.0434686762	-0.0432983163	0.0063577993	0.04874757	0.0024421727	0.0258440301	-0.0559199676	0.0519671002	-0.0040481778	-0.000257924	0.0082997183	0.0387529678	-0.0065829292	0.0222939509	0	-1.684465624465	-1.16017868295355	0.448081059024295	0.592443852028073
-0.348657	0.35477	0.323663	0.0184265	-0.00225286	-0.00571827	0.022784	0.027738	-0.102756	0.001326	-0.000677840000000001	0.00013481	0.2602105	0.0218064029	-0.0328057493	-0.049678515	-0.0094016433	0.0416907793	0.044822571	-0.0036090482	-0.0478888566	-0.0370778316	0.0163871381	0.0510005177	0.026943442	-0.0281090841	-0.0508252175	-0.0150725591	0.0380194116	0.047374254	0.0022302563	-0.0454794046	-0.0408700402	0.0107557855	0.0500082695	0.0192569125	0.0284047142	-0.0130325135	0.0627568916	0.024960637	0.0209730747	0.0181185287	0.033622759	-0.0313332672	-0.0586775286	0	0.914942553990874	-1.11887117767804	0.448081059024295	0.592443852028073
-0.360565	0.353674	0.417021	0.0182079	-0.00193392	-0.00598138	-0.011908	-0.00109599999999999	0.093358	-0.000218599999999999	0.00031894	-0.00026311	0.1463945	0.0216138688	-0.0331314631	-0.0495141777	-0.00856488	0.0423016137	0.0441874568	-0.0050909511	-0.0484745935	-0.0357299485	0.0183860761	0.0512130319	0.0247408876	-0.0303785035	-0.050322904	-0.0119988754	0.040218541	0.0458672776	-0.0015932859	-0.0472089983	-0.0381618445	0.0150725591	0.0508545847	-0.015909609	0.0375744512	0.0245937053	0.0984523379	-0.0143872457	0.0389915169	0.0641423133	-0.0035188932	-0.0523797034	0.0354494224	0	0.539663748502087	-0.964245587143749	0.448081059024295	0.592443852028073
-0.367806	0.322579	0.372182	0.0173101	-0.00182546	-0.00595262	-0.007241	-0.031095	-0.044839	-0.000897800000000001	0.00010846	2.87600000000001e-05	0.134926	0.0214209644	-0.0334549064	-0.0493422058	-0.007725769	0.0428943306	0.0435250908	-0.0065685806	-0.0490071843	-0.0343324881	0.020353519	0.0513193992	0.0224773087	-0.0325599874	-0.0496516568	-0.0088789537	0.0422413413	0.044133295	-0.0054079881	-0.0486467657	-0.0351922777	0.0192755259	0.0512795028	0.017615994	0.0212532464	-0.0322807401	0.0402083502	0.0493910593	0.0170036396	0.0032405723	0.0227770533	0.0186779727	-0.0775050483	0	1.04726470860754	-0.790705644373125	0.448081059024295	0.592443852028073
-0.360886	0.372758	0.437773	0.0174511	-0.00177275	-0.00595262	0.00691999999999998	0.050179	0.065591	0.000141000000000002	5.27100000000001e-05	0	0.1323755	0.021227693	-0.0337760571	-0.0491626259	-0.0068845403	0.0434686762	0.0428358815	-0.0080406961	-0.0494860452	-0.0328873894	0.0222860966	0.0513193992	0.0201582885	-0.0346472211	-0.0488137291	-0.0057248166	0.0440789442	0.042180888	-0.0091926851	-0.0497838193	-0.0319816784	0.0233329509	0.0512795028	-0.0122461678	0.027415141	-0.0015386983	0.0619153491	0.0167420066	0.0162445574	0.0350377782	0.0093141318	-0.0645068816	-0.0016540354	0	0.819123235794615	-0.939011007477274	0.448081059024295	0.592443852028073
-0.360835	0.308719	0.423387	0.0167597	-0.00206767	-0.00595262	5.10000000000232e-05	-0.064039	-0.014386	-0.000691400000000005	-0.00029492	0	0.127792	0.0210340579	-0.0340948932	-0.0489754657	-0.0060414244	0.0440244045	0.042120254	-0.0095060622	-0.0499106512	-0.0313966575	0.0241804983	0.0512130319	0.0177895469	-0.0366341627	-0.047811934	-0.0025486187	0.0457232929	0.0400197194	-0.0129263783	-0.0506131302	-0.0285520362	0.0272141981	0.0508545847	0.0080978415	0.0211045757	0.0375908869	0.0546654998	-0.0446870249	0.0230616433	0.014358208	0.034542262	-0.004854154	-0.0431372643	0	0.419640450340879	-1.04001638539448	0.448081059024295	0.592443852028073
-0.347901	0.371166	0.507549	0.0160424	-0.00160404	-0.0059145	0.012934	0.062447	0.084162	-0.000717299999999994	0.00046363	3.81199999999991e-05	0.2204955	0.0208400624	-0.0344113928	-0.048780754	-0.0051966525	0.0445612775	0.0413786495	-0.0109634486	-0.0502805367	-0.029862361	0.0260334792	0.0510005177	0.0153769266	-0.0385150608	-0.0466496345	0.0006374004	0.0471671784	0.0376604853	-0.016588352	-0.0511295719	-0.0249268406	0.030889962	0.0500082695	-0.0133747989	0.0302849845	-0.0254257272	0.0319022102	0.0147132008	0.0365492563	0.0172578533	-0.0496029007	-0.005617209	0.0026353088	0	0.809261508197375	-0.973442454376956	0.448081059024295	0.592443852028073
-0.358783	0.297228	0.482628	0.0158653	-0.00208853	-0.00613127	-0.010882	-0.0739379999999999	-0.024921	-0.000177100000000006	-0.00048449	-0.00021677	0.153659	0.0206457099	-0.0347255342	-0.0485785209	-0.0043504562	0.0450790651	0.0406115256	-0.012411632	-0.0505952962	-0.0282866287	0.027841865	0.0506822973	0.0129263783	-0.0402844707	-0.0453307324	0.0038209632	0.0484042702	0.035114862	-0.0201582885	-0.051329952	-0.0211309207	0.0343324881	0.04874757	-0.0049524467	0.0220380324	0.0438969448	-0.0021315569	0.0469128855	0.0293743826	-0.0073006452	0.0376941537	0.0388169929	0.004721399	0	0.816644558629771	-0.996245020085896	0.448081059024295	0.592443852028073
-0.358745	0.320419	0.542952	0.0142258	-0.0024029	-0.00623122	3.8000000000038e-05	0.023191	0.060324	-0.0016395	-0.00031437	-9.99499999999997e-05	0.186244	0.0204510037	-0.0350372959	-0.0483687975	-0.0035030673	0.0455775458	0.0398193552	-0.0138493968	-0.0508545847	-0.0266716472	0.0296025581	0.05025903	0.0104439465	-0.0419372706	-0.0438596552	0.0069898018	0.0494291445	0.0323954483	-0.0236163807	-0.0512130319	-0.0171902747	0.0375157835	0.0470829328	0.0024741164	0.0021776874	0.0154898245	-0.0200490489	-0.0119686763	0.0217693717	0.0179546332	-0.0241952505	-0.0344123668	-0.0075157248	0	0.844402452473213	-0.822050928599142	0.448081059024295	0.592443852028073
-0.310913	0.266848	0.526181	0.014821	-0.00278983	-0.00608686	0.047832	-0.053571	-0.016771	0.000595200000000002	-0.00038693	0.00014436	0.1744985	0.0202559471	-0.0353466565	-0.0481516161	-0.0026547183	0.0460565059	0.0390026269	-0.015275536	-0.0510581178	-0.0250196571	0.0313125424	0.0497315932	0.0079357543	-0.0434686762	-0.0422413413	0.0101317049	0.050237308	0.0295157031	-0.026943442	-0.0507795342	-0.0131318924	0.0404158122	0.0450281516	-0.0021791741	0.0124073901	0.0267079115	-0.0103336034	-0.0383717931	-0.0038229855	-0.021015571	0.02231036	0.0368125392	0.0202235603	0	0.926133269704622	-0.910870385544235	0.448081059024295	0.592443852028073
-0.294741	0.343608	0.562207	0.0152111	-0.00270811	-0.00596754	0.016172	0.07676	0.036026	0.000390099999999997	8.172e-05	0.00011932	0.158515	0.0200605435	-0.0356535949	-0.0479270103	-0.0018056415	0.0465157403	0.0381618445	-0.0166888526	-0.0512056724	-0.0233329509	0.0329688886	0.0491010801	0.0054079881	-0.0448742547	-0.0404812235	0.0132345652	0.0508252175	0.0264898788	-0.0301210128	-0.0500321388	-0.0089835694	0.0430106775	0.0426002529	-0.0202951757	0.0226172292	-0.0375029369	-0.0088011281	-0.0029609569	0.0105440697	-0.0185563876	-0.0425278424	0.0006277808	0.0291828583	0	-0.665199777940615	-0.924550544147215	0.448081059024295	0.592443852028073
-0.307945	0.287847	0.558109	0.015179	-0.00266685	-0.00611152	-0.013204	-0.055761	-0.00409800000000005	-3.20999999999984e-05	4.126e-05	-0.000143979999999999	0.0839300000000001	0.0198647963	-0.03595809	-0.0476950147	-0.0009560698	0.0469550524	0.0372975264	-0.0180881602	-0.0512970867	-0.0216138688	0.0345687596	0.0483687975	0.0028668829	-0.0461499372	-0.0385852104	0.0162864257	0.0511902955	0.0233329509	-0.0331314631	-0.0489754657	-0.0047737179	0.0452807864	0.0398193552	-0.0226611394	0.0268202709	0.0331913171	-0.0304128243	0.045146339	0.0039536848	-0.0406132911	0.0377231767	0.0461980266	0.0265090002	0	0.892765796771838	-1.09643608893592	0.448081059024295	0.592443852028073
-0.324046	0.336098	0.558239	0.0146097	-0.00266685	-0.00633432	-0.016101	0.0482510000000001	0.000130000000000075	-0.000569299999999998	0	-0.0002228	0.104087	0.0196687086	-0.0362601209	-0.0474556651	-0.000106236	0.047374254	0.0364102058	-0.019472284	-0.0513322605	-0.0198647963	0.0361094147	0.0475362631	0.0003187063	-0.0472920312	-0.0365596669	0.0192755259	0.0513309413	0.0200605435	-0.03595809	-0.0476160468	-0.0005311711	0.0472089983	0.0367085017	-0.0043476138	0.0061842682	0.0179833917	-0.0254258094	-0.0454747754	0.0057907665	-0.00691608	-0.0310162639	-0.0361724113	-0.0096652179	0	0.555086256841964	-0.788832037270782	0.448081059024295	0.592443852028073
-0.339861	0.259245	0.518901	0.0151358	-0.00266685	-0.00615254	-0.015815	-0.076853	-0.039338	0.000526099999999998	0	0.00018178	0.1674	0.019472284	-0.0365596669	-0.0472089983	0.0007436268	0.0477731655	0.0355004298	-0.0208400624	-0.0513111553	-0.0180881602	0.0375882149	0.0466052026	-0.0022302563	-0.0482972307	-0.0344113928	0.0221903471	0.0512465384	0.0166888526	-0.0385852104	-0.0459622855	0.0037150137	0.048780754	0.03329347	0.006086963	0.0175951852	-0.0261001908	-0.0246443624	-0.015006511	-0.0148987191	-0.0426442476	0.0408732247	0.0256572736	0.0097928412	0	-0.022706245161843	-0.198394997758422	-2.22840312389761	0.592443852028073
-0.336459	0.333046	0.533934	0.0146302	-0.00266685	-0.00631272	0.00340200000000002	0.073801	0.015033	-0.000505599999999997	0	-0.00016018	0.125525	0.0192755259	-0.0368567075	-0.0469550524	0.0015932859	0.0481516161	0.0345687596	-0.0221903471	-0.0512337941	-0.0162864257	0.0390026269	0.0455775458	-0.0047737179	-0.0491626259	-0.0321475998	0.0250196571	0.0509374568	0.0132345652	-0.0409982483	-0.0440244045	0.0079357543	0.0499841859	0.0296025581	0.0084814435	0.0064689486	-0.0447130374	-0.0544445175	0.0181366712	-0.0044438026	-0.0343360542	-0.041344305	-0.0311001365	-0.0239408043	0	-0.681811292853886	-0.664343079463493	-2.22840312389761	0.592443852028073
-0.339714	0.269813	0.561418	0.0148225	-0.00308608	-0.00639334	-0.00325499999999995	-0.063233	0.0274840000000001	0.000192299999999996	-0.00041923	-8.062e-05	0.1285795	0.0190784374	-0.0371512224	-0.0466938665	0.0024425082	0.0485094437	0.0336157698	-0.0235220047	-0.0511002618	-0.0144620929	0.0403502279	0.0444554224	-0.0073054049	-0.0498857119	-0.0297758875	0.027752553	0.0504050515	0.0097147774	-0.0431838154	-0.0418143832	0.0121021428	0.0508102074	0.0256663501	-0.0058003679	0.008063298	0.0269585786	-0.034785757	-0.0361833286	0.0058639111	-0.0229276338	0.051692012	0.0192466781	0.0440932743	0	-0.868764172572085	-0.453714748092366	-2.22840312389761	0.592443852028073
-0.337361	0.34416	0.542801	0.0144597	-0.00299747	-0.00672279	0.00235299999999994	0.0743469999999999	-0.0186170000000001	-0.000362799999999998	8.86100000000002e-05	-0.00032945	0.13436	0.0188810221	-0.0374431914	-0.046425481	0.003291061	0.0488464951	0.032642048	-0.0248339173	-0.0509107048	-0.0126176931	0.0416287094	0.0432411585	-0.0098190728	-0.0504643955	-0.0273042176	0.0303785035	0.0496516568	0.0061469092	-0.0451297856	-0.0393458828	0.0161856435	0.0512525814	0.0215174627	0.0129846053	0.0008710572	-0.0404564298	-0.061046999	-0.0040770636	0.0008082945	-0.0542692232	-0.048558555	0.0168112397	-0.0468805327	0	0.211181999806588	-0.756230266932233	-2.22840312389761	0.592443852028073
-0.356021	0.289977	0.562382	0.0150725	-0.00266685	-0.00663903	-0.01866	-0.054183	0.019581	0.000612799999999998	0.00033062	8.37600000000004e-05	0.143783	0.0186832834	-0.0377325944	-0.0461499372	0.0041387117	0.0491626259	0.0316481948	-0.0261249837	-0.0506653309	-0.0107557855	0.0428358815	0.0419372706	-0.0123085215	-0.0508970017	-0.0247408876	0.0328873894	0.0486805757	0.0025486187	-0.046825362	-0.0366341627	0.0201582885	0.0513079677	0.0171902747	-0.006777927	0.0139842978	-0.0049973816	-0.0507369288	0.0154456661	-0.0257570405	-0.0401829181	0.0457931218	-0.0055923509	0.079149346	0	0.860259963217991	-0.478720434982648	-2.22840312389761	0.592443852028073
-0.33733	0.317872	0.516625	0.0149201	-0.00318812	-0.00688161	0.018691	0.027895	-0.0457569999999999	-0.0001524	-0.00052127	-0.00024258	0.1381555	0.0184852245	-0.0380194116	-0.0458672776	0.0049852279	0.0494577007	0.0306348232	-0.0273941201	-0.0503644092	-0.0088789537	0.0439696763	0.0405464614	-0.0147676106	-0.0511822782	-0.0220945026	0.0352695426	0.0474960658	-0.0010622854	-0.048261137	-0.0336959856	0.0239928691	0.0509759483	0.0127206428	0.0219141305	-0.0013400711	0.0114773149	-0.0374814907	-0.0786978237	0.0045134958	-0.0162190053	-0.0287429964	-0.0300005559	-0.0516014153	0	0.817915267577931	0.00240363182291	-2.22840312389761	0.592443852028073
-0.354965	0.316771	0.537373	0.0166106	-0.00307158	-0.00703705	-0.017635	-0.00110099999999996	0.020748	0.0016905	0.00011654	-0.000155440000000001	0.137608	0.018286849	-0.0383036235	-0.0455775458	0.0058303776	0.0497315932	0.0296025581	-0.0286402612	-0.0500082695	-0.0069898018	0.0450281516	0.0390716134	-0.0171902747	-0.0513193992	-0.0193739464	0.0375157835	0.0461033203	-0.004667932	-0.0494291445	-0.030549514	0.0276631221	0.05025903	0.0081456036	-0.0156909041	0.0287543269	-0.0347439972	0.0204603102	0.0198916411	0.0237759863	0.0095795442	0.0214838096	-0.0064571785	0.0497848234	0	-0.837910232766075	-0.086971388878871	-2.22840312389761	-1.68540061352814
-0.36895	0.3054	0.457752	0.0158696	-0.00307158	-0.006922	-0.013985	-0.011371	-0.0796209999999999	-0.000740999999999999	0	0.00011505	0.1477795	0.0180881602	-0.0385852104	-0.0452807864	0.0066739292	0.0499841859	0.0285520362	-0.029862361	-0.0495973023	-0.0050909511	0.0460094942	0.0375157835	-0.0195705382	-0.0513079677	-0.016588352	0.039617456	0.0445084453	-0.0082504761	-0.050322904	-0.0272141981	0.03114391	0.0491626259	0.0035030673	0.0344436813	0.0137965069	0.0492537982	-0.0338941621	0.0060368575	0.0105035615	0.0046674138	0.0115115214	-0.0036161173	-0.0567833176	0	0.956703900252055	-0.267042458103298	-2.22840312389761	0.592443852028073
-0.359245	0.30998	0.528958	0.0159075	-0.00257552	-0.00690549	0.00970500000000002	0.00458000000000003	0.071206	3.7899999999997e-05	0.00049606	1.651e-05	0.1130145	0.0178891614	-0.0388641531	-0.0449770452	0.0075156513	0.0502153708	0.0274839053	-0.0310593936	-0.0491319582	-0.0031850365	0.0469120231	0.0358821964	-0.0219025301	-0.051148017	-0.0137470706	0.0415664612	0.0427184332	-0.011792187	-0.0509374568	-0.0237106555	0.0344113928	0.0476950147	-0.0011684964	0.012737662	0.0150393468	0.0056376935	-0.001008773	-0.0531423359	-0.0127366677	0.008852549	-0.0113386285	-0.0497170554	0.0383955949	0	0.274289694849759	-0.82778030905699	-2.22840312389761	-1.68540061352814
-0.355061	0.313556	0.477632	0.0163356	-0.00253363	-0.00683108	0.00418399999999997	0.00357599999999997	-0.0513260000000001	0.000428099999999997	4.18900000000002e-05	7.44100000000004e-05	0.0863059999999999	0.0176898562	-0.0391404325	-0.044666369	0.0083553134	0.0504250488	0.0263988242	-0.0322303541	-0.0486127474	-0.0012747024	0.0477341923	0.034174238	-0.0241804983	-0.05084001	-0.0108596403	0.0433552888	0.0407411319	-0.015275536	-0.051269393	-0.0200605435	0.0374431914	0.0458672776	-0.0058303776	0.0279114197	0.0091515793	-0.0134685592	-0.0446207343	0.0192100438	-0.011187229	-0.0249921194	0.0288134707	0.0230831794	-0.0315119053	0	0.804891964809694	-0.967177190059137	-2.22840312389761	0.592443852028073
-0.363107	0.331301	0.540003	0.0164687	-0.00278362	-0.00692173	-0.008046	0.017745	0.0623710000000001	0.000133100000000008	-0.00024999	-9.06500000000003e-05	0.111849	0.0174902479	-0.0394140296	-0.0443488058	0.0091926851	0.0506131302	0.0252974622	-0.0333742597	-0.0480402391	0.0006374004	0.0484745935	0.0323954483	-0.0263988242	-0.0503848382	-0.0079357543	0.0449770452	0.0385852104	-0.0186832834	-0.051316871	-0.0162864257	0.040218541	0.0436932151	-0.0104439465	0.0024718418	0.0053652832	-0.0088342127	0.0025905771	-0.0550561068	0.0012895191	-0.0105330783	-0.0169333068	-0.0748064947	-0.0268656636	0	0.573225020583207	-0.598829975684216	0.448081059024295	-1.68540061352814
-0.371827	0.317214	0.509833	0.0166881	-0.0026264	-0.00683623	-0.00872000000000001	-0.014087	-0.03017	0.000219399999999995	0.00015722	8.54999999999997e-05	0.0760830000000001	0.01729034	-0.0396849258	-0.0440244045	0.010027537	0.0507795342	0.0241804983	-0.0344901501	-0.047415061	0.0025486187	0.0491319582	0.030549514	-0.0285520362	-0.0497838193	-0.0049852279	0.046425481	0.0362601209	-0.0219985635	-0.0510796273	-0.012411632	0.0427184332	0.0411892428	-0.0149709736	0.0166738749	0.014854288	-0.02860208	-0.0179500412	-0.014345972	0.0015699351	-0.0109168461	0.0475352067	0.0343442157	0.0141380526	0	0.964883618550348	-0.641895319996339	0.448081059024295	0.592443852028073
-0.379931	0.355672	0.52626	0.0164962	-0.00283297	-0.00698809	-0.008104	0.038458	0.0164270000000001	-0.000191899999999995	-0.00020657	-0.000151859999999999	0.0905055	0.0170901359	-0.0399531023	-0.0436932151	0.0108596403	0.0509241898	0.0230486216	-0.0355770885	-0.0467378986	0.0044563007	0.0497051606	0.0286402612	-0.0306348232	-0.049038693	-0.0020179662	0.0476950147	0.0337760571	-0.0252049683	-0.0505589784	-0.0084601148	0.0449257461	0.038374267	-0.0193739464	0.0161561692	0.0079127631	0.0251406346	-0.0434342121	0.0243684313	0.0070693145	0.0031589003	-0.0226768471	-0.021145339	-0.0226161628	0	1.02589214814218	-0.859314997859401	0.448081059024295	-1.68540061352814
-0.389394	0.35999	0.586502	0.0165742	-0.0026264	-0.00734171	-0.009463	0.00431800000000004	0.060242	7.79999999999982e-05	0.00020657	-0.000353620000000001	0.1059325	0.0168896389	-0.040218541	-0.0433552888	0.0116887668	0.051047035	0.0219025301	-0.0366341627	-0.0460094942	0.0063577993	0.0501932186	0.0266716472	-0.032642048	-0.0481516161	0.0009560698	0.048780754	0.03114391	-0.0282866287	-0.0497578128	-0.0044563007	0.046825362	0.0352695426	-0.0236163807	-0.0121396819	0.0084268578	0.0141039018	0.0069642985	-0.0609049492	0.0066591233	0.0180251871	-0.023064765	-0.0544673221	0.040434452	0	0.978575319244575	-0.812459453042125	0.448081059024295	-1.68540061352814
-0.40201	0.336173	0.524198	0.0174703	-0.00301454	-0.00724387	-0.012616	-0.023817	-0.0623040000000001	0.0008961	-0.00038814	9.78400000000001e-05	0.167841	0.0166888526	-0.0404812235	-0.0430106775	0.0125146893	0.051148017	0.0207429306	-0.0376604853	-0.0452306464	0.0082504761	0.0505952962	0.024647752	-0.0345687596	-0.0471251565	0.0039268963	0.049678515	0.0283752196	-0.0312282931	-0.0486805757	-0.0004249396	0.0484042702	0.0318985121	-0.0276631221	0.0075701114	0.0054749243	-0.04363186	-0.013670594	0.0249159459	0.0082831644	-0.0052686579	0.0356110382	0.0446263728	-0.0352986118	0	0.547907044074941	-1.02484603850074	0.448081059024295	0.592443852028073
-0.379448	0.36305	0.556993	0.0163549	-0.0026264	-0.00714341	0.022562	0.026877	0.0327950000000001	-0.0011154	0.00038814	0.00010046	0.162434	0.0164877804	-0.0407411319	-0.0426594344	0.0133371814	0.0512270927	0.0195705382	-0.0386551947	-0.0444022092	0.0101317049	0.0509107048	0.0225727706	-0.0364102058	-0.0459622855	0.0068845403	0.0503848382	0.0254821244	-0.0340154024	-0.047333244	0.0036090482	0.0496516568	0.0282866287	-0.0314806383	0.0162357692	0.0008347905	0.0242743975	-0.0439506182	0.020210927	0.0213207586	0.0247261648	-0.0472914819	-0.0209785461	-0.028769587	0	0.167569383695323	-0.912929181862508	0.448081059024295	0.592443852028073
-0.38206	0.288093	0.501943	0.0178516	-0.00338565	-0.00739528	-0.002612	-0.074957	-0.05505	0.00149669999999999	-0.00075925	-0.000251869999999999	0.25801	0.0162864257	-0.0409982483	-0.0423016137	0.0141560177	0.0512842283	0.0183860761	-0.039617456	-0.0435250908	0.0119988754	0.051138904	0.0204510037	-0.0381618445	-0.044666369	0.0098190728	0.0508970017	0.0224773087	-0.0366341627	-0.0457232929	0.0076207265	0.0505589784	0.0244611644	-0.0350372959	0.0218534179	0.0081652764	0.0240949534	0.0144699243	-0.0229344323	0.0012028229	0.0187459139	0.0561047546	0.0067970899	0.007680443	0	0.664650256794586	-0.767792441664915	0.448081059024295	0.592443852028073
-0.359949	0.371918	0.474854	0.0181786	-0.00293924	-0.00741066	0.022111	0.083825	-0.027089	0.000327000000000001	0.00044641	-1.53800000000015e-05	0.1724645	0.016084792	-0.0412525551	-0.0419372706	0.0149709736	0.0513193992	0.0171902747	-0.0405464614	-0.0426002529	0.0138493968	0.0512795028	0.018286849	-0.0398193552	-0.0432411585	0.0127206428	0.0512130319	0.0193739464	-0.0390716134	-0.0438596552	0.0115852966	0.0511200208	0.0204510037	-0.0383036235	0.0357687035	0.0029280443	-0.0572886226	-0.0148502918	0.0402900635	-0.0012045099	0.012452564	-0.0046088071	-0.0146595531	-0.025202802	0	0.6507538818919	-0.753015716052123	0.448081059024295	0.592443852028073
-0.359766	0.345721	0.558875	0.0177817	-0.00300427	-0.00700314	0.000182999999999989	-0.026197	0.084021	-0.000396899999999995	-6.50299999999998e-05	0.000407520000000001	0.1538735	0.0158828827	-0.041504035	-0.0415664612	0.0157818258	0.0513325903	0.0159838716	-0.041441431	-0.0416287094	0.0156807013	0.0513322605	0.016084792	-0.0413786495	-0.0416907793	0.0155795096	0.0513317109	0.0161856435	-0.0413156908	-0.0417526707	0.0154782512	0.0513309413	0.0162864257	-0.0412525551	-0.0003387111	0.0054011368	0.0342133924	0.0144264511	0.0132245323	0.0044694174	0.0269260234	0.053985442	0.0145118388	0.0305454742	0	0.54003238515547	-0.784568830519383	0.448081059024295	0.592443852028073
-0.295705	0.340344	0.504448	0.0163624	-0.00250258	-0.00630029	0.064061	-0.00537700000000002	-0.054427	-0.0014193	0.00050169	0.00070285	0.255057	0.0156807013	-0.0417526707	-0.0411892428	0.016588352	0.0513237961	0.0147676106	-0.0423016137	-0.0406115256	0.0174902479	0.0512970867	0.0138493968	-0.0428358815	-0.0400197194	0.0183860761	0.0512525814	0.0129263783	-0.0433552888	-0.0394140296	0.0192755259	0.0511902955	0.0119988754	-0.0438596552	0.0656283608	-0.0144368989	0.0373596326	-0.0950500337	0.01277409	-0.0183032719	0.0016846289	-0.0138473032	0.0486376307	-0.0321099452	0	1.11079374251854	-0.785374858024535	0.448081059024295	0.592443852028073
-0.332339	0.321959	0.506465	0.0169937	-0.00250258	-0.00650586	-0.036634	-0.018385	0.00201699999999994	0.000631300000000001	0	-0.00020557	0.0988795000000001	0.0154782512	-0.041998445	-0.0408056734	0.0173903312	0.0512930202	0.013542242	-0.0431262874	-0.0395498165	0.0192755259	0.0511740416	0.0115852966	-0.0441874568	-0.0382328158	0.0211309207	0.0509759483	0.0096104404	-0.0451803128	-0.0368567075	0.0229536472	0.0506990465	0.0076207265	-0.0461033203	0.0589405575	-0.0133479923	-0.0218902131	-0.073736737	0.0044784129	-0.063730216	-0.0086471937	0.0028707037	-0.0285511707	-0.0075932077	0	-0.767601574835637	-0.66408569733573	0.448081059024295	0.592443852028073
-0.344587	0.384743	0.550356	0.0182996	-0.00249661	-0.006616	-0.012248	0.062784	0.0438910000000001	0.0013059	5.97000000000011e-06	-0.00011014	0.1900235	0.015275536	-0.0422413413	-0.0404158122	0.0181875435	0.051240276	0.0123085215	-0.0439147598	-0.0384447462	0.0210340579	0.050963336	0.0092971841	-0.0454300417	-0.0363352411	0.0238048288	0.0505028777	0.0062523676	-0.0467817305	-0.0340948932	0.0264898788	0.049860559	0.0031850365	-0.0479649587	0.009742001	-0.0127704443	-0.0393907764	-0.0109397474	-0.0202284021	-0.0555673735	-0.0217259909	-0.0252315462	-0.0652682951	0.0155462939	0	0.969360239453082	-0.722232638990886	0.448081059024295	0.592443852028073
-0.332298	0.372425	0.577901	0.0188798	-0.00263234	-0.00652995	0.012289	-0.012318	0.0275449999999999	0.000580199999999999	-0.00013573	8.60499999999998e-05	0.092251	0.0150725591	-0.0424813428	-0.0400197194	0.0189797704	0.0511655859	0.0110672099	-0.044666369	-0.0372975264	0.0227634039	0.0506653309	0.0069898018	-0.0465605712	-0.0343324881	0.0263988242	0.0498351925	0.0028668829	-0.0481516161	-0.03114391	0.029862361	0.0486805757	-0.0012747024	-0.0494291445	-0.0102494821	-0.0033599442	0.0157232858	0.0419442191	-0.044535067	0.0103355252	0.0333315064	0.026109089	-0.0108666124	0.0249096332	0	-0.510349518008644	-0.78906131526607	0.448081059024295	0.592443852028073
-0.350326	0.420048	0.574351	0.0193704	-0.00259073	-0.00680737	-0.018028	0.047623	-0.00354999999999994	0.000490600000000001	4.16100000000001e-05	-0.00027742	0.1096825	0.0148693239	-0.0427184332	-0.039617456	0.0197667948	0.0510689819	0.0098190728	-0.0453804842	-0.0361094147	0.0244611644	0.0502805367	0.004667932	-0.0475762569	-0.0322303541	0.0289041989	0.0489754657	-0.0005311711	-0.0492831899	-0.0280201309	0.0330502467	0.0471671784	-0.0057248166	-0.0504837447	-0.0103295844	0.0001351045	-0.0301740557	0.0311762973	0.0481243688	0.0553302244	0.0281425527	-0.0530736739	0.0596502186	-0.050241213	0	1.17006979137855	-0.636195391289281	0.448081059024295	0.592443852028073
-0.378591	0.388137	0.580253	0.0206824	-0.00301921	-0.00743626	-0.028265	-0.031911	0.00590199999999996	0.001312	-0.00042848	-0.00062889	0.1845465	0.014665834	-0.042952596	-0.039209084	0.0205484008	0.0509505055	0.00856488	-0.0460565059	-0.0348817138	0.0261249837	0.0498096126	0.0023363873	-0.0484745935	-0.0300349241	0.0313125424	0.0479270103	-0.0039268963	-0.0501708514	-0.0247408876	0.0360338295	0.0453307324	-0.0101317049	-0.0511200208	-0.0322609484	0.0091438519	0.0540556079	0.0927034742	0.0564015514	0.035733269	0.0665695751	0.0154964177	-0.0145386158	0.073607978	0	0.721482484451684	0.078062226257308	0.448081059024295	0.592443852028073
-0.378596	0.394478	0.494215	0.0208283	-0.00258732	-0.00712742	-4.99999999997725e-06	0.00634099999999999	-0.0860380000000001	0.000145899999999997	0.00043189	0.00030884	0.1367155	0.0144620929	-0.0431838154	-0.0387946664	0.0213243743	0.0508102074	0.0073054049	-0.0466938665	-0.0336157698	0.027752553	0.0492533652	0	-0.0492533652	-0.027752553	0.0336157698	0.0466938665	-0.0073054049	-0.0508102074	-0.0213243743	0.0387946664	0.0431838154	-0.0144620929	-0.0513327002	0.014422084	-0.0027625112	-0.0204982875	0.0422132208	0.0105050046	-0.0180266786	-0.0206313369	0.0162222638	0.030647577	-0.076974758	0	0.194085289903237	-0.536760274056154	0.448081059024295	0.592443852028073
-0.371742	0.42354	0.556907	0.0201664	-0.00279029	-0.00707553	0.00685399999999997	0.029062	0.062692	-0.000661899999999997	-0.00020297	5.18899999999997e-05	0.144446	0.014258104	-0.0434120755	-0.038374267	0.0220945026	0.0506481476	0.0060414244	-0.0472920312	-0.0323129704	0.0293416141	0.0486127474	-0.0023363873	-0.0499106512	-0.0253898477	0.0358061492	0.0452807864	-0.0106518847	-0.0511980936	-0.0177895469	0.0413156908	0.0407411319	-0.0186832834	-0.0511200208	-0.0016071009	-0.0086204105	-0.0162148548	0.0288227392	0.0630624504	-0.0222901215	0.0183427595	0.0023947399	-0.0461102237	0.0437466297	0	1.27454928245236	-0.984111072562765	0.448081059024295	0.592443852028073
-0.387039	0.393881	0.599513	0.0207791	-0.00266079	-0.00684465	-0.0152969999999999	-0.029659	0.042606	0.000612699999999997	0.0001295	0.00023088	0.136216	0.0140538708	-0.0436373605	-0.0379479508	0.0228585745	0.0504643955	0.0047737179	-0.0478504978	-0.0309747441	0.030889962	0.0478888566	-0.004667932	-0.0504448302	-0.0229536472	0.0378763275	0.0436932151	-0.0139516636	-0.0513325903	-0.0141560177	0.043581319	0.0380194116	-0.0227634039	-0.0504837447	-0.0300959108	-0.0061315891	0.0512385704	0.0614205294	-0.0378346232	0.0057788166	-0.0103988868	-0.0024658944	0.0236554795	-0.0374857296	0	0.36456970357593	-0.905470587908187	0.448081059024295	0.592443852028073
-0.409896	0.473058	0.672685	0.0210703	-0.00239565	-0.0072777	-0.022857	0.079177	0.0731720000000001	0.000291200000000002	0.00026514	-0.000433049999999998	0.2246755	0.0138493968	-0.0438596552	-0.0375157835	0.0236163807	0.05025903	0.0035030673	-0.0483687975	-0.0296025581	0.0323954483	0.0470829328	-0.0069898018	-0.0508545847	-0.0204510037	0.0398193552	0.0419372706	-0.0171902747	-0.0512130319	-0.0104439465	0.0455775458	0.0350372959	-0.0266716472	-0.0494291445	-0.0688058981	0.0028753064	-0.0370528012	0.04301853	0.0555836598	0.0177685544	-0.0192909704	-0.0339879814	0.0125337605	0.0086095381	0	-0.155120977213401	-0.764814660448413	0.448081059024295	0.592443852028073
-0.427152	0.358902	0.5932	0.0209912	-0.0021125	-0.00737431	-0.017256	-0.114156	-0.0794850000000001	-7.90999999999986e-05	0.00028315	-9.66100000000022e-05	0.23384	0.0136446855	-0.0440789442	-0.0370778316	0.0243677133	0.0500321388	0.0022302563	-0.0488464951	-0.0281979168	0.033855984	0.0461963565	-0.0092971841	-0.051138904	-0.0178891614	0.0416287094	0.0400197194	-0.020353519	-0.05084001	-0.0066739292	0.0472920312	0.0318152092	-0.0303785035	-0.0479649587	-0.0186732846	-0.0137631569	0.0345426173	0.0511989804	-0.0010517745	-0.0134054449	-0.0223315365	0.0482436558	0.0149650014	-0.0254657162	0	-0.78386062626186	-0.956237529383591	0.448081059024295	0.592443852028073
-0.425919	0.421165	0.63284	0.0200814	-0.00248922	-0.00745791	0.0012330000000001	0.062263	0.03964	-0.000909799999999999	-0.00037672	-8.35999999999996e-05	0.171642	0.0134397405	-0.0442952125	-0.0366341627	0.0251123665	0.0497838193	0.0009560698	-0.0492831899	-0.0267623602	0.0352695426	0.0452306464	-0.0115852966	-0.0512970867	-0.015275536	0.0432983163	0.0379479508	-0.0234275279	-0.0502153708	-0.0028668829	0.0487141772	0.0283752196	-0.033855984	-0.0461033203	-0.0163121576	-0.0158778818	-0.0002922438	0.0470027012	-0.0309331876	-0.0127360475	0.0071277724	-0.0215736521	-0.0307666903	0.0335828648	0	-0.872687559647048	-1.40143287400499	0.448081059024295	0.592443852028073
-0.409922	0.401981	0.604093	0.021722	-0.00204232	-0.00707506	0.0159969999999999	-0.019184	-0.028747	0.0016406	0.0004469	0.00038285	0.1874455	0.0132345652	-0.0445084453	-0.0361848453	0.0258501361	0.0495141777	-0.0003187063	-0.049678515	-0.0252974622	0.0366341627	0.0441874568	-0.0138493968	-0.0513287428	-0.0126176931	0.044822571	0.0357299485	-0.0263988242	-0.0493422058	0.0009560698	0.0498351925	0.0247408876	-0.0370778316	-0.0438596552	-0.0293213617	-0.0120303481	-0.0138056861	0.0267484533	0.0541371758	-0.0007494102	-0.0296090164	0.02768941	0.0810940108	-0.011457278	0	-0.527425035487142	-0.956863651789286	0.448081059024295	0.592443852028073
-0.417987	0.453269	0.614748	0.021186	-0.00193627	-0.00756313	-0.00806499999999999	0.051288	0.010655	-0.000535999999999998	0.00010605	-0.00048807	0.126514	0.0130291632	-0.044718628	-0.0357299485	0.0265808199	0.0492233296	-0.0015932859	-0.0500321388	-0.0238048288	0.0379479508	0.0430685747	-0.016084792	-0.0512337941	-0.0099233262	0.0461963565	0.0333742597	-0.0292543809	-0.0482248365	0.0047737179	0.0506481476	0.020937105	-0.0400197194	-0.0412525551	-0.0161218585	-0.0157754058	0.022872196	0.0461989704	0.0120938298	0.0042991826	0.027073581	-0.013212119	-0.0248002066	-0.0003005188	0	-0.029315493239368	0.11326187266585	0.448081059024295	0.592443852028073
-0.41531	0.411945	0.584817	0.0229195	-0.00193321	-0.00695324	0.00267699999999998	-0.041324	-0.0299309999999999	0.0017335	3.05999999999983e-06	0.00060989	0.1912545	0.012823538	-0.0449257461	-0.0352695426	0.0273042176	0.0489113994	-0.0028668829	-0.0503437644	-0.0222860966	0.039209084	0.0418759166	-0.018286849	-0.0510124748	-0.0072002346	0.047415061	0.030889962	-0.0319816784	-0.0468687929	0.00856488	0.051148017	0.0169899238	-0.0426594344	-0.0383036235	-0.0270978435	-0.0056744223	-0.0043877069	0.0502207516	-0.0358106486	-0.0171375075	-0.0297717306	0.0059701528	0.0371704829	-0.0042996441	0	-0.657461754391913	-1.06654154760299	0.448081059024295	0.592443852028073
-0.434578	0.50684	0.610317	0.0228804	-0.00173534	-0.00763242	-0.019268	0.094895	0.0255	-3.91000000000003e-05	0.00019787	-0.00067918	0.1854705	0.0126176931	-0.0451297856	-0.0348036986	0.0280201309	0.0485785209	-0.0041387117	-0.0506131302	-0.0207429306	0.0404158122	0.0406115256	-0.0204510037	-0.0506653309	-0.0044563007	0.0484745935	0.0282866287	-0.0345687596	-0.0452807864	0.0123085215	0.0513317109	0.0129263783	-0.0449770452	-0.0350372959	-0.0372804872	-0.0111667921	-0.0848786965	0.0256235666	0.0362473691	0.0008478286	-0.0033427138	-0.0530291087	-0.017352577	0.03752125	0	-1.42815216898089	-1.2107542444698	0.448081059024295	-1.68540061352814
-0.434451	0.419152	0.608547	0.0232977	-0.00134494	-0.00751486	0.000126999999999933	-0.0876879999999999	-0.00176999999999994	0.000417300000000002	0.0003904	0.00011756	0.135848	0.012411632	-0.0453307324	-0.0343324881	0.0287283636	0.0482248365	-0.0054079881	-0.05084001	-0.0191770227	0.0415664612	0.0392775675	-0.0225727706	-0.0501932186	-0.0016994674	0.0493713969	0.025574292	-0.037004282	-0.0434686762	0.0159838716	0.0511980936	0.0087742999	-0.0469550524	-0.0314806383	-0.0382573567	-0.0085831944	0.0390330496	0.0359052819	-0.0194753549	0.0137323323	0.0068088123	0.0224867338	0.0323501678	-0.0073912791	0	-0.129296892137895	-1.19858789703762	0.448081059024295	-1.68540061352814
-0.493417	0.504079	0.69444	0.0223577	-0.00134494	-0.00829827	-0.058966	0.0849269999999999	0.0858929999999999	-0.00094	0	-0.00078341	0.3159565	0.0122053583	-0.0455285727	-0.033855984	0.0294287216	0.0478504978	-0.0066739292	-0.0510242134	-0.0175900897	0.0426594344	0.0378763275	-0.024647752	-0.0495973023	0.0010622854	0.0501024608	0.0227634039	-0.0392775675	-0.041441431	0.0195705382	0.0507479912	0.0045621261	-0.0485785209	-0.0276631221	-0.0604912918	-0.0088321147	-0.0249271866	-0.0136124067	0.0023153661	0.02451892	-0.0173350281	-0.0716138973	0.0176958648	0.0308349503	0	-0.207800326142181	-0.80722870562808	0.448081059024295	-1.68540061352814
-0.497441	0.415233	0.66587	0.0224548	-0.0012855	-0.00809035	-0.00402399999999997	-0.0888459999999999	-0.02857	9.70999999999993e-05	5.944e-05	0.000207920000000002	0.139663	0.0119988754	-0.0457232929	-0.0333742597	0.0301210128	0.0474556651	-0.0079357543	-0.0511655859	-0.0159838716	0.0436932151	0.0364102058	-0.0266716472	-0.048879052	0.0038209632	0.0506653309	0.0198647963	-0.0413786495	-0.039209084	0.0230486216	0.0499841859	0.0003187063	-0.0498351925	-0.0236163807	-0.0460149347	-0.0119970113	0.028333006	-0.027366674	0.0297813771	-0.0161758144	-0.035275606	0.0261739066	0.0402876454	0.0644498218	0	0.365133812463823	-0.126826808831123	0.448081059024295	0.592443852028073
-0.525898	0.457455	0.656006	0.0220171	-0.00159549	-0.0089423	-0.028457	0.042222	-0.00986399999999987	-0.000437700000000003	-0.00030999	-0.000851950000000001	0.160525	0.011792187	-0.0459148799	-0.0328873894	0.0308050475	0.0470405074	-0.0091926851	-0.0512640087	-0.0143601292	0.044666369	0.0348817138	-0.0286402612	-0.0480402391	0.0065685806	0.0510581178	0.0168896389	-0.0432983163	-0.0367826834	0.0263988242	0.0489113994	-0.0039268963	-0.0507155786	-0.0193739464	-0.026670836	-0.0334929165	0.0037847716	0.0076894488	-0.0650108003	-0.0139057913	-0.0131264235	-0.0562512786	-0.0311536992	-0.0331764172	0	0.531572703770947	-0.262731951116384	-2.22840312389761	0.592443852028073
-0.536342	0.42025	0.660949	0.0231246	-0.0019111	-0.00864211	-0.010444	-0.037205	0.00494299999999992	0.0011075	-0.00031561	0.00030019	0.138757	0.0115852966	-0.0461033203	-0.0323954483	0.0314806383	0.0466052026	-0.0104439465	-0.0513193992	-0.0127206428	0.0455775458	0.03329347	-0.030549514	-0.0470829328	0.0092971841	0.0512795028	0.0138493968	-0.0450281516	-0.034174238	0.0296025581	0.0475362631	-0.0081456036	-0.0512130319	-0.0149709736	-0.0431799785	-0.0145703872	-0.0216910335	-0.0101574093	-0.0239225831	-0.0068484568	-0.0380853284	-0.0009580972	0.0357604623	0.0474652646	0	-0.276872573391	-0.285937898287036	-2.22840312389761	0.592443852028073
-0.528213	0.477103	0.64757	0.0226112	-0.0019111	-0.008883	0.00812899999999994	0.056853	-0.013379	-0.000513400000000001	0	-0.000240890000000002	0.1160755	0.0113782077	-0.0462886013	-0.0318985121	0.0321475998	0.0461499372	-0.0116887668	-0.0513317109	-0.0110672099	0.046425481	0.0316481948	-0.0323954483	-0.0460094942	0.0119988754	0.0513287428	0.0107557855	-0.0465605712	-0.0313966575	0.032642048	0.0458672776	-0.0123085215	-0.0513237961	-0.0104439465	-0.0264652351	-0.0237860128	0.0060962339	-0.0215293939	0.0279934104	-0.0064918318	-0.027499326	-0.0642383454	-0.0121223805	0.0032863343	0	-0.038004945124941	-0.096038662961058	-2.22840312389761	0.592443852028073
-0.555403	0.377793	0.628392	0.0225208	-0.0019111	-0.00898442	-0.0271899999999999	-0.09931	-0.0191779999999999	-9.03999999999974e-05	0	-0.00010142	0.155269	0.0111709238	-0.0464707102	-0.0313966575	0.0328057493	0.0456749061	-0.0129263783	-0.0513009334	-0.0094016433	0.0472089983	0.0299487067	-0.034174238	-0.044822571	0.014665834	0.0512056724	0.0076207265	-0.0478888566	-0.0284636888	0.0355004298	0.0439147598	-0.0163871381	-0.051047035	-0.0058303776	-0.0119907791	-0.0304357704	0.0396811754	0.0051010372	-0.0416193123	-0.0226839028	0.0047861031	0.0503383662	0.0064539547	0.0394789621	0	-1.94793542720511	-0.318021277863026	-2.22840312389761	0.592443852028073
-0.554433	0.45735	0.566066	0.0222662	-0.00171732	-0.00917428	0.000970000000000026	0.079557	-0.0623260000000001	-0.000254600000000001	0.00019378	-0.000189860000000002	0.174765	0.0109634486	-0.0466496345	-0.030889962	0.0334549064	0.0451803128	-0.0141560177	-0.0512270927	-0.007725769	0.0479270103	0.0281979168	-0.0358821964	-0.0435250908	0.01729034	0.0509107048	0.0044563007	-0.0490071843	-0.0253898477	0.0381618445	0.0416907793	-0.020353519	-0.0503848382	-0.0011684964	0.0296159732	-0.0388866805	-0.0330276799	-0.0095108099	-0.0227627195	-0.0298602681	-0.0297405017	-0.0801708038	0.0097644926	-0.0477523699	0	0.245600170855823	-0.185110757483582	0.448081059024295	-1.68540061352814
-0.548182	0.415452	0.561687	0.0228961	-0.0019111	-0.00906069	0.00625100000000001	-0.0418979999999999	-0.00437900000000002	0.000629899999999999	-0.00019378	0.000113590000000002	0.0993914999999999	0.0107557855	-0.046825362	-0.0303785035	0.0340948932	0.044666369	-0.0153769266	-0.0511102507	-0.0060414244	0.0485785209	0.0263988242	-0.0375157835	-0.042120254	0.0198647963	0.0504448302	0.0012747024	-0.0499106512	-0.0221903471	0.0406115256	0.039209084	-0.0241804983	-0.0493422058	0.0035030673	0.0200070129	-0.0246849365	0.004630824	0.0014176314	0.0532633283	-0.0209397794	0.0456736465	0.0354888046	-0.0122112643	0.099109056	0	-0.64793966328773	-0.010316634726858	0.448081059024295	0.592443852028073
-0.521047	0.40755	0.524413	0.0225704	-0.00182941	-0.0086513	0.0271349999999999	-0.00790200000000002	-0.0372739999999999	-0.000325699999999998	8.16899999999999e-05	0.000409390000000001	0.11315	0.0105479382	-0.0469978805	-0.029862361	0.0347255342	0.044133295	-0.016588352	-0.0509505055	-0.0043504562	0.0491626259	0.0245545108	-0.0390716134	-0.0406115256	0.0223817506	0.0498096126	-0.001911808	-0.0505952962	-0.0188810221	0.0428358815	0.0364850145	-0.027841865	-0.0479270103	0.0081456036	0.0485031876	-0.0415763757	0.0571065173	-0.0029813999	-0.0608124694	-0.0140139575	0.0174773817	-0.0287174054	0.0230365014	-0.071710221	0	-0.074916014571487	-0.077161990859142	0.448081059024295	-1.68540061352814
-0.523378	0.485454	0.576553	0.0234865	-0.00155818	-0.00892129	-0.00233099999999997	0.077904	0.05214	0.0009161	0.00027123	-0.000269990000000001	0.205241	0.0103399101	-0.0471671784	-0.0293416141	0.0353466565	0.043581319	-0.0177895469	-0.0507479912	-0.0026547183	0.049678515	0.0226681358	-0.0405464614	-0.0390026269	0.0248339173	0.0490071843	-0.0050909511	-0.0510581178	-0.0154782512	0.044822571	0.0335354099	-0.0313125424	-0.0461499372	0.0127206428	0.0128475387	-0.0212819848	-0.073016111	0.003141234	0.020489281	-0.0110636363	0.0269004129	-0.0459096372	-0.0129768833	0.0283324204	0	0.219193572944525	-0.039877935602145	-2.22840312389761	-1.68540061352814
-0.502657	0.407493	0.526957	0.0240626	-0.00177928	-0.00847058	0.020721	-0.077961	-0.049596	0.000576099999999996	-0.0002211	0.00045071	0.2106735	0.0101317049	-0.047333244	-0.028816343	0.03595809	0.0430106775	-0.0189797704	-0.0505028777	-0.0009560698	0.0501254723	0.0207429306	-0.0419372706	-0.0372975264	0.0272141981	0.0480402391	-0.0082504761	-0.0512970867	-0.0119988754	0.0465605712	0.0303785035	-0.0345687596	-0.0440244045	0.0171902747	0.0263973162	-0.0307238066	0.0405181936	-0.0101938923	0.0038959443	-0.0063359195	0.0113687252	0.0387324454	0.0167703244	-0.0448905518	0	-1.6371178434732	0.057416176704414	-2.22840312389761	0.592443852028073
-0.484231	0.496452	0.588406	0.0235058	-0.0016494	-0.00847606	0.018426	0.0889590000000001	0.061449	-0.000556799999999996	0.00012988	-5.48000000000042e-06	0.203442	0.0099233262	-0.0474960658	-0.0282866287	0.0365596669	0.0424216147	-0.0201582885	-0.0502153708	0.0007436268	0.0505028777	0.018782193	-0.0432411585	-0.0355004298	0.0295157031	0.0469120231	-0.0113782077	-0.0513111553	-0.0084601148	0.0480402391	0.0270338099	-0.0375882149	-0.0415664612	0.0215174627	0.0127849528	-0.0136356002	-0.0124193696	0.011529573	-0.0325112705	0.008907952	0.0414593865	-0.0369736328	-0.0149065307	0.0430971112	0	0.639324751398543	-0.194271014635413	-2.22840312389761	-1.68540061352814
-0.484029	0.400856	0.486396	0.0249194	-0.00200589	-0.00815043	0.000202000000000035	-0.0955960000000001	-0.10201	0.0014136	-0.00035649	0.00032563	0.302594	0.0097147774	-0.0476556328	-0.027752553	0.0371512224	0.0418143832	-0.0213243743	-0.0498857119	0.0024425082	0.0508102074	0.0167892817	-0.0444554224	-0.0336157698	0.0317317699	0.0456263236	-0.0144620929	-0.0511002618	-0.0048794834	0.0492533652	0.0235220047	-0.0403502279	-0.0387946664	0.0256663501	0.0375188755	-0.0127055181	0.0374469477	-0.000617908	0.0442974463	-0.0054541544	0.0264556816	0.0432498718	0.0408506444	-0.0086868129	0	0.389621380535043	-0.140970243331364	0.448081059024295	-1.68540061352814
-0.455956	0.520612	0.514377	0.0269111	-0.00167797	-0.00741175	0.028073	0.119756	0.0279810000000001	0.0019917	0.00032792	0.00073868	0.328725	0.0095060622	-0.047811934	-0.0272141981	0.0377325944	0.0411892428	-0.0224773087	-0.0495141777	0.0041387117	0.051047035	0.0147676106	-0.0455775458	-0.0316481948	0.033855984	0.0441874568	-0.0174902479	-0.0506653309	-0.0012747024	0.0501932186	0.0198647963	-0.0428358815	-0.0357299485	0.0296025581	0.0047037882	0.0104092153	0.0087917533	0.0245585425	-0.0245474373	0.0141028089	0.0405157784	-0.0083964927	-0.0231826604	-0.007027949	0	-0.738134065771399	-0.253355626260444	0.448081059024295	-1.68540061352814
-0.422156	0.430728	0.46257	0.02799	-0.00165184	-0.00598447	0.0338	-0.089884	-0.0518070000000001	0.0010789	2.61300000000001e-05	0.00142728	0.3021065	0.0092971841	-0.0479649587	-0.0266716472	0.0383036235	0.0405464614	-0.0236163807	-0.0491010801	0.0058303776	0.0512130319	0.0127206428	-0.0466052026	-0.0296025581	0.0358821964	0.0426002529	-0.0204510037	-0.0500082695	0.0023363873	0.0508545847	0.016084792	-0.0450281516	-0.0323954483	0.03329347	0.0090374434	0.0177531028	0.0415806271	0.0032969122	0.0278374162	0.0111426211	0.0240067566	0.007782592	0.0213739382	-0.026921596	0	-0.080986528901406	-0.506532917692717	-2.22840312389761	0.592443852028073
-0.46299	0.477444	0.553839	0.0265602	-0.00103439	-0.00666102	-0.0408339999999999	0.046716	0.0912690000000001	-0.00142979999999999	0.00061745	-0.00067655	0.315009	0.0090881467	-0.0481146965	-0.0261249837	0.0388641531	0.0398863142	-0.0247408876	-0.0486467657	0.0075156513	0.0513079677	0.0106518847	-0.0475362631	-0.0274839053	0.0378045419	0.0408700402	-0.0233329509	-0.0491319582	0.0059359137	0.0512337941	0.0122053583	-0.0469120231	-0.028816343	0.0367085017	-0.0102827204	0.0028334947	-0.0581077461	-0.0273014756	-0.0193927857	-0.0250034832	-0.0117039697	0.0284308834	-0.0236442635	0.0086238461	0	-0.371080151907566	-0.531800964727212	-2.22840312389761	0.592443852028073
-0.445971	0.445159	0.451232	0.0278771	-0.00112154	-0.00638118	0.017019	-0.032285	-0.102607	0.00131689999999999	-8.715e-05	0.00027984	0.2361055	0.0088789537	-0.048261137	-0.025574292	0.0394140296	0.039209084	-0.0258501361	-0.0481516161	0.0091926851	0.0513317109	0.00856488	-0.0483687975	-0.0252974622	0.039617456	0.0390026269	-0.0261249837	-0.0480402391	0.0095060622	0.0513287428	0.0082504761	-0.0484745935	-0.0250196571	0.0398193552	0.0160808857	0.0051502211	-0.0019233621	-0.0100555268	0.0056624319	-0.0054528655	-0.005853561	0.0547678138	-0.0024519029	-0.0327748294	0	-0.998281677067931	-0.422180667598896	0.448081059024295	-1.68540061352814
-0.452429	0.531744	0.54571	0.0272541	-0.00118737	-0.00699655	-0.00645799999999996	0.086585	0.0944780000000001	-0.000622999999999995	-6.58300000000004e-05	-0.00061537	0.252731	0.0086696085	-0.0484042702	-0.0250196571	0.0399531023	0.0385150608	-0.026943442	-0.0476160468	0.0108596403	0.0512842283	0.0064632038	-0.0491010801	-0.0230486216	0.0413156908	0.037004282	-0.028816343	-0.0467378986	0.0130291632	0.051138904	0.004244593	-0.0497051606	-0.0210340579	0.0426002529	-0.0105889171	0.0147700923	-0.0117775644	-0.0052682945	-0.0562773474	0.0554576764	0.0610343034	-0.0401273408	-0.0417052432	-0.0076164121	0	-0.406150826564151	-0.500151300346838	0.448081059024295	-1.68540061352814
-0.415141	0.466346	0.558473	0.0266355	-0.00118845	-0.00582306	0.037288	-0.065398	0.012763	-0.000618599999999997	-1.07999999999944e-06	0.00117349	0.2051075	0.0084601148	-0.0485440863	-0.0244611644	0.0404812235	0.0378045419	-0.0280201309	-0.0470405074	0.0125146893	0.0511655859	0.0043504562	-0.0497315932	-0.0207429306	0.0428943306	0.0348817138	-0.0313966575	-0.0452306464	0.0164877804	0.0506653309	0.0002124716	-0.0505952962	-0.0168896389	0.0450281516	-0.0077734003	0.0183523291	-0.0154268915	-0.0268098174	0.0532012747	0.0590649771	0.0174197315	0.0147478988	0.079852986	-0.0024217733	0	-0.624022338753703	-0.211936612378822	0.448081059024295	-1.68540061352814
-0.445476	0.554096	0.614385	0.0265565	-0.000657745	-0.00593762	-0.0303350000000001	0.0877500000000001	0.0559120000000001	-7.90000000000027e-05	0.000530705	-0.000114560000000001	0.21021025	0.0082504761	-0.0486805757	-0.0238989001	0.0409982483	0.0370778316	-0.029079539	-0.046425481	0.0141560177	0.0509759483	0.0022302563	-0.05025903	-0.0183860761	0.0443488058	0.032642048	-0.033855984	-0.0435250908	0.0198647963	0.0499106512	-0.0038209632	-0.051138904	-0.0126176931	0.0470829328	-0.0298307093	0.0210117703	0.0407727534	-0.0405029505	0.005161135	0.0608029349	0.0228007545	-0.0482672943	0.0021856924	0.0283458505	0	-0.367152860964866	-0.422122673318142	0.448081059024295	-1.68540061352814
-0.401694	0.449288	0.505343	0.026535	-0.000383458	-0.00577543	0.043782	-0.104808	-0.109042	-2.14999999999972e-05	0.000274287	0.00016219	0.28053085	0.0080406961	-0.0488137291	-0.0233329509	0.041504035	0.0363352411	-0.0301210128	-0.0457714839	0.0157818258	0.0507155786	0.000106236	-0.0506822973	-0.0159838716	0.0456749061	0.0302928029	-0.0361848453	-0.0416287094	0.0231434973	0.048879052	-0.0078307784	-0.0513322605	-0.0082504761	0.04874757	0.0150125228	0.0162408633	0.0103010819	-0.0197702259	0.0461972671	-0.0128210176	-0.018285991	0.0339034418	0.0165502145	-0.0286956466	0	-0.588586931311472	-0.613922276151726	0.448081059024295	-1.68540061352814
-0.33951	0.376537	0.522643	0.0256788	-0.0011636	-0.00502682	0.062184	-0.072751	0.0173000000000001	-0.000856200000000001	-0.000780142	0.000748609999999999	0.2714826	0.0078307784	-0.0489435374	-0.0227634039	0.041998445	0.0355770885	-0.03114391	-0.0450790651	0.0173903312	0.0503848382	-0.0020179662	-0.0510005177	-0.013542242	0.0468687929	0.027841865	-0.038374267	-0.0395498165	0.0263076566	0.0475762569	-0.011792187	-0.0511740416	-0.0038209632	0.0500082695	0.0233878371	0.0042407099	-0.0003520948	-0.0166819873	-0.0216525939	-0.0433627444	-0.0289125878	-0.02317432	-0.0438038921	-0.0323777729	0	-1.06084506140959	-0.717381410207222	0.448081059024295	-1.68540061352814
-0.381664	0.540092	0.557888	0.026042	-0.0015442	-0.00633629	-0.042154	0.163555	0.035245	0.000363200000000001	-0.000380599999999999	-0.00130947	0.3436175	0.0076207265	-0.0490699916	-0.0221903471	0.0424813428	0.0348036986	-0.0321475998	-0.0443488058	0.0189797704	0.0499841859	-0.0041387117	-0.0512130319	-0.0110672099	0.0479270103	0.0252974622	-0.0404158122	-0.0372975264	0.0293416141	0.0460094942	-0.0156807013	-0.0506653309	0.0006374004	0.0508545847	-0.0014547757	0.0095329429	-0.0022774626	-0.0396537766	-0.0169640568	-0.0031184059	-0.0354728242	0.001141232	-0.0263086122	-0.0260349248	0	-1.1820807893506	-0.636885891977025	0.448081059024295	0.592443852028073
-0.3994	0.500561	0.569715	0.0270098	-0.0015442	-0.00646511	-0.017736	-0.0395310000000001	0.0118269999999999	0.000967799999999998	0	-0.00012882	0.123925	0.007410544	-0.0491930831	-0.0216138688	0.042952596	0.0340154024	-0.0331314631	-0.043581319	0.0205484008	0.0495141777	-0.0062523676	-0.0513193992	-0.00856488	0.0488464951	0.0226681358	-0.0423016137	-0.0348817138	0.0322303541	0.0441874568	-0.019472284	-0.0498096126	0.0050909511	0.0512795028	-0.0162271033	0.0209363609	-0.0081450331	-0.0219811277	-0.0796236295	-0.0054063605	-0.0300361031	0.033463949	-0.0398358233	0.0346384104	0	-0.956324579724544	-0.703754946217323	-2.22840312389761	-1.68540061352814
-0.399282	0.506679	0.520462	0.0279819	-0.00180515	-0.00634562	0.000117999999999951	0.00611800000000007	-0.049253	0.0009721	-0.00026095	0.00011949	0.123116	0.0072002346	-0.0493128035	-0.0210340579	0.0434120755	0.0332125377	-0.0340948932	-0.042777249	0.0220945026	0.0489754657	-0.0083553134	-0.0513193992	-0.0060414244	0.0496245858	0.0199627126	-0.0440244045	-0.0323129704	0.0349595797	0.042120254	-0.0231434973	-0.0486127474	0.0095060622	0.0512795028	-0.0084176842	0.0209294439	-0.0668905502	-0.0434511118	0.0397009389	0.0349374739	-0.0189219003	-0.0167674733	0.0406170169	-0.0301909463	0	-1.23360515112484	-0.764140907063537	-2.22840312389761	-1.68540061352814
-0.417916	0.506534	0.612536	0.027353	-0.0015442	-0.00625986	-0.018634	-0.000144999999999951	0.092074	-0.000628900000000002	0.00026095	8.57599999999998e-05	0.1596335	0.0069898018	-0.0494291445	-0.0204510037	0.0438596552	0.0323954483	-0.0350372959	-0.0419372706	0.0236163807	0.0483687975	-0.0104439465	-0.0512130319	-0.0035030673	0.05025903	0.0171902747	-0.0455775458	-0.0296025581	0.0375157835	0.0398193552	-0.0266716472	-0.0470829328	0.0138493968	0.0508545847	-0.0371396899	0.0377505875	0.0357346179	-0.0406514123	0.0061895818	0.0473219929	0.0176701592	-0.0085154474	-0.0147241133	0.0066305207	0	0.067100837872847	-0.71192617085331	-2.22840312389761	-1.68540061352814
-0.417887	0.470851	0.512123	0.0287744	-0.00140913	-0.00609481	2.90000000000013e-05	-0.035683	-0.100413	0.0014214	0.00013507	0.00016505	0.222201	0.0067792492	-0.0495420981	-0.0198647963	0.0442952125	0.0315644841	-0.03595809	-0.0410620891	0.0251123665	0.0476950147	-0.0125146893	-0.0510005177	-0.0009560698	0.0507479912	0.0143601292	-0.0469550524	-0.0267623602	0.0398863142	0.0372975264	-0.0300349241	-0.0452306464	0.0180881602	0.0500082695	-0.0138559571	0.0342770832	0.0094208231	-0.0362485083	0.0129100872	0.0379941252	-0.0219110219	0.0052432141	0.0586818914	-0.0229368327	0	-0.111821507064125	-0.465285129159097	0.448081059024295	0.592443852028073
-0.417945	0.498031	0.530761	0.0282441	-0.00114272	-0.00604145	-5.7999999999947e-05	0.02718	0.0186379999999999	-0.000530300000000004	0.00026641	5.33599999999997e-05	0.0883794999999999	0.0065685806	-0.0496516568	-0.0192755259	0.044718628	0.0307200012	-0.0368567075	-0.040152439	0.0265808199	0.0469550524	-0.0145639947	-0.0506822973	0.0015932859	0.051090054	0.0114817767	-0.0481516161	-0.0238048288	0.0420594396	0.0345687596	-0.0332125377	-0.0430685747	0.0221903471	0.04874757	-0.0150488786	0.033603801	-0.0212072791	-0.0344761024	0.0367789461	0.0078024264	-0.0022767356	-0.0147911728	-0.05662115	0.032675395	0	0.49203265825171	0.189168798524835	0.448081059024295	-1.68540061352814
-0.411038	0.413777	0.539561	0.0265211	-0.0015442	-0.00592156	0.00690699999999994	-0.084254	0.00880000000000003	-0.001723	-0.00040148	0.00011989	0.2121795	0.0063577993	-0.0497578128	-0.0186832834	0.0451297856	0.029862361	-0.0377325944	-0.039209084	0.0280201309	0.0461499372	-0.016588352	-0.05025903	0.0041387117	0.0512842283	0.00856488	-0.0491626259	-0.0207429306	0.0440244045	0.0316481948	-0.0361848453	-0.0406115256	0.0261249837	0.0470829328	0.0001986747	0.0175460717	0.0279321673	-0.0223504189	-0.0414975967	-0.0006553865	-0.0219417287	0.0593889839	0.0289228745	-0.0044162187	0	-1.61982984405077	-0.283804892169077	0.448081059024295	0.592443852028073
-0.418039	0.479632	0.579152	0.0253879	-0.0015442	-0.00642164	-0.00700100000000003	0.0658549999999999	0.039591	-0.0011332	0	-0.00050008	0.194111	0.0061469092	-0.049860559	-0.0180881602	0.0455285727	0.0289919311	-0.0385852104	-0.0382328158	0.0294287216	0.0452807864	-0.0185842938	-0.0497315932	0.0066739292	0.051329952	0.005619231	-0.0499841859	-0.0175900897	0.0457714839	0.0285520362	-0.0389334734	-0.0378763275	0.029862361	0.0450281516	0.001325214	0.0228573288	-0.0279617276	-0.0181342966	-0.0215179306	0.0190176778	-0.0062721418	-0.0433012979	-0.0057732511	-4.34379e-05	0	-0.897133021716255	-0.291185902738306	-2.22840312389761	0.592443852028073
-0.43478	0.385688	0.530662	0.0257102	-0.00197878	-0.00598659	-0.016741	-0.0939439999999999	-0.04849	0.000322300000000001	-0.00043458	0.00043505	0.2187715	0.0059359137	-0.0499598883	-0.0174902479	0.0459148799	0.0281090841	-0.0394140296	-0.0372244541	0.0308050475	0.0443488058	-0.0205484008	-0.0491010801	0.0091926851	0.0512270927	0.0026547183	-0.0506131302	-0.0143601292	0.0472920312	0.0252974622	-0.041441431	-0.0348817138	0.0333742597	0.0426002529	0.0161967568	0.0209594724	-0.0284671558	-0.0323873193	0.0509879461	-0.0135109198	-0.0183907787	0.055633077	0.0332654322	0.0384706638	0	-1.17168813574123	-0.329982348913885	-2.22840312389761	0.592443852028073
-0.43515	0.470273	0.557814	0.024821	-0.00139218	-0.00661808	-0.000369999999999982	0.0845849999999999	0.0271520000000001	-0.000889200000000003	0.0005866	-0.00063149	0.2174715	0.0057248166	-0.0500557939	-0.0168896389	0.0462886013	0.0272141981	-0.040218541	-0.0361848453	0.0321475998	0.0433552888	-0.0224773087	-0.0483687975	0.0116887668	0.0509759483	-0.0003187063	-0.051047035	-0.0110672099	0.0485785209	0.0219025301	-0.0436932151	-0.0316481948	0.0366341627	0.0398193552	0.0155363708	0.0073875081	0.0115182537	-0.0190980759	-0.0075154389	0.000533044	-0.0025730325	-0.0173484664	-0.0473612281	-0.0248586065	0	0.604831849166928	-0.198831742825437	-2.22840312389761	-1.68540061352814
-0.417528	0.418414	0.591535	0.0249255	-0.00167152	-0.00594469	0.017622	-0.0518589999999999	0.033721	0.0001045	-0.00027934	0.00067339	0.1560635	0.0055136214	-0.0501482692	-0.0162864257	0.0466496345	0.0263076566	-0.0409982483	-0.035114862	0.0334549064	0.0423016137	-0.0243677133	-0.0475362631	0.0141560177	0.0505772456	-0.003291061	-0.0512842283	-0.007725769	0.0496245858	0.0183860761	-0.0456749061	-0.0281979168	0.039617456	0.0367085017	-0.0021949156	0.0205993574	0.0196560089	-0.0271783586	-0.0203898092	-0.021794579	-0.0282347286	0.0440456503	0.0130826656	0.0928800109	0	0.641336916368901	-0.397716068268949	-2.22840312389761	-1.68540061352814
-0.435267	0.461512	0.506576	0.023894	-0.0012123	-0.00689139	-0.0177390000000001	0.043098	-0.084959	-0.0010315	0.00045922	-0.0009467	0.267667	0.0053023317	-0.050237308	-0.0156807013	0.0469978805	0.0253898477	-0.0417526707	-0.0340154024	0.0347255342	0.0411892428	-0.0262163763	-0.0466052026	0.016588352	0.0500321388	-0.0062523676	-0.0513237961	-0.0043504562	0.0504250488	0.0147676106	-0.047374254	-0.0245545108	0.0423016137	0.03329347	0.0528783526	0.0009777916	0.0145006115	-0.0162197866	0.0138920626	-0.0349615671	-0.0283116591	-0.0278711632	-0.0238390015	-0.0396685925	0	0.028410998977034	-0.514651384174163	0.448081059024295	-1.68540061352814
-0.471466	0.393031	0.537055	0.0247512	-0.00169827	-0.00740064	-0.036199	-0.068481	0.030479	0.000857200000000002	-0.00048597	-0.00050925	0.22778	0.0050909511	-0.050322904	-0.0150725591	0.047333244	0.0244611644	-0.0424813428	-0.0328873894	0.03595809	0.0400197194	-0.0280201309	-0.0455775458	0.0189797704	0.0493422058	-0.0091926851	-0.0511655859	-0.0009560698	0.0509759483	0.0110672099	-0.048780754	-0.0207429306	0.044666369	0.0296025581	0.0246781864	0.0044646797	-0.0085456641	0.0061710059	-0.0469232549	-0.0447427126	-0.015762969	0.0283725666	-0.0632676107	0.0289962699	0	-0.189839188382938	-0.601663384047391	0.448081059024295	0.592443852028073
-0.504922	0.398089	0.482132	0.0253072	-0.00223122	-0.00780425	-0.033456	0.00505799999999995	-0.0549230000000001	0.000556000000000001	-0.00053295	-0.00040361	0.168065	0.0048794834	-0.0504050515	-0.0144620929	0.0476556328	0.0235220047	-0.0431838154	-0.0317317699	0.0371512224	0.0387946664	-0.0297758875	-0.0444554224	0.0213243743	0.0485094437	-0.0121021428	-0.0508102074	0.0024425082	0.0512745577	0.0073054049	-0.0498857119	-0.0167892817	0.0466938665	0.0256663501	0.044354057	0.0025349894	-0.0031816678	0.0260164625	-0.0580977531	-0.0221810493	-0.010503935	-0.0270196283	-0.0329638961	-0.0459875593	0	0.903164863878207	-0.709009931305523	0.448081059024295	0.592443852028073
-0.540046	0.446071	0.591115	0.0255095	-0.00264729	-0.00857296	-0.035124	0.047982	0.108983	0.000202299999999999	-0.00041607	-0.000768709999999999	0.261443	0.004667932	-0.0504837447	-0.0138493968	0.0479649587	0.0225727706	-0.0438596552	-0.030549514	0.0383036235	0.0375157835	-0.0314806383	-0.0432411585	0.0236163807	0.0475362631	-0.0149709736	-0.05025903	0.0058303776	0.0513193992	0.0035030673	-0.0506822973	-0.0127206428	0.0483687975	0.0215174627	-0.0125983387	0.0121925908	-0.0602995207	-0.0177084949	0.0409067224	-0.0056857495	-0.0161767272	-0.0066636814	0.0090943325	0.0601770884	0	-0.268904779341248	-0.426438556510941	0.448081059024295	0.592443852028073
-0.557211	0.381738	0.544112	0.0246181	-0.00239924	-0.00870054	-0.017165	-0.064333	-0.0470029999999999	-0.000891400000000004	0.00024805	-0.000127579999999999	0.1918525	0.0044563007	-0.0505589784	-0.0132345652	0.048261137	0.0216138688	-0.0445084453	-0.0293416141	0.0394140296	0.0361848453	-0.0331314631	-0.0419372706	0.0258501361	0.046425481	-0.0177895469	-0.0495141777	0.0091926851	0.0511102507	-0.0003187063	-0.0511655859	-0.00856488	0.049678515	0.0171902747	0.0219550982	-0.0009206903	0.0564115932	0.010728591	-0.0062260969	0.01771797	0.0032334278	0.004785629	-0.004582161	-0.0671657387	0	0.726051125093916	0.516557901343194	0.448081059024295	-1.68540061352814
-0.544312	0.467528	0.562106	0.0241688	-0.00239924	-0.00890819	0.012899	0.08579	0.017994	-0.0004493	0	-0.000207650000000002	0.1495305	0.004244593	-0.0506307473	-0.0126176931	0.0485440863	0.0206457099	-0.0451297856	-0.0281090841	0.0404812235	0.0348036986	-0.0347255342	-0.0405464614	0.0280201309	0.0451803128	-0.0205484008	-0.0485785209	0.0125146893	0.0506481476	-0.0041387117	-0.0513325903	-0.0043504562	0.0506131302	0.0127206428	0.0215397856	0.0063960684	-0.0327260293	0.0172622538	0.0040029732	0.0095102743	0.0101443487	-0.0198561583	-0.0243795441	0.0197546633	0	-1.20256382566749	-0.479226727012158	0.448081059024295	0.592443852028073
-0.472951	0.333593	0.489537	0.0227083	-0.00210414	-0.00733645	0.071361	-0.133935	-0.072569	-0.0014605	0.0002951	0.00157174	0.444232	0.0040328127	-0.0506990465	-0.0119988754	0.0488137291	0.0196687086	-0.0457232929	-0.0268529586	0.041504035	0.0333742597	-0.0362601209	-0.0390716134	0.0301210128	0.0438043627	-0.0232382738	-0.0474556651	0.0157818258	0.0499353767	-0.0079357543	-0.0511822782	-0.000106236	0.0511655859	0.0081456036	0.0819996725	-0.0012935484	0.055308815	-0.0128587761	0.0187750927	-0.0386108558	0.0177477102	0.0354526068	-0.0117266522	-0.0062685202	0	0.631670939853867	0.011647107972515	0.448081059024295	0.592443852028073
-0.547715	0.334122	0.578812	0.0214445	-0.00191843	-0.00861206	-0.0747639999999999	0.000529000000000002	0.089275	-0.0012638	0.00018571	-0.00127561	0.300824	0.0038209632	-0.0507638714	-0.0113782077	0.0490699916	0.0186832834	-0.0462886013	-0.025574292	0.0424813428	0.0318985121	-0.0377325944	-0.0375157835	0.0321475998	0.0423016137	-0.0258501361	-0.0461499372	0.0189797704	0.0489754657	-0.0116887668	-0.0507155786	0.0041387117	0.0513317109	0.0035030673	0.0593306102	-0.018339321	-0.009265362	-0.0179150026	-0.005440721	-0.0556793767	-0.021250743	0.0447283635	0.0168396762	-0.00396538	0	0.273440882464813	0.554004713613279	0.448081059024295	0.592443852028073
-0.569817	0.364271	0.514286	0.0229859	-0.00191843	-0.00918687	-0.0221020000000001	0.030149	-0.064526	0.0015414	0	-0.000574810000000002	0.2225875	0.0036090482	-0.0508252175	-0.0107557855	0.0493128035	0.0176898562	-0.046825362	-0.0242741578	0.0434120755	0.0303785035	-0.0391404325	-0.0358821964	0.0340948932	0.0406764158	-0.0283752196	-0.044666369	0.0220945026	0.0477731655	-0.0153769266	-0.0499353767	0.0083553134	0.0511102507	-0.0011684964	0.0657667086	-0.0134981871	-0.0107141557	0.0219707337	-0.028549526	-0.0311188034	0.0089595813	0.0303742519	-0.038484857	-0.0364399962	0	0.607883279498223	0.55539964513381	0.448081059024295	0.592443852028073
-0.587284	0.358928	0.586061	0.0237061	-0.00263598	-0.00940813	-0.017467	-0.00534299999999999	0.0717749999999999	0.000720199999999997	-0.00071755	-0.000221260000000001	0.1775355	0.0033970715	-0.0508830806	-0.0101317049	0.0495420981	0.0166888526	-0.047333244	-0.0229536472	0.0442952125	0.028816343	-0.0404812235	-0.034174238	0.03595809	0.0389334734	-0.0308050475	-0.0430106775	0.0251123665	0.0463344264	-0.0189797704	-0.0488464951	0.0125146893	0.0505028777	-0.0058303776	0.0176174749	0.005899078	-0.0035827625	0.0434073668	-0.0475412432	0.0217756418	0.0451708197	-0.0062684087	-0.0129239946	0.0309548122	0	-1.70186683605178	0.589986203031214	0.448081059024295	0.592443852028073
-0.591308	0.395153	0.522035	0.0239085	-0.00284591	-0.00938788	-0.00402399999999992	0.036225	-0.0640259999999999	0.000202400000000002	-0.00020993	2.02500000000012e-05	0.125904	0.0031850365	-0.0509374568	-0.0095060622	0.0497578128	0.0156807013	-0.047811934	-0.0216138688	0.0451297856	0.0272141981	-0.0417526707	-0.0323954483	0.0377325944	0.0370778316	-0.0331314631	-0.0411892428	0.0280201309	0.044666369	-0.0224773087	-0.0474556651	0.016588352	0.0495141777	-0.0104439465	0.0449383291	-0.0026391274	-0.0275627667	0.0306738032	0.0898689388	0.0382840488	0.0421203237	-0.0020722781	0.0673933882	-0.0517382988	0	-2.55120568544667	0.72468224244963	0.448081059024295	0.592443852028073
-0.577067	0.421258	0.488064	0.0275831	-0.00317904	-0.0096717	0.0142409999999999	0.0261049999999999	-0.033971	0.0036746	-0.00033313	-0.000283820000000002	0.2888945	0.002972947	-0.0509883422	-0.0088789537	0.0499598883	0.014665834	-0.048261137	-0.0202559471	0.0459148799	0.025574292	-0.042952596	-0.030549514	0.0394140296	0.035114862	-0.0353466565	-0.039209084	0.0308050475	0.042777249	-0.0258501361	-0.0457714839	0.0205484008	0.0481516161	-0.0149709736	0.009619712	0.0258454562	0.0566650478	0.0741645971	0.0442190458	0.0493472762	0.0910107239	-0.0131811618	-0.0507537507	-0.0072246038	0	0.629240782188031	0.581293072670557	0.448081059024295	0.592443852028073
-0.573178	0.382488	0.490362	0.0278987	-0.00345333	-0.00931328	0.00388900000000003	-0.03877	0.00229799999999991	0.000315600000000006	-0.00027429	0.000358420000000002	0.0923725	0.0027608065	-0.0510357335	-0.0082504761	0.0501482692	0.0136446855	-0.0486805757	-0.0188810221	0.0466496345	0.0238989001	-0.0440789442	-0.0286402612	0.0409982483	0.0330502467	-0.0374431914	-0.0370778316	0.0334549064	0.0406764158	-0.029079539	-0.0438043627	0.0243677133	0.046425481	-0.0193739464	0.0033665156	0.0177273635	-0.0152593936	0.0347430255	0.04055765	-0.0108142243	-0.0133779369	0.0752461964	0.0345488706	-0.0530438311	0	0.013014144625137	0.307863965166377	0.448081059024295	0.592443852028073
-0.612783	0.427565	0.534248	0.0265548	-0.00337174	-0.0103566	-0.039605	0.045077	0.043886	-0.0013439	8.15900000000003e-05	-0.00104332	0.2520085	0.0025486187	-0.0510796273	-0.0076207265	0.050322904	0.0126176931	-0.0490699916	-0.0174902479	0.047333244	0.0221903471	-0.0451297856	-0.0266716472	0.0424813428	0.030889962	-0.0394140296	-0.0348036986	0.03595809	0.038374267	-0.0321475998	-0.0415664612	0.0280201309	0.0443488058	-0.0236163807	0.0020392829	-0.0009867852	-0.0102809608	0.0444375389	0.0135119295	-0.013519465	0.0104879398	0.0217945975	-0.0462989354	-0.0203901474	0	-0.522338853522157	-0.134991584614116	0.448081059024295	0.592443852028073
-0.626464	0.36864	0.588963	0.02655	-0.00345333	-0.0103907	-0.0136810000000001	-0.0589249999999999	0.0547150000000001	-4.79999999999925e-06	-8.15900000000003e-05	-3.41000000000004e-05	0.1333455	0.0023363873	-0.0511200208	-0.0069898018	0.0504837447	0.0115852966	-0.0494291445	-0.016084792	0.0479649587	0.0204510037	-0.0461033203	-0.024647752	0.0438596552	0.0286402612	-0.0412525551	-0.0323954483	0.0383036235	0.0358821964	-0.0350372959	-0.0390716134	0.0314806383	0.0419372706	-0.0276631221	-0.0177105822	0.0104887012	0.0286185898	0.0418576287	-0.053577658	0.0051128833	0.0037594608	0.0504303289	0.0132955735	0.0155477389	0	-2.32304302020889	-0.300909363177019	0.448081059024295	0.592443852028073
-0.623	0.445427	0.596991	0.0248594	-0.00318846	-0.0101271	0.00346400000000002	0.076787	0.00802799999999992	-0.0016906	0.00026487	0.000263599999999999	0.1992325	0.0021241158	-0.051156911	-0.0063577993	0.0506307473	0.0105479382	-0.0497578128	-0.014665834	0.0485440863	0.0186832834	-0.0469978805	-0.0225727706	0.0451297856	0.0263076566	-0.042952596	-0.029862361	0.0404812235	0.0332125377	-0.0377325944	-0.0363352411	0.0347255342	0.039209084	-0.0314806383	0.0011650342	2.48285e-05	-0.0542690539	0.0309312201	0.0432888024	0.0125444797	0.0069509863	-0.0269699527	0.019263818	-0.0419707457	0	-1.48283029819064	-0.016033893105045	0.448081059024295	0.592443852028073
-0.654818	0.356609	0.632336	0.0252094	-0.00345333	-0.0106393	-0.031818	-0.088818	0.0353450000000001	0.00035	-0.00026487	-0.000512199999999997	0.2123345	0.001911808	-0.0511902955	-0.0057248166	0.0507638714	0.0095060622	-0.0500557939	-0.0132345652	0.0490699916	0.0168896389	-0.047811934	-0.0204510037	0.0462886013	0.0238989001	-0.0445084453	-0.0272141981	0.0424813428	0.0303785035	-0.040218541	-0.0333742597	0.0377325944	0.0361848453	-0.0350372959	-0.017958583	0.0030504111	0.0300400479	0.0370107743	-0.0173663963	-0.0055797078	0.0028061411	0.0442977997	-0.0008788957	0.005391093	0	0.683393841187258	-0.056972345517434	0.448081059024295	0.592443852028073
-0.686382	0.404086	0.632486	0.024555	-0.00335103	-0.011124	-0.0315639999999999	0.047477	0.000149999999999983	-0.000654400000000003	0.0001023	-0.000484700000000001	0.141261	0.0016994674	-0.051220172	-0.0050909511	0.0508830806	0.0084601148	-0.050322904	-0.011792187	0.0495420981	0.0150725591	-0.0485440863	-0.018286849	0.047333244	0.0214209644	-0.0459148799	-0.0244611644	0.0442952125	0.0273941201	-0.0424813428	-0.0302069725	0.0404812235	0.0328873894	-0.0383036235	-0.0092366825	-0.0148633707	-0.0619905396	0.01685423	-0.0157015891	-0.0183973581	-0.043695456	-0.0430719175	0.0159003347	-0.059091305	0	1.69822099009549	0.143627215287252	0.448081059024295	0.592443852028073
-0.718368	0.381387	0.685966	0.0249983	-0.00403542	-0.0114071	-0.0319860000000001	-0.022699	0.05348	0.000443300000000001	-0.00068439	-0.0002831	0.1787045	0.0014870976	-0.0512465384	-0.0044563007	0.0509883422	0.007410544	-0.0505589784	-0.0103399101	0.0499598883	0.0132345652	-0.0491930831	-0.016084792	0.048261137	0.0188810221	-0.0471671784	-0.0216138688	0.0459148799	0.0242741578	-0.0445084453	-0.0268529586	0.042952596	0.0293416141	-0.0412525551	-0.0359415367	0.0002329374	0.0015676337	0.0090803602	0.02575413	0.0001263874	0.004742067	0.0266593005	-0.0524762438	0.0640521945	0	1.04534595761516	0.980911532680294	0.448081059024295	0.592443852028073
-0.73495	0.36609	0.616228	0.0248636	-0.00434321	-0.0118664	-0.016582	-0.0152969999999999	-0.069738	-0.000134700000000001	-0.00030779	-0.000459300000000001	0.1467065	0.0012747024	-0.051269393	-0.0038209632	0.0510796273	0.0063577993	-0.0507638714	-0.0088789537	0.050322904	0.0113782077	-0.0497578128	-0.0138493968	0.0490699916	0.0162864257	-0.048261137	-0.0186832834	0.047333244	0.0210340579	-0.0462886013	-0.0233329509	0.0451297856	0.025574292	-0.0438596552	-0.0033843547	-0.0130306451	0.0446548079	0.0442177682	-0.0455483174	0.0050842802	-2.0056e-05	0.0147994939	0.0302195015	-0.0283673845	0	1.14302212261541	0.140531669869709	0.448081059024295	0.592443852028073
-0.733413	0.416048	0.659598	0.0242816	-0.00420045	-0.0118664	0.00153700000000001	0.0499579999999999	0.0433699999999999	-0.000582000000000003	0.00014276	0	0.131103	0.0010622854	-0.0512887341	-0.0031850365	0.051156911	0.0053023317	-0.0509374568	-0.007410544	0.0506307473	0.0095060622	-0.050237308	-0.0115852966	0.0497578128	0.0136446855	-0.0491930831	-0.0156807013	0.0485440863	0.0176898562	-0.047811934	-0.0196687086	0.0469978805	0.0216138688	-0.0461033203	-0.0131707229	-0.006402286	0.0018970523	0.0233385677	0.0643811481	0.0032151316	0.004026004	-0.0570384006	-0.0357255183	-0.0037081275	0	0.260148491670469	0.091563216476135	0.448081059024295	0.592443852028073
-0.733414	0.391795	0.684467	0.0245766	-0.00421607	-0.0118664	-1.00000000002876e-06	-0.024253	0.0248690000000001	0.000295000000000004	-1.562e-05	0	0.064654	0.0008498502	-0.0513045605	-0.0025486187	0.051220172	0.004244593	-0.0510796273	-0.0059359137	0.0508830806	0.0076207265	-0.0506307473	-0.0092971841	0.050322904	0.0109634486	-0.0499598883	-0.0126176931	0.0495420981	0.014258104	-0.0490699916	-0.0158828827	0.0485440863	0.0174902479	-0.0479649587	-0.0243904907	-0.017058829	0.0308745843	0.0255239194	-0.0559361764	-0.0074764805	-0.0083338819	0.0537875495	-0.0142465233	0.0092223099	0	1.15455777292843	0.067200759869864	0.448081059024295	0.592443852028073
-0.754565	0.390096	0.621716	0.0243919	-0.00371268	-0.0118664	-0.0211509999999999	-0.00169900000000001	-0.0627510000000001	-0.000184699999999999	0.00050339	0	0.1200055	0.0006374004	-0.051316871	-0.001911808	0.051269393	0.0031850365	-0.0511902955	-0.0044563007	0.0510796273	0.0057248166	-0.0509374568	-0.0069898018	0.0507638714	0.0082504761	-0.0505589784	-0.0095060622	0.050322904	0.0107557855	-0.0500557939	-0.0119988754	0.0497578128	0.0132345652	-0.0494291445	0.0083479382	-0.0114113687	-0.0500605045	0.0489956795	0.0093249818	-0.0048401285	0.0153871717	-0.0438683855	-0.0015822086	-0.026535881	0	1.2329457639868	-0.326076835601932	0.448081059024295	0.592443852028073
-0.740783	0.392469	0.722517	0.0240363	-0.00421292	-0.0118664	0.0137820000000001	0.00237300000000001	0.100801	-0.000355600000000001	-0.00050024	0	0.159748	0.0004249396	-0.0513256648	-0.0012747024	0.0513045605	0.0021241158	-0.051269393	-0.002972947	0.051220172	0.0038209632	-0.051156911	-0.004667932	0.0510796273	0.0055136214	-0.0509883422	-0.0063577993	0.0508830806	0.0072002346	-0.0507638714	-0.0080406961	0.0506307473	0.0088789537	-0.0504837447	-0.0320404545	-0.0105202047	0.0262331104	-0.0016872844	0.0115704753	-0.0022490713	-0.0010768074	0.0089376556	-0.0074461357	0.0379883973	0	1.51385498044797	-0.077459997388478	0.448081059024295	0.592443852028073
-0.689634	0.425812	0.671571	0.0230714	-0.00367526	-0.0118664	0.0511489999999999	0.033343	-0.0509459999999998	-0.000964899999999998	0.00053766	0	0.210566	0.0002124716	-0.0513309413	-0.0006374004	0.0513256648	0.0010622854	-0.051316871	-0.0014870976	0.0513045605	0.001911808	-0.0512887341	-0.0023363873	0.051269393	0.0027608065	-0.0512465384	-0.0031850365	0.051220172	0.0036090482	-0.0511902955	-0.0040328127	0.051156911	0.0044563007	-0.0511200208	0.0064847162	-0.0171626032	0.0148514296	0.0341987509	-0.0013435756	0.004452158	0.021329897	-0.0371940132	0.0266557124	0.0115401117	0	1.24189287114297	-0.242564815799556	0.448081059024295	0.592443852028073
-0.673093	0.357018	0.764437	0.0234083	-0.0040367	-0.0110715	0.0165409999999999	-0.068794	0.092866	0.000336899999999998	-0.00036144	0.000794900000000001	0.252863	0	-0.0513327002	0	0.0513327002	0	-0.0513327002	0	0.0513327002	0	-0.0513327002	0	0.0513327002	0	-0.0513327002	0	0.0513327002	0	-0.0513327002	0	0.0513327002	0	-0.0513327002	-0.0358198399	-0.0079813676	0.0288667982	-0.0225578268	0.0157382144	-0.0296760485	-0.0378899101	0.0010973738	0.0023462701	0.048234382	0	0.855296753086699	0.140481232108975	0.448081059024295	0.592443852028073
-0.629226	0.436748	0.745071	0.0221511	-0.00334813	-0.0110715	0.043867	0.07973	-0.019366	-0.0012572	0.00068857	0	0.2402515	-0.0002124716	-0.0513309413	0.0006374004	0.0513256648	-0.0010622854	-0.051316871	0.0014870976	0.0513045605	-0.001911808	-0.0512887341	0.0023363873	0.051269393	-0.0027608065	-0.0512465384	0.0031850365	0.051220172	-0.0036090482	-0.0511902955	0.0040328127	0.051156911	-0.0044563007	-0.0511200208	-0.0085910488	-0.0178899403	-0.0103022576	0.0056081957	-0.0530072594	-0.0106058774	-0.0065300905	-0.0417790517	-0.0045527266	0.002951429	0	0.869833362298136	0.113195784893003	0.448081059024295	0.592443852028073
-0.62288	0.334689	0.730869	0.0231485	-0.00342939	-0.0105241	0.00634600000000007	-0.102059	-0.014202	0.000997400000000002	-8.12600000000001e-05	0.0005474	0.20391	-0.0004249396	-0.0513256648	0.0012747024	0.0513045605	-0.0021241158	-0.051269393	0.002972947	0.051220172	-0.0038209632	-0.051156911	0.004667932	0.0510796273	-0.0055136214	-0.0509883422	0.0063577993	0.0508830806	-0.0072002346	-0.0507638714	0.0080406961	0.0506307473	-0.0088789537	-0.0504837447	-0.0117501492	-0.002174772	-0.0130170834	0.0047844373	0.0416873384	-0.0146114049	0.0016446299	0.0190027713	0.0221992769	0.03528637	0	1.12871500505733	-0.041644061388913	0.448081059024295	0.592443852028073
-0.670584	0.409163	0.789375	0.0231594	-0.00334114	-0.0114451	-0.0477040000000001	0.074474	0.0585060000000001	1.09000000000012e-05	8.82500000000002e-05	-0.000921000000000002	0.2316915	-0.0006374004	-0.051316871	0.001911808	0.051269393	-0.0031850365	-0.0511902955	0.0044563007	0.0510796273	-0.0057248166	-0.0509374568	0.0069898018	0.0507638714	-0.0082504761	-0.0505589784	0.0095060622	0.050322904	-0.0107557855	-0.0500557939	0.0119988754	0.0497578128	-0.0132345652	-0.0494291445	-0.0364330989	-0.0189643041	0.0076996576	-0.0119797182	-0.0586709963	0.0162581096	-0.0098569553	-0.012967855	-0.0041953437	-0.0314468512	0	1.20553754515345	-0.165490115764757	0.448081059024295	0.592443852028073
-0.686552	0.38195	0.817311	0.023474	-0.00372485	-0.0116635	-0.015968	-0.027213	0.027936	0.000314599999999998	-0.00038371	-0.000218399999999999	0.1169525	-0.0008498502	-0.0513045605	0.0025486187	0.051220172	-0.004244593	-0.0510796273	0.0059359137	0.0508830806	-0.0076207265	-0.0506307473	0.0092971841	0.050322904	-0.0109634486	-0.0499598883	0.0126176931	0.0495420981	-0.014258104	-0.0490699916	0.0158828827	0.0485440863	-0.0174902479	-0.0479649587	-0.0482209354	0.0013953521	-0.0153251261	-0.0169466536	0.0124225762	0.0286700165	-0.000619439	-0.0038548791	0.0513175417	0.0674636618	0	2.11040361499074	0.528143364321151	0.448081059024295	0.592443852028073
-0.690051	0.394295	0.786328	0.0231057	-0.00337944	-0.0115258	-0.00349899999999992	0.012345	-0.030983	-0.000368299999999998	0.00034541	0.000137700000000001	0.0893974999999999	-0.0010622854	-0.0512887341	0.0031850365	0.051156911	-0.0053023317	-0.0509374568	0.007410544	0.0506307473	-0.0095060622	-0.050237308	0.0115852966	0.0497578128	-0.0136446855	-0.0491930831	0.0156807013	0.0485440863	-0.0176898562	-0.047811934	0.0196687086	0.0469978805	-0.0216138688	-0.0461033203	-0.0317436031	-0.01273911	0.0294381495	-0.0279697897	0.0227288023	0.022348875	-0.0111582086	-0.0326638318	0.0285468104	-0.016811961	0	1.16697290887289	0.404393438322375	0.448081059024295	0.592443852028073
-0.701268	0.426759	0.833078	0.0234045	-0.00358525	-0.0117087	-0.011217	0.032464	0.0467500000000001	0.000298799999999995	-0.00020581	-0.000182900000000001	0.1248065	-0.0012747024	-0.051269393	0.0038209632	0.0510796273	-0.0063577993	-0.0507638714	0.0088789537	0.050322904	-0.0113782077	-0.0497578128	0.0138493968	0.0490699916	-0.0162864257	-0.048261137	0.0186832834	0.047333244	-0.0210340579	-0.0462886013	0.0233329509	0.0451297856	-0.025574292	-0.0438596552	-0.0512965039	-0.002672168	0.0118957462	-0.0182903895	-0.0215958121	0.0392385126	0.0423962303	-0.0394631843	-0.0262601825	0.0329643234	0	-0.235694018813307	0.163387346526434	0.448081059024295	0.592443852028073
-0.674723	0.379413	0.795757	0.0233952	-0.00365749	-0.0110927	0.026545	-0.047346	-0.0373210000000002	-9.29999999999681e-06	-7.22399999999999e-05	0.000616	0.146089	-0.0014870976	-0.0512465384	0.0044563007	0.0509883422	-0.007410544	-0.0505589784	0.0103399101	0.0499598883	-0.0132345652	-0.0491930831	0.016084792	0.048261137	-0.0188810221	-0.0471671784	0.0216138688	0.0459148799	-0.0242741578	-0.0445084453	0.0268529586	0.042952596	-0.0293416141	-0.0412525551	-0.0301806374	-0.0022301459	-0.0070861781	-0.0176553117	0.0095268745	0.033595507	-0.0081548968	-0.0135544746	0.0609404277	-0.0261199985	0	-0.773842186259779	0.152008597043458	0.448081059024295	0.592443852028073
-0.699429	0.440756	0.826656	0.0233118	-0.00370447	-0.0115818	-0.024706	0.061343	0.030899	-8.34000000000008e-05	-4.69800000000003e-05	-0.000489099999999999	0.147922	-0.0016994674	-0.051220172	0.0050909511	0.0508830806	-0.0084601148	-0.050322904	0.011792187	0.0495420981	-0.0150725591	-0.0485440863	0.018286849	0.047333244	-0.0214209644	-0.0459148799	0.0244611644	0.0442952125	-0.0273941201	-0.0424813428	0.0302069725	0.0404812235	-0.0328873894	-0.0383036235	-0.0420815261	-0.000604991	-0.0262172105	-0.0339011059	0.0591132894	0.0249775901	0.00801056	-0.0692653846	-0.0103721	0.0446067762	0	-2.07729287312376	0.091419051148247	0.448081059024295	0.592443852028073
-0.702082	0.365883	0.776809	0.0234994	-0.00376841	-0.0115818	-0.00265300000000002	-0.074873	-0.0498470000000001	0.000187600000000003	-6.39399999999997e-05	0	0.13995	-0.001911808	-0.0511902955	0.0057248166	0.0507638714	-0.0095060622	-0.0500557939	0.0132345652	0.0490699916	-0.0168896389	-0.047811934	0.0204510037	0.0462886013	-0.0238989001	-0.0445084453	0.0272141981	0.0424813428	-0.0303785035	-0.040218541	0.0333742597	0.0377325944	-0.0361848453	-0.0350372959	-0.0197889382	-0.0130331357	0.0479747397	0.0068604247	-0.0203824037	0.0225002625	0.0114114136	0.0385439781	0.0442723031	-0.0100436693	0	0.744776305538688	-0.022210995428557	0.448081059024295	0.592443852028073
-0.72007	0.427558	0.792683	0.0231611	-0.00307334	-0.0115818	-0.017988	0.061675	0.0158740000000002	-0.000338300000000003	0.00069507	0	0.1472055	-0.0021241158	-0.051156911	0.0063577993	0.0506307473	-0.0105479382	-0.0497578128	0.014665834	0.0485440863	-0.0186832834	-0.0469978805	0.0225727706	0.0451297856	-0.0263076566	-0.042952596	0.029862361	0.0404812235	-0.0332125377	-0.0377325944	0.0363352411	0.0347255342	-0.039209084	-0.0314806383	-0.0198182356	-0.0053121054	-0.0337750309	-0.0131705867	0.0182705079	0.0167445569	-0.0097364729	-0.072330795	0.0165309244	-0.0235967654	0	-1.34466293818198	-0.009058363895557	0.448081059024295	0.592443852028073
-0.71841	0.390758	0.830555	0.0236954	-0.0034378	-0.011977	0.00165999999999999	-0.0368	0.0378719999999999	0.000534300000000001	-0.00036446	-0.0003952	0.14103	-0.0023363873	-0.0511200208	0.0069898018	0.0504837447	-0.0115852966	-0.0494291445	0.016084792	0.0479649587	-0.0204510037	-0.0461033203	0.024647752	0.0438596552	-0.0286402612	-0.0412525551	0.0323954483	0.0383036235	-0.0358821964	-0.0350372959	0.0390716134	0.0314806383	-0.0419372706	-0.0276631221	-0.0440125279	-0.0071086537	0.0271927143	-0.039096754	0.0196269274	-0.0129884796	-0.0111297266	0.0300777463	-0.0031652524	0.081611472	0	0.322286354428869	-0.098421748905421	-2.22840312389761	-1.68540061352814
-0.692248	0.38697	0.769307	0.0234504	-0.00387839	-0.0115301	0.026162	-0.00378800000000001	-0.0612480000000001	-0.000244999999999999	-0.00044059	0.0004469	0.1478225	-0.0025486187	-0.0510796273	0.0076207265	0.050322904	-0.0126176931	-0.0490699916	0.0174902479	0.047333244	-0.0221903471	-0.0451297856	0.0266716472	0.0424813428	-0.030889962	-0.0394140296	0.0348036986	0.03595809	-0.038374267	-0.0321475998	0.0415664612	0.0280201309	-0.0443488058	-0.0236163807	-0.007295284	-0.0118054131	0.0134425769	0.0041751752	-0.0487315159	-0.0071444476	-0.0205067566	-0.033634667	0.0201036104	-0.0123554299	0	0.549863718353905	-0.152696618675964	-2.22840312389761	-1.68540061352814
-0.703862	0.432256	0.814239	0.0234448	-0.00366786	-0.0119115	-0.011614	0.045286	0.0449320000000002	-5.60000000000491e-06	0.00021053	-0.0003814	0.1317085	-0.0027608065	-0.0510357335	0.0082504761	0.0501482692	-0.0136446855	-0.0486805757	0.0188810221	0.0466496345	-0.0238989001	-0.0440789442	0.0286402612	0.0409982483	-0.0330502467	-0.0374431914	0.0370778316	0.0334549064	-0.0406764158	-0.029079539	0.0438043627	0.0243677133	-0.046425481	-0.0193739464	-0.0288357133	-0.0105371218	-0.0174502606	-0.0373286726	0.0354419414	-0.0078304011	-0.0065640837	-0.0349662611	-0.0275119039	0.048174257	0	-2.35429403913322	-0.014135338850955	0.448081059024295	-1.68540061352814
-0.719476	0.387215	0.769963	0.0236271	-0.00373406	-0.0119785	-0.015614	-0.045041	-0.044276	0.0001823	-6.62000000000002e-05	-6.69999999999994e-05	0.120706	-0.002972947	-0.0509883422	0.0088789537	0.0499598883	-0.014665834	-0.048261137	0.0202559471	0.0459148799	-0.025574292	-0.042952596	0.030549514	0.0394140296	-0.035114862	-0.0353466565	0.039209084	0.0308050475	-0.042777249	-0.0258501361	0.0457714839	0.0205484008	-0.0481516161	-0.0149709736	-0.0064872708	-0.0124792024	0.0348755583	0.0121779914	-0.0661326163	-0.0063410535	-0.0022127174	0.0337337982	0.0131519153	0.0083155091	0	-0.833126879398348	0.167598841829723	0.448081059024295	0.592443852028073
-0.716727	0.430463	0.769854	0.0230632	-0.00340006	-0.0116939	0.002749	0.043248	-0.000109000000000026	-0.000563899999999999	0.000334	0.000284599999999999	0.105231	-0.0031850365	-0.0509374568	0.0095060622	0.0497578128	-0.0156807013	-0.047811934	0.0216138688	0.0451297856	-0.0272141981	-0.0417526707	0.0323954483	0.0377325944	-0.0370778316	-0.0331314631	0.0411892428	0.0280201309	-0.044666369	-0.0224773087	0.0474556651	0.016588352	-0.0495141777	-0.0104439465	0.0010873625	-0.0172098449	-0.0617943547	-0.0155365443	0.0235172772	-0.0130783118	-0.0314324051	-0.0374833809	0.0177466542	-0.061282571	0	-0.447601536492602	-0.36753595118043	0.448081059024295	0.592443852028073
-0.724059	0.403477	0.777996	0.0232573	-0.00407387	-0.0119099	-0.007332	-0.026986	0.00814199999999998	0.000194099999999999	-0.00067381	-0.000215999999999999	0.0966555000000001	-0.0033970715	-0.0508830806	0.0101317049	0.0495420981	-0.0166888526	-0.047333244	0.0229536472	0.0442952125	-0.028816343	-0.0404812235	0.034174238	0.03595809	-0.0389334734	-0.0308050475	0.0430106775	0.0251123665	-0.0463344264	-0.0189797704	0.0488464951	0.0125146893	-0.0505028777	-0.0058303776	-0.0026928165	-0.0090302878	0.021708832	0.006436983	-0.0214983062	-0.0104590406	0.0083687606	0.0431786425	-0.0051106963	0.0302599839	0	0.519923841293577	-0.520771148516118	0.448081059024295	0.592443852028073
-0.727013	0.401342	0.735135	0.023374	-0.00388267	-0.0119114	-0.00295400000000001	-0.00213499999999994	-0.042861	0.000116700000000004	0.0001912	-1.49999999999977e-06	0.06342	-0.0036090482	-0.0508252175	0.0107557855	0.0493128035	-0.0176898562	-0.046825362	0.0242741578	0.0434120755	-0.0303785035	-0.0391404325	0.0358821964	0.0340948932	-0.0406764158	-0.0283752196	0.044666369	0.0220945026	-0.0477731655	-0.0153769266	0.0499353767	0.0083553134	-0.0511102507	-0.0011684964	0.0190699048	-0.0214402178	-0.0409300317	-0.0038950798	-0.0048495602	-0.0224023358	-0.0415205242	0.0126179417	0.0384272318	-0.0628131388	0	0.487500825505278	-0.087245873696815	0.448081059024295	0.592443852028073
-0.592702	0.483641	0.771178	0.0224394	-0.00373222	-0.0106145	0.134311	0.082299	0.0360429999999999	-0.000934600000000001	0.00015045	0.0012969	0.3717505	-0.0038209632	-0.0507638714	0.0113782077	0.0490699916	-0.0186832834	-0.0462886013	0.025574292	0.0424813428	-0.0318985121	-0.0377325944	0.0375157835	0.0321475998	-0.0423016137	-0.0258501361	0.0461499372	0.0189797704	-0.0489754657	-0.0116887668	0.0507155786	0.0041387117	-0.0513317109	0.0035030673	0.0129433892	-0.004846264	-0.0032786347	-0.0032591986	-0.0061934198	-0.0323381061	0.0043073805	-0.0003988123	-0.0435828956	0.0258233886	0	0.813564128138149	-0.138112459808431	0.448081059024295	0.592443852028073
-0.625878	0.40039	0.852376	0.0223715	-0.00360679	-0.0114921	-0.0331759999999999	-0.083251	0.0811980000000001	-6.79000000000027e-05	0.00012543	-0.000877600000000001	0.2511715	-0.0040328127	-0.0506990465	0.0119988754	0.0488137291	-0.0196687086	-0.0457232929	0.0268529586	0.041504035	-0.0333742597	-0.0362601209	0.0390716134	0.0301210128	-0.0438043627	-0.0232382738	0.0474556651	0.0157818258	-0.0499353767	-0.0079357543	0.0511822782	-0.000106236	-0.0511655859	0.0081456036	-0.0202822442	-0.0160904188	-0.0276261134	-0.0818930785	-0.0091305187	-0.0404976273	-0.0867661135	-0.0169187426	0.0400700635	-0.0301303748	0	0.71098080139339	0.468834297073202	0.448081059024295	0.592443852028073
-0.629604	0.491723	0.896145	0.0226597	-0.0032533	-0.0111385	-0.00372600000000001	0.0913329999999999	0.0437689999999998	0.000288200000000002	0.00035349	0.000353599999999999	0.1885925	-0.004244593	-0.0506307473	0.0126176931	0.0485440863	-0.0206457099	-0.0451297856	0.0281090841	0.0404812235	-0.0348036986	-0.0347255342	0.0405464614	0.0280201309	-0.0451803128	-0.0205484008	0.0485785209	0.0125146893	-0.0506481476	-0.0041387117	0.0513325903	-0.0043504562	-0.0506131302	0.0127206428	-0.043075763	-0.0087886676	-0.0202848439	-0.0804297447	-0.0482034423	-0.0163730269	-0.0650250724	-0.0497811204	-0.0379445245	0.0081348177	0	0.433652268189481	0.072833066412866	0.448081059024295	0.592443852028073
-0.674556	0.410582	0.860642	0.0233968	-0.00332372	-0.011881	-0.0449520000000001	-0.081141	-0.0355029999999998	0.000737099999999997	-7.04199999999999e-05	-0.0007425	0.239097	-0.0044563007	-0.0505589784	0.0132345652	0.048261137	-0.0216138688	-0.0445084453	0.0293416141	0.0394140296	-0.0361848453	-0.0331314631	0.0419372706	0.0258501361	-0.046425481	-0.0177895469	0.0495141777	0.0091926851	-0.0511102507	-0.0003187063	0.0511655859	-0.00856488	-0.049678515	0.0171902747	-0.0341234398	-0.0033099008	-0.0368479959	-0.0657080977	-0.0503953339	-0.0106879359	-0.0576023361	0.0146926637	0.0366138896	0.0165340653	0	0.781071400425988	-0.129888429027647	0.448081059024295	0.592443852028073
-0.697095	0.455582	0.818519	0.0226893	-0.00291322	-0.0122443	-0.022539	0.045	-0.042123	-0.0007075	0.0004105	-0.000363299999999999	0.183727	-0.004667932	-0.0504837447	0.0138493968	0.0479649587	-0.0225727706	-0.0438596552	0.030549514	0.0383036235	-0.0375157835	-0.0314806383	0.0432411585	0.0236163807	-0.0475362631	-0.0149709736	0.05025903	0.0058303776	-0.0513193992	0.0035030673	0.0506822973	-0.0127206428	-0.0483687975	0.0215174627	-0.0060048791	-0.0010254998	0.0270536307	-0.0445733042	0.0149460379	0.0144952574	-0.0098844198	-0.0325807252	-0.0010646191	-0.0189892419	0	-1.88690849366537	1.3201842865907	-2.22840312389761	-1.68540061352814
-0.717902	0.427372	0.842571	0.0229978	-0.00314945	-0.0123725	-0.020807	-0.02821	0.0240519999999999	0.0003085	-0.00023623	-0.0001282	0.1067155	-0.0048794834	-0.0504050515	0.0144620929	0.0476556328	-0.0235220047	-0.0431838154	0.0317317699	0.0371512224	-0.0387946664	-0.0297758875	0.0444554224	0.0213243743	-0.0485094437	-0.0121021428	0.0508102074	0.0024425082	-0.0512745577	0.0073054049	0.0498857119	-0.0167892817	-0.0466938665	0.0256663501	-0.0182180461	-8.54544e-05	-0.0023658912	-0.0458542057	-0.0044368089	0.0091485718	-0.0097421381	-0.0178286314	-0.0112005688	0.018017293	0	1.18388781007881	2.10300471615294	0.448081059024295	0.592443852028073
-0.675328	0.429714	0.71639	0.0219571	-0.00330577	-0.0117151	0.0425740000000001	0.00234200000000001	-0.126181	-0.0010407	-0.00015632	0.000657399999999999	0.263818	-0.0050909511	-0.050322904	0.0150725591	0.047333244	-0.0244611644	-0.0424813428	0.0328873894	0.03595809	-0.0400197194	-0.0280201309	0.0455775458	0.0189797704	-0.0493422058	-0.0091926851	0.0511655859	-0.0009560698	-0.0509759483	0.0110672099	0.048780754	-0.0207429306	-0.044666369	0.0296025581	0.051180183	-0.0099764641	0.0234093084	0.001366998	0.017964748	-0.0440692589	-0.01562529	0.0029458813	-0.0049595898	0.0110666515	0	0.663949233688228	1.72256671824901	0.448081059024295	0.592443852028073
-0.627726	0.388269	0.745024	0.0224685	-0.00256629	-0.0114264	0.0476019999999999	-0.041445	0.028634	0.000511399999999999	0.00073948	0.000288700000000001	0.19466	-0.0053023317	-0.050237308	0.0156807013	0.0469978805	-0.0253898477	-0.0417526707	0.0340154024	0.0347255342	-0.0411892428	-0.0262163763	0.0466052026	0.016588352	-0.0500321388	-0.0062523676	0.0513237961	-0.0043504562	-0.0504250488	0.0147676106	0.047374254	-0.0245545108	-0.0423016137	0.03329347	0.035660667	-0.0002866491	-0.0308765241	0.0244944424	-0.0354015591	-0.0287107337	0.0070094973	-0.0340011937	-0.0514286617	-0.0328767306	0	0.255722063352916	0.495135204699068	0.448081059024295	0.592443852028073
-0.689433	0.463849	0.744488	0.0241468	-0.00268093	-0.0118658	-0.061707	0.0755799999999999	-0.000535999999999981	0.0016783	-0.00011464	-0.0004394	0.24944	-0.0055136214	-0.0501482692	0.0162864257	0.0466496345	-0.0263076566	-0.0409982483	0.035114862	0.0334549064	-0.0423016137	-0.0243677133	0.0475362631	0.0141560177	-0.0505772456	-0.003291061	0.0512842283	-0.007725769	-0.0496245858	0.0183860761	0.0456749061	-0.0281979168	-0.039617456	0.0367085017	0.0066242667	0.0061681347	-0.0568226353	-0.0147114134	0.023945467	-0.013264199	-0.0012712639	0.0153135971	0.0032666692	0.0586288203	0	-1.60474920298551	0.075117522001596	-2.22840312389761	0.592443852028073
-0.696361	0.429638	0.744324	0.0249583	-0.00264325	-0.0118915	-0.00692800000000005	-0.0342109999999999	-0.000164000000000053	0.0008115	3.768e-05	-2.57000000000018e-05	0.0850470000000001	-0.0057248166	-0.0500557939	0.0168896389	0.0462886013	-0.0272141981	-0.040218541	0.0361848453	0.0321475998	-0.0433552888	-0.0224773087	0.0483687975	0.0116887668	-0.0509759483	-0.0003187063	0.051047035	-0.0110672099	-0.0485785209	0.0219025301	0.0436932151	-0.0316481948	-0.0366341627	0.0398193552	0.0022809623	0.0171417452	0.0395899011	-0.006415645	-0.0143443107	0.0322009777	0.0303252339	-0.0092413612	-0.0047193525	-0.0346905691	0	0.108814780025802	0.844230280275875	-2.22840312389761	-1.68540061352814
-0.701564	0.482225	0.77583	0.0248429	-0.00269492	-0.0121713	-0.00520300000000007	0.052587	0.031506	-0.000115399999999998	-5.16699999999998e-05	-0.000279799999999998	0.1116395	-0.0059359137	-0.0499598883	0.0174902479	0.0459148799	-0.0281090841	-0.0394140296	0.0372244541	0.0308050475	-0.0443488058	-0.0205484008	0.0491010801	0.0091926851	-0.0512270927	0.0026547183	0.0506131302	-0.0143601292	-0.0472920312	0.0252974622	0.041441431	-0.0348817138	-0.0333742597	0.0426002529	-0.0100065116	0.0220915733	-0.0091429899	-0.0098828123	0.0209584426	0.0538678223	0.0442237021	-0.0188960449	0.0050832472	0.0639797508	0	-0.731320143485414	1.73137149340435	-2.22840312389761	-1.68540061352814
-0.71809	0.389476	0.603544	0.0263231	-0.00305255	-0.012306	-0.0165259999999999	-0.092749	-0.172286	0.0014802	-0.00035763	-0.000134700000000001	0.3801875	-0.0061469092	-0.049860559	0.0180881602	0.0455285727	-0.0289919311	-0.0385852104	0.0382328158	0.0294287216	-0.0452807864	-0.0185842938	0.0497315932	0.0066739292	-0.051329952	0.005619231	0.0499841859	-0.0175900897	-0.0457714839	0.0285520362	0.0389334734	-0.0378763275	-0.029862361	0.0450281516	0.0467789443	0.0266853017	0.0830480386	0.063582538	0.0334841479	0.0433560731	0.0792575756	0.0458963446	0.0323086603	-0.072993108	0	1.23683150662288	1.66330502387048	-2.22840312389761	-1.68540061352814
-0.732228	0.487278	0.632466	0.0257385	-0.00170552	-0.012306	-0.014138	0.0978019999999999	0.028922	-0.000584600000000001	0.00134703	0	0.2374435	-0.0063577993	-0.0497578128	0.0186832834	0.0451297856	-0.029862361	-0.0377325944	0.039209084	0.0280201309	-0.0461499372	-0.016588352	0.05025903	0.0041387117	-0.0512842283	0.00856488	0.0491626259	-0.0207429306	-0.0440244045	0.0316481948	0.0361848453	-0.0406115256	-0.0261249837	0.0470829328	0.0385919757	0.0169475613	-0.0289766559	0.0395481744	0.0523532497	0.0201241759	0.0509916921	-0.0098038991	-0.017892501	-0.0089637321	0	0.297852882810567	0.209434194542609	-2.22840312389761	0.592443852028073
-0.75424	0.4178	0.624064	0.0259688	-0.00294281	-0.012306	-0.0220119999999999	-0.069478	-0.00840199999999991	0.000230300000000003	-0.00123729	0	0.1732715	-0.0065685806	-0.0496516568	0.0192755259	0.044718628	-0.0307200012	-0.0368567075	0.040152439	0.0265808199	-0.0469550524	-0.0145639947	0.0506822973	0.0015932859	-0.051090054	0.0114817767	0.0481516161	-0.0238048288	-0.0420594396	0.0345687596	0.0332125377	-0.0430685747	-0.0221903471	0.04874757	0.039555415	0.0170203318	0.0471183152	0.0374536579	0.0115172374	-0.012401924	0.037845322	0.0732177665	-0.0043329489	0.016525111	0	0.742156810287642	-0.384045319647561	-2.22840312389761	0.592443852028073
-0.741684	0.476177	0.649859	0.0252613	-0.00247845	-0.0126463	0.0125559999999999	0.058377	0.0257949999999999	-0.0007075	0.00046436	-0.000340299999999998	0.172336	-0.0067792492	-0.0495420981	0.0198647963	0.0442952125	-0.0315644841	-0.03595809	0.0410620891	0.0251123665	-0.0476950147	-0.0125146893	0.0510005177	-0.0009560698	-0.0507479912	0.0143601292	0.0469550524	-0.0267623602	-0.0398863142	0.0372975264	0.0300349241	-0.0452306464	-0.0180881602	0.0500082695	0.0376678538	0.0142948082	-0.0426225859	0.0299662164	0.0006765824	0.0078068226	0.0282659637	-0.0126620443	-0.0190037096	-0.0140298486	0	-2.93163146169805	0.88467247970183	-2.22840312389761	0.592443852028073
-0.746426	0.412956	0.680584	0.0255906	-0.00275236	-0.0123221	-0.00474200000000002	-0.063221	0.030725	0.000329299999999998	-0.00027391	0.000324199999999998	0.1450585	-0.0069898018	-0.0494291445	0.0204510037	0.0438596552	-0.0323954483	-0.0350372959	0.0419372706	0.0236163807	-0.0483687975	-0.0104439465	0.0512130319	-0.0035030673	-0.05025903	0.0171902747	0.0455775458	-0.0296025581	-0.0375157835	0.0398193552	0.0266716472	-0.0470829328	-0.0138493968	0.0508545847	0.0170637533	0.023222211	0.0376055874	0.0075792702	0.0378199039	-0.0026218031	0.0395137378	0.048432999	-0.0023992862	0.0530126437	0	0.545493059575442	1.1593557477366	-2.22840312389761	0.592443852028073
-0.742098	0.434385	0.649753	0.0250123	-0.00265027	-0.0125409	0.00432800000000011	0.021429	-0.0308309999999999	-0.0005783	0.00010209	-0.000218799999999998	0.1015475	-0.0072002346	-0.0493128035	0.0210340579	0.0434120755	-0.0332125377	-0.0340948932	0.042777249	0.0220945026	-0.0489754657	-0.0083553134	0.0513193992	-0.0060414244	-0.0496245858	0.0199627126	0.0440244045	-0.0323129704	-0.0349595797	0.042120254	0.0231434973	-0.0486127474	-0.0095060622	0.0512795028	0.0384377185	0.0113294208	0.0175095724	0.034420711	-0.0269566706	0.0064898022	0.0232497788	0.012444343	-0.0089408613	-0.0220042584	0	-0.630530086270085	0.367236981378123	-2.22840312389761	0.592443852028073
-0.749001	0.416937	0.688743	0.0252578	-0.00282755	-0.0126283	-0.0069030000000001	-0.017448	0.03899	0.000245500000000003	-0.00017728	-8.73999999999996e-05	0.0888499999999999	-0.007410544	-0.0491930831	0.0216138688	0.042952596	-0.0340154024	-0.0331314631	0.043581319	0.0205484008	-0.0495141777	-0.0062523676	0.0513193992	-0.00856488	-0.0488464951	0.0226681358	0.0423016137	-0.0348817138	-0.0322303541	0.0441874568	0.019472284	-0.0498096126	-0.0050909511	0.0512795028	0.015813069	0.0200688901	-0.039244426	-0.0077631196	0.0628075342	-0.0058222995	0.0203596827	0.0199943688	-0.0009533428	0.0440277631	0	-2.93048985923288	-0.538645830732638	-2.22840312389761	0.592443852028073
-0.782222	0.377112	0.655032	0.0246155	-0.00305269	-0.0128323	-0.0332209999999998	-0.039825	-0.0337110000000001	-0.000642300000000002	-0.00022514	-0.000203999999999999	0.160329	-0.0076207265	-0.0490699916	0.0221903471	0.0424813428	-0.0348036986	-0.0321475998	0.0443488058	0.0189797704	-0.0499841859	-0.0041387117	0.0512130319	-0.0110672099	-0.0479270103	0.0252974622	0.0404158122	-0.0372975264	-0.0293416141	0.0460094942	0.0156807013	-0.0506653309	-0.0006374004	0.0508545847	0.0373737606	-0.0011052276	0.0470231788	0.0210743352	-0.0306877896	-0.0025668651	0.0199802344	0.0230718114	-0.0072609757	-0.0719041021	0	-2.80754312183259	-0.431044548593116	-2.22840312389761	0.592443852028073
-0.781265	0.456305	0.665062	0.0245477	-0.00268209	-0.0128323	0.000956999999999875	0.079193	0.0100300000000001	-6.77999999999998e-05	0.0003706	0	0.1121	-0.0078307784	-0.0489435374	0.0227634039	0.041998445	-0.0355770885	-0.03114391	0.0450790651	0.0173903312	-0.0503848382	-0.0020179662	0.0510005177	-0.013542242	-0.0468687929	0.027841865	0.038374267	-0.0395498165	-0.0263076566	0.0475762569	0.011792187	-0.0511740416	0.0038209632	0.0500082695	0.0314946734	0.0154389902	-0.0359707528	0.0164580546	0.0214555046	0.0019472047	0.0351218179	-0.031767379	-0.0293288266	0.0045058111	0	-2.84308170292214	-0.433439824062909	-2.22840312389761	0.592443852028073
-0.776582	0.384737	0.643864	0.0243186	-0.00305269	-0.0128323	0.00468299999999999	-0.071568	-0.0211980000000001	-0.000229099999999999	-0.0003706	0	0.127434	-0.0080406961	-0.0488137291	0.0233329509	0.041504035	-0.0363352411	-0.0301210128	0.0457714839	0.0157818258	-0.0507155786	0.000106236	0.0506822973	-0.0159838716	-0.0456749061	0.0302928029	0.0361848453	-0.0416287094	-0.0231434973	0.048879052	0.0078307784	-0.0513322605	0.0082504761	0.04874757	0.039585242	0.0015724257	0.0434099163	0.0064245145	0.0161466997	-0.0249918066	0.0053930931	0.0856597232	0.016915291	0.0042088101	0	-2.75171948628993	-0.606029099286051	0.448081059024295	0.592443852028073
-0.770985	0.444658	0.643967	0.023916	-0.00305269	-0.0129863	0.00559699999999996	0.059921	0.000102999999999964	-0.000402599999999999	0	-0.000154000000000001	0.0934509999999999	-0.0082504761	-0.0486805757	0.0238989001	0.0409982483	-0.0370778316	-0.029079539	0.046425481	0.0141560177	-0.0509759483	0.0022302563	0.05025903	-0.0183860761	-0.0443488058	0.032642048	0.033855984	-0.0435250908	-0.0198647963	0.0499106512	0.0038209632	-0.051138904	0.0126176931	0.0470829328	0.0478855745	0.0008183945	-0.0041604815	0.0362725198	-0.0579079925	-0.0103299469	0.0090263898	-0.0310663614	-0.0313516833	-0.0336336742	0	-0.639419193105599	-0.35769796004641	0.448081059024295	0.592443852028073
-0.783489	0.406594	0.68247	0.0242368	-0.00252388	-0.0128323	-0.012504	-0.038064	0.0385030000000001	0.0003208	0.00052881	0.000154000000000001	0.1392515	-0.0084601148	-0.0485440863	0.0244611644	0.0404812235	-0.0378045419	-0.0280201309	0.0470405074	0.0125146893	-0.0511655859	0.0043504562	0.0497315932	-0.0207429306	-0.0428943306	0.0348817138	0.0313966575	-0.0452306464	-0.0164877804	0.0506653309	-0.0002124716	-0.0505952962	0.0168896389	0.0450281516	0.01932383	0.0110995805	-0.0296007229	-0.0060059859	0.0531906333	-0.002275022	0.0092415991	0.0706767306	0.0151842655	0.0141467099	0	-0.290237743433857	-0.356542948685049	0.448081059024295	0.592443852028073
-0.788417	0.387802	0.628479	0.0237967	-0.00295468	-0.0128323	-0.00492800000000004	-0.018792	-0.053991	-0.000440099999999999	-0.0004308	0	0.121256	-0.0086696085	-0.0484042702	0.0250196571	0.0399531023	-0.0385150608	-0.026943442	0.0476160468	0.0108596403	-0.0512842283	0.0064632038	0.0491010801	-0.0230486216	-0.0413156908	0.037004282	0.028816343	-0.0467378986	-0.0130291632	0.051138904	-0.004244593	-0.0497051606	0.0210340579	0.0426002529	0.0484710808	0.0002931424	0.0530724243	0.0263376958	-0.0315153164	-0.0052148388	0.0001054699	0.0117344591	0.0067992106	-0.0672984822	0	0.524474077987909	-0.175750665008017	0.448081059024295	0.592443852028073
-0.78102	0.456465	0.65646	0.0239192	-0.00280223	-0.0132897	0.0073970000000001	0.068663	0.027981	0.000122500000000001	0.00015245	-0.000457400000000004	0.1406585	-0.0088789537	-0.048261137	0.025574292	0.0394140296	-0.039209084	-0.0258501361	0.0481516161	0.0091926851	-0.0513317109	0.00856488	0.0483687975	-0.0252974622	-0.039617456	0.0390026269	0.0261249837	-0.0480402391	-0.0095060622	0.0513287428	-0.0082504761	-0.0484745935	0.0250196571	0.0398193552	0.0302920511	0.0029011918	-0.0570163566	0.0047060751	0.0344587211	-0.0179231843	0.0096958583	-0.005366815	-0.0571725028	0.0086167057	0	-0.870319585017298	-0.260790027936801	0.448081059024295	0.592443852028073
-0.811358	0.382855	0.599025	0.0247125	-0.00305269	-0.0134471	-0.0303380000000001	-0.07361	-0.057435	0.000793299999999997	-0.00025046	-0.000157399999999999	0.221441	-0.0090881467	-0.0481146965	0.0261249837	0.0388641531	-0.0398863142	-0.0247408876	0.0486467657	0.0075156513	-0.0513079677	0.0106518847	0.0475362631	-0.0274839053	-0.0378045419	0.0408700402	0.0233329509	-0.0491319582	-0.0059359137	0.0512337941	-0.0122053583	-0.0469120231	0.028816343	0.0367085017	0.0428071511	-0.0034991274	0.0283196804	0.0344892491	-0.0458958505	-0.0127519259	0.0003552987	0.0778879838	-0.012561167	-0.0578409594	0	-0.304818131733479	-0.448390239388283	0.448081059024295	0.592443852028073
-0.813563	0.458928	0.685513	0.0236917	-0.00223894	-0.0134792	-0.00220500000000001	0.0760729999999999	0.086488	-0.0010208	0.00081375	-3.21000000000002e-05	0.2580985	-0.0092971841	-0.0479649587	0.0266716472	0.0383036235	-0.0405464614	-0.0236163807	0.0491010801	0.0058303776	-0.0512130319	0.0127206428	0.0466052026	-0.0296025581	-0.0358821964	0.0426002529	0.0204510037	-0.0500082695	-0.0023363873	0.0508545847	-0.016084792	-0.0450281516	0.0323954483	0.03329347	0.0159283503	0.0098816042	-0.0650501629	0.0008457483	0.0106707674	0.0188823431	0.0165700888	-0.0268611623	-0.0177977023	0.0007210178	0	1.2609270148343	0.367512031702886	0.448081059024295	0.592443852028073
-0.842419	0.362113	0.636315	0.0245804	-0.00227433	-0.0136697	-0.028856	-0.0968149999999999	-0.0491980000000001	0.000888699999999999	-3.53900000000002e-05	-0.000190500000000005	0.2305985	-0.0095060622	-0.047811934	0.0272141981	0.0377325944	-0.0411892428	-0.0224773087	0.0495141777	0.0041387117	-0.051047035	0.0147676106	0.0455775458	-0.0316481948	-0.033855984	0.0441874568	0.0174902479	-0.0506653309	0.0012747024	0.0501932186	-0.0198647963	-0.0428358815	0.0357299485	0.0296025581	0.0208865294	0.0132878741	0.058946938	0.0186357508	0.0070102371	0.0126274756	0.0353207457	0.0783263958	0.0353086525	0.0038456053	0	1.1530768128179	1.00552594721819	0.448081059024295	0.592443852028073
-0.817349	0.443827	0.64228	0.023778	-0.00229109	-0.0134411	0.02507	0.081714	0.00596500000000011	-0.000802399999999998	-1.67599999999998e-05	0.000228600000000004	0.165137	-0.0097147774	-0.0476556328	0.027752553	0.0371512224	-0.0418143832	-0.0213243743	0.0498857119	0.0024425082	-0.0508102074	0.0167892817	0.0444554224	-0.0336157698	-0.0317317699	0.0456263236	0.0144620929	-0.0511002618	0.0048794834	0.0492533652	-0.0235220047	-0.0403502279	0.0387946664	0.0256663501	0.0280225346	0.0067404431	-0.0250471672	0.0156078831	0.0257414514	0.0066880765	0.0075227456	-0.0251711493	0.0050649259	-0.0565448426	0	1.21856363639864	0.71839992732299	0.448081059024295	0.592443852028073
-0.820696	0.357148	0.655266	0.0237623	-0.00334339	-0.0133844	-0.00334699999999988	-0.086679	0.0129859999999999	-1.57000000000004e-05	-0.0010523	5.67000000000015e-05	0.159247	-0.0099233262	-0.0474960658	0.0282866287	0.0365596669	-0.0424216147	-0.0201582885	0.0502153708	0.0007436268	-0.0505028777	0.018782193	0.0432411585	-0.0355004298	-0.0295157031	0.0469120231	0.0113782077	-0.0513111553	0.0084601148	0.0480402391	-0.0270338099	-0.0375882149	0.0415664612	0.0215174627	0.018173121	0.0003662767	0.0234537948	0.0163396888	-0.0174253736	-0.0171920717	0.0087943381	0.0801814577	-0.0034556951	0.0257157002	0	1.2219360204274	-0.437244051990654	0.448081059024295	0.592443852028073
-0.794263	0.438675	0.644975	0.0229625	-0.00311425	-0.0129671	0.0264329999999998	0.081527	-0.0102910000000001	-0.0007998	0.00022914	0.000417300000000001	0.190563	-0.0101317049	-0.047333244	0.028816343	0.03595809	-0.0430106775	-0.0189797704	0.0505028777	-0.0009560698	-0.0501254723	0.0207429306	0.0419372706	-0.0372975264	-0.0272141981	0.0480402391	0.0082504761	-0.0512970867	0.0119988754	0.0465605712	-0.0303785035	-0.0345687596	0.0440244045	0.0171902747	0.0316968901	-0.0031677494	-0.057579565	0.0064122782	-0.0122268482	-0.0073104082	-0.0157074169	-0.0402234577	0.0150101069	-0.0706420114	0	0.951435351894247	-0.473616090016011	-2.22840312389761	0.592443852028073
-0.786621	0.375758	0.671622	0.0228771	-0.00353338	-0.0129671	0.00764200000000004	-0.062917	0.0266470000000001	-8.54000000000028e-05	-0.00041913	0	0.1224325	-0.0103399101	-0.0471671784	0.0293416141	0.0353466565	-0.043581319	-0.0177895469	0.0507479912	-0.0026547183	-0.049678515	0.0226681358	0.0405464614	-0.0390026269	-0.0248339173	0.0490071843	0.0050909511	-0.0510581178	0.0154782512	0.044822571	-0.0335354099	-0.0313125424	0.0461499372	0.0127206428	0.0142665049	0.0093498021	0.027147403	0.0108188268	0.0294276064	0.0006276266	0.0455994483	0.0255186341	-0.0339096333	0.0551897917	0	0.784660727961804	-0.279968074965322	-2.22840312389761	0.592443852028073
-0.792339	0.37558	0.659731	0.0228771	-0.00329896	-0.0129671	-0.005718	-0.000177999999999956	-0.011891	0	0.00023442	0	0.0295080000000001	-0.0105479382	-0.0469978805	0.029862361	0.0347255342	-0.044133295	-0.016588352	0.0509505055	-0.0043504562	-0.0491626259	0.0245545108	0.0390716134	-0.0406115256	-0.0223817506	0.0498096126	0.001911808	-0.0505952962	0.0188810221	0.0428358815	-0.0364850145	-0.027841865	0.0479270103	0.0081456036	0.0198510688	9.9348e-06	-0.0061790932	0.005771755	-0.0053862547	0.0064345874	-0.0122715529	-0.0144230909	0.049519955	-0.0600469558	0	1.16800603958453	0.031291928998966	-2.22840312389761	0.592443852028073
-0.811264	0.449626	0.727714	0.0231554	-0.00347267	-0.0135223	-0.018925	0.074046	0.0679829999999998	0.000278300000000002	-0.00017371	-0.0005552	0.2113145	-0.0107557855	-0.046825362	0.0303785035	0.0340948932	-0.044666369	-0.0153769266	0.0511102507	-0.0060414244	-0.0485785209	0.0263988242	0.0375157835	-0.042120254	-0.0198647963	0.0504448302	-0.0012747024	-0.0499106512	0.0221903471	0.0406115256	-0.039209084	-0.0241804983	0.0493422058	0.0035030673	-0.0209299783	0.0040312642	0.0056342233	-0.0243931838	0.0363266916	0.0187847991	0.0215420485	-0.0221898067	-0.0380711456	0.0400647712	0	0.889202402071699	-0.14421549630303	-2.22840312389761	0.592443852028073
-0.802227	0.407469	0.744148	0.0228563	-0.00388577	-0.0135223	0.00903699999999996	-0.042157	0.0164340000000001	-0.0002991	-0.0004131	0	0.103238	-0.0109634486	-0.0466496345	0.030889962	0.0334549064	-0.0451803128	-0.0141560177	0.0512270927	-0.007725769	-0.0479270103	0.0281979168	0.0358821964	-0.0435250908	-0.01729034	0.0509107048	-0.0044563007	-0.0490071843	0.0253898477	0.0381618445	-0.0416907793	-0.020353519	0.0503848382	-0.0011684964	-0.0261230626	0.0090431373	0.0478464054	-0.0137220311	-0.037527281	0.0206731477	-0.0053202065	0.0253884846	0.0459437879	0.0271838835	0	0.989194397182653	-0.063258863034198	-2.22840312389761	0.592443852028073
-0.820825	0.461269	0.749752	0.0229657	-0.00379574	-0.0139568	-0.018598	0.0538	0.00560399999999994	0.000109400000000003	9.00300000000001e-05	-0.000434499999999999	0.1096985	-0.0111709238	-0.0464707102	0.0313966575	0.0328057493	-0.0456749061	-0.0129263783	0.0513009334	-0.0094016433	-0.0472089983	0.0299487067	0.034174238	-0.044822571	-0.014665834	0.0512056724	-0.0076207265	-0.0478888566	0.0284636888	0.0355004298	-0.0439147598	-0.0163871381	0.051047035	-0.0058303776	-0.0374668367	0.0069267769	0.033077181	-0.0459407693	0.0454103357	0.0192166517	-0.0189180309	-0.0301818322	0.0055258704	0.0196610884	0	0.756420706452931	0.311206166240593	0.448081059024295	0.592443852028073
-0.80564	0.394685	0.784455	0.0224473	-0.00428612	-0.0135458	0.0151850000000001	-0.066584	0.0347030000000002	-0.000518400000000002	-0.00049038	0.000410999999999998	0.187461	-0.0113782077	-0.0462886013	0.0318985121	0.0321475998	-0.0461499372	-0.0116887668	0.0513317109	-0.0110672099	-0.046425481	0.0316481948	0.0323954483	-0.0460094942	-0.0119988754	0.0513287428	-0.0107557855	-0.0465605712	0.0313966575	0.032642048	-0.0458672776	-0.0123085215	0.0513237961	-0.0104439465	-0.046174325	0.0032585434	0.0373631966	-0.0263449443	-0.0820736133	-0.0003540849	-0.0223131361	-0.0035979308	-0.0135194955	0.0254323818	0	1.17861229052862	0.683045337234111	0.448081059024295	0.592443852028073
-0.806262	0.41089	0.743947	0.0219767	-0.0043749	-0.0135178	-0.000622000000000122	0.016205	-0.040508	-0.000470600000000002	-8.87799999999992e-05	2.7999999999995e-05	0.0867040000000001	-0.0115852966	-0.0461033203	0.0323954483	0.0314806383	-0.0466052026	-0.0104439465	0.0513193992	-0.0127206428	-0.0455775458	0.03329347	0.030549514	-0.0470829328	-0.0092971841	0.0512795028	-0.0138493968	-0.0450281516	0.034174238	0.0296025581	-0.0475362631	-0.0081456036	0.0512130319	-0.0149709736	-0.0260945515	-0.008925806	-0.0630183095	-0.0428388993	0.0333145292	0.0058554767	-0.0553215335	-0.035553912	0.0502653017	-0.0263166967	0	0.776922983260797	0.526578191901416	0.448081059024295	0.592443852028073
-0.824283	0.420807	0.793984	0.0217736	-0.00440022	-0.0139568	-0.018021	0.00991700000000001	0.050037	-0.000203099999999998	-2.53200000000006e-05	-0.000438999999999993	0.111346	-0.011792187	-0.0459148799	0.0328873894	0.0308050475	-0.0470405074	-0.0091926851	0.0512640087	-0.0143601292	-0.044666369	0.0348817138	0.0286402612	-0.0480402391	-0.0065685806	0.0510581178	-0.0168896389	-0.0432983163	0.0367826834	0.0263988242	-0.0489113994	-0.0039268963	0.0507155786	-0.0193739464	-0.0532499612	-0.0035510554	0.0397307146	-0.0365800858	-0.0212496029	0.0215299133	-0.0119293876	-0.0469141534	-0.0207420828	0.0131648031	0	0.576388826535769	0.702830323535627	0.448081059024295	0.592443852028073
-0.829702	0.353095	0.73439	0.0218755	-0.00439118	-0.0139568	-0.00541900000000006	-0.067712	-0.059594	0.000101899999999999	9.04000000000009e-06	0	0.138272	-0.0119988754	-0.0457232929	0.0333742597	0.0301210128	-0.0474556651	-0.0079357543	0.0511655859	-0.0159838716	-0.0436932151	0.0364102058	0.0266716472	-0.048879052	-0.0038209632	0.0506653309	-0.0198647963	-0.0413786495	0.039209084	0.0230486216	-0.0499841859	0.0003187063	0.0498351925	-0.0236163807	-0.0291984917	-0.0102924944	-0.0194768896	-0.0309298909	0.0274221269	0.0001681472	-0.0556814839	0.0144619106	0.0587439848	-0.0147908513	0	1.1803230211402	1.67913757924955	-2.22840312389761	0.592443852028073
-0.824993	0.407544	0.756531	0.0213209	-0.00467443	-0.0139568	0.00470900000000019	0.054449	0.0221410000000001	-0.000554599999999999	-0.000283250000000001	0	0.1231915	-0.0122053583	-0.0455285727	0.033855984	0.0294287216	-0.0478504978	-0.0066739292	0.0510242134	-0.0175900897	-0.0426594344	0.0378763275	0.024647752	-0.0495973023	-0.0010622854	0.0501024608	-0.0227634039	-0.0392775675	0.041441431	0.0195705382	-0.0507479912	0.0045621261	0.0485785209	-0.0276631221	-0.0384546073	-0.0171876813	0.0306874674	-0.0281595513	-0.0326096554	-0.0038416069	-0.0457154429	-0.0560244079	-0.0453642781	-0.0020425038	0	0.91506413158609	2.3195711415033	0.448081059024295	0.592443852028073
-0.825788	0.333579	0.711836	0.0215437	-0.00530171	-0.0139568	-0.00079499999999999	-0.073965	-0.0446950000000002	0.000222800000000002	-0.00062728	0	0.161959	-0.012411632	-0.0453307324	0.0343324881	0.0287283636	-0.0482248365	-0.0054079881	0.05084001	-0.0191770227	-0.0415664612	0.0392775675	0.0225727706	-0.0501932186	0.0016994674	0.0493713969	-0.025574292	-0.037004282	0.0434686762	0.0159838716	-0.0511980936	0.0087742999	0.0469550524	-0.0314806383	-0.0231385736	-0.016890055	-0.020627163	-0.0352838701	-0.0075706858	-0.0237307137	-0.0663530987	0.0458628495	0.0435388832	0.0444010261	0	0.408581908434773	2.42730729572218	0.448081059024295	0.592443852028073
-0.80684	0.425396	0.699768	0.0213412	-0.00469947	-0.0134263	0.0189479999999999	0.091817	-0.0120679999999999	-0.000202500000000001	0.00060224	0.000530499999999998	0.189595	-0.0126176931	-0.0451297856	0.0348036986	0.0280201309	-0.0485785209	-0.0041387117	0.0506131302	-0.0207429306	-0.0404158122	0.0406115256	0.0204510037	-0.0506653309	0.0044563007	0.0484745935	-0.0282866287	-0.0345687596	0.0452807864	0.0123085215	-0.0513317109	0.0129263783	0.0449770452	-0.0350372959	-0.0210220144	-0.0193174469	0.0353824847	-0.0240277743	-0.0226843237	-0.0079679564	-0.0425590492	-0.0782289451	-0.0272418463	-0.0407233583	0	1.01068044866006	2.4578458066485	0.448081059024295	0.592443852028073
-0.818945	0.379559	0.718728	0.0223083	-0.00489001	-0.0136371	-0.012105	-0.045837	0.0189599999999999	0.000967099999999998	-0.00019054	-0.000210800000000001	0.145324	-0.012823538	-0.0449257461	0.0352695426	0.0273042176	-0.0489113994	-0.0028668829	0.0503437644	-0.0222860966	-0.039209084	0.0418759166	0.018286849	-0.0510124748	0.0072002346	0.047415061	-0.030889962	-0.0319816784	0.0468687929	0.00856488	-0.051148017	0.0169899238	0.0426594344	-0.0383036235	-0.0449427622	-0.0086280168	-0.0364412703	-0.0123737256	-0.020770262	-0.0148888189	-0.0371024735	0.0247289445	0.0030920776	0.0593061819	0	-0.037801665154959	0.660344984288681	-2.22840312389761	0.592443852028073
-0.771021	0.386498	0.659893	0.0213231	-0.00530171	-0.0130931	0.0479240000000002	0.00693899999999997	-0.0588349999999999	-0.000985199999999999	-0.0004117	0.000543999999999999	0.210743	-0.0130291632	-0.044718628	0.0357299485	0.0265808199	-0.0492233296	-0.0015932859	0.0500321388	-0.0238048288	-0.0379479508	0.0430685747	0.016084792	-0.0512337941	0.0099233262	0.0461963565	-0.0333742597	-0.0292543809	0.0482248365	0.0047737179	-0.0506481476	0.020937105	0.0400197194	-0.0412525551	-0.0086355634	-0.0212373271	0.0422262035	-0.0199506418	-0.0180094847	-0.0129432844	-0.0505996791	-0.0590081665	-0.0050837232	-0.046092577	0	0.178037605030163	-0.516042254681272	-2.22840312389761	0.592443852028073
-0.740762	0.42691	0.588074	0.0248995	-0.00414834	-0.0130931	0.0302589999999998	0.040412	-0.0718190000000001	0.0035764	0.00115337	0	0.3789785	-0.0132345652	-0.0445084453	0.0361848453	0.0258501361	-0.0495141777	-0.0003187063	0.049678515	-0.0252974622	-0.0366341627	0.0441874568	0.0138493968	-0.0513287428	0.0126176931	0.044822571	-0.0357299485	-0.0263988242	0.0493422058	0.0009560698	-0.0498351925	0.0247408876	0.0370778316	-0.0438596552	-0.03134318	0.0010112312	-0.0455646552	0.0466470272	-0.0371163347	-0.0210666809	-0.0376973248	0.0083291136	-0.0192996593	0.0159491391	0	0.399197010396752	1.92542978624647	0.448081059024295	0.592443852028073
-0.73874	0.486543	0.582544	0.0248743	-0.00347873	-0.0130931	0.00202200000000008	0.059633	-0.00553000000000003	-2.5200000000003e-05	0.00066961	0	0.1019255	-0.0134397405	-0.0442952125	0.0366341627	0.0251123665	-0.0497838193	0.0009560698	0.0492831899	-0.0267623602	-0.0352695426	0.0452306464	0.0115852966	-0.0512970867	0.015275536	0.0432983163	-0.0379479508	-0.0234275279	0.0502153708	-0.0028668829	-0.0487141772	0.0283752196	0.033855984	-0.0461033203	-0.0391137301	-0.0069689966	-0.0426305533	0.0231829581	0.009410009	-0.0317463057	-0.0636995403	-0.0233425664	-0.0237042048	0.0144656648	0	0.338432751386131	1.06529827090788	0.448081059024295	0.592443852028073
-0.731465	0.442208	0.628634	0.0257994	-0.00398995	-0.0128305	0.00727500000000003	-0.044335	0.0460900000000001	0.000925100000000005	-0.00051122	0.000262600000000002	0.182646	-0.0136446855	-0.0440789442	0.0370778316	0.0243677133	-0.0500321388	0.0022302563	0.0488464951	-0.0281979168	-0.033855984	0.0461963565	0.0092971841	-0.051138904	0.0178891614	0.0416287094	-0.0400197194	-0.020353519	0.05084001	-0.0066739292	-0.0472920312	0.0318152092	0.0303785035	-0.0479649587	-0.0704286874	0.0066202271	-0.0237897627	0.0452837688	-0.0943778067	-0.0621973596	-0.0496213911	0.003502075	-0.1110539992	0.077000038	0	-0.424157695345447	0.071018667615091	0.448081059024295	0.592443852028073
-0.671318	0.45979	0.600679	0.0255298	-0.00434515	-0.011996	0.0601469999999998	0.017582	-0.0279550000000001	-0.000269600000000002	-0.0003552	0.0008345	0.178649	-0.0138493968	-0.0438596552	0.0375157835	0.0236163807	-0.05025903	0.0035030673	0.0483687975	-0.0296025581	-0.0323954483	0.0470829328	0.0069898018	-0.0508545847	0.0204510037	0.0398193552	-0.0419372706	-0.0171902747	0.0512130319	-0.0104439465	-0.0455775458	0.0350372959	0.0266716472	-0.0494291445	-0.0601355361	0.0060350426	-0.060425109	0.0303397145	-0.0649484502	-0.008001678	-0.0735330706	-0.0452226013	-0.0057876439	-0.0269697198	0	-0.106389553956784	0.229546181271254	0.448081059024295	0.592443852028073
-0.677464	0.503665	0.682489	0.0247696	-0.00365453	-0.0118974	-0.00614599999999998	0.0438749999999999	0.08181	-0.000760200000000003	0.00069062	9.86000000000008e-05	0.209302	-0.0140538708	-0.0436373605	0.0379479508	0.0228585745	-0.0504643955	0.0047737179	0.0478504978	-0.0309747441	-0.030889962	0.0478888566	0.004667932	-0.0504448302	0.0229536472	0.0378763275	-0.0436932151	-0.0139516636	0.0513325903	-0.0141560177	-0.043581319	0.0380194116	0.0227634039	-0.0504837447	-0.0881037715	0.0298003825	0.0088477767	0.0257497886	-0.0004049477	0.0400832145	0.0251479353	-0.0570035959	-0.0609769301	0.0742266209	0	-0.949681312228174	0.234528444210701	0.448081059024295	0.592443852028073
-0.666522	0.431507	0.701732	0.0243708	-0.00434515	-0.0116181	0.010942	-0.0721579999999999	0.019243	-0.000398799999999998	-0.00069062	0.0002793	0.170779	-0.014258104	-0.0434120755	0.038374267	0.0220945026	-0.0506481476	0.0060414244	0.0472920312	-0.0323129704	-0.0293416141	0.0486127474	0.0023363873	-0.0499106512	0.0253898477	0.0358061492	-0.0452807864	-0.0106518847	0.0511980936	-0.0177895469	-0.0413156908	0.0407411319	0.0186832834	-0.0511200208	-0.0973606657	0.0113945385	-0.0105315619	-0.0097468819	-0.0029052689	0.0180334039	-0.0870143238	-0.0164207843	0.0559870791	-0.0471989742	0	-0.077883511746453	0.186805133070391	0.448081059024295	0.592443852028073
-0.67649	0.505663	0.657814	0.0216956	-0.00336388	-0.0124897	-0.00996799999999987	0.074156	-0.043918	-0.0026752	0.00098127	-0.000871600000000002	0.3544455	-0.0144620929	-0.0431838154	0.0387946664	0.0213243743	-0.0508102074	0.0073054049	0.0466938665	-0.0336157698	-0.027752553	0.0492533652	0	-0.0492533652	0.027752553	0.0336157698	-0.0466938665	-0.0073054049	0.0508102074	-0.0213243743	-0.0387946664	0.0431838154	0.0144620929	-0.0513327002	-0.0452818121	-0.0031600055	-0.0124674885	0.0264362479	-0.0192402415	-0.0074964812	-0.0069262655	-0.0341707739	-0.0461450848	0.0953307165	0	-2.04378151478013	0.25104474402747	0.448081059024295	0.592443852028073
-0.708637	0.193931	0.245011	0.0212077	-0.00272689	-0.013309	-0.032147	-0.311732	-0.412803	-0.000487899999999999	0.00063699	-0.000819299999999999	0.8538915	-0.014665834	-0.042952596	0.039209084	0.0205484008	-0.0509505055	0.00856488	0.0460565059	-0.0348817138	-0.0261249837	0.0498096126	-0.0023363873	-0.0484745935	0.0300349241	0.0313125424	-0.0479270103	-0.0039268963	0.0501708514	-0.0247408876	-0.0360338295	0.0453307324	0.0101317049	-0.0511200208	0.1773764408	-0.0139226685	-0.0789002906	-0.0791613148	-0.0402619316	-0.0928349106	0.0589311272	0.1442009372	-0.026220413	-0.0045852351	0	-1.90278552374883	0.240525755573746	0.448081059024295	0.592443852028073
-0.701453	0.316575	0.488141	0.0229937	-0.00373243	-0.0128229	0.00718399999999997	0.122644	0.24313	0.001786	-0.00100554	0.000486099999999995	0.53684	-0.0148693239	-0.0427184332	0.039617456	0.0197667948	-0.0510689819	0.0098190728	0.0453804842	-0.0361094147	-0.0244611644	0.0502805367	-0.004667932	-0.0475762569	0.0322303541	0.0289041989	-0.0489754657	-0.0005311711	0.0492831899	-0.0280201309	-0.0330502467	0.0471671784	0.0057248166	-0.0504837447	0.0067096177	-0.0062053421	-0.0603783745	0.0527466361	0.0323161355	0.0140170748	0.0332118922	-0.0088347868	-0.0234696189	-0.059705845	0	-1.6210595623877	0.589511649423417	0.448081059024295	0.592443852028073
-0.695643	0.370598	0.536355	0.022674	-0.00430075	-0.0123095	0.00580999999999998	0.054023	0.048214	-0.000319700000000003	-0.00056832	0.000513400000000006	0.178118	-0.0150725591	-0.0424813428	0.0400197194	0.0189797704	-0.0511655859	0.0110672099	0.044666369	-0.0372975264	-0.0227634039	0.0506653309	-0.0069898018	-0.0465605712	0.0343324881	0.0263988242	-0.0498351925	0.0028668829	0.0481516161	-0.03114391	-0.029862361	0.0486805757	0.0012747024	-0.0494291445	-0.0128588022	0.0111605463	0.0679942151	0.0592023336	0.0324274173	0.0765630124	0.076628063	0.0192900701	0.0458765258	-0.0401564533	0	-1.46699063369837	0.372423567378908	0.448081059024295	0.592443852028073
-0.703841	0.426439	0.549852	0.0226607	-0.00399234	-0.0127421	-0.00819799999999993	0.055841	0.013497	-1.33000000000008e-05	0.00030841	-0.000432600000000002	0.1152515	-0.015275536	-0.0422413413	0.0404158122	0.0181875435	-0.051240276	0.0123085215	0.0439147598	-0.0384447462	-0.0210340579	0.050963336	-0.0092971841	-0.0454300417	0.0363352411	0.0238048288	-0.0505028777	0.0062523676	0.0467817305	-0.0340948932	-0.0264898788	0.049860559	-0.0031850365	-0.0479649587	-0.021386435	0.0114549857	0.0158505437	0.0862691652	0.0575070034	0.0772158915	0.0808564245	-0.0480103262	-4.47461e-05	-0.0517664983	0	0.814739471174465	0.636850736294033	0.448081059024295	0.592443852028073
-0.71358	0.38608	0.540577	0.0218556	-0.00438048	-0.0128543	-0.00973900000000005	-0.040359	-0.00927499999999992	-0.0008051	-0.00038814	-0.0001122	0.124645	-0.0154782512	-0.041998445	0.0408056734	0.0173903312	-0.0512930202	0.013542242	0.0431262874	-0.0395498165	-0.0192755259	0.0511740416	-0.0115852966	-0.0441874568	0.0382328158	0.0211309207	-0.0509759483	0.0096104404	0.0451803128	-0.0368567075	-0.0229536472	0.0506990465	-0.0076207265	-0.0461033203	-0.0071794344	4.1987e-05	0.0307401126	0.0560365619	0.0465524087	0.0352884209	0.0465065174	0.0412800318	0.0465979884	0.031610977	0	-0.540970898836649	1.57639224709742	0.448081059024295	0.592443852028073
-0.68262	0.424578	0.540983	0.0208771	-0.00452591	-0.0122042	0.03096	0.0384979999999999	0.000405999999999906	-0.0009785	-0.00014543	0.000650100000000001	0.1585655	-0.0156807013	-0.0417526707	0.0411892428	0.016588352	-0.0513237961	0.0147676106	0.0423016137	-0.0406115256	-0.0174902479	0.0512970867	-0.0138493968	-0.0428358815	0.0400197194	0.0183860761	-0.0512525814	0.0129263783	0.0433552888	-0.0394140296	-0.0192755259	0.0511902955	-0.0119988754	-0.0438596552	0.0084827393	0.0094989286	0.0380197059	0.050984574	0.0283033254	0.0395858029	0.0748625958	0.0055722905	0.0142839561	-0.007842505	0	0.380246521014057	0.971952147182355	0.448081059024295	0.592443852028073
-0.628927	0.408371	0.538164	0.0220517	-0.00477798	-0.0113594	0.053693	-0.016207	-0.0028189999999999	0.0011746	-0.00025207	0.000844800000000001	0.1862925	-0.0158828827	-0.041504035	0.0415664612	0.0157818258	-0.0513325903	0.0159838716	0.041441431	-0.0416287094	-0.0156807013	0.0513322605	-0.016084792	-0.0413786495	0.0416907793	0.0155795096	-0.0513317109	0.0161856435	0.0413156908	-0.0417526707	-0.0154782512	0.0513309413	-0.0162864257	-0.0412525551	-0.0134115986	0.0064055813	-0.0122536503	0.0595434966	0.0428144816	0.0852004376	0.0819767262	-0.0066012083	0.0233656428	0.0119826086	0	1.17494293370421	1.05587524115503	0.448081059024295	0.592443852028073
-0.69646	0.396112	0.607334	0.0174605	-0.0041513	-0.0123766	-0.0675330000000001	-0.012259	0.06917	-0.0045912	0.00062668	-0.0010172	0.460716	-0.016084792	-0.0412525551	0.0419372706	0.0149709736	-0.0513193992	0.0171902747	0.0405464614	-0.0426002529	-0.0138493968	0.0512795028	-0.018286849	-0.0398193552	0.0432411585	0.0127206428	-0.0512130319	0.0193739464	0.0390716134	-0.0438596552	-0.0115852966	0.0511200208	-0.0204510037	-0.0383036235	0.029314232	-0.022289725	-0.0020442492	-0.066362974	0.0840784414	0.0215820119	0.0601110298	-0.064610925	0.0204538461	0.0781091559	0	0.545750157150646	0.314031274883272	0.448081059024295	-1.68540061352814
-0.66401	0.331826	0.572867	0.01977	-0.00483331	-0.0119567	0.0324500000000001	-0.064286	-0.034467	0.0023095	-0.00068201	0.000419899999999999	0.3017735	-0.0162864257	-0.0409982483	0.0423016137	0.0141560177	-0.0512842283	0.0183860761	0.039617456	-0.0435250908	-0.0119988754	0.051138904	-0.0204510037	-0.0381618445	0.044666369	0.0098190728	-0.0508970017	0.0224773087	0.0366341627	-0.0457232929	-0.0076207265	0.0505589784	-0.0244611644	-0.0350372959	0.0024455869	-0.001605436	0.0507944014	0.0156262852	-0.0054881515	-0.0077776182	0.0230962911	0.0021048465	0.0208595104	0.0263478977	0	0.61340557925889	0.569626775940332	0.448081059024295	-1.68540061352814
-0.686031	0.375164	0.592456	0.0190185	-0.00477798	-0.0122073	-0.0220210000000001	0.043338	0.0195890000000001	-0.000751499999999999	5.53300000000001e-05	-0.000250599999999998	0.1378195	-0.0164877804	-0.0407411319	0.0426594344	0.0133371814	-0.0512270927	0.0195705382	0.0386551947	-0.0444022092	-0.0101317049	0.0509107048	-0.0225727706	-0.0364102058	0.0459622855	0.0068845403	-0.0503848382	0.0254821244	0.0340154024	-0.047333244	-0.0036090482	0.0496516568	-0.0282866287	-0.0314806383	0.0059848987	-0.0069955884	-0.0358009082	-0.0101526015	0.0377364839	0.0028151241	0.0244077006	-0.0555740288	0.0118614698	-0.0314162778	0	0.436019685123841	0.331697748124623	0.448081059024295	0.592443852028073
-0.690277	0.250924	0.629586	0.0184133	-0.00457466	-0.0122073	-0.00424599999999997	-0.12424	0.0371299999999999	-0.000605200000000004	0.00020332	0	0.206042	-0.0166888526	-0.0404812235	0.0430106775	0.0125146893	-0.051148017	0.0207429306	0.0376604853	-0.0452306464	-0.0082504761	0.0505952962	-0.024647752	-0.0345687596	0.0471251565	0.0039268963	-0.049678515	0.0283752196	0.0312282931	-0.0486805757	0.0004249396	0.0484042702	-0.0318985121	-0.0276631221	-0.0101960328	-0.0076046311	0.0658671081	-0.017677743	0.0437316639	0.0005233224	-0.0153529403	0.0490658911	0.073568548	0.0246943697	0	0.732313765485998	0.025448535362374	0.448081059024295	0.592443852028073
-0.662618	0.334378	0.613199	0.0179473	-0.00402815	-0.0122073	0.027659	0.083454	-0.016387	-0.000465999999999998	0.00054651	0	0.1781255	-0.0168896389	-0.040218541	0.0433552888	0.0116887668	-0.051047035	0.0219025301	0.0366341627	-0.0460094942	-0.0063577993	0.0501932186	-0.0266716472	-0.032642048	0.0481516161	0.0009560698	-0.048780754	0.03114391	0.0282866287	-0.0497578128	0.0044563007	0.046825362	-0.0352695426	-0.0236163807	0.0053728833	-0.0089629351	0.063183107	-0.0448927177	0.0113459677	-0.0234577599	-0.0266403515	-0.0648601493	0.0278232029	-0.0459352917	0	-0.277314825835982	1.46111707373766	0.448081059024295	0.592443852028073
-0.663723	0.254039	0.570201	0.018971	-0.00477798	-0.0122073	-0.00110499999999991	-0.080339	-0.0429979999999999	0.0010237	-0.00074983	0	0.2131185	-0.0170901359	-0.0399531023	0.0436932151	0.0108596403	-0.0509241898	0.0230486216	0.0355770885	-0.0467378986	-0.0044563007	0.0497051606	-0.0286402612	-0.0306348232	0.049038693	-0.0020179662	-0.0476950147	0.0337760571	0.0252049683	-0.0505589784	0.0084601148	0.0449257461	-0.038374267	-0.0193739464	0.0102886016	-0.0200390932	-0.0283304658	-0.0350789389	-0.000872655	-0.0629494014	-0.0643273585	0.0610337954	0.0165120634	-0.019356799	0	0.751448573195385	0.489790617908834	0.448081059024295	0.592443852028073
-0.687212	0.356492	0.538147	0.0188135	-0.00448394	-0.0125096	-0.023489	0.102453	-0.032054	-0.000157500000000001	0.000294040000000001	-0.000302300000000002	0.195688	-0.01729034	-0.0396849258	0.0440244045	0.010027537	-0.0507795342	0.0241804983	0.0344901501	-0.047415061	-0.0025486187	0.0491319582	-0.030549514	-0.0285520362	0.0497838193	-0.0049852279	-0.046425481	0.0362601209	0.0219985635	-0.0510796273	0.012411632	0.0427184332	-0.0411892428	-0.0149709736	0.0226920742	-0.0249588976	-0.027868733	-0.0421804073	-0.0409523925	-0.0392747709	-0.0355991626	-0.0338970102	-0.0162748085	-0.0221821143	0	0.792885340739063	1.31667490302343	0.448081059024295	0.592443852028073
-0.69088	0.312709	0.561199	0.0192542	-0.00424216	-0.0122073	-0.00366800000000012	-0.043783	0.023052	0.000440699999999999	0.00024178	0.000302300000000002	0.119742	-0.0174902479	-0.0394140296	0.0443488058	0.0091926851	-0.0506131302	0.0252974622	0.0333742597	-0.0480402391	-0.0006374004	0.0484745935	-0.0323954483	-0.0263988242	0.0503848382	-0.0079357543	-0.0449770452	0.0385852104	0.0186832834	-0.051316871	0.0162864257	0.040218541	-0.0436932151	-0.0104439465	0.0020104534	-0.0174763094	-0.0097175894	0.0001865269	-0.0137172878	-0.0142667298	-0.003929991	0.0209195753	0.0087566242	-0.0202647649	0	0.233812721073815	1.21938892182295	0.448081059024295	0.592443852028073
-0.709436	0.403098	0.540279	0.0194974	-0.00424216	-0.0126816	-0.0185559999999999	0.090389	-0.02092	0.000243200000000002	0	-0.0004743	0.16574	-0.0176898562	-0.0391404325	0.044666369	0.0083553134	-0.0504250488	0.0263988242	0.0322303541	-0.0486127474	0.0012747024	0.0477341923	-0.034174238	-0.0241804983	0.05084001	-0.0108596403	-0.0433552888	0.0407411319	0.015275536	-0.051269393	0.0200605435	0.0374431914	-0.0458672776	-0.0058303776	0.0064562498	-0.0130923475	-0.0297102534	-0.0025107534	0.0027644193	0.0053376518	-0.0056211256	-0.0195453127	0.01201948	-0.0018821021	0	0.342933353190674	0.440200101825951	0.448081059024295	0.592443852028073
-0.707397	0.351662	0.587622	0.0194046	-0.00424216	-0.0124065	0.0020389999999999	-0.051436	0.047343	-9.2800000000004e-05	0	0.0002751	0.119213	-0.0178891614	-0.0388641531	0.0449770452	0.0075156513	-0.0502153708	0.0274839053	0.0310593936	-0.0491319582	0.0031850365	0.0469120231	-0.0358821964	-0.0219025301	0.051148017	-0.0137470706	-0.0415664612	0.0427184332	0.011792187	-0.0509374568	0.0237106555	0.0344113928	-0.0476950147	-0.0011684964	-0.018805644	0.0019138909	0.0443217436	0.0173001137	0.009466126	0.0118551729	0.0152678319	0.0255411436	0.0092117271	0.0568521099	0	0.219544084497704	1.1880111352222	0.448081059024295	0.592443852028073
-0.707579	0.391785	0.542673	0.018216	-0.00354238	-0.0126473	-0.000181999999999904	0.040123	-0.044949	-0.0011886	0.00069978	-0.000240800000000001	0.191713	-0.0180881602	-0.0385852104	0.0452807864	0.0066739292	-0.0499841859	0.0285520362	0.029862361	-0.0495973023	0.0050909511	0.0460094942	-0.0375157835	-0.0195705382	0.0513079677	-0.016588352	-0.039617456	0.0445084453	0.0082504761	-0.050322904	0.0272141981	0.03114391	-0.0491626259	0.0035030673	0.027701884	-0.0140423452	-0.0409818523	-0.037168027	-0.0073113449	0.018622169	0.0058004319	-0.0154972984	0.0329488114	-0.0238070881	0	0.881152069104095	1.79680157663205	0.448081059024295	0.592443852028073
-0.718282	0.356436	0.580784	0.0183335	-0.00347228	-0.0126185	-0.010703	-0.035349	0.038111	0.0001175	7.01e-05	2.88000000000007e-05	0.094983	-0.018286849	-0.0383036235	0.0455775458	0.0058303776	-0.0497315932	0.0296025581	0.0286402612	-0.0500082695	0.0069898018	0.0450281516	-0.0390716134	-0.0171902747	0.0513193992	-0.0193739464	-0.0375157835	0.0461033203	0.004667932	-0.0494291445	0.030549514	0.0276631221	-0.05025903	0.0081456036	0.0011193041	0.0008266954	0.0282813463	-0.0016936501	0.0457469568	0.0222389391	0.0609116636	-0.0050114199	0.0054056472	0.1086619161	0	-2.1262066627732	1.68327190103049	-2.22840312389761	-1.68540061352814
-0.67401	0.345167	0.513134	0.0187943	-0.00424216	-0.0121889	0.044272	-0.011269	-0.06765	0.000460800000000001	-0.00076988	0.0004296	0.206205	-0.0184852245	-0.0380194116	0.0458672776	0.0049852279	-0.0494577007	0.0306348232	0.0273941201	-0.0503644092	0.0088789537	0.0439696763	-0.0405464614	-0.0147676106	0.0511822782	-0.0220945026	-0.0352695426	0.0474960658	0.0010622854	-0.048261137	0.0336959856	0.0239928691	-0.0509759483	0.0127206428	0.0227480221	-0.0074405053	0.0507690126	-0.0363262498	0.0043866336	0.0015788326	-0.0077656176	0.0013060622	0.0362845653	-0.0574767947	0	-0.26733988607439	0.05053113377414	-2.22840312389761	-1.68540061352814
-0.692475	0.33281	0.535672	0.0175943	-0.00313483	-0.0122553	-0.018465	-0.012357	0.0225380000000001	-0.0012	0.00110733	-6.64000000000012e-05	0.1720465	-0.0186832834	-0.0377325944	0.0461499372	0.0041387117	-0.0491626259	0.0316481948	0.0261249837	-0.0506653309	0.0107557855	0.0428358815	-0.0419372706	-0.0123085215	0.0508970017	-0.0247408876	-0.0328873894	0.0486805757	-0.0025486187	-0.046825362	0.0366341627	0.0201582885	-0.0513079677	0.0171902747	0.0407569703	-0.0075146728	-0.0057194846	-0.046044301	-0.0249591987	-0.0178663387	0.0288374144	-0.0247965612	-0.0304073908	0.0315639045	0	-0.432593953523552	-0.362120328432681	-2.22840312389761	-1.68540061352814
-0.638099	0.336669	0.467355	0.0214647	-0.00401851	-0.01106	0.054376	0.003859	-0.068317	0.00387040000000001	-0.00088368	0.0011953	0.424021	-0.0188810221	-0.0374431914	0.046425481	0.003291061	-0.0488464951	0.032642048	0.0248339173	-0.0509107048	0.0126176931	0.0416287094	-0.0432411585	-0.0098190728	0.0504643955	-0.0273042176	-0.0303785035	0.0496516568	-0.0061469092	-0.0451297856	0.0393458828	0.0161856435	-0.0512525814	0.0215174627	-0.0041080489	0.0195723688	0.0290847528	0.0482937023	0.0051390514	-0.0031681724	-0.00041482	0.0204822672	0.0134405673	-0.0617598727	0	-0.095718052651961	-1.08218644032232	-2.22840312389761	-1.68540061352814
-0.638197	0.399637	0.494348	0.0220041	-0.00438795	-0.0118863	-9.80000000000425e-05	0.062968	0.0269929999999999	0.000539399999999995	-0.00036944	-0.000826300000000002	0.176816	-0.0190784374	-0.0371512224	0.0466938665	0.0024425082	-0.0485094437	0.0336157698	0.0235220047	-0.0511002618	0.0144620929	0.0403502279	-0.0444554224	-0.0073054049	0.0498857119	-0.0297758875	-0.027752553	0.0504050515	-0.0097147774	-0.0431838154	0.0418143832	0.0121021428	-0.0508102074	0.0256663501	-0.0267442565	0.0165477838	-0.0374452391	0.0876342747	0.0279518217	0.0181236558	0.0310265029	-0.0056563587	-0.0531455483	0.0001047667	0	0.75952456015097	-1.25308934437868	-2.22840312389761	-1.68540061352814
-0.673074	0.278344	0.468835	0.0197066	-0.00422736	-0.0119245	-0.0348769999999999	-0.121293	-0.0255129999999999	-0.0022975	0.00016059	-3.82000000000004e-05	0.3064975	-0.0192755259	-0.0368567075	0.0469550524	0.0015932859	-0.0481516161	0.0345687596	0.0221903471	-0.0512337941	0.0162864257	0.0390026269	-0.0455775458	-0.0047737179	0.0491626259	-0.0321475998	-0.0250196571	0.0509374568	-0.0132345652	-0.0409982483	0.0440244045	0.0079357543	-0.0499841859	0.0296025581	0.026958999	0.0023722274	0.0293015036	-0.0066710841	-0.0285333489	-0.0363345437	-0.0056923893	0.0580829584	-0.0019329207	0.0375537297	0	-0.401149414298583	-0.801619409765078	-2.22840312389761	-1.68540061352814
-0.670673	0.363028	0.493648	0.0189497	-0.00316908	-0.0119605	0.00240099999999999	0.084684	0.0248129999999999	-0.000756899999999998	0.00105828	-3.59999999999996e-05	0.204457	-0.019472284	-0.0365596669	0.0472089983	0.0007436268	-0.0477731655	0.0355004298	0.0208400624	-0.0513111553	0.0180881602	0.0375882149	-0.0466052026	-0.0022302563	0.0482972307	-0.0344113928	-0.0221903471	0.0512465384	-0.0166888526	-0.0385852104	0.0459622855	0.0037150137	-0.048780754	0.03329347	0.0331423059	2.99953e-05	-0.073099821	-0.0043415846	-0.0282351116	-0.0134310515	-0.009582628	-0.0365401776	-0.0296855873	-0.0593557312	0	0.403582169255378	-0.650509071876863	-2.22840312389761	-1.68540061352814
-0.639544	0.261273	0.52044	0.0182052	-0.00396862	-0.0111686	0.031129	-0.101755	0.026792	-0.000744499999999999	-0.00079954	0.0007919	0.276473	-0.0196687086	-0.0362601209	0.0474556651	-0.000106236	-0.047374254	0.0364102058	0.019472284	-0.0513322605	0.0198647963	0.0361094147	-0.0475362631	0.0003187063	0.0472920312	-0.0365596669	-0.0192755259	0.0513309413	-0.0200605435	-0.03595809	0.0476160468	-0.0005311711	-0.0472089983	0.0367085017	0.0311834273	0.0079286494	0.0302449721	-0.0389991323	0.0227827998	0.004660013	0.0218432086	0.0520647004	0.0253345322	0.0242082885	0	0.690898190367174	-0.645604397510644	-2.22840312389761	0.592443852028073
-0.67547	0.307195	0.54762	0.0162484	-0.00441997	-0.0119278	-0.035926	0.045922	0.02718	-0.0019568	-0.00045135	-0.000759199999999998	0.2673955	-0.0198647963	-0.03595809	0.0476950147	-0.0009560698	-0.0469550524	0.0372975264	0.0180881602	-0.0512970867	0.0216138688	0.0345687596	-0.0483687975	0.0028668829	0.0461499372	-0.0385852104	-0.0162864257	0.0511902955	-0.0233329509	-0.0331314631	0.0489754657	-0.0047737179	-0.0452807864	0.0398193552	0.0516867464	-0.0103842031	0.0622971581	-0.1131161851	-0.0230798945	-0.0294715432	-0.0241650373	-0.0057693678	0.0401804982	-0.0018844411	0	0.624787863339411	-0.79781269023504	-2.22840312389761	0.592443852028073
-0.687815	0.328634	0.54525	0.0173564	-0.0045023	-0.0118947	-0.0123449999999999	0.021439	-0.00236999999999998	0.001108	-8.23300000000011e-05	3.30999999999977e-05	0.0973255	-0.0200605435	-0.0356535949	0.0479270103	-0.0018056415	-0.0465157403	0.0381618445	0.0166888526	-0.0512056724	0.0233329509	0.0329688886	-0.0491010801	0.0054079881	0.0448742547	-0.0404812235	-0.0132345652	0.0508252175	-0.0264898788	-0.0301210128	0.0500321388	-0.0089835694	-0.0430106775	0.0426002529	0.0333067994	-0.0143648653	-0.0604343532	-0.0828257576	-0.0036128236	-0.0444828928	-0.0521410837	0.0269354527	0.0131771131	0.0010571448	0	0.611393971983923	-1.00050688700118	0.448081059024295	0.592443852028073
-0.705475	0.378745	0.528314	0.0173819	-0.0039707	-0.0123939	-0.01766	0.050111	-0.016936	2.54999999999943e-05	0.000531600000000001	-0.000499199999999998	0.137522	-0.0202559471	-0.0353466565	0.0481516161	-0.0026547183	-0.0460565059	0.0390026269	0.015275536	-0.0510581178	0.0250196571	0.0313125424	-0.0497315932	0.0079357543	0.0434686762	-0.0422413413	-0.0101317049	0.050237308	-0.0295157031	-0.026943442	0.0507795342	-0.0131318924	-0.0404158122	0.0450281516	0.0421686784	-0.0183127501	-0.0250095989	-0.0736023327	-0.0414445192	-0.000851659	0.0087347256	-0.0223607196	-0.0131142301	-0.0270569239	0	0.276093560591617	-1.07748275564008	0.448081059024295	0.592443852028073
-0.719874	0.314054	0.573488	0.0179257	-0.00439618	-0.0128508	-0.0143990000000001	-0.064691	0.0451739999999999	0.000543800000000004	-0.000425480000000001	-0.000456899999999998	0.195573	-0.0204510037	-0.0350372959	0.0483687975	-0.0035030673	-0.0455775458	0.0398193552	0.0138493968	-0.0508545847	0.0266716472	0.0296025581	-0.05025903	0.0104439465	0.0419372706	-0.0438596552	-0.0069898018	0.0494291445	-0.0323954483	-0.0236163807	0.0512130319	-0.0171902747	-0.0375157835	0.0470829328	0.0069310369	0.0049209402	0.0043444936	-0.0240111636	0.032774856	0.0290275963	0.0299904286	0.0410207828	0.0338128955	0.0470393851	0	-1.46499352650357	-1.05705759486663	0.448081059024295	0.592443852028073
-0.738399	0.343021	0.5538	0.0173404	-0.00378553	-0.0128434	-0.018525	0.028967	-0.019688	-0.000585300000000004	0.00061065	7.39999999999769e-06	0.1273475	-0.0206457099	-0.0347255342	0.0485785209	-0.0043504562	-0.0450790651	0.0406115256	0.012411632	-0.0505952962	0.0282866287	0.027841865	-0.0506822973	0.0129263783	0.0402844707	-0.0453307324	-0.0038209632	0.0484042702	-0.035114862	-0.0201582885	0.051329952	-0.0211309207	-0.0343324881	0.04874757	0.0282111618	-0.00617459	0.053428814	-0.0681836793	0.0143445379	0.0091732945	0.0028347685	-0.0167519935	0.0536624507	0.012299973	0	1.05605593990195	-1.05341712137112	0.448081059024295	0.592443852028073
-0.7264	0.321077	0.4997	0.020173	-0.00355462	-0.0124368	0.011999	-0.021944	-0.0541	0.0028326	0.00023091	0.0004066	0.2615485	-0.0208400624	-0.0344113928	0.048780754	-0.0051966525	-0.0445612775	0.0413786495	0.0109634486	-0.0502805367	0.029862361	0.0260334792	-0.0510005177	0.0153769266	0.0385150608	-0.0466496345	-0.0006374004	0.0471671784	-0.0376604853	-0.016588352	0.0511295719	-0.0249268406	-0.030889962	0.0500082695	0.0038401236	0.0154801768	-0.0030682776	0.0263083277	0.0075464014	-0.0324556823	-0.0055198583	0.0236125417	-0.0303178625	-0.0014627019	0	-1.77431983276022	-0.982303772432013	0.448081059024295	0.592443852028073
-0.742416	0.323909	0.477361	0.0187941	-0.00377126	-0.0130999	-0.0160159999999998	0.002832	-0.022339	-0.0013789	-0.00021664	-0.0006631	0.154119	-0.0210340579	-0.0340948932	0.0489754657	-0.0060414244	-0.0440244045	0.042120254	0.0095060622	-0.0499106512	0.0313966575	0.0241804983	-0.0512130319	0.0177895469	0.0366341627	-0.047811934	0.0025486187	0.0457232929	-0.0400197194	-0.0129263783	0.0506131302	-0.0285520362	-0.0272141981	0.0508545847	0.0413648086	-0.0063229824	-0.0033829257	-0.0365644832	-0.0607317803	-0.0399801523	-0.0388484728	0.0340284095	-0.0101166041	-0.035618984	0	-2.11656466715998	-1.07863018194668	0.448081059024295	0.592443852028073
-0.775281	0.333428	0.507895	0.0195992	-0.00321031	-0.0132074	-0.0328650000000001	0.009519	0.030534	0.000805100000000003	0.00056095	-0.000107499999999998	0.1465955	-0.021227693	-0.0337760571	0.0491626259	-0.0068845403	-0.0434686762	0.0428358815	0.0080406961	-0.0494860452	0.0328873894	0.0222860966	-0.0513193992	0.0201582885	0.0346472211	-0.0488137291	0.0057248166	0.0440789442	-0.042180888	-0.0091926851	0.0497838193	-0.0319816784	-0.0233329509	0.0512795028	0.0081594134	0.0070914207	-0.0135453314	0.0230684859	-0.0181188174	-0.0150249506	0.0088978801	-0.005372187	-0.0597049654	-0.0009794577	0	-2.34830383293959	-1.06943689712135	0.448081059024295	0.592443852028073
-0.80552	0.316617	0.457406	0.0211376	-0.00332393	-0.0137746	-0.030239	-0.016811	-0.050489	0.0015384	-0.00011362	-0.000567200000000004	0.2085	-0.0214209644	-0.0334549064	0.0493422058	-0.007725769	-0.0428943306	0.0435250908	0.0065685806	-0.0490071843	0.0343324881	0.020353519	-0.0513193992	0.0224773087	0.0325599874	-0.0496516568	0.0088789537	0.0422413413	-0.044133295	-0.0054079881	0.0486467657	-0.0351922777	-0.0192755259	0.0512795028	0.0046805493	0.002529946	-0.0106207554	0.0344676608	-0.0268871222	-0.0077175418	-0.0270389629	0.0533981195	-0.0043580373	-0.0254381384	0	0.739215245948354	-1.03689291353812	0.448081059024295	0.592443852028073
-0.791757	0.370666	0.534415	0.0185167	-0.00258487	-0.0135327	0.0137630000000001	0.054049	0.0770089999999999	-0.0026209	0.00073906	0.000241899999999996	0.324914	-0.0216138688	-0.0331314631	0.0495141777	-0.00856488	-0.0423016137	0.0441874568	0.0050909511	-0.0484745935	0.0357299485	0.0183860761	-0.0512130319	0.0247408876	0.0303785035	-0.050322904	0.0119988754	0.040218541	-0.0458672776	-0.0015932859	0.0472089983	-0.0381618445	-0.0150725591	0.0508545847	0.0170743499	0.0015556353	0.0145547356	-0.0124548641	-1.46998e-05	-0.0084342874	0.0350022735	-0.061914598	-0.0577445759	0.0385594841	0	-0.72627801945631	-0.977864211860217	0.448081059024295	0.592443852028073
-0.782093	0.289279	0.497642	0.0193265	-0.00316851	-0.0135327	0.00966399999999989	-0.081387	-0.0367729999999999	0.000809799999999999	-0.00058364	0	0.197496	-0.0218064029	-0.0328057493	0.049678515	-0.0094016433	-0.0416907793	0.044822571	0.0036090482	-0.0478888566	0.0370778316	0.0163871381	-0.0510005177	0.026943442	0.0281090841	-0.0508252175	0.0150725591	0.0380194116	-0.047374254	0.0022302563	0.0454794046	-0.0408700402	-0.0107557855	0.0500082695	0.0206824012	-0.0047942581	0.0051417478	-0.0101457938	-0.0141084432	-0.035832304	-0.0242508532	0.0618118929	0.0138432108	-0.046765487	0	-0.231828632058997	-0.975196436034484	0.448081059024295	0.592443852028073
-0.785224	0.361389	0.537708	0.018588	-0.0028277	-0.0135327	-0.00313099999999999	0.07211	0.0400659999999999	-0.0007385	0.00034081	0	0.1692725	-0.0219985635	-0.0324777874	0.0498351925	-0.0102358295	-0.0410620891	0.0454300417	0.0021241158	-0.0472506159	0.038374267	0.0143601292	-0.0506822973	0.029079539	0.0257582983	-0.051156911	0.0180881602	0.0356535949	-0.0486467657	0.0060414244	0.0434686762	-0.0432983163	-0.0063577993	0.04874757	0.0206965832	-0.0100624133	-0.0396813938	-0.0022728988	-0.0690661333	-0.0169662831	0.0019234327	-0.0225870275	-0.0764704369	-0.015732775	0	-1.6718014775285	-0.785083734854579	0.448081059024295	0.592443852028073
-0.811585	0.288172	0.5346	0.0189049	-0.00316851	-0.0139835	-0.026361	-0.073217	-0.003108	0.000316900000000002	-0.00034081	-0.000450799999999996	0.1581115	-0.0221903471	-0.0321475998	0.0499841859	-0.0110672099	-0.0404158122	0.0460094942	0.0006374004	-0.0465605712	0.039617456	0.0123085215	-0.05025903	0.03114391	0.0233329509	-0.051316871	0.0210340579	0.0331314631	-0.049678515	0.0098190728	0.0411892428	-0.0454300417	-0.001911808	0.0470829328	0.0145849665	-0.0098935201	-0.0597548469	0.0040996181	-0.0324424749	-0.0199357424	-0.0259233802	0.0473074825	0.01591759	-0.0241119779	0	-0.389104866941371	-0.941612039230963	0.448081059024295	0.592443852028073
-0.790555	0.377173	0.519669	0.0189686	-0.0025846	-0.0139124	0.02103	0.089001	-0.014931	6.36999999999964e-05	0.00058391	7.1100000000001e-05	0.1608975	-0.0223817506	-0.0318152092	0.0501254723	-0.0118955567	-0.0397522256	0.0465605712	-0.0008498502	-0.0458194789	0.0408056734	0.0102358295	-0.0497315932	0.0331314631	0.0208400624	-0.0513045605	0.0238989001	0.030464074	-0.0504643955	0.013542242	0.0386551947	-0.0472506159	0.0025486187	0.0450281516	0.0198748377	0.0015076017	-0.0264468182	0.0040374505	0.0106356134	0.0123992835	0.0214316184	-0.0321586414	-0.0496176661	-0.0177893193	0	-1.77106233398199	-0.772437598985425	0.448081059024295	0.592443852028073
-0.789484	0.300838	0.54539	0.0197442	-0.00277086	-0.0135462	0.00107100000000016	-0.076335	0.025721	0.000775600000000001	-0.00018626	0.000366199999999999	0.16953	-0.0225727706	-0.0314806383	0.05025903	-0.0127206428	-0.0390716134	0.0470829328	-0.0023363873	-0.0450281516	0.0419372706	0.0081456036	-0.0491010801	0.0350372959	0.018286849	-0.0511200208	0.0266716472	0.0276631221	-0.0510005177	0.0171902747	0.0358821964	-0.04874757	0.0069898018	0.0426002529	-0.0077232258	0.0116383106	0.0552748864	0.0373959564	-0.0027178166	0.005680125	0.0020033346	0.0562104182	0.0249781168	-0.0485919917	0	-0.253830830620682	-0.611297840716739	0.448081059024295	0.592443852028073
-0.770657	0.393936	0.530469	0.0185153	-0.00178898	-0.0133907	0.0188269999999999	0.093098	-0.014921	-0.0012289	0.00098188	0.000155499999999999	0.24516	-0.0227634039	-0.03114391	0.0503848382	-0.013542242	-0.038374267	0.0475762569	-0.0038209632	-0.0441874568	0.0430106775	0.0060414244	-0.0483687975	0.0368567075	0.0156807013	-0.0507638714	0.0293416141	0.0247408876	-0.0512842283	0.0207429306	0.0328873894	-0.0499106512	0.0113782077	0.0398193552	0.0321995151	0.0033656299	-0.067140422	-0.0044682515	-0.0040273021	-0.0165279497	-0.0118163502	-0.0150621628	-0.0205337632	-0.0495786452	0	1.04571208463928	-0.901249503632618	0.448081059024295	0.592443852028073
-0.78016	0.300264	0.486543	0.0209737	-0.0025815	-0.0135786	-0.00950299999999993	-0.093672	-0.043926	0.0024584	-0.00079252	-0.000187899999999998	0.319042	-0.0229536472	-0.0308050475	0.0505028777	-0.0143601292	-0.0376604853	0.0480402391	-0.0053023317	-0.0432983163	0.0440244045	0.0039268963	-0.0475362631	0.0385852104	0.0130291632	-0.050237308	0.0318985121	0.0217101824	-0.051314123	0.0241804983	0.0296892864	-0.0507318935	0.0156807013	0.0367085017	0.0036575616	0.0147463703	0.0121680057	0.0691877542	-0.0197871578	-0.0241468618	0.0263015161	0.0511178848	-0.0459275591	0.067336419	0	0.480225689131021	-0.828145743195283	0.448081059024295	0.592443852028073
-0.73173	0.325948	0.566046	0.0181393	-0.0025815	-0.0125869	0.0484299999999999	0.025684	0.079503	-0.0028344	0	0.0009917	0.344922	-0.0231434973	-0.030464074	0.0506131302	-0.0151740801	-0.0369305738	0.0484745935	-0.0067792492	-0.042361705	0.0449770452	0.0018056415	-0.0466052026	0.040218541	0.0103399101	-0.0495420981	0.0343324881	0.0185842938	-0.051090054	0.0274839053	0.0263076566	-0.0512056724	0.0198647963	0.03329347	0.0157868563	-0.0019621216	0.0390306531	-0.0314250571	-0.0087792857	-0.0234499447	-0.0176783497	-0.0131317921	0.0063123794	0.0050198376	0	0.613506522124642	-0.785713719827493	0.448081059024295	0.592443852028073
-0.741022	0.326237	0.532046	0.0181755	-0.0016946	-0.0126357	-0.00929199999999986	0.000288999999999984	-0.034	3.62000000000001e-05	0.0008869	-4.88000000000016e-05	0.092176	-0.0233329509	-0.0301210128	0.0507155786	-0.0159838716	-0.0361848453	0.048879052	-0.0082504761	-0.0413786495	0.0458672776	-0.0003187063	-0.0455775458	0.0417526707	0.0076207265	-0.0486805757	0.0366341627	0.0153769266	-0.0506131302	0.0306348232	0.0227634039	-0.0513287428	0.0238989001	0.0296025581	0.0387964049	0.0113396511	0.0552060442	-0.0070765203	-0.0319862061	0.0006616502	0.0389457305	0.0292668328	-0.0177966079	-0.0072840362	0	-0.513937172458287	-1.02568133617192	0.448081059024295	0.592443852028073
-0.730231	0.383471	0.574804	0.0209188	-0.00310369	-0.0128779	0.010791	0.057234	0.042758	0.0027433	-0.00140909	-0.000242199999999998	0.3305125	-0.0235220047	-0.0297758875	0.0508102074	-0.0167892817	-0.035423619	0.0492533652	-0.0097147774	-0.0403502279	0.0466938665	-0.0024425082	-0.0444554224	0.0431838154	0.0048794834	-0.0476556328	0.0387946664	0.0121021428	-0.0498857119	0.0336157698	0.0190784374	-0.0511002618	0.027752553	0.0256663501	-0.0304774133	0.0133653805	-0.0940816819	0.0815873949	-0.0149533366	-0.0027289212	-0.0166024902	-0.0126614101	-0.0300348773	-0.0497166718	0	0.519023442084973	-0.988610744174785	0.448081059024295	0.592443852028073
-0.710387	0.454572	0.644006	0.0210484	-0.00230341	-0.012577	0.0198439999999999	0.071101	0.0692020000000001	0.000129600000000004	0.00080028	0.0003009	0.221686	-0.0237106555	-0.0294287216	0.0508970017	-0.0175900897	-0.0346472211	0.0495973023	-0.0111709238	-0.0392775675	0.0474556651	-0.0045621261	-0.0432411585	0.0445084453	0.0021241158	-0.0464707102	0.0408056734	0.0087742999	-0.0489113994	0.0364102058	0.015275536	-0.0505217943	0.0313966575	0.0215174627	-0.0738951481	0.0275172977	-0.0027625649	0.0947396446	-0.0032210486	0.0293420526	0.0063594517	-0.0323228872	-0.0341878107	0.0444224965	0	0.342781102348959	-0.997188211529464	0.448081059024295	0.592443852028073
-0.649358	0.282547	0.575279	0.0199408	-0.000800258	-0.0119502	0.061029	-0.172025	-0.0687270000000001	-0.0011076	0.001503152	0.000626799999999999	0.4636586	-0.0238989001	-0.029079539	0.0509759483	-0.0183860761	-0.033855984	0.0499106512	-0.0126176931	-0.0381618445	0.0481516161	-0.0066739292	-0.0419372706	0.0457232929	-0.0006374004	-0.0451297856	0.0426594344	0.0054079881	-0.0476950147	0.0390026269	0.0113782077	-0.0495973023	0.0348036986	0.0171902747	-0.0108343956	0.0264192301	-0.0002951346	0.0701568568	0.0537851098	0.0104525822	0.0056036309	-0.0294426628	-0.0383576836	-0.0362424334	0	0.418864138356749	-1.01681400117619	0.448081059024295	0.592443852028073
-0.673707	0.305684	0.646835	0.020103	-0.00078244	-0.0119502	-0.024349	0.023137	0.0715560000000001	0.000162200000000001	1.7818e-05	0	0.1280429	-0.0240867353	-0.0287283636	0.051047035	-0.0191770227	-0.0330502467	0.0501932186	-0.0140538708	-0.037004282	0.048780754	-0.0087742999	-0.0405464614	0.046825362	-0.0033970715	-0.0436373605	0.0443488058	0.0020179662	-0.0462425779	0.0413786495	0.007410544	-0.0483331176	0.0379479508	0.0127206428	-0.0559625331	0.028761181	0.0250859051	0.0895434839	0.0127467932	0.0261006497	0.0055609177	0.0326959869	-0.0176001326	0.0186460918	0	0.856517548297373	-0.971757687641222	0.448081059024295	0.592443852028073
-0.668009	0.408896	0.575113	0.0197016	-0.00130239	-0.0119502	0.00569799999999998	0.103212	-0.0717220000000001	-0.0004014	-0.00051995	0	0.2266995	-0.0242741578	-0.0283752196	0.0511102507	-0.0199627126	-0.0322303541	0.0504448302	-0.0154782512	-0.0358061492	0.0493422058	-0.0108596403	-0.0390716134	0.047811934	-0.0061469092	-0.041998445	0.0458672776	-0.001380903	-0.0445612775	0.0435250908	0.0033970715	-0.0467378986	0.0408056734	0.0081456036	-0.0077585089	0.0266827891	0.0226752794	0.0604783393	0.0387185135	0.0466010568	0.0289090847	-0.0169394397	0.0033804884	-0.0636548512	0	-2.44877377300054	-0.623797419527329	0.448081059024295	-1.68540061352814
-0.644134	0.296705	0.583111	0.0192713	-0.00130239	-0.0116939	0.023875	-0.112191	0.00799799999999995	-0.000430300000000002	0	0.000256300000000001	0.178394	-0.0244611644	-0.0280201309	0.0511655859	-0.0207429306	-0.0313966575	0.0506653309	-0.0168896389	-0.0345687596	0.0498351925	-0.0129263783	-0.0375157835	0.0486805757	-0.0088789537	-0.040218541	0.0472089983	-0.0047737179	-0.0426594344	0.0454300417	-0.0006374004	-0.044822571	0.0433552888	0.0035030673	0.0042622029	0.0166206196	-0.0129657032	0.0704586016	-0.0179089918	-0.0093836962	0.0013534584	0.0372763194	-0.0331440991	-0.0069366337	0	0.258494367141067	-0.652821787242148	0.448081059024295	-1.68540061352814
-0.625644	0.335096	0.668261	0.0198819	-0.00138525	-0.0111571	0.01849	0.038391	0.0851500000000001	0.000610600000000003	-8.28599999999999e-05	0.0005368	0.203544	-0.024647752	-0.0276631221	0.0512130319	-0.0215174627	-0.030549514	0.0508545847	-0.018286849	-0.03329347	0.05025903	-0.0149709736	-0.0358821964	0.0494291445	-0.0115852966	-0.0383036235	0.0483687975	-0.0081456036	-0.0405464614	0.0470829328	-0.004667932	-0.0426002529	0.0455775458	-0.0011684964	-0.0532193993	0.031159167	-0.064045409	0.0689070738	0.0323889258	0.0149545035	-0.0278739078	-0.035212892	4.41582e-05	0.0186463815	0	-0.457889343368487	-0.668252351579947	0.448081059024295	0.592443852028073
-0.654182	0.376461	0.770003	0.0193722	-0.00120588	-0.0115632	-0.0285379999999999	0.041365	0.101742	-0.000509700000000002	0.00017937	-0.000406100000000001	0.2264035	-0.0248339173	-0.0273042176	0.0512525814	-0.0222860966	-0.0296892864	0.0510124748	-0.0196687086	-0.0319816784	0.0506131302	-0.0169899238	-0.034174238	0.0500557939	-0.014258104	-0.0362601209	0.0493422058	-0.0114817767	-0.0382328158	0.0484745935	-0.0086696085	-0.040086165	0.0474556651	-0.0058303776	-0.1003380454	0.0321444355	0.0380441254	0.0413843413	0.0302947983	0.0925156299	0.0263397748	-0.0096620658	0.0129225738	0.0292448614	0	1.06158688394118	-0.676913975687974	0.448081059024295	0.592443852028073
-0.671963	0.41885	0.674889	0.0191939	-0.00076292	-0.0119502	-0.017781	0.042389	-0.0951139999999999	-0.000178299999999996	0.00044296	-0.000387	0.205697	-0.0250196571	-0.026943442	0.0512842283	-0.0230486216	-0.028816343	0.051138904	-0.0210340579	-0.0306348232	0.0508970017	-0.0189797704	-0.0323954483	0.0505589784	-0.0168896389	-0.0340948932	0.0501254723	-0.0147676106	-0.0357299485	0.0495973023	-0.0126176931	-0.0372975264	0.0489754657	-0.0104439465	-0.0428283383	0.0283195808	-0.0074280474	0.079785126	0.0605964983	0.0749466847	0.0374857706	-0.0536386626	0.0265071977	0.0085318433	0	0.42070397545132	-0.593354646570847	0.448081059024295	0.592443852028073
-0.646976	0.31885	0.667924	0.0191939	-0.00130239	-0.0119502	0.024987	-0.1	-0.00696500000000011	0	-0.00053947	0	0.1589255	-0.0252049683	-0.0265808199	0.0513079677	-0.0238048288	-0.0279310578	0.0512337941	-0.0223817506	-0.0292543809	0.0511102507	-0.020937105	-0.030549514	0.0509374568	-0.019472284	-0.0318152092	0.0507155786	-0.0179886993	-0.0330502467	0.0504448302	-0.0164877804	-0.0342534364	0.0501254723	-0.0149709736	-0.0377055616	0.0246211299	0.0532398179	0.0810507861	0.0522553273	0.0306796516	0.0382784301	0.0438169538	-0.0204846084	0.0358288865	0	0.914577821205227	-0.836805794001081	0.448081059024295	0.592443852028073
-0.671194	0.347951	0.76428	0.0189105	-0.000632105	-0.0118956	-0.024218	0.029101	0.0963559999999999	-0.000283400000000003	0.000670285	5.46000000000001e-05	0.20008925	-0.0253898477	-0.0262163763	0.0513237961	-0.0245545108	-0.0270338099	0.0512970867	-0.0237106555	-0.027841865	0.0512525814	-0.0228585745	-0.0286402612	0.0511902955	-0.0219985635	-0.0294287216	0.0511102507	-0.0211309207	-0.0302069725	0.0510124748	-0.0202559471	-0.0309747441	0.0508970017	-0.0193739464	-0.0852341552	0.0213393408	0.0329313296	0.0589843107	-0.0312506989	0.038082574	-0.0218628828	-0.0377546046	0.0089071298	0.0109125919	0	0.834701619996248	-0.920316128956305	0.448081059024295	0.592443852028073
-0.616913	0.366041	0.812697	0.0151253	-0.00130239	-0.0110868	0.0542809999999999	0.01809	0.0484170000000002	-0.0037852	-0.000670285	0.000808800000000002	0.38400225	-0.025574292	-0.0258501361	0.0513317109	-0.0252974622	-0.0261249837	0.0513287428	-0.0250196571	-0.0263988242	0.0513237961	-0.0247408876	-0.0266716472	0.051316871	-0.0244611644	-0.026943442	0.0513079677	-0.0241804983	-0.0272141981	0.0512970867	-0.0238989001	-0.0274839053	0.0512842283	-0.0236163807	-0.0331362738	5.46433e-05	0.0136409049	-0.0409920708	0.073594827	0.0518467846	-0.0155502525	-0.0289816725	0.0706123242	-0.0056703598	0	0.828795068111253	-1.0008742148091	0.448081059024295	0.592443852028073
-0.596575	0.245616	0.854859	0.013513	-0.00250613	-0.0108988	0.0203380000000001	-0.120425	0.042162	-0.0016123	-0.00120374	0.000187999999999999	0.333127	-0.0257582983	-0.0254821244	0.0513317109	-0.0260334792	-0.0252049683	0.0513287428	-0.0263076566	-0.0249268406	0.0513237961	-0.0265808199	-0.024647752	0.051316871	-0.0268529586	-0.0243677133	0.0513079677	-0.0271240621	-0.0240867353	0.0512970867	-0.0273941201	-0.0238048288	0.0512842283	-0.0276631221	-0.0145231058	-0.0109888525	0.0542095539	-0.1037889006	0.0425592749	0.0154952222	-0.0694005894	-0.0385319859	0.0652766482	-0.0134827887	0	0.455859419807321	-0.938597017574566	0.448081059024295	0.592443852028073
-0.617659	0.265697	0.779178	0.0144025	-0.00171453	-0.0116526	-0.0210840000000001	0.020081	-0.0756810000000001	0.000889500000000001	0.0007916	-0.000753800000000001	0.238591	-0.0259418632	-0.0251123665	0.0513237961	-0.0267623602	-0.0242741578	0.0512970867	-0.0275735728	-0.0234275279	0.0512525814	-0.0283752196	-0.0225727706	0.0511902955	-0.0291670224	-0.0217101824	0.0511102507	-0.0299487067	-0.0208400624	0.0510124748	-0.0307200012	-0.0199627126	0.0508970017	-0.0314806383	0.0124016422	-0.02487866	-0.0253914411	-0.0949690239	-0.0662741237	-0.033333525	-0.0807402289	0.0165744789	0.0155480647	0.0001903979	0	0.719768965363152	-0.880789549922411	0.448081059024295	-1.68540061352814
-0.634764	0.313506	0.782965	0.0146978	-0.0016497	-0.0117094	-0.0171049999999999	0.0478090000000001	0.00378699999999999	0.000295299999999998	6.48299999999999e-05	-5.67999999999992e-05	0.0895475	-0.0261249837	-0.0247408876	0.0513079677	-0.0274839053	-0.0233329509	0.0512337941	-0.028816343	-0.0219025301	0.0511102507	-0.0301210128	-0.0204510037	0.0509374568	-0.0313966575	-0.0189797704	0.0507155786	-0.032642048	-0.0174902479	0.0504448302	-0.033855984	-0.0159838716	0.0501254723	-0.0350372959	0.0005949431	-0.0216945167	-0.0874467027	-0.0786300581	-0.0044901513	-0.0025457748	-0.0409052944	-0.0561745212	0.0324276427	0.0182532923	0	1.09475079805629	-0.941047576524076	0.448081059024295	-1.68540061352814
-0.661901	0.276999	0.901622	0.0147403	-0.00119014	-0.0120683	-0.0271370000000001	-0.036507	0.118657	4.25000000000009e-05	0.00045956	-0.000358899999999999	0.225349	-0.0263076566	-0.0243677133	0.0512842283	-0.0281979168	-0.0223817506	0.051138904	-0.0300349241	-0.020353519	0.0508970017	-0.0318152092	-0.018286849	0.0505589784	-0.0335354099	-0.0161856435	0.0501254723	-0.0351922777	-0.0140538708	0.0495973023	-0.0367826834	-0.0118955567	0.0489754657	-0.0383036235	-0.0737062072	-0.0113393808	0.0279791033	-0.0445183184	0.0365452994	0.0582124224	-0.0269603694	-0.0070910988	0.0401821108	0.0389761058	0	-0.69727562834808	-0.975444572903973	0.448081059024295	0.592443852028073
-0.66404	0.26115	0.854938	0.0134395	-0.00153483	-0.0120612	-0.00213899999999989	-0.015849	-0.0466840000000001	-0.0013008	-0.00034469	7.09999999999773e-06	0.1473015	-0.0264898788	-0.0239928691	0.0512525814	-0.0289041989	-0.0214209644	0.0510124748	-0.0312282931	-0.018782193	0.0506131302	-0.0334549064	-0.016084792	0.0500557939	-0.0355770885	-0.0133371814	0.0493422058	-0.0375882149	-0.0105479382	0.0484745935	-0.0394820076	-0.007725769	0.0474556651	-0.0412525551	-0.0097200072	-0.0140263962	0.0490094453	-0.0880179868	0.0486396985	0.0526858364	-0.0113207108	-0.0498576581	0.0867219982	0.0212631661	0	-1.34247007990497	-0.929821345267877	0.448081059024295	0.592443852028073
-0.66461	0.247365	0.857236	0.0135819	-0.00138382	-0.0121449	-0.000570000000000071	-0.013785	0.00229800000000024	0.000142399999999997	0.00015101	-8.36999999999991e-05	0.0355085000000001	-0.0266716472	-0.0236163807	0.0512130319	-0.0296025581	-0.0204510037	0.0508545847	-0.0323954483	-0.0171902747	0.05025903	-0.0350372959	-0.0138493968	0.0494291445	-0.0375157835	-0.0104439465	0.0483687975	-0.0398193552	-0.0069898018	0.0470829328	-0.0419372706	-0.0035030673	0.0455775458	-0.0438596552	-0.0159657019	-0.0196924652	0.0608098812	-0.0877805407	0.0373106823	0.0097186447	-0.0354872247	0.0044275015	0.0282215696	0.0591952235	0	-0.638048935530165	-0.887273679646653	0.448081059024295	0.592443852028073
-0.650645	0.268982	0.803905	0.0134395	-0.00144037	-0.0120612	0.013965	0.021617	-0.0533310000000001	-0.000142399999999997	-5.655e-05	8.36999999999991e-05	0.1030455	-0.0268529586	-0.0232382738	0.0511655859	-0.0302928029	-0.019472284	0.0506653309	-0.0335354099	-0.0155795096	0.0498351925	-0.0365596669	-0.0115852966	0.0486805757	-0.0393458828	-0.0075156513	0.0472089983	-0.0418759166	-0.0033970715	0.0454300417	-0.044133295	0.0007436268	0.0433552888	-0.0461033203	0.0265047326	-0.0310249668	0.0136732024	-0.1163466879	-0.0544803442	-0.0276244399	-0.0625716675	-0.0167138407	0.0274760257	0.014847513	0	-2.09569626332799	-0.840489864700076	0.448081059024295	0.592443852028073
-0.627806	0.315199	0.807884	0.0142258	-0.00134532	-0.0114145	0.0228389999999999	0.046217	0.00397900000000007	0.000786299999999997	9.50500000000002e-05	0.000646700000000002	0.1494375	-0.0270338099	-0.0228585745	0.0511102507	-0.0309747441	-0.0184852245	0.0504448302	-0.0346472211	-0.0139516636	0.0493422058	-0.0380194116	-0.0092971841	0.047811934	-0.0410620891	-0.0045621261	0.0458672776	-0.0437488826	0.0002124716	0.0435250908	-0.0460565059	0.0049852279	0.0408056734	-0.0479649587	-0.0004536725	-0.0325440142	-0.0544411898	-0.1090998832	0.0168992152	-0.0346145418	-0.064157372	-0.0124794548	0.0047151601	0.057164261	0	0.806684676643734	-0.817635263284527	0.448081059024295	0.592443852028073
-0.630563	0.286432	0.764346	0.0146125	-0.000918518	-0.0118449	-0.0027569999999999	-0.0287669999999999	-0.0435380000000002	0.000386700000000002	0.000426802	-0.000430400000000001	0.1372571	-0.0272141981	-0.0224773087	0.051047035	-0.0316481948	-0.0174902479	0.0501932186	-0.0357299485	-0.0123085215	0.048780754	-0.0394140296	-0.0069898018	0.046825362	-0.0426594344	-0.0015932859	0.0443488058	-0.0454300417	0.0038209632	0.0413786495	-0.0476950147	0.0091926851	0.0379479508	-0.0494291445	0.019881374	-0.0306236766	0.0377163801	-0.0819113841	-0.0477337726	-0.0432083417	-0.0329497406	-0.0195043199	-0.0046640196	0.0042528859	0	1.16678719630773	-0.444089203343558	0.448081059024295	0.592443852028073
-0.626532	0.332276	0.837261	0.014986	-0.000778641	-0.0114564	0.00403100000000001	0.045844	0.0729150000000002	0.000373500000000001	0.000139877	0.000388500000000002	0.16788385	-0.0273941201	-0.0220945026	0.0509759483	-0.0323129704	-0.0164877804	0.0499106512	-0.0367826834	-0.0106518847	0.0481516161	-0.0407411319	-0.004667932	0.0457232929	-0.044133295	0.001380903	0.0426594344	-0.0469120231	0.007410544	0.0390026269	-0.049038693	0.0133371814	0.0348036986	-0.0504837447	-0.0351086794	-0.0238212698	0.0085234962	-0.0612131375	-0.0157375897	-0.0376637168	-0.097537086	-0.0366435551	0.0120418673	0.0290924329	0	1.28721872749507	-0.65179843131585	0.448081059024295	0.592443852028073
-0.521932	0.336178	0.510632	0.0173851	-0.00125784	-0.00985775	0.1046	0.00390200000000002	-0.326629	0.0023991	-0.000479199	0.00159865	0.65897845	-0.0275735728	-0.0217101824	0.0508970017	-0.0329688886	-0.0154782512	0.0495973023	-0.0378045419	-0.0089835694	0.0474556651	-0.041998445	-0.0023363873	0.0445084453	-0.0454794046	0.0043504562	0.0408056734	-0.0481883295	0.0109634486	0.0364102058	-0.0500792346	0.0173903312	0.0313966575	-0.0511200208	0.1148190231	-0.0084444688	-0.0623641885	-0.074473436	-0.0700967118	-0.0766420994	0.0319035305	0.0175323654	-0.0543684626	-0.0786415961	0	-0.202970684057009	-0.840291945095543	0.448081059024295	-1.68540061352814
-0.512352	0.245415	0.515464	0.0182251	-0.00072683	-0.00970825	0.00957999999999992	-0.090763	0.00483200000000006	0.000839999999999997	0.00053101	0.0001495	0.1812005	-0.027752553	-0.0213243743	0.0508102074	-0.0336157698	-0.0144620929	0.0492533652	-0.0387946664	-0.0073054049	0.0466938665	-0.0431838154	0	0.0431838154	-0.0466938665	0.0073054049	0.0387946664	-0.0492533652	0.0144620929	0.0336157698	-0.0508102074	0.0213243743	0.027752553	-0.0513327002	0.0842366397	0.0021037821	-0.0178684286	-0.0104954634	-0.0035577594	-0.0798485002	0.0848844192	0.0731983916	-0.0596963523	0.0711954033	0	0.237997388439414	-0.795761655368158	0.448081059024295	-1.68540061352814
-0.547043	0.357452	0.57639	0.0187575	-0.00140419	-0.0105053	-0.034691	0.112037	0.0609259999999999	0.000532400000000002	-0.00067736	-0.000797050000000001	0.3079945	-0.0279310578	-0.020937105	0.0507155786	-0.0342534364	-0.0134397405	0.048879052	-0.0397522256	-0.005619231	0.0458672776	-0.0442952125	0.0023363873	0.0417526707	-0.0477731655	0.0102358295	0.0366341627	-0.0501024608	0.0178891614	0.0306348232	-0.0512270927	0.0251123665	0.0238989001	-0.0511200208	0.038199665	-0.0123049781	-0.0009367902	0.0267279321	-0.0761184297	-0.0425414109	0.018336139	0.0145106965	-0.0408046875	-0.0405986986	0	0.572852758909783	-0.860606174443006	0.448081059024295	0.592443852028073
-0.598945	0.328725	0.61532	0.020581	-0.0017915	-0.0112515	-0.0519019999999999	-0.028727	0.03893	0.0018235	-0.00038731	-0.000746199999999999	0.2674095	-0.0281090841	-0.0205484008	0.0506131302	-0.0348817138	-0.012411632	0.0484745935	-0.0406764158	-0.0039268963	0.0449770452	-0.0453307324	0.004667932	0.040218541	-0.0487141772	0.0131318924	0.0343324881	-0.0507318935	0.021227693	0.0274839053	-0.0513273137	0.0287283636	0.0198647963	-0.0504837447	-0.0090652468	0.007969287	-0.0757346345	0.115043169	-0.0428623586	-0.0287635595	0.0381581019	0.0052383598	-0.0380169328	0.0035993976	0	0.697861853865614	-0.92815668774711	0.448081059024295	0.592443852028073
-0.600039	0.383949	0.68448	0.0188733	-0.00106956	-0.011009	-0.00109400000000004	0.055224	0.06916	-0.0017077	0.00072194	0.0002425	0.259085	-0.0282866287	-0.0201582885	0.0505028777	-0.0355004298	-0.0113782077	0.0480402391	-0.0415664612	-0.0022302563	0.0440244045	-0.0462886013	0.0069898018	0.0385852104	-0.0495141777	0.0159838716	0.0318985121	-0.051138904	0.0244611644	0.0241804983	-0.0511102507	0.0321475998	0.0156807013	-0.0494291445	-0.0203901148	-0.0018959255	-0.0355487767	0.0596063464	0.024631453	0.0280915462	0.0394965406	-0.007780279	0.0040506959	0.0019017503	0	0.847514671602116	-1.10464977197954	0.448081059024295	0.592443852028073
-0.5845	0.357456	0.691383	0.0198329	-0.00195535	-0.0105601	0.015539	-0.026493	0.00690299999999999	0.000959600000000001	-0.00088579	0.0004489	0.1636495	-0.0284636888	-0.0197667948	0.0503848382	-0.0361094147	-0.0103399101	0.0475762569	-0.0424216147	-0.0005311711	0.0430106775	-0.0471671784	0.0092971841	0.0368567075	-0.0501708514	0.018782193	0.0293416141	-0.0513217075	0.0275735728	0.0207429306	-0.0505772456	0.0353466565	0.0113782077	-0.0479649587	-0.0368297102	0.0221487064	0.042590389	0.1065577412	0.0163740998	0.0540216438	0.0900732856	0.0119447593	0.0004956172	0.0435985253	0	0.830693742069564	-1.09192912669585	0.448081059024295	0.592443852028073
-0.550585	0.365433	0.678663	0.0192087	-0.000947132	-0.010136	0.033915	0.00797700000000001	-0.01272	-0.000624199999999998	0.001008218	0.0004241	0.1574379	-0.0286402612	-0.0193739464	0.05025903	-0.0367085017	-0.0092971841	0.0470829328	-0.0432411585	0.0011684964	0.0419372706	-0.0479649587	0.0115852966	0.0350372959	-0.0506822973	0.0215174627	0.0266716472	-0.0512795028	0.030549514	0.0171902747	-0.0497315932	0.0383036235	0.0069898018	-0.0461033203	-0.0217115614	0.0126122204	-0.0003231554	0.0689591466	0.0576205134	0.0194931519	0.0279017211	0.004984145	0.0322826984	-0.0327714499	0	0.475300681134005	-1.07100786858005	0.448081059024295	0.592443852028073
-0.589261	0.338779	0.769052	0.0180604	-0.00104463	-0.010573	-0.0386759999999999	-0.026654	0.0903889999999998	-0.0011483	-9.7498e-05	-0.000437000000000002	0.2398589	-0.028816343	-0.0189797704	0.0501254723	-0.0372975264	-0.0082504761	0.0465605712	-0.0440244045	0.0028668829	0.0408056734	-0.0486805757	0.0138493968	0.0331314631	-0.051047035	0.0241804983	0.0238989001	-0.0510124748	0.0333742597	0.013542242	-0.0485785209	0.0409982483	0.0025486187	-0.0438596552	-0.0468351713	0.0005810077	0.0240965302	0.0589732609	-0.0105273507	0.0134744586	0.0295667373	0.0393170815	-0.0112110573	0.0086738706	0	1.25452271981293	-1.06894077513535	0.448081059024295	0.592443852028073
-0.602641	0.346382	0.691242	0.0172222	-0.00110005	-0.0108221	-0.0133800000000001	0.00760300000000003	-0.0778099999999998	-0.000838200000000001	-5.542e-05	-0.0002491	0.155929	-0.0289919311	-0.0185842938	0.0499841859	-0.0378763275	-0.0072002346	0.0460094942	-0.0447706954	0.0045621261	0.039617456	-0.0493128035	0.016084792	0.03114391	-0.0512640087	0.0267623602	0.0210340579	-0.0505217943	0.0360338295	0.0098190728	-0.0471251565	0.0434120755	-0.001911808	-0.0412525551	0.0169649531	-0.0123870056	-0.0415150612	0.0163186245	-0.0104473914	-0.002325454	-0.0012463203	-0.0130061134	0.0385897097	-0.0589170444	0	0.199012807529511	-1.05806926840779	0.448081059024295	0.592443852028073
-0.595502	0.324702	0.751776	0.0175163	-0.00119255	-0.0105316	0.0071389999999999	-0.02168	0.060534	0.000294099999999999	-9.24999999999999e-05	0.000290500000000001	0.123208	-0.0291670224	-0.0181875435	0.0498351925	-0.0384447462	-0.0061469092	0.0454300417	-0.0454794046	0.0062523676	0.038374267	-0.049860559	0.018286849	0.029079539	-0.0513325903	0.0292543809	0.0180881602	-0.0498096126	0.0385150608	0.0060414244	-0.0453804842	0.0455285727	-0.0063577993	-0.0383036235	-0.0276794135	-0.0062573678	0.0173025641	0.0412274647	0.0401290804	-0.0008105288	0.0327015564	-0.0014744797	-0.0628689372	0.0290300018	0	1.10592785023296	-1.04436066974053	0.448081059024295	0.592443852028073
-0.577401	0.317898	0.729544	0.0174138	-0.00113649	-0.0103157	0.018101	-0.00680399999999998	-0.0222320000000001	-0.000102499999999998	5.60599999999999e-05	0.0002159	0.0658599999999998	-0.0293416141	-0.0177895469	0.049678515	-0.0390026269	-0.0050909511	0.044822571	-0.0461499372	0.0079357543	0.0370778316	-0.050322904	0.0204510037	0.026943442	-0.0512525814	0.0316481948	0.0150725591	-0.048879052	0.0408056734	0.0022302563	-0.0433552888	0.047333244	-0.0107557855	-0.0350372959	-0.0102995787	-0.0079408491	0.0312997893	0.0401968171	-0.0606394788	-0.0081821096	-0.0068436828	-0.0026887177	0.0197467208	-0.018223167	0	-0.039592982750522	-1.00969716141063	0.448081059024295	0.592443852028073
-0.570813	0.34612	0.749345	0.0172118	-0.000523286	-0.0101413	0.00658800000000004	0.028222	0.0198010000000001	-0.000202000000000001	0.000613204	0.000174400000000002	0.1040912	-0.0295157031	-0.0173903312	0.0495141777	-0.0395498165	-0.0040328127	0.0441874568	-0.0467817305	0.0096104404	0.0357299485	-0.0506990465	0.0225727706	0.0247408876	-0.0510242134	0.0339357659	0.0119988754	-0.0477341923	0.0428943306	-0.0015932859	-0.0410620891	0.0488137291	-0.0150725591	-0.0314806383	-0.0184064396	-0.0040054488	-0.0434277954	0.0313615551	0.0707684798	0.0058935357	0.0346730571	-0.0257511459	-0.0230709896	0.0269443391	0	1.34599396589405	-0.998180093628983	0.448081059024295	0.592443852028073
-0.550456	0.275451	0.730593	0.0158059	-0.00129905	-0.0102737	0.020357	-0.070669	-0.0187519999999999	-0.0014059	-0.000775764	-0.000132400000000001	0.2254812	-0.0296892864	-0.0169899238	0.0493422058	-0.040086165	-0.002972947	0.0435250908	-0.047374254	0.0112745899	0.0343324881	-0.0509883422	0.024647752	0.0224773087	-0.0506481476	0.0361094147	0.0088789537	-0.046380053	0.0447706954	-0.0054079881	-0.0385150608	0.0499598883	-0.0192755259	-0.0276631221	0.0255671734	-0.0162421496	0.0666881473	-0.023357068	-0.0442558338	0.0034778642	0.0125531405	0.0270298112	0.0581817331	-0.0319526154	0	-1.50267198480799	-0.99363213733265	0.448081059024295	0.592443852028073
-0.550676	0.350326	0.752878	0.0162707	-0.000895312	-0.0100942	-0.000219999999999998	0.074875	0.0222849999999999	0.000464799999999998	0.000403738	0.000179499999999999	0.1497819	-0.029862361	-0.016588352	0.0491626259	-0.0406115256	-0.001911808	0.0428358815	-0.0479270103	0.0129263783	0.0328873894	-0.0511902955	0.0266716472	0.0201582885	-0.0501254723	0.0381618445	0.0057248166	-0.044822571	0.046425481	-0.0091926851	-0.0357299485	0.0507638714	-0.0233329509	-0.0236163807	0.0051181733	-0.0104196901	-0.0427814118	0.0086990371	0.060019103	0.0118673768	0.0242788092	-0.0271542768	-0.0014864768	-0.0179360502	0	0.867893418880899	-0.984570244644484	0.448081059024295	0.592443852028073
-0.587911	0.297201	0.736758	0.0161188	-0.000895312	-0.010393	-0.0372349999999999	-0.053125	-0.0161199999999999	-0.0001519	0	-0.0002988	0.129015	-0.0300349241	-0.0161856435	0.0489754657	-0.041125754	-0.0008498502	0.042120254	-0.0484395355	0.0145639947	0.0313966575	-0.0513045605	0.0286402612	0.0177895469	-0.0494577007	0.040086165	0.0025486187	-0.0430685747	0.0478504978	-0.0129263783	-0.0327239687	0.051220172	-0.0272141981	-0.0193739464	0.0161918195	-0.0221428789	0.0388966222	-0.0059539995	-0.0488500112	-0.0062745123	-0.0017584574	0.0591176234	0.0193455012	-0.0385746033	0	-0.944652015193061	-1.00098032515975	0.448081059024295	0.592443852028073
-0.575729	0.365974	0.744639	0.0158913	-0.000895312	-0.0103291	0.0121819999999999	0.0687729999999999	0.00788100000000003	-0.000227500000000002	0	6.39000000000021e-05	0.103406	-0.0302069725	-0.0157818258	0.048780754	-0.0416287094	0.0002124716	0.0413786495	-0.0489113994	0.0161856435	0.029862361	-0.0513309413	0.030549514	0.0153769266	-0.0486467657	0.0418759166	-0.0006374004	-0.041125754	0.049038693	-0.016588352	-0.0295157031	0.0513256648	-0.030889962	-0.0149709736	0.0235768951	-0.0122422744	-0.0468595898	-0.0092875105	0.0239145008	0.0118076638	0.0309705368	-0.0407834505	-7.5204e-06	-0.0112225749	0	0.376543423618498	-1.02320716212457	0.448081059024295	0.592443852028073
-0.57657	0.298768	0.783959	0.0156644	-0.00118756	-0.0101969	-0.000840999999999981	-0.067206	0.0393199999999998	-0.000226899999999995	-0.000292248	0.000132199999999999	0.1399344	-0.0303785035	-0.0153769266	0.0485785209	-0.042120254	0.0012747024	0.0406115256	-0.0493422058	0.0177895469	0.0282866287	-0.051269393	0.0323954483	0.0129263783	-0.0476950147	0.0435250908	-0.0038209632	-0.0390026269	0.0499841859	-0.0201582885	-0.0261249837	0.0510796273	-0.0343324881	-0.0104439465	0.0004744087	-0.013529594	0.0563641266	-0.0183582446	0.0116418502	-0.0059364149	-0.0009126412	0.0320144423	0.0174646395	0.0162684063	0	0.077671675159612	-1.03128941282298	0.448081059024295	0.592443852028073
-0.432611	0.314239	0.724144	0.0156607	-0.000727781	-0.00702628	0.143959	0.015471	-0.0598149999999998	-3.70000000000231e-06	0.000459779	0.00317062	0.40094995	-0.030549514	-0.0149709736	0.0483687975	-0.0426002529	0.0023363873	0.0398193552	-0.0497315932	0.0193739464	0.0266716472	-0.0511200208	0.034174238	0.0104439465	-0.0466052026	0.0450281516	-0.0069898018	-0.0367085017	0.0506822973	-0.0236163807	-0.0225727706	0.0504837447	-0.0375157835	-0.0058303776	0.0473262667	0.0023607639	-0.003873179	-0.0242666918	0.0025221549	0.0004507466	0.0307402715	-0.0128310191	-0.0058554082	0.0104970539	0	-0.109503725019555	-1.03061337925235	0.448081059024295	0.592443852028073
-0.449251	0.257326	0.729532	0.0149725	-0.000515752	-0.0080823	-0.01664	-0.056913	0.00538799999999984	-0.0006882	0.000212029	-0.00105602	0.17675345	-0.0307200012	-0.0145639947	0.0481516161	-0.0430685747	0.0033970715	0.0390026269	-0.0500792346	0.020937105	0.0250196571	-0.0508830806	0.0358821964	0.0079357543	-0.0453804842	0.046380053	-0.0101317049	-0.0342534364	0.0511295719	-0.026943442	-0.0188810221	0.0495420981	-0.0404158122	-0.0011684964	0.0512951938	-0.0077461284	-0.0023159946	-0.0815040763	0.0087843063	-0.0444207997	-0.0121568188	0.0212056704	0.0222257626	0.0132357416	0	0.122035506962416	-1.03243419058616	0.448081059024295	0.592443852028073
-0.440047	0.332055	0.749213	0.0148309	-5.68096e-05	-0.0079541	0.00920399999999999	0.074729	0.0196810000000002	-0.0001416	0.0004589424	0.0001282	0.14005112	-0.030889962	-0.0141560177	0.0479270103	-0.0435250908	0.0044563007	0.0381618445	-0.0503848382	0.0224773087	0.0233329509	-0.0505589784	0.0375157835	0.0054079881	-0.0440244045	0.0475762569	-0.0132345652	-0.0316481948	0.0513237961	-0.0301210128	-0.0150725591	0.048261137	-0.0430106775	0.0035030673	0.040971458	-0.0192243189	-0.0272401323	-0.0544647041	-0.0281071454	-0.0441593958	7.13322e-05	-0.0324453107	-0.0701107612	-0.0010359667	0	0.634702014303394	-1.02946206054675	0.448081059024295	0.592443852028073
-0.427826	0.270713	0.797535	0.0151392	-0.000862105	-0.00793441	0.012221	-0.061342	0.048322	0.000308300000000001	-0.0008052954	1.96900000000028e-05	0.17854927	-0.0310593936	-0.0137470706	0.0476950147	-0.0439696763	0.0055136214	0.0372975264	-0.0506481476	0.0239928691	0.0216138688	-0.0501482692	0.0390716134	0.0028668829	-0.042540889	0.0486127474	-0.0162864257	-0.0289041989	0.0512640087	-0.0331314631	-0.0111709238	0.0466496345	-0.0452807864	0.0081456036	0.0108914096	-0.0130005997	0.0193752599	-0.0257535314	-0.0764056136	-0.0190569769	-0.0145024172	0.0118237141	0.006366771	0.0154905134	0	0.75103532091073	-1.05179186125777	0.448081059024295	0.592443852028073
-0.447241	0.375265	0.823367	0.0156366	-0.000259354	-0.00775993	-0.019415	0.104552	0.0258319999999999	0.0004974	0.000602751	0.000174479999999998	0.21353055	-0.0312282931	-0.0133371814	0.0474556651	-0.0444022092	0.0065685806	0.0364102058	-0.0508689416	0.0254821244	0.0198647963	-0.0496516568	0.0405464614	0.0003187063	-0.0409342319	0.0494860452	-0.0192755259	-0.0260334792	0.0509505055	-0.03595809	-0.0072002346	0.044718628	-0.0472089983	0.0127206428	-0.0116829873	-0.0019190416	-0.0633861984	-0.0074633002	0.0254471938	0.0243263902	-0.0081339008	-0.0425758878	0.0068635041	-0.0290256457	0	0.825451684242823	-0.998949915727363	0.448081059024295	0.592443852028073
-0.462741	0.278854	0.851003	0.0154721	-0.000227811	-0.00798767	-0.0155	-0.096411	0.0276360000000002	-0.0001645	3.1543e-05	-0.000227740000000001	0.16073615	-0.0313966575	-0.0129263783	0.0472089983	-0.044822571	0.0076207265	0.0355004298	-0.051047035	0.026943442	0.0180881602	-0.0490699916	0.0419372706	-0.0022302563	-0.039209084	0.0501932186	-0.0221903471	-0.0230486216	0.0503848382	-0.0385852104	-0.0031850365	0.0424813428	-0.048780754	0.0171902747	-0.0278605316	0.0030395447	0.0678198202	-0.0091660509	0.0106929294	0.0318014756	-0.011772088	0.0403632968	0.0543166601	0.0268193677	0	0.253738340847494	-0.754152772571974	0.448081059024295	0.592443852028073
-0.477853	0.352037	0.774769	0.0160477	0.000256732	-0.00839176	-0.015112	0.073183	-0.0762340000000001	0.000575600000000001	0.000484543	-0.000404089999999999	0.23774065	-0.0315644841	-0.0125146893	0.0469550524	-0.0452306464	0.0086696085	0.0345687596	-0.0511822782	0.0283752196	0.0162864257	-0.0484042702	0.0432411585	-0.0047737179	-0.0373704389	0.0507318935	-0.0250196571	-0.0199627126	0.0495698064	-0.0409982483	0.0008498502	0.0399531023	-0.0499841859	0.0215174627	0.0068118887	0.0002742216	-0.0168415694	-0.0062494421	0.0389424001	0.0081936855	-0.009936126	-0.0117375585	0.0151752005	-0.0408010162	0	1.02846312389422	-0.505318202559803	0.448081059024295	0.592443852028073
-0.470015	0.358626	0.774505	0.0185675	-0.000307016	-0.00857937	0.00783800000000001	0.00658900000000001	-0.000263999999999931	0.0025198	-0.000563748	-0.000187609999999998	0.1782489	-0.0317317699	-0.0121021428	0.0466938665	-0.0456263236	0.0097147774	0.0336157698	-0.0512745577	0.0297758875	0.0144620929	-0.0476556328	0.0444554224	-0.0073054049	-0.035423619	0.0511002618	-0.027752553	-0.0167892817	0.0485094437	-0.0431838154	0.0048794834	0.0371512224	-0.0508102074	0.0256663501	-0.04295332	0.0116627395	0.0135264601	0.0473507099	-0.0435561446	0.0056284484	-0.004545181	0.0731832185	-0.0096788537	0.0085386276	0	-1.4394243082217	-0.491853481302413	0.448081059024295	0.592443852028073
-0.457193	0.410711	0.756918	0.0176448	0.000213968	-0.0082787	0.0128219999999999	0.052085	-0.0175870000000001	-0.000922700000000006	0.000520984	0.000300669999999998	0.1697117	-0.0318985121	-0.0116887668	0.046425481	-0.0460094942	0.0107557855	0.032642048	-0.0513237961	0.03114391	0.0126176931	-0.046825362	0.0455775458	-0.0098190728	-0.0333742597	0.0512970867	-0.0303785035	-0.013542242	0.0472089983	-0.0451297856	0.0088789537	0.0340948932	-0.0512525814	0.0296025581	-0.0145280752	0.0049173036	-0.0433058974	0.0170490716	0.0155454682	0.0154855097	-0.0243245138	-0.0435571095	0.0121251612	-0.0566391751	0	-1.32481511691533	-0.501832117614075	0.448081059024295	0.592443852028073
-0.447865	0.301041	0.742278	0.0155497	0.000284505	-0.00774794	0.00932800000000006	-0.10967	-0.0146399999999999	-0.00209509999999999	7.0537e-05	0.00053076	0.26845785	-0.0320647078	-0.0112745899	0.0461499372	-0.046380053	0.011792187	0.0316481948	-0.051329952	0.0324777874	0.0107557855	-0.0459148799	0.0466052026	-0.0123085215	-0.0312282931	0.0513217075	-0.0328873894	-0.0102358295	0.0456749061	-0.046825362	0.012823538	0.0308050475	-0.0513079677	0.03329347	0.0444585655	-0.0050360209	0.0361877212	-0.0343375927	-0.0104638176	-0.0219527686	0.0150955809	0.0083256307	-0.0197341095	0.0015256058	0	0.341788125705466	-0.915992537490509	0.448081059024295	0.592443852028073
-0.484477	0.319929	0.719885	0.0155438	5.63254e-05	-0.00821623	-0.0366120000000001	0.018888	-0.022393	-5.90000000000312e-06	-0.0002281796	-0.000468289999999998	0.11301148	-0.0322303541	-0.0108596403	0.0458672776	-0.0467378986	0.012823538	0.0306348232	-0.0512930202	0.0337760571	0.0088789537	-0.0449257461	0.0475362631	-0.0147676106	-0.0289919311	0.0511740416	-0.0352695426	-0.0068845403	0.0439147598	-0.048261137	0.0166888526	0.0273042176	-0.0509759483	0.0367085017	0.0524047485	-0.0150835187	-0.0165749417	-0.0497284385	0.002014924	-0.02412436	-0.0116801408	-0.015504982	0.0265952261	-0.0266543834	0	1.07552229752123	-0.978958751605905	0.448081059024295	0.592443852028073
-0.467536	0.321568	0.803284	0.0164781	4.12322e-05	-0.008163	0.0169410000000001	0.00163899999999995	0.083399	0.000934300000000001	-1.50932e-05	5.32299999999979e-05	0.15211016	-0.0323954483	-0.0104439465	0.0455775458	-0.0470829328	0.0138493968	0.0296025581	-0.0512130319	0.0350372959	0.0069898018	-0.0438596552	0.0483687975	-0.0171902747	-0.0266716472	0.0508545847	-0.0375157835	-0.0035030673	0.0419372706	-0.0494291445	0.0204510037	0.0236163807	-0.05025903	0.0398193552	-0.0085460257	-0.0046251865	0.0154280032	-0.014266312	-0.0046138195	-0.0349988918	-0.0508809188	0.0235061305	-0.0122158819	0.0307543651	0	1.08866801442777	-0.590789863026052	0.448081059024295	0.592443852028073
-0.423371	0.301226	0.650818	0.0152428	0.000466138	-0.00721333	0.0441649999999999	-0.0203419999999999	-0.152466	-0.0012353	0.0004249058	0.000949670000000001	0.34746679	-0.0325599874	-0.010027537	0.0452807864	-0.047415061	0.0148693239	0.0285520362	-0.051090054	0.0362601209	0.0050909511	-0.0427184332	0.0491010801	-0.0195705382	-0.0242741578	0.0503644092	-0.039617456	-0.000106236	0.0397522256	-0.050322904	0.0240867353	0.0197667948	-0.0491626259	0.0426002529	0.1135518091	-0.0167782058	-0.0068501132	-0.111457801	-0.0369626991	-0.0247571642	0.0081251119	0.026881285	0.031870504	-0.0647824429	0	1.10327628749694	-0.445993613706107	0.448081059024295	0.592443852028073
-0.358176	0.254165	0.595213	0.0174902	-2.10874e-05	-0.0062396	0.065195	-0.047061	-0.055605	0.0022474	-0.0004872254	0.000973729999999999	0.35327877	-0.0327239687	-0.0096104404	0.0449770452	-0.0477341923	0.0158828827	0.0274839053	-0.0509241898	0.0374431914	0.0031850365	-0.041504035	0.0497315932	-0.0219025301	-0.0218064029	0.0497051606	-0.0415664612	0.003291061	0.0373704389	-0.0509374568	0.0275735728	0.0157818258	-0.0476950147	0.0450281516	0.0932263297	0.0057299637	-0.0270875677	-0.0356239648	0.0164894798	-0.0483762238	0.0259641191	-0.0046985863	-0.0617044728	-0.0118582652	0	1.28934131615283	-0.421022508336043	0.448081059024295	0.592443852028073
-0.404746	0.340771	0.650685	0.0177574	0.000278389	-0.00699403	-0.04657	0.086606	0.0554720000000001	0.000267199999999999	0.0002994764	-0.00075443	0.25470332	-0.0328873894	-0.0091926851	0.044666369	-0.0480402391	0.0168896389	0.0263988242	-0.0507155786	0.0385852104	0.0012747024	-0.040218541	0.05025903	-0.0241804983	-0.0192755259	0.048879052	-0.0433552888	0.0066739292	0.0348036986	-0.051269393	0.030889962	0.0116887668	-0.0458672776	0.0470829328	0.0519854981	0.0084654121	0.0030467823	0.0216309045	-0.0242193006	-0.0394882212	0.0379075838	0.0139510676	-0.0299994915	0.0610224369	0	0.636300648141402	-0.644214991354908	0.448081059024295	0.592443852028073
-0.416286	0.3581	0.633669	0.0187015	0.000248798	-0.00749622	-0.01154	0.017329	-0.0170160000000001	0.0009441	-2.9591e-05	-0.000502189999999999	0.11967905	-0.0330502467	-0.0087742999	0.0443488058	-0.0483331176	0.0178891614	0.0252974622	-0.0504643955	0.0396849258	-0.0006374004	-0.0388641531	0.0506822973	-0.0263988242	-0.0166888526	0.0478888566	-0.0449770452	0.010027537	0.0320647078	-0.051316871	0.0340154024	0.0075156513	-0.0436932151	0.04874757	0.0450965984	0.0007341743	0.0209036765	0.0199422801	-0.002334188	-0.029722406	0.013923039	0.0102003038	-0.0407372754	-0.0272671181	0	-2.57539349224528	-1.00345853298281	0.448081059024295	0.592443852028073
-0.405629	0.412927	0.71879	0.0190137	0.000562958	-0.00731927	0.010657	0.0548270000000001	0.085121	0.000312200000000002	0.00031416	0.000176949999999999	0.1907705	-0.0332125377	-0.0083553134	0.0440244045	-0.0486127474	0.0188810221	0.0241804983	-0.0501708514	0.0407411319	-0.0025486187	-0.0374431914	0.0510005177	-0.0285520362	-0.0140538708	0.0467378986	-0.046425481	0.0133371814	0.0291670224	-0.0510796273	0.0369305738	0.003291061	-0.0411892428	0.0500082695	-0.0043292964	0.0189531076	-0.0227944058	0.0631609452	-0.0440111873	0.0165576484	0.0449497608	-0.0471205732	-0.0512838468	0.0261454292	0	1.44356221683617	-1.08254082762213	0.448081059024295	0.592443852028073
-0.439024	0.364577	0.713038	0.0192812	0.000277923	-0.00781375	-0.033395	-0.0483500000000001	-0.00575199999999987	0.0002675	-0.000285035	-0.000494479999999998	0.13984775	-0.0333742597	-0.0079357543	0.0436932151	-0.048879052	0.0198647963	0.0230486216	-0.0498351925	0.0417526707	-0.0044563007	-0.03595809	0.0512130319	-0.0306348232	-0.0113782077	0.0454300417	-0.0476950147	0.016588352	0.0261249837	-0.0505589784	0.039617456	-0.0009560698	-0.038374267	0.0508545847	-0.0067579577	0.011486016	0.0320272267	0.0379325833	0.0732441676	0.0271719353	0.0104559972	0.026518774	0.0508005941	-0.0311821856	0	0.929806530396768	-0.822504430048261	0.448081059024295	0.592443852028073
-0.43923	0.442546	0.734304	0.0191904	0.000694509	-0.00803505	-0.000206000000000039	0.077969	0.0212659999999998	-9.07999999999985e-05	0.000416586	-0.000221300000000002	0.1358753	-0.0335354099	-0.0075156513	0.0433552888	-0.0491319582	0.0208400624	0.0219025301	-0.0494577007	0.0427184332	-0.0063577993	-0.0344113928	0.0513193992	-0.032642048	-0.0086696085	0.0439696763	-0.048780754	0.0197667948	0.0229536472	-0.0497578128	0.0420594396	-0.0051966525	-0.0352695426	0.0512795028	-0.0100861404	0.0163604108	0.0409459124	0.0534597982	0.0042616745	0.0179862961	0.0171392242	-0.0168405431	-0.0022394038	-0.0010599991	0	0.879860446578776	-0.71915321311176	0.448081059024295	0.592443852028073
-0.462748	0.359289	0.70344	0.0193224	0.00054165	-0.00830554	-0.0235179999999999	-0.083257	-0.0308639999999999	0.000132	-0.000152859	-0.00027049	0.16540645	-0.0336959856	-0.0070950334	0.0430106775	-0.0493713969	0.0218064029	0.0207429306	-0.049038693	0.0436373605	-0.0082504761	-0.0328057493	0.0513193992	-0.0345687596	-0.0059359137	0.042361705	-0.049678515	0.0228585745	0.0196687086	-0.0486805757	0.0442414294	-0.0094016433	-0.0318985121	0.0512795028	0.001750111	0.0042714904	-0.0082653079	0.022236311	0.0618996302	-0.0283279303	-0.0349051216	0.0280174295	0.0237875579	0.0015564781	0	-2.2566399031009	-0.72891970524713	0.448081059024295	0.592443852028073
-0.463145	0.432519	0.709943	0.0187273	0.00121253	-0.00850351	-0.000397000000000036	0.07323	0.00650300000000004	-0.000595100000000005	0.00067088	-0.00019797	0.1533275	-0.033855984	-0.0066739292	0.0426594344	-0.0495973023	0.0227634039	0.0195705382	-0.0485785209	0.0445084453	-0.0101317049	-0.03114391	0.0512130319	-0.0364102058	-0.0031850365	0.0406115256	-0.0503848382	0.0258501361	0.0162864257	-0.047333244	0.0461499372	-0.013542242	-0.0282866287	0.0508545847	0.013074268	-0.0040974632	0.0118891827	0.0369253983	-0.0269637342	-0.0194636836	0.0027538438	0.0079201473	-0.0253111588	-0.0257276291	0	-2.10812896667726	-0.725469033220407	0.448081059024295	0.592443852028073
-0.486218	0.353836	0.705374	0.0196948	0.00104145	-0.00903262	-0.0230730000000001	-0.0786829999999999	-0.00456900000000005	0.0009675	-0.00017108	-0.000529109999999999	0.1897095	-0.0340154024	-0.0062523676	0.0423016137	-0.0498096126	0.0237106555	0.0183860761	-0.0480775708	0.0453307324	-0.0119988754	-0.0294287216	0.0510005177	-0.0381618445	-0.0004249396	0.0387250135	-0.0508970017	0.0287283636	0.012823538	-0.0457232929	0.0477731655	-0.0175900897	-0.0244611644	0.0500082695	0.0007268285	-0.0004707254	-0.018237923	0.0287822299	0.0415616596	-0.0268549747	-0.0313258985	0.0102575172	0.0309425283	-0.0128725968	0	-2.13378351235394	-0.894414000915558	0.448081059024295	0.592443852028073
-0.448828	0.447228	0.698685	0.020013	0.00143136	-0.00833707	0.0373900000000001	0.0933919999999999	-0.00668899999999994	0.000318200000000001	0.00038991	0.00069555	0.207654	-0.034174238	-0.0058303776	0.0419372706	-0.0500082695	0.024647752	0.0171902747	-0.0475362631	0.0461033203	-0.0138493968	-0.0276631221	0.0506822973	-0.0398193552	0.0023363873	0.0367085017	-0.0512130319	0.0314806383	0.0092971841	-0.0438596552	0.0491010801	-0.0215174627	-0.0204510037	0.04874757	0.0003587865	0.0002577232	0.0111342297	0.0253904023	0.0053647405	-0.0161006772	-0.0180794952	0.0101897192	-0.052950547	-0.0345392273	0	-2.35673451416378	-1.36525888528757	0.448081059024295	0.592443852028073
-0.426319	0.403403	0.67098	0.0224131	0.000292512	-0.00755542	0.022509	-0.0438249999999999	-0.027705	0.0024001	-0.001138848	0.00078165	0.3100689	-0.0343324881	-0.0054079881	0.0415664612	-0.0501932186	0.025574292	0.0159838716	-0.0469550524	0.046825362	-0.0156807013	-0.0258501361	0.05025903	-0.0413786495	0.0050909511	0.0345687596	-0.0513317109	0.0340948932	0.0057248166	-0.0417526707	0.0501254723	-0.0252974622	-0.0162864257	0.0470829328	-0.0153934422	0.0242324587	0.0002232528	0.0626434002	-0.0258528411	-0.0145803672	-0.0273676408	0.0123698717	-0.0150064151	0.0197251357	0	-1.45879418453835	-1.38983910611841	0.448081059024295	0.592443852028073
-0.392619	0.478222	0.686834	0.0220982	0.00102387	-0.0073262	0.0337	0.074819	0.015854	-0.0003149	0.000731358	0.000229220000000001	0.1881469	-0.0344901501	-0.0049852279	0.0411892428	-0.0503644092	0.0264898788	0.0147676106	-0.0463344264	0.0474960658	-0.0174902479	-0.0239928691	0.0497315932	-0.0428358815	0.0078307784	0.0323129704	-0.0512525814	0.0365596669	0.0021241158	-0.0394140296	0.05084001	-0.0289041989	-0.0119988754	0.0450281516	-0.0199395517	0.0175889836	-0.0340954244	0.0239487884	-0.0005346284	-0.0076472689	-0.0230317543	-0.0021748711	-0.0453952429	0.0121115578	0	-0.936912876253578	-1.39326154301222	0.448081059024295	0.592443852028073
-0.41221	0.422744	0.73192	0.023332	0.000301361	-0.00779603	-0.019591	-0.0554780000000001	0.045086	0.0012338	-0.000722509	-0.000469830000000001	0.24146195	-0.0346472211	-0.0045621261	0.0408056734	-0.0505217943	0.0273941201	0.013542242	-0.0456749061	0.0481146965	-0.0192755259	-0.0220945026	0.0491010801	-0.0441874568	0.0105479382	0.0299487067	-0.0509759483	0.0388641531	-0.0014870976	-0.0368567075	0.051240276	-0.0323129704	-0.0076207265	0.0426002529	-0.0556086555	0.0272198217	0.0159829904	0.0250284054	-0.0614985973	0.028381822	0.0031867649	-0.0031867126	-0.0267612748	0.0310809519	0	0.092548757407192	-1.39843024939947	0.448081059024295	0.592443852028073
-0.393396	0.502935	0.774669	0.0223655	0.0010358	-0.00731719	0.018814	0.0801910000000001	0.0427489999999999	-0.000966499999999999	0.000734439	0.00047884	0.25074295	-0.0348036986	-0.0041387117	0.0404158122	-0.0506653309	0.0282866287	0.0123085215	-0.0449770452	0.0486805757	-0.0210340579	-0.0201582885	0.0483687975	-0.0454300417	0.0132345652	0.0274839053	-0.0505028777	0.0409982483	-0.0050909511	-0.0340948932	0.0513237961	-0.0355004298	-0.0031850365	0.0398193552	-0.0566005622	0.0241323042	-0.0440225034	-0.0189491581	0.0185111782	0.0623889263	-0.010896022	-0.0224471172	0.0148110167	-0.025252673	0	0.096202219912961	-1.29928392326918	0.448081059024295	0.592443852028073
-0.426119	0.435031	0.780488	0.0224638	0.000535573	-0.00814716	-0.0327229999999999	-0.067904	0.00581899999999991	9.82999999999991e-05	-0.000500227	-0.00082997	0.17787085	-0.0349595797	-0.0037150137	0.0400197194	-0.0507949796	0.0291670224	0.0110672099	-0.0442414294	0.0491930831	-0.0227634039	-0.0181875435	0.0475362631	-0.0465605712	0.0158828827	0.0249268406	-0.0498351925	0.042952596	-0.0086696085	-0.03114391	0.051090054	-0.0384447462	0.0012747024	0.0367085017	-0.0593245994	0.0284040723	0.0302998478	0.0057787576	-0.0081092217	0.0649165343	0.0056380061	0.0173308732	0.0152211645	0.0277473311	0	0.489439932379428	-1.22750826986422	0.448081059024295	0.592443852028073
-0.426471	0.517192	0.766082	0.0224093	0.00105106	-0.00804592	-0.000352000000000019	0.0821609999999999	-0.0144059999999999	-5.4499999999999e-05	0.000515487	0.000101240000000001	0.13048035	-0.035114862	-0.003291061	0.039617456	-0.0509107048	0.0300349241	0.0098190728	-0.0434686762	0.0496516568	-0.0244611644	-0.0161856435	0.0466052026	-0.0475762569	0.0184852245	0.0222860966	-0.0489754657	0.044718628	-0.0122053583	-0.0280201309	0.0505404946	-0.041125754	0.0057248166	0.03329347	-0.0494878591	0.0170528575	-0.0165156246	-0.0229809991	0.0185661131	0.0460307362	-0.0175003093	-0.0263010172	0.0204495817	0.0047060243	0	0.683620544363658	-1.07089274643724	0.448081059024295	0.592443852028073
-0.44493	0.451764	0.780288	0.0228325	0.000670466	-0.00816226	-0.018459	-0.0654279999999999	0.0142060000000001	0.000423199999999999	-0.000380594	-0.000116339999999998	0.1440997	-0.0352695426	-0.0028668829	0.039209084	-0.0510124748	0.030889962	0.00856488	-0.0426594344	0.0500557939	-0.0261249837	-0.0141560177	0.0455775458	-0.0484745935	0.0210340579	0.0195705382	-0.0479270103	0.0462886013	-0.0156807013	-0.0247408876	0.049678515	-0.0435250908	0.0101317049	0.0296025581	-0.0568279038	0.0234208421	0.0247555447	-0.0045402089	-0.0483753821	0.049907837	0.0121402846	0.0370879031	-0.0146912673	0.0299689006	0	0.637168979865029	-1.07228855215868	0.448081059024295	0.592443852028073
-0.456255	0.472522	0.77138	0.0222154	0.000891521	-0.00824785	-0.011325	0.020758	-0.00890799999999992	-0.000617099999999995	0.000221055	-8.55900000000017e-05	0.08717825	-0.035423619	-0.0024425082	0.0387946664	-0.0511002618	0.0317317699	0.0073054049	-0.0418143832	0.0504050515	-0.027752553	-0.0121021428	0.0444554224	-0.0492533652	0.0235220047	0.0167892817	-0.0466938665	0.0476556328	-0.0190784374	-0.0213243743	0.0485094437	-0.0456263236	0.0144620929	0.0256663501	-0.0418295427	0.0146099152	-0.0498381496	-0.0278317066	0.0146675529	0.0566231808	-0.0241056939	-0.0383114643	0.0587710945	-0.0404031139	0	0.817500899902494	-1.09700183051832	0.448081059024295	0.592443852028073
-0.445005	0.463682	0.80148	0.0223314	0.000871906	-0.00825075	0.01125	-0.00884000000000007	0.0300999999999998	0.000115999999999998	-1.9615e-05	-2.89999999999839e-06	0.0571157500000002	-0.0355770885	-0.0020179662	0.038374267	-0.0511740416	0.0325599874	0.0060414244	-0.0409342319	0.0506990465	-0.0293416141	-0.010027537	0.0432411585	-0.0499106512	0.0259418632	0.0139516636	-0.0452807864	0.0488137291	-0.0223817506	-0.0177895469	0.0470405074	-0.047415061	0.0186832834	0.0215174627	-0.0563504616	0.0190972497	0.0403569277	-0.0361488424	0.0485967642	0.0606448486	0.0054706539	-0.0092279202	-0.0115889865	0.0351768088	0	0.628722962017583	-0.907839311795189	0.448081059024295	0.592443852028073
-0.444929	0.43157	0.758048	0.0222806	0.000781515	-0.00817334	7.60000000000205e-05	-0.032112	-0.0434319999999999	-5.08000000000036e-05	-9.03910000000001e-05	7.741e-05	0.0865500499999999	-0.0357299485	-0.0015932859	0.0379479508	-0.0512337941	0.0333742597	0.0047737179	-0.0400197194	0.0509374568	-0.030889962	-0.0079357543	0.0419372706	-0.0504448302	0.0282866287	0.0110672099	-0.0436932151	0.0497578128	-0.025574292	-0.0141560177	0.0452807864	-0.048879052	0.0227634039	0.0171902747	-0.031399329	0.0081097771	0.0295758651	-0.0264997685	0.0022985429	0.0293630973	-0.0339133949	-0.0178651849	0.0605924107	-0.0022404345	0	0.996900632094074	0.103501245718178	0.448081059024295	0.592443852028073
-0.413265	0.441267	0.687384	0.023137	0.000638606	-0.00743632	0.0316640000000001	0.00969700000000001	-0.0706639999999999	0.000856400000000004	-0.000142909	0.000737019999999999	0.19884145	-0.0358821964	-0.0011684964	0.0375157835	-0.0512795028	0.034174238	0.0035030673	-0.0390716134	0.0511200208	-0.0323954483	-0.0058303776	0.0405464614	-0.0508545847	0.030549514	0.0081456036	-0.0419372706	0.0504837447	-0.0286402612	-0.0104439465	0.0432411585	-0.0500082695	0.0266716472	0.0127206428	-0.0057155186	0.0118269245	-0.0279708921	0.0094717051	0.0769642297	0.0063046312	0.0268810715	-0.0225155952	-0.0394656424	0.060933544	0	1.11251897321028	0.257732925732945	0.448081059024295	0.592443852028073
-0.408702	0.40415	0.672189	0.0232132	0.000542287	-0.00762415	0.00456299999999993	-0.037117	-0.015195	7.61999999999985e-05	-9.6319e-05	-0.00018783	0.0748924499999999	-0.0360338295	-0.0007436268	0.0370778316	-0.0513111553	0.0349595797	0.0022302563	-0.0380907096	0.0512465384	-0.033855984	-0.0037150137	0.0390716134	-0.051138904	0.0327239687	0.0051966525	-0.0400197194	0.0509883422	-0.0315644841	-0.0066739292	0.0409342319	-0.0507949796	0.0303785035	0.0081456036	0.0029374571	-0.0019851788	0.0507804451	0.019448086	-0.0383399894	0.0064299032	0.0068575585	0.012346083	0.0110410548	-0.013135502	0	0.924284788331493	-0.01045116698331	0.448081059024295	0.592443852028073
-0.382192	0.464434	0.626379	0.0239465	0.000542287	-0.0074639	0.02651	0.060284	-0.04581	0.000733299999999999	0	0.000160249999999999	0.1772815	-0.0361848453	-0.0003187063	0.0366341627	-0.0513287428	0.0357299485	0.0009560698	-0.0370778316	0.051316871	-0.0352695426	-0.0015932859	0.0375157835	-0.0512970867	0.0348036986	0.0022302563	-0.0379479508	0.051269393	-0.0343324881	-0.0028668829	0.038374267	-0.0512337941	0.033855984	0.0035030673	0.0227708574	0.0122211049	-0.043125851	0.046000052	0.0271525104	0.0048198631	0.0281848936	-0.0215570931	-0.007388892	-0.000551073	0	0.797148643154779	-0.523416354653407	0.448081059024295	0.592443852028073
-0.37288	0.439199	0.623048	0.0257415	0.000542287	-0.00727816	0.00931199999999999	-0.0252350000000001	-0.00333100000000008	0.001795	0	0.000185740000000001	0.136915	-0.0363352411	0.000106236	0.0361848453	-0.0513322605	0.0364850145	-0.0003187063	-0.0360338295	0.0513309413	-0.0366341627	0.0005311711	0.0358821964	-0.0513287428	0.0367826834	-0.0007436268	-0.0357299485	0.0513256648	-0.0369305738	0.0009560698	0.0355770885	-0.0513217075	0.0370778316	-0.0011684964	-0.0027579025	0.0149954054	0.0243004783	0.0253810117	0.0101018932	-0.0144942807	0.0021766068	0.0106637974	-0.0065569274	0.0770261425	0	0.760604537275443	-0.509844203961802	0.448081059024295	0.592443852028073
-0.39013	0.493649	0.653583	0.0244484	0.00102194	-0.00750449	-0.01725	0.05445	0.0305350000000001	-0.0012931	0.000479653	-0.000226330000000001	0.20218915	-0.0364850145	0.0005311711	0.0357299485	-0.0513217075	0.0372244541	-0.0015932859	-0.0349595797	0.0512887341	-0.0379479508	0.0026547183	0.034174238	-0.0512337941	0.0386551947	-0.0037150137	-0.0333742597	0.051156911	-0.0393458828	0.0047737179	0.0325599874	-0.0510581178	0.0400197194	-0.0058303776	0.0011677525	-0.0052653466	0.0035178719	-0.0053586806	-0.0168450617	-0.033791104	-0.0171416062	-0.0087708087	-0.0531511291	0.0087267499	0	0.892822960549405	-0.609499442130254	0.448081059024295	0.592443852028073
-0.382282	0.422019	0.642437	0.0251009	0.00100921	-0.00747744	0.00784800000000002	-0.07163	-0.011146	0.0006525	-1.27300000000001e-05	2.70499999999998e-05	0.125238	-0.0366341627	0.0009560698	0.0352695426	-0.0512970867	0.0379479508	-0.0028668829	-0.033855984	0.0511902955	-0.039209084	0.0047737179	0.0323954483	-0.0510124748	0.0404158122	-0.0066739292	-0.030889962	0.0507638714	-0.0415664612	0.00856488	0.0293416141	-0.0504448302	0.0426594344	-0.0104439465	0.0035343267	-0.0005745012	-0.0441635095	0.0260108287	-0.0913025983	-0.0355919457	-0.0361870595	0.024290589	-0.0017597842	-0.0199290323	0	1.24427674009136	-0.887728050108545	0.448081059024295	0.592443852028073
-0.382447	0.514748	0.675714	0.0255375	0.00134226	-0.00736103	-0.000164999999999971	0.092729	0.033277	0.000436599999999999	0.00033305	0.00011641	0.170474	-0.0367826834	0.001380903	0.0348036986	-0.0512584048	0.0386551947	-0.0041387117	-0.0327239687	0.0510357335	-0.0404158122	0.0068845403	0.030549514	-0.0506653309	0.0420594396	-0.0096104404	-0.0282866287	0.0501482692	-0.043581319	0.0123085215	0.0259418632	-0.0494860452	0.0449770452	-0.0149709736	-0.0113042115	0.0043434994	-0.0917760139	-0.0099509274	0.02517025	0.0280930144	0.0109671229	-0.0431659673	-0.0085734394	0.010456456	0	0.78500036445486	-0.984178256329332	0.448081059024295	0.592443852028073
-0.384778	0.480972	0.689958	0.0265627	0.000706323	-0.00803614	-0.00233100000000003	-0.033776	0.0142439999999999	0.0010252	-0.000635937	-0.00067511	0.16716335	-0.0369305738	0.0018056415	0.0343324881	-0.0512056724	0.0393458828	-0.0054079881	-0.0315644841	0.0508252175	-0.0415664612	0.0089835694	0.0286402612	-0.0501932186	0.043581319	-0.0125146893	-0.025574292	0.0493128035	-0.0453804842	0.0159838716	0.0223817506	-0.0481883295	0.0469550524	-0.0193739464	-0.024765539	0.0121161817	0.0465504318	-0.0002956162	-0.0030048124	0.0566616047	0.0223545224	0.0294593606	0.0382741696	-0.0112154797	0	0.97426238193907	-1.37614159709175	0.448081059024295	0.592443852028073
-0.399169	0.544014	0.689655	0.0265389	0.00134495	-0.00804365	-0.014391	0.063042	-0.000302999999999942	-2.38000000000009e-05	0.000638627	-7.50999999999703e-06	0.11123285	-0.0370778316	0.0022302563	0.033855984	-0.051138904	0.0400197194	-0.0066739292	-0.0303785035	0.0505589784	-0.0426594344	0.0110672099	0.0266716472	-0.0495973023	0.0449770452	-0.0153769266	-0.0227634039	0.048261137	-0.0469550524	0.0195705382	0.0186832834	-0.0465605712	0.0485785209	-0.0236163807	-0.0243917576	0.0062153609	-0.0115548591	-0.0255684305	0.0535074078	0.0500790938	-0.009872078	-0.0335392638	0.0548873126	-0.0276762529	0	1.01529314723818	-1.37155820323277	0.448081059024295	0.592443852028073
-0.41054	0.477307	0.710256	0.0260136	0.00107048	-0.00813165	-0.011371	-0.066707	0.020601	-0.000525300000000003	-0.00027447	-8.8000000000003e-05	0.1430675	-0.0372244541	0.0026547183	0.0333742597	-0.0510581178	0.0406764158	-0.0079357543	-0.0291670224	0.050237308	-0.0436932151	0.0131318924	0.024647752	-0.048879052	0.0462425779	-0.0181875435	-0.0198647963	0.0469978805	-0.0482972307	0.0230486216	0.0148693239	-0.0446139188	0.0498351925	-0.0276631221	-0.0243186256	-0.0027346583	0.033571782	-0.0203523155	-0.0064520536	0.0058606153	-0.0151382645	0.0343754122	-0.0091594392	0.0183793671	0	0.608370426422172	-1.36089915456373	0.448081059024295	0.592443852028073
-0.399373	0.555451	0.705027	0.0260965	0.00131056	-0.00834987	0.011167	0.078144	-0.00522899999999993	8.29000000000003e-05	0.00024008	-0.00021822	0.1216	-0.0373704389	0.0030789983	0.0328873894	-0.050963336	0.0413156908	-0.0091926851	-0.0279310578	0.049860559	-0.044666369	0.0151740801	0.0225727706	-0.0480402391	0.047374254	-0.020937105	-0.0168896389	0.0455285727	-0.0494003765	0.0263988242	0.0109634486	-0.042361705	0.0507155786	-0.0314806383	-0.0209301425	-0.0037585046	-0.0310230199	-0.029846731	-0.0205997597	0.0138763367	-0.0194175177	-0.0336647275	0.0139225668	0.0163262956	0	0.921120424683541	-0.107333579949184	0.448081059024295	0.592443852028073
-0.422209	0.496294	0.717947	0.0261826	0.00104933	-0.00832127	-0.022836	-0.0591570000000001	0.0129199999999999	8.60999999999987e-05	-0.00026123	2.86000000000002e-05	0.1137095	-0.0375157835	0.0035030673	0.0323954483	-0.0508545847	0.0419372706	-0.0104439465	-0.0266716472	0.0494291445	-0.0455775458	0.0171902747	0.0204510037	-0.0470829328	0.0483687975	-0.0236163807	-0.0138493968	0.0438596552	-0.05025903	0.0296025581	0.0069898018	-0.0398193552	0.0512130319	-0.0350372959	-0.0256509004	0.0052541928	0.0338295041	-0.0388578147	0.0394480897	0.0177214845	0.0121642122	0.0071433936	0.0017342368	0.0666755135	0	0.472023941864788	-0.261290314698941	0.448081059024295	0.592443852028073
-0.419016	0.495379	0.664867	0.0267584	0.00128	-0.00812181	0.003193	-0.000914999999999944	-0.05308	0.000575800000000005	0.00023067	0.00019946	0.1074845	-0.0376604853	0.0039268963	0.0318985121	-0.0507318935	0.042540889	-0.0116887668	-0.0253898477	0.0489435374	-0.046425481	0.0191770227	0.018286849	-0.0460094942	0.0492233296	-0.0262163763	-0.0107557855	0.041998445	-0.0508689416	0.032642048	0.002972947	-0.037004282	0.0513237961	-0.0383036235	-0.0050003112	-0.0081516228	0.0429329983	-0.0072854689	-0.0347424943	0.0038902985	-0.0028597549	-0.0166819981	0.0238047893	-0.0068284105	0	-0.296345623354965	0.088152870533166	0.448081059024295	0.592443852028073
-0.418959	0.491639	0.644585	0.0274906	0.00121904	-0.00808502	5.69999999999737e-05	-0.00373999999999997	-0.0202819999999999	0.000732199999999999	-6.09600000000001e-05	3.67900000000001e-05	0.0655765	-0.0378045419	0.0043504562	0.0313966575	-0.0505952962	0.0431262874	-0.0129263783	-0.0240867353	0.0484042702	-0.0472089983	0.0211309207	0.016084792	-0.044822571	0.0499353767	-0.0287283636	-0.0076207265	0.0399531023	-0.0512270927	0.0355004298	-0.0010622854	-0.0339357659	0.051047035	-0.0412525551	-0.0020167587	-0.0028629857	-0.0418668026	-0.0180549534	0.0471360468	-0.0094008453	-0.0090379007	0.0049292626	0.0131068614	0.0232632832	0	-0.473509833572133	0.154361561967492	0.448081059024295	0.592443852028073
-0.418852	0.501397	0.649796	0.0272207	0.000762522	-0.00816489	0.000106999999999968	0.00975799999999993	0.00521099999999997	-0.0002699	-0.000456518	-7.98699999999993e-05	0.0553904	-0.0379479508	0.0047737179	0.030889962	-0.0504448302	0.0436932151	-0.0141560177	-0.0227634039	0.047811934	-0.0479270103	0.0230486216	0.0138493968	-0.0435250908	0.0505028777	-0.03114391	-0.0044563007	0.0377325944	-0.0513317109	0.0381618445	-0.0050909511	-0.0306348232	0.0503848382	-0.0438596552	0.0007307005	-0.0155368072	0.0385879916	-0.0299164555	0.0282565016	0.0017215702	-0.0231722761	0.0021202686	0.0231289379	-0.0347612691	0	0.972935903451821	0.116650988756485	0.448081059024295	0.592443852028073
-0.396548	0.532419	0.696867	0.027145	0.000645033	-0.00765333	0.022304	0.031022	0.047071	-7.57000000000015e-05	-0.000117489	0.000511559999999999	0.13563445	-0.0380907096	0.0051966525	0.0303785035	-0.0502805367	0.0442414294	-0.0153769266	-0.0214209644	0.0471671784	-0.0485785209	0.0249268406	0.0115852966	-0.042120254	0.0509241898	-0.0334549064	-0.0012747024	0.0353466565	-0.0511822782	0.0406115256	-0.0090881467	-0.0271240621	0.0493422058	-0.0461033203	-0.0152254662	0.0002919212	0.0450239167	-0.0205471688	0.0028910055	-0.0024797627	-0.0053743139	-0.0311869954	-0.0018499365	0.0352275423	0	0.002191786717077	0.146982972960721	0.448081059024295	0.592443852028073
-0.416261	0.512328	0.632715	0.0283144	0.000226591	-0.00809152	-0.019713	-0.020091	-0.0641520000000001	0.0011694	-0.000418442	-0.000438189999999998	0.2052576	-0.0382328158	0.005619231	0.029862361	-0.0501024608	0.0447706954	-0.016588352	-0.0200605435	0.0464707102	-0.0491626259	0.0267623602	0.0092971841	-0.0406115256	0.0511980936	-0.0356535949	0.001911808	0.0328057493	-0.0507795342	0.0428358815	-0.0130291632	-0.0234275279	0.0479270103	-0.0479649587	0.0068431271	-0.0176951701	-0.000468719	-0.0221631492	0.0305654728	-0.0311175505	-0.0553177081	0.0070691963	0.0357354681	-0.0558971425	0	-2.38165067114291	0.150318649953971	0.448081059024295	-1.68540061352814
-0.392746	0.575231	0.55762	0.0298239	0.000367752	-0.00795894	0.023515	0.062903	-0.0750949999999999	0.0015095	0.000141161	0.00013258	0.25067505	-0.038374267	0.0060414244	0.0293416141	-0.0499106512	0.0452807864	-0.0177895469	-0.0186832834	0.0457232929	-0.049678515	0.0285520362	0.0069898018	-0.0390026269	0.0513237961	-0.0377325944	0.0050909511	0.0301210128	-0.0501254723	0.044822571	-0.0168896389	-0.0195705382	0.0461499372	-0.0494291445	0.0150516628	-0.0236030249	-0.0035863503	-0.0091816681	0.0161413768	-0.0583750342	-0.0351168647	-0.0081260879	-0.0489079309	-0.0044194443	0	1.05364641696558	0.170899855589614	-2.22840312389761	-1.68540061352814
-0.414399	0.49536	0.557828	0.0295672	0.000218062	-0.0079763	-0.021653	-0.079871	0.000207999999999986	-0.000256700000000002	-0.00014969	-1.73600000000027e-05	0.1229195	-0.0385150608	0.0064632038	0.028816343	-0.0497051606	0.0457714839	-0.0189797704	-0.01729034	0.0449257461	-0.0501254723	0.0302928029	0.004667932	-0.0372975264	0.0513009334	-0.0396849258	0.0082504761	0.0273042176	-0.0492233296	0.0465605712	-0.0206457099	-0.0155795096	0.0440244045	-0.0504837447	0.0214976085	-0.0326491114	0.0114895104	0.0052573656	-0.0904072528	-0.0562552989	-0.0305469817	0.0479783588	-0.0419008725	-0.0507520842	0	-0.674358809345323	0.176992773922064	-2.22840312389761	-1.68540061352814
-0.368418	0.58733	0.573182	0.0296787	0.000788741	-0.00757571	0.045981	0.09197	0.015354	0.0001115	0.000570679	0.00040059	0.20744345	-0.0386551947	0.0068845403	0.0282866287	-0.0494860452	0.0462425779	-0.0201582885	-0.0158828827	0.0440789442	-0.0505028777	0.0319816784	0.0023363873	-0.0355004298	0.0511295719	-0.041504035	0.0113782077	0.0243677133	-0.0480775708	0.0480402391	-0.0242741578	-0.0114817767	0.0415664612	-0.0511200208	0.0201426773	-0.0201065748	-0.0604215841	0.0037783087	-0.0234704272	-0.0335110088	-0.0172246845	-0.041752368	-0.0150490763	0.010775037	0	0.761600860091281	0.190453165679998	-2.22840312389761	0.592443852028073
-0.430256	0.500501	0.541724	0.0301317	-1.3728e-05	-0.00847263	-0.0618380000000001	-0.086829	-0.031458	0.000452999999999999	-0.000802469	-0.00089692	0.28774445	-0.0387946664	0.0073054049	0.027752553	-0.0492533652	0.0466938665	-0.0213243743	-0.0144620929	0.0431838154	-0.0508102074	0.0336157698	0	-0.0336157698	0.0508102074	-0.0431838154	0.0144620929	0.0213243743	-0.0466938665	0.0492533652	-0.027752553	-0.0073054049	0.0387946664	-0.0513327002	0.0252763572	-0.0252501614	0.0341875647	-0.0031424881	0.0071376586	-0.0338412578	0.0061404568	0.0405746167	0.0119662283	0.0019217503	0	0.111905806729851	0.20433722969937	0.448081059024295	0.592443852028073
-0.394407	0.585966	0.558104	0.0299536	0.00021111	-0.00798464	0.035849	0.085465	0.0163800000000001	-0.0001781	0.000224838	0.000487990000000002	0.1822404	-0.0389334734	0.007725769	0.0272141981	-0.0490071843	0.0471251565	-0.0224773087	-0.0130291632	0.0422413413	-0.051047035	0.0351922777	-0.0023363873	-0.0316481948	0.0503437644	-0.044718628	0.0174902479	0.0181875435	-0.0450790651	0.0501932186	-0.0310593936	-0.0030789983	0.0357299485	-0.0511200208	0.0271981881	-0.0249805631	0.003936592	0.0241173059	-0.0677884072	-0.037560998	0.0009828981	-0.0218704373	-0.0420797376	-0.0102686138	0	0.807974068387489	0.177111816998618	0.448081059024295	0.592443852028073
-0.429209	0.528161	0.55406	0.0298442	-0.000180226	-0.00855247	-0.034802	-0.057805	-0.00404400000000005	-0.000109399999999999	-0.000391336	-0.00056783	0.1500793	-0.0390716134	0.0081456036	0.0266716472	-0.04874757	0.0475362631	-0.0236163807	-0.0115852966	0.0412525551	-0.0512130319	0.0367085017	-0.004667932	-0.0296025581	0.0497315932	-0.0461033203	0.0204510037	0.0149709736	-0.0432411585	0.0508545847	-0.034174238	0.0011684964	0.0323954483	-0.0504837447	0.0282703139	-0.0366797173	-0.0627183577	8.73486e-05	0.0111542177	-0.0597637197	-0.0178370213	0.0532099122	0.0245647731	0.0015591797	0	0.121237166010347	0.129754811603442	0.448081059024295	0.592443852028073
-0.395501	0.584033	0.538353	0.0299285	0.000344882	-0.00791775	0.033708	0.055872	-0.015707	8.43000000000024e-05	0.000525108	0.00063472	0.1674934	-0.039209084	0.00856488	0.0261249837	-0.0484745935	0.0479270103	-0.0247408876	-0.0101317049	0.040218541	-0.0513079677	0.0381618445	-0.0069898018	-0.0274839053	0.0489754657	-0.047333244	0.0233329509	0.0116887668	-0.0411892428	0.0512337941	-0.0370778316	0.0054079881	0.028816343	-0.0494291445	0.0346073494	-0.0346925258	0.0127379429	0.01621518	-0.0333734039	-0.0242329478	0.0049624565	-0.0097915222	-0.0315544477	-0.0775505207	0	0.574390046254792	0.109932033622585	0.448081059024295	-1.68540061352814
-0.395363	0.54632	0.553325	0.0302033	0.000267022	-0.00764057	0.000138000000000027	-0.037713	0.014972	0.000274799999999999	-7.786e-05	0.000277179999999998	0.0843149999999998	-0.0393458828	0.0089835694	0.025574292	-0.0481883295	0.0482972307	-0.0258501361	-0.0086696085	0.0391404325	-0.0513317109	0.0395498165	-0.0092971841	-0.0252974622	0.0480775708	-0.0484042702	0.0261249837	0.0083553134	-0.0389334734	0.0513287428	-0.0397522256	0.0096104404	0.0250196571	-0.0479649587	0.0336593888	-0.0203187045	-0.045051539	0.0161744894	-0.0024169971	-0.0191933893	0.0192498605	0.0039812486	-0.0007310054	0.0112019273	0	0.524758223789571	-0.116316671337341	-2.22840312389761	0.592443852028073
-0.395459	0.550695	0.503556	0.0302774	0.000267022	-0.00789466	-9.5999999999985e-05	0.00437499999999991	-0.049769	7.40999999999971e-05	0	-0.000254089999999998	0.0706494999999999	-0.0394820076	0.0094016433	0.0250196571	-0.0478888566	0.0486467657	-0.026943442	-0.0072002346	0.0380194116	-0.0512842283	0.0408700402	-0.0115852966	-0.0230486216	0.0470405074	-0.0493128035	0.028816343	0.0049852279	-0.0364850145	0.051138904	-0.042180888	0.0137470706	0.0210340579	-0.0461033203	0.0484251662	-0.0304821096	0.0156653817	0.0188063704	0.0043547108	-0.0135172764	0.0337861986	0.0064327829	-0.0132547642	-0.0427677052	0	-0.363164781224559	-0.158298154384608	-2.22840312389761	0.592443852028073
-0.395578	0.548659	0.570853	0.0295592	0.000863067	-0.00786383	-0.000119000000000036	-0.00203599999999993	0.0672969999999999	-0.000718200000000002	0.000596045	3.08299999999973e-05	0.13670575	-0.039617456	0.0098190728	0.0244611644	-0.0475762569	0.0489754657	-0.0280201309	-0.0057248166	0.0368567075	-0.0511655859	0.042120254	-0.0138493968	-0.0207429306	0.0458672776	-0.0500557939	0.0313966575	0.0015932859	-0.033855984	0.0506653309	-0.0443488058	0.0177895469	0.0168896389	-0.0438596552	0.0361145921	-0.0162122479	-0.0155818161	0.041700325	-0.0597757795	-0.0126412664	0.0606382497	-0.0168991935	-0.0384877016	0.0167220541	0	0.841276290959538	-0.267679913991989	-2.22840312389761	0.592443852028073
-0.41478	0.53655	0.559131	0.0304252	0.000292302	-0.00816585	-0.019202	-0.012109	-0.0117219999999999	0.000866000000000002	-0.000570765	-0.00030202	0.12997225	-0.0397522256	0.0102358295	0.0238989001	-0.0472506159	0.0492831899	-0.029079539	-0.004244593	0.0356535949	-0.0509759483	0.0432983163	-0.016084792	-0.0183860761	0.0445612775	-0.0506307473	0.033855984	-0.0018056415	-0.0310593936	0.0499106512	-0.0462425779	0.0217101824	0.0126176931	-0.0412525551	0.0328756153	-0.0196287609	-0.0028004184	0.0106401547	0.0470540182	0.0096010284	0.0405430515	0.0349685599	0.0450391888	-0.0096478323	0	0.592393290016047	-0.558034868874234	-2.22840312389761	0.592443852028073
-0.382416	0.579804	0.619683	0.0307707	0.000473448	-0.00793376	0.0323640000000001	0.043254	0.0605519999999999	0.000345499999999999	0.000181146	0.000232090000000003	0.1741068	-0.0398863142	0.0106518847	0.0233329509	-0.0469120231	0.0495698064	-0.0301210128	-0.0027608065	0.0344113928	-0.0507155786	0.0444022092	-0.018286849	-0.0159838716	0.0431262874	-0.0510357335	0.0361848453	-0.0051966525	-0.0281090841	0.048879052	-0.0478504978	0.0254821244	0.0082504761	-0.0383036235	0.0106535588	-0.0130862828	0.0205075541	0.016167077	-0.0608049459	0.0184667776	0.0536837453	-0.0212022823	-0.019185212	-0.0227077986	0	-0.192105104756155	-0.580931068763882	-2.22840312389761	0.592443852028073
-0.367671	0.559191	0.67968	0.0305799	0.000421039	-0.00748433	0.014745	-0.020613	0.0599970000000001	-0.000190799999999994	-5.2409e-05	0.000449429999999998	0.12998695	-0.0400197194	0.0110672099	0.0227634039	-0.0465605712	0.0498351925	-0.03114391	-0.0012747024	0.0331314631	-0.0503848382	0.0454300417	-0.0204510037	-0.013542242	0.0415664612	-0.051269393	0.038374267	-0.00856488	-0.0250196571	0.0475762569	-0.0491626259	0.029079539	0.0038209632	-0.0350372959	-0.0105469363	-0.002425403	-0.0427316652	-0.0300738964	0.0526884083	0.0048326921	-0.0064460915	-0.0060240591	0.0404552307	0.0163977021	0	0.154823534384058	-0.550978717329018	-2.22840312389761	0.592443852028073
-0.37633	0.584286	0.666057	0.0305443	0.00018494	-0.00734438	-0.00865899999999997	0.025095	-0.0136230000000001	-3.56000000000037e-05	-0.000236099	0.00013995	0.0679594499999999	-0.040152439	0.0114817767	0.0221903471	-0.0461963565	0.0500792346	-0.0321475998	0.0002124716	0.0318152092	-0.0499841859	0.046380053	-0.0225727706	-0.0110672099	0.0398863142	-0.0513309413	0.0404158122	-0.0118955567	-0.0218064029	0.0460094942	-0.0501708514	0.0324777874	-0.0006374004	-0.0314806383	0.0048144223	-0.0117418557	0.0516394989	-0.0106487237	-0.0060465064	0.0235539773	0.0187584486	0.0019651477	0.0173110291	-0.0435959512	0	0.569907290702759	-0.432654331199872	0.448081059024295	-1.68540061352814
-0.359425	0.608154	0.701195	0.0305546	0.000421039	-0.0075616	0.016905	0.023868	0.035138	1.02999999999978e-05	0.000236099	-0.00021722	0.09909195	-0.0402844707	0.0118955567	0.0216138688	-0.0458194789	0.0503018281	-0.0331314631	0.0016994674	0.030464074	-0.0495141777	0.0472506159	-0.024647752	-0.00856488	0.0380907096	-0.051220172	0.0423016137	-0.0151740801	-0.0184852245	0.0441874568	-0.0508689416	0.0356535949	-0.0050909511	-0.0276631221	-0.0161209593	-0.0017205586	-0.0111444035	-0.0202973677	-0.000479764	0.0135654904	0.0123443814	-0.0443963885	-0.0022391148	0.0406660323	0	0.918465515775173	-0.421452665767426	0.448081059024295	-1.68540061352814
-0.369892	0.574826	0.673677	0.0308291	-7.78693e-05	-0.00760657	-0.010467	-0.0333279999999999	-0.0275179999999999	0.0002745	-0.0004989083	-4.49700000000001e-05	0.112231915	-0.0404158122	0.0123085215	0.0210340579	-0.0454300417	0.0505028777	-0.0340948932	0.0031850365	0.029079539	-0.0489754657	0.0480402391	-0.0266716472	-0.0060414244	0.0361848453	-0.0509374568	0.0440244045	-0.0183860761	-0.0150725591	0.042120254	-0.0512525814	0.0385852104	-0.0095060622	-0.0236163807	-0.0127044256	6.12526e-05	0.0359637641	-0.0251528849	0.0211026402	0.0128335327	0.024033666	0.0407329248	0.032760484	0.0342798182	0	0.744923537121885	-0.416942079614388	0.448081059024295	-1.68540061352814
-0.335128	0.606214	0.692223	0.0306835	0.000470042	-0.00696972	0.034764	0.031388	0.0185459999999998	-0.000145599999999999	0.0005479113	0.00063685	0.151216065	-0.0405464614	0.0127206428	0.0204510037	-0.0450281516	0.0506822973	-0.0350372959	0.004667932	0.0276631221	-0.0483687975	0.04874757	-0.0286402612	-0.0035030673	0.034174238	-0.0504837447	0.0455775458	-0.0215174627	-0.0115852966	0.0398193552	-0.0513193992	0.0412525551	-0.0138493968	-0.0193739464	-0.0118899295	0.0013009419	0.0165362909	-0.0194159537	-0.0077507695	0.0131377257	0.0085202533	-0.0436530113	0.0229339205	0.0086547717	0	0.325515968437556	-0.538123384144795	0.448081059024295	0.592443852028073
-0.342036	0.588844	0.707472	0.0306555	0.000363631	-0.00733191	-0.00690799999999997	-0.0173700000000001	0.0152490000000001	-2.79999999999968e-05	-0.000106411	-0.000362189999999998	0.0643570499999999	-0.0406764158	0.0131318924	0.0198647963	-0.0446139188	0.05084001	-0.03595809	0.0061469092	0.0262163763	-0.0476950147	0.0493713969	-0.030549514	-0.0009560698	0.0320647078	-0.049860559	0.0469550524	-0.0245545108	-0.0080406961	0.0372975264	-0.0510689819	0.0436373605	-0.0180881602	-0.0149709736	-0.0145565837	0.0133545727	0.016611259	-0.0215985757	0.0429015155	0.001911899	0.0206984262	0.000156747	-0.0194974096	0.0664319348	0	1.04695100495016	-0.789649623942846	0.448081059024295	0.592443852028073
-0.352474	0.572786	0.654602	0.0311713	0.000363631	-0.00773108	-0.0104379999999999	-0.0160579999999999	-0.05287	0.000515799999999993	0	-0.000399170000000002	0.1251145	-0.0408056734	0.013542242	0.0192755259	-0.0441874568	0.0509759483	-0.0368567075	0.0076207265	0.0247408876	-0.0469550524	0.0499106512	-0.0323954483	0.0015932859	0.029862361	-0.0490699916	0.0481516161	-0.0274839053	-0.0044563007	0.0345687596	-0.0505028777	0.0457232929	-0.0221903471	-0.0104439465	0.0048549222	-0.0039438524	0.0292198289	-0.002724423	-0.0323232527	0.0024991306	0.0070154613	-0.0048150257	0.0245687527	-0.0262688185	0	1.08830718550986	-0.001274000399363	0.448081059024295	0.592443852028073
-0.348993	0.625678	0.721153	0.0308121	0.000363631	-0.00771399	0.00348099999999996	0.0528919999999999	0.0665509999999999	-0.000359199999999997	0	1.709e-05	0.1417385	-0.0409342319	0.0139516636	0.0186832834	-0.0437488826	0.051090054	-0.0377325944	0.0090881467	0.0232382738	-0.0461499372	0.0503644092	-0.034174238	0.0041387117	0.0275735728	-0.0481146965	0.0491626259	-0.0302928029	-0.0008498502	0.0316481948	-0.0496245858	0.0474960658	-0.0261249837	-0.0058303776	-0.0125313972	0.0073696644	-0.0119422574	-0.0145076014	0.0355014855	0.0125810419	0.0151809802	-0.0363060147	-0.0240763997	0.0314461392	0	0.892513997302848	0.481744330071848	0.448081059024295	0.592443852028073
-0.371709	0.544133	0.669217	0.0307171	0.000363632	-0.00788066	-0.022716	-0.081545	-0.0519359999999999	-9.49999999999979e-05	9.99999999961535e-10	-0.000166669999999997	0.16928055	-0.0410620891	0.0143601292	0.0180881602	-0.0432983163	0.0511822782	-0.0385852104	0.0105479382	0.0217101824	-0.0452807864	0.0507318935	-0.0358821964	0.0066739292	0.0252049683	-0.0469978805	0.0499841859	-0.0329688886	0.0027608065	0.0285520362	-0.0484395355	0.0489435374	-0.029862361	-0.0011684964	0.0051136013	-0.0022782391	0.0107896052	-0.0045284907	0.0091178547	0.0054899485	0.0020604581	0.0490097766	0.023152452	0.0181183071	0	0.634428743561855	0.546552105470819	0.448081059024295	0.592443852028073
-0.371753	0.625551	0.615357	0.0310965	0.000793908	-0.00780031	-4.39999999999885e-05	0.081418	-0.0538600000000001	0.000379399999999998	0.000430276	8.03499999999973e-05	0.1798233	-0.0411892428	0.0147676106	0.0174902479	-0.0428358815	0.0512525814	-0.0394140296	0.0119988754	0.0201582885	-0.0443488058	0.0510124748	-0.0375157835	0.0091926851	0.0227634039	-0.0457232929	0.0506131302	-0.0355004298	0.0063577993	0.0252974622	-0.0469550524	0.0500557939	-0.0333742597	0.0035030673	0.0228581663	0.003775901	0.015792704	0.0213693388	0.0206615071	-0.0257589072	0.0130775373	-0.0353118322	-0.0264257852	0.0064605307	0	0.664494659780526	-0.328868288806662	0.448081059024295	0.592443852028073
-0.371506	0.47729	0.56317	0.0310347	0.00129153	-0.00686463	0.000246999999999997	-0.148261	-0.052187	-6.18000000000007e-05	0.000497622	0.00093568	0.2754501	-0.0413156908	0.0151740801	0.0168896389	-0.042361705	0.0513009334	-0.040218541	0.0134397405	0.0185842938	-0.0433552888	0.0512056724	-0.0390716134	0.0116887668	0.0202559471	-0.0442952125	0.051047035	-0.0378763275	0.0099233262	0.0219025301	-0.0451803128	0.0508252175	-0.0366341627	0.0081456036	0.0443761481	0.0016841375	-0.0113778366	0.0409514282	0.011041515	-0.0363024652	0.0311698464	0.0356200556	-0.0140097566	-0.0524120343	0	0.481076174602139	-0.468993667107262	0.448081059024295	0.592443852028073
-0.371839	0.590689	0.670088	0.0290511	0.00175895	-0.00723613	-0.000332999999999972	0.113399	0.106918	-0.0019836	0.00046742	-0.0003715	0.361776	-0.041441431	0.0155795096	0.0162864257	-0.0418759166	0.0513273137	-0.0409982483	0.0148693239	0.0169899238	-0.0423016137	0.0513111553	-0.0405464614	0.0141560177	0.0176898562	-0.0427184332	0.0512842283	-0.040086165	0.0134397405	0.0183860761	-0.0431262874	0.0512465384	-0.039617456	0.0127206428	0.0233864077	0.0020981638	-0.010799059	0.009118196	-0.020690245	-0.0119791422	-0.0063391013	-0.0094295415	0.0114998222	-0.0615861834	0	-0.020445069199449	-0.606669395679179	0.448081059024295	0.592443852028073
-0.371599	0.553192	0.709627	0.0298357	0.000793908	-0.00730174	0.000240000000000018	-0.037497	0.039539	0.000784600000000007	-0.000965042	-6.56099999999998e-05	0.1680386	-0.0415664612	0.0159838716	0.0156807013	-0.0413786495	0.0513317109	-0.0417526707	0.0162864257	0.0153769266	-0.0411892428	0.0513287428	-0.0419372706	0.016588352	0.0150725591	-0.0409982483	0.0513237961	-0.042120254	0.0168896389	0.0147676106	-0.0408056734	0.051316871	-0.0423016137	0.0171902747	0.0021128289	0.0100642511	-0.0574705789	0.0088385482	-0.0138349352	-0.0373397071	-0.0068048514	0.0344497973	-0.0074871022	0.0220941844	0	0.143664886155287	-0.711812967023775	0.448081059024295	0.592443852028073
-0.382275	0.546447	0.676447	0.0298077	0.00108014	-0.00758694	-0.010676	-0.006745	-0.03318	-2.80000000000037e-05	0.000286232	-0.0002852	0.0805726	-0.0416907793	0.0163871381	0.0150725591	-0.0408700402	0.051314123	-0.0424813428	0.0176898562	0.0137470706	-0.0400197194	0.0512584048	-0.0432411585	0.0189797704	0.012411632	-0.0391404325	0.0511655859	-0.0439696763	0.0202559471	0.0110672099	-0.0382328158	0.0510357335	-0.044666369	0.0215174627	0.015379916	0.0063596399	0.0172053264	0.0056561289	-0.0167413123	-0.0153450208	0.0148648448	-0.0110744406	0.0202436273	0.0180925973	0	0.006457877609747	-0.636979536534004	0.448081059024295	0.592443852028073
-0.372038	0.603733	0.685371	0.0301221	0.00177101	-0.00764749	0.0102369999999999	0.0572859999999999	0.00892399999999993	0.000314399999999999	0.00069087	-6.05499999999995e-05	0.129738	-0.0418143832	0.0167892817	0.0144620929	-0.0403502279	0.0512745577	-0.0431838154	0.0190784374	0.0121021428	-0.0387946664	0.0511002618	-0.0444554224	0.0213243743	0.0097147774	-0.0371512224	0.0508102074	-0.0456263236	0.0235220047	0.0073054049	-0.035423619	0.0504050515	-0.0466938665	0.0256663501	0.0137926855	0.024461525	0.0098375926	0.0348262283	0.0050939512	0.0185944458	0.0364763082	-0.0255651546	-0.0179261354	-0.0246917814	0	-0.786112600250304	-0.346717659404884	0.448081059024295	0.592443852028073
-0.377472	0.558237	0.706096	0.0304443	0.00127294	-0.00744757	-0.00543399999999994	-0.045496	0.0207250000000001	0.000322199999999998	-0.00049807	0.000199920000000001	0.1226645	-0.0419372706	0.0171902747	0.0138493968	-0.0398193552	0.0512130319	-0.0438596552	0.0204510037	0.0104439465	-0.0375157835	0.0508545847	-0.0455775458	0.0236163807	0.0069898018	-0.0350372959	0.05025903	-0.0470829328	0.0266716472	0.0035030673	-0.0323954483	0.0494291445	-0.0483687975	0.0296025581	0.0036712795	0.0145861608	-0.0233813501	0.0033229663	0.0228781062	-0.0090130008	-0.0060005067	0.0654134338	0.0373561008	0.0072585318	0	0.223102738787021	-0.355001757126738	0.448081059024295	0.592443852028073
-0.372087	0.619727	0.705456	0.0310408	0.00142913	-0.00796066	0.00538499999999997	0.0614900000000001	-0.000639999999999974	0.000596500000000003	0.00015619	-0.000513089999999999	0.130804	-0.0420594396	0.0175900897	0.0132345652	-0.0392775675	0.0511295719	-0.0445084453	0.0218064029	0.0087742999	-0.0361848453	0.0505217943	-0.0466052026	0.0258501361	0.004244593	-0.0328057493	0.0495141777	-0.0483331176	0.0296892864	-0.0003187063	-0.0291670224	0.0481146965	-0.049678515	0.03329347	0.0055987165	0.0061554006	0.0096828806	0.0160572032	-0.0324124918	-0.0263975274	-0.010028976	-0.0046981638	-0.0142543753	-0.008358283	0	-2.52981750951036	0.204444625410701	0.448081059024295	0.592443852028073
-0.371838	0.624334	0.745116	0.0309172	0.00124312	-0.00744138	0.000248999999999999	0.00460700000000003	0.0396599999999999	-0.000123599999999998	-0.00018601	0.000519279999999998	0.0859605	-0.042180888	0.0179886993	0.0126176931	-0.0387250135	0.0510242134	-0.0451297856	0.0231434973	0.0070950334	-0.0348036986	0.0501024608	-0.0475362631	0.0280201309	0.0014870976	-0.030464074	0.0485785209	-0.0493713969	0.0325599874	-0.0041387117	-0.0257582983	0.0464707102	-0.0506131302	0.0367085017	-0.0065364412	0.0108799372	-0.0549957519	-0.000383852	-0.0211075548	-0.0105308128	-0.0137695415	-0.0086657039	-0.0302158028	-0.0011585085	0	-0.740069826473204	0.264385362478715	0.448081059024295	0.592443852028073
-0.371826	0.581956	0.718855	0.0306104	0.00124312	-0.0074564	1.19999999999565e-05	-0.042378	-0.026261	-0.000306799999999999	0	-1.50199999999993e-05	0.0847419999999999	-0.0423016137	0.0183860761	0.0119988754	-0.0381618445	0.0508970017	-0.0457232929	0.0244611644	0.0054079881	-0.0333742597	0.0495973023	-0.0483687975	0.0301210128	-0.0012747024	-0.0280201309	0.0474556651	-0.0501932186	0.0352695426	-0.0079357543	-0.0221903471	0.0445084453	-0.0511655859	0.0398193552	0.0074789705	0.0090903433	-0.0329827996	0.0024297399	0.0121317372	-0.0104385391	-0.0235725502	0.0429707175	0.0283558364	-0.0142478067	0	-1.77288209404248	0.184150431347268	0.448081059024295	0.592443852028073
-0.37199	0.642828	0.740358	0.0313347	0.00166609	-0.00740591	-0.000163999999999942	0.0608719999999999	0.0215029999999998	0.000724299999999997	0.00042297	5.04899999999994e-05	0.142427	-0.0424216147	0.018782193	0.0113782077	-0.0375882149	0.0507479912	-0.0462886013	0.0257582983	0.0037150137	-0.0318985121	0.0490071843	-0.0491010801	0.0321475998	-0.0040328127	-0.0254821244	0.0461499372	-0.0507949796	0.0378045419	-0.0116887668	-0.0184852245	0.0422413413	-0.0513317109	0.0426002529	-0.0018928152	0.0187752594	-0.0040643665	0.0115864598	-0.0228894083	-0.0082654573	0.0088947376	-0.0561421494	-0.0663403756	0.0331620866	0	-0.436639475889122	0.263255732775485	0.448081059024295	0.592443852028073
-0.38582	0.571008	0.740744	0.0312558	0.00113642	-0.00747224	-0.01383	-0.07182	0.000385999999999998	-7.88999999999998e-05	-0.00052967	-6.63299999999981e-05	0.119781	-0.042540889	0.0191770227	0.0107557855	-0.037004282	0.0505772456	-0.046825362	0.0270338099	0.0020179662	-0.0303785035	0.0483331176	-0.0497315932	0.0340948932	-0.0067792492	-0.0228585745	0.044666369	-0.0511740416	0.040152439	-0.0153769266	-0.014665834	0.0396849258	-0.0511102507	0.0450281516	0.0039070317	0.0145690854	-0.0583233098	0.0128024744	-0.0106161896	-0.0247558711	-0.0356313519	0.0718380281	0.0319994347	-0.0279366887	0	0.074166280780127	0.308964428466293	0.448081059024295	0.592443852028073
-0.347804	0.635516	0.681737	0.0335298	0.00124161	-0.00767284	0.038016	0.064508	-0.0590069999999998	0.002274	0.00010519	-0.000200600000000002	0.2905205	-0.0426594344	0.0195705382	0.0101317049	-0.0364102058	0.0503848382	-0.047333244	0.0282866287	0.0003187063	-0.028816343	0.0475762569	-0.05025903	0.03595809	-0.0095060622	-0.0201582885	0.0430106775	-0.0513287428	0.0423016137	-0.0189797704	-0.0107557855	0.0368567075	-0.0505028777	0.0470829328	0.0087773344	0.0249533157	-0.005886934	0.0271069887	0.0044105103	0.0102903961	0.0097905404	-0.0246911846	-0.0215780656	-0.0206998792	0	0.640752172751545	0.289168897278446	0.448081059024295	0.592443852028073
-0.34756	0.612569	0.764618	0.0320104	0.00124161	-0.00716604	0.000244000000000022	-0.0229470000000001	0.082881	-0.0015194	0	0.0005068	0.207382	-0.042777249	0.0199627126	0.0095060622	-0.0358061492	0.0501708514	-0.047811934	0.0295157031	-0.001380903	-0.0272141981	0.0467378986	-0.0506822973	0.0377325944	-0.0122053583	-0.0173903312	0.0411892428	-0.0512584048	0.0442414294	-0.0224773087	-0.0067792492	0.0337760571	-0.0495141777	0.04874757	-0.0029717547	0.0296790631	0.0522594596	0.0163511099	0.0060745536	0.0149849143	0.003505516	0.035169656	0.0131771112	-0.0172518592	0	0.860417233318224	0.257104848697029	0.448081059024295	0.592443852028073
-0.344108	0.681777	0.810622	0.0318986	0.00107154	-0.00717675	0.00345200000000001	0.0692080000000002	0.0460040000000001	-0.000111800000000002	-0.00017007	-1.07099999999997e-05	0.133293	-0.0428943306	0.020353519	0.0088789537	-0.0351922777	0.0499353767	-0.048261137	0.0307200012	-0.0030789983	-0.025574292	0.0458194789	-0.0510005177	0.0394140296	-0.0148693239	-0.0145639947	0.039209084	-0.050963336	0.0459622855	-0.0258501361	-0.0027608065	0.030464074	-0.0481516161	0.0500082695	-0.011021114	0.0109816325	-0.0400001949	-0.0154432437	0.0054734065	0.0219342602	-0.0250854006	-0.0377076342	0.0211794567	-0.0188656124	0	0.863399230573352	0.215762660732649	0.448081059024295	0.592443852028073
-0.363386	0.646925	0.855449	0.0322478	0.000825702	-0.0073237	-0.019278	-0.0348520000000001	0.044827	0.000349200000000001	-0.000245838	-0.00014695	0.1360564	-0.0430106775	0.0207429306	0.0082504761	-0.0345687596	0.049678515	-0.0486805757	0.0318985121	-0.0047737179	-0.0238989001	0.044822571	-0.0512130319	0.0409982483	-0.0174902479	-0.0116887668	0.0370778316	-0.0504448302	0.0474556651	-0.029079539	0.0012747024	0.026943442	-0.046425481	0.0508545847	-0.0275496942	0.0195148342	0.0177119838	-0.0269793522	0.0405261185	0.0167789237	0.0059023669	0.0140064527	-0.0346660632	0.088160849	0	0.843332513865777	0.231205540408175	0.448081059024295	0.592443852028073
-0.393069	0.646381	0.848684	0.0315488	0.000825702	-0.00779128	-0.029683	-0.000543999999999878	-0.00676500000000002	-0.000698999999999998	0	-0.00046758	0.095321	-0.0431262874	0.0211309207	0.0076207265	-0.0339357659	0.0494003765	-0.0490699916	0.0330502467	-0.0064632038	-0.0221903471	0.0437488826	-0.0513193992	0.0424813428	-0.0200605435	-0.0087742999	0.0348036986	-0.0497051606	0.0487141772	-0.0321475998	0.0053023317	0.0232382738	-0.0443488058	0.0512795028	-0.0173468776	0.0151642103	0.038604062	-0.0029409686	-0.0258359927	0.0517510272	0.0121429045	-0.0349403785	0.026182186	-0.0162191417	0	-1.07059859610099	0.237685929486392	0.448081059024295	0.592443852028073
-0.408153	0.662952	0.901493	0.0315488	0.00095497	-0.00808368	-0.015084	0.016571	0.052809	0	0.000129268	-0.000292399999999997	0.1055474	-0.0432411585	0.0215174627	0.0069898018	-0.03329347	0.0491010801	-0.0494291445	0.034174238	-0.0081456036	-0.0204510037	0.0426002529	-0.0513193992	0.0438596552	-0.0225727706	-0.0058303776	0.0323954483	-0.04874757	0.0497315932	-0.0350372959	0.0092971841	0.0193739464	-0.0419372706	0.0512795028	-0.028349507	0.0356365544	0.0466292358	-0.0170814348	0.0802745402	0.0716762596	0.0397777703	-0.0073342557	-0.0175772974	0.0602417237	0	0.206709003923895	0.241866630608711	0.448081059024295	0.592443852028073
-0.437774	0.637856	0.875788	0.0320811	0.0012838	-0.00885583	-0.029621	-0.025096	-0.0257050000000001	0.000532299999999999	0.00032883	-0.000772150000000003	0.162086	-0.0433552888	0.0219025301	0.0063577993	-0.032642048	0.048780754	-0.0497578128	0.0352695426	-0.0098190728	-0.0186832834	0.0413786495	-0.0512130319	0.0451297856	-0.0250196571	-0.0028668829	0.029862361	-0.0475762569	0.0505028777	-0.0377325944	0.0132345652	0.0153769266	-0.039209084	0.0508545847	-0.0186643324	0.0027397266	0.0537886348	-0.003383155	-0.0530615604	0.0334672618	-0.018017397	0.0206820564	0.0246181005	-0.0193018992	0	-2.36376036069831	0.217270691022961	0.448081059024295	-1.68540061352814
-0.45526	0.681663	0.90094	0.0315814	0.00171862	-0.00927358	-0.0174860000000001	0.0438069999999999	0.0251520000000001	-0.000499699999999999	0.00043482	-0.00041775	0.1540585	-0.0434686762	0.0222860966	0.0057248166	-0.0319816784	0.0484395355	-0.0500557939	0.0363352411	-0.0114817767	-0.0168896389	0.040086165	-0.0510005177	0.0462886013	-0.0273941201	0.000106236	0.0272141981	-0.0461963565	0.0510242134	-0.040218541	0.0170901359	0.0112745899	-0.0361848453	0.0500082695	-0.0244779922	0.0157536844	-0.061671708	-0.0198985178	0.0453199981	0.0477876551	-0.0040472195	-0.0359350744	7.55722e-05	0.0132536083	0	0.0782667361417	-0.001514724719605	0.448081059024295	-1.68540061352814
-0.455117	0.619174	0.909386	0.0314104	0.00166953	-0.0091818	0.00014300000000006	-0.062489	0.00844600000000007	-0.000170999999999998	-4.90899999999999e-05	9.17799999999996e-05	0.0866715000000003	-0.043581319	0.0226681358	0.0050909511	-0.0313125424	0.0480775708	-0.050322904	0.0373704389	-0.0131318924	-0.0150725591	0.0387250135	-0.0506822973	0.047333244	-0.0296892864	0.0030789983	0.0244611644	-0.0446139188	0.0512930202	-0.0424813428	0.0208400624	0.0070950334	-0.0328873894	0.04874757	-0.0235366118	0.0099865869	0.0776960802	-0.0302968987	0.0217656202	0.0411954996	-0.0204791696	0.0411704651	0.0605186867	-0.0159755012	0	0.507357848745876	-0.889613573062146	0.448081059024295	-1.68540061352814
-0.452734	0.689591	0.900952	0.0310511	0.00223818	-0.00927549	0.00238299999999997	0.070417	-0.00843399999999994	-0.000359300000000007	0.00056865	-9.36900000000004e-05	0.132316	-0.0436932151	0.0230486216	0.0044563007	-0.0306348232	0.0476950147	-0.0505589784	0.038374267	-0.0147676106	-0.0132345652	0.0372975264	-0.05025903	0.048261137	-0.0318985121	0.0060414244	0.0216138688	-0.0428358815	0.0513079677	-0.0445084453	0.0244611644	0.0028668829	-0.0293416141	0.0470829328	-0.0174825912	0.0212471702	-0.0263111272	-0.00843356	0.0142358334	0.0255712327	-0.0280790522	-0.0512054769	-0.0120729927	-0.0246948794	0	0.945538001983203	-1.10393524503419	0.448081059024295	0.592443852028073
-0.470974	0.609698	0.898539	0.031374	0.00178477	-0.00939205	-0.01824	-0.079893	-0.00241300000000022	0.000322900000000001	-0.00045341	-0.00011656	0.1451895	-0.0438043627	0.0234275279	0.0038209632	-0.0299487067	0.0472920312	-0.0507638714	0.0393458828	-0.0163871381	-0.0113782077	0.0358061492	-0.0497315932	0.0490699916	-0.0340154024	0.0089835694	0.0186832834	-0.0408700402	0.0510689819	-0.0462886013	0.0279310578	-0.001380903	-0.025574292	0.0450281516	-0.0170214831	0.0058362179	-0.0067140391	-0.0276462791	0.0232122803	-0.0218014578	-0.0495056543	0.0502826825	-0.0057327013	0.0587814257	0	0.506044476100312	-1.15372985590042	0.448081059024295	-1.68540061352814
-0.47665	0.679332	0.868301	0.031507	0.00153265	-0.0100128	-0.00567600000000001	0.069634	-0.0302379999999999	0.000133000000000001	-0.00025212	-0.000620749999999998	0.1558415	-0.0439147598	0.0238048288	0.0031850365	-0.0292543809	0.0468687929	-0.0509374568	0.0402844707	-0.0179886993	-0.0095060622	0.0342534364	-0.0491010801	0.0497578128	-0.0360338295	0.0118955567	0.0156807013	-0.0387250135	0.0505772456	-0.047811934	0.0312282931	-0.005619231	-0.0216138688	0.0426002529	-0.0090859447	0.015738881	-0.0180120333	0.0152566348	-0.0560865073	0.0210613172	-0.00229258	-0.0392393613	-0.0503693584	-0.0207223297	0	0.729194017469318	-1.06338308825477	0.448081059024295	0.592443852028073
-0.474001	0.633578	0.91542	0.0314476	0.00128151	-0.00954208	0.00264900000000001	-0.045754	0.0471190000000001	-5.94000000000011e-05	-0.00025114	0.000470719999999999	0.134585	-0.0440244045	0.0241804983	0.0025486187	-0.0285520362	0.046425481	-0.0510796273	0.0411892428	-0.0195705382	-0.0076207265	0.032642048	-0.0483687975	0.050322904	-0.0379479508	0.0147676106	0.0126176931	-0.0364102058	0.0498351925	-0.0490699916	0.0343324881	-0.0098190728	-0.0174902479	0.0398193552	-0.0166643209	0.0119945412	-0.0251446398	-0.0130763627	0.0450667877	0.0219447448	-0.0130655765	0.0324872379	0.0371115544	0.019990522	0	0.213963784416385	-1.05769652029484	0.448081059024295	0.592443852028073
-0.472187	0.666298	0.859784	0.0319365	0.00167474	-0.00938138000000001	0.00181400000000004	0.03272	-0.0556360000000001	0.0004889	0.00039323	0.000160699999999995	0.1423115	-0.044133295	0.0245545108	0.001911808	-0.027841865	0.0459622855	-0.0511902955	0.0420594396	-0.0211309207	-0.0057248166	0.0309747441	-0.0475362631	0.0507638714	-0.0397522256	0.0175900897	0.0095060622	-0.0339357659	0.0488464951	-0.0500557939	0.0372244541	-0.0139516636	-0.0132345652	0.0367085017	0.0028607045	0.0087888179	0.0384367199	0.0166146612	-0.0093309701	0.0019449177	-0.0186905412	-0.0195670437	-0.0074683404	-0.0291299683	0	0.772948288209871	-0.371363859057713	0.448081059024295	0.592443852028073
-0.482234	0.648124	0.90221	0.0320116	0.00163893	-0.00978613	-0.010047	-0.0181739999999999	0.0424260000000001	7.51000000000016e-05	-3.58100000000001e-05	-0.000404749999999995	0.09643	-0.0442414294	0.0249268406	0.0012747024	-0.0271240621	0.0454794046	-0.051269393	0.0428943306	-0.0226681358	-0.0038209632	0.0292543809	-0.0466052026	0.0510796273	-0.041441431	0.020353519	0.0063577993	-0.0313125424	0.0476160468	-0.0507638714	0.0398863142	-0.0179886993	-0.0088789537	0.03329347	-0.0099894167	0.0140838461	-0.0473677049	-0.00161754	0.0110694201	-0.0120961311	-0.0379077104	0.0041023396	-0.0251865591	-0.002346018	0	0.670996830342999	-0.517054181144058	0.448081059024295	0.592443852028073
-0.55639	0.651857	0.914921	0.0317627	0.00167921	-0.0106017	-0.0741559999999999	0.00373299999999999	0.0127109999999998	-0.000248900000000003	4.028e-05	-0.00081557	0.1458375	-0.0443488058	0.0252974622	0.0006374004	-0.0263988242	0.0449770452	-0.051316871	0.0436932151	-0.0241804983	-0.001911808	0.0274839053	-0.0455775458	0.051269393	-0.0430106775	0.0230486216	0.0031850365	-0.0285520362	0.0461499372	-0.0511902955	0.0423016137	-0.0219025301	-0.0044563007	0.0296025581	-0.0098752316	-0.0027383665	0.0308156892	-0.0122186427	0.0082884036	0.0082001193	-0.0335059177	0.0100663178	-0.0136114103	-0.0350699627	0	1.09900127347801	-0.139711477033078	0.448081059024295	0.592443852028073
-0.631553	0.666334	0.991393	0.0315057	0.0026163	-0.0122146	-0.075163	0.014477	0.0764720000000002	-0.000256999999999993	0.00093709	-0.0016129	0.3064615	-0.0444554224	0.0256663501	0	-0.0256663501	0.0444554224	-0.0513327002	0.0444554224	-0.0256663501	0	0.0256663501	-0.0444554224	0.0513327002	-0.0444554224	0.0256663501	0	-0.0256663501	0.0444554224	-0.0513327002	0.0444554224	-0.0256663501	0	0.0256663501	-0.0237079574	-0.0075498304	0.0287371312	-0.0068497263	-0.0214917925	0.0269830348	0.0199098105	-0.0367159353	-0.0285325421	0.0376330489	0	1.44632420325959	0.325265530888761	0.448081059024295	0.592443852028073
-0.663953	0.623047	0.940912	0.0321338	0.00293429	-0.0124505	-0.0324000000000001	-0.043287	-0.050481	0.000628099999999993	0.00031799	-0.000235899999999999	0.1852675	-0.0445612775	0.0260334792	-0.0006374004	-0.0249268406	0.0439147598	-0.051316871	0.0451803128	-0.0271240621	0.001911808	0.0238048288	-0.0432411585	0.051269393	-0.0457714839	0.0281979168	-0.0031850365	-0.0226681358	0.042540889	-0.0511902955	0.0463344264	-0.0292543809	0.0044563007	0.0215174627	-0.0106434729	-0.008207515	0.0405911093	-0.0146570081	0.0656173265	0.017812875	-0.0250815658	0.0387210603	0.0648645913	-0.0339136288	0	0.73955432474602	0.25575696578742	0.448081059024295	0.592443852028073
-0.690211	0.682797	0.977303	0.0319325	0.00344112	-0.013135	-0.026258	0.05975	0.036391	-0.000201300000000001	0.00050683	-0.000684499999999999	0.1920305	-0.044666369	0.0263988242	-0.0012747024	-0.0241804983	0.0433552888	-0.051269393	0.0458672776	-0.0285520362	0.0038209632	0.0219025301	-0.0419372706	0.0510796273	-0.0469550524	0.0306348232	-0.0063577993	-0.0195705382	0.0404158122	-0.0507638714	0.0479270103	-0.032642048	0.0088789537	0.0171902747	-0.0147374144	-0.0219542145	0.0228357038	-0.0043035696	-0.0484795547	6.1796e-05	-0.0142634109	-0.0307648602	-0.0354999326	-0.0231601809	0	0.769910521415653	0.057471097014614	0.448081059024295	0.592443852028073
-0.734122	0.612027	0.945035	0.0323464	0.00339749	-0.0135726	-0.043911	-0.0707699999999999	-0.032268	0.000413900000000002	-4.36300000000002e-05	-0.000437600000000002	0.1917055	-0.0447706954	0.0267623602	-0.001911808	-0.0234275279	0.042777249	-0.0511902955	0.0465157403	-0.0299487067	0.0057248166	0.0199627126	-0.0405464614	0.0507638714	-0.0480027017	0.0329688886	-0.0095060622	-0.0163871381	0.0380907096	-0.0500557939	0.0492233296	-0.0358061492	0.0132345652	0.0127206428	-0.007553987	-0.0235404567	-0.0443663589	-0.014953819	0.003640683	-0.0236988433	-0.0420799671	0.0421245711	0.0440808151	-0.0102485113	0	0.968343839603171	0.354192849332379	0.448081059024295	0.592443852028073
-0.738848	0.662995	0.992712	0.0317065	0.00294167	-0.0135728	-0.0047259999999999	0.0509679999999999	0.047677	-0.000639899999999999	-0.00045582	-1.99999999997078e-07	0.158167	-0.0448742547	0.0271240621	-0.0025486187	-0.0226681358	0.042180888	-0.0510796273	0.0471251565	-0.0313125424	0.0076207265	0.0179886993	-0.0390716134	0.050322904	-0.0489113994	0.0351922777	-0.0126176931	-0.0131318924	0.0355770885	-0.0490699916	0.0502153708	-0.0387250135	0.0174902479	0.0081456036	-0.0124945852	-0.0282038361	0.0174013676	-0.0270911461	-0.0014831812	-0.0014141308	-0.0272301258	-0.0182678901	-0.0238265716	-0.0243791681	0	1.04875263991046	-0.415348009277376	0.448081059024295	0.592443852028073
-0.711951	0.660653	0.976043	0.0320587	0.00316203	-0.0130979	0.0268969999999999	-0.00234200000000007	-0.0166689999999998	0.000352199999999997	0.00022036	0.000474899999999999	0.0982810000000001	-0.0449770452	0.0274839053	-0.0031850365	-0.0219025301	0.0415664612	-0.0509374568	0.0476950147	-0.032642048	0.0095060622	0.0159838716	-0.0375157835	0.0497578128	-0.049678515	0.0372975264	-0.0156807013	-0.0098190728	0.0328873894	-0.047811934	0.0508970017	-0.0413786495	0.0216138688	0.0035030673	-0.0093338818	-0.014502917	0.0210741397	0.0026940811	-0.0145324837	-0.0015402222	0.0058222877	0.0262854461	0.0069021063	0.0539785106	0	0.644901705307517	-0.476304946535169	0.448081059024295	0.592443852028073
-0.697195	0.644818	0.887285	0.0337793	0.00309832	-0.0130034	0.014756	-0.0158349999999999	-0.0887580000000002	0.0017206	-6.37100000000002e-05	9.44999999999991e-05	0.2132895	-0.0450790651	0.027841865	-0.0038209632	-0.0211309207	0.0409342319	-0.0507638714	0.0482248365	-0.0339357659	0.0113782077	0.0139516636	-0.0358821964	0.0490699916	-0.0503018281	0.0392775675	-0.0186832834	-0.0064632038	0.0300349241	-0.0462886013	0.0512640087	-0.0437488826	0.025574292	-0.0011684964	0.0096043511	-0.010538542	0.0423362858	0.01207322	0.0201669206	-0.0113345488	-0.0036279415	-0.0043652125	0.0019996772	-0.0272521346	0	0.54449450597804	-0.24607080113778	0.448081059024295	0.592443852028073
-0.703991	0.670989	0.997948	0.0327266	0.00341293	-0.0133314	-0.00679600000000002	0.0261710000000001	0.110663	-0.0010527	0.00031461	-0.000327999999999998	0.2283955	-0.0451803128	0.0281979168	-0.0044563007	-0.020353519	0.0402844707	-0.0505589784	0.0487141772	-0.0351922777	0.0132345652	0.0118955567	-0.034174238	0.048261137	-0.0507795342	0.041125754	-0.0216138688	-0.0030789983	0.0270338099	-0.0445084453	0.051314123	-0.0458194789	0.0293416141	-0.0058303776	-0.0071408181	-0.0276916129	0.0049869362	-0.001585455	-0.0479319585	-0.0073734601	-0.0057123602	0.0098472367	-0.048298158	0.006862445	0	1.17461445111897	0.00910900571391	0.448081059024295	0.592443852028073
-0.692015	0.67416	0.976127	0.0326621	0.00331587	-0.0131445	0.0119760000000001	0.00317099999999992	-0.0218209999999999	-6.44999999999951e-05	-9.70599999999999e-05	0.000186899999999993	0.0543910000000001	-0.0452807864	0.0285520362	-0.0050909511	-0.0195705382	0.039617456	-0.050322904	0.0491626259	-0.0364102058	0.0150725591	0.0098190728	-0.0323954483	0.047333244	-0.0511102507	0.0428358815	-0.0244611644	0.0003187063	0.0238989001	-0.0424813428	0.051047035	-0.0475762569	0.0328873894	-0.0104439465	0.0005177681	-0.0214569593	-0.0077979157	-0.0005887343	-0.0132625155	0.0114591621	-0.0069191218	-0.0277348074	0.0248489931	-0.0170793266	0	0.879024461187821	0.514407660237588	0.448081059024295	0.592443852028073
-0.685724	0.693148	1.0575	0.0316124	0.00363261	-0.0132581	0.00629099999999994	0.018988	0.081373	-0.00104969999999999	0.00031674	-0.000113599999999997	0.180654	-0.0453804842	0.0289041989	-0.0057248166	-0.018782193	0.0389334734	-0.0500557939	0.0495698064	-0.0375882149	0.0168896389	0.007725769	-0.030549514	0.0462886013	-0.0512930202	0.0444022092	-0.0272141981	0.0037150137	0.0206457099	-0.040218541	0.0504643955	-0.0490071843	0.0361848453	-0.0149709736	-0.0127663264	-0.0135403666	0.0187846741	-0.0294597145	0.0590111289	0.015419222	0.016357568	-0.0256990005	-0.0281009589	0.051396047	0	0.753304304608596	0.500587958935857	0.448081059024295	0.592443852028073
-0.698819	0.631884	1.01152	0.0313909	0.00289554	-0.0130314	-0.013095	-0.061264	-0.0459800000000001	-0.000221500000000006	-0.00073707	0.000226700000000003	0.1796025	-0.0454794046	0.0292543809	-0.0063577993	-0.0179886993	0.0382328158	-0.0497578128	0.0499353767	-0.0387250135	0.0186832834	0.005619231	-0.0286402612	0.0451297856	-0.0513273137	0.0458194789	-0.029862361	0.0070950334	0.01729034	-0.0377325944	0.0495698064	-0.0501024608	0.039209084	-0.0193739464	-0.0018321163	-0.0166300714	0.0534076901	-0.0122409305	0.0029638967	0.0137028779	-0.0008491879	0.0078360366	0.0343837278	-0.00054107	0	1.33852642460994	0.670365208698169	0.448081059024295	0.592443852028073
-0.69382	0.682526	0.984673	0.0312692	0.0028404	-0.0132555	0.00499899999999998	0.0506420000000001	-0.0268470000000001	-0.000121699999999995	-5.514e-05	-0.000224100000000007	0.102535	-0.0455775458	0.0296025581	-0.0069898018	-0.0171902747	0.0375157835	-0.0494291445	0.05025903	-0.0398193552	0.0204510037	0.0035030673	-0.0266716472	0.0438596552	-0.0512130319	0.0470829328	-0.0323954483	0.0104439465	0.0138493968	-0.0350372959	0.0483687975	-0.0508545847	0.0419372706	-0.0236163807	0.0007310357	-0.0139859557	-0.0142623302	-0.0100738352	0.0359349157	-0.0237718001	0.0033526295	-0.0167073396	-0.0350793745	0.0384033052	0	1.05462461468122	-0.078516646880242	0.448081059024295	0.592443852028073
-0.688888	0.609889	0.948287	0.0317536	0.00261334	-0.0128571	0.00493199999999994	-0.0726370000000001	-0.0363859999999997	0.000484399999999996	-0.00022706	0.000398400000000005	0.169448	-0.0456749061	0.0299487067	-0.0076207265	-0.0163871381	0.0367826834	-0.0490699916	0.0505404946	-0.0408700402	0.0221903471	0.001380903	-0.024647752	0.0424813428	-0.0509505055	0.0481883295	-0.0348036986	0.0137470706	0.0103399101	-0.0321475998	0.0468687929	-0.0512584048	0.0443488058	-0.0276631221	0.0083761317	-0.0196964269	0.0079987082	0.0152431909	-0.0685774349	-0.0282958887	0.0022049718	0.0352407514	-0.0294613965	-0.0161772164	0	1.12734279554803	-0.453703851709824	0.448081059024295	0.592443852028073
-0.690009	0.67738	0.937267	0.0314787	0.00308086	-0.0131841	-0.00112099999999993	0.067491	-0.0110200000000003	-0.000274899999999995	0.00046752	-0.000327000000000001	0.133103	-0.0457714839	0.0302928029	-0.0082504761	-0.0155795096	0.0360338295	-0.0486805757	0.0507795342	-0.0418759166	0.0238989001	-0.0007436268	-0.0225727706	0.0409982483	-0.0505404946	0.0491319582	-0.0370778316	0.0169899238	0.0067792492	-0.029079539	0.0450790651	-0.0513111553	0.046425481	-0.0314806383	0.0148124512	-0.0088245876	-0.0744072414	0.0192996218	-0.0037669727	-0.0129161737	0.0116741492	-0.0245477439	0.0106988394	-0.0056205033	0	0.629734900304366	-0.489255649331576	-2.22840312389761	0.592443852028073
-0.633621	0.574734	0.896426	0.031991	0.00216578	-0.0121024	0.056388	-0.102646	-0.0408409999999999	0.0005123	-0.00091508	0.0010817	0.325329	-0.0458672776	0.0306348232	-0.0088789537	-0.0147676106	0.0352695426	-0.048261137	0.0509759483	-0.0428358815	0.025574292	-0.0028668829	-0.0204510037	0.0394140296	-0.0499841859	0.0499106512	-0.039209084	0.0201582885	0.0031850365	-0.0258501361	0.0430106775	-0.0510124748	0.0481516161	-0.0350372959	0.0215969835	0.0065513635	-0.0034713411	0.0296069733	0.0090942488	-0.0250380308	0.0333702329	-0.0078623896	-0.0261199482	0.0616855715	0	0.893591743645757	-0.302483573329591	0.448081059024295	0.592443852028073
-0.702453	0.662477	0.965755	0.0310727	0.00205411	-0.0132918	-0.068832	0.0877430000000001	0.0693289999999999	-0.000918300000000004	-0.00011167	-0.0011894	0.3368725	-0.0459622855	0.0309747441	-0.0095060622	-0.0139516636	0.0344901501	-0.047811934	0.0511295719	-0.0437488826	0.0272141981	-0.0049852279	-0.018286849	0.0377325944	-0.0492831899	0.0505217943	-0.0411892428	0.0232382738	-0.0004249396	-0.0224773087	0.0406764158	-0.0503644092	0.0495141777	-0.0383036235	0.0064719385	-0.0116008569	0.0136341092	-0.0011142678	-0.0220048116	-0.0461901678	-0.0194088611	0.0041055507	-0.0308610501	0.0110886182	0	1.20205083356956	0.579928780983952	0.448081059024295	0.592443852028073
-0.72048	0.622448	0.9589	0.0308278	0.00210596	-0.013299	-0.018027	-0.0400290000000001	-0.00685499999999995	-0.000244899999999999	5.185e-05	-7.19999999999887e-06	0.0801085000000002	-0.0460565059	0.0313125424	-0.0101317049	-0.0131318924	0.0336959856	-0.047333244	0.051240276	-0.0446139188	0.028816343	-0.0070950334	-0.016084792	0.03595809	-0.0484395355	0.050963336	-0.0430106775	0.0262163763	-0.0040328127	-0.0189797704	0.0380907096	-0.0493713969	0.0505028777	-0.0412525551	0.0124303302	-0.0214549425	-0.047579429	0.0273855856	-0.1125829963	-0.0448308592	-0.0151508532	-0.0012425883	-0.0213190393	-0.0378758442	0	0.56560801693433	0.512151412544053	0.448081059024295	0.592443852028073
-0.721348	0.684987	0.977732	0.0309996	0.00205551	-0.0133554	-0.00086799999999998	0.062539	0.018832	0.000171799999999996	-5.04500000000001e-05	-5.64000000000051e-05	0.0961715	-0.0461499372	0.0316481948	-0.0107557855	-0.0123085215	0.0328873894	-0.046825362	0.0513079677	-0.0454300417	0.0303785035	-0.0091926851	-0.0138493968	0.0340948932	-0.0474556651	0.0512337941	-0.044666369	0.029079539	-0.0076207265	-0.0153769266	0.0352695426	-0.0480402391	0.0511102507	-0.0438596552	0.0096026335	-0.0102379729	-0.0984790141	0.0090182683	0.008400524	0.0048215454	0.0186874118	-0.0424982198	0.0009459442	0.0065867815	0	0.740165280046748	0.047371014222418	0.448081059024295	0.592443852028073
-0.721394	0.599668	0.971732	0.030974	0.00198275	-0.0133437	-4.59999999998795e-05	-0.085319	-0.006	-2.55999999999972e-05	-7.27599999999998e-05	1.17000000000034e-05	0.0968679999999999	-0.0462425779	0.0319816784	-0.0113782077	-0.0114817767	0.0320647078	-0.0462886013	0.0513325903	-0.0461963565	0.0318985121	-0.0112745899	-0.0115852966	0.0321475998	-0.0463344264	0.0513322605	-0.0461499372	0.0318152092	-0.0111709238	-0.0116887668	0.0322303541	-0.046380053	0.0513317109	-0.0461033203	0.0114182906	-0.0022826044	0.0440284699	0.0275508526	0.0012787344	0.012979296	0.0357250842	0.0412845218	0.0493284879	-0.0193574467	0	-0.186754575175885	-0.411950415772588	0.448081059024295	0.592443852028073
-0.702069	0.683204	0.972103	0.0307768	0.00277097	-0.0131761	0.0193249999999999	0.0835360000000001	0.000371000000000121	-0.000197200000000005	0.00078822	0.000167600000000002	0.160883	-0.0463344264	0.0323129704	-0.0119988754	-0.0106518847	0.0312282931	-0.0457232929	0.051314123	-0.0469120231	0.0333742597	-0.0133371814	-0.0092971841	0.0301210128	-0.0450790651	0.0512584048	-0.0474556651	0.0344113928	-0.014665834	-0.0079357543	0.0289919311	-0.0444022092	0.0511655859	-0.0479649587	0.0146970111	-0.0070193682	-0.0169420837	0.0171258859	0.0223035534	-0.0091492746	0.0002128483	-0.038855144	0.0312443079	-0.0506749669	0	0.01371182155915	-0.372962038398403	0.448081059024295	0.592443852028073
-0.710202	0.614309	1.00465	0.0307843	0.00227098	-0.0132959	-0.00813300000000006	-0.068895	0.032547	7.50000000000403e-06	-0.00049999	-0.000119800000000001	0.1409395	-0.046425481	0.032642048	-0.0126176931	-0.0098190728	0.0303785035	-0.0451297856	0.0512525814	-0.0475762569	0.0348036986	-0.0153769266	-0.0069898018	0.0280201309	-0.0436932151	0.0510124748	-0.0485785209	0.0368567075	-0.0180881602	-0.0041387117	0.025574292	-0.042120254	0.0506131302	-0.0494291445	0.0063549267	-0.0112069311	-0.0079301882	0.0155255195	-0.0444597194	-0.0479804103	-0.0102004695	0.0646089952	-0.0323085527	0.0134973743	0	-0.341855798033759	-0.244521420106862	-2.22840312389761	-1.68540061352814
-0.738307	0.654017	0.948921	0.0308585	0.00283116	-0.0137313	-0.0281049999999999	0.039708	-0.0557290000000001	7.41999999999965e-05	0.00056018	-0.000435399999999997	0.177031	-0.0465157403	0.0329688886	-0.0132345652	-0.0089835694	0.0295157031	-0.0445084453	0.051148017	-0.0481883295	0.0361848453	-0.0173903312	-0.004667932	0.0258501361	-0.042180888	0.0505952962	-0.0495141777	0.0391404325	-0.0214209644	-0.0003187063	0.0219985635	-0.0395498165	0.049678515	-0.0504837447	0.019405097	-0.0136673359	-0.0548789994	0.0284240069	-0.0580602587	-0.0289097724	-0.0002304862	-0.0276059096	0.002504887	-0.0180117776	0	0.746890249917884	-0.094951844458707	0.448081059024295	0.592443852028073
-0.712201	0.64324	1.02435	0.0305649	0.00251197	-0.01339	0.026106	-0.010777	0.0754290000000002	-0.000293599999999998	-0.00031919	0.000341299999999998	0.1600165	-0.0466052026	0.03329347	-0.0138493968	-0.0081456036	0.0286402612	-0.0438596552	0.0510005177	-0.04874757	0.0375157835	-0.0193739464	-0.0023363873	0.0236163807	-0.0405464614	0.0500082695	-0.05025903	0.0412525551	-0.024647752	0.0035030673	0.018286849	-0.0367085017	0.0483687975	-0.0511200208	0.0027321884	0.0050831779	-0.0139147255	0.0128882428	0.0204052229	0.0008800474	0.0506831226	-0.0157543425	-0.0335591376	0.0428455823	0	0.335324157277269	-0.073793314727141	0.448081059024295	0.592443852028073
-0.696388	0.633411	0.986479	0.0315265	0.00252812	-0.013057	0.015813	-0.00982899999999998	-0.0378709999999999	0.0009616	1.61499999999999e-05	0.000333000000000002	0.1290505	-0.0466938665	0.0336157698	-0.0144620929	-0.0073054049	0.027752553	-0.0431838154	0.0508102074	-0.0492533652	0.0387946664	-0.0213243743	0	0.0213243743	-0.0387946664	0.0492533652	-0.0508102074	0.0431838154	-0.027752553	0.0073054049	0.0144620929	-0.0336157698	0.0466938665	-0.0513327002	0.0174516282	-0.0039331854	0.0037176994	0.0134841912	0.0122745204	-0.0079970702	0.0149433633	0.0084835847	0.0492932668	-0.0207427542	0	-2.42333672852632	-0.047857540327684	0.448081059024295	0.592443852028073
-0.693328	0.680548	1.01183	0.0306563	0.00241259	-0.0131064	0.00306000000000006	0.047137	0.0253509999999998	-0.000870200000000001	-0.00011553	-4.93999999999998e-05	0.1273045	-0.0467817305	0.0339357659	-0.0150725591	-0.0064632038	0.0268529586	-0.0424813428	0.0505772456	-0.0497051606	0.0400197194	-0.0232382738	0.0023363873	0.0189797704	-0.0369305738	0.0483331176	-0.0511655859	0.0449257461	-0.0307200012	0.0110672099	0.0105479382	-0.0302928029	0.044666369	-0.0511200208	0.0092366837	-0.0001719027	-0.0009632558	0.0117394834	0.0081424121	-0.0158475344	0.0227236639	-0.0394586512	-0.0552703322	0.020075775	0	0.091442568599347	-0.457203992612892	0.448081059024295	0.592443852028073
-0.679966	0.60652	0.998698	0.0308249	0.00213437	-0.0127708	0.013362	-0.074028	-0.013132	0.000168600000000005	-0.00027822	0.000335599999999998	0.139643	-0.0468687929	0.0342534364	-0.0156807013	-0.005619231	0.0259418632	-0.0417526707	0.0503018281	-0.0501024608	0.0411892428	-0.0251123665	0.004667932	0.016588352	-0.0349595797	0.0472506159	-0.0513237961	0.0464707102	-0.0335354099	0.0147676106	0.0065685806	-0.0267623602	0.0423016137	-0.0504837447	0.0133064794	0.0032631684	-0.012075532	0.0295069795	-0.0416219674	-0.0230709924	0.0131594582	0.0498881341	0.0329967275	0.0205869489	0	-0.222194444181244	-0.91379815053605	0.448081059024295	0.592443852028073
-0.662039	0.686467	1.01153	0.0308381	0.00273311	-0.0127193	0.0179269999999999	0.0799470000000001	0.0128319999999998	1.31999999999945e-05	0.00059874	5.15000000000012e-05	0.143878	-0.0469550524	0.0345687596	-0.0162864257	-0.0047737179	0.0250196571	-0.0409982483	0.0499841859	-0.0504448302	0.0423016137	-0.026943442	0.0069898018	0.0141560177	-0.0328873894	0.0460094942	-0.0512842283	0.047811934	-0.0361848453	0.0183860761	0.0025486187	-0.0230486216	0.039617456	-0.0494291445	0.0106133511	0.008171078	-0.0462265145	0.0125760567	0.0171902552	0.004247295	0.0318438467	-0.0299822259	-0.0012617771	0.0036387776	0	1.20806976107582	-0.935766895895519	0.448081059024295	0.592443852028073
-0.669549	0.608862	1.0404	0.0303546	0.00271006	-0.0128161	-0.00750999999999991	-0.077605	0.0288700000000004	-0.000483499999999998	-2.30500000000002e-05	-9.6800000000001e-05	0.1441525	-0.0470405074	0.0348817138	-0.0168896389	-0.0039268963	0.0240867353	-0.040218541	0.0496245858	-0.0507318935	0.0433552888	-0.0287283636	0.0092971841	0.0116887668	-0.0307200012	0.0446139188	-0.051047035	0.0489435374	-0.0386551947	0.0219025301	-0.0014870976	-0.0191770227	0.0366341627	-0.0479649587	0.0057289883	0.0111094532	0.0112064809	0.0194313333	0.0027735341	0.0111092683	0.044225169	0.0374573082	0.0372729254	0.0532026039	0	1.0539090914947	-0.964203926412019	0.448081059024295	0.592443852028073
-0.67819	0.636741	0.970422	0.030577	0.00335597	-0.0130304	-0.00864100000000001	0.027879	-0.0699780000000003	0.000222399999999998	0.00064591	-0.000214300000000001	0.1606285	-0.0471251565	0.0351922777	-0.0174902479	-0.0030789983	0.0231434973	-0.0394140296	0.0492233296	-0.050963336	0.0443488058	-0.030464074	0.0115852966	0.0091926851	-0.0284636888	0.0430685747	-0.0506131302	0.049860559	-0.0409342319	0.0252974622	-0.0055136214	-0.0151740801	0.0333742597	-0.0461033203	0.0193613629	0.0179185473	0.0364403019	0.0337395108	0.0050131272	0.0022451058	0.0326275157	-0.0377625793	0.0181041301	-0.0412019708	0	-0.740270596813927	-0.077649103647054	0.448081059024295	0.592443852028073
-0.630916	0.656004	0.982858	0.0329395	0.00264051	-0.0129526	0.0472739999999999	0.019263	0.0124360000000001	0.0023625	-0.00071546	7.77999999999994e-05	0.236761	-0.0472089983	0.0355004298	-0.0180881602	-0.0022302563	0.0221903471	-0.0385852104	0.048780754	-0.051138904	0.0452807864	-0.0321475998	0.0138493968	0.0066739292	-0.0261249837	0.0413786495	-0.0499841859	0.0505589784	-0.0430106775	0.0285520362	-0.0095060622	-0.0110672099	0.029862361	-0.0438596552	0.0173646186	0.013745078	-0.0415639005	0.0465996858	-0.0079687731	-0.011279942	0.0334647727	0.011124481	-0.0304252704	-0.0275802911	0	0.168962227934089	-0.033773633202373	0.448081059024295	0.592443852028073
-0.597926	0.634762	0.995601	0.031269	0.0033277	-0.0123139	0.03299	-0.0212420000000001	0.0127430000000001	-0.0016705	0.00068719	0.000638700000000003	0.2167945	-0.0472920312	0.0358061492	-0.0186832834	-0.001380903	0.021227693	-0.0377325944	0.0482972307	-0.0512584048	0.0461499372	-0.0337760571	0.016084792	0.0041387117	-0.0237106555	0.0395498165	-0.0491626259	0.0510357335	-0.0448742547	0.0316481948	-0.0134397405	-0.0068845403	0.0261249837	-0.0412525551	0.0175749679	0.008737548	0.0132648918	0.0247059238	-0.0009643245	-0.0334440892	0.0013867538	0.0236062408	0.0170511134	-0.001454663	0	-2.70655564044889	-0.076869324218739	-2.22840312389761	0.592443852028073
-0.583969	0.702397	1.10005	0.0301174	0.00269558	-0.0120575	0.0139570000000001	0.0676350000000001	0.104449	-0.0011516	-0.00063212	0.000256399999999999	0.288047	-0.047374254	0.0361094147	-0.0192755259	-0.0005311711	0.0202559471	-0.0368567075	0.0477731655	-0.0513217075	0.0469550524	-0.0353466565	0.018286849	0.0015932859	-0.021227693	0.0375882149	-0.0481516161	0.0512887341	-0.0465157403	0.0345687596	-0.01729034	-0.0026547183	0.0221903471	-0.0383036235	-0.0007673808	0.0002835781	-0.0364873451	-0.0101043559	-0.0095404563	-0.0077219545	-0.0076608438	-0.0312943001	-0.0269000982	-0.0543378161	0	-2.58950932028429	0.096425796901272	-2.22840312389761	-1.68540061352814
-0.602946	0.631296	1.1252	0.0298537	0.00316956	-0.0124012	-0.018977	-0.0711010000000001	0.02515	-0.000263699999999999	0.00047398	-0.000343699999999999	0.169297	-0.0474556651	0.0364102058	-0.0198647963	0.0003187063	0.0192755259	-0.03595809	0.0472089983	-0.0513287428	0.0476950147	-0.0368567075	0.0204510037	-0.0009560698	-0.0186832834	0.0355004298	-0.0469550524	0.051316871	-0.0479270103	0.0372975264	-0.0210340579	0.0015932859	0.0180881602	-0.0350372959	-0.0008265342	0.0055063375	0.0107502259	-0.0115923916	0.0150094485	-0.0104559762	-0.0003985452	0.0413339415	0.049126701	0.0455241692	0	-2.60515490678052	0.444509638631442	0.448081059024295	-1.68540061352814
-0.594271	0.695305	1.1429	0.029565	0.00323398	-0.0124012	0.00867499999999999	0.0640090000000001	0.0177	-0.000288700000000006	6.44199999999999e-05	0	0.10804	-0.0475362631	0.0367085017	-0.0204510037	0.0011684964	0.018286849	-0.0350372959	0.0466052026	-0.0512795028	0.0483687975	-0.0383036235	0.0225727706	-0.0035030673	-0.016084792	0.03329347	-0.0455775458	0.0511200208	-0.0491010801	0.0398193552	-0.024647752	0.0058303776	0.0138493968	-0.0314806383	-0.003829689	0.0094765015	0.0174341933	-0.0139747318	0.0080815215	0.0237158658	0.0185189435	-0.0542913767	0.012173727	-0.0096981579	0	0.444120489524321	0.467255872857202	0.448081059024295	-1.68540061352814
-0.589538	0.62589	1.13729	0.0299957	0.00277162	-0.0119853	0.00473299999999999	-0.0694150000000001	-0.00561000000000011	0.000430700000000003	-0.00046236	0.0004159	0.145206	-0.0476160468	0.037004282	-0.0210340579	0.0020179662	0.01729034	-0.0340948932	0.0459622855	-0.0511740416	0.0489754657	-0.0396849258	0.024647752	-0.0060414244	-0.0134397405	0.0309747441	-0.0440244045	0.0506990465	-0.0500321388	0.042120254	-0.0281090841	0.010027537	0.0095060622	-0.0276631221	-0.0027210092	0.0114814312	-0.0031251236	-0.0183126656	0.0297221753	0.0219589291	0.0135709675	0.0325919931	0.0410730613	0.0290449797	0	-0.45447345909924	-0.421322878061307	0.448081059024295	-1.68540061352814
-0.586832	0.660989	1.12868	0.0295902	0.00301297	-0.0118152	0.00270599999999999	0.0350990000000001	-0.00861000000000001	-0.000405500000000003	0.00024135	0.000170099999999999	0.0872625000000001	-0.0476950147	0.0372975264	-0.0216138688	0.0028668829	0.0162864257	-0.0331314631	0.0452807864	-0.0510124748	0.0495141777	-0.0409982483	0.0266716472	-0.00856488	-0.0107557855	0.0285520362	-0.0423016137	0.0500557939	-0.0507155786	0.0441874568	-0.0313966575	0.0141560177	0.0050909511	-0.0236163807	-0.0008758248	0.0079784597	0.0241803026	-0.0093258625	-0.0095019549	0.005445808	0.0077466162	-0.030170618	0.0087191524	0.0054806326	0	0.799096952002879	-0.639245556081613	0.448081059024295	-1.68540061352814
-0.565214	0.656023	1.14333	0.0297997	0.00269808	-0.0115667	0.021618	-0.00496600000000014	0.0146500000000001	0.000209500000000005	-0.00031489	0.000248499999999999	0.0798785	-0.0477731655	0.0375882149	-0.0221903471	0.0037150137	0.015275536	-0.0321475998	0.0445612775	-0.0507949796	0.0499841859	-0.0422413413	0.0286402612	-0.0110672099	-0.0080406961	0.0260334792	-0.0404158122	0.0491930831	-0.051148017	0.0460094942	-0.0344901501	0.0181875435	0.0006374004	-0.0193739464	-0.0061581055	0.014257487	-0.0371789551	-0.0078247405	-0.0015942092	0.01200837	0.0122664777	-0.0060140252	0.0047942653	-0.01704156	0	-2.77022716553225	-0.618839332004405	0.448081059024295	-1.68540061352814
-0.551093	0.662576	1.12519	0.0298149	0.00287502	-0.0113885	0.0141209999999999	0.00655300000000014	-0.01814	1.51999999999999e-05	0.00017694	0.0001782	0.057331	-0.0478504978	0.0378763275	-0.0227634039	0.0045621261	0.014258104	-0.03114391	0.0438043627	-0.0505217943	0.0503848382	-0.0434120755	0.030549514	-0.013542242	-0.0053023317	0.0234275279	-0.038374267	0.0481146965	-0.0513273137	0.0475762569	-0.0373704389	0.0220945026	-0.0038209632	-0.0149709736	-0.001140477	0.0143378923	0.0027910981	-0.0170967053	0.0428169688	0.0089928052	-0.0020698501	0.0023158045	0.0433506815	0.0038813245	0	-1.05201785876246	-0.599445345678141	0.448081059024295	0.592443852028073
-0.503329	0.676404	1.18195	0.0302509	0.00358009	-0.0098273	0.047764	0.013828	0.0567600000000002	0.000435999999999999	0.00070507	0.0015612	0.2534655	-0.0479270103	0.0381618445	-0.0233329509	0.0054079881	0.0132345652	-0.0301210128	0.0430106775	-0.0501932186	0.0507155786	-0.0445084453	0.0323954483	-0.0159838716	-0.0025486187	0.0207429306	-0.0361848453	0.046825362	-0.0512525814	0.048879052	-0.0400197194	0.0258501361	-0.0082504761	-0.0104439465	0.0002687941	0.0048963674	0.0232258472	-0.025620931	-0.0044309451	-0.0115549021	-0.006287145	-0.0420983448	-0.0543388285	-0.0051244181	0	-1.21502106761396	-0.220268195812051	0.448081059024295	-1.68540061352814
-0.522366	0.662641	1.20786	0.0312466	0.00304291	-0.0103933	-0.019037	-0.013763	0.0259099999999999	0.000995699999999999	-0.00053718	-0.000566000000000001	0.163654	-0.0480027017	0.0384447462	-0.0238989001	0.0062523676	0.0122053583	-0.029079539	0.042180888	-0.0498096126	0.0509759483	-0.0455285727	0.034174238	-0.0183860761	0.0002124716	0.0179886993	-0.033855984	0.0453307324	-0.0509241898	0.0499106512	-0.0424216147	0.0294287216	-0.0126176931	-0.0058303776	0.001224039	-0.0046338838	-0.012439115	-0.0247648361	0.0040838975	-0.0064852358	-0.0200225699	0.0374450254	0.0217846935	0.0015774078	0	-1.56344237846791	0.328919598597519	0.448081059024295	-1.68540061352814
-0.522398	0.680235	1.19196	0.0312596	0.00304291	-0.0105059	-3.1999999999921e-05	0.017594	-0.0158999999999998	1.29999999999991e-05	0	-0.000112600000000001	0.0398060000000001	-0.0480775708	0.0387250135	-0.0244611644	0.0070950334	0.0111709238	-0.0280201309	0.0413156908	-0.0493713969	0.0511655859	-0.0464707102	0.0358821964	-0.0207429306	0.002972947	0.0151740801	-0.0313966575	0.0436373605	-0.0503437644	0.0506653309	-0.0445612775	0.0328057493	-0.0168896389	-0.0011684964	0.0039602519	-0.0007721024	0.0538004837	-0.0194589827	0.0196764251	0.0106711582	-0.0071171346	-0.008550498	-0.005117783	-0.010327354	0	0.334220478098683	0.267562994583359	0.448081059024295	-1.68540061352814
-0.495183	0.687932	1.20912	0.0312149	0.00304291	-0.0101854	0.0272149999999999	0.00769699999999995	0.0171599999999998	-4.46999999999982e-05	0	0.0003205	0.070332	-0.0481516161	0.0390026269	-0.0250196571	0.0079357543	0.0101317049	-0.026943442	0.0404158122	-0.048879052	0.0512842283	-0.047333244	0.0375157835	-0.0230486216	0.0057248166	0.0123085215	-0.028816343	0.0417526707	-0.0495141777	0.051138904	-0.046425481	0.03595809	-0.0210340579	0.0035030673	-0.00052211	0.0023705456	-0.0223904729	-0.0188650731	0.0077795157	0.0018737058	-0.0207757453	0.0085946768	-0.0134175733	-0.0368560659	0	-2.08997877018051	0.179755676814626	0.448081059024295	0.592443852028073
-0.541234	0.627341	1.14081	0.0320082	0.00340555	-0.0109282	-0.046051	-0.060591	-0.0683099999999999	0.0007933	0.00036264	-0.0007428	0.269889	-0.0482248365	0.0392775675	-0.025574292	0.0087742999	0.0090881467	-0.0258501361	0.0394820076	-0.0483331176	0.0513317109	-0.0481146965	0.0390716134	-0.0252974622	0.0084601148	0.0094016433	-0.0261249837	0.0396849258	-0.0484395355	0.0513287428	-0.0480027017	0.0388641531	-0.0250196571	0.0081456036	0.0014859267	0.005607582	0.0216251141	0.0018943383	0.0133712078	0.0072055379	0.0081752804	0.0294432863	0.0144883426	-0.0074676207	0	1.02990811265203	0.118577197072256	0.448081059024295	0.592443852028073
-0.511849	0.688664	1.25308	0.0309589	0.00401318	-0.0110805	0.029385	0.061323	0.11227	-0.0010493	0.00060763	-0.000152299999999999	0.2934395	-0.0482972307	0.0395498165	-0.0261249837	0.0096104404	0.0080406961	-0.0247408876	0.0385150608	-0.0477341923	0.0513079677	-0.0488137291	0.0405464614	-0.0274839053	0.0111709238	0.0064632038	-0.0233329509	0.0374431914	-0.0471251565	0.0512337941	-0.0492831899	0.041504035	-0.028816343	0.0127206428	-0.0001936781	-0.0082992547	0.0177989081	-0.0231428584	0.0202609927	0.0257876354	-0.0073787793	-0.0038641233	0.0018658465	-0.0516677618	0	-1.64813455822498	-0.108737917560202	0.448081059024295	-1.68540061352814
-0.488658	0.613777	1.2812	0.030605	0.00312277	-0.0104456	0.023191	-0.074887	0.0281199999999999	-0.000353900000000001	-0.00089041	0.000634899999999999	0.2201585	-0.0483687975	0.0398193552	-0.0266716472	0.0104439465	0.0069898018	-0.0236163807	0.0375157835	-0.0470829328	0.0512130319	-0.0494291445	0.0419372706	-0.0296025581	0.0138493968	0.0035030673	-0.0204510037	0.0350372959	-0.0455775458	0.0508545847	-0.05025903	0.0438596552	-0.0323954483	0.0171902747	-0.0017023289	-0.0103036756	0.0181779736	-0.0479741635	0.0391752777	-0.0006426484	-0.0261659905	0.0557464021	0.0409215321	0.0162141949	0	-1.50269373492824	-0.170474499354776	0.448081059024295	-1.68540061352814
-0.488781	0.671915	1.28361	0.030074	0.00312277	-0.0106848	-0.00012300000000004	0.0581379999999999	0.00241000000000024	-0.000531	0	-0.000239199999999998	0.0991810000000001	-0.0484395355	0.040086165	-0.0272141981	0.0112745899	0.0059359137	-0.0224773087	0.0364850145	-0.046380053	0.051047035	-0.0499598883	0.0432411585	-0.0316481948	0.0164877804	0.0005311711	-0.0174902479	0.0324777874	-0.0438043627	0.0501932186	-0.0509241898	0.0459148799	-0.0357299485	0.0215174627	-0.0025392703	-0.0090575981	0.0524559888	-0.0364273647	0.0001526207	0.0025484293	-0.0304241448	-0.0320356031	-0.0212107742	-0.0092436568	0	0.567305920551918	-0.202379154132237	-2.22840312389761	0.592443852028073
-0.460547	0.654663	1.35888	0.0303702	0.00239608	-0.010074	0.028234	-0.0172519999999999	0.0752699999999997	0.0002962	-0.00072669	0.0006108	0.2024405	-0.0485094437	0.0403502279	-0.027752553	0.0121021428	0.0048794834	-0.0213243743	0.035423619	-0.0456263236	0.0508102074	-0.0504050515	0.0444554224	-0.0336157698	0.0190784374	-0.0024425082	-0.0144620929	0.0297758875	-0.0418143832	0.0492533652	-0.0512745577	0.0476556328	-0.0387946664	0.0256663501	-0.0084267325	-0.0142391727	-0.0008858651	-0.059474109	0.013096786	-0.0070464998	-0.0379392192	0.0322536501	-0.0113607853	-0.0081003666	0	0.634197021126937	0.132862071831973	-2.22840312389761	-1.68540061352814
-0.434227	0.614501	1.32362	0.0297336	0.00261367	-0.00933394	0.02632	-0.0401619999999999	-0.0352599999999998	-0.000636599999999998	0.00021759	0.000740059999999999	0.1814545	-0.0485785209	0.0406115256	-0.0282866287	0.0129263783	0.0038209632	-0.0201582885	0.0343324881	-0.044822571	0.0505028777	-0.0507638714	0.0455775458	-0.0355004298	0.0216138688	-0.0054079881	-0.0113782077	0.026943442	-0.039617456	0.0480402391	-0.0513079677	0.0490699916	-0.0415664612	0.0296025581	-0.002839963	-0.0105083633	0.0448120326	-0.0449125418	0.0082154887	0.0024826491	-0.0369421742	-0.0028325971	0.0105786424	-0.0030343857	0	0.938732723975777	0.10392896083456	-2.22840312389761	-1.68540061352814
-0.411969	0.672509	1.37345	0.0288533	0.00279224	-0.00923509	0.0222580000000001	0.0580079999999999	0.04983	-0.000880300000000001	0.00017857	9.8850000000001e-05	0.187982	-0.0486467657	0.0408700402	-0.028816343	0.0137470706	0.0027608065	-0.0189797704	0.0332125377	-0.0439696763	0.0501254723	-0.0510357335	0.0466052026	-0.0372975264	0.0240867353	-0.0083553134	-0.0082504761	0.0239928691	-0.0372244541	0.0465605712	-0.0510242134	0.0501482692	-0.0440244045	0.03329347	-0.008677832	-0.0070404204	0.0193508424	-0.0635451656	0.0337998789	0.0086649071	-0.0221625849	0.0037242098	-0.030426377	0.0108191182	0	0.374919135792509	0.080827680415727	0.448081059024295	-1.68540061352814
-0.41651	0.620293	1.30499	0.029411	0.00228854	-0.00882057	-0.00454100000000007	-0.052216	-0.0684600000000002	0.000557699999999998	-0.0005037	0.00041452	0.199013	-0.0487141772	0.041125754	-0.0293416141	0.0145639947	0.0016994674	-0.0177895469	0.0320647078	-0.0430685747	0.049678515	-0.051220172	0.0475362631	-0.0390026269	0.0264898788	-0.0112745899	-0.0050909511	0.020937105	-0.0346472211	0.044822571	-0.0504250488	0.0508830806	-0.0461499372	0.0367085017	-0.0059724934	0.0050153155	0.0520749267	-0.0282526213	-0.0059253343	0.0059921617	-0.0167445245	0.0303045672	0.0152819779	0.0115271221	0	0.699081533685507	0.080383893751186	0.448081059024295	0.592443852028073
-0.411365	0.661718	1.3502	0.0292133	0.00196109	-0.0093023	0.00514500000000007	0.0414250000000001	0.0452100000000002	-0.000197700000000002	-0.00032745	-0.00048173	0.142124	-0.048780754	0.0413786495	-0.029862361	0.0153769266	0.0006374004	-0.016588352	0.030889962	-0.042120254	0.0491626259	-0.051316871	0.0483687975	-0.0406115256	0.028816343	-0.0141560177	-0.001911808	0.0177895469	-0.0318985121	0.0428358815	-0.0495141777	0.051269393	-0.0479270103	0.0398193552	-0.0081688679	-0.0013406289	0.0384975771	-0.0454393029	0.0319546395	0.0029441733	-0.0144318462	-0.0280857326	-0.0291696186	0.0113319555	0	0.415090492494242	0.042681107932249	0.448081059024295	0.592443852028073
-0.424655	0.593975	1.2963	0.029759	0.00142712	-0.00912554	-0.01329	-0.067743	-0.0539000000000001	0.0005457	-0.00053397	0.00017676	0.1977545	-0.0488464951	0.0416287094	-0.0303785035	0.0161856435	-0.0004249396	-0.0153769266	0.0296892864	-0.041125754	0.0485785209	-0.0513256648	0.0491010801	-0.042120254	0.0310593936	-0.0169899238	0.0012747024	0.0145639947	-0.0289919311	0.0406115256	-0.0482972307	0.0513045605	-0.0493422058	0.0426002529	-0.0071505948	-0.0002264435	0.0097719898	-0.0274450463	-0.0106199655	0.0101753099	-0.0251419061	0.0444392735	0.0243283515	-0.026096732	0	0.337636083520234	-0.133969488107822	0.448081059024295	0.592443852028073
-0.427609	0.672691	1.23032	0.0302141	0.0017018	-0.00960108	-0.00295400000000001	0.078716	-0.0659799999999999	0.0004551	0.00027468	-0.00047554	0.207916	-0.0489113994	0.0418759166	-0.030889962	0.0169899238	-0.0014870976	-0.0141560177	0.0284636888	-0.040086165	0.0479270103	-0.0512465384	0.0497315932	-0.0435250908	0.0332125377	-0.0197667948	0.0044563007	0.0112745899	-0.0259418632	0.0381618445	-0.0467817305	0.0509883422	-0.0503848382	0.0450281516	-0.0040755263	-0.0050926545	-0.035472745	-0.0189733598	0.0127805151	0.0074200676	-0.00937991	-0.0406852706	-0.0061387707	0.0069721506	0	0.708209891843716	-0.144240837753109	0.448081059024295	0.592443852028073
-0.427149	0.592296	1.25221	0.0308891	0.00142712	-0.00941245	0.000460000000000016	-0.080395	0.02189	0.000674999999999999	-0.00027468	0.00018863	0.1596605	-0.0489754657	0.042120254	-0.0313966575	0.0177895469	-0.0025486187	-0.0129263783	0.0272141981	-0.0390026269	0.0472089983	-0.0510796273	0.05025903	-0.044822571	0.0352695426	-0.0224773087	0.0076207265	0.0079357543	-0.0227634039	0.0355004298	-0.0449770452	0.050322904	-0.051047035	0.0470829328	-0.0055440871	0.0006056006	0.0253053095	-0.0032239635	-0.0290102543	-0.001047054	0.0017797846	0.0272145308	-0.024510496	0.042643104	0	1.03240073220165	-0.111493446814536	0.448081059024295	0.592443852028073
-0.423245	0.675828	1.21667	0.0309575	0.00142712	-0.0096966	0.00390400000000002	0.0835319999999999	-0.0355399999999999	6.84000000000032e-05	0	-0.000284150000000002	0.1406035	-0.049038693	0.042361705	-0.0318985121	0.0185842938	-0.0036090482	-0.0116887668	0.0259418632	-0.0378763275	0.046425481	-0.0508252175	0.0506822973	-0.0460094942	0.0372244541	-0.0251123665	0.0107557855	0.0045621261	-0.019472284	0.032642048	-0.0428943306	0.0493128035	-0.0513237961	0.04874757	-0.0011469631	-0.017629192	-0.0529233228	-0.0081186925	-0.000967486	0.0190356449	-0.0153077974	-0.0306810919	0.0116145519	-0.0499466503	0	0.063782829144703	-0.060966054546578	0.448081059024295	0.592443852028073
-0.388234	0.648239	1.27649	0.030548	0.00142712	-0.00907394	0.035011	-0.027589	0.0598199999999998	-0.000409499999999997	0	0.000622660000000001	0.174028	-0.0491010801	0.0426002529	-0.0323954483	0.0193739464	-0.004667932	-0.0104439465	0.024647752	-0.0367085017	0.0455775458	-0.0504837447	0.0510005177	-0.0470829328	0.0390716134	-0.0276631221	0.0138493968	0.0011684964	-0.016084792	0.0296025581	-0.0405464614	0.0479649587	-0.0512130319	0.0500082695	-0.0068088807	0.0050343517	-0.0105443719	-1.90666e-05	0.020636772	0.0245933874	0.0100662381	-0.0011461989	-0.0241034695	0.0590402338	0	1.12571683463587	-0.013551063949886	0.448081059024295	0.592443852028073
-0.397578	0.579901	1.21656	0.030548	0.00097608	-0.0089892	-0.00934400000000002	-0.068338	-0.0599299999999998	0	-0.00045104	8.47399999999998e-05	0.164401	-0.0491626259	0.0428358815	-0.0328873894	0.0201582885	-0.0057248166	-0.0091926851	0.0233329509	-0.0355004298	0.044666369	-0.0500557939	0.0512130319	-0.0480402391	0.0408056734	-0.0301210128	0.0168896389	-0.0022302563	-0.0126176931	0.0263988242	-0.0379479508	0.0462886013	-0.0507155786	0.0508545847	-0.0031522429	0.0075766596	0.0456069103	0.0054061446	-0.0112107446	0.0235460433	0.003733288	0.0029629902	0.0336796349	-0.0021385784	0	0.777095868831975	0.023299623716606	0.448081059024295	0.592443852028073
-0.390703	0.643639	1.25145	0.0304141	0.00135148	-0.00912731	0.00687500000000002	0.0637380000000001	0.0348899999999999	-0.000133900000000006	0.0003754	-0.000138109999999999	0.1378735	-0.0492233296	0.0430685747	-0.0333742597	0.020937105	-0.0067792492	-0.0079357543	0.0219985635	-0.0342534364	0.0436932151	-0.0495420981	0.0513193992	-0.048879052	0.0424216147	-0.0324777874	0.0198647963	-0.005619231	-0.0090881467	0.0230486216	-0.035114862	0.0442952125	-0.0498351925	0.0512795028	-0.008989138	0.006672604	-0.0197857557	0.0062033209	0.0071060178	0.0483440872	0.0238772719	-0.0249682513	-0.039786729	-0.0122026664	0	1.01841930875185	0.024492297053909	0.448081059024295	0.592443852028073
-0.413801	0.584798	1.20996	0.0305845	0.000529797	-0.00929071	-0.023098	-0.0588410000000001	-0.0414899999999998	0.000170400000000008	-0.000821683	-0.000163400000000001	0.18120315	-0.0492831899	0.0432983163	-0.033855984	0.0217101824	-0.0078307784	-0.0066739292	0.0206457099	-0.0329688886	0.0426594344	-0.0489435374	0.0513193992	-0.0495973023	0.0439147598	-0.0347255342	0.0227634039	-0.0089835694	-0.0055136214	0.0195705382	-0.0320647078	0.041998445	-0.0485785209	0.0512795028	-0.0070351022	0.0139699941	-0.0223986602	0.0191283542	0.0156759796	0.0412765631	0.0145331478	0.0439030785	0.0389852686	0.0239084665	0	0.35763113637008	0.012480593687217	0.448081059024295	0.592443852028073
-0.408386	0.63382	1.19871	0.0304055	0.000654937	-0.00942758	0.005415	0.049022	-0.0112500000000002	-0.000179000000000002	0.00012514	-0.000136869999999999	0.0877375	-0.0493422058	0.0435250908	-0.0343324881	0.0224773087	-0.0088789537	-0.0054079881	0.0192755259	-0.0316481948	0.0415664612	-0.048261137	0.0512130319	-0.0501932186	0.0452807864	-0.0368567075	0.025574292	-0.0123085215	-0.001911808	0.0159838716	-0.028816343	0.0394140296	-0.0469550524	0.0508545847	-0.0075284575	0.0228685269	0.017472325	0.0285601625	0.0060292582	0.0421572133	0.0401723035	-0.0419328583	-0.0091245029	0.0380767463	0	-0.812639939213731	0.018826515360682	0.448081059024295	0.592443852028073
-0.40442	0.606525	1.20795	0.0303289	0.000529797	-0.00931515	0.00396600000000003	-0.027295	0.00924000000000014	-7.66000000000031e-05	-0.00012514	0.00011243	0.0562095000000002	-0.0494003765	0.0437488826	-0.0348036986	0.0232382738	-0.0099233262	-0.0041387117	0.0178891614	-0.0302928029	0.0404158122	-0.0474960658	0.0510005177	-0.0506653309	0.0465157403	-0.0388641531	0.0282866287	-0.0155795096	0.0016994674	0.0123085215	-0.0253898477	0.0365596669	-0.0449770452	0.0500082695	-0.010331352	0.0281620014	0.03897718	0.029758437	0.0154566706	0.0245447313	0.0227589357	0.0464891523	0.0186320441	0.0254595051	0	-0.133778532299147	0.029582364270394	0.448081059024295	0.592443852028073
-0.408238	0.60824	1.14549	0.0301471	0.000529797	-0.00918656	-0.00381799999999999	0.00171500000000002	-0.0624600000000002	-0.000181799999999999	0	0.00012859	0.0835125000000001	-0.0494577007	0.0439696763	-0.0352695426	0.0239928691	-0.0109634486	-0.0028668829	0.0164877804	-0.0289041989	0.039209084	-0.0466496345	0.0506822973	-0.0510124748	0.0476160468	-0.0407411319	0.030889962	-0.018782193	0.0053023317	0.00856488	-0.0218064029	0.0334549064	-0.0426594344	0.04874757	-0.003665073	-0.0018268397	-0.0076490916	0.0274732899	-0.0295755965	0.00429868	-0.0138645873	-0.0131031431	0.0118295318	-0.0826712729	0	-0.474489146678549	0.035553598765088	0.448081059024295	0.592443852028073
-0.372776	0.634877	1.18068	0.0296221	0.000529797	-0.00891344	0.035462	0.026637	0.03519	-0.000524999999999998	0	0.00027312	0.137195	-0.0495141777	0.0441874568	-0.0357299485	0.0247408876	-0.0119988754	-0.0015932859	0.0150725591	-0.0274839053	0.0379479508	-0.0457232929	0.05025903	-0.0512337941	0.0485785209	-0.0424813428	0.0333742597	-0.0219025301	0.0088789537	0.0047737179	-0.0180881602	0.0301210128	-0.0400197194	0.0470829328	-0.0075049926	0.0070293993	-0.0639605951	0.0311549781	-0.0222028066	-0.0146603813	0.0032904162	-0.0105903749	-0.0470972099	0.0400890051	0	0.099818874522931	0.035463767488037	0.448081059024295	0.592443852028073
-0.390337	0.558827	1.13687	0.0300653	-5.39168e-05	-0.00909067	-0.017561	-0.07605	-0.0438099999999999	0.000443200000000001	-0.0005837138	-0.00017723	0.19762819	-0.0495698064	0.0444022092	-0.0361848453	0.0254821244	-0.0130291632	-0.0003187063	0.0136446855	-0.0260334792	0.0366341627	-0.044718628	0.0497315932	-0.0513287428	0.0494003765	-0.0440789442	0.0357299485	-0.0249268406	0.012411632	0.0009560698	-0.014258104	0.0265808199	-0.0370778316	0.0450281516	-0.0023548169	0.0213967786	0.0111387391	0.0494726211	-0.0303544163	-0.0098414291	0.0013483558	0.0344705173	0.0031223366	0.0402193468	0	0.645048936890714	0.033215349988694	0.448081059024295	0.592443852028073
-0.359132	0.649539	1.15349	0.0294762	0.00073973	-0.00880369	0.031205	0.0907119999999999	0.0166199999999999	-0.000589100000000002	0.0007936468	0.000286980000000003	0.22202334	-0.0496245858	0.0446139188	-0.0366341627	0.0262163763	-0.0140538708	0.0009560698	0.0122053583	-0.0245545108	0.0352695426	-0.0436373605	0.0491010801	-0.0512970867	0.0500792346	-0.0455285727	0.0379479508	-0.027841865	0.0158828827	-0.0028668829	-0.0103399101	0.0228585745	-0.033855984	0.0426002529	-0.0030834984	0.011841864	0.0005568589	0.0324262692	0.0013388408	-0.0039152216	-0.0123672777	-0.0250356983	0.0066318325	-0.0465746926	0	1.14882215468075	0.040590896153727	0.448081059024295	0.592443852028073
-0.369042	0.615771	1.24965	0.0289409	0.000834268	-0.00899992	-0.00990999999999997	-0.033768	0.09616	-0.000535300000000002	9.45380000000001e-05	-0.00019623	0.1811414	-0.049678515	0.044822571	-0.0370778316	0.026943442	-0.0150725591	0.0022302563	0.0107557855	-0.0230486216	0.033855984	-0.0424813428	0.0483687975	-0.051138904	0.0506131302	-0.046825362	0.0400197194	-0.0306348232	0.0192755259	-0.0066739292	-0.0063577993	0.0189797704	-0.0303785035	0.0398193552	-0.009646236	0.0011373608	-0.0062911537	0.0180418431	-0.0149485649	-0.0192397444	-0.0184530344	-0.0298004193	-0.0396178041	-0.0241027565	0	0.204487424334256	-1.36529637864909	0.448081059024295	0.592443852028073
-0.367082	0.583648	1.21412	0.0296831	0.000631828	-0.00879147	0.00195999999999996	-0.032123	-0.0355299999999998	0.000742199999999998	-0.00020244	0.000208449999999999	0.1272675	-0.0497315932	0.0450281516	-0.0375157835	0.0276631221	-0.016084792	0.0035030673	0.0092971841	-0.0215174627	0.0323954483	-0.0412525551	0.0475362631	-0.0508545847	0.0510005177	-0.0479649587	0.0419372706	-0.03329347	0.0225727706	-0.0104439465	-0.0023363873	0.0149709736	-0.0266716472	0.0367085017	-0.0066022826	-0.0006839154	-0.0390125006	0.0127309275	-0.0217195126	-0.0317545519	-0.0305018466	0.0423984938	0.0184455638	-0.0095788482	0	0	0	-2.22840312389761	0.592443852028073
-0.351051	0.643076	1.18279	0.0283782	0.00121453	-0.00895979	0.016031	0.059428	-0.0313300000000001	-0.0013049	0.000582702	-0.000168320000000001	0.2095851	-0.0497838193	0.0452306464	-0.0379479508	0.0283752196	-0.0170901359	0.0047737179	0.0078307784	-0.0199627126	0.030889962	-0.0399531023	0.0466052026	-0.0504448302	0.051240276	-0.0489435374	0.0436932151	-0.0358061492	0.0257582983	-0.0141560177	0.0016994674	0.0108596403	-0.0227634039	0.03329347	-0.0022895898	-0.0038251272	-0.0577151378	0.0287526645	-0.0237611861	-0.0177123231	-0.0077378355	-0.0320171354	0.002235696	0.0176549293	0	0	0	0	0
-0.347162	0.582185	1.24444	0.0289639	0.000760264	-0.00848424	0.00388900000000003	-0.0608909999999999	0.0616500000000002	0.000585700000000001	-0.000454266	0.00047555	0.2022058	-0.0498351925	0.0454300417	-0.038374267	0.029079539	-0.0180881602	0.0060414244	0.0063577993	-0.0183860761	0.0293416141	-0.0385852104	0.0455775458	-0.0499106512	0.0513317109	-0.0497578128	0.0452807864	-0.0381618445	0.028816343	-0.0177895469	0.0057248166	0.0066739292	-0.0186832834	0.0296025581	-0.0041711261	-0.0013452625	0.0182716557	0.0202376328	-0.000715401	-0.0069429814	0.0192025088	-0.0051480586	-0.0030461971	0.084034859	0	0	0	0	0
-0.35065	0.637017	1.18993	0.0291024	0.000798439	-0.00866167	-0.00348800000000005	0.054832	-0.0545100000000003	0.0001385	3.81750000000001e-05	-0.000177429999999998	0.13053525	-0.0498857119	0.0456263236	-0.0387946664	0.0297758875	-0.0190784374	0.0073054049	0.0048794834	-0.0167892817	0.027752553	-0.0371512224	0.0444554224	-0.0492533652	0.0512745577	-0.0504050515	0.0466938665	-0.0403502279	0.0317317699	-0.0213243743	0.0097147774	0.0024425082	-0.0144620929	0.0256663501	0.0028098051	0.0010063009	0.0280909047	0.0391676383	-0.0208631592	0.0089513892	0.0147798349	-0.0176049678	0.0081690496	-0.0430557143	0	0	0	0	0
-0.327637	0.6229	1.27551	0.0290735	0.000613348	-0.00846275	0.023013	-0.014117	0.0855800000000002	-2.88999999999984e-05	-0.000185091	0.00019892	0.14335555	-0.0499353767	0.0458194789	-0.039209084	0.030464074	-0.0200605435	0.00856488	0.0033970715	-0.0151740801	0.0261249837	-0.0356535949	0.0432411585	-0.0484745935	0.0510689819	-0.0508830806	0.0479270103	-0.042361705	0.0344901501	-0.0247408876	0.0136446855	-0.0018056415	-0.0101317049	0.0215174627	-0.0043183334	-0.0094786496	-0.0618398327	0.0211615072	-0.0161523315	0.0086542539	0.0104569331	-0.0173748118	-0.0344500788	-0.0169364985	0	0	0	0	0
-0.34389	0.574219	1.26124	0.0283211	0.000558738	-0.00842652	-0.016253	-0.0486810000000001	-0.0142700000000002	-0.0007524	-5.461e-05	3.62299999999982e-05	0.121366	-0.0499841859	0.0460094942	-0.039617456	0.03114391	-0.0210340579	0.0098190728	0.001911808	-0.013542242	0.0244611644	-0.0340948932	0.0419372706	-0.0475762569	0.0507155786	-0.0511902955	0.0489754657	-0.0441874568	0.0370778316	-0.0280201309	0.0174902479	-0.0060414244	-0.0057248166	0.0171902747	-0.0022751898	-0.0030293324	0.024779104	0.0257002383	0.0038885179	0.0248666421	0.0262720337	0.0300825645	0.0428414633	0.0458370397	0	0	0	0	0
-0.368465	0.623599	1.21554	0.0286171	0.000604433	-0.00889442	-0.024575	0.0493800000000001	-0.0456999999999999	0.000295999999999998	4.5695e-05	-0.0004679	0.16013475	-0.0500321388	0.0461963565	-0.0400197194	0.0318152092	-0.0219985635	0.0110672099	0.0004249396	-0.0118955567	0.0227634039	-0.0324777874	0.0405464614	-0.0465605712	0.0502153708	-0.0513256648	0.0498351925	-0.0458194789	0.0394820076	-0.03114391	0.021227693	-0.0102358295	-0.0012747024	0.0127206428	0.0014853627	0.0094233652	0.0416029319	0.0487953031	0.008568274	0.039150749	0.0470621327	-0.0567623992	-0.0089557923	-0.0378600899	0	0	0	0	0
-0.339963	0.597155	1.27493	0.0285274	0.000525305	-0.00841631	0.028502	-0.026444	0.0593899999999998	-8.96999999999981e-05	-7.9128e-05	0.000478110000000002	0.1466829	-0.0500792346	0.046380053	-0.0404158122	0.0324777874	-0.0229536472	0.0123085215	-0.0010622854	-0.0102358295	0.0210340579	-0.0308050475	0.0390716134	-0.0454300417	0.0495698064	-0.0512887341	0.0505028777	-0.0472506159	0.0416907793	-0.0340948932	0.0248339173	-0.0143601292	0.0031850365	0.0081456036	-0.0036161751	-0.0011974584	-0.0206683562	0.0340329194	0.0108357209	0.0009130959	0.0064537129	0.0174779833	-0.009714609	0.0025132763	0	0	0	0	0
-0.339747	0.578965	1.18533	0.029931	0.00028565	-0.00830749	0.000216000000000049	-0.01819	-0.0895999999999997	0.0014036	-0.000239655	0.000108819999999997	0.19560975	-0.0501254723	0.0465605712	-0.0408056734	0.0331314631	-0.0238989001	0.013542242	-0.0025486187	-0.00856488	0.0192755259	-0.029079539	0.0375157835	-0.0441874568	0.048780754	-0.0510796273	0.0509759483	-0.0484745935	0.0436932151	-0.0368567075	0.0282866287	-0.0183860761	0.0076207265	0.0035030673	0.0090847665	-0.0099805981	0.0049197869	0.0591919227	0.0067279908	0.0032541575	0.0200642746	-0.0004747533	0.0126624143	0.0093929553	0	0	0	0	0
-0.322514	0.645925	1.17174	0.0301703	0.0004657	-0.00808491	0.017233	0.06696	-0.0135900000000002	0.000239299999999998	0.00018005	0.00022258	0.1298795	-0.0501708514	0.0467378986	-0.0411892428	0.0337760571	-0.0248339173	0.0147676106	-0.0040328127	-0.0068845403	0.0174902479	-0.0273042176	0.0358821964	-0.0428358815	0.0478504978	-0.0506990465	0.0512525814	-0.0494860452	0.0454794046	-0.0394140296	0.0315644841	-0.0222860966	0.0119988754	-0.0011684964	0.0117727898	0.0045926359	0.0235143313	0.0796408828	-0.0049924986	-0.0018481858	0.0379451349	-0.0173347906	-0.0433036784	-0.0184751635	0	0	0	0	0
-0.332393	0.589912	1.18868	0.0301703	0.000538926	-0.00850571	-0.00987900000000003	-0.056013	0.01694	0	7.3226e-05	-0.000420799999999997	0.1075333	-0.0502153708	0.0469120231	-0.0415664612	0.0344113928	-0.0257582983	0.0159838716	-0.0055136214	-0.0051966525	0.0156807013	-0.0254821244	0.034174238	-0.0413786495	0.0467817305	-0.0501482692	0.0513317109	-0.0502805367	0.0470405074	-0.0417526707	0.0346472211	-0.0260334792	0.0162864257	-0.0058303776	0.0097127874	-0.0224337947	-0.0423954442	0.056108732	0.0077307596	-0.0220658521	0.0162146706	0.0436069832	0.0065675929	0.0002121669	0	0	0	0	0
-0.251707	0.550749	1.13981	0.0268704	0.000145408	-0.00731462	0.080686	-0.0391630000000001	-0.0488699999999997	-0.0032999	-0.000393518	0.00119109	0.4129444	-0.05025903	0.0470829328	-0.0419372706	0.0350372959	-0.0266716472	0.0171902747	-0.0069898018	-0.0035030673	0.0138493968	-0.0236163807	0.0323954483	-0.0398193552	0.0455775458	-0.0494291445	0.0512130319	-0.0508545847	0.0483687975	-0.0438596552	0.0375157835	-0.0296025581	0.0204510037	-0.0104439465	0.0100009764	0.0145246833	-0.0617975651	0.0710483007	-0.0106187163	-0.019081882	0.0166431157	0.0176545029	-0.0108695297	0.0327434918	0	0	0	0	0
-0.217446	0.44359	1.17035	0.0227308	5.23264e-06	-0.00605492	0.034261	-0.107159	0.0305399999999998	-0.0041396	-0.00014017536	0.0012597	0.448933768	-0.0503018281	0.0472506159	-0.0423016137	0.0356535949	-0.0275735728	0.0183860761	-0.0084601148	-0.0018056415	0.0119988754	-0.0217101824	0.030549514	-0.0381618445	0.0442414294	-0.0485440863	0.0508970017	-0.0512056724	0.0494577007	-0.0457232929	0.040152439	-0.0329688886	0.0244611644	-0.0149709736	-0.0007659927	0.025017099	-0.0577965275	0.0208593466	0.0024596447	-0.0446256665	-0.0253072085	-0.0345149712	-0.0046154062	0.059942896	0	0	0	0	0
-0.288031	0.477753	1.28157	0.0232206	0.000252888	-0.00744299	-0.070585	0.034163	0.11122	0.000489799999999999	0.00024765536	-0.00138807	0.322244268	-0.0503437644	0.047415061	-0.0426594344	0.0362601209	-0.0284636888	0.0195705382	-0.0099233262	-0.000106236	0.0101317049	-0.0197667948	0.0286402612	-0.0364102058	0.042777249	-0.0474960658	0.0503848382	-0.0513322605	0.0503018281	-0.047333244	0.042540889	-0.0361094147	0.0282866287	-0.0193739464	0.0004897828	-0.02444004	-0.009886382	-0.0305688143	-0.0460640644	-0.0858771036	-0.0689944193	-0.0320990745	-0.0336389903	-0.0570702776	0	0	0	0	0
-0.247801	0.610887	1.34375	0.0236778	0.00118932	-0.00680236	0.04023	0.133134	0.0621799999999999	0.000457200000000001	0.000936432	0.00064063	0.3372571	-0.0503848382	0.0475762569	-0.0430106775	0.0368567075	-0.0293416141	0.0207429306	-0.0113782077	0.0015932859	0.0082504761	-0.0177895469	0.0266716472	-0.0345687596	0.0411892428	-0.0462886013	0.049678515	-0.0512337941	0.0508970017	-0.0486805757	0.044666369	-0.0390026269	0.0318985121	-0.0236163807	-0.006536964	-0.0119711641	-0.0706094959	-0.0184630963	-0.0534736093	-0.0525877815	-0.026757733	-0.0623734071	-0.0976188051	0.0244058304	0	0	0	0	0
-0.247666	0.487572	1.39454	0.0236483	0.0011085	-0.00673624	0.000135000000000024	-0.123315	0.0507899999999999	-2.94999999999983e-05	-8.08199999999999e-05	6.61200000000002e-05	0.183062	-0.0504250488	0.0477341923	-0.0433552888	0.0374431914	-0.0302069725	0.0219025301	-0.012823538	0.003291061	0.0063577993	-0.0157818258	0.024647752	-0.032642048	0.0394820076	-0.0449257461	0.048780754	-0.0509107048	0.051240276	-0.0497578128	0.0465157403	-0.0416287094	0.0352695426	-0.0276631221	-0.0025773974	-0.0230225746	0.0449232139	-0.0367521689	-0.0138394685	-0.0327275226	-0.0368086399	0.033325627	0.0238566988	0.0469308	0	0	0	0	0
-0.247943	0.569883	1.34992	0.0229356	0.00141036	-0.00678798	-0.000276999999999999	0.082311	-0.0446199999999999	-0.0007127	0.00030186	-5.17399999999998e-05	0.180523	-0.0504643955	0.0478888566	-0.0436932151	0.0380194116	-0.0310593936	0.0230486216	-0.014258104	0.0049852279	0.0044563007	-0.0137470706	0.0225727706	-0.0306348232	0.0376604853	-0.0434120755	0.0476950147	-0.0503644092	0.051329952	-0.0505589784	0.0480775708	-0.0439696763	0.038374267	-0.0314806383	-0.0012728292	-0.0058086261	-0.0011362317	-0.0232312856	0.0068105852	0.0002303278	-0.013662875	-0.051097026	-0.016388907	-0.0444182905	0	0	0	0	0
-0.210569	0.44202	1.38882	0.02176	0.00157808	-0.00643379	0.037374	-0.127863	0.0389000000000002	-0.0011756	0.00016772	0.00035419	0.2890125	-0.0505028777	0.0480402391	-0.0440244045	0.0385852104	-0.0318985121	0.0241804983	-0.0156807013	0.0066739292	0.0025486187	-0.0116887668	0.0204510037	-0.0285520362	0.0357299485	-0.0417526707	0.046425481	-0.0495973023	0.0511655859	-0.0510796273	0.0493422058	-0.0460094942	0.0411892428	-0.0350372959	-0.0064176656	-0.0108116334	0.0163031774	-0.0430630458	0.0040961945	-0.0223280504	-0.0593162167	0.0179971493	0.0165085405	-0.0317927495	0	0	0	0	0
-0.248113	0.46771	1.38939	0.018821	0.00174802	-0.00614378	-0.037544	0.02569	0.000569999999999737	-0.002939	0.00016994	0.00029001	0.2337515	-0.0505404946	0.0481883295	-0.0443488058	0.0391404325	-0.0327239687	0.0252974622	-0.0170901359	0.0083553134	0.0006374004	-0.0096104404	0.018286849	-0.0263988242	0.0336959856	-0.0399531023	0.0449770452	-0.0486127474	0.0507479912	-0.051316871	0.0503018281	-0.0477341923	0.0436932151	-0.0383036235	-0.002382359	0.0052719565	-0.0002395291	-0.0490277091	-0.0190442264	-0.0403054585	-0.0393668472	0.0184556715	-0.0286610493	-0.0084691124	0	0	0	0	0
-0.248149	0.396402	1.38923	0.0191265	0.00179041	-0.00616958	-3.59999999999805e-05	-0.071308	-0.000159999999999938	0.000305499999999997	4.239e-05	-2.58000000000003e-05	0.0901885	-0.0505772456	0.0483331176	-0.044666369	0.0396849258	-0.0335354099	0.0263988242	-0.0184852245	0.010027537	-0.0012747024	-0.0075156513	0.016084792	-0.0241804983	0.0315644841	-0.0380194116	0.0433552888	-0.047415061	0.0500792346	-0.051269393	0.0509505055	-0.0491319582	0.0458672776	-0.0412525551	-0.0007506201	-0.0055610725	-0.0038011759	-0.0481709798	-0.037907187	-0.0646138816	-0.0675717793	0.0585695724	-0.0251423379	-0.0368740397	0	0	0	0	0
-0.24859	0.465072	1.44007	0.0182938	0.00208879	-0.00638678	-0.000441000000000025	0.0686700000000001	0.0508400000000002	-0.000832699999999999	0.00029838	-0.0002172	0.187365	-0.0506131302	0.0484745935	-0.0449770452	0.040218541	-0.0343324881	0.0274839053	-0.0198647963	0.0116887668	-0.0031850365	-0.0054079881	0.0138493968	-0.0219025301	0.0293416141	-0.03595809	0.0415664612	-0.0460094942	0.0491626259	-0.0509374568	0.0512842283	-0.0501932186	0.0476950147	-0.0438596552	-0.0039242651	-0.0038577232	-0.0439392025	-0.0532765543	-0.0570276954	-0.0032695836	-0.0163022079	0.0014614462	-0.0118568914	-0.0009426552	0	0	0	0	0
-0.282141	0.408625	1.47992	0.0193528	0.00166878	-0.00661264	-0.033551	-0.056447	0.0398499999999999	0.001059	-0.00042001	-0.00022586	0.2150915	-0.0506481476	0.0486127474	-0.0452807864	0.0407411319	-0.035114862	0.0285520362	-0.021227693	0.0133371814	-0.0050909511	-0.003291061	0.0115852966	-0.0195705382	0.0270338099	-0.0337760571	0.039617456	-0.0444022092	0.0480027017	-0.050322904	0.0513009334	-0.0509107048	0.0491626259	-0.0461033203	-0.0021608236	0.0177377863	0.0628151104	-0.0290614662	0.0203619299	0.0375873087	0.0285456723	0.0376495878	0.0116949249	-0.0058072501	0	0	0	0	0
-0.282745	0.444939	1.36679	0.017987	0.00234559	-0.00687297	-0.000603999999999993	0.036314	-0.11313	-0.0013658	0.00067681	-0.00026033	0.265195	-0.0506822973	0.04874757	-0.0455775458	0.0412525551	-0.0358821964	0.0296025581	-0.0225727706	0.0149709736	-0.0069898018	-0.0011684964	0.0092971841	-0.0171902747	0.024647752	-0.0314806383	0.0375157835	-0.0426002529	0.0466052026	-0.0494291445	0.0510005177	-0.0512795028	0.05025903	-0.0479649587	0.0069064315	-0.0020529606	-0.0128459059	-0.0273371603	0.0117086767	0.0138736382	0.0092949028	-0.0039303095	0.023031664	-0.0682313832	0	0	0	0	0
-0.256262	0.370364	1.40112	0.0195321	0.00191944	-0.00686749	0.026483	-0.0745750000000001	0.0343300000000002	0.0015451	-0.00042615	5.47999999999955e-06	0.2342245	-0.0507155786	0.048879052	-0.0458672776	0.0417526707	-0.0366341627	0.0306348232	-0.0238989001	0.016588352	-0.0088789537	0.0009560698	0.0069898018	-0.0147676106	0.0221903471	-0.029079539	0.0352695426	-0.0406115256	0.0449770452	-0.048261137	0.0503848382	-0.0512970867	0.0509759483	-0.0494291445	0.0015309112	-0.0015783229	-0.0022767928	-0.0253216709	0.0187671308	-0.0350856113	-0.0294202054	0.0305812496	0.0082843802	-0.0175393062	0	0	0	0	0
-0.162735	0.498054	1.30074	0.0179506	0.00262855	-0.00642989	0.093527	0.12769	-0.10038	-0.0015815	0.00070911	0.000437600000000001	0.4580075	-0.0507479912	0.0490071843	-0.0461499372	0.0422413413	-0.0373704389	0.0316481948	-0.0252049683	0.0181875435	-0.0107557855	0.0030789983	0.004667932	-0.0123085215	0.0196687086	-0.0265808199	0.0328873894	-0.0384447462	0.0431262874	-0.046825362	0.0494577007	-0.050963336	0.0513079677	-0.0504837447	0.0122727081	-0.0153817175	-0.0548373111	-0.0229992798	-0.0307516617	-0.0275111356	0.0005646791	-0.0134569204	-0.0148032142	0.0058440739	0	0	0	0	0
-0.18112	0.338176	1.35977	0.0187513	0.00214761	-0.0065739	-0.018385	-0.159878	0.0590300000000001	0.000800700000000005	-0.00048094	-0.000144009999999999	0.3085755	-0.0507795342	0.0491319582	-0.046425481	0.0427184332	-0.0380907096	0.032642048	-0.0264898788	0.0197667948	-0.0126176931	0.0051966525	0.0023363873	-0.0098190728	0.0170901359	-0.0239928691	0.0303785035	-0.0361094147	0.0410620891	-0.0451297856	0.0482248365	-0.0502805367	0.0512525814	-0.0511200208	0.0077476872	-0.0005179944	0.0398355359	-0.0138454366	-0.0074987965	-0.0390666584	0.0039166643	0.0293779444	0.0062715416	0.0087275271	0	0	0	0	0
-0.172199	0.498783	1.42134	0.0191152	0.00275157	-0.00615476	0.00892100000000001	0.160607	0.0615699999999999	0.0003639	0.00060396	0.000419139999999999	0.300448	-0.0508102074	0.0492533652	-0.0466938665	0.0431838154	-0.0387946664	0.0336157698	-0.027752553	0.0213243743	-0.0144620929	0.0073054049	0	-0.0073054049	0.0144620929	-0.0213243743	0.027752553	-0.0336157698	0.0387946664	-0.0431838154	0.0466938665	-0.0492533652	0.0508102074	-0.0513327002	0.002084088	-0.0283355415	-0.0339642849	-0.044915232	-0.0360406853	-0.0257234659	-0.0363188263	0.012471091	0.0125663187	-0.0616643037	0	0	0	0	0
-0.19329	0.528121	1.36928	0.017826	0.00287391	-0.00745744	-0.021091	0.029338	-0.0520600000000002	-0.0012892	0.00012234	-0.00130268	0.2382	-0.05084001	0.0493713969	-0.0469550524	0.0436373605	-0.0394820076	0.0345687596	-0.0289919311	0.0228585745	-0.0162864257	0.0094016433	-0.0023363873	-0.0047737179	0.011792187	-0.0185842938	0.0250196571	-0.0309747441	0.0363352411	-0.0409982483	0.0448742547	-0.0478888566	0.0499841859	-0.0511200208	0.0102084203	-0.0192288748	-0.0649570781	-0.0248534193	-0.0014417972	0.0019031168	0.0595420103	0.0184034726	-0.0103455048	0.0698673067	0	0	0	0	0
-0.12754	0.296074	1.34167	0.0169068	0.00191944	-0.00745527	0.06575	-0.232047	-0.0276099999999997	-0.000919199999999998	-0.00095447	2.17000000000012e-06	0.419199	-0.0508689416	0.0494860452	-0.0472089983	0.0440789442	-0.040152439	0.0355004298	-0.0302069725	0.0243677133	-0.0180881602	0.0114817767	-0.004667932	-0.0022302563	0.0090881467	-0.0157818258	0.0221903471	-0.0281979168	0.0336959856	-0.0385852104	0.042777249	-0.0461963565	0.048780754	-0.0504837447	0.0168977966	-0.0189199352	-0.0322894009	-0.0219876998	-0.030855257	-0.0469496509	-0.0112287025	0.0121148722	-0.0096612308	-0.002832641	0	0	0	0	0
-0.00207376	0.317203	1.4233	0.0199437	0.00191944	-0.00632424	0.12546624	0.021129	0.0816299999999999	0.0030369	0	0.00113103	0.43662174	-0.0508970017	0.0495973023	-0.0474556651	0.0445084453	-0.0408056734	0.0364102058	-0.0313966575	0.0258501361	-0.0198647963	0.013542242	-0.0069898018	0.0003187063	0.0063577993	-0.0129263783	0.0192755259	-0.0252974622	0.030889962	-0.03595809	0.0404158122	-0.0441874568	0.0472089983	-0.0494291445	0.0028197617	-0.0149889681	0.0449329777	-0.000393197	0.0040664304	-0.0068092046	0.0348257032	-0.0586595125	0.0138043765	0.0337761441	0	0	0	0	0
-0.0070797	0.427376	1.46469	0.0190093	0.00238602	-0.00641391	-0.00500594	0.110173	0.04139	-0.000934400000000002	0.00046658	-8.967e-05	0.23110144	-0.0509241898	0.0497051606	-0.0476950147	0.0449257461	-0.041441431	0.0372975264	-0.0325599874	0.0273042176	-0.0216138688	0.0155795096	-0.0092971841	0.0028668829	0.0036090482	-0.010027537	0.0162864257	-0.0222860966	0.0279310578	-0.0331314631	0.0378045419	-0.0418759166	0.0452807864	-0.0479649587	0.007245589	-0.0066285701	0.0821961371	-0.0115056057	0.0531304995	0.0429795512	0.0173982865	0.016630557	0.1032486657	0.0183121741	0	0	0	0	0
-0.0304324	0.467561	1.41554	0.0185104	0.00300358	-0.00644484	-0.0233527	0.0401849999999999	-0.04915	-0.0004989	0.00061756	-3.09300000000002e-05	0.1700572	-0.0509505055	0.0498096126	-0.0479270103	0.0453307324	-0.0420594396	0.0381618445	-0.0336959856	0.0287283636	-0.0233329509	0.0175900897	-0.0115852966	0.0054079881	0.0008498502	-0.0070950334	0.0132345652	-0.0191770227	0.0248339173	-0.0301210128	0.0349595797	-0.0392775675	0.0430106775	-0.0461033203	0.0032220378	0.0018186404	0.0369937038	-0.0168476677	0.011501553	0.0202611424	0.0296898043	-0.0177944655	0.0107370272	0.018876382	0	0	0	0	0
-0.0281863	0.511207	1.44092	0.017699	0.002481	-0.00632753	0.0022461	0.043646	0.02538	-0.0008114	-0.00052258	0.000117310000000001	0.1438366	-0.0509759483	0.0499106512	-0.0481516161	0.0457232929	-0.0426594344	0.0390026269	-0.0348036986	0.0301210128	-0.0250196571	0.0195705382	-0.0138493968	0.0079357543	-0.001911808	-0.0041387117	0.0101317049	-0.0159838716	0.0216138688	-0.026943442	0.0318985121	-0.0364102058	0.0404158122	-0.0438596552	0.0060148473	-0.0179544665	-0.0515564612	-0.0260699029	0.0133522118	0.0220446817	0.0134244348	-0.0205847422	0.0473762656	-0.0194322491	0	0	0	0	0
-0.0410653	0.553629	1.49122	0.0176502	0.00250278	-0.00622966	-0.012879	0.0424220000000001	0.0503	-4.87999999999982e-05	2.17800000000003e-05	9.78699999999999e-05	0.1140235	-0.0510005177	0.0500082695	-0.0483687975	0.0461033203	-0.0432411585	0.0398193552	-0.0358821964	0.0314806383	-0.0266716472	0.0215174627	-0.016084792	0.0104439465	-0.004667932	-0.0011684964	0.0069898018	-0.0127206428	0.018286849	-0.0236163807	0.0286402612	-0.03329347	0.0375157835	-0.0412525551	0.0017522684	0.0173977759	0.027669437	-0.0094963391	0.0513242075	0.1039254338	0.0929709092	-0.02434154	0.0177538559	0.0254571914	0	0	0	0	0
-0.0408439	0.494512	1.52026	0.0178417	0.00228602	-0.00624607	0.000221399999999997	-0.059117	0.02904	0.000191499999999997	-0.00021676	-1.64100000000006e-05	0.1096119	-0.0510242134	0.0501024608	-0.0485785209	0.0464707102	-0.0438043627	0.0406115256	-0.0369305738	0.0328057493	-0.0282866287	0.0234275279	-0.018286849	0.0129263783	-0.007410544	0.0018056415	0.0038209632	-0.0094016433	0.0148693239	-0.0201582885	0.0252049683	-0.0299487067	0.0343324881	-0.0383036235	0.0076051759	0.0125903996	0.064839342	0.0077025516	0.0864460104	0.1171178387	0.0852834439	-0.0321193909	0.0837635619	-0.025996006	0	0	0	0	0
-0.0357971	0.522548	1.5233	0.0174013	0.00227654	-0.00650799	0.0050468	0.0280359999999999	0.00304000000000015	-0.000440399999999997	-9.48000000000008e-06	-0.00026192	0.0717128	-0.051047035	0.0501932186	-0.048780754	0.046825362	-0.0443488058	0.0413786495	-0.0379479508	0.0340948932	-0.029862361	0.0252974622	-0.0204510037	0.0153769266	-0.0101317049	0.0047737179	0.0006374004	-0.0060414244	0.0113782077	-0.016588352	0.0216138688	-0.0263988242	0.030889962	-0.0350372959	0.0054156144	0.0304560682	0.0641495075	0.0088534043	0.1163363784	0.1071111275	0.0892172977	-0.0281022083	0.0537125022	0.0688968727	0	0	0	0	0
-0.042356	0.435475	1.51048	0.0177384	0.00201314	-0.00650799	-0.0065589	-0.0870729999999999	-0.0128200000000003	0.0003371	-0.0002634	0	0.1364769	-0.0510689819	0.0502805367	-0.0489754657	0.0471671784	-0.0448742547	0.042120254	-0.0389334734	0.0353466565	-0.0313966575	0.0271240621	-0.0225727706	0.0177895469	-0.012823538	0.007725769	-0.0025486187	-0.0026547183	0.0078307784	-0.0129263783	0.0178891614	-0.0226681358	0.0272141981	-0.0314806383	0.0094137288	0.011900483	0.1011064346	0.0073173339	0.0623201939	0.0543633847	0.023841481	0.0058233194	0.0493373911	-0.0105158061	0	0	0	0	0
-0.0390732	0.454542	1.51804	0.0170234	0.00202923	-0.006508	0.0032828	0.019067	0.00756000000000023	-0.000715	1.60899999999999e-05	-9.99999999994061e-09	0.0664648	-0.051090054	0.0503644092	-0.0491626259	0.0474960658	-0.0453804842	0.0428358815	-0.0398863142	0.0365596669	-0.0328873894	0.0289041989	-0.024647752	0.0201582885	-0.0154782512	0.0106518847	-0.0057248166	0.0007436268	0.004244593	-0.0091926851	0.0140538708	-0.018782193	0.0233329509	-0.0276631221	0.0029789931	0.0062893444	0.0202692948	-0.008244691	0.0641185315	0.0154795508	0.0037900631	-0.002088548	-0.0042218203	-0.0248790874	0	0	0	0	0
-0.0565401	0.388371	1.51582	0.017323	0.00141945	-0.006508	-0.0174669	-0.066171	-0.00221999999999989	0.000299599999999997	-0.00060978	0	0.1313269	-0.0511102507	0.0504448302	-0.0493422058	0.047811934	-0.0458672776	0.0435250908	-0.0408056734	0.0377325944	-0.0343324881	0.0306348232	-0.0266716472	0.0224773087	-0.0180881602	0.013542242	-0.0088789537	0.0041387117	0.0006374004	-0.0054079881	0.0101317049	-0.0147676106	0.0192755259	-0.0236163807	0.0043492547	0.0030439397	0.0303424884	-0.0075124339	0.0231160741	0.0100499937	-0.0141609314	0.0327602211	0.0072589456	0.0031742034	0	0	0	0	0
-0.0570761	0.436163	1.50227	0.0164922	0.00195198	-0.00650799	-0.000536000000000002	0.047792	-0.0135500000000002	-0.0008308	0.00053253	9.99999999994061e-09	0.130045	-0.0511295719	0.0505217943	-0.0495141777	0.0481146965	-0.0463344264	0.0441874568	-0.0416907793	0.0388641531	-0.0357299485	0.0323129704	-0.0286402612	0.0247408876	-0.0206457099	0.0163871381	-0.0119988754	0.0075156513	-0.002972947	-0.0015932859	0.0061469092	-0.0106518847	0.0150725591	-0.0193739464	0.0035848524	0.0160475374	0.034845911	-0.0028392758	0.0434200814	0.0169473983	-0.0018346859	0.0057829195	0.003287465	0.0423375947	0	0	0	0	0
-0.057235	0.333029	1.43869	0.0158163	0.00240129	-0.00574694	-0.000158900000000003	-0.103134	-0.06358	-0.0006759	0.00044931	0.00076105	0.2611859	-0.051148017	0.0505952962	-0.049678515	0.0484042702	-0.0467817305	0.044822571	-0.042540889	0.0399531023	-0.0370778316	0.0339357659	-0.030549514	0.026943442	-0.0231434973	0.0191770227	-0.0150725591	0.0108596403	-0.0065685806	0.0022302563	0.0021241158	-0.0064632038	0.0107557855	-0.0149709736	0.0085121352	0.0030633975	0.0358423581	-0.0059533868	-0.0069267761	-0.0222973627	-0.0376585003	0.0174810587	-0.0074523349	-0.0474016281	0	0	0	0	0
-0.0755226	0.392324	1.45208	0.0162297	0.00243259	-0.00558002	-0.0182876	0.0592949999999999	0.01339	0.000413400000000001	3.13000000000002e-05	0.00016692	0.1215536	-0.0511655859	0.0506653309	-0.0498351925	0.0486805757	-0.0472089983	0.0454300417	-0.0433552888	0.0409982483	-0.038374267	0.0355004298	-0.0323954483	0.029079539	-0.025574292	0.0219025301	-0.0180881602	0.0141560177	-0.0101317049	0.0060414244	-0.001911808	-0.0022302563	0.0063577993	-0.0104439465	0.0019439711	-0.0014001507	-0.0473100266	-0.0112099542	-0.0121975175	-0.0045733349	0.0030428688	-0.0171737336	-0.0332027945	-0.0131704675	0	0	0	0	0
-0.0654053	0.392978	1.44285	0.0169983	0.00218227	-0.00565499	0.0101173	0.000654000000000043	-0.00923000000000007	0.000768600000000001	-0.00025032	-7.49700000000006e-05	0.0746958000000001	-0.0511822782	0.0507318935	-0.0499841859	0.0489435374	-0.0476160468	0.0460094942	-0.044133295	0.041998445	-0.039617456	0.037004282	-0.034174238	0.03114391	-0.0279310578	0.0245545108	-0.0210340579	0.0173903312	-0.0136446855	0.0098190728	-0.0059359137	0.0020179662	0.001911808	-0.0058303776	0.0024905873	0.0012587521	0.0116439188	0.0013347506	-0.001564832	-0.0100623501	-0.011525185	0.0313190586	0.0139187147	0.0475676523	0	0	0	0	0
-0.0752616	0.489513	1.47948	0.0168115	0.00236393	-0.00534557	-0.00985629999999997	0.096535	0.0366299999999999	-0.000186800000000001	0.00018166	0.00030942	0.1769153	-0.0511980936	0.0507949796	-0.0501254723	0.0491930831	-0.0480027017	0.0465605712	-0.0448742547	0.042952596	-0.0408056734	0.0384447462	-0.0358821964	0.0331314631	-0.0302069725	0.0271240621	-0.0238989001	0.0205484008	-0.0170901359	0.013542242	-0.0099233262	0.0062523676	-0.0025486187	-0.0011684964	0.0007160312	0.008045313	0.024354718	-0.0007697603	0.0073173242	0.004841819	0.0098216422	-0.0178275532	-0.0337391937	0.0112686616	0	0	0	0	0
-0.0814754	0.448684	1.45132	0.0177964	0.00195993	-0.00561755	-0.00621380000000002	-0.040829	-0.0281599999999997	0.000984900000000004	-0.000404	-0.00027198	0.1582468	-0.0512130319	0.0508545847	-0.05025903	0.0494291445	-0.0483687975	0.0470829328	-0.0455775458	0.0438596552	-0.0419372706	0.0398193552	-0.0375157835	0.0350372959	-0.0323954483	0.0296025581	-0.0266716472	0.0236163807	-0.0204510037	0.0171902747	-0.0138493968	0.0104439465	-0.0069898018	0.0035030673	-0.0008909819	-0.0082850678	0.0048382146	-0.0045736069	0.0007545262	0.0028517801	-0.0151383265	0.0027562961	0.0197342456	-0.0386312747	0	0	0	0	0
-0.0753021	0.482727	1.49175	0.0173114	0.00215954	-0.00575022	0.00617330000000002	0.034043	0.0404299999999997	-0.000485000000000003	0.00019961	-0.000132670000000001	0.1215103	-0.0512270927	0.0509107048	-0.0503848382	0.0496516568	-0.0487141772	0.0475762569	-0.0462425779	0.044718628	-0.0430106775	0.041125754	-0.0390716134	0.0368567075	-0.0344901501	0.0319816784	-0.0293416141	0.0265808199	-0.0237106555	0.0207429306	-0.0176898562	0.0145639947	-0.0113782077	0.0081456036	-0.0012656846	5.40779e-05	-0.0204258815	-0.0010929148	-0.0161965007	0.0071939805	0.003869575	0.0081839007	-0.0180031432	-0.0054662339	0	0	0	0	0
-0.0750872	0.44176	1.49177	0.0175161	0.00199716	-0.00560601	0.000214899999999976	-0.040967	2.0000000000131e-05	0.000204699999999995	-0.00016238	0.000144210000000001	0.0667664000000001	-0.051240276	0.050963336	-0.0505028777	0.049860559	-0.049038693	0.0480402391	-0.0468687929	0.0455285727	-0.0440244045	0.042361705	-0.0405464614	0.0385852104	-0.0364850145	0.0342534364	-0.0318985121	0.0294287216	-0.0268529586	0.0241804983	-0.0214209644	0.0185842938	-0.0156807013	0.0127206428	-0.0007754218	0.0052507237	0.0328724698	0.0061131232	0.0062941876	0.0102815271	-0.0013139916	0.018212959	0.0180096101	0.0207310492	0	0	0	0	0
-0.0643844	0.468372	1.51978	0.0168055	0.00170921	-0.00542115	0.0107028	0.026612	0.0280099999999999	-0.000710599999999995	-0.00028795	0.00018486	0.1244953	-0.0512525814	0.0510124748	-0.0506131302	0.0500557939	-0.0493422058	0.0484745935	-0.0474556651	0.0462886013	-0.0449770452	0.0435250908	-0.0419372706	0.040218541	-0.038374267	0.0364102058	-0.0343324881	0.0321475998	-0.029862361	0.0274839053	-0.0250196571	0.0224773087	-0.0198647963	0.0171902747	-0.0036545108	0.0059765281	0.0001869029	0.0020002515	0.0008320971	0.0192919199	-0.0025367153	-0.003663575	-0.0103872757	-0.0392511734	0	0	0	0	0
-0.0963591	0.405036	1.5125	0.0167679	0.00112353	-0.00629485	-0.0319747	-0.063336	-0.00727999999999995	-3.76000000000057e-05	-0.00058568	-0.000873700000000001	0.1774397	-0.0512640087	0.0510581178	-0.0507155786	0.050237308	-0.0496245858	0.048879052	-0.0480027017	0.0469978805	-0.0458672776	0.0446139188	-0.0432411585	0.0417526707	-0.040152439	0.0384447462	-0.0366341627	0.0347255342	-0.0327239687	0.0306348232	-0.0284636888	0.0262163763	-0.0238989001	0.0215174627	-0.000715298	0.0041362951	-0.010956774	0.0007219633	-0.0027879808	0.0002197863	-0.0199780922	0.0361539166	0.0032448322	-0.0034275262	0	0	0	0	0
-0.101055	0.444588	1.5238	0.0163987	0.00184231	-0.0063837	-0.00469589999999999	0.039552	0.0113000000000001	-0.0003692	0.00071878	-8.88499999999997e-05	0.1143894	-0.0512745577	0.0511002618	-0.0508102074	0.0504050515	-0.0498857119	0.0492533652	-0.0485094437	0.0476556328	-0.0466938665	0.0456263236	-0.0444554224	0.0431838154	-0.0418143832	0.0403502279	-0.0387946664	0.0371512224	-0.035423619	0.0336157698	-0.0317317699	0.0297758875	-0.027752553	0.0256663501	-0.0022624512	0.012899603	0.0017906667	0.0082393539	-0.0168320159	-0.0010911517	0.0051833566	-0.0048406931	-0.0543041519	-0.0020372598	0	0	0	0	0
-0.084226	0.382278	1.51682	0.0167396	0.00128985	-0.00584268	0.016829	-0.06231	-0.00697999999999999	0.000340900000000005	-0.00055246	0.00054102	0.157838	-0.0512842283	0.051138904	-0.0508970017	0.0505589784	-0.0501254723	0.0495973023	-0.0489754657	0.048261137	-0.0474556651	0.0465605712	-0.0455775458	0.0445084453	-0.0433552888	0.042120254	-0.0408056734	0.0394140296	-0.0379479508	0.0364102058	-0.0348036986	0.0331314631	-0.0313966575	0.0296025581	-0.0063231664	0.008210402	-0.0297422197	0.0001020982	-0.0068812403	0.0151403778	-0.0047311913	0.0263291581	0.0115088447	-0.0409199348	0	0	0	0	0
-0.0720592	0.409215	1.533	0.0165597	0.00178226	-0.00602939	0.0121668	0.026937	0.0161800000000001	-0.0001799	0.00049241	-0.00018671	0.0982347999999998	-0.0512930202	0.0511740416	-0.0509759483	0.0506990465	-0.0503437644	0.0499106512	-0.0494003765	0.0488137291	-0.0481516161	0.047415061	-0.0466052026	0.0457232929	-0.0447706954	0.0437488826	-0.0426594344	0.041504035	-0.0402844707	0.0390026269	-0.0376604853	0.0362601209	-0.0348036986	0.03329347	-0.004535017	0.017308593	-0.0030660423	0.0123550772	0.0081536947	0.0270869692	0.0025788081	0.0016790938	-0.0094552887	0.0054188051	0	0	0	0	0
-0.0701653	0.34443	1.51684	0.0164707	0.00122301	-0.00600513	0.0018939	-0.064785	-0.0161600000000002	-8.90000000000023e-05	-0.00055925	2.42599999999999e-05	0.1164644	-0.0513009334	0.0512056724	-0.051047035	0.0508252175	-0.0505404946	0.0501932186	-0.0497838193	0.0493128035	-0.048780754	0.0481883295	-0.0475362631	0.046825362	-0.0460565059	0.0452306464	-0.0443488058	0.0434120755	-0.0424216147	0.0413786495	-0.0402844707	0.0391404325	-0.0379479508	0.0367085017	-0.0032458862	0.020058102	0.0442962089	0.0116903394	-0.0142222372	0.0065461081	-0.0032080908	0.0323904411	0.0031702507	0.0097761584	0	0	0	0	0
-0.051585	0.422124	1.48799	0.0165353	0.000944257	-0.00584268	0.0185803	0.077694	-0.02885	6.46000000000015e-05	-0.000278753	0.00016245	0.15041445	-0.0513079677	0.0512337941	-0.0511102507	0.0509374568	-0.0507155786	0.0504448302	-0.0501254723	0.0497578128	-0.0493422058	0.048879052	-0.0483687975	0.047811934	-0.0472089983	0.0465605712	-0.0458672776	0.0451297856	-0.0443488058	0.0435250908	-0.0426594344	0.0417526707	-0.0408056734	0.0398193552	-0.0052070025	0.0062401209	-0.047096828	0.002181749	-0.0150264701	0.0016209317	-0.0112839903	-0.0106899016	-0.0084818813	-0.0510576054	0	0	0	0	0
-0.0551147	0.383709	1.51685	0.0171527	0.000800543	-0.00575831	-0.0035297	-0.038415	0.0288600000000001	0.000617400000000001	-0.000143714	8.43700000000003e-05	0.1130789	-0.051314123	0.0512584048	-0.0511655859	0.0510357335	-0.0508689416	0.0506653309	-0.0504250488	0.0501482692	-0.0498351925	0.0494860452	-0.0491010801	0.0486805757	-0.0482248365	0.0477341923	-0.0472089983	0.0466496345	-0.0460565059	0.0454300417	-0.0447706954	0.0440789442	-0.0433552888	0.0426002529	-0.0073048195	0.0131521826	0.0034252756	0.0104880144	-0.0034576032	0.0020186625	0.0045656867	0.0113619208	-0.0171552005	0.0470477835	0	0	0	0	0
-0.0705274	0.423629	1.45001	0.0175265	-3.64252e-05	-0.00588038	-0.0154127	0.03992	-0.06684	0.000373799999999997	-0.0008369682	-0.00012207	0.18881461	-0.0513193992	0.0512795028	-0.0512130319	0.0511200208	-0.0510005177	0.0508545847	-0.0506822973	0.0504837447	-0.05025903	0.0500082695	-0.0497315932	0.0494291445	-0.0491010801	0.04874757	-0.0483687975	0.0479649587	-0.0475362631	0.0470829328	-0.0466052026	0.0461033203	-0.0455775458	0.0450281516	-0.0033298033	0.0033038091	0.0196619143	0.0128578476	-0.0165015202	0.002477315	-0.0053874003	-0.0183428352	0.0085552933	-0.0243119388	0	0	0	0	0
-0.0489675	0.384095	1.47707	0.0177397	0.000308354	-0.00572868	0.0215599	-0.039534	0.0270600000000001	0.000213200000000004	0.0003447792	0.0001517	0.12363786	-0.0513237961	0.0512970867	-0.0512525814	0.0511902955	-0.0511102507	0.0510124748	-0.0508970017	0.0507638714	-0.0506131302	0.0504448302	-0.05025903	0.0500557939	-0.0498351925	0.0495973023	-0.0493422058	0.0490699916	-0.048780754	0.0484745935	-0.0481516161	0.047811934	-0.0474556651	0.0470829328	-0.0087417647	-0.003567411	-0.0356670817	0.0038866147	-0.0191714727	-0.0306353449	-0.029811074	-0.0063280804	-0.0090733749	-0.030395701	0	0	0	0	0
-0.00876715	0.43438	1.38842	0.0192868	-0.000316008	-0.00533531	0.04020035	0.0502850000000001	-0.0886500000000001	0.0015471	-0.000624362	0.00039337	0.30737695	-0.0513273137	0.0513111553	-0.0512842283	0.0512465384	-0.0511980936	0.051138904	-0.0510689819	0.0509883422	-0.0508970017	0.0507949796	-0.0506822973	0.0505589784	-0.0504250488	0.0502805367	-0.0501254723	0.0499598883	-0.0497838193	0.0495973023	-0.0494003765	0.0491930831	-0.0489754657	0.04874757	-0.0080797218	-0.009505457	-0.021780813	0.0224625749	-0.0230557623	-0.0229882142	-0.0080485045	-0.0303450405	-0.0099996028	0.02351977	0	0	0	0	0
0.0527407	0.371199	1.41612	0.0197583	-0.00131265	-0.00389917	0.06150785	-0.063181	0.0277000000000001	0.0004715	-0.000996642	0.00143614	0.29760295	-0.051329952	0.0513217075	-0.0513079677	0.0512887341	-0.0512640087	0.0512337941	-0.0511980936	0.051156911	-0.0511102507	0.0510581178	-0.0510005177	0.0509374568	-0.0508689416	0.0507949796	-0.0507155786	0.0506307473	-0.0505404946	0.0504448302	-0.0503437644	0.050237308	-0.0501254723	0.0500082695	-0.0068329326	-0.0265431772	0.0043487075	0.0279231647	-0.020484827	-0.0446753973	-0.0194393013	-0.0166126676	0.0119694099	0.0312007565	0	0	0	0	0
0.0461784	0.368759	1.41698	0.0170414	-0.00097258	-0.00380883	-0.00656229999999999	-0.00244	0.000859999999999861	-0.0027169	0.00034007	9.034e-05	0.1672278	-0.0513317109	0.0513287428	-0.0513237961	0.051316871	-0.0513079677	0.0512970867	-0.0512842283	0.051269393	-0.0512525814	0.0512337941	-0.0512130319	0.0511902955	-0.0511655859	0.051138904	-0.0511102507	0.0510796273	-0.051047035	0.0510124748	-0.0509759483	0.0509374568	-0.0508970017	0.0508545847	-0.004705957	-0.0278981207	-0.052707512	0.0043580065	-0.0466519094	-0.0655863237	-0.0367926185	-0.0371441447	-0.0379761114	-0.0138342598	0	0	0	0	0
0.0384491	0.345519	1.37701	0.0181304	-0.00201026	-0.00432047	-0.0077293	-0.02324	-0.0399699999999998	0.001089	-0.00103768	-0.00051164	0.2028553	-0.0513325903	0.0513322605	-0.0513317109	0.0513309413	-0.051329952	0.0513287428	-0.0513273137	0.0513256648	-0.0513237961	0.0513217075	-0.0513193992	0.051316871	-0.051314123	0.0513111553	-0.0513079677	0.0513045605	-0.0513009334	0.0512970867	-0.0512930202	0.0512887341	-0.0512842283	0.0512795028	-0.0052639267	-0.0177260096	-0.1009952554	0.0311036474	-0.0616371647	-0.0717521752	-0.0146351834	0.0079167169	-0.053110263	0.0541199971	0	0	0	0	0
