"trans_x"	"trans_y"	"trans_z"	"rot_x"	"rot_y"	"rot_z"	"trans_x_derivative1"	"trans_y_derivative1"	"trans_z_derivative1"	"rot_x_derivative1"	"rot_y_derivative1"	"rot_z_derivative1"	"framewise_displacement"	"cosine00"	"cosine01"	"cosine02"	"cosine03"	"cosine04"	"cosine05"	"cosine06"	"cosine07"	"cosine08"	"cosine09"	"cosine10"	"cosine11"	"cosine12"	"cosine13"	"cosine14"	"cosine15"	"cosine16"	"cosine17"	"cosine18"	"cosine19"	"cosine20"	"t_comp_cor_00"	"t_comp_cor_01"	"t_comp_cor_02"	"t_comp_cor_03"	"t_comp_cor_04"	"a_comp_cor_00"	"a_comp_cor_01"	"a_comp_cor_02"	"a_comp_cor_03"	"a_comp_cor_04"	"volume_z"	"luminance_z"	"speech_z"	"face_z"
0.0165542	-0.0714636	-0.0955726	-8.52921e-05	-6.5864e-24	0.000485991	NA	NA	NA	NA	NA	NA	NA	0.0523781585	0.0523777937	0.0523771858	0.0523763346	0.0523752403	0.0523739028	0.0523723222	0.0523704984	0.0523684314	0.0523661213	0.0523635681	0.0523607718	0.0523577323	0.0523544498	0.0523509242	0.0523471556	0.0523431439	0.0523388891	0.0523343914	0.0523296507	0.052324667	-0.002252346	-0.0800979467	0.0231076812	-0.0088217777	0.0061660536	0.0138753377	-0.043718624	-0.0947465001	-0.0817494137	0.0244422131	0	0	0	0
0.0180474	-0.014832	-0.059561	-0.000906172	0	0.000383227	0.0014932	0.0566316	0.0360116	-0.0008208799	6.5864e-24	-0.000102764	0.140318595	0.0523771858	0.0523739028	0.0523684314	0.0523607718	0.0523509242	0.0523388891	0.052324667	0.0523082586	0.0522896643	0.0522688852	0.0522459219	0.0522207755	0.0521934471	0.0521639377	0.0521322486	0.0520983812	0.0520623368	0.0520241169	0.0519837232	0.0519411573	0.051896421	0.0223937662	0.0281408536	0.0015663373	-0.0058144992	0.0416157313	-0.0398844239	-0.053571959	0.0225102321	-0.0140181735	-0.0183884635	0	0	0	0
0.0155084	-0.086454	-0.0700178	-0.000349591	0	0.000493271	-0.002539	-0.071622	-0.0104568	0.000556581	0	0.000110044	0.11794905	0.0523752403	0.0523661213	0.0523509242	0.0523296507	0.0523023033	0.0522688852	0.0522294002	0.0521838529	0.0521322486	0.0520745933	0.0520108938	0.0519411573	0.051865392	0.0517836067	0.0516958108	0.0516020147	0.051502229	0.0513964655	0.0512847364	0.0511670547	0.051043434	-0.0410197663	0.0141930322	0.0292676375	-0.0150080093	0.0084624008	0.0455159779	0.0059383518	0.0073838772	0.0210927317	-0.0174359037	0	0	0	0
0.0196929	-0.0186369	-0.0493376	-0.00139211	0	0.000365723	0.0041845	0.0678171	0.0206802	-0.001042519	0	-0.000127548	0.15118515	0.0523723222	0.0523544498	0.052324667	0.0522829807	0.0522294002	0.0521639377	0.0520866082	0.0519974292	0.051896421	0.0517836067	0.0516590118	0.0515226647	0.0513745965	0.0512148408	0.051043434	0.050860415	0.0506658255	0.0504597097	0.0502421146	0.0500130897	0.049772687	0.0248783322	0.0100094688	0.0110581954	0.0131268094	0.0364881239	-0.0229322004	-0.0109202947	0.0055159383	-0.0299202593	-0.0519654257	0	0	0	0
0.0176669	-0.0477386	-0.0492451	-0.000428603	0	0.000183113	-0.002026	-0.0291017	9.25000000000023e-05	0.000963507	0	-0.00018261	0.08852605	0.0523684314	0.0523388891	0.0522896643	0.0522207755	0.0521322486	0.0520241169	0.051896421	0.0517492091	0.0515825363	0.0513964655	0.0511910666	0.0509664168	0.0507226006	0.0504597097	0.050177843	0.0498771065	0.0495576132	0.0492194833	0.048862844	0.0484878293	0.0480945804	-0.0354767731	0.0207871221	0.0041727975	-0.0009083134	-0.0267317705	0.0304645267	-0.0198412368	0.0043968238	-0.0040688008	0.0040508994	0	0	0	0
-0.0390657	-0.0478074	-0.105705	-0.00011603	-0.000276967	-0.000260043	-0.0567326	-6.88000000000008e-05	-0.0564599	0.000312573	-0.000276967	-0.000443156	0.1648961	0.0523635681	0.0523194405	0.0522459219	0.0521430537	0.0520108938	0.0518495163	0.0516590118	0.0514394875	0.0511910666	0.0509138886	0.0506081094	0.0502739006	0.04991145	0.0495209612	0.0491026536	0.0486567622	0.0481835374	0.0476832451	0.0471561663	0.0466025972	0.0460228486	0.0390395515	-0.0176284897	-0.0024246761	0.0159681429	0.0525542578	-0.0166919011	-0.0046658284	-0.0198579155	-0.0452036393	-0.043189042	0	0	0	0
-0.0171673	-0.0389071	-0.0529334	-0.000882845	-0.000165362	0	0.0218984	0.0089003	0.0527716	-0.000766815	0.000111605	0.000260043	0.14049345	0.0523577323	0.0522961052	0.0521934471	0.0520498384	0.051865392	0.0516402525	0.0513745965	0.0510686325	0.0507226006	0.0503367722	0.04991145	0.0494469678	0.04894369	0.0484020114	0.0478223571	0.0472051818	0.0465509697	0.0458602343	0.0451335173	0.044371389	0.0435744473	0.0065403497	0.0387514695	-0.025150061	0.0212626499	0.0276672761	-0.0021223157	-0.0330132942	0.0380382805	0.0574433278	-0.0165429627	0	0	0	0
-0.0226499	-0.054979	-0.0718948	-4.48924e-05	-0.000413539	0	-0.0054826	-0.0160719	-0.0189614	0.0008379526	-0.000248177	0	0.09482238	0.0523509242	0.0522688852	0.0521322486	0.0519411573	0.0516958108	0.0513964655	0.051043434	0.050637085	0.050177843	0.0496661877	0.0491026536	0.0484878293	0.0478223571	0.0471069319	0.0463423012	0.0455292636	0.0446686685	0.0437614146	0.0428084497	0.0418107693	0.0407694154	-0.0333043718	-0.0722184758	0.0382247642	0.0003452918	-0.0022068389	0.036103572	0.0087454242	-0.0562240625	-0.0120885797	-0.0059984182	0	0	0	0
-0.0126121	-0.0397448	-0.0759613	-0.000551441	-0.000153341	0	0.0100378	0.0152342	-0.00406649999999999	-0.0005065486	0.000260198	0	0.06767583	0.0523431439	0.0522377823	0.0520623368	0.0518170426	0.051502229	0.0511183183	0.0506658255	0.0501453577	0.0495576132	0.0489033805	0.0481835374	0.0473990497	0.0465509697	0.0456404355	0.0446686685	0.0436369724	0.0425467316	0.0413994086	0.0401965428	0.0389397479	0.0376307102	0.0291590921	-0.0390559133	0.0164088515	0.017329684	0.0146024819	-0.0396568519	0.0122278193	-0.0193432429	-0.0264186586	0.0110237326	0	0	0	0
-0.0135452	-0.0478127	-0.0300208	-0.000916839	7.48577e-05	0	-0.000933099999999999	-0.00806789999999999	0.0459405	-0.000365398	0.0002281987	0	0.084621335	0.0523343914	0.0522027989	0.0519837232	0.0516775313	0.0512847364	0.0508059967	0.0502421146	0.049594035	0.048862844	0.0480497669	0.0471561663	0.0461835398	0.0451335173	0.0440078585	0.0428084497	0.0415373011	0.0401965428	0.0387884217	0.0373152977	0.0357796393	0.0341840202	0.037798324	0.0405250192	-0.0060575589	-0.0078718278	-0.0445779669	-0.0373584691	-0.002180106	0.0523385126	0.0369668247	0.0350737786	0	0	0	0
-0.0199897	-0.0652226	-0.0475337	-0.000404938	-0.000111177	0	-0.0064445	-0.0174099	-0.0175129	0.000511901	-0.0001860347	0	0.076264085	0.052324667	0.0521639377	0.051896421	0.0515226647	0.051043434	0.0504597097	0.049772687	0.0489837722	0.0480945804	0.0471069319	0.0460228486	0.0448445497	0.0435744473	0.0422151417	0.0407694154	0.0392402281	0.0376307102	0.0359441567	0.0341840202	0.032353904	0.0304575546	-0.0799446586	0.0206775748	-0.0005378949	0.0432232839	-0.0038894619	0.0716689022	0.0230368915	-0.0037705908	0.0134319768	-0.0105088766	0	0	0	0
-0.0191352	-0.0299506	-0.0289928	-0.000571878	-0.000413539	0	0.000854500000000001	0.035272	0.0185409	-0.00016694	-0.000302362	0	0.0781325	0.0523139709	0.0521212014	0.0518004449	0.051352489	0.0507784337	0.0500796887	0.0492579697	0.0483152946	0.0472539781	0.0460766263	0.0447861304	0.0433856593	0.0418786518	0.0402688086	0.0385600826	0.0367566699	0.0348629988	0.0328837193	0.0308236917	0.0286879745	0.0264818121	0.002068842	-0.0628393908	0.0015222093	-0.0144265444	0.0130354941	-0.0016022805	0.0549676338	-0.0576122212	-0.0283332878	0.053268856	0	0	0	0
-0.0134046	-0.0415579	-0.0111979	-0.000997478	-0.000139091	0	0.0057306	-0.0116073	0.0177949	-0.0004256	0.000274448	0	0.0701352	0.0523023033	0.0520745933	0.0516958108	0.0511670547	0.0504898588	0.0496661877	0.0486984311	0.0475893965	0.0463423012	0.0449607632	0.0434487905	0.0418107693	0.0400514517	0.0381759417	0.0361896802	0.0340984296	0.0319082567	0.0296255153	0.027256828	0.0248090665	0.0222893319	0.0392322461	0.0346900925	-0.001184754	-0.043140002	-0.0183210899	-0.0340544667	0.0013270764	0.0431032678	0.0557329057	0.0521377785	0	0	0	0
-0.0101427	-0.0416121	-0.0458879	0.00044218	0.000490579	0	0.0032619	-5.41999999999973e-05	-0.03469	0.001439658	0.00062967	0	0.1414725	0.0522896643	0.0520241169	0.0515825363	0.0509664168	0.050177843	0.0492194833	0.0480945804	0.0468069407	0.0453609212	0.0437614146	0.0420138333	0.0401240904	0.0380985803	0.0359441567	0.0336681095	0.03127814	0.0287823352	0.02618914	0.0235073292	0.0207459769	0.0179144269	-0.057170756	0.0134748778	0.0298635583	0.0189013689	0.0007354859	0.0517507227	0.0160297393	-0.0026632186	0.0082835878	-0.0189573733	0	0	0	0
-0.0135999	-0.0044923	-0.0525732	-0.000208563	0.000159413	0	-0.0034572	0.0371198	-0.0066853	-0.000650743	-0.000331166	0	0.09635775	0.0522760543	0.0519697758	0.0514606403	0.050750635	0.0498425313	0.048739874	0.047446967	0.0459688572	0.044311314	0.0424808075	0.0404844828	0.0383301323	0.0360261653	0.0335815749	0.0310059033	0.0283092043	0.0255020041	0.0225952602	0.0196003187	0.01652887	0.013392903	0.0383693978	-0.0350136177	-0.0131876744	0.0117670074	0.0433487139	-0.0307834864	0.0225373062	-0.0231550576	-0.0268791509	-0.0472030222	0	0	0	0
-0.0138938	-0.0402464	-0.0181044	-0.000208563	0.000156539	0	-0.0002939	-0.0357541	0.0344688	0	-2.87399999999999e-06	0	0.0706605	0.0522614734	0.0519115742	0.0513301431	0.0505197734	0.0494840794	0.0482276804	0.0467561802	0.0450761418	0.0431950583	0.0411213197	0.0388641751	0.0364336915	0.0338407093	0.0310967934	0.028214182	0.0252057321	0.0220848615	0.0188654898	0.0155619757	0.0121890533	0.0087617663	0.0207818811	0.0359096992	-0.0523335245	-0.0251349296	0.0183604007	-0.0312744339	-0.0374605156	0.0280157727	0.0554457171	0.0195888473	0	0	0	0
-0.0110512	-0.0538704	-0.0156137	3.99592e-05	4.47003e-05	0	0.0028426	-0.013624	0.0024907	0.0002485222	-0.0001118387	0	0.036975345	0.0522459219	0.0518495163	0.0511910666	0.0502739006	0.0491026536	0.0476832451	0.0460228486	0.0441298556	0.0420138333	0.0396854757	0.0371565505	0.0344398384	0.0315490697	0.028498854	0.025304607	0.0219824722	0.0185492395	0.0150222601	0.0114193591	0.0077587455	0.0040589197	-0.0512296648	0.012004534	0.0278256367	-0.0283980981	-0.0276483197	0.049274146	0.0355106955	-0.01959058	0.03503963	0.0197054623	0	0	0	0
0.00139732	-0.0122582	-0.0302884	-0.000136457	0.000398834	0	0.01244852	0.0416122	-0.0146747	-0.0001764162	0.0003541337	0	0.095262915	0.0522294002	0.0517836067	0.051043434	0.0500130897	0.0486984311	0.0471069319	0.0452476394	0.0431311232	0.0407694154	0.0381759417	0.0353654455	0.032353904	0.0291584371	0.0257972105	0.0222893319	0.018654743	0.0149141057	0.0110886847	0.0072002268	0.0032708371	-0.0006771467	0.0540277789	-0.020728802	0.0025342909	-0.0074167993	0.0370533011	-0.0518233993	0.0124134563	0.0088093905	-0.0298984839	-0.0568295441	0	0	0	0
0.00547899	-0.0362539	0.00691492	-0.000363144	-0.000101566	0	0.00408167	-0.0239957	0.03720332	-0.000226687	-0.0005004	0	0.10163504	0.0522119084	0.0517138504	0.0508872699	0.0497374181	0.0482715996	0.0464991262	0.044431258	0.0420811315	0.0394636764	0.0365955205	0.0334948844	0.0301814655	0.0266763128	0.0230016937	0.0191809517	0.015238359	0.0111989617	0.0070884207	0.0029328492	-0.0012413539	-0.005407671	0.0198057651	0.0455251742	-0.0177611116	-0.0049816421	-0.0170348609	-0.0231813948	-0.012068618	0.0589147921	0.0174471671	0.0298330132	0	0	0	0
0.00439573	-0.0377289	-0.0226485	8.34806e-05	0.000150381	0	-0.00108326	-0.001475	-0.02956342	0.0004466246	0.000251947	0	0.06705026	0.0521934471	0.0516402525	0.0507226006	0.0494469678	0.0478223571	0.0458602343	0.0435744473	0.0409811285	0.0380985803	0.0349471469	0.0315490697	0.0279283311	0.024110485	0.0201224762	0.0159924506	0.0117495564	0.0074237382	0.0030455261	-0.0013541801	-0.0057443291	-0.0100939368	-0.071481236	0.0130254015	0.0113802916	0.0167411979	-0.0098742364	0.0623966094	0.0075683252	0.0145511399	0.0323002698	-0.0281482074	0	0	0	0
0.00438834	-0.00111284	0.00453332	-0.000405496	0.000110213	0	-7.38999999999948e-06	0.03661606	0.02718182	-0.0004889766	-4.0168e-05	0	0.0902625	0.0521740164	0.0515628185	0.0505494535	0.0491418251	0.0473509122	0.0451906832	0.042677987	0.0398324213	0.0366761804	0.0332338815	0.0295323731	0.0256005252	0.0214690046	0.0171700353	0.0127371473	0.0082049152	0.0036086884	-0.0010156846	-0.0056321357	-0.0102046586	-0.0146975897	-0.0019156858	-0.0404022538	0.0130439215	-0.0067053855	-0.005085627	-0.0167728896	0.0383170648	-0.0230761194	-0.0023113252	0.02883713	0	0	0	0
0.00441191	-0.00968921	-0.0123725	-0.000177383	6.37353e-05	5.4444e-05	2.35699999999997e-05	-0.00857637	-0.01690582	0.000228113	-4.64777e-05	5.4444e-05	0.041957495	0.0521536168	0.0514815542	0.0503678575	0.0488220806	0.0468574839	0.0444909208	0.0417426926	0.0386363752	0.0351986159	0.0314589057	0.0274493255	0.0232042715	0.0187601599	0.0141551145	0.0094286395	0.004621281	-0.0002257211	-0.0050707869	-0.009872353	-0.0145892291	-0.0191809517	0.0410256193	0.0399400946	-0.0019649341	-0.0356946194	-0.0544538337	-0.0279342618	0.0024246066	0.0703221952	0.0312342563	0.0418678997	0	0	0	0
0.0179551	-0.00969211	-0.0331426	0.000140475	7.13186e-06	9.6508e-05	0.01354319	-2.90000000000013e-06	-0.0207701	0.000317858	-5.660344e-05	4.2064e-05	0.055142462	0.0521322486	0.0513964655	0.050177843	0.0484878293	0.0463423012	0.0437614146	0.0407694154	0.0373944116	0.0336681095	0.0296255153	0.025304607	0.0207459769	0.0159924506	0.0110886847	0.0060807472	0.0010156846	-0.0040589197	-0.0090953929	-0.0140464202	-0.0188654898	-0.0235073292	-0.0727264247	0.0072439279	0.0188906921	0.0178358228	-0.0036296929	0.0650617267	0.0141894881	-0.0191433795	0.0174931045	-0.0290877996	0	0	0	0
0.020353	0.00123793	-0.0239926	-0.000268459	-0.000124632	0	0.0023979	0.01093004	0.00915	-0.000408934	-0.00013176386	-9.6508e-05	0.054338233	0.0521099123	0.0513075588	0.0499794418	0.0481391707	0.0458056033	0.0430026525	0.0397590408	0.0361080066	0.0320869629	0.0277371148	0.0231030362	0.0182322141	0.0131745611	0.0079819045	0.0027074549	-0.0025947387	-0.0078703433	-0.0130652981	-0.018126369	-0.0230016937	-0.0276413132	0.0468689546	-0.044821288	-0.0168281297	0.0043396288	0.0039265679	-0.0350197734	0.0158218694	-0.0124926121	-0.0390139502	0.0251216842	0	0	0	0
0.00440507	-0.0480794	-0.00928713	0.000109912	-0.000288828	0	-0.01594793	-0.04931733	0.01470547	0.000378371	-0.000164196	0	0.10709908	0.0520866082	0.0512148408	0.049772687	0.0477762082	0.0452476394	0.0422151417	0.0387124883	0.0347786889	0.0304575546	0.0257972105	0.0208495594	0.015669704	0.0103153331	0.0048460789	-0.0006771467	-0.0061928308	-0.0116395445	-0.0169566271	-0.0220848615	-0.0269671338	-0.0315490697	-0.0077411969	0.0663280823	-0.0204669886	0.0253029531	-0.0074221596	0.0144564442	0.024823763	0.0622013414	0.0094425033	-0.0028527844	0	0	0	0
0.00439677	0.0104798	-0.00927300000000001	5.79752e-05	-0.000413539	0.000173882	-8.29999999999928e-06	0.0585592	1.41299999999941e-05	-5.19368e-05	-0.000124711	0.000173882	0.07610812	0.0520623368	0.0511183183	0.0495576132	0.0473990497	0.0446686685	0.0413994086	0.0376307102	0.0334080384	0.0287823352	0.0238094045	0.0185492395	0.0130652981	0.0074237382	0.0016926191	-0.0040589197	-0.0097614921	-0.0153463027	-0.0207459769	-0.0258953737	-0.030732371	-0.0351986159	0.0251613588	-0.0372134818	-0.0142638195	0.0295318117	-0.0054320199	-0.0120482007	0.0182000528	-0.0454330749	-0.0313554074	-0.0180465986	0	0	0	0
0.00961907	-0.0442427	0.0171009	0.000120531	5.83131e-05	0.000170947	0.0052223	-0.0547225	0.0263739	6.25558e-05	0.0004718521	-2.935e-06	0.113185845	0.0520370985	0.0510179984	0.0493342563	0.0470078072	0.0440689593	0.0405559987	0.0365146908	0.0319976841	0.0270638244	0.021777388	0.0162072446	0.0104259597	0.0045088495	-0.0014670001	-0.0074237382	-0.0132837629	-0.018970732	-0.024410558	-0.0295323731	-0.0342694522	-0.0385600826	0.0507172752	0.0199008885	-0.0430123649	0.0174702969	-0.0142032008	-0.0517428897	-0.0081107322	-0.0019816523	0.0032920629	0.0245929078	0	0	0	0
0.0180304	-0.0174821	0.00355572	0.000181227	-0.000123967	0.000166766	0.00841133	0.0267606	-0.01354518	6.0696e-05	-0.0001822801	-4.18100000000002e-06	0.061074965	0.0520108938	0.0509138886	0.0491026536	0.0466025972	0.0434487905	0.0396854757	0.0353654455	0.030549302	0.025304607	0.0197049341	0.0138288366	0.0077587455	0.0015798132	-0.004621281	-0.010757547	-0.016742904	-0.0224933884	-0.0279283311	-0.0329714899	-0.0375521182	-0.0416059582	-0.0386080898	0.0343221827	-0.0145891397	0.0271925856	-0.0239318174	0.0313623333	-0.0485040071	-0.0003579733	-0.0008781071	-0.0305981574	0	0	0	0
0.0206851	-0.0140645	0.0295465	0.000404046	0.000105291	0.000155185	0.0026547	0.0034176	0.02599078	0.000222819	0.000229258	-1.1581e-05	0.05524598	0.0519837232	0.0508059967	0.048862844	0.0461835398	0.0428084497	0.0387884217	0.0341840202	0.0290646136	0.0235073292	0.0175958911	0.0114193591	0.0050707869	-0.0013541801	-0.0077587455	-0.0140464202	-0.0201224762	-0.0258953737	-0.03127814	-0.0361896802	-0.0405559987	-0.044311314	-0.072717649	0.0177125352	-0.0453688977	-0.0153257709	0.010764218	0.0656177993	-0.036889133	0.0178004353	0.0358189459	0.003471812	0	0	0	0
0.0173377	-0.022577	0.0149929	0.000614878	2.2839e-05	0.000540474	-0.0033474	-0.0085125	-0.0145536	0.000210832	-8.2452e-05	0.000385289	0.06034215	0.0519555872	0.0506943307	0.0486148674	0.0457507597	0.0421482344	0.0378654364	0.0329714899	0.0275453833	0.021674694	0.015454175	0.0089842256	0.0023692706	-0.0042839244	-0.0108679768	-0.01727662	-0.0234064185	-0.0291584371	-0.0344398384	-0.0391653804	-0.0432587929	-0.0466540082	0.0103884571	-0.0267480663	0.034408883	-0.0263349777	-0.0533249916	-0.0168378598	0.0667673975	-0.0310264026	-0.007008271	0.0453612157	0	0	0	0
0.0234611	-0.0265799	-0.0149577	-5.1593e-05	6.21175e-05	0	0.0061234	-0.0040029	-0.0299506	-0.000666471	3.92785e-05	-0.000540474	0.102388075	0.0519264863	0.0505788988	0.0483587652	0.0453043854	0.0414684511	0.0369171367	0.0317289578	0.0259934166	0.0198094581	0.0132837629	0.0065289069	-0.0003385804	-0.0072002268	-0.0139376608	-0.0204346535	-0.0265791242	-0.0322650733	-0.0373944116	-0.0418786518	-0.0456404355	-0.0486148674	0.0191981576	0.0495343466	0.0059030448	0.010364314	-0.033850075	0.0010862755	-0.0290822111	0.0694760316	-0.0075556449	-0.0247467084	-0.380374703292263	-1.08091270754883	-2.22840312389761	-1.68540061352814
0.0285542	0.00888913	-0.027838	0.000554804	-1.67614e-05	0.000205201	0.0050931	0.03546903	-0.0128803	0.000606397	-7.88789e-05	0.000205201	0.097966275	0.051896421	0.0504597097	0.0480945804	0.0448445497	0.0407694154	0.0359441567	0.0304575546	0.024410558	0.0179144269	0.0110886847	0.0040589197	-0.0030455261	-0.0100939368	-0.0169566271	-0.0235073292	-0.0296255153	-0.0351986159	-0.0401240904	-0.044311314	-0.0476832451	-0.050177843	-0.0134425933	-0.01968146	0.0213374022	0.0721029769	-0.0244155651	0.0031337293	-0.0148125575	-0.0220002754	-0.0436381596	-0.0229685905	-1.27014591083183	-1.28774394727322	-2.22840312389761	-1.68540061352814
0.02204	-0.0111614	-0.0058086	0.000692947	-0.000108168	0.00023143	-0.0065142	-0.02005053	0.0220294	0.000138143	-9.14066e-05	2.6229e-05	0.06138306	0.051865392	0.0503367722	0.0478223571	0.044371389	0.0400514517	0.0349471469	0.0291584371	0.0227986886	0.0159924506	0.0088730165	0.0015798132	-0.0057443291	-0.0129559745	-0.0199138901	-0.0264818121	-0.0325311144	-0.0379433273	-0.0426124582	-0.0464470668	-0.0493720561	-0.0513301431	0.0194590481	-0.0940260094	-0.0311683849	0.0028587138	-0.0487952642	-0.0449225103	-0.0807268474	-0.0500940934	-0.031234329	0.0462381587	-1.72108836539445	-1.30444164896667	-2.22840312389761	-1.68540061352814
0.0214561	-0.0165789	-0.0288476	0.000472477	-0.000147239	0.00022779	-0.000583900000000002	-0.0054175	-0.023039	-0.00022047	-3.9071e-05	-3.63999999999999e-06	0.04219945	0.0518333998	0.0502100954	0.0475421407	0.043885044	0.0393148935	0.0339267737	0.0278327876	0.0211597241	0.0140464202	0.0066408724	-0.0009028426	-0.0084277735	-0.0157773596	-0.0227986886	-0.0293456776	-0.0352821126	-0.0404844828	-0.0448445497	-0.0482715996	-0.0506943307	-0.0520623368	0.0439135007	0.0068993693	-0.0232443492	-0.0237875739	0.0405522755	-0.0414929861	0.0191182642	0.0033295668	-0.010091119	-0.0133393075	-1.94040207786486	-1.30946970887924	-2.22840312389761	-1.68540061352814
0.0313128	0.00653283	0.00908173	0.000257013	-0.000231235	0.000256833	0.0098567	0.02311173	0.03792933	-0.000215464	-8.3996e-05	2.9043e-05	0.08732291	0.0518004449	0.0500796887	0.0472539781	0.0433856593	0.0385600826	0.0328837193	0.0264818121	0.0194956122	0.0120792627	0.0043963972	-0.0033834701	-0.0110886847	-0.0185492395	-0.0256005252	-0.0320869629	-0.0378654364	-0.0428084497	-0.0468069407	-0.049772687	-0.0516402525	-0.0523684314	-0.01409855	0.03071449	0.0227304308	-0.0084224239	-0.0087451849	0.0148352755	0.0097628244	0.0012660841	0.0140360507	-0.011833441	-1.8639743861055	-1.31045519011602	-2.22840312389761	-1.68540061352814
0.0233288	-0.0420372	-0.0198762	0.000452411	-0.000413539	0.000238462	-0.007984	-0.04857003	-0.02895793	0.000195398	-0.000182304	-1.8371e-05	0.10531561	0.051766528	0.0499455618	0.0469579174	0.0428733831	0.0377873696	0.0318186811	0.0251067401	0.0178083308	0.0100939368	0.0021437585	-0.0058564958	-0.0137199483	-0.0212629165	-0.0283092043	-0.0346942175	-0.0402688086	-0.0449027607	-0.0484878293	-0.050940271	-0.0522027989	-0.0522459219	0.0048404181	-0.073481162	0.0175556149	0.0045178172	-0.0440221833	-0.0032682752	-0.0251636487	-0.06847597	-0.033195681	-0.0076823845	-1.269730985461	-1.30552401864244	-2.22840312389761	0.592443852028073
0.0266762	0.00581116	-0.00663395	0.000705849	8.34563e-05	0.000230029	0.0033474	0.04784836	0.01324225	0.000253438	0.0004969953	-8.43299999999999e-06	0.102381325	0.0517316498	0.0498077248	0.0466540082	0.0423483678	0.0369971132	0.030732371	0.0237088227	0.016099885	0.0080934286	-0.0001128608	-0.0083163637	-0.016314529	-0.0239098759	-0.0309148693	-0.0371565505	-0.0424808075	-0.0467561802	-0.0498771065	-0.051766528	-0.0523777937	-0.0516958108	0.0336778357	0.0268855854	-0.0414997194	-0.0084629364	0.007233895	-0.0311488746	-0.0363850679	0.0297059036	0.0058122278	0.0018554126	-0.819378014926554	-1.29582902680275	-2.22840312389761	-1.68540061352814
0.0276426	-0.0255172	0.0282037	0.000432809	-0.000413539	6.76875e-05	0.000966399999999999	-0.03132836	0.03483765	-0.00027304	-0.0004969953	-0.0001623415	0.11375125	0.0516958108	0.0496661877	0.0463423012	0.0418107693	0.0361896802	0.0296255153	0.0222893319	0.0143723053	0.0060807472	-0.0023692706	-0.010757547	-0.0188654898	-0.0264818121	-0.0334080384	-0.0394636764	-0.0444909208	-0.0483587652	-0.0509664168	-0.0522459219	-0.0521639377	-0.0507226006	0.0243484935	-0.0129658078	-0.0683185768	-0.0702412019	0.0122657242	-0.0153467839	-0.0246502236	-0.0095596272	0.0616051572	0.0340297534	-0.070303873688766	-0.666333026623556	-2.22840312389761	0.592443852028073
0.0302939	-0.0255214	0.025959	0.000795299	1.12104e-05	0.000262627	0.0026513	-4.20000000000281e-06	-0.00224470000000001	0.00036249	0.0004247494	0.0001949395	0.054009145	0.0516590118	0.0495209612	0.0460228486	0.0412607473	0.0353654455	0.028498854	0.0208495594	0.0126276447	0.0040589197	-0.004621281	-0.0131745611	-0.0213660101	-0.0289706552	-0.0357796393	-0.0416059582	-0.0462895956	-0.0497019183	-0.0517492091	-0.0523752403	-0.0515628185	-0.0493342563	0.0063907267	0.0560886524	0.0168520639	-0.0403000198	0.0028348347	-0.0086913339	0.0455626988	0.0341220331	0.0586337501	0.0036219074	-0.405381764620103	-0.254645839147796	-2.22840312389761	0.592443852028073
0.0268756	-0.0255229	-0.0133683	0.00082242	0.000127906	0.00029997	-0.00341830000000001	-1.49999999999803e-06	-0.0393273	2.71210000000002e-05	0.0001166956	3.7343e-05	0.05180508	0.0516212534	0.0493720561	0.0456957037	0.0406984653	0.0345247919	0.0273531403	0.0193908153	0.0108679768	0.0020309873	-0.0068647103	-0.0155619757	-0.0238094045	-0.0313685957	-0.0380210421	-0.0435744473	-0.0478682839	-0.0507784337	-0.0522207755	-0.0521536168	-0.0505788988	-0.0475421407	0.0245272007	-0.0146631261	0.0544799624	0.0292168575	-0.0238007053	-0.0352868805	0.0581106377	-0.0027470847	-0.0407794845	-0.0195811844	-0.036558840976344	-0.109412144362484	-2.22840312389761	0.592443852028073
0.0442871	-0.0125974	0.0335219	0.000429678	-0.000190628	0	0.0174115	0.0129255	0.0468902	-0.000392742	-0.000318534	-0.00029997	0.1277895	0.0515825363	0.0492194833	0.0453609212	0.0401240904	0.0336681095	0.02618914	0.0179144269	0.0090953929	0	-0.0090953929	-0.0179144269	-0.02618914	-0.0336681095	-0.0401240904	-0.0453609212	-0.0492194833	-0.0515825363	-0.0523782801	-0.0515825363	-0.0492194833	-0.0453609212	0.0438549592	0.0293184739	-0.0360354868	0.013829323	-0.05559982	-0.0350253797	-0.0220100528	0.0809945701	-0.0662556716	0.0597626659	-0.015870572755613	-0.824054857785607	-2.22840312389761	-1.68540061352814
0.045726	-0.0389147	0.0118198	0.000719594	-0.000167038	5.29045e-05	0.0014389	-0.0263173	-0.0217021	0.000289916	2.359e-05	5.29045e-05	0.067778825	0.0515428613	0.0490632542	0.045018557	0.0395377932	0.0327957961	0.0250076315	0.0164217376	0.0073119995	-0.0020309873	-0.0113091867	-0.0202266294	-0.028498854	-0.0358619813	-0.0420811315	-0.0469579174	-0.0503367722	-0.0521099123	-0.0522207755	-0.0506658255	-0.0474946641	-0.0428084497	-0.0676188095	0.0292454911	-0.0329193624	0.0022646866	-0.0143029396	0.0800531835	-0.006633366	0.0263421942	0.0005845574	-0.0037452626	-0.160487679960007	-0.152715399728126	-2.22840312389761	-1.68540061352814
0.0384818	0.0236143	0.0476444	0.000503668	-0.000179724	5.65573e-05	-0.00724419999999999	0.062529	0.0358246	-0.000215926	-1.2686e-05	3.65279999999999e-06	0.11721104	0.051502229	0.0489033805	0.0446686685	0.0389397479	0.0319082567	0.0238094045	0.0149141057	0.0055199161	-0.0040589197	-0.0135019809	-0.0224933884	-0.030732371	-0.0379433273	-0.043885044	-0.0483587652	-0.0512148408	-0.0523577323	-0.0517492091	-0.0494096266	-0.0454172463	-0.0399056168	-0.0494199602	-0.001353382	-0.0462752311	-0.0583670779	0.0416363159	0.0537977027	0.0249284972	0.0045887483	0.0226594959	0.0103057784	-0.009563595579954	-1.05898683045974	-2.22840312389761	0.592443852028073
0.0487208	-0.0223608	0.0336444	0.000954059	-0.000413539	0.000227367	0.010239	-0.0459751	-0.014	0.000450391	-0.000233815	0.0001708097	0.112964885	0.0514606403	0.048739874	0.044311314	0.0383301323	0.0310059033	0.0225952602	0.013392903	0.0037212726	-0.0060807472	-0.015669704	-0.024709611	-0.0328837193	-0.0399056168	-0.0455292636	-0.0495576132	-0.0518495163	-0.052324667	-0.0509664168	-0.0478223571	-0.0430026525	-0.0366761804	-0.013695595	-0.0211395201	0.0519394627	-0.060695102	-0.0258872309	0.0136219132	0.0610271176	-0.0299379391	0.0267006127	0.0257191097	0.223642030230019	-0.914666043968414	-2.22840312389761	0.592443852028073
0.0460156	0.0215424	0.013354	0.000368732	-0.000413539	0.000140931	-0.0027052	0.0439032	-0.0202904	-0.000585327	0	-8.6436e-05	0.10048695	0.0514180959	0.0485727468	0.0439465533	0.0377091275	0.0300891549	0.0213660101	0.0118595137	0.0019182066	-0.0080934286	-0.0178083308	-0.0268703181	-0.0349471469	-0.0417426926	-0.0470078072	-0.0505494535	-0.0522377823	-0.0520108938	-0.0498771065	-0.0459146523	-0.0402688086	-0.0331465714	0.0480378875	0.0441868252	0.000210018	-0.0140125077	-0.0346738843	-0.0250697615	-0.0029858165	0.0475582184	-0.0008628012	-0.0324320065	0.978265798302627	-0.777503560825223	-2.22840312389761	0.592443852028073
0.0167891	-0.01548	0.00649695	0.000811546	-0.000413539	0	-0.0292265	-0.0370224	-0.00685705	0.000442814	0	-0.000140931	0.1022932	0.0513745965	0.0484020114	0.0435744473	0.0370769179	0.0291584371	0.0201224762	0.0103153331	0.0001128608	-0.0100939368	-0.0199138901	-0.0289706552	-0.0369171367	-0.0434487905	-0.0483152946	-0.0513301431	-0.0523777937	-0.0514180959	-0.0484878293	-0.043699295	-0.0372360105	-0.0293456776	-0.0605788863	0.0423781375	-0.0073182154	0.0153346528	-0.0001193563	0.067442609	-0.0066206015	0.0263724672	0.0134131838	-0.0509038427	-0.601538291374283	-1.04351844850192	0.448081059024295	0.592443852028073
0.0047373	0.00868521	-0.00437235	0.0011127	-0.000413539	-0.00017029	-0.0120518	0.02416521	-0.0108693	0.000301154	0	-0.00017029	0.07065851	0.0513301431	0.0482276804	0.0431950583	0.0364336915	0.028214182	0.0188654898	0.0087617663	-0.0016926191	-0.0120792627	-0.0219824722	-0.0310059033	-0.0387884217	-0.045018557	-0.0494469678	-0.051896421	-0.0522688852	-0.0505494535	-0.0468069407	-0.0411911291	-0.0339267737	-0.025304607	0.005038552	-0.078180805	0.0050026	0.0075487057	0.0042159694	-0.017277506	0.0197030691	-0.0727755272	-0.0242851443	-0.0029957799	-1.04934482475389	-1.23948124639007	0.448081059024295	0.592443852028073
0.0167866	-0.00255344	0.0286532	0.000560215	-0.000413539	5.5902e-05	0.0120493	-0.01123865	0.03302555	-0.000552485	0	0.000226192	0.09524735	0.0512847364	0.0480497669	0.0428084497	0.0357796393	0.027256828	0.0175958911	0.0072002268	-0.0034960873	-0.0140464202	-0.0240102362	-0.0329714899	-0.0405559987	-0.0464470668	-0.0503987089	-0.0522459219	-0.0519115742	-0.0494096266	-0.0448445497	-0.0384069609	-0.0303656657	-0.0210564335	0.0292085755	0.0056119712	-0.0135340375	-0.0177559428	0.0078161176	-0.0377669037	0.0010782394	0.0105714509	0.0108518033	0.0292298922	-1.40273575923613	-1.30470906105827	0.448081059024295	-1.68540061352814
0.0015916	-0.0245495	-0.00356975	0.000838005	-0.000413539	0	-0.015195	-0.02199606	-0.03222295	0.00027779	0	-5.5902e-05	0.08609861	0.0512383773	0.0478682839	0.0424146861	0.0351149558	0.0262868196	0.016314529	0.0056321357	-0.0052954007	-0.0159924506	-0.0259934166	-0.0348629988	-0.0422151417	-0.0477298374	-0.0511670547	-0.0523771858	-0.0513075588	-0.0480047303	-0.0426124582	-0.0353654455	-0.0265791242	-0.0166359256	-0.0461963867	0.0283829218	0.0028940653	0.0064952835	0.0162701815	0.0455743773	0.0013416132	-0.0046769918	0.0133734906	-0.0330358195	-0.680559824396712	-1.16849348276696	0.448081059024295	-1.68540061352814
-2.30084e-05	0.0079024	0.0107666	0.00064527	-0.000413539	0	-0.0016146084	0.0324519	0.01433635	-0.000192735	0	0	0.0580396084	0.0511910666	0.0476832451	0.0420138333	0.0344398384	0.025304607	0.0150222601	0.0040589197	-0.0070884207	-0.0179144269	-0.0279283311	-0.0366761804	-0.0437614146	-0.048862844	-0.0517492091	-0.0522896643	-0.0504597097	-0.0463423012	-0.0401240904	-0.0320869629	-0.0225952602	-0.0120792627	0.0051385646	-0.0645231632	0.014538456	0.0015033733	0.0234127526	-0.0104695389	-0.0108970242	-0.0632173601	0.0102638849	0.0032231406	-0.938776694249957	-0.656767367231059	0.448081059024295	0.592443852028073
-1.8477e-05	-0.0429165	-0.00984467	0.000613057	-0.000290851	0	4.5314e-06	-0.0508189	-0.02061127	-3.2213e-05	0.000122688	0	0.0791797514	0.0511428052	0.0474946641	0.0416059582	0.0337544877	0.0243106464	0.0137199483	0.0024820104	-0.0088730165	-0.0198094581	-0.0298113868	-0.0384069609	-0.0451906832	-0.0498425313	-0.0521430537	-0.0519837232	-0.0493720561	-0.044431258	-0.0373944116	-0.0285934806	-0.0184436498	-0.0074237382	0.0535269845	0.0265416426	-0.0509503168	-0.003972893	0.0229565691	-0.0359230598	-0.0016781955	0.0435203931	-0.0071554081	0.0522478835	-1.72884925445418	-0.63854643919708	0.448081059024295	0.592443852028073
0.0115692	-0.00379497	0.0159849	0.000761162	-0.000413539	0	0.011587677	0.03912153	0.02582957	0.000148105	-0.000122688	0	0.090078427	0.051093594	0.047302555	0.0411911291	0.0330591074	0.0233053991	0.0124084642	0.0009028426	-0.0106470671	-0.021674694	-0.0316390872	-0.0400514517	-0.0464991262	-0.0506658255	-0.0523471556	-0.0514606403	-0.0480497669	-0.0422818529	-0.0344398384	-0.0249084068	-0.0141551145	-0.0027074549	-0.0544819783	0.0184560586	0.0168932184	-0.0067622707	0.0471005657	0.0510019092	0.0054920472	-0.0286456426	0.0192813008	-0.0194288335	-1.63901958475616	-0.672463351416252	0.448081059024295	0.592443852028073
0.00734343	-0.0205042	0.0400304	0.000708355	-0.000413539	-1.05879e-22	-0.00422577000000001	-0.01670923	0.0240455	-5.2807e-05	0	-1.05879e-22	0.04762085	0.051043434	0.0471069319	0.0407694154	0.032353904	0.0222893319	0.0110886847	-0.0006771467	-0.0124084642	-0.0235073292	-0.0334080384	-0.0416059582	-0.0476832451	-0.0513301431	-0.0523607718	-0.0507226006	-0.0464991262	-0.0399056168	-0.03127814	-0.0210564335	-0.0097614921	0.0020309873	0.0186111655	-0.0472642537	0.0281445426	0.007768839	-0.0304374387	-0.0320252397	-0.0020163128	-0.0445011027	0.0008948047	0.0207413301	-1.46065131019004	-0.802229739484921	0.448081059024295	0.592443852028073
0.00578636	-0.030937	0.0105089	0.00104279	-0.000413539	0	-0.00155707	-0.0104328	-0.0295215	0.000334435	0	1.05879e-22	0.05823312	0.050992326	0.0469078096	0.0403408874	0.0316390872	0.0212629165	0.0097614921	-0.0022565198	-0.0141551145	-0.025304607	-0.0351149558	-0.0430669878	-0.048739874	-0.0518333998	-0.0521838529	-0.049772687	-0.0447275033	-0.0373152977	-0.0279283311	-0.0170633708	-0.0052954007	0.006752807	0.0271914527	0.0463728257	-0.0038673525	0.0089242192	0.0100999837	-0.0065779953	-0.005701865	0.062638225	0.0192848573	-0.0006234666	-1.45573689840545	-0.860554752233474	0.448081059024295	0.592443852028073
-1.66775e-05	0.0135598	0.0326331	0.000593603	-0.000413539	-0.000227257	-0.0058030375	0.0444968	0.0221242	-0.000449187	0	-0.000227257	0.1062462375	0.050940271	0.0467052026	0.0399056168	0.0309148693	0.0202266294	0.0084277735	-0.0038338396	-0.015884942	-0.0270638244	-0.0367566699	-0.044431258	-0.0496661877	-0.0521740164	-0.0518170426	-0.0486148674	-0.0427433176	-0.0345247919	-0.024410558	-0.0129559745	-0.0007899965	0.0114193591	-0.0089064429	0.0038762665	0.022670223	0.0589280349	0.0160706907	-0.004208335	0.0110147645	0.0151678012	-0.0443190056	-0.0178871175	-1.49311866276192	-0.863903765330201	0.448081059024295	0.592443852028073
-0.02471	0.00395696	0.0407078	0.000865043	-0.000413539	-0.000419806	-0.0246933225	-0.00960284	0.0080747	0.00027144	0	-0.000192549	0.0655703125	0.0508872699	0.0464991262	0.0394636764	0.0301814655	0.0191809517	0.0070884207	-0.005407671	-0.0175958911	-0.0287823352	-0.0383301323	-0.0456957037	-0.0504597097	-0.0523509242	-0.0512616758	-0.0472539781	-0.0405559987	-0.0315490697	-0.0207459769	-0.0087617663	0.0037212726	0.0159924506	-0.0457014401	-0.0607948534	0.0181092057	-0.0031835977	0.0040224108	0.0526297111	-0.0380153775	-0.0791572622	0.0119175746	0.0133690836	-0.839465087515898	-1.27882465050182	0.448081059024295	-1.68540061352814
-0.02471	-0.0011079	0.0109161	0.00105609	-0.000413539	-0.000419806	0	-0.00506486	-0.0297917	0.000191047	0	0	0.04440891	0.0508333239	0.0462895956	0.03901514	0.0294390937	0.018126369	0.0057443291	-0.0069765817	-0.0192859283	-0.0304575546	-0.0398324213	-0.0468574839	-0.0511183183	-0.0523635681	-0.0505197734	-0.0456957037	-0.0381759417	-0.0284040951	-0.0169566271	-0.0045088495	0.0082049152	0.0204346535	0.0569741664	0.0162001528	0.0243841752	0.0009840169	0.0687878312	-0.0517592858	0.0188924934	0.0204952367	-0.0355099875	-0.0497231328	-0.908939990836945	-0.910800184876609	0.448081059024295	0.592443852028073
-0.0247084	0.0277916	0.0324145	0.000917297	-0.000413539	-0.000225851	1.59999999999744e-06	0.0288995	0.0214984	-0.000138793	0	0.000193955	0.0670369	0.0507784337	0.0460766263	0.0385600826	0.0286879745	0.0170633708	0.0043963972	-0.0085391442	-0.0209530451	-0.0320869629	-0.0412607473	-0.0479139886	-0.0516402525	-0.0522119084	-0.049594035	-0.0439465533	-0.0356144575	-0.0251067401	-0.0130652981	-0.0002257211	0.0126276447	0.024709611	-0.0149125744	0.0146549173	0.0340825335	0.0590477945	0.0317731074	0.0168911531	-0.0017089669	0.006240271	-0.0283984553	-0.008055917	-0.946659160904901	-0.799555557608316	0.448081059024295	0.592443852028073
-0.0313988	-0.0191292	0.0403577	0.00119071	-0.000413539	-0.000419806	-0.0066904	-0.0469208	0.0079432	0.000273413	0	-0.000193955	0.0849228	0.0507226006	0.0458602343	0.0380985803	0.0279283311	0.0159924506	0.0030455261	-0.0100939368	-0.0225952602	-0.0336681095	-0.0426124582	-0.048862844	-0.0520241169	-0.051896421	-0.0484878293	-0.0420138333	-0.0328837193	-0.021674694	-0.0090953929	0.0040589197	0.0169566271	0.0287823352	-0.0679060377	-0.0277169096	-0.0067376935	0.0185607927	0.0261470227	0.0501293323	-0.0538641691	-0.0443261751	0.0104482645	-0.0123318099	-0.786403717244353	-0.869062178455707	0.448081059024295	0.592443852028073
-0.0425034	-0.0191707	0.0353856	0.000735992	-0.000413539	-0.000419806	-0.0111046	-4.14999999999999e-05	-0.0049721	-0.000454718	0	0	0.0388541	0.0506658255	0.0456404355	0.0376307102	0.0271603893	0.0149141057	0.0016926191	-0.0116395445	-0.0242106219	-0.0351986159	-0.043885044	-0.0497019183	-0.0522688852	-0.0514180959	-0.0472051818	-0.0399056168	-0.0299967047	-0.018126369	-0.0050707869	0.0083163637	0.0211597241	0.0326194932	-0.041819222	-0.0382201618	0.0384208203	-0.0230280409	0.060766758	0.0364903352	0.0254343163	-0.0328063875	0.0070171854	-0.0063614305	-0.57327986591751	-0.915722252468622	0.448081059024295	0.592443852028073
-0.0424774	0.0153259	0.0630153	0.00093069	-0.000800061	-0.000419806	2.59999999999983e-05	0.0344966	0.0276297	0.000194698	-0.000386522	0	0.0912133	0.0506081094	0.0454172463	0.0371565505	0.0263843771	0.0138288366	0.0003385804	-0.0131745611	-0.0257972105	-0.0366761804	-0.0450761418	-0.0504293264	-0.0523739028	-0.0507784337	-0.0457507597	-0.0376307102	-0.0269671338	-0.0144808008	-0.0010156846	0.0125180835	0.0252057321	0.0361896802	0.048451526	-0.0363248109	0.0323880957	-0.0070975678	0.0598221031	-0.0591433318	0.0310490393	-0.0124114371	-0.0108420567	0.0249391884	-1.0596923050366	-0.841236168978166	0.448081059024295	0.592443852028073
-0.0425034	-0.0186869	0.0743563	0.000786285	-0.000413539	-0.000419806	-2.59999999999983e-05	-0.0340128	0.011341	-0.000144405	0.000386522	0	0.07192615	0.0505494535	0.0451906832	0.0366761804	0.0256005252	0.0127371473	-0.0010156846	-0.0146975897	-0.0273531403	-0.0380985803	-0.0461835398	-0.051043434	-0.0523388891	-0.0499794418	-0.0441298556	-0.0351986159	-0.0238094045	-0.010757547	0.0030455261	0.0166359256	0.0290646136	0.0394636764	0.006353974	0.0526735449	0.0128102668	0.0131794481	0.0074210053	0.0155720135	0.004661687	0.0500666802	0.0063956894	0.0212655567	-1.021240323225	-0.860514820448052	0.448081059024295	0.592443852028073
-0.0283618	-0.0187133	0.0458715	0.000493627	-0.000610905	-0.000419806	0.0141416	-2.63999999999959e-05	-0.0284848	-0.000292658	-0.000197366	0	0.067154	0.0504898588	0.0449607632	0.0361896802	0.0248090665	0.0116395445	-0.0023692706	-0.0162072446	-0.0288765622	-0.0394636764	-0.0472051818	-0.0515428613	-0.0521639377	-0.049023627	-0.0423483678	-0.0326194932	-0.0205385235	-0.0069765817	0.0070884207	0.0206422981	0.0327077205	0.0424146861	-0.0258523012	-0.0597934655	0.0311631279	0.0084925672	0.0133424763	0.0211480908	-0.0105682184	-0.0678732581	-0.0297554338	-0.0232344554	-0.98741832854864	-1.33215083848392	0.448081059024295	0.592443852028073
-0.0258403	0.00783786	0.0752394	0.000141438	-0.000858332	-0.000419806	0.0025215	0.02655116	0.0293679	-0.000352189	-0.000247427	0	0.08842136	0.0504293264	0.0447275033	0.0356971313	0.0240102362	0.0105365379	-0.0037212726	-0.017702152	-0.0303656657	-0.0407694154	-0.0481391707	-0.0519264863	-0.0518495163	-0.0479139886	-0.0404127789	-0.0299041152	-0.0171700353	-0.003158189	0.0110886847	0.0245103563	0.0361080066	0.045018557	0.0394158072	0.0002293486	-0.0092837562	-0.0105779602	0.0477596061	-0.0471605677	-0.0379387567	-0.0117125065	-0.0013405124	0.0130848487	-0.571021199584375	-1.36957883727599	0.448081059024295	0.592443852028073
-0.0235454	-0.0387035	0.0950933	0.000531951	-0.000866609	-0.000419806	0.0022949	-0.04654136	0.0198539	0.000390513	-8.277e-06	0	0.08862966	0.0503678575	0.0444909208	0.0351986159	0.0232042715	0.0094286395	-0.0050707869	-0.0191809517	-0.0318186811	-0.0420138333	-0.0489837722	-0.0521934471	-0.0513964655	-0.0466540082	-0.0383301323	-0.0270638244	-0.0137199483	0.0006771467	0.0150222601	0.028214182	0.0392402281	0.0472539781	0.0014651362	0.0505743429	-0.0106757172	-0.0112028573	0.0223808385	0.009980277	0.0021465424	0.0353058781	0.0398744101	-0.0100766827	-0.562357401686784	-1.41443527657621	0.448081059024295	0.592443852028073
-0.0235793	-0.031345	0.0950588	-5.79038e-06	-0.000413539	-0.000419806	-3.38999999999999e-05	0.0073585	-3.44999999999929e-05	-0.00053774138	0.00045307	0	0.056967469	0.0503054532	0.0442510332	0.0346942175	0.0223914121	0.0083163637	-0.0064169112	-0.0206422981	-0.0332338815	-0.0431950583	-0.0497374181	-0.0523431439	-0.0508059967	-0.0452476394	-0.0361080066	-0.024110485	-0.0102046586	0.0045088495	0.0188654898	0.0317289578	0.0420811315	0.0491026536	-0.0571546565	-0.0133968709	0.0214232291	-0.0221326228	0.0245549474	0.04461602	0.00634865	-0.0454083322	0.0468559199	-0.0137000625	0.052715364112343	-1.39061990242137	0.448081059024295	0.592443852028073
-0.0235598	-0.00807466	0.111866	-5.79038e-06	-0.000413539	-0.000877582	1.95000000000022e-05	0.02327034	0.0168072	0	0	-0.000457776	0.06298584	0.0502421146	0.0440078585	0.0341840202	0.0215718994	0.0072002268	-0.0077587455	-0.0220848615	-0.034609585	-0.044311314	-0.0503987089	-0.0523752403	-0.0500796887	-0.043699295	-0.0337544877	-0.0210564335	-0.0066408724	0.0083163637	0.0225952602	0.0350311327	0.0446096262	0.0505494535	0.0281640241	-0.0474430039	0.0348280301	-0.0090284784	0.0449320777	-0.0442484781	0.0223415055	-0.030351522	-0.0189837339	-0.0223212483	0.862028694150222	-1.47166785855634	0.448081059024295	0.592443852028073
-0.0235598	-0.0127206	0.137478	-0.00015861	-0.000413539	-0.000877582	0	-0.00464594	0.025612	-0.00015281962	0	0	0.037898921	0.050177843	0.0437614146	0.0336681095	0.0207459769	0.0060807472	-0.0090953929	-0.0235073292	-0.0359441567	-0.0453609212	-0.0509664168	-0.0522896643	-0.0492194833	-0.0420138333	-0.03127814	-0.0179144269	-0.0030455261	0.0120792627	0.02618914	0.0380985803	0.0468069407	0.0515825363	0.0525104521	0.0423020232	-0.0105319907	-0.0243506468	-0.0303106957	-0.0461770749	-0.0137994469	0.0626202996	-0.0048281286	0.0410045302	-0.372781122849803	1.23219600923388	0.448081059024295	0.592443852028073
-0.0235598	-0.0314124	0.129107	-0.00039225	-0.000413539	-0.000877582	0	-0.0186918	-0.00837099999999993	-0.00023364	0	0	0.0387448	0.0501126395	0.0435117199	0.0331465714	0.0199138901	0.0049584444	-0.0104259597	-0.0249084068	-0.0372360105	-0.0463423012	-0.0514394875	-0.0520866082	-0.0482276804	-0.0401965428	-0.0286879745	-0.0146975897	0.0005642937	0.0157773596	0.0296255153	0.0409107473	0.0486567622	0.0521934471	-0.0439674304	0.0490650556	0.0130110971	0.0074140215	-0.0023305846	0.0409531566	0.0123025188	0.032545803	0.016663751	-0.0505797793	-0.834036480580902	1.87274148087724	0.448081059024295	0.592443852028073
-0.00145674	0.0308411	0.171246	-0.000582204	-0.000413539	-0.000441616	0.02210306	0.0622535	0.0421389999999999	-0.000189954	0	0.000435966	0.15779156	0.0500465054	0.0432587929	0.0326194932	0.0190758861	0.0038338396	-0.0117495564	-0.0262868196	-0.0384836111	-0.0472539781	-0.0518170426	-0.051766528	-0.0471069319	-0.0382531258	-0.0259934166	-0.0114193591	0.0041714317	0.0193908153	0.0328837193	0.0434487905	0.0501453577	0.0523771858	0.017840957	-0.0301709057	0.0070513798	0.006953935	-0.0552403149	-0.0294958683	0.0183143019	-0.0129338052	-0.0082591002	-0.0001222342	-0.435498431119346	1.71908623649011	0.448081059024295	0.592443852028073
-0.00115269	-0.0185129	0.149619	-0.000915306	-0.000837246	-0.000351099	0.00030405	-0.049354	-0.021627	-0.000333102	-0.000423707	9.0517e-05	0.11365135	0.0499794418	0.0430026525	0.0320869629	0.0182322141	0.0027074549	-0.0130652981	-0.0276413132	-0.0396854757	-0.0480945804	-0.0520983812	-0.0513301431	-0.0458602343	-0.0361896802	-0.0232042715	-0.0080934286	0.0077587455	0.0229002443	0.0359441567	0.0456957037	0.0512616758	0.0521322486	0.0311145345	0.0448528556	-0.0357422354	0.0031644911	-0.0536780694	-0.0199467542	0.0031102243	0.0710435702	0.0005626505	0.0328735087	-0.021665027867037	0.296126636369739	0.448081059024295	-1.68540061352814
-0.023503	0.00824591	0.198685	-0.000690632	-0.000730121	-0.00033382	-0.02235031	0.02675881	0.049066	0.000224674	0.000107125	1.7279e-05	0.11562902	0.04991145	0.0427433176	0.0315490697	0.0173831246	0.0015798132	-0.0143723053	-0.0289706552	-0.0408401761	-0.048862844	-0.0522829807	-0.0507784337	-0.0444909208	-0.0340126806	-0.0203306886	-0.0047336909	0.0113091867	0.0262868196	0.0387884217	0.0476364314	0.0519974292	0.0514606403	-0.0493595589	-0.0014619307	0.0151065732	-0.023786627	-0.041007284	0.0536276343	0.0364776984	-0.03833936	0.0336005922	-0.0021660234	-0.807497987709657	0.810593411962324	0.448081059024295	-1.68540061352814
-0.0235104	-0.0108082	0.177511	-0.000364248	-0.000975812	-0.000137774	-7.40000000000116e-06	-0.01905411	-0.021174	0.000326384	-0.000245691	0.000196046	0.07864156	0.0498425313	0.0424808075	0.0310059033	0.01652887	0.0004514381	-0.015669704	-0.0302736359	-0.0419463399	-0.0495576132	-0.0523704984	-0.0501126395	-0.0430026525	-0.0317289578	-0.0173831246	-0.0013541801	0.0148058821	0.0295323731	0.0413994086	0.0492579697	0.0523471556	0.0503678575	0.0581134282	-0.0173764894	0.0041500753	-0.0229767826	-0.010200822	-0.0603155293	0.0059764955	-0.0081084286	-0.017298598	-0.0212726542	-0.582920746139954	1.45741588997221	0.448081059024295	0.592443852028073
-0.005433	-0.072091	0.149517	-0.000366561	-0.000896389	0.000250327	0.0180774	-0.0612828	-0.027994	-2.31299999999999e-06	7.9423e-05	0.000388101	0.13084605	0.049772687	0.0422151417	0.0304575546	0.015669704	-0.0006771467	-0.0169566271	-0.0315490697	-0.0430026525	-0.050177843	-0.0523607718	-0.0493342563	-0.0413994086	-0.0293456776	-0.0143723053	0.0020309873	0.0182322141	0.0326194932	0.0437614146	0.0505494535	0.0523082586	0.048862844	0.011286109	0.0680623472	-0.0380262624	0.0164712199	-0.0325099337	-0.0116161658	-0.0113091039	0.0840486927	0.0205582442	-0.0123247527	0.521158578889024	2.74089490111085	0.448081059024295	0.592443852028073
-0.0146156	0.012517	0.155432	-0.000281444	-0.000842933	-3.06712e-05	-0.0091826	0.084608	0.00591499999999998	8.5117e-05	5.34559999999999e-05	-0.0002809982	0.12068416	0.0497019183	0.0419463399	0.0299041152	0.0148058821	-0.001805417	-0.0182322141	-0.0327957961	-0.0440078585	-0.0507226006	-0.0522538189	-0.0484450328	-0.0396854757	-0.0268703181	-0.0113091867	0.005407671	0.0215718994	0.0355316183	0.0458602343	0.051502229	0.051881027	0.0469579174	0.0021272789	-0.0326901953	0.0199997614	0.0195348338	-0.0458274533	-0.0134806733	0.0300416269	-0.0101934279	-0.0136868584	-0.0238059604	0.451188163213164	3.07431919387287	0.448081059024295	0.592443852028073
-0.0168332	-0.0157634	0.148154	0.000443314	-0.000925307	-8.88954e-05	-0.0022176	-0.0282804	-0.00727799999999998	0.000724758	-8.23740000000002e-05	-5.82242e-05	0.08104381	0.0496302266	0.0416744222	0.0293456776	0.0139376608	-0.0029328492	-0.0194956122	-0.0340126806	-0.0449607632	-0.0511910666	-0.0520498384	-0.047446967	-0.0378654364	-0.0243106464	-0.0082049152	0.0087617663	0.0248090665	0.0382531258	0.0476832451	0.0521099123	0.0510686325	0.0446686685	0.0313111308	-0.0682261477	-0.0137174056	-0.0053943626	-0.0283080252	-0.0619566577	-0.0781046856	-0.0389425723	0.0522182757	0.0476648284	0.384878738930851	2.66495424458594	0.448081059024295	0.592443852028073
-0.00395378	-0.0467113	0.0620794	3.00996e-05	-0.000819407	-4.20324e-05	0.01287942	-0.0309479	-0.0860746	-0.0004132144	0.0001059	4.6863e-05	0.15820079	0.0495576132	0.0413994086	0.0287823352	0.0130652981	-0.0040589197	-0.0207459769	-0.0351986159	-0.0458602343	-0.0515825363	-0.0517492091	-0.0463423012	-0.0359441567	-0.021674694	-0.0050707869	0.0120792627	0.0279283311	0.0407694154	0.0492194833	0.0523684314	0.0498771065	0.0420138333	-0.0258064244	0.040709318	0.0269534355	0.0006342747	-0.0234877496	0.0255351272	-0.0195987643	0.0522932396	-0.000320068	-0.0337873034	-0.014780557114104	2.60424016267523	0.448081059024295	0.592443852028073
0.00680605	0.0139777	0.0355882	0.000274193	-0.000819407	0.000413976	0.01075983	0.060689	-0.0264912	0.0002440934	0	0.0004560084	0.13294512	0.0494840794	0.0411213197	0.028214182	0.0121890533	-0.0051831058	-0.0219824722	-0.036352523	-0.0467052026	-0.051896421	-0.051352489	-0.0451335173	-0.0339267737	-0.018970732	-0.0019182066	0.0153463027	0.0309148693	0.0430669878	0.0504597097	0.0522760543	0.0483152946	0.03901514	0.0111708499	-0.043137373	0.0226142936	0.0578556567	0.0253719586	0.0181202224	-0.028396295	-0.0317371478	-0.0448038585	-0.0766302527	0.416872608115855	2.42711831657294	0.448081059024295	0.592443852028073
-0.00320104	0.0544434	0.0813903	-0.00046758	-0.000533164	0.000122438	-0.01000709	0.0404657	0.0458021	-0.000741773	0.000286243	-0.000291538	0.16225259	0.0494096266	0.0408401761	0.0276413132	0.0113091867	-0.0063048856	-0.0232042715	-0.0374733519	-0.0474946641	-0.0521322486	-0.050860415	-0.043823331	-0.0318186811	-0.0162072446	0.0012413539	0.0185492395	0.0337544877	0.0451335173	0.0513964655	0.0518333998	0.0463947917	0.0356971313	0.0229690627	-0.0032302495	-0.0241472736	0.0293517299	0.0424580528	-0.0549173867	-0.112805993	-0.0197014254	0.040881887	-0.0340169705	1.2462228181579	2.540883307863	0.448081059024295	0.592443852028073
-0.00677485	0.00882057	0.10458	-2.67738e-05	-0.000819407	-1.02517e-05	-0.00357381	-0.04562283	0.0231897	0.0004408062	-0.000286243	-0.0001326897	0.115373285	0.0493342563	0.0405559987	0.0270638244	0.0104259597	-0.0074237382	-0.024410558	-0.0385600826	-0.0482276804	-0.0522896643	-0.0502739006	-0.0424146861	-0.0296255153	-0.013392903	0.0043963972	0.021674694	0.0364336915	0.0469579174	0.0520241169	0.051043434	0.0441298556	0.0320869629	-0.0543870292	0.0373903089	-0.0320182414	0.0224364774	0.0388931666	0.069056051	-0.0636611953	0.0110540348	0.0346570715	-0.0074193471	1.01684019425253	2.6514127466986	0.448081059024295	0.592443852028073
-0.00453179	0.00785774	0.104557	-0.000661366	-0.000819407	-2.01968e-05	0.00224306	-0.00096283	-2.29999999999952e-05	-0.0006345922	0	-9.9451e-06	0.035455755	0.0492579697	0.0402688086	0.0264818121	0.0095396348	-0.0085391442	-0.0256005252	-0.0396117264	-0.0489033805	-0.0523684314	-0.049594035	-0.0409107473	-0.0273531403	-0.0105365379	0.0075354425	0.024709611	0.0389397479	0.0485304007	0.0523388891	0.04991145	0.0415373011	0.028214182	0.0323314087	-0.0127629752	0.0198046831	-0.0069232497	-0.0205352777	-0.0322817336	0.0765360353	-0.0043130292	-0.083779839	0.0392731094	1.28955268270598	2.6421013682256	0.448081059024295	0.592443852028073
0.00201427	0.0295657	0.141693	-0.00129212	-0.000819407	-0.00016865	0.00654606	0.02170796	0.037136	-0.000630754	0	-0.0001484532	0.10435038	0.0491807684	0.0399786271	0.0258953737	0.0086504753	-0.0096505858	-0.0267733776	-0.0406273263	-0.0495209612	-0.0523684314	-0.0488220806	-0.0393148935	-0.0250076315	-0.0076471118	0.0106470671	0.0276413132	0.0412607473	0.0498425313	0.0523388891	0.0484450328	0.0386363752	0.024110485	0.0384726851	0.0468591102	0.0216568653	0.0541610766	-0.0984539154	-0.0121259415	0.0028022708	0.0764318933	-0.0788613788	0.0230206753	1.20614989469266	2.71553390991773	0.448081059024295	0.592443852028073
-0.00368803	-0.0220145	0.143967	-0.000723361	-0.000660393	-0.000201029	-0.0057023	-0.0515802	0.002274	0.000568759	0.000159014	-3.2379e-05	0.0975641	0.0491026536	0.0396854757	0.025304607	0.0077587455	-0.010757547	-0.0279283311	-0.0416059582	-0.0500796887	-0.0522896643	-0.0479594708	-0.0376307102	-0.0225952602	-0.0047336909	0.0137199483	0.0304575546	0.0433856593	0.0508872699	0.0520241169	0.0466540082	0.0354486142	0.0198094581	-0.037364716	0.0416134478	-0.0674677765	0.0822492075	-0.0616730896	0.0623520385	-0.0746206116	0.0293636234	-0.0249860588	-0.0227614633	1.31124257184876	0.382196453891844	0.448081059024295	0.592443852028073
-0.000892686	0.0406886	0.171156	-0.00117095	-0.000814813	-0.000205939	0.002795344	0.0627031	0.027189	-0.000447589	-0.00015442	-4.91000000000001e-06	0.123033394	0.049023627	0.0393893764	0.024709611	0.0068647103	-0.0118595137	-0.0290646136	-0.0425467316	-0.0505788988	-0.0521322486	-0.0470078072	-0.0358619813	-0.0201224762	-0.001805417	0.016742904	0.0331465714	0.0453043854	0.0516590118	0.0513964655	0.0445503769	0.0319976841	0.0153463027	-0.0567470499	-0.0004571747	-0.1066262591	0.0189421333	-0.0157726534	0.0750093772	-0.0169908786	-0.0068717193	-0.0376432786	0.0069328295	0.875128958882402	2.6141725298934	0.448081059024295	0.592443852028073
-0.0129552	-0.00927354	0.161753	-0.000752116	-0.00103114	-0.000103408	-0.012062514	-0.04996214	-0.00940299999999999	0.000418834	-0.000216327	0.000102531	0.108312254	0.04894369	0.039090351	0.024110485	0.0059686353	-0.0129559745	-0.0301814655	-0.0434487905	-0.0510179984	-0.051896421	-0.0459688572	-0.0340126806	-0.0175958911	0.0011285219	0.0197049341	0.0356971313	0.0470078072	0.0521536168	0.0504597097	0.0421482344	0.0283092043	0.010757547	-0.0098344194	-0.0132855523	-0.0995171945	-0.0557946499	5.73184e-05	0.0161592256	0.0073241461	-0.0115242192	0.0001540599	0.0767035139	0.442797357209417	2.72832906721003	0.448081059024295	0.592443852028073
0.00343389	-0.0134484	0.165434	-0.00082286	-0.00127756	-3.35569e-05	0.01638909	-0.00417486	0.00368099999999999	-7.0744e-05	-0.00024642	6.98511e-05	0.043595705	0.048862844	0.0387884217	0.0235073292	0.0050707869	-0.0140464202	-0.03127814	-0.044311314	-0.0513964655	-0.0515825363	-0.0448445497	-0.0320869629	-0.0150222601	0.0040589197	0.0225952602	0.0380985803	0.0484878293	0.0523684314	0.0492194833	0.0394636764	0.024410558	0.0060807472	-0.0230280488	0.0296686923	0.0325692945	-0.0700531553	0.0159680102	0.0178654414	0.0775196967	-0.0008461955	0.0583641836	-0.0076561088	0.690578352060494	1.20426450290277	0.448081059024295	0.592443852028073
0.00362885	-0.0035865	0.173578	-0.000761311	-0.00103114	-0.000205939	0.00019496	0.0098619	0.00814400000000001	6.15490000000003e-05	0.00024642	-0.0001723821	0.042218415	0.0487810905	0.0384836111	0.0229002443	0.0041714317	-0.0151303447	-0.032353904	-0.0451335173	-0.0517138504	-0.0511910666	-0.0436369724	-0.0300891549	-0.0124084642	0.0069765817	0.0254033645	0.0403408874	0.0497374181	0.0523023033	0.0476832451	0.0365146908	0.0203306886	0.0013541801	0.0060162722	-0.0040804074	0.0552319548	0.0243637604	-0.0903638862	-0.0229695111	-0.0144648844	-0.0414078501	0.0374356684	-0.011574835	1.09644953821696	1.15464769204982	0.448081059024295	0.592443852028073
0.00672616	-0.00358338	0.143008	-0.000768901	-0.00103114	-0.000205939	0.00309731	3.12000000000012e-06	-0.03057	-7.59000000000035e-06	0	0	0.03404993	0.0486984311	0.0381759417	0.0222893319	0.0032708371	-0.0162072446	-0.0334080384	-0.0459146523	-0.0519697758	-0.0507226006	-0.0423483678	-0.028023745	-0.0097614921	0.009872353	0.0281190288	0.0424146861	0.050750635	0.0519555872	0.0458602343	0.0333210373	0.016099885	-0.0033834701	0.0346055982	-0.0434872097	-0.0844641917	0.023340439	-0.0272289327	0.0034817804	0.0254292665	0.0082940437	-0.105027352	0.0695608939	0.784966902731406	2.93297742078034	0.448081059024295	0.592443852028073
0.0150879	0.00703682	0.152819	-0.000601209	-0.00103114	-0.000205939	0.00836174	0.0106202	0.00981100000000001	0.000167692	0	0	0.03717754	0.0486148674	0.0378654364	0.021674694	0.0023692706	-0.01727662	-0.0344398384	-0.0466540082	-0.0521639377	-0.050177843	-0.0409811285	-0.0258953737	-0.0070884207	0.0127371473	0.030732371	0.044311314	0.0515226647	0.0513301431	0.0437614146	0.0299041152	0.0117495564	-0.0080934286	0.0133593761	-0.0589365158	-0.045513522	-0.0334088831	0.0326153858	-0.0367705659	0.0033100253	-0.0474301917	-0.0014342558	0.0483623155	0.677473625765186	2.83697857330852	0.448081059024295	0.592443852028073
0.0103889	-0.00362344	0.172805	-0.00102078	-0.00114022	-0.000205939	-0.004699	-0.01066026	0.019986	-0.000419571	-0.00010908	0	0.06177781	0.0485304007	0.0375521182	0.0210564335	0.0014670001	-0.0183379745	-0.0354486142	-0.0473509122	-0.0522961052	-0.0495576132	-0.0395377932	-0.0237088227	-0.0043963972	0.0155619757	0.0332338815	0.0460228486	0.0520498384	0.0504293264	0.0413994086	0.0262868196	0.0073119995	-0.0127371473	0.0405515627	-0.0255493481	0.0232986176	-0.0492458535	-0.0204774553	-0.062996228	0.0292724362	-0.0169962642	0.0636206396	0.0244667327	1.09721664822714	2.80307967040629	-2.22840312389761	0.592443852028073
-0.0101039	-0.00361372	0.052679	-0.000551052	-0.00179523	-0.000205939	-0.0204928	9.71999999999995e-06	-0.120126	0.000469728	-0.00065501	0	0.19686542	0.0484450328	0.0372360105	0.0204346535	0.0005642937	-0.0193908153	-0.0364336915	-0.0480047303	-0.0523661213	-0.048862844	-0.0380210421	-0.0214690046	-0.0016926191	0.0183379745	0.0356144575	0.0475421407	0.0523296507	0.0492579697	0.0387884217	0.0224933884	0.0028201586	-0.01727662	0.0398030813	0.0299744097	0.0072759565	0.0022469055	0.0605587629	-0.0276802301	0.0343510511	0.0224014991	0.0144169493	-0.0229500587	1.23376167234368	2.18329965456189	0.448081059024295	0.592443852028073
-0.00197274	0.0293739	0.101868	-0.000318586	-0.00149868	-0.000205939	0.00813116	0.03298762	0.049189	0.000232466	0.00029655	0	0.11675858	0.0483587652	0.0369171367	0.0198094581	-0.0003385804	-0.0204346535	-0.0373944116	-0.0486148674	-0.0523739028	-0.0480945804	-0.0364336915	-0.0191809517	0.0010156846	0.0210564335	0.0378654364	0.048862844	0.0523607718	0.0478223571	0.0359441567	0.0185492395	-0.0016926191	-0.021674694	-0.0318023586	0.0342372804	0.0625274666	0.0179312134	0.0251715171	0.0249856412	0.0211605661	0.019545875	-0.0013617433	-0.0547496849	1.48842462831844	2.39715179633877	0.448081059024295	0.592443852028073
0.0162887	0.0192423	0.120357	-0.000467188	-0.00159718	-4.77065e-05	0.01826144	-0.0101316	0.018489	-0.000148602	-9.84999999999998e-05	0.0001582325	0.067148765	0.0482715996	0.0365955205	0.0191809517	-0.0012413539	-0.0214690046	-0.0383301323	-0.0491807684	-0.0523194405	-0.0472539781	-0.0347786889	-0.0168498047	0.0037212726	0.0237088227	0.0399786271	0.0499794418	0.0521430537	0.0461301902	0.0328837193	0.0144808008	-0.0061928308	-0.0258953737	-0.0004496316	-0.056129699	0.0248963058	0.0435407939	-0.0502332749	-0.0093948574	-0.0446794016	-0.0479167392	-0.045805075	0.0270121636	1.36309290657897	2.7129282516438	0.448081059024295	0.592443852028073
0.0264214	0.00151061	0.123337	-0.000467188	-0.0015444	-0.000205939	0.0101327	-0.01773169	0.00298	0	5.27799999999999e-05	-0.0001582325	0.041395015	0.0481835374	0.0362711858	0.0185492395	-0.0021437585	-0.0224933884	-0.0392402281	-0.0497019183	-0.0522027989	-0.0463423012	-0.0330591074	-0.0144808008	0.0064169112	0.0262868196	0.0419463399	0.0508872699	0.0516775313	0.044190547	0.0296255153	0.0103153331	-0.0106470671	-0.0299041152	-0.0063825472	0.0632327933	-0.0274776622	0.0437610209	-0.0138852857	0.009137521	0.0018369344	0.0728732843	-0.0219294999	-0.0144405719	1.29503036683537	2.924245035686	0.448081059024295	0.592443852028073
0.0336409	0.0573812	0.12887	-0.000161191	-0.00131077	-0.000205939	0.0072195	0.05587059	0.00553300000000002	0.000305997	0.00023363	0	0.09560444	0.0480945804	0.0359441567	0.0179144269	-0.0030455261	-0.0235073292	-0.0401240904	-0.050177843	-0.0520241169	-0.0453609212	-0.03127814	-0.0120792627	0.0090953929	0.0287823352	0.0437614146	0.0515825363	0.0509664168	0.0420138333	0.02618914	0.0060807472	-0.0150222601	-0.0336681095	-0.0674910645	-0.0316918744	0.0087860937	0.0071424756	0.0303162195	0.0707767369	0.0099326312	-0.0561591731	-0.0178803176	-0.0072125018	1.16658893559626	2.09284039904946	0.448081059024295	0.592443852028073
0.0264459	0.0429661	0.152261	-0.000128558	-0.00142035	5.23419e-05	-0.007195	-0.0144151	0.023391	3.2633e-05	-0.00010958	0.0002582809	0.065025795	0.0480047303	0.0356144575	0.01727662	-0.0039463888	-0.0245103563	-0.0409811285	-0.0506081094	-0.0517836067	-0.044311314	-0.0294390937	-0.0096505858	0.0117495564	0.0311875391	0.0454172463	0.0520623368	0.0500130897	0.0396117264	0.0225952602	0.001805417	-0.0192859283	-0.0371565505	0.0062220979	-0.0441903511	0.0211874991	-0.0077211842	0.0068998623	-0.0166960498	0.0091940822	-0.0435008557	-0.0132910888	0.0378925133	0.989638880409198	1.4287117560582	0.448081059024295	0.592443852028073
0.0364773	0.0208714	0.133084	0.000358715	-0.00115825	2.49836e-06	0.0100314	-0.0220947	-0.019177	0.000487273	0.000262099999999999	-4.984354e-05	0.091263927	0.0479139886	0.0352821126	0.0166359256	-0.0048460789	-0.0255020041	-0.0418107693	-0.050992326	-0.0514815542	-0.0431950583	-0.0275453833	-0.0072002268	0.0143723053	0.0334948844	0.0469078096	0.052324667	0.0488220806	0.0369971132	0.0188654898	-0.0024820104	-0.0234064185	-0.0403408874	9.60096e-05	-0.0004424093	-0.0582561208	-0.0089434048	0.0262082693	0.0257252472	0.0024052007	0.0064511679	-0.0363739728	0.0531181069	0.20508081223017	2.26992385553975	0.448081059024295	-1.68540061352814
0.0430648	0.04298	0.152239	-8.9809e-06	-0.00115825	3.38692e-05	0.0065875	0.0221086	0.019155	-0.0003676959	0	3.137084e-05	0.067804437	0.0478223571	0.0349471469	0.0159924506	-0.0057443291	-0.0264818121	-0.0426124582	-0.0513301431	-0.0511183183	-0.0420138333	-0.0256005252	-0.0047336909	0.0169566271	0.0356971313	0.0482276804	0.0523684314	0.0473990497	0.0341840202	0.0150222601	-0.006752807	-0.0273531403	-0.0431950583	0.0073815168	0.0181664469	-0.0117153261	-0.0513187583	0.0487794026	-0.0213933175	0.0408086543	-0.0052061817	0.0080596434	0.0106909464	-1.02495067066065	2.70619810051251	0.448081059024295	0.592443852028073
0.0348677	0.012721	0.174112	-0.000589851	-0.00148937	0.000142647	-0.00819710000000001	-0.030259	0.0218729999999999	-0.0005808701	-0.000331119999999999	0.0001087778	0.111367495	0.0477298374	0.034609585	0.0153463027	-0.0066408724	-0.0274493255	-0.0433856593	-0.0516212534	-0.0506943307	-0.0407694154	-0.0236081307	-0.0022565198	0.0194956122	0.0377873696	0.0493720561	0.0521934471	0.0457507597	0.0311875391	0.0110886847	-0.0109783563	-0.0310967934	-0.0456957037	-0.0403665656	0.0415598539	0.039094459	-0.0317149187	0.0337128604	0.035027133	0.0433434841	0.0220625207	0.0386292341	-0.024781287	-1.33697008795994	2.31709597003682	0.448081059024295	0.592443852028073
0.0342743	0.0127606	0.159551	-0.000271552	-0.00158807	0.000121411	-0.000593399999999987	3.96000000000007e-05	-0.014561	0.000318299	-9.87e-05	-2.1236e-05	0.03710575	0.0476364314	0.0342694522	0.0146975897	-0.0075354425	-0.0284040951	-0.0441298556	-0.051865392	-0.0502100954	-0.0394636764	-0.0215718994	0.0002257211	0.0219824722	0.0397590408	0.0503367722	0.0518004449	0.043885044	0.028023745	0.0070884207	-0.0151303447	-0.034609585	-0.0478223571	-0.0486443042	-0.0097834363	0.0748143404	-0.0517455382	-0.0308027554	0.0538884239	0.0663621716	-0.0107387927	-0.0111705365	0.0330931557	-0.783952088305968	0.799453900398636	0.448081059024295	0.592443852028073
0.0338325	0.041795	0.148466	-0.000376097	-0.00151224	2.38185e-05	-0.000441800000000006	0.0290344	-0.011085	-0.000104545	7.583e-05	-9.75925e-05	0.054459575	0.0475421407	0.0339267737	0.0140464202	-0.0084277735	-0.0293456776	-0.0448445497	-0.0520623368	-0.0496661877	-0.0380985803	-0.0194956122	0.0027074549	0.024410558	0.0416059582	0.0511183183	0.0511910666	0.0418107693	0.024709611	0.0030455261	-0.0191809517	-0.0378654364	-0.0495576132	0.0151535728	0.0310123717	0.0368337796	-0.0122063061	-0.0141681792	-0.0064729189	0.0071657726	0.0275103479	-0.0184124341	-0.0618811404	-0.6898242602303	0.61244860471507	0.448081059024295	0.592443852028073
0.0406744	0.0212989	0.159596	-0.000391969	-0.00115825	6.6091e-05	0.0068419	-0.0204961	0.01113	-1.58720000000001e-05	0.000353989999999999	4.22725e-05	0.059074725	0.047446967	0.0335815749	0.013392903	-0.0093176004	-0.0302736359	-0.0455292636	-0.0522119084	-0.0490632542	-0.0366761804	-0.0173831246	0.0051831058	0.0267733776	0.0433223267	0.0517138504	0.0503678575	0.0395377932	0.0212629165	-0.0010156846	-0.0231030362	-0.0408401761	-0.0508872699	-0.0053574617	-0.0360004901	-0.0805380993	-0.0593854029	0.0328554594	0.0215667414	-0.0337098033	-0.0098933155	0.0631770263	0.0231706635	0.15025405719874	0.577047622314469	0.448081059024295	0.592443852028073
0.0393245	-0.00145282	0.141701	-0.000170007	-0.00151564	0.000135047	-0.0013499	-0.02275172	-0.017895	0.000221962	-0.000357389999999999	6.8956e-05	0.07441202	0.0473509122	0.0332338815	0.0127371473	-0.0102046586	-0.0311875391	-0.0461835398	-0.0523139709	-0.0484020114	-0.0351986159	-0.015238359	0.0076471118	0.0290646136	0.0449027607	0.0521212014	0.0493342563	0.0370769179	0.017702152	-0.0050707869	-0.0268703181	-0.0435117199	-0.0518004449	0.026624721	-0.0173221689	-0.0326093555	-0.0827608078	0.0612955607	-0.0032788368	0.053658148	-0.0334900938	0.0270629517	0.0273614687	0.369846338516906	0.334844552325415	0.448081059024295	0.592443852028073
0.0333601	0.0491543	0.16492	-0.000400071	-0.00159806	-3.75585e-05	-0.0059644	0.05060712	0.023219	-0.000230064	-8.24200000000001e-05	-0.0001726055	0.104044995	0.0472539781	0.0328837193	0.0120792627	-0.0110886847	-0.0320869629	-0.0468069407	-0.0523684314	-0.0476832451	-0.0336681095	-0.0130652981	0.0100939368	0.03127814	0.0463423012	0.0523388891	0.0480945804	0.0344398384	0.0140464202	-0.0090953929	-0.0304575546	-0.0458602343	-0.0522896643	0.0272592071	0.0272434944	0.0285605042	-0.0527848195	0.0415907707	-0.0349207738	0.0383384261	0.0004795899	0.046437768	-0.0215110771	0.399690849665391	0.281750018504871	0.448081059024295	0.592443852028073
0.0433494	0.00903062	0.162781	-0.000930051	-0.00150787	0.00013301	0.00998930000000001	-0.04012368	-0.00213900000000003	-0.00052998	9.01900000000002e-05	0.0001705685	0.091788905	0.0471561663	0.0325311144	0.0114193591	-0.011969416	-0.0329714899	-0.0473990497	-0.0523752403	-0.0469078096	-0.0320869629	-0.0108679768	0.0125180835	0.0334080384	0.0476364314	0.0523661213	0.0466540082	0.0316390872	0.0103153331	-0.0130652981	-0.0338407093	-0.0478682839	-0.0523509242	0.0113373066	0.0349053223	0.0199269169	-0.0340805957	-0.0142331971	-0.018237388	0.0062426559	0.0259689959	0.0357507871	0.0405366401	0.458820224637596	0.268351294227948	0.448081059024295	0.592443852028073
0.0264151	-0.00237089	0.140521	-0.000687205	-0.00146081	-0.000205939	-0.0169343	-0.01140151	-0.02226	0.000242846	4.70599999999998e-05	-0.000338949	0.08203856	0.0470574788	0.0321760928	0.010757547	-0.0128465907	-0.0338407093	-0.0479594708	-0.0523343914	-0.0460766263	-0.0304575546	-0.0086504753	0.0149141057	0.0354486142	0.0487810905	0.0522027989	0.045018557	0.0286879745	0.0065289069	-0.0169566271	-0.0369971132	-0.0495209612	-0.0519837232	-0.0350155722	0.0488308687	0.0562259058	0.002091048	-0.0226243539	0.0216593189	0.021504877	0.0283132894	0.0092495923	-0.0474173405	0.672207865884333	0.212631375543537	0.448081059024295	0.592443852028073
0.0264076	0.0454007	0.122924	-0.000589851	-0.00156445	-0.000205939	-7.50000000000403e-06	0.04777159	-0.017597	9.7354e-05	-0.00010364	0	0.07542579	0.0469579174	0.0318186811	0.0100939368	-0.0137199483	-0.0346942175	-0.0484878293	-0.0522459219	-0.0451906832	-0.0287823352	-0.0064169112	0.01727662	0.0373944116	0.049772687	0.0518495163	0.0431950583	0.0256005252	0.0027074549	-0.0207459769	-0.0399056168	-0.0508059967	-0.0511910666	0.0059960314	-0.0113145909	0.0514524692	0.0778235788	0.0191603511	-0.0072038645	0.0273325626	-0.0190588825	-0.0494786837	-0.119580266	0.511238014428045	0.357305244518474	0.448081059024295	0.592443852028073
0.0264092	0.037424	0.12291	0.000167705	-0.00137459	-0.000205939	1.60000000000091e-06	-0.00797669999999999	-1.4000000000014e-05	0.000757556	0.00018986	0	0.0553631	0.0468574839	0.0314589057	0.0094286395	-0.0145892291	-0.0355316183	-0.0489837722	-0.0521099123	-0.0442510332	-0.0270638244	-0.0041714317	0.0196003187	0.0392402281	0.0506081094	0.0513075588	0.0411911291	0.0223914121	-0.0011285219	-0.024410558	-0.0425467316	-0.0517138504	-0.0499794418	-0.010722369	-0.0729633455	-0.0238694134	0.0317712533	-0.0222616451	-0.0299760379	-0.1368839132	-0.0595485742	0.0928987147	0.03239213	0.556762968034697	0.472902909815218	0.448081059024295	0.592443852028073
0.0264313	0.00702512	0.122899	5.13232e-05	-0.00159165	-0.000205939	2.21000000000006e-05	-0.03039888	-1.09999999999971e-05	-0.0001163818	-0.00021706	0	0.04710407	0.0467561802	0.0310967934	0.0087617663	-0.015454175	-0.036352523	-0.0494469678	-0.0519264863	-0.0432587929	-0.025304607	-0.0019182066	0.0218799809	0.0409811285	0.0512847364	0.0505788988	0.03901514	0.0190758861	-0.0049584444	-0.0279283311	-0.0449027607	-0.0522377823	-0.0483587652	-0.0200602916	-0.0642169376	0.0282634372	-0.0084206561	0.0327056209	-0.0145593859	-0.0108897745	-0.0454593626	0.0124428897	0.0176884419	0.925138062279566	0.514333329813741	0.448081059024295	0.592443852028073
0.0264205	0.0474578	0.190726	-0.000481753	-0.00151777	-5.20966e-05	-1.07999999999983e-05	0.04043268	0.067827	-0.0005330762	7.38799999999999e-05	0.0001538424	0.14631041	0.0466540082	0.030732371	0.0080934286	-0.016314529	-0.0371565505	-0.0498771065	-0.0516958108	-0.0422151417	-0.0235073292	0.0003385804	0.024110485	0.0426124582	0.0518004449	0.0496661877	0.0366761804	0.015669704	-0.0087617663	-0.03127814	-0.0469579174	-0.0523739028	-0.0463423012	0.0201267352	-0.0399550556	0.0207595275	-0.0376828682	-0.0010498168	-0.0421032037	-0.0069781207	-0.0267402801	0.0354704236	0.0278334188	0.724545905233884	0.018208281515709	0.448081059024295	0.592443852028073
0.0225403	0.00118669	0.155297	1.82386e-05	-0.00151777	-0.000205939	-0.0038802	-0.04627111	-0.035429	0.0004999916	0	-0.0001538424	0.11827201	0.0465509697	0.0303656657	0.0074237382	-0.0171700353	-0.0379433273	-0.0502739006	-0.0514180959	-0.0411213197	-0.021674694	0.0025947387	0.0262868196	0.0441298556	0.0521536168	0.0485727468	0.0341840202	0.0121890533	-0.0125180835	-0.0344398384	-0.0486984311	-0.0521212014	-0.0439465533	0.0313867544	0.0114177135	-0.0081301871	-0.0492928351	0.0057211482	-0.0113334431	0.0155536689	0.0237296818	0.0345030449	0.0292033979	0.626132466926865	0.58810959459222	0.448081059024295	0.592443852028073
0.00838273	0.0384754	0.12414	-0.000327578	-0.00151777	-0.000205939	-0.01415757	0.03728871	-0.031157	-0.0003458166	0	0	0.09989411	0.0464470668	0.0299967047	0.006752807	-0.0180204398	-0.0387124883	-0.050637085	-0.051093594	-0.0399786271	-0.0198094581	0.0048460789	0.0284040951	0.0455292636	0.0523431439	0.047302555	0.0315490697	0.0086504753	-0.0162072446	-0.0373944116	-0.0501126395	-0.0514815542	-0.0411911291	0.0238539921	0.0320250156	0.0066207421	-0.0057826249	0.0374894409	-0.0309951176	0.0081014959	0.0360779905	0.0185118258	-0.0327752754	0.453752446620511	0.703512147065983	0.448081059024295	0.592443852028073
0.00838274	0.0135868	0.141572	-0.000370604	-0.00151777	-0.000205939	9.99999999994061e-09	-0.0248886	0.017432	-4.30260000000001e-05	0	0	0.04447191	0.0463423012	0.0296255153	0.0060807472	-0.0188654898	-0.0394636764	-0.0509664168	-0.0507226006	-0.0387884217	-0.0179144269	0.0070884207	0.0304575546	0.0468069407	0.0523684314	0.0458602343	0.0287823352	0.0050707869	-0.0198094581	-0.0401240904	-0.0511910666	-0.0504597097	-0.0380985803	-0.0077039149	0.0397263922	0.0133799647	-0.0087981176	-0.0063950614	0.0015258084	-0.0137413443	0.0432070681	0.0180616961	0.0061259836	0.169659904868102	1.12624037398794	0.448081059024295	0.592443852028073
0.00840647	0.0136023	0.127623	-0.000244139	-0.00172316	-0.000205939	2.37300000000013e-05	1.54999999999999e-05	-0.013949	0.000126465	-0.00020539	0	0.03058098	0.046236675	0.0292521253	0.005407671	-0.0197049341	-0.0401965428	-0.0512616758	-0.0503054532	-0.0375521182	-0.0159924506	0.0093176004	0.0324425845	0.0479594708	0.0522294002	0.0442510332	0.0258953737	0.0014670001	-0.0233053991	-0.0426124582	-0.0519264863	-0.0490632542	-0.0346942175	-0.0047750159	0.0594542805	0.0121557837	0.0147652128	0.0074878124	0.023049626	0.0326326614	0.0474437436	-0.003845834	-0.0213604114	0.352992783803986	2.04692615330317	0.448081059024295	0.592443852028073
0.00841808	0.0470277	0.151064	-0.000519958	-0.00177542	-0.000205939	1.16099999999987e-05	0.0334254	0.023441	-0.000275819	-5.22599999999999e-05	0	0.07328196	0.0461301902	0.0288765622	0.0047336909	-0.0205385235	-0.0409107473	-0.0515226647	-0.0498425313	-0.0362711858	-0.0140464202	0.0115294786	0.0343547251	0.0489837722	0.0519264863	0.0424808075	0.0229002443	-0.0021437585	-0.0266763128	-0.0448445497	-0.0523139709	-0.047302555	-0.0310059033	-0.0585526014	0.0481475526	0.0261868488	-0.0146600205	0.0295773095	0.063753706	0.0055845474	0.0142851227	0.0092874248	-0.0527905837	0.61965734459085	2.70445136019574	0.448081059024295	0.592443852028073
0.00840235	0.0203167	0.143459	-0.000754034	-0.00172677	-5.1862e-05	-1.57300000000003e-05	-0.026711	-0.007605	-0.000234076	4.86499999999999e-05	0.000154077	0.05617188	0.0460228486	0.028498854	0.0040589197	-0.0213660101	-0.0416059582	-0.0517492091	-0.0493342563	-0.0349471469	-0.0120792627	0.0137199483	0.0361896802	0.0498771065	0.0514606403	0.0405559987	0.0198094581	-0.0057443291	-0.0299041152	-0.0468069407	-0.0523509242	-0.0451906832	-0.0270638244	0.0029428233	-0.0018025507	0.0755004138	0.0420879937	-0.0635729834	-0.0197747383	0.0285152099	-0.0177293286	-0.0170001344	-0.0418553488	0.437170489562957	0.898137167236336	0.448081059024295	0.592443852028073
0.0083893	0.0398722	0.11625	-0.00109242	-0.001637	-6.88596e-05	-1.30499999999988e-05	0.0195555	-0.027209	-0.000338386	8.97700000000001e-05	-1.69976e-05	0.06903523	0.0459146523	0.0281190288	0.0033834701	-0.0221871482	-0.0422818529	-0.0519411573	-0.0487810905	-0.0335815749	-0.0100939368	0.015884942	0.0379433273	0.050637085	0.0508333239	0.0384836111	0.0166359256	-0.0093176004	-0.0329714899	-0.0484878293	-0.0520370985	-0.0427433176	-0.0229002443	0.0350359846	0.0451810147	-0.013408329	0.1129899903	-0.0828551924	-0.0044695375	-0.0558806859	0.0692135097	-0.0678557196	-0.0527243417	-1.13424112102403	1.51097019121307	0.448081059024295	0.592443852028073
0.0154594	0.0182294	0.13343	-0.000673456	-0.00141336	0.000127068	0.0070701	-0.0216428	0.01718	0.000418964	0.00022364	0.0001959276	0.08781948	0.0458056033	0.0277371148	0.0027074549	-0.0230016937	-0.0429381175	-0.0520983812	-0.0481835374	-0.0321760928	-0.0080934286	0.0180204398	0.0396117264	0.0512616758	0.0500465054	0.0362711858	0.013392903	-0.0128465907	-0.0358619813	-0.0498771065	-0.0513745965	-0.0399786271	-0.0185492395	-0.0039792486	-0.0544506717	-0.1330029972	0.0868350933	-0.0308122877	0.0314337628	-0.1289418784	0.0010261848	-0.0331355191	0.0095309422	0.516326427174593	2.58368839711707	0.448081059024295	0.592443852028073
0.0146473	0.0320859	0.145091	-0.00023021	-0.00151777	9.79094e-05	-0.000812100000000001	0.0138565	0.011661	0.000443246	-0.00010441	-2.91586e-05	0.05517033	0.0456957037	0.0273531403	0.0020309873	-0.0238094045	-0.0435744473	-0.0522207755	-0.0475421407	-0.030732371	-0.0060807472	0.0201224762	0.0411911291	0.0517492091	0.0491026536	0.0339267737	0.0100939368	-0.016314529	-0.0385600826	-0.0509664168	-0.0503678575	-0.0369171367	-0.0140464202	-0.0091411165	-0.0626589326	-0.0751725309	0.0153322673	-0.0003860723	-0.0160975183	-0.0424961387	-0.0425379619	-0.0177449271	0.0090688223	0.534315728551076	2.64848135779382	0.448081059024295	0.592443852028073
0.0144877	0.0324874	0.17873	-0.00023021	-0.00151777	0.000176483	-0.000159599999999998	0.000401499999999999	0.033639	0	0	7.85736e-05	0.03812878	0.0455849554	0.0269671338	0.0013541801	-0.0246100408	-0.044190547	-0.0523082586	-0.0468574839	-0.0292521253	-0.0040589197	0.0221871482	0.042677987	0.0520983812	0.0480047303	0.0314589057	0.006752807	-0.0197049341	-0.0410513194	-0.0517492091	-0.049023627	-0.0335815749	-0.0094286395	-0.0055901272	-0.0559688795	0.0097073875	-0.0134299641	-0.004985589	-0.03053401	-0.0155020115	-0.0414504316	0.0444817807	0.0178861412	0.576805424992769	1.11119373430499	0.448081059024295	0.592443852028073
0.019163	-0.0122451	0.16203	-9.71226e-05	-0.00176878	0.000204343	0.0046753	-0.0447325	-0.0167	0.0001330874	-0.00025101	2.786e-05	0.08670567	0.0454733605	0.0265791242	0.0006771467	-0.0254033645	-0.0447861304	-0.0523607718	-0.0461301902	-0.0277371148	-0.0020309873	0.0242106219	0.0440689593	0.0523082586	0.0467561802	0.0288765622	0.0033834701	-0.0230016937	-0.0433223267	-0.0522207755	-0.0473509122	-0.0299967047	-0.0047336909	0.0136999425	-0.0314795539	0.0430595512	-0.0269116171	-0.0405056213	-0.0319769837	-0.0024245135	-0.0453369595	-0.0003084467	0.0459965761	0.538906398161248	1.18456759947648	0.448081059024295	0.592443852028073
0.0256453	0.0420595	0.154922	0.000196197	-0.00161813	0.000566993	0.0064823	0.0543046	-0.007108	0.0002933196	0.00015065	0.00036265	0.10822588	0.0453609212	0.02618914	0	-0.02618914	-0.0453609212	-0.0523782801	-0.0453609212	-0.02618914	0	0.02618914	0.0453609212	0.0523782801	0.0453609212	0.02618914	0	-0.02618914	-0.0453609212	-0.0523782801	-0.0453609212	-0.02618914	0	0.0411450822	-0.0045927618	0.0474247277	0.0109212051	0.0286630549	-0.0413009854	0.0241661114	-0.0018169171	-0.0027099379	-0.0333495303	-2.05347091450158	1.15482660751235	0.448081059024295	0.592443852028073
0.0366627	0.0161977	0.167997	0.000594147	-0.00168282	0.000186682	0.0110174	-0.0258618	0.013075	0.00039795	-6.46900000000001e-05	-0.000380311	0.09210175	0.0452476394	0.0257972105	-0.0006771467	-0.0269671338	-0.0459146523	-0.0523607718	-0.0445503769	-0.0246100408	0.0020309873	0.0281190288	0.0465509697	0.0523082586	0.043823331	0.0234064185	-0.0033834701	-0.0292521253	-0.0471561663	-0.0522207755	-0.0430669878	-0.0221871482	0.0047336909	0.0378597436	0.0065913793	-0.0235020196	0.01343936	-0.0023250692	0.0012002992	0.0257230323	0.0430897141	-0.0446499783	0.0429822969	0.405590709205695	1.15007761354177	0.448081059024295	-1.68540061352814
0.0193356	0.0143577	0.139639	0.000687336	-0.00166064	0.000110618	-0.0173271	-0.00184	-0.028358	9.31890000000001e-05	2.21800000000001e-05	-7.6064e-05	0.05709675	0.0451335173	0.0254033645	-0.0013541801	-0.0277371148	-0.0464470668	-0.0523082586	-0.043699295	-0.0230016937	0.0040589197	0.0299967047	0.0476364314	0.0520983812	0.0421482344	0.0205385235	-0.006752807	-0.0321760928	-0.0486984311	-0.0517492091	-0.0404844828	-0.0180204398	0.0094286395	0.0357102591	-0.0096851334	-0.0625751995	0.0050473904	0.033300216	0.0096755146	0.0004498108	0.0174499616	-0.0310432406	0.0131920962	1.25855318440294	1.15852299614314	-2.22840312389761	-1.68540061352814
0.00838328	0.0377875	0.169597	-0.000304144	-0.0016398	0.000106917	-0.01095232	0.0234298	0.029958	-0.00099148	2.08399999999998e-05	-3.70099999999998e-06	0.11514117	0.045018557	0.0250076315	-0.0020309873	-0.028498854	-0.0469579174	-0.0522207755	-0.0428084497	-0.0213660101	0.0060807472	0.0318186811	0.0486148674	0.0517492091	0.0403408874	0.0175958911	-0.0100939368	-0.0349471469	-0.0499794418	-0.0509664168	-0.0376307102	-0.0137199483	0.0140464202	0.0342977219	0.0273882813	-0.0218861476	0.0101457271	0.0460767117	-0.0398353424	-0.0225630026	0.0065551859	0.0142845435	0.0036397586	0.925699940385895	1.02867017372943	-2.22840312389761	-1.68540061352814
0.0131287	0.0123509	0.169592	2.46704e-05	-0.00191356	6.97672e-05	0.00474542	-0.0254366	-4.99999999997725e-06	0.0003288144	-0.00027376	-3.71498e-05	0.06217323	0.0449027607	0.0246100408	-0.0027074549	-0.0292521253	-0.047446967	-0.0520983812	-0.0418786518	-0.0197049341	0.0080934286	0.0335815749	0.0494840794	0.0512616758	0.0384069609	0.0145892291	-0.013392903	-0.0375521182	-0.050992326	-0.0498771065	-0.0345247919	-0.0093176004	0.0185492395	0.026699571	0.0105161219	-0.022013757	-0.0102312683	-0.0189770316	-0.0108432951	-0.0294465288	0.0222473621	0.005463875	0.0419260194	0.519146692766361	1.05220399163702	-2.22840312389761	-1.68540061352814
0.0198714	0.0123835	0.153438	0.000231044	-0.00151777	7.41585e-06	0.0067427	3.25999999999989e-05	-0.016154	0.0002063736	0.00039579	-6.235135e-05	0.0561550475	0.0447861304	0.0242106219	-0.0033834701	-0.0299967047	-0.0479139886	-0.0519411573	-0.0409107473	-0.0180204398	0.0100939368	0.0352821126	0.0502421146	0.050637085	0.036352523	0.0115294786	-0.0166359256	-0.0399786271	-0.0517316498	-0.0484878293	-0.0311875391	-0.0048460789	0.0229002443	0.0200516687	0.0388476638	-0.0182610186	0.0129082488	0.0233820662	-0.0184500529	-0.0137411652	0.0283741325	0.0021233122	-0.0215300628	0.236615698108465	0.942443214054379	-2.22840312389761	-1.68540061352814
0.0185968	0.0413413	0.146281	0.000236506	-0.00186734	0.000104743	-0.0012746	0.0289578	-0.00715700000000003	5.46199999999997e-06	-0.00034957	9.732715e-05	0.0600073575	0.0446686685	0.0238094045	-0.0040589197	-0.030732371	-0.0483587652	-0.0517492091	-0.0399056168	-0.016314529	0.0120792627	0.0369171367	0.0508872699	0.0498771065	0.0341840202	0.0084277735	-0.0198094581	-0.0422151417	-0.0521934471	-0.0468069407	-0.0276413132	-0.0003385804	0.0270638244	-0.0237859862	0.0361928393	0.013950699	0.0258781851	-0.0042657131	0.0293686312	0.0089612729	0.0295057742	-0.0062561972	-0.0391664212	0.560124477003331	1.29270972144285	-2.22840312389761	-1.68540061352814
0.00839339	0.0263229	0.169639	-7.52847e-06	-0.00151777	3.82537e-05	-0.01020341	-0.0150184	0.023358	-0.00024403447	0.00034957	-6.64893e-05	0.0815844985	0.0445503769	0.0234064185	-0.0047336909	-0.0314589057	-0.0487810905	-0.0515226647	-0.0388641751	-0.0145892291	0.0140464202	0.0384836111	0.0514180959	0.0489837722	0.0319082567	0.0052954007	-0.0229002443	-0.0442510332	-0.0523752403	-0.0448445497	-0.0239098759	0.0041714317	0.0310059033	-0.061420944	-0.0557648833	0.0022097658	0.0116819756	-0.0312588214	0.0684758621	0.0125064881	-0.0300450627	-0.0600593877	-0.0034411242	0.395024333482057	1.23953546542816	0.448081059024295	-1.68540061352814
0.00840131	0.0295947	0.140102	-0.00018	-0.00162818	-3.41813e-05	7.9199999999998e-06	0.0032718	-0.029537	-0.00017247153	-0.00011041	-7.2435e-05	0.0505825465	0.044431258	0.0230016937	-0.005407671	-0.0321760928	-0.0491807684	-0.0512616758	-0.0377873696	-0.0128465907	0.0159924506	0.0399786271	0.0518333998	0.0479594708	0.0295323731	0.0021437585	-0.0258953737	-0.0460766263	-0.0522760543	-0.0426124582	-0.0200182296	0.0086504753	0.0346942175	0.0130469706	-0.0613606156	0.003097358	0.0149959635	0.0159782725	-0.0103089585	0.0380433249	-0.0422407337	-0.091965767	0.0221382798	-0.243100213604424	2.85332764264197	0.448081059024295	0.592443852028073
0.0169908	0.0511349	0.155203	-0.000335479	-0.00185439	2.51218e-05	0.00858949	0.0215402	0.015101	-0.000155479	-0.00022621	5.93031e-05	0.067280295	0.044311314	0.0225952602	-0.0060807472	-0.0328837193	-0.0495576132	-0.0509664168	-0.0366761804	-0.0110886847	0.0179144269	0.0413994086	0.0521322486	0.0468069407	0.0270638244	-0.0010156846	-0.0287823352	-0.0476832451	-0.051896421	-0.0401240904	-0.0159924506	0.0130652981	0.0380985803	0.0281226959	0.0584056605	0.0001947772	0.024051178	-0.0398373539	-0.0171029099	-0.0322538114	0.0776750444	0.0103553958	-0.0007760189	-0.618771636648404	1.31855237399002	-2.22840312389761	0.592443852028073
0.016873	0.0148439	0.145783	7.00003e-05	-0.00151777	-0.000205939	-0.000117800000000001	-0.036291	-0.00942000000000001	0.0004054793	0.00033662	-0.0002310608	0.094486805	0.044190547	0.0221871482	-0.006752807	-0.0335815749	-0.04991145	-0.050637085	-0.0355316183	-0.0093176004	0.0198094581	0.0427433176	0.0523139709	0.0455292636	0.0245103563	-0.0041714317	-0.0315490697	-0.0490632542	-0.0512383773	-0.0373944116	-0.0118595137	0.0173831246	0.0411911291	-0.041980473	0.0245094717	-0.0739508209	0.0576483197	0.0046600685	0.0659410455	-0.020949022	0.0267753866	-0.0304787046	0.0146734005	0.248715457309376	0.009361802826523	-2.22840312389761	0.592443852028073
0.0198143	0.0417413	0.161816	7.00003e-05	-0.00169138	8.03254e-05	0.0029413	0.0268974	0.016033	0	-0.00017361	0.0002862644	0.06886542	0.0440689593	0.021777388	-0.0074237382	-0.0342694522	-0.0502421146	-0.0502739006	-0.0343547251	-0.0075354425	0.021674694	0.0440078585	0.0523781585	0.0441298556	0.0218799809	-0.0073119995	-0.0341840202	-0.0502100954	-0.0503054532	-0.0344398384	-0.0076471118	0.0215718994	0.0439465533	0.0069883745	0.0286919699	-0.0729632253	-0.0205158681	0.0498151888	-0.0125855708	0.0106053161	0.0150602383	0.029309135	0.0444435435	0.636104897059197	0.420532286980942	0.448081059024295	0.592443852028073
0.0228458	0.0138571	0.184529	7.00003e-05	-0.00169046	3.24897e-05	0.0030315	-0.0278842	0.022713	0	9.19999999999957e-07	-4.78357e-05	0.056066485	0.0439465533	0.0213660101	-0.0080934286	-0.0349471469	-0.0505494535	-0.0498771065	-0.0331465714	-0.0057443291	0.0235073292	0.0451906832	0.052324667	0.0426124582	0.0191809517	-0.0104259597	-0.0366761804	-0.0511183183	-0.0491026536	-0.03127814	-0.0033834701	0.0256005252	0.0463423012	0.0001822158	0.0404759835	-0.0040186537	-0.0481066332	0.0026423423	0.005982317	0.0340064748	0.0088591788	0.0487924591	0.0367343556	0.435428806857185	0.738370430990036	0.448081059024295	0.592443852028073
0.0084268	0.0176693	0.168257	7.00003e-05	-0.00192967	0.000118037	-0.014419	0.0038122	-0.016272	0	-0.00023921	8.55473e-05	0.050741065	0.043823331	0.0209530451	-0.0087617663	-0.0356144575	-0.0508333239	-0.0494469678	-0.0319082567	-0.0039463888	0.025304607	0.0462895956	0.0521536168	0.0409811285	0.0164217376	-0.0135019809	-0.03901514	-0.0517836067	-0.0476364314	-0.0279283311	0.0009028426	0.0294390937	0.0483587652	0.029372581	0.0614183622	-0.0003629256	-0.0595061946	0.0010504225	-0.011011018	0.0406399947	0.0344773261	0.0321212539	0.0178557297	-0.073860297196519	0.587286522763417	0.448081059024295	-1.68540061352814
0.0155925	0.0495151	0.167688	-0.000111662	-0.00192967	8.49908e-05	0.0071657	0.0318458	-0.000568999999999958	-0.0001816623	0	-3.30462e-05	0.050315925	0.043699295	0.0205385235	-0.0094286395	-0.0362711858	-0.051093594	-0.0489837722	-0.0306409077	-0.0021437585	0.0270638244	0.047302555	0.051865392	0.0392402281	0.0136109962	-0.01652887	-0.0411911291	-0.0522027989	-0.0459146523	-0.024410558	0.0051831058	0.0330591074	0.0499794418	0.021417845	0.0137085766	0.0656612267	0.0139090934	-0.0032588959	-0.0409584726	0.0669898391	-0.010483836	-0.0090541334	-0.0443844425	-0.530205147010765	0.019218643755505	0.448081059024295	0.592443852028073
0.00842443	0.0293637	0.175475	7.00003e-05	-0.00182629	6.57096e-05	-0.00716807	-0.0201514	0.00778699999999999	0.0001816623	0.00010338	-1.92812e-05	0.050322645	0.0435744473	0.0201224762	-0.0100939368	-0.0369171367	-0.0513301431	-0.0484878293	-0.0293456776	-0.0003385804	0.0287823352	0.0482276804	0.0514606403	0.0373944116	0.010757547	-0.0194956122	-0.0431950583	-0.0523739028	-0.0439465533	-0.0207459769	0.0094286395	0.0364336915	0.0511910666	-0.0226537224	-0.0017496718	0.0208824589	0.0216247913	-0.0481099703	0.0239024868	-0.0136467169	-0.0102620942	-0.0252314889	0.0043955644	-0.348399238055159	0.088960387033338	0.448081059024295	0.592443852028073
0.00841969	0.0183265	0.147666	0.000298221	-0.00185432	-1.02663e-05	-4.73999999999961e-06	-0.0110372	-0.027809	0.0002282207	-2.80300000000001e-05	-7.59759e-05	0.05546227	0.0434487905	0.0197049341	-0.010757547	-0.0375521182	-0.0515428613	-0.0479594708	-0.028023745	0.0014670001	0.0304575546	0.0490632542	0.050940271	0.0354486142	0.0078703433	-0.0223914121	-0.045018557	-0.0522961052	-0.0417426926	-0.0169566271	0.0136109962	0.0395377932	0.0519837232	-0.0471122845	0.0050021038	-0.0038086928	0.0213632957	-0.0006355076	0.0377138071	-0.0095678595	-0.0151774438	-0.0090482554	-0.0207923526	-0.408396665903295	0.20566608252629	0.448081059024295	0.592443852028073
0.00844194	0.0394244	0.173903	7.00003e-05	-0.00179491	0.000146773	2.22499999999997e-05	0.0210979	0.026237	-0.0002282207	5.941e-05	0.0001570393	0.06959065	0.0433223267	0.0192859283	-0.0114193591	-0.0381759417	-0.0517316498	-0.0473990497	-0.0266763128	0.0032708371	0.0320869629	0.0498077248	0.0503054532	0.0334080384	0.0049584444	-0.0252057321	-0.0466540082	-0.0519697758	-0.0393148935	-0.0130652981	0.017702152	0.0423483678	0.0523509242	-0.048191571	-0.0256048676	-0.0099812984	-0.0053646291	0.0200064499	0.033781167	-0.0125747364	-0.038589337	0.0017217518	-0.0017471922	-0.630968434847331	1.63537210636639	0.448081059024295	0.592443852028073
0.00843331	0.0244645	0.177762	7.00003e-05	-0.00177979	4.43371e-05	-8.63000000000252e-06	-0.0149599	0.00385899999999997	0	1.512e-05	-0.0001024359	0.024705325	0.0431950583	0.0188654898	-0.0120792627	-0.0387884217	-0.051896421	-0.0468069407	-0.025304607	0.0050707869	0.0336681095	0.0504597097	0.0495576132	0.03127814	0.0020309873	-0.0279283311	-0.0480945804	-0.0513964655	-0.0366761804	-0.0090953929	0.021674694	0.0448445497	0.0522896643	-0.0491020628	-0.0049813072	0.0161554799	-0.0544250303	-0.0001035389	0.0423027219	0.0162766549	-0.0272716392	0.0095696069	0.0318562246	-1.59278719454615	1.40903290345394	0.448081059024295	0.592443852028073
0.00842763	0.0361755	0.166055	1.29127e-06	-0.00185333	-0.000205939	-5.67999999999749e-06	0.011711	-0.011707	-6.870903e-05	-7.354e-05	-0.0002502761	0.0430499365	0.0430669878	0.0184436498	-0.0127371473	-0.0393893764	-0.0520370985	-0.0461835398	-0.0239098759	0.0068647103	0.0351986159	0.0510179984	0.0486984311	0.0290646136	-0.0009028426	-0.030549302	-0.0493342563	-0.0505788988	-0.0338407093	-0.0050707869	0.0255020041	0.0470078072	0.0518004449	-0.011372966	-0.0033967141	0.0443585789	-0.0334034567	0.0083923614	0.0038790521	0.0250316526	-0.0250526205	0.0004379142	-0.019205461	-2.28520506102267	2.32529003803542	0.448081059024295	0.592443852028073
0.013943	0.0362318	0.178323	0.000423015	-0.00178569	-8.23641e-06	0.00551537	5.63000000000022e-05	0.012268	0.00042172373	6.76400000000001e-05	0.00019770259	0.052192986	0.0429381175	0.0180204398	-0.013392903	-0.0399786271	-0.0521536168	-0.0455292636	-0.0224933884	0.0086504753	0.0366761804	0.0514815542	0.0477298374	0.0267733776	-0.0038338396	-0.0330591074	-0.0503678575	-0.0495209612	-0.0308236917	-0.0010156846	0.0291584371	0.0488220806	0.0508872699	0.0035553374	-0.0003334323	0.0589172259	0.0108026328	-0.0464522995	-0.0187112372	-0.0217343359	-0.0018695743	-0.0186075714	-0.0229938741	-2.01059919671712	0.043731960979116	0.448081059024295	0.592443852028073
0.00841762	0.0362237	0.138153	0.00032647	-0.00186512	-7.90015e-05	-0.00552538	-8.10000000000394e-06	-0.04017	-9.6545e-05	-7.94300000000001e-05	-7.076509e-05	0.0580404845	0.0428084497	0.0175958911	-0.0140464202	-0.0405559987	-0.0522459219	-0.0448445497	-0.0210564335	0.0104259597	0.0380985803	0.0518495163	0.0466540082	0.024410558	-0.006752807	-0.0354486142	-0.0511910666	-0.0482276804	-0.0276413132	0.0030455261	0.0326194932	0.0502739006	0.0495576132	-0.0195082319	-0.0351290544	-0.0003902361	0.0570736485	-0.005348038	0.0178908299	-0.0501835359	-0.0342666516	-0.031809136	-0.0420597087	-0.274945735815449	0.006775823152277	0.448081059024295	-1.68540061352814
0.00189309	0.0361328	0.164449	-6.29712e-05	-0.00168632	-7.81792e-05	-0.00652453	-9.0899999999991e-05	0.026296	-0.0003894412	0.0001788	8.22299999999994e-07	0.061364605	0.042677987	0.0171700353	-0.0146975897	-0.0411213197	-0.0523139709	-0.0441298556	-0.0196003187	0.0121890533	0.0394636764	0.0521212014	0.0454733605	0.0219824722	-0.0096505858	-0.0377091275	-0.0518004449	-0.0467052026	-0.0243106464	0.0070884207	0.0358619813	0.051352489	0.0478223571	-0.0352788293	-0.0617832226	-0.0179718784	0.0076651784	0.0186959784	0.0307150699	-0.0228839976	-0.0485052827	-0.01521368	0.0095001591	0.299173505496212	0.641685644499013	0.448081059024295	0.592443852028073
-0.00497817	0.0362551	0.162293	0.00063368	-0.00200995	-4.16351e-05	-0.00687126	0.000122299999999992	-0.00215600000000002	0.0006966512	-0.00032363	3.65441e-05	0.061990825	0.0425467316	0.016742904	-0.0153463027	-0.0416744222	-0.0523577323	-0.0433856593	-0.018126369	0.0139376608	0.0407694154	0.0522961052	0.044190547	0.0194956122	-0.0125180835	-0.0398324213	-0.0521934471	-0.0449607632	-0.0208495594	0.0110886847	0.0388641751	0.0520498384	0.0456957037	-0.0333620287	-0.0403895148	-0.007283855	-0.0287198831	0.0167427855	0.026319175	0.0087640918	-0.0414339315	0.0028382913	0.0178846691	0.397102864203932	1.24255734061216	0.448081059024295	0.592443852028073
0.00448915	0.0362069	0.161225	0.000351405	-0.00168632	9.41567e-05	0.00946732	-4.81999999999982e-05	-0.00106799999999999	-0.000282275	0.00032363	0.0001357918	0.04766836	0.0424146861	0.016314529	-0.0159924506	-0.0422151417	-0.0523771858	-0.0426124582	-0.0166359256	0.015669704	0.0420138333	0.0523739028	0.0428084497	0.0169566271	-0.0153463027	-0.0418107693	-0.0523684314	-0.0430026525	-0.01727662	0.0150222601	0.0416059582	0.0523607718	0.0431950583	-0.0238701671	-0.0274245654	0.0381987225	-0.0313768433	0.0466297069	0.0174874314	0.0464605033	-0.050159055	0.0280189412	-0.0181367923	0.419116774368826	1.21299916947989	0.448081059024295	0.592443852028073
-0.000842644	0.0464866	0.177193	0.000541094	-0.00201044	-2.90739e-05	-0.005331794	0.0102797	0.015968	0.000189689	-0.00032412	-0.0001232306	0.063431474	0.0422818529	0.015884942	-0.0166359256	-0.0427433176	-0.0523723222	-0.0418107693	-0.0151303447	0.0173831246	0.0431950583	0.0523544498	0.0413301739	0.0143723053	-0.018126369	-0.0436369724	-0.052324667	-0.0408401761	-0.0136109962	0.0188654898	0.0440689593	0.0522829807	0.0403408874	0.0206169488	-0.0382940254	0.0498979796	-0.0282176911	-0.001242472	-0.0417563454	0.010254049	-0.0471999205	0.0199301904	0.0404268736	0.551029580568576	1.20265360095568	0.448081059024295	0.592443852028073
0.000512511	-0.0047919	0.14007	0.000521625	-0.00202428	4.59988e-05	0.001355155	-0.0512785	-0.037123	-1.9469e-05	-1.38399999999998e-05	7.50727e-05	0.09517574	0.0421482344	0.015454175	-0.01727662	-0.0432587929	-0.0523431439	-0.0409811285	-0.0136109962	0.0190758861	0.044311314	0.0522377823	0.0397590408	0.0117495564	-0.0208495594	-0.0453043854	-0.0520623368	-0.0384836111	-0.009872353	0.0225952602	0.046236675	0.0518170426	0.0371565505	0.0057123333	-0.0348781011	0.0619675705	-0.0080438203	0.0176644485	-0.0269723884	0.0076003727	-0.0302555157	0.0028886996	-0.0016860247	0.144054436385829	1.01043486288555	0.448081059024295	0.592443852028073
0.00222215	0.0452251	0.173492	0.000225008	-0.00196088	2.3366e-05	0.001709639	0.050017	0.033422	-0.000296617	6.33999999999999e-05	-2.26328e-05	0.104281129	0.0420138333	0.0150222601	-0.0179144269	-0.0437614146	-0.0522896643	-0.0401240904	-0.0120792627	0.0207459769	0.0453609212	0.0520241169	0.0380985803	0.0090953929	-0.0235073292	-0.0468069407	-0.0515825363	-0.0359441567	-0.0060807472	0.02618914	0.0480945804	0.0509664168	0.0336681095	0.0523975263	-0.0245364831	0.0504157834	0.0216266187	0.0010968987	-0.0731489646	0.0130481537	-0.0199181708	-0.0072295718	0.0031972364	0.393648220105018	0.95024764785452	0.448081059024295	0.592443852028073
0.0032751	0.00892946	0.145939	0.000557553	-0.00200417	-0.000205939	0.00105295	-0.03629564	-0.027553	0.000332545	-4.32900000000001e-05	-0.000229305	0.09515859	0.0418786518	0.0145892291	-0.0185492395	-0.0442510332	-0.0522119084	-0.0392402281	-0.0105365379	0.0223914121	0.0463423012	0.0517138504	0.036352523	0.0064169112	-0.0260913389	-0.0481391707	-0.0508872699	-0.0332338815	-0.0022565198	0.0296255153	0.0496302266	0.0497374181	0.0299041152	0.025186631	0.0592501072	0.0033193755	0.0154097124	-0.0214315766	-0.0139078401	-0.0103021042	0.0734949636	-0.0199534387	0.0029827201	-2.53740774378048	0.663108324281697	0.448081059024295	-1.68540061352814
0.00843123	0.0569525	0.145913	0.00064131	-0.0018278	-0.000205939	0.00515613	0.04802304	-2.59999999999983e-05	8.3757e-05	0.00017637	0	0.06621152	0.0417426926	0.0141551145	-0.0191809517	-0.0447275033	-0.0521099123	-0.0383301323	-0.0089842256	0.0240102362	0.0472539781	0.0513075588	0.0345247919	0.0037212726	-0.0285934806	-0.0492962274	-0.0499794418	-0.0303656657	0.0015798132	0.0328837193	0.0508333239	0.0481391707	0.0258953737	0.0003368927	0.0377440228	-0.0435026599	0.0190236538	0.052396654	0.0202612414	-0.0417972185	0.0308334117	0.0118801927	-0.0419085108	-0.019419467375589	0.640819704399836	-2.22840312389761	-1.68540061352814
0.000504362	0.0319594	0.17018	0.000952746	-0.00168632	-0.000205939	-0.007926868	-0.0249931	0.024267	0.000311436	0.00014148	0	0.079832768	0.0416059582	0.0137199483	-0.0198094581	-0.0451906832	-0.0519837232	-0.0373944116	-0.0074237382	0.0256005252	0.0480945804	0.0508059967	0.0326194932	0.0010156846	-0.0310059033	-0.0502739006	-0.048862844	-0.0273531403	0.005407671	0.0359441567	0.0516958108	0.0461835398	0.021674694	0.0226638191	0.027857405	-0.0292530109	-0.010362203	0.0069219672	-0.0018798861	0.0024976072	0.0155990372	0.0194134686	0.0349457954	0.604735367864303	0.685725198822554	-2.22840312389761	-1.68540061352814
0.00844529	0.0344522	0.141389	0.0008125	-0.00194857	-0.000205939	0.007940928	0.0024928	-0.028791	-0.000140246	-0.00026225	0	0.059349528	0.0414684511	0.0132837629	-0.0204346535	-0.0456404355	-0.0518333998	-0.0364336915	-0.0058564958	0.0271603893	0.048862844	0.0502100954	0.0306409077	-0.0016926191	-0.0333210373	-0.0510686325	-0.0475421407	-0.0242106219	0.009206518	0.0387884217	0.0522119084	0.043885044	0.01727662	0.0301009168	0.0432633356	-0.0275818216	0.0004095518	0.0423559533	-0.0123261934	0.014679925	0.0248667959	-0.0038500337	-0.0190718348	-1.23464636841964	0.550015904778546	-2.22840312389761	-1.68540061352814
0.0145923	0.072169	0.180471	0.000499202	-0.00203602	-0.000205939	0.00614701	0.0377168	0.039082	-0.000313298	-8.745e-05	0	0.10298321	0.0413301739	0.0128465907	-0.0210564335	-0.0460766263	-0.0516590118	-0.0354486142	-0.0042839244	0.0286879745	0.0495576132	0.0495209612	0.0285934806	-0.0043963972	-0.0355316183	-0.0516775313	-0.0460228486	-0.0209530451	0.0129559745	0.0413994086	0.0523781585	0.0412607473	0.0127371473	0.0347208232	0.0311435365	-0.0079182545	-0.0092992266	0.0086544886	-0.0296053333	-0.0031614736	0.0451976786	0.0398522682	0.0103000169	-1.99111164667299	0.088991396521949	-2.22840312389761	0.592443852028073
0.00846573	0.0383551	0.173152	0.000662824	-0.00203395	-5.84457e-05	-0.00612657	-0.0338139	-0.00731899999999999	0.000163622	2.06999999999985e-06	0.0001474933	0.062918735	0.0411911291	0.0124084642	-0.021674694	-0.0464991262	-0.0514606403	-0.0344398384	-0.0027074549	0.0301814655	0.050177843	0.048739874	0.0264818121	-0.0070884207	-0.0376307102	-0.0520983812	-0.044311314	-0.0175958911	0.0166359256	0.0437614146	0.0521934471	0.0383301323	0.0080934286	-0.0243678454	-0.0180773057	0.0174278215	0.0085549899	-0.0528858088	0.0283238088	0.0170369849	-0.0154523487	-0.0072338846	-0.03124653	0.102106262168697	0.475735456947824	-2.22840312389761	0.592443852028073
0.0186452	0.0569363	0.166368	0.000581754	-0.00204654	-0.000205939	0.01017947	0.0185812	-0.00678399999999999	-8.10699999999999e-05	-1.25899999999998e-05	-0.0001474933	0.047602335	0.0410513194	0.011969416	-0.0222893319	-0.0469078096	-0.0512383773	-0.0334080384	-0.0011285219	0.0316390872	0.0507226006	0.0478682839	0.0243106464	-0.0097614921	-0.0396117264	-0.0523296507	-0.0424146861	-0.0141551145	0.0202266294	0.0458602343	0.0516590118	0.0351149558	0.0033834701	-0.0464357243	-0.0122069856	-0.0158101002	0.0167337468	-0.0149906818	0.0283496295	-0.005915873	-0.0027559326	-0.0109865477	-0.0462897771	-0.824134041220127	1.68188725239543	-2.22840312389761	0.592443852028073
0.0252627	0.0548646	0.186259	0.000254108	-0.00193931	4.44453e-05	0.0066175	-0.00207170000000001	0.019891	-0.000327646	0.00010723	0.0002503843	0.062843215	0.0409107473	0.0115294786	-0.0229002443	-0.047302555	-0.050992326	-0.032353904	0.0004514381	0.0330591074	0.0511910666	0.0469078096	0.0220848615	-0.0124084642	-0.0414684511	-0.0523704984	-0.0403408874	-0.0106470671	0.0237088227	0.0476832451	0.0507784337	0.0316390872	-0.0013541801	-0.0457252383	-0.0018140775	-0.0076675239	-0.0103899126	-0.0104197461	0.0175863751	0.0067923993	0.002644641	0.024896308	-0.0144779192	0.452183928333612	1.97559972762033	-2.22840312389761	-1.68540061352814
0.00846011	0.0269986	0.177835	0.000254108	-0.00200985	3.01321e-05	-0.01680259	-0.027866	-0.00842399999999999	0	-7.054e-05	-1.43132e-05	0.05733525	0.0407694154	0.0110886847	-0.0235073292	-0.0476832451	-0.0507226006	-0.03127814	0.0020309873	0.0344398384	0.0515825363	0.0458602343	0.0198094581	-0.0150222601	-0.0431950583	-0.0522207755	-0.0380985803	-0.0070884207	0.0270638244	0.0492194833	0.0495576132	0.0279283311	-0.0060807472	-0.0328065258	-0.0257980841	0.0188845051	-0.0211078462	-0.0340764538	0.0258331991	0.0239729229	-0.0113624568	0.0046629018	0.0187872819	-0.652362745432938	1.39070310627802	0.448081059024295	0.592443852028073
0.0168683	0.0270145	0.150231	0.000367087	-0.00192004	2.16329e-07	0.00840819	1.58999999999992e-05	-0.027604	0.000112979	8.98100000000001e-05	-2.9915771e-05	0.04766332855	0.0406273263	0.0106470671	-0.024110485	-0.0480497669	-0.0504293264	-0.0301814655	0.0036086884	0.0357796393	0.051896421	0.0447275033	0.0174895484	-0.0175958911	-0.0447861304	-0.051881027	-0.0356971313	-0.0034960873	0.0302736359	0.0504597097	0.0480047303	0.0240102362	-0.010757547	-0.0272743305	-0.051162636	0.0231453489	-0.0221969086	0.0157915733	0.0204238176	0.007218509	-0.0522478023	0.0081453283	-0.0364465878	-1.9847148805394	1.12264894912976	0.448081059024295	0.592443852028073
0.00846722	0.0479859	0.184921	4.51486e-05	-0.00199817	-6.17397e-05	-0.00840108	0.0209714	0.03469	-0.0003219384	-7.813e-05	-6.1956029e-05	0.08716370145	0.0404844828	0.0102046586	-0.024709611	-0.0484020114	-0.0501126395	-0.0290646136	0.0051831058	0.0370769179	0.0521322486	0.0435117199	0.0151303447	-0.0201224762	-0.046236675	-0.051352489	-0.0331465714	0.0001128608	0.0333210373	0.0513964655	0.0461301902	0.0199138901	-0.0153463027	0.0249786341	-0.0461594111	0.0524835585	-0.0364442723	-0.0357983537	-0.0287126441	0.0151054638	-0.0459822673	0.0101567698	0.0277688413	0.081537340761618	1.79340304796575	0.448081059024295	-1.68540061352814
0.00845365	0.026985	0.134455	0.000501242	-0.00215425	-2.22734e-05	-1.35699999999992e-05	-0.0210009	-0.050466	0.0004560934	-0.00015608	3.94663e-05	0.104062455	0.0403408874	0.0097614921	-0.025304607	-0.048739874	-0.049772687	-0.0279283311	0.006752807	0.0383301323	0.0522896643	0.0422151417	0.0127371473	-0.0225952602	-0.0475421407	-0.050637085	-0.0304575546	0.0037212726	0.0361896802	0.0520241169	0.0439465533	0.015669704	-0.0198094581	0.0666535447	0.0423067464	0.0132543379	0.0079058283	-0.0368065574	-0.0475028242	-0.0354668868	0.0392615328	0.0210923482	-0.062195657	-0.113209053196677	1.7825938416718	0.448081059024295	-1.68540061352814
0.0289118	0.0524467	0.173321	1.96616e-05	-0.00168632	1.38918e-05	0.02045815	0.0254617	0.038866	-0.0004815804	0.00046793	3.61652e-05	0.13406963	0.0401965428	0.0093176004	-0.0258953737	-0.0490632542	-0.0494096266	-0.0267733776	0.0083163637	0.0395377932	0.0523684314	0.0408401761	0.0103153331	-0.0250076315	-0.0486984311	-0.0497374181	-0.0276413132	0.0073119995	0.0388641751	0.0523388891	0.0414684511	0.0113091867	-0.024110485	0.025582454	0.0131400331	-0.0565172063	0.0298151846	-0.0132836566	-0.0285608026	-0.0696789529	0.0396768297	-0.0031503489	-0.0254974863	-0.203842919648373	1.34000974424378	0.448081059024295	-1.68540061352814
0.0224879	0.0392962	0.156934	0.000579467	-0.00189819	7.28104e-05	-0.0064239	-0.0131505	-0.016387	0.0005598054	-0.00021187	5.89186e-05	0.0774911	0.0400514517	0.0088730165	-0.0264818121	-0.0493720561	-0.049023627	-0.0256005252	0.009872353	0.0406984653	0.0523684314	0.0393893764	0.0078703433	-0.0273531403	-0.0497019183	-0.0486567622	-0.024709611	0.0108679768	0.0413301739	0.0523388891	0.0387124883	0.0068647103	-0.028214182	0.0343488134	0.0021826998	-0.0748844823	-0.0048940004	-0.0197523872	-0.0242286573	-0.0089762689	0.0319481385	-0.0034813336	0.0626472292	-0.140527204224397	1.04398223196275	0.448081059024295	-1.68540061352814
0.0261719	0.0570858	0.157131	1.53718e-05	-0.0018305	0.000109757	0.003684	0.0177896	0.000197000000000003	-0.0005640952	6.769e-05	3.69466e-05	0.05510719	0.0399056168	0.0084277735	-0.0270638244	-0.0496661877	-0.0486148674	-0.024410558	0.0114193591	0.0418107693	0.0522896643	0.0378654364	0.005407671	-0.0296255153	-0.0505494535	-0.0473990497	-0.021674694	0.0143723053	0.0435744473	0.0520241169	0.0356971313	0.0023692706	-0.0320869629	0.0326812073	-0.0157950007	-0.0559337377	-0.0267765996	0.0475095946	-0.0426937334	0.0079159549	-0.006754334	0.0399997141	0.0160265154	-2.40714794671935	0.661827130968706	0.448081059024295	-1.68540061352814
0.0230704	0.0557494	0.197635	-0.000174146	-0.00184009	0.000248073	-0.0031015	-0.0013364	0.040504	-0.0001895178	-9.59000000000008e-06	0.000138316	0.06181309	0.0397590408	0.0079819045	-0.0276413132	-0.0499455618	-0.0481835374	-0.0232042715	0.0129559745	0.0428733831	0.0521322486	0.0362711858	0.0029328492	-0.0318186811	-0.0512383773	-0.0459688572	-0.0185492395	0.0178083308	0.0455849554	0.0513964655	0.0324425845	-0.0021437585	-0.0356971313	0.0393213594	0.0119608626	-0.0385352481	-0.0542497963	0.0013228291	-0.0496235767	-0.0099456622	0.0038195476	0.0617910789	0.0641168504	-0.611473077067729	0.086600468710088	0.448081059024295	-1.68540061352814
0.0192078	0.0268145	0.147565	0.000487322	-0.00199447	-6.51517e-05	-0.0038626	-0.0289349	-0.05007	0.000661468	-0.00015438	-0.0003132247	0.139321135	0.0396117264	0.0075354425	-0.028214182	-0.0502100954	-0.0477298374	-0.0219824722	0.0144808008	0.043885044	0.051896421	0.034609585	0.0004514381	-0.0339267737	-0.051766528	-0.044371389	-0.0153463027	0.0211597241	0.0473509122	0.0504597097	0.0289706552	-0.0066408724	-0.03901514	-0.0072341631	0.0068050142	0.0472141179	-0.0120497679	-0.0299664694	0.0223389629	0.0212494202	0.0145323283	0.0010332263	0.0133646927	-2.0387901410316	2.22683012693581	0.448081059024295	-1.68540061352814
0.0250403	0.0786499	0.136886	0.000453466	-0.00195471	-4.48112e-05	0.0058325	0.0518354	-0.010679	-3.3856e-05	3.97599999999998e-05	2.03405e-05	0.073044725	0.0394636764	0.0070884207	-0.0287823352	-0.0504597097	-0.0472539781	-0.0207459769	0.0159924506	0.0448445497	0.0515825363	0.0328837193	-0.0020309873	-0.0359441567	-0.0521322486	-0.0426124582	-0.0120792627	0.024410558	0.048862844	0.0492194833	0.025304607	-0.0110886847	-0.0420138333	0.0489587055	-0.0061360176	0.0014132244	0.0369537296	0.0047832999	-0.0508474074	-0.0240675055	0.0035823696	-0.0356755844	-0.0295145755	-0.25073506350581	1.31649440647647	0.448081059024295	-1.68540061352814
0.0220968	0.03134	0.158417	0.000453466	-0.00208408	8.33167e-05	-0.0029435	-0.0473099	0.021531	0	-0.00012937	0.0001281279	0.084659295	0.0393148935	0.0066408724	-0.0293456776	-0.0506943307	-0.0467561802	-0.0194956122	0.0174895484	0.0457507597	0.0511910666	0.0310967934	-0.0045088495	-0.0378654364	-0.0523343914	-0.0406984653	-0.0087617663	0.0275453833	0.0501126395	0.0476832451	0.0214690046	-0.015454175	-0.0446686685	0.0021592855	0.0337607192	-0.0510754107	0.0362208991	-0.0338195582	0.0098263819	-0.0419574776	0.0171663505	0.0143030088	0.0185839447	0.522399729981466	0.521202962683189	0.448081059024295	-1.68540061352814
0.0319748	0.0406088	0.15401	0.000453466	-0.00168029	1.83494e-05	0.009878	0.0092688	-0.00440700000000002	0	0.00040379	-6.49673e-05	0.046991665	0.0391653804	0.0061928308	-0.0299041152	-0.0509138886	-0.046236675	-0.0182322141	0.018970732	0.0466025972	0.0507226006	0.0292521253	-0.0069765817	-0.0396854757	-0.0523723222	-0.0386363752	-0.005407671	0.030549302	0.051093594	0.0458602343	0.0174895484	-0.0197049341	-0.0469579174	-0.0663824978	-0.0472345069	-0.0345837652	-0.0030489985	-0.0073888481	0.0576874387	-0.0217799735	-0.0455588608	0.0142333545	-0.0160749325	-0.956045174333705	2.6017930603213	0.448081059024295	-1.68540061352814
0.0395447	0.0569785	0.190735	0.00076711	-0.00205735	0.000141719	0.0075699	0.0163697	0.036725	0.000313644	-0.00037706	0.0001233696	0.10136828	0.03901514	0.0057443291	-0.0304575546	-0.0511183183	-0.0456957037	-0.0169566271	0.0204346535	0.0473990497	0.050177843	0.0273531403	-0.0094286395	-0.0413994086	-0.0522459219	-0.0364336915	-0.0020309873	0.0334080384	0.0518004449	0.0437614146	0.013392903	-0.0238094045	-0.048862844	-0.0491524183	-0.0049548426	-0.0155618869	-0.0523243134	0.0187134206	0.0336110046	0.0258208423	0.0132640063	0.0199030517	0.0397830542	-0.973278519607826	1.59883319324503	0.448081059024295	-1.68540061352814
0.0355541	0.0338992	0.19075	0.000453466	-0.00212506	1.52615e-05	-0.0039906	-0.0230793	1.5000000000015e-05	-0.000313644	-6.77099999999999e-05	-0.0001264575	0.052475475	0.0388641751	0.0052954007	-0.0310059033	-0.0513075588	-0.0451335173	-0.015669704	0.0218799809	0.0481391707	0.0495576132	0.0254033645	-0.0118595137	-0.0430026525	-0.0519555872	-0.0340984296	0.0013541801	0.0361080066	0.0522294002	0.0413994086	0.009206518	-0.0277371148	-0.0503678575	-0.0436535496	0.0149750304	0.0352201963	-0.0747770356	-0.0303005229	0.0346412009	0.0424933572	0.0052583487	0.0642958462	0.0240153944	-1.28104272107457	1.04799884790918	0.448081059024295	-1.68540061352814
0.0396387	0.0450936	0.141539	0.000384921	-0.00205113	0.000136404	0.00408459999999999	0.0111944	-0.049211	-6.8545e-05	7.39299999999998e-05	0.0001211425	0.077670875	0.0387124883	0.0048460789	-0.0315490697	-0.0514815542	-0.0445503769	-0.0143723053	0.0233053991	0.0488220806	0.048862844	0.0234064185	-0.014263743	-0.0444909208	-0.051502229	-0.0316390872	0.0047336909	0.0386363752	0.0523781585	0.0387884217	0.0049584444	-0.0314589057	-0.0514606403	0.0393816069	-0.0020918314	0.0546669887	0.0100283738	0.0183306017	-0.0363044545	0.0766559372	-0.0073857338	-0.0542718499	-0.0146638605	-0.167113658899259	0.657760653144636	0.448081059024295	-1.68540061352814
0.03517	0.0576825	0.141533	0.000767253	-0.00223289	8.40974e-05	-0.00446869999999999	0.0125889	-6.000000000006e-06	0.000382332	-0.00018176	-5.23066e-05	0.04788353	0.0385600826	0.0043963972	-0.0320869629	-0.0516402525	-0.0439465533	-0.0130652981	0.024709611	0.0494469678	0.0480945804	0.0213660101	-0.0166359256	-0.0458602343	-0.0508872699	-0.0290646136	0.0080934286	0.0409811285	0.0522459219	0.0359441567	0.0006771467	-0.0349471469	-0.0521322486	0.0503461962	0.0099462774	0.0039228494	0.0092926258	-0.0183876156	-0.0400323607	0.0294997029	0.0645859989	-0.0890400603	0.0538308798	1.23432299275462	0.250751899693411	0.448081059024295	-1.68540061352814
0.0284257	0.0247368	0.141572	0.000977715	-0.00168029	8.59664e-05	-0.0067443	-0.0329457	3.90000000000112e-05	0.000210462	0.0005526	1.86899999999998e-06	0.07797555	0.0384069609	0.0039463888	-0.0326194932	-0.0517836067	-0.0433223267	-0.0117495564	0.0260913389	0.0500130897	0.0472539781	0.0192859283	-0.018970732	-0.0471069319	-0.0501126395	-0.0263843771	0.0114193591	0.0431311232	0.0518333998	0.0328837193	-0.0036086884	-0.0381759417	-0.0523771858	-0.0257730549	0.0352286526	-0.0232816808	0.0298176935	-0.0038986012	0.0586395704	-0.0183952211	0.0504324389	-0.0170375543	0.0064687324	0.952284721974584	0.729132624175997	0.448081059024295	-1.68540061352814
0.0283716	0.0755959	0.124312	0.000937294	-0.00196414	9.45196e-05	-5.41000000000014e-05	0.0508591	-0.01726	-4.04210000000001e-05	-0.00028385	8.55320000000003e-06	0.08481441	0.0382531258	0.0034960873	-0.0331465714	-0.0519115742	-0.042677987	-0.0104259597	0.0274493255	0.0505197734	0.0463423012	0.0171700353	-0.0212629165	-0.0482276804	-0.0491807684	-0.0236081307	0.0146975897	0.0450761418	0.0511428052	0.0296255153	-0.0078703433	-0.0411213197	-0.0521934471	0.0186180814	0.0286023094	-0.0431021054	-0.0004366244	0.0406818748	0.002469017	-0.0064793984	0.0250085185	-0.010398182	-0.0037290233	1.01823638466364	0.748140447166754	0.448081059024295	-1.68540061352814
0.0194464	0.0583649	0.168445	0.000478381	-0.00208229	0.000122809	-0.0089252	-0.017231	0.044133	-0.000458913	-0.00011815	2.82894e-05	0.10055682	0.0380985803	0.0030455261	-0.0336681095	-0.0520241169	-0.0420138333	-0.0090953929	0.0287823352	0.0509664168	0.0453609212	0.0150222601	-0.0235073292	-0.0492194833	-0.0480945804	-0.0207459769	0.0179144269	0.0468069407	0.050177843	0.02618914	-0.0120792627	-0.0437614146	-0.0515825363	-0.0507040138	0.020161291	0.0319606745	-0.0123491638	-0.0034472754	0.0522200786	0.0128157443	0.0070063858	0.039648997	-8.25985e-05	0.70382780030974	0.790991722504147	0.448081059024295	-1.68540061352814
0.00845819	0.0408357	0.113098	0.00111305	-0.00211466	-0.000205939	-0.01098821	-0.0175292	-0.055347	0.000634669	-3.23699999999999e-05	-0.000328748	0.13365376	0.0379433273	0.0025947387	-0.0341840202	-0.0521212014	-0.0413301739	-0.0077587455	0.0300891549	0.051352489	0.044311314	0.0128465907	-0.0256989275	-0.0500796887	-0.0468574839	-0.0178083308	0.0210564335	0.0483152946	0.04894369	0.0225952602	-0.0162072446	-0.0460766263	-0.0505494535	0.0638091126	-0.0361841823	0.035671513	0.0352185068	-0.0049489084	-0.0554086522	0.0112945989	-0.0416338989	-0.0491701385	-0.0719676	1.17260117075783	0.84764144464729	0.448081059024295	-1.68540061352814
0.00848939	0.074241	0.11307	0.0012992	-0.00213811	-3.79309e-05	3.11999999999968e-05	0.0334053	-2.80000000000003e-05	0.00018615	-2.34499999999999e-05	0.0001680081	0.052344905	0.0377873696	0.0021437585	-0.0346942175	-0.0522027989	-0.0406273263	-0.0064169112	0.0313685957	0.0516775313	0.0431950583	0.0106470671	-0.0278327876	-0.0508059967	-0.0454733605	-0.0148058821	0.024110485	0.049594035	0.047446967	0.0188654898	-0.0202266294	-0.0480497669	-0.0491026536	-0.0022360457	0.0427868037	-0.0124211349	0.0784914379	0.0198250124	0.0061566321	-0.0577096941	0.0650857168	-0.036334905	-0.0237387456	0.779697517830512	0.895898272560541	0.448081059024295	0.592443852028073
0.000724885	0.0504256	0.140373	0.00106126	-0.00225574	-0.000205939	-0.007764505	-0.0238154	0.027303	-0.00023794	-0.00011763	-0.0001680081	0.08506181	0.0376307102	0.0016926191	-0.0351986159	-0.0522688852	-0.0399056168	-0.0050707869	0.0326194932	0.0519411573	0.0420138333	0.0084277735	-0.0299041152	-0.0513964655	-0.0439465533	-0.0117495564	0.0270638244	0.050637085	0.0456957037	0.0150222601	-0.024110485	-0.0496661877	-0.0472539781	-0.0541925032	0.0008630981	-0.0453701005	0.0341022192	0.0029300489	0.0618051743	-0.0625065323	0.0077000539	-0.007803599	0.0190236652	0.527972780022704	0.862834182238781	0.448081059024295	0.592443852028073
0.00151191	0.0460132	0.140365	0.00112891	-0.00217698	5.91938e-05	0.000787025	-0.0044124	-7.99999999998025e-06	6.76499999999998e-05	7.87600000000002e-05	0.0002651328	0.025784565	0.0374733519	0.0012413539	-0.0356971313	-0.0523194405	-0.0391653804	-0.0037212726	0.0338407093	0.0521430537	0.0407694154	0.0061928308	-0.0319082567	-0.0518495163	-0.0422818529	-0.0086504753	0.0299041152	0.0514394875	0.043699295	0.0110886847	-0.0278327876	-0.0509138886	-0.045018557	-0.0302527735	0.0278704557	-0.0392321509	-0.0119285225	0.0347086483	0.0263756132	0.0255840823	0.015502884	0.020442405	0.0116187429	1.28458724179312	0.60244383705963	0.448081059024295	-1.68540061352814
-0.00913681	0.0670972	0.140371	0.000885735	-0.00215868	-4.26157e-05	-0.01064872	0.021084	5.99999999997824e-06	-0.000243175	1.82999999999997e-05	-0.0001018095	0.049902945	0.0373152977	0.0007899965	-0.0361896802	-0.0523544498	-0.0384069609	-0.0023692706	0.0350311327	0.0522829807	0.0394636764	0.0039463888	-0.0338407093	-0.0521639377	-0.0404844828	-0.0055199161	0.0326194932	0.0519974292	0.0414684511	0.0070884207	-0.0313685957	-0.0517836067	-0.0424146861	0.0009721249	0.0039310048	0.0488607887	-0.0206164506	0.0173778328	-0.0088348039	0.0497445127	-0.012948783	0.0001341724	0.0085120175	0.890527486320471	0.358595517069389	0.448081059024295	-1.68540061352814
-0.0195734	0.0425058	0.147633	0.000979769	-0.00236984	-0.000205939	-0.01043659	-0.0245914	0.00726199999999999	9.40339999999999e-05	-0.00021116	-0.0001633233	0.065715855	0.0371565505	0.0003385804	-0.0366761804	-0.0523739028	-0.0376307102	-0.0010156846	0.0361896802	0.0523607718	0.0380985803	0.0016926191	-0.0356971313	-0.0523388891	-0.0385600826	-0.0023692706	0.0351986159	0.0523082586	0.03901514	0.0030455261	-0.0346942175	-0.0522688852	-0.0394636764	0.0424667609	-0.0606375499	0.0209681096	0.0263468872	-0.0695281152	-0.0260556553	0.0055765872	0.0073204059	-0.0667036951	0.0513082739	0.942851862132945	0.310819900439401	0.448081059024295	-1.68540061352814
-0.0399957	0.0521771	0.137962	0.0012992	-0.00199961	-0.000205939	-0.0204223	0.00967129999999999	-0.00967099999999999	0.000319431	0.00037023	0	0.07424765	0.0369971132	-0.0001128608	-0.0371565505	-0.0523777937	-0.0368369888	0.0003385804	0.0373152977	0.0523763346	0.0366761804	-0.0005642937	-0.0374733519	-0.0523739028	-0.0365146908	0.0007899965	0.0376307102	0.0523704984	0.036352523	-0.0010156846	-0.0377873696	-0.0523661213	-0.0361896802	0.036860632	0.0119648542	-0.0174942241	0.0299999585	0.0122787761	-0.0135127112	0.0347366987	0.0018738036	-0.0806813081	0.0028915714	-1.60763193046106	1.0452485028997	0.448081059024295	-1.68540061352814
-0.0240128	0.0628941	0.156553	0.0011564	-0.00196043	-0.000205939	0.0159829	0.010717	0.018591	-0.0001428	3.91800000000002e-05	0	0.0543899	0.0368369888	-0.0005642937	-0.0376307102	-0.0523661213	-0.0360261653	0.0016926191	0.0384069609	0.0523296507	0.0351986159	-0.0028201586	-0.0391653804	-0.0522688852	-0.0343547251	0.0039463888	0.0399056168	0.0521838529	0.0334948844	-0.0050707869	-0.0406273263	-0.0520745933	-0.0326194932	-0.0222458535	0.0395955182	0.0089301153	0.0202183353	0.0361507567	0.0094726408	-0.0337090949	0.005722662	0.0694146244	-0.0411092539	0.340315252178106	1.08681114643417	0.448081059024295	-1.68540061352814
-0.0245463	0.0455386	0.16903	0.00136826	-0.0020691	-0.000292795	-0.000533500000000003	-0.0173555	0.012477	0.00021186	-0.00010867	-8.6856e-05	0.0507353	0.0366761804	-0.0010156846	-0.0380985803	-0.0523388891	-0.0351986159	0.0030455261	0.0394636764	0.0522207755	0.0336681095	-0.0050707869	-0.0407694154	-0.0520241169	-0.0320869629	0.0070884207	0.0420138333	0.0517492091	0.0304575546	-0.0090953929	-0.0431950583	-0.0513964655	-0.0287823352	-0.0672262473	-0.0002885191	-0.0096744757	0.0093662052	0.0076485189	0.0739394686	-0.0400926967	-0.0216482936	0.0173771659	0.0036529756	-0.547219317996264	1.69612636779601	0.448081059024295	-1.68540061352814
-0.0231744	0.0510776	0.163024	0.00160333	-0.00227327	-0.000205939	0.0013719	0.005539	-0.00600599999999998	0.00023507	-0.00020417	8.6856e-05	0.0392217	0.0365146908	-0.0014670001	-0.0385600826	-0.0522961052	-0.0343547251	0.0043963972	0.0404844828	0.0520498384	0.0320869629	-0.0073119995	-0.0422818529	-0.0516402525	-0.0297185201	0.0102046586	0.0439465533	0.0510686325	0.027256828	-0.0130652981	-0.0454733605	-0.0503367722	-0.024709611	-0.0415319824	-0.0088193988	0.0292142919	-0.0150998452	-0.0059919906	0.0389332157	0.046395889	-0.0211453475	-0.0062710444	0.0573558373	-0.127793903059427	2.21405171954045	0.448081059024295	-1.68540061352814
-0.0187355	0.046802	0.111486	0.00156064	-0.0015978	-0.000205939	0.0044389	-0.0042756	-0.051538	-4.269e-05	0.00067547	0	0.0961605	0.036352523	-0.0019182066	-0.03901514	-0.0522377823	-0.0334948844	0.0057443291	0.0414684511	0.0518170426	0.0304575546	-0.0095396348	-0.043699295	-0.0511183183	-0.027256828	0.0132837629	0.0456957037	0.0501453577	0.0239098759	-0.0169566271	-0.047446967	-0.0489033805	-0.0204346535	0.0573496061	-0.0108632071	0.0259701124	0.0160789435	0.0302137913	-0.0402426402	0.0105942045	-0.0184142379	-0.0448237823	-0.0583416539	0.582825467889811	2.20514063040013	0.448081059024295	-1.68540061352814
-0.00717811	0.0731716	0.162044	0.00134741	-0.0018478	-0.000205939	0.01155739	0.0263696	0.050558	-0.00021323	-0.00025	0	0.11164649	0.0361896802	-0.0023692706	-0.0394636764	-0.0521639377	-0.0326194932	0.0070884207	0.0424146861	0.0515226647	0.0287823352	-0.0117495564	-0.045018557	-0.0504597097	-0.024709611	0.016314529	0.0472539781	0.0489837722	0.0204346535	-0.0207459769	-0.0491026536	-0.0471069319	-0.0159924506	0.0106130928	0.0454788753	-0.03240885	0.0382445135	0.0175773894	-0.0331345529	-0.0501134672	0.0329453269	0.0525458171	-0.0244426194	0.027240675199235	1.14188762471507	0.448081059024295	-1.68540061352814
0.00468491	0.0336988	0.182132	0.00158962	-0.0020241	-0.000376229	0.01186302	-0.0394728	0.020088	0.00024221	-0.0001763	-0.00017029	0.10086382	0.0360261653	-0.0028201586	-0.0399056168	-0.0520745933	-0.0317289578	0.0084277735	0.0433223267	0.0511670547	0.0270638244	-0.0139376608	-0.046236675	-0.0496661877	-0.0220848615	0.0192859283	0.0486148674	0.0475893965	0.0168498047	-0.024410558	-0.0504293264	-0.0449607632	-0.0114193591	-0.0545774627	-0.0029513826	0.0186315309	0.0093525322	-0.0323132162	0.0471695748	0.0086696626	-0.0242391174	0.012086211	-0.005315554	0.351155177490979	0.776667209088688	0.448081059024295	-1.68540061352814
0.0247166	0.0913792	0.195676	0.00134741	-0.00207811	-0.000205939	0.02003169	0.0576804	0.013544	-0.00024221	-5.40100000000002e-05	0.00017029	0.11458159	0.0358619813	-0.0032708371	-0.0403408874	-0.0519697758	-0.0308236917	0.0097614921	0.044190547	0.050750635	0.025304607	-0.016099885	-0.0473509122	-0.048739874	-0.0193908153	0.0221871482	0.049772687	0.0459688572	0.0131745611	-0.0279283311	-0.0514180959	-0.0424808075	-0.006752807	0.0243572162	0.0011144254	-0.0070801761	0.0295561399	-0.0130358972	-0.0462601816	0.0055576338	-0.0222001505	-0.0191772907	-0.0313289768	0.334771759992585	0.443790137560736	0.448081059024295	-1.68540061352814
-0.00860595	0.00173802	0.151275	0.00134741	-0.00187514	-0.000205939	-0.03332255	-0.08964118	-0.044401	0	0.00020297	0	0.17751323	0.0356971313	-0.0037212726	-0.0407694154	-0.0518495163	-0.0299041152	0.0110886847	0.045018557	0.0502739006	0.0235073292	-0.0182322141	-0.0483587652	-0.0476832451	-0.0166359256	0.0250076315	0.0507226006	0.0441298556	0.0094286395	-0.03127814	-0.0520623368	-0.0396854757	-0.0020309873	0.0204527666	-0.0152096868	-0.0872292136	0.0095426261	0.0375477516	-0.0002505643	-0.0288429966	5.80425e-05	-0.0418810267	0.0292867648	-1.72793073014537	1.97562467088098	0.448081059024295	-1.68540061352814
-0.0246364	0.0653087	0.206526	0.00205109	-0.00212732	-0.000205939	-0.01603045	0.06357068	0.055251	0.00070368	-0.00025218	0	0.18264513	0.0355316183	-0.0041714317	-0.0411911291	-0.0517138504	-0.0289706552	0.0124084642	0.0458056033	0.0497374181	0.021674694	-0.0203306886	-0.0492579697	-0.0464991262	-0.0138288366	0.0277371148	0.0514606403	0.0420811315	0.0056321357	-0.0344398384	-0.0523577323	-0.0365955205	0.0027074549	0.0199780827	-0.005875808	-0.0427546436	-0.066453582	0.0821676828	-0.0250211554	0.0065126131	-0.0226879135	0.0269013338	0.0396970746	-1.97328268272139	2.3518796096548	0.448081059024295	-1.68540061352814
-0.006898	0.0171237	0.198444	0.00182439	-0.0022419	-0.000205939	0.0177384	-0.048185	-0.00808200000000001	-0.0002267	-0.00011458	0	0.0910694	0.0353654455	-0.004621281	-0.0416059582	-0.0515628185	-0.028023745	0.0137199483	0.0465509697	0.0491418251	0.0198094581	-0.0223914121	-0.0500465054	-0.0451906832	-0.0109783563	0.0303656657	0.0519837232	0.0398324213	0.001805417	-0.0373944116	-0.0523023033	-0.0332338815	0.0074237382	-0.0305612511	0.0433624307	0.0537266345	-0.0483702879	-0.0324921703	0.0356445563	0.0564157026	0.0212263544	0.0527595915	0.0123354548	-0.264158791564711	2.33343930388597	0.448081059024295	-1.68540061352814
-0.000933368	0.0663357	0.161367	0.00172822	-0.00193953	-0.000309508	0.005964632	0.049212	-0.037077	-9.617e-05	0.00030237	-0.000103569	0.117359082	0.0351986159	-0.0050707869	-0.0420138333	-0.0513964655	-0.0270638244	0.0150222601	0.0472539781	0.0484878293	0.0179144269	-0.024410558	-0.0507226006	-0.0437614146	-0.0080934286	0.0328837193	0.0522896643	0.0373944116	-0.0020309873	-0.0401240904	-0.051896421	-0.0296255153	0.0120792627	0.0304881838	-0.0177160162	0.0280362845	0.0227497933	0.0495507496	-0.0174638651	0.0482021922	-0.0344679321	-0.0332566599	-0.1140203769	-0.173433463068909	2.38781315680539	0.448081059024295	-1.68540061352814
-0.0246841	0.0411779	0.199581	0.00207414	-0.00184681	-0.000205939	-0.023750732	-0.0251578	0.038214	0.00034592	9.27200000000001e-05	0.000103569	0.114232982	0.0350311327	-0.0055199161	-0.0424146861	-0.0512148408	-0.0260913389	0.016314529	0.0479139886	0.0477762082	0.0159924506	-0.0263843771	-0.0512847364	-0.0422151417	-0.0051831058	0.0352821126	0.0523771858	0.0347786889	-0.0058564958	-0.0426124582	-0.0511428052	-0.0257972105	0.0166359256	0.0335470436	-0.0732745758	-0.0417552653	-0.0471432123	-0.0300025475	-0.0612804565	-0.118150732	-0.0868164992	0.120844576	0.045723245	-1.44407939164953	2.3679333586163	0.448081059024295	-1.68540061352814
-0.0120215	0.0433137	0.175781	0.0016304	-0.00193614	-0.000205939	0.0126626	0.0021358	-0.0238	-0.00044374	-8.93300000000001e-05	0	0.0652519	0.0348629988	-0.0059686353	-0.0428084497	-0.0510179984	-0.0251067401	0.0175958911	0.0485304007	0.0470078072	0.0140464202	-0.0283092043	-0.0517316498	-0.0405559987	-0.0022565198	0.0375521182	0.0522459219	0.0319976841	-0.0096505858	-0.0448445497	-0.0500465054	-0.021777388	0.0210564335	0.023147093	0.0511389263	0.0169213874	-0.0540702216	0.0179878942	-0.0386281843	0.0284788708	-0.0085306104	0.0548654411	-0.0255371593	0.086452310241597	1.39498793328898	0.448081059024295	-1.68540061352814
0.0353173	0.0662989	0.195279	0.00163173	-0.0021429	-6.82282e-05	0.0473388	0.0229852	0.019498	1.32999999999991e-06	-0.00020676	0.0001377108	0.10711204	0.0346942175	-0.0064169112	-0.0431950583	-0.0508059967	-0.024110485	0.0188654898	0.0491026536	0.0461835398	0.0120792627	-0.0301814655	-0.0520623368	-0.0387884217	0.0006771467	0.0396854757	0.051896421	0.0290646136	-0.013392903	-0.0468069407	-0.0486148674	-0.0175958911	0.025304607	-0.0082244689	0.0227080707	0.0499169057	0.0005604964	-0.0370079548	0.0130697192	0.0251781381	0.015988207	-0.0023401046	0.0035129955	0.417706920420637	1.19461258037372	0.448081059024295	0.592443852028073
0.0299109	0.0566721	0.198718	0.0018855	-0.00193614	-1.20466e-05	-0.0054064	-0.00962679999999999	0.003439	0.00025377	0.00020676	5.61816e-05	0.04430778	0.0345247919	-0.0068647103	-0.0435744473	-0.0505788988	-0.0231030362	0.0201224762	0.0496302266	0.0453043854	0.0100939368	-0.0319976841	-0.0522760543	-0.0369171367	0.0036086884	0.0416744222	0.0513301431	0.0259934166	-0.0170633708	-0.0484878293	-0.0468574839	-0.0132837629	0.0293456776	-0.0231916503	-0.0721322365	0.0137989263	-0.0219493825	-0.0579716573	0.0224180814	0.0120609073	-0.0406164386	-0.0663971254	0.047947771	1.06168615372076	0.509919375286958	0.448081059024295	-1.68540061352814
0.0260294	0.0663109	0.183268	0.00170317	-0.00216399	-2.85084e-05	-0.0038815	0.00963879999999999	-0.01545	-0.00018233	-0.00022785	-1.64618e-05	0.05030239	0.0343547251	-0.0073119995	-0.0439465533	-0.0503367722	-0.0220848615	0.0213660101	0.0501126395	0.044371389	0.0080934286	-0.0337544877	-0.0523723222	-0.0349471469	0.0065289069	0.0435117199	0.0505494535	0.0227986886	-0.0206422981	-0.0498771065	-0.0447861304	-0.0088730165	0.0331465714	0.0232697675	-0.0477320933	0.0244327034	-0.009183887	-0.0186432091	-0.0439071581	0.0564738418	-0.0330499621	-0.0433136239	0.0087668368	0.932103677711875	-0.042614819992885	0.448081059024295	-1.68540061352814
0.0276852	0.0432571	0.179722	0.00170147	-0.00193614	-0.000205939	0.0016558	-0.0230538	-0.00354600000000002	-1.69999999999988e-06	0.00022785	-0.0001774306	0.04860463	0.0341840202	-0.0077587455	-0.044311314	-0.0500796887	-0.0210564335	0.0225952602	0.0505494535	0.0433856593	0.0060807472	-0.0354486142	-0.0523509242	-0.0328837193	0.0094286395	0.0451906832	0.0495576132	0.0194956122	-0.024110485	-0.0509664168	-0.0424146861	-0.0043963972	0.0366761804	0.0496390009	0.0436690996	0.0222418892	-0.0024812908	-0.0646553638	-0.0632982222	-0.0224019272	0.0535439011	0.0615836328	0.0004149292	1.26404704169867	-0.073641587691096	0.448081059024295	-1.68540061352814
0.029947	0.0510624	0.139669	0.00193062	-0.00211977	-3.28569e-06	0.0022618	0.0078053	-0.040053	0.00022915	-0.00018363	0.00020265331	0.0808917655	0.0340126806	-0.0082049152	-0.0446686685	-0.0498077248	-0.0200182296	0.0238094045	0.050940271	0.0423483678	0.0040589197	-0.0370769179	-0.0522119084	-0.030732371	0.0122987873	0.0467052026	0.0483587652	0.016099885	-0.0274493255	-0.0517492091	-0.0397590408	0.0001128608	0.0399056168	-0.0634308076	0.0343163478	-0.0015968564	0.0650624601	-0.0115130088	0.0563333876	-0.0204278864	0.0307530256	-0.0032925913	-0.0659365982	0.234490599821451	-0.00594620217558	0.448081059024295	-1.68540061352814
0.0355738	0.0737542	0.170562	0.00204876	-0.0021158	9.89519e-05	0.0056268	0.0226918	0.030893	0.00011814	3.96999999999984e-06	0.00010223759	0.0704289795	0.0338407093	-0.0086504753	-0.045018557	-0.0495209612	-0.018970732	0.0250076315	0.0512847364	0.0412607473	0.0020309873	-0.0386363752	-0.0519555872	-0.028498854	0.0151303447	0.0480497669	0.0469579174	0.0126276447	-0.0306409077	-0.0522207755	-0.0368369888	0.004621281	0.0428084497	-0.0540236311	-0.0033647637	-0.0371966266	-0.017355525	0.0329279312	0.0628674941	-0.0186790141	0.0139562024	-0.0099655106	0.027824977	0.01495799191011	0.134740838535525	0.448081059024295	-1.68540061352814
0.0416545	0.0423873	0.168935	0.00233764	-0.00239084	0.000162014	0.0060807	-0.0313669	-0.00162699999999999	0.00028888	-0.00027504	6.30621e-05	0.070423705	0.0336681095	-0.0090953929	-0.0453609212	-0.0492194833	-0.0179144269	0.02618914	0.0515825363	0.0401240904	0	-0.0401240904	-0.0515825363	-0.02618914	0.0179144269	0.0492194833	0.0453609212	0.0090953929	-0.0336681095	-0.0523782801	-0.0336681095	0.0090953929	0.0453609212	-0.0510613734	0.0008028814	0.0313023477	-0.0498354529	0.0041544616	0.0487032699	0.0637531404	0.0126603955	0.0073034463	0.0213228588	-0.11581460606295	0.006116381240437	0.448081059024295	-1.68540061352814
0.0412138	0.0663895	0.134841	0.00206724	-0.00194511	4.57669e-05	-0.000440700000000002	0.0240022	-0.034094	-0.0002704	0.00044573	-0.0001162471	0.100155755	0.0334948844	-0.0095396348	-0.0456957037	-0.0489033805	-0.0168498047	0.0273531403	0.0518333998	0.0389397479	-0.0020309873	-0.0415373011	-0.051093594	-0.0238094045	0.0206422981	0.0502100954	0.0435744473	0.0055199161	-0.0365146908	-0.0522207755	-0.0302736359	0.0135019809	0.0475421407	0.0043242666	-0.066199358	0.0686303804	-0.017308291	0.0260410959	-0.014614131	-0.0024225313	-0.0755841197	0.0031279802	-0.0482002068	0.127899116302312	-0.179795992098825	0.448081059024295	-1.68540061352814
0.0431597	0.0880415	0.134857	0.00227771	-0.00194511	6.52205e-05	0.00194589999999999	0.021652	1.59999999999882e-05	0.00021047	0	1.94536e-05	0.03511008	0.0333210373	-0.009983168	-0.0460228486	-0.0485727468	-0.0157773596	0.028498854	0.0520370985	0.0377091275	-0.0040589197	-0.0428733831	-0.0504898588	-0.0213660101	0.0233053991	0.0510179984	0.0416059582	0.0019182066	-0.0391653804	-0.0517492091	-0.0266763128	0.0178083308	0.0493342563	0.0263792261	-0.031144606	0.0569109764	0.023622082	0.0594641155	-0.0149963922	0.026066792	-0.0080404735	-0.0491973835	-0.0142719026	0.493989332530674	-0.679935040225727	0.448081059024295	-1.68540061352814
0.0457688	0.0664103	0.139406	0.00218652	-0.00194511	6.70765e-05	0.00260910000000001	-0.0216312	0.004549	-9.11900000000001e-05	0	1.856e-06	0.0334416	0.0331465714	-0.0104259597	-0.0463423012	-0.0482276804	-0.0146975897	0.0296255153	0.0521934471	0.0364336915	-0.0060807472	-0.0441298556	-0.049772687	-0.0188654898	0.0258953737	0.0516402525	0.0394636764	-0.0016926191	-0.0416059582	-0.0509664168	-0.0229002443	0.0219824722	0.0507226006	0.0490751807	-0.0678210722	0.0281570571	-0.0296696688	-0.0240971027	-0.0718693903	-0.0365558318	-0.0392997495	-0.0118476654	0.0759075108	1.05045612048195	0.040318665580857	0.448081059024295	-1.68540061352814
0.0380856	0.0664689	0.12218	0.00255457	-0.00225119	-4.99043e-05	-0.00768320000000001	5.85999999999781e-05	-0.017226	0.00036805	-0.00030608	-0.0001169808	0.06452334	0.0329714899	-0.0108679768	-0.0466540082	-0.0478682839	-0.0136109962	0.030732371	0.0523023033	0.0351149558	-0.0080934286	-0.0453043854	-0.04894369	-0.016314529	0.0284040951	0.0520745933	0.0371565505	-0.0052954007	-0.043823331	-0.0498771065	-0.018970732	0.0259934166	0.0516958108	0.0566779637	0.045593736	0.0159775987	0.0046823717	0.0043858456	-0.0600766111	-0.0400400262	0.0352441166	-0.0169611569	-0.0584885895	0.563399543186377	0.263878108049985	0.448081059024295	0.592443852028073
0.0499012	0.0988182	0.128162	0.002295	-0.00194511	9.8104e-05	0.0118156	0.0323493	0.005982	-0.00025957	0.00030608	0.0001480083	0.085829815	0.0327957961	-0.0113091867	-0.0469579174	-0.0474946641	-0.0125180835	0.0318186811	0.0523635681	0.0337544877	-0.0100939368	-0.0463947917	-0.0480047303	-0.0137199483	0.0308236917	0.0523194405	0.0346942175	-0.0088730165	-0.0458056033	-0.0484878293	-0.0149141057	0.0298113868	0.0522459219	-0.0189145303	0.0177617778	0.005918097	0.0700405503	-0.0045622815	0.0176455496	-0.0105574246	0.0271654379	-0.0548989391	-0.0263730758	-0.280065379503888	0.758435992981109	0.448081059024295	0.592443852028073
0.0298629	0.0662058	0.134912	0.00214177	-0.00162279	-6.71662e-05	-0.0200383	-0.0326124	0.00674999999999998	-0.00015323	0.00032232	-0.0001652702	0.09144171	0.0326194932	-0.0117495564	-0.0472539781	-0.0471069319	-0.0114193591	0.0328837193	0.0523771858	0.032353904	-0.0120792627	-0.0473990497	-0.0469579174	-0.0110886847	0.0331465714	0.0523739028	0.0320869629	-0.0124084642	-0.0475421407	-0.0468069407	-0.010757547	0.0334080384	0.0523684314	-0.0758970181	-0.0281567629	-0.0538896508	0.0168894587	0.0059854519	0.0841948483	-0.0722358964	-0.0285335749	-0.0045038584	0.0169664511	-0.140260625827548	0.956745253761908	0.448081059024295	0.592443852028073
0.0299493	0.0875455	0.129102	0.002295	-0.00215558	5.6937e-05	8.63999999999969e-05	0.0213397	-0.00580999999999998	0.00015323	-0.00053279	0.0001241032	0.06774226	0.0324425845	-0.0121890533	-0.0475421407	-0.0467052026	-0.0103153331	0.0339267737	0.0523431439	0.0309148693	-0.0140464202	-0.0483152946	-0.0458056033	-0.0084277735	0.0353654455	0.0522377823	0.0293456776	-0.015884942	-0.049023627	-0.0448445497	-0.0065289069	0.0367566699	0.0520623368	-0.0491043206	0.0031339383	-0.0358139608	-0.0466003669	0.061784462	0.036745039	0.0009685405	-0.0023942094	0.0486189427	-0.0004286937	-1.24107659627669	0.672905774024319	0.448081059024295	-1.68540061352814
0.029975	0.0800631	0.148934	0.00200961	-0.00234856	0.000189235	2.57000000000035e-05	-0.00748239999999999	0.019832	-0.00028539	-0.00019298	0.000132298	0.0578735	0.0322650733	-0.0126276447	-0.0478223571	-0.0462895956	-0.009206518	0.0349471469	0.0522614734	0.0294390937	-0.0159924506	-0.0491418251	-0.0445503769	-0.0057443291	0.0374733519	0.0519115742	0.0264818121	-0.0192859283	-0.0502421146	-0.0426124582	-0.0022565198	0.0398324213	0.0513301431	-0.0316343324	0.0059097909	0.0368790166	-0.0725178045	0.0260854189	0.0343318107	0.0545754126	-0.0099833762	0.0596284045	0.0283980748	-1.07844927411865	0.356826148697648	0.448081059024295	0.592443852028073
0.0371244	0.0662162	0.121362	0.0022412	-0.00219793	0.000175131	0.0071494	-0.0138469	-0.027572	0.00023159	0.00015063	-1.4104e-05	0.0683845	0.0320869629	-0.0130652981	-0.0480945804	-0.0458602343	-0.0080934286	0.0359441567	0.0521322486	0.0279283311	-0.0179144269	-0.0498771065	-0.0431950583	-0.0030455261	0.0394636764	0.0513964655	0.0235073292	-0.0225952602	-0.0511910666	-0.0401240904	0.0020309873	0.0426124582	0.050177843	0.0616394604	-0.0282103171	0.0708245676	-0.003087732	-0.043591225	-0.0704391236	-0.0034392187	-0.038038907	0.0362107574	-0.024766524	0.474491743969509	0.041545428862495	0.448081059024295	0.592443852028073
0.0437817	0.0899885	0.094973	0.00204082	-0.00203914	-6.70906e-05	0.00665729999999999	0.0237723	-0.026389	-0.00020038	0.00015879	-0.0002422216	0.08688818	0.0319082567	-0.0135019809	-0.0483587652	-0.0454172463	-0.0069765817	0.0369171367	0.0519555872	0.0263843771	-0.0198094581	-0.0505197734	-0.0417426926	-0.0003385804	0.0413301739	0.0506943307	0.0204346535	-0.0257972105	-0.051865392	-0.0373944116	0.0063048856	0.0450761418	0.0486148674	0.022166943	0.0540389794	-0.0262223573	0.0692557437	-0.0262192261	-0.0042171393	-0.0508776406	0.0652875059	-0.056310101	-0.0444968335	0.717358327035998	0.395962566937281	0.448081059024295	0.592443852028073
0.0391135	0.0878175	0.120989	0.00265848	-0.00209443	-1.49986e-05	-0.00466819999999999	-0.00217100000000001	0.0260160000000001	0.00061766	-5.52899999999999e-05	5.2092e-05	0.0691073	0.0317289578	-0.0139376608	-0.0486148674	-0.0449607632	-0.0058564958	0.0378654364	0.0517316498	0.0248090665	-0.021674694	-0.0510686325	-0.0401965428	0.0023692706	0.0430669878	0.0498077248	0.01727662	-0.0288765622	-0.0522614734	-0.0344398384	0.0105365379	0.0472051818	0.0466540082	0.0016374251	0.0031509543	-0.0870095726	0.0216563663	0.0072754504	0.0172235513	-0.045165796	0.0228009637	0.002570001	0.0561905462	0.579802480023452	0.709782010666328	0.448081059024295	0.592443852028073
0.0298932	0.0575062	0.116579	0.002295	-0.00204649	1.20956e-05	-0.0092203	-0.0303113	-0.00441000000000005	-0.00036348	4.79399999999998e-05	2.70942e-05	0.06586731	0.0315490697	-0.0143723053	-0.048862844	-0.0444909208	-0.0047336909	0.0387884217	0.0514606403	0.0232042715	-0.0235073292	-0.0515226647	-0.0385600826	0.0050707869	0.0446686685	0.048739874	0.0140464202	-0.0318186811	-0.0523771858	-0.03127814	0.0146975897	0.0489837722	0.044311314	0.0372227865	0.0197298385	-0.0562308945	-0.0157260915	0.0119181092	-0.0440285058	0.0249011924	0.0195435569	0.0104402641	0.0516610519	-0.211096305902385	1.76656761577154	0.448081059024295	-1.68540061352814
0.0217745	0.0879178	0.14066	0.002295	-0.00204136	-4.70249e-05	-0.0081187	0.0304116	0.024081	0	5.13000000000033e-06	-5.91205e-05	0.065823825	0.0313685957	-0.0148058821	-0.0491026536	-0.0440078585	-0.0036086884	0.0396854757	0.0511428052	0.0215718994	-0.025304607	-0.051881027	-0.0368369888	0.0077587455	0.0461301902	0.0474946641	0.010757547	-0.034609585	-0.0522119084	-0.0279283311	0.0187601599	0.0503987089	0.0416059582	0.0139362933	0.0369810519	0.0095941875	-0.0189120663	0.0217126373	-0.0044296618	0.0491636161	0.0103157561	0.0307664093	-0.020073519	0.987159645548964	1.82512511148637	-2.22840312389761	-1.68540061352814
0.025486	0.0645976	0.127419	0.002295	-0.00220223	2.84745e-05	0.0037115	-0.0233202	-0.013241	0	-0.00016087	7.54994e-05	0.05209117	0.0311875391	-0.015238359	-0.0493342563	-0.0435117199	-0.0024820104	0.0405559987	0.0507784337	0.0199138901	-0.0270638244	-0.0521430537	-0.0350311327	0.0104259597	0.047446967	0.0460766263	0.0074237382	-0.0372360105	-0.051766528	-0.024410558	0.0226970271	0.0514394875	0.0385600826	0.0523498239	-0.028387688	0.0296299985	0.0624409294	-0.0751732248	-0.0743897674	-0.0482303984	-0.0229640415	-0.0025410363	-0.0159551764	0.694285353323789	0.155574871115562	0.448081059024295	-1.68540061352814
0.0298761	0.0646336	0.111202	0.0026111	-0.00188938	-0.00020594	0.00439009999999999	3.59999999999805e-05	-0.016217	0.0003161	0.00031285	-0.0002344145	0.063811325	0.0310059033	-0.015669704	-0.0495576132	-0.0430026525	-0.0013541801	0.0413994086	0.0503678575	0.0182322141	-0.0287823352	-0.0523082586	-0.0331465714	0.0130652981	0.0486148674	0.0444909208	0.0040589197	-0.0396854757	-0.051043434	-0.0207459769	0.0264818121	0.0520983812	0.0351986159	0.0204365219	0.0609997105	-0.0659901837	0.0847796419	-0.0403713783	0.0099871821	-0.0609472643	0.0701662341	-0.0483193231	-0.0200988163	0.537468101748123	1.14529846353095	0.448081059024295	0.592443852028073
0.0298836	0.096247	0.111198	0.00255223	-0.00171221	0.000130879	7.50000000000403e-06	0.0316134	-3.99999999999012e-06	-5.88699999999999e-05	0.00017717	0.000336819	0.06026785	0.0308236917	-0.016099885	-0.049772687	-0.0424808075	-0.0002257211	0.0422151417	0.04991145	0.01652887	-0.0304575546	-0.0523763346	-0.0311875391	0.015669704	0.0496302266	0.0427433176	0.0006771467	-0.0419463399	-0.0500465054	-0.0169566271	0.0300891549	0.0523704984	0.0315490697	-0.0427146367	-0.0366177696	-0.034614244	0.073712632	0.0010346538	0.0391246136	-0.0111836668	-0.0137113033	-0.0329551696	0.0284396175	-0.011510510189577	1.28248951644182	0.448081059024295	0.592443852028073
0.0298767	0.0584916	0.143805	0.00304532	-0.00171221	0.000117737	-6.90000000000066e-06	-0.0377554000000001	0.032607	0.00049309	0	-1.3142e-05	0.0956809	0.0306409077	-0.01652887	-0.0499794418	-0.0419463399	0.0009028426	0.0430026525	0.0494096266	0.0148058821	-0.0320869629	-0.0523471556	-0.0291584371	0.0182322141	0.0504898588	0.0408401761	-0.0027074549	-0.0440078585	-0.0487810905	-0.0130652981	0.0334948844	0.0522538189	0.0276413132	-0.0694796175	-0.0468943062	-0.0476662837	-0.0093032166	0.0104794696	0.0505470648	-0.0354048822	-0.0667653809	0.0569549993	0.0024973902	-0.85714626218891	1.14839640327324	0.448081059024295	0.592443852028073
0.029917	0.0584297	0.134023	0.00285979	-0.00218755	1.06742e-05	4.03000000000035e-05	-6.18999999999897e-05	-0.00978199999999999	-0.00018553	-0.00047534	-0.0001070628	0.04828084	0.0304575546	-0.0169566271	-0.050177843	-0.0413994086	0.0020309873	0.0437614146	0.048862844	0.0130652981	-0.0336681095	-0.0522207755	-0.0270638244	0.0207459769	0.0511910666	0.0387884217	-0.0060807472	-0.0458602343	-0.0472539781	-0.0090953929	0.0366761804	0.0517492091	0.0235073292	0.0369665882	-0.0306203569	0.0310496116	-0.0075906867	0.0183336091	-0.0295752434	0.073971664	-0.0338388048	-0.0460324895	0.0046066467	-1.27006616039093	0.607277100625512	0.448081059024295	0.592443852028073
0.0298869	0.0770911	0.134007	0.00256857	-0.00195814	-0.00020594	-3.00999999999982e-05	0.0186614	-1.6000000000016e-05	-0.00029122	0.00022941	-0.0002166142	0.05556971	0.0302736359	-0.0173831246	-0.0503678575	-0.0408401761	0.003158189	0.0444909208	0.0482715996	0.0113091867	-0.0351986159	-0.0519974292	-0.0249084068	0.0232042715	0.0517316498	0.0365955205	-0.0094286395	-0.0474946641	-0.0454733605	-0.0050707869	0.0396117264	0.050860415	0.0191809517	0.0499971374	0.040830202	0.0107479915	0.0242180212	-0.0313346694	-0.0178262597	0.0043289355	0.0831359822	-0.0457673671	0.0197507768	-0.141209265687465	-0.54057453972994	0.448081059024295	-1.68540061352814
0.0299231	0.0584388	0.117342	0.00297597	-0.00226121	-0.00020594	3.61999999999967e-05	-0.0186523	-0.016665	0.0004074	-0.00030307	0	0.070877	0.0300891549	-0.0178083308	-0.0505494535	-0.0402688086	0.0042839244	0.0451906832	0.0476364314	0.0095396348	-0.0366761804	-0.0516775313	-0.0226970271	0.0256005252	0.0521099123	0.0342694522	-0.0127371473	-0.0489033805	-0.0434487905	-0.0010156846	0.0422818529	0.049594035	0.0146975897	-0.0703688552	-0.0204648864	-0.0140642696	0.031143988	-0.0298851044	0.0852087705	-0.0290288771	-0.0004687726	-0.0303573661	-0.0201198179	0.43949301201835	0.8566700632255	0.448081059024295	0.592443852028073
0.0145154	0.08929	0.10136	0.00312794	-0.00207837	-0.00020594	-0.0154077	0.0308512	-0.015982	0.00015197	0.00018284	0	0.0789814	0.0299041152	-0.0182322141	-0.0507226006	-0.0396854757	0.005407671	0.0458602343	0.0469579174	0.0077587455	-0.0380985803	-0.0512616758	-0.0204346535	0.0279283311	0.052324667	0.0318186811	-0.0159924506	-0.0500796887	-0.0411911291	0.0030455261	0.0446686685	0.0479594708	0.0100939368	-0.0420937658	-0.0187797231	-0.0387131936	-0.0078793514	0.0428175185	0.0286706008	0.0024627734	0.0078834309	-0.0316710921	0.0044640873	-1.56775224844877	0.369446189539976	0.448081059024295	-1.68540061352814
0.0187081	0.09557	0.149323	0.00279971	-0.00214353	4.07799e-05	0.0041927	0.00628000000000001	0.047963	-0.00032823	-6.51599999999999e-05	0.0002467199	0.090441195	0.0297185201	-0.018654743	-0.0508872699	-0.039090351	0.0065289069	0.0464991262	0.046236675	0.0059686353	-0.0394636764	-0.050750635	-0.018126369	0.0301814655	0.0523752403	0.0292521253	-0.0191809517	-0.0510179984	-0.0387124883	0.0070884207	0.0467561802	0.0459688572	0.005407671	-0.0509226178	-0.0111521529	0.0411275176	-0.0665574664	-0.0074929722	0.0391523695	0.0403090984	-0.0091350448	0.0665293687	0.0122741863	-2.59047859487367	-0.190843411655219	0.448081059024295	-1.68540061352814
0.00921676	0.0680934	0.120117	0.00288964	-0.00214187	-0.00020594	-0.00949134	-0.0274766	-0.029206	8.99300000000002e-05	1.65999999999968e-06	-0.0002467199	0.083089435	0.0295323731	-0.0190758861	-0.051043434	-0.0384836111	0.0076471118	0.0471069319	0.0454733605	0.0041714317	-0.0407694154	-0.0501453577	-0.0157773596	0.032353904	0.0522614734	0.0265791242	-0.0222893319	-0.0517138504	-0.0360261653	0.0110886847	0.0485304007	0.0436369724	0.0006771467	0.0878030435	-0.0186099374	0.0423772682	-0.021088524	-0.0014950843	-0.0703461187	0.046712495	-0.0311772905	-0.0127205446	-0.04229718	-0.256623211442905	-0.21888630207718	0.448081059024295	-1.68540061352814
0.0236477	0.103565	0.13777	0.00287968	-0.00194526	3.5888e-05	0.01443094	0.0354716	0.017653	-9.96000000000026e-06	0.00019661	0.000241828	0.08997544	0.0293456776	-0.0194956122	-0.0511910666	-0.0378654364	0.0087617663	0.0476832451	0.0446686685	0.0023692706	-0.0420138333	-0.0494469678	-0.013392903	0.0344398384	0.0519837232	0.0238094045	-0.025304607	-0.0521639377	-0.0331465714	0.0150222601	0.0499794418	0.0409811285	-0.0040589197	0.0038587942	0.0456581557	-0.0027194975	0.030520375	-0.0110164059	0.0088207326	-0.0159570057	0.0541202557	-0.02267579	-0.0253924454	-1.80227598731512	-0.369379704451445	0.448081059024295	-1.68540061352814
0.00926482	0.0775537	0.149685	0.00325211	-0.00209719	-3.73019e-05	-0.01438288	-0.0260113	0.011915	0.00037243	-0.00015193	-7.31899e-05	0.082186675	0.0291584371	-0.0199138901	-0.0513301431	-0.0372360105	0.009872353	0.0482276804	0.043823331	0.0005642937	-0.0431950583	-0.0486567622	-0.0109783563	0.0364336915	0.0515428613	0.0209530451	-0.028214182	-0.0523661213	-0.0300891549	0.0188654898	0.051093594	0.0380210421	-0.0087617663	-0.0474506137	-0.0141453811	-0.0445395548	-0.0130206007	-0.0208380971	0.0600087514	-0.0308115304	0.0087958848	-0.022314226	0.0318657933	-1.95782225109494	1.32591943625574	0.448081059024295	-1.68540061352814
0.0217984	0.0776186	0.138781	0.00356604	-0.0021243	-0.00020594	0.01253358	6.48999999999789e-05	-0.010904	0.00031393	-2.71100000000003e-05	-0.0001686381	0.048986385	0.0289706552	-0.0203306886	-0.0514606403	-0.0365955205	0.0109783563	0.048739874	0.0429381175	-0.0012413539	-0.044311314	-0.0477762082	-0.0085391442	0.0383301323	0.050940271	0.0180204398	-0.0310059033	-0.0523194405	-0.0268703181	0.0225952602	0.051865392	0.0347786889	-0.013392903	-0.0362907106	0.0136098332	-0.0136479106	-0.0672864078	0.0356982421	0.0317725698	0.043708503	-0.0006064282	0.0356515889	0.0070885483	-0.214890865342051	1.61219466929985	0.448081059024295	-1.68540061352814
0.00929651	0.0775332	0.166247	0.00293878	-0.00255171	-4.91931e-05	-0.01250189	-8.53999999999994e-05	0.027466	-0.00062726	-0.00042741	0.0001567469	0.100624135	0.0287823352	-0.0207459769	-0.0515825363	-0.0359441567	0.0120792627	0.0492194833	0.0420138333	-0.0030455261	-0.0453609212	-0.0468069407	-0.0060807472	0.0401240904	0.050177843	0.0150222601	-0.0336681095	-0.0520241169	-0.0235073292	0.02618914	0.0522896643	0.03127814	-0.0179144269	-0.0138629706	0.0153390282	0.0318379514	-0.0683122913	-0.0024765403	0.0105859419	0.0417350534	0.0177156903	0.0263339843	0.0040833552	-0.022678360392298	-0.080827842121692	0.448081059024295	0.592443852028073
0.00922169	0.0448924	0.14965	0.00280102	-0.0021271	-3.09652e-05	-7.48199999999998e-05	-0.0326408	-0.016597	-0.00013776	0.00042461	1.82279e-05	0.078342515	0.0285934806	-0.0211597241	-0.0516958108	-0.0352821126	0.0131745611	0.0496661877	0.0410513194	-0.0048460789	-0.0463423012	-0.0457507597	-0.0036086884	0.0418107693	0.0492579697	0.011969416	-0.0361896802	-0.0514815542	-0.0200182296	0.0296255153	0.0523635681	0.0275453833	-0.0222893319	-0.0352043912	0.0241147626	0.0372910617	-0.0353404751	-0.0242858118	0.0251789114	0.0375168969	0.0233411934	0.0427888823	-0.004254932	-0.036267166286905	-0.287958805648419	0.448081059024295	-1.68540061352814
0.00923531	0.0660605	0.128756	0.00321432	-0.00221932	-0.00020594	1.36200000000006e-05	0.0211681	-0.020894	0.0004133	-9.22199999999996e-05	-0.0001749748	0.07610046	0.0284040951	-0.0215718994	-0.0518004449	-0.034609585	0.014263743	0.0500796887	0.0400514517	-0.0066408724	-0.0472539781	-0.0446096262	-0.0011285219	0.0433856593	0.0481835374	0.0088730165	-0.0385600826	-0.0506943307	-0.0164217376	0.0328837193	0.0520866082	0.0236081307	-0.0264818121	0.0200324162	-0.0244908568	0.0426507665	-0.0182903897	-0.02048253	-0.0258979737	0.0421880954	-0.0296178201	-0.0205116641	-0.0371021132	0.274914313687564	0.021056831453674	0.448081059024295	-1.68540061352814
0.0231543	0.080158	0.16062	0.00321432	-0.00219147	-0.00020594	0.01391899	0.0140975	0.031864	0	2.78499999999998e-05	0	0.06127299	0.028214182	-0.0219824722	-0.051896421	-0.0339267737	0.0153463027	0.0504597097	0.03901514	-0.0084277735	-0.0480945804	-0.0433856593	0.0013541801	0.0448445497	0.0469579174	0.0057443291	-0.0407694154	-0.0496661877	-0.0127371473	0.0359441567	0.0514606403	0.0194956122	-0.0304575546	0.0528669606	0.0325557529	0.0221803883	0.0061509817	-0.0505037362	-0.0734257294	-0.0502378505	0.0258300855	0.0447842363	-0.0307001728	0.166782196651071	0.576224270326323	0.448081059024295	-1.68540061352814
0.0170834	0.0515	0.144799	0.00353142	-0.00199659	-0.00020594	-0.0060709	-0.028658	-0.015821	0.0003171	0.00019488	0	0.0761489	0.028023745	-0.0223914121	-0.0519837232	-0.0332338815	0.0164217376	0.0508059967	0.0379433273	-0.0102046586	-0.048862844	-0.0420811315	0.0038338396	0.0461835398	0.0455849554	0.0025947387	-0.0428084497	-0.0484020114	-0.0089842256	0.0387884217	0.0504898588	0.015238359	-0.0341840202	-0.0187642054	0.0401609959	-0.0506250491	0.0464933996	-0.030016441	0.027883277	-0.0497638768	0.0526348775	-0.0205070152	0.0007787909	0.239642310994866	0.68189038164521	0.448081059024295	-1.68540061352814
0.0092507	0.0896428	0.15305	0.00394291	-0.00218193	-0.00020594	-0.0078327	0.0381428	0.00825099999999998	0.00041149	-0.00018534	0	0.084068	0.0278327876	-0.0227986886	-0.0520623368	-0.0325311144	0.0174895484	0.0511183183	0.0368369888	-0.011969416	-0.0495576132	-0.0406984653	0.0063048856	0.0473990497	0.0440689593	-0.0005642937	-0.0446686685	-0.0469078096	-0.0051831058	0.0413994086	0.0491807684	0.0108679768	-0.0376307102	-0.0138445273	0.0004368466	-0.025604593	-0.0377676793	-0.0136049609	0.0111129146	0.0218618893	-0.013366137	0.0157731675	0.0365033438	-0.076082713329245	0.221380138286053	0.448081059024295	-1.68540061352814
0.0194512	0.108006	0.135541	0.00395806	-0.00213961	-0.00020594	0.0102005	0.0183632	-0.017509	1.51500000000002e-05	4.23199999999998e-05	0	0.0489462	0.0276413132	-0.0232042715	-0.0521322486	-0.0318186811	0.0185492395	0.0513964655	0.0356971313	-0.0137199483	-0.050177843	-0.0392402281	0.0087617663	0.0484878293	0.0424146861	-0.0037212726	-0.0463423012	-0.0451906832	-0.0013541801	0.0437614146	0.0475421407	0.0064169112	-0.0407694154	0.0459303594	-0.0031472129	0.0282827885	0.0517595859	0.0263954606	-0.0529927201	-0.0036864107	-0.0161621584	0.0181882751	-0.0706216354	-0.378259364674589	-1.36120330125197	0.448081059024295	-1.68540061352814
0.0188705	0.0784108	0.13554	0.00414851	-0.00216046	-0.00020594	-0.000580699999999996	-0.0295952	-9.99999999973244e-07	0.00019045	-2.08499999999998e-05	0	0.0407419	0.0274493255	-0.0236081307	-0.0521934471	-0.0310967934	0.0196003187	0.0516402525	0.0345247919	-0.015454175	-0.0507226006	-0.0377091275	0.0111989617	0.0494469678	0.0406273263	-0.0068647103	-0.0478223571	-0.0432587929	0.0024820104	0.0458602343	0.0455849554	0.0019182066	-0.0435744473	0.0265581176	-0.0179786146	-0.1074760039	0.0220384111	0.0226563776	-0.0011799964	-0.052662202	-0.0048151507	-0.0467539315	0.0908433974	-1.20045852556685	-1.38568979062455	0.448081059024295	-1.68540061352814
0.0205363	0.0774589	0.135511	0.00452143	-0.00217856	-0.00020594	0.0016658	-0.000951900000000033	-2.9000000000029e-05	0.00037292	-1.81000000000001e-05	0	0.0221977	0.027256828	-0.0240102362	-0.0522459219	-0.0303656657	0.0206422981	0.0518495163	0.0333210373	-0.0171700353	-0.0511910666	-0.0361080066	0.0136109962	0.0502739006	0.0387124883	-0.009983168	-0.0491026536	-0.0411213197	0.0063048856	0.0476832451	0.0433223267	-0.0025947387	-0.0460228486	0.0015943777	0.0098161318	-0.039817168	-0.0350869945	0.050921273	-0.0175361793	0.0218067773	0.0044409435	0.0221933589	0.0404330774	-1.51043789312624	-1.31553996673087	0.448081059024295	-1.68540061352814
0.0192279	0.0876051	0.163429	0.00443404	-0.00217378	-0.00020594	-0.0013084	0.0101462	0.027918	-8.73899999999997e-05	4.7799999999998e-06	0	0.0439811	0.0270638244	-0.024410558	-0.0522896643	-0.0296255153	0.021674694	0.0520241169	0.0320869629	-0.0188654898	-0.0515825363	-0.0344398384	0.0159924506	0.0509664168	0.0366761804	-0.0130652981	-0.050177843	-0.0387884217	0.0100939368	0.0492194833	0.0407694154	-0.0070884207	-0.0480945804	-0.0067592195	-0.0340860464	0.0493480128	-0.0074536895	0.0157893648	-0.00433597	0.0166471055	-0.0427749137	0.0065961594	0.0316330592	-1.1887407877087	-1.21560463277543	0.448081059024295	0.592443852028073
0.0211491	0.0774475	0.142751	0.00443404	-0.00223416	-0.000376229	0.00192119999999999	-0.0101576	-0.020678	0	-6.03799999999996e-05	-0.000170289	0.04429025	0.0268703181	-0.0248090665	-0.052324667	-0.0288765622	0.0226970271	0.0521639377	0.0308236917	-0.0205385235	-0.051896421	-0.0327077205	0.0183379745	0.0515226647	0.0345247919	-0.016099885	-0.051043434	-0.0362711858	0.0138288366	0.0504597097	0.0379433273	-0.0115294786	-0.049772687	0.0579523179	-0.0323905951	0.0360814129	-0.0233568986	0.0004019218	-0.0429693631	0.0327981251	-0.0379880592	-0.0669944244	0.0237920732	-0.148109073063647	-1.11968621567831	-2.22840312389761	0.592443852028073
0.0328788	0.0700086	0.132676	0.00484731	-0.00212128	-0.00020594	0.0117297	-0.0074389	-0.010075	0.000413269999999999	0.00011288	0.000170289	0.0640655499999999	0.0266763128	-0.0252057321	-0.0523509242	-0.0281190288	0.0237088227	0.0522688852	0.0295323731	-0.0221871482	-0.0521322486	-0.0309148693	0.0206422981	0.0519411573	0.0322650733	-0.0190758861	-0.0516958108	-0.0335815749	0.0174895484	0.0513964655	0.0348629988	-0.015884942	-0.051043434	-0.0173496332	0.044789238	-0.0187010278	-0.0114998039	0.0198583373	0.001493224	-0.0179327172	0.0220955806	0.0701235436	-0.034683968	-0.630649433083737	-1.31876326351117	-2.22840312389761	0.592443852028073
0.0335363	0.0774437	0.146118	0.00443405	-0.00237212	-0.00020594	0.000657500000000005	0.0074351	0.013442	-0.000413259999999999	-0.00025084	0	0.0547396	0.0264818121	-0.0256005252	-0.0523684314	-0.0273531403	0.024709611	0.0523388891	0.028214182	-0.0238094045	-0.0522896643	-0.0290646136	0.0229002443	0.0522207755	0.0299041152	-0.0219824722	-0.0521322486	-0.030732371	0.0210564335	0.0520241169	0.0315490697	-0.0201224762	-0.051896421	-0.0069147537	0.0003195042	-0.0233061363	-0.0519224901	0.0488871548	0.0104895537	-0.0100642646	-0.0334064307	0.0429759629	0.0089358531	-1.02341756603107	-1.39351125966911	0.448081059024295	0.592443852028073
0.0264923	0.0737013	0.170282	0.00449773	-0.00211503	-5.82227e-05	-0.00704400000000001	-0.00374240000000003	0.024164	6.368e-05	0.00025709	0.0001477173	0.058374765	0.0262868196	-0.0259934166	-0.0523771858	-0.0265791242	0.0256989275	0.0523739028	0.0268703181	-0.0254033645	-0.0523684314	-0.0271603893	0.0251067401	0.0523607718	0.0274493255	-0.0248090665	-0.0523509242	-0.0277371148	0.0245103563	0.0523388891	0.028023745	-0.0242106219	-0.052324667	-0.0238770747	0.0452966368	0.0135427809	-0.0634270727	0.023199791	0.021297538	0.0352914487	0.0235232618	0.0771581354	0.008653427	-0.532686891500259	-1.33364476093553	0.448081059024295	-1.68540061352814
0.0359798	0.0774438	0.135078	0.00443405	-0.00211503	-0.00020594	0.0094875	0.00374250000000002	-0.035204	-6.368e-05	0	-0.0001477173	0.059003865	0.0260913389	-0.0263843771	-0.0523771858	-0.0257972105	0.0266763128	0.0523739028	0.0255020041	-0.0269671338	-0.0523684314	-0.0252057321	0.027256828	0.0523607718	0.0249084068	-0.0275453833	-0.0523509242	-0.0246100408	0.0278327876	0.0523388891	0.0243106464	-0.0281190288	-0.052324667	0.0431062324	-0.028581758	0.0752785838	-0.0169208773	-0.0216875092	-0.0538466366	0.0951153911	-0.0342553734	-0.0354859924	-0.0040436962	-0.404107430651903	-1.28932396294993	0.448081059024295	-1.68540061352814
0.0443603	0.0774436	0.139471	0.00443405	-0.00264312	-0.00020594	0.0083805	-1.99999999991873e-07	0.00439300000000001	0	-0.00052809	0	0.0391782	0.0258953737	-0.0267733776	-0.0523684314	-0.0250076315	0.0276413132	0.0523388891	0.024110485	-0.028498854	-0.0522896643	-0.0232042715	0.0293456776	0.0522207755	0.0222893319	-0.0301814655	-0.0521322486	-0.0213660101	0.0310059033	0.0520241169	0.0204346535	-0.0318186811	-0.051896421	0.0577922666	0.0435935888	0.0198008126	0.0444464791	-0.0353255497	-0.0480570267	0.0135298569	0.0492809632	-0.0705824861	0.0004365514	-0.380123740366359	-1.21188615435878	0.448081059024295	-1.68540061352814
0.035197	0.0774438	0.13951	0.00443405	-0.00204685	-0.00020594	-0.00916329999999999	1.99999999991873e-07	3.89999999999835e-05	0	0.00059627	0	0.039016	0.0256989275	-0.0271603893	-0.0523509242	-0.0242106219	0.0285934806	0.0522688852	0.0226970271	-0.0299967047	-0.0521322486	-0.0211597241	0.0313685957	0.0519411573	0.0196003187	-0.0327077205	-0.0516958108	-0.0180204398	0.0340126806	0.0513964655	0.0164217376	-0.0352821126	-0.051043434	-0.0368910213	0.0174700065	-0.0307398405	0.0679239928	-0.0203002185	0.0527547575	-0.0430831642	0.0187070743	-0.0123050579	0.0228047692	1.26604721621813	-1.02865119640185	-2.22840312389761	0.592443852028073
0.0350272	0.0706405	0.139508	0.00478176	-0.0019501	-0.00020594	-0.000169800000000005	-0.0068033	-2.000000000002e-06	0.00034771	9.675e-05	0	0.0291981	0.0255020041	-0.0275453833	-0.052324667	-0.0234064185	0.0295323731	0.0521639377	0.0212629165	-0.0314589057	-0.051896421	-0.0190758861	0.0333210373	0.0515226647	0.0168498047	-0.0351149558	-0.051043434	-0.0145892291	0.0368369888	0.0504597097	0.0122987873	-0.0384836111	-0.049772687	-0.0091974936	0.0226521621	-0.0710425011	0.0140644218	0.0146553675	0.0151002951	-0.0053494352	0.0173675099	0.0085998514	0.0152376513	-0.520837537529861	-0.455890949333264	-2.22840312389761	0.592443852028073
0.0283683	0.110592	0.172096	0.00449483	-0.00212233	-0.00020594	-0.0066589	0.0399515	0.032588	-0.00028693	-0.00017223	0	0.1021564	0.025304607	-0.0279283311	-0.0522896643	-0.0225952602	0.0304575546	0.0520241169	0.0198094581	-0.0328837193	-0.0515825363	-0.0169566271	0.0351986159	0.0509664168	0.0140464202	-0.0373944116	-0.050177843	-0.0110886847	0.0394636764	0.0492194833	0.0080934286	-0.0413994086	-0.0480945804	-0.0339035106	-0.002224818	0.0151042569	-0.0399207808	0.0183116106	0.0339152629	0.0278522969	-0.0340791036	0.062569986	-0.0077360835	0.005991644262957	-0.892647496394866	-2.22840312389761	0.592443852028073
0.0341191	0.0681095	0.132367	0.00449772	-0.00235916	-0.00020594	0.0057508	-0.0424825	-0.039729	2.89000000000018e-06	-0.00023683	0	0.0999483	0.0251067401	-0.0283092043	-0.0522459219	-0.021777388	0.0313685957	0.0518495163	0.0183379745	-0.0342694522	-0.0511910666	-0.0148058821	0.0369971132	0.0502739006	0.0111989617	-0.0395377932	-0.0491026536	-0.0075354425	0.0418786518	0.0476832451	0.0038338396	-0.0440078585	-0.0460228486	0.053002215	-0.0332883302	0.0327423253	0.023254567	-0.0256769577	-0.0578098295	-0.024920695	-0.0323429965	0.0170084999	-0.0265966919	0.482904021245805	-1.2425671444688	-2.22840312389761	0.592443852028073
0.0315983	0.11051	0.125048	0.00488126	-0.002299	-0.00020594	-0.0025208	0.0424005	-0.00731900000000002	0.00038354	6.01600000000001e-05	0	0.0744253	0.0249084068	-0.0286879745	-0.0521934471	-0.0209530451	0.0322650733	0.0516402525	0.0168498047	-0.0356144575	-0.0507226006	-0.0126276447	0.0387124883	0.0494469678	0.0083163637	-0.0415373011	-0.0478223571	-0.0039463888	0.0440689593	0.0458602343	-0.0004514381	-0.0462895956	-0.0435744473	-0.0275977202	0.0150266577	-0.0014680011	0.0571543585	0.0025012589	0.0286211172	-0.0465482258	0.018408672	-0.0307235672	-0.0379597021	-0.860561031067374	-1.33454960686624	0.448081059024295	0.592443852028073
0.0331462	0.0763053	0.137032	0.00484297	-0.00229416	-0.00020594	0.0015479	-0.0342047	0.011984	-3.82899999999998e-05	4.83999999999988e-06	0	0.0498931	0.024709611	-0.0290646136	-0.0521322486	-0.0201224762	0.0331465714	0.0513964655	0.0153463027	-0.0369171367	-0.050177843	-0.0104259597	0.0403408874	0.0484878293	0.005407671	-0.0433856593	-0.0463423012	-0.0003385804	0.0460228486	0.0437614146	-0.0047336909	-0.0482276804	-0.0407694154	-0.0707391848	-0.0169797233	-0.0206727002	0.0122281544	0.0258174993	0.0751630165	-0.0276399691	0.0055835338	-0.0086067367	0.0202311539	-0.602504219791317	-1.24814814553533	0.448081059024295	-1.68540061352814
0.0307474	0.0796231	0.128989	0.0050775	-0.00253788	-0.00020594	-0.0023988	0.00331780000000001	-0.00804299999999997	0.000234529999999999	-0.00024372	0	0.0376721	0.0245103563	-0.0294390937	-0.0520623368	-0.0192859283	0.0340126806	0.0511183183	0.0138288366	-0.0381759417	-0.0495576132	-0.0082049152	0.0418786518	0.0473990497	0.0024820104	-0.0450761418	-0.0446686685	0.0032708371	0.0477298374	0.0413994086	-0.0089842256	-0.0498077248	-0.0376307102	-0.0404310479	-0.0176765808	0.0286844101	-0.0394549781	0.0418135256	0.0345185673	0.0494995767	-0.0415655656	0.0099879703	-0.0023505415	-0.262626802325916	-1.26680107019489	0.448081059024295	-1.68540061352814
0.0265419	0.0956559	0.137074	0.00431155	-0.00235602	-0.00020594	-0.00420549999999999	0.0160328	0.00808499999999998	-0.00076595	0.00018186	0	0.0757138000000001	0.0243106464	-0.0298113868	-0.0519837232	-0.0184436498	0.0348629988	0.0508059967	0.0122987873	-0.0393893764	-0.048862844	-0.0059686353	0.0433223267	0.0461835398	-0.0004514381	-0.0466025972	-0.0428084497	0.0068647103	0.0491807684	0.0387884217	-0.0131745611	-0.0510179984	-0.0341840202	0.0313461589	-0.0263180079	0.065232203	0.0205665586	0.0166713489	-0.0517154201	0.023918485	-0.024604564	-0.0112841986	-0.0203046586	0.881507599915792	-1.1800127101102	0.448081059024295	-1.68540061352814
0.0221533	0.0823212	0.124204	0.00481106	-0.00236985	-0.00020594	-0.00438860000000001	-0.0133347	-0.01287	0.00049951	-1.38300000000003e-05	0	0.0562603	0.024110485	-0.0301814655	-0.051896421	-0.0175958911	0.0356971313	0.0504597097	0.010757547	-0.0405559987	-0.0480945804	-0.0037212726	0.0446686685	0.0448445497	-0.0033834701	-0.0479594708	-0.0407694154	0.0104259597	0.0503678575	0.0359441567	-0.01727662	-0.0518495163	-0.0304575546	0.0387485581	-0.0014355368	-0.0400933701	0.0299232091	0.0027383458	-0.0147867073	-0.0227470531	0.0313796984	-0.064588642	0.0307003041	-1.73244137046695	-0.748846546859001	0.448081059024295	-1.68540061352814
0.0277995	0.0947812	0.126873	0.00474605	-0.00235929	-0.00020594	0.0056462	0.01246	0.00266900000000002	-6.50099999999999e-05	1.05600000000002e-05	0	0.0245537	0.0239098759	-0.030549302	-0.0518004449	-0.016742904	0.0365146908	0.0500796887	0.009206518	-0.0416744222	-0.0472539781	-0.0014670001	0.0459146523	0.0433856593	-0.0063048856	-0.0491418251	-0.0385600826	0.0139376608	0.0512847364	0.0328837193	-0.0212629165	-0.0522961052	-0.0264818121	0.0378666167	-0.0161223421	-0.0267055317	-0.0306995967	0.0726378105	-0.0299125898	0.0109441919	-0.01899768	-0.0210863673	-0.0061851202	-0.433668074846421	-0.855802117488492	0.448081059024295	0.592443852028073
0.0439738	0.0994474	0.159642	0.00462858	-0.00247759	-0.00020594	0.0161743	0.0046662	0.032769	-0.00011747	-0.0001183	0	0.065398	0.0237088227	-0.0309148693	-0.0516958108	-0.015884942	0.0373152977	0.0496661877	0.0076471118	-0.0427433176	-0.0463423012	0.0007899965	0.0470574788	0.0418107693	-0.009206518	-0.0501453577	-0.0361896802	0.0173831246	0.0519264863	0.0296255153	-0.0251067401	-0.0523544498	-0.0222893319	0.0503174144	0.0182186753	0.0139622498	-0.0260692198	0.0118853364	-0.0613628755	0.0053948895	0.0212360591	0.0402332717	0.0055746312	-1.73465709425498	-0.915850837824234	0.448081059024295	0.592443852028073
0.051308	0.0823304	0.159611	0.00477315	-0.00271096	-0.00025699	0.0073342	-0.017117	-3.10000000000032e-05	0.00014457	-0.00023337	-5.105e-05	0.0459317	0.0235073292	-0.03127814	-0.0515825363	-0.0150222601	0.0380985803	0.0492194833	0.0060807472	-0.0437614146	-0.0453609212	0.0030455261	0.0480945804	0.0401240904	-0.0120792627	-0.0509664168	-0.0336681095	0.0207459769	0.0522896643	0.02618914	-0.0287823352	-0.0520241169	-0.0179144269	-0.0012353943	0.0457827172	0.0246294649	0.0072412244	-0.0179089276	0.0021090145	0.0021014413	0.0483376284	0.0497413978	0.0009404125	-1.60995975102267	-1.48411542630397	0.448081059024295	0.592443852028073
0.074998	0.0988329	0.136524	0.004841	-0.00262852	-0.00020594	0.02369	0.0165025	-0.023087	6.78499999999995e-05	8.244e-05	5.105e-05	0.0733465	0.0233053991	-0.0316390872	-0.0514606403	-0.0141551145	0.0388641751	0.048739874	0.0045088495	-0.0447275033	-0.044311314	0.0052954007	0.049023627	0.0383301323	-0.0149141057	-0.0516020147	-0.0310059033	0.0240102362	0.0523723222	0.0225952602	-0.0322650733	-0.0513075588	-0.013392903	0.0126507308	-0.025458985	0.0405195008	0.0474048739	-0.0294580117	-0.0185701928	0.0186218915	-0.0266896616	-0.0403097716	-0.0488549987	-0.024881257186343	-1.47323133704968	0.448081059024295	0.592443852028073
0.086063	0.124278	0.133737	0.00486433	-0.00285382	-3.23556e-05	0.011065	0.0254451000000001	-0.00278700000000001	2.33300000000002e-05	-0.0002253	0.0001735844	0.06040782	0.0231030362	-0.0319976841	-0.0513301431	-0.0132837629	0.0396117264	0.0482276804	0.0029328492	-0.0456404355	-0.0431950583	0.0075354425	0.0498425313	0.0364336915	-0.017702152	-0.0520498384	-0.028214182	0.0271603893	0.0521740164	0.0188654898	-0.0355316183	-0.0502100954	-0.0087617663	0.0328362933	0.0261708472	-0.0222417447	0.0356244114	-0.0159667113	-0.0264168158	-0.0484847939	0.0569631178	-0.0459921134	-0.0055560446	-1.39735734488631	-0.722063426639634	0.448081059024295	0.592443852028073
0.0968209	0.105205	0.171215	0.00486993	-0.00284725	5.06942e-05	0.0107579	-0.0190730000000001	0.037478	5.5999999999997e-06	6.57000000000001e-06	8.30498e-05	0.07206989	0.0229002443	-0.032353904	-0.0511910666	-0.0124084642	0.0403408874	0.0476832451	0.0013541801	-0.0464991262	-0.0420138333	0.0097614921	0.0505494535	0.0344398384	-0.0204346535	-0.0523082586	-0.025304607	0.0301814655	0.0516958108	0.0150222601	-0.0385600826	-0.048739874	-0.0040589197	-0.0710819269	0.0230730812	-0.0161907207	0.02653767	-0.0170183926	0.0683084083	-0.0330434222	0.0166314729	0.0103601511	-0.0090923051	-2.02503681499668	-0.257884444820268	0.448081059024295	0.592443852028073
0.0983966	0.0920773	0.188514	0.00498011	-0.00293575	0.000137993	0.0015757	-0.0131277	0.017299	0.000110180000000001	-8.85e-05	8.72988e-05	0.04630134	0.0226970271	-0.0327077205	-0.051043434	-0.0115294786	0.0410513194	0.0471069319	-0.0002257211	-0.047302555	-0.0407694154	0.011969416	0.0511428052	0.032353904	-0.0231030362	-0.0523763346	-0.0222893319	0.0330591074	0.050940271	0.0110886847	-0.0413301739	-0.0469078096	0.0006771467	-0.0273708908	-0.0638653437	-0.0044212103	-0.0146653587	-0.0560625569	0.0218818198	0.0023379232	-0.0516351886	-0.0260408846	0.0592585669	-1.58316583366239	0.065798152502187	0.448081059024295	0.592443852028073
0.117736	0.101212	0.152949	0.00519642	-0.00286889	0.000212157	0.0193394	0.0091347	-0.035565	0.00021631	6.68600000000002e-05	7.4164e-05	0.0819058	0.0224933884	-0.0330591074	-0.0508872699	-0.0106470671	0.0417426926	0.0464991262	-0.001805417	-0.0480497669	-0.0394636764	0.0141551145	0.0516212534	0.0301814655	-0.0256989275	-0.0522538189	-0.0191809517	0.0357796393	0.04991145	0.0070884207	-0.043823331	-0.0447275033	0.005407671	0.0472956662	0.018505545	-0.0334023088	-0.0105707745	-0.0119516019	-0.0388936753	-0.0376429395	0.0328349919	0.0162585201	-0.0200772261	-0.180491098240716	-1.05886731007467	0.448081059024295	0.592443852028073
0.112115	0.0982946	0.180215	0.00520894	-0.00288029	5.95121e-06	-0.00562099999999999	-0.0029174	0.027266	1.25199999999994e-05	-1.14000000000004e-05	-0.00020620579	0.0473106894999999	0.0222893319	-0.0334080384	-0.0507226006	-0.0097614921	0.0424146861	0.0458602343	-0.0033834701	-0.048739874	-0.0380985803	0.016314529	0.0519837232	0.0279283311	-0.028214182	-0.0519411573	-0.0159924506	0.0383301323	0.0486148674	0.0030455261	-0.0460228486	-0.0422151417	0.0100939368	-0.0260943465	0.0258549387	-0.0235452038	-0.0118547462	0.0164715787	0.030030849	-0.0279473426	0.0194836789	0.0432316088	-0.0148006932	-0.184097714333649	-0.874111298309156	0.448081059024295	0.592443852028073
0.0997146	0.0746682	0.17785	0.00546339	-0.00273478	0.000250484	-0.0124004	-0.0236264	-0.00236500000000001	0.000254450000000001	0.00014551	0.00024453279	0.0706164395	0.0220848615	-0.0337544877	-0.0505494535	-0.0088730165	0.0430669878	0.0451906832	-0.0049584444	-0.0493720561	-0.0366761804	0.0184436498	0.0522294002	0.0256005252	-0.0306409077	-0.0514394875	-0.0127371473	0.0406984653	0.0470574788	-0.0010156846	-0.0479139886	-0.0393893764	0.0146975897	-0.0595718136	-0.0207940515	0.0261951245	-0.0200542067	-0.0405398699	0.0543257315	-0.0083103086	-0.0285187127	0.0124873421	0.0382149271	0.61782726716562	-1.02499293797628	0.448081059024295	0.592443852028073
0.091558	0.100356	0.137969	0.00499255	-0.00277352	2.12452e-05	-0.0081566	0.0256878	-0.039881	-0.00047084	-3.87399999999998e-05	-0.0002292388	0.11066634	0.0218799809	-0.0340984296	-0.0503678575	-0.0079819045	0.043699295	0.0444909208	-0.0065289069	-0.0499455618	-0.0351986159	0.0205385235	0.0523577323	0.0232042715	-0.0329714899	-0.050750635	-0.0094286395	0.0428733831	0.0452476394	-0.0050707869	-0.0494840794	-0.0362711858	0.0191809517	0.0442345708	-0.0385515436	-0.019035238	0.0008552014	0.0435686903	-0.0344226084	0.0017484371	-0.0217883135	-0.024293574	-0.0332763014	0.101201680244661	-0.868842022500465	0.448081059024295	0.592443852028073
0.0837851	0.0981796	0.171119	0.00481474	-0.00296023	0.000179917	-0.00777289999999998	-0.0021764	0.03315	-0.00017781	-0.00018671	0.0001586718	0.06925889	0.021674694	-0.0344398384	-0.050177843	-0.0070884207	0.044311314	0.0437614146	-0.0080934286	-0.0504597097	-0.0336681095	0.0225952602	0.0523684314	0.0207459769	-0.0351986159	-0.0498771065	-0.0060807472	0.0448445497	0.0431950583	-0.0090953929	-0.0507226006	-0.0328837193	0.0235073292	0.0007429575	0.0386965273	-0.022012898	0.0085433689	0.0101279413	-0.0061917955	-0.0214379239	0.0216230672	0.0653381379	-0.0208334119	0.412188245680012	-0.918781907658652	0.448081059024295	0.592443852028073
0.0834	0.0751189	0.168354	0.0050759	-0.00308211	0.000177336	-0.000385100000000013	-0.0230607	-0.00276499999999999	0.00026116	-0.00012188	-2.58100000000001e-06	0.04549185	0.0214690046	-0.0347786889	-0.0499794418	-0.0061928308	0.0449027607	0.0430026525	-0.0096505858	-0.0509138886	-0.0320869629	0.0246100408	0.0522614734	0.0182322141	-0.0373152977	-0.0488220806	-0.0027074549	0.0466025972	0.0409107473	-0.0130652981	-0.0516212534	-0.0292521253	0.0276413132	-0.0744830262	-0.022496348	0.0270429762	0.0018053064	-0.032113841	0.0708974132	-0.0078840044	-0.037461141	-0.0091019248	-0.003041128	0.857479293998976	-0.664104838963341	0.448081059024295	0.592443852028073
0.0878909	0.105163	0.150924	0.00487299	-0.00299399	0.000165615	0.00449089999999999	0.0300441	-0.01743	-0.00020291	8.81199999999997e-05	-1.1721e-05	0.06710255	0.0212629165	-0.0351149558	-0.049772687	-0.0052954007	0.0454733605	0.0422151417	-0.0111989617	-0.0513075588	-0.0304575546	0.0265791242	0.0520370985	0.015669704	-0.0393148935	-0.0475893965	0.0006771467	0.0481391707	0.0384069609	-0.0169566271	-0.0521740164	-0.0254033645	0.0315490697	0.0322659855	-0.0624862213	0.000236816	-0.0024519587	0.0290528101	-0.0273362487	-0.0094799657	-0.0606867158	-0.0038993284	-0.060352547	0.533433733290371	-0.886184542047529	0.448081059024295	0.592443852028073
0.0882696	0.10896	0.191951	0.0051688	-0.00287647	0.000169703	0.00037870000000001	0.00379699999999998	0.041027	0.00029581	0.00011752	4.08799999999999e-06	0.0660736000000001	0.0210564335	-0.0354486142	-0.0495576132	-0.0043963972	0.0460228486	0.0413994086	-0.0127371473	-0.0516402525	-0.0287823352	0.028498854	0.0516958108	0.0130652981	-0.0411911291	-0.0461835398	0.0040589197	0.0494469678	0.0356971313	-0.0207459769	-0.0523771858	-0.0213660101	0.0351986159	0.0308189295	0.0234540674	0.0001496253	-0.0124936733	0.02528337	-0.0545133518	-0.0255862844	-0.0024396337	0.0192816905	-0.0214076089	0.344937431577864	-1.10416745692036	0.448081059024295	0.592443852028073
0.0870351	0.0791191	0.184787	0.0051688	-0.00286725	0.000160981	-0.00123449999999999	-0.0298409	-0.00716400000000003	0	9.21999999999989e-06	-8.72199999999999e-06	0.0391365	0.0208495594	-0.0357796393	-0.0493342563	-0.0034960873	0.0465509697	0.0405559987	-0.014263743	-0.0519115742	-0.0270638244	0.0303656657	0.0512383773	0.0104259597	-0.0429381175	-0.0446096262	0.0074237382	0.0505197734	0.0327957961	-0.024410558	-0.0522294002	-0.0171700353	0.0385600826	-0.0211604325	0.0355204895	0.0397563193	-0.0146713415	-0.042856897	0.0214853254	0.0126524216	0.0289632844	7.7415e-05	0.0252634022	0.451464780127049	-1.10222938852579	0.448081059024295	0.592443852028073
0.0977838	0.0858054	0.162494	0.00558128	-0.00284094	0.000331806	0.0107487	0.00668630000000003	-0.022293	0.00041248	2.63099999999999e-05	0.000170825	0.07020875	0.0206422981	-0.0361080066	-0.0491026536	-0.0025947387	0.0470574788	0.0396854757	-0.0157773596	-0.0521212014	-0.025304607	0.0321760928	0.0506658255	0.0077587455	-0.0445503769	-0.0428733831	0.010757547	0.051352489	0.0297185201	-0.0279283311	-0.0517316498	-0.0128465907	0.0416059582	-0.0272369505	-0.0770505005	0.0108281211	0.0182662431	-0.0122950819	0.0251402776	0.0188529438	-0.0450331986	-0.0633615415	-0.0284074429	0.450482678543679	-0.948367854773799	0.448081059024295	0.592443852028073
0.0999973	0.0984058	0.199927	0.00537483	-0.00320758	0.000369332	0.00221350000000001	0.0126004	0.037433	-0.00020645	-0.00036664	3.7526e-05	0.0827777	0.0204346535	-0.0364336915	-0.048862844	-0.0016926191	0.0475421407	0.0387884217	-0.01727662	-0.0522688852	-0.0235073292	0.0339267737	0.0499794418	0.0050707869	-0.0460228486	-0.0409811285	0.0140464202	0.0519411573	0.0264818121	-0.03127814	-0.0508872699	-0.0084277735	0.044311314	-0.0507276935	-0.0387399128	0.0276615434	-0.0392856111	0.0166358878	0.0355888404	0.0540777534	-0.0348392604	-0.02129913	0.0473790259	0.484790425905516	-1.017018342396	0.448081059024295	0.592443852028073
0.09322	0.0711355	0.192079	0.00505377	-0.00331453	0.000581177	-0.0067773	-0.0272703	-0.00784799999999999	-0.00032106	-0.00010695	0.000211845	0.07388835	0.0202266294	-0.0367566699	-0.0486148674	-0.0007899965	0.0480047303	0.0378654364	-0.0187601599	-0.0523544498	-0.021674694	0.0356144575	0.0491807684	0.0023692706	-0.0473509122	-0.0389397479	0.01727662	0.0522829807	0.0231030362	-0.0344398384	-0.0497019183	-0.0039463888	0.0466540082	0.0565930931	-0.0305330054	0.0560971671	-0.0488010898	-0.015831852	-0.0557387503	0.0094836258	-0.0392172518	0.0431701751	-0.0034009015	-1.684465624465	-1.16017868295355	0.448081059024295	0.592443852028073
0.0968712	0.0644793	0.158126	0.0051688	-0.00325672	0.00031439	0.00365119999999999	-0.0066562	-0.033953	0.00011503	5.78100000000001e-05	-0.000266787	0.06624175	0.0200182296	-0.0370769179	-0.0483587652	0.0001128608	0.0484450328	0.0369171367	-0.0202266294	-0.0523777937	-0.0198094581	0.0372360105	0.0482715996	-0.0003385804	-0.0485304007	-0.0367566699	0.0204346535	0.0523763346	0.0196003187	-0.0373944116	-0.0481835374	0.0005642937	0.0486148674	-0.0051119473	0.0746465035	0.0167862684	0.0392356504	0.0100260314	-0.0089496581	0.001405876	0.0603253429	-0.0070116931	-0.0626094624	0.914942553990874	-1.11887117767804	0.448081059024295	0.592443852028073
0.114385	0.103625	0.160636	0.00566155	-0.00339536	0.000581178	0.0175138	0.0391457	0.00251000000000001	0.000492749999999999	-0.00013864	0.000266788	0.1040784	0.0198094581	-0.0373944116	-0.0480945804	0.0010156846	0.048862844	0.0359441567	-0.021674694	-0.0523388891	-0.0179144269	0.0387884217	0.0472539781	-0.0030455261	-0.0495576132	-0.0344398384	0.0235073292	0.0522207755	0.0159924506	-0.0401240904	-0.0463423012	0.0050707869	0.050177843	-0.0439711938	-0.0336901569	0.0332562197	0.0555318935	-0.0039715315	0.0306421212	6.64314e-05	-0.0415196096	-0.0190368565	-0.0313527594	0.539663748502087	-0.964245587143749	0.448081059024295	0.592443852028073
0.110488	0.0981245	0.185893	0.0051688	-0.00337789	0.00035097	-0.00389699999999997	-0.00550049999999999	0.025257	-0.000492749999999999	1.74699999999999e-05	-0.000230208	0.0716758999999999	0.0196003187	-0.0377091275	-0.0478223571	0.0019182066	0.0492579697	0.0349471469	-0.0231030362	-0.0522377823	-0.0159924506	0.0402688086	0.0461301902	-0.0057443291	-0.0504293264	-0.0319976841	0.0264818121	0.0518170426	0.0122987873	-0.0426124582	-0.044190547	0.0095396348	0.0513301431	0.0094589365	-0.040485926	0.0132972721	0.0400525054	-0.0573493072	-0.0305090072	0.0055420938	-0.0373104821	-0.0154223178	0.0433755888	1.04726470860754	-0.790705644373125	0.448081059024295	0.592443852028073
0.107346	0.0729044	0.153521	0.0051688	-0.00329814	0.000230772	-0.00314200000000002	-0.0252201	-0.032372	0	7.975e-05	-0.000120198	0.0707315	0.0193908153	-0.0380210421	-0.0475421407	0.0028201586	0.0496302266	0.0339267737	-0.0245103563	-0.0520745933	-0.0140464202	0.0416744222	0.0449027607	-0.0084277735	-0.0511428052	-0.0294390937	0.0293456776	0.0511670547	0.0085391442	-0.0448445497	-0.0417426926	0.0139376608	0.0520623368	0.0347263908	-0.0086195846	-0.0478874909	0.0193440365	-0.0090542272	0.0051905705	0.0075873753	0.0376875196	-0.0681281849	0.0521603369	0.819123235794615	-0.939011007477274	0.448081059024295	0.592443852028073
0.110666	0.0987024	0.170374	0.00547856	-0.00330384	0.000296321	0.00332000000000002	0.025798	0.016853	0.00030976	-5.69999999999998e-06	6.5549e-05	0.06502145	0.0191809517	-0.0383301323	-0.0472539781	0.0037212726	0.0499794418	0.0328837193	-0.0258953737	-0.0518495163	-0.0120792627	0.0430026525	0.0435744473	-0.0110886847	-0.0516958108	-0.0267733776	0.0320869629	0.0502739006	0.0047336909	-0.0468069407	-0.03901514	0.0182322141	0.0523684314	0.032798363	0.0253837176	-0.059151775	0.0088061597	0.0589428599	-0.0423342393	-0.0014203574	0.0354242429	-0.0102692846	0.0088622351	0.419640450340879	-1.04001638539448	0.448081059024295	0.592443852028073
0.109627	0.0946752	0.199624	0.00547159	-0.0035729	0.000301099	-0.00103900000000001	-0.00402719999999998	0.02925	-6.97000000000024e-06	-0.00026906	4.77800000000004e-06	0.0483566	0.018970732	-0.0386363752	-0.0469579174	0.004621281	0.0503054532	0.0318186811	-0.027256828	-0.0515628185	-0.0100939368	0.0442510332	0.0421482344	-0.0137199483	-0.0520866082	-0.0240102362	0.0346942175	0.0491418251	0.0009028426	-0.0484878293	-0.0360261653	0.0223914121	0.0522459219	-0.013397744	0.0156226497	0.0383341287	-0.0047967748	-0.0149910353	0.0158481645	0.0087787682	0.0134968901	0.0197691742	0.0073660949	0.809261508197375	-0.973442454376956	0.448081059024295	0.592443852028073
0.11122	0.0816838	0.171525	0.00540819	-0.00355998	0.000215261	0.001593	-0.0129914	-0.028099	-6.33999999999999e-05	1.292e-05	-8.58380000000001e-05	0.0507913	0.0187601599	-0.0389397479	-0.0466540082	0.0055199161	0.0506081094	0.030732371	-0.0285934806	-0.0512148408	-0.0080934286	0.0454172463	0.0406273263	-0.016314529	-0.0523139709	-0.0211597241	0.0371565505	0.0477762082	-0.0029328492	-0.0498771065	-0.0327957961	0.0263843771	0.0516958108	0.0370562988	-0.0454550489	0.0020992958	0.0438789721	-0.0351463455	-0.0457515732	-0.0548845614	-0.0152844429	-0.0388718578	0.0101923213	0.816644558629771	-0.996245020085896	0.448081059024295	0.592443852028073
0.108264	0.100712	0.160154	0.00567515	-0.00313147	0.000259075	-0.002956	0.0190282	-0.011371	0.00026696	0.00042851	4.3814e-05	0.0703194	0.0185492395	-0.0392402281	-0.0463423012	0.0064169112	0.0508872699	0.0296255153	-0.0299041152	-0.0508059967	-0.0060807472	0.0464991262	0.03901514	-0.0188654898	-0.0523771858	-0.0182322141	0.0394636764	0.0461835398	-0.006752807	-0.0509664168	-0.0293456776	0.0301814655	0.0507226006	-0.0147320766	0.0423523825	-0.0415875291	0.0481792403	0.000762657	0.0305582489	-0.0574668878	0.0531293404	-0.0258050972	-0.0370780486	0.844402452473213	-0.822050928599142	0.448081059024295	0.592443852028073
0.111761	0.108822	0.190608	0.00545312	-0.00352769	0.000302244	0.003497	0.00811000000000001	0.030454	-0.000222030000000001	-0.00039622	4.3169e-05	0.0751319500000001	0.0183379745	-0.0395377932	-0.0460228486	0.0073119995	0.0511428052	0.028498854	-0.0311875391	-0.0503367722	-0.0040589197	0.0474946641	0.0373152977	-0.0213660101	-0.0522760543	-0.015238359	0.0416059582	0.044371389	-0.0105365379	-0.0517492091	-0.0256989275	0.0337544877	0.0493342563	-0.0100980931	-0.0005068553	-0.0822333205	-0.0089422034	0.0243429218	0.0230197499	-0.0342353019	0.0036569688	0.0176839162	0.0462213183	0.926133269704622	-0.910870385544235	0.448081059024295	0.592443852028073
0.10982	0.0732504	0.209604	0.00553284	-0.00367207	0.000361784	-0.001941	-0.0355716	0.018996	7.97200000000001e-05	-0.00014438	5.954e-05	0.0706906	0.018126369	-0.0398324213	-0.0456957037	0.0082049152	0.0513745965	0.0273531403	-0.0324425845	-0.0498077248	-0.0020309873	0.0484020114	0.0355316183	-0.0238094045	-0.0520108938	-0.0121890533	0.0435744473	0.0423483678	-0.014263743	-0.0522207755	-0.0218799809	0.0370769179	0.0475421407	-0.0171532012	0.0385653742	0.0201438245	-0.0549391654	-0.0199387399	0.0257246687	0.0472333357	0.0177335135	0.0421605956	0.0262188362	-0.665199777940615	-0.924550544147215	0.448081059024295	0.592443852028073
0.112258	0.10654	0.162447	0.00527431	-0.00349374	0.000347562	0.002438	0.0332896	-0.047157	-0.00025853	0.00017833	-1.4222e-05	0.1054387	0.0179144269	-0.0401240904	-0.0453609212	0.0090953929	0.0515825363	0.02618914	-0.0336681095	-0.0492194833	0	0.0492194833	0.0336681095	-0.02618914	-0.0515825363	-0.0090953929	0.0453609212	0.0401240904	-0.0179144269	-0.0523782801	-0.0179144269	0.0401240904	0.0453609212	0.0375685229	-0.0307983821	0.0219065099	0.0408298253	0.0176758306	-0.0258750501	0.0210683123	-0.0403270358	-0.0309457464	-0.063325892	0.892765796771838	-1.09643608893592	0.448081059024295	0.592443852028073
0.116649	0.0969326	0.196417	0.00541707	-0.00352737	0.000254987	0.00439100000000001	-0.0096074	0.03397	0.00014276	-3.36300000000002e-05	-9.2575e-05	0.06141665	0.017702152	-0.0404127789	-0.045018557	0.009983168	0.051766528	0.0250076315	-0.0348629988	-0.0485727468	0.0020309873	0.0499455618	0.0317289578	-0.028498854	-0.050992326	-0.0059686353	0.0469579174	0.0377091275	-0.0214690046	-0.0522207755	-0.0138288366	0.0428733831	0.0428084497	-0.0030092312	0.039396129	-0.019064663	0.0262011149	-0.0157708706	0.0155643252	-0.0100780746	0.0446612477	-0.019914333	0.0047991494	0.555086256841964	-0.788832037270782	0.448081059024295	0.592443852028073
0.125921	0.077766	0.20156	0.00571745	-0.00367109	0.000346237	0.009272	-0.0191666	0.00514299999999998	0.000300379999999999	-0.00014372	9.12499999999999e-05	0.0603490999999999	0.0174895484	-0.0406984653	-0.0446686685	0.0108679768	0.0519264863	0.0238094045	-0.0360261653	-0.0478682839	0.0040589197	0.0505788988	0.0297185201	-0.030732371	-0.0502421146	-0.0028201586	0.0483587652	0.0351149558	-0.0249084068	-0.0517492091	-0.0096505858	0.0453043854	0.0399056168	-0.0768365939	-7.61435e-05	-0.0250217333	0.0031539617	-0.0117085214	0.0811785429	-0.0183715388	-0.001325421	-0.0167957061	0.0229704384	-0.022706245161843	-0.198394997758422	-2.22840312389761	0.592443852028073
0.110771	0.0778282	0.21498	0.00580534	-0.00380972	4.60105e-05	-0.01515	6.21999999999845e-05	0.01342	8.78900000000002e-05	-0.00013863	-0.0003002265	0.054969525	0.01727662	-0.0409811285	-0.044311314	0.0117495564	0.0520623368	0.0225952602	-0.0371565505	-0.0471069319	0.0060807472	0.0511183183	0.0276413132	-0.0328837193	-0.0493342563	0.0003385804	0.0495576132	0.032353904	-0.028214182	-0.0509664168	-0.005407671	0.0473990497	0.0366761804	-0.0462182049	0.0148299127	-0.0129678344	-0.04358027	0.0342536402	0.0385416644	0.0493739275	-0.0005561643	0.0336288974	0.0044445652	-0.681811292853886	-0.664343079463493	-2.22840312389761	0.592443852028073
0.11076	0.107344	0.238482	0.00571745	-0.00369671	0.000166178	-1.1000000000011e-05	0.0295158	0.023502	-8.78900000000002e-05	0.00011301	0.0001201675	0.069082175	0.0170633708	-0.0412607473	-0.0439465533	0.0126276447	0.0521740164	0.0213660101	-0.0382531258	-0.0462895956	0.0080934286	0.0515628185	0.0255020041	-0.0349471469	-0.0482715996	0.0034960873	0.0505494535	0.0294390937	-0.0313685957	-0.0498771065	-0.0011285219	0.0491418251	0.0331465714	0.0095212718	-0.0131730333	0.0538840958	-0.0023370627	-0.0083818457	-0.012510357	0.0399538045	-0.0289625042	0.0303202897	-0.0173542343	-0.868764172572085	-0.453714748092366	-2.22840312389761	0.592443852028073
0.108442	0.0853469	0.206806	0.005779	-0.00350528	8.94041e-05	-0.00231799999999999	-0.0219971	-0.031676	6.15500000000005e-05	0.00019143	-7.67739e-05	0.072478795	0.0168498047	-0.0415373011	-0.0435744473	0.0135019809	0.0522614734	0.0201224762	-0.0393148935	-0.0454172463	0.0100939368	0.0519115742	0.0233053991	-0.0369171367	-0.0470574788	0.0066408724	0.0513301431	0.0263843771	-0.0343547251	-0.0484878293	0.003158189	0.0505197734	0.0293456776	0.0371422697	0.0244719517	-0.0417746653	0.0084085546	-0.0205213228	-0.0231314312	-0.0096932044	0.0757890537	-0.0680850727	0.0859809906	0.211181999806588	-0.756230266932233	-2.22840312389761	0.592443852028073
0.123496	0.0886529	0.199209	0.00610219	-0.00347448	0.000154614	0.015054	0.003306	-0.00759699999999999	0.00032319	3.08000000000001e-05	6.52099e-05	0.046916995	0.0166359256	-0.0418107693	-0.0431950583	0.0143723053	0.052324667	0.0188654898	-0.0403408874	-0.0444909208	0.0120792627	0.0521639377	0.0210564335	-0.0387884217	-0.0456957037	0.0097614921	0.051896421	0.0232042715	-0.0371565505	-0.0468069407	0.0074237382	0.0515226647	0.025304607	-0.0361621965	0.0148849123	0.0262782169	-0.029533697	0.0747216979	0.0357991889	0.0335352155	0.0011415342	-0.0130901408	-0.0084409643	0.860259963217991	-0.478720434982648	-2.22840312389761	0.592443852028073
0.115917	0.101726	0.218259	0.00652804	-0.00374379	0.000112555	-0.007579	0.0130731	0.01905	0.000425849999999999	-0.00026931	-4.2059e-05	0.07656305	0.0164217376	-0.0420811315	-0.0428084497	0.015238359	0.0523635681	0.0175958911	-0.0413301739	-0.0435117199	0.0140464202	0.0523194405	0.0187601599	-0.0405559987	-0.044190547	0.0128465907	0.0522459219	0.0199138901	-0.0397590408	-0.0448445497	0.0116395445	0.0521430537	0.0210564335	0.0261886954	-0.0264548859	0.0300337865	0.021597656	-0.0201044217	-0.0363074969	-0.0365981912	-0.0234397935	0.0078825468	0.0144076436	0.817915267577931	0.00240363182291	-2.22840312389761	0.592443852028073
0.13088	0.0738895	0.182477	0.00645033	-0.00273794	0.000242028	0.014963	-0.0278365	-0.035782	-7.77099999999999e-05	0.00100585	0.000129473	0.13923315	0.0162072446	-0.0423483678	-0.0424146861	0.016099885	0.0523781585	0.016314529	-0.0422818529	-0.0424808075	0.0159924506	0.0523777937	0.0164217376	-0.0422151417	-0.0425467316	0.015884942	0.0523771858	0.01652887	-0.0421482344	-0.0426124582	0.0157773596	0.0523763346	0.0166359256	0.014196383	0.0291377684	-0.04501442	0.0287161605	0.0043488453	0.0175646344	-0.0133660137	0.0435304137	-0.0566068553	0.0053390092	-0.837910232766075	-0.086971388878871	-2.22840312389761	-1.68540061352814
0.152843	0.111765	0.2094	0.00620602	-0.00279272	0.000370937	0.021963	0.0378755	0.026923	-0.00024431	-5.47799999999999e-05	0.000128909	0.10816145	0.0159924506	-0.0426124582	-0.0420138333	0.0169566271	0.0523684314	0.0150222601	-0.0431950583	-0.0413994086	0.0179144269	0.0523388891	0.0140464202	-0.0437614146	-0.0407694154	0.0188654898	0.0522896643	0.0130652981	-0.044311314	-0.0401240904	0.0198094581	0.0522207755	0.0120792627	0.0034410058	0.0001015715	-0.0804097077	-0.0418134719	0.0676652147	-0.0148705234	-0.0360803596	-0.0278047679	0.0441865595	0.021418673	0.956703900252055	-0.267042458103298	-2.22840312389761	0.592443852028073
0.140078	0.0636104	0.243572	0.00633614	-0.00310353	0.000362485	-0.012765	-0.0481546	0.034172	0.00013012	-0.00031081	-8.45199999999994e-06	0.1175607	0.0157773596	-0.0428733831	-0.0416059582	0.0178083308	0.0523343914	0.0137199483	-0.0440689593	-0.0402688086	0.0198094581	0.0522027989	0.0116395445	-0.0451906832	-0.0388641751	0.021777388	0.0519837232	0.0095396348	-0.046236675	-0.0373944116	0.0237088227	0.0516775313	0.0074237382	-0.0083982223	0.0287015054	0.0333587799	-0.076642215	0.0063265956	0.0106647076	0.0501747094	0.0148310513	0.0654271255	0.0270705321	0.274289694849759	-0.82778030905699	-2.22840312389761	-1.68540061352814
0.154575	0.0862872	0.199297	0.00638765	-0.00301854	0.000441713	0.014497	0.0226768	-0.044275	5.15100000000003e-05	8.49900000000001e-05	7.9228e-05	0.0922352	0.0155619757	-0.0431311232	-0.0411911291	0.018654743	0.0522760543	0.0124084642	-0.0449027607	-0.039090351	0.021674694	0.0519697758	0.009206518	-0.0464991262	-0.0368369888	0.0246100408	0.0514606403	0.0059686353	-0.0479139886	-0.0344398384	0.0274493255	0.050750635	0.0027074549	0.0390029443	-0.0551391757	0.0354749729	-0.0181576845	-0.009671688	-0.0403141051	-0.0026182692	-0.0543173205	0.0327675816	-0.0407610334	0.804891964809694	-0.967177190059137	-2.22840312389761	0.592443852028073
0.171615	0.114644	0.226438	0.00633614	-0.00307964	0.000173383	0.01704	0.0283568	0.027141	-5.15100000000003e-05	-6.10999999999997e-05	-0.00026833	0.0915848	0.0153463027	-0.0433856593	-0.0407694154	0.0194956122	0.0521934471	0.0110886847	-0.0456957037	-0.0378654364	0.0235073292	0.0516402525	0.006752807	-0.0476832451	-0.0346942175	0.0273531403	0.0507226006	0.0023692706	-0.0493342563	-0.03127814	0.0310059033	0.0494469678	-0.0020309873	0.0211377183	0.0488604094	-0.017906983	-0.0338332449	0.0092069485	-0.0144023971	0.0022620815	0.0467612821	0.0347516194	0.0027570416	0.573225020583207	-0.598829975684216	0.448081059024295	-1.68540061352814
0.165259	0.0958702	0.226525	0.00605159	-0.00279751	0.000414925	-0.006356	-0.0187738	8.70000000000037e-05	-0.00028455	0.00028213	0.000241542	0.0656279	0.0151303447	-0.0436369724	-0.0403408874	0.0203306886	0.0520866082	0.0097614921	-0.0464470668	-0.0365955205	0.025304607	0.0512148408	0.0042839244	-0.048739874	-0.0324425845	0.0299967047	0.049772687	-0.0012413539	-0.0504898588	-0.0279283311	0.0343547251	0.0477762082	-0.006752807	-0.0405876609	0.0160264168	0.0230952223	-0.0408520003	-0.0189640955	0.0502583273	0.0337512427	-0.0034278398	-0.0021397803	-0.0015563846	0.964883618550348	-0.641895319996339	0.448081059024295	0.592443852028073
0.157786	0.0959497	0.216278	0.00633614	-0.00290282	0.000333687	-0.00747299999999998	7.94999999999962e-05	-0.010247	0.00028455	-0.00010531	-8.1238e-05	0.0413544	0.0149141057	-0.043885044	-0.0399056168	0.0211597241	0.0519555872	0.0084277735	-0.0471561663	-0.0352821126	0.0270638244	0.0506943307	0.001805417	-0.0496661877	-0.0300891549	0.0325311144	0.0486148674	-0.0048460789	-0.0513745965	-0.024410558	0.0374733519	0.0457507597	-0.0114193591	0.0492220156	-0.0661665658	0.0059308702	-0.0305485434	-0.0248510654	-0.0591091383	-0.0003185682	-0.0433801059	0.0188213291	-0.0021576111	1.02589214814218	-0.859314997859401	0.448081059024295	-1.68540061352814
0.157371	0.0959102	0.233095	0.00609868	-0.00311596	0.000254443	-0.000414999999999971	-3.94999999999979e-05	0.0168169999999999	-0.000237459999999999	-0.00021314	-7.9244e-05	0.0437636999999999	0.0146975897	-0.0441298556	-0.0394636764	0.0219824722	0.0518004449	0.0070884207	-0.0478223571	-0.0339267737	0.0287823352	0.0500796887	-0.0006771467	-0.0504597097	-0.0276413132	0.0349471469	0.0472539781	-0.0084277735	-0.0519837232	-0.0207459769	0.0403408874	0.0433856593	-0.0159924506	0.022130396	0.0602820843	-0.0151256112	-0.0084823467	-0.0031363773	-0.0190484548	-0.0215384808	0.0430749414	0.0335048979	-0.02946959	0.978575319244575	-0.812459453042125	0.448081059024295	-1.68540061352814
0.152593	0.0842424	0.255614	0.00633614	-0.00312023	0.000469462	-0.004778	-0.0116678	0.022519	0.000237459999999999	-4.26999999999979e-06	0.000215019	0.06180225	0.0144808008	-0.044371389	-0.03901514	0.0227986886	0.0516212534	0.0057443291	-0.0484450328	-0.0325311144	0.0304575546	0.0493720561	-0.003158189	-0.0511183183	-0.0251067401	0.0372360105	0.0456957037	-0.011969416	-0.0523139709	-0.0169566271	0.0429381175	0.0406984653	-0.0204346535	-0.0193855183	0.0328959175	-0.0120209472	-0.0168289438	-0.0217339958	0.0257090255	0.0226551632	0.0213108875	0.0054258443	0.0143347119	0.547907044074941	-1.02484603850074	0.448081059024295	0.592443852028073
0.140973	0.0738563	0.241377	0.00691431	-0.00331309	0.00034253	-0.01162	-0.0103861	-0.014237	0.00057817	-0.00019286	-0.000126932	0.0811412	0.014263743	-0.0446096262	-0.0385600826	0.0236081307	0.0514180959	0.0043963972	-0.049023627	-0.0310967934	0.0320869629	0.0485727468	-0.0056321357	-0.0516402525	-0.0224933884	0.0393893764	0.0439465533	-0.015454175	-0.0523635681	-0.0130652981	0.0452476394	0.0377091275	-0.024709611	-0.0550840551	0.0061148826	-0.0036200831	-0.0112640257	-0.0088889919	0.0367637715	0.0240207063	-0.0051779624	0.0199402664	-0.0245022778	0.167569383695323	-0.912929181862508	0.448081059024295	0.592443852028073
0.139713	0.104116	0.277679	0.00631526	-0.00324944	0.000581178	-0.00126000000000001	0.0302597	0.036302	-0.00059905	6.36499999999997e-05	0.000238648	0.1128891	0.0140464202	-0.0448445497	-0.0380985803	0.024410558	0.0511910666	0.0030455261	-0.0495576132	-0.0296255153	0.0336681095	0.0476832451	-0.0080934286	-0.0520241169	-0.0198094581	0.0413994086	0.0420138333	-0.0188654898	-0.0521322486	-0.0090953929	0.0472539781	0.0344398384	-0.0287823352	-0.0337045225	-0.0208205761	0.0265184035	-0.061316435	-0.0062292241	0.0160009429	0.0562931407	-0.0156640732	0.0298119787	0.0199980827	0.664650256794586	-0.767792441664915	0.448081059024295	0.592443852028073
0.137756	0.0774714	0.269331	0.0062653	-0.00347983	0.000581178	-0.00195700000000001	-0.0266446	-0.00834800000000002	-4.99599999999999e-05	-0.00023039	0	0.0509671	0.0138288366	-0.0450761418	-0.0376307102	0.0252057321	0.050940271	0.0016926191	-0.0500465054	-0.0281190288	0.0351986159	0.0467052026	-0.0105365379	-0.0522688852	-0.0170633708	0.0432587929	0.0399056168	-0.0221871482	-0.0516212534	-0.0050707869	0.04894369	0.0309148693	-0.0326194932	0.0605192121	0.0178358787	0.0481489082	-0.0573024928	-0.046962445	-0.0836858565	-0.0067862515	0.0057427502	0.0791685359	-0.0474628766	0.6507538818919	-0.753015716052123	0.448081059024295	0.592443852028073
0.13295	0.0959221	0.213598	0.00646341	-0.00313585	0.000581178	-0.00480599999999998	0.0184507	-0.055733	0.000198110000000001	0.00034398	0	0.1060942	0.0136109962	-0.0453043854	-0.0371565505	0.0259934166	0.0506658255	0.0003385804	-0.0504898588	-0.0265791242	0.0366761804	0.0456404355	-0.0129559745	-0.0523739028	-0.014263743	0.0449607632	0.0376307102	-0.0254033645	-0.0508333239	-0.0010156846	0.0503054532	0.0271603893	-0.0361896802	-0.0161533983	0.0263648417	0.0157994277	0.0655504076	-0.0145207659	0.0051065028	-0.0030833692	0.0041706343	-0.0121754815	-0.064211479	0.54003238515547	-0.784568830519383	0.448081059024295	0.592443852028073
0.142356	0.0958885	0.239675	0.00638055	-0.00335884	0.000581178	0.00940599999999997	-3.35999999999947e-05	0.026077	-8.28600000000006e-05	-0.00022299	0	0.0508091	0.013392903	-0.0455292636	-0.0366761804	0.0267733776	0.0503678575	-0.0010156846	-0.0508872699	-0.0250076315	0.0380985803	0.0444909208	-0.0153463027	-0.0523388891	-0.0114193591	0.0464991262	0.0351986159	-0.028498854	-0.049772687	0.0030455261	0.0513301431	0.0232042715	-0.0394636764	-0.0722263191	-0.0533586035	-0.0217658865	0.0045526588	-0.0132661217	0.0558290958	-0.0731685285	-0.0654913728	0.0135891952	-0.0293812064	1.11079374251854	-0.785374858024535	0.448081059024295	0.592443852028073
0.138962	0.0865352	0.222015	0.00676242	-0.00340604	0.000476324	-0.00339399999999998	-0.00935330000000001	-0.01766	0.00038187	-4.71999999999998e-05	-0.000104854	0.0571035	0.0131745611	-0.0457507597	-0.0361896802	0.0275453833	0.0500465054	-0.0023692706	-0.0512383773	-0.0234064185	0.0394636764	0.0432587929	-0.017702152	-0.0521639377	-0.0085391442	0.0478682839	0.0326194932	-0.0314589057	-0.0484450328	0.0070884207	0.0520108938	0.0190758861	-0.0424146861	0.0377945229	-0.0358351615	0.0067465605	-0.0075928532	-0.0037973397	-0.044875609	0.0507394267	-0.0278086122	-0.0203739486	0.0024906857	-0.767601574835637	-0.66408569733573	0.448081059024295	0.592443852028073
0.148604	0.0959817	0.221118	0.00676242	-0.00336506	0.000581178	0.00964199999999998	0.00944650000000001	-0.000897000000000037	0	4.09799999999999e-05	0.000104854	0.0272772	0.0129559745	-0.0459688572	-0.0356971313	0.0283092043	0.0497019183	-0.0037212726	-0.0515428613	-0.021777388	0.0407694154	0.0419463399	-0.0200182296	-0.0518495163	-0.0056321357	0.0490632542	0.0299041152	-0.0342694522	-0.0468574839	0.0110886847	0.0523431439	0.0148058821	-0.045018557	0.0295501354	0.0470913316	-0.0177028153	0.0308998192	-0.0095375966	-0.0153094334	0.014152538	0.0475564218	-0.0228833467	-0.0139293492	0.969360239453082	-0.722232638990886	0.448081059024295	0.592443852028073
0.165944	0.0926723	0.246899	0.0064563	-0.00335484	0.000581178	0.01734	-0.00330939999999996	0.025781	-0.00030612	1.022e-05	0	0.0622474	0.0127371473	-0.0461835398	-0.0351986159	0.0290646136	0.0493342563	-0.0050707869	-0.0518004449	-0.0201224762	0.0420138333	0.0405559987	-0.0222893319	-0.0513964655	-0.0027074549	0.0500796887	0.0270638244	-0.0369171367	-0.045018557	0.0150222601	0.052324667	0.0104259597	-0.0472539781	0.0034357042	0.0204600723	-0.0473504561	0.0013573041	-0.0169563767	0.0008096818	-0.042243841	0.0152432724	0.0331074543	0.0136999998	-0.510349518008644	-0.78906131526607	0.448081059024295	0.592443852028073
0.15296	0.0737302	0.246906	0.00685402	-0.0033114	0.000581178	-0.012984	-0.0189421000000001	7.000000000007e-06	0.00039772	4.34399999999996e-05	0	0.0539911	0.0125180835	-0.0463947917	-0.0346942175	0.0298113868	0.04894369	-0.0064169112	-0.0520108938	-0.0184436498	0.0431950583	0.039090351	-0.0245103563	-0.0508059967	0.0002257211	0.0509138886	0.024110485	-0.0393893764	-0.0429381175	0.0188654898	0.0519555872	0.0059686353	-0.0491026536	0.0203957903	0.0378933446	-0.0271418192	-0.0217327893	-0.0071164511	-0.0133003133	0.018496992	0.0246425013	0.0244910981	0.0298470572	1.17006979137855	-0.636195391289281	0.448081059024295	0.592443852028073
0.166371	0.121273	0.246866	0.0066511	-0.00355542	0.000436566	0.013411	0.0475428	-4.00000000000122e-05	-0.000202919999999999	-0.00024402	-0.000144612	0.0905714	0.0122987873	-0.0466025972	-0.0341840202	0.030549302	0.0485304007	-0.0077587455	-0.0521740164	-0.016742904	0.044311314	0.0375521182	-0.0266763128	-0.0500796887	0.003158189	0.0515628185	0.0210564335	-0.0416744222	-0.0406273263	0.0225952602	0.0512383773	0.0014670001	-0.0505494535	0.0101509364	0.0232334315	0.0392675397	-0.0312642825	-0.010751032	-0.0206154369	0.0477981423	0.0102296504	0.0118579695	-0.010250586	0.721482484451684	0.078062226257308	0.448081059024295	0.592443852028073
0.162513	0.0837308	0.246895	0.00681271	-0.00327129	0.00035908	-0.00385799999999997	-0.0375422	2.90000000000013e-05	0.000161609999999999	0.00028413	-7.7486e-05	0.0675905	0.0120792627	-0.0468069407	-0.0336681095	0.03127814	0.0480945804	-0.0090953929	-0.0522896643	-0.0150222601	0.0453609212	0.0359441567	-0.0287823352	-0.0492194833	0.0060807472	0.0520241169	0.0179144269	-0.0437614146	-0.0380985803	0.02618914	0.050177843	-0.0030455261	-0.0515825363	0.0681448252	-0.0403642043	0.0113315794	0.024251674	-0.0710097428	-0.0630114645	-0.0149437906	0.0059046137	-0.0262739922	0.038478239	0.194085289903237	-0.536760274056154	0.448081059024295	0.592443852028073
0.157997	0.0948806	0.225548	0.00713426	-0.00366666	2.63179e-05	-0.00451600000000002	0.0111498	-0.021347	0.00032155	-0.00039537	-0.0003327621	0.089496905	0.0118595137	-0.0470078072	-0.0331465714	0.0319976841	0.0476364314	-0.0104259597	-0.0523577323	-0.0132837629	0.0463423012	0.0342694522	-0.0308236917	-0.0482276804	0.0089842256	0.0522961052	0.0146975897	-0.0456404355	-0.0353654455	0.0296255153	0.0487810905	-0.0075354425	-0.0521934471	0.007755728	0.0526737101	-0.0530019373	0.0764634256	-0.042688097	0.0081501386	-0.0530252581	0.0608973832	-0.0113030377	0.0033139996	1.27454928245236	-0.984111072562765	0.448081059024295	0.592443852028073
0.166139	0.123559	0.246857	0.00688668	-0.00369436	0.000377076	0.00814200000000001	0.0286784	0.021309	-0.00024758	-2.76999999999999e-05	0.0003507581	0.089431305	0.0116395445	-0.0472051818	-0.0326194932	0.0327077205	0.0471561663	-0.0117495564	-0.0523781585	-0.0115294786	0.0472539781	0.0325311144	-0.0327957961	-0.0471069319	0.0118595137	0.0523777937	0.0114193591	-0.047302555	-0.0324425845	0.0328837193	0.0470574788	-0.011969416	-0.0523771858	-0.0568376677	-0.0518222771	-0.0318159943	0.0390090599	-0.0092960446	0.0456272815	-0.0159430386	-0.0330310823	-0.0409828029	-0.0210877237	0.36456970357593	-0.905470587908187	0.448081059024295	0.592443852028073
0.165527	0.111007	0.258346	0.00697785	-0.00368325	0.00026247	-0.000612000000000001	-0.012552	0.011489	9.11699999999998e-05	1.11099999999999e-05	-0.000114606	0.0354973	0.0114193591	-0.0473990497	-0.0320869629	0.0334080384	0.0466540082	-0.0130652981	-0.0523509242	-0.0097614921	0.0480945804	0.030732371	-0.0346942175	-0.0458602343	0.0146975897	0.0522688852	0.0080934286	-0.048739874	-0.0293456776	0.0359441567	0.045018557	-0.016314529	-0.0521322486	0.0029830027	-0.0639601776	-0.0327459664	0.005675207	0.0049721642	-0.012315201	-0.0425987978	-0.0574986099	-0.0046325816	0.0352148844	-0.155120977213401	-0.764814660448413	0.448081059024295	0.592443852028073
0.160745	0.0934108	0.254517	0.00689276	-0.00376205	0.00031681	-0.00478200000000001	-0.0175962	-0.00382900000000003	-8.50899999999995e-05	-7.88e-05	5.434e-05	0.0371187	0.0111989617	-0.0475893965	-0.0315490697	0.0340984296	0.0461301902	-0.0143723053	-0.0522760543	-0.0079819045	0.048862844	0.0288765622	-0.0365146908	-0.0444909208	0.0174895484	0.0519697758	0.0047336909	-0.0499455618	-0.0260913389	0.0387884217	0.042677987	-0.0205385235	-0.0514606403	0.0398458792	-0.0257816263	-0.0626950795	-0.0402931247	0.0112518752	-0.0119835714	0.0101553206	-0.0001469811	-0.041596744	0.090744755	-0.78386062626186	-0.956237529383591	0.448081059024295	0.592443852028073
0.157662	0.0854632	0.234851	0.00739647	-0.00363545	0.000354993	-0.003083	-0.00794760000000001	-0.019666	0.000503709999999998	0.0001266	3.8183e-05	0.0641212499999999	0.0109783563	-0.0477762082	-0.0310059033	0.0347786889	0.0455849554	-0.015669704	-0.0521536168	-0.0061928308	0.0495576132	0.0269671338	-0.0382531258	-0.0430026525	0.0202266294	0.0514815542	0.0013541801	-0.0509138886	-0.0226970271	0.0413994086	0.0400514517	-0.0246100408	-0.0503678575	0.0071882365	0.0313151761	-0.0025618173	-0.029691649	0.0668942923	-0.0068626423	0.0385058698	0.0086425258	0.0223453054	0.0032409316	-0.872687559647048	-1.40143287400499	0.448081059024295	0.592443852028073
0.163568	0.114903	0.237227	0.00719085	-0.00372056	0.000255232	0.00590600000000002	0.0294398	0.00237599999999996	-0.000205619999999998	-8.51099999999998e-05	-9.9761e-05	0.0572463499999999	0.010757547	-0.0479594708	-0.0304575546	0.0354486142	0.045018557	-0.0169566271	-0.0519837232	-0.0043963972	0.050177843	0.0250076315	-0.0399056168	-0.0413994086	0.0229002443	0.0508059967	-0.0020309873	-0.0516402525	-0.0191809517	0.0437614146	0.0371565505	-0.028498854	-0.048862844	0.0161046196	-0.0206070432	0.0661694389	0.0113993639	0.0211630164	-0.0255187459	0.0525129781	-0.0301414692	-0.0051919454	0.0068323774	-0.527425035487142	-0.956863651789286	0.448081059024295	0.592443852028073
0.14957	0.0683401	0.239582	0.00706289	-0.00369677	0.000238397	-0.013998	-0.0465629	0.00235500000000002	-0.000127960000000001	2.37900000000001e-05	-1.6835e-05	0.07134515	0.0105365379	-0.0481391707	-0.0299041152	0.0361080066	0.044431258	-0.0182322141	-0.051766528	-0.0025947387	0.0507226006	0.0230016937	-0.0414684511	-0.0396854757	0.0255020041	0.0499455618	-0.005407671	-0.0521212014	-0.0155619757	0.0458602343	0.0340126806	-0.0321760928	-0.0469579174	0.0477634581	-0.0067515155	-0.0007709665	-0.0140081816	0.0180646847	-0.0416256454	-0.0119489966	-0.0011189848	-0.0484721993	0.0534963878	-0.029315493239368	0.11326187266585	0.448081059024295	0.592443852028073
0.143931	0.111537	0.235903	0.00737749	-0.00383421	0.000225286	-0.00563900000000001	0.0431969	-0.00367899999999999	0.000314599999999999	-0.00013744	-1.3111e-05	0.07577245	0.0103153331	-0.0483152946	-0.0293456776	0.0367566699	0.043823331	-0.0194956122	-0.051502229	-0.0007899965	0.0511910666	0.0209530451	-0.0429381175	-0.0378654364	0.028023745	0.0489033805	-0.0087617663	-0.0523544498	-0.0118595137	0.0476832451	0.0306409077	-0.0356144575	-0.0446686685	-0.0500370442	0.020071597	0.0069420791	0.0231606898	0.0398984189	0.0215502953	-0.0389944811	-0.0111253685	0.0442509904	-0.0404014174	-0.657461754391913	-1.06654154760299	0.448081059024295	0.592443852028073
0.133102	0.0967778	0.252777	0.00736452	-0.00363681	0.000271699	-0.010829	-0.0147592	0.0168739999999999	-1.29699999999984e-05	0.0001974	4.6413e-05	0.0553013499999999	0.0100939368	-0.0484878293	-0.0287823352	0.0373944116	0.0431950583	-0.0207459769	-0.0511910666	0.0010156846	0.0515825363	0.0188654898	-0.044311314	-0.0359441567	0.0304575546	0.0476832451	-0.0120792627	-0.0523388891	-0.0080934286	0.0492194833	0.0270638244	-0.0387884217	-0.0420138333	-0.063274686	-0.0241679891	0.0011662901	-0.0471935644	0.0625384104	0.0603031735	-0.0170801551	-0.0183258578	0.0201567295	0.0442940535	-1.42815216898089	-1.2107542444698	0.448081059024295	-1.68540061352814
0.137172	0.0826933	0.215906	0.00707442	-0.00355721	0.00029689	0.00407000000000002	-0.0140845	-0.036871	-0.000290100000000001	7.96e-05	2.5191e-05	0.07477005	0.009872353	-0.0486567622	-0.028214182	0.0380210421	0.0425467316	-0.0219824722	-0.0508333239	0.0028201586	0.051896421	0.016742904	-0.0455849554	-0.0339267737	0.0327957961	0.0462895956	-0.0153463027	-0.0520745933	-0.0042839244	0.0504597097	0.0233053991	-0.0416744222	-0.03901514	0.0165333626	-0.0210098902	0.0764750228	-0.0202255339	0.0545562323	-0.0242069018	0.0968900743	-0.0447657747	-0.0177346137	0.0121355272	-0.129296892137895	-1.19858789703762	0.448081059024295	-1.68540061352814
0.13072	0.126908	0.197942	0.00757521	-0.00396138	0.00031494	-0.00645200000000001	0.0442147	-0.017964	0.000500789999999998	-0.00040417	1.805e-05	0.1147812	0.0096505858	-0.0488220806	-0.0276413132	0.0386363752	0.0418786518	-0.0232042715	-0.0504293264	0.004621281	0.0521322486	0.0145892291	-0.0467561802	-0.0318186811	0.0350311327	0.0447275033	-0.0185492395	-0.0515628185	-0.0004514381	0.0513964655	0.0193908153	-0.0442510332	-0.0356971313	0.0451314997	0.0178071117	0.0510512638	0.0188315303	0.02691163	-0.0191295826	-0.0177539839	0.0347328536	-0.0193712927	-0.0107194617	-0.207800326142181	-0.80722870562808	0.448081059024295	-1.68540061352814
0.133077	0.0863253	0.170049	0.00774106	-0.00381292	0.000275358	0.002357	-0.0405827	-0.027893	0.000165850000000002	0.00014846	-3.9582e-05	0.0885273	0.0094286395	-0.0489837722	-0.0270638244	0.0392402281	0.0411911291	-0.024410558	-0.0499794418	0.0064169112	0.0522896643	0.0124084642	-0.0478223571	-0.0296255153	0.0371565505	0.0430026525	-0.021674694	-0.0508059967	0.0033834701	0.0520241169	0.0153463027	-0.0464991262	-0.0320869629	-0.0820256059	-0.0041481122	0.0312042701	0.0884648135	0.059483553	0.0777157109	-0.0119939862	0.0035006214	-0.0051500405	-0.0641193466	0.365133812463823	-0.126826808831123	0.448081059024295	0.592443852028073
0.14223	0.128374	0.204759	0.00692115	-0.00364255	0.000581178	0.00915299999999999	0.0420487	0.03471	-0.00081991	0.00017037	0.00030582	0.1507167	0.009206518	-0.0491418251	-0.0264818121	0.0398324213	0.0404844828	-0.0256005252	-0.0494840794	0.0082049152	0.0523684314	0.0102046586	-0.0487810905	-0.0273531403	0.0391653804	0.0411213197	-0.024709611	-0.0498077248	0.0072002268	0.0523388891	0.0111989617	-0.0484020114	-0.028214182	-0.0025892551	-0.0887373891	0.0078332638	0.0122434815	0.0684524277	0.0001963691	0.0018092439	-0.0755173691	-0.0275376659	0.0157059589	0.531572703770947	-0.262731951116384	-2.22840312389761	0.592443852028073
0.159298	0.0927715	0.169741	0.00760277	-0.00351313	0.000581178	0.017068	-0.0356025	-0.035018	0.00068162	0.00012942	0	0.1282405	0.0089842256	-0.0492962274	-0.0258953737	0.0404127789	0.0397590408	-0.0267733776	-0.04894369	0.009983168	0.0523684314	0.0079819045	-0.0496302266	-0.0250076315	0.0410513194	0.039090351	-0.0276413132	-0.0485727468	0.0109783563	0.0523388891	0.0069765817	-0.0499455618	-0.024110485	0.0288040894	0.0194600329	0.0530886166	0.0207637285	0.0651655762	-0.0435169022	-0.0088195322	0.0156794881	0.0343214075	-0.0299524979	-0.276872573391	-0.285937898287036	-2.22840312389761	0.592443852028073
0.152869	0.103486	0.161769	0.00789146	-0.00321185	0.000441559	-0.00642899999999999	0.0107145	-0.00797200000000001	0.000288689999999998	0.00030128	-0.000139619	0.06159495	0.0087617663	-0.0494469678	-0.025304607	0.0409811285	0.03901514	-0.0279283311	-0.0483587652	0.0117495564	0.0522896643	0.0057443291	-0.0503678575	-0.0225952602	0.0428084497	0.0369171367	-0.0304575546	-0.0471069319	0.0146975897	0.0520241169	0.0027074549	-0.0511183183	-0.0198094581	-0.0693708429	0.0006242917	0.0325881495	0.0619462682	0.1176427162	0.0747032136	-0.0588204262	-0.006983478	0.0100715257	-0.0551329514	-0.038004945124941	-0.096038662961058	-2.22840312389761	0.592443852028073
0.140158	0.0841073	0.125352	0.00685712	-0.00294845	0.000459481	-0.012711	-0.0193787	-0.036417	-0.00103434	0.0002634	1.7922e-05	0.1342898	0.0085391442	-0.049594035	-0.024709611	0.0415373011	0.0382531258	-0.0290646136	-0.0477298374	0.0135019809	0.0521322486	0.0034960873	-0.050992326	-0.0201224762	0.044431258	0.034609585	-0.0331465714	-0.0454172463	0.0183379745	0.0513964655	-0.0015798132	-0.0519115742	-0.0153463027	0.0146110825	-0.0184170464	0.0612667182	0.0533086257	0.0201261798	-0.0008976627	0.0876380224	0.0240030217	-0.0856963287	0.0398384482	-1.94793542720511	-0.318021277863026	-2.22840312389761	0.592443852028073
0.143517	0.13516	0.200022	0.00612674	-0.00307435	0.000581178	0.003359	0.0510527	0.07467	-0.00073038	-0.0001259	0.000121697	0.17798055	0.0083163637	-0.0497374181	-0.024110485	0.0420811315	0.0374733519	-0.0301814655	-0.0470574788	0.015238359	0.051896421	0.0012413539	-0.051502229	-0.0175958911	0.0459146523	0.0321760928	-0.0356971313	-0.0435117199	0.0218799809	0.0504597097	-0.0058564958	-0.0523194405	-0.010757547	0.018794	0.0221444301	0.0311587998	0.0366573256	-0.0337862151	0.005808163	0.0314950337	0.0567550921	-0.1222395598	0.0227340374	0.245600170855823	-0.185110757483582	0.448081059024295	-1.68540061352814
0.138093	0.0941523	0.15537	0.00654729	-0.00281263	0.000305693	-0.00542400000000001	-0.0410077	-0.044652	0.00042055	0.00026172	-0.000275485	0.13897145	0.0080934286	-0.0498771065	-0.0235073292	0.0426124582	0.0366761804	-0.03127814	-0.0463423012	0.0169566271	0.0515825363	-0.0010156846	-0.051896421	-0.0150222601	0.0472539781	0.0296255153	-0.0380985803	-0.0413994086	0.025304607	0.0492194833	-0.0100939368	-0.0523388891	-0.0060807472	0.0223622677	0.0090773369	-0.0050920023	0.0624625099	0.0435368923	0.0279683758	-0.0535574209	0.0220445531	0.0018195097	-0.0873834684	-0.64793966328773	-0.010316634726858	0.448081059024295	0.592443852028073
0.13302	0.128882	0.217024	0.00608186	-0.002703	0.000581178	-0.00507299999999994	0.0347297	0.061654	-0.00046543	0.00010963	0.000275485	0.14398395	0.0078703433	-0.0500130897	-0.0229002443	0.0431311232	0.0358619813	-0.032353904	-0.0455849554	0.018654743	0.0511910666	-0.0032708371	-0.0521740164	-0.0124084642	0.0484450328	0.0269671338	-0.0403408874	-0.039090351	0.0285934806	0.0476832451	-0.014263743	-0.0519697758	-0.0013541801	0.0131749818	0.0077265662	-0.0618863252	0.0337141451	0.0614379008	-0.0215521303	-0.054162732	0.0111482968	0.0250061162	-0.0197902058	-0.074916014571487	-0.077161990859142	0.448081059024295	-1.68540061352814
0.141882	0.0760496	0.262162	0.00619604	-0.00313788	0.000645255	0.00886199999999993	-0.0528324	0.045138	0.00011418	-0.00043488	6.40769999999999e-05	0.13748925	0.0076471118	-0.0501453577	-0.0222893319	0.0436369724	0.0350311327	-0.0334080384	-0.0447861304	0.0203306886	0.0507226006	-0.0055199161	-0.0523343914	-0.0097614921	0.0494840794	0.0242106219	-0.0424146861	-0.0365955205	0.0317289578	0.0458602343	-0.0183379745	-0.0512148408	0.0033834701	-0.0215927179	0.0145877794	0.0548720901	-0.0143905883	-0.0199946537	0.0239314171	0.0213195756	-0.0058291154	0.036181378	0.0188425842	0.219193572944525	-0.039877935602145	-2.22840312389761	-1.68540061352814
0.154517	0.107621	0.230375	0.0058712	-0.0031014	0.000720498	0.012635	0.0315714	-0.031787	-0.00032484	3.64800000000002e-05	7.52430000000001e-05	0.09782155	0.0074237382	-0.0502739006	-0.021674694	0.0441298556	0.0341840202	-0.0344398384	-0.0439465533	0.0219824722	0.050177843	-0.0077587455	-0.0523771858	-0.0070884207	0.0503678575	0.0213660101	-0.044311314	-0.0339267737	0.0346942175	0.0437614146	-0.0222893319	-0.0500796887	0.0080934286	0.0611612905	0.0025098075	0.0319186426	0.0572661049	-0.0159527689	-0.0465776725	-0.0177657156	-0.0257076427	-0.0300277961	-0.1198523539	-1.6371178434732	0.057416176704414	-2.22840312389761	0.592443852028073
0.166204	0.112972	0.256845	0.00556314	-0.00302355	0.000581178	0.011687	0.005351	0.02647	-0.00030806	7.785e-05	-0.00013932	0.0697695	0.0072002268	-0.0503987089	-0.0210564335	0.0446096262	0.0333210373	-0.0354486142	-0.0430669878	0.0236081307	0.0495576132	-0.009983168	-0.0523023033	-0.0043963972	0.051093594	0.0184436498	-0.0460228486	-0.0310967934	0.0374733519	0.0413994086	-0.0260913389	-0.0485727468	0.0127371473	0.0029917718	0.033619808	-0.0023854484	0.0781383886	-0.0482811858	-0.0084914831	-0.0411974407	0.0388614204	-0.0461675902	-0.0143484589	0.639324751398543	-0.194271014635413	-2.22840312389761	-1.68540061352814
0.163743	0.0803179	0.262264	0.00547639	-0.00276347	0.000581178	-0.00246099999999999	-0.0326541	0.00541900000000001	-8.675e-05	0.00026008	0	0.0578756	0.0069765817	-0.0505197734	-0.0204346535	0.0450761418	0.0324425845	-0.0364336915	-0.0421482344	0.0252057321	0.048862844	-0.0121890533	-0.0521099123	-0.0016926191	0.0516590118	0.015454175	-0.0475421407	-0.0281190288	0.0400514517	0.0387884217	-0.0297185201	-0.0467052026	0.01727662	-0.0527830627	-0.0810456116	-0.0105739789	0.0385259511	-0.073446882	0.0657473291	-0.0422618619	-0.0666586593	-0.061476008	0.0092650922	0.389621380535043	-0.140970243331364	0.448081059024295	-1.68540061352814
0.181281	0.0885932	0.229925	0.0053293	-0.002534	0.000581178	0.017538	0.0082753	-0.032339	-0.00014709	0.00022947	0	0.0769803	0.006752807	-0.050637085	-0.0198094581	0.0455292636	0.0315490697	-0.0373944116	-0.0411911291	0.0267733776	0.0480945804	-0.0143723053	-0.0518004449	0.0010156846	0.0520623368	0.0124084642	-0.048862844	-0.0250076315	0.0424146861	0.0359441567	-0.0331465714	-0.0444909208	0.021674694	0.0501612926	-0.0139884068	-0.0186183151	0.0359405175	0.0240357536	-0.0491117551	0.0055125631	-0.012510779	-0.0437000519	-0.0808400196	-0.738134065771399	-0.253355626260444	0.448081059024295	-1.68540061352814
0.234507	0.112018	0.298835	0.00496362	-0.00320805	0.00123493	0.053226	0.0234248	0.06891	-0.00036568	-0.00067405	0.000653752	0.2302349	0.0065289069	-0.050750635	-0.0191809517	0.0459688572	0.0306409077	-0.0383301323	-0.0401965428	0.0283092043	0.0472539781	-0.01652887	-0.0513745965	0.0037212726	0.0523023033	0.0093176004	-0.0499794418	-0.021777388	0.0445503769	0.0328837193	-0.036352523	-0.0419463399	0.0258953737	-0.0055406772	0.0316223868	-0.0113742837	0.0427698636	-0.0928988013	-0.0041511305	-0.0342008071	0.0338795393	-0.0467091047	-0.014677861	-0.080986528901406	-0.506532917692717	-2.22840312389761	0.592443852028073
0.220128	0.0760982	0.308847	0.00512177	-0.00268472	0.000949746	-0.014379	-0.0359198	0.010012	0.00015815	0.00052333	-0.000285184	0.108644	0.0063048856	-0.050860415	-0.0185492395	0.0463947917	0.0297185201	-0.0392402281	-0.0391653804	0.0298113868	0.0463423012	-0.018654743	-0.0508333239	0.0064169112	0.0523781585	0.0061928308	-0.0508872699	-0.0184436498	0.0464470668	0.0296255153	-0.0393148935	-0.039090351	0.0299041152	-0.0672929125	0.0022447815	-0.0882467162	0.0219361533	-0.091415624	0.0699614467	-0.0727745926	0.0120461505	-0.0173219062	0.0299694107	-0.371080151907566	-0.531800964727212	-2.22840312389761	0.592443852028073
0.246479	0.109104	0.298952	0.00506025	-0.0027326	0.00100047	0.026351	0.0330058	-0.00989499999999999	-6.15200000000007e-05	-4.78800000000002e-05	5.0724e-05	0.077258	0.0060807472	-0.0509664168	-0.0179144269	0.0468069407	0.0287823352	-0.0401240904	-0.0380985803	0.03127814	0.0453609212	-0.0207459769	-0.050177843	0.0090953929	0.0522896643	0.0030455261	-0.0515825363	-0.0150222601	0.0480945804	0.02618914	-0.0420138333	-0.0359441567	0.0336681095	-0.0196099931	0.0099539496	-0.0790656179	-0.0510052782	-0.0149137134	0.0166242726	-0.0078151888	0.0042337578	0.0187554227	0.0175375377	-0.998281677067931	-0.422180667598896	0.448081059024295	-1.68540061352814
0.254301	0.12201	0.359081	0.00528205	-0.00285858	0.00110783	0.007822	0.012906	0.060129	0.0002218	-0.00012598	0.00010736	0.103614	0.0058564958	-0.0510686325	-0.01727662	0.0472051818	0.0278327876	-0.0409811285	-0.0369971132	0.0327077205	0.044311314	-0.0227986886	-0.0494096266	0.0117495564	0.0520370985	-0.0001128608	-0.0520623368	-0.0115294786	0.0494840794	0.0225952602	-0.044431258	-0.0325311144	0.0371565505	-0.0309255836	0.0379893932	-0.0438921189	-0.0832588483	-0.036328703	0.0181032152	0.0106667293	0.0056270856	0.0793174879	0.0122613206	-0.406150826564151	-0.500151300346838	0.448081059024295	-1.68540061352814
0.250659	0.0889818	0.359028	0.00545693	-0.00305218	0.00115676	-0.00364199999999998	-0.0330282	-5.29999999999697e-05	0.00017488	-0.0001936	4.893e-05	0.0575936999999999	0.0056321357	-0.0511670547	-0.0166359256	0.0475893965	0.0268703181	-0.0418107693	-0.0358619813	0.0340984296	0.0431950583	-0.0248090665	-0.0485304007	0.0143723053	0.0516212534	-0.0032708371	-0.052324667	-0.0079819045	0.0506081094	0.0188654898	-0.0465509697	-0.0288765622	0.0403408874	-0.0100554443	3.9001e-06	0.0191135591	-0.0937102621	-0.1060940303	0.011584193	0.0686863895	-0.0023928274	0.0213590395	0.0663447069	-0.624022338753703	-0.211936612378822	0.448081059024295	-1.68540061352814
0.260071	0.0991619	0.313948	0.00537106	-0.00308949	0.00107087	0.00941199999999998	0.0101801	-0.04508	-8.58699999999992e-05	-3.731e-05	-8.58899999999999e-05	0.0751255999999999	0.005407671	-0.0512616758	-0.0159924506	0.0479594708	0.0258953737	-0.0426124582	-0.0346942175	0.0354486142	0.0420138333	-0.0267733776	-0.0475421407	0.0169566271	0.051043434	-0.0064169112	-0.0523684314	-0.0043963972	0.0514606403	0.0150222601	-0.0483587652	-0.0250076315	0.0431950583	0.0609575501	0.0413550872	0.0037455278	-0.0199389573	-0.0786859595	-0.0590090607	-0.0068774351	0.0244100042	0.0238457462	-0.0537765942	-0.367152860964866	-0.422122673318142	0.448081059024295	-1.68540061352814
0.285065	0.0990453	0.343784	0.00523871	-0.00328431	0.00113113	0.024994	-0.000116599999999994	0.029836	-0.000132350000000001	-0.00019482	6.02599999999999e-05	0.0743181	0.0051831058	-0.051352489	-0.0153463027	0.0483152946	0.0249084068	-0.0433856593	-0.0334948844	0.0367566699	0.0407694154	-0.0286879745	-0.0464470668	0.0194956122	0.0503054532	-0.0095396348	-0.0521934471	-0.0007899965	0.0520370985	0.0110886847	-0.0498425313	-0.0209530451	0.0456957037	-0.027077701	0.0228990635	-0.0381862604	0.0146800466	-0.0894847969	0.013856206	-0.0501654034	0.0277766781	-0.0080233322	-0.0120897954	-0.588586931311472	-0.613922276151726	0.448081059024295	-1.68540061352814
0.295177	0.0808609	0.355949	0.00568025	-0.00306029	0.0011918	0.010112	-0.0181844	0.0121649999999999	0.000441540000000001	0.00022402	6.06700000000001e-05	0.0767729000000001	0.0049584444	-0.0514394875	-0.0146975897	0.0486567622	0.0239098759	-0.0441298556	-0.0322650733	0.0380210421	0.0394636764	-0.030549302	-0.0452476394	0.0219824722	0.0494096266	-0.0126276447	-0.0518004449	0.0028201586	0.0523343914	0.0070884207	-0.050992326	-0.016742904	0.0478223571	-0.0845330786	-0.0190401358	-0.0745514515	-0.0324615689	-0.0971340387	0.0743852344	-0.0450293288	-0.0149459546	0.0319526822	0.0612395131	-1.06084506140959	-0.717381410207222	0.448081059024295	-1.68540061352814
0.280652	0.090452	0.332749	0.00568025	-0.0032655	0.00124381	-0.014525	0.00959110000000002	-0.0232	0	-0.00020521	5.20099999999999e-05	0.0601771	0.0047336909	-0.0515226647	-0.0140464202	0.0489837722	0.0229002443	-0.0448445497	-0.0310059033	0.0392402281	0.0380985803	-0.032353904	-0.0439465533	0.024410558	0.0483587652	-0.015669704	-0.0511910666	0.0064169112	0.0523509242	0.0030455261	-0.0518004449	-0.0124084642	0.0495576132	-0.018884367	-0.0466833068	-0.0242770803	-0.0691133107	-0.0383874061	-0.0088602283	0.0364930149	-0.0461210721	0.041042933	0.0417557295	-1.1820807893506	-0.636885891977025	0.448081059024295	0.592443852028073
0.301761	0.114044	0.343835	0.00542071	-0.0030628	0.00142672	0.021109	0.023592	0.011086	-0.000259540000000001	0.0002027	0.00018291	0.0880445	0.0045088495	-0.0516020147	-0.013392903	0.0492962274	0.0218799809	-0.0455292636	-0.0297185201	0.0404127789	0.0366761804	-0.0340984296	-0.0425467316	0.0267733776	0.0471561663	-0.018654743	-0.0503678575	0.009983168	0.0520866082	-0.0010156846	-0.0522614734	-0.0079819045	0.0508872699	0.0383503432	-0.0154921334	0.018037503	-0.0591046716	-0.0200724772	-0.0505310827	0.0158360724	-0.0088119614	0.0459955046	0.0194987652	-0.956324579724544	-0.703754946217323	-2.22840312389761	-1.68540061352814
0.272994	0.0847072	0.326753	0.00588716	-0.00319023	0.00142672	-0.028767	-0.0293368	-0.017082	0.00046645	-0.00012743	0	0.1048798	0.0042839244	-0.0516775313	-0.0127371473	0.049594035	0.0208495594	-0.0461835398	-0.0284040951	0.0415373011	0.0351986159	-0.0357796393	-0.0410513194	0.0290646136	0.0458056033	-0.0215718994	-0.0493342563	0.0135019809	0.0515428613	-0.0050707869	-0.0523723222	-0.0034960873	0.0518004449	0.036114843	0.0096711498	-0.0721439066	-0.053469526	-0.0162019175	-0.0332444631	-0.0086411433	0.030814918	-0.0004524669	0.0867373626	-1.23360515112484	-0.764140907063537	-2.22840312389761	-1.68540061352814
0.27904	0.0788738	0.332683	0.00591279	-0.00327643	0.00142672	0.006046	-0.00583339999999996	0.00592999999999999	2.56300000000004e-05	-8.61999999999998e-05	0	0.0234009	0.0040589197	-0.0517492091	-0.0120792627	0.0498771065	0.0198094581	-0.0468069407	-0.0270638244	0.0426124582	0.0336681095	-0.0373944116	-0.0394636764	0.03127814	0.044311314	-0.024410558	-0.0480945804	0.0169566271	0.0507226006	-0.0090953929	-0.0521322486	0.0010156846	0.0522896643	-0.0145827534	0.0232106004	-0.0047726418	-0.0788615413	0.0054661597	0.0024600155	0.0468050969	-0.0075525536	0.0574345036	0.0259628301	0.067100837872847	-0.71192617085331	-2.22840312389761	-1.68540061352814
0.322214	0.0990714	0.354275	0.00562169	-0.00342249	0.00142672	0.043174	0.0201976	0.021592	-0.0002911	-0.00014606	0	0.1068216	0.0038338396	-0.0518170426	-0.0114193591	0.0501453577	0.0187601599	-0.0473990497	-0.0256989275	0.0436369724	0.0320869629	-0.0389397479	-0.0377873696	0.0334080384	0.042677987	-0.0271603893	-0.0466540082	0.0203306886	0.0496302266	-0.0130652981	-0.0515428613	0.0055199161	0.0523509242	0.0028305323	-0.0048186665	0.0168202773	-0.0272196487	-0.094169169	-0.0304817242	-0.0009705469	-0.0049998377	0.0594917104	0.0117524557	-0.111821507064125	-0.465285129159097	0.448081059024295	0.592443852028073
0.323781	0.0684339	0.347942	0.00568025	-0.0033643	0.00142672	0.00156699999999998	-0.0306375	-0.00633299999999998	5.856e-05	5.81899999999996e-05	0	0.044375	0.0036086884	-0.051881027	-0.010757547	0.0503987089	0.017702152	-0.0479594708	-0.0243106464	0.0446096262	0.0304575546	-0.0404127789	-0.0360261653	0.0354486142	0.0409107473	-0.0298113868	-0.045018557	0.0236081307	0.0482715996	-0.0169566271	-0.0506081094	0.009983168	0.0519837232	0.0434096404	-0.0544573589	-0.0974162898	-0.0927490588	-0.0731857456	-0.021898977	-0.0011307115	-0.0053755	-0.03564888	0.1016023845	0.49203265825171	0.189168798524835	0.448081059024295	-1.68540061352814
0.301979	0.0990939	0.336432	0.00568025	-0.00302048	0.00142672	-0.021802	0.03066	-0.01151	0	0.00034382	0	0.0811629999999999	0.0033834701	-0.0519411573	-0.0100939368	0.050637085	0.0166359256	-0.0484878293	-0.0229002443	0.0455292636	0.0287823352	-0.0418107693	-0.0341840202	0.0373944116	0.03901514	-0.032353904	-0.0431950583	0.0267733776	0.0466540082	-0.0207459769	-0.0493342563	0.0143723053	0.0511910666	0.0352145249	0.0238403405	-0.0548872136	-0.0947344523	0.0217250736	-0.0410454299	0.0473192012	0.0022247046	0.0321687494	0.0539116123	-1.61982984405077	-0.283804892169077	0.448081059024295	0.592443852028073
0.270978	0.117229	0.280981	0.00677922	-0.00291566	0.000981755	-0.031001	0.0181351000000001	-0.055451	0.00109897	0.00010482	-0.000444965	0.18702485	0.003158189	-0.0519974292	-0.0094286395	0.050860415	0.0155619757	-0.0489837722	-0.0214690046	0.0463947917	0.0270638244	-0.0431311232	-0.0322650733	0.0392402281	0.0369971132	-0.0347786889	-0.0411911291	0.0298113868	0.0447861304	-0.024410558	-0.0477298374	0.018654743	0.0499794418	-5.31683e-05	0.0227786393	0.0567383106	-0.0623867912	0.0608057909	-0.0108369397	0.025816816	0.020354763	0.0950008139	0.0229451407	-0.897133021716255	-0.291185902738306	-2.22840312389761	0.592443852028073
0.246129	0.102306	0.20711	0.0061858	-0.00206041	0.000664832	-0.024849	-0.0149230000000001	-0.073871	-0.00059342	0.00085525	-0.000316923	0.20192265	0.0029328492	-0.0520498384	-0.0087617663	0.0510686325	0.0144808008	-0.0494469678	-0.0200182296	0.0472051818	0.025304607	-0.044371389	-0.0302736359	0.0409811285	0.0348629988	-0.0370769179	-0.03901514	0.0327077205	0.042677987	-0.0279283311	-0.0458056033	0.0227986886	0.0483587652	0.0255053553	0.0025029536	0.1014092808	0.0433280961	0.0921728267	-0.0371394793	0.0221057277	-0.015927768	0.0085649191	-0.1092783729	-1.17168813574123	-0.329982348913885	-2.22840312389761	0.592443852028073
0.235553	0.121707	0.265566	0.00549765	-0.0020365	0.000516461	-0.010576	0.019401	0.058456	-0.00068815	2.39100000000003e-05	-0.000148371	0.13145455	0.0027074549	-0.0520983812	-0.0080934286	0.0512616758	0.013392903	-0.0498771065	-0.0185492395	0.0479594708	0.0235073292	-0.0455292636	-0.028214182	0.0426124582	0.0326194932	-0.0392402281	-0.0366761804	0.0354486142	0.0403408874	-0.03127814	-0.0435744473	0.0267733776	0.0463423012	-0.0242393415	0.0365870128	-0.0566434735	0.0139874774	0.0463438424	0.0354518608	-0.0546548743	0.0244674587	0.0100461103	-0.0055248334	0.604831849166928	-0.198831742825437	-2.22840312389761	-1.68540061352814
0.232836	0.102147	0.284677	0.00602027	-0.00227191	0.000533839	-0.002717	-0.01956	0.019111	0.00052262	-0.00023541	1.73780000000001e-05	0.0801584	0.0024820104	-0.0521430537	-0.0074237382	0.0514394875	0.0122987873	-0.0502739006	-0.0170633708	0.0486567622	0.021674694	-0.0466025972	-0.0260913389	0.0441298556	0.0302736359	-0.0412607473	-0.0341840202	0.0380210421	0.0377873696	-0.0344398384	-0.0410513194	0.030549302	0.0439465533	-0.0095790251	-0.0200112064	0.0352174322	-0.0750739877	0.0587845969	0.0104571691	0.0704905113	-0.0315048548	0.0113161632	0.0402870693	0.641336916368901	-0.397716068268949	-2.22840312389761	-1.68540061352814
0.240353	0.0995988	0.303989	0.0055182	-0.00257426	0.000557586	0.007517	-0.0025482	0.019312	-0.000502070000000001	-0.00030235	2.3747e-05	0.07078555	0.0022565198	-0.0521838529	-0.006752807	0.0516020147	0.0111989617	-0.050637085	-0.0155619757	0.0492962274	0.0198094581	-0.0475893965	-0.0239098759	0.0455292636	0.0278327876	-0.0431311232	-0.0315490697	0.0404127789	0.0350311327	-0.0373944116	-0.0382531258	0.0340984296	0.0411911291	0.0369167933	0.0422858347	0.0450464645	-0.0497295295	-0.0011900574	-0.0365559812	0.0022552864	0.0382571751	0.0259129904	-0.0021224607	0.028410998977034	-0.514651384174163	0.448081059024295	-1.68540061352814
0.239567	0.066609	0.277184	0.00571912	-0.00272592	0.000714285	-0.000786000000000009	-0.0329898	-0.026805	0.000200920000000001	-0.00015166	0.000156699	0.0860447500000001	0.0020309873	-0.0522207755	-0.0060807472	0.0517492091	0.0100939368	-0.0509664168	-0.0140464202	0.0498771065	0.0179144269	-0.0484878293	-0.021674694	0.0468069407	0.025304607	-0.0448445497	-0.0287823352	0.0426124582	0.0320869629	-0.0401240904	-0.0351986159	0.0373944116	0.0380985803	-0.0408079097	0.0129544689	0.0372414906	-0.0081422578	0.0060326834	0.0401603504	0.0113759669	-0.0077133397	-0.0031381594	0.0023075262	-0.189839188382938	-0.601663384047391	0.448081059024295	0.592443852028073
0.228066	0.11173	0.249918	0.00586744	-0.00263438	0.000700202	-0.011501	0.045121	-0.0272660000000001	0.00014832	9.15400000000002e-05	-1.40830000000001e-05	0.09658515	0.001805417	-0.0522538189	-0.005407671	0.051881027	0.0089842256	-0.0512616758	-0.0125180835	0.0503987089	0.0159924506	-0.0492962274	-0.0193908153	0.0479594708	0.0226970271	-0.0463947917	-0.0258953737	0.0446096262	0.0289706552	-0.0426124582	-0.0319082567	0.0404127789	0.0346942175	0.0458749683	0.0052973081	0.0293219606	0.0144271494	0.0490066697	-0.0457278401	0.0087890588	-0.0064780567	-0.0043552662	-0.0527079035	0.903164863878207	-0.709009931305523	0.448081059024295	0.592443852028073
0.228586	0.0809811	0.281652	0.00546527	-0.00270527	0.000720688	0.00052000000000002	-0.0307489	0.031734	-0.000402169999999999	-7.08900000000001e-05	2.04860000000001e-05	0.0876802	0.0015798132	-0.0522829807	-0.0047336909	0.0519974292	0.0078703433	-0.0515226647	-0.0109783563	0.050860415	0.0140464202	-0.0500130897	-0.0170633708	0.0489837722	0.0200182296	-0.0477762082	-0.0229002443	0.0463947917	0.0256989275	-0.0448445497	-0.0284040951	0.0431311232	0.0310059033	-0.0085835529	0.0425603216	-0.0115373048	0.0354511665	0.02926916	0.0070555864	0.0039390369	0.0488166621	0.0380952125	-0.004799807	-0.268904779341248	-0.426438556510941	0.448081059024295	0.592443852028073
0.222132	0.0576503	0.265354	0.00575626	-0.00287512	0.000679204	-0.00645399999999999	-0.0233308	-0.016298	0.00029099	-0.00016985	-4.14840000000001e-05	0.071199	0.0013541801	-0.0523082586	-0.0040589197	0.0520983812	0.006752807	-0.0517492091	-0.0094286395	0.0512616758	0.0120792627	-0.050637085	-0.0146975897	0.0498771065	0.01727662	-0.0489837722	-0.0198094581	0.0479594708	0.0222893319	-0.0468069407	-0.024709611	0.0455292636	0.0270638244	-0.0682398473	-0.0195138494	0.0284144775	-0.0149751303	0.0051786757	0.0587623287	0.0228652125	-0.0363760573	0.0284789841	-0.0198106892	0.726051125093916	0.516557901343194	0.448081059024295	-1.68540061352814
0.224192	0.0944106	0.281665	0.00527026	-0.00267633	0.000671929	0.00205999999999998	0.0367603	0.016311	-0.000486	0.00019879	-7.27500000000005e-06	0.08973455	0.0011285219	-0.0523296507	-0.0033834701	0.0521838529	0.0056321357	-0.0519411573	-0.0078703433	0.0516020147	0.0100939368	-0.0511670547	-0.0122987873	0.050637085	0.0144808008	-0.0500130897	-0.0166359256	0.0492962274	0.0187601599	-0.0484878293	-0.0208495594	0.0475893965	0.0229002443	0.012307918	-0.0242799488	0.0351613432	0.0270407762	0.0372697159	-0.0411708749	0.0293012011	-0.0236024146	0.0156992319	-0.0340144012	-1.20256382566749	-0.479226727012158	0.448081059024295	0.592443852028073
0.219264	0.081025	0.281644	0.00586745	-0.00274561	0.000963821	-0.00492800000000002	-0.0133856	-2.09999999999932e-05	0.00059719	-6.92799999999997e-05	0.000291892	0.0662527	0.0009028426	-0.0523471556	-0.0027074549	0.0522538189	0.0045088495	-0.0520983812	-0.0063048856	0.051881027	0.0080934286	-0.0516020147	-0.009872353	0.0512616758	0.0116395445	-0.050860415	-0.013392903	0.0503987089	0.0151303447	-0.0498771065	-0.0168498047	0.0492962274	0.0185492395	0.0408351889	0.041533339	0.0284405332	-0.0029075928	-0.0409549628	-0.0328341043	-0.0109430205	0.0618063199	0.0355547553	0.0197185449	0.631670939853867	0.011647107972515	0.448081059024295	0.592443852028073
0.19367	0.0617155	0.18337	0.00541001	-0.00234011	0.000550826	-0.025594	-0.0193095	-0.098274	-0.00045744	0.0004055	-0.000412995	0.20697425	0.0006771467	-0.0523607718	-0.0020309873	0.0523082586	0.0033834701	-0.0522207755	-0.0047336909	0.0520983812	0.0060807472	-0.0519411573	-0.0074237382	0.0517492091	0.0087617663	-0.0515226647	-0.0100939368	0.0512616758	0.0114193591	-0.0509664168	-0.0127371473	0.050637085	0.0140464202	-0.0837622558	-0.0465037912	0.0375569051	0.1091843417	0.0581947249	0.0843143188	-0.0327746938	-0.0186966608	-0.0326363914	-0.0771366078	0.273440882464813	0.554004713613279	0.448081059024295	0.592443852028073
0.172432	0.131413	0.132574	0.00508661	-0.00191369	0.000963821	-0.021238	0.0696975	-0.050796	-0.0003234	0.00042642	0.000412995	0.19987225	0.0004514381	-0.0523704984	-0.0013541801	0.0523471556	0.0022565198	-0.0523082586	-0.003158189	0.0522538189	0.0040589197	-0.0521838529	-0.0049584444	0.0520983812	0.0058564958	-0.0519974292	-0.006752807	0.051881027	0.0076471118	-0.0517492091	-0.0085391442	0.0516020147	0.0094286395	0.0073886315	-0.0305641059	0.0474631928	0.0828188378	0.1410585328	0.0341347442	0.0656815632	-0.0396150918	-0.1166018886	-0.0726114965	0.607883279498223	0.55539964513381	0.448081059024295	0.592443852028073
0.158012	0.162637	0.192327	0.00495742	-0.00236249	0.000963821	-0.01442	0.031224	0.059753	-0.00012919	-0.0004488	0	0.1342965	0.0002257211	-0.0523763346	-0.0006771467	0.0523704984	0.0011285219	-0.0523607718	-0.0015798132	0.0523471556	0.0020309873	-0.0523296507	-0.0024820104	0.0523082586	0.0029328492	-0.0522829807	-0.0033834701	0.0522538189	0.0038338396	-0.0522207755	-0.0042839244	0.0521838529	0.0047336909	0.0135397356	0.012499522	0.0286037841	0.0945162417	0.0760109149	-0.0160352622	0.0317961531	0.0095552515	-0.0810244683	-0.0199115669	-1.70186683605178	0.589986203031214	0.448081059024295	0.592443852028073
0.195405	0.0853069	0.226253	0.0045391	-0.00240521	0.000963821	0.037393	-0.0773301	0.033926	-0.000418319999999999	-4.272e-05	0	0.1717011	0	-0.0523782801	0	0.0523782801	0	-0.0523782801	0	0.0523782801	0	-0.0523782801	0	0.0523782801	0	-0.0523782801	0	0.0523782801	0	-0.0523782801	0	0.0523782801	0	-0.0745241331	-0.083827114	-0.003009903	0.0081649003	0.041559863	0.0825282967	-0.0816329907	-0.1173018735	0.0358487178	0.0015693627	-2.55120568544667	0.72468224244963	0.448081059024295	0.592443852028073
0.200415	0.105664	0.218052	0.00473984	-0.00265109	0.000963821	0.00501000000000001	0.0203571	-0.00820100000000001	0.00020074	-0.00024588	0	0.0558991	-0.0002257211	-0.0523763346	0.0006771467	0.0523704984	-0.0011285219	-0.0523607718	0.0015798132	0.0523471556	-0.0020309873	-0.0523296507	0.0024820104	0.0523082586	-0.0029328492	-0.0522829807	0.0033834701	0.0522538189	-0.0038338396	-0.0522207755	0.0042839244	0.0521838529	-0.0047336909	0.0368660316	0.0068246491	0.0205475266	0.0062123221	0.0919510525	-0.021838061	0.0984888126	-0.0036667085	-0.0587924629	-0.0288007332	0.629240782188031	0.581293072670557	0.448081059024295	0.592443852028073
0.218698	0.0989961	0.248052	0.00423419	-0.0025739	0.000963821	0.018283	-0.0066679	0.03	-0.000505650000000001	7.719e-05	0	0.0840929	-0.0004514381	-0.0523704984	0.0013541801	0.0523471556	-0.0022565198	-0.0523082586	0.003158189	0.0522538189	-0.0040589197	-0.0521838529	0.0049584444	0.0520983812	-0.0058564958	-0.0519974292	0.006752807	0.051881027	-0.0076471118	-0.0517492091	0.0085391442	0.0516020147	-0.0094286395	-0.0024472971	0.0280815904	0.0533407512	0.0169535348	0.0037172018	0.019215703	0.0468404263	0.0553209943	-0.0764080873	0.0457229527	0.013014144625137	0.307863965166377	0.448081059024295	0.592443852028073
0.220462	0.0672666	0.236277	0.00442499	-0.00265328	0.000963821	0.00176399999999999	-0.0317295	-0.011775	0.0001908	-7.938e-05	0	0.0587775	-0.0006771467	-0.0523607718	0.0020309873	0.0523082586	-0.0033834701	-0.0522207755	0.0047336909	0.0520983812	-0.0060807472	-0.0519411573	0.0074237382	0.0517492091	-0.0087617663	-0.0515226647	0.0100939368	0.0512616758	-0.0114193591	-0.0509664168	0.0127371473	0.050637085	-0.0140464202	0.0222567125	-0.0549584306	0.0001009685	0.0454047546	-0.0064840123	-0.0281412816	-0.0361170149	-0.0277062195	-0.0292267792	-0.0019630111	-0.522338853522157	-0.134991584614116	0.448081059024295	0.592443852028073
0.21982	0.088099	0.229342	0.00443991	-0.00317126	0.000963821	-0.000642000000000004	0.0208324	-0.00693499999999997	1.49199999999999e-05	-0.00051798	0	0.0550544	-0.0009028426	-0.0523471556	0.0027074549	0.0522538189	-0.0045088495	-0.0520983812	0.0063048856	0.051881027	-0.0080934286	-0.0516020147	0.009872353	0.0512616758	-0.0116395445	-0.050860415	0.013392903	0.0503987089	-0.0151303447	-0.0498771065	0.0168498047	0.0492962274	-0.0185492395	0.0211736214	0.0510757178	-0.0329835968	0.0213727548	0.0283321019	-0.0058036747	-0.023122332	0.0637904325	-0.0043637999	-0.0309917566	-2.32304302020889	-0.300909363177019	0.448081059024295	0.592443852028073
0.232806	0.0977462	0.248036	0.00456838	-0.00265048	0.00126145	0.012986	0.00964720000000004	0.018694	0.00012847	0.00052078	0.000297629	0.08867115	-0.0011285219	-0.0523296507	0.0033834701	0.0521838529	-0.0056321357	-0.0519411573	0.0078703433	0.0516020147	-0.0100939368	-0.0511670547	0.0122987873	0.050637085	-0.0144808008	-0.0500130897	0.0166359256	0.0492962274	-0.0187601599	-0.0484878293	0.0208495594	0.0475893965	-0.0229002443	-0.024668528	-0.001663951	0.0284805767	0.0607634264	0.0327672166	0.019657938	-0.0084996362	-0.0213220302	-0.0111020561	-0.0122827259	-1.48283029819064	-0.016033893105045	0.448081059024295	0.592443852028073
0.228764	0.0481648	0.262012	0.00453774	-0.00276153	0.00119139	-0.00404199999999999	-0.0495814	0.013976	-3.06400000000002e-05	-0.00011105	-7.00599999999998e-05	0.0781869	-0.0013541801	-0.0523082586	0.0040589197	0.0520983812	-0.006752807	-0.0517492091	0.0094286395	0.0512616758	-0.0120792627	-0.050637085	0.0146975897	0.0498771065	-0.01727662	-0.0489837722	0.0198094581	0.0479594708	-0.0222893319	-0.0468069407	0.024709611	0.0455292636	-0.0270638244	-0.0246511538	-0.0731391537	0.0082606698	-0.0148320232	6.97813e-05	0.0379430882	-0.0405452548	-0.0859226809	0.0350134375	0.0434339352	0.683393841187258	-0.056972345517434	0.448081059024295	0.592443852028073
0.240049	0.0962724	0.220538	0.00439081	-0.00266597	0.00138177	0.011285	0.0481076	-0.041474	-0.00014693	9.55599999999997e-05	0.00019038	0.1225101	-0.0015798132	-0.0522829807	0.0047336909	0.0519974292	-0.0078703433	-0.0515226647	0.0109783563	0.050860415	-0.0140464202	-0.0500130897	0.0170633708	0.0489837722	-0.0200182296	-0.0477762082	0.0229002443	0.0463947917	-0.0256989275	-0.0448445497	0.0284040951	0.0431311232	-0.0310059033	0.0242439343	0.0324236963	0.039834094	0.0141416014	0.067919628	-0.023461324	0.0342279801	0.013096209	-0.0314105375	-0.0755680024	1.69822099009549	0.143627215287252	0.448081059024295	0.592443852028073
0.244766	0.0788376	0.263324	0.0041519	-0.00317698	0.00141199	0.004717	-0.0174348	0.042786	-0.00023891	-0.00051101	3.02199999999999e-05	0.1039448	-0.001805417	-0.0522538189	0.005407671	0.051881027	-0.0089842256	-0.0512616758	0.0125180835	0.0503987089	-0.0159924506	-0.0492962274	0.0193908153	0.0479594708	-0.0226970271	-0.0463947917	0.0258953737	0.0446096262	-0.0289706552	-0.0426124582	0.0319082567	0.0404127789	-0.0346942175	0.0197049006	0.0170676743	0.0250804322	0.0398391366	-0.0453123037	-0.0173703672	-0.0022376449	0.0451645917	-0.0459153715	0.0315430281	1.04534595761516	0.980911532680294	0.448081059024295	0.592443852028073
0.250613	0.0830843	0.262282	0.00375164	-0.00330822	0.00138177	0.00584700000000005	0.00424670000000001	-0.00104199999999999	-0.00040026	-0.00013124	-3.02199999999999e-05	0.0392217	-0.0020309873	-0.0522207755	0.0060807472	0.0517492091	-0.0100939368	-0.0509664168	0.0140464202	0.0498771065	-0.0179144269	-0.0484878293	0.021674694	0.0468069407	-0.025304607	-0.0448445497	0.0287823352	0.0426124582	-0.0320869629	-0.0401240904	0.0351986159	0.0373944116	-0.0380985803	0.029456131	-0.0544571635	-0.06053746	0.0443033055	-0.0916435314	0.0013415384	-0.0570348563	0.0045571742	-0.088077797	0.0372710955	1.14302212261541	0.140531669869709	0.448081059024295	0.592443852028073
0.248959	0.112377	0.270922	0.00372068	-0.00309562	0.00146885	-0.00165400000000002	0.0292927	0.00863999999999998	-3.096e-05	0.0002126	8.708e-05	0.0561187	-0.0022565198	-0.0521838529	0.006752807	0.0516020147	-0.0111989617	-0.050637085	0.0155619757	0.0492962274	-0.0198094581	-0.0475893965	0.0239098759	0.0455292636	-0.0278327876	-0.0431311232	0.0315490697	0.0404127789	-0.0350311327	-0.0373944116	0.0382531258	0.0340984296	-0.0411911291	0.0316019914	-0.0570112427	-0.0777276293	0.0225729346	-0.0031535543	-0.0349620936	-0.0425860008	-0.0028543309	-0.0453482662	0.0618008292	0.260148491670469	0.091563216476135	0.448081059024295	0.592443852028073
0.250053	0.112369	0.297298	0.00366167	-0.00353617	0.00144361	0.00109400000000001	-7.99999999999412e-06	0.026376	-5.901e-05	-0.00044055	-2.52400000000002e-05	0.053718	-0.0024820104	-0.0521430537	0.0074237382	0.0514394875	-0.0122987873	-0.0502739006	0.0170633708	0.0486567622	-0.021674694	-0.0466025972	0.0260913389	0.0441298556	-0.0302736359	-0.0412607473	0.0341840202	0.0380210421	-0.0377873696	-0.0344398384	0.0410513194	0.030549302	-0.0439465533	0.0309791102	0.0335331727	-0.022822736	-0.0358430918	0.0098669854	-0.0490070285	-0.0126200464	0.0143091121	0.0662199003	-0.0216984508	1.15455777292843	0.067200759869864	0.448081059024295	0.592443852028073
0.256985	0.0734127	0.310062	0.00345139	-0.00329452	0.00147764	0.00693199999999994	-0.0389563	0.012764	-0.00021028	0.00024165	3.403e-05	0.0829503	-0.0027074549	-0.0520983812	0.0080934286	0.0512616758	-0.013392903	-0.0498771065	0.0185492395	0.0479594708	-0.0235073292	-0.0455292636	0.028214182	0.0426124582	-0.0326194932	-0.0392402281	0.0366761804	0.0354486142	-0.0403408874	-0.03127814	0.0435744473	0.0267733776	-0.0463423012	-0.023486889	0.0335486512	0.0231720904	-0.0224813867	-0.0824176676	0.0276513115	0.022136066	0.0221091229	0.003675571	0.0318209811	1.2329457639868	-0.326076835601932	0.448081059024295	0.592443852028073
0.251781	0.0822878	0.279871	0.00368097	-0.00320299	0.00158199	-0.00520399999999999	0.00887510000000004	-0.030191	0.00022958	9.15299999999998e-05	0.00010435	0.0655431000000001	-0.0029328492	-0.0520498384	0.0087617663	0.0510686325	-0.0144808008	-0.0494469678	0.0200182296	0.0472051818	-0.025304607	-0.044371389	0.0302736359	0.0409811285	-0.0348629988	-0.0370769179	0.03901514	0.0327077205	-0.042677987	-0.0279283311	0.0458056033	0.0227986886	-0.0483587652	0.042747927	-0.0260798195	-0.0419293563	0.007700962	-0.0265322533	-0.0345035359	-0.0412432726	-0.0223516195	-0.0171788909	-0.0126547126	1.51385498044797	-0.077459997388478	0.448081059024295	0.592443852028073
0.251964	0.0776516	0.281417	0.00366178	-0.00344637	0.00157567	0.000182999999999989	-0.00463620000000001	0.00154600000000005	-1.91900000000001e-05	-0.00024338	-6.31999999999998e-06	0.0198097	-0.003158189	-0.0519974292	0.0094286395	0.050860415	-0.0155619757	-0.0489837722	0.0214690046	0.0463947917	-0.0270638244	-0.0431311232	0.0322650733	0.0392402281	-0.0369971132	-0.0347786889	0.0411911291	0.0298113868	-0.0447861304	-0.024410558	0.0477298374	0.018654743	-0.0499794418	0.00598893	0.052786927	-0.0764927824	0.0236984172	-0.007649246	-0.0039358959	-0.0493406195	0.0484496689	0.0198894765	-0.0107308275	1.24189287114297	-0.242564815799556	0.448081059024295	0.592443852028073
0.243219	0.0776488	0.297399	0.00356889	-0.0031634	0.00142075	-0.00874499999999995	-2.79999999999725e-06	0.0159819999999999	-9.289e-05	0.00028297	-0.00015492	0.0512688000000001	-0.0033834701	-0.0519411573	0.0100939368	0.050637085	-0.0166359256	-0.0484878293	0.0229002443	0.0455292636	-0.0287823352	-0.0418107693	0.0341840202	0.0373944116	-0.03901514	-0.032353904	0.0431950583	0.0267733776	-0.0466540082	-0.0207459769	0.0493342563	0.0143723053	-0.0511910666	-0.011075484	-0.0075681265	-0.0686632669	-0.0347235054	-0.0004560331	0.0019303983	-0.0296038128	-0.0301950303	0.0704348801	0.0133546889	0.855296753086699	0.140481232108975	0.448081059024295	0.592443852028073
0.237667	0.0377454	0.308283	0.00363668	-0.00349089	0.00123756	-0.005552	-0.0399034	0.010884	6.77900000000003e-05	-0.00032749	-0.00018319	0.0852629	-0.0036086884	-0.051881027	0.010757547	0.0503987089	-0.017702152	-0.0479594708	0.0243106464	0.0446096262	-0.0304575546	-0.0404127789	0.0360261653	0.0354486142	-0.0409107473	-0.0298113868	0.045018557	0.0236081307	-0.0482715996	-0.0169566271	0.0506081094	0.009983168	-0.0519837232	0.014412922	0.0523808418	-0.017102765	-0.0522634243	-0.0041644877	-0.0254435387	0.0381397024	0.0391775244	0.0627789709	0.050710523	0.869833362298136	0.113195784893003	0.448081059024295	0.592443852028073
0.237684	0.0527012	0.28467	0.00379903	-0.00352149	0.00119973	1.69999999999892e-05	0.0149558	-0.023613	0.00016235	-3.06e-05	-3.783e-05	0.0501248	-0.0038338396	-0.0518170426	0.0114193591	0.0501453577	-0.0187601599	-0.0473990497	0.0256989275	0.0436369724	-0.0320869629	-0.0389397479	0.0377873696	0.0334080384	-0.042677987	-0.0271603893	0.0466540082	0.0203306886	-0.0496302266	-0.0130652981	0.0515428613	0.0055199161	-0.0523509242	-0.0097304353	0.0313682169	0.052528062	-0.0412135632	-0.0093152561	0.0162317038	0.0627264661	0.0185363588	0.0071224805	-0.0291173917	1.12871500505733	-0.041644061388913	0.448081059024295	0.592443852028073
0.237548	0.0753827	0.279886	0.0035629	-0.00328493	0.0011249	-0.000135999999999997	0.0226815	-0.00478399999999995	-0.00023613	0.00023656	-7.48299999999999e-05	0.0549775	-0.0040589197	-0.0517492091	0.0120792627	0.0498771065	-0.0198094581	-0.0468069407	0.0270638244	0.0426124582	-0.0336681095	-0.0373944116	0.0394636764	0.03127814	-0.044311314	-0.024410558	0.0480945804	0.0169566271	-0.0507226006	-0.0090953929	0.0521322486	0.0010156846	-0.0522896643	0.0466674784	0.0284506935	0.0497531105	0.0403796943	-0.0050121422	-0.0528769208	-0.0072372305	0.00615627	-0.0227103414	-0.0911224404	1.20553754515345	-0.165490115764757	0.448081059024295	0.592443852028073
0.240545	0.0587391	0.297227	0.00358509	-0.00369707	0.00105413	0.00299699999999997	-0.0166436	0.017341	2.21900000000001e-05	-0.00041214	-7.07700000000002e-05	0.0622366	-0.0042839244	-0.0516775313	0.0127371473	0.049594035	-0.0208495594	-0.0461835398	0.0284040951	0.0415373011	-0.0351986159	-0.0357796393	0.0410513194	0.0290646136	-0.0458056033	-0.0215718994	0.0493342563	0.0135019809	-0.0515428613	-0.0050707869	0.0523723222	-0.0034960873	-0.0518004449	0.0017231779	0.0365502658	-0.0683126546	0.0544933469	-0.04731916	0.0150402227	-0.0445375993	0.0561897838	-0.0358266974	0.030233437	2.11040361499074	0.528143364321151	0.448081059024295	0.592443852028073
0.255061	0.0767005	0.316754	0.00367938	-0.00368003	0.00113552	0.0145160000000001	0.0179614	0.019527	9.42899999999999e-05	1.70399999999999e-05	8.13900000000002e-05	0.0616403999999999	-0.0045088495	-0.0516020147	0.013392903	0.0492962274	-0.0218799809	-0.0455292636	0.0297185201	0.0404127789	-0.0366761804	-0.0340984296	0.0425467316	0.0267733776	-0.0471561663	-0.018654743	0.0503678575	0.009983168	-0.0520866082	-0.0010156846	0.0522614734	-0.0079819045	-0.0508872699	-0.0097770587	0.0253809035	-0.0646139168	-0.0309293481	-0.0156571194	0.0114859152	0.0074390853	0.0277220925	0.0178411056	0.063643146	1.16697290887289	0.404393438322375	0.448081059024295	0.592443852028073
0.241074	0.0948249	0.291958	0.00371765	-0.00336519	0.000914921	-0.0139870000000001	0.0181244	-0.024796	3.827e-05	0.00031484	-0.000220599	0.08559285	-0.0047336909	-0.0515226647	0.0140464202	0.0489837722	-0.0229002443	-0.0448445497	0.0310059033	0.0392402281	-0.0380985803	-0.032353904	0.0439465533	0.024410558	-0.0483587652	-0.015669704	0.0511910666	0.0064169112	-0.0523509242	0.0030455261	0.0518004449	-0.0124084642	-0.0495576132	0.0097520038	0.0066404626	0.0550839507	0.0349184531	0.00972621	-0.0327816422	0.0719217117	-0.0037508321	-0.0073699074	-0.0458327772	-0.235694018813307	0.163387346526434	0.448081059024295	0.592443852028073
0.257968	0.0687006	0.326206	0.00405335	-0.00421325	0.00101688	0.016894	-0.0261243	0.034248	0.0003357	-0.00084806	0.000101959	0.14155225	-0.0049584444	-0.0514394875	0.0146975897	0.0486567622	-0.0239098759	-0.0441298556	0.0322650733	0.0380210421	-0.0394636764	-0.030549302	0.0452476394	0.0219824722	-0.0494096266	-0.0126276447	0.0518004449	0.0028201586	-0.0523343914	0.0070884207	0.050992326	-0.016742904	-0.0478223571	-0.0028636044	-0.060569919	0.0218542067	0.01806003	-0.0844216189	-0.004954546	-0.0725018568	-0.0430593972	-0.0124424953	0.0569920142	-0.773842186259779	0.152008597043458	0.448081059024295	0.592443852028073
0.237731	0.0689128	0.275478	0.0044611	-0.00373063	0.000949328	-0.020237	0.000212199999999996	-0.050728	0.000407750000000001	0.00048262	-6.75519999999999e-05	0.1190733	-0.0051831058	-0.051352489	0.0153463027	0.0483152946	-0.0249084068	-0.0433856593	0.0334948844	0.0367566699	-0.0407694154	-0.0286879745	0.0464470668	0.0194956122	-0.0503054532	-0.0095396348	0.0521934471	-0.0007899965	-0.0520370985	0.0110886847	0.0498425313	-0.0209530451	-0.0456957037	0.0151145363	-0.0562414512	-0.0160174106	0.0310294702	-0.0087058802	-0.0219017827	-0.0643421537	-0.0352434478	-0.0054262675	0.0150693359	-2.07729287312376	0.091419051148247	0.448081059024295	0.592443852028073
0.237807	0.0948574	0.30247	0.00396842	-0.00389679	0.00102433	7.60000000000205e-05	0.0259446	0.026992	-0.00049268	-0.00016616	7.50019999999999e-05	0.0897047	-0.005407671	-0.0512616758	0.0159924506	0.0479594708	-0.0258953737	-0.0426124582	0.0346942175	0.0354486142	-0.0420138333	-0.0267733776	0.0475421407	0.0169566271	-0.051043434	-0.0064169112	0.0523684314	-0.0043963972	-0.0514606403	0.0150222601	0.0483587652	-0.0250076315	-0.0431950583	0.0278113081	-0.0484393877	-0.0692058885	-0.018039252	0.0689265747	-0.0264617718	-0.0584343547	-0.0253704282	0.0289183934	-0.0062873875	0.744776305538688	-0.022210995428557	0.448081059024295	0.592443852028073
0.243181	0.0599599	0.328202	0.00396802	-0.004094	0.000989013	0.00537399999999999	-0.0348975	0.025732	-4.00000000000227e-07	-0.00019721	-3.5317e-05	0.07764985	-0.0056321357	-0.0511670547	0.0166359256	0.0475893965	-0.0268703181	-0.0418107693	0.0358619813	0.0340984296	-0.0431950583	-0.0248090665	0.0485304007	0.0143723053	-0.0516212534	-0.0032708371	0.052324667	-0.0079819045	-0.0506081094	0.0188654898	0.0465509697	-0.0288765622	-0.0403408874	0.0149534729	0.0258312812	-0.0284124043	-0.0705657887	0.0158527355	-0.0158665309	-0.0062633952	0.0099356253	0.0509121774	0.0606343155	-1.34466293818198	-0.009058363895557	0.448081059024295	0.592443852028073
0.237966	0.0421354	0.322806	0.00379612	-0.00428406	0.00111874	-0.00521500000000003	-0.0178245	-0.00539600000000001	-0.0001719	-0.000190060000000001	0.000129727	0.05301985	-0.0058564958	-0.0510686325	0.01727662	0.0472051818	-0.0278327876	-0.0409811285	0.0369971132	0.0327077205	-0.044311314	-0.0227986886	0.0494096266	0.0117495564	-0.0520370985	-0.0001128608	0.0520623368	-0.0115294786	-0.0494840794	0.0225952602	0.044431258	-0.0325311144	-0.0371565505	-0.0410847717	0.0334273366	0.0367169038	-0.0152249797	-0.0355279734	0.0415860802	0.0234601554	0.0202919928	0.0194012707	-0.0201610416	0.322286354428869	-0.098421748905421	-2.22840312389761	-1.68540061352814
0.257889	0.105763	0.350884	0.00333054	-0.00386006	0.000900728	0.019923	0.0636276	0.028078	-0.00046558	0.000424	-0.000218012	0.1670082	-0.0060807472	-0.0509664168	0.0179144269	0.0468069407	-0.0287823352	-0.0401240904	0.0380985803	0.03127814	-0.0453609212	-0.0207459769	0.050177843	0.0090953929	-0.0522896643	0.0030455261	0.0515825363	-0.0150222601	-0.0480945804	0.02618914	0.0420138333	-0.0359441567	-0.0336681095	-0.070985348	-0.0082322728	-0.0190469533	-0.0338817932	-0.0146265986	0.0586347311	0.0051799779	-0.0194023736	0.0268830024	-0.0308228059	0.549863718353905	-0.152696618675964	-2.22840312389761	-1.68540061352814
0.261752	0.0509419	0.345879	0.00340751	-0.00409249	0.000894175	0.003863	-0.0548211	-0.00500500000000004	7.697e-05	-0.00023243	-6.55300000000007e-06	0.07948675	-0.0063048856	-0.050860415	0.0185492395	0.0463947917	-0.0297185201	-0.0392402281	0.0391653804	0.0298113868	-0.0463423012	-0.018654743	0.0508333239	0.0064169112	-0.0523781585	0.0061928308	0.0508872699	-0.0184436498	-0.0464470668	0.0296255153	0.0393148935	-0.039090351	-0.0299041152	0.0171183897	-0.0358293788	0.0368862519	-0.0302323614	-0.0488857502	-0.0305527121	0.018766933	-0.0456701264	0.0159479263	-0.0006649276	-2.35429403913322	-0.014135338850955	0.448081059024295	-1.68540061352814
0.256784	0.0508589	0.345904	0.00315573	-0.00405758	0.000874337	-0.00496799999999997	-8.30000000000067e-05	2.49999999999973e-05	-0.00025178	3.491e-05	-1.9838e-05	0.0204024	-0.0065289069	-0.050750635	0.0191809517	0.0459688572	-0.0306409077	-0.0383301323	0.0401965428	0.0283092043	-0.0472539781	-0.01652887	0.0513745965	0.0037212726	-0.0523023033	0.0093176004	0.0499794418	-0.021777388	-0.0445503769	0.0328837193	0.036352523	-0.0419463399	-0.0258953737	-0.0084316003	0.0606055282	-0.0104074068	-0.0076964438	-0.0413728458	0.0051370563	-0.0246632623	0.0775780954	-0.0017074013	-0.013439413	-0.833126879398348	0.167598841829723	0.448081059024295	0.592443852028073
0.254066	0.0508412	0.356877	0.00312315	-0.00413709	0.000864348	-0.00271800000000005	-1.77000000000024e-05	0.010973	-3.25799999999999e-05	-7.95100000000005e-05	-9.98899999999996e-06	0.01981265	-0.006752807	-0.050637085	0.0198094581	0.0455292636	-0.0315490697	-0.0373944116	0.0411911291	0.0267733776	-0.0480945804	-0.0143723053	0.0518004449	0.0010156846	-0.0520623368	0.0124084642	0.048862844	-0.0250076315	-0.0424146861	0.0359441567	0.0331465714	-0.0444909208	-0.021674694	-0.0503661212	0.0143125467	-0.0108002397	-0.0324776021	-0.0134864541	0.0682120033	0.0174690598	-0.0060342627	0.0371678193	-0.0093422065	-0.447601536492602	-0.36753595118043	0.448081059024295	0.592443852028073
0.248133	0.050936	0.350959	0.00340447	-0.00453401	0.000884986	-0.00593299999999997	9.4800000000006e-05	-0.00591799999999998	0.00028132	-0.000396919999999999	2.0638e-05	0.0468897	-0.0069765817	-0.0505197734	0.0204346535	0.0450761418	-0.0324425845	-0.0364336915	0.0421482344	0.0252057321	-0.048862844	-0.0121890533	0.0521099123	-0.0016926191	-0.0516590118	0.015454175	0.0475421407	-0.0281190288	-0.0400514517	0.0387884217	0.0297185201	-0.0467052026	-0.01727662	0.0211170439	-0.0113900461	0.0210497147	-0.0135211979	-0.0503702943	-0.0343441701	0.0432562882	-0.029990569	0.0121260842	-0.0074845185	0.519923841293577	-0.520771148516118	0.448081059024295	0.592443852028073
0.25128	0.0618587	0.328339	0.00360725	-0.00425712	0.000932786	0.00314700000000001	0.0109227	-0.02262	0.00020278	0.00027689	4.78e-05	0.0630632000000001	-0.0072002268	-0.0503987089	0.0210564335	0.0446096262	-0.0333210373	-0.0354486142	0.0430669878	0.0236081307	-0.0495576132	-0.009983168	0.0523023033	-0.0043963972	-0.051093594	0.0184436498	0.0460228486	-0.0310967934	-0.0374733519	0.0413994086	0.0260913389	-0.0485727468	-0.0127371473	0.0002628139	0.0371118078	0.0075721435	0.0117751206	-0.0291913384	0.0127968372	0.0122696147	0.0538963488	2.51849e-05	-0.0234272585	0.487500825505278	-0.087245873696815	0.448081059024295	0.592443852028073
0.243147	0.0680542	0.345903	0.00331066	-0.00417584	0.00102086	-0.00813300000000003	0.0061955	0.017564	-0.00029659	8.12799999999995e-05	8.80739999999999e-05	0.0551897	-0.0074237382	-0.0502739006	0.021674694	0.0441298556	-0.0341840202	-0.0344398384	0.0439465533	0.0219824722	-0.050177843	-0.0077587455	0.0523771858	-0.0070884207	-0.0503678575	0.0213660101	0.044311314	-0.0339267737	-0.0346942175	0.0437614146	0.0222893319	-0.0500796887	-0.0080934286	-0.0690574879	0.0153039332	-0.0601244697	-0.005841169	0.0156826704	0.0556740646	-0.0335465898	0.0073289077	0.0084991881	0.0032667525	0.813564128138149	-0.138112459808431	0.448081059024295	0.592443852028073
0.24714	0.0514646	0.36891	0.00325608	-0.00441727	0.000998655	0.00399300000000002	-0.0165896	0.023007	-5.45799999999998e-05	-0.00024143	-2.2205e-05	0.05950035	-0.0076471118	-0.0501453577	0.0222893319	0.0436369724	-0.0350311327	-0.0334080384	0.0447861304	0.0203306886	-0.0507226006	-0.0055199161	0.0523343914	-0.0097614921	-0.0494840794	0.0242106219	0.0424146861	-0.0365955205	-0.0317289578	0.0458602343	0.0183379745	-0.0512148408	-0.0033834701	-0.0451594513	0.0024305642	0.0088794996	-0.0947644932	0.0010979058	0.0355248932	0.0720445505	-0.0113234201	0.0451117573	0.0471422502	0.71098080139339	0.468834297073202	0.448081059024295	0.592443852028073
0.243619	0.0661546	0.331045	0.00314638	-0.004077	0.00114537	-0.003521	0.01469	-0.037865	-0.0001097	0.00034027	0.000146715	0.08591025	-0.0078703433	-0.0500130897	0.0229002443	0.0431311232	-0.0358619813	-0.032353904	0.0455849554	0.018654743	-0.0511910666	-0.0032708371	0.0521740164	-0.0124084642	-0.0484450328	0.0269671338	0.0403408874	-0.039090351	-0.0285934806	0.0476832451	0.014263743	-0.0519697758	0.0013541801	0.0301805637	0.0033399411	0.0553669093	-0.0038693152	0.0226955455	-0.019929605	0.0867997968	-0.0289716933	-0.0119367279	-0.077361023	0.433652268189481	0.072833066412866	0.448081059024295	0.592443852028073
0.237887	0.0804253	0.345923	0.00300261	-0.00414398	0.000978345	-0.00573200000000001	0.0142707	0.014878	-0.00014377	-6.69800000000003e-05	-0.000167025	0.05376945	-0.0080934286	-0.0498771065	0.0235073292	0.0426124582	-0.0366761804	-0.03127814	0.0463423012	0.0169566271	-0.0515825363	-0.0010156846	0.051896421	-0.0150222601	-0.0472539781	0.0296255153	0.0380985803	-0.0413994086	-0.025304607	0.0492194833	0.0100939368	-0.0523388891	0.0060807472	0.0179604518	0.0134371604	0.0135504602	0.00900003	-0.0321582996	0.0057733321	-0.0081376763	0.0364897476	-0.0701885343	0.0216640508	0.781071400425988	-0.129888429027647	0.448081059024295	0.592443852028073
0.238019	0.0635107	0.345853	0.0031629	-0.00441685	0.00131719	0.000132000000000021	-0.0169146	-6.9999999999959e-05	0.00016029	-0.00027287	0.000338845	0.05571685	-0.0083163637	-0.0497374181	0.024110485	0.0420811315	-0.0374733519	-0.0301814655	0.0470574788	0.015238359	-0.051896421	0.0012413539	0.051502229	-0.0175958911	-0.0459146523	0.0321760928	0.0356971313	-0.0435117199	-0.0218799809	0.0504597097	0.0058564958	-0.0523194405	0.010757547	-0.0483872695	-0.0685194977	0.0059004335	0.0019058422	-0.0338176512	0.043326016	-0.0069272994	-0.0364424565	-0.0578442414	0.0007533285	-1.88690849366537	1.3201842865907	-2.22840312389761	-1.68540061352814
0.270796	0.0781634	0.365457	0.00327425	-0.0046569	0.00131719	0.032777	0.0146527	0.019604	0.00011135	-0.000240049999999999	0	0.0846036999999999	-0.0085391442	-0.049594035	0.024709611	0.0415373011	-0.0382531258	-0.0290646136	0.0477298374	0.0135019809	-0.0521322486	0.0034960873	0.050992326	-0.0201224762	-0.044431258	0.034609585	0.0331465714	-0.0454172463	-0.0183379745	0.0513964655	0.0015798132	-0.0519115742	0.0153463027	0.0174383855	-0.0771532267	0.00097885	-0.0391962212	-0.0134168662	-0.0309637177	0.0400726617	-0.0747687732	-0.0429323121	0.0414724296	1.18388781007881	2.10300471615294	0.448081059024295	0.592443852028073
0.269085	0.0634609	0.380817	0.00295356	-0.00475225	0.00119381	-0.00171099999999996	-0.0147025	0.01536	-0.00032069	-9.5350000000001e-05	-0.00012338	0.0587445	-0.0087617663	-0.0494469678	0.025304607	0.0409811285	-0.03901514	-0.0279283311	0.0483587652	0.0117495564	-0.0522896643	0.0057443291	0.0503678575	-0.0225952602	-0.0428084497	0.0369171367	0.0304575546	-0.0471069319	-0.0146975897	0.0520241169	-0.0027074549	-0.0511183183	0.0198094581	0.0183456076	0.0586668731	0.030317561	-0.0417789747	-0.0202646291	-0.0319263907	0.0053742652	0.0484372101	0.1248630845	-0.032759656	0.663949233688228	1.72256671824901	0.448081059024295	0.592443852028073
0.256439	0.052775	0.377223	0.00317982	-0.00454843	0.00115464	-0.012646	-0.0106859	-0.00359400000000004	0.00022626	0.00020382	-3.917e-05	0.0503884000000001	-0.0089842256	-0.0492962274	0.0258953737	0.0404127789	-0.0397590408	-0.0267733776	0.04894369	0.009983168	-0.0523684314	0.0079819045	0.0496302266	-0.0250076315	-0.0410513194	0.039090351	0.0276413132	-0.0485727468	-0.0109783563	0.0523388891	-0.0069765817	-0.0499455618	0.024110485	-0.0168611761	-0.0023910607	0.042878389	0.0210858823	-0.0629135979	0.0227513173	0.0079815005	0.0013323716	-0.0208297559	0.0469472175	0.255722063352916	0.495135204699068	0.448081059024295	0.592443852028073
0.263163	0.0636441	0.33901	0.00315803	-0.0045329	0.000891819	0.00672400000000006	0.0108691	-0.038213	-2.17899999999998e-05	1.55300000000006e-05	-0.000262821	0.07081315	-0.009206518	-0.0491418251	0.0264818121	0.0398324213	-0.0404844828	-0.0256005252	0.0494840794	0.0082049152	-0.0523684314	0.0102046586	0.0487810905	-0.0273531403	-0.0391653804	0.0411213197	0.024709611	-0.0498077248	-0.0072002268	0.0523388891	-0.0111989617	-0.0484020114	0.028214182	0.0367111005	0.0194017968	-0.0301945182	0.0206388077	-0.0034436283	-0.0328678329	-0.0439350988	0.0154973697	-0.0232555165	-0.0313157465	-1.60474920298551	0.075117522001596	-2.22840312389761	0.592443852028073
0.270545	0.0862725	0.334383	0.00314085	-0.00503105	0.00114351	0.00738199999999994	0.0226284	-0.00462699999999999	-1.71799999999999e-05	-0.00049815	0.000251691	0.07298845	-0.0094286395	-0.0489837722	0.0270638244	0.0392402281	-0.0411911291	-0.024410558	0.0499794418	0.0064169112	-0.0522896643	0.0124084642	0.0478223571	-0.0296255153	-0.0371565505	0.0430026525	0.021674694	-0.0508059967	-0.0033834701	0.0520241169	-0.0153463027	-0.0464991262	0.0320869629	-0.0372208579	-0.0105846192	0.0037610635	0.047325705	0.0001641051	0.0273770977	-0.0206444241	-0.0263395385	-0.0174076343	-0.0014009811	0.108814780025802	0.844230280275875	-2.22840312389761	-1.68540061352814
0.259655	0.056095	0.308632	0.00256982	-0.00478284	0.00131719	-0.01089	-0.0301775	-0.025751	-0.00057103	0.00024821	0.00017368	0.1164645	-0.0096505858	-0.0488220806	0.0276413132	0.0386363752	-0.0418786518	-0.0232042715	0.0504293264	0.004621281	-0.0521322486	0.0145892291	0.0467561802	-0.0318186811	-0.0350311327	0.0447275033	0.0185492395	-0.0515628185	0.0004514381	0.0513964655	-0.0193908153	-0.0442510332	0.0356971313	-0.0719710201	-0.0413026524	-0.0162433533	0.004544993	0.0109252304	0.0629930923	-0.0640272938	-0.0440022857	0.0216676643	0.0306009659	-0.731320143485414	1.73137149340435	-2.22840312389761	-1.68540061352814
0.267448	0.0655777	0.317315	0.00306168	-0.00526114	0.00106523	0.00779299999999999	0.00948269999999998	0.00868299999999999	0.00049186	-0.0004783	-0.00025196	0.0870647	-0.009872353	-0.0486567622	0.028214182	0.0380210421	-0.0425467316	-0.0219824722	0.0508333239	0.0028201586	-0.051896421	0.016742904	0.0455849554	-0.0339267737	-0.0327957961	0.0462895956	0.0153463027	-0.0520745933	0.0042839244	0.0504597097	-0.0233053991	-0.0416744222	0.03901514	-0.0350265556	-0.0320409449	0.0484951786	-0.0330259991	0.0318567323	0.0363882371	0.0304604001	-0.0584199909	0.0020246177	0.0155923707	1.23683150662288	1.66330502387048	-2.22840312389761	-1.68540061352814
0.258769	0.0818579	0.294756	0.00267969	-0.00511804	0.000896099	-0.00867899999999999	0.0162802	-0.022559	-0.00038199	0.0001431	-0.000169131	0.08222925	-0.0100939368	-0.0484878293	0.0287823352	0.0373944116	-0.0431950583	-0.0207459769	0.0511910666	0.0010156846	-0.0515825363	0.0188654898	0.044311314	-0.0359441567	-0.0304575546	0.0476832451	0.0120792627	-0.0523388891	0.0080934286	0.0492194833	-0.0270638244	-0.0387884217	0.0420138333	0.0379421002	0.0139342166	0.0707058166	0.0261582798	0.0600288162	-0.0416451335	0.0453658218	-0.0010615654	-0.0208642453	-0.0451959148	0.297852882810567	0.209434194542609	-2.22840312389761	0.592443852028073
0.259386	0.0619054	0.302116	0.0028807	-0.00515959	0.00101254	0.000616999999999979	-0.0199525	0.00735999999999998	0.00020101	-4.15500000000004e-05	0.000116441	0.04587955	-0.0103153331	-0.0483152946	0.0293456776	0.0367566699	-0.043823331	-0.0194956122	0.051502229	-0.0007899965	-0.0511910666	0.0209530451	0.0429381175	-0.0378654364	-0.028023745	0.0489033805	0.0087617663	-0.0523544498	0.0118595137	0.0476832451	-0.0306409077	-0.0356144575	0.0446686685	-0.0098565497	0.0325281691	0.0368117878	0.039201596	0.0059099814	0.0143895439	0.0195988541	0.0284042524	-0.0391589304	0.0155368566	0.742156810287642	-0.384045319647561	-2.22840312389761	0.592443852028073
0.278238	0.0819644	0.26633	0.00302757	-0.00528176	0.000992316	0.018852	0.020059	-0.035786	0.00014687	-0.00012217	-2.02239999999999e-05	0.0891601999999999	-0.0105365379	-0.0481391707	0.0299041152	0.0361080066	-0.044431258	-0.0182322141	0.051766528	-0.0025947387	-0.0507226006	0.0230016937	0.0414684511	-0.0396854757	-0.0255020041	0.0499455618	0.005407671	-0.0521212014	0.0155619757	0.0458602343	-0.0340126806	-0.0321760928	0.0469579174	0.0462018732	-0.0446694016	-0.0102318993	0.0418400821	0.0334761104	-0.0360823513	-0.0427571694	-0.0044889431	-0.0295046423	-0.0177734247	-2.93163146169805	0.88467247970183	-2.22840312389761	0.592443852028073
0.265596	0.0787836	0.289002	0.00301688	-0.00536299	0.00106345	-0.012642	-0.00318080000000001	0.022672	-1.06899999999998e-05	-8.12299999999998e-05	7.1134e-05	0.0466475	-0.010757547	-0.0479594708	0.0304575546	0.0354486142	-0.045018557	-0.0169566271	0.0519837232	-0.0043963972	-0.050177843	0.0250076315	0.0399056168	-0.0413994086	-0.0229002443	0.0508059967	0.0020309873	-0.0516402525	0.0191809517	0.0437614146	-0.0371565505	-0.028498854	0.048862844	-0.0360963339	0.0393688205	-0.0232934725	0.0738166116	0.0629192907	0.0280674886	-0.0353236596	0.0437538051	-0.0074284237	-0.0375430819	0.545493059575442	1.1593557477366	-2.22840312389761	0.592443852028073
0.251855	0.0954293	0.303994	0.00318267	-0.00510319	0.00110958	-0.013741	0.0166457	0.014992	0.00016579	0.0002598	4.61299999999999e-05	0.0689647	-0.0109783563	-0.0477762082	0.0310059033	0.0347786889	-0.0455849554	-0.015669704	0.0521536168	-0.0061928308	-0.0495576132	0.0269671338	0.0382531258	-0.0430026525	-0.0202266294	0.0514815542	-0.0013541801	-0.0509138886	0.0226970271	0.0413994086	-0.0400514517	-0.0246100408	0.0503678575	-0.0275101898	-0.0775003136	-0.0045452677	0.0327023017	0.0179339563	0.0195368677	-0.0325806165	-0.0691418454	-0.0204081935	0.009227514	-0.630530086270085	0.367236981378123	-2.22840312389761	0.592443852028073
0.23823	0.055927	0.289088	0.00307721	-0.00506371	0.000878496	-0.013625	-0.0395023	-0.014906	-0.00010546	3.94799999999997e-05	-0.000231084	0.0868345	-0.0111989617	-0.0475893965	0.0315490697	0.0340984296	-0.0461301902	-0.0143723053	0.0522760543	-0.0079819045	-0.048862844	0.0288765622	0.0365146908	-0.0444909208	-0.0174895484	0.0519697758	-0.0047336909	-0.0499455618	0.0260913389	0.0387884217	-0.042677987	-0.0205385235	0.0514606403	0.0547857177	-0.0093218053	-0.0510420119	0.0036698679	0.0940996323	-0.0227934486	-0.0187739042	0.0266701348	-0.0297429144	0.0717459216	-2.93048985923288	-0.538645830732638	-2.22840312389761	0.592443852028073
0.209662	0.0783254	0.350913	0.00166191	-0.00465129	-8.20029e-05	-0.028568	0.0223984	0.061825	-0.0014153	0.00041242	-0.0009604989	0.252202345	-0.0114193591	-0.0473990497	0.0320869629	0.0334080384	-0.0466540082	-0.0130652981	0.0523509242	-0.0097614921	-0.0480945804	0.030732371	0.0346942175	-0.0458602343	-0.0146975897	0.0522688852	-0.0080934286	-0.048739874	0.0293456776	0.0359441567	-0.045018557	-0.016314529	0.0521322486	-0.0554895502	0.0218900744	0.0294743142	-0.0046489815	0.0692780172	0.0560886006	0.0081054028	0.0083938915	0.0162785548	-0.024467202	-2.80754312183259	-0.431044548593116	-2.22840312389761	0.592443852028073
0.214694	0.0782078	0.407488	0.00174162	-0.00416394	0.000464439	0.00503200000000001	-0.000117599999999995	0.056575	7.971e-05	0.00048735	0.0005464419	0.117399695	-0.0116395445	-0.0472051818	0.0326194932	0.0327077205	-0.0471561663	-0.0117495564	0.0523781585	-0.0115294786	-0.0472539781	0.0325311144	0.0327957961	-0.0471069319	-0.0118595137	0.0523777937	-0.0114193591	-0.047302555	0.0324425845	0.0328837193	-0.0470574788	-0.011969416	0.0523771858	0.0128587218	-0.0217023523	0.0486615972	0.0192708878	-0.0342383295	-0.0354334471	-0.0031884244	-0.0458551892	0.0161311631	-0.0078171641	-2.84308170292214	-0.433439824062909	-2.22840312389761	0.592443852028073
0.224447	0.0557488	0.389775	0.00201086	-0.00421274	0.000817353	0.00975299999999998	-0.022459	-0.017713	0.00026924	-4.88000000000008e-05	0.000352914	0.0834727000000001	-0.0118595137	-0.0470078072	0.0331465714	0.0319976841	-0.0476364314	-0.0104259597	0.0523577323	-0.0132837629	-0.0463423012	0.0342694522	0.0308236917	-0.0482276804	-0.0089842256	0.0522961052	-0.0146975897	-0.0456404355	0.0353654455	0.0296255153	-0.0487810905	-0.0075354425	0.0521934471	0.046727582	-0.0213181288	-0.0605206975	-0.0247713197	0.019994984	-0.0074771921	-0.0080041215	0.0330139948	-0.0545513087	0.0232797207	-2.75171948628993	-0.606029099286051	0.448081059024295	0.592443852028073
0.229996	0.0781766	0.421451	0.00210802	-0.00430909	0.000962572	0.00554900000000003	0.0224278	0.031676	9.71599999999998e-05	-9.63499999999994e-05	0.000145219	0.07658925	-0.0120792627	-0.0468069407	0.0336681095	0.03127814	-0.0480945804	-0.0090953929	0.0522896643	-0.0150222601	-0.0453609212	0.0359441567	0.0287823352	-0.0492194833	-0.0060807472	0.0520241169	-0.0179144269	-0.0437614146	0.0380985803	0.02618914	-0.050177843	-0.0030455261	0.0515825363	0.0468006015	-0.0245083367	-0.0667049	-0.0701661821	0.0703129809	-0.0430292002	0.0054239452	-0.0215235143	0.0268648647	0.0330112201	-0.639419193105599	-0.35769796004641	0.448081059024295	0.592443852028073
0.214287	0.0306579	0.415858	0.00145875	-0.00367131	0.000882432	-0.015709	-0.0475187	-0.00559300000000001	-0.00064927	0.00063778	-8.014e-05	0.1371802	-0.0122987873	-0.0466025972	0.0341840202	0.030549302	-0.0485304007	-0.0077587455	0.0521740164	-0.016742904	-0.044311314	0.0375521182	0.0266763128	-0.0500796887	-0.003158189	0.0515628185	-0.0210564335	-0.0416744222	0.0406273263	0.0225952602	-0.0512383773	0.0014670001	0.0505494535	0.0123377102	0.0388661227	0.0592060053	-0.0610409761	0.016942706	-0.0139182209	0.0480195405	0.0248344341	0.084180184	-0.0037657027	-0.290237743433857	-0.356542948685049	0.448081059024295	0.592443852028073
0.203164	0.100067	0.407522	0.00154313	-0.00367094	0.000818925	-0.011123	0.0694091	-0.00833600000000001	8.438e-05	3.69999999999971e-07	-6.35070000000002e-05	0.09628095	-0.0125180835	-0.0463947917	0.0346942175	0.0298113868	-0.04894369	-0.0064169112	0.0520108938	-0.0184436498	-0.0431950583	0.039090351	0.0245103563	-0.0508059967	-0.0002257211	0.0509138886	-0.024110485	-0.0393893764	0.0429381175	0.0188654898	-0.0519555872	0.0059686353	0.0491026536	0.0567588938	0.0204396974	0.0622591326	0.0476239235	0.0292712945	-0.0526589271	0.0196852238	-0.0106873163	-0.0315209557	-0.1146367119	0.524474077987909	-0.175750665008017	0.448081059024295	0.592443852028073
0.20322	0.0382226	0.427919	0.00206599	-0.00368292	0.000875684	5.60000000000005e-05	-0.0618444	0.0203969999999999	0.00052286	-1.198e-05	5.6759e-05	0.11187735	-0.0127371473	-0.0461835398	0.0351986159	0.0290646136	-0.0493342563	-0.0050707869	0.0518004449	-0.0201224762	-0.0420138333	0.0405559987	0.0222893319	-0.0513964655	0.0027074549	0.0500796887	-0.0270638244	-0.0369171367	0.045018557	0.0150222601	-0.052324667	0.0104259597	0.0472539781	0.0458660412	0.0001063314	-0.0727419768	0.0186291959	0.0282562476	-0.0361883498	-0.0539269505	0.0159047481	-0.0437944438	-0.0019132858	-0.870319585017298	-0.260790027936801	0.448081059024295	0.592443852028073
0.203303	0.0849944	0.453185	0.00192673	-0.00378666	0.000897217	8.2999999999972e-05	0.0467718	0.0252660000000001	-0.00013926	-0.00010374	2.15330000000001e-05	0.08534745	-0.0129559745	-0.0459688572	0.0356971313	0.0283092043	-0.0497019183	-0.0037212726	0.0515428613	-0.021777388	-0.0407694154	0.0419463399	0.0200182296	-0.0518495163	0.0056321357	0.0490632542	-0.0299041152	-0.0342694522	0.0468574839	0.0110886847	-0.0523431439	0.0148058821	0.045018557	0.0325009151	0.0053163728	-0.0501385683	-0.0250629264	0.0512163693	-0.0448890688	-0.0024442201	0.0038811154	0.0084605904	0.0180616001	-0.304818131733479	-0.448390239388283	0.448081059024295	0.592443852028073
0.212615	0.0319627	0.492165	0.00228488	-0.00389608	0.000908042	0.00931200000000002	-0.0530317	0.0389799999999999	0.00035815	-0.00010942	1.08250000000001e-05	0.12524345	-0.0131745611	-0.0457507597	0.0361896802	0.0275453833	-0.0500465054	-0.0023692706	0.0512383773	-0.0234064185	-0.0394636764	0.0432587929	0.017702152	-0.0521639377	0.0085391442	0.0478682839	-0.0326194932	-0.0314589057	0.0484450328	0.0070884207	-0.0520108938	0.0190758861	0.0424146861	-0.009550005	0.05493125	0.0136079021	-0.0320559187	-0.0210102653	0.0203800983	0.0413498603	0.0444718101	0.0560091702	0.0250881699	1.2609270148343	0.367512031702886	0.448081059024295	0.592443852028073
0.239153	0.0532838	0.472886	0.0023314	-0.00396413	0.00106156	0.026538	0.0213211	-0.019279	4.652e-05	-6.80499999999996e-05	0.000153518	0.0805425	-0.013392903	-0.0455292636	0.0366761804	0.0267733776	-0.0503678575	-0.0010156846	0.0508872699	-0.0250076315	-0.0380985803	0.0444909208	0.0153463027	-0.0523388891	0.0114193591	0.0464991262	-0.0351986159	-0.028498854	0.049772687	0.0030455261	-0.0513301431	0.0232042715	0.0394636764	0.0091291001	-0.0259439908	0.0360809227	0.0015191748	-0.0228587679	-0.028511488	0.0671631269	-0.0365181039	-0.0226827594	-0.0188521927	1.1530768128179	1.00552594721819	0.448081059024295	0.592443852028073
0.239169	0.0582189	0.514062	0.00178901	-0.00418666	0.00132173	1.59999999999605e-05	0.00493509999999999	0.0411760000000001	-0.00054239	-0.00022253	0.00026017	0.0973816	-0.0136109962	-0.0453043854	0.0371565505	0.0259934166	-0.0506658255	0.0003385804	0.0504898588	-0.0265791242	-0.0366761804	0.0456404355	0.0129559745	-0.0523739028	0.014263743	0.0449607632	-0.0376307102	-0.0254033645	0.0508333239	-0.0010156846	-0.0503054532	0.0271603893	0.0361896802	0.0569540586	0.0147269916	0.0016374467	-0.0140754267	-0.0429822206	-0.0674161105	-0.0138254504	0.0431669101	-0.0042807638	0.0527177485	1.21856363639864	0.71839992732299	0.448081059024295	0.592443852028073
0.253833	0.0280668	0.494849	0.00221379	-0.00442719	0.00102177	0.014664	-0.0301521	-0.019213	0.00042478	-0.00024053	-0.00029996	0.1122926	-0.0138288366	-0.0450761418	0.0376307102	0.0252057321	-0.050940271	0.0016926191	0.0500465054	-0.0281190288	-0.0351986159	0.0467052026	0.0105365379	-0.0522688852	0.0170633708	0.0432587929	-0.0399056168	-0.0221871482	0.0516212534	-0.0050707869	-0.04894369	0.0309148693	0.0326194932	-0.042741618	0.048469814	-0.0216539949	0.0050238963	-0.0262160428	0.0312008822	-0.0041110175	0.0523898646	-0.0194321325	-0.0055032173	1.2219360204274	-0.437244051990654	0.448081059024295	0.592443852028073
0.253719	0.0759698	0.497457	0.00207445	-0.00425557	0.00121668	-0.000113999999999947	0.047903	0.002608	-0.00013934	0.00017162	0.00019491	0.0759185	-0.0140464202	-0.0448445497	0.0380985803	0.024410558	-0.0511910666	0.0030455261	0.0495576132	-0.0296255153	-0.0336681095	0.0476832451	0.0080934286	-0.0520241169	0.0198094581	0.0413994086	-0.0420138333	-0.0188654898	0.0521322486	-0.0090953929	-0.0472539781	0.0344398384	0.0287823352	-0.043212834	-0.0101446104	-0.0092889967	-0.0478229538	-0.003860481	0.042849377	0.0332631222	-0.015022905	0.0148732759	0.0034182511	0.951435351894247	-0.473616090016011	-2.22840312389761	0.592443852028073
0.233608	0.0492176	0.482435	0.00197027	-0.00412097	0.00132173	-0.020111	-0.0267522	-0.0150219999999999	-0.00010418	0.0001346	0.00010505	0.0790766999999999	-0.014263743	-0.0446096262	0.0385600826	0.0236081307	-0.0514180959	0.0043963972	0.049023627	-0.0310967934	-0.0320869629	0.0485727468	0.0056321357	-0.0516402525	0.0224933884	0.0393893764	-0.0439465533	-0.015454175	0.0523635681	-0.0130652981	-0.0452476394	0.0377091275	0.024709611	0.0455012203	0.0074874789	0.0417873944	-0.0232040597	-0.0260374784	-0.0530535043	-0.0277806072	-0.0069749261	0.0669479258	-0.0439295926	0.784660727961804	-0.279968074965322	-2.22840312389761	0.592443852028073
0.23595	0.0379598	0.438093	0.00186878	-0.00422215	0.00132174	0.00234200000000001	-0.0112578	-0.044342	-0.00010149	-0.00010118	1.00000000001575e-08	0.0680758	-0.0144808008	-0.044371389	0.03901514	0.0227986886	-0.0516212534	0.0057443291	0.0484450328	-0.0325311144	-0.0304575546	0.0493720561	0.003158189	-0.0511183183	0.0251067401	0.0372360105	-0.0456957037	-0.011969416	0.0523139709	-0.0169566271	-0.0429381175	0.0406984653	0.0204346535	-0.0405644213	0.0318054478	-0.0117852335	0.056513201	-0.0212435683	0.051889217	-0.0363536269	0.0431890528	-0.0171383701	-0.0279909096	1.16800603958453	0.031291928998966	-2.22840312389761	0.592443852028073
0.23514	0.0779893	0.46225	0.00203843	-0.00403762	0.00132173	-0.000809999999999977	0.0400295	0.024157	0.00016965	0.00018453	-1.00000000001575e-08	0.082706	-0.0146975897	-0.0441298556	0.0394636764	0.0219824722	-0.0518004449	0.0070884207	0.0478223571	-0.0339267737	-0.0287823352	0.0500796887	0.0006771467	-0.0504597097	0.0276413132	0.0349471469	-0.0472539781	-0.0084277735	0.0519837232	-0.0207459769	-0.0403408874	0.0433856593	0.0159924506	-0.0653735524	-0.0321639369	-0.0308331606	-0.0243889314	0.0299275978	0.0672462116	-0.0019460233	-0.0321379668	0.0068853552	0.0001673154	0.889202402071699	-0.14421549630303	-2.22840312389761	0.592443852028073
0.237365	0.0482678	0.473293	0.00221852	-0.00471138	0.00132173	0.002225	-0.0297215	0.011043	0.00018009	-0.000673760000000001	0	0.0856820000000001	-0.0149141057	-0.043885044	0.0399056168	0.0211597241	-0.0519555872	0.0084277735	0.0471561663	-0.0352821126	-0.0270638244	0.0506943307	-0.001805417	-0.0496661877	0.0300891549	0.0325311144	-0.0486148674	-0.0048460789	0.0513745965	-0.024410558	-0.0374733519	0.0457507597	0.0114193591	0.0333842264	-0.0169939568	0.034026406	-0.0128332258	-0.0094987545	-0.0533398906	0.0113584983	-0.0247277357	0.0506918151	-0.001090893	0.989194397182653	-0.063258863034198	-2.22840312389761	0.592443852028073
0.230885	0.0483228	0.441991	0.00229288	-0.00443492	0.00124806	-0.00648000000000004	5.49999999999926e-05	-0.0313020000000001	7.43600000000003e-05	0.00027646	-7.36699999999999e-05	0.0590615	-0.0151303447	-0.0436369724	0.0403408874	0.0203306886	-0.0520866082	0.0097614921	0.0464470668	-0.0365955205	-0.025304607	0.0512148408	-0.0042839244	-0.048739874	0.0324425845	0.0299967047	-0.049772687	-0.0012413539	0.0504898588	-0.0279283311	-0.0343547251	0.0477762082	0.006752807	-0.0074658105	0.0445258276	-0.0098023132	0.0368006959	-0.0222064934	0.0059147888	-0.0116803698	0.0617243556	-0.0202375834	-0.0160359936	0.756420706452931	0.311206166240593	0.448081059024295	0.592443852028073
0.203432	0.0786343	0.448757	0.00248865	-0.00405935	0.00132173	-0.027453	0.0303115	0.00676599999999999	0.00019577	0.00037557	7.36699999999999e-05	0.096781	-0.0153463027	-0.0433856593	0.0407694154	0.0194956122	-0.0521934471	0.0110886847	0.0456957037	-0.0378654364	-0.0235073292	0.0516402525	-0.006752807	-0.0476832451	0.0346942175	0.0273531403	-0.0507226006	0.0023692706	0.0493342563	-0.03127814	-0.0310059033	0.0494469678	0.0020309873	-0.0587612983	0.0105064572	-0.0227243442	0.0083697642	0.0283341346	0.0652406871	0.0036621734	0.002129205	0.0103274258	-0.0106473677	1.17861229052862	0.683045337234111	0.448081059024295	0.592443852028073
0.203543	0.0383381	0.461956	0.00230854	-0.00430203	0.00138624	0.000111	-0.0402962	0.0131990000000001	-0.00018011	-0.00024268	6.451e-05	0.0779712	-0.0155619757	-0.0431311232	0.0411911291	0.018654743	-0.0522760543	0.0124084642	0.0449027607	-0.039090351	-0.021674694	0.0519697758	-0.009206518	-0.0464991262	0.0368369888	0.0246100408	-0.0514606403	0.0059686353	0.0479139886	-0.0344398384	-0.0274493255	0.050750635	-0.0027074549	0.0211404278	-0.0526752187	0.0284260709	-0.0096437183	-0.0345542696	-0.0267561225	0.0285942114	-0.0492527741	0.0121337618	0.0101925111	0.776922983260797	0.526578191901416	0.448081059024295	0.592443852028073
0.212192	0.0517305	0.444169	0.00217277	-0.00462851	0.00132174	0.00864900000000002	0.0133924	-0.0177870000000001	-0.00013577	-0.00032648	-6.44999999999999e-05	0.0661659	-0.0157773596	-0.0428733831	0.0416059582	0.0178083308	-0.0523343914	0.0137199483	0.0440689593	-0.0402688086	-0.0198094581	0.0522027989	-0.0116395445	-0.0451906832	0.0388641751	0.021777388	-0.0519837232	0.0095396348	0.046236675	-0.0373944116	-0.0237088227	0.0516775313	-0.0074237382	0.0166533974	0.0576788049	0.0014238378	0.014560051	-0.005710397	0.0008508125	0.010482482	0.0532959373	0.0006256365	-0.0354072846	0.576388826535769	0.702830323535627	0.448081059024295	0.592443852028073
0.234382	0.0898531	0.456014	0.0024595	-0.00446522	0.00132173	0.02219	0.0381226	0.011845	0.00028673	0.00016329	-1.00000000001575e-08	0.0946591	-0.0159924506	-0.0426124582	0.0420138333	0.0169566271	-0.0523684314	0.0150222601	0.0431950583	-0.0413994086	-0.0179144269	0.0523388891	-0.0140464202	-0.0437614146	0.0407694154	0.0188654898	-0.0522896643	0.0130652981	0.044311314	-0.0401240904	-0.0198094581	0.0522207755	-0.0120792627	-0.0243023181	-0.0247643643	0.0119191785	0.0138462748	0.0090232757	0.01957354	0.0237331093	-0.0396558917	-0.0092076127	0.0158465559	1.1803230211402	1.67913757924955	-2.22840312389761	0.592443852028073
0.215295	0.0564397	0.459072	0.0026273	-0.00438679	0.00120191	-0.019087	-0.0334134	0.00305800000000001	0.000167800000000001	7.843e-05	-0.00011982	0.0738609	-0.0162072446	-0.0423483678	0.0424146861	0.016099885	-0.0523781585	0.016314529	0.0422818529	-0.0424808075	-0.0159924506	0.0523777937	-0.0164217376	-0.0422151417	0.0425467316	0.015884942	-0.0523771858	0.01652887	0.0421482344	-0.0426124582	-0.0157773596	0.0523763346	-0.0166359256	0.0498585032	0.0153662528	-0.0154164958	-0.0127733205	-0.008072827	-0.0420311587	-0.0086519538	0.0175781087	0.014590571	0.046094435	0.91506413158609	2.3195711415033	0.448081059024295	0.592443852028073
0.253392	0.0919562	0.426662	0.0025823	-0.00446099	0.00174191	0.038097	0.0355165	-0.03241	-4.50000000000003e-05	-7.42e-05	0.00054	0.1389835	-0.0164217376	-0.0420811315	0.0428084497	0.015238359	-0.0523635681	0.0175958911	0.0413301739	-0.0435117199	-0.0140464202	0.0523194405	-0.0187601599	-0.0405559987	0.044190547	0.0128465907	-0.0522459219	0.0199138901	0.0397590408	-0.0448445497	-0.0116395445	0.0521430537	-0.0210564335	-0.0314431005	0.0011631344	0.0184751429	0.0363421094	-0.0126546159	0.0298231326	0.0049546538	-0.0267743912	0.0046733723	0.0029378424	0.408581908434773	2.42730729572218	0.448081059024295	0.592443852028073
0.245509	0.0919907	0.458936	0.00280982	-0.00423524	0.00162141	-0.007883	3.44999999999929e-05	0.032274	0.00022752	0.000225749999999999	-0.0001205	0.06888	-0.0166359256	-0.0418107693	0.0431950583	0.0143723053	-0.052324667	0.0188654898	0.0403408874	-0.0444909208	-0.0120792627	0.0521639377	-0.0210564335	-0.0387884217	0.0456957037	0.0097614921	-0.051896421	0.0232042715	0.0371565505	-0.0468069407	-0.0074237382	0.0515226647	-0.025304607	0.0473000554	-0.023016151	-0.0155861869	0.0161438369	-0.0146709323	-0.043261689	-0.0431002369	-0.01172692	-0.0346853105	0.0391241877	1.01068044866006	2.4578458066485	0.448081059024295	0.592443852028073
0.230009	0.0502983	0.452592	0.00249709	-0.00442154	0.00132173	-0.0155	-0.0416924	-0.00634399999999996	-0.00031273	-0.0001863	-0.00029968	0.1034719	-0.0168498047	-0.0415373011	0.0435744473	0.0135019809	-0.0522614734	0.0201224762	0.0393148935	-0.0454172463	-0.0100939368	0.0519115742	-0.0233053991	-0.0369171367	0.0470574788	0.0066408724	-0.0513301431	0.0263843771	0.0343547251	-0.0484878293	-0.003158189	0.0505197734	-0.0293456776	-0.0251259879	0.0473606545	-0.023447763	0.0510164405	-0.0168813144	0.0303174736	-0.0192594138	0.0486117957	0.0020371571	0.0038597223	-0.037801665154959	0.660344984288681	-2.22840312389761	0.592443852028073
0.234379	0.0579309	0.452592	0.00276683	-0.00446238	0.00132173	0.00436999999999999	0.0076326	0	0.00026974	-4.08400000000003e-05	0	0.0275316	-0.0170633708	-0.0412607473	0.0439465533	0.0126276447	-0.0521740164	0.0213660101	0.0382531258	-0.0462895956	-0.0080934286	0.0515628185	-0.0255020041	-0.0349471469	0.0482715996	0.0034960873	-0.0505494535	0.0294390937	0.0313685957	-0.0498771065	0.0011285219	0.0491418251	-0.0331465714	-0.0269225557	-0.0872979425	-0.0044340205	-0.0223852179	-0.0325571603	0.0343164915	0.0164748694	-0.0839316898	-0.0117612014	0.0253179824	0.178037605030163	-0.516042254681272	-2.22840312389761	0.592443852028073
0.23	0.0577876	0.445875	0.00235861	-0.00444494	0.00132173	-0.00437899999999999	-0.000143299999999999	-0.00671699999999997	-0.00040822	1.74400000000005e-05	0	0.0325223	-0.01727662	-0.0409811285	0.044311314	0.0117495564	-0.0520623368	0.0225952602	0.0371565505	-0.0471069319	-0.0060807472	0.0511183183	-0.0276413132	-0.0328837193	0.0493342563	0.0003385804	-0.0495576132	0.032353904	0.028214182	-0.0509664168	0.005407671	0.0473990497	-0.0366761804	0.0303857626	0.0472022537	-0.0218995946	0.0012193002	0.0067716944	-0.0349051983	-0.0208901487	0.044884657	0.03892542	-0.0759208417	0.399197010396752	1.92542978624647	0.448081059024295	0.592443852028073
0.237361	0.0480797	0.486167	0.0022436	-0.00493258	0.00140138	0.00736100000000001	-0.0097079	0.040292	-0.00011501	-0.00048764	7.96500000000001e-05	0.0914759	-0.0174895484	-0.0406984653	0.0446686685	0.0108679768	-0.0519264863	0.0238094045	0.0360261653	-0.0478682839	-0.0040589197	0.0505788988	-0.0297185201	-0.030732371	0.0502421146	-0.0028201586	-0.0483587652	0.0351149558	0.0249084068	-0.0517492091	0.0096505858	0.0453043854	-0.0399056168	-0.0121386737	0.0057431911	0.0239387851	-0.0148958191	-0.0133786713	0.0202527592	-0.0049905205	-0.0225441081	-0.0063752704	0.0020136862	0.338432751386131	1.06529827090788	0.448081059024295	0.592443852028073
0.247156	0.0504368	0.461025	0.00259403	-0.00483917	0.00132173	0.00979499999999997	0.00235710000000001	-0.025142	0.00035043	9.34099999999995e-05	-7.96500000000001e-05	0.0634686	-0.017702152	-0.0404127789	0.045018557	0.009983168	-0.051766528	0.0250076315	0.0348629988	-0.0485727468	-0.0020309873	0.0499455618	-0.0317289578	-0.028498854	0.050992326	-0.0059686353	-0.0469579174	0.0377091275	0.0214690046	-0.0522207755	0.0138288366	0.0428733831	-0.0428084497	0.0381405839	-0.0420195466	-0.017551743	0.0197382263	-0.0554165487	-0.04213206	-0.0250213509	1.50283e-05	0.0032860275	0.0424661962	-0.424157695345447	0.071018667615091	0.448081059024295	0.592443852028073
0.244343	0.0579549	0.455635	0.00276619	-0.00490524	0.00132173	-0.00281300000000001	0.00751809999999999	-0.00539000000000001	0.00017216	-6.60699999999997e-05	0	0.0276326	-0.0179144269	-0.0401240904	0.0453609212	0.0090953929	-0.0515825363	0.02618914	0.0336681095	-0.0492194833	0	0.0492194833	-0.0336681095	-0.02618914	0.0515825363	-0.0090953929	-0.0453609212	0.0401240904	0.0179144269	-0.0523782801	0.0179144269	0.0401240904	-0.0453609212	-0.0200760193	0.0228826081	0.0010541436	0.0212784442	-0.0246726093	0.0357064341	0.0013437918	0.0185597507	-0.0310463232	-0.021491905	-0.106389553956784	0.229546181271254	0.448081059024295	0.592443852028073
0.230185	0.0696857	0.45148	0.00311144	-0.00482046	0.00111285	-0.014158	0.0117308	-0.00415500000000002	0.00034525	8.47799999999996e-05	-0.00020888	0.0619893	-0.018126369	-0.0398324213	0.0456957037	0.0082049152	-0.0513745965	0.0273531403	0.0324425845	-0.0498077248	0.0020309873	0.0484020114	-0.0355316183	-0.0238094045	0.0520108938	-0.0121890533	-0.0435744473	0.0423483678	0.014263743	-0.0522207755	0.0218799809	0.0370769179	-0.0475421407	0.0228248449	-0.0241169605	-0.0107286603	0.0471573188	0.0336908132	-0.0239446612	-0.0290806784	-0.0242374098	-0.0224222622	-0.0328849103	-0.949681312228174	0.234528444210701	0.448081059024295	0.592443852028073
0.234378	0.0525136	0.419319	0.00257053	-0.00468578	0.00204248	0.00419300000000003	-0.0171721	-0.0321610000000001	-0.00054091	0.000134680000000001	0.00092963	0.1337871	-0.0183379745	-0.0395377932	0.0460228486	0.0073119995	-0.0511428052	0.028498854	0.0311875391	-0.0503367722	0.0040589197	0.0474946641	-0.0373152977	-0.0213660101	0.0522760543	-0.015238359	-0.0416059582	0.044371389	0.0105365379	-0.0517492091	0.0256989275	0.0337544877	-0.0493342563	-0.0151777836	0.0180518723	-0.0313785321	0.039072838	0.0121774689	0.0265426401	-0.0275232295	0.0388766715	-0.0185301252	0.0324227882	-0.077883511746453	0.186805133070391	0.448081059024295	0.592443852028073
0.253607	0.088965	0.423248	0.00296907	-0.00501595	0.00178677	0.019229	0.0364514	0.00392900000000002	0.00039854	-0.00033017	-0.00025571	0.1088304	-0.0185492395	-0.0392402281	0.0463423012	0.0064169112	-0.0508872699	0.0296255153	0.0299041152	-0.0508059967	0.0060807472	0.0464991262	-0.03901514	-0.0188654898	0.0523771858	-0.0182322141	-0.0394636764	0.0461835398	0.006752807	-0.0509664168	0.0293456776	0.0301814655	-0.0507226006	-0.0003424851	-0.0563564125	-0.0141532056	0.0110794379	0.0248244586	-0.0066073461	-0.0220293463	-0.0694264819	0.0063918583	-0.0164369001	-2.04378151478013	0.25104474402747	0.448081059024295	0.592443852028073
0.265936	0.0904618	0.444524	0.00300077	-0.00540926	0.00218481	0.012329	0.00149680000000001	0.021276	3.17e-05	-0.00039331	0.00039804	0.0762542999999999	-0.0187601599	-0.0389397479	0.0466540082	0.0055199161	-0.0506081094	0.030732371	0.0285934806	-0.0512148408	0.0080934286	0.0454172463	-0.0406273263	-0.016314529	0.0523139709	-0.0211597241	-0.0371565505	0.0477762082	0.0029328492	-0.0498771065	0.0327957961	0.0263843771	-0.0516958108	0.0197964812	0.0267788989	-0.0139815384	-0.0077466701	0.0001725682	-0.0142030408	-0.0074867564	0.0236727881	-0.0039332946	0.0390198415	-1.90278552374883	0.240525755573746	0.448081059024295	0.592443852028073
0.27852	0.0780047	0.477111	0.00277987	-0.00519186	0.00185841	0.012584	-0.0124571	0.032587	-0.0002209	0.0002174	-0.0003264	0.0958631	-0.018970732	-0.0386363752	0.0469579174	0.004621281	-0.0503054532	0.0318186811	0.027256828	-0.0515628185	0.0100939368	0.0442510332	-0.0421482344	-0.0137199483	0.0520866082	-0.0240102362	-0.0346942175	0.0491418251	-0.0009028426	-0.0484878293	0.0360261653	0.0223914121	-0.0522459219	-0.084175587	0.0030007092	0.0008450824	-0.026167229	-0.0141495085	0.0794083365	0.0013374485	-0.0045971291	0.0068444075	0.0168463406	-1.6210595623877	0.589511649423417	0.448081059024295	0.592443852028073
0.298664	0.0653061	0.461537	0.00269723	-0.00536198	0.00218481	0.020144	-0.0126986	-0.015574	-8.26399999999997e-05	-0.000170119999999999	0.0003264	0.0773746	-0.0191809517	-0.0383301323	0.0472539781	0.0037212726	-0.0499794418	0.0328837193	0.0258953737	-0.0518495163	0.0120792627	0.0430026525	-0.0435744473	-0.0110886847	0.0516958108	-0.0267733776	-0.0320869629	0.0502739006	-0.0047336909	-0.0468069407	0.03901514	0.0182322141	-0.0523684314	0.0306844812	-0.0314658096	0.0400734662	-0.0212822262	-0.0451674406	-0.0378583714	0.0700527649	-0.0332585025	-0.0310846233	0.051558718	-1.46699063369837	0.372423567378908	0.448081059024295	0.592443852028073
0.302512	0.0690807	0.423284	0.00292274	-0.00527784	0.00228755	0.00384800000000002	0.00377459999999999	-0.038253	0.00022551	8.41399999999999e-05	0.00010274	0.0664951	-0.0193908153	-0.0380210421	0.0475421407	0.0028201586	-0.0496302266	0.0339267737	0.0245103563	-0.0520745933	0.0140464202	0.0416744222	-0.0449027607	-0.0084277735	0.0511428052	-0.0294390937	-0.0293456776	0.0511670547	-0.0085391442	-0.0448445497	0.0417426926	0.0139376608	-0.0520623368	-0.0246962987	0.0534863863	0.0221511231	0.0176277346	-0.0264924225	0.0156907666	0.0102301097	0.0764882863	-0.0366767525	-0.0382669662	0.814739471174465	0.636850736294033	0.448081059024295	0.592443852028073
0.31856	0.0778006	0.423507	0.00290751	-0.0047203	0.00259969	0.016048	0.00871989999999997	0.000222999999999973	-1.52300000000002e-05	0.00055754	0.00031214	0.0692364	-0.0196003187	-0.0377091275	0.0478223571	0.0019182066	-0.0492579697	0.0349471469	0.0231030362	-0.0522377823	0.0159924506	0.0402688086	-0.0461301902	-0.0057443291	0.0504293264	-0.0319976841	-0.0264818121	0.0518170426	-0.0122987873	-0.0426124582	0.044190547	0.0095396348	-0.0513301431	-0.0475774427	-0.0287860032	-0.0064320298	-0.0137366675	0.016036712	0.0593807678	0.01620982	-0.0182588709	-0.0359187677	0.0133056921	-0.540970898836649	1.57639224709742	0.448081059024295	0.592443852028073
0.320995	0.0778207	0.431906	0.00282013	-0.0048158	0.00254546	0.00243499999999996	2.01000000000229e-05	0.0083990000000001	-8.73799999999997e-05	-9.55000000000001e-05	-5.42300000000002e-05	0.0227096	-0.0198094581	-0.0373944116	0.0480945804	0.0010156846	-0.048862844	0.0359441567	0.021674694	-0.0523388891	0.0179144269	0.0387884217	-0.0472539781	-0.0030455261	0.0495576132	-0.0344398384	-0.0235073292	0.0522207755	-0.0159924506	-0.0401240904	0.0463423012	0.0050707869	-0.050177843	0.0445142121	0.00337712	0.0398407715	-0.0058985233	-0.0223037029	-0.0532804434	0.0176640686	-0.0072073084	0.0126239763	-0.0130103945	0.380246521014057	0.971952147182355	0.448081059024295	0.592443852028073
0.322691	0.0775792	0.423502	0.00253056	-0.00467192	0.00284342	0.00169600000000003	-0.000241500000000006	-0.00840400000000002	-0.00028957	0.00014388	0.00029796	0.0469120000000001	-0.0200182296	-0.0370769179	0.0483587652	0.0001128608	-0.0484450328	0.0369171367	0.0202266294	-0.0523777937	0.0198094581	0.0372360105	-0.0482715996	-0.0003385804	0.0485304007	-0.0367566699	-0.0204346535	0.0523763346	-0.0196003187	-0.0373944116	0.0481835374	0.0005642937	-0.0486148674	0.0207986555	0.0390192789	-0.0530162905	0.0570019984	-0.0354985796	-0.0105381378	-0.0231238619	0.0440175485	-0.0853043015	0.0158300287	1.17494293370421	1.05587524115503	0.448081059024295	0.592443852028073
0.309748	0.084172	0.435694	0.00321388	-0.00490526	0.00234925	-0.012943	0.00659279999999998	0.0121919999999999	0.00068332	-0.000233339999999999	-0.00049417	0.1022693	-0.0202266294	-0.0367566699	0.0486148674	-0.0007899965	-0.0480047303	0.0378654364	0.0187601599	-0.0523544498	0.021674694	0.0356144575	-0.0491807684	0.0023692706	0.0473509122	-0.0389397479	-0.01727662	0.0522829807	-0.0231030362	-0.0344398384	0.0497019183	-0.0039463888	-0.0466540082	0.0055028841	-0.0113804082	-0.0706291324	-0.0003713413	0.0293211356	-0.0059834476	-0.0357290417	-0.0133136268	-0.021316212	-0.0113085528	0.545750157150646	0.314031274883272	0.448081059024295	-1.68540061352814
0.325467	0.0784808	0.423335	0.00344716	-0.00505001	0.00240524	0.015719	-0.00569119999999997	-0.012359	0.00023328	-0.00014475	5.59899999999997e-05	0.0554701999999999	-0.0204346535	-0.0364336915	0.048862844	-0.0016926191	-0.0475421407	0.0387884217	0.01727662	-0.0522688852	0.0235073292	0.0339267737	-0.0499794418	0.0050707869	0.0460228486	-0.0409811285	-0.0140464202	0.0519411573	-0.0264818121	-0.03127814	0.0508872699	-0.0084277735	-0.044311314	0.0200601322	-0.007205164	-0.0505623735	-0.0437599834	0.0494870377	-0.0255703746	-0.0193422037	-0.010323118	0.0436415248	0.0397969993	0.61340557925889	0.569626775940332	0.448081059024295	-1.68540061352814
0.329347	0.0582282	0.437023	0.00291936	-0.00443299	0.00240752	0.00387999999999999	-0.0202526	0.0136879999999999	-0.0005278	0.000617019999999999	2.2799999999999e-06	0.0951755999999999	-0.0206422981	-0.0361080066	0.0491026536	-0.0025947387	-0.0470574788	0.0396854757	0.0157773596	-0.0521212014	0.025304607	0.0321760928	-0.0506658255	0.0077587455	0.0445503769	-0.0428733831	-0.010757547	0.051352489	-0.0297185201	-0.0279283311	0.0517316498	-0.0128465907	-0.0416059582	-0.0029112851	0.0402725548	0.0431301156	-0.0399604458	-0.0151502431	0.0103144796	0.0373806771	0.0138308804	0.0431362362	0.0175935848	0.436019685123841	0.331697748124623	0.448081059024295	0.592443852028073
0.344565	0.0681546	0.414607	0.00296501	-0.00466202	0.00251391	0.015218	0.00992640000000002	-0.022416	4.56499999999999e-05	-0.00022903	0.00010639	0.0666139	-0.0208495594	-0.0357796393	0.0493342563	-0.0034960873	-0.0465509697	0.0405559987	0.014263743	-0.0519115742	0.0270638244	0.0303656657	-0.0512383773	0.0104259597	0.0429381175	-0.0446096262	-0.0074237382	0.0505197734	-0.0327957961	-0.024410558	0.0522294002	-0.0171700353	-0.0385600826	-0.0504139873	-0.007856023	0.0240896237	0.0164020216	-0.0306687331	0.0479312853	0.0150240655	-0.014219025	0.0023929356	-0.0430192463	0.732313765485998	0.025448535362374	0.448081059024295	0.592443852028073
0.326631	0.0919937	0.423536	0.0026785	-0.00462716	0.00239804	-0.017934	0.0238391	0.00892900000000002	-0.00028651	3.48600000000003e-05	-0.00011587	0.0725641	-0.0210564335	-0.0354486142	0.0495576132	-0.0043963972	-0.0460228486	0.0413994086	0.0127371473	-0.0516402525	0.0287823352	0.028498854	-0.0516958108	0.0130652981	0.0411911291	-0.0461835398	-0.0040589197	0.0494469678	-0.0356971313	-0.0207459769	0.0523771858	-0.0213660101	-0.0351986159	-0.0725521588	-0.0063399698	0.0023957222	-0.010998933	0.0197575081	0.0491761993	0.0397050054	0.0074732887	0.0185070607	-0.0185477479	-0.277314825835982	1.46111707373766	0.448081059024295	0.592443852028073
0.32903	0.0951924	0.423497	0.002957	-0.00461155	0.00245088	0.00239900000000004	0.0031987	-3.89999999999557e-05	0.0002785	1.56100000000001e-05	5.28399999999998e-05	0.0229842	-0.0212629165	-0.0351149558	0.049772687	-0.0052954007	-0.0454733605	0.0422151417	0.0111989617	-0.0513075588	0.0304575546	0.0265791242	-0.0520370985	0.015669704	0.0393148935	-0.0475893965	-0.0006771467	0.0481391707	-0.0384069609	-0.0169566271	0.0521740164	-0.0254033645	-0.0315490697	-0.0326314504	-0.0076664248	0.0489465799	-0.045352919	-0.0120315414	0.0164912072	0.0687734986	4.801e-05	0.0246481321	0.0265760005	0.751448573195385	0.489790617908834	0.448081059024295	0.592443852028073
0.342257	0.0897014	0.384857	0.00308947	-0.00452968	0.00257097	0.013227	-0.00549100000000001	-0.03864	0.00013247	8.18699999999995e-05	0.00012009	0.0740795	-0.0214690046	-0.0347786889	0.0499794418	-0.0061928308	-0.0449027607	0.0430026525	0.0096505858	-0.0509138886	0.0320869629	0.0246100408	-0.0522614734	0.0182322141	0.0373152977	-0.0488220806	0.0027074549	0.0466025972	-0.0409107473	-0.0130652981	0.0516212534	-0.0292521253	-0.0276413132	0.0476067041	0.0129701672	0.0351569587	-0.028054339	0.0149765878	-0.0351150782	0.0079101405	0.0002391811	0.0114376597	-0.0665889656	0.792885340739063	1.31667490302343	0.448081059024295	0.592443852028073
0.355745	0.117414	0.399423	0.00307505	-0.00494634	0.00260323	0.0134879999999999	0.0277126	0.014566	-1.44199999999998e-05	-0.000416659999999999	3.22600000000001e-05	0.0789335999999999	-0.021674694	-0.0344398384	0.050177843	-0.0070884207	-0.044311314	0.0437614146	0.0080934286	-0.0504597097	0.0336681095	0.0225952602	-0.0523684314	0.0207459769	0.0351986159	-0.0498771065	0.0060807472	0.0448445497	-0.0431950583	-0.0090953929	0.0507226006	-0.0328837193	-0.0235073292	0.0383225538	0.003898872	-0.0485460364	-0.0301341922	0.0562252385	-0.0415086975	-0.0488175397	-0.0082275615	0.0811186908	-0.0163737028	0.233812721073815	1.21938892182295	0.448081059024295	0.592443852028073
0.349763	0.0996581	0.403076	0.00296103	-0.00497701	0.00265322	-0.00598199999999999	-0.0177559	0.00365300000000002	-0.00011402	-3.067e-05	4.99899999999998e-05	0.0371249	-0.0218799809	-0.0340984296	0.0503678575	-0.0079819045	-0.043699295	0.0444909208	0.0065289069	-0.0499455618	0.0351986159	0.0205385235	-0.0523577323	0.0232042715	0.0329714899	-0.050750635	0.0094286395	0.0428733831	-0.0452476394	-0.0050707869	0.0494840794	-0.0362711858	-0.0191809517	0.0002216047	0.0372465978	0.0325363156	-0.039852953	-0.0029731137	0.0140465767	0.0539513521	0.0450358875	0.0322858878	0.033747294	0.342933353190674	0.440200101825951	0.448081059024295	0.592443852028073
0.361438	0.0996817	0.365963	0.00294278	-0.00501365	0.00263851	0.011675	2.3599999999957e-05	-0.037113	-1.825e-05	-3.66400000000001e-05	-1.47099999999998e-05	0.0522916	-0.0220848615	-0.0337544877	0.0505494535	-0.0088730165	-0.0430669878	0.0451906832	0.0049584444	-0.0493720561	0.0366761804	0.0184436498	-0.0522294002	0.0256005252	0.0306409077	-0.0514394875	0.0127371473	0.0406984653	-0.0470574788	-0.0010156846	0.0479139886	-0.0393893764	-0.0146975897	0.0194861166	-0.0615070352	0.0243873212	0.0077644779	-0.0201817452	-0.0313386462	-0.0290199845	-0.0447209273	-0.0005118862	-0.0552300394	0.219544084497704	1.1880111352222	0.448081059024295	0.592443852028073
0.373189	0.0995688	0.395971	0.00257008	-0.00502603	0.00256883	0.011751	-0.000112899999999999	0.030008	-0.0003727	-1.23800000000002e-05	-6.96800000000003e-05	0.0646099000000001	-0.0222893319	-0.0334080384	0.0507226006	-0.0097614921	-0.0424146861	0.0458602343	0.0033834701	-0.048739874	0.0380985803	0.016314529	-0.0519837232	0.0279283311	0.028214182	-0.0519411573	0.0159924506	0.0383301323	-0.0486148674	0.0030455261	0.0460228486	-0.0422151417	-0.0100939368	0.0130165033	0.0370833434	-0.0134051405	-0.0172032696	-0.0141013211	-0.0160857568	-0.0405891514	0.0631167827	-0.0003464093	0.0033683247	0.881152069104095	1.79680157663205	0.448081059024295	0.592443852028073
0.35659	0.0801493	0.391194	0.0030297	-0.0048043	0.00264352	-0.016599	-0.0194195	-0.00477700000000003	0.00045962	0.00022173	7.46900000000001e-05	0.0785975	-0.0224933884	-0.0330591074	0.0508872699	-0.0106470671	-0.0417426926	0.0464991262	0.001805417	-0.0480497669	0.0394636764	0.0141551145	-0.0516212534	0.0301814655	0.0256989275	-0.0522538189	0.0191809517	0.0357796393	-0.04991145	0.0070884207	0.043823331	-0.0447275033	-0.005407671	-0.0437420188	-0.006997111	0.0199289064	0.0158834084	-0.0339483001	0.0513515358	0.0056933409	-0.0102836869	-0.0201257989	0.0319615507	-2.1262066627732	1.68327190103049	-2.22840312389761	-1.68540061352814
0.336213	0.0996472	0.391394	0.00280429	-0.0043859	0.0025443	-0.020377	0.0194979	0.000200000000000033	-0.00022541	0.0004184	-9.92199999999997e-05	0.0772264000000001	-0.0226970271	-0.0327077205	0.051043434	-0.0115294786	-0.0410513194	0.0471069319	0.0002257211	-0.047302555	0.0407694154	0.011969416	-0.0511428052	0.032353904	0.0231030362	-0.0523763346	0.0222893319	0.0330591074	-0.050940271	0.0110886847	0.0413301739	-0.0469078096	-0.0006771467	0.0300205863	-0.0469928198	-0.029202831	-0.0044166883	0.0473784189	-0.0236076699	-0.0066822319	-0.0368483809	-0.0462626468	-0.0098278099	-0.26733988607439	0.05053113377414	-2.22840312389761	-1.68540061352814
0.338883	0.0697064	0.440997	0.00304067	-0.00459525	0.00257768	0.00267000000000001	-0.0299408	0.049603	0.00023638	-0.00020935	3.338e-05	0.1061693	-0.0229002443	-0.032353904	0.0511910666	-0.0124084642	-0.0403408874	0.0476832451	-0.0013541801	-0.0464991262	0.0420138333	0.0097614921	-0.0505494535	0.0344398384	0.0204346535	-0.0523082586	0.025304607	0.0301814655	-0.0516958108	0.0150222601	0.0385600826	-0.048739874	0.0040589197	0.0201324717	-0.0452879956	-0.0674409219	-0.0639365784	-0.010764331	-0.0380460617	-0.1112004835	-0.0499185562	0.131540231	0.0376377679	-0.432593953523552	-0.362120328432681	-2.22840312389761	-1.68540061352814
0.334027	0.0731957	0.414178	0.0030896	-0.00506681	0.00253191	-0.00485599999999997	0.0034893	-0.026819	4.893e-05	-0.000471559999999999	-4.57700000000001e-05	0.0634772999999999	-0.0231030362	-0.0319976841	0.0513301431	-0.0132837629	-0.0396117264	0.0482276804	-0.0029328492	-0.0456404355	0.0431950583	0.0075354425	-0.0498425313	0.0364336915	0.017702152	-0.0520498384	0.028214182	0.0271603893	-0.0521740164	0.0188654898	0.0355316183	-0.0502100954	0.0087617663	0.0261064782	0.0341130918	0.0481489348	-0.0731697471	0.0038565955	-0.0324877776	0.0722947611	-0.0052487442	0.0299631011	0.0132591759	-0.095718052651961	-1.08218644032232	-2.22840312389761	-1.68540061352814
0.325683	0.0871061	0.37843	0.00285653	-0.00508648	0.00248106	-0.00834400000000002	0.0139104	-0.0357479999999999	-0.00023307	-1.96700000000003e-05	-5.08499999999999e-05	0.0731819	-0.0233053991	-0.0316390872	0.0514606403	-0.0141551145	-0.0388641751	0.048739874	-0.0045088495	-0.0447275033	0.044311314	0.0052954007	-0.049023627	0.0383301323	0.0149141057	-0.0516020147	0.0310059033	0.0240102362	-0.0523723222	0.0225952602	0.0322650733	-0.0513075588	0.013392903	0.0169974908	0.0140013794	0.0566993666	0.0462472194	-0.0101753696	-0.0215989584	0.0403068304	0.0072311746	-0.0295508671	-0.0518906913	0.75952456015097	-1.25308934437868	-2.22840312389761	-1.68540061352814
0.316751	0.112779	0.384848	0.00281143	-0.00497982	0.00225954	-0.008932	0.0256729	0.00641799999999998	-4.50999999999997e-05	0.00010666	-0.00022152	0.0596869	-0.0235073292	-0.03127814	0.0515825363	-0.0150222601	-0.0380985803	0.0492194833	-0.0060807472	-0.0437614146	0.0453609212	0.0030455261	-0.0480945804	0.0401240904	0.0120792627	-0.0509664168	0.0336681095	0.0207459769	-0.0522896643	0.02618914	0.0287823352	-0.0520241169	0.0179144269	0.0337766831	0.0080785639	-0.0224091148	0.015894722	-0.0277936621	-0.0204332839	-0.0368743673	0.0379675128	-0.0645497084	0.0515799983	-0.401149414298583	-0.801619409765078	-2.22840312389761	-1.68540061352814
0.321932	0.0634735	0.390267	0.00320753	-0.00486773	0.00234317	0.00518099999999999	-0.0493055	0.00541900000000001	0.0003961	0.00011209	8.36299999999999e-05	0.0894965	-0.0237088227	-0.0309148693	0.0516958108	-0.015884942	-0.0373152977	0.0496661877	-0.0076471118	-0.0427433176	0.0463423012	0.0007899965	-0.0470574788	0.0418107693	0.009206518	-0.0501453577	0.0361896802	0.0173831246	-0.0519264863	0.0296255153	0.0251067401	-0.0523544498	0.0222893319	-0.0860194207	0.0289785067	-0.0028824975	0.0467861278	-0.006823393	0.0881315874	0.0168625033	0.0219608934	-0.0207095311	-0.0134502702	0.403582169255378	-0.650509071876863	-2.22840312389761	-1.68540061352814
0.322877	0.10388	0.401623	0.00343843	-0.00492007	0.00250818	0.000945000000000029	0.0404065	0.011356	0.0002309	-5.23400000000006e-05	0.00016501	0.0751200000000001	-0.0239098759	-0.030549302	0.0518004449	-0.016742904	-0.0365146908	0.0500796887	-0.009206518	-0.0416744222	0.0472539781	-0.0014670001	-0.0459146523	0.0433856593	0.0063048856	-0.0491418251	0.0385600826	0.0139376608	-0.0512847364	0.0328837193	0.0212629165	-0.0522961052	0.0264818121	-0.0194984911	-0.0698609293	-0.0049378901	-0.012011152	-0.0002826003	0.0158278274	0.0276755268	-0.080681852	-0.0387639182	0.0254488509	0.690898190367174	-0.645604397510644	-2.22840312389761	0.592443852028073
0.320721	0.102948	0.401634	0.00410923	-0.00484583	0.00238937	-0.00215600000000005	-0.000932000000000002	1.09999999999832e-05	0.0006708	7.42400000000006e-05	-0.00011881	0.0462915000000001	-0.024110485	-0.0301814655	0.051896421	-0.0175958911	-0.0356971313	0.0504597097	-0.010757547	-0.0405559987	0.0480945804	-0.0037212726	-0.0446686685	0.0448445497	0.0033834701	-0.0479594708	0.0407694154	0.0104259597	-0.0503678575	0.0359441567	0.01727662	-0.0518495163	0.0304575546	0.0207808138	0.0435593296	0.0237689907	-0.0055036772	0.0071256958	-0.0174487879	-0.0360951642	0.0446037829	0.0292061103	-0.007509631	0.624787863339411	-0.79781269023504	-2.22840312389761	0.592443852028073
0.348317	0.0649569	0.388655	0.00417125	-0.00526812	0.00239036	0.027596	-0.0379911	-0.012979	6.20199999999994e-05	-0.000422290000000001	9.89999999999758e-07	0.1028311	-0.0243106464	-0.0298113868	0.0519837232	-0.0184436498	-0.0348629988	0.0508059967	-0.0122987873	-0.0393893764	0.048862844	-0.0059686353	-0.0433223267	0.0461835398	0.0004514381	-0.0466025972	0.0428084497	0.0068647103	-0.0491807684	0.0387884217	0.0131745611	-0.0510179984	0.0341840202	-0.0559067356	0.0042322741	0.0161027408	0.0331337541	-0.0116389364	0.0615618373	-0.0191212091	-0.0063101379	-0.0412016852	-0.0184033709	0.611393971983923	-1.00050688700118	0.448081059024295	0.592443852028073
0.354981	0.110955	0.413741	0.00373916	-0.00516766	0.00258008	0.006664	0.0459981	0.0250859999999999	-0.00043209	0.00010046	0.00018972	0.1138616	-0.0245103563	-0.0294390937	0.0520623368	-0.0192859283	-0.0340126806	0.0511183183	-0.0138288366	-0.0381759417	0.0495576132	-0.0082049152	-0.0418786518	0.0473990497	-0.0024820104	-0.0450761418	0.0446686685	0.0032708371	-0.0477298374	0.0413994086	0.0089842256	-0.0498077248	0.0376307102	0.0137794923	-0.0421542243	-0.0304558115	0.0169076384	0.0176530898	-0.0196669622	-0.0328850595	-0.0278697316	-0.0148301401	-0.0281698767	0.276093560591617	-1.07748275564008	0.448081059024295	0.592443852028073
0.342155	0.0955631	0.401548	0.00419064	-0.00506688	0.00267004	-0.0128259999999999	-0.0153919	-0.012193	0.00045148	0.00010078	8.996e-05	0.0725219	-0.024709611	-0.0290646136	0.0521322486	-0.0201224762	-0.0331465714	0.0513964655	-0.0153463027	-0.0369171367	0.050177843	-0.0104259597	-0.0403408874	0.0484878293	-0.005407671	-0.0433856593	0.0463423012	-0.0003385804	-0.0460228486	0.0437614146	0.0047336909	-0.0482276804	0.0407694154	0.0274434877	-0.0574530624	-0.0760137722	-0.0193130336	0.0017472971	-0.015327828	-0.0336376016	-0.0246876184	0.0026116816	0.0820418336	-1.46499352650357	-1.05705759486663	0.448081059024295	0.592443852028073
0.346975	0.0945024	0.391544	0.00404476	-0.00499641	0.00259287	0.00481999999999994	-0.00106070000000003	-0.010004	-0.00014588	7.04700000000004e-05	-7.71699999999997e-05	0.0305607	-0.0249084068	-0.0286879745	0.0521934471	-0.0209530451	-0.0322650733	0.0516402525	-0.0168498047	-0.0356144575	0.0507226006	-0.0126276447	-0.0387124883	0.0494469678	-0.0083163637	-0.0415373011	0.0478223571	-0.0039463888	-0.0440689593	0.0458602343	0.0004514381	-0.0462895956	0.0435744473	0.006514001	0.0337055472	0.0295778138	-0.0500378562	0.0107595558	-0.0003066149	0.0678878517	0.0091891099	0.0224161177	-0.0032033125	1.05605593990195	-1.05341712137112	0.448081059024295	0.592443852028073
0.357294	0.110964	0.385823	0.00350353	-0.00527232	0.00246138	0.010319	0.0164616	-0.00572099999999998	-0.00054123	-0.00027591	-0.00013149	0.0799331	-0.0251067401	-0.0283092043	0.0522459219	-0.021777388	-0.0313685957	0.0518495163	-0.0183379745	-0.0342694522	0.0511910666	-0.0148058821	-0.0369971132	0.0502739006	-0.0111989617	-0.0395377932	0.0491026536	-0.0075354425	-0.0418786518	0.0476832451	-0.0038338396	-0.0440078585	0.0460228486	0.0084997542	-0.0013885026	0.0488870584	0.0443283438	-0.0054852338	-0.0182634484	0.0368061733	-0.0131593177	0.0047832995	-0.0593678744	-1.77431983276022	-0.982303772432013	0.448081059024295	0.592443852028073
0.36539	0.1258	0.381332	0.00464978	-0.00421941	0.00230602	0.00809599999999999	0.014836	-0.00449100000000002	0.00114625	0.00105291	-0.00015536	0.145149	-0.025304607	-0.0279283311	0.0522896643	-0.0225952602	-0.0304575546	0.0520241169	-0.0198094581	-0.0328837193	0.0515825363	-0.0169566271	-0.0351986159	0.0509664168	-0.0140464202	-0.0373944116	0.050177843	-0.0110886847	-0.0394636764	0.0492194833	-0.0080934286	-0.0413994086	0.0480945804	-0.0116855963	-0.0814184089	0.0115440204	-0.0003587664	0.0213512009	-0.0172106794	-0.1107224419	-0.0871840799	0.0687711521	0.0162977664	-2.11656466715998	-1.07863018194668	0.448081059024295	0.592443852028073
0.351081	0.0930792	0.355719	0.00423815	-0.00437486	0.00223761	-0.014309	-0.0327208	-0.025613	-0.00041163	-0.000155450000000001	-6.84100000000001e-05	0.1044173	-0.0255020041	-0.0275453833	0.052324667	-0.0234064185	-0.0295323731	0.0521639377	-0.0212629165	-0.0314589057	0.051896421	-0.0190758861	-0.0333210373	0.0515226647	-0.0168498047	-0.0351149558	0.051043434	-0.0145892291	-0.0368369888	0.0504597097	-0.0122987873	-0.0384836111	0.049772687	0.041050734	-0.0222514556	0.0326571209	-0.0025207505	0.0508479275	-0.0577769514	0.0158951341	-0.0320290706	-0.0082411526	0.0102142877	-2.34830383293959	-1.06943689712135	0.448081059024295	0.592443852028073
0.355919	0.119748	0.372301	0.00408715	-0.00470583	0.00244131	0.00483800000000001	0.0266688	0.016582	-0.000151	-0.00033097	0.0002037	0.0823723	-0.0256989275	-0.0271603893	0.0523509242	-0.0242106219	-0.0285934806	0.0522688852	-0.0226970271	-0.0299967047	0.0521322486	-0.0211597241	-0.0313685957	0.0519411573	-0.0196003187	-0.0327077205	0.0516958108	-0.0180204398	-0.0340126806	0.0513964655	-0.0164217376	-0.0352821126	0.051043434	0.002211113	0.0513139638	0.0132883146	0.0100345209	0.0295882553	0.0061406939	0.0107292483	0.0608238009	0.0015893892	-0.0583285564	0.739215245948354	-1.03689291353812	0.448081059024295	0.592443852028073
0.389107	0.105475	0.388158	0.00379431	-0.0047606	0.00295233	0.0331880000000001	-0.014273	0.015857	-0.00029284	-5.477e-05	0.00051102	0.1062495	-0.0258953737	-0.0267733776	0.0523684314	-0.0250076315	-0.0276413132	0.0523388891	-0.024110485	-0.028498854	0.0522896643	-0.0232042715	-0.0293456776	0.0522207755	-0.0222893319	-0.0301814655	0.0521322486	-0.0213660101	-0.0310059033	0.0520241169	-0.0204346535	-0.0318186811	0.051896421	-0.0101391579	0.0213679055	-0.0299816447	-0.0316073989	0.0188583589	0.0102263891	-0.0149578128	0.0225202586	0.0186631014	0.0262241708	-0.72627801945631	-0.977864211860217	0.448081059024295	0.592443852028073
0.368926	0.104974	0.388382	0.00384695	-0.00438413	0.00248383	-0.020181	-0.000501000000000001	0.000224000000000002	5.26400000000001e-05	0.00037647	-0.0004685	0.0657865	-0.0260913389	-0.0263843771	0.0523771858	-0.0257972105	-0.0266763128	0.0523739028	-0.0255020041	-0.0269671338	0.0523684314	-0.0252057321	-0.027256828	0.0523607718	-0.0249084068	-0.0275453833	0.0523509242	-0.0246100408	-0.0278327876	0.0523388891	-0.0243106464	-0.0281190288	0.052324667	-0.0039393567	0.0388886744	0.0472674695	-0.0492223746	0.0396801874	0.0127873242	0.0814160495	0.0189363376	0.0362615462	-0.0023675121	-0.231828632058997	-0.975196436034484	0.448081059024295	0.592443852028073
0.365274	0.138301	0.382196	0.00337819	-0.00412701	0.00284911	-0.00365200000000004	0.033327	-0.00618600000000002	-0.00046876	0.00025712	0.00036528	0.097723	-0.0262868196	-0.0259934166	0.0523771858	-0.0265791242	-0.0256989275	0.0523739028	-0.0268703181	-0.0254033645	0.0523684314	-0.0271603893	-0.0251067401	0.0523607718	-0.0274493255	-0.0248090665	0.0523509242	-0.0277371148	-0.0245103563	0.0523388891	-0.028023745	-0.0242106219	0.052324667	0.0472131854	-0.0069241987	0.0556356259	0.0210513258	0.0141284574	-0.0546699029	0.0314645161	-0.0187051576	-0.0385558297	-0.0737712609	-1.6718014775285	-0.785083734854579	0.448081059024295	0.592443852028073
0.339431	0.138458	0.426011	0.00367662	-0.00385277	0.00262253	-0.025843	0.00015699999999999	0.043815	0.00029843	0.00027424	-0.00022658	0.1097775	-0.0264818121	-0.0256005252	0.0523684314	-0.0273531403	-0.024709611	0.0523388891	-0.028214182	-0.0238094045	0.0522896643	-0.0290646136	-0.0229002443	0.0522207755	-0.0299041152	-0.0219824722	0.0521322486	-0.030732371	-0.0210564335	0.0520241169	-0.0315490697	-0.0201224762	0.051896421	0.0197958243	0.0563262077	-0.0261495403	0.0376863813	-0.0474570796	-0.004294335	-0.0086789302	0.0735491573	-0.0292544152	0.0304724633	-0.389104866941371	-0.941612039230963	0.448081059024295	0.592443852028073
0.343185	0.129047	0.372607	0.00375696	-0.00303921	0.00259388	0.00375400000000004	-0.009411	-0.053404	8.03400000000004e-05	0.00081356	-2.86500000000003e-05	0.1126965	-0.0266763128	-0.0252057321	0.0523509242	-0.0281190288	-0.0237088227	0.0522688852	-0.0295323731	-0.0221871482	0.0521322486	-0.0309148693	-0.0206422981	0.0519411573	-0.0322650733	-0.0190758861	0.0516958108	-0.0335815749	-0.0174895484	0.0513964655	-0.0348629988	-0.015884942	0.051043434	-0.056626202	-0.0235629856	0.0075191509	0.047087623	0.0005651041	0.0536166891	-0.0026420817	-0.0359094581	-0.0261860365	-0.03233256	-1.77106233398199	-0.772437598985425	0.448081059024295	0.592443852028073
0.329377	0.138558	0.349825	0.00389569	-0.00316552	0.00268367	-0.013808	0.00951099999999999	-0.022782	0.00013873	-0.00012631	8.97900000000002e-05	0.0638425	-0.0268703181	-0.0248090665	0.052324667	-0.0288765622	-0.0226970271	0.0521639377	-0.0308236917	-0.0205385235	0.051896421	-0.0327077205	-0.0183379745	0.0515226647	-0.0345247919	-0.016099885	0.051043434	-0.0362711858	-0.0138288366	0.0504597097	-0.0379433273	-0.0115294786	0.049772687	0.0341259412	-0.0495758531	-0.0378736895	0.0230774303	0.0458188967	-0.0270758559	-0.0416211078	-0.0241937251	-0.0392958758	0.0298888672	-0.253830830620682	-0.611297840716739	0.448081059024295	0.592443852028073
0.333429	0.101348	0.343743	0.00398577	-0.00318436	0.00261456	0.004052	-0.03721	-0.00608200000000003	9.00799999999998e-05	-1.884e-05	-6.91099999999998e-05	0.0562454999999999	-0.0270638244	-0.024410558	0.0522896643	-0.0296255153	-0.021674694	0.0520241169	-0.0320869629	-0.0188654898	0.0515825363	-0.0344398384	-0.0159924506	0.0509664168	-0.0366761804	-0.0130652981	0.050177843	-0.0387884217	-0.0100939368	0.0492194833	-0.0407694154	-0.0070884207	0.0480945804	-0.0208260538	0.0610302653	-0.0121946316	0.0292462308	0.0571911	0.0312700571	-0.0002413722	0.0529946737	0.010952	-0.0008554177	1.04571208463928	-0.901249503632618	0.448081059024295	0.592443852028073
0.358766	0.138534	0.377021	0.0038131	-0.00357774	0.00268503	0.025337	0.037186	0.033278	-0.00017267	-0.00039338	7.047e-05	0.127627	-0.027256828	-0.0240102362	0.0522459219	-0.0303656657	-0.0206422981	0.0518495163	-0.0333210373	-0.0171700353	0.0511910666	-0.0361080066	-0.0136109962	0.0502739006	-0.0387124883	-0.009983168	0.0491026536	-0.0411213197	-0.0063048856	0.0476832451	-0.0433223267	-0.0025947387	0.0460228486	-0.0370743203	-0.0205026953	0.0162252667	0.0170399454	0.0096242423	0.0286478228	0.0128707069	-0.0378655096	-0.027156847	-0.0065654321	0.480225689131021	-0.828145743195283	0.448081059024295	0.592443852028073
0.388134	0.131645	0.384087	0.0039365	-0.00346489	0.00262216	0.0293680000000001	-0.00688899999999998	0.00706600000000002	0.0001234	0.00011285	-6.287e-05	0.058279	-0.0274493255	-0.0236081307	0.0521934471	-0.0310967934	-0.0196003187	0.0516402525	-0.0345247919	-0.015454175	0.0507226006	-0.0377091275	-0.0111989617	0.0494469678	-0.0406273263	-0.0068647103	0.0478223571	-0.0432587929	-0.0024820104	0.0458602343	-0.0455849554	0.0019182066	0.0435744473	0.0237647484	-0.0445148312	-0.0076715797	0.0031414276	0.0021359749	-0.0379240248	-0.0294756026	-0.0176781974	-0.0141114595	0.0408303112	0.613506522124642	-0.785713719827493	0.448081059024295	0.592443852028073
0.3727	0.0966253	0.381464	0.00369253	-0.00321583	0.00278045	-0.0154340000000001	-0.0350197	-0.00262300000000004	-0.00024397	0.00024906	0.00015829	0.0856427	-0.0276413132	-0.0232042715	0.0521322486	-0.0318186811	-0.0185492395	0.0513964655	-0.0356971313	-0.0137199483	0.050177843	-0.0392402281	-0.0087617663	0.0484878293	-0.0424146861	-0.0037212726	0.0463423012	-0.0451906832	0.0013541801	0.0437614146	-0.0475421407	0.0064169112	0.0407694154	0.0136657095	0.0609281239	-0.0270397492	0.0114972169	-0.003878231	-0.0038273269	-0.0029301665	0.0668965866	0.005836971	0.003211858	-0.513937172458287	-1.02568133617192	0.448081059024295	0.592443852028073
0.354738	0.138592	0.37719	0.00395156	-0.00322233	0.00265009	-0.017962	0.0419667	-0.00427399999999995	0.00025903	-6.49999999999999e-06	-0.00013036	0.0839972	-0.0278327876	-0.0227986886	0.0520623368	-0.0325311144	-0.0174895484	0.0511183183	-0.0368369888	-0.011969416	0.0495576132	-0.0406984653	-0.0063048856	0.0473990497	-0.0440689593	-0.0005642937	0.0446686685	-0.0469078096	0.0051831058	0.0413994086	-0.0491807684	0.0108679768	0.0376307102	-0.0493228405	-7.39046e-05	0.0291507082	-0.002834064	0.0273024652	0.0504739487	0.0422455698	-0.0146631678	0.0044747039	-0.0130794368	0.519023442084973	-0.988610744174785	0.448081059024295	0.592443852028073
0.329937	0.13862	0.387308	0.00396943	-0.00330805	0.00255978	-0.024801	2.79999999999725e-05	0.010118	1.78700000000006e-05	-8.57200000000001e-05	-9.03099999999997e-05	0.044642	-0.028023745	-0.0223914121	0.0519837232	-0.0332338815	-0.0164217376	0.0508059967	-0.0379433273	-0.0102046586	0.048862844	-0.0420811315	-0.0038338396	0.0461835398	-0.0455849554	0.0025947387	0.0428084497	-0.0484020114	0.0089842256	0.0387884217	-0.0504898588	0.015238359	0.0341840202	0.050488947	-0.0271351603	0.0197041597	-0.0018784542	0.0134803259	-0.047912642	0.0038307683	-0.0031172413	-0.0193730163	0.0317823015	0.342781102348959	-0.997188211529464	0.448081059024295	0.592443852028073
0.319497	0.111088	0.377272	0.00422514	-0.00293476	0.0024063	-0.01044	-0.027532	-0.010036	0.000255709999999999	0.00037329	-0.00015348	0.0871319999999999	-0.028214182	-0.0219824722	0.051896421	-0.0339267737	-0.0153463027	0.0504597097	-0.03901514	-0.0084277735	0.0480945804	-0.0433856593	-0.0013541801	0.0448445497	-0.0469579174	0.0057443291	0.0407694154	-0.0496661877	0.0127371473	0.0359441567	-0.0514606403	0.0194956122	0.0304575546	-0.0269127466	0.0655658691	0.0035325953	0.0305827436	0.0214295344	0.0368834355	0.0169963027	0.0599281766	0.000730727	-0.030749414	0.418864138356749	-1.01681400117619	0.448081059024295	0.592443852028073
0.324171	0.158451	0.377193	0.00408518	-0.0032151	0.00228344	0.00467400000000001	0.047363	-7.89999999999957e-05	-0.00013996	-0.00028034	-0.00012286	0.079274	-0.0284040951	-0.0215718994	0.0518004449	-0.034609585	-0.014263743	0.0500796887	-0.0400514517	-0.0066408724	0.0472539781	-0.0446096262	0.0011285219	0.0433856593	-0.0481835374	0.0088730165	0.0385600826	-0.0506943307	0.0164217376	0.0328837193	-0.0520866082	0.0236081307	0.0264818121	0.0131606154	-0.0451143148	0.015043853	0.0460905487	-0.0177697804	-0.0176348397	-0.0033065735	-0.0520409966	-0.0221244507	-0.0523878218	0.856517548297373	-0.971757687641222	0.448081059024295	0.592443852028073
0.332763	0.138758	0.387092	0.00401832	-0.0032383	0.0023513	0.00859200000000004	-0.019693	0.00989899999999999	-6.68600000000002e-05	-2.32000000000006e-05	6.78600000000003e-05	0.04608	-0.0285934806	-0.0211597241	0.0516958108	-0.0352821126	-0.0131745611	0.0496661877	-0.0410513194	-0.0048460789	0.0463423012	-0.0457507597	0.0036086884	0.0418107693	-0.0492579697	0.011969416	0.0361896802	-0.0514815542	0.0200182296	0.0296255153	-0.0523635681	0.0275453833	0.0222893319	0.0345598181	0.0287701403	-0.0536434508	0.0209088119	-0.0169908535	-0.0179313054	-0.0447563512	0.0703356694	-0.0178359382	0.0391749906	-2.44877377300054	-0.623797419527329	0.448081059024295	-1.68540061352814
0.330533	0.131619	0.377249	0.0040345	-0.00315635	0.00212768	-0.00223000000000007	-0.00713899999999998	-0.00984299999999999	1.61800000000002e-05	8.19500000000003e-05	-0.00022362	0.0352994999999999	-0.0287823352	-0.0207459769	0.0515825363	-0.0359441567	-0.0120792627	0.0492194833	-0.0420138333	-0.0030455261	0.0453609212	-0.0468069407	0.0060807472	0.0401240904	-0.050177843	0.0150222601	0.0336681095	-0.0520241169	0.0235073292	0.02618914	-0.0522896643	0.03127814	0.0179144269	-0.046949995	-0.0042118378	-0.0058287417	0.0194050929	-0.0329476529	0.0692316204	0.0030943594	-0.0043934556	-0.0388931822	0.0103644625	0.258494367141067	-0.652821787242148	0.448081059024295	-1.68540061352814
0.346919	0.149984	0.377401	0.00408481	-0.00263369	0.00230397	0.0163860000000001	0.018365	0.000152000000000041	5.03100000000005e-05	0.00052266	0.00017629	0.072366	-0.0289706552	-0.0203306886	0.0514606403	-0.0365955205	-0.0109783563	0.048739874	-0.0429381175	-0.0012413539	0.044311314	-0.0477762082	0.0085391442	0.0383301323	-0.050940271	0.0180204398	0.0310059033	-0.0523194405	0.0268703181	0.0225952602	-0.051865392	0.0347786889	0.013392903	0.0390574205	-0.0004028117	-0.0368920059	0.0349536527	0.0262546326	-0.0319744147	-0.0224037307	-0.006269149	-0.0458031888	-0.0422214119	-0.457889343368487	-0.668252351579947	0.448081059024295	0.592443852028073
0.344295	0.123094	0.421594	0.00414621	-0.0031255	0.00236538	-0.00262400000000007	-0.02689	0.0441929999999999	6.13999999999996e-05	-0.00049181	6.141e-05	0.104438	-0.0291584371	-0.0199138901	0.0513301431	-0.0372360105	-0.009872353	0.0482276804	-0.043823331	0.0005642937	0.0431950583	-0.0486567622	0.0109783563	0.0364336915	-0.0515428613	0.0209530451	0.028214182	-0.0523661213	0.0300891549	0.0188654898	-0.051093594	0.0380210421	0.0087617663	-0.0125781485	0.0378935045	-0.0278252035	0.0133649241	-0.0122150288	0.0224462925	-0.0266943341	0.0171324712	0.0199496662	-0.0064230164	1.06158688394118	-0.676913975687974	0.448081059024295	0.592443852028073
0.343412	0.102311	0.41322	0.00425565	-0.00306911	0.00262695	-0.000882999999999967	-0.020783	-0.00837399999999999	0.00010944	5.63899999999999e-05	0.00026157	0.0514100000000001	-0.0293456776	-0.0194956122	0.0511910666	-0.0378654364	-0.0087617663	0.0476832451	-0.0446686685	0.0023692706	0.0420138333	-0.0494469678	0.013392903	0.0344398384	-0.0519837232	0.0238094045	0.025304607	-0.0521639377	0.0331465714	0.0150222601	-0.0499794418	0.0409811285	0.0040589197	-0.0775721144	-0.0317976754	-0.0112642479	0.0008764312	-0.0307418965	0.0831993069	0.0211865368	-0.0239712346	-0.0123881607	0.0074121291	0.42070397545132	-0.593354646570847	0.448081059024295	0.592443852028073
0.367017	0.131167	0.413022	0.00396391	-0.00349208	0.00292992	0.023605	0.028856	-0.000197999999999976	-0.00029174	-0.00042297	0.00030297	0.103543	-0.0295323731	-0.0190758861	0.051043434	-0.0384836111	-0.0076471118	0.0471069319	-0.0454733605	0.0041714317	0.0407694154	-0.0501453577	0.0157773596	0.032353904	-0.0522614734	0.0265791242	0.0222893319	-0.0517138504	0.0360261653	0.0110886847	-0.0485304007	0.0436369724	-0.0006771467	-0.0172992251	-0.0301147564	-0.0127840512	-0.042015122	-0.0008739235	0.0008467008	0.0748874557	-0.0163975108	-0.0297780187	0.0358699007	0.914577821205227	-0.836805794001081	0.448081059024295	0.592443852028073
0.368669	0.119986	0.422742	0.00367875	-0.00333475	0.00306343	0.00165200000000004	-0.011181	0.00972000000000001	-0.00028516	0.00015733	0.00013351	0.0513530000000001	-0.0297185201	-0.018654743	0.0508872699	-0.039090351	-0.0065289069	0.0464991262	-0.046236675	0.0059686353	0.0394636764	-0.050750635	0.018126369	0.0301814655	-0.0523752403	0.0292521253	0.0191809517	-0.0510179984	0.0387124883	0.0070884207	-0.0467561802	0.0459688572	-0.005407671	0.0387822856	0.0406276154	0.0251705429	-0.0432569746	-0.0556672052	-0.050141502	0.0043345468	0.038349912	0.0673188109	-0.0146920957	0.834701619996248	-0.920316128956305	0.448081059024295	0.592443852028073
0.370459	0.131104	0.413036	0.00390336	-0.00350248	0.00305626	0.00179000000000001	0.011118	-0.00970600000000005	0.00022461	-0.00016773	-7.16999999999992e-06	0.0425894999999999	-0.0299041152	-0.0182322141	0.0507226006	-0.0396854757	-0.005407671	0.0458602343	-0.0469579174	0.0077587455	0.0380985803	-0.0512616758	0.0204346535	0.0279283311	-0.052324667	0.0318186811	0.0159924506	-0.0500796887	0.0411911291	0.0030455261	-0.0446686685	0.0479594708	-0.0100939368	-0.0208065078	0.05376128	-0.0389772119	0.0200421637	-0.0324915234	0.0425556785	-0.0135721044	0.0631158862	0.0147028885	0.0031079928	0.828795068111253	-1.0008742148091	0.448081059024295	0.592443852028073
0.370054	0.11543	0.41294	0.0041546	-0.00369072	0.00306097	-0.000405000000000044	-0.015674	-9.5999999999985e-05	0.000251240000000001	-0.00018824	4.71000000000022e-06	0.0383845	-0.0300891549	-0.0178083308	0.0505494535	-0.0402688086	-0.0042839244	0.0451906832	-0.0476364314	0.0095396348	0.0366761804	-0.0516775313	0.0226970271	0.0256005252	-0.0521099123	0.0342694522	0.0127371473	-0.0489033805	0.0434487905	-0.0010156846	-0.0422818529	0.049594035	-0.0146975897	-0.0025908144	0.041917395	-0.007501778	-0.0390695694	-0.0303107952	0.0045227098	0.0616636535	0.0355160146	0.0072713695	0.0211015436	0.455859419807321	-0.938597017574566	0.448081059024295	0.592443852028073
0.356557	0.147844	0.397476	0.00422949	-0.00352118	0.00309133	-0.013497	0.032414	-0.015464	7.48899999999993e-05	0.00016954	3.03600000000001e-05	0.0751145	-0.0302736359	-0.0173831246	0.0503678575	-0.0408401761	-0.003158189	0.0444909208	-0.0482715996	0.0113091867	0.0351986159	-0.0519974292	0.0249084068	0.0232042715	-0.0517316498	0.0365955205	0.0094286395	-0.0474946641	0.0454733605	-0.0050707869	-0.0396117264	0.050860415	-0.0191809517	0.0083630132	-0.0038936014	0.0262861393	0.0591145507	-0.046585265	-0.0341861056	0.02530626	-0.024259723	0.0254287211	-0.0784151958	0.719768965363152	-0.880789549922411	0.448081059024295	-1.68540061352814
0.367996	0.133818	0.410899	0.00416965	-0.00358401	0.00303152	0.011439	-0.014026	0.013423	-5.98400000000002e-05	-6.28299999999998e-05	-5.98100000000004e-05	0.048012	-0.0304575546	-0.0169566271	0.050177843	-0.0413994086	-0.0020309873	0.0437614146	-0.048862844	0.0130652981	0.0336681095	-0.0522207755	0.0270638244	0.0207459769	-0.0511910666	0.0387884217	0.0060807472	-0.0458602343	0.0472539781	-0.0090953929	-0.0366761804	0.0517492091	-0.0235073292	-0.0165183147	-0.0685270032	-0.0329660264	0.0080321345	-0.0231685197	-0.0214672735	-0.1242970246	-0.0697105696	0.0845293482	0.0172267823	1.09475079805629	-0.941047576524076	0.448081059024295	-1.68540061352814
0.355572	0.127522	0.430995	0.00407551	-0.0037642	0.003131	-0.012424	-0.006296	0.020096	-9.41399999999995e-05	-0.00018019	9.94799999999999e-05	0.0575065	-0.0306409077	-0.01652887	0.0499794418	-0.0419463399	-0.0009028426	0.0430026525	-0.0494096266	0.0148058821	0.0320869629	-0.0523471556	0.0291584371	0.0182322141	-0.0504898588	0.0408401761	0.0027074549	-0.0440078585	0.0487810905	-0.0130652981	-0.0334948844	0.0522538189	-0.0276413132	-0.0559966388	-0.0372924729	0.0060011514	-0.050203989	-0.0216527064	0.0448704016	-0.0149309241	-0.0573326069	0.0565627459	0.0390345075	-0.69727562834808	-0.975444572903973	0.448081059024295	0.592443852028073
0.356415	0.117984	0.391518	0.00418822	-0.00360905	0.00317985	0.000842999999999983	-0.009538	-0.039477	0.00011271	0.00015515	4.88500000000005e-05	0.0656935	-0.0308236917	-0.016099885	0.049772687	-0.0424808075	0.0002257211	0.0422151417	-0.04991145	0.01652887	0.0304575546	-0.0523763346	0.0311875391	0.015669704	-0.0496302266	0.0427433176	-0.0006771467	-0.0419463399	0.0500465054	-0.0169566271	-0.0300891549	0.0523704984	-0.0315490697	0.0526279323	-0.0431025803	0.0306368457	-0.0434059518	-0.0211633979	-0.0602451242	0.0589854147	-0.0420843458	-0.0176967232	0.0216851265	-1.34247007990497	-0.929821345267877	0.448081059024295	0.592443852028073
0.339822	0.156782	0.412983	0.00369903	-0.00367425	0.0031048	-0.016593	0.038798	0.021465	-0.00048919	-6.52000000000001e-05	-7.50500000000001e-05	0.108328	-0.0310059033	-0.015669704	0.0495576132	-0.0430026525	0.0013541801	0.0413994086	-0.0503678575	0.0182322141	0.0287823352	-0.0523082586	0.0331465714	0.0130652981	-0.0486148674	0.0444909208	-0.0040589197	-0.0396854757	0.051043434	-0.0207459769	-0.0264818121	0.0520983812	-0.0351986159	0.0206202016	0.0690553284	0.0048332976	-0.0105689836	-0.0435785216	-0.0261898016	0.0175157845	0.0591939153	0.0384129415	-0.006712626	-0.638048935530165	-0.887273679646653	0.448081059024295	0.592443852028073
0.33173	0.11545	0.393916	0.00395037	-0.00348518	0.00289938	-0.00809199999999993	-0.041332	-0.019067	0.00025134	0.00018907	-0.00020542	0.1007825	-0.0311875391	-0.015238359	0.0493342563	-0.0435117199	0.0024820104	0.0405559987	-0.0507784337	0.0199138901	0.0270638244	-0.0521430537	0.0350311327	0.0104259597	-0.047446967	0.0460766263	-0.0074237382	-0.0372360105	0.051766528	-0.024410558	-0.0226970271	0.0514394875	-0.0385600826	-0.0166548255	-0.0277450878	0.0143452031	0.0068204064	-0.0596026614	0.015840365	-0.0181229803	-0.0159214187	-0.0119244673	0.0283033924	-2.09569626332799	-0.840489864700076	0.448081059024295	0.592443852028073
0.31628	0.120899	0.356738	0.0041495	-0.0034728	0.00308429	-0.01545	0.00544900000000001	-0.037178	0.00019913	1.23799999999998e-05	0.00018491	0.0778980000000001	-0.0313685957	-0.0148058821	0.0491026536	-0.0440078585	0.0036086884	0.0396854757	-0.0511428052	0.0215718994	0.025304607	-0.051881027	0.0368369888	0.0077587455	-0.0461301902	0.0474946641	-0.010757547	-0.034609585	0.0522119084	-0.0279283311	-0.0187601599	0.0503987089	-0.0416059582	0.0473616255	0.0007966091	-0.0798460019	-0.018940551	0.0330574577	-0.0247157511	-0.0183190119	0.0202984319	-0.0441216066	0.0117662402	0.806684676643734	-0.817635263284527	0.448081059024295	0.592443852028073
0.331161	0.140338	0.399952	0.00427657	-0.00343777	0.00298183	0.014881	0.019439	0.043214	0.000127070000000001	3.50300000000001e-05	-0.00010246	0.0907619999999999	-0.0315490697	-0.0143723053	0.048862844	-0.0444909208	0.0047336909	0.0387884217	-0.0514606403	0.0232042715	0.0235073292	-0.0515226647	0.0385600826	0.0050707869	-0.0446686685	0.048739874	-0.0140464202	-0.0318186811	0.0523771858	-0.03127814	-0.0146975897	0.0489837722	-0.044311314	-0.0384539386	0.0247532732	-0.0130991645	-0.0470065587	0.0324821857	0.0383882967	0.0160185654	0.0126440951	0.047646531	0.0058818389	1.16678719630773	-0.444089203343558	0.448081059024295	0.592443852028073
0.33672	0.114655	0.392297	0.00428415	-0.00371105	0.00308429	0.00555899999999993	-0.025683	-0.00765499999999997	7.57999999999922e-06	-0.00027328	0.00010246	0.0580629999999999	-0.0317289578	-0.0139376608	0.0486148674	-0.0449607632	0.0058564958	0.0378654364	-0.0517316498	0.0248090665	0.021674694	-0.0510686325	0.0401965428	0.0023692706	-0.0430669878	0.0498077248	-0.01727662	-0.0288765622	0.0522614734	-0.0344398384	-0.0105365379	0.0472051818	-0.0466540082	0.0040275425	-0.0414677553	0.024443428	-0.0379746816	-0.0380225103	0.0031684545	0.0177380171	-0.0462701218	0.0187483451	0.0412295202	1.28721872749507	-0.65179843131585	0.448081059024295	0.592443852028073
0.261913	0.135793	0.382922	0.00452912	-0.00295264	0.00261292	-0.074807	0.021138	-0.00937500000000002	0.000244970000000001	0.00075841	-0.00047137	0.1790575	-0.0319082567	-0.0135019809	0.0483587652	-0.0454172463	0.0069765817	0.0369171367	-0.0519555872	0.0263843771	0.0198094581	-0.0505197734	0.0417426926	-0.0003385804	-0.0413301739	0.0506943307	-0.0204346535	-0.0257972105	0.051865392	-0.0373944116	-0.0063048856	0.0450761418	-0.0486148674	0.0266733442	0.042985567	-0.0093082428	-0.0196845445	0.0122321468	-0.0084743846	0.0022968481	0.042124259	0.0034606936	-0.004649943	-0.202970684057009	-0.840291945095543	0.448081059024295	-1.68540061352814
0.235957	0.159407	0.409288	0.00477533	-0.0025397	0.0023048	-0.025956	0.023614	0.026366	0.00024621	0.00041294	-0.00030812	0.1242995	-0.0320869629	-0.0130652981	0.0480945804	-0.0458602343	0.0080934286	0.0359441567	-0.0521322486	0.0279283311	0.0179144269	-0.0498771065	0.0431950583	-0.0030455261	-0.0394636764	0.0513964655	-0.0235073292	-0.0225952602	0.0511910666	-0.0401240904	-0.0020309873	0.0426124582	-0.050177843	-0.0341366489	-0.0058474287	0.0294990213	-0.0018194285	0.0128563589	0.0415912762	0.015924117	-0.0234218328	-0.0274410483	-0.0056669529	0.237997388439414	-0.795761655368158	0.448081059024295	-1.68540061352814
0.238911	0.120889	0.369666	0.00453189	-0.00249481	0.00226563	0.00295399999999998	-0.038518	-0.039622	-0.00024344	4.48899999999997e-05	-3.91700000000003e-05	0.097469	-0.0322650733	-0.0126276447	0.0478223571	-0.0462895956	0.009206518	0.0349471469	-0.0522614734	0.0294390937	0.0159924506	-0.0491418251	0.0445503769	-0.0057443291	-0.0374733519	0.0519115742	-0.0264818121	-0.0192859283	0.0502421146	-0.0426124582	0.0022565198	0.0398324213	-0.0513301431	0.0711460173	-0.0141075257	-0.0085221091	-0.0145743809	0.0388561554	-0.0543787555	-0.0168113125	-0.0052768109	-0.0248890635	0.0171047343	0.572852758909783	-0.860606174443006	0.448081059024295	0.592443852028073
0.244381	0.135055	0.361837	0.00473659	-0.00271876	0.00216424	0.00546999999999997	0.014166	-0.00782900000000003	0.0002047	-0.00022395	-0.00010139	0.0539669999999999	-0.0324425845	-0.0121890533	0.0475421407	-0.0467052026	0.0103153331	0.0339267737	-0.0523431439	0.0309148693	0.0140464202	-0.0483152946	0.0458056033	-0.0084277735	-0.0353654455	0.0522377823	-0.0293456776	-0.015884942	0.049023627	-0.0448445497	0.0065289069	0.0367566699	-0.0520623368	-0.0497722991	0.0603392628	0.0153709578	0.03425841	0.0713237545	0.0408878769	-0.0085039466	0.0341769711	0.0424796711	-0.0781481793	0.697861853865614	-0.92815668774711	0.448081059024295	0.592443852028073
0.267878	0.14429	0.391687	0.00472357	-0.00262429	0.00223946	0.023497	0.00923499999999999	0.02985	-1.30199999999999e-05	9.44700000000001e-05	7.522e-05	0.0717175	-0.0326194932	-0.0117495564	0.0472539781	-0.0471069319	0.0114193591	0.0328837193	-0.0523771858	0.032353904	0.0120792627	-0.0473990497	0.0469579174	-0.0110886847	-0.0331465714	0.0523739028	-0.0320869629	-0.0124084642	0.0475421407	-0.0468069407	0.010757547	0.0334080384	-0.0523684314	0.0101861791	-0.0618678577	0.0306982554	-0.0047221692	-0.0046659286	-0.0152444335	0.0146547097	-0.0675425661	-0.034093025	0.0255035585	0.847514671602116	-1.10464977197954	0.448081059024295	0.592443852028073
0.297587	0.125224	0.367464	0.00451626	-0.0028545	0.00229618	0.029709	-0.019066	-0.024223	-0.00020731	-0.00023021	5.67200000000001e-05	0.09771	-0.0327957961	-0.0113091867	0.0469579174	-0.0474946641	0.0125180835	0.0318186811	-0.0523635681	0.0337544877	0.0100939368	-0.0463947917	0.0480047303	-0.0137199483	-0.0308236917	0.0523194405	-0.0346942175	-0.0088730165	0.0458056033	-0.0484878293	0.0149141057	0.0298113868	-0.0522459219	0.0314883447	0.0618407121	-0.0103672939	0.0028159399	0.0138417005	-0.0088089563	-0.0095862859	0.0713910758	0.0119297133	-0.0182036288	0.830693742069564	-1.09192912669585	0.448081059024295	0.592443852028073
0.312102	0.15163	0.38567	0.00428992	-0.00294267	0.00261292	0.014515	0.026406	0.0182059999999999	-0.00022634	-8.81699999999998e-05	0.00031674	0.0906895	-0.0329714899	-0.0108679768	0.0466540082	-0.0478682839	0.0136109962	0.030732371	-0.0523023033	0.0351149558	0.0080934286	-0.0453043854	0.04894369	-0.016314529	-0.0284040951	0.0520745933	-0.0371565505	-0.0052954007	0.043823331	-0.0498771065	0.018970732	0.0259934166	-0.0516958108	-0.0145289592	-0.0233671662	0.0405811425	0.0120665836	0.0251793514	0.0263367017	0.0219517978	-0.0399811944	-0.0149974077	-0.0153980416	0.475300681134005	-1.07100786858005	0.448081059024295	0.592443852028073
0.321287	0.136084	0.385623	0.00456471	-0.00292398	0.00261292	0.009185	-0.015546	-4.69999999999637e-05	0.00027479	1.869e-05	0	0.039452	-0.0331465714	-0.0104259597	0.0463423012	-0.0482276804	0.0146975897	0.0296255153	-0.0521934471	0.0364336915	0.0060807472	-0.0441298556	0.049772687	-0.0188654898	-0.0258953737	0.0516402525	-0.0394636764	-0.0016926191	0.0416059582	-0.0509664168	0.0229002443	0.0219824722	-0.0507226006	0.0507759304	-0.0277971464	0.0395783927	0.0288459642	-0.0778730526	-0.0763490433	-0.0439515262	-0.0008198335	-0.0462817848	0.0078013104	1.25452271981293	-1.06894077513535	0.448081059024295	0.592443852028073
0.343555	0.13624	0.357274	0.00501316	-0.00342177	0.00261292	0.022268	0.000156000000000017	-0.028349	0.00044845	-0.00049779	0	0.098085	-0.0333210373	-0.009983168	0.0460228486	-0.0485727468	0.0157773596	0.028498854	-0.0520370985	0.0377091275	0.0040589197	-0.0428733831	0.0504898588	-0.0213660101	-0.0233053991	0.0510179984	-0.0416059582	0.0019182066	0.0391653804	-0.0517492091	0.0266763128	0.0178083308	-0.0493342563	0.0477022598	0.0029236004	-0.0729613816	0.0390031823	-0.0047556315	-0.0162012646	-0.0763977391	0.0296728259	-0.0246380912	-0.0339506372	0.199012807529511	-1.05806926840779	0.448081059024295	0.592443852028073
0.36709	0.147479	0.385192	0.0054431	-0.00357443	0.00290942	0.023535	0.011239	0.0279180000000001	0.00042994	-0.00015266	0.0002965	0.106647	-0.0334948844	-0.0095396348	0.0456957037	-0.0489033805	0.0168498047	0.0273531403	-0.0518333998	0.0389397479	0.0020309873	-0.0415373011	0.051093594	-0.0238094045	-0.0206422981	0.0502100954	-0.0435744473	0.0055199161	0.0365146908	-0.0522207755	0.0302736359	0.0135019809	-0.0475421407	0.0143476706	-0.0648187351	-0.0830512971	-0.017303809	0.031021945	-0.0338558693	-0.1094523908	-0.0443380099	0.0644792966	0.0473095861	1.10592785023296	-1.04436066974053	0.448081059024295	0.592443852028073
0.371449	0.124984	0.402177	0.00544311	-0.00372144	0.00306456	0.00435899999999995	-0.022495	0.016985	9.99999999994061e-09	-0.00014701	0.00015514	0.058947	-0.0336681095	-0.0090953929	0.0453609212	-0.0492194833	0.0179144269	0.02618914	-0.0515825363	0.0401240904	0	-0.0401240904	0.0515825363	-0.02618914	-0.0179144269	0.0492194833	-0.0453609212	0.0090953929	0.0336681095	-0.0523782801	0.0336681095	0.0090953929	-0.0453609212	0.0366358581	-0.0568267995	-0.0007197661	-0.0657428672	-0.0284823972	-0.0566858333	-0.0026810698	-0.0444236325	0.0279984225	0.0891016308	-0.039592982750522	-1.00969716141063	0.448081059024295	0.592443852028073
0.386712	0.138492	0.387553	0.00528981	-0.0034877	0.00353052	0.015263	0.013508	-0.014624	-0.0001533	0.00023374	0.00046596	0.0860450000000001	-0.0338407093	-0.0086504753	0.045018557	-0.0495209612	0.018970732	0.0250076315	-0.0512847364	0.0412607473	-0.0020309873	-0.0386363752	0.0519555872	-0.028498854	-0.0151303447	0.0480497669	-0.0469579174	0.0126276447	0.0306409077	-0.0522207755	0.0368369888	0.004621281	-0.0428084497	0.0597073184	0.0450153293	0.0344826881	-0.0264162645	0.0111822957	-0.0637394661	0.0647140818	0.0158830986	0.0149277226	-0.0272047563	1.34599396589405	-0.998180093628983	0.448081059024295	0.592443852028073
0.394346	0.146661	0.392165	0.00517405	-0.00396903	0.00314194	0.00763400000000003	0.00816899999999998	0.00461199999999995	-0.000115759999999999	-0.000481330000000001	-0.00038858	0.0696985	-0.0340126806	-0.0082049152	0.0446686685	-0.0498077248	0.0200182296	0.0238094045	-0.050940271	0.0423483678	-0.0040589197	-0.0370769179	0.0522119084	-0.030732371	-0.0122987873	0.0467052026	-0.0483587652	0.016099885	0.0274493255	-0.0517492091	0.0397590408	0.0001128608	-0.0399056168	-0.0040410061	0.0408719332	0.0173696509	0.0301366093	-0.0343543517	-0.0091228797	0.0033916599	0.0233573796	-0.0326795752	-0.0164039968	-1.50267198480799	-0.99363213733265	0.448081059024295	0.592443852028073
0.377523	0.143403	0.385316	0.00544311	-0.0032143	0.00353052	-0.016823	-0.00325799999999998	-0.00684899999999999	0.00026906	0.00075473	0.00038858	0.0975485	-0.0341840202	-0.0077587455	0.044311314	-0.0500796887	0.0210564335	0.0225952602	-0.0505494535	0.0433856593	-0.0060807472	-0.0354486142	0.0523509242	-0.0328837193	-0.0094286395	0.0451906832	-0.0495576132	0.0194956122	0.024110485	-0.0509664168	0.0424146861	-0.0043963972	-0.0366761804	-0.0729119579	-0.0103240175	-0.035596327	0.035301992	-0.0221762356	0.065948481	-0.0664604649	-0.0088909742	-0.003366701	0.0045545726	0.867893418880899	-0.984570244644484	0.448081059024295	0.592443852028073
0.370845	0.126377	0.402034	0.00520773	-0.0033034	0.00353052	-0.00667800000000002	-0.017026	0.016718	-0.00023538	-8.90999999999995e-05	0	0.0566460000000001	-0.0343547251	-0.0073119995	0.0439465533	-0.0503367722	0.0220848615	0.0213660101	-0.0501126395	0.044371389	-0.0080934286	-0.0337544877	0.0523723222	-0.0349471469	-0.0065289069	0.0435117199	-0.0505494535	0.0227986886	0.0206422981	-0.0498771065	0.0447861304	-0.0088730165	-0.0331465714	-0.0487282971	-0.0078817159	-0.0241765502	-0.0469166897	-0.010696412	0.039573368	0.029419473	0.009707774	0.0136325527	0.0670627629	-0.944652015193061	-1.00098032515975	0.448081059024295	0.592443852028073
0.357971	0.111221	0.385137	0.00527511	-0.00370984	0.0033724	-0.012874	-0.015156	-0.016897	6.73800000000006e-05	-0.00040644	-0.00015812	0.076524	-0.0345247919	-0.0068647103	0.0435744473	-0.0505788988	0.0231030362	0.0201224762	-0.0496302266	0.0453043854	-0.0100939368	-0.0319976841	0.0522760543	-0.0369171367	-0.0036086884	0.0416744222	-0.0513301431	0.0259934166	0.0170633708	-0.0484878293	0.0468574839	-0.0132837629	-0.0293456776	-0.0532437955	0.0180565266	0.0410376163	-0.0497633875	0.0342163538	0.0391820057	0.0927430202	-0.0133344833	0.0702082929	-0.0351490925	0.376543423618498	-1.02320716212457	0.448081059024295	0.592443852028073
0.338375	0.158715	0.379502	0.00487162	-0.00351566	0.00333522	-0.019596	0.047494	-0.005635	-0.00040349	0.00019418	-3.71800000000004e-05	0.1044675	-0.0346942175	-0.0064169112	0.0431950583	-0.0508059967	0.024110485	0.0188654898	-0.0491026536	0.0461835398	-0.0120792627	-0.0301814655	0.0520623368	-0.0387884217	-0.0006771467	0.0396854757	-0.051896421	0.0290646136	0.013392903	-0.0468069407	0.0486148674	-0.0175958911	-0.025304607	0.053368971	-0.0117809842	0.0576450248	0.0069418024	0.0279336043	-0.056346732	0.0582704982	-0.0112049075	-0.0117355827	-0.0128901012	0.077671675159612	-1.03128941282298	0.448081059024295	0.592443852028073
0.35047	0.108362	0.358837	0.00530648	-0.00363795	0.00323895	0.012095	-0.050353	-0.020665	0.00043486	-0.00012229	-9.62699999999999e-05	0.115784	-0.0348629988	-0.0059686353	0.0428084497	-0.0510179984	0.0251067401	0.0175958911	-0.0485304007	0.0470078072	-0.0140464202	-0.0283092043	0.0517316498	-0.0405559987	0.0022565198	0.0375521182	-0.0522459219	0.0319976841	0.0096505858	-0.0448445497	0.0500465054	-0.021777388	-0.0210564335	0.0077351746	0.0564228717	0.0276161684	0.053416226	-0.0494845125	0.0079397541	-0.000112325	0.0841680447	-0.0595850247	0.0072939508	-0.109503725019555	-1.03061337925235	0.448081059024295	0.592443852028073
0.356131	0.138807	0.349136	0.00528535	-0.0033589	0.00316026	0.00566099999999997	0.030445	-0.00970099999999996	-2.11299999999994e-05	0.00027905	-7.86900000000002e-05	0.0647505	-0.0350311327	-0.0055199161	0.0424146861	-0.0512148408	0.0260913389	0.016314529	-0.0479139886	0.0477762082	-0.0159924506	-0.0263843771	0.0512847364	-0.0422151417	0.0051831058	0.0352821126	-0.0523771858	0.0347786889	0.0058564958	-0.0426124582	0.0511428052	-0.0257972105	-0.0166359256	-0.0620417417	-0.0368493664	-0.0404868753	0.0625841828	0.00132753	0.0712933076	-0.0568361535	-0.0241768362	-0.0690096455	-0.0660064193	0.122035506962416	-1.03243419058616	0.448081059024295	0.592443852028073
0.366036	0.15181	0.398042	0.00534717	-0.00377044	0.00326803	0.00990500000000005	0.013003	0.048906	6.18199999999998e-05	-0.00041154	0.00010777	0.1008705	-0.0351986159	-0.0050707869	0.0420138333	-0.0513964655	0.0270638244	0.0150222601	-0.0472539781	0.0484878293	-0.0179144269	-0.024410558	0.0507226006	-0.0437614146	0.0080934286	0.0328837193	-0.0522896643	0.0373944116	0.0020309873	-0.0401240904	0.051896421	-0.0296255153	-0.0120792627	-0.0890989465	-0.023138435	-0.059479762	-0.0155745462	0.0392564295	0.0637272123	0.0201932717	0.0157855662	-0.0339791395	0.0127847465	0.634702014303394	-1.02946206054675	0.448081059024295	0.592443852028073
0.35289	0.115437	0.382273	0.00575119	-0.00355157	0.00353052	-0.013146	-0.036373	-0.015769	0.00040402	0.00021887	0.00026249	0.109557	-0.0353654455	-0.004621281	0.0416059582	-0.0515628185	0.028023745	0.0137199483	-0.0465509697	0.0491418251	-0.0198094581	-0.0223914121	0.0500465054	-0.0451906832	0.0109783563	0.0303656657	-0.0519837232	0.0398324213	-0.001805417	-0.0373944116	0.0523023033	-0.0332338815	-0.0074237382	-0.0159983425	-0.035179016	0.0282622445	-0.0956233879	0.0156835796	0.0146936847	0.1120970565	-0.0212334558	-0.0172304234	0.0594270927	0.75103532091073	-1.05179186125777	0.448081059024295	0.592443852028073
0.342948	0.154971	0.36956	0.00509435	-0.00371087	0.00321728	-0.00994200000000001	0.039534	-0.012713	-0.00065684	-0.0001593	-0.00031324	0.118658	-0.0355316183	-0.0041714317	0.0411911291	-0.0517138504	0.0289706552	0.0124084642	-0.0458056033	0.0497374181	-0.021674694	-0.0203306886	0.0492579697	-0.0464991262	0.0138288366	0.0277371148	-0.0514606403	0.0420811315	-0.0056321357	-0.0344398384	0.0523577323	-0.0365955205	-0.0027074549	0.0208486734	0.055861643	0.0545785159	-0.0221068103	0.0152049743	-0.0299780571	0.0269793487	0.0316802502	0.0286119548	-0.0591189957	0.825451684242823	-0.998949915727363	0.448081059024295	0.592443852028073
0.319074	0.132487	0.360889	0.00556555	-0.00358518	0.0030785	-0.023874	-0.022484	-0.00867100000000004	0.0004712	0.00012569	-0.00013878	0.0918124999999999	-0.0356971313	-0.0037212726	0.0407694154	-0.0518495163	0.0299041152	0.0110886847	-0.045018557	0.0502739006	-0.0235073292	-0.0182322141	0.0483587652	-0.0476832451	0.0166359256	0.0250076315	-0.0507226006	0.0441298556	-0.0094286395	-0.03127814	0.0520623368	-0.0396854757	0.0020309873	0.0076760017	-0.0256177992	0.0316261001	0.0389176564	-0.025533358	-0.0064696475	-0.0401163564	-0.0357258789	-0.0203201469	0.0077156264	0.253738340847494	-0.754152772571974	0.448081059024295	0.592443852028073
0.318977	0.132596	0.333922	0.00586853	-0.00334009	0.00306729	-9.69999999999582e-05	0.000108999999999998	-0.026967	0.00030298	0.00024509	-1.12100000000002e-05	0.0551370000000001	-0.0358619813	-0.0032708371	0.0403408874	-0.0519697758	0.0308236917	0.0097614921	-0.044190547	0.050750635	-0.025304607	-0.016099885	0.0473509122	-0.048739874	0.0193908153	0.0221871482	-0.049772687	0.0459688572	-0.0131745611	-0.0279283311	0.0514180959	-0.0424808075	0.006752807	0.0044361159	0.0411912381	-0.0262237094	0.0245474236	-0.004036214	0.0273537727	-0.0168061055	0.0581922616	-0.0313335554	0.0060921003	1.02846312389422	-0.505318202559803	0.448081059024295	0.592443852028073
0.341052	0.163672	0.361137	0.00624483	-0.00360883	0.00310871	0.022075	0.031076	0.027215	0.0003763	-0.00026874	4.14200000000003e-05	0.114689	-0.0360261653	-0.0028201586	0.0399056168	-0.0520745933	0.0317289578	0.0084277735	-0.0433223267	0.0511670547	-0.0270638244	-0.0139376608	0.046236675	-0.0496661877	0.0220848615	0.0192859283	-0.0486148674	0.0475893965	-0.0168498047	-0.024410558	0.0504293264	-0.0449607632	0.0114193591	-0.0146180014	-0.0591905107	-0.0167684291	0.0128035994	0.0164721862	0.0136746042	-0.0196203013	-0.0804428503	-0.0114633359	0.0026529992	-1.4394243082217	-0.491853481302413	0.448081059024295	0.592443852028073
0.350376	0.128421	0.364996	0.00637396	-0.00344643	0.00322118	0.009324	-0.035251	0.003859	0.00012913	0.0001624	0.00011247	0.068634	-0.0361896802	-0.0023692706	0.0394636764	-0.0521639377	0.0326194932	0.0070884207	-0.0424146861	0.0515226647	-0.0287823352	-0.0117495564	0.045018557	-0.0504597097	0.024709611	0.016314529	-0.0472539781	0.0489837722	-0.0204346535	-0.0207459769	0.0491026536	-0.0471069319	0.0159924506	0.0286590077	0.0182282959	-0.0233706097	-0.0331976339	0.0225486665	-0.0232557353	-0.0190981265	0.0114873224	0.0227459084	0.0303123443	-1.32481511691533	-0.501832117614075	0.448081059024295	0.592443852028073
0.360336	0.117129	0.364896	0.00703837	-0.00351797	0.00353052	0.00995999999999997	-0.011292	-9.9999999999989e-05	0.000664410000000001	-7.15400000000001e-05	0.00030934	0.0736165	-0.036352523	-0.0019182066	0.03901514	-0.0522377823	0.0334948844	0.0057443291	-0.0414684511	0.0518170426	-0.0304575546	-0.0095396348	0.043699295	-0.0511183183	0.027256828	0.0132837629	-0.0456957037	0.0501453577	-0.0239098759	-0.0169566271	0.047446967	-0.0489033805	0.0204346535	-0.0226630545	-0.0193799214	0.0327024088	-0.0155474886	0.0092449253	0.0238315637	0.0373950948	-0.0509537875	0.0147286668	0.0110659311	0.341788125705466	-0.915992537490509	0.448081059024295	0.592443852028073
0.342563	0.152324	0.331996	0.00716333	-0.00350774	0.00353052	-0.017773	0.035195	-0.0329	0.000124959999999999	1.023e-05	0	0.0926274999999999	-0.0365146908	-0.0014670001	0.0385600826	-0.0522961052	0.0343547251	0.0043963972	-0.0404844828	0.0520498384	-0.0320869629	-0.0073119995	0.0422818529	-0.0516402525	0.0297185201	0.0102046586	-0.0439465533	0.0510686325	-0.027256828	-0.0130652981	0.0454733605	-0.0503367722	0.024709611	0.0365037406	0.029775156	0.0077321384	0.0051069719	0.0432142438	-0.024244813	-0.020466856	0.0398544926	-0.0088748571	-0.0055337928	1.07552229752123	-0.978958751605905	0.448081059024295	0.592443852028073
0.35728	0.131048	0.356501	0.0072185	-0.00371617	0.00346756	0.014717	-0.021276	0.024505	5.51700000000002e-05	-0.00020843	-6.29599999999999e-05	0.076826	-0.0366761804	-0.0010156846	0.0380985803	-0.0523388891	0.0351986159	0.0030455261	-0.0394636764	0.0522207755	-0.0336681095	-0.0050707869	0.0407694154	-0.0520241169	0.0320869629	0.0070884207	-0.0420138333	0.0517492091	-0.0304575546	-0.0090953929	0.0431950583	-0.0513964655	0.0287823352	-0.0754261622	-0.0184566215	0.0268215759	-0.0032882524	0.0318009983	0.0715503334	-0.0062393244	-0.0293020898	0.0130092525	0.0016258898	1.08866801442777	-0.590789863026052	0.448081059024295	0.592443852028073
0.402788	0.156025	0.32802	0.00723057	-0.00376302	0.00353052	0.045508	0.024977	-0.028481	1.20700000000003e-05	-4.68500000000002e-05	6.29599999999999e-05	0.10506	-0.0368369888	-0.0005642937	0.0376307102	-0.0523661213	0.0360261653	0.0016926191	-0.0384069609	0.0523296507	-0.0351986159	-0.0028201586	0.0391653804	-0.0522688852	0.0343547251	0.0039463888	-0.0399056168	0.0521838529	-0.0334948844	-0.0050707869	0.0406273263	-0.0520745933	0.0326194932	0.0570474271	-0.0285741201	-0.017984423	-0.0403803244	0.0736939307	-0.0594631225	0.0232919237	-0.0245688604	-0.034976116	-0.0031835199	1.10327628749694	-0.445993613706107	0.448081059024295	0.592443852028073
0.377612	0.140573	0.372834	0.00650211	-0.00326375	0.00353052	-0.025176	-0.015452	0.044814	-0.00072846	0.00049927	0	0.1468285	-0.0369971132	-0.0001128608	0.0371565505	-0.0523777937	0.0368369888	0.0003385804	-0.0373152977	0.0523763346	-0.0366761804	-0.0005642937	0.0374733519	-0.0523739028	0.0365146908	0.0007899965	-0.0376307102	0.0523704984	-0.036352523	-0.0010156846	0.0377873696	-0.0523661213	0.0361896802	-0.0413486754	0.0442996627	0.0303664982	-0.0285094272	0.0792434182	0.0392715986	0.0029054572	0.0078171768	0.0849153826	-0.0423886634	1.28934131615283	-0.421022508336043	0.448081059024295	0.592443852028073
0.368719	0.160056	0.385242	0.00690415	-0.00349681	0.00353052	-0.00889299999999998	0.019483	0.012408	0.00040204	-0.00023306	0	0.072539	-0.0371565505	0.0003385804	0.0366761804	-0.0523739028	0.0376307102	-0.0010156846	-0.0361896802	0.0523607718	-0.0380985803	0.0016926191	0.0356971313	-0.0523388891	0.0385600826	-0.0023692706	-0.0351986159	0.0523082586	-0.03901514	0.0030455261	0.0346942175	-0.0522688852	0.0394636764	0.0322362516	-0.0415580787	0.0535484455	-0.0198094092	-0.0245318663	-0.0411762806	0.0059014638	-0.0531584652	0.0144429968	0.0027200532	0.636300648141402	-0.644214991354908	0.448081059024295	0.592443852028073
0.387334	0.117472	0.334682	0.006702	-0.00383619	0.00346	0.018615	-0.042584	-0.05056	-0.000202150000000001	-0.00033938	-7.05200000000001e-05	0.1423615	-0.0373152977	0.0007899965	0.0361896802	-0.0523544498	0.0384069609	-0.0023692706	-0.0350311327	0.0522829807	-0.0394636764	0.0039463888	0.0338407093	-0.0521639377	0.0404844828	-0.0055199161	-0.0326194932	0.0519974292	-0.0414684511	0.0070884207	0.0313685957	-0.0517836067	0.0424146861	0.003483362	0.0656917924	0.0064194796	0.0286454399	0.0180097184	0.0113210287	-0.0065409621	0.0814389175	0.0158418552	-0.0380049911	-2.57539349224528	-1.00345853298281	0.448081059024295	0.592443852028073
0.374983	0.173081	0.35547	0.00656382	-0.00363834	0.00340965	-0.012351	0.055609	0.020788	-0.00013818	0.00019785	-5.03499999999998e-05	0.108067	-0.0374733519	0.0012413539	0.0356971313	-0.0523194405	0.0391653804	-0.0037212726	-0.0338407093	0.0521430537	-0.0407694154	0.0061928308	0.0319082567	-0.0518495163	0.0422818529	-0.0086504753	-0.0299041152	0.0514394875	-0.043699295	0.0110886847	0.0278327876	-0.0509138886	0.045018557	0.0034477779	-0.0275538693	0.0323755308	0.0392138889	-0.0175442877	-0.0187205502	0.0063230851	-0.0212372822	-0.0238058635	-0.0417983844	1.44356221683617	-1.08254082762213	0.448081059024295	0.592443852028073
0.372113	0.13506	0.33808	0.00706425	-0.00362174	0.00334245	-0.00286999999999998	-0.038021	-0.01739	0.00050043	1.65999999999999e-05	-6.72000000000003e-05	0.0874925	-0.0376307102	0.0016926191	0.0351986159	-0.0522688852	0.0399056168	-0.0050707869	-0.0326194932	0.0519411573	-0.0420138333	0.0084277735	0.0299041152	-0.0513964655	0.0439465533	-0.0117495564	-0.0270638244	0.050637085	-0.0456957037	0.0150222601	0.024110485	-0.0496661877	0.0472539781	0.0416225611	0.0255987375	-0.0232801605	0.0175287303	-0.0354975507	-0.0259778031	-0.0336063414	0.0612934209	-0.0158637898	0.0391061606	0.929806530396768	-0.822504430048261	0.448081059024295	0.592443852028073
0.385105	0.158856	0.345834	0.00686964	-0.00379418	0.00359524	0.012992	0.023796	0.00775400000000004	-0.00019461	-0.00017244	0.00025279	0.0755339999999999	-0.0377873696	0.0021437585	0.0346942175	-0.0522027989	0.0406273263	-0.0064169112	-0.0313685957	0.0516775313	-0.0431950583	0.0106470671	0.0278327876	-0.0508059967	0.0454733605	-0.0148058821	-0.024110485	0.049594035	-0.047446967	0.0188654898	0.0202266294	-0.0480497669	0.0491026536	-0.0523321596	0.0148313398	0.0088634381	0.0210661587	-0.0044376835	0.0591572	0.0070146487	-0.0193092135	0.024620381	-0.0473695883	0.879860446578776	-0.71915321311176	0.448081059024295	0.592443852028073
0.390002	0.158911	0.356306	0.00694379	-0.00392331	0.00353052	0.00489699999999999	5.49999999999995e-05	0.010472	7.41500000000003e-05	-0.00012913	-6.47199999999999e-05	0.0288240000000001	-0.0379433273	0.0025947387	0.0341840202	-0.0521212014	0.0413301739	-0.0077587455	-0.0300891549	0.051352489	-0.044311314	0.0128465907	0.0256989275	-0.0500796887	0.0468574839	-0.0178083308	-0.0210564335	0.0483152946	-0.04894369	0.0225952602	0.0162072446	-0.0460766263	0.0505494535	0.0427042696	-0.0525876129	-0.0066778237	0.0105646265	-0.0059344109	-0.0631444994	-0.0189750359	-0.0211845641	-0.0216069568	0.0136927972	-2.2566399031009	-0.72891970524713	0.448081059024295	0.592443852028073
0.37459	0.135043	0.342368	0.00676489	-0.0035779	0.00353052	-0.015412	-0.023868	-0.013938	-0.0001789	0.00034541	0	0.0794335	-0.0380985803	0.0030455261	0.0336681095	-0.0520241169	0.0420138333	-0.0090953929	-0.0287823352	0.0509664168	-0.0453609212	0.0150222601	0.0235073292	-0.0492194833	0.0480945804	-0.0207459769	-0.0179144269	0.0468069407	-0.050177843	0.02618914	0.0120792627	-0.0437614146	0.0515825363	-0.0216530288	0.0523052071	-0.0164408358	0.0317566245	-0.008384075	0.0208227309	-0.0020397786	0.0652625984	0.030022837	-0.0159825225	-2.10812896667726	-0.725469033220407	0.448081059024295	0.592443852028073
0.383767	0.158865	0.312284	0.00671611	-0.0037839	0.00353052	0.00917699999999999	0.023822	-0.030084	-4.878e-05	-0.000206	0	0.0758220000000001	-0.0382531258	0.0034960873	0.0331465714	-0.0519115742	0.042677987	-0.0104259597	-0.0274493255	0.0505197734	-0.0463423012	0.0171700353	0.0212629165	-0.0482276804	0.0491807684	-0.0236081307	-0.0146975897	0.0450761418	-0.0511428052	0.0296255153	0.0078703433	-0.0411213197	0.0521934471	0.0116133347	-0.0685185543	0.0252738505	0.027902917	-0.012508402	-0.0197098532	0.0267599287	-0.0565527751	-0.0216858627	-0.0297786368	-2.13378351235394	-0.894414000915558	0.448081059024295	0.592443852028073
0.384066	0.174719	0.328864	0.00649901	-0.00402413	0.00353052	0.000298999999999938	0.015854	0.01658	-0.0002171	-0.00024023	0	0.0555994999999999	-0.0384069609	0.0039463888	0.0326194932	-0.0517836067	0.0433223267	-0.0117495564	-0.0260913389	0.0500130897	-0.0472539781	0.0192859283	0.018970732	-0.0471069319	0.0501126395	-0.0263843771	-0.0114193591	0.0431311232	-0.0518333998	0.0328837193	0.0036086884	-0.0381759417	0.0523771858	0.0130632712	0.0508494412	-0.0292269975	0.0192969018	-0.005687942	-0.0275746389	-0.0293680101	0.0609578982	0.0362531705	-0.0124537164	-2.35673451416378	-1.36525888528757	0.448081059024295	0.592443852028073
0.376508	0.14947	0.328948	0.00686068	-0.00373095	0.00353052	-0.00755799999999995	-0.025249	8.40000000000285e-05	0.00036167	0.00029318	0	0.0656335000000001	-0.0385600826	0.0043963972	0.0320869629	-0.0516402525	0.0439465533	-0.0130652981	-0.024709611	0.0494469678	-0.0480945804	0.0213660101	0.0166359256	-0.0458602343	0.0508872699	-0.0290646136	-0.0080934286	0.0409811285	-0.0522459219	0.0359441567	-0.0006771467	-0.0349471469	0.0521322486	-0.0411087903	-0.0312065061	0.026354409	-0.0013094346	-0.0350248056	0.040586364	0.0316687366	-0.0497899092	-0.0138922793	0.0547226276	-1.45879418453835	-1.38983910611841	0.448081059024295	0.592443852028073
0.383134	0.167416	0.272234	0.00669498	-0.00406051	0.00353052	0.00662600000000002	0.017946	-0.056714	-0.0001657	-0.00032956	0	0.106049	-0.0387124883	0.0048460789	0.0315490697	-0.0514815542	0.0445503769	-0.0143723053	-0.0233053991	0.0488220806	-0.048862844	0.0234064185	0.014263743	-0.0444909208	0.051502229	-0.0316390872	-0.0047336909	0.0386363752	-0.0523781585	0.0387884217	-0.0049584444	-0.0314589057	0.0514606403	0.0428129667	0.0465450779	-0.0067493771	0.0288554406	0.0239562482	-0.0406973024	-0.0039752363	0.0537302263	-0.0026616179	-0.0374644354	-0.936912876253578	-1.39326154301222	0.448081059024295	0.592443852028073
0.36966	0.173935	0.297897	0.00631918	-0.00403424	0.00353052	-0.013474	0.00651899999999997	0.0256629999999999	-0.0003758	2.62700000000001e-05	0	0.0657595	-0.0388641751	0.0052954007	0.0310059033	-0.0513075588	0.0451335173	-0.015669704	-0.0218799809	0.0481391707	-0.0495576132	0.0254033645	0.0118595137	-0.0430026525	0.0519555872	-0.0340984296	-0.0013541801	0.0361080066	-0.0522294002	0.0413994086	-0.009206518	-0.0277371148	0.0503678575	-0.037698975	-0.0097193913	0.0180022765	0.0378359004	-0.0144700667	0.0411030667	0.0039269918	-0.0309415656	-0.016376555	-0.0144146477	0.092548757407192	-1.39843024939947	0.448081059024295	0.592443852028073
0.375328	0.132865	0.28322	0.00685768	-0.00370438	0.00353052	0.00566800000000001	-0.04107	-0.014677	0.0005385	0.00032986	0	0.104833	-0.03901514	0.0057443291	0.0304575546	-0.0511183183	0.0456957037	-0.0169566271	-0.0204346535	0.0473990497	-0.050177843	0.0273531403	0.0094286395	-0.0413994086	0.0522459219	-0.0364336915	0.0020309873	0.0334080384	-0.0518004449	0.0437614146	-0.013392903	-0.0238094045	0.048862844	0.0536732721	-0.0022539273	-0.0549912536	0.0099790706	-0.0006475191	-0.0390171986	-0.0561808893	0.0226232041	0.0031970975	0.0104175684	0.096202219912961	-1.29928392326918	0.448081059024295	0.592443852028073
0.37643	0.166797	0.284834	0.00672686	-0.00423112	0.00353051	0.00110200000000005	0.033932	0.00161400000000006	-0.000130819999999999	-0.00052674	-9.99999999994061e-09	0.0695264999999999	-0.0391653804	0.0061928308	0.0299041152	-0.0509138886	0.046236675	-0.0182322141	-0.018970732	0.0466025972	-0.0507226006	0.0292521253	0.0069765817	-0.0396854757	0.0523723222	-0.0386363752	0.005407671	0.030549302	-0.051093594	0.0458602343	-0.0174895484	-0.0197049341	0.0469579174	-0.0383833787	0.0099706436	0.0031779025	0.0334732841	1.1708e-06	0.0392339165	-0.0124879145	-0.0152550152	-0.0059041477	-0.0433571112	0.489439932379428	-1.22750826986422	0.448081059024295	0.592443852028073
0.367553	0.155581	0.304772	0.00659849	-0.00392968	0.00353052	-0.00887700000000002	-0.011216	0.019938	-0.00012837	0.00030144	9.99999999994061e-09	0.061522	-0.0393148935	0.0066408724	0.0293456776	-0.0506943307	0.0467561802	-0.0194956122	-0.0174895484	0.0457507597	-0.0511910666	0.0310967934	0.0045088495	-0.0378654364	0.0523343914	-0.0406984653	0.0087617663	0.0275453833	-0.0501126395	0.0476832451	-0.0214690046	-0.015454175	0.0446686685	0.0336483584	-0.0097626116	-0.0158776068	0.018589722	-0.0135207534	-0.0336564732	-0.0445006452	0.0184843164	0.0006207927	-0.0127046254	0.683620544363658	-1.07089274643724	0.448081059024295	0.592443852028073
0.375772	0.155719	0.286816	0.00696874	-0.00385406	0.00346982	0.00821899999999998	0.000137999999999999	-0.017956	0.00037025	7.56199999999998e-05	-6.06999999999999e-05	0.0516414999999999	-0.0394636764	0.0070884207	0.0287823352	-0.0504597097	0.0472539781	-0.0207459769	-0.0159924506	0.0448445497	-0.0515825363	0.0328837193	0.0020309873	-0.0359441567	0.0521322486	-0.0426124582	0.0120792627	0.024410558	-0.048862844	0.0492194833	-0.025304607	-0.0110886847	0.0420138333	-0.0471904553	0.0077114907	-0.0078336035	0.0340018447	-0.0145258725	0.0536819036	-0.0284933502	-0.0186079501	-0.0227475431	-0.0138187909	0.637168979865029	-1.07228855215868	0.448081059024295	0.592443852028073
0.393793	0.184678	0.304716	0.00660075	-0.00410334	0.00353052	0.018021	0.028959	0.0179	-0.00036799	-0.00024928	6.06999999999999e-05	0.0987785	-0.0396117264	0.0075354425	0.028214182	-0.0502100954	0.0477298374	-0.0219824722	-0.0144808008	0.043885044	-0.051896421	0.034609585	-0.0004514381	-0.0339267737	0.051766528	-0.044371389	0.0153463027	0.0211597241	-0.0473509122	0.0504597097	-0.0289706552	-0.0066408724	0.03901514	0.0283649246	-0.004249461	-0.0189613228	0.0261966316	0.0005669953	-0.035678905	-0.0304311781	-0.0205817994	-0.0162335502	-0.0335979085	0.817500899902494	-1.09700183051832	0.448081059024295	0.592443852028073
0.384881	0.161994	0.310871	0.00701635	-0.0042594	0.00353052	-0.00891200000000003	-0.022684	0.00615500000000002	0.0004156	-0.00015606	0	0.0663340000000001	-0.0397590408	0.0079819045	0.0276413132	-0.0499455618	0.0481835374	-0.0232042715	-0.0129559745	0.0428733831	-0.0521322486	0.0362711858	-0.0029328492	-0.0318186811	0.0512383773	-0.0459688572	0.0185492395	0.0178083308	-0.0455849554	0.0513964655	-0.0324425845	-0.0021437585	0.0356971313	-0.0354876706	0.0090257839	-0.0332741764	0.0279724206	-0.0217322499	0.0305501641	-0.0230317454	-0.0264932719	-0.0018142153	0.0207484862	0.628722962017583	-0.907839311795189	0.448081059024295	0.592443852028073
0.361932	0.172664	0.304838	0.00670894	-0.00372172	0.00353052	-0.0229489999999999	0.01067	-0.00603300000000001	-0.00030741	0.000537679999999999	0	0.0819065	-0.0399056168	0.0084277735	0.0270638244	-0.0496661877	0.0486148674	-0.024410558	-0.0114193591	0.0418107693	-0.0522896643	0.0378654364	-0.005407671	-0.0296255153	0.0505494535	-0.0473990497	0.021674694	0.0143723053	-0.0435744473	0.0520241169	-0.0356971313	0.0023692706	0.0320869629	0.029077208	-0.0275972893	-0.0214392129	-0.0163168342	-0.0248144156	-0.0183120474	0.0033498113	-0.0242904439	-0.0104127477	0.0419854965	0.996900632094074	0.103501245718178	0.448081059024295	0.592443852028073
0.359705	0.158985	0.287625	0.00707018	-0.0040147	0.00337657	-0.00222700000000003	-0.013679	-0.017213	0.00036124	-0.00029298	-0.00015395	0.0735275	-0.0400514517	0.0088730165	0.0264818121	-0.0493720561	0.049023627	-0.0256005252	-0.009872353	0.0406984653	-0.0523684314	0.0393893764	-0.0078703433	-0.0273531403	0.0497019183	-0.0486567622	0.024709611	0.0108679768	-0.0413301739	0.0523388891	-0.0387124883	0.0068647103	0.028214182	-0.0395176788	0.0662761825	-0.0338794688	0.0121983438	0.0054955624	0.0384428942	-0.010196766	0.0613270816	0.0316357227	-0.012750744	1.11251897321028	0.257732925732945	0.448081059024295	0.592443852028073
0.343175	0.203481	0.274986	0.00691918	-0.00367989	0.00296608	-0.01653	0.044496	-0.012639	-0.000151	0.00033481	-0.00041049	0.11848	-0.0401965428	0.0093176004	0.0258953737	-0.0490632542	0.0494096266	-0.0267733776	-0.0083163637	0.0395377932	-0.0523684314	0.0408401761	-0.0103153331	-0.0250076315	0.0486984311	-0.0497374181	0.0276413132	0.0073119995	-0.0388641751	0.0523388891	-0.0414684511	0.0113091867	0.024110485	-0.0290755607	-0.0084000148	-0.0036048003	-0.0409247318	0.046978716	0.0415520238	0.0252531028	-0.0363327277	0.0237054212	0.0149393238	0.924284788331493	-0.01045116698331	0.448081059024295	0.592443852028073
0.301449	0.140182	0.254979	0.00693171	-0.00371605	0.00276936	-0.041726	-0.063299	-0.020007	1.25300000000002e-05	-3.61599999999999e-05	-0.00019672	0.1373025	-0.0403408874	0.0097614921	0.025304607	-0.048739874	0.049772687	-0.0279283311	-0.006752807	0.0383301323	-0.0522896643	0.0422151417	-0.0127371473	-0.0225952602	0.0475421407	-0.050637085	0.0304575546	0.0037212726	-0.0361896802	0.0520241169	-0.0439465533	0.015669704	0.0198094581	0.026904986	-0.0230589925	0.0608846081	0.0281705938	0.0091437549	-0.0458815672	-0.0221114873	-0.0311315137	0.0389926137	-0.0683364945	0.797148643154779	-0.523416354653407	0.448081059024295	0.592443852028073
0.308578	0.180875	0.27769	0.00647584	-0.0035371	0.00278373	0.00712900000000005	0.040693	0.022711	-0.00045587	0.00017895	1.43700000000001e-05	0.1029925	-0.0404844828	0.0102046586	0.024709611	-0.0484020114	0.0501126395	-0.0290646136	-0.0051831058	0.0370769179	-0.0521322486	0.0435117199	-0.0151303447	-0.0201224762	0.046236675	-0.051352489	0.0331465714	0.0001128608	-0.0333210373	0.0513964655	-0.0461301902	0.0199138901	0.0153463027	-0.0196552133	0.0319740286	0.008459756	0.0200622792	-0.0035759636	0.0391390299	-0.0027689625	0.0256107898	-0.0216202154	-0.0540939003	0.760604537275443	-0.509844203961802	0.448081059024295	0.592443852028073
0.306579	0.181167	0.279922	0.00740038	-0.00379568	0.00269496	-0.00199900000000003	0.000291999999999987	0.00223200000000001	0.00092454	-0.00025858	-8.87699999999997e-05	0.0681175	-0.0406273263	0.0106470671	0.024110485	-0.0480497669	0.0504293264	-0.0301814655	-0.0036086884	0.0357796393	-0.051896421	0.0447275033	-0.0174895484	-0.0175958911	0.0447861304	-0.051881027	0.0356971313	-0.0034960873	-0.0302736359	0.0504597097	-0.0480047303	0.0240102362	0.010757547	-0.0393177054	-0.0234700526	0.0322117662	0.0311995033	-0.0058442739	0.0207565788	0.0193991219	-0.0301397557	-0.0185874096	-0.0085743851	0.892822960549405	-0.609499442130254	0.448081059024295	0.592443852028073
0.31756	0.180987	0.288842	0.00692704	-0.00359191	0.00277141	0.010981	-0.000180000000000013	0.00891999999999998	-0.00047334	0.00020377	7.645e-05	0.057759	-0.0407694154	0.0110886847	0.0235073292	-0.0476832451	0.0507226006	-0.03127814	-0.0020309873	0.0344398384	-0.0515825363	0.0458602343	-0.0198094581	-0.0150222601	0.0431950583	-0.0522207755	0.0380985803	-0.0070884207	-0.0270638244	0.0492194833	-0.0495576132	0.0279283311	0.0060807472	0.0558100474	-0.0759354618	-0.0790694774	-0.0355350478	-0.0129461051	-0.0236544621	0.0311836062	-0.0065651332	-0.0767892423	0.0896777352	1.24427674009136	-0.887728050108545	0.448081059024295	0.592443852028073
0.315924	0.181114	0.308459	0.00734726	-0.00388268	0.00272469	-0.00163600000000003	0.000127000000000016	0.0196170000000001	0.000420220000000001	-0.00029077	-4.67200000000001e-05	0.0592655	-0.0409107473	0.0115294786	0.0229002443	-0.047302555	0.050992326	-0.032353904	-0.0004514381	0.0330591074	-0.0511910666	0.0469078096	-0.0220848615	-0.0124084642	0.0414684511	-0.0523704984	0.0403408874	-0.0106470671	-0.0237088227	0.0476832451	-0.0507784337	0.0316390872	0.0013541801	0.0055473146	0.0283667842	-0.011031981	-0.0443841816	0.0537115297	-0.0142820735	0.0606857965	0.0090220868	-0.0054844768	0.0093461187	0.78500036445486	-0.984178256329332	0.448081059024295	0.592443852028073
0.312302	0.186392	0.308298	0.00736245	-0.00428729	0.00309859	-0.00362199999999996	0.005278	-0.000161000000000022	1.519e-05	-0.00040461	0.0003739	0.0487459999999999	-0.0410513194	0.011969416	0.0222893319	-0.0469078096	0.0512383773	-0.0334080384	0.0011285219	0.0316390872	-0.0507226006	0.0478682839	-0.0243106464	-0.0097614921	0.0396117264	-0.0523296507	0.0424146861	-0.0141551145	-0.0202266294	0.0458602343	-0.0516590118	0.0351149558	-0.0033834701	0.0297465345	0.0207339962	0.0533101745	-0.0229639265	-0.0402465842	-0.0291921621	0.0289840034	-0.0005177858	0.0236190372	0.0231620798	0.97426238193907	-1.37614159709175	0.448081059024295	0.592443852028073
0.297117	0.162362	0.29872	0.00743899	-0.00419286	0.00309859	-0.015185	-0.02403	-0.00957800000000003	7.65399999999999e-05	9.44300000000004e-05	0	0.0573415000000001	-0.0411911291	0.0124084642	0.021674694	-0.0464991262	0.0514606403	-0.0344398384	0.0027074549	0.0301814655	-0.050177843	0.048739874	-0.0264818121	-0.0070884207	0.0376307102	-0.0520983812	0.044311314	-0.0175958911	-0.0166359256	0.0437614146	-0.0521934471	0.0383301323	-0.0080934286	0.0114881569	-0.0639711448	-0.0274606494	-0.0067596436	-0.0456364276	0.0150618963	0.0036854901	0.0053357811	-0.0659732138	0.0495007774	1.01529314723818	-1.37155820323277	0.448081059024295	0.592443852028073
0.287308	0.181171	0.308242	0.0079638	-0.00429695	0.00309859	-0.00980900000000001	0.018809	0.00952200000000003	0.00052481	-0.00010409	0	0.069585	-0.0413301739	0.0128465907	0.0210564335	-0.0460766263	0.0516590118	-0.0354486142	0.0042839244	0.0286879745	-0.0495576132	0.0495209612	-0.0285934806	-0.0043963972	0.0355316183	-0.0516775313	0.0460228486	-0.0209530451	-0.0129559745	0.0413994086	-0.0523781585	0.0412607473	-0.0127371473	0.0517120245	-0.0360435912	-0.0378294567	-0.0446355491	0.0044580278	-0.0695467213	0.012590568	-0.0083963917	-0.0150046137	0.071283184	0.608370426422172	-1.36089915456373	0.448081059024295	0.592443852028073
0.271386	0.174981	0.308481	0.00708436	-0.00408831	0.00303274	-0.015922	-0.00619	0.000238999999999989	-0.00087944	0.00020864	-6.58500000000001e-05	0.0800475	-0.0414684511	0.0132837629	0.0204346535	-0.0456404355	0.0518333998	-0.0364336915	0.0058564958	0.0271603893	-0.048862844	0.0502100954	-0.0306409077	-0.0016926191	0.0333210373	-0.0510686325	0.0475421407	-0.0242106219	-0.009206518	0.0387884217	-0.0522119084	0.043885044	-0.01727662	-0.0152744959	0.0522665448	0.0243714743	-0.0360373812	-0.005746404	0.0166472754	0.0134562947	0.0415556035	0.082003436	-0.0112278057	0.921120424683541	-0.107333579949184	0.448081059024295	0.592443852028073
0.264889	0.181112	0.324257	0.00710272	-0.00426248	0.00252695	-0.00649700000000003	0.006131	0.015776	1.83600000000003e-05	-0.00017417	-0.00050579	0.06332	-0.0416059582	0.0137199483	0.0198094581	-0.0451906832	0.0519837232	-0.0373944116	0.0074237382	0.0256005252	-0.0480945804	0.0508059967	-0.0326194932	0.0010156846	0.0310059033	-0.0502739006	0.048862844	-0.0273531403	-0.005407671	0.0359441567	-0.0516958108	0.0461835398	-0.021674694	0.0023771371	0.0032307198	0.0352971158	0.0296640736	-0.0654558072	-0.0280784646	0.0307346531	0.0142860104	-0.0068998009	0.0161342127	0.472023941864788	-0.261290314698941	0.448081059024295	0.592443852028073
0.264844	0.181256	0.306012	0.00776066	-0.00410705	0.00266518	-4.49999999999617e-05	0.000144000000000005	-0.018245	0.00065794	0.00015543	0.00013823	0.066014	-0.0417426926	0.0141551145	0.0191809517	-0.0447275033	0.0521099123	-0.0383301323	0.0089842256	0.0240102362	-0.0472539781	0.0513075588	-0.0345247919	0.0037212726	0.0285934806	-0.0492962274	0.0499794418	-0.0303656657	-0.0015798132	0.0328837193	-0.0508333239	0.0481391707	-0.0258953737	0.0494750376	-0.041987918	-0.0736389658	-0.0232204536	-0.0219785673	-0.0116520995	0.0030043428	0.0266497089	-0.0845710683	0.1170826553	-0.296345623354965	0.088152870533166	0.448081059024295	0.592443852028073
0.277788	0.170461	0.284371	0.00851688	-0.00435831	0.00266518	0.012944	-0.010795	-0.021641	0.000756219999999999	-0.00025126	0	0.0957539999999999	-0.0418786518	0.0145892291	0.0185492395	-0.0442510332	0.0522119084	-0.0392402281	0.0105365379	0.0223914121	-0.0463423012	0.0517138504	-0.036352523	0.0064169112	0.0260913389	-0.0481391707	0.0508872699	-0.0332338815	0.0022565198	0.0296255153	-0.0496302266	0.0497374181	-0.0299041152	0.029597139	0.0181812614	-0.0613510237	-0.0406693501	0.0603255845	-0.0274243957	0.0180423116	0.0095187147	0.0135878646	0.0387568287	-0.473509833572133	0.154361561967492	0.448081059024295	0.592443852028073
0.276765	0.181254	0.330397	0.00789247	-0.00446349	0.00273385	-0.00102300000000005	0.010793	0.046026	-0.000624409999999999	-0.00010518	6.86699999999998e-05	0.0977549999999999	-0.0420138333	0.0150222601	0.0179144269	-0.0437614146	0.0522896643	-0.0401240904	0.0120792627	0.0207459769	-0.0453609212	0.0520241169	-0.0380985803	0.0090953929	0.0235073292	-0.0468069407	0.0515825363	-0.0359441567	0.0060807472	0.02618914	-0.0480945804	0.0509664168	-0.0336681095	-0.003831762	0.0184494717	0.0406808693	-0.0508821562	-0.0390916881	0.0025069629	0.034506204	-0.0053875518	0.0323236438	0.0142551607	0.972935903451821	0.116650988756485	0.448081059024295	0.592443852028073
0.274093	0.155677	0.332813	0.00792085	-0.00449891	0.00272785	-0.00267200000000001	-0.025577	0.00241600000000003	2.83799999999997e-05	-3.54200000000004e-05	-5.99999999999993e-06	0.034155	-0.0421482344	0.015454175	0.01727662	-0.0432587929	0.0523431439	-0.0409811285	0.0136109962	0.0190758861	-0.044311314	0.0522377823	-0.0397590408	0.0117495564	0.0208495594	-0.0453043854	0.0520623368	-0.0384836111	0.009872353	0.0225952602	-0.046236675	0.0518170426	-0.0371565505	0.0345585296	0.0233006986	-0.0350694055	-0.0334990059	-0.0354190842	-0.0309500689	-0.0347569498	0.0392933096	0.0566095546	0.0011326681	0.002191786717077	0.146982972960721	0.448081059024295	0.592443852028073
0.277868	0.230474	0.325571	0.00795889	-0.00419366	0.00266518	0.00377500000000003	0.074797	-0.00724200000000003	3.80399999999979e-05	0.00030525	-6.26699999999999e-05	0.106112	-0.0422818529	0.015884942	0.0166359256	-0.0427433176	0.0523723222	-0.0418107693	0.0151303447	0.0173831246	-0.0431950583	0.0523544498	-0.0413301739	0.0143723053	0.018126369	-0.0436369724	0.052324667	-0.0408401761	0.0136109962	0.0188654898	-0.0440689593	0.0522829807	-0.0403408874	-0.0163649117	-0.0032272325	0.0122267983	0.0069965931	-0.0078194337	0.0064230664	-0.0060815747	-0.0292984847	-0.0017508974	-0.0241351305	-2.38165067114291	0.150318649953971	0.448081059024295	-1.68540061352814
0.266504	0.19507	0.333875	0.00825643	-0.00386945	0.00266518	-0.011364	-0.035404	0.00830399999999998	0.000297540000000002	0.00032421	0	0.0861595	-0.0424146861	0.016314529	0.0159924506	-0.0422151417	0.0523771858	-0.0426124582	0.0166359256	0.015669704	-0.0420138333	0.0523739028	-0.0428084497	0.0169566271	0.0153463027	-0.0418107693	0.0523684314	-0.0430026525	0.01727662	0.0150222601	-0.0416059582	0.0523607718	-0.0431950583	0.0331250054	0.0101682145	-0.0264341897	-0.0380508586	-0.007346656	-0.0296335248	-0.0229362102	0.0330440361	0.0080521471	0.0513284271	1.05364641696558	0.170899855589614	-2.22840312389761	-1.68540061352814
0.250558	0.195053	0.317704	0.00820614	-0.00440692	0.00266518	-0.015946	-1.69999999999892e-05	-0.016171	-5.02899999999997e-05	-0.00053747	0	0.061522	-0.0425467316	0.016742904	0.0153463027	-0.0416744222	0.0523577323	-0.0433856593	0.018126369	0.0139376608	-0.0407694154	0.0522961052	-0.044190547	0.0194956122	0.0125180835	-0.0398324213	0.0521934471	-0.0449607632	0.0208495594	0.0110886847	-0.0388641751	0.0520498384	-0.0456957037	-0.0613712804	0.0136575092	0.0218896329	-0.0062426837	0.0036867467	0.0601199	0.0042332041	-0.0236841588	0.0273595012	-0.0035341143	-0.674358809345323	0.176992773922064	-2.22840312389761	-1.68540061352814
0.251433	0.221698	0.335879	0.00867677	-0.00422435	0.00266518	0.000875000000000015	0.026645	0.018175	0.00047063	0.00018257	0	0.078355	-0.042677987	0.0171700353	0.0146975897	-0.0411213197	0.0523139709	-0.0441298556	0.0196003187	0.0121890533	-0.0394636764	0.0521212014	-0.0454733605	0.0219824722	0.0096505858	-0.0377091275	0.0518004449	-0.0467052026	0.0243106464	0.0070884207	-0.0358619813	0.051352489	-0.0478223571	0.0445284108	-0.0384339691	-0.0085910089	-0.0339041116	0.0253772381	-0.0367844348	-0.0197188431	-0.0296879056	-0.0243687598	0.0344149824	0.761600860091281	0.190453165679998	-2.22840312389761	0.592443852028073
0.246344	0.132619	0.330272	0.00849215	-0.00395654	0.00266518	-0.00508900000000001	-0.089079	-0.00560700000000003	-0.00018462	0.00026781	0	0.1223965	-0.0428084497	0.0175958911	0.0140464202	-0.0405559987	0.0522459219	-0.0448445497	0.0210564335	0.0104259597	-0.0380985803	0.0518495163	-0.0466540082	0.024410558	0.006752807	-0.0354486142	0.0511910666	-0.0482276804	0.0276413132	0.0030455261	-0.0326194932	0.0502739006	-0.0495576132	-0.0441890161	0.0706758117	-0.025056494	-0.0040768496	0.020744961	0.0353530628	-0.0244691826	0.0444898123	0.0429837645	0.0028381521	0.111905806729851	0.20433722969937	0.448081059024295	0.592443852028073
0.247928	0.191042	0.314299	0.00868968	-0.00396682	0.00266518	0.001584	0.058423	-0.015973	0.00019753	-1.02800000000005e-05	0	0.0863705	-0.0429381175	0.0180204398	0.013392903	-0.0399786271	0.0521536168	-0.0455292636	0.0224933884	0.0086504753	-0.0366761804	0.0514815542	-0.0477298374	0.0267733776	0.0038338396	-0.0330591074	0.0503678575	-0.0495209612	0.0308236917	-0.0010156846	-0.0291584371	0.0488220806	-0.0508872699	0.0206644403	-0.0434767536	0.019502403	-0.0303502919	0.0140525708	-0.0280575504	0.0622324119	-0.0577650674	0.0026683109	0.022509556	0.807974068387489	0.177111816998618	0.448081059024295	0.592443852028073
0.254682	0.15874	0.313688	0.00856375	-0.00418766	0.00266518	0.00675400000000001	-0.032302	-0.000610999999999973	-0.00012593	-0.00022084	0	0.0570055	-0.0430669878	0.0184436498	0.0127371473	-0.0393893764	0.0520370985	-0.0461835398	0.0239098759	0.0068647103	-0.0351986159	0.0510179984	-0.0486984311	0.0290646136	0.0009028426	-0.030549302	0.0493342563	-0.0505788988	0.0338407093	-0.0050707869	-0.0255020041	0.0470078072	-0.0518004449	0.0066956897	0.0470861948	0.014276115	-0.0396686578	-0.0252678776	-0.011436382	0.0218689095	0.0744204088	0.0196019249	0.0500188953	0.121237166010347	0.129754811603442	0.448081059024295	0.592443852028073
0.252627	0.179117	0.324005	0.00878039	-0.00419903	0.00266518	-0.00205500000000003	0.020377	0.010317	0.000216640000000001	-1.13700000000001e-05	0	0.0441495	-0.0431950583	0.0188654898	0.0120792627	-0.0387884217	0.051896421	-0.0468069407	0.025304607	0.0050707869	-0.0336681095	0.0504597097	-0.0495576132	0.03127814	-0.0020309873	-0.0279283311	0.0480945804	-0.0513964655	0.0366761804	-0.0090953929	-0.021674694	0.0448445497	-0.0522896643	-0.0706203619	0.0129968447	0.0090891329	-0.0451310563	0.0003547861	0.0634781172	0.0276235708	-0.0061762163	0.028012923	0.0144515451	0.574390046254792	0.109932033622585	0.448081059024295	-1.68540061352814
0.272446	0.20461	0.335823	0.00873223	-0.0043834	0.00266518	0.019819	0.025493	0.0118179999999999	-4.81600000000002e-05	-0.00018437	0	0.0687565	-0.0433223267	0.0192859283	0.0114193591	-0.0381759417	0.0517316498	-0.0473990497	0.0266763128	0.0032708371	-0.0320869629	0.0498077248	-0.0503054532	0.0334080384	-0.0049584444	-0.0252057321	0.0466540082	-0.0519697758	0.0393148935	-0.0130652981	-0.017702152	0.0423483678	-0.0523509242	-0.0485169346	0.0136862382	0.0287889763	-0.0920031065	0.0274190602	0.0230507045	0.0536152167	-0.0149646144	0.0760301796	-0.0133098982	0.524758223789571	-0.116316671337341	-2.22840312389761	0.592443852028073
0.263839	0.204589	0.335854	0.00847463	-0.00424928	0.00266518	-0.00860700000000003	-2.09999999999655e-05	3.10000000000032e-05	-0.0002576	0.00013412	0	0.028245	-0.0434487905	0.0197049341	0.010757547	-0.0375521182	0.0515428613	-0.0479594708	0.028023745	0.0014670001	-0.0304575546	0.0490632542	-0.050940271	0.0354486142	-0.0078703433	-0.0223914121	0.045018557	-0.0522961052	0.0417426926	-0.0169566271	-0.0136109962	0.0395377932	-0.0519837232	0.037461989	0.0306753478	0.0776462051	-0.0431086355	-0.0120838482	-0.059905491	0.0378248293	-0.0079819313	0.0718562374	-0.071400328	-0.363164781224559	-0.158298154384608	-2.22840312389761	0.592443852028073
0.258073	0.18511	0.330398	0.00868062	-0.00440777	0.00266518	-0.00576599999999999	-0.019479	-0.00545599999999996	0.00020599	-0.00015849	0	0.0489249999999999	-0.0435744473	0.0201224762	0.0100939368	-0.0369171367	0.0513301431	-0.0484878293	0.0293456776	-0.0003385804	-0.0287823352	0.0482276804	-0.0514606403	0.0373944116	-0.010757547	-0.0194956122	0.0431950583	-0.0523739028	0.0439465533	-0.0207459769	-0.0094286395	0.0364336915	-0.0511910666	-0.0170457525	0.0698884594	-0.019755387	0.0252343421	-0.0038589484	0.0181776607	-0.0067202901	0.0638602335	0.0213703832	-0.0294364881	0.841276290959538	-0.267679913991989	-2.22840312389761	0.592443852028073
0.25476	0.204611	0.332463	0.00867971	-0.00408766	0.00266518	-0.00331300000000001	0.019501	0.00206499999999998	-9.099999999998e-07	0.00032011	0	0.04093	-0.043699295	0.0205385235	0.0094286395	-0.0362711858	0.051093594	-0.0489837722	0.0306409077	-0.0021437585	-0.0270638244	0.047302555	-0.051865392	0.0392402281	-0.0136109962	-0.01652887	0.0411911291	-0.0522027989	0.0459146523	-0.024410558	-0.0051831058	0.0330591074	-0.0499794418	-0.0086728502	0.0071557466	0.0090011026	-0.0692812939	-0.0263476866	0.0203272517	0.0335159284	0.0298353594	-0.0014781195	0.0491313573	0.592393290016047	-0.558034868874234	-2.22840312389761	0.592443852028073
0.257394	0.187087	0.265217	0.00774592	-0.00374156	0.00266518	0.00263400000000003	-0.017524	-0.067246	-0.00093379	0.0003461	0	0.1513985	-0.043823331	0.0209530451	0.0087617663	-0.0356144575	0.0508333239	-0.0494469678	0.0319082567	-0.0039463888	-0.025304607	0.0462895956	-0.0521536168	0.0409811285	-0.0164217376	-0.0135019809	0.03901514	-0.0517836067	0.0476364314	-0.0279283311	-0.0009028426	0.0294390937	-0.0483587652	0.0236947743	0.0408747974	0.0574837122	0.0379844247	0.0080351585	-0.0411525094	-0.003390312	0.0061353909	0.0332943719	-0.1416243511	-0.192105104756155	-0.580931068763882	-2.22840312389761	0.592443852028073
0.233144	0.204289	0.294624	0.00710693	-0.00404924	0.00239482	-0.02425	0.017202	0.029407	-0.00063899	-0.00030768	-0.00027036	0.1317105	-0.0439465533	0.0213660101	0.0080934286	-0.0349471469	0.0505494535	-0.0498771065	0.0331465714	-0.0057443291	-0.0235073292	0.0451906832	-0.052324667	0.0426124582	-0.0191809517	-0.0104259597	0.0366761804	-0.0511183183	0.0491026536	-0.03127814	0.0033834701	0.0256005252	-0.0463423012	-0.0264940976	-0.0054653846	-0.0401667147	0.0487620271	-0.0860105786	0.0488586901	-0.0489371999	0.0013799525	-0.0967297193	-0.0009456618	0.154823534384058	-0.550978717329018	-2.22840312389761	0.592443852028073
0.225438	0.200835	0.28338	0.00764221	-0.00373106	0.00247038	-0.00770600000000002	-0.00345400000000001	-0.011244	0.00053528	0.00031818	7.55599999999997e-05	0.0688549999999999	-0.0440689593	0.021777388	0.0074237382	-0.0342694522	0.0502421146	-0.0502739006	0.0343547251	-0.0075354425	-0.021674694	0.0440078585	-0.0523781585	0.0441298556	-0.0218799809	-0.0073119995	0.0341840202	-0.0502100954	0.0503054532	-0.0344398384	0.0076471118	0.0215718994	-0.0439465533	-0.0799965863	-0.0851619895	-0.0568839215	0.0029885044	-0.0107473399	0.0677341432	-0.0545780272	-0.0512501478	-0.0481689999	-0.0082787833	0.569907290702759	-0.432654331199872	0.448081059024295	-1.68540061352814
0.229173	0.204368	0.289554	0.0076422	-0.00406066	0.00266518	0.00373500000000002	0.00353300000000001	0.00617399999999996	-9.99999999994061e-09	-0.0003296	0.0001948	0.0396624999999999	-0.044190547	0.0221871482	0.006752807	-0.0335815749	0.04991145	-0.050637085	0.0355316183	-0.0093176004	-0.0198094581	0.0427433176	-0.0523139709	0.0455292636	-0.0245103563	-0.0041714317	0.0315490697	-0.0490632542	0.0512383773	-0.0373944116	0.0118595137	0.0173831246	-0.0411911291	0.0215571856	-0.0600400449	-0.0072906036	-0.0329729256	0.0032285001	-0.0391389345	0.0141482177	-0.062041064	0.0095625679	0.0139501371	0.918465515775173	-0.421452665767426	0.448081059024295	-1.68540061352814
0.226158	0.18634	0.287073	0.00791697	-0.00388525	0.00266518	-0.00301500000000002	-0.018028	-0.00248099999999996	0.000274770000000001	0.00017541	0	0.046033	-0.044311314	0.0225952602	0.0060807472	-0.0328837193	0.0495576132	-0.0509664168	0.0366761804	-0.0110886847	-0.0179144269	0.0413994086	-0.0521322486	0.0468069407	-0.0270638244	-0.0010156846	0.0287823352	-0.0476832451	0.051896421	-0.0401240904	0.0159924506	0.0130652981	-0.0380985803	0.007474808	0.0454056689	0.0330125125	-0.0319620769	-0.0117844001	0.0140485207	0.0338592351	0.0557566956	0.0708275873	0.0214122524	0.744923537121885	-0.416942079614388	0.448081059024295	-1.68540061352814
0.241089	0.14929	0.189187	0.0065067	-0.00360095	0.00223319	0.014931	-0.03705	-0.097886	-0.00141027	0.0002843	-0.00043199	0.256195	-0.044431258	0.0230016937	0.005407671	-0.0321760928	0.0491807684	-0.0512616758	0.0377873696	-0.0128465907	-0.0159924506	0.0399786271	-0.0518333998	0.0479594708	-0.0295323731	0.0021437585	0.0258953737	-0.0460766263	0.0522760543	-0.0426124582	0.0200182296	0.0086504753	-0.0346942175	0.0254682792	-0.0451610024	0.0359636168	0.0529792887	-0.0731635929	-0.0167274172	-0.0072542052	-0.0132006193	-0.0142695856	-0.0389976631	0.325515968437556	-0.538123384144795	0.448081059024295	0.592443852028073
0.236086	0.23592	0.100887	0.00677694	-0.00356382	0.00266518	-0.00500299999999998	0.08663	-0.0883	0.000270240000000001	3.71299999999998e-05	0.00043199	0.216901	-0.0445503769	0.0234064185	0.0047336909	-0.0314589057	0.0487810905	-0.0515226647	0.0388641751	-0.0145892291	-0.0140464202	0.0384836111	-0.0514180959	0.0489837722	-0.0319082567	0.0052954007	0.0229002443	-0.0442510332	0.0523752403	-0.0448445497	0.0239098759	0.0041714317	-0.0310059033	-0.0165320977	0.0101807322	0.0153279573	0.1002069704	-0.0039019073	0.0349051857	-0.0635398903	0.0277191456	-0.0288632981	-0.0534883506	1.04695100495016	-0.789649623942846	0.448081059024295	0.592443852028073
0.234264	0.244847	0.168715	0.00684473	-0.00329793	0.00257201	-0.00182200000000002	0.00892699999999999	0.067828	6.77899999999999e-05	0.00026589	-9.31700000000001e-05	0.0999195	-0.0446686685	0.0238094045	0.0040589197	-0.030732371	0.0483587652	-0.0517492091	0.0399056168	-0.016314529	-0.0120792627	0.0369171367	-0.0508872699	0.0498771065	-0.0341840202	0.0084277735	0.0198094581	-0.0422151417	0.0521934471	-0.0468069407	0.0276413132	-0.0003385804	-0.0270638244	-0.0161835623	-0.092492689	-0.0392037307	0.0608900655	0.0701636827	0.0096369035	-0.0763375506	-0.1004182405	-0.0241043994	-0.0209988713	1.08830718550986	-0.001274000399363	0.448081059024295	0.592443852028073
0.211401	0.212905	0.211796	0.00736296	-0.00370696	0.00266518	-0.022863	-0.031942	0.043081	0.00051823	-0.00040903	9.31700000000001e-05	0.1489075	-0.0447861304	0.0242106219	0.0033834701	-0.0299967047	0.0479139886	-0.0519411573	0.0409107473	-0.0180204398	-0.0100939368	0.0352821126	-0.0502421146	0.050637085	-0.036352523	0.0115294786	0.0166359256	-0.0399786271	0.0517316498	-0.0484878293	0.0311875391	-0.0048460789	-0.0229002443	0.0263281424	0.036272316	-0.0002976185	0.0020298621	0.0182554834	-0.0166207195	-0.0440821805	0.0523997192	0.0594856142	0.0081440336	0.892513997302848	0.481744330071848	0.448081059024295	0.592443852028073
0.21141	0.23501	0.218714	0.00774665	-0.00361097	0.00266518	8.99999999995349e-06	0.022105	0.00691799999999998	0.00038369	9.59900000000002e-05	0	0.053016	-0.0449027607	0.0246100408	0.0027074549	-0.0292521253	0.047446967	-0.0520983812	0.0418786518	-0.0197049341	-0.0080934286	0.0335815749	-0.0494840794	0.0512616758	-0.0384069609	0.0145892291	0.013392903	-0.0375521182	0.050992326	-0.0498771065	0.0345247919	-0.0093176004	-0.0185492395	-0.0582052824	-0.0191398938	0.0405939302	0.0386304609	0.0171973332	0.051668334	-0.0030263595	-0.0413925397	-0.0254546739	-0.0649030425	0.634428743561855	0.546552105470819	0.448081059024295	0.592443852028073
0.198193	0.211903	0.21178	0.00761851	-0.00350652	0.00254969	-0.013217	-0.023107	-0.00693399999999997	-0.00012814	0.00010445	-0.00011549	0.060662	-0.045018557	0.0250076315	0.0020309873	-0.028498854	0.0469579174	-0.0522207755	0.0428084497	-0.0213660101	-0.0060807472	0.0318186811	-0.0486148674	0.0517492091	-0.0403408874	0.0175958911	0.0100939368	-0.0349471469	0.0499794418	-0.0509664168	0.0376307102	-0.0137199483	-0.0140464202	0.0532221276	0.0065925942	0.0294604417	0.0627866778	0.0570599463	-0.0446278612	-0.0323615539	-0.010050004	-0.0219789286	-0.11833056	0.664494659780526	-0.328868288806662	0.448081059024295	0.592443852028073
0.251026	0.196471	0.23201	0.00769081	-0.00317216	0.00266518	0.052833	-0.015432	0.02023	7.23e-05	0.00033436	0.00011549	0.1146025	-0.0451335173	0.0254033645	0.0013541801	-0.0277371148	0.0464470668	-0.0523082586	0.043699295	-0.0230016937	-0.0040589197	0.0299967047	-0.0476364314	0.0520983812	-0.0421482344	0.0205385235	0.006752807	-0.0321760928	0.0486984311	-0.0517492091	0.0404844828	-0.0180204398	-0.0094286395	-0.0153326277	0.0405326596	0.01151862	0.0794905233	0.0054280777	0.0224243446	-0.0233776342	0.0390524285	-0.0656102485	-0.0177838215	0.481076174602139	-0.468993667107262	0.448081059024295	0.592443852028073
0.267055	0.195404	0.231083	0.00794721	-0.00303972	0.00307296	0.016029	-0.00106700000000001	-0.000927000000000011	0.000256399999999998	0.00013244	0.00040778	0.0578539999999999	-0.0452476394	0.0257972105	0.0006771467	-0.0269671338	0.0459146523	-0.0523607718	0.0445503769	-0.0246100408	-0.0020309873	0.0281190288	-0.0465509697	0.0523082586	-0.043823331	0.0234064185	0.0033834701	-0.0292521253	0.0471561663	-0.0522207755	0.0430669878	-0.0221871482	-0.0047336909	-0.0739258338	-0.0206571739	-0.0058705866	0.0302365498	-0.0014071308	0.0736967644	-0.0464792772	-0.0241687232	-0.0049159323	-0.0164699594	-0.020445069199449	-0.606669395679179	0.448081059024295	0.592443852028073
0.254945	0.211808	0.211787	0.00764896	-0.00335247	0.00290108	-0.0121100000000001	0.016404	-0.019296	-0.00029825	-0.00031275	-0.00017188	0.086954	-0.0453609212	0.02618914	0	-0.02618914	0.0453609212	-0.0523782801	0.0453609212	-0.02618914	0	0.02618914	-0.0453609212	0.0523782801	-0.0453609212	0.02618914	0	-0.02618914	0.0453609212	-0.0523782801	0.0453609212	-0.02618914	0	0.0571672524	-0.0208701358	0.0275755236	0.0508861035	0.0740854766	-0.040577556	0.0664904862	-0.0444471543	-0.1017873624	-0.0794961364	0.143664886155287	-0.711812967023775	0.448081059024295	0.592443852028073
0.255876	0.211881	0.25535	0.00792833	-0.00338633	0.00278711	0.000931000000000071	7.29999999999897e-05	0.0435630000000001	0.000279370000000003	-3.38599999999997e-05	-0.00011397	0.0659270000000001	-0.0454733605	0.0265791242	-0.0006771467	-0.0254033645	0.0447861304	-0.0523607718	0.0461301902	-0.0277371148	0.0020309873	0.0242106219	-0.0440689593	0.0523082586	-0.0467561802	0.0288765622	-0.0033834701	-0.0230016937	0.0433223267	-0.0522207755	0.0473509122	-0.0299967047	0.0047336909	0.0628352786	-0.0210004516	-0.0004828873	0.0928090412	-0.0104714176	-0.0832937868	-0.0697943198	-0.0105861134	-0.0702757823	-0.0104163301	0.006457877609747	-0.636979536534004	0.448081059024295	0.592443852028073
0.250691	0.170894	0.227102	0.00873987	-0.00314993	0.00256252	-0.00518500000000005	-0.040987	-0.028248	0.000811539999999999	0.0002364	-0.00022459	0.1380465	-0.0455849554	0.0269671338	-0.0013541801	-0.0246100408	0.044190547	-0.0523082586	0.0468574839	-0.0292521253	0.0040589197	0.0221871482	-0.042677987	0.0520983812	-0.0480047303	0.0314589057	-0.006752807	-0.0197049341	0.0410513194	-0.0517492091	0.049023627	-0.0335815749	0.0094286395	0.0294621409	-0.0497698175	-0.0272271384	0.095399559	-0.0143074676	-0.0343644016	-0.0883652632	-0.0133166189	-0.0303979983	0.022557169	-0.786112600250304	-0.346717659404884	0.448081059024295	0.592443852028073
0.259749	0.213112	0.206995	0.00835481	-0.00306303	0.0028082	0.00905799999999996	0.042218	-0.020107	-0.00038506	8.69e-05	0.00024568	0.107265	-0.0456957037	0.0273531403	-0.0020309873	-0.0238094045	0.0435744473	-0.0522207755	0.0475421407	-0.030732371	0.0060807472	0.0201224762	-0.0411911291	0.0517492091	-0.0491026536	0.0339267737	-0.0100939368	-0.016314529	0.0385600826	-0.0509664168	0.0503678575	-0.0369171367	0.0140464202	-0.028002994	-0.0798980062	-0.0167077263	0.0859275189	0.0626358164	0.002549091	-0.0507882778	-0.063852952	-0.0564820765	-0.0137303907	0.223102738787021	-0.355001757126738	0.448081059024295	0.592443852028073
0.26506	0.213166	0.258253	0.00869971	-0.00322969	0.00289391	0.00531100000000007	5.39999999999985e-05	0.051258	0.000344899999999997	-0.00016666	8.57100000000001e-05	0.0864864999999999	-0.0458056033	0.0277371148	-0.0027074549	-0.0230016937	0.0429381175	-0.0520983812	0.0481835374	-0.0321760928	0.0080934286	0.0180204398	-0.0396117264	0.0512616758	-0.0500465054	0.0362711858	-0.013392903	-0.0128465907	0.0358619813	-0.0498771065	0.0513745965	-0.0399786271	0.0185492395	-0.0386646086	-0.0499086081	-0.0018640131	0.0204644887	0.0741107927	0.0260790779	-0.0164285258	-0.0503360006	-0.0137273964	0.0064132543	-2.52981750951036	0.204444625410701	0.448081059024295	0.592443852028073
0.253531	0.213124	0.258212	0.00860367	-0.00346946	0.00291403	-0.011529	-4.20000000000143e-05	-4.10000000000132e-05	-9.60399999999969e-05	-0.00023977	2.01200000000002e-05	0.0294085	-0.0459146523	0.0281190288	-0.0033834701	-0.0221871482	0.0422818529	-0.0519411573	0.0487810905	-0.0335815749	0.0100939368	0.015884942	-0.0379433273	0.050637085	-0.0508333239	0.0384836111	-0.0166359256	-0.0093176004	0.0329714899	-0.0484878293	0.0520370985	-0.0427433176	0.0229002443	-0.0639356419	-0.0139746308	0.0487788834	-0.0063464554	0.0328374279	0.0566812061	0.0236530492	-0.0292241667	0.004347182	0.0049832748	-0.740069826473204	0.264385362478715	0.448081059024295	0.592443852028073
0.276313	0.213139	0.235499	0.00847689	-0.00357803	0.00289382	0.022782	1.5000000000015e-05	-0.022713	-0.00012678	-0.00010857	-2.02100000000001e-05	0.0582879999999999	-0.0460228486	0.028498854	-0.0040589197	-0.0213660101	0.0416059582	-0.0517492091	0.0493342563	-0.0349471469	0.0120792627	0.0137199483	-0.0361896802	0.0498771065	-0.0514606403	0.0405559987	-0.0198094581	-0.0057443291	0.0299041152	-0.0468069407	0.0523509242	-0.0451906832	0.0270638244	0.0425656098	-0.0325448677	0.040272477	0.031174392	0.0599230146	-0.0387931062	0.0362241501	-0.0394677915	-0.0390963082	-0.0188121464	-1.77288209404248	0.184150431347268	0.448081059024295	0.592443852028073
0.286023	0.21321	0.278506	0.00890479	-0.00423479	0.00290634	0.00970999999999999	7.09999999999877e-05	0.043007	0.000427899999999998	-0.000656760000000001	1.25199999999998e-05	0.107647	-0.0461301902	0.0288765622	-0.0047336909	-0.0205385235	0.0409107473	-0.0515226647	0.0498425313	-0.0362711858	0.0140464202	0.0115294786	-0.0343547251	0.0489837722	-0.0519264863	0.0424808075	-0.0229002443	-0.0021437585	0.0266763128	-0.0448445497	0.0523139709	-0.047302555	0.0310059033	0.0103883606	0.0457497335	0.0039319136	0.0365254742	0.0364400893	-0.0095261307	-0.0043202442	0.0632180381	-0.0369729288	0.0123874494	-0.436639475889122	0.263255732775485	0.448081059024295	0.592443852028073
0.272979	0.213225	0.287806	0.00877186	-0.00389745	0.0026973	-0.0130440000000001	1.5000000000015e-05	0.00930000000000003	-0.000132930000000002	0.000337340000000001	-0.00020904	0.0563245	-0.046236675	0.0292521253	-0.005407671	-0.0197049341	0.0401965428	-0.0512616758	0.0503054532	-0.0375521182	0.0159924506	0.0093176004	-0.0324425845	0.0479594708	-0.0522294002	0.0442510332	-0.0258953737	0.0014670001	0.0233053991	-0.0426124582	0.0519264863	-0.0490632542	0.0346942175	-0.0404288142	0.0133520348	-0.0355712525	0.0271642684	0.0472200758	0.0586937108	-0.0420535991	0.0205837841	-0.028055942	0.0229186928	0.074166280780127	0.308964428466293	0.448081059024295	0.592443852028073
0.270285	0.20222	0.291607	0.00947228	-0.00377111	0.0028811	-0.00269399999999997	-0.011005	0.003801	0.000700420000000002	0.00012634	0.0001838	0.068028	-0.0463423012	0.0296255153	-0.0060807472	-0.0188654898	0.0394636764	-0.0509664168	0.0507226006	-0.0387884217	0.0179144269	0.0070884207	-0.0304575546	0.0468069407	-0.0523684314	0.0458602343	-0.0287823352	0.0050707869	0.0198094581	-0.0401240904	0.0511910666	-0.0504597097	0.0380985803	-0.0198315029	0.0131837989	-0.033447503	-0.0351734358	0.1016131502	0.0306182586	0.0137433496	-0.0130099932	-0.0031648471	0.0067281984	0.640752172751545	0.289168897278446	0.448081059024295	0.592443852028073
0.280263	0.186929	0.340007	0.00876461	-0.00442054	0.00289966	0.00997799999999999	-0.015291	0.0484	-0.000707669999999999	-0.00064943	1.85599999999999e-05	0.142452	-0.0464470668	0.0299967047	-0.006752807	-0.0180204398	0.0387124883	-0.050637085	0.051093594	-0.0399786271	0.0198094581	0.0048460789	-0.0284040951	0.0455292636	-0.0523431439	0.047302555	-0.0315490697	0.0086504753	0.0162072446	-0.0373944116	0.0501126395	-0.0514815542	0.0411911291	0.0043058842	0.0303762846	0.0046746392	-0.062286217	0.0707643735	0.0033701318	0.0397644623	-0.0090266013	0.0559340378	0.0051635059	0.860417233318224	0.257104848697029	0.448081059024295	0.592443852028073
0.279747	0.16115	0.381303	0.00873697	-0.00472095	0.00287811	-0.000516000000000016	-0.025779	0.041296	-2.76400000000006e-05	-0.00030041	-2.155e-05	0.085071	-0.0465509697	0.0303656657	-0.0074237382	-0.0171700353	0.0379433273	-0.0502739006	0.0514180959	-0.0411213197	0.021674694	0.0025947387	-0.0262868196	0.0441298556	-0.0521536168	0.0485727468	-0.0341840202	0.0121890533	0.0125180835	-0.0344398384	0.0486984311	-0.0521212014	0.0439465533	0.0173968563	0.045985738	0.015980639	-0.064925944	-0.0156876157	0.0012497327	0.0282081898	0.0322517508	0.0451512904	0.0564315468	0.863399230573352	0.215762660732649	0.448081059024295	0.592443852028073
0.273573	0.169966	0.373371	0.00929848	-0.00483165	0.00290684	-0.00617399999999996	0.00881600000000002	-0.00793199999999999	0.000561509999999999	-0.0001107	2.87299999999998e-05	0.057969	-0.0466540082	0.030732371	-0.0080934286	-0.016314529	0.0371565505	-0.0498771065	0.0516958108	-0.0422151417	0.0235073292	0.0003385804	-0.024110485	0.0426124582	-0.0518004449	0.0496661877	-0.0366761804	0.015669704	0.0087617663	-0.03127814	0.0469579174	-0.0523739028	0.0463423012	0.0253617009	0.0546972345	0.0139909385	-0.0451205427	0.008637961	-0.0172921702	0.0597892385	0.0380737814	0.047619183	0.0032371194	0.843332513865777	0.231205540408175	0.448081059024295	0.592443852028073
0.27297	0.189635	0.381069	0.00949484	-0.0052139	0.00291524	-0.00060300000000002	0.019669	0.00769799999999998	0.00019636	-0.00038225	8.39999999999999e-06	0.0573205	-0.0467561802	0.0310967934	-0.0087617663	-0.015454175	0.036352523	-0.0494469678	0.0519264863	-0.0432587929	0.025304607	-0.0019182066	-0.0218799809	0.0409811285	-0.0512847364	0.0505788988	-0.03901514	0.0190758861	0.0049584444	-0.0279283311	0.0449027607	-0.0522377823	0.0483587652	-0.0159998896	0.0593578387	0.0089901278	-0.0245156593	0.0294438278	0.0094798656	0.0485894979	0.0343876357	0.0656606863	-0.0270243385	-1.07059859610099	0.237685929486392	0.448081059024295	0.592443852028073
0.269793	0.177638	0.417928	0.00936039	-0.00556421	0.00319522	-0.00317699999999998	-0.011997	0.036859	-0.00013445	-0.00035031	0.00027998	0.09027	-0.0468574839	0.0314589057	-0.0094286395	-0.0145892291	0.0355316183	-0.0489837722	0.0521099123	-0.0442510332	0.0270638244	-0.0041714317	-0.0196003187	0.0392402281	-0.0506081094	0.0513075588	-0.0411911291	0.0223914121	0.0011285219	-0.024410558	0.0425467316	-0.0517138504	0.0499794418	0.0146303576	0.0119564996	0.0387626467	-0.043270132	-0.0540589251	-0.0235768969	0.0405585622	0.009403457	0.0387099779	0.0315890825	0.206709003923895	0.241866630608711	0.448081059024295	0.592443852028073
0.289482	0.170787	0.425965	0.00970318	-0.00597215	0.00331596	0.019689	-0.00685100000000002	0.00803700000000002	0.000342790000000001	-0.00040794	0.00012074	0.0781505	-0.0469579174	0.0318186811	-0.0100939368	-0.0137199483	0.0346942175	-0.0484878293	0.0522459219	-0.0451906832	0.0287823352	-0.0064169112	-0.01727662	0.0373944116	-0.049772687	0.0518495163	-0.0431950583	0.0256005252	-0.0027074549	-0.0207459769	0.0399056168	-0.0508059967	0.0511910666	0.0386378291	-0.0594539741	-0.0088426174	-0.018627902	-0.1073110086	-0.0255021243	0.0327374309	-0.0054399459	-0.0683602312	0.0454574676	-2.36376036069831	0.217270691022961	0.448081059024295	-1.68540061352814
0.305534	0.192345	0.402721	0.00953807	-0.00567674	0.00331596	0.016052	0.021558	-0.023244	-0.000165110000000001	0.000295409999999999	0	0.08388	-0.0470574788	0.0321760928	-0.010757547	-0.0128465907	0.0338407093	-0.0479594708	0.0523343914	-0.0460766263	0.0304575546	-0.0086504753	-0.0149141057	0.0354486142	-0.0487810905	0.0522027989	-0.045018557	0.0286879745	-0.0065289069	-0.0169566271	0.0369971132	-0.0495209612	0.0519837232	0.0513007096	-0.0292960547	-0.0609685826	-0.0387785341	0.0121211805	-0.0477785816	0.0256307554	-0.0087220266	-0.0061415649	0.0556999638	0.0782667361417	-0.001514724719605	0.448081059024295	-1.68540061352814
0.306563	0.190032	0.408036	0.00912998	-0.00588596	0.00331596	0.001029	-0.00231300000000001	0.00531500000000001	-0.00040809	-0.00020922	0	0.0395225	-0.0471561663	0.0325311144	-0.0114193591	-0.011969416	0.0329714899	-0.0473990497	0.0523752403	-0.0469078096	0.0320869629	-0.0108679768	-0.0125180835	0.0334080384	-0.0476364314	0.0523661213	-0.0466540082	0.0316390872	-0.0103153331	-0.0130652981	0.0338407093	-0.0478682839	0.0523509242	0.0057709013	0.0471851138	-0.0049582786	-0.0546610818	-0.0142254578	-0.0213304354	0.0217888868	0.0470335728	0.0810935587	0.0057397543	0.507357848745876	-0.889613573062146	0.448081059024295	-1.68540061352814
0.299667	0.170525	0.408182	0.00896359	-0.00560579	0.00331596	-0.00689600000000001	-0.019507	0.000145999999999979	-0.000166389999999999	0.00028017	0	0.0488769999999999	-0.0472539781	0.0328837193	-0.0120792627	-0.0110886847	0.0320869629	-0.0468069407	0.0523684314	-0.0476832451	0.0336681095	-0.0130652981	-0.0100939368	0.03127814	-0.0463423012	0.0523388891	-0.0480945804	0.0344398384	-0.0140464202	-0.0090953929	0.0304575546	-0.0458602343	0.0522896643	-0.0001439501	-0.0081207206	0.0189237775	0.0059203403	-0.0781265811	-0.0074674801	0.0529430094	-0.0005245134	-0.0237309338	0.0698325137	0.945538001983203	-1.10393524503419	0.448081059024295	0.592443852028073
0.31762	0.179452	0.407937	0.00952507	-0.0059724	0.00331596	0.0179529999999999	0.00892699999999999	-0.000244999999999995	0.00056148	-0.000366609999999999	0	0.0735295	-0.0473509122	0.0332338815	-0.0127371473	-0.0102046586	0.0311875391	-0.0461835398	0.0523139709	-0.0484020114	0.0351986159	-0.015238359	-0.0076471118	0.0290646136	-0.0449027607	0.0521212014	-0.0493342563	0.0370769179	-0.017702152	-0.0050707869	0.0268703181	-0.0435117199	0.0518004449	0.0607909797	-0.0435129121	-0.0928810841	-0.0274491173	-0.0311273353	-0.032656762	-0.0306828761	-0.0065322162	-0.0373972258	0.0508564965	0.506044476100312	-1.15372985590042	0.448081059024295	-1.68540061352814
0.332537	0.179958	0.454323	0.0095936	-0.00662323	0.00331596	0.014917	0.000505999999999979	0.046386	6.85300000000007e-05	-0.000650830000000001	0	0.097777	-0.047446967	0.0335815749	-0.013392903	-0.0093176004	0.0302736359	-0.0455292636	0.0522119084	-0.0490632542	0.0366761804	-0.0173831246	-0.0051831058	0.0267733776	-0.0433223267	0.0517138504	-0.0503678575	0.0395377932	-0.0212629165	-0.0010156846	0.0231030362	-0.0408401761	0.0508872699	0.0078830003	0.0281123879	-0.0372168041	-0.0495729185	-0.0160564832	-0.0176814239	-0.0139706218	0.0107869279	0.0415632287	0.0320122151	0.729194017469318	-1.06338308825477	0.448081059024295	0.592443852028073
0.338407	0.15806	0.46802	0.00977166	-0.00644072	0.00331596	0.00587000000000004	-0.021898	0.013697	0.000178059999999999	0.00018251	0	0.0594935	-0.0475421407	0.0339267737	-0.0140464202	-0.0084277735	0.0293456776	-0.0448445497	0.0520623368	-0.0496661877	0.0380985803	-0.0194956122	-0.0027074549	0.024410558	-0.0416059582	0.0511183183	-0.0511910666	0.0418107693	-0.024709611	0.0030455261	0.0191809517	-0.0378654364	0.0495576132	-0.0511399685	0.0310510552	-0.001916278	-0.0528565646	-0.0583793751	0.0526533011	0.0070318581	0.0357265225	0.0445780579	0.0398213292	0.213963784416385	-1.05769652029484	0.448081059024295	0.592443852028073
0.347032	0.158281	0.481805	0.0105743	-0.00718513	0.00347768	0.00862499999999999	0.000221000000000027	0.013785	0.00080264	-0.00074441	0.00016172	0.1080695	-0.0476364314	0.0342694522	-0.0146975897	-0.0075354425	0.0284040951	-0.0441298556	0.051865392	-0.0502100954	0.0394636764	-0.0215718994	-0.0002257211	0.0219824722	-0.0397590408	0.0503367722	-0.0518004449	0.043885044	-0.028023745	0.0070884207	0.0151303447	-0.034609585	0.0478223571	-0.010996047	0.0049039486	0.0161190477	-0.0839083506	-0.0511288116	0.0151066984	0.0810994215	-0.0167095579	0.0049174704	0.0396768617	0.772948288209871	-0.371363859057713	0.448081059024295	0.592443852028073
0.345182	0.192073	0.478941	0.00979306	-0.00714937	0.00345576	-0.00185000000000002	0.033792	-0.00286400000000003	-0.000781240000000001	3.57599999999993e-05	-2.19199999999999e-05	0.080452	-0.0477298374	0.034609585	-0.0153463027	-0.0066408724	0.0274493255	-0.0433856593	0.0516212534	-0.0506943307	0.0407694154	-0.0236081307	0.0022565198	0.0194956122	-0.0377873696	0.0493720561	-0.0521934471	0.0457507597	-0.0311875391	0.0110886847	0.0109783563	-0.0310967934	0.0456957037	0.0226279755	0.0250815729	0.0490923233	-0.0257064585	-0.0763111651	-0.046033852	0.0367319924	0.0307700202	0.0290763318	-0.0272093914	0.670996830342999	-0.517054181144058	0.448081059024295	0.592443852028073
0.361844	0.15101	0.490285	0.0102953	-0.00730682	0.00331596	0.016662	-0.041063	0.011344	0.000502239999999999	-0.00015745	-0.0001398	0.1090435	-0.0478223571	0.0349471469	-0.0159924506	-0.0057443291	0.0264818121	-0.0426124582	0.0513301431	-0.0511183183	0.0420138333	-0.0256005252	0.0047336909	0.0169566271	-0.0356971313	0.0482276804	-0.0523684314	0.0473990497	-0.0341840202	0.0150222601	0.006752807	-0.0273531403	0.0431950583	-0.0392527774	0.052473948	-0.0537848881	-0.0106183127	-0.0666349994	0.04147397	-0.0251037561	0.051607746	0.0218912785	0.0251054402	1.09900127347801	-0.139711477033078	0.448081059024295	0.592443852028073
0.376056	0.18332	0.456223	0.0101695	-0.00735643	0.00331596	0.014212	0.03231	-0.0340620000000001	-0.000125799999999999	-4.96099999999977e-05	0	0.0893545	-0.0479139886	0.0352821126	-0.0166359256	-0.0048460789	0.0255020041	-0.0418107693	0.050992326	-0.0514815542	0.0431950583	-0.0275453833	0.0072002268	0.0143723053	-0.0334948844	0.0469078096	-0.052324667	0.0488220806	-0.0369971132	0.0188654898	0.0024820104	-0.0234064185	0.0403408874	-0.0377981767	0.0164657573	-0.0090254017	-0.0653161271	-0.0479719722	0.0323841953	0.0529631507	-0.014586362	0.0350115141	-0.0037626995	1.44632420325959	0.325265530888761	0.448081059024295	0.592443852028073
0.384304	0.178573	0.510493	0.0102624	-0.00719589	0.00331596	0.00824799999999998	-0.004747	0.05427	9.28999999999999e-05	0.000160539999999998	0	0.079937	-0.0480047303	0.0356144575	-0.01727662	-0.0039463888	0.0245103563	-0.0409811285	0.0506081094	-0.0517836067	0.044311314	-0.0294390937	0.0096505858	0.0117495564	-0.0311875391	0.0454172463	-0.0520623368	0.0500130897	-0.0396117264	0.0225952602	-0.001805417	-0.0192859283	0.0371565505	0.0274927383	-0.0079257498	0.0165034288	-0.0064479672	-0.0698408477	-0.0466957652	0.0124963735	-0.0213350838	0.0336056559	-0.0233625431	0.73955432474602	0.25575696578742	0.448081059024295	0.592443852028073
0.383308	0.149551	0.528304	0.0103166	-0.00746398	0.00336963	-0.000995999999999997	-0.0290220000000001	0.017811	5.42000000000008e-05	-0.00026809	5.367e-05	0.0666270000000001	-0.0480945804	0.0359441567	-0.0179144269	-0.0030455261	0.0235073292	-0.0401240904	0.050177843	-0.0520241169	0.0453609212	-0.03127814	0.0120792627	0.0090953929	-0.0287823352	0.0437614146	-0.0515825363	0.0509664168	-0.0420138333	0.02618914	-0.0060807472	-0.0150222601	0.0336681095	0.0190737428	0.0403538905	-0.0426787571	-0.022109893	-0.1518400146	0.0029242857	0.0084022505	0.0831591276	-0.0289702601	0.0672095857	0.769910521415653	0.057471097014614	0.448081059024295	0.592443852028073
0.371066	0.166814	0.531136	0.0102624	-0.00726311	0.00331596	-0.012242	0.0172630000000001	0.00283199999999995	-5.42000000000008e-05	0.000200870000000001	-5.367e-05	0.0477740000000001	-0.0481835374	0.0362711858	-0.0185492395	-0.0021437585	0.0224933884	-0.0392402281	0.0497019183	-0.0522027989	0.0463423012	-0.0330591074	0.0144808008	0.0064169112	-0.0262868196	0.0419463399	-0.0508872699	0.0516775313	-0.044190547	0.0296255153	-0.0103153331	-0.0106470671	0.0299041152	-0.075701933	0.0150652936	-0.0538377381	-0.0078035708	-0.0880623892	0.0519064507	-0.0272421204	0.0131331619	0.0292419142	-0.0318841704	0.968343839603171	0.354192849332379	0.448081059024295	0.592443852028073
0.369282	0.184666	0.527649	0.00986223	-0.00693596	0.00331596	-0.00178400000000001	0.017852	-0.00348700000000002	-0.00040017	0.000327149999999999	0	0.059489	-0.0482715996	0.0365955205	-0.0191809517	-0.0012413539	0.0214690046	-0.0383301323	0.0491807684	-0.0523194405	0.0472539781	-0.0347786889	0.0168498047	0.0037212726	-0.0237088227	0.0399786271	-0.0499794418	0.0521430537	-0.0461301902	0.0328837193	-0.0144808008	-0.0061928308	0.0258953737	-0.0519145814	-0.0201404922	-0.0477681935	-0.0922685576	-0.0879691748	0.0419994982	0.0414092323	-0.0116023282	0.0244240617	0.0577618712	1.04875263991046	-0.415348009277376	0.448081059024295	0.592443852028073
0.340756	0.153223	0.310287	0.011721	-0.00529314	0.00331596	-0.028526	-0.031443	-0.217362	0.00185877	0.00164282	0	0.4524105	-0.0483587652	0.0369171367	-0.0198094581	-0.0003385804	0.0204346535	-0.0373944116	0.0486148674	-0.0523739028	0.0480945804	-0.0364336915	0.0191809517	0.0010156846	-0.0210564335	0.0378654364	-0.048862844	0.0523607718	-0.0478223571	0.0359441567	-0.0185492395	-0.0016926191	0.021674694	0.0222651524	0.0102513858	0.1148704437	0.0535172856	0.1526438226	-0.027584611	0.0712151617	-0.0192938576	-0.000254157	-0.0965415495	0.644901705307517	-0.476304946535169	0.448081059024295	0.592443852028073
0.325084	0.217262	0.311746	0.0114668	-0.00428634	0.00375177	-0.015672	0.064039	0.00145900000000004	-0.0002542	0.0010068	0.00043581	0.1660105	-0.0484450328	0.0372360105	-0.0204346535	0.0005642937	0.0193908153	-0.0364336915	0.0480047303	-0.0523661213	0.048862844	-0.0380210421	0.0214690046	-0.0016926191	-0.0183379745	0.0356144575	-0.0475421407	0.0523296507	-0.0492579697	0.0387884217	-0.0224933884	0.0028201586	0.01727662	0.0275185493	-0.0085255689	0.0479803409	0.1229258916	0.0667934688	-0.0161823636	-0.0135881538	0.0271370855	-0.0727284278	-0.0377086659	0.54449450597804	-0.24607080113778	0.448081059024295	0.592443852028073
0.344304	0.206726	0.366364	0.0118721	-0.00488159	0.00420014	0.01922	-0.010536	0.0546179999999999	0.000405300000000001	-0.00059525	0.00044837	0.15682	-0.0485304007	0.0375521182	-0.0210564335	0.0014670001	0.0183379745	-0.0354486142	0.0473509122	-0.0522961052	0.0495576132	-0.0395377932	0.0237088227	-0.0043963972	-0.0155619757	0.0332338815	-0.0460228486	0.0520498384	-0.0504293264	0.0413994086	-0.0262868196	0.0073119995	0.0127371473	0.0168631333	-0.0868504966	-0.0828557683	0.0224208898	0.0381611561	-0.0298350731	-0.1713306175	-0.082331718	0.0625576343	0.0346844814	1.17461445111897	0.00910900571391	0.448081059024295	0.592443852028073
0.334268	0.198901	0.421677	0.0115415	-0.00515221	0.0041934	-0.010036	-0.00782500000000003	0.0553130000000001	-0.000330599999999999	-0.00027062	-6.73999999999987e-06	0.103572	-0.0486148674	0.0378654364	-0.021674694	0.0023692706	0.01727662	-0.0344398384	0.0466540082	-0.0521639377	0.050177843	-0.0409811285	0.0258953737	-0.0070884207	-0.0127371473	0.030732371	-0.044311314	0.0515226647	-0.0513301431	0.0437614146	-0.0299041152	0.0117495564	0.0080934286	0.0332901555	-0.0147281246	-0.0197023395	-0.0441890731	0.0921337765	-0.0354355714	-0.0133954345	-0.0226618187	0.03576078	0.043326934	0.879024461187821	0.514407660237588	0.448081059024295	0.592443852028073
0.356583	0.159891	0.431228	0.0118135	-0.00591442	0.00408474	0.022315	-0.03901	0.00955099999999998	0.000272	-0.00076221	-0.00010866	0.1280195	-0.0486984311	0.0381759417	-0.0222893319	0.0032708371	0.0162072446	-0.0334080384	0.0459146523	-0.0519697758	0.0507226006	-0.0423483678	0.028023745	-0.0097614921	-0.009872353	0.0281190288	-0.0424146861	0.050750635	-0.0519555872	0.0458602343	-0.0333210373	0.016099885	0.0033834701	0.0041160916	0.0359213309	0.0554582888	-0.0397209555	-0.0073398643	-0.0078584089	0.0344963636	0.0372670915	0.022266117	0.0046411942	0.753304304608596	0.500587958935857	0.448081059024295	0.592443852028073
0.369911	0.19901	0.384503	0.0113614	-0.00569089	0.00395345	0.013328	0.039119	-0.046725	-0.000452100000000002	0.00022353	-0.00013129	0.139518	-0.0487810905	0.0384836111	-0.0229002443	0.0041714317	0.0151303447	-0.032353904	0.0451335173	-0.0517138504	0.0511910666	-0.0436369724	0.0300891549	-0.0124084642	-0.0069765817	0.0254033645	-0.0403408874	0.0497374181	-0.0523023033	0.0476832451	-0.0365146908	0.0203306886	-0.0013541801	0.0363644693	0.0002259683	0.0457568034	0.0459510616	0.0175006689	-0.0190061869	-0.0073871833	-0.020497365	-0.0267525712	-0.0978740772	1.33852642460994	0.670365208698169	0.448081059024295	0.592443852028073
0.371444	0.199206	0.39546	0.0121157	-0.00532416	0.003981	0.00153300000000001	0.000196000000000002	0.0109569999999999	0.000754300000000003	0.00036673	2.75500000000003e-05	0.070115	-0.048862844	0.0387884217	-0.0235073292	0.0050707869	0.0140464202	-0.03127814	0.044311314	-0.0513964655	0.0515825363	-0.0448445497	0.0320869629	-0.0150222601	-0.0040589197	0.0225952602	-0.0380985803	0.0484878293	-0.0523684314	0.0492194833	-0.0394636764	0.024410558	-0.0060807472	0.019116672	0.0081539585	-0.0730355589	0.0317462052	0.0761582281	-0.0285518922	-0.0953183486	0.0205854111	0.0341766907	-0.0073307325	1.05462461468122	-0.078516646880242	0.448081059024295	0.592443852028073
0.365746	0.167487	0.40636	0.0115015	-0.00539161	0.0037512	-0.00569799999999998	-0.031719	0.0109	-0.000614200000000002	-6.74500000000001e-05	-0.0002298	0.0938895	-0.04894369	0.039090351	-0.024110485	0.0059686353	0.0129559745	-0.0301814655	0.0434487905	-0.0510179984	0.051896421	-0.0459688572	0.0340126806	-0.0175958911	-0.0011285219	0.0197049341	-0.0356971313	0.0470078072	-0.0521536168	0.0504597097	-0.0421482344	0.0283092043	-0.010757547	-0.0172170975	0.0065608386	0.0438177911	-0.0079985624	0.0225324379	0.0304252886	0.028988586	0.0189009314	-0.0172784184	0.0218102235	1.12734279554803	-0.453703851709824	0.448081059024295	0.592443852028073
0.387532	0.176201	0.371884	0.0118623	-0.00571196	0.00413917	0.021786	0.008714	-0.034476	0.0003608	-0.00032035	0.00038797	0.118432	-0.049023627	0.0393893764	-0.024709611	0.0068647103	0.0118595137	-0.0290646136	0.0425467316	-0.0505788988	0.0521322486	-0.0470078072	0.0358619813	-0.0201224762	0.001805417	0.016742904	-0.0331465714	0.0453043854	-0.0516590118	0.0513964655	-0.0445503769	0.0319976841	-0.0153463027	0.0429944091	-0.0288639833	0.0020866159	0.0658190044	0.0169899142	-0.0605351555	-0.046942354	-0.0352818541	0.0051401161	-0.0501431361	0.629734900304366	-0.489255649331576	-2.22840312389761	0.592443852028073
0.395556	0.19884	0.406511	0.011249	-0.00578269	0.00413917	0.00802399999999998	0.022639	0.034627	-0.000613299999999999	-7.07299999999998e-05	0	0.0994915	-0.0491026536	0.0396854757	-0.025304607	0.0077587455	0.010757547	-0.0279283311	0.0416059582	-0.0500796887	0.0522896643	-0.0479594708	0.0376307102	-0.0225952602	0.0047336909	0.0137199483	-0.0304575546	0.0433856593	-0.0508872699	0.0520241169	-0.0466540082	0.0354486142	-0.0198094581	-0.0183811793	0.0016325524	0.008719295	0.0621651608	0.0076216274	0.0338601522	-0.0247803686	0.0111829238	-0.0602790831	-0.0258909347	0.893591743645757	-0.302483573329591	0.448081059024295	0.592443852028073
0.38373	0.198912	0.396801	0.0114725	-0.00541059	0.00413917	-0.011826	7.1999999999961e-05	-0.00970999999999999	0.0002235	0.0003721	0	0.051388	-0.0491807684	0.0399786271	-0.0258953737	0.0086504753	0.0096505858	-0.0267733776	0.0406273263	-0.0495209612	0.0523684314	-0.0488220806	0.0393148935	-0.0250076315	0.0076471118	0.0106470671	-0.0276413132	0.0412607473	-0.0498425313	0.0523388891	-0.0484450328	0.0386363752	-0.024110485	0.0113300663	-0.0167994126	-0.0139423685	0.052587702	0.0069836985	-0.0012180762	-0.0663281246	0.007660033	-0.0462642682	-0.0253129676	1.20205083356956	0.579928780983952	0.448081059024295	0.592443852028073
0.368368	0.198921	0.416105	0.0115507	-0.00551674	0.00413917	-0.015362	9.00000000003676e-06	0.019304	7.82000000000005e-05	-0.00010615	0	0.0438925	-0.0492579697	0.0402688086	-0.0264818121	0.0095396348	0.0085391442	-0.0256005252	0.0396117264	-0.0489033805	0.0523684314	-0.049594035	0.0409107473	-0.0273531403	0.0105365379	0.0075354425	-0.024709611	0.0389397479	-0.0485304007	0.0523388891	-0.04991145	0.0415373011	-0.028214182	-0.0661070502	-0.0082611175	-0.0182810115	0.0305934069	0.0084098871	0.0689932559	-0.0198080261	-0.0171122945	-0.0314768917	-0.0045638093	0.56560801693433	0.512151412544053	0.448081059024295	0.592443852028073
0.358104	0.21896	0.422837	0.0116426	-0.00538809	0.00413917	-0.010264	0.020039	0.00673199999999996	9.18999999999989e-05	0.00012865	0	0.0480625	-0.0493342563	0.0405559987	-0.0270638244	0.0104259597	0.0074237382	-0.024410558	0.0385600826	-0.0482276804	0.0522896643	-0.0502739006	0.0424146861	-0.0296255153	0.013392903	0.0043963972	-0.021674694	0.0364336915	-0.0469579174	0.0520241169	-0.051043434	0.0441298556	-0.0320869629	0.0176624997	-0.0153426721	-0.0213330286	0.0079094079	0.0441251899	-0.0060578792	-0.0164519781	-0.0326044303	-0.016125992	-0.0213644424	0.740165280046748	0.047371014222418	0.448081059024295	0.592443852028073
0.35483	0.186718	0.461168	0.0117493	-0.0057873	0.00396498	-0.00327399999999994	-0.032242	0.0383310000000001	0.0001067	-0.00039921	-0.00017419	0.107852	-0.0494096266	0.0408401761	-0.0276413132	0.0113091867	0.0063048856	-0.0232042715	0.0374733519	-0.0474946641	0.0521322486	-0.050860415	0.043823331	-0.0318186811	0.0162072446	0.0012413539	-0.0185492395	0.0337544877	-0.0451335173	0.0513964655	-0.0518333998	0.0463947917	-0.0356971313	-0.0450862282	0.0096315234	0.0095194758	-0.0155849083	0.0102160116	0.0422986456	-0.0012496604	0.0065917288	0.0329277338	0.0248538305	-0.186754575175885	-0.411950415772588	0.448081059024295	0.592443852028073
0.340747	0.176215	0.429337	0.0116348	-0.00551919	0.00385318	-0.0140830000000001	-0.010503	-0.031831	-0.000114499999999998	0.00026811	-0.0001118	0.0811374999999999	-0.0494840794	0.0411213197	-0.028214182	0.0121890533	0.0051831058	-0.0219824722	0.036352523	-0.0467052026	0.051896421	-0.051352489	0.0451335173	-0.0339267737	0.018970732	-0.0019182066	-0.0153463027	0.0309148693	-0.0430669878	0.0504597097	-0.0522760543	0.0483152946	-0.03901514	0.0201123178	-0.0822278307	0.0272862187	-0.0074371531	-0.0304049237	-0.0161431429	-0.0012942519	-0.0664207421	-0.048070678	0.0169333245	0.01371182155915	-0.372962038398403	0.448081059024295	0.592443852028073
0.3344	0.207247	0.420313	0.0111525	-0.00552859	0.00371124	-0.00634699999999999	0.031032	-0.00902399999999998	-0.0004823	-9.39999999999969e-06	-0.00014194	0.0780850000000001	-0.0495576132	0.0413994086	-0.0287823352	0.0130652981	0.0040589197	-0.0207459769	0.0351986159	-0.0458602343	0.0515825363	-0.0517492091	0.0463423012	-0.0359441567	0.021674694	-0.0050707869	-0.0120792627	0.0279283311	-0.0407694154	0.0492194833	-0.0523684314	0.0498771065	-0.0420138333	-0.0133871117	0.0482743746	0.0058128172	0.0202843327	0.0270978212	0.0351315136	0.0035452439	0.0463019043	0.0136749488	-0.0379564871	-0.341855798033759	-0.244521420106862	-2.22840312389761	-1.68540061352814
0.340172	0.168722	0.464083	0.0115763	-0.00582624	0.00386086	0.005772	-0.038525	0.04377	0.000423799999999998	-0.00029765	0.00014962	0.1316205	-0.0496302266	0.0416744222	-0.0293456776	0.0139376608	0.0029328492	-0.0194956122	0.0340126806	-0.0449607632	0.0511910666	-0.0520498384	0.047446967	-0.0378654364	0.0243106464	-0.0082049152	-0.0087617663	0.0248090665	-0.0382531258	0.0476832451	-0.0521099123	0.0510686325	-0.0446686685	-0.0156773281	-0.022951188	0.0423166118	0.0213881693	-0.0514077682	0.0139296221	-0.0047442639	-0.0216391122	-0.0297659673	0.0130361386	0.746890249917884	-0.094951844458707	0.448081059024295	0.592443852028073
0.340782	0.165576	0.440381	0.011873	-0.00586633	0.00373071	0.000610000000000055	-0.00314600000000001	-0.0237019999999999	0.0002967	-4.00900000000004e-05	-0.00013015	0.0508050000000001	-0.0497019183	0.0419463399	-0.0299041152	0.0148058821	0.001805417	-0.0182322141	0.0327957961	-0.0440078585	0.0507226006	-0.0522538189	0.0484450328	-0.0396854757	0.0268703181	-0.0113091867	-0.005407671	0.0215718994	-0.0355316183	0.0458602343	-0.051502229	0.051881027	-0.0469579174	0.0523320298	-0.0056549418	-0.0488123094	-0.0031855059	0.007462575	-0.0117429398	-0.0216121589	0.0085120178	-0.0474138638	-0.0194769834	0.335324157277269	-0.073793314727141	0.448081059024295	0.592443852028073
0.348076	0.188496	0.511078	0.0111131	-0.00584886	0.00377672	0.00729399999999997	0.02292	0.0706969999999999	-0.000759899999999999	1.74700000000003e-05	4.601e-05	0.14208	-0.049772687	0.0422151417	-0.0304575546	0.015669704	0.0006771467	-0.0169566271	0.0315490697	-0.0430026525	0.050177843	-0.0523607718	0.0493342563	-0.0413994086	0.0293456776	-0.0143723053	-0.0020309873	0.0182322141	-0.0326194932	0.0437614146	-0.0505494535	0.0523082586	-0.048862844	0.0146557051	0.0153176237	-0.0305215729	-0.0295367019	0.0191996068	-0.0279114618	-0.0112153676	-0.015301113	0.0328595453	-0.0212358532	-2.42333672852632	-0.047857540327684	0.448081059024295	0.592443852028073
0.355569	0.169172	0.479657	0.0115159	-0.00588649	0.00378012	0.00749300000000003	-0.019324	-0.031421	0.000402799999999998	-3.76300000000003e-05	3.40000000000019e-06	0.0804295000000001	-0.0498425313	0.0424808075	-0.0310059033	0.01652887	-0.0004514381	-0.015669704	0.0302736359	-0.0419463399	0.0495576132	-0.0523704984	0.0501126395	-0.0430026525	0.0317289578	-0.0173831246	0.0013541801	0.0148058821	-0.0295323731	0.0413994086	-0.0492579697	0.0523471556	-0.0503678575	-0.0332987643	0.0318209169	0.0380048172	-0.0111900226	-0.0520005066	0.020078979	0.0391952643	0.0394476063	-0.0125499612	0.0210918809	0.091442568599347	-0.457203992612892	0.448081059024295	0.592443852028073
0.353806	0.177461	0.432018	0.0110504	-0.00530596	0.0037956	-0.00176300000000001	0.00828900000000002	-0.0476389999999999	-0.000465500000000001	0.00058053	1.54799999999996e-05	0.1107665	-0.04991145	0.0427433176	-0.0315490697	0.0173831246	-0.0015798132	-0.0143723053	0.0289706552	-0.0408401761	0.048862844	-0.0522829807	0.0507784337	-0.0444909208	0.0340126806	-0.0203306886	0.0047336909	0.0113091867	-0.0262868196	0.0387884217	-0.0476364314	0.0519974292	-0.0514606403	0.0481864444	0.0007620186	-0.0125249998	0.0246410414	0.0149206578	-0.0306727185	-0.0199215519	-0.0169918613	-0.0285131596	-0.0586967261	-0.222194444181244	-0.91379815053605	0.448081059024295	0.592443852028073
0.355882	0.186112	0.464176	0.0112198	-0.00572785	0.00371565	0.00207600000000002	0.00865100000000002	0.032158	0.0001694	-0.000421889999999999	-7.99499999999996e-05	0.0764469999999999	-0.0499794418	0.0430026525	-0.0320869629	0.0182322141	-0.0027074549	-0.0130652981	0.0276413132	-0.0396854757	0.0480945804	-0.0520983812	0.0513301431	-0.0458602343	0.0361896802	-0.0232042715	0.0080934286	0.0077587455	-0.0229002443	0.0359441567	-0.0456957037	0.0512616758	-0.0521322486	-0.0283257205	0.0428966254	-0.0196184851	0.0110552618	0.0193161104	0.0220063059	-0.0112128978	0.0266294978	0.035315029	-0.0348704693	1.20806976107582	-0.935766895895519	0.448081059024295	0.592443852028073
0.347702	0.171402	0.473568	0.0114582	-0.00573963	0.00396774	-0.00818000000000002	-0.01471	0.00939200000000001	0.000238400000000003	-1.17800000000003e-05	0.00025209	0.0573955	-0.0500465054	0.0432587929	-0.0326194932	0.0190758861	-0.0038338396	-0.0117495564	0.0262868196	-0.0384836111	0.0472539781	-0.0518170426	0.051766528	-0.0471069319	0.0382531258	-0.0259934166	0.0114193591	0.0041714317	-0.0193908153	0.0328837193	-0.0434487905	0.0501453577	-0.0523771858	-0.0225023561	-0.04057111	0.0127582827	-0.0034049078	-0.0353117603	0.0172181162	0.033216147	-0.0544802777	-0.0378763732	0.036185587	1.0539090914947	-0.964203926412019	0.448081059024295	0.592443852028073
0.361101	0.188482	0.452104	0.0111883	-0.00606746	0.00393228	0.013399	0.01708	-0.021464	-0.0002699	-0.00032783	-3.54600000000002e-05	0.0836025	-0.0501126395	0.0435117199	-0.0331465714	0.0199138901	-0.0049584444	-0.0104259597	0.0249084068	-0.0372360105	0.0463423012	-0.0514394875	0.0520866082	-0.0482276804	0.0401965428	-0.0286879745	0.0146975897	0.0005642937	-0.0157773596	0.0296255153	-0.0409107473	0.0486567622	-0.0521934471	0.0509590245	0.0087310329	-0.0374602747	-0.0249158336	-0.0065233724	-0.0290485823	0.0210535476	0.0412904184	-0.0299377218	0.0602726852	-0.740270596813927	-0.077649103647054	0.448081059024295	0.592443852028073
0.334889	0.181875	0.465864	0.0112716	-0.0057596	0.00349976	-0.026212	-0.00660699999999997	0.01376	8.32999999999997e-05	0.00030786	-0.00043252	0.087763	-0.050177843	0.0437614146	-0.0336681095	0.0207459769	-0.0060807472	-0.0090953929	0.0235073292	-0.0359441567	0.0453609212	-0.0509664168	0.0522896643	-0.0492194833	0.0420138333	-0.03127814	0.0179144269	-0.0030455261	-0.0120792627	0.02618914	-0.0380985803	0.0468069407	-0.0515825363	-0.0477526743	0.0443753398	0.0087604389	0.0002588346	0.0028957008	0.0452386594	0.034726948	0.0183522304	0.0018503324	-0.0224234908	0.168962227934089	-0.033773633202373	0.448081059024295	0.592443852028073
0.358837	0.198905	0.45225	0.0112886	-0.00567687	0.00367894	0.023948	0.01703	-0.0136140000000001	1.69999999999997e-05	8.27300000000005e-05	0.00017918	0.0685375	-0.0502421146	0.0440078585	-0.0341840202	0.0215718994	-0.0072002268	-0.0077587455	0.0220848615	-0.034609585	0.044311314	-0.0503987089	0.0523752403	-0.0500796887	0.043699295	-0.0337544877	0.0210564335	-0.0066408724	-0.0083163637	0.0225952602	-0.0350311327	0.0446096262	-0.0505494535	-0.0063052817	-0.0370919457	0.0224923058	0.0305861519	-0.0028484506	-0.0054129981	0.0241223016	-0.0504106418	-0.0009812449	-0.0228786394	-2.70655564044889	-0.076869324218739	-2.22840312389761	0.592443852028073
0.384928	0.188617	0.42627	0.0111844	-0.00565167	0.00362349	0.026091	-0.010288	-0.02598	-0.000104200000000002	2.51999999999995e-05	-5.54499999999999e-05	0.0716014999999999	-0.0503054532	0.0442510332	-0.0346942175	0.0223914121	-0.0083163637	-0.0064169112	0.0206422981	-0.0332338815	0.0431950583	-0.0497374181	0.0523431439	-0.0508059967	0.0452476394	-0.0361080066	0.024110485	-0.0102046586	-0.0045088495	0.0188654898	-0.0317289578	0.0420811315	-0.0491026536	0.033251178	-0.0635451713	-0.0214848416	-0.0147965689	-0.0058604618	-0.0659031838	-0.0789534917	-0.042462889	0.058847899	0.0577509241	-2.58950932028429	0.096425796901272	-2.22840312389761	-1.68540061352814
0.399129	0.15369	0.411933	0.0113669	-0.00572421	0.00349527	0.014201	-0.034927	-0.014337	0.0001825	-7.25400000000003e-05	-0.00012822	0.082628	-0.0503678575	0.0444909208	-0.0351986159	0.0232042715	-0.0094286395	-0.0050707869	0.0191809517	-0.0318186811	0.0420138333	-0.0489837722	0.0521934471	-0.0513964655	0.0466540082	-0.0383301323	0.0270638244	-0.0137199483	-0.0006771467	0.0150222601	-0.028214182	0.0392402281	-0.0472539781	-0.0029540702	0.0486238069	0.0385773183	-0.0270499119	0.0108511816	0.0143447897	0.0340156425	0.0338819305	0.0484230972	-0.0099550547	-2.60515490678052	0.444509638631442	0.448081059024295	-1.68540061352814
0.425388	0.214342	0.416336	0.0113979	-0.0062819	0.0036905	0.026259	0.060652	0.00440299999999999	3.10000000000015e-05	-0.00055769	0.00019523	0.13051	-0.0504293264	0.0447275033	-0.0356971313	0.0240102362	-0.0105365379	-0.0037212726	0.017702152	-0.0303656657	0.0407694154	-0.0481391707	0.0519264863	-0.0518495163	0.0479139886	-0.0404127789	0.0299041152	-0.0171700353	0.003158189	0.0110886847	-0.0245103563	0.0361080066	-0.045018557	0.0224733245	-0.0059318029	0.009337672	0.0386127048	0.0274791494	-0.0153903811	0.0159377811	-0.0089967368	-0.0342482833	-0.0478523831	0.444120489524321	0.467255872857202	0.448081059024295	-1.68540061352814
0.424712	0.189364	0.425756	0.0113169	-0.00637352	0.00329485	-0.00067600000000001	-0.024978	0.00942000000000004	-8.10000000000012e-05	-9.16199999999997e-05	-0.00039565	0.0634875000000001	-0.0504898588	0.0449607632	-0.0361896802	0.0248090665	-0.0116395445	-0.0023692706	0.0162072446	-0.0288765622	0.0394636764	-0.0472051818	0.0515428613	-0.0521639377	0.049023627	-0.0423483678	0.0326194932	-0.0205385235	0.0069765817	0.0070884207	-0.0206422981	0.0327077205	-0.0424146861	0.0013148009	0.0290302659	-0.0278080846	0.0258562902	-0.0265020221	0.0042199258	-0.0028408459	0.0596937797	-0.0381822163	0.0514323483	-0.45447345909924	-0.421322878061307	0.448081059024295	-1.68540061352814
0.408343	0.167526	0.411465	0.0116539	-0.00649988	0.00338702	-0.016369	-0.021838	-0.0142910000000001	0.000337	-0.000126360000000001	9.21699999999999e-05	0.0802745	-0.0505494535	0.0451906832	-0.0366761804	0.0256005252	-0.0127371473	-0.0010156846	0.0146975897	-0.0273531403	0.0380985803	-0.0461835398	0.051043434	-0.0523388891	0.0499794418	-0.0441298556	0.0351986159	-0.0238094045	0.010757547	0.0030455261	-0.0166359256	0.0290646136	-0.0394636764	-0.0905526398	-0.0190200304	-0.0221040119	-0.0026336627	0.0111380494	0.0863358909	0.0203241255	-0.0193477182	-0.0013962367	-0.0170795595	0.799096952002879	-0.639245556081613	0.448081059024295	-1.68540061352814
0.421692	0.196462	0.442554	0.0115338	-0.00650713	0.00332523	0.0133490000000001	0.028936	0.031089	-0.000120100000000001	-7.24999999999944e-06	-6.17899999999999e-05	0.0828309999999999	-0.0506081094	0.0454172463	-0.0371565505	0.0263843771	-0.0138288366	0.0003385804	0.0131745611	-0.0257972105	0.0366761804	-0.0450761418	0.0504293264	-0.0523739028	0.0507784337	-0.0457507597	0.0376307102	-0.0269671338	0.0144808008	-0.0010156846	-0.0125180835	0.0252057321	-0.0361896802	-0.0515307604	-0.033186561	-0.0030405939	-0.0623012663	0.0346700573	0.0426630823	0.0695013128	-0.0011612943	-0.0031936827	0.0384266476	-2.77022716553225	-0.618839332004405	0.448081059024295	-1.68540061352814
0.409899	0.177666	0.440887	0.0114691	-0.00632116	0.0037608	-0.0117930000000001	-0.018796	-0.00166700000000003	-6.46999999999991e-05	0.00018597	0.00043557	0.066568	-0.0506658255	0.0456404355	-0.0376307102	0.0271603893	-0.0149141057	0.0016926191	0.0116395445	-0.0242106219	0.0351986159	-0.043885044	0.0497019183	-0.0522688852	0.0514180959	-0.0472051818	0.0399056168	-0.0299967047	0.018126369	-0.0050707869	-0.0083163637	0.0211597241	-0.0326194932	0.0276473794	0.0194880137	0.0659904706	-0.0651952586	0.0123868565	-0.0371482061	0.0268113895	-0.0041253978	0.0607691982	-0.0446523295	-1.05201785876246	-0.599445345678141	0.448081059024295	0.592443852028073
0.404585	0.189385	0.387594	0.0116074	-0.00564252	0.00345536	-0.00531399999999999	0.011719	-0.053293	0.000138300000000001	0.00067864	-0.00030544	0.126445	-0.0507226006	0.0458602343	-0.0380985803	0.0279283311	-0.0159924506	0.0030455261	0.0100939368	-0.0225952602	0.0336681095	-0.0426124582	0.048862844	-0.0520241169	0.051896421	-0.0484878293	0.0420138333	-0.0328837193	0.021674694	-0.0090953929	-0.0040589197	0.0169566271	-0.0287823352	-0.0023618211	0.0116262708	0.0551082492	0.0714054854	0.0380929225	-0.012365705	0.0195416598	-0.002250452	-0.0077290057	-0.036328461	-1.21502106761396	-0.220268195812051	0.448081059024295	-1.68540061352814
0.420972	0.216903	0.416965	0.0122855	-0.00567905	0.00372861	0.016387	0.027518	0.029371	0.000678099999999999	-3.65299999999999e-05	0.00027325	0.12267	-0.0507784337	0.0460766263	-0.0385600826	0.0286879745	-0.0170633708	0.0043963972	0.0085391442	-0.0209530451	0.0320869629	-0.0412607473	0.0479139886	-0.0516402525	0.0522119084	-0.049594035	0.0439465533	-0.0356144575	0.0251067401	-0.0130652981	0.0002257211	0.0126276447	-0.024709611	-0.0128411851	-0.1065487385	0.0036542578	-0.0160133573	0.0318176426	-0.0040016709	-0.0703701561	-0.1021612067	0.0134111466	0.0349047722	-1.56344237846791	0.328919598597519	0.448081059024295	-1.68540061352814
0.409555	0.196402	0.4509	0.0124404	-0.00631771	0.00340158	-0.011417	-0.020501	0.033935	0.000154899999999999	-0.00063866	-0.00032703	0.1218825	-0.0508333239	0.0462895956	-0.03901514	0.0294390937	-0.018126369	0.0057443291	0.0069765817	-0.0192859283	0.0304575546	-0.0398324213	0.0468574839	-0.0511183183	0.0523635681	-0.0505197734	0.0456957037	-0.0381759417	0.0284040951	-0.0169566271	0.0045088495	0.0082049152	-0.0204346535	0.0203419283	-0.0254253868	0.0139549921	-0.0502712194	0.0259617887	-0.0466060897	-0.0033560757	-0.0167735667	0.0333976218	0.0860143818	0.334220478098683	0.267562994583359	0.448081059024295	-1.68540061352814
0.396071	0.145041	0.415392	0.0120368	-0.00604163	0.00355365	-0.013484	-0.051361	-0.035508	-0.000403599999999999	0.00027608	0.00015207	0.1419405	-0.0508872699	0.0464991262	-0.0394636764	0.0301814655	-0.0191809517	0.0070884207	0.005407671	-0.0175958911	0.0287823352	-0.0383301323	0.0456957037	-0.0504597097	0.0523509242	-0.0512616758	0.0472539781	-0.0405559987	0.0315490697	-0.0207459769	0.0087617663	0.0037212726	-0.0159924506	-0.0038896245	0.0400084494	0.0616091412	-0.0386251996	0.02826958	0.0189560544	0.0528204145	0.0492127092	0.014090673	-0.0091601779	-2.08997877018051	0.179755676814626	0.448081059024295	0.592443852028073
0.4098	0.213285	0.455626	0.0124537	-0.00658657	0.00328133	0.013729	0.068244	0.040234	0.0004169	-0.00054494	-0.00027232	0.183915	-0.050940271	0.0467052026	-0.0399056168	0.0309148693	-0.0202266294	0.0084277735	0.0038338396	-0.015884942	0.0270638244	-0.0367566699	0.044431258	-0.0496661877	0.0521740164	-0.0518170426	0.0486148674	-0.0427433176	0.0345247919	-0.024410558	0.0129559745	-0.0007899965	-0.0114193591	0.0210018818	0.0133168132	0.0290908265	0.0070739563	0.0454003172	-0.0187520432	-0.0207059022	-0.0223507491	0.0130889444	-0.0822567036	1.02990811265203	0.118577197072256	0.448081059024295	0.592443852028073
0.41579	0.177927	0.496743	0.0126424	-0.00691998	0.00352466	0.00598999999999994	-0.035358	0.041117	0.0001887	-0.00033341	0.00024333	0.120737	-0.050992326	0.0469078096	-0.0403408874	0.0316390872	-0.0212629165	0.0097614921	0.0022565198	-0.0141551145	0.025304607	-0.0351149558	0.0430669878	-0.048739874	0.0518333998	-0.0521838529	0.049772687	-0.0447275033	0.0373152977	-0.0279283311	0.0170633708	-0.0052954007	-0.006752807	0.0095896141	0.0391678908	-0.0290424918	-0.0153025944	-0.015242367	-0.005857357	-0.0033184139	0.0544891036	0.0097777399	0.0321489094	-1.64813455822498	-0.108737917560202	0.448081059024295	-1.68540061352814
0.431918	0.183432	0.49363	0.0133569	-0.00683499	0.00322503	0.0161280000000001	0.00550499999999998	-0.00311300000000003	0.0007145	8.49900000000001e-05	-0.00029963	0.079702	-0.051043434	0.0471069319	-0.0407694154	0.032353904	-0.0222893319	0.0110886847	0.0006771467	-0.0124084642	0.0235073292	-0.0334080384	0.0416059582	-0.0476832451	0.0513301431	-0.0523607718	0.0507226006	-0.0464991262	0.0399056168	-0.03127814	0.0210564335	-0.0097614921	-0.0020309873	-0.0752779201	0.0072098988	0.0268756801	-0.0313867074	0.0209323768	0.0574025752	0.0483016627	-0.0417406327	0.0257600472	-0.0225600211	-1.50269373492824	-0.170474499354776	0.448081059024295	-1.68540061352814
0.413989	0.2009	0.510912	0.0129319	-0.00643567	0.00334826	-0.017929	0.017468	0.017282	-0.000425	0.00039932	0.00012323	0.1000565	-0.051093594	0.047302555	-0.0411911291	0.0330591074	-0.0233053991	0.0124084642	-0.0009028426	-0.0106470671	0.021674694	-0.0316390872	0.0400514517	-0.0464991262	0.0506658255	-0.0523471556	0.0514606403	-0.0480497669	0.0422818529	-0.0344398384	0.0249084068	-0.0141551145	0.0027074549	0.029274466	-0.0336003592	0.032667535	-0.0174661653	-0.0496731937	-0.0439276181	0.0041383293	-0.0213259701	-0.0192560892	0.0115301494	0.567305920551918	-0.202379154132237	-2.22840312389761	0.592443852028073
0.413384	0.191064	0.469299	0.0123828	-0.00586149	0.00318137	-0.000605000000000022	-0.00983599999999998	-0.0416130000000001	-0.0005491	0.000574180000000001	-0.00016689	0.1165625	-0.0511428052	0.0474946641	-0.0416059582	0.0337544877	-0.0243106464	0.0137199483	-0.0024820104	-0.0088730165	0.0198094581	-0.0298113868	0.0384069609	-0.0451906832	0.0498425313	-0.0521430537	0.0519837232	-0.0493720561	0.044431258	-0.0373944116	0.0285934806	-0.0184436498	0.0074237382	-0.0248800032	0.0537368626	0.021542431	-0.0003055896	-0.018529346	0.022062485	0.0272534539	0.0740976808	0.0113127845	-0.0218781669	0.634197021126937	0.132862071831973	-2.22840312389761	-1.68540061352814
0.417093	0.221405	0.465036	0.0123365	-0.00597645	0.00322253	0.00370900000000002	0.030341	-0.00426300000000002	-4.62999999999991e-05	-0.000114960000000001	4.11599999999997e-05	0.048434	-0.0511910666	0.0476832451	-0.0420138333	0.0344398384	-0.025304607	0.0150222601	-0.0040589197	-0.0070884207	0.0179144269	-0.0279283311	0.0366761804	-0.0437614146	0.048862844	-0.0517492091	0.0522896643	-0.0504597097	0.0463423012	-0.0401240904	0.0320869629	-0.0225952602	0.0120792627	0.046320683	-0.029364268	0.0003470269	0.0168578643	0.0288752115	-0.0373890798	-0.0102773455	-0.0357816606	-0.0364293549	-0.0551568025	0.938732723975777	0.10392896083456	-2.22840312389761	-1.68540061352814
0.418971	0.180687	0.490694	0.0127281	-0.00640125	0.00341464	0.00187799999999994	-0.040718	0.025658	0.000391600000000001	-0.0004248	0.00019211	0.1186795	-0.0512383773	0.0478682839	-0.0424146861	0.0351149558	-0.0262868196	0.016314529	-0.0056321357	-0.0052954007	0.0159924506	-0.0259934166	0.0348629988	-0.0422151417	0.0477298374	-0.0511670547	0.0523771858	-0.0513075588	0.0480047303	-0.0426124582	0.0353654455	-0.0265791242	0.0166359256	0.0117017378	0.0506442381	-0.0430716864	0.0152104683	-0.0243987271	-0.0161930192	-0.0399316126	0.0658581817	0.0204925405	0.0183191893	0.374919135792509	0.080827680415727	0.448081059024295	-1.68540061352814
0.415786	0.155124	0.497861	0.0127718	-0.00646556	0.00321397	-0.00318499999999999	-0.025563	0.00716699999999998	4.36999999999972e-05	-6.43100000000006e-05	-0.00020067	0.051349	-0.0512847364	0.0480497669	-0.0428084497	0.0357796393	-0.027256828	0.0175958911	-0.0072002268	-0.0034960873	0.0140464202	-0.0240102362	0.0329714899	-0.0405559987	0.0464470668	-0.0503987089	0.0522459219	-0.0519115742	0.0494096266	-0.0448445497	0.0384069609	-0.0303656657	0.0210564335	-0.0303034464	-0.0135228126	-0.0137065327	0.0171626784	-0.0609648189	0.0278197601	-0.0048178084	-0.0269989098	-0.0207026798	0.024398319	0.699081533685507	0.080383893751186	0.448081059024295	0.592443852028073
0.412837	0.199591	0.46901	0.01236	-0.00652757	0.00316971	-0.00294899999999998	0.044467	-0.0288509999999999	-0.000411799999999999	-6.20099999999995e-05	-4.426e-05	0.1021705	-0.0513301431	0.0482276804	-0.0431950583	0.0364336915	-0.028214182	0.0188654898	-0.0087617663	-0.0016926191	0.0120792627	-0.0219824722	0.0310059033	-0.0387884217	0.045018557	-0.0494469678	0.051896421	-0.0522688852	0.0505494535	-0.0468069407	0.0411911291	-0.0339267737	0.025304607	0.0039249146	0.0297890677	-0.0232306746	0.0324584859	0.0027700559	-0.013333979	-0.0262864353	0.0243472171	-0.0042473885	-0.0136055647	0.415090492494242	0.042681107932249	0.448081059024295	0.592443852028073
0.39084	0.150272	0.306849	0.0116548	-0.0050705	0.00372861	-0.021997	-0.0493190000000001	-0.162161	-0.000705200000000001	0.00145707	0.0005589	0.3695355	-0.0513745965	0.0484020114	-0.0435744473	0.0370769179	-0.0291584371	0.0201224762	-0.0103153331	0.0001128608	0.0100939368	-0.0199138901	0.0289706552	-0.0369171367	0.0434487905	-0.0483152946	0.0513301431	-0.0523777937	0.0514180959	-0.0484878293	0.043699295	-0.0372360105	0.0293456776	0.0046331611	-0.0077821691	0.0372921214	0.1290718153	0.0334120866	-0.0049107849	0.0092199802	0.0092749615	-0.0477167805	0.0019079393	0.337636083520234	-0.133969488107822	0.448081059024295	0.592443852028073
0.39509	0.234687	0.390323	0.0107393	-0.00562894	0.00330945	0.00424999999999998	0.084415	0.083474	-0.0009155	-0.00055844	-0.00041916	0.266794	-0.0514180959	0.0485727468	-0.0439465533	0.0377091275	-0.0300891549	0.0213660101	-0.0118595137	0.0019182066	0.0080934286	-0.0178083308	0.0268703181	-0.0349471469	0.0417426926	-0.0470078072	0.0505494535	-0.0522377823	0.0520108938	-0.0498771065	0.0459146523	-0.0402688086	0.0331465714	0.0002337171	0.0021482563	-0.0516448509	0.0569456013	-0.0138417647	0.0321180241	-0.0286274995	0.0291243971	-0.1030206001	0.0091923694	0.708209891843716	-0.144240837753109	0.448081059024295	0.592443852028073
0.384663	0.198436	0.403681	0.0115777	-0.00568391	0.00299346	-0.010427	-0.036251	0.013358	0.000838400000000001	-5.49700000000005e-05	-0.00031599	0.120504	-0.0514606403	0.048739874	-0.044311314	0.0383301323	-0.0310059033	0.0225952602	-0.013392903	0.0037212726	0.0060807472	-0.015669704	0.024709611	-0.0328837193	0.0399056168	-0.0455292636	0.0495576132	-0.0518495163	0.052324667	-0.0509664168	0.0478223571	-0.0430026525	0.0366761804	-0.006594953	-0.077487121	-0.0207576498	0.041615428	-0.0205053228	0.0039725312	-0.0383612329	-0.0515506622	-0.0446820468	0.0502562107	1.03240073220165	-0.111493446814536	0.448081059024295	0.592443852028073
0.399529	0.184576	0.411969	0.011817	-0.00638007	0.00324591	0.014866	-0.01386	0.00828799999999996	0.0002393	-0.000696159999999999	0.00025245	0.0964095	-0.051502229	0.0489033805	-0.0446686685	0.0389397479	-0.0319082567	0.0238094045	-0.0149141057	0.0055199161	0.0040589197	-0.0135019809	0.0224933884	-0.030732371	0.0379433273	-0.043885044	0.0483587652	-0.0512148408	0.0523577323	-0.0517492091	0.0494096266	-0.0454172463	0.0399056168	0.0112546709	0.0557370746	-0.0621362333	0.0055677597	0.0030192085	0.0133329823	-0.0056678323	0.0390552355	-0.0088775192	0.0057083129	0.063782829144703	-0.060966054546578	0.448081059024295	0.592443852028073
0.403015	0.198915	0.425945	0.011311	-0.00621049	0.00330404	0.00348599999999999	0.014339	0.013976	-0.000506	0.00016958	5.813e-05	0.0684865	-0.0515428613	0.0490632542	-0.045018557	0.0395377932	-0.0327957961	0.0250076315	-0.0164217376	0.0073119995	0.0020309873	-0.0113091867	0.0202266294	-0.028498854	0.0358619813	-0.0420811315	0.0469579174	-0.0503367722	0.0521099123	-0.0522207755	0.0506658255	-0.0474946641	0.0428084497	-0.01353444	-0.0289434538	0.0106623931	0.0329310052	0.0148068205	0.0029565211	0.0178560621	-0.0297666096	0.0023651226	-0.0167468512	1.12571683463587	-0.013551063949886	0.448081059024295	0.592443852028073
0.420381	0.176105	0.445423	0.011817	-0.00683829	0.00327986	0.017366	-0.02281	0.019478	0.000506	-0.0006278	-2.418e-05	0.117553	-0.0515825363	0.0492194833	-0.0453609212	0.0401240904	-0.0336681095	0.02618914	-0.0179144269	0.0090953929	0	-0.0090953929	0.0179144269	-0.02618914	0.0336681095	-0.0401240904	0.0453609212	-0.0492194833	0.0515825363	-0.0523782801	0.0515825363	-0.0492194833	0.0453609212	0.0046583178	-0.0736958681	-0.0224333672	-0.0475070878	-0.0245180291	-0.021957357	-0.0657276015	-0.060323654	0.0489093202	0.0802389725	0.777095868831975	0.023299623716606	0.448081059024295	0.592443852028073
0.395157	0.193108	0.371607	0.0110719	-0.00591042	0.00367699	-0.025224	0.017003	-0.0738159999999999	-0.0007451	0.00092787	0.00039713	0.219548	-0.0516212534	0.0493720561	-0.0456957037	0.0406984653	-0.0345247919	0.0273531403	-0.0193908153	0.0108679768	-0.0020309873	-0.0068647103	0.0155619757	-0.0238094045	0.0313685957	-0.0380210421	0.0435744473	-0.0478682839	0.0507784337	-0.0522207755	0.0521536168	-0.0505788988	0.0475421407	0.0411262387	0.0264083549	0.0214180565	-0.017988593	0.0304630731	-0.0337109015	0.0075226752	-0.0096186545	-0.0030059146	-0.0453569039	1.01841930875185	0.024492297053909	0.448081059024295	0.592443852028073
0.39967	0.192947	0.375642	0.0107214	-0.00605187	0.00372861	0.00451299999999993	-0.000160999999999994	0.00403500000000001	-0.000350499999999998	-0.00014145	5.16199999999996e-05	0.0358875	-0.0516590118	0.0495209612	-0.0460228486	0.0412607473	-0.0353654455	0.028498854	-0.0208495594	0.0126276447	-0.0040589197	-0.004621281	0.0131745611	-0.0213660101	0.0289706552	-0.0357796393	0.0416059582	-0.0462895956	0.0497019183	-0.0517492091	0.0523752403	-0.0515628185	0.0493342563	0.0068239452	0.0578935448	-0.0075985783	0.0164071122	0.0604585129	-0.020826099	-0.0082463645	0.0321324159	0.0519229816	-0.0608772588	0.35763113637008	0.012480593687217	0.448081059024295	0.592443852028073
0.396028	0.193175	0.424761	0.0108526	-0.00639047	0.00329441	-0.00364199999999992	0.000228000000000006	0.0491189999999999	0.0001312	-0.0003386	-0.0004342	0.098189	-0.0516958108	0.0496661877	-0.0463423012	0.0418107693	-0.0361896802	0.0296255153	-0.0222893319	0.0143723053	-0.0060807472	-0.0023692706	0.010757547	-0.0188654898	0.0264818121	-0.0334080384	0.0394636764	-0.0444909208	0.0483587652	-0.0509664168	0.0522459219	-0.0521639377	0.0507226006	0.0185429009	-0.0006111945	0.04138008	0.0044712536	-0.0294990662	-0.0161322597	0.0301440802	0.0059667086	-0.0055362304	0.0373988185	-0.812639939213731	0.018826515360682	0.448081059024295	0.592443852028073
0.400834	0.180004	0.416546	0.0112643	-0.00654336	0.00356199	0.00480599999999998	-0.013171	-0.00821499999999992	0.000411699999999997	-0.00015289	0.00026758	0.0678005	-0.0517316498	0.0498077248	-0.0466540082	0.0423483678	-0.0369971132	0.030732371	-0.0237088227	0.016099885	-0.0080934286	-0.0001128608	0.0083163637	-0.016314529	0.0239098759	-0.0309148693	0.0371565505	-0.0424808075	0.0467561802	-0.0498771065	0.051766528	-0.0523777937	0.0516958108	0.020549059	0.0410891319	-0.013154298	0.0134056429	-0.0508566809	0.0080171125	0.0006693625	0.0758020977	-0.0446788476	0.0284028507	-0.133778532299147	0.029582364270394	0.448081059024295	0.592443852028073
0.425897	0.206984	0.429542	0.0111864	-0.00636837	0.0035171	0.025063	0.02698	0.012996	-7.78999999999988e-05	0.00017499	-4.48900000000001e-05	0.0799279999999999	-0.051766528	0.0499455618	-0.0469579174	0.0428733831	-0.0377873696	0.0318186811	-0.0251067401	0.0178083308	-0.0100939368	0.0021437585	0.0058564958	-0.0137199483	0.0212629165	-0.0283092043	0.0346942175	-0.0402688086	0.0449027607	-0.0484878293	0.050940271	-0.0522027989	0.0522459219	-0.0228726302	-0.0479366609	-0.0221506061	0.018948978	-0.0107407209	0.011271578	-0.0315429728	-0.0548813318	-0.0075234369	-0.026691595	-0.474489146678549	0.035553598765088	0.448081059024295	0.592443852028073
0.430936	0.19323	0.454618	0.0111322	-0.00652921	0.00335566	0.00503899999999996	-0.013754	0.025076	-5.4199999999999e-05	-0.00016084	-0.00016144	0.062693	-0.0518004449	0.0500796887	-0.0472539781	0.0433856593	-0.0385600826	0.0328837193	-0.0264818121	0.0194956122	-0.0120792627	0.0043963972	0.0033834701	-0.0110886847	0.0185492395	-0.0256005252	0.0320869629	-0.0378654364	0.0428084497	-0.0468069407	0.049772687	-0.0516402525	0.0523684314	0.0271448826	0.0319588619	-0.0611341195	-0.0311674279	0.0001636037	-0.0131167371	-0.0020708709	0.0249549059	0.0044127309	0.0118451763	0.099818874522931	0.035463767488037	0.448081059024295	0.592443852028073
0.424144	0.182141	0.465801	0.0113534	-0.00652662	0.00348493	-0.00679200000000002	-0.011089	0.011183	0.0002212	2.58999999999936e-06	0.00012927	0.0467169999999999	-0.0518333998	0.0502100954	-0.0475421407	0.043885044	-0.0393148935	0.0339267737	-0.0278327876	0.0211597241	-0.0140464202	0.0066408724	0.0009028426	-0.0084277735	0.0157773596	-0.0227986886	0.0293456776	-0.0352821126	0.0404844828	-0.0448445497	0.0482715996	-0.0506943307	0.0520623368	-0.0558598691	0.0104256715	-0.0063128561	-0.0448654367	-0.0190365353	0.0575970237	0.0330109902	0.0089894967	0.0113897027	0.0494206098	0.645048936890714	0.033215349988694	0.448081059024295	0.592443852028073
0.423929	0.161798	0.439925	0.0114211	-0.00665697	0.0032944	-0.000214999999999965	-0.020343	-0.025876	6.77000000000004e-05	-0.00013035	-0.00019053	0.065863	-0.051865392	0.0503367722	-0.0478223571	0.044371389	-0.0400514517	0.0349471469	-0.0291584371	0.0227986886	-0.0159924506	0.0088730165	-0.0015798132	-0.0057443291	0.0129559745	-0.0199138901	0.0264818121	-0.0325311144	0.0379433273	-0.0426124582	0.0464470668	-0.0493720561	0.0513301431	0.055481925	-0.0697944133	-0.0395102667	-0.0675247773	-0.0172015333	-0.0422727287	0.0223505509	-0.0603573261	0.0022695533	0.0494622341	1.14882215468075	0.040590896153727	0.448081059024295	0.592443852028073
0.430605	0.193281	0.466063	0.0112852	-0.00729573	0.00334876	0.00667600000000002	0.031483	0.026138	-0.0001359	-0.00063876	5.43599999999998e-05	0.105748	-0.051896421	0.0504597097	-0.0480945804	0.0448445497	-0.0407694154	0.0359441567	-0.0304575546	0.024410558	-0.0179144269	0.0110886847	-0.0040589197	-0.0030455261	0.0100939368	-0.0169566271	0.0235073292	-0.0296255153	0.0351986159	-0.0401240904	0.044311314	-0.0476832451	0.050177843	-0.0081755562	0.0636165854	0.0089499191	-0.0453327639	0.0128578858	0.0071825878	0.0365329518	0.0460261851	0.0528713303	-0.0411788146	0.204487424334256	-1.36529637864909	0.448081059024295	0.592443852028073
0.432286	0.164483	0.483049	0.0113145	-0.00684771	0.00329196	0.00168099999999993	-0.028798	0.0169859999999999	2.93000000000012e-05	0.00044802	-5.68000000000001e-05	0.074171	-0.0519264863	0.0505788988	-0.0483587652	0.0453043854	-0.0414684511	0.0369171367	-0.0317289578	0.0259934166	-0.0198094581	0.0132837629	-0.0065289069	-0.0003385804	0.0072002268	-0.0139376608	0.0204346535	-0.0265791242	0.0322650733	-0.0373944116	0.0418786518	-0.0456404355	0.0486148674	-0.0486148134	-0.0058532372	0.019408919	-0.0572251796	-0.0334055993	0.0503086472	0.0322950534	-0.0007613515	0.0301919218	0.0298840861	0	0	-2.22840312389761	0.592443852028073
0.429775	0.184871	0.436869	0.0113158	-0.0065724	0.00329236	-0.00251099999999993	0.020388	-0.04618	1.29999999999748e-06	0.000275310000000001	3.99999999999793e-07	0.0829295	-0.0519555872	0.0506943307	-0.0486148674	0.0457507597	-0.0421482344	0.0378654364	-0.0329714899	0.0275453833	-0.021674694	0.015454175	-0.0089842256	0.0023692706	0.0042839244	-0.0108679768	0.01727662	-0.0234064185	0.0291584371	-0.0344398384	0.0391653804	-0.0432587929	0.0466540082	0.0507176001	0.0177739151	0.0340823225	-0.0201762667	0.0370659785	-0.0501514064	0.0701734658	-0.0122105525	0.0114774005	-0.0737534461	0	0	0	0
0.441549	0.193464	0.477401	0.011504	-0.00706924	0.00319311	0.011774	0.00859299999999999	0.0405320000000001	0.000188200000000001	-0.000496840000000001	-9.925e-05	0.1001135	-0.0519837232	0.0508059967	-0.048862844	0.0461835398	-0.0428084497	0.0387884217	-0.0341840202	0.0290646136	-0.0235073292	0.0175958911	-0.0114193591	0.0050707869	0.0013541801	-0.0077587455	0.0140464202	-0.0201224762	0.0258953737	-0.03127814	0.0361896802	-0.0405559987	0.044311314	0.0053174141	0.035607325	0.0121672143	-0.0111244824	-0.0519007166	-0.0001343458	0.0300966395	0.041911294	-0.0219498483	0.009897967	0	0	0	0
0.430443	0.174355	0.439849	0.0118503	-0.00659309	0.00312394	-0.0111059999999999	-0.019109	-0.037552	0.000346299999999999	0.00047615	-6.91699999999999e-05	0.112348	-0.0520108938	0.0509138886	-0.0491026536	0.0466025972	-0.0434487905	0.0396854757	-0.0353654455	0.030549302	-0.025304607	0.0197049341	-0.0138288366	0.0077587455	-0.0015798132	-0.004621281	0.010757547	-0.016742904	0.0224933884	-0.0279283311	0.0329714899	-0.0375521182	0.0416059582	0.0494779238	-0.0118747767	-0.0247940553	0.0074970619	-0.0230832817	-0.0385698343	-0.0565314643	-0.001005716	0.0082541284	-0.0218499619	0	0	0	0
0.446133	0.19341	0.458148	0.0111762	-0.00720342	0.00296161	0.01569	0.019055	0.018299	-0.000674099999999999	-0.00061033	-0.00016233	0.125382	-0.0520370985	0.0510179984	-0.0493342563	0.0470078072	-0.0440689593	0.0405559987	-0.0365146908	0.0319976841	-0.0270638244	0.021777388	-0.0162072446	0.0104259597	-0.0045088495	-0.0014670001	0.0074237382	-0.0132837629	0.018970732	-0.024410558	0.0295323731	-0.0342694522	0.0385600826	-0.0399574518	0.0375232258	-0.0384469893	0.0315354334	-0.0153400392	0.0295375137	-0.0357436073	0.0311074982	0.0371188356	-0.0425281242	0	0	0	0
0.485348	0.210796	0.480424	0.012021	-0.0071309	0.00347862	0.0392149999999999	0.017386	0.022276	0.000844799999999998	7.25200000000004e-05	0.00051701	0.1505935	-0.0520623368	0.0511183183	-0.0495576132	0.0473990497	-0.0446686685	0.0413994086	-0.0376307102	0.0334080384	-0.0287823352	0.0238094045	-0.0185492395	0.0130652981	-0.0074237382	0.0016926191	0.0040589197	-0.0097614921	0.0153463027	-0.0207459769	0.0258953737	-0.030732371	0.0351986159	-0.0169147486	-0.0744152846	-0.0188899124	-0.0179070112	-0.0613445108	0.0024565525	-0.0065869132	-0.0534397308	0.0145553069	0.0282292889	0	0	0	0
0.457158	0.193881	0.427158	0.0123617	-0.00662197	0.00303558	-0.0281899999999999	-0.016915	-0.053266	0.000340700000000001	0.00050893	-0.00044304	0.1630045	-0.0520866082	0.0512148408	-0.049772687	0.0477762082	-0.0452476394	0.0422151417	-0.0387124883	0.0347786889	-0.0304575546	0.0257972105	-0.0208495594	0.015669704	-0.0103153331	0.0048460789	0.0006771467	-0.0061928308	0.0116395445	-0.0169566271	0.0220848615	-0.0269671338	0.0315490697	0.0356965047	0.0507473439	-0.0352390451	-0.0110239939	-0.0056387021	-0.010645065	0.0052248128	0.0671776439	-0.0021490699	0.0296151838	0	0	0	0
0.447772	0.232094	0.431151	0.0123516	-0.00702682	0.00312701	-0.00938600000000001	0.038213	0.00399300000000002	-1.0099999999999e-05	-0.00040485	9.143e-05	0.076911	-0.0521099123	0.0513075588	-0.0499794418	0.0481391707	-0.0458056033	0.0430026525	-0.0397590408	0.0361080066	-0.0320869629	0.0277371148	-0.0231030362	0.0182322141	-0.0131745611	0.0079819045	-0.0027074549	-0.0025947387	0.0078703433	-0.0130652981	0.018126369	-0.0230016937	0.0276413132	-0.0673581809	-0.016260094	0.0202011174	-0.0087670148	0.0140749424	0.0682803096	0.0096162784	-0.0330343762	0.0179003626	-0.0236773868	0	0	0	0
0.467631	0.232102	0.474262	0.0126495	-0.0072343	0.00328558	0.019859	8.000000000008e-06	0.043111	0.0002979	-0.00020748	0.00015857	0.0961755	-0.0521322486	0.0513964655	-0.050177843	0.0484878293	-0.0463423012	0.0437614146	-0.0407694154	0.0373944116	-0.0336681095	0.0296255153	-0.025304607	0.0207459769	-0.0159924506	0.0110886847	-0.0060807472	0.0010156846	0.0040589197	-0.0090953929	0.0140464202	-0.0188654898	0.0235073292	0.0468855758	-0.0476371679	-0.0255712583	-0.032768228	-0.01263063	-0.0465970083	-0.0132010047	-0.0293297544	0.0130785529	0.0482845455	0	0	0	0
0.465289	0.204382	0.438931	0.0123749	-0.00793972	0.00303558	-0.00234200000000001	-0.02772	-0.0353309999999999	-0.000274600000000002	-0.000705420000000001	-0.00025	0.126894	-0.0521536168	0.0514815542	-0.0503678575	0.0488220806	-0.0468574839	0.0444909208	-0.0417426926	0.0386363752	-0.0351986159	0.0314589057	-0.0274493255	0.0232042715	-0.0187601599	0.0141551145	-0.0094286395	0.004621281	0.0002257211	-0.0050707869	0.009872353	-0.0145892291	0.0191809517	-0.0292963158	0.0533990592	0.0006136611	-0.0164629166	0.0027641908	0.027100161	-0.0112595129	0.0498996442	0.0281403411	-0.0180226346	0	0	0	0
0.468494	0.234544	0.473983	0.0129802	-0.00811419	0.00276759	0.00320499999999996	0.030162	0.035052	0.000605300000000003	-0.00017447	-0.00026799	0.120807	-0.0521740164	0.0515628185	-0.0505494535	0.0491418251	-0.0473509122	0.0451906832	-0.042677987	0.0398324213	-0.0366761804	0.0332338815	-0.0295323731	0.0256005252	-0.0214690046	0.0171700353	-0.0127371473	0.0082049152	-0.0036086884	-0.0010156846	0.0056321357	-0.0102046586	0.0146975897	-0.0012238912	-0.0301042665	0.0123658758	-0.0052535026	-0.0193103708	-0.0061327477	0.0039476378	-0.0277800187	-0.0162843852	0.0124832024	0	0	0	0
0.464321	0.211577	0.438839	0.0129752	-0.00803661	0.00269299	-0.00417299999999998	-0.022967	-0.035144	-5.00000000000153e-06	7.75800000000024e-05	-7.45999999999998e-05	0.0701430000000001	-0.0521934471	0.0516402525	-0.0507226006	0.0494469678	-0.0478223571	0.0458602343	-0.0435744473	0.0409811285	-0.0380985803	0.0349471469	-0.0315490697	0.0279283311	-0.024110485	0.0201224762	-0.0159924506	0.0117495564	-0.0074237382	0.0030455261	0.0013541801	-0.0057443291	0.0100939368	0.0313360203	0.0286588041	-0.004113626	-0.0197804105	-0.0380923499	-0.008569579	-0.0223614789	0.0665519785	0.0111194372	0.0456643535	0	0	0	0
0.447931	0.223029	0.408495	0.0134477	-0.00762686	0.00287739	-0.01639	0.011452	-0.030344	0.000472500000000004	0.000409749999999998	0.0001844	0.1115185	-0.0522119084	0.0517138504	-0.0508872699	0.0497374181	-0.0482715996	0.0464991262	-0.044431258	0.0420811315	-0.0394636764	0.0365955205	-0.0334948844	0.0301814655	-0.0266763128	0.0230016937	-0.0191809517	0.015238359	-0.0111989617	0.0070884207	-0.0029328492	-0.0012413539	0.005407671	-0.0491765205	-0.0176769409	0.0157703876	0.0530389297	0.0494514125	0.0379933297	-0.0165463623	-0.0402064325	0.0244608475	-0.0495477409	0	0	0	0
0.448236	0.232624	0.489974	0.0140292	-0.0078258	0.00328558	0.000304999999999944	0.00959499999999996	0.081479	0.000581499999999995	-0.000198939999999999	0.00040819	0.1508105	-0.0522294002	0.0517836067	-0.051043434	0.0500130897	-0.0486984311	0.0471069319	-0.0452476394	0.0431311232	-0.0407694154	0.0381759417	-0.0353654455	0.032353904	-0.0291584371	0.0257972105	-0.0222893319	0.018654743	-0.0149141057	0.0110886847	-0.0072002268	0.0032708371	0.0006771467	-0.0350702955	-0.063251185	-0.0068729476	-0.0590150772	-0.0010733487	0.0332733617	-0.0659153748	-0.0738567354	0.0288082681	0.0445888633	0	0	0	0
0.438826	0.189984	0.431583	0.0135359	-0.00747237	0.00279419	-0.00940999999999992	-0.04264	-0.058391	-0.000493299999999999	0.000353429999999999	-0.00049139	0.177347	-0.0522459219	0.0518495163	-0.0511910666	0.0502739006	-0.0491026536	0.0476832451	-0.0460228486	0.0441298556	-0.0420138333	0.0396854757	-0.0371565505	0.0344398384	-0.0315490697	0.028498854	-0.025304607	0.0219824722	-0.0185492395	0.0150222601	-0.0114193591	0.0077587455	-0.0040589197	0.0194356786	0.0379444502	0.0486883079	-0.0310156318	0.0609972362	-0.0247986504	0.0237244974	-0.0156636253	0.0472370755	-0.0671460146	0	0	0	0
0.43806	0.222724	0.431795	0.0127298	-0.00732281	0.00285523	-0.000765999999999989	0.03274	0.00021199999999999	-0.000806100000000002	0.00014956	6.10399999999996e-05	0.084553	-0.0522614734	0.0519115742	-0.0513301431	0.0505197734	-0.0494840794	0.0482276804	-0.0467561802	0.0450761418	-0.0431950583	0.0411213197	-0.0388641751	0.0364336915	-0.0338407093	0.0310967934	-0.028214182	0.0252057321	-0.0220848615	0.0188654898	-0.0155619757	0.0121890533	-0.0087617663	0.0313531091	0.0060843084	0.0564043513	0.0477530752	0.0030630335	-0.0428610435	0.0230040106	-0.0071701724	-0.0038311903	-0.0136608574	0	0	0	0
0.440021	0.208341	0.431664	0.0134894	-0.007342	0.00286979	0.00196099999999994	-0.014383	-0.000130999999999937	0.000759600000000001	-1.91899999999988e-05	1.45600000000003e-05	0.0561425	-0.0522760543	0.0519697758	-0.0514606403	0.050750635	-0.0498425313	0.048739874	-0.047446967	0.0459688572	-0.044311314	0.0424808075	-0.0404844828	0.0383301323	-0.0360261653	0.0335815749	-0.0310059033	0.0283092043	-0.0255020041	0.0225952602	-0.0196003187	0.01652887	-0.013392903	0.0122891602	0.0234465339	0.0029074943	0.012137262	-0.0305413767	0.0098797388	-0.0150977368	0.0701164163	-0.0491281857	0.0407155006	0	0	0	0
0.449121	0.233931	0.431668	0.0134867	-0.00731399	0.0026206	0.0091	0.02559	4.000000000004e-06	-2.69999999999784e-06	2.80099999999984e-05	-0.00024919	0.048689	-0.0522896643	0.0520241169	-0.0515825363	0.0509664168	-0.050177843	0.0492194833	-0.0480945804	0.0468069407	-0.0453609212	0.0437614146	-0.0420138333	0.0401240904	-0.0380985803	0.0359441567	-0.0336681095	0.03127814	-0.0287823352	0.02618914	-0.0235073292	0.0207459769	-0.0179144269	0.0133914638	-0.0433475417	0.0048938265	0.041699798	-0.0083489308	-0.0236545083	-0.0193287751	-0.0416128948	-0.0091400069	-0.0357563979	0	0	0	0
0.463399	0.202781	0.431597	0.0131859	-0.00746396	0.00328559	0.014278	-0.03115	-7.10000000000433e-05	-0.000300800000000002	-0.00014997	0.00066499	0.101287	-0.0523023033	0.0520745933	-0.0516958108	0.0511670547	-0.0504898588	0.0496661877	-0.0486984311	0.0475893965	-0.0463423012	0.0449607632	-0.0434487905	0.0418107693	-0.0400514517	0.0381759417	-0.0361896802	0.0340984296	-0.0319082567	0.0296255153	-0.027256828	0.0248090665	-0.0222893319	-0.0040897631	0.0414077149	-0.0238819995	0.0134304867	0.0292003125	0.0090792592	-0.0234981963	0.0414019688	0.006522881	-0.0204290019	0	0	0	0
0.491974	0.212885	0.459044	0.0133594	-0.00826627	0.00328558	0.028575	0.010104	0.0274469999999999	0.000173499999999998	-0.000802309999999999	-9.99999999994061e-09	0.114917	-0.0523139709	0.0521212014	-0.0518004449	0.051352489	-0.0507784337	0.0500796887	-0.0492579697	0.0483152946	-0.0472539781	0.0460766263	-0.0447861304	0.0433856593	-0.0418786518	0.0402688086	-0.0385600826	0.0367566699	-0.0348629988	0.0328837193	-0.0308236917	0.0286879745	-0.0264818121	-0.0225981201	-0.0248200339	0.0370820643	0.0083038465	-0.0298605465	0.0052531514	0.0214536375	-0.0313988407	-0.0043914952	-0.0002517954	0	0	0	0
0.488912	0.202573	0.397687	0.0136334	-0.00762114	0.00356045	-0.00306199999999995	-0.010312	-0.0613569999999999	0.000274000000000002	0.000645129999999999	0.00027487	0.134431	-0.052324667	0.0521639377	-0.051896421	0.0515226647	-0.051043434	0.0504597097	-0.049772687	0.0489837722	-0.0480945804	0.0471069319	-0.0460228486	0.0448445497	-0.0435744473	0.0422151417	-0.0407694154	0.0392402281	-0.0376307102	0.0359441567	-0.0341840202	0.032353904	-0.0304575546	0.0413913808	0.0182852207	-0.046951331	-0.0051227421	0.006597919	-0.0243827458	0.0071476245	0.0450301756	-0.0384490048	0.028066113	0	0	0	0
0.493449	0.245514	0.471785	0.0134523	-0.00863176	0.00382514	0.00453699999999996	0.042941	0.074098	-0.0001811	-0.00101062	0.00026469	0.1943965	-0.0523343914	0.0522027989	-0.0519837232	0.0516775313	-0.0512847364	0.0508059967	-0.0502421146	0.049594035	-0.048862844	0.0480497669	-0.0471561663	0.0461835398	-0.0451335173	0.0440078585	-0.0428084497	0.0415373011	-0.0401965428	0.0387884217	-0.0373152977	0.0357796393	-0.0341840202	-0.0203267115	-0.0022098997	0.0414232856	-0.0049929639	-0.0263902414	0.0111495511	0.041236274	-0.0196720064	-0.0037470064	0.0049835632	0	0	0	0
0.482918	0.211489	0.421527	0.0137087	-0.00734243	0.00328559	-0.010531	-0.034025	-0.050258	0.000256400000000002	0.00128933	-0.00053955	0.199078	-0.0523431439	0.0522377823	-0.0520623368	0.0518170426	-0.051502229	0.0511183183	-0.0506658255	0.0501453577	-0.0495576132	0.0489033805	-0.0481835374	0.0473990497	-0.0465509697	0.0456404355	-0.0446686685	0.0436369724	-0.0425467316	0.0413994086	-0.0401965428	0.0389397479	-0.0376307102	0.0752612387	-0.035333155	-0.0877051443	-0.0161395763	0.00146343	-0.0324973151	-0.0204867558	0.0322270739	-0.0835942632	0.08600751	0	0	0	0
0.497526	0.242905	0.447914	0.0135828	-0.00748862	0.00363251	0.014608	0.031416	0.026387	-0.000125900000000002	-0.00014619	0.00034692	0.1033615	-0.0523509242	0.0522688852	-0.0521322486	0.0519411573	-0.0516958108	0.0513964655	-0.051043434	0.050637085	-0.050177843	0.0496661877	-0.0491026536	0.0484878293	-0.0478223571	0.0471069319	-0.0463423012	0.0455292636	-0.0446686685	0.0437614146	-0.0428084497	0.0418107693	-0.0407694154	-0.016480123	0.0259395674	-0.009272546	-0.0301463605	0.0576835667	0.0140602722	0.0255126292	-0.0055213384	0.035835206	-0.0202628345	0	0	0	0
0.472396	0.229253	0.433021	0.0136419	-0.00711741	0.00348873	-0.02513	-0.013652	-0.014893	5.90999999999977e-05	0.000371209999999999	-0.00014378	0.0823794999999999	-0.0523577323	0.0522961052	-0.0521934471	0.0520498384	-0.051865392	0.0516402525	-0.0513745965	0.0510686325	-0.0507226006	0.0503367722	-0.04991145	0.0494469678	-0.04894369	0.0484020114	-0.0478223571	0.0472051818	-0.0465509697	0.0458602343	-0.0451335173	0.044371389	-0.0435744473	0.0326690865	-0.010512761	0.0474319179	0.0233724937	-0.026533042	-0.0412737096	0.0098917147	-0.0103086043	0.0146888686	0.0130688573	0	0	0	0
0.490156	0.229028	0.432766	0.0133758	-0.00760074	0.00368385	0.0177600000000001	-0.000225000000000003	-0.000255000000000005	-0.0002661	-0.00048333	0.00019512	0.0654675	-0.0523635681	0.0523194405	-0.0522459219	0.0521430537	-0.0520108938	0.0518495163	-0.0516590118	0.0514394875	-0.0511910666	0.0509138886	-0.0506081094	0.0502739006	-0.04991145	0.0495209612	-0.0491026536	0.0486567622	-0.0481835374	0.0476832451	-0.0471561663	0.0466025972	-0.0460228486	-0.0289913509	0.026789537	0.0127203626	0.0233108945	-0.0165301508	0.0360828812	-0.0054612522	0.0229483297	-0.0368189529	-0.0227754789	0	0	0	0
0.499206	0.249232	0.414581	0.0138338	-0.00706136	0.00328559	0.00905	0.020204	-0.018185	0.000458	0.00053938	-0.00039826	0.117221	-0.0523684314	0.0523388891	-0.0522896643	0.0522207755	-0.0521322486	0.0520241169	-0.051896421	0.0517492091	-0.0515825363	0.0513964655	-0.0511910666	0.0509664168	-0.0507226006	0.0504597097	-0.050177843	0.0498771065	-0.0495576132	0.0492194833	-0.048862844	0.0484878293	-0.0480945804	0.0318657309	-0.0406622881	-0.0115058531	0.0348274156	0.014643618	-0.0319640441	-0.0318267716	-0.0375099464	-0.0311889788	-0.0371119171	0	0	0	0
0.495643	0.229313	0.415138	0.0135339	-0.00720975	0.00328559	-0.00356299999999998	-0.019919	0.000556999999999974	-0.000299899999999999	-0.00014839	0	0.0464535000000001	-0.0523723222	0.0523544498	-0.052324667	0.0522829807	-0.0522294002	0.0521639377	-0.0520866082	0.0519974292	-0.051896421	0.0517836067	-0.0516590118	0.0515226647	-0.0513745965	0.0512148408	-0.051043434	0.050860415	-0.0506658255	0.0504597097	-0.0502421146	0.0500130897	-0.049772687	0.0050428659	0.032879679	-0.0310193171	0.02737305	0.0001097169	-0.0090967957	-0.0259506274	0.0366784064	-0.0033084472	0.0095334915	0	0	0	0
0.479687	0.229471	0.407432	0.0140092	-0.00714715	0.00328559	-0.0159560000000001	0.000157999999999991	-0.00770599999999999	0.000475300000000001	6.26000000000003e-05	0	0.050715	-0.0523752403	0.0523661213	-0.0523509242	0.0523296507	-0.0523023033	0.0522688852	-0.0522294002	0.0521838529	-0.0521322486	0.0520745933	-0.0520108938	0.0519411573	-0.051865392	0.0517836067	-0.0516958108	0.0516020147	-0.051502229	0.0513964655	-0.0512847364	0.0511670547	-0.051043434	-0.0702661419	-0.0117858679	-0.0053024918	0.0052064906	0.0049844911	0.0546112038	-0.00451998	-0.0194516579	-0.0008652773	-0.0018585553	0	0	0	0
0.470447	0.229359	0.383502	0.0136668	-0.00674302	0.00328559	-0.00923999999999997	-0.000112000000000001	-0.02393	-0.000342400000000001	0.00040413	0	0.0706085	-0.0523771858	0.0523739028	-0.0523684314	0.0523607718	-0.0523509242	0.0523388891	-0.052324667	0.0523082586	-0.0522896643	0.0522688852	-0.0522459219	0.0522207755	-0.0521934471	0.0521639377	-0.0521322486	0.0520983812	-0.0520623368	0.0520241169	-0.0519837232	0.0519411573	-0.051896421	-0.0608042969	0.0027853336	0.0097555588	-0.0067509321	0.0743993604	0.0441169329	0.0229011229	-0.0088061215	0.0241073808	-0.0272602121	0	0	0	0
0.446997	0.231463	0.414879	0.0132524	-0.00714676	0.00339413	-0.02345	0.00210399999999999	0.031377	-0.0004144	-0.00040374	0.00010854	0.103265	-0.0523781585	0.0523777937	-0.0523771858	0.0523763346	-0.0523752403	0.0523739028	-0.0523723222	0.0523704984	-0.0523684314	0.0523661213	-0.0523635681	0.0523607718	-0.0523577323	0.0523544498	-0.0523509242	0.0523471556	-0.0523431439	0.0523388891	-0.0523343914	0.0523296507	-0.052324667	0.0019582257	-0.0168773645	0.0631148104	0.0083146823	0.0161540086	-0.0211262481	0.0383382661	-0.0411212137	-0.0024901394	-0.0150517395	0	0	0	0
