"trans_x"	"trans_y"	"trans_z"	"rot_x"	"rot_y"	"rot_z"	"trans_x_derivative1"	"trans_y_derivative1"	"trans_z_derivative1"	"rot_x_derivative1"	"rot_y_derivative1"	"rot_z_derivative1"	"framewise_displacement"	"cosine00"	"cosine01"	"cosine02"	"cosine03"	"cosine04"	"cosine05"	"cosine06"	"cosine07"	"cosine08"	"cosine09"	"cosine10"	"cosine11"	"cosine12"	"cosine13"	"cosine14"	"cosine15"	"cosine16"	"cosine17"	"cosine18"	"cosine19"	"cosine20"	"t_comp_cor_00"	"t_comp_cor_01"	"t_comp_cor_02"	"t_comp_cor_03"	"t_comp_cor_04"	"a_comp_cor_00"	"a_comp_cor_01"	"a_comp_cor_02"	"a_comp_cor_03"	"a_comp_cor_04"	"motion_outlier01"	"motion_outlier02"	"motion_outlier03"	"motion_outlier04"	"motion_outlier05"	"motion_outlier06"	"motion_outlier07"	"motion_outlier08"	"volume_z"	"luminance_z"	"speech_z"	"face_z"
0.239065	0.0540662	-0.162695	0.00656611	-0.00453449	0	NA	NA	NA	NA	NA	NA	NA	0.0523781585	0.0523777937	0.0523771858	0.0523763346	0.0523752403	0.0523739028	0.0523723222	0.0523704984	0.0523684314	0.0523661213	0.0523635681	0.0523607718	0.0523577323	0.0523544498	0.0523509242	0.0523471556	0.0523431439	0.0523388891	0.0523343914	0.0523296507	0.052324667	-0.0994337107	-0.0419273864	0.0286866681	0.0734768666	-0.057408324	-0.1160609038	0.0726478523	0.0257901515	-0.0174082279	0.0998829762	0	0	0	0	0	0	0	0	0	0	0	0
0.231032	0.0456682	-0.0506099	0.00534719	-0.00361905	-0.000721534	-0.00803299999999998	-0.008398	0.1120851	-0.00121892	0.00091544	-0.000721534	0.2713108	0.0523771858	0.0523739028	0.0523684314	0.0523607718	0.0523509242	0.0523388891	0.052324667	0.0523082586	0.0522896643	0.0522688852	0.0522459219	0.0522207755	0.0521934471	0.0521639377	0.0521322486	0.0520983812	0.0520623368	0.0520241169	0.0519837232	0.0519411573	0.051896421	-0.0297384189	0.0632691931	0.0336221354	0.044733126	-0.0496301262	-0.0513027799	-0.0037230962	-0.0671762663	0.007306053	-0.0081662087	0	0	0	0	0	0	0	0	0	0	0	0
0.211439	0.0485041	0.0233518	0.00492386	-0.0025724	-0.000852983	-0.019593	0.0028359	0.0739617	-0.000423329999999999	0.00104665	-0.000131449	0.17646205	0.0523752403	0.0523661213	0.0523509242	0.0523296507	0.0523023033	0.0522688852	0.0522294002	0.0521838529	0.0521322486	0.0520745933	0.0520108938	0.0519411573	0.051865392	0.0517836067	0.0516958108	0.0516020147	0.051502229	0.0513964655	0.0512847364	0.0511670547	0.051043434	-0.0073235199	0.0179842104	0.0734620958	-0.0115563935	-0.0349957337	-0.08707981	-0.026279881	-0.0355599691	0.0108085927	0.0422675764	0	0	0	0	0	0	0	0	0	0	0	0
0.222738	0.0124807	0.00332684	0.00451792	-0.00271046	-0.0011595	0.011299	-0.0360234	-0.02002496	-0.00040594	-0.00013806	-0.000306517	0.10987321	0.0523723222	0.0523544498	0.052324667	0.0522829807	0.0522294002	0.0521639377	0.0520866082	0.0519974292	0.051896421	0.0517836067	0.0516590118	0.0515226647	0.0513745965	0.0512148408	0.051043434	0.050860415	0.0506658255	0.0504597097	0.0502421146	0.0500130897	0.049772687	-0.0211082342	-0.0273024844	0.0492911716	0.0361835225	-0.0519661102	-0.0857495593	0.0575407852	-0.0107838589	0.0074732593	-0.010093549	0	0	0	0	0	0	0	0	0	0	0	0
0.223126	0.0303501	-0.0396695	0.00492357	-0.00256048	-0.00105899	0.000387999999999999	0.0178694	-0.04299634	0.000405650000000001	0.00014998	0.00010051	0.09406074	0.0523684314	0.0523388891	0.0522896643	0.0522207755	0.0521322486	0.0520241169	0.051896421	0.0517492091	0.0515825363	0.0513964655	0.0511910666	0.0509664168	0.0507226006	0.0504597097	0.050177843	0.0498771065	0.0495576132	0.0492194833	0.048862844	0.0484878293	0.0480945804	-0.0256733911	0.0289293441	0.0525462487	0.0159427006	-0.0316767391	-0.0502878792	-0.0105734984	-0.0389332872	0.0249103689	0.0252216556	0	0	0	0	0	0	0	0	0	0	0	0
0.243585	0.0322068	0.00980954	0.00492357	-0.00220048	-0.00109159	0.020459	0.0018567	0.04947904	0	0.00036	-3.25999999999998e-05	0.09142474	0.0523635681	0.0523194405	0.0522459219	0.0521430537	0.0520108938	0.0518495163	0.0516590118	0.0514394875	0.0511910666	0.0509138886	0.0506081094	0.0502739006	0.04991145	0.0495209612	0.0491026536	0.0486567622	0.0481835374	0.0476832451	0.0471561663	0.0466025972	0.0460228486	-0.0331181814	-0.0386646564	0.0236366535	0.0201115472	-0.0030630164	-0.0718530606	-0.0109526872	0.0093058904	-0.0274281436	-0.0118773851	0	0	0	0	0	0	0	0	0	0	0	0
0.228011	0.0261667	0.221188	0.00621853	-0.00271562	0.000247205	-0.015574	-0.0060401	0.21137846	0.00129496	-0.00051514	0.001338795	0.39043731	0.0523577323	0.0522961052	0.0521934471	0.0520498384	0.051865392	0.0516402525	0.0513745965	0.0510686325	0.0507226006	0.0503367722	0.04991145	0.0494469678	0.04894369	0.0484020114	0.0478223571	0.0472051818	0.0465509697	0.0458602343	0.0451335173	0.044371389	0.0435744473	0.0536592418	-0.0643839258	0.0407378225	0.0198899573	-0.0500305326	-0.0369477575	0.0376520555	-0.0770897049	0.0245714828	0.0379358418	0	0	0	0	0	0	0	0	0	0	0	0
0.297785	-0.0281971	0.0688028	0.00702678	-0.00391302	-0.000859364	0.0697739999999999	-0.0543638	-0.1523852	0.00080825	-0.0011974	-0.001106569	0.43213395	0.0523509242	0.0522688852	0.0521322486	0.0519411573	0.0516958108	0.0513964655	0.051043434	0.050637085	0.050177843	0.0496661877	0.0491026536	0.0484878293	0.0478223571	0.0471069319	0.0463423012	0.0455292636	0.0446686685	0.0437614146	0.0428084497	0.0418107693	0.0407694154	-0.0256800509	0.0254755044	0.0334816005	0.09076791	-0.0659800485	-0.0368391252	0.0347092372	-0.1154568229	0.0358130275	-0.0842331602	0	0	0	0	0	0	0	0	0	0	0	0
0.193675	0.0117467	0.0712367	0.0060932	-0.00271563	-0.00111434	-0.10411	0.0399438	0.0024339	-0.000933580000000001	0.00119739	-0.000254976	0.265785	0.0523431439	0.0522377823	0.0520623368	0.0518170426	0.051502229	0.0511183183	0.0506658255	0.0501453577	0.0495576132	0.0489033805	0.0481835374	0.0473990497	0.0465509697	0.0456404355	0.0446686685	0.0436369724	0.0425467316	0.0413994086	0.0401965428	0.0389397479	0.0376307102	-0.013806457	-0.0696527397	0.0872127165	0.04189579	-0.0374064716	-0.1159751364	0.0381800178	-0.0423150567	0.0327650157	-0.0107739496	0	0	0	0	0	0	0	0	0	0	0	0
0.254148	-0.00990835	0.0618984	0.00573466	-0.00245273	-0.00134819	0.060473	-0.02165505	-0.00933829999999999	-0.000358539999999999	0.0002629	-0.00023385	0.13423085	0.0523343914	0.0522027989	0.0519837232	0.0516775313	0.0512847364	0.0508059967	0.0502421146	0.049594035	0.048862844	0.0480497669	0.0471561663	0.0461835398	0.0451335173	0.0440078585	0.0428084497	0.0415373011	0.0401965428	0.0387884217	0.0373152977	0.0357796393	0.0341840202	0.0168983433	0.0175140514	0.1028097832	0.0079895422	-0.0112128267	-0.0684934752	0.02119103	-0.0887600568	0.0315651903	0.0164265789	0	0	0	0	0	0	0	0	0	0	0	0
0.265078	0.00945352000000001	0.176978	0.00531262	-0.00282109	-0.000821433	0.0109300000000001	0.01936187	0.1150796	-0.00042204	-0.00036836	0.000526757	0.21122932	0.052324667	0.0521639377	0.051896421	0.0515226647	0.051043434	0.0504597097	0.049772687	0.0489837722	0.0480945804	0.0471069319	0.0460228486	0.0448445497	0.0435744473	0.0422151417	0.0407694154	0.0392402281	0.0376307102	0.0359441567	0.0341840202	0.032353904	0.0304575546	0.0065993251	-0.0360869185	0.062074297	0.03610217	0.0843159972	-0.0531412183	0.0048025493	0.0160357239	0.0238723454	-0.0565295845	0	0	0	0	0	0	0	0	0	0	0	0
0.274067	0.0208705	0.111879	0.00611125	-0.00292997	-0.00145977	0.00898899999999997	0.01141698	-0.065099	0.000798630000000001	-0.00010888	-0.000638337	0.16279733	0.0523139709	0.0521212014	0.0518004449	0.051352489	0.0507784337	0.0500796887	0.0492579697	0.0483152946	0.0472539781	0.0460766263	0.0447861304	0.0433856593	0.0418786518	0.0402688086	0.0385600826	0.0367566699	0.0348629988	0.0328837193	0.0308236917	0.0286879745	0.0264818121	0.0046876336	0.0253357805	-0.006057587	0.0386959212	0.0105287268	0.0192260224	0.0291797263	0.0030288494	0.0118584165	-0.0062848845	0	0	0	0	0	0	0	0	0	0	0	0
0.236937	0.023319	0.174335	0.00505888	-0.00248159	-0.00174269	-0.03713	0.0024485	0.062456	-0.00105237	0.00044838	-0.00028292	0.191218	0.0523023033	0.0520745933	0.0516958108	0.0511670547	0.0504898588	0.0496661877	0.0486984311	0.0475893965	0.0463423012	0.0449607632	0.0434487905	0.0418107693	0.0400514517	0.0381759417	0.0361896802	0.0340984296	0.0319082567	0.0296255153	0.027256828	0.0248090665	0.0222893319	-0.0127176828	0.0484348881	-0.0009676153	-0.0175885282	0.0601764852	0.0243382786	-0.0470867776	0.0242065196	0.0410853902	-0.0698014315	0	0	0	0	0	0	0	0	0	0	0	0
0.257557	-0.00906597	0.211645	0.00561038	-0.00263637	-0.00145857	0.0206200000000001	-0.03238497	0.03731	0.0005515	-0.00015478	0.00028412	0.13983497	0.0522896643	0.0520241169	0.0515825363	0.0509664168	0.050177843	0.0492194833	0.0480945804	0.0468069407	0.0453609212	0.0437614146	0.0420138333	0.0401240904	0.0380985803	0.0359441567	0.0336681095	0.03127814	0.0287823352	0.02618914	0.0235073292	0.0207459769	0.0179144269	0.0156366357	-0.0495469326	-0.046352472	0.0302250843	-0.060425191	0.0173549506	0.0781594477	0.0317272875	0.0135229021	0.0253479845	0	0	0	0	0	0	0	0	0	0	0	0
0.187205	0.0211162	0.181271	0.00464075	-0.00282139	-0.00176257	-0.0703520000000001	0.03018217	-0.030374	-0.00096963	-0.00018502	-0.000304	0.20384067	0.0522760543	0.0519697758	0.0514606403	0.050750635	0.0498425313	0.048739874	0.047446967	0.0459688572	0.044311314	0.0424808075	0.0404844828	0.0383301323	0.0360261653	0.0335815749	0.0310059033	0.0283092043	0.0255020041	0.0225952602	0.0196003187	0.01652887	0.013392903	0.0563219285	0.0755254864	0.0061032693	-0.0058715574	-0.002240743	0.0334478142	-0.04726453	-0.0339755911	0.0545345566	-0.0146326697	0	0	0	0	0	0	0	0	0	0	0	0
0.208591	-0.0014792	0.135642	0.00590781	-0.00270622	-0.00125483	0.021386	-0.0225954	-0.045629	0.00126706	0.00011517	0.00050774	0.1841089	0.0522614734	0.0519115742	0.0513301431	0.0505197734	0.0494840794	0.0482276804	0.0467561802	0.0450761418	0.0431950583	0.0411213197	0.0388641751	0.0364336915	0.0338407093	0.0310967934	0.028214182	0.0252057321	0.0220848615	0.0188654898	0.0155619757	0.0121890533	0.0087617663	-0.0457339299	-0.0731110387	-0.0392281484	-0.0361851639	-0.0483507791	-0.0088584785	0.0068722396	0.04224537	-0.0281049512	0.051215249	0	0	0	0	0	0	0	0	0	0	0	0
0.164896	0.272509	-0.703811	0.0280787	-9.95901e-05	0.00106215	-0.043695	0.2739882	-0.839453	0.02217089	0.0026066299	0.00231698	2.511861195	0.0522459219	0.0518495163	0.0511910666	0.0502739006	0.0491026536	0.0476832451	0.0460228486	0.0441298556	0.0420138333	0.0396854757	0.0371565505	0.0344398384	0.0315490697	0.028498854	0.025304607	0.0219824722	0.0185492395	0.0150222601	0.0114193591	0.0077587455	0.0040589197	-0.1002246936	0.0454002371	0.0179093827	0.0727284444	0.003901126	0.0844853462	0.0091614588	0.0014019395	0.2431677281	-0.0391909914	1	0	0	0	0	0	0	0	0	0	0	0
0.0717251	0.00355552	-1.31379	0.0334237	0.00236412	0.00415558	-0.0931709	-0.26895348	-0.609979	0.00534499999999999	0.0024637101	0.00309343	1.517210385	0.0522294002	0.0517836067	0.051043434	0.0500130897	0.0486984311	0.0471069319	0.0452476394	0.0431311232	0.0407694154	0.0381759417	0.0353654455	0.032353904	0.0291584371	0.0257972105	0.0222893319	0.018654743	0.0149141057	0.0110886847	0.0072002268	0.0032708371	-0.0006771467	-0.0790229242	0.0781180973	0.0418496023	-0.0031176425	0.115650657	0.1875942222	0.01491532	0.0482249162	0.2581235381	-0.0948403286	0	1	0	0	0	0	0	0	0	0	0	0
0.00375261	-0.0880613	-0.34828	0.00371749	-0.00016866	0.00130969	-0.06797249	-0.09161682	0.96551	-0.02970621	-0.00253278	-0.00284589	2.87934331	0.0522119084	0.0517138504	0.0508872699	0.0497374181	0.0482715996	0.0464991262	0.044431258	0.0420811315	0.0394636764	0.0365955205	0.0334948844	0.0301814655	0.0266763128	0.0230016937	0.0191809517	0.015238359	0.0111989617	0.0070884207	0.0029328492	-0.0012413539	-0.005407671	-0.1463444508	-0.0020249682	0.0017473094	0.0044794471	0.0054396838	0.0448678022	-0.0687737175	-0.0132067818	-0.0707936467	0.0401902478	0	0	1	0	0	0	0	0	0	0	0	0
-0.0131101	-0.0479159	-0.0439655	1.12131e-05	0.000623199	-0.000277334	-0.01686271	0.0401454	0.3043145	-0.0037062769	0.000791859	-0.001587024	0.665580605	0.0521934471	0.0516402525	0.0507226006	0.0494469678	0.0478223571	0.0458602343	0.0435744473	0.0409811285	0.0380985803	0.0349471469	0.0315490697	0.0279283311	0.024110485	0.0201224762	0.0159924506	0.0117495564	0.0074237382	0.0030455261	-0.0013541801	-0.0057443291	-0.0100939368	0.0089006506	-0.0214055267	-0.0056711442	-0.0306764513	0.1060220982	-0.0117645673	-0.035155091	0.0580149315	-0.0372142811	-0.0162846215	0	0	0	0	0	0	0	0	0	0	0	0
-0.00537854	-0.0143924	0.0223793	0.000740517	-3.47334e-05	-0.000277334	0.00773156	0.0335235	0.0663448	0.0007293039	-0.0006579324	0	0.176961675	0.0521740164	0.0515628185	0.0505494535	0.0491418251	0.0473509122	0.0451906832	0.042677987	0.0398324213	0.0366761804	0.0332338815	0.0295323731	0.0256005252	0.0214690046	0.0171700353	0.0127371473	0.0082049152	0.0036086884	-0.0010156846	-0.0056321357	-0.0102046586	-0.0146975897	0.0100634869	-0.0078030119	-0.0441888889	-0.0243525995	0.1116442335	0.0451032638	-0.0158745746	0.0333781277	-0.0762671907	-0.0056344848	0	0	0	0	0	0	0	0	0	0	0	0
-0.0130383	0.0154168	0.0253974	-0.00013994	-0.000571553	-0.000638244	-0.00765976	0.0298092	0.0030181	-0.000880457	-0.0005368196	-0.00036091	0.12939639	0.0521536168	0.0514815542	0.0503678575	0.0488220806	0.0468574839	0.0444909208	0.0417426926	0.0386363752	0.0351986159	0.0314589057	0.0274493255	0.0232042715	0.0187601599	0.0141551145	0.0094286395	0.004621281	-0.0002257211	-0.0050707869	-0.009872353	-0.0145892291	-0.0191809517	-6.72567e-05	0.0041288147	-0.0768365466	-0.0841197705	0.1009614789	0.1165190891	-0.0236564582	0.0913538591	-0.0341451867	-0.0169851608	0	0	0	0	0	0	0	0	0	0	0	0
-0.0459789	0.0153832	0.0252877	-0.00073383	-0.000159447	-0.0010308	-0.0329406	-3.36000000000017e-05	-0.000109700000000001	-0.00059389	0.000412106	-0.000392556	0.1030115	0.0521322486	0.0513964655	0.050177843	0.0484878293	0.0463423012	0.0437614146	0.0407694154	0.0373944116	0.0336681095	0.0296255153	0.025304607	0.0207459769	0.0159924506	0.0110886847	0.0060807472	0.0010156846	-0.0040589197	-0.0090953929	-0.0140464202	-0.0188654898	-0.0235073292	-0.0134269768	0.059484043	-0.1537176692	-0.1013288475	0.0383216369	0.1743531562	-0.0638753751	0.0612777207	-0.0492081753	-0.0054130904	0	0	0	0	0	0	0	0	0	0	0	0
-0.0459877	0.0334887	0.114398	-0.000553005	0.00012395	-0.0012992	-8.79999999999631e-06	0.0181055	0.0891103000000001	0.000180825	0.000283397	-0.0002684	0.1438557	0.0521099123	0.0513075588	0.0499794418	0.0481391707	0.0458056033	0.0430026525	0.0397590408	0.0361080066	0.0320869629	0.0277371148	0.0231030362	0.0182322141	0.0131745611	0.0079819045	0.0027074549	-0.0025947387	-0.0078703433	-0.0130652981	-0.018126369	-0.0230016937	-0.0276413132	0.0173296057	0.0232383331	-0.1746213342	-0.1217007202	0.0168624766	0.1639209357	-0.0728196914	0.1225357583	-0.0447734956	0.0392182357	0	0	0	0	0	0	0	0	0	0	0	0
-0.0552838	-0.00330455	0.0920034	-0.000235091	0.000622293	-0.00116728	-0.00929610000000002	-0.03679325	-0.0223946000000001	0.000317914	0.000498343	0.00013192	0.1158928	0.0520866082	0.0512148408	0.049772687	0.0477762082	0.0452476394	0.0422151417	0.0387124883	0.0347786889	0.0304575546	0.0257972105	0.0208495594	0.015669704	0.0103153331	0.0048460789	-0.0006771467	-0.0061928308	-0.0116395445	-0.0169566271	-0.0220848615	-0.0269671338	-0.0315490697	0.0347616006	0.0008475826	-0.1403505279	-0.0935840414	-0.0456966168	0.1304581296	-0.0197545173	0.0572771655	-0.0614897609	0.0298599101	0	0	0	0	0	0	0	0	0	0	0	0
-0.0665636	-0.0256358	0.0952999	-0.000478793	0.00123541	-0.00116728	-0.0112798	-0.02233125	0.00329649999999999	-0.000243702	0.000613117	0	0.0797485	0.0520623368	0.0511183183	0.0495576132	0.0473990497	0.0446686685	0.0413994086	0.0376307102	0.0334080384	0.0287823352	0.0238094045	0.0185492395	0.0130652981	0.0074237382	0.0016926191	-0.0040589197	-0.0097614921	-0.0153463027	-0.0207459769	-0.0258953737	-0.030732371	-0.0351986159	0.0625676295	-0.0063156187	-0.0828620686	-0.0813033232	-0.0155823516	0.0690801896	-0.0507695156	0.0482349705	-0.0451357332	0.0229898198	0	0	0	0	0	0	0	0	0	0	0	0
-0.0553678	-0.050631	0.0433855	-0.00161185	0.00123541	-0.00116728	0.0111958	-0.0249952	-0.0519144	-0.001133057	0	0	0.14475825	0.0520370985	0.0510179984	0.0493342563	0.0470078072	0.0440689593	0.0405559987	0.0365146908	0.0319976841	0.0270638244	0.021777388	0.0162072446	0.0104259597	0.0045088495	-0.0014670001	-0.0074237382	-0.0132837629	-0.018970732	-0.024410558	-0.0295323731	-0.0342694522	-0.0385600826	0.0581747768	0.0094081808	-0.0783697804	-0.0445007374	-0.0389191593	0.0548420233	-0.0019291878	0.0167658823	-0.1005071607	0.0112360978	0	0	0	0	0	0	0	0	0	0	0	0
-0.0555757	-0.0506449	0.0730795	-0.00167022	0.00110492	-0.00116728	-0.00020789999999999	-1.38999999999972e-05	0.029694	-5.83700000000001e-05	-0.00013049	0	0.0393588	0.0520108938	0.0509138886	0.0491026536	0.0466025972	0.0434487905	0.0396854757	0.0353654455	0.030549302	0.025304607	0.0197049341	0.0138288366	0.0077587455	0.0015798132	-0.004621281	-0.010757547	-0.016742904	-0.0224933884	-0.0279283311	-0.0329714899	-0.0375521182	-0.0416059582	0.0789264233	-0.0090212733	-0.0028690947	-0.072326706	0.0205223017	-0.0020046084	0.0045681715	0.0144838859	-0.0651033976	-0.0344271698	0	0	0	0	0	0	0	0	0	0	0	0
-0.0685167	-0.050726	0.0608658	-0.00220885	0.000884324	-0.00148327	-0.012941	-8.11000000000006e-05	-0.0122137	-0.00053863	-0.000220596	-0.00031599	0.0789966	0.0519837232	0.0508059967	0.048862844	0.0461835398	0.0428084497	0.0387884217	0.0341840202	0.0290646136	0.0235073292	0.0175958911	0.0114193591	0.0050707869	-0.0013541801	-0.0077587455	-0.0140464202	-0.0201224762	-0.0258953737	-0.03127814	-0.0361896802	-0.0405559987	-0.044311314	0.0640719365	0.0150118656	-0.0652025901	-0.0035929074	0.0623726251	0.0300474073	-0.0291158926	0.031145875	-0.0936995804	-0.0127191017	0	0	0	0	0	0	0	0	0	0	0	0
-0.0665874	-0.0274543	0.193013	-0.00195885	0.00080352	-0.000546953	0.00192929999999999	0.0232717	0.1321472	0.00025	-8.08040000000002e-05	0.000936317	0.22070425	0.0519555872	0.0506943307	0.0486148674	0.0457507597	0.0421482344	0.0378654364	0.0329714899	0.0275453833	0.021674694	0.015454175	0.0089842256	0.0023692706	-0.0042839244	-0.0108679768	-0.01727662	-0.0234064185	-0.0291584371	-0.0344398384	-0.0391653804	-0.0432587929	-0.0466540082	0.1047004038	-0.0348739176	-0.0397991256	-0.0073751642	0.0557717803	-0.0078625909	-0.0170763023	0.0339936305	-0.0675916015	-0.0294075468	0	0	0	0	0	0	0	0	0	0	0	0
-0.0515588	-0.0720906	0.0740694	-0.00201935	0.00124865	-0.0015896	0.0150286	-0.0446363	-0.1189436	-6.05000000000002e-05	0.00044513	-0.001042647	0.25602235	0.0519264863	0.0505788988	0.0483587652	0.0453043854	0.0414684511	0.0369171367	0.0317289578	0.0259934166	0.0198094581	0.0132837629	0.0065289069	-0.0003385804	-0.0072002268	-0.0139376608	-0.0204346535	-0.0265791242	-0.0322650733	-0.0373944116	-0.0418786518	-0.0456404355	-0.0486148674	0.0664153411	-0.0068188065	-0.072056504	0.0037708349	-0.0062126696	0.0494137431	0.0091040897	0.0216056945	-0.0748171685	-0.0249665739	0	0	0	0	0	0	0	0	-0.380374703292263	-1.08091270754883	-2.22840312389761	-1.68540061352814
-0.066465	-0.0475834	0.0741407	-0.00182193	0.00121575	-0.0015896	-0.0149062	0.0245072	7.12999999999964e-05	0.00019742	-3.29e-05	0	0.0510007	0.051896421	0.0504597097	0.0480945804	0.0448445497	0.0407694154	0.0359441567	0.0304575546	0.024410558	0.0179144269	0.0110886847	0.0040589197	-0.0030455261	-0.0100939368	-0.0169566271	-0.0235073292	-0.0296255153	-0.0351986159	-0.0401240904	-0.044311314	-0.0476832451	-0.050177843	0.0654695014	-0.0318923418	-0.0129574688	-0.0454274327	0.0134192913	-0.011230463	-0.024965228	-0.00048632	-0.0597965681	-0.0148185988	0	0	0	0	0	0	0	0	-1.27014591083183	-1.28774394727322	-2.22840312389761	-1.68540061352814
-0.0664636	-0.0390438	0.0339419	-0.00182193	0.00122111	-0.0015896	1.39999999998475e-06	0.00853959999999999	-0.0401988	0	5.36000000000004e-06	0	0.0490078	0.051865392	0.0503367722	0.0478223571	0.044371389	0.0400514517	0.0349471469	0.0291584371	0.0227986886	0.0159924506	0.0088730165	0.0015798132	-0.0057443291	-0.0129559745	-0.0199138901	-0.0264818121	-0.0325311144	-0.0379433273	-0.0426124582	-0.0464470668	-0.0493720561	-0.0513301431	0.0620643572	0.0045850137	-0.001721881	-0.0362363253	-0.0203607113	0.0108591371	0.00525254	-0.0192936782	-0.0388119366	0.0609569823	0	0	0	0	0	0	0	0	-1.72108836539445	-1.30444164896667	-2.22840312389761	-1.68540061352814
-0.0664546	-0.0147632	0.0580705	-0.00182193	0.00127355	-0.00185389	9.000000000009e-06	0.0242806	0.0241286	0	5.244e-05	-0.00026429	0.0642547	0.0518333998	0.0502100954	0.0475421407	0.043885044	0.0393148935	0.0339267737	0.0278327876	0.0211597241	0.0140464202	0.0066408724	-0.0009028426	-0.0084277735	-0.0157773596	-0.0227986886	-0.0293456776	-0.0352821126	-0.0404844828	-0.0448445497	-0.0482715996	-0.0506943307	-0.0520623368	0.0525521144	-0.0077662773	-0.024379299	0.0198629326	0.0640017768	0.004691289	-0.0175801357	0.014317769	-0.0740370775	-0.0193753229	0	0	0	0	0	0	0	0	-1.94040207786486	-1.30946970887924	-2.22840312389761	-1.68540061352814
-0.0476297	-0.0147305	0.0706853	-0.00182193	0.00115378	-0.0015896	0.0188249	3.27000000000001e-05	0.0126148	0	-0.00011977	0.00026429	0.0506754	0.0518004449	0.0500796887	0.0472539781	0.0433856593	0.0385600826	0.0328837193	0.0264818121	0.0194956122	0.0120792627	0.0043963972	-0.0033834701	-0.0110886847	-0.0185492395	-0.0256005252	-0.0320869629	-0.0378654364	-0.0428084497	-0.0468069407	-0.049772687	-0.0516402525	-0.0523684314	0.0694939298	-0.0235655574	-0.0322523809	0.0458913213	0.0014277201	0.0080004635	0.0469657788	0.0021045403	-0.0618950845	-0.0235534265	0	0	0	0	0	0	0	0	-1.8639743861055	-1.31045519011602	-2.22840312389761	-1.68540061352814
-0.0435084	0.0193666	0.0581719	-0.00102443	0.00115378	-0.0015896	0.00412129999999999	0.0340971	-0.0125134	0.0007975	0	0	0.0906068	0.051766528	0.0499455618	0.0469579174	0.0428733831	0.0377873696	0.0318186811	0.0251067401	0.0178083308	0.0100939368	0.0021437585	-0.0058564958	-0.0137199483	-0.0212629165	-0.0283092043	-0.0346942175	-0.0402688086	-0.0449027607	-0.0484878293	-0.050940271	-0.0522027989	-0.0522459219	0.0551801953	-0.0051668032	-0.0169029902	0.0075882608	-0.0086491884	0.0011064324	-0.0149946708	-0.0181016796	-0.0344021656	-0.0034468461	0	0	0	0	0	0	0	0	-1.269730985461	-1.30552401864244	-2.22840312389761	0.592443852028073
-0.0604867	-0.0147732	0.0658273	-0.00167383	0.00164808	-0.00201469	-0.0169783	-0.0341398	0.00765540000000001	-0.0006494	0.0004943	-0.00042509	0.137213	0.0517316498	0.0498077248	0.0466540082	0.0423483678	0.0369971132	0.030732371	0.0237088227	0.016099885	0.0080934286	-0.0001128608	-0.0083163637	-0.016314529	-0.0239098759	-0.0309148693	-0.0371565505	-0.0424808075	-0.0467561802	-0.0498771065	-0.051766528	-0.0523777937	-0.0516958108	0.0566892296	0.0166431662	0.0052002757	-0.0209827799	0.0001486354	-0.0140315538	-0.0134622387	-0.0112896798	-0.0221419256	0.0187770627	0	0	0	0	0	0	0	0	-0.819378014926554	-1.29582902680275	-2.22840312389761	-1.68540061352814
-0.0515101	-0.00519472	0.106317	-0.00132906	0.0015283	-0.0015896	0.00897659999999999	0.00957848	0.0404897	0.00034477	-0.00011978	0.00042509	0.10352678	0.0516958108	0.0496661877	0.0463423012	0.0418107693	0.0361896802	0.0296255153	0.0222893319	0.0143723053	0.0060807472	-0.0023692706	-0.010757547	-0.0188654898	-0.0264818121	-0.0334080384	-0.0394636764	-0.0444909208	-0.0483587652	-0.0509664168	-0.0522459219	-0.0521639377	-0.0507226006	0.0762875914	-0.0032257652	0.0182274922	-0.0286023476	-0.0164821062	-0.0332836866	-0.0132239649	-0.0131786673	-0.0187434265	0.022503497	0	0	0	0	0	0	0	0	-0.070303873688766	-0.666333026623556	-2.22840312389761	0.592443852028073
-0.0664953	-0.0427297	0.057001	-0.00131183	0.00137489	-0.00170667	-0.0149852	-0.03753498	-0.049316	1.723e-05	-0.00015341	-0.00011707	0.11622168	0.0516590118	0.0495209612	0.0460228486	0.0412607473	0.0353654455	0.028498854	0.0208495594	0.0126276447	0.0040589197	-0.004621281	-0.0131745611	-0.0213660101	-0.0289706552	-0.0357796393	-0.0416059582	-0.0462895956	-0.0497019183	-0.0517492091	-0.0523752403	-0.0515628185	-0.0493342563	0.0525807582	-0.0101245728	0.0193356166	-0.0207404462	-0.0333429307	-0.013465814	0.018206745	-0.0138524973	-0.0298675617	0.043545769	0	0	0	0	0	0	0	0	-0.405381764620103	-0.254645839147796	-2.22840312389761	0.592443852028073
-0.0358532	-0.0427007	0.0460075	-0.000975526	0.00137489	-0.00158959	0.0306421	2.90000000000013e-05	-0.0109935	0.000336304	0	0.00011708	0.0643338	0.0516212534	0.0493720561	0.0456957037	0.0406984653	0.0345247919	0.0273531403	0.0193908153	0.0108679768	0.0020309873	-0.0068647103	-0.0155619757	-0.0238094045	-0.0313685957	-0.0380210421	-0.0435744473	-0.0478682839	-0.0507784337	-0.0522207755	-0.0521536168	-0.0505788988	-0.0475421407	0.0546257435	0.0047330426	0.0474237219	-0.0134094452	-0.0367724745	-0.0314062776	0.011587643	-0.036688471	-0.0271690526	0.026930515	0	0	0	0	0	0	0	0	-0.036558840976344	-0.109412144362484	-2.22840312389761	0.592443852028073
-0.042611	-0.0426829	0.00263916	-0.000531914	0.000973601	-0.00158959	-0.00675780000000001	1.77999999999914e-05	-0.04336834	0.000443612	-0.000401289	0	0.09238899	0.0515825363	0.0492194833	0.0453609212	0.0401240904	0.0336681095	0.02618914	0.0179144269	0.0090953929	0	-0.0090953929	-0.0179144269	-0.02618914	-0.0336681095	-0.0401240904	-0.0453609212	-0.0492194833	-0.0515825363	-0.0523782801	-0.0515825363	-0.0492194833	-0.0453609212	0.0110275727	-0.0174153676	0.0142524986	0.025643134	-0.0068549227	-0.0297244257	0.0118733275	0.0019215366	-0.0321881028	0.0361497706	0	0	0	0	0	0	0	0	-0.015870572755613	-0.824054857785607	-2.22840312389761	-1.68540061352814
-0.0210823	0.0331092	-0.0329632	0.000695556	0.000792611	-0.00132957	0.0215287	0.0757921	-0.03560236	0.00122747	-0.00018099	0.00026002	0.21634716	0.0515428613	0.0490632542	0.045018557	0.0395377932	0.0327957961	0.0250076315	0.0164217376	0.0073119995	-0.0020309873	-0.0113091867	-0.0202266294	-0.028498854	-0.0358619813	-0.0420811315	-0.0469579174	-0.0503367722	-0.0521099123	-0.0522207755	-0.0506658255	-0.0474946641	-0.0428084497	0.0031610714	0.0054720512	0.020650771	0.0584571091	0.0127099576	-0.0363362018	0.0103683279	-0.0263671013	-0.016434057	0.0216769656	0	0	0	0	0	0	0	0	-0.160487679960007	-0.152715399728126	-2.22840312389761	-1.68540061352814
-0.0169219	0.0359696	-0.162298	0.00164017	0.000479431	-0.00104062	0.0041604	0.0028604	-0.1293348	0.000944614	-0.00031318	0.00028895	0.2136928	0.051502229	0.0489033805	0.0446686685	0.0389397479	0.0319082567	0.0238094045	0.0149141057	0.0055199161	-0.0040589197	-0.0135019809	-0.0224933884	-0.030732371	-0.0379433273	-0.043885044	-0.0483587652	-0.0512148408	-0.0523577323	-0.0517492091	-0.0494096266	-0.0454172463	-0.0399056168	-0.0990201629	0.0190335064	0.0247121237	0.0027261092	-0.0358669773	-0.0314471037	-0.0203618686	-0.0127122923	0.0356185986	0.0233905275	0	0	0	0	0	0	0	0	-0.009563595579954	-1.05898683045974	-2.22840312389761	0.592443852028073
-0.0018957	0.0749016	-0.068242	0.00169311	0.000973601	-0.000781584	0.0150262	0.038932	0.094056	5.294e-05	0.00049417	0.000259036	0.1883215	0.0514606403	0.048739874	0.044311314	0.0383301323	0.0310059033	0.0225952602	0.013392903	0.0037212726	-0.0060807472	-0.015669704	-0.024709611	-0.0328837193	-0.0399056168	-0.0455292636	-0.0495576132	-0.0518495163	-0.052324667	-0.0509664168	-0.0478223571	-0.0430026525	-0.0366761804	-0.0274225672	-0.0409633825	0.0356255345	0.0229279663	-0.0573451469	-0.0917909873	0.0359217593	-0.0211702083	0.0146589232	0.0026500688	0	0	0	0	0	0	0	0	0.223642030230019	-0.914666043968414	-2.22840312389761	0.592443852028073
0.00687937	0.0569796	-0.123579	0.00128759	0.000973601	-0.00128022	0.00877507	-0.017922	-0.055337	-0.00040552	0	-0.000498636	0.12724187	0.0514180959	0.0485727468	0.0439465533	0.0377091275	0.0300891549	0.0213660101	0.0118595137	0.0019182066	-0.0080934286	-0.0178083308	-0.0268703181	-0.0349471469	-0.0417426926	-0.0470078072	-0.0505494535	-0.0522377823	-0.0520108938	-0.0498771065	-0.0459146523	-0.0402688086	-0.0331465714	-0.049580146	0.0311612081	0.0618294427	0.0130956695	-0.0250352087	-0.0612159489	0.0058054261	-0.0700013973	0.0256974066	0.0006370676	0	0	0	0	0	0	0	0	0.978265798302627	-0.777503560825223	-2.22840312389761	0.592443852028073
-0.0142379	0.070014	0.0117211	0.00137844	0.00132972	-0.000622852	-0.02111727	0.0130344	0.1353001	9.08500000000006e-05	0.000356119	0.000657368000000001	0.22466862	0.0513745965	0.0484020114	0.0435744473	0.0370769179	0.0291584371	0.0201224762	0.0103153331	0.0001128608	-0.0100939368	-0.0199138901	-0.0289706552	-0.0369171367	-0.0434487905	-0.0483152946	-0.0513301431	-0.0523777937	-0.0514180959	-0.0484878293	-0.043699295	-0.0372360105	-0.0293456776	-0.009649763	-0.0314774182	0.0787382301	-0.0500953331	0.0285756377	-0.0603889119	0.0073051439	-0.001599249	0.0234819722	0.0139168568	0	0	0	0	0	0	0	0	-0.601538291374283	-1.04351844850192	0.448081059024295	0.592443852028073
0.00925107	0.0223912	-0.087555	0.0021723	0.00141684	-0.00135341	0.02348897	-0.0476228	-0.0992761	0.00079386	8.712e-05	-0.000730558	0.25096477	0.0513301431	0.0482276804	0.0431950583	0.0364336915	0.028214182	0.0188654898	0.0087617663	-0.0016926191	-0.0120792627	-0.0219824722	-0.0310059033	-0.0387884217	-0.045018557	-0.0494469678	-0.051896421	-0.0522688852	-0.0505494535	-0.0468069407	-0.0411911291	-0.0339267737	-0.025304607	-0.0509766055	0.0008674362	-0.0100869973	0.0262119227	-0.0723839309	-0.0048224399	0.0381338277	-0.0069485371	0.0175342622	0.0384756946	0	0	0	0	0	0	0	0	-1.04934482475389	-1.23948124639007	0.448081059024295	0.592443852028073
0.00921438	0.022459	-0.0558591	0.00125769	0.000973601	-0.00158959	-3.66900000000007e-05	6.77999999999998e-05	0.0316959	-0.00091461	-0.000443239	-0.00023618	0.11150184	0.0512847364	0.0480497669	0.0428084497	0.0357796393	0.027256828	0.0175958911	0.0072002268	-0.0034960873	-0.0140464202	-0.0240102362	-0.0329714899	-0.0405559987	-0.0464470668	-0.0503987089	-0.0522459219	-0.0519115742	-0.0494096266	-0.0448445497	-0.0384069609	-0.0303656657	-0.0210564335	-0.0407620533	-0.0010069438	0.0357214572	0.0319518146	-0.0255426057	-0.0500470701	-0.0344176129	-0.0337875002	0.0259156517	0.0149330001	0	0	0	0	0	0	0	0	-1.40273575923613	-1.30470906105827	0.448081059024295	-1.68540061352814
0.0185352	0.0224561	-0.101129	0.00133001	0.000973601	-0.00158959	0.00932082	-2.90000000000359e-06	-0.0452699	7.23200000000001e-05	0	0	0.05820962	0.0512383773	0.0478682839	0.0424146861	0.0351149558	0.0262868196	0.016314529	0.0056321357	-0.0052954007	-0.0159924506	-0.0259934166	-0.0348629988	-0.0422151417	-0.0477298374	-0.0511670547	-0.0523771858	-0.0513075588	-0.0480047303	-0.0426124582	-0.0353654455	-0.0265791242	-0.0166359256	-0.029220337	0.0018445198	0.056604289	0.0465048272	-0.0420033586	-0.0579638888	0.0427193566	-0.041341866	0.0463666071	-0.0083765476	0	0	0	0	0	0	0	0	-0.680559824396712	-1.16849348276696	0.448081059024295	-1.68540061352814
0.00925140000000001	0.0588256	-0.0355413	0.00176978	0.0011442	-0.00110014	-0.00928379999999999	0.0363695	0.0655877	0.00043977	0.000170599	0.00048945	0.16623195	0.0511910666	0.0476832451	0.0420138333	0.0344398384	0.025304607	0.0150222601	0.0040589197	-0.0070884207	-0.0179144269	-0.0279283311	-0.0366761804	-0.0437614146	-0.048862844	-0.0517492091	-0.0522896643	-0.0504597097	-0.0463423012	-0.0401240904	-0.0320869629	-0.0225952602	-0.0120792627	-0.0435701284	-0.0056009571	0.0988054564	-0.0357642719	0.0348990789	-0.0592290072	-0.0045824811	0.0008226904	0.0571786231	-0.0152074546	0	0	0	0	0	0	0	0	-0.938776694249957	-0.656767367231059	0.448081059024295	0.592443852028073
0.028532	0.0296116	-0.0998415	0.00193718	0.000591569	-0.00117864	0.0192806	-0.029214	-0.0643002	0.0001674	-0.000552631	-7.84999999999998e-05	0.15272135	0.0511428052	0.0474946641	0.0416059582	0.0337544877	0.0243106464	0.0137199483	0.0024820104	-0.0088730165	-0.0198094581	-0.0298113868	-0.0384069609	-0.0451906832	-0.0498425313	-0.0521430537	-0.0519837232	-0.0493720561	-0.044431258	-0.0373944116	-0.0285934806	-0.0184436498	-0.0074237382	-0.0450185597	0.0136442255	0.0368869242	-0.0235133873	-0.0498031689	-0.0058148873	0.0544454214	0.0121332248	0.0500683039	0.0398793875	0	0	0	0	0	0	0	0	-1.72884925445418	-0.63854643919708	0.448081059024295	0.592443852028073
0.00919814	0.0585743	-0.0401475	0.00169023	0.000546603	-0.00158959	-0.01933386	0.0289627	0.059694	-0.00024695	-4.4966e-05	-0.00041095	0.14313386	0.051093594	0.047302555	0.0411911291	0.0330591074	0.0233053991	0.0124084642	0.0009028426	-0.0106470671	-0.021674694	-0.0316390872	-0.0400514517	-0.0464991262	-0.0506658255	-0.0523471556	-0.0514606403	-0.0480497669	-0.0422818529	-0.0344398384	-0.0249084068	-0.0141551145	-0.0027074549	-0.0397047358	0.0405782552	0.022810684	-0.0235630909	0.0038164522	0.0039832946	-0.0179268753	-0.0137886099	0.0346114692	0.0059750921	0	0	0	0	0	0	0	0	-1.63901958475616	-0.672463351416252	0.448081059024295	0.592443852028073
0.00919918	0.0376557	-0.0270105	0.00108466	0.000394777	-0.00158959	1.03999999999903e-06	-0.0209186	0.013137	-0.00060557	-0.000151826	0	0.07192644	0.051043434	0.0471069319	0.0407694154	0.032353904	0.0222893319	0.0110886847	-0.0006771467	-0.0124084642	-0.0235073292	-0.0334080384	-0.0416059582	-0.0476832451	-0.0513301431	-0.0523607718	-0.0507226006	-0.0464991262	-0.0399056168	-0.03127814	-0.0210564335	-0.0097614921	0.0020309873	-0.0369167165	-0.021263624	-0.0244917102	0.0606178512	-0.0112212267	0.0048286306	0.0600648156	0.0359203404	0.0236203855	-0.0094077893	0	0	0	0	0	0	0	0	-1.46065131019004	-0.802229739484921	0.448081059024295	0.592443852028073
0.0329208	0.0495151	-0.0270013	0.000750529	0.000591854	-0.00158959	0.02372162	0.0118594	9.20000000000434e-06	-0.000334131	0.000197077	0	0.06215062	0.050992326	0.0469078096	0.0403408874	0.0316390872	0.0212629165	0.0097614921	-0.0022565198	-0.0141551145	-0.025304607	-0.0351149558	-0.0430669878	-0.048739874	-0.0518333998	-0.0521838529	-0.049772687	-0.0447275033	-0.0373152977	-0.0279283311	-0.0170633708	-0.0052954007	0.006752807	-0.0069558689	0.0442453605	-0.0122958826	0.0565283349	0.0221564124	0.0052823884	-0.0165753943	-0.041497282	0.0142688845	-0.0381418597	0	0	0	0	0	0	0	0	-1.45573689840545	-0.860554752233474	0.448081059024295	0.592443852028073
0.00919661	0.0369238	0.000878958	0.000629584	0.000933371	-0.00158959	-0.02372419	-0.0125913	0.027880258	-0.000120945	0.000341517	0	0.087318848	0.050940271	0.0467052026	0.0399056168	0.0309148693	0.0202266294	0.0084277735	-0.0038338396	-0.015884942	-0.0270638244	-0.0367566699	-0.044431258	-0.0496661877	-0.0521740164	-0.0518170426	-0.0486148674	-0.0427433176	-0.0345247919	-0.024410558	-0.0129559745	-0.0007899965	0.0114193591	-0.0253563263	-0.0519839104	-0.0172509188	0.0494900378	0.0242272464	-0.0238011979	-0.0141108235	0.0514667547	0.0422972904	0.005497025	0	0	0	0	0	0	0	0	-1.49311866276192	-0.863903765330201	0.448081059024295	0.592443852028073
0.00921149	0.0366495	-0.0665573	0.0011751	0.000700422	-0.00158959	1.48800000000001e-05	-0.000274300000000005	-0.067436258	0.000545516	-0.000232949	0	0.106648688	0.0508872699	0.0464991262	0.0394636764	0.0301814655	0.0191809517	0.0070884207	-0.005407671	-0.0175958911	-0.0287823352	-0.0383301323	-0.0456957037	-0.0504597097	-0.0523509242	-0.0512616758	-0.0472539781	-0.0405559987	-0.0315490697	-0.0207459769	-0.0087617663	0.0037212726	0.0159924506	-0.0238938462	0.0333666236	-0.0037201856	0.0659326243	0.0162537555	0.0167462391	0.0187388378	-0.0383466897	0.0138873068	-0.0224442987	0	0	0	0	0	0	0	0	-0.839465087515898	-1.27882465050182	0.448081059024295	-1.68540061352814
-0.03158	0.0678343	-0.0349037	0.000933138	0.00163557	-0.00178704	-0.04079149	0.0311848	0.0316536	-0.000241962	0.000935148	-0.00019745	0.17235789	0.0508333239	0.0462895956	0.03901514	0.0294390937	0.018126369	0.0057443291	-0.0069765817	-0.0192859283	-0.0304575546	-0.0398324213	-0.0468574839	-0.0511183183	-0.0523635681	-0.0505197734	-0.0456957037	-0.0381759417	-0.0284040951	-0.0169566271	-0.0045088495	0.0082049152	0.0204346535	-0.0388830121	-0.0106286459	-0.0064443003	0.0316234959	0.0497878357	-0.0202212728	-0.0322675998	0.018944	0.0190722438	-0.0362322022	0	0	0	0	0	0	0	0	-0.908939990836945	-0.910800184876609	0.448081059024295	0.592443852028073
-0.0208957	0.0420583	-0.0920537	0.00159945	0.00115778	-0.00199927	0.0106843	-0.025776	-0.05715	0.000666312	-0.00047779	-0.00021223	0.1614269	0.0507784337	0.0460766263	0.0385600826	0.0286879745	0.0170633708	0.0043963972	-0.0085391442	-0.0209530451	-0.0320869629	-0.0412607473	-0.0479139886	-0.0516402525	-0.0522119084	-0.049594035	-0.0439465533	-0.0356144575	-0.0251067401	-0.0130652981	-0.0002257211	0.0126276447	0.024709611	-0.0268244607	0.0191901145	-0.0071455535	0.0467112379	-0.0062766175	0.0162594576	0.0481039049	-0.0148918836	0.0109862654	-0.0658624393	0	0	0	0	0	0	0	0	-0.946659160904901	-0.799555557608316	0.448081059024295	0.592443852028073
-0.0315815	0.0626698	-0.0382289	0.000903671	0.00173123	-0.00171407	-0.0106858	0.0206115	0.0538248	-0.000695779	0.00057345	0.0002852	0.16284355	0.0507226006	0.0458602343	0.0380985803	0.0279283311	0.0159924506	0.0030455261	-0.0100939368	-0.0225952602	-0.0336681095	-0.0426124582	-0.048862844	-0.0520241169	-0.051896421	-0.0484878293	-0.0420138333	-0.0328837193	-0.021674694	-0.0090953929	0.0040589197	0.0169566271	0.0287823352	-0.0365935752	-0.0152171381	0.0079864893	-0.0159433532	0.0174768518	-0.0137439551	-0.0189986407	0.016946624	0.0451604375	-0.0240510758	0	0	0	0	0	0	0	0	-0.786403717244353	-0.869062178455707	0.448081059024295	0.592443852028073
-0.0315869	0.028908	-0.0768966	0.00143811	0.0016869	-0.00188839	-5.40000000000262e-06	-0.0337618	-0.0386677	0.000534439	-4.433e-05	-0.00017432	0.11008935	0.0506658255	0.0456404355	0.0376307102	0.0271603893	0.0149141057	0.0016926191	-0.0116395445	-0.0242106219	-0.0351986159	-0.043885044	-0.0497019183	-0.0522688852	-0.0514180959	-0.0472051818	-0.0399056168	-0.0299967047	-0.018126369	-0.0050707869	0.0083163637	0.0211597241	0.0326194932	-0.0212604341	0.016435522	-0.0019515574	-0.0027978889	-0.042428742	0.0258251665	0.0399011811	-0.0171018765	0.0282866657	0.0006871961	0	0	0	0	0	0	0	0	-0.57327986591751	-0.915722252468622	0.448081059024295	0.592443852028073
-0.0462705	0.0553414	-0.0297647	0.00137237	0.0017313	-0.00188587	-0.0146836	0.0264334	0.0471319	-6.57400000000001e-05	4.43999999999998e-05	2.52e-06	0.0938819	0.0506081094	0.0454172463	0.0371565505	0.0263843771	0.0138288366	0.0003385804	-0.0131745611	-0.0257972105	-0.0366761804	-0.0450761418	-0.0504293264	-0.0523739028	-0.0507784337	-0.0457507597	-0.0376307102	-0.0269671338	-0.0144808008	-0.0010156846	0.0125180835	0.0252057321	0.0361896802	-0.0132888049	0.0193109795	0.0272735777	-0.0601551888	-0.008603951	0.0130857675	-0.0292100555	-0.0087622345	0.0072514574	-0.0066856376	0	0	0	0	0	0	0	0	-1.0596923050366	-0.841236168978166	0.448081059024295	0.592443852028073
-0.0352998	0.0409713	-0.0136571	0.00125549	0.00175937	-0.00173276	0.0109707	-0.0143701	0.0161076	-0.00011688	2.807e-05	0.00015311	0.0563514	0.0505494535	0.0451906832	0.0366761804	0.0256005252	0.0127371473	-0.0010156846	-0.0146975897	-0.0273531403	-0.0380985803	-0.0461835398	-0.051043434	-0.0523388891	-0.0499794418	-0.0441298556	-0.0351986159	-0.0238094045	-0.010757547	0.0030455261	0.0166359256	0.0290646136	0.0394636764	-0.0116528636	-0.0398074573	0.0010157791	-0.0314529908	-0.0574054539	0.0004941726	0.0065615978	0.0265425569	0.034731782	0.0569729335	0	0	0	0	0	0	0	0	-1.021240323225	-0.860514820448052	0.448081059024295	0.592443852028073
-0.0315681	0.0232778	-0.0463335	0.00196997	0.00196643	-0.0020121	0.0037317	-0.0176935	-0.0326764	0.00071448	0.00020706	-0.00027934	0.1141456	0.0504898588	0.0449607632	0.0361896802	0.0248090665	0.0116395445	-0.0023692706	-0.0162072446	-0.0288765622	-0.0394636764	-0.0472051818	-0.0515428613	-0.0521639377	-0.049023627	-0.0423483678	-0.0326194932	-0.0205385235	-0.0069765817	0.0070884207	0.0206422981	0.0327077205	0.0424146861	-0.0255218126	0.0017680769	-0.0114704729	0.0009634234	-0.0743137603	0.0200824645	-0.0204608327	-0.0231487196	0.0072015795	0.0253483413	0	0	0	0	0	0	0	0	-0.98741832854864	-1.33215083848392	0.448081059024295	0.592443852028073
-0.0315602	0.0645839	-0.0333758	0.000747774	0.00196643	-0.00184714	7.89999999999819e-06	0.0413061	0.0129577	-0.001222196	0	0.00016496	0.1236295	0.0504293264	0.0447275033	0.0356971313	0.0240102362	0.0105365379	-0.0037212726	-0.017702152	-0.0303656657	-0.0407694154	-0.0481391707	-0.0519264863	-0.0518495163	-0.0479139886	-0.0404127789	-0.0299041152	-0.0171700353	-0.003158189	0.0110886847	0.0245103563	0.0361080066	0.045018557	0.0030166711	-0.0328313315	0.0180226327	0.0321179681	0.0005372463	-0.0370129495	-0.0399299523	-0.00808825	0.0211025522	0.0047519693	0	0	0	0	0	0	0	0	-0.571021199584375	-1.36957883727599	0.448081059024295	0.592443852028073
-0.0315645	0.0557085	-0.0908799	0.001503	0.00196643	-0.00195973	-4.29999999999181e-06	-0.0088754	-0.0575041	0.000755226	0	-0.00011259	0.1097746	0.0503678575	0.0444909208	0.0351986159	0.0232042715	0.0094286395	-0.0050707869	-0.0191809517	-0.0318186811	-0.0420138333	-0.0489837722	-0.0521934471	-0.0513964655	-0.0466540082	-0.0383301323	-0.0270638244	-0.0137199483	0.0006771467	0.0150222601	0.028214182	0.0392402281	0.0472539781	-0.0145294491	0.017954441	0.050094812	0.0265466578	0.0023369644	-0.0195044517	0.0240757565	-0.0451058424	0.0258460638	-0.0126625237	0	0	0	0	0	0	0	0	-0.562357401686784	-1.41443527657621	0.448081059024295	0.592443852028073
-0.0483725	0.0716188	-0.0503644	0.00140288	0.00219018	-0.0020121	-0.016808	0.0159103	0.0405155	-0.00010012	0.00022375	-5.23699999999999e-05	0.0920458	0.0503054532	0.0442510332	0.0346942175	0.0223914121	0.0083163637	-0.0064169112	-0.0206422981	-0.0332338815	-0.0431950583	-0.0497374181	-0.0523431439	-0.0508059967	-0.0452476394	-0.0361080066	-0.024110485	-0.0102046586	0.0045088495	0.0188654898	0.0317289578	0.0420811315	0.0491026536	-0.0201201016	0.0282071782	0.0563135604	-0.0773902912	0.0231091727	0.0049106552	-0.0157964555	-0.006170061	0.0360995364	-0.0035913054	0	0	0	0	0	0	0	0	0.052715364112343	-1.39061990242137	0.448081059024295	0.592443852028073
-0.0483999	0.0533678	-0.0721456	0.00141828	0.00153278	-0.0020121	-2.74000000000038e-05	-0.018251	-0.0217812	1.54e-05	-0.0006574	0	0.0736996	0.0502421146	0.0440078585	0.0341840202	0.0215718994	0.0072002268	-0.0077587455	-0.0220848615	-0.034609585	-0.044311314	-0.0503987089	-0.0523752403	-0.0500796887	-0.043699295	-0.0337544877	-0.0210564335	-0.0066408724	0.0083163637	0.0225952602	0.0350311327	0.0446096262	0.0505494535	-0.0473704748	-0.0375101878	-0.0331023877	0.0246904783	0.017563597	0.0204771509	0.0227249165	0.0553520865	0.0136668842	-0.0062781228	0	0	0	0	0	0	0	0	0.862028694150222	-1.47166785855634	0.448081059024295	0.592443852028073
-0.0412217	0.0533677	-0.0660629	0.00141828	0.00167034	-0.0020121	0.0071782	-9.99999999959367e-08	0.00608270000000001	0	0.00013756	0	0.020139	0.050177843	0.0437614146	0.0336681095	0.0207459769	0.0060807472	-0.0090953929	-0.0235073292	-0.0359441567	-0.0453609212	-0.0509664168	-0.0522896643	-0.0492194833	-0.0420138333	-0.03127814	-0.0179144269	-0.0030455261	0.0120792627	0.02618914	0.0380985803	0.0468069407	0.0515825363	-0.0257683764	0.0300241112	-0.0533538991	0.0516216876	-0.0008263044	0.0497051763	-0.0302953911	-0.0141203637	0.0073177157	-0.0060850591	0	0	0	0	0	0	0	0	-0.372781122849803	1.23219600923388	0.448081059024295	0.592443852028073
-0.0483726	0.0533965	-0.0479769	0.000987289	0.00202964	-0.0020121	-0.0071509	2.88000000000024e-05	0.018086	-0.000430991	0.0003593	0	0.06478025	0.0501126395	0.0435117199	0.0331465714	0.0199138901	0.0049584444	-0.0104259597	-0.0249084068	-0.0372360105	-0.0463423012	-0.0514394875	-0.0520866082	-0.0482276804	-0.0401965428	-0.0286879745	-0.0146975897	0.0005642937	0.0157773596	0.0296255153	0.0409107473	0.0486567622	0.0521934471	-0.0199231402	0.0087982973	-0.0213666063	0.0370218374	0.0057314309	0.0037393731	-0.0374520406	0.0080706515	0.0031189363	-0.0031913956	0	0	0	0	0	0	0	0	-0.834036480580902	1.87274148087724	0.448081059024295	0.592443852028073
-0.0378133	0.0304991	-0.039947	0.00100075	0.00196643	-0.0020121	0.0105593	-0.0228974	0.0080299	1.3461e-05	-6.32100000000002e-05	0	0.04532015	0.0500465054	0.0432587929	0.0326194932	0.0190758861	0.0038338396	-0.0117495564	-0.0262868196	-0.0384836111	-0.0472539781	-0.0518170426	-0.051766528	-0.0471069319	-0.0382531258	-0.0259934166	-0.0114193591	0.0041714317	0.0193908153	0.0328837193	0.0434487905	0.0501453577	0.0523771858	0.0054024316	-0.0356792655	0.0077731875	0.0728890544	-0.030676751	-0.0298007309	0.071623039	-0.0204009812	0.0044521627	-0.0461801947	0	0	0	0	0	0	0	0	-0.435498431119346	1.71908623649011	0.448081059024295	0.592443852028073
-0.0408347	0.0653716	-0.0750812	0.000912821	0.00196643	-0.0020121	-0.00302139999999999	0.0348725	-0.0351342	-8.79289999999998e-05	0	0	0.07742455	0.0499794418	0.0430026525	0.0320869629	0.0182322141	0.0027074549	-0.0130652981	-0.0276413132	-0.0396854757	-0.0480945804	-0.0520983812	-0.0513301431	-0.0458602343	-0.0361896802	-0.0232042715	-0.0080934286	0.0077587455	0.0229002443	0.0359441567	0.0456957037	0.0512616758	0.0521322486	0.0156179889	0.0204207678	0.0323992734	0.052254997	0.0223581733	-0.0303419977	0.0098933192	-0.0725209402	-0.0023914662	-0.0560528	0	0	0	0	0	0	0	0	-0.021665027867037	0.296126636369739	0.448081059024295	-1.68540061352814
-0.0483777	0.0551205	-0.0173044	0.000759028	0.00217229	-0.0020121	-0.007543	-0.0102511	0.0577768	-0.000153793	0.00020586	0	0.09355355	0.04991145	0.0427433176	0.0315490697	0.0173831246	0.0015798132	-0.0143723053	-0.0289706552	-0.0408401761	-0.048862844	-0.0522829807	-0.0507784337	-0.0444909208	-0.0340126806	-0.0203306886	-0.0047336909	0.0113091867	0.0262868196	0.0387884217	0.0476364314	0.0519974292	0.0514606403	0.0035077388	-0.0176189517	0.0433374567	0.0090973858	0.0743786072	-0.0515562562	-0.0339499448	0.0144851162	0.0139301456	-0.0450027154	0	0	0	0	0	0	0	0	-0.807497987709657	0.810593411962324	0.448081059024295	-1.68540061352814
-0.048376	0.0305076	-0.0437128	0.00105365	0.00227147	-0.00211045	1.69999999999337e-06	-0.0246129	-0.0264084	0.000294622	9.91799999999999e-05	-9.83500000000001e-05	0.0756306	0.0498425313	0.0424808075	0.0310059033	0.01652887	0.0004514381	-0.015669704	-0.0302736359	-0.0419463399	-0.0495576132	-0.0523704984	-0.0501126395	-0.0430026525	-0.0317289578	-0.0173831246	-0.0013541801	0.0148058821	0.0295323731	0.0413994086	0.0492579697	0.0523471556	0.0503678575	0.0113204057	-0.0191457516	0.0005525529	0.0432385982	-0.0037261345	-0.0016358961	0.0621281735	-0.0029764356	0.005456606	-0.013863316	0	0	0	0	0	0	0	0	-0.582920746139954	1.45741588997221	0.448081059024295	0.592443852028073
-0.0483676	0.0605577	-0.0450026	0.000924927	0.00235832	-0.0020121	8.40000000000563e-06	0.0300501	-0.0012898	-0.000128723	8.68500000000003e-05	9.83500000000001e-05	0.04704445	0.049772687	0.0422151417	0.0304575546	0.015669704	-0.0006771467	-0.0169566271	-0.0315490697	-0.0430026525	-0.050177843	-0.0523607718	-0.0493342563	-0.0413994086	-0.0293456776	-0.0143723053	0.0020309873	0.0182322141	0.0326194932	0.0437614146	0.0505494535	0.0523082586	0.048862844	0.0211266316	0.036329131	0.0264658506	0.00708465	0.0365685306	-0.0010120133	-0.0030718344	-0.0368409585	-0.0061228833	-0.0606361623	0	0	0	0	0	0	0	0	0.521158578889024	2.74089490111085	0.448081059024295	0.592443852028073
-0.0656368	0.0522678	-0.0351266	0.000816406	0.00258154	-0.00214161	-0.0172692	-0.0082899	0.00987600000000001	-0.000108521	0.00022322	-0.00012951	0.05849765	0.0497019183	0.0419463399	0.0299041152	0.0148058821	-0.001805417	-0.0182322141	-0.0327957961	-0.0440078585	-0.0507226006	-0.0522538189	-0.0484450328	-0.0396854757	-0.0268703181	-0.0113091867	0.005407671	0.0215718994	0.0355316183	0.0458602343	0.051502229	0.051881027	0.0469579174	-0.008249623	-0.0396004838	0.0092753324	-0.0067025818	0.0591309059	-0.0278713156	-0.0323804693	0.0582624783	0.0199340763	-0.012802655	0	0	0	0	0	0	0	0	0.451188163213164	3.07431919387287	0.448081059024295	0.592443852028073
-0.0611642	0.0305042	-0.0660487	0.000957586	0.002267	-0.00221328	0.00447260000000001	-0.0217636	-0.0309221	0.00014118	-0.000314539999999999	-7.16700000000002e-05	0.0835278	0.0496302266	0.0416744222	0.0293456776	0.0139376608	-0.0029328492	-0.0194956122	-0.0340126806	-0.0449607632	-0.0511910666	-0.0520498384	-0.047446967	-0.0378654364	-0.0243106464	-0.0082049152	0.0087617663	0.0248090665	0.0382531258	0.0476832451	0.0521099123	0.0510686325	0.0446686685	0.0054077182	0.0053532668	-0.0163860655	0.0425776574	-0.0054780983	0.0314302264	0.0551774917	-0.0204493958	0.0001454234	-0.0157628544	0	0	0	0	0	0	0	0	0.384878738930851	2.66495424458594	0.448081059024295	0.592443852028073
-0.051968	0.0765564	-0.0633925	0.00145005	0.00229961	-0.00232862	0.0091962	0.0460522	0.00265620000000001	0.000492464	3.26099999999998e-05	-0.00011534	0.0899253	0.0495576132	0.0413994086	0.0287823352	0.0130652981	-0.0040589197	-0.0207459769	-0.0351986159	-0.0458602343	-0.0515825363	-0.0517492091	-0.0463423012	-0.0359441567	-0.021674694	-0.0050707869	0.0120792627	0.0279283311	0.0407694154	0.0492194833	0.0523684314	0.0498771065	0.0420138333	-0.0013609404	0.0336254296	0.0033653086	0.0134575387	0.0425870804	0.0089986624	-0.0233604967	-0.0176343296	-0.012357175	-0.0371694469	0	0	0	0	0	0	0	0	-0.014780557114104	2.60424016267523	0.448081059024295	0.592443852028073
-0.0722531	0.0231223	-0.00561184	0.00199238	0.00256374	-0.0020121	-0.0202851	-0.0534341	0.05778066	0.00054233	0.00026413	0.00031652	0.18764886	0.0494840794	0.0411213197	0.028214182	0.0121890533	-0.0051831058	-0.0219824722	-0.036352523	-0.0467052026	-0.051896421	-0.051352489	-0.0451335173	-0.0339267737	-0.018970732	-0.0019182066	0.0153463027	0.0309148693	0.0430669878	0.0504597097	0.0522760543	0.0483152946	0.03901514	-0.0086057751	0.0107617208	0.0152842246	-0.0375594288	0.0184091656	-0.0201495027	-0.0430568278	0.0342525055	0.0150704541	0.0399497431	0	0	0	0	0	0	0	0	0.416872608115855	2.42711831657294	0.448081059024295	0.592443852028073
-0.0599114	0.0231216	-0.0206214	0.00053294	0.00256594	-0.00245782	0.0123417	-6.99999999999312e-07	-0.01500956	-0.00145944	2.19999999999995e-06	-0.00044572	0.12271996	0.0494096266	0.0408401761	0.0276413132	0.0113091867	-0.0063048856	-0.0232042715	-0.0374733519	-0.0474946641	-0.0521322486	-0.050860415	-0.043823331	-0.0318186811	-0.0162072446	0.0012413539	0.0185492395	0.0337544877	0.0451335173	0.0513964655	0.0518333998	0.0463947917	0.0356971313	0.0327650357	-0.0041044784	-0.0220880545	0.0158069335	-0.046592932	0.0228498468	0.057517773	-0.0243250053	-0.0295807599	-0.0495522686	0	0	0	0	0	0	0	0	1.2462228181579	2.540883307863	0.448081059024295	0.592443852028073
-0.0472099	0.0485322	0.0444842	-0.000162589	0.00273876	-0.00238767	0.0127015	0.0254106	0.0651056	-0.000695529	0.00017282	7.01499999999997e-05	0.15014265	0.0493342563	0.0405559987	0.0270638244	0.0104259597	-0.0074237382	-0.024410558	-0.0385600826	-0.0482276804	-0.0522896643	-0.0502739006	-0.0424146861	-0.0296255153	-0.013392903	0.0043963972	0.021674694	0.0364336915	0.0469579174	0.0520241169	0.051043434	0.0441298556	0.0320869629	0.0559012688	0.0110566423	0.0304453203	-0.0171214636	0.0589319258	-0.0077562305	-0.0200643811	0.011994336	-0.0359884133	0.0062310812	0	0	0	0	0	0	0	0	1.01684019425253	2.6514127466986	0.448081059024295	0.592443852028073
-0.0446781	0.0227375	-0.0627935	-0.000152352	0.00264301	-0.00229529	0.0025318	-0.0257947	-0.1072777	1.0237e-05	-9.57499999999999e-05	9.238e-05	0.14552255	0.0492579697	0.0402688086	0.0264818121	0.0095396348	-0.0085391442	-0.0256005252	-0.0396117264	-0.0489033805	-0.0523684314	-0.049594035	-0.0409107473	-0.0273531403	-0.0105365379	0.0075354425	0.024709611	0.0389397479	0.0485304007	0.0523388891	0.04991145	0.0415373011	0.028214182	0.0045575628	-0.0515599022	0.0033716993	-0.0434953911	-0.0415058843	0.0802201022	0.0711623212	0.066697744	0.0214726843	0.0454017971	0	0	0	0	0	0	0	0	1.28955268270598	2.6421013682256	0.448081059024295	0.592443852028073
-0.014694	0.0590459	-0.0412762	0.00153927	0.00130343	-0.00181101	0.0299841	0.0363084	0.0215173	0.001691622	-0.00133958	0.00048428	0.2635839	0.0491807684	0.0399786271	0.0258953737	0.0086504753	-0.0096505858	-0.0267733776	-0.0406273263	-0.0495209612	-0.0523684314	-0.0488220806	-0.0393148935	-0.0250076315	-0.0076471118	0.0106470671	0.0276413132	0.0412607473	0.0498425313	0.0523388891	0.0484450328	0.0386363752	0.024110485	0.0037120532	0.0339560586	-0.0098838551	-0.031933044	-0.0156604449	0.0103833749	-0.0562877404	-0.0045288735	0.0249955081	0.0668585154	0	0	0	0	0	0	0	0	1.20614989469266	2.71553390991773	0.448081059024295	0.592443852028073
-0.0368652	0.0497538	0.0193689	0.000794529	0.00229714	-0.0022621	-0.0221712	-0.0092921	0.0606451	-0.000744741	0.00099371	-0.00045109	0.20158545	0.0491026536	0.0396854757	0.025304607	0.0077587455	-0.010757547	-0.0279283311	-0.0416059582	-0.0500796887	-0.0522896643	-0.0479594708	-0.0376307102	-0.0225952602	-0.0047336909	0.0137199483	0.0304575546	0.0433856593	0.0508872699	0.0520241169	0.0466540082	0.0354486142	0.0198094581	0.0020520383	0.0098781491	-0.021451047	-0.0827304605	0.0144084437	0.0275635022	-0.0668382399	0.0381460569	-0.0100632731	0.0480734322	0	0	0	0	0	0	0	0	1.31124257184876	0.382196453891844	0.448081059024295	0.592443852028073
-0.0471841	0.0281477	-0.0153627	0.000976569	0.0023559	-0.00260566	-0.0103189	-0.0216061	-0.0347316	0.00018204	5.87600000000001e-05	-0.00034356	0.0958746	0.049023627	0.0393893764	0.024709611	0.0068647103	-0.0118595137	-0.0290646136	-0.0425467316	-0.0505788988	-0.0521322486	-0.0470078072	-0.0358619813	-0.0201224762	-0.001805417	0.016742904	0.0331465714	0.0453043854	0.0516590118	0.0513964655	0.0445503769	0.0319976841	0.0153463027	0.0118206234	0.0088596283	-0.0700715656	-0.0251250546	-0.0304011353	0.0534110271	0.0283661672	0.020999133	-0.0299497028	0.0325698898	0	0	0	0	0	0	0	0	0.875128958882402	2.6141725298934	0.448081059024295	0.592443852028073
-0.0471959	0.0474306	-0.00344142	0.000511484	0.00253186	-0.00243537	-1.17999999999993e-05	0.0192829	0.01192128	-0.000465085	0.00017596	0.00017029	0.07178273	0.04894369	0.039090351	0.024110485	0.0059686353	-0.0129559745	-0.0301814655	-0.0434487905	-0.0510179984	-0.051896421	-0.0459688572	-0.0340126806	-0.0175958911	0.0011285219	0.0197049341	0.0356971313	0.0470078072	0.0521536168	0.0504597097	0.0421482344	0.0283092043	0.010757547	0.0221572164	0.0333208019	-0.049397488	-0.0694704833	-0.0164893114	0.0556735887	-0.0533900143	-0.0047974787	-0.0235877697	0.035941372	0	0	0	0	0	0	0	0	0.442797357209417	2.72832906721003	0.448081059024295	0.592443852028073
-0.047172	0.0254334	-0.0132935	0.000269071	0.00256519	-0.00243537	2.38999999999934e-05	-0.0219972	-0.00985208	-0.000242413	3.33300000000003e-05	0	0.04566033	0.048862844	0.0387884217	0.0235073292	0.0050707869	-0.0140464202	-0.03127814	-0.044311314	-0.0513964655	-0.0515825363	-0.0448445497	-0.0320869629	-0.0150222601	0.0040589197	0.0225952602	0.0380985803	0.0484878293	0.0523684314	0.0492194833	0.0394636764	0.024410558	0.0060807472	0.0257445159	-0.0548935577	-0.0319802805	-0.0558495605	-0.0756993566	0.0039428612	0.0288517513	0.0335506849	-0.013589208	0.0354346077	0	0	0	0	0	0	0	0	0.690578352060494	1.20426450290277	0.448081059024295	0.592443852028073
-0.0471639	0.0339126	-0.0666203	0.000511484	0.00260766	-0.00243537	8.10000000000394e-06	0.0084792	-0.0533268	0.000242413	4.24699999999997e-05	0	0.07605825	0.0487810905	0.0384836111	0.0229002443	0.0041714317	-0.0151303447	-0.032353904	-0.0451335173	-0.0517138504	-0.0511910666	-0.0436369724	-0.0300891549	-0.0124084642	0.0069765817	0.0254033645	0.0403408874	0.0497374181	0.0523023033	0.0476832451	0.0365146908	0.0203306886	0.0013541801	0.0284200403	0.0215757686	0.0242262324	-0.0440331464	-0.0511838115	0.0077304733	0.0030102055	-0.0392010119	-0.0244193827	-0.0092799753	0	0	0	0	0	0	0	0	1.09644953821696	1.15464769204982	0.448081059024295	0.592443852028073
-0.043017	0.0563466	-0.0160115	0.000940453	0.00265386	-0.00225322	0.0041469	0.022434	0.0506088	0.000428969	4.62000000000002e-05	0.00018215	0.11005565	0.0486984311	0.0381759417	0.0222893319	0.0032708371	-0.0162072446	-0.0334080384	-0.0459146523	-0.0519697758	-0.0507226006	-0.0423483678	-0.028023745	-0.0097614921	0.009872353	0.0281190288	0.0424146861	0.050750635	0.0519555872	0.0458602343	0.0333210373	0.016099885	-0.0033834701	0.0090934983	-0.0330548996	0.0233563579	-0.0535685456	0.0019147304	-0.0220667454	-0.0182447782	0.0156162289	-0.0160653293	0.0485556382	0	0	0	0	0	0	0	0	0.784966902731406	2.93297742078034	0.448081059024295	0.592443852028073
-0.0420132	0.0303716	-0.0555324	0.000905726	0.00229404	-0.00243537	0.00100380000000001	-0.025975	-0.0395209	-3.4727e-05	-0.00035982	-0.00018215	0.09533455	0.0486148674	0.0378654364	0.021674694	0.0023692706	-0.01727662	-0.0344398384	-0.0466540082	-0.0521639377	-0.050177843	-0.0409811285	-0.0258953737	-0.0070884207	0.0127371473	0.030732371	0.044311314	0.0515226647	0.0513301431	0.0437614146	0.0299041152	0.0117495564	-0.0080934286	0.0090336572	0.0181432961	-0.0183171631	-0.0049878318	0.0054794452	0.0083607413	0.0205370082	0.002756192	-0.031094648	0.0595455999	0	0	0	0	0	0	0	0	0.677473625765186	2.83697857330852	0.448081059024295	0.592443852028073
-0.0472025	0.0635306	0.00834948	0.000604357	0.00254737	-0.00243537	-0.0051893	0.033159	0.06388188	-0.000301369	0.00025333	0	0.12996513	0.0485304007	0.0375521182	0.0210564335	0.0014670001	-0.0183379745	-0.0354486142	-0.0473509122	-0.0522961052	-0.0495576132	-0.0395377932	-0.0237088227	-0.0043963972	0.0155619757	0.0332338815	0.0460228486	0.0520498384	0.0504293264	0.0413994086	0.0262868196	0.0073119995	-0.0127371473	0.0191373586	0.0014475568	-0.0156134924	-0.0242073136	0.0753592776	-0.0050117547	-0.0435740361	0.0301123417	-0.0153923942	-0.0047674359	0	0	0	0	0	0	0	0	1.09721664822714	2.80307967040629	-2.22840312389761	0.592443852028073
-0.0397437	0.0425991	-0.00649285	0.0004641	0.00280595	-0.00243537	0.0074588	-0.0209315	-0.01484233	-0.000140257	0.00025858	0	0.06317448	0.0484450328	0.0372360105	0.0204346535	0.0005642937	-0.0193908153	-0.0364336915	-0.0480047303	-0.0523661213	-0.048862844	-0.0380210421	-0.0214690046	-0.0016926191	0.0183379745	0.0356144575	0.0475421407	0.0523296507	0.0492579697	0.0387884217	0.0224933884	0.0028201586	-0.01727662	0.0149559868	-0.0311081094	-0.0511639363	0.0142808069	0.0044309138	0.0167184476	0.0562084501	0.0204816662	-0.035939215	0.0059400971	0	0	0	0	0	0	0	0	1.23376167234368	2.18329965456189	0.448081059024295	0.592443852028073
-0.0233952	0.0619822	-0.0252363	0.000596273	0.00304429	-0.00259219	0.0163485	0.0193831	-0.01874345	0.000132173	0.00023834	-0.00015682	0.0808417	0.0483587652	0.0369171367	0.0198094581	-0.0003385804	-0.0204346535	-0.0373944116	-0.0486148674	-0.0523739028	-0.0480945804	-0.0364336915	-0.0191809517	0.0010156846	0.0210564335	0.0378654364	0.048862844	0.0523607718	0.0478223571	0.0359441567	0.0185492395	-0.0016926191	-0.021674694	0.0306205287	0.0390734425	-0.042725821	0.0081204337	0.0197945755	0.0203506526	-0.0201835304	-0.0297243732	-0.0293732844	-0.0316907434	0	0	0	0	0	0	0	0	1.48842462831844	2.39715179633877	0.448081059024295	0.592443852028073
-0.0375672	0.055076	0.0440046	0.000197194	0.00304429	-0.00243537	-0.014172	-0.0069062	0.0692409	-0.000399079	0	0.00015682	0.11811405	0.0482715996	0.0365955205	0.0191809517	-0.0012413539	-0.0214690046	-0.0383301323	-0.0491807684	-0.0523194405	-0.0472539781	-0.0347786889	-0.0168498047	0.0037212726	0.0237088227	0.0399786271	0.0499794418	0.0521430537	0.0461301902	0.0328837193	0.0144808008	-0.0061928308	-0.0258953737	0.030023673	-0.0240947508	-0.0287515034	-0.0184272548	0.0429010013	-0.0162406989	-0.0578594476	0.0462763384	-0.0132066407	0.012987088	0	0	0	0	0	0	0	0	1.36309290657897	2.7129282516438	0.448081059024295	0.592443852028073
-0.0332516	0.0303449	-0.0210997	0.000487362	0.00292777	-0.00243537	0.0043156	-0.0247311	-0.0651043	0.000290168	-0.00011652	0	0.1144854	0.0481835374	0.0362711858	0.0185492395	-0.0021437585	-0.0224933884	-0.0392402281	-0.0497019183	-0.0522027989	-0.0463423012	-0.0330591074	-0.0144808008	0.0064169112	0.0262868196	0.0419463399	0.0508872699	0.0516775313	0.044190547	0.0296255153	0.0103153331	-0.0106470671	-0.0299041152	0.0200691193	-0.0179239653	-0.0408820429	0.0364572056	-0.01787377	0.0193103045	0.0663681632	-0.0069095631	-0.0321762898	-0.0206828643	0	0	0	0	0	0	0	0	1.29503036683537	2.924245035686	0.448081059024295	0.592443852028073
-0.0299101	0.0491795	-0.0476493	0.000415676	0.00278088	-0.00243537	0.0033415	0.0188346	-0.0265496	-7.1686e-05	-0.00014689	0	0.0596545	0.0480945804	0.0359441567	0.0179144269	-0.0030455261	-0.0235073292	-0.0401240904	-0.050177843	-0.0520241169	-0.0453609212	-0.03127814	-0.0120792627	0.0090953929	0.0287823352	0.0437614146	0.0515825363	0.0509664168	0.0420138333	0.02618914	0.0060807472	-0.0150222601	-0.0336681095	0.0171173024	0.0246419844	-0.0032462803	0.0210347367	0.0274941351	1.99568e-05	-0.0134903987	-0.03388449	-0.0280794647	-0.0486452025	0	0	0	0	0	0	0	0	1.16658893559626	2.09284039904946	0.448081059024295	0.592443852028073
-0.0504782	0.0529828	-0.00514871	0.000197194	0.00283717	-0.00243537	-0.0205681	0.0038033	0.04250059	-0.000218482	5.62900000000001e-05	0	0.08061059	0.0480047303	0.0356144575	0.01727662	-0.0039463888	-0.0245103563	-0.0409811285	-0.0506081094	-0.0517836067	-0.044311314	-0.0294390937	-0.0096505858	0.0117495564	0.0311875391	0.0454172463	0.0520623368	0.0500130897	0.0396117264	0.0225952602	0.001805417	-0.0192859283	-0.0371565505	0.0063533814	-0.0188654169	-0.0013596591	-0.0050594768	0.0586195051	-0.0307706127	-0.0467940641	0.0355761198	-0.0069419025	-0.0026400299	0	0	0	0	0	0	0	0	0.989638880409198	1.4287117560582	0.448081059024295	0.592443852028073
-0.0471888	0.0303487	-0.0679892	0.000197194	0.00263035	-0.00243537	0.0032894	-0.0226341	-0.06284049	0	-0.00020682	0	0.09910499	0.0479139886	0.0352821126	0.0166359256	-0.0048460789	-0.0255020041	-0.0418107693	-0.050992326	-0.0514815542	-0.0431950583	-0.0275453833	-0.0072002268	0.0143723053	0.0334948844	0.0469078096	0.052324667	0.0488220806	0.0369971132	0.0188654898	-0.0024820104	-0.0234064185	-0.0403408874	-0.0106863056	-0.0101298468	-0.0258657386	0.0214951584	-0.0082119557	0.0331152454	0.0537144149	0.0051042491	-0.0042591124	-0.0112766848	0	0	0	0	0	0	0	0	0.20508081223017	2.26992385553975	0.448081059024295	-1.68540061352814
-0.0322517	0.0649331	-0.0933993	0.000392663	0.00272306	-0.00253108	0.0149371	0.0345844	-0.0254101	0.000195469	9.27099999999998e-05	-9.57099999999997e-05	0.09412605	0.0478223571	0.0349471469	0.0159924506	-0.0057443291	-0.0264818121	-0.0426124582	-0.0513301431	-0.0511183183	-0.0420138333	-0.0256005252	-0.0047336909	0.0169566271	0.0356971313	0.0482276804	0.0523684314	0.0473990497	0.0341840202	0.0150222601	-0.006752807	-0.0273531403	-0.0431950583	-0.0190918599	0.0423161184	-0.009972371	-0.0154005432	0.0003022775	0.0334947655	-0.02615671	-0.0218993045	0.0072184283	-0.0133634309	0	0	0	0	0	0	0	0	-1.02495067066065	2.70619810051251	0.448081059024295	0.592443852028073
-0.0243384	0.0611412	-0.0335257	0.00035715	0.00260321	-0.00243537	0.0079133	-0.00379190000000001	0.0598736	-3.5513e-05	-0.00011985	9.57099999999997e-05	0.08413245	0.0477298374	0.034609585	0.0153463027	-0.0066408724	-0.0274493255	-0.0433856593	-0.0516212534	-0.0506943307	-0.0407694154	-0.0236081307	-0.0022565198	0.0194956122	0.0377873696	0.0493720561	0.0521934471	0.0457507597	0.0311875391	0.0110886847	-0.0109783563	-0.0310967934	-0.0456957037	-0.023351209	-0.0538295877	0.0023066414	-0.084880053	-0.0169786024	0.00665329	-0.0201871516	0.0612926444	0.014505258	0.0634862912	0	0	0	0	0	0	0	0	-1.33697008795994	2.31709597003682	0.448081059024295	0.592443852028073
-0.0145214	0.0532534	-0.0285659	0.000559669	0.00229952	-0.00232291	0.009817	-0.00788779999999999	0.00495979999999999	0.000202519	-0.00030369	0.00011246	0.05359805	0.0476364314	0.0342694522	0.0146975897	-0.0075354425	-0.0284040951	-0.0441298556	-0.051865392	-0.0502100954	-0.0394636764	-0.0215718994	0.0002257211	0.0219824722	0.0397590408	0.0503367722	0.0518004449	0.043885044	0.028023745	0.0070884207	-0.0151303447	-0.034609585	-0.0478223571	0.014803422	0.0388003713	-0.0225977478	-0.0361062173	-0.0799247192	0.0463023095	-0.0170856054	-0.0259597407	-0.0023586565	0.060270433	0	0	0	0	0	0	0	0	-0.783952088305968	0.799453900398636	0.448081059024295	0.592443852028073
0.00166833	0.0733727	0.0272249	0.0016897	0.0025714	-0.00136708	0.01618973	0.0201193	0.0557908	0.001130031	0.00027188	0.00095583	0.20998688	0.0475421407	0.0339267737	0.0140464202	-0.0084277735	-0.0293456776	-0.0448445497	-0.0520623368	-0.0496661877	-0.0380985803	-0.0194956122	0.0027074549	0.024410558	0.0416059582	0.0511183183	0.0511910666	0.0418107693	0.024709611	0.0030455261	-0.0191809517	-0.0378654364	-0.0495576132	-0.0010832593	0.0212767639	0.0043522583	-0.0230590155	-0.0428082496	-0.0128022992	-0.0787728261	-0.0067000262	-0.0138112257	0.04554928	0	0	0	0	0	0	0	0	-0.6898242602303	0.61244860471507	0.448081059024295	0.592443852028073
-0.0113134	0.0532246	-0.06324	0.00122975	0.00245749	-0.00243537	-0.01298173	-0.0201481	-0.0904649	-0.00045995	-0.00011391	-0.00106829	0.20570223	0.047446967	0.0335815749	0.013392903	-0.0093176004	-0.0302736359	-0.0455292636	-0.0522119084	-0.0490632542	-0.0366761804	-0.0173831246	0.0051831058	0.0267733776	0.0433223267	0.0517138504	0.0503678575	0.0395377932	0.0212629165	-0.0010156846	-0.0231030362	-0.0408401761	-0.0508872699	-0.0103673754	0.013357675	0.0083621858	0.0432120503	-0.0489073328	0.0043106378	0.0389465117	-0.0093937196	0.0013451763	-0.0174726429	0	0	0	0	0	0	0	0	0.15025405719874	0.577047622314469	0.448081059024295	0.592443852028073
-0.0125147	0.0531897	-0.0140764	0.000447666	0.00241377	-0.00243537	-0.0012013	-3.49000000000044e-05	0.0491636	-0.000782084	-4.37200000000001e-05	0	0.09169	0.0473509122	0.0332338815	0.0127371473	-0.0102046586	-0.0311875391	-0.0461835398	-0.0523139709	-0.0484020114	-0.0351986159	-0.015238359	0.0076471118	0.0290646136	0.0449027607	0.0521212014	0.0493342563	0.0370769179	0.017702152	-0.0050707869	-0.0268703181	-0.0435117199	-0.0518004449	-0.0016038124	0.0073003251	0.0822993382	0.0004047915	0.0487906256	-0.062021505	-0.0123627668	-0.0111336173	-0.0114537786	-0.0110313064	0	0	0	0	0	0	0	0	0.369846338516906	0.334844552325415	0.448081059024295	0.592443852028073
-0.00331904	0.0197976	-0.0266307	0.000772186	0.00241603	-0.00243537	0.00919566	-0.0333921	-0.0125543	0.00032452	2.26000000000002e-06	0	0.07148106	0.0472539781	0.0328837193	0.0120792627	-0.0110886847	-0.0320869629	-0.0468069407	-0.0523684314	-0.0476832451	-0.0336681095	-0.0130652981	0.0100939368	0.03127814	0.0463423012	0.0523388891	0.0480945804	0.0344398384	0.0140464202	-0.0090953929	-0.0304575546	-0.0458602343	-0.0522896643	-0.0026455665	-0.0298559676	0.0298550142	0.0395391643	0.0215410092	-0.0364965433	0.0591934861	0.0249717999	-0.0159044923	-0.0010975864	0	0	0	0	0	0	0	0	0.399690849665391	0.281750018504871	0.448081059024295	0.592443852028073
-0.0098301	0.0388602	-0.0148654	0.00016521	0.00229467	-0.00275261	-0.00651106	0.0190626	0.0117653	-0.000606976	-0.00012136	-0.00031724	0.08961776	0.0471561663	0.0325311144	0.0114193591	-0.011969416	-0.0329714899	-0.0473990497	-0.0523752403	-0.0469078096	-0.0320869629	-0.0108679768	0.0125180835	0.0334080384	0.0476364314	0.0523661213	0.0466540082	0.0316390872	0.0103153331	-0.0130652981	-0.0338407093	-0.0478682839	-0.0523509242	-0.003637821	0.0282691573	0.0011323266	0.0084762368	0.0557878809	0.000434421	-0.0289157191	-0.0199735064	-0.0143328721	-0.0333897219	0	0	0	0	0	0	0	0	0.458820224637596	0.268351294227948	0.448081059024295	0.592443852028073
-0.0170434	0.0197765	0.0181074	0.000285819	0.0025714	-0.00286986	-0.0072133	-0.0190837	0.0329728	0.000120609	0.00027673	-0.00011725	0.08499925	0.0470574788	0.0321760928	0.010757547	-0.0128465907	-0.0338407093	-0.0479594708	-0.0523343914	-0.0460766263	-0.0304575546	-0.0086504753	0.0149141057	0.0354486142	0.0487810905	0.0522027989	0.045018557	0.0286879745	0.0065289069	-0.0169566271	-0.0369971132	-0.0495209612	-0.0519837232	-0.0052530413	-0.0376070214	-0.0370967621	0.0216099992	0.0104003669	0.0149531549	-0.0009331009	0.0403829932	0.0019243838	0.0156553077	0	0	0	0	0	0	0	0	0.672207865884333	0.212631375543537	0.448081059024295	0.592443852028073
-0.000596467	0.0345787	-0.0198628	0.000159904	0.00228013	-0.00286986	0.016446933	0.0148022	-0.0379702	-0.000125915	-0.00029127	0	0.090078583	0.0469579174	0.0318186811	0.0100939368	-0.0137199483	-0.0346942175	-0.0484878293	-0.0522459219	-0.0451906832	-0.0287823352	-0.0064169112	0.01727662	0.0373944116	0.049772687	0.0518495163	0.0431950583	0.0256005252	0.0027074549	-0.0207459769	-0.0399056168	-0.0508059967	-0.0511910666	0.0063797715	0.0378147436	-0.0283632313	0.0234500017	0.020273911	0.0366951402	-0.0088485248	-0.025354849	-0.0151032748	-0.0154583636	0	0	0	0	0	0	0	0	0.511238014428045	0.357305244518474	0.448081059024295	0.592443852028073
0.00906258	0.0602455	0.0211371	0.000220523	0.00237895	-0.00271757	0.009659047	0.0256668	0.0409999	6.0619e-05	9.88199999999999e-05	0.00015229	0.091912197	0.0468574839	0.0314589057	0.0094286395	-0.0145892291	-0.0355316183	-0.0489837722	-0.0521099123	-0.0442510332	-0.0270638244	-0.0041714317	0.0196003187	0.0392402281	0.0506081094	0.0513075588	0.0411911291	0.0223914121	-0.0011285219	-0.024410558	-0.0425467316	-0.0517138504	-0.0499794418	-0.0157743235	-0.0415989031	-0.0267417456	0.0053612824	0.0392824185	-0.0083943176	-0.0438638899	0.0543845643	0.0143672213	-0.0157727184	0	0	0	0	0	0	0	0	0.556762968034697	0.472902909815218	0.448081059024295	0.592443852028073
0.014247	0.0372004	-0.0176525	0.000353326	0.0022994	-0.00268723	0.00518442	-0.0230451	-0.0387896	0.000132803	-7.95499999999999e-05	3.03399999999998e-05	0.07915377	0.0467561802	0.0310967934	0.0087617663	-0.015454175	-0.036352523	-0.0494469678	-0.0519264863	-0.0432587929	-0.025304607	-0.0019182066	0.0218799809	0.0409811285	0.0512847364	0.0505788988	0.03901514	0.0190758861	-0.0049584444	-0.0279283311	-0.0449027607	-0.0522377823	-0.0483587652	0.0115467365	0.0250928333	-0.0354356684	0.0322234658	-0.0211070466	0.0296797133	0.0304989178	-0.0339458956	-0.0205679576	-0.03763024	0	0	0	0	0	0	0	0	0.925138062279566	0.514333329813741	0.448081059024295	0.592443852028073
0.00369345	0.0696438	0.0156505	0.000220523	0.00241014	-0.00286986	-0.01055355	0.0324434	0.033303	-0.000132803	0.00011074	-0.00018263	0.0976086	0.0466540082	0.030732371	0.0080934286	-0.016314529	-0.0371565505	-0.0498771065	-0.0516958108	-0.0422151417	-0.0235073292	0.0003385804	0.024110485	0.0426124582	0.0518004449	0.0496661877	0.0366761804	0.015669704	-0.0087617663	-0.03127814	-0.0469579174	-0.0523739028	-0.0463423012	-0.0021124229	0.0052841701	-0.0045712854	-0.0148124664	0.0139499044	-0.0037155715	-0.0491353416	-0.0081554441	0.006800943	-0.0294055423	0	0	0	0	0	0	0	0	0.724545905233884	0.018208281515709	0.448081059024295	0.592443852028073
-0.00416511	0.0294454	-0.0365646	0.000220523	0.00212037	-0.00268096	-0.00785856	-0.0401984	-0.0522151	0	-0.00028977	0.0001889	0.12420556	0.0465509697	0.0303656657	0.0074237382	-0.0171700353	-0.0379433273	-0.0502739006	-0.0514180959	-0.0411213197	-0.021674694	0.0025947387	0.0262868196	0.0441298556	0.0521536168	0.0485727468	0.0341840202	0.0121890533	-0.0125180835	-0.0344398384	-0.0486984311	-0.0521212014	-0.0439465533	0.0020468645	0.0029366399	-0.0189849387	0.019522833	-0.0485637365	0.0069416374	0.0454843936	-0.0146235251	-0.0125938079	-0.0211191484	0	0	0	0	0	0	0	0	0.626132466926865	0.58810959459222	0.448081059024295	0.592443852028073
-0.00221772	0.0591871	-0.0240294	-1.5646e-05	0.00242498	-0.00286986	0.00194739	0.0297417	0.0125352	-0.000236169	0.00030461	-0.0001889	0.08070824	0.0464470668	0.0299967047	0.006752807	-0.0180204398	-0.0387124883	-0.050637085	-0.051093594	-0.0399786271	-0.0198094581	0.0048460789	0.0284040951	0.0455292636	0.0523431439	0.047302555	0.0315490697	0.0086504753	-0.0162072446	-0.0373944116	-0.0501126395	-0.0514815542	-0.0411911291	0.0022804713	0.0192317195	0.0281748726	-0.018255529	0.0048152416	-0.0297264801	-0.0157404327	-0.0338744427	0.0114572348	-0.0513146373	0	0	0	0	0	0	0	0	0.453752446620511	0.703512147065983	0.448081059024295	0.592443852028073
-0.00891274	0.0230773	-0.0039086	-0.000109013	0.0025714	-0.00286986	-0.00669502	-0.0361098	0.0201208	-9.3367e-05	0.00014642	0	0.07491497	0.0463423012	0.0296255153	0.0060807472	-0.0188654898	-0.0394636764	-0.0509664168	-0.0507226006	-0.0387884217	-0.0179144269	0.0070884207	0.0304575546	0.0468069407	0.0523684314	0.0458602343	0.0287823352	0.0050707869	-0.0198094581	-0.0401240904	-0.0511910666	-0.0504597097	-0.0380985803	0.0057759343	-0.0585636466	0.024663974	-0.0316963542	-0.0321880955	-0.0558282552	0.0302940978	0.024908607	0.0282993176	0.045035493	0	0	0	0	0	0	0	0	0.169659904868102	1.12624037398794	0.448081059024295	0.592443852028073
0.0192877	0.023084	-0.0100959	-2.96831e-05	0.00221437	-0.00286986	0.02820044	6.70000000000184e-06	-0.0061873	7.93299e-05	-0.00035703	0	0.056212435	0.046236675	0.0292521253	0.005407671	-0.0197049341	-0.0401965428	-0.0512616758	-0.0503054532	-0.0375521182	-0.0159924506	0.0093176004	0.0324425845	0.0479594708	0.0522294002	0.0442510332	0.0258953737	0.0014670001	-0.0233053991	-0.0426124582	-0.0519264863	-0.0490632542	-0.0346942175	0.02165079	0.0273461083	0.0369139777	-0.0370351398	-0.0447256021	-0.0068332139	0.0047737127	-0.0411857285	-0.0110751218	0.0294138072	0	0	0	0	0	0	0	0	0.352992783803986	2.04692615330317	0.448081059024295	0.592443852028073
0.0101945	0.0354385	0.0320367	-9.48192e-05	0.00231462	-0.00260243	-0.0090932	0.0123545	0.0421326	-6.51361e-05	0.00010025	0.00026743	0.085221105	0.0461301902	0.0288765622	0.0047336909	-0.0205385235	-0.0409107473	-0.0515226647	-0.0498425313	-0.0362711858	-0.0140464202	0.0115294786	0.0343547251	0.0489837722	0.0519264863	0.0424808075	0.0229002443	-0.0021437585	-0.0266763128	-0.0448445497	-0.0523139709	-0.047302555	-0.0310059033	0.0119308471	-0.0349898944	0.033139487	-0.0586035633	-0.0319001286	-0.0256314535	-0.0217455573	0.0192128793	0.0201999451	0.0289939651	0	0	0	0	0	0	0	0	0.61965734459085	2.70445136019574	0.448081059024295	0.592443852028073
0.0135249	0.0230628	-0.0230956	0.000408557	0.00185917	-0.002526	0.0033304	-0.0123757	-0.0551323	0.0005033762	-0.00045545	7.64300000000002e-05	0.12260121	0.0460228486	0.028498854	0.0040589197	-0.0213660101	-0.0416059582	-0.0517492091	-0.0493342563	-0.0349471469	-0.0120792627	0.0137199483	0.0361896802	0.0498771065	0.0514606403	0.0405559987	0.0198094581	-0.0057443291	-0.0299041152	-0.0468069407	-0.0523509242	-0.0451906832	-0.0270638244	-0.0031692556	0.0111596187	0.0099312704	-0.0010029227	-0.0705143579	0.0037971227	0.0372628439	-0.0177104315	0.0054014033	0.0587126192	0	0	0	0	0	0	0	0	0.437170489562957	0.898137167236336	0.448081059024295	0.592443852028073
0.0216747	0.0567867	0.00792265	-2.96831e-05	0.00166409	-0.00232242	0.0081498	0.0337239	0.03101825	-0.0004382401	-0.00019508	0.00020358	0.114736955	0.0459146523	0.0281190288	0.0033834701	-0.0221871482	-0.0422818529	-0.0519411573	-0.0487810905	-0.0335815749	-0.0100939368	0.015884942	0.0379433273	0.050637085	0.0508333239	0.0384836111	0.0166359256	-0.0093176004	-0.0329714899	-0.0484878293	-0.0520370985	-0.0427433176	-0.0229002443	0.0058128116	0.0178859637	0.0093384114	0.0426561944	0.0196204263	-0.007146796	-0.0144440115	-0.0315995363	-0.0182736494	-0.0297225527	0	0	0	0	0	0	0	0	-1.13424112102403	1.51097019121307	0.448081059024295	0.592443852028073
0.00519453	0.0465325	0.0424272	-0.000594049	0.00192971	-0.00240878	-0.01648017	-0.0102542	0.03450455	-0.0005643659	0.00026562	-8.63600000000002e-05	0.107056215	0.0458056033	0.0277371148	0.0027074549	-0.0230016937	-0.0429381175	-0.0520983812	-0.0481835374	-0.0321760928	-0.0080934286	0.0180204398	0.0396117264	0.0512616758	0.0500465054	0.0362711858	0.013392903	-0.0128465907	-0.0358619813	-0.0498771065	-0.0513745965	-0.0399786271	-0.0185492395	0.0042552884	-0.0629846458	-0.0014289852	0.0560764234	-0.0022223019	-0.0493200771	0.0413295014	0.0332965697	0.0129680103	-0.0225645171	0	0	0	0	0	0	0	0	0.516326427174593	2.58368839711707	0.448081059024295	0.592443852028073
0.0267001	0.0304505	0.00100679	-0.000291032	0.0017491	-0.00263144	0.02150557	-0.016082	-0.04142041	0.000303017	-0.00018061	-0.00022266	0.11432233	0.0456957037	0.0273531403	0.0020309873	-0.0238094045	-0.0435744473	-0.0522207755	-0.0475421407	-0.030732371	-0.0060807472	0.0201224762	0.0411911291	0.0517492091	0.0491026536	0.0339267737	0.0100939368	-0.016314529	-0.0385600826	-0.0509664168	-0.0503678575	-0.0369171367	-0.0140464202	0.0270928613	0.0314846902	0.0082557885	0.0748489441	-0.0137146039	-0.0129556593	0.0286139623	-0.0685955771	-0.0144579546	0.0110341578	0	0	0	0	0	0	0	0	0.534315728551076	2.64848135779382	0.448081059024295	0.592443852028073
0.00518596	0.0464507	0.0181252	-0.000534575	0.00192817	-0.00241006	-0.02151414	0.0160002	0.01711841	-0.000243543	0.00017907	0.00022138	0.0868324	0.0455849554	0.0269671338	0.0013541801	-0.0246100408	-0.044190547	-0.0523082586	-0.0468574839	-0.0292521253	-0.0040589197	0.0221871482	0.042677987	0.0520983812	0.0480047303	0.0314589057	0.006752807	-0.0197049341	-0.0410513194	-0.0517492091	-0.049023627	-0.0335815749	-0.0094286395	0.001685909	0.0133811807	0.043311322	0.0295665297	0.0653715746	-0.0549430667	-0.0395556443	-0.021229799	-0.0025178564	-0.0661262761	0	0	0	0	0	0	0	0	0.576805424992769	1.11119373430499	0.448081059024295	0.592443852028073
0.00519444	0.032998	0.00779256	-0.000633272	0.00174573	-0.00237177	8.47999999999995e-06	-0.0134527	-0.01033264	-9.86969999999999e-05	-0.00018244	3.82899999999998e-05	0.03976517	0.0454733605	0.0265791242	0.0006771467	-0.0254033645	-0.0447861304	-0.0523607718	-0.0461301902	-0.0277371148	-0.0020309873	0.0242106219	0.0440689593	0.0523082586	0.0467561802	0.0288765622	0.0033834701	-0.0230016937	-0.0433223267	-0.0522207755	-0.0473509122	-0.0299967047	-0.0047336909	-0.0005806869	-0.0560894546	0.014589206	0.0546634028	-0.0002607092	-0.0414929253	0.0696072082	0.017238654	0.0013134189	-0.0057936769	0	0	0	0	0	0	0	0	0.538906398161248	1.18456759947648	0.448081059024295	0.592443852028073
0.013602	0.0505579	-0.0248148	-7.06461e-05	0.0020046	-0.00261596	0.00840756	0.0175599	-0.03260736	0.0005626259	0.00025887	-0.00024419	0.111859115	0.0453609212	0.02618914	0	-0.02618914	-0.0453609212	-0.0523782801	-0.0453609212	-0.02618914	0	0.02618914	0.0453609212	0.0523782801	0.0453609212	0.02618914	0	-0.02618914	-0.0453609212	-0.0523782801	-0.0453609212	-0.02618914	0	0.0111520709	0.0336273268	0.0206158428	0.0435535796	0.0199111376	-0.0064071502	0.0179085781	-0.0611259004	-0.0023277226	-0.0279938827	0	0	0	0	0	0	0	0	-2.05347091450158	1.15482660751235	0.448081059024295	0.592443852028073
-0.0113524	0.0495833	0.00493548	-0.000347061	0.00219924	-0.00261211	-0.0249544	-0.000974599999999999	0.02975028	-0.0002764149	0.00019464	3.85000000000012e-06	0.079424525	0.0452476394	0.0257972105	-0.0006771467	-0.0269671338	-0.0459146523	-0.0523607718	-0.0445503769	-0.0246100408	0.0020309873	0.0281190288	0.0465509697	0.0523082586	0.043823331	0.0234064185	-0.0033834701	-0.0292521253	-0.0471561663	-0.0522207755	-0.0430669878	-0.0221871482	0.0047336909	-0.0131777856	-0.0173821875	0.0395056223	0.0202619891	0.0782099745	-0.0491055873	-0.0281308029	0.0351102465	0.0231339492	-0.0098340219	0	0	0	0	0	0	0	0	0.405590709205695	1.15007761354177	0.448081059024295	-1.68540061352814
-0.0161693	0.0332008	-0.0494494	-2.52194e-05	0.00205419	-0.00248118	-0.0048169	-0.0163825	-0.05438488	0.0003218416	-0.00014505	0.00013093	0.10547536	0.0451335173	0.0254033645	-0.0013541801	-0.0277371148	-0.0464470668	-0.0523082586	-0.043699295	-0.0230016937	0.0040589197	0.0299967047	0.0476364314	0.0520983812	0.0421482344	0.0205385235	-0.006752807	-0.0321760928	-0.0486984311	-0.0517492091	-0.0404844828	-0.0180204398	0.0094286395	-0.0225948034	-0.0139514023	0.0031633299	0.0549255229	0.0070933047	0.002648381	0.066662342	-0.0047409285	0.0136614645	-0.0240011599	0	0	0	0	0	0	0	0	1.25855318440294	1.15852299614314	-2.22840312389761	-1.68540061352814
-0.0197435	0.0577594	-0.0494427	0.000115048	0.00219924	-0.00288755	-0.0035742	0.0245586	6.70000000000531e-06	0.0001402674	0.00014505	-0.00040637	0.06272387	0.045018557	0.0250076315	-0.0020309873	-0.028498854	-0.0469579174	-0.0522207755	-0.0428084497	-0.0213660101	0.0060807472	0.0318186811	0.0486148674	0.0517492091	0.0403408874	0.0175958911	-0.0100939368	-0.0349471469	-0.0499794418	-0.0509664168	-0.0376307102	-0.0137199483	0.0140464202	-0.0060153022	0.0457420808	0.0165411206	0.0176686187	0.0331311759	0.0133650634	-0.0113023396	-0.0317084633	0.0130107588	-0.0467664945	0	0	0	0	0	0	0	0	0.925699940385895	1.02867017372943	-2.22840312389761	-1.68540061352814
-0.0297025	0.0482208	-0.0203767	-0.000206049	0.00237817	-0.00296028	-0.009959	-0.0095386	0.029066	-0.000321097	0.00017893	-7.273e-05	0.07720145	0.0449027607	0.0246100408	-0.0027074549	-0.0292521253	-0.047446967	-0.0520983812	-0.0418786518	-0.0197049341	0.0080934286	0.0335815749	0.0494840794	0.0512616758	0.0384069609	0.0145892291	-0.013392903	-0.0375521182	-0.050992326	-0.0498771065	-0.0345247919	-0.0093176004	0.0185492395	-0.0304405048	-0.0163288643	-0.0012420332	-0.0205624499	0.0336313557	-0.0081849518	-0.0349213099	0.052780003	0.0312125525	-0.0138089787	0	0	0	0	0	0	0	0	0.519146692766361	1.05220399163702	-2.22840312389761	-1.68540061352814
-0.039957	0.0285381	-0.0509916	-0.000134837	0.00251091	-0.00326246	-0.0102545	-0.0196827	-0.0306149	7.1212e-05	0.00013274	-0.00030218	0.0858587	0.0447861304	0.0242106219	-0.0033834701	-0.0299967047	-0.0479139886	-0.0519411573	-0.0409107473	-0.0180204398	0.0100939368	0.0352821126	0.0502421146	0.050637085	0.036352523	0.0115294786	-0.0166359256	-0.0399786271	-0.0517316498	-0.0484878293	-0.0311875391	-0.0048460789	0.0229002443	-0.0197289232	0.011231273	-0.0084015578	-0.015435036	-0.0521470613	0.0473139083	0.0583778218	0.0007589202	0.0016106549	-0.0287139456	0	0	0	0	0	0	0	0	0.236615698108465	0.942443214054379	-2.22840312389761	-1.68540061352814
-0.0144914	0.0538428	-0.0383925	0.000200808	0.00242241	-0.00296028	0.0254656	0.0253047	0.0125991	0.000335645	-8.85e-05	0.00030218	0.09968565	0.0446686685	0.0238094045	-0.0040589197	-0.030732371	-0.0483587652	-0.0517492091	-0.0399056168	-0.016314529	0.0120792627	0.0369171367	0.0508872699	0.0498771065	0.0341840202	0.0084277735	-0.0198094581	-0.0422151417	-0.0521934471	-0.0468069407	-0.0276413132	-0.0003385804	0.0270638244	-0.0132630123	0.0362466573	0.0084957817	-0.0408962243	-0.0450690597	0.0403183191	-0.0245923937	-0.0160342373	0.0147592728	0.0116919612	0	0	0	0	0	0	0	0	0.560124477003331	1.29270972144285	-2.22840312389761	-1.68540061352814
-0.0206525	0.0453004	-0.0139179	-8.33039e-05	0.00268299	-0.00308639	-0.0061611	-0.0085424	0.0244746	-0.0002841119	0.00026058	-0.00012611	0.072718195	0.0445503769	0.0234064185	-0.0047336909	-0.0314589057	-0.0487810905	-0.0515226647	-0.0388641751	-0.0145892291	0.0140464202	0.0384836111	0.0514180959	0.0489837722	0.0319082567	0.0052954007	-0.0229002443	-0.0442510332	-0.0523752403	-0.0448445497	-0.0239098759	0.0041714317	0.0310059033	-0.0127911244	-0.044226685	0.01350842	-0.0445575225	-0.0409651614	0.004897754	-0.0165025879	0.0426693959	0.0282382046	0.0622829922	0	0	0	0	0	0	0	0	0.395024333482057	1.23953546542816	0.448081059024295	-1.68540061352814
-0.0112967	0.0475586	-0.0471289	-8.33039e-05	0.00248806	-0.00296028	0.0093558	0.00225819999999999	-0.033211	0	-0.00019493	0.00012611	0.060877	0.044431258	0.0230016937	-0.005407671	-0.0321760928	-0.0491807684	-0.0512616758	-0.0377873696	-0.0128465907	0.0159924506	0.0399786271	0.0518333998	0.0479594708	0.0295323731	0.0021437585	-0.0258953737	-0.0460766263	-0.0522760543	-0.0426124582	-0.0200182296	0.0086504753	0.0346942175	-0.0048314763	0.0240942152	0.0143602392	-0.0139660992	-0.0711334838	0.018467197	0.0235990014	-0.0298874183	0.0204549272	0.0216885985	0	0	0	0	0	0	0	0	-0.243100213604424	2.85332764264197	0.448081059024295	0.592443852028073
-0.0117397	0.0665627	-0.0471244	-8.33039e-05	0.00268299	-0.00308009	-0.000442999999999999	0.0190041	4.49999999999756e-06	0	0.00019493	-0.00011981	0.0351886	0.044311314	0.0225952602	-0.0060807472	-0.0328837193	-0.0495576132	-0.0509664168	-0.0366761804	-0.0110886847	0.0179144269	0.0413994086	0.0521322486	0.0468069407	0.0270638244	-0.0010156846	-0.0287823352	-0.0476832451	-0.051896421	-0.0401240904	-0.0159924506	0.0130652981	0.0380985803	-0.0011194395	0.0292723456	0.0475231877	-0.0480729192	-0.0224620857	-0.0061782111	-0.0234487587	-0.0491564705	0.0101276895	-0.0127059231	0	0	0	0	0	0	0	0	-0.618771636648404	1.31855237399002	-2.22840312389761	0.592443852028073
-0.0163079	0.0524964	-0.0317503	-8.33039e-05	0.00268298	-0.00296028	-0.0045682	-0.0140663	0.0153741	0	-9.99999999994061e-09	0.00011981	0.0399996	0.044190547	0.0221871482	-0.006752807	-0.0335815749	-0.04991145	-0.050637085	-0.0355316183	-0.0093176004	0.0198094581	0.0427433176	0.0523139709	0.0455292636	0.0245103563	-0.0041714317	-0.0315490697	-0.0490632542	-0.0512383773	-0.0373944116	-0.0118595137	0.0173831246	0.0411911291	-0.0357951331	-0.0595431749	0.0147272023	-0.0063204229	-0.0143869836	-0.0422383067	0.0341614638	0.0561033612	0.0201219427	0.0372475749	0	0	0	0	0	0	0	0	0.248715457309376	0.009361802826523	-2.22840312389761	0.592443852028073
-0.0103952	0.052481	-0.0626399	0.00020381	0.0022849	-0.00296028	0.0059127	-1.54000000000126e-05	-0.0308896	0.0002871139	-0.00039808	0	0.071077395	0.0440689593	0.021777388	-0.0074237382	-0.0342694522	-0.0502421146	-0.0502739006	-0.0343547251	-0.0075354425	0.021674694	0.0440078585	0.0523781585	0.0441298556	0.0218799809	-0.0073119995	-0.0341840202	-0.0502100954	-0.0503054532	-0.0344398384	-0.0076471118	0.0215718994	0.0439465533	-0.0094030305	0.0466325354	-0.0017665415	0.0278386059	-0.0248894305	0.0215513744	0.0071120662	-0.0405538499	-0.0021007455	0.0565691736	0	0	0	0	0	0	0	0	0.636104897059197	0.420532286980942	0.448081059024295	0.592443852028073
-0.0138047	0.0567133	-0.0244057	-0.000253914	0.00255555	-0.00296028	-0.0034095	0.00423230000000001	0.0382342	-0.000457724	0.00027065	0	0.0822947	0.0439465533	0.0213660101	-0.0080934286	-0.0349471469	-0.0505494535	-0.0498771065	-0.0331465714	-0.0057443291	0.0235073292	0.0451906832	0.052324667	0.0426124582	0.0191809517	-0.0104259597	-0.0366761804	-0.0511183183	-0.0491026536	-0.03127814	-0.0033834701	0.0256005252	0.0463423012	-0.0379612165	0.0241989146	0.024170023	-0.0048773236	0.0486230456	-0.0170392112	-0.0531518226	0.0023447637	0.0158894806	-0.0194408914	0	0	0	0	0	0	0	0	0.435428806857185	0.738370430990036	0.448081059024295	0.592443852028073
-0.0399591	0.047055	-0.0377657	-0.000149104	0.00232208	-0.00279304	-0.0261544	-0.0096583	-0.01336	0.00010481	-0.00023347	0.00016724	0.0744487	0.043823331	0.0209530451	-0.0087617663	-0.0356144575	-0.0508333239	-0.0494469678	-0.0319082567	-0.0039463888	0.025304607	0.0462895956	0.0521536168	0.0409811285	0.0164217376	-0.0135019809	-0.03901514	-0.0517836067	-0.0476364314	-0.0279283311	0.0009028426	0.0294390937	0.0483587652	-0.0191557038	-0.0359628629	0.0006552427	0.051964544	0.0082985399	-0.0209367318	0.0612501412	0.0239682576	0.0055076558	-0.0147909077	0	0	0	0	0	0	0	0	-0.073860297196519	0.587286522763417	0.448081059024295	-1.68540061352814
-0.0129869	0.0395037	-0.048103	0.000581167	0.0024325	-0.00296028	0.0269722	-0.0075513	-0.0103373	0.000730271	0.00011042	-0.00016724	0.09525735	0.043699295	0.0205385235	-0.0094286395	-0.0362711858	-0.051093594	-0.0489837722	-0.0306409077	-0.0021437585	0.0270638244	0.047302555	0.051865392	0.0392402281	0.0136109962	-0.01652887	-0.0411911291	-0.0522027989	-0.0459146523	-0.024410558	0.0051831058	0.0330591074	0.0499794418	-0.0499361157	0.0444439053	0.0060382421	0.0449874992	0.0467826892	-0.0038434647	-0.0243521941	-0.0207361928	-0.00510387	-0.0244373361	0	0	0	0	0	0	0	0	-0.530205147010765	0.019218643755505	0.448081059024295	0.592443852028073
-0.0573049	0.0474949	0.113751	0.000194223	0.00248783	-0.00242855	-0.044318	0.0079912	0.161854	-0.000386944	5.53300000000001e-05	0.00053173	0.2628634	0.0435744473	0.0201224762	-0.0100939368	-0.0369171367	-0.0513301431	-0.0484878293	-0.0293456776	-0.0003385804	0.0287823352	0.0482276804	0.0514606403	0.0373944116	0.010757547	-0.0194956122	-0.0431950583	-0.0523739028	-0.0439465533	-0.0207459769	0.0094286395	0.0364336915	0.0511910666	0.0032690508	-0.0827662768	0.0144724738	0.0033610481	-0.0089351774	-0.0231446055	0.0151438195	0.0173089906	0.0165757614	0.0417822875	0	0	0	0	0	0	0	0	-0.348399238055159	0.088960387033338	0.448081059024295	0.592443852028073
-0.0120346	0.0347808	-0.0123692	-0.000194041	0.00182518	-0.00241797	0.0452703	-0.0127141	-0.1261202	-0.000388264	-0.00066265	1.05799999999996e-05	0.2371793	0.0434487905	0.0197049341	-0.010757547	-0.0375521182	-0.0515428613	-0.0479594708	-0.028023745	0.0014670001	0.0304575546	0.0490632542	0.050940271	0.0354486142	0.0078703433	-0.0223914121	-0.045018557	-0.0522961052	-0.0417426926	-0.0169566271	0.0136109962	0.0395377932	0.0519837232	0.0251891384	0.0157788504	0.0284681151	0.0217876829	-0.0449849646	-0.0027884801	0.021534482	-0.0572200952	0.0046745217	-0.0326346042	0	0	0	0	0	0	0	0	-0.408396665903295	0.20566608252629	0.448081059024295	0.592443852028073
-0.00461164	0.00766535	0.0682708	-0.000509371	0.00204633	-0.00197674	0.00742296	-0.02711545	0.08064	-0.00031533	0.00022115	0.00044123	0.16406391	0.0433223267	0.0192859283	-0.0114193591	-0.0381759417	-0.0517316498	-0.0473990497	-0.0266763128	0.0032708371	0.0320869629	0.0498077248	0.0503054532	0.0334080384	0.0049584444	-0.0252057321	-0.0466540082	-0.0519697758	-0.0393148935	-0.0130652981	0.017702152	0.0423483678	0.0523509242	0.0033094659	-0.0376167421	0.0547519372	-0.0632772957	0.0290310314	-0.0484721866	-0.0233414589	0.0110722873	-0.0028898619	0.0236860993	0	0	0	0	0	0	0	0	-0.630968434847331	1.63537210636639	0.448081059024295	0.592443852028073
-0.0161813	0.0239125	-0.00110397	-6.3914e-05	0.00204633	-0.00262929	-0.01156966	0.01624715	-0.06937477	0.000445457	0	-0.00065255	0.15209193	0.0431950583	0.0188654898	-0.0120792627	-0.0387884217	-0.051896421	-0.0468069407	-0.025304607	0.0050707869	0.0336681095	0.0504597097	0.0495576132	0.03127814	0.0020309873	-0.0279283311	-0.0480945804	-0.0513964655	-0.0366761804	-0.0090953929	0.021674694	0.0448445497	0.0522896643	0.0038547783	0.0230361014	-0.0293930924	0.0153459416	-0.0009296642	0.0273679862	0.0261101149	-0.0013838264	-0.0165085999	0.0310718064	0	0	0	0	0	0	0	0	-1.59278719454615	1.40903290345394	0.448081059024295	0.592443852028073
-0.00117468	0.0537157	0.0352511	-0.000134978	0.00204633	-0.00237929	0.01500662	0.0298032	0.03635507	-7.1064e-05	0	0.00025	0.09721809	0.0430669878	0.0184436498	-0.0127371473	-0.0393893764	-0.0520370985	-0.0461835398	-0.0239098759	0.0068647103	0.0351986159	0.0510179984	0.0486984311	0.0290646136	-0.0009028426	-0.030549302	-0.0493342563	-0.0505788988	-0.0338407093	-0.0050707869	0.0255020041	0.0470078072	0.0518004449	-0.0226691478	0.016955111	-0.0375248016	0.0023518372	0.0856341964	0.0090318155	-0.0557461309	0.0365921772	-0.0025850012	-0.0411523851	0	0	0	0	0	0	0	0	-2.28520506102267	2.32529003803542	0.448081059024295	0.592443852028073
-0.0125666	0.0353135	0.0191113	7.22229e-05	0.00204633	-0.00283496	-0.01139192	-0.0184022	-0.0161398	0.0002072009	0	-0.00045567	0.079077465	0.0429381175	0.0180204398	-0.013392903	-0.0399786271	-0.0521536168	-0.0455292636	-0.0224933884	0.0086504753	0.0366761804	0.0514815542	0.0477298374	0.0267733776	-0.0038338396	-0.0330591074	-0.0503678575	-0.0495209612	-0.0308236917	-0.0010156846	0.0291584371	0.0488220806	0.0508872699	-0.0140473742	-0.0134287944	-0.0528359499	0.0153722841	-0.0095104765	0.0542750271	0.0611657727	0.0275826008	-0.0090332554	-0.0537848977	0	0	0	0	0	0	0	0	-2.01059919671712	0.043731960979116	0.448081059024295	0.592443852028073
-0.00245339	0.0678048	0.0278386	-0.000609519	0.00204633	-0.00293764	0.01011321	0.0324913	0.0087273	-0.0006817419	0	-0.00010268	0.090552905	0.0428084497	0.0175958911	-0.0140464202	-0.0405559987	-0.0522459219	-0.0448445497	-0.0210564335	0.0104259597	0.0380985803	0.0518495163	0.0466540082	0.024410558	-0.006752807	-0.0354486142	-0.0511910666	-0.0482276804	-0.0276413132	0.0030455261	0.0326194932	0.0502739006	0.0495576132	0.0039537484	0.0539166966	-0.046224524	-0.0215032819	0.0247463073	0.0615789659	-0.0434118138	-0.0123262464	-0.0183321387	-0.0457931287	0	0	0	0	0	0	0	0	-0.274945735815449	0.006775823152277	0.448081059024295	-1.68540061352814
-0.0125946	0.0352621	0.059351	-0.000764373	0.00237889	-0.00283496	-0.01014121	-0.0325427	0.0315124	-0.000154854	0.00033256	0.00010268	0.10370101	0.042677987	0.0171700353	-0.0146975897	-0.0411213197	-0.0523139709	-0.0441298556	-0.0196003187	0.0121890533	0.0394636764	0.0521212014	0.0454733605	0.0219824722	-0.0096505858	-0.0377091275	-0.0518004449	-0.0467052026	-0.0243106464	0.0070884207	0.0358619813	0.051352489	0.0478223571	-0.0058311369	-0.0543568784	-0.0654270876	-0.0058732614	0.0108416427	0.0167909001	0.0093637141	0.0684503926	0.0126559933	-0.0157874951	0	0	0	0	0	0	0	0	0.299173505496212	0.641685644499013	0.448081059024295	0.592443852028073
-0.0214522	0.0399847	-0.0251392	-0.000633246	0.00227236	-0.00299201	-0.0088576	0.0047226	-0.0844902	0.000131127	-0.00010653	-0.00015705	0.11780575	0.0425467316	0.016742904	-0.0153463027	-0.0416744222	-0.0523577323	-0.0433856593	-0.018126369	0.0139376608	0.0407694154	0.0522961052	0.044190547	0.0194956122	-0.0125180835	-0.0398324213	-0.0521934471	-0.0449607632	-0.0208495594	0.0110886847	0.0388641751	0.0520498384	0.0456957037	0.0016962781	0.0486840108	-0.0482301159	0.0045096525	0.0299784169	0.0365935007	-0.0077760069	-0.0070772842	-0.0162323853	-0.0230275349	0	0	0	0	0	0	0	0	0.397102864203932	1.24255734061216	0.448081059024295	0.592443852028073
-0.00901495	0.0483239	0.0489649	-0.000959202	0.00224435	-0.00288883	0.01243725	0.0083392	0.0741041	-0.000325956	-2.80100000000002e-05	0.00010318	0.11773785	0.0424146861	0.016314529	-0.0159924506	-0.0422151417	-0.0523771858	-0.0426124582	-0.0166359256	0.015669704	0.0420138333	0.0523739028	0.0428084497	0.0169566271	-0.0153463027	-0.0418107693	-0.0523684314	-0.0430026525	-0.01727662	0.0150222601	0.0416059582	0.0523607718	0.0431950583	-0.0202121466	-0.0324604152	-0.0191764643	-0.0590504248	0.0573078868	-0.0030695871	-0.0228588509	0.0595381925	0.0143854599	-0.0256005844	0	0	0	0	0	0	0	0	0.419116774368826	1.21299916947989	0.448081059024295	0.592443852028073
-0.0105209	0.0160282	0.0302187	-0.000278454	0.0026101	-0.00314306	-0.00150595	-0.0322957	-0.0187462	0.000680748	0.00036575	-0.00025423	0.11758425	0.0422818529	0.015884942	-0.0166359256	-0.0427433176	-0.0523723222	-0.0418107693	-0.0151303447	0.0173831246	0.0431950583	0.0523544498	0.0413301739	0.0143723053	-0.018126369	-0.0436369724	-0.052324667	-0.0408401761	-0.0136109962	0.0188654898	0.0440689593	0.0522829807	0.0403408874	0.0145109345	0.056757529	-0.0525238734	-0.0364783895	-0.0243203764	0.0576658832	0.0073387965	-0.0051491724	-0.0298169594	0.0643752656	0	0	0	0	0	0	0	0	0.551029580568576	1.20265360095568	0.448081059024295	0.592443852028073
0.0025613	0.0353181	0.0118188	-0.000467124	0.00253089	-0.00308496	0.0130822	0.0192899	-0.0183999	-0.00018867	-7.92099999999997e-05	5.81000000000002e-05	0.067071	0.0421482344	0.015454175	-0.01727662	-0.0432587929	-0.0523431439	-0.0409811285	-0.0136109962	0.0190758861	0.044311314	0.0522377823	0.0397590408	0.0117495564	-0.0208495594	-0.0453043854	-0.0520623368	-0.0384836111	-0.009872353	0.0225952602	0.046236675	0.0518170426	0.0371565505	-0.036315979	-0.0344338853	-0.0202684094	-0.0700405261	0.0152121067	0.0344029587	-0.0007517263	0.0392646887	0.0283417343	-0.0863237525	0	0	0	0	0	0	0	0	0.144054436385829	1.01043486288555	0.448081059024295	0.592443852028073
0.0460114	-0.125167	-0.295158	0.00151624	0.00223517	-0.0023895	0.0434501	-0.1604851	-0.3069768	0.001983364	-0.00029572	0.00069546	0.6596392	0.0420138333	0.0150222601	-0.0179144269	-0.0437614146	-0.0522896643	-0.0401240904	-0.0120792627	0.0207459769	0.0453609212	0.0520241169	0.0380985803	0.0090953929	-0.0235073292	-0.0468069407	-0.0515825363	-0.0359441567	-0.0060807472	0.02618914	0.0480945804	0.0509664168	0.0336681095	-0.1762490518	-0.0183686038	-0.0352894379	-0.0293192871	-0.0591407155	0.1088998242	-0.0192037891	0.0351547565	0.2155033345	0.1030842358	0	0	0	0	0	0	0	0	0.393648220105018	0.95024764785452	0.448081059024295	0.592443852028073
-0.00173669	0.0191296	0.0915885	0.00100859	0.00243542	-0.00227752	-0.04774809	0.1442966	0.3867465	-0.00050765	0.00020025	0.00011198	0.61978519	0.0418786518	0.0145892291	-0.0185492395	-0.0442510332	-0.0522119084	-0.0392402281	-0.0105365379	0.0223914121	0.0463423012	0.0517138504	0.036352523	0.0064169112	-0.0260913389	-0.0481391707	-0.0508872699	-0.0332338815	-0.0022565198	0.0296255153	0.0496302266	0.0497374181	0.0299041152	0.0275428125	0.0815983935	-0.0253711379	-0.0221630388	-0.0500390231	-0.0001781008	-0.1178140392	-0.0507743904	-0.0066447131	0.270032875	0	0	0	0	0	0	0	0	-2.53740774378048	0.663108324281697	0.448081059024295	-1.68540061352814
-0.00995449	-0.0226963	0.117691	0.000905411	0.00227275	-0.00258845	-0.0082178	-0.0418259	0.0261025	-0.000103179	-0.00016267	-0.00031093	0.10498515	0.0417426926	0.0141551145	-0.0191809517	-0.0447275033	-0.0521099123	-0.0383301323	-0.0089842256	0.0240102362	0.0472539781	0.0513075588	0.0345247919	0.0037212726	-0.0285934806	-0.0492962274	-0.0499794418	-0.0303656657	0.0015798132	0.0328837193	0.0508333239	0.0481391707	0.0258953737	0.0114563314	-0.0131746103	-0.0114879153	-0.013755788	-0.0401215655	-0.000844795	-0.0389678516	0.0098018396	0.0073398588	-0.0155817174	0	0	0	0	0	0	0	0	-0.019419467375589	0.640819704399836	-2.22840312389761	-1.68540061352814
-0.0472659	-0.0125266	0.0788298	-0.000392492	0.00230172	-0.00283496	-0.03731141	0.0101697	-0.0388612	-0.001297903	2.89700000000001e-05	-0.00024651	0.16501146	0.0416059582	0.0137199483	-0.0198094581	-0.0451906832	-0.0519837232	-0.0373944116	-0.0074237382	0.0256005252	0.0480945804	0.0508059967	0.0326194932	0.0010156846	-0.0310059033	-0.0502739006	-0.048862844	-0.0273531403	0.005407671	0.0359441567	0.0516958108	0.0461835398	0.021674694	0.0375429268	0.0100600266	-0.0068006751	0.026010171	-0.0114761683	-0.0115986454	0.0043852689	-0.0231536387	-0.0237155845	0.0099270626	0	0	0	0	0	0	0	0	0.604735367864303	0.685725198822554	-2.22840312389761	-1.68540061352814
-0.024458	0.0246916	0.0955153	-0.000608071	0.00230172	-0.00309992	0.0228079	0.0372182	0.0166855	-0.000215579	0	-0.00026496	0.10073855	0.0414684511	0.0132837629	-0.0204346535	-0.0456404355	-0.0518333998	-0.0364336915	-0.0058564958	0.0271603893	0.048862844	0.0502100954	0.0306409077	-0.0016926191	-0.0333210373	-0.0510686325	-0.0475421407	-0.0242106219	0.009206518	0.0387884217	0.0522119084	0.043885044	0.01727662	0.0281010069	0.0055881631	0.0542439274	-0.0569995127	0.0245296998	-0.015145449	-0.0089305913	-0.0124111052	-0.0050951694	-0.0289929331	0	0	0	0	0	0	0	0	-1.23464636841964	0.550015904778546	-2.22840312389761	-1.68540061352814
-0.0266376	-0.0354296	0.116272	-0.000316907	0.00213143	-0.00327323	-0.0021796	-0.0601212	0.0207567	0.000291164	-0.00017029	-0.00017331	0.1147957	0.0413301739	0.0128465907	-0.0210564335	-0.0460766263	-0.0516590118	-0.0354486142	-0.0042839244	0.0286879745	0.0495576132	0.0495209612	0.0285934806	-0.0043963972	-0.0355316183	-0.0516775313	-0.0460228486	-0.0209530451	0.0129559745	0.0413994086	0.0523781585	0.0412607473	0.0127371473	0.0094922646	-0.0376167748	-0.0313491241	-0.0055212976	0.0031294821	0.0017944871	0.016168189	0.0543188817	-0.0185449745	0.0538380953	0	0	0	0	0	0	0	0	-1.99111164667299	0.088991396521949	-2.22840312389761	0.592443852028073
-0.0256454	-0.00978488	0.0887152	-0.000283662	0.00183429	-0.00323528	0.000992199999999995	0.02564472	-0.0275568	3.3245e-05	-0.00029714	3.79499999999997e-05	0.07261047	0.0411911291	0.0124084642	-0.021674694	-0.0464991262	-0.0514606403	-0.0344398384	-0.0027074549	0.0301814655	0.050177843	0.048739874	0.0264818121	-0.0070884207	-0.0376307102	-0.0520983812	-0.044311314	-0.0175958911	0.0166359256	0.0437614146	0.0521934471	0.0383301323	0.0080934286	0.0281391366	0.0253608695	-0.0631015581	0.0578117936	0.0132951434	0.0412542195	-0.0241937256	-0.0086942607	-0.0333037132	0.0002124366	0	0	0	0	0	0	0	0	0.102106262168697	0.475735456947824	-2.22840312389761	0.592443852028073
-0.0257341	-0.00444525	0.111708	-0.000829228	0.00230172	-0.00354472	-8.86999999999971e-05	0.00533963	0.0229928	-0.000545566	0.00046743	-0.00030944	0.09454293	0.0410513194	0.011969416	-0.0222893319	-0.0469078096	-0.0512383773	-0.0334080384	-0.0011285219	0.0316390872	0.0507226006	0.0478682839	0.0243106464	-0.0097614921	-0.0396117264	-0.0523296507	-0.0424146861	-0.0141551145	0.0202266294	0.0458602343	0.0516590118	0.0351149558	0.0033834701	0.0104068289	0.0234230137	-0.0441450993	0.013071653	0.0164703461	0.0090373851	-0.0624883161	0.0131143857	-0.0328124666	-0.0141172216	0	0	0	0	0	0	0	0	-0.824134041220127	1.68188725239543	-2.22840312389761	0.592443852028073
-0.0309574	-0.0124104	0.106418	-0.000753333	0.00216383	-0.00323528	-0.0052233	-0.00796515	-0.00528999999999998	7.5895e-05	-0.00013789	0.00030944	0.0446397	0.0409107473	0.0115294786	-0.0229002443	-0.047302555	-0.050992326	-0.032353904	0.0004514381	0.0330591074	0.0511910666	0.0469078096	0.0220848615	-0.0124084642	-0.0414684511	-0.0523704984	-0.0403408874	-0.0106470671	0.0237088227	0.0476832451	0.0507784337	0.0316390872	-0.0013541801	0.0230913444	-0.0466984868	-0.0142077469	0.0617569819	-0.0396510554	-0.011600926	0.0668767512	-0.0095402391	-0.0341962424	-0.0572075523	0	0	0	0	0	0	0	0	0.452183928333612	1.97559972762033	-2.22840312389761	-1.68540061352814
-0.00720849	0.0103014	0.0830068	-0.000791254	0.00197699	-0.00323528	0.02374891	0.0227118	-0.0234112	-3.79209999999999e-05	-0.00018684	0	0.08110996	0.0407694154	0.0110886847	-0.0235073292	-0.0476832451	-0.0507226006	-0.03127814	0.0020309873	0.0344398384	0.0515825363	0.0458602343	0.0198094581	-0.0150222601	-0.0431950583	-0.0522207755	-0.0380985803	-0.0070884207	0.0270638244	0.0492194833	0.0495576132	0.0279283311	-0.0060807472	0.0328539552	0.0328096396	0.039358376	0.057703312	-0.0255636859	-0.0368507425	-0.0131229105	-0.07825434	-0.0271196008	-0.0555636775	0	0	0	0	0	0	0	0	-0.652362745432938	1.39070310627802	0.448081059024295	0.592443852028073
-0.00280312	0.0279881	0.142729	-0.000898661	0.00199386	-0.00278185	0.00440537	0.0176867	0.0597222	-0.000107407	1.687e-05	0.00045343	0.11069962	0.0406273263	0.0106470671	-0.024110485	-0.0480497669	-0.0504293264	-0.0301814655	0.0036086884	0.0357796393	0.051896421	0.0447275033	0.0174895484	-0.0175958911	-0.0447861304	-0.051881027	-0.0356971313	-0.0034960873	0.0302736359	0.0504597097	0.0480047303	0.0240102362	-0.010757547	0.0288828477	-0.0296677401	0.0687546789	0.0251885203	0.0477178684	-0.0784155531	-0.0176717221	-0.0117775332	0.004836158	-0.0603209192	0	0	0	0	0	0	0	0	-1.9847148805394	1.12264894912976	0.448081059024295	0.592443852028073
-0.00631879	-0.00728652	0.11215	-0.000783014	0.00189984	-0.00277467	-0.00351567	-0.03527462	-0.030579	0.000115647	-9.402e-05	7.18000000000029e-06	0.08021164	0.0404844828	0.0102046586	-0.024709611	-0.0484020114	-0.0501126395	-0.0290646136	0.0051831058	0.0370769179	0.0521322486	0.0435117199	0.0151303447	-0.0201224762	-0.046236675	-0.051352489	-0.0331465714	0.0001128608	0.0333210373	0.0513964655	0.0461301902	0.0199138901	-0.0153463027	0.0406516404	-0.0146773216	0.0545572595	0.0239582326	-0.0201959686	-0.0470781517	0.0569312266	-0.0195698487	-0.0007962702	0.0260659087	0	0	0	0	0	0	0	0	0.081537340761618	1.79340304796575	0.448081059024295	-1.68540061352814
-0.0098408	2.95641e-05	0.135342	-0.00105824	0.00200859	-0.00289081	-0.00352201	0.0073160841	0.023192	-0.000275226	0.00010875	-0.00011614	0.0590358941	0.0403408874	0.0097614921	-0.025304607	-0.048739874	-0.049772687	-0.0279283311	0.006752807	0.0383301323	0.0522896643	0.0422151417	0.0127371473	-0.0225952602	-0.0475421407	-0.050637085	-0.0304575546	0.0037212726	0.0361896802	0.0520241169	0.0439465533	0.015669704	-0.0198094581	0.0474356783	0.0265957874	0.068689164	-0.0267201597	0.0088284446	-0.040032655	0.0145410877	-0.0489652261	-0.0161294428	-0.0415998297	0	0	0	0	0	0	0	0	-0.113209053196677	1.7825938416718	0.448081059024295	-1.68540061352814
-0.0137881	-0.000950282	0.161533	-0.00111555	0.00230172	-0.00301078	-0.0039473	-0.0009798461	0.026191	-5.73100000000001e-05	0.00029313	-0.00011997	0.0546386461	0.0401965428	0.0093176004	-0.0258953737	-0.0490632542	-0.0494096266	-0.0267733776	0.0083163637	0.0395377932	0.0523684314	0.0408401761	0.0103153331	-0.0250076315	-0.0486984311	-0.0497374181	-0.0276413132	0.0073119995	0.0388641751	0.0523388891	0.0414684511	0.0113091867	-0.024110485	0.0346311154	-0.0592808652	0.0578413679	-0.0595935834	0.0239761617	-0.0620233335	-0.0191080223	0.0453113952	0.0319619659	0.0409147806	0	0	0	0	0	0	0	0	-0.203842919648373	1.34000974424378	0.448081059024295	-1.68540061352814
-0.0220262	-0.0123799	0.121298	-0.000624357	0.00230172	-0.00282057	-0.0082381	-0.011429618	-0.040235	0.000491193	0	0.00019021	0.093972868	0.0400514517	0.0088730165	-0.0264818121	-0.0493720561	-0.049023627	-0.0256005252	0.009872353	0.0406984653	0.0523684314	0.0393893764	0.0078703433	-0.0273531403	-0.0497019183	-0.0486567622	-0.024709611	0.0108679768	0.0413301739	0.0523388891	0.0387124883	0.0068647103	-0.028214182	0.0394939242	0.0139021768	0.0172065197	-0.0097736074	-0.0744942632	0.0146459712	0.0677571937	-0.0266706453	-0.0169764725	0.0374819184	0	0	0	0	0	0	0	0	-0.140527204224397	1.04398223196275	0.448081059024295	-1.68540061352814
-0.0193438	0.0157341	0.141287	-0.000783014	0.00230172	-0.0029162	0.0026824	0.028114	0.019989	-0.000158657	0	-9.56299999999998e-05	0.06349975	0.0399056168	0.0084277735	-0.0270638244	-0.0496661877	-0.0486148674	-0.024410558	0.0114193591	0.0418107693	0.0522896643	0.0378654364	0.005407671	-0.0296255153	-0.0505494535	-0.0473990497	-0.021674694	0.0143723053	0.0435744473	0.0520241169	0.0356971313	0.0023692706	-0.0320869629	0.0370473776	0.0162951065	0.0381259266	-0.0302223677	-0.0357195229	-0.0221677631	-0.0154732496	-0.0319567199	-0.0260300365	0.0126404294	0	0	0	0	0	0	0	0	-2.40714794671935	0.661827130968706	0.448081059024295	-1.68540061352814
-0.0220146	0.008445	0.17141	-0.000903454	0.00230172	-0.00262837	-0.0026708	-0.0072891	0.030123	-0.00012044	0	0.00028783	0.0604964	0.0397590408	0.0079819045	-0.0276413132	-0.0499455618	-0.0481835374	-0.0232042715	0.0129559745	0.0428733831	0.0521322486	0.0362711858	0.0029328492	-0.0318186811	-0.0512383773	-0.0459688572	-0.0185492395	0.0178083308	0.0455849554	0.0513964655	0.0324425845	-0.0021437585	-0.0356971313	0.0181862287	-0.0543750032	0.0545421632	0.0085110096	-0.0251032512	-0.0665312602	0.0206620209	0.0059027174	0.0126970025	0.0494675501	0	0	0	0	0	0	0	0	-0.611473077067729	0.086600468710088	0.448081059024295	-1.68540061352814
-0.00155146	-0.00983733	0.149052	-0.000783014	0.0018358	-0.00267026	0.02046314	-0.01828233	-0.022358	0.00012044	-0.00046592	-4.18899999999997e-05	0.09251597	0.0396117264	0.0075354425	-0.028214182	-0.0502100954	-0.0477298374	-0.0219824722	0.0144808008	0.043885044	0.051896421	0.034609585	0.0004514381	-0.0339267737	-0.051766528	-0.044371389	-0.0153463027	0.0211597241	0.0473509122	0.0504597097	0.0289706552	-0.0066408724	-0.03901514	0.0362379458	0.0088804408	0.0449025142	0.0234921677	0.0003836555	-0.0219134351	0.0034457713	-0.035290323	-0.0213426367	0.0471795463	0	0	0	0	0	0	0	0	-2.0387901410316	2.22683012693581	0.448081059024295	-1.68540061352814
-0.00182413	0.0122747	0.195974	-0.00112274	0.00230172	-0.0030291	-0.00027267	0.02211203	0.046922	-0.000339726	0.00046592	-0.00035884	0.127531	0.0394636764	0.0070884207	-0.0287823352	-0.0504597097	-0.0472539781	-0.0207459769	0.0159924506	0.0448445497	0.0515825363	0.0328837193	-0.0020309873	-0.0359441567	-0.0521322486	-0.0426124582	-0.0120792627	0.024410558	0.048862844	0.0492194833	0.025304607	-0.0110886847	-0.0420138333	0.0252311659	-0.005706416	0.0230886633	0.0207258144	0.0958709502	-0.0260180852	-0.0197360981	-0.0067333916	-0.0366576573	-0.0654667355	0	0	0	0	0	0	0	0	-0.25073506350581	1.31649440647647	0.448081059024295	-1.68540061352814
0.00688179	0.0110687	0.318505	-0.000130019	0.00212131	-0.00200067	0.00870592	-0.001206	0.122531	0.000992721	-0.00018041	0.00102843	0.24252097	0.0393148935	0.0066408724	-0.0293456776	-0.0506943307	-0.0467561802	-0.0194956122	0.0174895484	0.0457507597	0.0511910666	0.0310967934	-0.0045088495	-0.0378654364	-0.0523343914	-0.0406984653	-0.0087617663	0.0275453833	0.0501126395	0.0476832451	0.0214690046	-0.015454175	-0.0446686685	0.0303038051	-0.0586954209	-0.0114088323	0.0297473112	0.0672023691	0.0077567222	0.0233547127	0.0360257145	-0.0036055668	-0.03331482	0	0	0	0	0	0	0	0	0.522399729981466	0.521202962683189	0.448081059024295	-1.68540061352814
0.0176198	-0.0403615	0.191774	-0.000225083	0.00182107	-0.00254019	0.01073801	-0.0514302	-0.126731	-9.5064e-05	-0.00030024	-0.00053952	0.23564041	0.0391653804	0.0061928308	-0.0299041152	-0.0509138886	-0.046236675	-0.0182322141	0.018970732	0.0466025972	0.0507226006	0.0292521253	-0.0069765817	-0.0396854757	-0.0523723222	-0.0386363752	-0.005407671	0.030549302	0.051093594	0.0458602343	0.0174895484	-0.0197049341	-0.0469579174	0.0140944918	0.0187942895	-0.0468509219	0.0490912743	0.0041068112	0.0417272575	0.0496868665	-0.011790299	-0.032220518	-0.039650955	0	0	0	0	0	0	0	0	-0.956045174333705	2.6017930603213	0.448081059024295	-1.68540061352814
0.0180337	0.0104296	0.237207	-0.000704747	0.0018513	-0.00279256	0.000413900000000005	0.0507911	0.045433	-0.000479664	3.02299999999998e-05	-0.00025237	0.1347512	0.03901514	0.0057443291	-0.0304575546	-0.0511183183	-0.0456957037	-0.0169566271	0.0204346535	0.0473990497	0.050177843	0.0273531403	-0.0094286395	-0.0413994086	-0.0522459219	-0.0364336915	-0.0020309873	0.0334080384	0.0518004449	0.0437614146	0.013392903	-0.0238094045	-0.048862844	0.0135536793	-0.0167737199	-0.0198100691	-0.0171987503	0.0457253272	0.0124197156	-0.0281394489	0.0348529507	-0.0067444428	-0.029215242	0	0	0	0	0	0	0	0	-0.973278519607826	1.59883319324503	0.448081059024295	-1.68540061352814
0.0177564	-0.0254833	0.192041	-0.000132361	0.00190899	-0.00295848	-0.000277300000000001	-0.0359129	-0.045166	0.000572386	5.76900000000002e-05	-0.00016592	0.121156	0.0388641751	0.0052954007	-0.0310059033	-0.0513075588	-0.0451335173	-0.015669704	0.0218799809	0.0481391707	0.0495576132	0.0254033645	-0.0118595137	-0.0430026525	-0.0519555872	-0.0340984296	0.0013541801	0.0361080066	0.0522294002	0.0413994086	0.009206518	-0.0277371148	-0.0503678575	0.0049978458	0.0157931561	-0.042485538	-0.0098820172	-0.0236855735	0.0445445485	0.0201548996	0.004507948	-0.022513105	-0.0075805159	0	0	0	0	0	0	0	0	-1.28104272107457	1.04799884790918	0.448081059024295	-1.68540061352814
0.0245783	0.0141362	0.225983	-0.0004291	0.0018513	-0.00285129	0.0068219	0.0396195	0.033942	-0.000296739	-5.76900000000002e-05	0.00010719	0.10346435	0.0387124883	0.0048460789	-0.0315490697	-0.0514815542	-0.0445503769	-0.0143723053	0.0233053991	0.0488220806	0.048862844	0.0234064185	-0.014263743	-0.0444909208	-0.051502229	-0.0316390872	0.0047336909	0.0386363752	0.0523781585	0.0387884217	0.0049584444	-0.0314589057	-0.0514606403	0.0048018795	0.0260918472	-0.0186134481	-0.0613657366	0.0223001915	0.029343668	-0.0300897955	0.0125201366	-0.0129112051	-0.0275056741	0	0	0	0	0	0	0	0	-0.167113658899259	0.657760653144636	0.448081059024295	-1.68540061352814
0.0180943	-0.0210936	0.190761	-0.000294331	0.0018695	-0.00285129	-0.006484	-0.0352298	-0.035222	0.000134769	1.82000000000003e-05	0	0.08458425	0.0385600826	0.0043963972	-0.0320869629	-0.0516402525	-0.0439465533	-0.0130652981	0.024709611	0.0494469678	0.0480945804	0.0213660101	-0.0166359256	-0.0458602343	-0.0508872699	-0.0290646136	0.0080934286	0.0409811285	0.0522459219	0.0359441567	0.0006771467	-0.0349471469	-0.0521322486	-0.0031021931	-0.000558657	-0.0528263493	-0.0243184781	-0.0376999268	0.0407910128	0.0363334118	0.0172605399	-0.0195588206	-0.005671238	0	0	0	0	0	0	0	0	1.23432299275462	0.250751899693411	0.448081059024295	-1.68540061352814
0.00337528	0.0138747	0.216508	-0.000692855	0.00212589	-0.00309276	-0.01471902	0.0349683	0.025747	-0.000398524	0.00025639	-0.00024147	0.12025352	0.0384069609	0.0039463888	-0.0326194932	-0.0517836067	-0.0433223267	-0.0117495564	0.0260913389	0.0500130897	0.0472539781	0.0192859283	-0.018970732	-0.0471069319	-0.0501126395	-0.0263843771	0.0114193591	0.0431311232	0.0518333998	0.0328837193	-0.0036086884	-0.0381759417	-0.0523771858	0.0138786764	0.0361669033	-0.0085152748	-0.0625262475	0.0154067063	0.0290088297	-0.0076606124	0.0049802155	-0.0142405212	-0.0155569585	0	0	0	0	0	0	0	0	0.952284721974584	0.729132624175997	0.448081059024295	-1.68540061352814
0.0033389	-0.00774958	0.213016	-0.000155936	0.00231858	-0.00316143	-3.63799999999999e-05	-0.02162428	-0.00349200000000002	0.000536919	0.00019269	-6.86699999999998e-05	0.06506661	0.0382531258	0.0034960873	-0.0331465714	-0.0519115742	-0.042677987	-0.0104259597	0.0274493255	0.0505197734	0.0463423012	0.0171700353	-0.0212629165	-0.0482276804	-0.0491807684	-0.0236081307	0.0146975897	0.0450761418	0.0511428052	0.0296255153	-0.0078703433	-0.0411213197	-0.0521934471	-0.0184670816	-0.0350790134	-0.039950111	-0.0406163375	-0.0349062552	0.0320093994	0.0218291425	0.0583640537	0.0053702959	0.0611746639	0	0	0	0	0	0	0	0	1.01823638466364	0.748140447166754	0.448081059024295	-1.68540061352814
0.00334685	0.0207297	0.191179	8.11045e-05	0.00231858	-0.0034435	7.95000000000006e-06	0.02847928	-0.021837	0.0002370405	0	-0.000282070000000001	0.076279755	0.0380985803	0.0030455261	-0.0336681095	-0.0520241169	-0.0420138333	-0.0090953929	0.0287823352	0.0509664168	0.0453609212	0.0150222601	-0.0235073292	-0.0492194833	-0.0480945804	-0.0207459769	0.0179144269	0.0468069407	0.050177843	0.02618914	-0.0120792627	-0.0437614146	-0.0515825363	0.0070071428	0.0367175453	-0.0546498013	0.0205721158	0.0075332173	0.0350055921	-0.0160762229	-0.0155549334	-0.0387888542	0.0007088893	0	0	0	0	0	0	0	0	0.70382780030974	0.790991722504147	0.448081059024295	-1.68540061352814
0.00335416	0.015472	0.244685	-0.000550212	0.00231858	-0.00362737	7.30999999999996e-06	-0.0052577	0.053506	-0.0006313165	0	-0.00018387	0.0995303350000001	0.0379433273	0.0025947387	-0.0341840202	-0.0521212014	-0.0413301739	-0.0077587455	0.0300891549	0.051352489	0.044311314	0.0128465907	-0.0256989275	-0.0500796887	-0.0468574839	-0.0178083308	0.0210564335	0.0483152946	0.04894369	0.0225952602	-0.0162072446	-0.0460766263	-0.0505494535	-0.0171753433	-0.0369669123	-0.0619186706	0.0218391122	0.042954065	0.0078433399	-0.0297277861	0.0683584019	-0.0250843079	-0.0198041562	0	0	0	0	0	0	0	0	1.17260117075783	0.84764144464729	0.448081059024295	-1.68540061352814
-0.0279753	0.0135072	0.167675	-0.000139145	0.00220378	-0.00362592	-0.03132946	-0.0019648	-0.07701	0.000411067	-0.0001148	1.45000000000006e-06	0.13667011	0.0377873696	0.0021437585	-0.0346942175	-0.0522027989	-0.0406273263	-0.0064169112	0.0313685957	0.0516775313	0.0431950583	0.0106470671	-0.0278327876	-0.0508059967	-0.0454733605	-0.0148058821	0.024110485	0.049594035	0.047446967	0.0188654898	-0.0202266294	-0.0480497669	-0.0491026536	-0.0027006903	0.0318251027	-0.0520238566	0.0417417792	-0.0091755894	0.0488225565	0.0204277192	-0.0150980182	-0.05560549	-0.051192489	0	0	0	0	0	0	0	0	0.779697517830512	0.895898272560541	0.448081059024295	0.592443852028073
0.00379071	0.0230493	0.199425	-0.000644741	0.00209828	-0.0032839	0.03176601	0.0095421	0.03175	-0.000505596	-0.0001055	0.00034202	0.12071391	0.0376307102	0.0016926191	-0.0351986159	-0.0522688852	-0.0399056168	-0.0050707869	0.0326194932	0.0519411573	0.0420138333	0.0084277735	-0.0299041152	-0.0513964655	-0.0439465533	-0.0117495564	0.0270638244	0.050637085	0.0456957037	0.0150222601	-0.024110485	-0.0496661877	-0.0472539781	-0.025357664	-0.0235894627	-0.0162107047	-0.0010123395	0.0176193428	-0.0042428453	-0.048649045	0.0284769528	-0.0006321753	-0.0279195896	0	0	0	0	0	0	0	0	0.527972780022704	0.862834182238781	0.448081059024295	0.592443852028073
-0.0160808	0.00281267	0.155496	-0.000333397	0.00208904	-0.00291758	-0.01987151	-0.02023663	-0.043929	0.000311344	-9.2400000000002e-06	0.00036632	0.11838234	0.0374733519	0.0012413539	-0.0356971313	-0.0523194405	-0.0391653804	-0.0037212726	0.0338407093	0.0521430537	0.0407694154	0.0061928308	-0.0319082567	-0.0518495163	-0.0422818529	-0.0086504753	0.0299041152	0.0514394875	0.043699295	0.0110886847	-0.0278327876	-0.0509138886	-0.045018557	-0.0134634348	0.024923331	-0.0033241337	0.0095142503	-0.0433625206	0.0224119502	0.033830232	-0.0203090087	-0.0078658131	-0.0012511359	0	0	0	0	0	0	0	0	1.28458724179312	0.60244383705963	0.448081059024295	-1.68540061352814
-0.00722692	0.0154453	0.162514	-0.000659394	0.0018681	-0.00307652	0.00885388	0.01263263	0.00701800000000002	-0.000325997	-0.00022094	-0.00015894	0.06379836	0.0373152977	0.0007899965	-0.0361896802	-0.0523544498	-0.0384069609	-0.0023692706	0.0350311327	0.0522829807	0.0394636764	0.0039463888	-0.0338407093	-0.0521639377	-0.0404844828	-0.0055199161	0.0326194932	0.0519974292	0.0414684511	0.0070884207	-0.0313685957	-0.0517836067	-0.0424146861	-0.0244047829	0.0400976965	0.0279680899	-0.036466959	-0.0062144505	-0.0021503616	-0.022056582	-0.0183190511	-0.019110201	-0.0256716606	0	0	0	0	0	0	0	0	0.890527486320471	0.358595517069389	0.448081059024295	-1.68540061352814
-0.00246703	-0.00486035	0.201983	-0.000581867	0.0018681	-0.00289275	0.00475989	-0.02030565	0.039469	7.7527e-05	0	0.00018377	0.07759939	0.0371565505	0.0003385804	-0.0366761804	-0.0523739028	-0.0376307102	-0.0010156846	0.0361896802	0.0523607718	0.0380985803	0.0016926191	-0.0356971313	-0.0523388891	-0.0385600826	-0.0023692706	0.0351986159	0.0523082586	0.03901514	0.0030455261	-0.0346942175	-0.0522688852	-0.0394636764	-0.0097439295	-0.0488195883	0.0250772121	-0.0088946162	-0.0456129259	-0.0358090744	0.0285998706	0.0311082581	0.0194227557	0.0608701336	0	0	0	0	0	0	0	0	0.942851862132945	0.310819900439401	0.448081059024295	-1.68540061352814
0.0138182	-0.00652845	0.141299	0.000650801	0.0018681	-0.00278016	0.01628523	-0.0016681	-0.060684	0.001232668	0	0.00011259	0.14590023	0.0369971132	-0.0001128608	-0.0371565505	-0.0523777937	-0.0368369888	0.0003385804	0.0373152977	0.0523763346	0.0366761804	-0.0005642937	-0.0374733519	-0.0523739028	-0.0365146908	0.0007899965	0.0376307102	0.0523704984	0.036352523	-0.0010156846	-0.0377873696	-0.0523661213	-0.0361896802	-0.0361773061	0.0422311905	0.0105517278	0.0305046082	-0.0485815469	-0.0114498105	-0.0218837388	-0.028351819	0.0097935936	0.0257462973	0	0	0	0	0	0	0	0	-1.60763193046106	1.0452485028997	0.448081059024295	-1.68540061352814
0.000324287	0.0146443	0.20396	-0.00057891	0.00203869	-0.00303291	-0.013493913	0.02117275	0.062661	-0.001229711	0.00017059	-0.00025275	0.179980213	0.0368369888	-0.0005642937	-0.0376307102	-0.0523661213	-0.0360261653	0.0016926191	0.0384069609	0.0523296507	0.0351986159	-0.0028201586	-0.0391653804	-0.0522688852	-0.0343547251	0.0039463888	0.0399056168	0.0521838529	0.0334948844	-0.0050707869	-0.0406273263	-0.0520745933	-0.0326194932	-0.016618275	-0.0367389459	0.0204648886	0.0570986746	-0.0034876929	-0.0487802368	-0.0031946121	-0.0041947053	-0.0039251422	0.0093931382	0	0	0	0	0	0	0	0	0.340315252178106	1.08681114643417	0.448081059024295	-1.68540061352814
0.014396	0.0166618	0.133243	-0.00046231	0.0018681	-0.0031308	0.014071713	0.0020175	-0.070717	0.0001166	-0.00017059	-9.78900000000002e-05	0.106060213	0.0366761804	-0.0010156846	-0.0380985803	-0.0523388891	-0.0351986159	0.0030455261	0.0394636764	0.0522207755	0.0336681095	-0.0050707869	-0.0407694154	-0.0520241169	-0.0320869629	0.0070884207	0.0420138333	0.0517492091	0.0304575546	-0.0090953929	-0.0431950583	-0.0513964655	-0.0287823352	-0.0066008291	0.0202418077	0.0612020201	0.0494625029	0.0597525933	-0.0533775812	0.0309226863	-0.050570331	-0.0127397331	-0.0692039204	0	0	0	0	0	0	0	0	-0.547219317996264	1.69612636779601	0.448081059024295	-1.68540061352814
0.0070195	0.00477744	0.209774	-0.000628532	0.0018681	-0.0028676	-0.0073765	-0.01188436	0.076531	-0.000166222	0	0.000263200000000001	0.11726296	0.0365146908	-0.0014670001	-0.0385600826	-0.0522961052	-0.0343547251	0.0043963972	0.0404844828	0.0520498384	0.0320869629	-0.0073119995	-0.0422818529	-0.0516402525	-0.0297185201	0.0102046586	0.0439465533	0.0510686325	0.027256828	-0.0130652981	-0.0454733605	-0.0503367722	-0.024709611	-0.0196741692	-0.0395322755	0.0362371046	0.0260490526	0.0636872111	-0.065953668	-0.0052085707	0.0182422259	-0.0100718321	-0.0229662451	0	0	0	0	0	0	0	0	-0.127793903059427	2.21405171954045	0.448081059024295	-1.68540061352814
0.0344405	-0.0067415	0.180772	-0.000494227	0.00176893	-0.00296974	0.027421	-0.01151894	-0.029002	0.000134305	-9.91699999999998e-05	-0.00010214	0.08472269	0.036352523	-0.0019182066	-0.03901514	-0.0522377823	-0.0334948844	0.0057443291	0.0414684511	0.0518170426	0.0304575546	-0.0095396348	-0.043699295	-0.0511183183	-0.027256828	0.0132837629	0.0456957037	0.0501453577	0.0239098759	-0.0169566271	-0.047446967	-0.0489033805	-0.0204346535	-0.0030738119	0.0245406959	-0.0045546334	0.0276712292	-0.0175549815	0.0170946334	0.0417768678	-0.0454510982	-0.001892764	-0.02799572	0	0	0	0	0	0	0	0	0.582825467889811	2.20514063040013	0.448081059024295	-1.68540061352814
0.0268275	0.00740249	0.227528	-0.00117203	0.0018681	-0.00317316	-0.007613	0.01414399	0.046756	-0.000677803	9.91699999999998e-05	-0.00020342	0.11753264	0.0361896802	-0.0023692706	-0.0394636764	-0.0521639377	-0.0326194932	0.0070884207	0.0424146861	0.0515226647	0.0287823352	-0.0117495564	-0.045018557	-0.0504597097	-0.024709611	0.016314529	0.0472539781	0.0489837722	0.0204346535	-0.0207459769	-0.0491026536	-0.0471069319	-0.0159924506	-0.0253065452	0.0086524871	0.0195704835	-0.0525830026	0.0461789628	-0.0122196493	-0.0415638478	0.0043602268	0.0160814393	-0.0286331999	0	0	0	0	0	0	0	0	0.027240675199235	1.14188762471507	0.448081059024295	-1.68540061352814
0.0212327	-0.0255765	0.209823	-0.000349486	0.00181387	-0.00296974	-0.0055948	-0.03297899	-0.017705	0.000822544	-5.42299999999997e-05	0.00020342	0.11028849	0.0360261653	-0.0028201586	-0.0399056168	-0.0520745933	-0.0317289578	0.0084277735	0.0433223267	0.0511670547	0.0270638244	-0.0139376608	-0.046236675	-0.0496661877	-0.0220848615	0.0192859283	0.0486148674	0.0475893965	0.0168498047	-0.024410558	-0.0504293264	-0.0449607632	-0.0114193591	-0.0122826089	-0.0050673971	-0.0104014385	-0.0019790806	-0.0607356628	0.0239454003	0.050374898	-0.0008795843	0.0261247165	0.012888816	0	0	0	0	0	0	0	0	0.351155177490979	0.776667209088688	0.448081059024295	-1.68540061352814
0.0171685	0.00393085	0.175961	-0.000684083	0.0018681	-0.00296974	-0.0040642	0.02950735	-0.033862	-0.000334597	5.42299999999997e-05	0	0.0868749	0.0358619813	-0.0032708371	-0.0403408874	-0.0519697758	-0.0308236917	0.0097614921	0.044190547	0.050750635	0.025304607	-0.016099885	-0.0473509122	-0.048739874	-0.0193908153	0.0221871482	0.049772687	0.0459688572	0.0131745611	-0.0279283311	-0.0514180959	-0.0424808075	-0.006752807	-0.0128063315	0.0495675735	0.003794453	-0.0008897709	-0.036980152	0.0100767738	-0.0204082222	-0.0467294181	-0.0068144546	-0.0382730277	0	0	0	0	0	0	0	0	0.334771759992585	0.443790137560736	0.448081059024295	-1.68540061352814
0.0215979	-0.00347432	0.187003	-0.000592123	0.00170308	-0.00296974	0.0044294	-0.00740517	0.011042	9.196e-05	-0.00016502	0	0.03572557	0.0356971313	-0.0037212726	-0.0407694154	-0.0518495163	-0.0299041152	0.0110886847	0.045018557	0.0502739006	0.0235073292	-0.0182322141	-0.0483587652	-0.0476832451	-0.0166359256	0.0250076315	0.0507226006	0.0441298556	0.0094286395	-0.03127814	-0.0520623368	-0.0396854757	-0.0020309873	-0.0310279669	-0.0499982847	0.0391185715	-0.0265928919	-0.0028816402	-0.0556930861	-0.0124710372	0.0249511345	0.0317808858	0.039393277	0	0	0	0	0	0	0	0	-1.72793073014537	1.97562467088098	0.448081059024295	-1.68540061352814
0.00710253	-0.00672428	0.146859	-0.000465784	0.00156214	-0.00296974	-0.01449537	-0.00324996	-0.040144	0.000126339	-0.00014094	0	0.07125328	0.0355316183	-0.0041714317	-0.0411911291	-0.0517138504	-0.0289706552	0.0124084642	0.0458056033	0.0497374181	0.021674694	-0.0203306886	-0.0492579697	-0.0464991262	-0.0138288366	0.0277371148	0.0514606403	0.0420811315	0.0056321357	-0.0344398384	-0.0523577323	-0.0365955205	0.0027074549	-0.0165534225	0.0391355	0.0379690994	-0.0082873421	-0.0461564889	-0.007679818	0.0223029282	-0.0362899255	0.0111382285	0.0487514315	0	0	0	0	0	0	0	0	-1.97328268272139	2.3518796096548	0.448081059024295	-1.68540061352814
0.0070497	0.0303837	0.194998	-0.000458429	0.0018681	-0.00296974	-5.28300000000002e-05	0.03710798	0.048139	7.35500000000001e-06	0.00030596	0	0.10096556	0.0353654455	-0.004621281	-0.0416059582	-0.0515628185	-0.028023745	0.0137199483	0.0465509697	0.0491418251	0.0198094581	-0.0223914121	-0.0500465054	-0.0451906832	-0.0109783563	0.0303656657	0.0519837232	0.0398324213	0.001805417	-0.0373944116	-0.0523023033	-0.0332338815	0.0074237382	-0.0272004403	0.0229225962	0.0487936013	-0.0477358484	0.0041227496	-0.0197525425	-0.0105284252	-0.0141925245	0.0149495499	0.0071004196	0	0	0	0	0	0	0	0	-0.264158791564711	2.33343930388597	0.448081059024295	-1.68540061352814
0.0141274	-0.00674611	0.209898	-0.000592123	0.00172388	-0.00296974	0.0070777	-0.03712981	0.0149	-0.000133694	-0.00014422	0	0.07300321	0.0351986159	-0.0050707869	-0.0420138333	-0.0513964655	-0.0270638244	0.0150222601	0.0472539781	0.0484878293	0.0179144269	-0.024410558	-0.0507226006	-0.0437614146	-0.0080934286	0.0328837193	0.0522896643	0.0373944116	-0.0020309873	-0.0401240904	-0.051896421	-0.0296255153	0.0120792627	-0.0273515767	-0.0487214726	0.0030839419	0.0130151886	-0.0303423392	-0.0361774865	0.0538699746	0.0381654232	0.0170908794	0.0587837404	0	0	0	0	0	0	0	0	-0.173433463068909	2.38781315680539	0.448081059024295	-1.68540061352814
0.032474	0.0210395	0.232363	-0.000592123	0.0018681	-0.00296974	0.0183466	0.02778561	0.022465	0	0.00014422	0	0.07580821	0.0350311327	-0.0055199161	-0.0424146861	-0.0512148408	-0.0260913389	0.016314529	0.0479139886	0.0477762082	0.0159924506	-0.0263843771	-0.0512847364	-0.0422151417	-0.0051831058	0.0352821126	0.0523771858	0.0347786889	-0.0058564958	-0.0426124582	-0.0511428052	-0.0257972105	0.0166359256	-0.0036595723	0.0330039764	0.0043496617	0.055644414	-0.0147852687	-0.0012297126	0.0024360333	-0.0604428308	0.0300230301	0.0254559816	0	0	0	0	0	0	0	0	-1.44407939164953	2.3679333586163	0.448081059024295	-1.68540061352814
0.0624588	0.0227975	0.353919	-2.71955e-06	0.00104905	-0.000499569	0.0299848	0.001758	0.121556	0.00058940345	-0.00081905	0.002470171	0.3472300225	0.0348629988	-0.0059686353	-0.0428084497	-0.0510179984	-0.0251067401	0.0175958911	0.0485304007	0.0470078072	0.0140464202	-0.0283092043	-0.0517316498	-0.0405559987	-0.0022565198	0.0375521182	0.0522459219	0.0319976841	-0.0096505858	-0.0448445497	-0.0500465054	-0.021777388	0.0210564335	0.0105031375	-0.0254088552	0.0404310619	0.0131300348	-0.003510668	-0.0580182499	-0.0574791718	-0.0091959723	0.0398625906	0.0473965519	0	0	0	0	0	0	0	0	0.086452310241597	1.39498793328898	0.448081059024295	-1.68540061352814
0.0835941	-0.0567057	0.283066	-0.00090465	0.000790832	-0.000975169	0.0211353	-0.0795032	-0.070853	-0.00090193045	-0.000258218	-0.0004756	0.2532789225	0.0346942175	-0.0064169112	-0.0431950583	-0.0508059967	-0.024110485	0.0188654898	0.0491026536	0.0461835398	0.0120792627	-0.0301814655	-0.0520623368	-0.0387884217	0.0006771467	0.0396854757	0.051896421	0.0290646136	-0.013392903	-0.0468069407	-0.0486148674	-0.0175958911	0.025304607	0.0167696162	-0.01575221	0.053983722	0.0023977454	-0.0566253076	-0.0461657975	0.0161636067	-0.0186878016	0.0237218675	0.0317204775	0	0	0	0	0	0	0	0	0.417706920420637	1.19461258037372	0.448081059024295	0.592443852028073
0.0513963	-0.0402205	0.33211	-0.000474352	0.00123813	-0.00149852	-0.0321978	0.0164852	0.049044	0.000430298	0.000447298	-0.000523351	0.16777435	0.0345247919	-0.0068647103	-0.0435744473	-0.0505788988	-0.0231030362	0.0201224762	0.0496302266	0.0453043854	0.0100939368	-0.0319976841	-0.0522760543	-0.0369171367	0.0036086884	0.0416744222	0.0513301431	0.0259934166	-0.0170633708	-0.0484878293	-0.0468574839	-0.0132837629	0.0293456776	0.0115382079	-0.0412751771	0.0523741352	0.0234507328	0.0092052808	-0.0541028467	0.0098322238	-0.0190833792	0.0124330523	0.0171798171	0	0	0	0	0	0	0	0	1.06168615372076	0.509919375286958	0.448081059024295	-1.68540061352814
0.0453221	-0.0127479	0.270203	-0.00017957	0.00104905	-0.00201703	-0.00607420000000001	0.0274726	-0.061907	0.000294782	-0.00018908	-0.00051851	0.1455724	0.0343547251	-0.0073119995	-0.0439465533	-0.0503367722	-0.0220848615	0.0213660101	0.0501126395	0.044371389	0.0080934286	-0.0337544877	-0.0523723222	-0.0349471469	0.0065289069	0.0435117199	0.0505494535	0.0227986886	-0.0206422981	-0.0498771065	-0.0447861304	-0.0088730165	0.0331465714	-0.0008021131	0.0097349959	0.0061279049	0.068357173	0.0235231609	-0.0014185855	0.0255908086	-0.0062355123	0.0011660957	-0.0075951335	0	0	0	0	0	0	0	0	0.932103677711875	-0.042614819992885	0.448081059024295	-1.68540061352814
0.0513843	-0.00174695	0.274173	-0.000243855	0.00168565	-0.00246029	0.00606220000000001	0.01100095	0.00396999999999997	-6.4285e-05	0.0006366	-0.00044326	0.0782404	0.0341840202	-0.0077587455	-0.044311314	-0.0500796887	-0.0210564335	0.0225952602	0.0505494535	0.0433856593	0.0060807472	-0.0354486142	-0.0523509242	-0.0328837193	0.0094286395	0.0451906832	0.0495576132	0.0194956122	-0.024110485	-0.0509664168	-0.0424146861	-0.0043963972	0.0366761804	-0.0161487645	0.0071011592	0.0152940559	-0.0062034936	0.069430222	0.0058762215	-0.0199656942	0.0070709257	0.0162404893	-0.0483320643	0	0	0	0	0	0	0	0	1.26404704169867	-0.073641587691096	0.448081059024295	-1.68540061352814
0.0274925	-0.00165311	0.272884	2.33126e-05	0.0018176	-0.00270044	-0.0238918	9.384e-05	-0.00128899999999998	0.0002671676	0.00013195	-0.00024015	0.05723802	0.0340126806	-0.0082049152	-0.0446686685	-0.0498077248	-0.0200182296	0.0238094045	0.050940271	0.0423483678	0.0040589197	-0.0370769179	-0.0522119084	-0.030732371	0.0122987873	0.0467052026	0.0483587652	0.016099885	-0.0274493255	-0.0517492091	-0.0397590408	0.0001128608	0.0399056168	-0.0162130684	0.0064219072	-0.018422705	-0.0307888715	0.0142509347	0.0386436811	0.0146942266	0.033617366	0.0478507107	0.0262896779	0	0	0	0	0	0	0	0	0.234490599821451	-0.00594620217558	0.448081059024295	-1.68540061352814
0.0142444	0.0219918	0.291941	-4.21322e-05	0.00193278	-0.00289284	-0.0132481	0.02364491	0.019057	-6.54448e-05	0.00011518	-0.0001924	0.07460125	0.0338407093	-0.0086504753	-0.045018557	-0.0495209612	-0.018970732	0.0250076315	0.0512847364	0.0412607473	0.0020309873	-0.0386363752	-0.0519555872	-0.028498854	0.0151303447	0.0480497669	0.0469579174	0.0126276447	-0.0306409077	-0.0522207755	-0.0368369888	0.004621281	0.0428084497	-0.0167760148	0.0386729182	-0.0292384191	-0.1002487629	0.0225705302	0.0760234256	-0.0381509341	0.0161765579	0.0217557562	-0.0018131683	0	0	0	0	0	0	0	0	0.01495799191011	0.134740838535525	0.448081059024295	-1.68540061352814
0.0143167	-0.00167563	0.313889	-0.000110264	0.00193278	-0.00330303	7.23000000000043e-05	-0.02366743	0.021948	-6.81318e-05	0	-0.00041019	0.06960382	0.0336681095	-0.0090953929	-0.0453609212	-0.0492194833	-0.0179144269	0.02618914	0.0515825363	0.0401240904	0	-0.0401240904	-0.0515825363	-0.02618914	0.0179144269	0.0492194833	0.0453609212	0.0090953929	-0.0336681095	-0.0523782801	-0.0336681095	0.0090953929	0.0453609212	-0.0313269329	-0.0281144861	-0.0837275445	-0.062864433	-0.0336726437	0.0757284438	-0.015162832	0.0681637728	0.0560202802	0.0590817019	0	0	0	0	0	0	0	0	-0.11581460606295	0.006116381240437	0.448081059024295	-1.68540061352814
0.0144088	0.0204969	0.247364	0.000212686	0.00154776	-0.00330303	9.2099999999996e-05	0.02217253	-0.066525	0.00032295	-0.00038502	0	0.12418813	0.0334948844	-0.0095396348	-0.0456957037	-0.0489033805	-0.0168498047	0.0273531403	0.0518333998	0.0389397479	-0.0020309873	-0.0415373011	-0.051093594	-0.0238094045	0.0206422981	0.0502100954	0.0435744473	0.0055199161	-0.0365146908	-0.0522207755	-0.0302736359	0.0135019809	0.0475421407	-0.0199433125	0.0381860528	-0.0824050685	-0.0507921203	-0.0261361894	0.0866871976	-0.0440527499	0.0146946454	0.0084910169	0.0297119833	0	0	0	0	0	0	0	0	0.127899116302312	-0.179795992098825	0.448081059024295	-1.68540061352814
0.0115406	0.0374402	0.265639	7.73379e-05	0.00193278	-0.00355303	-0.0028682	0.0169433	0.018275	-0.0001353481	0.00038502	-0.00025	0.076604905	0.0333210373	-0.009983168	-0.0460228486	-0.0485727468	-0.0157773596	0.028498854	0.0520370985	0.0377091275	-0.0040589197	-0.0428733831	-0.0504898588	-0.0213660101	0.0233053991	0.0510179984	0.0416059582	0.0019182066	-0.0391653804	-0.0517492091	-0.0266763128	0.0178083308	0.0493342563	-0.0352499127	0.0056447406	-0.0729762009	-0.0307364591	0.0336057841	0.0529875037	-0.0489341456	0.0541343058	0.016550783	-0.0017608805	0	0	0	0	0	0	0	0	0.493989332530674	-0.679935040225727	0.448081059024295	-1.68540061352814
0.0142957	0.0154399	0.236276	1.20057e-05	0.00202392	-0.00330303	0.0027551	-0.0220003	-0.029363	-6.53322e-05	9.11399999999998e-05	0.00025	0.07444201	0.0331465714	-0.0104259597	-0.0463423012	-0.0482276804	-0.0146975897	0.0296255153	0.0521934471	0.0364336915	-0.0060807472	-0.0441298556	-0.049772687	-0.0188654898	0.0258953737	0.0516402525	0.0394636764	-0.0016926191	-0.0416059582	-0.0509664168	-0.0229002443	0.0219824722	0.0507226006	-0.0229550761	0.0148616477	-0.084359546	-0.0017000581	0.0199712026	0.0472691789	-0.0041311592	0.0208794558	-0.0153713828	-0.0084731944	0	0	0	0	0	0	0	0	1.05045612048195	0.040318665580857	0.448081059024295	-1.68540061352814
0.00384754	0.0252764	0.260839	-0.000258183	0.00245928	-0.00371351	-0.01044816	0.0098365	0.024563	-0.0002701887	0.00043536	-0.00041048	0.100649095	0.0329714899	-0.0108679768	-0.0466540082	-0.0478682839	-0.0136109962	0.030732371	0.0523023033	0.0351149558	-0.0080934286	-0.0453043854	-0.04894369	-0.016314529	0.0284040951	0.0520745933	0.0371565505	-0.0052954007	-0.043823331	-0.0498771065	-0.018970732	0.0259934166	0.0516958108	-0.015559514	0.0195241855	-0.0720586395	-0.0080756391	0.0498876146	0.0335464362	-0.0339569824	0.0247898202	-0.0153806309	-0.0513433113	0	0	0	0	0	0	0	0	0.563399543186377	0.263878108049985	0.448081059024295	0.592443852028073
-0.00565602	-0.00170925	0.285235	-0.000471517	0.00245928	-0.00360546	-0.00950356	-0.02698565	0.024396	-0.000213334	0	0.00010805	0.07695441	0.0327957961	-0.0113091867	-0.0469579174	-0.0474946641	-0.0125180835	0.0318186811	0.0523635681	0.0337544877	-0.0100939368	-0.0463947917	-0.0480047303	-0.0137199483	0.0308236917	0.0523194405	0.0346942175	-0.0088730165	-0.0458056033	-0.0484878293	-0.0149141057	0.0298113868	0.0522459219	-0.0130483697	-0.0418550636	-0.0666716124	0.0068947054	0.0243289966	0.0159649244	0.0152870494	0.0484134328	-0.0080721993	-0.0245921907	0	0	0	0	0	0	0	0	-0.280065379503888	0.758435992981109	0.448081059024295	0.592443852028073
0.0099209	-0.00163446	0.264148	-3.56761e-05	0.00230087	-0.00313069	0.01557692	7.47900000000001e-05	-0.021087	0.0004358409	-0.00015841	0.00047477	0.090189755	0.0326194932	-0.0117495564	-0.0472539781	-0.0471069319	-0.0114193591	0.0328837193	0.0523771858	0.032353904	-0.0120792627	-0.0473990497	-0.0469579174	-0.0110886847	0.0331465714	0.0523739028	0.0320869629	-0.0124084642	-0.0475421407	-0.0468069407	-0.010757547	0.0334080384	0.0523684314	0.0033465286	0.0140751165	-0.0407738956	0.0470976531	-0.0142217385	0.0357252937	0.0337632684	-0.0184622463	-0.0100154092	0.0054710278	0	0	0	0	0	0	0	0	-0.140260625827548	0.956745253761908	0.448081059024295	0.592443852028073
0.0108267	-0.0330206	0.288623	-0.000147857	0.00185216	-0.00236976	0.000905800000000002	-0.03138614	0.024475	-0.0001121809	-0.00044871	0.00076093	0.122857985	0.0324425845	-0.0121890533	-0.0475421407	-0.0467052026	-0.0103153331	0.0339267737	0.0523431439	0.0309148693	-0.0140464202	-0.0483152946	-0.0458056033	-0.0084277735	0.0353654455	0.0522377823	0.0293456776	-0.015884942	-0.049023627	-0.0448445497	-0.0065289069	0.0367566699	0.0520623368	0.0208140216	0.0146043602	0.0188428902	-0.0204035481	-0.0231022806	0.006609516	-0.0528168604	-0.0305756287	0.0185879586	0.0385058746	0	0	0	0	0	0	0	0	-1.24107659627669	0.672905774024319	0.448081059024295	-1.68540061352814
-0.0124419	-0.0433133	0.256723	-0.00091461	0.00185216	-0.00276866	-0.0232686	-0.0102927	-0.0319	-0.000766753	0	-0.0003989	0.12374395	0.0322650733	-0.0126276447	-0.0478223571	-0.0462895956	-0.009206518	0.0349471469	0.0522614734	0.0294390937	-0.0159924506	-0.0491418251	-0.0445503769	-0.0057443291	0.0374733519	0.0519115742	0.0264818121	-0.0192859283	-0.0502421146	-0.0426124582	-0.0022565198	0.0398324213	0.0513301431	0.0179927123	-0.0363232881	0.0198801716	0.0370850134	-0.0297987074	-0.0176630322	0.0213147388	0.000444093	0.0235620624	0.030413379	0	0	0	0	0	0	0	0	-1.07844927411865	0.356826148697648	0.448081059024295	0.592443852028073
0.0143746	-0.00410409	0.235633	-0.001074	0.00185216	-0.00285463	0.0268165	0.03920921	-0.02109	-0.00015939	0	-8.59699999999999e-05	0.09938371	0.0320869629	-0.0130652981	-0.0480945804	-0.0458602343	-0.0080934286	0.0359441567	0.0521322486	0.0279283311	-0.0179144269	-0.0498771065	-0.0431950583	-0.0030455261	0.0394636764	0.0513964655	0.0235073292	-0.0225952602	-0.0511910666	-0.0401240904	0.0020309873	0.0426124582	0.050177843	0.0351492545	0.0128578859	0.062772021	0.0443085114	0.0515076337	-0.0342496486	0.0159598065	-0.0402317095	0.003038137	-0.0457273559	0	0	0	0	0	0	0	0	0.474491743969509	0.041545428862495	0.448081059024295	0.592443852028073
0.00325116	-0.00106793	0.293702	-0.00091461	0.00215032	-0.0027447	-0.01112344	0.00303616	0.058069	0.00015939	0.00029816	0.00010993	0.1006026	0.0319082567	-0.0135019809	-0.0483587652	-0.0454172463	-0.0069765817	0.0369171367	0.0519555872	0.0263843771	-0.0198094581	-0.0505197734	-0.0417426926	-0.0003385804	0.0413301739	0.0506943307	0.0204346535	-0.0257972105	-0.051865392	-0.0373944116	0.0063048856	0.0450761418	0.0486148674	0.0126715064	-0.0573799027	0.0308963316	0.0235751524	0.0667140432	-0.0428619063	0.0055463114	0.0357153125	-0.005017016	0.0047204048	0	0	0	0	0	0	0	0	0.717358327035998	0.395962566937281	0.448081059024295	0.592443852028073
0.0291026	0.00289095	0.277689	-0.000776812	0.0017811	-0.00271447	0.02585144	0.00395888	-0.0160130000000001	0.000137798	-0.00036922	3.023e-05	0.07268572	0.0317289578	-0.0139376608	-0.0486148674	-0.0449607632	-0.0058564958	0.0378654364	0.0517316498	0.0248090665	-0.021674694	-0.0510686325	-0.0401965428	0.0023692706	0.0430669878	0.0498077248	0.01727662	-0.0288765622	-0.0522614734	-0.0344398384	0.0105365379	0.0472051818	0.0466540082	0.0372935338	0.0152382565	0.0110048649	0.0127523592	0.0100359757	0.0282125986	0.0048112576	-0.0178601947	0.0065356583	-0.0026649626	0	0	0	0	0	0	0	0	0.579802480023452	0.709782010666328	0.448081059024295	0.592443852028073
0.0403568	0.0156504	0.293638	-0.00102485	0.00167562	-0.00246108	0.0112542	0.01275945	0.015949	-0.000248038	-0.00010548	0.00025339	0.07030805	0.0315490697	-0.0143723053	-0.048862844	-0.0444909208	-0.0047336909	0.0387884217	0.0514606403	0.0232042715	-0.0235073292	-0.0515226647	-0.0385600826	0.0050707869	0.0446686685	0.048739874	0.0140464202	-0.0318186811	-0.0523771858	-0.03127814	0.0146975897	0.0489837722	0.044311314	0.0255358236	0.0247168146	-0.012963566	-0.0346604356	0.0042289377	0.0342262503	-0.0454764202	-0.0010097654	0.0094308433	-0.0019821343	0	0	0	0	0	0	0	0	-0.211096305902385	1.76656761577154	0.448081059024295	-1.68540061352814
0.0412829	0.0157502	0.313	-0.000756028	0.00168019	-0.00262515	0.000926099999999992	9.97999999999971e-05	0.019362	0.000268822	4.56999999999996e-06	-0.00016407	0.042261	0.0313685957	-0.0148058821	-0.0491026536	-0.0440078585	-0.0036086884	0.0396854757	0.0511428052	0.0215718994	-0.025304607	-0.051881027	-0.0368369888	0.0077587455	0.0461301902	0.0474946641	0.010757547	-0.034609585	-0.0522119084	-0.0279283311	0.0187601599	0.0503987089	0.0416059582	0.0288087453	-0.0418941865	-0.0133030175	-0.0107744445	-0.0365862699	0.0112130569	0.0196773547	0.0159850566	-0.0026928102	-0.0207181924	0	0	0	0	0	0	0	0	0.987159645548964	1.82512511148637	-2.22840312389761	-1.68540061352814
0.0490711	-0.00826018	0.242135	-0.000894251	0.00143265	-0.00268512	0.0077882	-0.02401038	-0.070865	-0.000138223	-0.00024754	-5.99699999999999e-05	0.12495023	0.0311875391	-0.015238359	-0.0493342563	-0.0435117199	-0.0024820104	0.0405559987	0.0507784337	0.0199138901	-0.0270638244	-0.0521430537	-0.0350311327	0.0104259597	0.047446967	0.0460766263	0.0074237382	-0.0372360105	-0.051766528	-0.024410558	0.0226970271	0.0514394875	0.0385600826	0.0291708223	0.0180678839	0.0130428974	0.0057566144	-0.0656148504	0.0136550183	0.0211409824	-0.0202293356	0.012696231	-0.0132198555	0	0	0	0	0	0	0	0	0.694285353323789	0.155574871115562	0.448081059024295	-1.68540061352814
0.0616955	0.0203681	0.251344	-0.000750024	0.00105687	-0.00230834	0.0126244	0.02862828	0.00920900000000002	0.000144227	-0.00037578	0.00037678	0.09530103	0.0310059033	-0.015669704	-0.0495576132	-0.0430026525	-0.0013541801	0.0413994086	0.0503678575	0.0182322141	-0.0287823352	-0.0523082586	-0.0331465714	0.0130652981	0.0486148674	0.0444909208	0.0040589197	-0.0396854757	-0.051043434	-0.0207459769	0.0264818121	0.0520983812	0.0351986159	0.0336918172	0.0113614949	0.0494472804	0.0041957054	-0.0176640014	-0.0271433202	-0.0146375545	-0.0461198723	0.0197117459	-0.0343476627	0	0	0	0	0	0	0	0	0.537468101748123	1.14529846353095	0.448081059024295	0.592443852028073
0.0775506	-0.0144344	0.217688	0.0010892	0.00074476	-0.00181972	0.0158551	-0.0348025	-0.033656	0.001839224	-0.00031211	0.00048862	0.2163113	0.0308236917	-0.016099885	-0.049772687	-0.0424808075	-0.0002257211	0.0422151417	0.04991145	0.01652887	-0.0304575546	-0.0523763346	-0.0311875391	0.015669704	0.0496302266	0.0427433176	0.0006771467	-0.0419463399	-0.0500465054	-0.0169566271	0.0300891549	0.0523704984	0.0315490697	-0.0202182086	-0.0175796688	0.0689225517	-0.027352607	-0.0148463908	-0.0460732985	0.0022404987	0.0033374301	0.0409185362	0.0220732028	0	0	0	0	0	0	0	0	-0.011510510189577	1.28248951644182	0.448081059024295	0.592443852028073
0.0675346	0.00442846	0.22352	-0.000146738	0.000983696	-0.00196316	-0.010016	0.01886286	0.00583199999999995	-0.001235938	0.000238936	-0.00014344	0.11562656	0.0306409077	-0.01652887	-0.0499794418	-0.0419463399	0.0009028426	0.0430026525	0.0494096266	0.0148058821	-0.0320869629	-0.0523471556	-0.0291584371	0.0182322141	0.0504898588	0.0408401761	-0.0027074549	-0.0440078585	-0.0487810905	-0.0130652981	0.0334948844	0.0522538189	0.0276413132	0.0201528369	0.0117682387	0.031288613	0.0481991507	-0.0593734686	-0.0038364766	0.0417490376	-0.0322954727	-0.012505017	0.0116273357	0	0	0	0	0	0	0	0	-0.85714626218891	1.14839640327324	0.448081059024295	0.592443852028073
0.0834552	0.0205616	0.250887	0.000201192	0.000873323	-0.00123325	0.0159206	0.01613314	0.027367	0.00034793	-0.000110373	0.00072991	0.11883139	0.0304575546	-0.0169566271	-0.050177843	-0.0413994086	0.0020309873	0.0437614146	0.048862844	0.0130652981	-0.0336681095	-0.0522207755	-0.0270638244	0.0207459769	0.0511910666	0.0387884217	-0.0060807472	-0.0458602343	-0.0472539781	-0.0090953929	0.0366761804	0.0517492091	0.0235073292	0.0203635508	0.0089589152	0.0735176778	0.0342576421	0.0369653058	-0.0588805763	0.0097547024	-0.0295002686	-0.0071141964	-0.0181217535	0	0	0	0	0	0	0	0	-1.27006616039093	0.607277100625512	0.448081059024295	0.592443852028073
0.0969929	0.00901082	0.267757	0.000258814	0.000908407	-0.00141811	0.0135377	-0.01155078	0.0168700000000001	5.7622e-05	3.50840000000001e-05	-0.00018486	0.05583678	0.0302736359	-0.0173831246	-0.0503678575	-0.0408401761	0.003158189	0.0444909208	0.0482715996	0.0113091867	-0.0351986159	-0.0519974292	-0.0249084068	0.0232042715	0.0517316498	0.0365955205	-0.0094286395	-0.0474946641	-0.0454733605	-0.0050707869	0.0396117264	0.050860415	0.0191809517	-0.0028370915	-0.053914834	0.0463572889	0.044729768	0.0300029678	-0.0606627053	0.0190148691	0.0176545263	0.0013237618	-0.0089263562	0	0	0	0	0	0	0	0	-0.141209265687465	-0.54057453972994	0.448081059024295	-1.68540061352814
0.0949551	0.0173465	0.205088	0.000409474	0.000723663	-0.00172675	-0.00203779999999999	0.00833568	-0.062669	0.00015066	-0.000184744	-0.00030864	0.10524468	0.0300891549	-0.0178083308	-0.0505494535	-0.0402688086	0.0042839244	0.0451906832	0.0476364314	0.0095396348	-0.0366761804	-0.0516775313	-0.0226970271	0.0256005252	0.0521099123	0.0342694522	-0.0127371473	-0.0489033805	-0.0434487905	-0.0010156846	0.0422818529	0.049594035	0.0146975897	0.001702869	0.0313950353	0.0101692891	0.0466388563	-0.0173909392	-0.0039304178	0.0242861612	-0.0486776175	-0.0003660222	-0.0302835185	0	0	0	0	0	0	0	0	0.43949301201835	0.8566700632255	0.448081059024295	0.592443852028073
0.0913744	0.0348106	0.256546	0.000112564	0.000920434	-0.00170957	-0.00358070000000001	0.0174641	0.051458	-0.00029691	0.000196771	1.71799999999999e-05	0.09804585	0.0299041152	-0.0182322141	-0.0507226006	-0.0396854757	0.005407671	0.0458602343	0.0469579174	0.0077587455	-0.0380985803	-0.0512616758	-0.0204346535	0.0279283311	0.052324667	0.0318186811	-0.0159924506	-0.0500796887	-0.0411911291	0.0030455261	0.0446686685	0.0479594708	0.0100939368	1.26e-07	0.0203475853	0.017250988	0.0072873939	0.0227194635	-0.0198360328	-0.0286386896	-0.0040683979	-0.0168501363	-0.0306886733	0	0	0	0	0	0	0	0	-1.56775224844877	0.369446189539976	0.448081059024295	-1.68540061352814
0.0866423	0.00799523	0.258526	-5.34816e-05	0.000975956	-0.00163342	-0.00473209999999999	-0.02681537	0.00198000000000004	-0.0001660456	5.55220000000001e-05	7.61500000000001e-05	0.04841335	0.0297185201	-0.018654743	-0.0508872699	-0.039090351	0.0065289069	0.0464991262	0.046236675	0.0059686353	-0.0394636764	-0.050750635	-0.018126369	0.0301814655	0.0523752403	0.0292521253	-0.0191809517	-0.0510179984	-0.0387124883	0.0070884207	0.0467561802	0.0459688572	0.005407671	0.0092583714	-0.0484985077	0.0033401977	0.0477491641	-0.0425419277	-0.0154204015	0.055639203	0.0132631283	0.0138441287	0.008957828	0	0	0	0	0	0	0	0	-2.59047859487367	-0.190843411655219	0.448081059024295	-1.68540061352814
0.0866604	0.0244923	0.201965	0.000252933	0.000839052	-0.00182738	1.80999999999931e-05	0.01649707	-0.056561	0.0003064146	-0.000136904	-0.00019396	0.1049401	0.0295323731	-0.0190758861	-0.051043434	-0.0384836111	0.0076471118	0.0471069319	0.0454733605	0.0041714317	-0.0407694154	-0.0501453577	-0.0157773596	0.032353904	0.0522614734	0.0265791242	-0.0222893319	-0.0517138504	-0.0360261653	0.0110886847	0.0485304007	0.0436369724	0.0006771467	0.0106710521	0.0460981921	0.018328804	0.0408750827	-0.0178227291	-0.0043948145	0.00219512	-0.0635973324	-0.0291494043	-0.0443581604	0	0	0	0	0	0	0	0	-0.256623211442905	-0.21888630207718	0.448081059024295	-1.68540061352814
0.075968	0.0278825	0.248578	3.26101e-05	0.000894229	-0.00173779	-0.0106924	0.0033902	0.046613	-0.0002203229	5.5177e-05	8.95900000000001e-05	0.078950095	0.0293456776	-0.0194956122	-0.0511910666	-0.0378654364	0.0087617663	0.0476832451	0.0446686685	0.0023692706	-0.0420138333	-0.0494469678	-0.013392903	0.0344398384	0.0519837232	0.0238094045	-0.025304607	-0.0521639377	-0.0331465714	0.0150222601	0.0499794418	0.0409811285	-0.0040589197	-0.0048072907	-0.0202412656	0.0306296198	0.0122726586	0.0378710363	-0.044919323	-0.0370419556	0.0126398045	-0.0015401497	-0.0197373021	0	0	0	0	0	0	0	0	-1.80227598731512	-0.369379704451445	0.448081059024295	-1.68540061352814
0.079974	0.00818313	0.220401	0.0004034	0.00096857	-0.00211151	0.00400600000000001	-0.01969937	-0.028177	0.0003707899	7.43410000000001e-05	-0.00037372	0.092824915	0.0291584371	-0.0199138901	-0.0513301431	-0.0372360105	0.009872353	0.0482276804	0.043823331	0.0005642937	-0.0431950583	-0.0486567622	-0.0109783563	0.0364336915	0.0515428613	0.0209530451	-0.028214182	-0.0523661213	-0.0300891549	0.0188654898	0.051093594	0.0380210421	-0.0087617663	0.0052891666	-0.0131403396	0.0134985113	0.0422362113	-0.0268999392	-0.0191123387	0.0424141782	-0.0122495734	-0.0096673962	0.0220100148	0	0	0	0	0	0	0	0	-1.95782225109494	1.32591943625574	0.448081059024295	-1.68540061352814
0.0874998	0.0168499	0.201802	-4.30018e-05	0.00120079	-0.00210787	0.0075258	0.00866677	-0.018599	-0.0004464018	0.00023222	3.64000000000007e-06	0.06890466	0.0289706552	-0.0203306886	-0.0514606403	-0.0365955205	0.0109783563	0.048739874	0.0429381175	-0.0012413539	-0.044311314	-0.0477762082	-0.0085391442	0.0383301323	0.050940271	0.0180204398	-0.0310059033	-0.0523194405	-0.0268703181	0.0225952602	0.051865392	0.0347786889	-0.013392903	0.012075541	0.0260879938	0.0292186283	-0.0047951248	0.0248662917	-0.0129654325	-0.0040961794	-0.0261693524	-0.0326034454	-0.0461151642	0	0	0	0	0	0	0	0	-0.214890865342051	1.61219466929985	0.448081059024295	-1.68540061352814
0.0736255	0.0130799	0.249148	4.4335e-05	0.00108948	-0.00208935	-0.0138743	-0.00377	0.047346	8.73368e-05	-0.00011131	1.85200000000002e-05	0.07584864	0.0287823352	-0.0207459769	-0.0515825363	-0.0359441567	0.0120792627	0.0492194833	0.0420138333	-0.0030455261	-0.0453609212	-0.0468069407	-0.0060807472	0.0401240904	0.050177843	0.0150222601	-0.0336681095	-0.0520241169	-0.0235073292	0.02618914	0.0522896643	0.03127814	-0.0179144269	-0.010372688	-0.0293553764	0.0191956661	-0.0416836555	0.0402615656	-0.0317589164	-0.0183523368	0.0424792778	-0.0076240906	0.0062893833	0	0	0	0	0	0	0	0	-0.022678360392298	-0.080827842121692	0.448081059024295	0.592443852028073
0.0760184	-0.00491682	0.237958	4.4335e-05	0.000746109	-0.00167704	0.00239290000000003	-0.01799672	-0.01119	0	-0.000343371	0.00041231	0.06936367	0.0285934806	-0.0211597241	-0.0516958108	-0.0352821126	0.0131745611	0.0496661877	0.0410513194	-0.0048460789	-0.0463423012	-0.0457507597	-0.0036086884	0.0418107693	0.0492579697	0.011969416	-0.0361896802	-0.0514815542	-0.0200182296	0.0296255153	0.0523635681	0.0275453833	-0.0222893319	0.0170816674	0.0091864265	-0.0146851148	-0.010815089	-0.0433293086	0.0159681552	0.0376532989	-0.0067310673	-0.0031146282	0.0317801866	0	0	0	0	0	0	0	0	-0.036267166286905	-0.287958805648419	0.448081059024295	-1.68540061352814
0.081588	0.0193621	0.235343	-0.000103635	0.00105683	-0.00210772	0.00556959999999999	0.02427892	-0.00261500000000001	-0.00014797	0.000310721	-0.00043068	0.07693207	0.0284040951	-0.0215718994	-0.0518004449	-0.034609585	0.014263743	0.0500796887	0.0400514517	-0.0066408724	-0.0472539781	-0.0446096262	-0.0011285219	0.0433856593	0.0481835374	0.0088730165	-0.0385600826	-0.0506943307	-0.0164217376	0.0328837193	0.0520866082	0.0236081307	-0.0264818121	-0.0054111846	0.038010089	-0.006298273	-0.047802055	0.0106800345	0.0216899485	-0.0296716387	-0.0112449233	-0.024549714	-0.0414792984	0	0	0	0	0	0	0	0	0.274914313687564	0.021056831453674	0.448081059024295	-1.68540061352814
0.0559386	0.0080492	0.23803	-5.64385e-05	0.00110934	-0.00209139	-0.0256494	-0.0113129	0.00268700000000002	4.71965e-05	5.251e-05	1.63300000000002e-05	0.045451125	0.028214182	-0.0219824722	-0.051896421	-0.0339267737	0.0153463027	0.0504597097	0.03901514	-0.0084277735	-0.0480945804	-0.0433856593	0.0013541801	0.0448445497	0.0469579174	0.0057443291	-0.0407694154	-0.0496661877	-0.0127371473	0.0359441567	0.0514606403	0.0194956122	-0.0304575546	-0.0153488682	-0.049165176	-0.0309845234	-0.0055681112	-0.0273066346	0.001537652	0.0332066842	0.0323281188	-0.0036938011	0.0325443224	0	0	0	0	0	0	0	0	0.166782196651071	0.576224270326323	0.448081059024295	-1.68540061352814
0.0759654	0.0335022	0.21168	-3.4472e-05	0.00101755	-0.00208151	0.0200268	0.025453	-0.02635	2.19665e-05	-9.17899999999998e-05	9.87999999999987e-06	0.078011625	0.028023745	-0.0223914121	-0.0519837232	-0.0332338815	0.0164217376	0.0508059967	0.0379433273	-0.0102046586	-0.048862844	-0.0420811315	0.0038338396	0.0461835398	0.0455849554	0.0025947387	-0.0428084497	-0.0484020114	-0.0089842256	0.0387884217	0.0504898588	0.015238359	-0.0341840202	0.0155325543	0.0497689753	-0.0042127092	-0.0223222526	0.0038560794	0.0086808429	-0.0131974341	-0.0344734399	-0.0527830699	-0.0298942319	0	0	0	0	0	0	0	0	0.239642310994866	0.68189038164521	0.448081059024295	-1.68540061352814
0.0759821	0.0227053	0.32758	4.4335e-05	0.000985172	-0.00133154	1.66999999999667e-05	-0.0107969	0.1159	7.8807e-05	-3.23780000000002e-05	0.00074997	0.16977135	0.0278327876	-0.0227986886	-0.0520623368	-0.0325311144	0.0174895484	0.0511183183	0.0368369888	-0.011969416	-0.0495576132	-0.0406984653	0.0063048856	0.0473990497	0.0440689593	-0.0005642937	-0.0446686685	-0.0469078096	-0.0051831058	0.0413994086	0.0491807684	0.0108679768	-0.0376307102	0.0057602488	-0.0234171154	-0.0090202958	-0.0079175874	0.0394095659	-0.028367756	-0.0358280309	0.0301060351	-0.0178040414	0.0109963829	0	0	0	0	0	0	0	0	-0.076082713329245	0.221380138286053	0.448081059024295	-1.68540061352814
0.0866434	-0.0192792	0.270711	-0.000359565	0.00138287	-0.00143247	0.0106613	-0.0419845	-0.056869	-0.0004039	0.000397698	-0.00010093	0.1546412	0.0276413132	-0.0232042715	-0.0521322486	-0.0318186811	0.0185492395	0.0513964655	0.0356971313	-0.0137199483	-0.050177843	-0.0392402281	0.0087617663	0.0484878293	0.0424146861	-0.0037212726	-0.0463423012	-0.0451906832	-0.0013541801	0.0437614146	0.0475421407	0.0064169112	-0.0407694154	0.0072583988	-0.0005974647	-0.0229986086	-0.0067221071	-0.0131298671	0.0125913819	0.0236500088	0.0139499498	-0.0299450306	0.0457565757	0	0	0	0	0	0	0	0	-0.378259364674589	-1.36120330125197	0.448081059024295	-1.68540061352814
0.106265	-0.0195537	0.270675	-0.00113251	0.00138287	-0.00112251	0.0196216	-0.0002745	-3.6000000000036e-05	-0.000772945	0	0.00030996	0.07407735	0.0274493255	-0.0236081307	-0.0521934471	-0.0310967934	0.0196003187	0.0516402525	0.0345247919	-0.015454175	-0.0507226006	-0.0377091275	0.0111989617	0.0494469678	0.0406273263	-0.0068647103	-0.0478223571	-0.0432587929	0.0024820104	0.0458602343	0.0455849554	0.0019182066	-0.0435744473	0.0071252129	-0.0240776106	-0.0039011097	-0.031854178	-0.0404916151	-0.0118066947	0.0224091696	0.0185583442	-0.0056768973	0.0315183572	0	0	0	0	0	0	0	0	-1.20045852556685	-1.38568979062455	0.448081059024295	-1.68540061352814
0.0859041	0.01614	0.246272	-0.000816652	0.00138287	-0.00183134	-0.0203609	0.0356937	-0.024403	0.000315858	0	-0.00070883	0.131692	0.027256828	-0.0240102362	-0.0522459219	-0.0303656657	0.0206422981	0.0518495163	0.0333210373	-0.0171700353	-0.0511910666	-0.0361080066	0.0136109962	0.0502739006	0.0387124883	-0.009983168	-0.0491026536	-0.0411213197	0.0063048856	0.0476832451	0.0433223267	-0.0025947387	-0.0460228486	0.0198345099	0.0286000149	0.0167250699	-0.0188377222	0.0425521552	0.0041668729	0.0041326737	-0.0125380697	-0.0492047147	-0.0460479376	0	0	0	0	0	0	0	0	-1.51043789312624	-1.31553996673087	0.448081059024295	-1.68540061352814
0.068672	0.00863877	0.328832	-0.001209	0.00138287	-0.00187615	-0.0172321	-0.00750123	0.08256	-0.000392348	0	-4.48099999999999e-05	0.12915123	0.0270638244	-0.024410558	-0.0522896643	-0.0296255153	0.021674694	0.0520241169	0.0320869629	-0.0188654898	-0.0515825363	-0.0344398384	0.0159924506	0.0509664168	0.0366761804	-0.0130652981	-0.050177843	-0.0387884217	0.0100939368	0.0492194833	0.0407694154	-0.0070884207	-0.0480945804	-0.0056917809	-0.037013173	-0.0177822232	-0.0602682348	0.0815913257	0.0022036429	-0.0144122542	0.0631769625	-0.0295598305	-0.0007174732	0	0	0	0	0	0	0	0	-1.1887407877087	-1.21560463277543	0.448081059024295	0.592443852028073
0.0689218	-0.0111926	0.29972	-0.00100526	0.000806683	-0.00209055	0.000249800000000022	-0.01983137	-0.029112	0.00020374	-0.000576187	-0.0002144	0.09890952	0.0268703181	-0.0248090665	-0.052324667	-0.0288765622	0.0226970271	0.0521639377	0.0308236917	-0.0205385235	-0.051896421	-0.0327077205	0.0183379745	0.0515226647	0.0345247919	-0.016099885	-0.051043434	-0.0362711858	0.0138288366	0.0504597097	0.0379433273	-0.0115294786	-0.049772687	0.0113781223	0.0241546612	-0.0742030706	-0.0336715716	-0.0096322644	0.0750078331	0.0094300875	0.0191927802	-0.0108856577	0.0278700769	0	0	0	0	0	0	0	0	-0.148109073063647	-1.11968621567831	-2.22840312389761	0.592443852028073
0.0900332	-0.0116348	0.318454	-0.00133083	0.000904404	-0.0023157	0.0211114	-0.0004422	0.018734	-0.00032557	9.77209999999999e-05	-0.000225149999999999	0.07270965	0.0266763128	-0.0252057321	-0.0523509242	-0.0281190288	0.0237088227	0.0522688852	0.0295323731	-0.0221871482	-0.0521322486	-0.0309148693	0.0206422981	0.0519411573	0.0322650733	-0.0190758861	-0.0516958108	-0.0335815749	0.0174895484	0.0513964655	0.0348629988	-0.015884942	-0.051043434	-0.0131192624	0.0276582114	-0.0944217983	-0.0767843206	0.0144413887	0.0825048295	-0.0577802102	0.0357380136	-0.0215588414	0.0005889976	0	0	0	0	0	0	0	0	-0.630649433083737	-1.31876326351117	-2.22840312389761	0.592443852028073
0.0927924	-0.0411613	0.294261	-0.001209	0.000612686	-0.00217616	0.0027592	-0.0295265	-0.024193	0.00012183	-0.000291718	0.00013954	0.0841331	0.0264818121	-0.0256005252	-0.0523684314	-0.0273531403	0.024709611	0.0523388891	0.028214182	-0.0238094045	-0.0522896643	-0.0290646136	0.0229002443	0.0522207755	0.0299041152	-0.0219824722	-0.0521322486	-0.030732371	0.0210564335	0.0520241169	0.0315490697	-0.0201224762	-0.051896421	-0.0063736146	-0.0096110041	-0.1021793344	-0.0324118222	-0.0453559084	0.081870969	0.0122956676	0.0443827987	-0.0122287674	0.0342391199	0	0	0	0	0	0	0	0	-1.02341756603107	-1.39351125966911	0.448081059024295	0.592443852028073
0.0961677	-0.0322985	0.286592	-0.00127521	0.000836044	-0.00217616	0.00337530000000001	0.0088628	-0.00766899999999998	-6.62099999999999e-05	0.000223358	0	0.0343855	0.0262868196	-0.0259934166	-0.0523771858	-0.0265791242	0.0256989275	0.0523739028	0.0268703181	-0.0254033645	-0.0523684314	-0.0271603893	0.0251067401	0.0523607718	0.0274493255	-0.0248090665	-0.0523509242	-0.0277371148	0.0245103563	0.0523388891	0.028023745	-0.0242106219	-0.052324667	-0.0029921403	0.0244880224	-0.0728008057	-0.0091855151	-0.0052653669	0.0440470778	-0.0410513414	0.0126426371	-0.0395368542	-0.0218736696	0	0	0	0	0	0	0	0	-0.532686891500259	-1.33364476093553	0.448081059024295	-1.68540061352814
0.0877119	-0.0411384	0.285158	-0.001209	0.000698136	-0.0023274	-0.00845580000000003	-0.0088399	-0.00143400000000005	6.62099999999999e-05	-0.000137908	-0.00015124	0.0364976	0.0260913389	-0.0263843771	-0.0523771858	-0.0257972105	0.0266763128	0.0523739028	0.0255020041	-0.0269671338	-0.0523684314	-0.0252057321	0.027256828	0.0523607718	0.0249084068	-0.0275453833	-0.0523509242	-0.0246100408	0.0278327876	0.0523388891	0.0243106464	-0.0281190288	-0.052324667	-0.0062878436	-0.0294303813	-0.0490995013	0.0192940948	-0.0101500546	0.0092147407	-0.0034617635	0.0243741217	-0.0131388119	0.0159289852	0	0	0	0	0	0	0	0	-0.404107430651903	-1.28932396294993	0.448081059024295	-1.68540061352814
0.0963221	-0.0013085	0.247855	-0.00156431	0.000385762	-0.00250625	0.00861020000000001	0.0398299	-0.0373029999999999	-0.00035531	-0.000312374	-0.00017885	0.1280698	0.0258953737	-0.0267733776	-0.0523684314	-0.0250076315	0.0276413132	0.0523388891	0.024110485	-0.028498854	-0.0522896643	-0.0232042715	0.0293456776	0.0522207755	0.0222893319	-0.0301814655	-0.0521322486	-0.0213660101	0.0310059033	0.0520241169	0.0204346535	-0.0318186811	-0.051896421	0.0091928036	0.0362714824	-0.0246295426	0.0108779076	0.0090626237	0.0124900755	-0.0247712224	-0.0271677029	-0.0398817896	-0.0357117898	0	0	0	0	0	0	0	0	-0.380123740366359	-1.21188615435878	0.448081059024295	-1.68540061352814
0.0962085	-0.018729	0.319998	-0.00181342	0.000605478	-0.00173484	-0.000113599999999991	-0.0174205	0.072143	-0.00024911	0.000219716	0.00077141	0.1516889	0.0256989275	-0.0271603893	-0.0523509242	-0.0242106219	0.0285934806	0.0522688852	0.0226970271	-0.0299967047	-0.0521322486	-0.0211597241	0.0313685957	0.0519411573	0.0196003187	-0.0327077205	-0.0516958108	-0.0180204398	0.0340126806	0.0513964655	0.0164217376	-0.0352821126	-0.051043434	-0.0065527359	-0.0410112436	-0.0178876519	0.0077473177	0.0558841352	-0.0254979448	-0.0338225795	0.0315173801	-0.008670707	-0.0109055484	0	0	0	0	0	0	0	0	1.26604721621813	-1.02865119640185	-2.22840312389761	0.592443852028073
0.0961996	-0.0169594	0.249865	-0.0016114	0.000579155	-0.00218067	-8.89999999999225e-06	0.0017696	-0.070133	0.00020202	-2.6323e-05	-0.00044583	0.10562015	0.0255020041	-0.0275453833	-0.052324667	-0.0234064185	0.0295323731	0.0521639377	0.0212629165	-0.0314589057	-0.051896421	-0.0190758861	0.0333210373	0.0515226647	0.0168498047	-0.0351149558	-0.051043434	-0.0145892291	0.0368369888	0.0504597097	0.0122987873	-0.0384836111	-0.049772687	0.0091145995	0.0114291335	-0.0146386722	0.0337015947	0.0015741162	0.0053685226	0.0317118546	-0.0202031319	-0.0185661052	0.0198874507	0	0	0	0	0	0	0	0	-0.520837537529861	-0.455890949333264	-2.22840312389761	0.592443852028073
0.0911473	0.00266186	0.285301	-0.00213929	0.000425503	-0.00201441	-0.00505230000000001	0.01962126	0.035436	-0.00052789	-0.000153652	0.00016626	0.10249966	0.025304607	-0.0279283311	-0.0522896643	-0.0225952602	0.0304575546	0.0520241169	0.0198094581	-0.0328837193	-0.0515825363	-0.0169566271	0.0351986159	0.0509664168	0.0140464202	-0.0373944116	-0.050177843	-0.0110886847	0.0394636764	0.0492194833	0.0080934286	-0.0413994086	-0.0480945804	0.0030961124	0.0232852064	0.0112694018	-0.0088289933	0.0503199688	-0.007873868	-0.0326700973	-0.004230531	-0.0169915556	-0.020280763	0	0	0	0	0	0	0	0	0.005991644262957	-0.892647496394866	-2.22840312389761	0.592443852028073
0.0802747	-0.0221709	0.274522	-0.00215433	0.000390618	-0.00208024	-0.0108726	-0.02483276	-0.010779	-1.504e-05	-3.4885e-05	-6.58300000000002e-05	0.0522721100000001	0.0251067401	-0.0283092043	-0.0522459219	-0.021777388	0.0313685957	0.0518495163	0.0183379745	-0.0342694522	-0.0511910666	-0.0148058821	0.0369971132	0.0502739006	0.0111989617	-0.0395377932	-0.0491026536	-0.0075354425	0.0418786518	0.0476832451	0.0038338396	-0.0440078585	-0.0460228486	-0.0053078714	-0.0475276019	-0.0070556329	-0.0006909453	-0.0211497043	-0.010221887	0.0316724584	0.0333845452	0.0027356202	0.0254006999	0	0	0	0	0	0	0	0	0.482904021245805	-1.2425671444688	-2.22840312389761	0.592443852028073
0.0705057	0.011286	0.240901	-0.00189693	0.000944834	-0.00252355	-0.00976899999999999	0.0334569	-0.033621	0.0002574	0.000554216	-0.00044331	0.1395932	0.0249084068	-0.0286879745	-0.0521934471	-0.0209530451	0.0322650733	0.0516402525	0.0168498047	-0.0356144575	-0.0507226006	-0.0126276447	0.0387124883	0.0494469678	0.0083163637	-0.0415373011	-0.0478223571	-0.0039463888	0.0440689593	0.0458602343	-0.0004514381	-0.0462895956	-0.0435744473	0.0081406228	0.0382995766	0.0155472546	-0.0272906879	-0.0120619895	0.0114140358	-0.0074128886	-0.0377722654	-0.009338387	-0.0235735346	0	0	0	0	0	0	0	0	-0.860561031067374	-1.33454960686624	0.448081059024295	0.592443852028073
0.0703541	-0.0223199	0.313951	-0.00270209	0.0014921	-0.00230138	-0.000151600000000002	-0.0336059	0.07305	-0.00080516	0.000547265999999999	0.00022217	0.1855373	0.024709611	-0.0290646136	-0.0521322486	-0.0201224762	0.0331465714	0.0513964655	0.0153463027	-0.0369171367	-0.050177843	-0.0104259597	0.0403408874	0.0484878293	0.005407671	-0.0433856593	-0.0463423012	-0.0003385804	0.0460228486	0.0437614146	-0.0047336909	-0.0482276804	-0.0407694154	-0.0148132171	-0.0386528601	0.0324919937	-0.0778741616	0.0026721062	-0.0238129269	-0.0169678694	0.0291912799	0.0235548593	0.0451104684	0	0	0	0	0	0	0	0	-0.602504219791317	-1.24814814553533	0.448081059024295	-1.68540061352814
0.0805811	-0.0221463	0.235187	-0.00241884	0.00108338	-0.00256983	0.010227	0.000173599999999999	-0.0787640000000001	0.00028325	-0.000408719999999999	-0.00026845	0.1371856	0.0245103563	-0.0294390937	-0.0520623368	-0.0192859283	0.0340126806	0.0511183183	0.0138288366	-0.0381759417	-0.0495576132	-0.0082049152	0.0418786518	0.0473990497	0.0024820104	-0.0450761418	-0.0446686685	0.0032708371	0.0477298374	0.0413994086	-0.0089842256	-0.0498077248	-0.0376307102	-0.0043392244	0.0390088477	-0.0118822004	-0.0072221181	-0.0411769095	0.0100621206	0.0130090129	-0.0274239191	-0.0080742437	0.0804057066	0	0	0	0	0	0	0	0	-0.262626802325916	-1.26680107019489	0.448081059024295	-1.68540061352814
0.0704815	-0.00543905	0.262791	-0.00249299	0.00108338	-0.00254468	-0.0100996	0.01670725	0.027604	-7.41500000000003e-05	0	2.51499999999998e-05	0.05937585	0.0243106464	-0.0298113868	-0.0519837232	-0.0184436498	0.0348629988	0.0508059967	0.0122987873	-0.0393893764	-0.048862844	-0.0059686353	0.0433223267	0.0461835398	-0.0004514381	-0.0466025972	-0.0428084497	0.0068647103	0.0491807684	0.0387884217	-0.0131745611	-0.0510179984	-0.0341840202	-0.0143071045	0.0134053457	-0.0160664403	0.0256761905	0.0425514933	-0.0129721088	-0.0230095325	-0.0026222988	-0.0243057854	-0.0343395385	0	0	0	0	0	0	0	0	0.881507599915792	-1.1800127101102	0.448081059024295	-1.68540061352814
0.0624289	-0.0127774	0.248925	-0.00289024	0.00108338	-0.00251473	-0.00805260000000001	-0.00733835	-0.013866	-0.00039725	0	2.99499999999999e-05	0.05061695	0.024110485	-0.0301814655	-0.051896421	-0.0175958911	0.0356971313	0.0504597097	0.010757547	-0.0405559987	-0.0480945804	-0.0037212726	0.0446686685	0.0448445497	-0.0033834701	-0.0479594708	-0.0407694154	0.0104259597	0.0503678575	0.0359441567	-0.01727662	-0.0518495163	-0.0304575546	-0.0170099294	-0.0329529112	-0.0178511712	0.0309534049	-0.0140668226	-0.0167134872	0.0442636653	0.0330874289	-0.0099584839	-0.0021391628	0	0	0	0	0	0	0	0	-1.73244137046695	-0.748846546859001	0.448081059024295	-1.68540061352814
0.0704124	0.00329759	0.264703	-0.00312114	0.00141404	-0.00259461	0.00798349999999999	0.01607499	0.015778	-0.0002309	0.00033066	-7.98799999999996e-05	0.07190849	0.0239098759	-0.030549302	-0.0518004449	-0.016742904	0.0365146908	0.0500796887	0.009206518	-0.0416744222	-0.0472539781	-0.0014670001	0.0459146523	0.0433856593	-0.0063048856	-0.0491418251	-0.0385600826	0.0139376608	0.0512847364	0.0328837193	-0.0212629165	-0.0522961052	-0.0264818121	0.0119122785	0.0359323618	0.0048561782	0.0058926705	-0.0442761427	0.0057187483	-0.0057777674	-0.0467981394	-0.0156987417	-0.0085748712	0	0	0	0	0	0	0	0	-0.433668074846421	-0.855802117488492	0.448081059024295	0.592443852028073
0.0703865	-0.00738063	0.287137	-0.00301049	0.00148373	-0.00259943	-2.58999999999815e-05	-0.01067822	0.022434	0.00011065	6.96899999999999e-05	-4.82e-06	0.0423961199999999	0.0237088227	-0.0309148693	-0.0516958108	-0.015884942	0.0373152977	0.0496661877	0.0076471118	-0.0427433176	-0.0463423012	0.0007899965	0.0470574788	0.0418107693	-0.009206518	-0.0501453577	-0.0361896802	0.0173831246	0.0519264863	0.0296255153	-0.0251067401	-0.0523544498	-0.0222893319	-0.0079268913	-0.009722864	0.030233407	-0.0419009188	-0.0119015653	-0.0255388082	-0.0407735725	0.0048377089	0.0100318147	0.012402436	0	0	0	0	0	0	0	0	-1.73465709425498	-0.915850837824234	0.448081059024295	0.592443852028073
0.0601897	-0.0224047	0.223252	-0.0034402	0.00112063	-0.00252803	-0.0101968	-0.01502407	-0.063885	-0.00042971	-0.0003631	7.13999999999997e-05	0.13231637	0.0235073292	-0.03127814	-0.0515825363	-0.0150222601	0.0380985803	0.0492194833	0.0060807472	-0.0437614146	-0.0453609212	0.0030455261	0.0480945804	0.0401240904	-0.0120792627	-0.0509664168	-0.0336681095	0.0207459769	0.0522896643	0.02618914	-0.0287823352	-0.0520241169	-0.0179144269	0.0085191305	-0.0118729357	0.0428183134	-0.0157087178	-0.0705317644	-0.0100478309	0.054054945	-0.0261181863	0.0329774846	0.0493023154	0	0	0	0	0	0	0	0	-1.60995975102267	-1.48411542630397	0.448081059024295	0.592443852028073
0.0672608	0.0108153	0.262047	-0.00342088	0.00145693	-0.00251223	0.00707110000000002	0.03322	0.038795	1.93200000000002e-05	0.0003363	1.58000000000003e-05	0.0976571	0.0233053991	-0.0316390872	-0.0514606403	-0.0141551145	0.0388641751	0.048739874	0.0045088495	-0.0447275033	-0.044311314	0.0052954007	0.049023627	0.0383301323	-0.0149141057	-0.0516020147	-0.0310059033	0.0240102362	0.0523723222	0.0225952602	-0.0322650733	-0.0513075588	-0.013392903	0.0013820163	0.0190342065	0.0627797009	-0.0185538763	-0.0068169931	-0.0312623333	-0.003508086	-0.0268082233	0.0002684324	0.0046157876	0	0	0	0	0	0	0	0	-0.024881257186343	-1.47323133704968	0.448081059024295	0.592443852028073
0.06482	-0.0168853	0.293347	-0.00383872	0.00157857	-0.00256032	-0.00244080000000001	-0.0277006	0.0313	-0.00041784	0.00012164	-4.80900000000002e-05	0.0908199	0.0231030362	-0.0319976841	-0.0513301431	-0.0132837629	0.0396117264	0.0482276804	0.0029328492	-0.0456404355	-0.0431950583	0.0075354425	0.0498425313	0.0364336915	-0.017702152	-0.0520498384	-0.028214182	0.0271603893	0.0521740164	0.0188654898	-0.0355316183	-0.0502100954	-0.0087617663	-0.0177546833	-0.0531068011	0.0087717613	0.0529952243	0.0200611318	-0.0324745704	0.0344215042	0.0346169195	0.0082499718	0.0176541133	0	0	0	0	0	0	0	0	-1.39735734488631	-0.722063426639634	0.448081059024295	0.592443852028073
0.0704518	-0.00809342	0.235412	-0.00371068	0.00117746	-0.0026322	0.00563180000000001	0.00879187999999999	-0.057935	0.00012804	-0.00040111	-7.18799999999999e-05	0.10241018	0.0229002443	-0.032353904	-0.0511910666	-0.0124084642	0.0403408874	0.0476832451	0.0013541801	-0.0464991262	-0.0420138333	0.0097614921	0.0505494535	0.0344398384	-0.0204346535	-0.0523082586	-0.025304607	0.0301814655	0.0516958108	0.0150222601	-0.0385600826	-0.048739874	-0.0040589197	0.0033860852	0.0333687348	-0.0004568919	0.0523333368	-0.0027582354	0.0011520707	-0.0020461582	-0.0513034218	-0.0173089273	-0.0339849605	0	0	0	0	0	0	0	0	-2.02503681499668	-0.257884444820268	0.448081059024295	0.592443852028073
0.0628063	-0.0086861	0.31379	-0.00440064	0.00145693	-0.00217237	-0.00764550000000001	-0.00059268	0.078378	-0.00068996	0.00027947	0.00045983	0.15807918	0.0226970271	-0.0327077205	-0.051043434	-0.0115294786	0.0410513194	0.0471069319	-0.0002257211	-0.047302555	-0.0407694154	0.011969416	0.0511428052	0.032353904	-0.0231030362	-0.0523763346	-0.0222893319	0.0330591074	0.050940271	0.0110886847	-0.0413301739	-0.0469078096	0.0006771467	-0.0102943937	-0.0262085823	0.0271501218	0.0055917924	0.0272256855	-0.0416927351	-0.0258513176	0.0006324651	0.0251967036	-0.0173846572	0	0	0	0	0	0	0	0	-1.58316583366239	0.065798152502187	0.448081059024295	0.592443852028073
0.0703699	-0.0224716	0.249733	-0.00350806	0.00145693	-0.00253647	0.0075636	-0.0137855	-0.064057	0.00089258	0	-0.0003641	0.1482401	0.0224933884	-0.0330591074	-0.0508872699	-0.0106470671	0.0417426926	0.0464991262	-0.001805417	-0.0480497669	-0.0394636764	0.0141551145	0.0516212534	0.0301814655	-0.0256989275	-0.0522538189	-0.0191809517	0.0357796393	0.04991145	0.0070884207	-0.043823331	-0.0447275033	0.005407671	0.0076256946	0.0003732812	0.0376014586	-0.0043763065	-0.0475728782	0.0027392075	0.0352279664	-0.0121642084	0.0369641802	0.050296203	0	0	0	0	0	0	0	0	-0.180491098240716	-1.05886731007467	0.448081059024295	0.592443852028073
0.0627094	-0.002912	0.263705	-0.0038415	0.00145693	-0.00245001	-0.0076605	0.0195596	0.013972	-0.00033344	0	8.646e-05	0.0621871	0.0222893319	-0.0334080384	-0.0507226006	-0.0097614921	0.0424146861	0.0458602343	-0.0033834701	-0.048739874	-0.0380985803	0.016314529	0.0519837232	0.0279283311	-0.028214182	-0.0519411573	-0.0159924506	0.0383301323	0.0486148674	0.0030455261	-0.0460228486	-0.0422151417	0.0100939368	0.0033049871	0.0327528499	0.0363735719	-0.0381906085	-0.0272158627	0.0139920242	-0.0294680989	-0.0289430637	0.0336617077	0.0038759622	0	0	0	0	0	0	0	0	-0.184097714333649	-0.874111298309156	0.448081059024295	0.592443852028073
0.0598535	-0.0356777	0.286609	-0.00426658	0.00145693	-0.00252507	-0.0028559	-0.0327657	0.022904	-0.00042508	0	-7.50600000000001e-05	0.0835326	0.0220848615	-0.0337544877	-0.0505494535	-0.0088730165	0.0430669878	0.0451906832	-0.0049584444	-0.0493720561	-0.0366761804	0.0184436498	0.0522294002	0.0256005252	-0.0306409077	-0.0514394875	-0.0127371473	0.0406984653	0.0470574788	-0.0010156846	-0.0479139886	-0.0393893764	0.0146975897	-0.0126273737	-0.0463467713	0.0305634734	-0.023231378	-0.0500742009	-0.0257332364	0.0048424821	0.0216386196	0.0599410535	0.0519609018	0	0	0	0	0	0	0	0	0.61782726716562	-1.02499293797628	0.448081059024295	0.592443852028073
0.0704103	-0.0226033	0.245138	-0.00406086	0.00127356	-0.00251868	0.0105568	0.0130744	-0.041471	0.00020572	-0.00018337	6.38999999999978e-06	0.0848761999999999	0.0218799809	-0.0340984296	-0.0503678575	-0.0079819045	0.043699295	0.0444909208	-0.0065289069	-0.0499455618	-0.0351986159	0.0205385235	0.0523577323	0.0232042715	-0.0329714899	-0.050750635	-0.0094286395	0.0428733831	0.0452476394	-0.0050707869	-0.0494840794	-0.0362711858	0.0191809517	0.0009804604	0.0262979714	0.03663397	0.0178469783	-0.0550466781	0.0018616362	0.0097536831	-0.0488145198	0.0425217221	0.0538634382	0	0	0	0	0	0	0	0	0.101201680244661	-0.868842022500465	0.448081059024295	0.592443852028073
0.0575654	0.0017303	0.260716	-0.00387998	0.00116304	-0.00209699	-0.0128449	0.0243336	0.015578	0.00018088	-0.00011052	0.00042169	0.088411	0.021674694	-0.0344398384	-0.050177843	-0.0070884207	0.044311314	0.0437614146	-0.0080934286	-0.0504597097	-0.0336681095	0.0225952602	0.0523684314	0.0207459769	-0.0351986159	-0.0498771065	-0.0060807472	0.0448445497	0.0431950583	-0.0090953929	-0.0507226006	-0.0328837193	0.0235073292	-0.0071561679	0.0203528907	0.0416048141	-0.0046692552	0.01944897	-0.0153890374	-0.0227325937	-0.0088533802	0.0269829092	-0.0193899414	0	0	0	0	0	0	0	0	0.412188245680012	-0.918781907658652	0.448081059024295	0.592443852028073
0.0442177	-0.0226243	0.264324	-0.0038514	0.00145693	-0.00209699	-0.0133477	-0.0243546	0.003608	2.85799999999994e-05	0.00029389	0	0.0574338	0.0214690046	-0.0347786889	-0.0499794418	-0.0061928308	0.0449027607	0.0430026525	-0.0096505858	-0.0509138886	-0.0320869629	0.0246100408	0.0522614734	0.0182322141	-0.0373152977	-0.0488220806	-0.0027074549	0.0466025972	0.0409107473	-0.0130652981	-0.0516212534	-0.0292521253	0.0276413132	-0.0127763137	-0.0523206082	0.0054931229	0.037319312	-0.0024749117	-0.0145851341	0.039939885	0.0252176746	0.0390866705	0.0400672664	0	0	0	0	0	0	0	0	0.857479293998976	-0.664104838963341	0.448081059024295	0.592443852028073
0.0516079	0.00279753	0.223926	-0.00367829	0.00150472	-0.00272859	0.00739020000000001	0.02542183	-0.040398	0.000173110000000001	4.779e-05	-0.0006316	0.11583503	0.0212629165	-0.0351149558	-0.049772687	-0.0052954007	0.0454733605	0.0422151417	-0.0111989617	-0.0513075588	-0.0304575546	0.0265791242	0.0520370985	0.015669704	-0.0393148935	-0.0475893965	0.0006771467	0.0481391707	0.0384069609	-0.0169566271	-0.0521740164	-0.0254033645	0.0315490697	0.0048562889	0.0288645288	-0.0017794276	0.0537174432	0.0160127878	0.0031163597	-0.0001561207	-0.0464556786	0.00876797	-0.014549328	0	0	0	0	0	0	0	0	0.533433733290371	-0.886184542047529	0.448081059024295	0.592443852028073
0.0522674	-0.00698808	0.301487	-0.0041898	0.0019535	-0.00224515	0.000659499999999993	-0.00978561	0.077561	-0.000511510000000001	0.00044878	0.00048344	0.16019261	0.0210564335	-0.0354486142	-0.0495576132	-0.0043963972	0.0460228486	0.0413994086	-0.0127371473	-0.0516402525	-0.0287823352	0.028498854	0.0516958108	0.0130652981	-0.0411911291	-0.0461835398	0.0040589197	0.0494469678	0.0356971313	-0.0207459769	-0.0523771858	-0.0213660101	0.0351986159	-0.0055543023	-0.0106743622	0.0078525771	0.0351267931	0.0591049822	-0.0389208872	-0.0286632687	0.0221115087	0.0183066267	-0.055574164	0	0	0	0	0	0	0	0	0.344937431577864	-1.10416745692036	0.448081059024295	0.592443852028073
0.0504363	-0.0225752	0.23846	-0.00390139	0.0019535	-0.00258348	-0.0018311	-0.01558712	-0.063027	0.000288410000000001	0	-0.00033833	0.11178222	0.0208495594	-0.0357796393	-0.0493342563	-0.0034960873	0.0465509697	0.0405559987	-0.014263743	-0.0519115742	-0.0270638244	0.0303656657	0.0512383773	0.0104259597	-0.0429381175	-0.0446096262	0.0074237382	0.0505197734	0.0327957961	-0.024410558	-0.0522294002	-0.0171700353	0.0385600826	-0.0012103008	-0.0239812723	-0.0013439872	0.0662858047	-0.0140347203	0.0089141538	0.0492577872	0.0043778008	0.0394264415	-0.0153220464	0	0	0	0	0	0	0	0	0.451464780127049	-1.10222938852579	0.448081059024295	0.592443852028073
0.0294407	-0.000636341	0.165735	-0.00415989	0.00146966	-0.00266263	-0.0209956	0.021938859	-0.072725	-0.0002585	-0.00048384	-7.91500000000001e-05	0.156733959	0.0206422981	-0.0361080066	-0.0491026536	-0.0025947387	0.0470574788	0.0396854757	-0.0157773596	-0.0521212014	-0.025304607	0.0321760928	0.0506658255	0.0077587455	-0.0445503769	-0.0428733831	0.010757547	0.051352489	0.0297185201	-0.0279283311	-0.0517316498	-0.0128465907	0.0416059582	0.0135966343	0.0349387622	0.0191770576	0.0065078659	0.0194503322	0.0269591219	-0.0120970946	-0.037896734	0.0048833653	-0.0495444284	0	0	0	0	0	0	0	0	0.450482678543679	-0.948367854773799	0.448081059024295	0.592443852028073
0.0310804	0.00749711	0.174418	-0.00180772	0.00153897	-0.00209699	0.00163970000000001	0.008133451	0.00868299999999997	0.00235217	6.93099999999999e-05	0.00056564	0.167812151	0.0204346535	-0.0364336915	-0.048862844	-0.0016926191	0.0475421407	0.0387884217	-0.01727662	-0.0522688852	-0.0235073292	0.0339267737	0.0499794418	0.0050707869	-0.0460228486	-0.0409811285	0.0140464202	0.0519411573	0.0264818121	-0.03127814	-0.0508872699	-0.0084277735	0.044311314	-0.0501943456	-0.0033797642	0.0200771353	-0.0340556895	0.0184441785	-0.0105938031	-0.0303776473	0.0421558283	0.042281216	-0.0009642201	0	0	0	0	0	0	0	0	0.484790425905516	-1.017018342396	0.448081059024295	0.592443852028073
0.0161808	0.00953615	0.0853857	-0.00156141	0.00153897	-0.00209699	-0.0148996	0.00203904	-0.0890323	0.00024631	0	0	0.11828644	0.0202266294	-0.0367566699	-0.0486148674	-0.0007899965	0.0480047303	0.0378654364	-0.0187601599	-0.0523544498	-0.021674694	0.0356144575	0.0491807684	0.0023692706	-0.0473509122	-0.0389397479	0.01727662	0.0522829807	0.0231030362	-0.0344398384	-0.0497019183	-0.0039463888	0.0466540082	-0.0704559658	0.0368193347	-0.0154044841	0.0343496474	-0.0295637772	0.0320530745	0.0391350745	-0.0160204676	0.0335007235	-0.0126632981	0	0	0	0	0	0	0	0	-1.684465624465	-1.16017868295355	0.448081059024295	0.592443852028073
0.0364582	0.0101628	0.132537	-0.00185601	0.00153897	-0.00249933	0.0202774	0.000626649999999998	0.0471513	-0.0002946	0	-0.00040234	0.10290235	0.0200182296	-0.0370769179	-0.0483587652	0.0001128608	0.0484450328	0.0369171367	-0.0202266294	-0.0523777937	-0.0198094581	0.0372360105	0.0482715996	-0.0003385804	-0.0485304007	-0.0367566699	0.0204346535	0.0523763346	0.0196003187	-0.0373944116	-0.0481835374	0.0005642937	0.0486148674	-0.0351149552	0.026396556	0.0501852469	-0.0244968172	0.0138144154	-0.0245849125	-0.0145064203	-0.0297911356	0.0492405164	-0.0157577175	0	0	0	0	0	0	0	0	0.914942553990874	-1.11887117767804	0.448081059024295	0.592443852028073
0.000264431	-0.000413732	0.13254	-0.00251072	0.00153897	-0.0022372	-0.036193769	-0.010576532	3.00000000003076e-06	-0.00065471	0	0.00026213	0.092615301	0.0198094581	-0.0373944116	-0.0480945804	0.0010156846	0.048862844	0.0359441567	-0.021674694	-0.0523388891	-0.0179144269	0.0387884217	0.0472539781	-0.0030455261	-0.0495576132	-0.0344398384	0.0235073292	0.0522207755	0.0159924506	-0.0401240904	-0.0463423012	0.0050707869	0.050177843	-0.0410956681	-0.0517798364	0.0361350892	-0.0037915413	-0.0037451657	-0.033962894	0.0484988467	0.0274947559	0.0501755745	0.0345663192	0	0	0	0	0	0	0	0	0.539663748502087	-0.964245587143749	0.448081059024295	0.592443852028073
0.000296696	0.00996234	0.132475	-0.00303467	0.00153897	-0.00250127	3.2265e-05	0.010376072	-6.49999999999817e-05	-0.00052395	0	-0.00026407	0.049874337	0.0196003187	-0.0377091275	-0.0478223571	0.0019182066	0.0492579697	0.0349471469	-0.0231030362	-0.0522377823	-0.0159924506	0.0402688086	0.0461301902	-0.0057443291	-0.0504293264	-0.0319976841	0.0264818121	0.0518170426	0.0122987873	-0.0426124582	-0.044190547	0.0095396348	0.0513301431	0.0062274949	0.0478499548	-0.0056966546	0.0452090361	0.0333673426	0.024362729	-0.0047269575	-0.0394173938	0.0053951612	-0.0050897153	0	0	0	0	0	0	0	0	1.04726470860754	-0.790705644373125	0.448081059024295	0.592443852028073
0.011372	-0.0018299	0.180909	-0.00316515	0.00153897	-0.00256914	0.011075304	-0.01179224	0.0484339999999999	-0.00013048	0	-6.78700000000003e-05	0.081219044	0.0193908153	-0.0380210421	-0.0475421407	0.0028201586	0.0496302266	0.0339267737	-0.0245103563	-0.0520745933	-0.0140464202	0.0416744222	0.0449027607	-0.0084277735	-0.0511428052	-0.0294390937	0.0293456776	0.0511670547	0.0085391442	-0.0448445497	-0.0417426926	0.0139376608	0.0520623368	-0.0278441115	0.0079001421	-0.0195663585	0.0195541214	0.0470382436	0.0157990932	-0.0380648396	0.0344147677	0.0386563165	-0.0250183741	0	0	0	0	0	0	0	0	0.819123235794615	-0.939011007477274	0.448081059024295	0.592443852028073
0.000290558	-0.00824594	0.152952	-0.00302494	0.00153897	-0.00250182	-0.011081442	-0.00641604	-0.027957	0.00014021	0	6.73200000000001e-05	0.055830982	0.0191809517	-0.0383301323	-0.0472539781	0.0037212726	0.0499794418	0.0328837193	-0.0258953737	-0.0518495163	-0.0120792627	0.0430026525	0.0435744473	-0.0110886847	-0.0516958108	-0.0267733776	0.0320869629	0.0502739006	0.0047336909	-0.0468069407	-0.03901514	0.0182322141	0.0523684314	-0.023088541	-0.0308487381	-0.0364432708	0.0639821642	-0.0047253749	0.0138495041	0.0596630684	0.0325684361	0.0124426802	-0.0132510515	0	0	0	0	0	0	0	0	0.419640450340879	-1.04001638539448	0.448081059024295	0.592443852028073
0.0108426	0.0172336	0.0999254	-0.00293861	0.00153897	-0.00268364	0.010552042	0.02547954	-0.0530266	8.63299999999999e-05	0	-0.00018182	0.102465682	0.018970732	-0.0386363752	-0.0469579174	0.004621281	0.0503054532	0.0318186811	-0.027256828	-0.0515628185	-0.0100939368	0.0442510332	0.0421482344	-0.0137199483	-0.0520866082	-0.0240102362	0.0346942175	0.0491418251	0.0009028426	-0.0484878293	-0.0360261653	0.0223914121	0.0522459219	-0.0164323718	0.0224684637	-0.013278752	0.0581002737	0.0235991955	0.0137353301	-0.029965518	-0.0263579205	0.0184656155	-0.0437446777	0	0	0	0	0	0	0	0	0.809261508197375	-0.973442454376956	0.448081059024295	0.592443852028073
0.0181079	0.0360324	0.128826	-0.00317864	0.00153897	-0.00262788	0.0072653	0.0187988	0.0289006	-0.00024003	0	5.57600000000002e-05	0.0697542	0.0187601599	-0.0389397479	-0.0466540082	0.0055199161	0.0506081094	0.030732371	-0.0285934806	-0.0512148408	-0.0080934286	0.0454172463	0.0406273263	-0.016314529	-0.0523139709	-0.0211597241	0.0371565505	0.0477762082	-0.0029328492	-0.0498771065	-0.0327957961	0.0263843771	0.0516958108	-0.0213510772	-0.0172955424	-0.0069928462	0.0308048207	0.0483402454	-0.0136667937	-0.0432144141	0.0266096211	0.0316491803	-0.047171099	0	0	0	0	0	0	0	0	0.816644558629771	-0.996245020085896	0.448081059024295	0.592443852028073
-0.0218684	0.0208741	0.075819	-0.00310284	0.00153897	-0.00260459	-0.0399763	-0.0151583	-0.053007	7.58e-05	0	2.329e-05	0.1130961	0.0185492395	-0.0392402281	-0.0463423012	0.0064169112	0.0508872699	0.0296255153	-0.0299041152	-0.0508059967	-0.0060807472	0.0464991262	0.03901514	-0.0188654898	-0.0523771858	-0.0182322141	0.0394636764	0.0461835398	-0.006752807	-0.0509664168	-0.0293456776	0.0301814655	0.0507226006	-0.0196358804	0.0017074221	-0.0164755921	0.0349607889	-0.0259716386	0.0352505469	0.0353284248	0.0007476799	0.0188990054	-0.0397130872	0	0	0	0	0	0	0	0	0.844402452473213	-0.822050928599142	0.448081059024295	0.592443852028073
-0.0131787	0.0335687	0.0950028	-0.00339628	0.00153897	-0.00293477	0.0086897	0.0126946	0.0191838	-0.00029344	0	-0.00033018	0.0717491	0.0183379745	-0.0395377932	-0.0460228486	0.0073119995	0.0511428052	0.028498854	-0.0311875391	-0.0503367722	-0.0040589197	0.0474946641	0.0373152977	-0.0213660101	-0.0522760543	-0.015238359	0.0416059582	0.044371389	-0.0105365379	-0.0517492091	-0.0256989275	0.0337544877	0.0493342563	0.0004504382	0.035482299	-0.015798939	0.0333045115	0.0010350264	0.0279977983	-0.0282343104	-0.0268531537	-0.0026829199	-0.0640827711	0	0	0	0	0	0	0	0	0.926133269704622	-0.910870385544235	0.448081059024295	0.592443852028073
-0.0218655	0.0141445	0.110214	-0.0040245	0.00180073	-0.00293751	-0.0086868	-0.0194242	0.0152112	-0.00062822	0.00026176	-2.73999999999977e-06	0.0879582	0.018126369	-0.0398324213	-0.0456957037	0.0082049152	0.0513745965	0.0273531403	-0.0324425845	-0.0498077248	-0.0020309873	0.0484020114	0.0355316183	-0.0238094045	-0.0520108938	-0.0121890533	0.0435744473	0.0423483678	-0.014263743	-0.0522207755	-0.0218799809	0.0370769179	0.0475421407	-0.0128413592	-0.0394951249	0.0016896886	0.038923813	0.0378666235	-0.0055257381	-0.0142405582	0.0476518665	0.0352177398	-0.0316906756	0	0	0	0	0	0	0	0	-0.665199777940615	-0.924550544147215	0.448081059024295	0.592443852028073
-0.0297373	0.00216063	0.0712696	-0.00421272	0.00199467	-0.00302619	-0.0078718	-0.01198387	-0.0389444	-0.00018822	0.00019394	-8.86800000000003e-05	0.08234207	0.0179144269	-0.0401240904	-0.0453609212	0.0090953929	0.0515825363	0.02618914	-0.0336681095	-0.0492194833	0	0.0492194833	0.0336681095	-0.02618914	-0.0515825363	-0.0090953929	0.0453609212	0.0401240904	-0.0179144269	-0.0523782801	-0.0179144269	0.0401240904	0.0453609212	-0.0004555362	0.0007619073	0.013940775	0.0620089988	0.0174116406	0.0015936644	0.0440981167	-0.0168011938	0.0150151826	-0.0161149004	0	0	0	0	0	0	0	0	0.892765796771838	-1.09643608893592	0.448081059024295	0.592443852028073
-0.0423129	0.0165001	0.0762468	-0.00406067	0.00206542	-0.00311739	-0.0125756	0.01433947	0.0049772	0.00015205	7.07500000000001e-05	-9.11999999999996e-05	0.04759227	0.017702152	-0.0404127789	-0.045018557	0.009983168	0.051766528	0.0250076315	-0.0348629988	-0.0485727468	0.0020309873	0.0499455618	0.0317289578	-0.028498854	-0.050992326	-0.0059686353	0.0469579174	0.0377091275	-0.0214690046	-0.0522207755	-0.0138288366	0.0428733831	0.0428084497	0.0059348064	0.0185209749	0.0297989137	0.0090864364	0.0445297345	0.0048210822	-0.0107532058	-0.0112587946	0.0186293523	-0.0452884945	0	0	0	0	0	0	0	0	0.555086256841964	-0.788832037270782	0.448081059024295	0.592443852028073
-0.0423032	0.00785278	0.0771261	-0.00396146	0.00201882	-0.00302223	9.70000000000137e-06	-0.00864732	0.0008793	9.92099999999997e-05	-4.65999999999999e-05	9.516e-05	0.02158482	0.0174895484	-0.0406984653	-0.0446686685	0.0108679768	0.0519264863	0.0238094045	-0.0360261653	-0.0478682839	0.0040589197	0.0505788988	0.0297185201	-0.030732371	-0.0502421146	-0.0028201586	0.0483587652	0.0351149558	-0.0249084068	-0.0517492091	-0.0096505858	0.0453043854	0.0399056168	-0.0025863251	-0.0427579076	0.0063945352	-0.0112715227	0.0404354963	-0.0117911732	-0.0167454059	0.0397046943	0.0322053887	-0.0322303317	0	0	0	0	0	0	0	0	-0.022706245161843	-0.198394997758422	-2.22840312389761	0.592443852028073
-0.0422491	-0.00833614	0.0554623	-0.00394838	0.00191697	-0.00331924	5.41000000000014e-05	-0.01618892	-0.0216638	1.30800000000004e-05	-0.00010185	-0.00029701	0.05850382	0.01727662	-0.0409811285	-0.044311314	0.0117495564	0.0520623368	0.0225952602	-0.0371565505	-0.0471069319	0.0060807472	0.0511183183	0.0276413132	-0.0328837193	-0.0493342563	0.0003385804	0.0495576132	0.032353904	-0.028214182	-0.0509664168	-0.005407671	0.0473990497	0.0366761804	0.0120224167	0.0043290502	-0.0010349243	-0.0183836057	-0.022496947	0.0220175265	0.0304564085	-0.0273265586	0.026863748	-0.0087737478	0	0	0	0	0	0	0	0	-0.681811292853886	-0.664343079463493	-2.22840312389761	0.592443852028073
-0.0422595	0.0253558	0.0611449	-0.00395539	0.00181783	-0.00327797	-1.04000000000076e-05	0.03369194	0.0056826	-7.01e-06	-9.914e-05	4.12700000000004e-05	0.04675594	0.0170633708	-0.0412607473	-0.0439465533	0.0126276447	0.0521740164	0.0213660101	-0.0382531258	-0.0462895956	0.0080934286	0.0515628185	0.0255020041	-0.0349471469	-0.0482715996	0.0034960873	0.0505494535	0.0294390937	-0.0313685957	-0.0498771065	-0.0011285219	0.0491418251	0.0331465714	0.0241078835	0.0388675729	0.0052525722	-0.0518234895	-0.0155012183	0.0256640476	-0.0328372233	-0.0381785456	-0.0120171796	-0.0059733803	0	0	0	0	0	0	0	0	-0.868764172572085	-0.453714748092366	-2.22840312389761	0.592443852028073
-0.0422865	0.00986416	0.112576	-0.00432497	0.00184195	-0.00291598	-2.69999999999923e-05	-0.01549164	0.0514311	-0.00036958	2.41199999999999e-05	0.00036199	0.10473424	0.0168498047	-0.0415373011	-0.0435744473	0.0135019809	0.0522614734	0.0201224762	-0.0393148935	-0.0454172463	0.0100939368	0.0519115742	0.0233053991	-0.0369171367	-0.0470574788	0.0066408724	0.0513301431	0.0263843771	-0.0343547251	-0.0484878293	0.003158189	0.0505197734	0.0293456776	0.0143345414	-0.0609597157	0.0006351833	-0.0539354547	-0.0153469445	-0.0170832219	-0.00583614	0.0503200429	0.0314755474	0.0333332238	0	0	0	0	0	0	0	0	0.211181999806588	-0.756230266932233	-2.22840312389761	0.592443852028073
-0.0423007	0.017652	0.0551696	-0.00389579	0.00188286	-0.00306318	-1.41999999999989e-05	0.00778784	-0.0574064	0.00042918	4.09100000000001e-05	-0.0001472	0.09607294	0.0166359256	-0.0418107693	-0.0431950583	0.0143723053	0.052324667	0.0188654898	-0.0403408874	-0.0444909208	0.0120792627	0.0521639377	0.0210564335	-0.0387884217	-0.0456957037	0.0097614921	0.051896421	0.0232042715	-0.0371565505	-0.0468069407	0.0074237382	0.0515226647	0.025304607	0.0430335124	0.0249078381	-0.0099002269	-0.0070038844	-0.0582666259	0.0187192812	0.0079873868	-0.0441002223	-0.0143928514	0.03040317	0	0	0	0	0	0	0	0	0.860259963217991	-0.478720434982648	-2.22840312389761	0.592443852028073
-0.0423008	0.0382173	0.0859308	-0.00438508	0.00199425	-0.00291598	-1.00000000009814e-07	0.0205653	0.0307612	-0.00048929	0.00011139	0.0001472	0.0887206	0.0164217376	-0.0420811315	-0.0428084497	0.015238359	0.0523635681	0.0175958911	-0.0413301739	-0.0435117199	0.0140464202	0.0523194405	0.0187601599	-0.0405559987	-0.044190547	0.0128465907	0.0522459219	0.0199138901	-0.0397590408	-0.0448445497	0.0116395445	0.0521430537	0.0210564335	0.0319520622	0.015075107	0.0175067946	-0.0559925855	-0.0006054001	-0.0075056684	-0.0416112651	-0.0099550018	-0.0066517098	-0.0167896157	0	0	0	0	0	0	0	0	0.817915267577931	0.00240363182291	-2.22840312389761	0.592443852028073
-0.0288473	0.0171112	0.112444	-0.00434439	0.00168598	-0.00291598	0.0134535	-0.0211061	0.0265132	4.06900000000003e-05	-0.00030827	0	0.0785208	0.0162072446	-0.0423483678	-0.0424146861	0.016099885	0.0523781585	0.016314529	-0.0422818529	-0.0424808075	0.0159924506	0.0523777937	0.0164217376	-0.0422151417	-0.0425467316	0.015884942	0.0523771858	0.01652887	-0.0421482344	-0.0426124582	0.0157773596	0.0523763346	0.0166359256	0.0404560493	-0.0680137703	0.0046163525	-0.0342745155	-0.0271904987	-0.0379885991	0.0342290339	0.0437136797	-0.0183375482	0.0300334709	0	0	0	0	0	0	0	0	-0.837910232766075	-0.086971388878871	-2.22840312389761	-1.68540061352814
-0.0317016	0.0222884	0.073206	-0.00397117	0.0018997	-0.00291598	-0.00285429999999999	0.0051772	-0.039238	0.00037322	0.00021372	0	0.0766165	0.0159924506	-0.0426124582	-0.0420138333	0.0169566271	0.0523684314	0.0150222601	-0.0431950583	-0.0413994086	0.0179144269	0.0523388891	0.0140464202	-0.0437614146	-0.0407694154	0.0188654898	0.0522896643	0.0130652981	-0.044311314	-0.0401240904	0.0198094581	0.0522207755	0.0120792627	0.0603709514	0.01133435	0.0043226579	-0.0138736936	-0.0620360209	-0.0028853603	0.0294495038	-0.0449622366	-0.0253854353	0.0345546944	0	0	0	0	0	0	0	0	0.956703900252055	-0.267042458103298	-2.22840312389761	0.592443852028073
-0.0260575	0.0374687	0.0831654	-0.00350022	0.00201153	-0.00291598	0.0056441	0.0151803	0.00995940000000001	0.00047095	0.00011183	0	0.0599228	0.0157773596	-0.0428733831	-0.0416059582	0.0178083308	0.0523343914	0.0137199483	-0.0440689593	-0.0402688086	0.0198094581	0.0522027989	0.0116395445	-0.0451906832	-0.0388641751	0.021777388	0.0519837232	0.0095396348	-0.046236675	-0.0373944116	0.0237088227	0.0516775313	0.0074237382	0.047349025	0.013375962	-0.0069518331	-0.0104296315	-0.0151182861	-0.0132433519	-0.0243341423	-0.0254875809	-0.0529454712	-0.0101537704	0	0	0	0	0	0	0	0	0.274289694849759	-0.82778030905699	-2.22840312389761	-1.68540061352814
-0.0268391	-0.00610608	0.0503041	-0.00374262	0.00153238	-0.00250463	-0.0007816	-0.04357478	-0.0328613	-0.0002424	-0.00047915	0.00041135	0.13386268	0.0155619757	-0.0431311232	-0.0411911291	0.018654743	0.0522760543	0.0124084642	-0.0449027607	-0.039090351	0.021674694	0.0519697758	0.009206518	-0.0464991262	-0.0368369888	0.0246100408	0.0514606403	0.0059686353	-0.0479139886	-0.0344398384	0.0274493255	0.050750635	0.0027074549	0.0276585293	-0.0498351789	-0.0076179688	0.0042798359	-0.0140189886	-0.0087808453	0.0085896828	0.0338909926	-0.0267473702	0.0326280557	0	0	0	0	0	0	0	0	0.804891964809694	-0.967177190059137	-2.22840312389761	0.592443852028073
-0.0248429	0.037782	0.0248357	-0.00390733	0.00153238	-0.00263113	0.0019962	0.04388808	-0.0254684	-0.00016471	0	-0.0001265	0.08591318	0.0153463027	-0.0433856593	-0.0407694154	0.0194956122	0.0521934471	0.0110886847	-0.0456957037	-0.0378654364	0.0235073292	0.0516402525	0.006752807	-0.0476832451	-0.0346942175	0.0273531403	0.0507226006	0.0023692706	-0.0493342563	-0.03127814	0.0310059033	0.0494469678	-0.0020309873	0.0643112666	0.0220542612	0.0591705917	-0.0744387414	0.0214596186	-0.022984739	-0.0015792192	-0.0389763543	-0.046741511	0.0247079749	0	0	0	0	0	0	0	0	0.573225020583207	-0.598829975684216	0.448081059024295	-1.68540061352814
-0.0423847	0.00214345	0.0778211	-0.00436249	0.00188037	-0.00265485	-0.0175418	-0.03563855	0.0529854	-0.000455160000000001	0.00034799	-2.37199999999996e-05	0.14750925	0.0151303447	-0.0436369724	-0.0403408874	0.0203306886	0.0520866082	0.0097614921	-0.0464470668	-0.0365955205	0.025304607	0.0512148408	0.0042839244	-0.048739874	-0.0324425845	0.0299967047	0.049772687	-0.0012413539	-0.0504898588	-0.0279283311	0.0343547251	0.0477762082	-0.006752807	0.0388940509	-0.0618422359	0.0131911376	-0.0972160647	0.038609949	-0.0234217988	-0.0015223415	0.0673990059	-0.0350063203	0.0046916539	0	0	0	0	0	0	0	0	0.964883618550348	-0.641895319996339	0.448081059024295	0.592443852028073
-0.0422939	-0.00403972	0.0268745	-0.00467424	0.00196988	-0.00317415	9.0799999999995e-05	-0.00618317	-0.0509466	-0.00031175	8.95099999999999e-05	-0.0005193	0.10324857	0.0149141057	-0.043885044	-0.0399056168	0.0211597241	0.0519555872	0.0084277735	-0.0471561663	-0.0352821126	0.0270638244	0.0506943307	0.001805417	-0.0496661877	-0.0300891549	0.0325311144	0.0486148674	-0.0048460789	-0.0513745965	-0.024410558	0.0374733519	0.0457507597	-0.0114193591	0.0577612203	0.0305007372	-0.071267011	-0.0570534204	-0.0189086288	0.0625605043	0.0031992141	0.0043769161	-0.0859104893	0.0687247242	0	0	0	0	0	0	0	0	1.02589214814218	-0.859314997859401	0.448081059024295	-1.68540061352814
-0.0422724	0.0127544	0.0728616	-0.00469748	0.00205101	-0.00334159	2.15000000000007e-05	0.01679412	0.0459871	-2.32400000000008e-05	8.113e-05	-0.00016744	0.0763932200000001	0.0146975897	-0.0441298556	-0.0394636764	0.0219824722	0.0518004449	0.0070884207	-0.0478223571	-0.0339267737	0.0287823352	0.0500796887	-0.0006771467	-0.0504597097	-0.0276413132	0.0349471469	0.0472539781	-0.0084277735	-0.0519837232	-0.0207459769	0.0403408874	0.0433856593	-0.0159924506	0.0367866251	0.0130312698	-0.0814209023	-0.0795141958	0.0115780494	0.0501001343	-0.0571307774	0.0392715751	-0.066777164	0.0277081336	0	0	0	0	0	0	0	0	0.978575319244575	-0.812459453042125	0.448081059024295	-1.68540061352814
-0.0467873	-0.00922898	0.0556014	-0.0047179	0.00179397	-0.00301526	-0.0045149	-0.02198338	-0.0172602	-2.04199999999993e-05	-0.00025704	0.00032633	0.0739479799999999	0.0144808008	-0.044371389	-0.03901514	0.0227986886	0.0516212534	0.0057443291	-0.0484450328	-0.0325311144	0.0304575546	0.0493720561	-0.003158189	-0.0511183183	-0.0251067401	0.0372360105	0.0456957037	-0.011969416	-0.0523139709	-0.0169566271	0.0429381175	0.0406984653	-0.0204346535	0.0550906628	-0.0347138064	-0.0885901509	-0.0533801181	-0.0583073153	0.0284393736	0.0324892946	0.0566771561	-0.0947435549	0.0584551452	0	0	0	0	0	0	0	0	0.547907044074941	-1.02484603850074	0.448081059024295	0.592443852028073
-0.0422681	0.00388867	0.0555909	-0.00482881	0.00171546	-0.00313798	0.00451920000000001	0.01311765	-1.05000000000036e-05	-0.000110910000000001	-7.851e-05	-0.00012272	0.03325435	0.014263743	-0.0446096262	-0.0385600826	0.0236081307	0.0514180959	0.0043963972	-0.049023627	-0.0310967934	0.0320869629	0.0485727468	-0.0056321357	-0.0516402525	-0.0224933884	0.0393893764	0.0439465533	-0.015454175	-0.0523635681	-0.0130652981	0.0452476394	0.0377091275	-0.024709611	0.0627917114	0.01061934	-0.0652713093	-0.0232197666	-0.0178230613	0.0377588631	-0.0185496935	-0.0056312685	-0.1047491213	0.0332699524	0	0	0	0	0	0	0	0	0.167569383695323	-0.912929181862508	0.448081059024295	0.592443852028073
-0.0378454	-0.00479574	0.0722901	-0.00528113	0.00189061	-0.00303398	0.0044227	-0.00868441	0.0166992	-0.00045232	0.00017515	0.000104	0.06637981	0.0140464202	-0.0448445497	-0.0380985803	0.024410558	0.0511910666	0.0030455261	-0.0495576132	-0.0296255153	0.0336681095	0.0476832451	-0.0080934286	-0.0520241169	-0.0198094581	0.0413994086	0.0420138333	-0.0188654898	-0.0521322486	-0.0090953929	0.0472539781	0.0344398384	-0.0287823352	0.0880996533	0.0132980869	-0.0632062715	0.0047931089	0.0341909341	0.0132546922	-0.0439198024	0.0140759885	-0.1416045423	0.0133796475	0	0	0	0	0	0	0	0	0.664650256794586	-0.767792441664915	0.448081059024295	0.592443852028073
-0.0423272	-0.00691293	0.0780983	-0.00547648	0.00177457	-0.00279038	-0.0044818	-0.00211719	0.00580820000000001	-0.00019535	-0.00011604	0.0002436	0.04015669	0.0138288366	-0.0450761418	-0.0376307102	0.0252057321	0.050940271	0.0016926191	-0.0500465054	-0.0281190288	0.0351986159	0.0467052026	-0.0105365379	-0.0522688852	-0.0170633708	0.0432587929	0.0399056168	-0.0221871482	-0.0516212534	-0.0050707869	0.04894369	0.0309148693	-0.0326194932	0.061602186	-0.0727470248	-0.0737554416	0.0138749983	0.008413248	0.0017588707	0.0093612792	0.0633182839	-0.111133355	0.0080900562	0	0	0	0	0	0	0	0	0.6507538818919	-0.753015716052123	0.448081059024295	0.592443852028073
-0.0332682	0.0123819	0.0168922	-0.00518923	0.00174366	-0.0032785	0.009059	0.01929483	-0.0612061	0.000287249999999999	-3.09100000000001e-05	-0.00048812	0.12987393	0.0136109962	-0.0453043854	-0.0371565505	0.0259934166	0.0506658255	0.0003385804	-0.0504898588	-0.0265791242	0.0366761804	0.0456404355	-0.0129559745	-0.0523739028	-0.014263743	0.0449607632	0.0376307102	-0.0254033645	-0.0508333239	-0.0010156846	0.0503054532	0.0271603893	-0.0361896802	0.1167326187	0.0438179947	-0.0464785708	0.0258292253	0.0057291614	0.0057794682	-0.0086697274	-0.0567356851	-0.1650723752	0.0152995972	0	0	0	0	0	0	0	0	0.54003238515547	-0.784568830519383	0.448081059024295	0.592443852028073
-0.0371743	0.0159881	0.0441151	-0.00512258	0.00174366	-0.00273067	-0.00390610000000001	0.0036062	0.0272229	6.66500000000006e-05	0	0.00054783	0.0654592	0.013392903	-0.0455292636	-0.0366761804	0.0267733776	0.0503678575	-0.0010156846	-0.0508872699	-0.0250076315	0.0380985803	0.0444909208	-0.0153463027	-0.0523388891	-0.0114193591	0.0464991262	0.0351986159	-0.028498854	-0.049772687	0.0030455261	0.0513301431	0.0232042715	-0.0394636764	0.064085885	-0.0473964547	-0.0115166624	-0.0160161649	0.0840007884	-0.0602458291	-0.0481073392	0.0284262967	-0.1067375082	-0.0305152768	0	0	0	0	0	0	0	0	1.11079374251854	-0.785374858024535	0.448081059024295	0.592443852028073
0.00693194	-0.00474831	-0.0732306	-0.00325722	0.00120289	-0.00187309	0.04410624	-0.02073641	-0.1173457	0.00186536	-0.00054077	0.00085758	0.34537385	0.0131745611	-0.0457507597	-0.0361896802	0.0275453833	0.0500465054	-0.0023692706	-0.0512383773	-0.0234064185	0.0394636764	0.0432587929	-0.017702152	-0.0521639377	-0.0085391442	0.0478682839	0.0326194932	-0.0314589057	-0.0484450328	0.0070884207	0.0520108938	0.0190758861	-0.0424146861	0.0843979325	0.0067703361	-0.0344087843	0.0106151487	0.0182743713	-0.0235216552	0.0316659883	-0.0061591256	-0.148050503	0.0106624261	0	0	0	0	0	0	0	0	-0.767601574835637	-0.66408569733573	0.448081059024295	0.592443852028073
0.00697803	0.0431062	0.00652689	-0.00325722	0.00132074	-0.00235636	4.60899999999995e-05	0.04785451	0.07975749	0	0.00011785	-0.00048327	0.15771409	0.0129559745	-0.0459688572	-0.0356971313	0.0283092043	0.0497019183	-0.0037212726	-0.0515428613	-0.021777388	0.0407694154	0.0419463399	-0.0200182296	-0.0518495163	-0.0056321357	0.0490632542	0.0299041152	-0.0342694522	-0.0468574839	0.0110886847	0.0523431439	0.0148058821	-0.045018557	0.0248316589	-0.0099566157	0.0050330159	-0.1021529632	0.0483388529	-0.0156166541	-0.0308485212	0.034568589	-0.0836556884	0.0305384072	0	0	0	0	0	0	0	0	0.969360239453082	-0.722232638990886	0.448081059024295	0.592443852028073
-0.00342227	0.0164396	0.0033836	-0.00325722	0.00133796	-0.00187309	-0.0104003	-0.0266666	-0.00314329	0	1.72200000000001e-05	0.00048327	0.06523469	0.0127371473	-0.0461835398	-0.0351986159	0.0290646136	0.0493342563	-0.0050707869	-0.0518004449	-0.0201224762	0.0420138333	0.0405559987	-0.0222893319	-0.0513964655	-0.0027074549	0.0500796887	0.0270638244	-0.0369171367	-0.045018557	0.0150222601	0.052324667	0.0104259597	-0.0472539781	0.1336624387	-0.0278482089	-0.0412143215	-0.0337350537	-0.0405511889	-0.0426415661	0.0685788333	-0.0062294041	-0.2151922224	0.0536614407	0	0	0	0	0	0	0	0	-0.510349518008644	-0.78906131526607	0.448081059024295	0.592443852028073
0.225544	0.071687	-0.446344	0.00248272	-0.00111938	0.00123529	0.22896627	0.0552474	-0.4497276	0.00573994	-0.00245734	0.00310838	1.29922427	0.0125180835	-0.0463947917	-0.0346942175	0.0298113868	0.04894369	-0.0064169112	-0.0520108938	-0.0184436498	0.0431950583	0.039090351	-0.0245103563	-0.0508059967	0.0002257211	0.0509138886	0.024110485	-0.0393893764	-0.0429381175	0.0188654898	0.0519555872	0.0059686353	-0.0491026536	-0.1334544053	0.1736380282	0.0275564791	-0.0428241521	0.1212155268	0.0526131835	-0.1356803559	-0.061083244	0.1724216876	0.1188236352	0	0	0	1	0	0	0	0	1.17006979137855	-0.636195391289281	0.448081059024295	0.592443852028073
0.328445	0.176565	-0.620162	0.00915339	-0.00500414	0.00396567	0.102901	0.104878	-0.173818	0.00667067	-0.00388476	0.00273038	1.0458875	0.0122987873	-0.0466025972	-0.0341840202	0.030549302	0.0485304007	-0.0077587455	-0.0521740164	-0.016742904	0.044311314	0.0375521182	-0.0266763128	-0.0500796887	0.003158189	0.0515628185	0.0210564335	-0.0416744222	-0.0406273263	0.0225952602	0.0512383773	0.0014670001	-0.0505494535	-0.2389918608	-0.00419496	0.024178925	0.0040557617	-0.0325889193	0.0470086897	0.1193693235	0.042431384	0.088449606	-0.0564602299	0	0	0	0	1	0	0	0	0.721482484451684	0.078062226257308	0.448081059024295	0.592443852028073
0.305686	0.165733	-0.368169	0.00786698	-0.0030778	0.00268587	-0.022759	-0.010832	0.251993	-0.00128641	0.00192634	-0.0012798	0.5102115	0.0120792627	-0.0468069407	-0.0336681095	0.03127814	0.0480945804	-0.0090953929	-0.0522896643	-0.0150222601	0.0453609212	0.0359441567	-0.0287823352	-0.0492194833	0.0060807472	0.0520241169	0.0179144269	-0.0437614146	-0.0380985803	0.02618914	0.050177843	-0.0030455261	-0.0515825363	-0.1759284283	0.0292119933	0.0113342873	-0.0182278579	-0.0517543542	-0.0159088572	0.0228483997	-0.01352328	0.0022466313	-0.0548668879	0	0	0	0	0	0	0	0	0.194085289903237	-0.536760274056154	0.448081059024295	0.592443852028073
0.239829	0.163187	-0.449447	0.00954923	-0.00159577	0.00187627	-0.065857	-0.00254599999999999	-0.081278	0.00168225	0.00148203	-0.0008096	0.348375	0.0118595137	-0.0470078072	-0.0331465714	0.0319976841	0.0476364314	-0.0104259597	-0.0523577323	-0.0132837629	0.0463423012	0.0342694522	-0.0308236917	-0.0482276804	0.0089842256	0.0522961052	0.0146975897	-0.0456404355	-0.0353654455	0.0296255153	0.0487810905	-0.0075354425	-0.0521934471	-0.2010021754	0.0193528511	-0.0025316437	0.0053760772	-0.0928468314	-0.0017496196	0.0381328836	0.0204308407	0.037282798	0.0326103012	0	0	0	0	0	0	0	0	1.27454928245236	-0.984111072562765	0.448081059024295	0.592443852028073
0.286961	0.131403	-0.440902	0.00857445	-0.00220983	0.00153866	0.047132	-0.031784	0.00854500000000002	-0.00097478	-0.00061406	-0.00033761	0.1837835	0.0116395445	-0.0472051818	-0.0326194932	0.0327077205	0.0471561663	-0.0117495564	-0.0523781585	-0.0115294786	0.0472539781	0.0325311144	-0.0327957961	-0.0471069319	0.0118595137	0.0523777937	0.0114193591	-0.047302555	-0.0324425845	0.0328837193	0.0470574788	-0.011969416	-0.0523771858	-0.1808728858	0.0694363218	0.0199979233	0.0240069608	-0.0470486568	-0.0319639575	0.0093623987	-0.0379945005	0.0174661765	-0.0533237251	0	0	0	0	0	0	0	0	0.36456970357593	-0.905470587908187	0.448081059024295	0.592443852028073
0.295142	0.125975	-0.41511	0.0085766	-0.00187311	0.00176582	0.00818099999999999	-0.00542799999999999	0.025792	2.14999999999937e-06	0.00033672	0.00022716	0.0677025	0.0114193591	-0.0473990497	-0.0320869629	0.0334080384	0.0466540082	-0.0130652981	-0.0523509242	-0.0097614921	0.0480945804	0.030732371	-0.0346942175	-0.0458602343	0.0146975897	0.0522688852	0.0080934286	-0.048739874	-0.0293456776	0.0359441567	0.045018557	-0.016314529	-0.0521322486	-0.200840476	0.0071493762	0.0224611162	0.0076243246	-0.0180915759	-0.0667306274	0.0047691217	0.0347358637	0.0167182697	-0.0027228441	0	0	0	0	0	0	0	0	-0.155120977213401	-0.764814660448413	0.448081059024295	0.592443852028073
0.295163	0.12841	-0.415122	0.00845344	-0.00197698	0.00141704	2.09999999999932e-05	0.00243499999999999	-1.2000000000012e-05	-0.000123160000000002	-0.00010387	-0.00034878	0.0312585	0.0111989617	-0.0475893965	-0.0315490697	0.0340984296	0.0461301902	-0.0143723053	-0.0522760543	-0.0079819045	0.048862844	0.0288765622	-0.0365146908	-0.0444909208	0.0174895484	0.0519697758	0.0047336909	-0.0499455618	-0.0260913389	0.0387884217	0.042677987	-0.0205385235	-0.0514606403	-0.1783754616	0.0497303443	0.0086344781	0.0166043407	-0.0318464443	-0.0119878828	0.0356206578	-0.0059785422	0.0023042926	-0.0395423339	0	0	0	0	0	0	0	0	-0.78386062626186	-0.956237529383591	0.448081059024295	0.592443852028073
0.280576	0.122713	-0.353873	0.00803343	-0.00149397	0.00120325	-0.014587	-0.00569699999999998	0.0612490000000001	-0.00042001	0.00048301	-0.00021379	0.1373735	0.0109783563	-0.0477762082	-0.0310059033	0.0347786889	0.0455849554	-0.015669704	-0.0521536168	-0.0061928308	0.0495576132	0.0269671338	-0.0382531258	-0.0430026525	0.0202266294	0.0514815542	0.0013541801	-0.0509138886	-0.0226970271	0.0413994086	0.0400514517	-0.0246100408	-0.0503678575	-0.1823025823	0.0477416866	-0.0168991339	0.002572633	-0.0515841658	-0.016945139	0.0099563953	-0.0078826521	-0.0421422769	0.0064428556	0	0	0	0	0	0	0	0	-0.872687559647048	-1.40143287400499	0.448081059024295	0.592443852028073
0.450456	0.387318	-1.0891	0.0238117	-0.00467949	0.00384139	0.16988	0.264605	-0.735227	0.01577827	-0.00318552	0.00263814	2.2498085	0.010757547	-0.0479594708	-0.0304575546	0.0354486142	0.045018557	-0.0169566271	-0.0519837232	-0.0043963972	0.050177843	0.0250076315	-0.0399056168	-0.0413994086	0.0229002443	0.0508059967	-0.0020309873	-0.0516402525	-0.0191809517	0.0437614146	0.0371565505	-0.028498854	-0.048862844	-0.0024410484	-0.0130717466	0.0179318367	0.0391902539	-0.0166626731	0.0633524573	-0.0388905657	-0.0716786371	0.1800676141	-0.0540241808	0	0	0	0	0	1	0	0	-0.527425035487142	-0.956863651789286	0.448081059024295	0.592443852028073
0.132226	0.356714	-1.06683	0.0235927	0.00114148	0.00242647	-0.31823	-0.030604	0.02227	-0.000219	0.00582097	-0.00141492	0.7438485	0.0105365379	-0.0481391707	-0.0299041152	0.0361080066	0.044431258	-0.0182322141	-0.051766528	-0.0025947387	0.0507226006	0.0230016937	-0.0414684511	-0.0396854757	0.0255020041	0.0499455618	-0.005407671	-0.0521212014	-0.0155619757	0.0458602343	0.0340126806	-0.0321760928	-0.0469579174	0.0003267194	-0.0676351285	0.0239267309	0.061718744	0.0343444893	-0.0092367676	-0.0157947439	0.0727081853	0.1290653533	-0.0263198553	0	0	0	0	0	0	0	0	-0.029315493239368	0.11326187266585	0.448081059024295	0.592443852028073
0.228206	0.261823	-1.0118	0.0247046	0.0014844	0.00168464	0.09598	-0.094891	0.0550299999999999	0.0011119	0.00034292	-0.00074183	0.3557335	0.0103153331	-0.0483152946	-0.0293456776	0.0367566699	0.043823331	-0.0194956122	-0.051502229	-0.0007899965	0.0511910666	0.0209530451	-0.0429381175	-0.0378654364	0.028023745	0.0489033805	-0.0087617663	-0.0523544498	-0.0118595137	0.0476832451	0.0306409077	-0.0356144575	-0.0446686685	0.0136708938	0.0440734904	0.0211263282	0.0047276808	0.034370581	0.0575101329	0.0544556378	-0.0134424009	0.0697875866	-0.1180408197	0	0	0	0	0	0	0	0	-0.657461754391913	-1.06654154760299	0.448081059024295	0.592443852028073
0.414092	0.250537	-1.59755	0.0340639	-0.00408231	0.00464696	0.185886	-0.011286	-0.58575	0.0093593	-0.00556671	0.00296232	1.6773385	0.0100939368	-0.0484878293	-0.0287823352	0.0373944116	0.0431950583	-0.0207459769	-0.0511910666	0.0010156846	0.0515825363	0.0188654898	-0.044311314	-0.0359441567	0.0304575546	0.0476832451	-0.0120792627	-0.0523388891	-0.0080934286	0.0492194833	0.0270638244	-0.0387884217	-0.0420138333	0.0201424762	0.0500550602	-0.0035848891	0.0241544925	-0.0447585679	0.1285022244	-0.0445406282	-0.0550169804	0.2318169012	-0.0161910043	0	0	0	0	0	0	1	0	-1.42815216898089	-1.2107542444698	0.448081059024295	-1.68540061352814
0.372014	0.337426	-1.12634	0.0290618	-0.00238524	0.00353926	-0.042078	0.086889	0.47121	-0.0050021	0.00169707	-0.0011077	0.9905205	0.009872353	-0.0486567622	-0.028214182	0.0380210421	0.0425467316	-0.0219824722	-0.0508333239	0.0028201586	0.051896421	0.016742904	-0.0455849554	-0.0339267737	0.0327957961	0.0462895956	-0.0153463027	-0.0520745933	-0.0042839244	0.0504597097	0.0233053991	-0.0416744222	-0.03901514	0.0665277057	-0.0658009364	0.0438699964	0.0910041758	-0.0292528892	-0.0833449161	-0.0486514344	-0.0028348044	0.0939682208	0.2143413045	0	0	0	0	0	0	0	1	-0.129296892137895	-1.19858789703762	0.448081059024295	-1.68540061352814
0.328819	0.305269	-1.24448	0.02832	-0.00238524	0.00395476	-0.043195	-0.032157	-0.11814	-0.000741800000000001	0	0.0004155	0.251357	0.0096505858	-0.0488220806	-0.0276413132	0.0386363752	0.0418786518	-0.0232042715	-0.0504293264	0.004621281	0.0521322486	0.0145892291	-0.0467561802	-0.0318186811	0.0350311327	0.0447275033	-0.0185492395	-0.0515628185	-0.0004514381	0.0513964655	0.0193908153	-0.0442510332	-0.0356971313	0.0670728828	0.0007143667	0.0775700782	0.0332248705	-0.0199683277	-0.0007328991	0.0292302395	-0.0531635415	0.140907826	-0.0738103418	0	0	0	0	0	0	0	0	-0.207800326142181	-0.80722870562808	0.448081059024295	-1.68540061352814
0.359042	0.33691	-1.15728	0.0280286	-0.0028907	0.00364532	0.030223	0.031641	0.0872000000000002	-0.000291399999999997	-0.00050546	-0.00030944	0.204379	0.0094286395	-0.0489837722	-0.0270638244	0.0392402281	0.0411911291	-0.024410558	-0.0499794418	0.0064169112	0.0522896643	0.0124084642	-0.0478223571	-0.0296255153	0.0371565505	0.0430026525	-0.021674694	-0.0508059967	0.0033834701	0.0520241169	0.0153463027	-0.0464991262	-0.0320869629	0.0817746308	-0.0516485446	0.0788585329	0.0879513225	0.0250871573	-0.1014234435	-0.0319030249	-0.0311464412	0.0642646942	0.0094606172	0	0	0	0	0	0	0	0	0.365133812463823	-0.126826808831123	0.448081059024295	0.592443852028073
0.371485	0.303905	-1.02272	0.0278171	-0.00294017	0.00354835	0.012443	-0.033005	0.13456	-0.0002115	-4.94700000000007e-05	-9.697e-05	0.197905	0.009206518	-0.0491418251	-0.0264818121	0.0398324213	0.0404844828	-0.0256005252	-0.0494840794	0.0082049152	0.0523684314	0.0102046586	-0.0487810905	-0.0273531403	0.0391653804	0.0411213197	-0.024709611	-0.0498077248	0.0072002268	0.0523388891	0.0111989617	-0.0484020114	-0.028214182	0.0380574239	-0.0319676597	0.076659435	0.033502577	0.089642261	-0.0601437114	0.0014310075	0.0348132041	0.0468517471	-0.0825130459	0	0	0	0	0	0	0	0	0.531572703770947	-0.262731951116384	-2.22840312389761	0.592443852028073
0.409292	0.300303	-1.02821	0.0280224	-0.00341532	0.00327409	0.037807	-0.00360199999999999	-0.00548999999999999	0.000205299999999999	-0.00047515	-0.00027426	0.0946344999999999	0.0089842256	-0.0492962274	-0.0258953737	0.0404127789	0.0397590408	-0.0267733776	-0.04894369	0.009983168	0.0523684314	0.0079819045	-0.0496302266	-0.0250076315	0.0410513194	0.039090351	-0.0276413132	-0.0485727468	0.0109783563	0.0523388891	0.0069765817	-0.0499455618	-0.024110485	0.0657895599	-0.0205519772	0.027799206	0.0515150304	0.0373069818	0.0067081036	0.0477333871	-0.012976176	0.04300939	-0.0003223904	0	0	0	0	0	0	0	0	-0.276872573391	-0.285937898287036	-2.22840312389761	0.592443852028073
0.420481	0.300898	-0.963822	0.0264836	-0.00315519	0.00368737	0.0111890000000001	0.000594999999999957	0.0643880000000001	-0.0015388	0.00026013	0.00041328	0.1867825	0.0087617663	-0.0494469678	-0.025304607	0.0409811285	0.03901514	-0.0279283311	-0.0483587652	0.0117495564	0.0522896643	0.0057443291	-0.0503678575	-0.0225952602	0.0428084497	0.0369171367	-0.0304575546	-0.0471069319	0.0146975897	0.0520241169	0.0027074549	-0.0511183183	-0.0198094581	0.0364109955	-0.0141691412	0.0012136761	0.0358121668	0.0252247529	0.0175226749	-0.0303182014	-0.0103934532	0.0601632124	-0.0101977495	0	0	0	0	0	0	0	0	-0.038004945124941	-0.096038662961058	-2.22840312389761	0.592443852028073
0.403074	0.285106	-0.91651	0.0253448	-0.00291905	0.00378572	-0.0174070000000001	-0.015792	0.0473119999999999	-0.00113880000000001	0.00023614	9.83499999999996e-05	0.1541755	0.0085391442	-0.049594035	-0.024709611	0.0415373011	0.0382531258	-0.0290646136	-0.0477298374	0.0135019809	0.0521322486	0.0034960873	-0.050992326	-0.0201224762	0.044431258	0.034609585	-0.0331465714	-0.0454172463	0.0183379745	0.0513964655	-0.0015798132	-0.0519115742	-0.0153463027	0.0356509852	-0.0313658838	0.0186495033	0.0060589852	-0.0068381249	-0.0147133741	0.0034098468	0.0275794523	0.0662798158	0.0360628225	0	0	0	0	0	0	0	0	-1.94793542720511	-0.318021277863026	-2.22840312389761	0.592443852028073
0.393297	0.309673	-0.976003	0.0255481	-0.00291905	0.00291052	-0.00977699999999998	0.024567	-0.059493	0.000203300000000003	0	-0.0008752	0.147762	0.0083163637	-0.0497374181	-0.024110485	0.0420811315	0.0374733519	-0.0301814655	-0.0470574788	0.015238359	0.051896421	0.0012413539	-0.051502229	-0.0175958911	0.0459146523	0.0321760928	-0.0356971313	-0.0435117199	0.0218799809	0.0504597097	-0.0058564958	-0.0523194405	-0.010757547	0.0632955029	-0.0098816477	0.0341437936	0.0057041515	-0.0351164868	0.0170990544	0.0136657882	-0.0563508872	0.0600269151	0.0238671161	0	0	0	0	0	0	0	0	0.245600170855823	-0.185110757483582	0.448081059024295	-1.68540061352814
0.377747	0.323308	-0.954369	0.0259165	-0.00283195	0.00248857	-0.01555	0.013635	0.021634	0.000368400000000001	8.70999999999997e-05	-0.00042195	0.0946914999999998	0.0080934286	-0.0498771065	-0.0235073292	0.0426124582	0.0366761804	-0.03127814	-0.0463423012	0.0169566271	0.0515825363	-0.0010156846	-0.051896421	-0.0150222601	0.0472539781	0.0296255153	-0.0380985803	-0.0413994086	0.025304607	0.0492194833	-0.0100939368	-0.0523388891	-0.0060807472	0.0571740337	-0.0280536858	0.0529632792	-0.0135771164	0.0100884203	-0.0257926774	-0.0191227172	-0.0044906355	0.0294470862	0.0171866119	0	0	0	0	0	0	0	0	-0.64793966328773	-0.010316634726858	0.448081059024295	0.592443852028073
0.351085	0.299925	-0.86333	0.024286	-0.00306717	0.00241126	-0.026662	-0.023383	0.0910390000000001	-0.0016305	-0.00023522	-7.73099999999997e-05	0.2382355	0.0078703433	-0.0500130897	-0.0229002443	0.0431311232	0.0358619813	-0.032353904	-0.0455849554	0.018654743	0.0511910666	-0.0032708371	-0.0521740164	-0.0124084642	0.0484450328	0.0269671338	-0.0403408874	-0.039090351	0.0285934806	0.0476832451	-0.014263743	-0.0519697758	-0.0013541801	0.0298592562	-0.0216460039	0.0072670918	0.016861301	0.0089627978	-0.0007504376	0.0634729128	0.0338448485	0.0122163447	0.0002264895	0	0	0	0	0	0	0	0	-0.074916014571487	-0.077161990859142	0.448081059024295	-1.68540061352814
0.354466	0.323217	-0.87997	0.0240476	-0.00331084	0.00250952	0.00338100000000002	0.023292	-0.0166400000000001	-0.000238400000000003	-0.00024367	9.82599999999998e-05	0.0723294999999999	0.0076471118	-0.0501453577	-0.0222893319	0.0436369724	0.0350311327	-0.0334080384	-0.0447861304	0.0203306886	0.0507226006	-0.0055199161	-0.0523343914	-0.0097614921	0.0494840794	0.0242106219	-0.0424146861	-0.0365955205	0.0317289578	0.0458602343	-0.0183379745	-0.0512148408	0.0033834701	0.0481493885	-0.0039092642	-0.0111339576	0.0385944811	-0.0100496369	0.0401069917	-0.0181698188	-0.0624252799	0.0039849038	0.0509481754	0	0	0	0	0	0	0	0	0.219193572944525	-0.039877935602145	-2.22840312389761	-1.68540061352814
0.367338	0.293937	-0.772858	0.0220108	-0.00340238	0.00224678	0.012872	-0.02928	0.107112	-0.0020368	-9.15400000000002e-05	-0.00026274	0.268818	0.0074237382	-0.0502739006	-0.021674694	0.0441298556	0.0341840202	-0.0344398384	-0.0439465533	0.0219824722	0.050177843	-0.0077587455	-0.0523771858	-0.0070884207	0.0503678575	0.0213660101	-0.044311314	-0.0339267737	0.0346942175	0.0437614146	-0.0222893319	-0.0500796887	0.0080934286	-0.0014677877	-0.0133855697	-0.0058744488	0.024130939	0.0415575728	-0.0235742807	-0.0517516499	0.0380914642	-0.0070346073	-0.0536284797	0	0	0	0	0	0	0	0	-1.6371178434732	0.057416176704414	-2.22840312389761	0.592443852028073
0.377871	0.293598	-0.834057	0.0213344	-0.00346613	0.001999	0.010533	-0.000338999999999978	-0.0611989999999999	-0.000676399999999997	-6.375e-05	-0.00024778	0.1214675	0.0072002268	-0.0503987089	-0.0210564335	0.0446096262	0.0333210373	-0.0354486142	-0.0430669878	0.0236081307	0.0495576132	-0.009983168	-0.0523023033	-0.0043963972	0.051093594	0.0184436498	-0.0460228486	-0.0310967934	0.0374733519	0.0413994086	-0.0260913389	-0.0485727468	0.0127371473	0.0234974515	-0.0184736182	-0.0184680326	0.0618489614	0.0097826588	0.006371274	0.0696706112	0.0134916647	-0.0034347713	-0.0529165037	0	0	0	0	0	0	0	0	0.639324751398543	-0.194271014635413	-2.22840312389761	-1.68540061352814
0.370807	0.293491	-0.842955	0.0208596	-0.00330499	0.00159562	-0.00706400000000002	-0.000107000000000024	-0.00889799999999996	-0.000474800000000004	0.00016114	-0.00040338	0.068035	0.0069765817	-0.0505197734	-0.0204346535	0.0450761418	0.0324425845	-0.0364336915	-0.0421482344	0.0252057321	0.048862844	-0.0121890533	-0.0521099123	-0.0016926191	0.0516590118	0.015454175	-0.0475421407	-0.0281190288	0.0400514517	0.0387884217	-0.0297185201	-0.0467052026	0.01727662	0.0260527735	0.0129285895	-0.0005027826	0.035396244	0.0095892439	0.0104519976	-0.0226796728	-0.0413996284	-0.0022130579	-0.0160542062	0	0	0	0	0	0	0	0	0.389621380535043	-0.140970243331364	0.448081059024295	-1.68540061352814
0.339584	0.283578	-0.667483	0.0184266	-0.00278736	0.00141115	-0.031223	-0.00991300000000001	0.175472	-0.002433	0.00051763	-0.00018447	0.373363	0.006752807	-0.050637085	-0.0198094581	0.0455292636	0.0315490697	-0.0373944116	-0.0411911291	0.0267733776	0.0480945804	-0.0143723053	-0.0518004449	0.0010156846	0.0520623368	0.0124084642	-0.048862844	-0.0250076315	0.0424146861	0.0359441567	-0.0331465714	-0.0444909208	0.021674694	-0.0374584755	-0.0127064853	-0.0091466357	-0.0094885063	0.0072964141	-0.0238265837	-0.033228141	0.0489071636	-0.0164805879	-0.0357845924	0	0	0	0	0	0	0	0	-0.738134065771399	-0.253355626260444	0.448081059024295	-1.68540061352814
0.291584	0.230815	-0.729472	0.0180887	-0.00323561	0.00150999	-0.048	-0.052763	-0.0619890000000001	-0.000337899999999999	-0.00044825	9.884e-05	0.2070015	0.0065289069	-0.050750635	-0.0191809517	0.0459688572	0.0306409077	-0.0383301323	-0.0401965428	0.0283092043	0.0472539781	-0.01652887	-0.0513745965	0.0037212726	0.0523023033	0.0093176004	-0.0499794418	-0.021777388	0.0445503769	0.0328837193	-0.036352523	-0.0419463399	0.0258953737	-0.0078451353	0.0012153634	-0.018174801	0.0139846738	-0.0528394804	0.0207467783	0.0774822901	-0.0117789892	-0.007166672	-0.0527891901	0	0	0	0	0	0	0	0	-0.080986528901406	-0.506532917692717	-2.22840312389761	0.592443852028073
0.30961	0.271754	-0.757493	0.0197513	-0.00323561	0.00143903	0.018026	0.040939	-0.0280209999999999	0.0016626	0	-7.09599999999993e-05	0.173664	0.0063048856	-0.050860415	-0.0185492395	0.0463947917	0.0297185201	-0.0392402281	-0.0391653804	0.0298113868	0.0463423012	-0.018654743	-0.0508333239	0.0064169112	0.0523781585	0.0061928308	-0.0508872699	-0.0184436498	0.0464470668	0.0296255153	-0.0393148935	-0.039090351	0.0299041152	0.0174525382	0.0189737826	0.0363236211	-0.0217257714	-0.0198441516	-0.0125602997	-0.0108663556	-0.0638872292	-0.0161622021	-0.0276272823	0	0	0	0	0	0	0	0	-0.371080151907566	-0.531800964727212	-2.22840312389761	0.592443852028073
0.326862	0.277661	-0.795941	0.021421	-0.00288116	0.00111874	0.017252	0.005907	-0.0384480000000001	0.0016697	0.00035445	-0.000320290000000001	0.178829	0.0060807472	-0.0509664168	-0.0179144269	0.0468069407	0.0287823352	-0.0401240904	-0.0380985803	0.03127814	0.0453609212	-0.0207459769	-0.050177843	0.0090953929	0.0522896643	0.0030455261	-0.0515825363	-0.0150222601	0.0480945804	0.02618914	-0.0420138333	-0.0359441567	0.0336681095	0.0223768089	-0.0199820801	0.0386813841	-0.065876979	0.027192244	-0.0262889872	-0.0257138242	0.034072906	0.0066165888	-0.0113862099	0	0	0	0	0	0	0	0	-0.998281677067931	-0.422180667598896	0.448081059024295	-1.68540061352814
0.326751	0.264455	-0.808402	0.0204158	-0.00323561	0.00112599	-0.000110999999999972	-0.013206	-0.0124610000000001	-0.0010052	-0.00035445	7.25000000000009e-06	0.0941229999999998	0.0058564958	-0.0510686325	-0.01727662	0.0472051818	0.0278327876	-0.0409811285	-0.0369971132	0.0327077205	0.044311314	-0.0227986886	-0.0494096266	0.0117495564	0.0520370985	-0.0001128608	-0.0520623368	-0.0115294786	0.0494840794	0.0225952602	-0.044431258	-0.0325311144	0.0371565505	0.0368313878	-0.0101973405	-0.0109871038	-0.0149216407	-0.0285437145	0.0329354467	0.0527859081	0.0138584967	-0.028497292	0.0396632728	0	0	0	0	0	0	0	0	-0.406150826564151	-0.500151300346838	0.448081059024295	-1.68540061352814
0.326776	0.291043	-0.768954	0.0193086	-0.00310977	0.00100323	2.49999999999973e-05	0.026588	0.039448	-0.0011072	0.00012584	-0.00012276	0.133851	0.0056321357	-0.0511670547	-0.0166359256	0.0475893965	0.0268703181	-0.0418107693	-0.0358619813	0.0340984296	0.0431950583	-0.0248090665	-0.0485304007	0.0143723053	0.0516212534	-0.0032708371	-0.052324667	-0.0079819045	0.0506081094	0.0188654898	-0.0465509697	-0.0288765622	0.0403408874	0.0244474831	0.020461042	-0.0019522537	-0.0190954247	-0.0219732119	0.0130419894	-0.0316119658	-0.0413968286	-0.0105647914	0.0387658896	0	0	0	0	0	0	0	0	-0.624022338753703	-0.211936612378822	0.448081059024295	-1.68540061352814
0.320065	0.27591	-0.643474	0.0176253	-0.00323561	0.000862345	-0.00671100000000002	-0.015133	0.12548	-0.0016833	-0.00012584	-0.000140885	0.24482525	0.005407671	-0.0512616758	-0.0159924506	0.0479594708	0.0258953737	-0.0426124582	-0.0346942175	0.0354486142	0.0420138333	-0.0267733776	-0.0475421407	0.0169566271	0.051043434	-0.0064169112	-0.0523684314	-0.0043963972	0.0514606403	0.0150222601	-0.0483587652	-0.0250076315	0.0431950583	-0.0198467493	0.009731232	0.0043247947	-0.021296903	0.0234365779	-0.0368174782	-0.0546157844	0.0281407797	-0.0395407281	0.0360647438	0	0	0	0	0	0	0	0	-0.367152860964866	-0.422122673318142	0.448081059024295	-1.68540061352814
0.310269	0.253224	-0.724475	0.0176774	-0.00301597	0.000674443	-0.00979599999999997	-0.022686	-0.081001	5.20999999999994e-05	0.00021964	-0.000187902	0.1364651	0.0051831058	-0.051352489	-0.0153463027	0.0483152946	0.0249084068	-0.0433856593	-0.0334948844	0.0367566699	0.0407694154	-0.0286879745	-0.0464470668	0.0194956122	0.0503054532	-0.0095396348	-0.0521934471	-0.0007899965	0.0520370985	0.0110886847	-0.0498425313	-0.0209530451	0.0456957037	-0.0068537203	-0.0296819752	-0.0306703428	0.010368293	0.0362085922	-0.0087078389	0.0513366632	0.0671906633	-0.0246775151	-0.0445310816	0	0	0	0	0	0	0	0	-0.588586931311472	-0.613922276151726	0.448081059024295	-1.68540061352814
0.306358	0.273594	-0.69517	0.0174131	-0.00249606	0.000391923	-0.003911	0.02037	0.029305	-0.000264300000000002	0.00051991	-0.00028252	0.1069225	0.0049584444	-0.0514394875	-0.0146975897	0.0486567622	0.0239098759	-0.0441298556	-0.0322650733	0.0380210421	0.0394636764	-0.030549302	-0.0452476394	0.0219824722	0.0494096266	-0.0126276447	-0.0518004449	0.0028201586	0.0523343914	0.0070884207	-0.050992326	-0.016742904	0.0478223571	0.0051618286	0.0281297999	-0.0488725306	0.0280572926	0.019986437	0.0354526579	-0.0240943553	-0.0418412857	-0.0434730779	0.0096586022	0	0	0	0	0	0	0	0	-1.06084506140959	-0.717381410207222	0.448081059024295	-1.68540061352814
0.314956	0.264901	-0.640626	0.016651	-0.00228225	0.000709396	0.00859799999999999	-0.00869300000000001	0.0545439999999999	-0.000762099999999998	0.00021381	0.000317473	0.13650415	0.0047336909	-0.0515226647	-0.0140464202	0.0489837722	0.0229002443	-0.0448445497	-0.0310059033	0.0392402281	0.0380985803	-0.032353904	-0.0439465533	0.024410558	0.0483587652	-0.015669704	-0.0511910666	0.0064169112	0.0523509242	0.0030455261	-0.0518004449	-0.0124084642	0.0495576132	-0.0214249673	0.0036180106	-0.0320103434	-0.0034960227	0.0444322813	-0.0006580379	-0.0525244695	0.021764323	-0.0159501865	-0.0359370426	0	0	0	0	0	0	0	0	-1.1820807893506	-0.636885891977025	0.448081059024295	0.592443852028073
0.325958	0.260567	-0.713637	0.0174971	-0.00257243	0.000815646	0.011002	-0.004334	-0.0730109999999999	0.000846099999999999	-0.00029018	0.00010625	0.1504735	0.0045088495	-0.0516020147	-0.013392903	0.0492962274	0.0218799809	-0.0455292636	-0.0297185201	0.0404127789	0.0366761804	-0.0340984296	-0.0425467316	0.0267733776	0.0471561663	-0.018654743	-0.0503678575	0.009983168	0.0520866082	-0.0010156846	-0.0522614734	-0.0079819045	0.0508872699	0.0121819039	-0.0232846505	-0.029080003	0.0280863432	0.0146964917	0.012169361	0.0352187095	0.0356632285	-0.0424920763	-0.0219559189	0	0	0	0	0	0	0	0	-0.956324579724544	-0.703754946217323	-2.22840312389761	-1.68540061352814
0.315328	0.278325	-0.681093	0.0172083	-0.00256041	0.000819393	-0.01063	0.017758	0.0325439999999999	-0.000288799999999999	1.20200000000002e-05	3.74700000000013e-06	0.0761603500000002	0.0042839244	-0.0516775313	-0.0127371473	0.049594035	0.0208495594	-0.0461835398	-0.0284040951	0.0415373011	0.0351986159	-0.0357796393	-0.0410513194	0.0290646136	0.0458056033	-0.0215718994	-0.0493342563	0.0135019809	0.0515428613	-0.0050707869	-0.0523723222	-0.0034960873	0.0518004449	0.0109290339	0.0232499828	0.0067678765	-0.0192338349	-0.0069504998	0.0285365865	-0.0054147425	-0.0528262747	-0.010781359	0.0380549125	0	0	0	0	0	0	0	0	-1.23360515112484	-0.764140907063537	-2.22840312389761	-1.68540061352814
0.319886	0.271161	-0.65236	0.0157554	-0.00256041	0.000580454	0.00455800000000001	-0.007164	0.028733	-0.0014529	0	-0.000238939	0.12504695	0.0040589197	-0.0517492091	-0.0120792627	0.0498771065	0.0198094581	-0.0468069407	-0.0270638244	0.0426124582	0.0336681095	-0.0373944116	-0.0394636764	0.03127814	0.044311314	-0.024410558	-0.0480945804	0.0169566271	0.0507226006	-0.0090953929	-0.0521322486	0.0010156846	0.0522896643	0.0032469472	0.0178087385	0.0156953801	-0.0166654393	0.0109671633	-0.0275702023	-0.0246763371	-0.0170042478	-0.0404360734	-0.0195481337	0	0	0	0	0	0	0	0	0.067100837872847	-0.71192617085331	-2.22840312389761	-1.68540061352814
0.309608	0.254753	-0.624508	0.0161969	-0.00200624	8.91253e-05	-0.010278	-0.016408	0.0278520000000001	0.000441500000000001	0.00055417	-0.0004913287	0.128887935	0.0038338396	-0.0518170426	-0.0114193591	0.0501453577	0.0187601599	-0.0473990497	-0.0256989275	0.0436369724	0.0320869629	-0.0389397479	-0.0377873696	0.0334080384	0.042677987	-0.0271603893	-0.0466540082	0.0203306886	0.0496302266	-0.0130652981	-0.0515428613	0.0055199161	0.0523509242	-0.0176359103	-0.0336516044	0.0129537637	-0.0461790045	0.047188394	-0.0324778969	0.0294393214	0.071517788	-0.0295800071	-0.0112961608	0	0	0	0	0	0	0	0	-0.111821507064125	-0.465285129159097	0.448081059024295	0.592443852028073
0.309645	0.218668	-0.649353	0.0161534	-0.00198549	-0.000180495	3.70000000000093e-05	-0.036085	-0.024845	-4.35000000000019e-05	2.07499999999999e-05	-0.0002696203	0.0776605150000001	0.0036086884	-0.051881027	-0.010757547	0.0503987089	0.017702152	-0.0479594708	-0.0243106464	0.0446096262	0.0304575546	-0.0404127789	-0.0360261653	0.0354486142	0.0409107473	-0.0298113868	-0.045018557	0.0236081307	0.0482715996	-0.0169566271	-0.0506081094	0.009983168	0.0519837232	0.011911931	0.0409454147	-0.0221613417	-0.0609902881	-0.0221071072	0.0528804352	-0.0010315813	-0.019017725	-0.0456171254	0.0492107432	0	0	0	0	0	0	0	0	0.49203265825171	0.189168798524835	0.448081059024295	-1.68540061352814
0.287689	0.202236	-0.513586	0.0135141	-0.00184589	-0.000358644	-0.021956	-0.016432	0.135767	-0.0026393	0.0001396	-0.000178149	0.32200745	0.0033834701	-0.0519411573	-0.0100939368	0.050637085	0.0166359256	-0.0484878293	-0.0229002443	0.0455292636	0.0287823352	-0.0418107693	-0.0341840202	0.0373944116	0.03901514	-0.032353904	-0.0431950583	0.0267733776	0.0466540082	-0.0207459769	-0.0493342563	0.0143723053	0.0511910666	-0.0446149903	0.03566343	-0.0450056771	-0.0747610517	-0.0048538409	0.0377855817	-0.0539268273	0.0169464863	-0.0238455485	0.0362607285	0	0	0	0	0	0	0	0	-1.61982984405077	-0.283804892169077	0.448081059024295	0.592443852028073
0.267074	0.189492	-0.532182	0.0140153	-0.00242849	-0.000270005	-0.020615	-0.012744	-0.0185959999999999	0.0005012	-0.0005826	8.86390000000001e-05	0.11057695	0.003158189	-0.0519974292	-0.0094286395	0.050860415	0.0155619757	-0.0489837722	-0.0214690046	0.0463947917	0.0270638244	-0.0431311232	-0.0322650733	0.0392402281	0.0369971132	-0.0347786889	-0.0411911291	0.0298113868	0.0447861304	-0.024410558	-0.0477298374	0.018654743	0.0499794418	-0.0234688826	-0.0284240597	-0.0570023635	-0.055158753	-0.0720750531	0.0210216375	0.0624192087	0.0504875146	-0.0436667521	0.0295527338	0	0	0	0	0	0	0	0	-0.897133021716255	-0.291185902738306	-2.22840312389761	0.592443852028073
0.259373	0.200107	-0.58614	0.0138353	-0.0020025	-0.000434925	-0.00770099999999996	0.010615	-0.0539580000000001	-0.000180000000000001	0.00042599	-0.00016492	0.1108195	0.0029328492	-0.0520498384	-0.0087617663	0.0510686325	0.0144808008	-0.0494469678	-0.0200182296	0.0472051818	0.025304607	-0.044371389	-0.0302736359	0.0409811285	0.0348629988	-0.0370769179	-0.03901514	0.0327077205	0.042677987	-0.0279283311	-0.0458056033	0.0227986886	0.0483587652	-0.0012446632	0.0412779793	-0.0126448393	-0.0215279065	-0.0542873253	0.0230207756	-0.0228830322	-0.0342257987	-0.0366513451	0.0263844367	0	0	0	0	0	0	0	0	-1.17168813574123	-0.329982348913885	-2.22840312389761	0.592443852028073
0.274301	0.20478	-0.489045	0.0131969	-0.00228745	-0.000381984	0.014928	0.00467299999999998	0.097095	-0.000638399999999999	-0.00028495	5.2941e-05	0.16551055	0.0027074549	-0.0520983812	-0.0080934286	0.0512616758	0.013392903	-0.0498771065	-0.0185492395	0.0479594708	0.0235073292	-0.0455292636	-0.028214182	0.0426124582	0.0326194932	-0.0392402281	-0.0366761804	0.0354486142	0.0403408874	-0.03127814	-0.0435744473	0.0267733776	0.0463423012	-0.0329798029	-0.0118590773	0.0062304625	-0.0468661375	-0.02506858	-0.0362878185	-0.0348323134	0.0171490681	-0.0354206877	0.0068549046	0	0	0	0	0	0	0	0	0.604831849166928	-0.198831742825437	-2.22840312389761	-1.68540061352814
0.275375	0.201071	-0.594986	0.0146636	-0.00256041	-0.000821993	0.00107399999999996	-0.00370899999999999	-0.105941	0.0014667	-0.00027296	-0.000440009	0.21970745	0.0024820104	-0.0521430537	-0.0074237382	0.0514394875	0.0122987873	-0.0502739006	-0.0170633708	0.0486567622	0.021674694	-0.0466025972	-0.0260913389	0.0441298556	0.0302736359	-0.0412607473	-0.0341840202	0.0380210421	0.0377873696	-0.0344398384	-0.0410513194	0.030549302	0.0439465533	0.0139342928	0.0185516677	-0.0039892041	-0.0038961886	-0.0516370499	0.0203799902	0.046169429	-0.0293770043	-0.0339715728	0.044201525	0	0	0	0	0	0	0	0	0.641336916368901	-0.397716068268949	-2.22840312389761	-1.68540061352814
0.25923	0.227061	-0.537626	0.0133456	-0.0018888	-0.000739192	-0.016145	0.02599	0.05736	-0.001318	0.00067161	8.28010000000003e-05	0.20311555	0.0022565198	-0.0521838529	-0.006752807	0.0516020147	0.0111989617	-0.050637085	-0.0155619757	0.0492962274	0.0198094581	-0.0475893965	-0.0239098759	0.0455292636	0.0278327876	-0.0431311232	-0.0315490697	0.0404127789	0.0350311327	-0.0373944116	-0.0382531258	0.0340984296	0.0411911291	-0.0168452457	0.0217446601	0.0069775664	0.0077696258	0.0592386727	-0.0086067173	-0.0323600015	-0.0024384173	-0.0543403203	-0.0202104727	0	0	0	0	0	0	0	0	0.028410998977034	-0.514651384174163	0.448081059024295	-1.68540061352814
0.216259	0.207742	-0.530756	0.0126493	-0.00246247	-0.0007832	-0.042971	-0.019319	0.00687000000000004	-0.000696300000000002	-0.00057367	-4.4008e-05	0.1348589	0.0020309873	-0.0522207755	-0.0060807472	0.0517492091	0.0100939368	-0.0509664168	-0.0140464202	0.0498771065	0.0179144269	-0.0484878293	-0.021674694	0.0468069407	0.025304607	-0.0448445497	-0.0287823352	0.0426124582	0.0320869629	-0.0401240904	-0.0351986159	0.0373944116	0.0380985803	-0.0171556455	-0.0465522579	-0.030982217	0.0227523814	0.0081886159	-0.025354808	0.066836332	0.0566276193	-0.0302671537	-0.027159459	0	0	0	0	0	0	0	0	-0.189839188382938	-0.601663384047391	0.448081059024295	0.592443852028073
0.227257	0.223245	-0.539055	0.0124218	-0.0026686	-0.00119703	0.010998	0.015503	-0.00829900000000006	-0.0002275	-0.00020613	-0.00041383	0.0771729999999999	0.001805417	-0.0522538189	-0.005407671	0.051881027	0.0089842256	-0.0512616758	-0.0125180835	0.0503987089	0.0159924506	-0.0492962274	-0.0193908153	0.0479594708	0.0226970271	-0.0463947917	-0.0258953737	0.0446096262	0.0289706552	-0.0426124582	-0.0319082567	0.0404127789	0.0346942175	0.000565704	0.0454914306	-0.0239163343	0.0241867627	0.0014705346	0.007485049	-0.0294398472	-0.0576633909	-0.0385415526	0.0183956973	0	0	0	0	0	0	0	0	0.903164863878207	-0.709009931305523	0.448081059024295	0.592443852028073
0.210918	0.220218	-0.43246	0.0119983	-0.00208318	-0.000880358	-0.016339	-0.00302699999999997	0.106595	-0.000423499999999993	0.00058542	0.000316672	0.1922406	0.0015798132	-0.0522829807	-0.0047336909	0.0519974292	0.0078703433	-0.0515226647	-0.0109783563	0.050860415	0.0140464202	-0.0500130897	-0.0170633708	0.0489837722	0.0200182296	-0.0477762082	-0.0229002443	0.0463947917	0.0256989275	-0.0448445497	-0.0284040951	0.0431311232	0.0310059033	-0.0413195733	-0.0285635777	-0.0063438514	-0.0524266256	0.0181950268	-0.0374500774	-0.0512476767	0.052047432	-0.0142877925	-0.006901368	0	0	0	0	0	0	0	0	-0.268904779341248	-0.426438556510941	0.448081059024295	0.592443852028073
0.17919	0.188035	-0.558361	0.0128725	-0.00256041	-0.00132341	-0.031728	-0.032183	-0.125901	0.000874199999999995	-0.00047723	-0.000443052	0.2795361	0.0013541801	-0.0523082586	-0.0040589197	0.0520983812	0.006752807	-0.0517492091	-0.0094286395	0.0512616758	0.0120792627	-0.050637085	-0.0146975897	0.0498771065	0.01727662	-0.0489837722	-0.0198094581	0.0479594708	0.0222893319	-0.0468069407	-0.024709611	0.0455292636	0.0270638244	0.0174263333	0.0187067042	-0.0206604543	0.0091219402	-0.0568238316	0.0032215962	0.0511022773	-0.0380307512	-0.0277865212	-0.0086723696	0	0	0	0	0	0	0	0	0.726051125093916	0.516557901343194	0.448081059024295	-1.68540061352814
0.212237	0.22418	-0.505718	0.0124508	-0.00217605	-0.00115018	0.033047	0.036145	0.052643	-0.000421700000000001	0.00038436	0.00017323	0.1707995	0.0011285219	-0.0523296507	-0.0033834701	0.0521838529	0.0056321357	-0.0519411573	-0.0078703433	0.0516020147	0.0100939368	-0.0511670547	-0.0122987873	0.050637085	0.0144808008	-0.0500130897	-0.0166359256	0.0492962274	0.0187601599	-0.0484878293	-0.0208495594	0.0475893965	0.0229002443	-0.0091870292	0.0320858563	0.0442597622	-0.0636717653	0.0149117722	-0.0201084274	-0.0492985514	-0.0352010436	-0.0048792506	0.0057068086	0	0	0	0	0	0	0	0	-1.20256382566749	-0.479226727012158	0.448081059024295	0.592443852028073
0.220959	0.196968	-0.505588	0.0124888	-0.00217466	-0.00107022	0.00872200000000003	-0.027212	0.000129999999999963	3.79999999999998e-05	1.38999999999998e-06	7.99600000000002e-05	0.0420314999999999	0.0009028426	-0.0523471556	-0.0027074549	0.0522538189	0.0045088495	-0.0520983812	-0.0063048856	0.051881027	0.0080934286	-0.0516020147	-0.009872353	0.0512616758	0.0116395445	-0.050860415	-0.013392903	0.0503987089	0.0151303447	-0.0498771065	-0.0168498047	0.0492962274	0.0185492395	-0.0091726869	-0.05918057	-0.0037270754	-0.0214833154	-0.004060059	-0.039022283	0.0341329449	0.0601530987	-0.0076512239	0.0359628087	0	0	0	0	0	0	0	0	0.631670939853867	0.011647107972515	0.448081059024295	0.592443852028073
0.205901	0.210329	-0.528078	0.0123742	-0.0026778	-0.00111913	-0.015058	0.013361	-0.0224899999999999	-0.000114599999999999	-0.00050314	-4.89100000000001e-05	0.0842415	0.0006771467	-0.0523607718	-0.0020309873	0.0523082586	0.0033834701	-0.0522207755	-0.0047336909	0.0520983812	0.0060807472	-0.0519411573	-0.0074237382	0.0517492091	0.0087617663	-0.0515226647	-0.0100939368	0.0512616758	0.0114193591	-0.0509664168	-0.0127371473	0.050637085	0.0140464202	0.0085155	0.0371756431	-0.0292751926	0.0414137156	0.0156140747	0.0294935798	-0.0001924303	-0.0343409708	-0.0353736824	0.0266800334	0	0	0	0	0	0	0	0	0.273440882464813	0.554004713613279	0.448081059024295	0.592443852028073
0.21207	0.230174	-0.379794	0.011141	-0.00264343	-0.0010569	0.00616899999999995	0.019845	0.148284	-0.0012332	3.43700000000002e-05	6.22299999999999e-05	0.240788	0.0004514381	-0.0523704984	-0.0013541801	0.0523471556	0.0022565198	-0.0523082586	-0.003158189	0.0522538189	0.0040589197	-0.0521838529	-0.0049584444	0.0520983812	0.0058564958	-0.0519974292	-0.006752807	0.051881027	0.0076471118	-0.0517492091	-0.0085391442	0.0516020147	0.0094286395	-0.0347638689	-0.0058947445	-0.023631063	-0.005379413	0.0460887077	-0.0041272752	-0.0465198959	0.0427538363	-0.0158417013	-0.0431017516	0	0	0	0	0	0	0	0	0.607883279498223	0.55539964513381	0.448081059024295	0.592443852028073
0.21201	0.22439	-0.5047	0.0126197	-0.00296784	-0.00120299	-5.99999999999767e-05	-0.00578399999999998	-0.124906	0.0014787	-0.00032441	-0.00014609	0.22821	0.0002257211	-0.0523763346	-0.0006771467	0.0523704984	0.0011285219	-0.0523607718	-0.0015798132	0.0523471556	0.0020309873	-0.0523296507	-0.0024820104	0.0523082586	0.0029328492	-0.0522829807	-0.0033834701	0.0522538189	0.0038338396	-0.0522207755	-0.0042839244	0.0521838529	0.0047336909	0.0073009155	0.0036587062	-0.0216214626	-0.0053888504	-0.0315806118	0.0346345021	0.0537181481	0.0023132634	0.0167571546	-0.0298211646	0	0	0	0	0	0	0	0	-1.70186683605178	0.589986203031214	0.448081059024295	0.592443852028073
0.226245	0.228147	-0.456689	0.0122501	-0.00296784	-0.00114453	0.014235	0.00375699999999998	0.048011	-0.000369600000000001	0	5.846e-05	0.087406	0	-0.0523782801	0	0.0523782801	0	-0.0523782801	0	0.0523782801	0	-0.0523782801	0	0.0523782801	0	-0.0523782801	0	0.0523782801	0	-0.0523782801	0	0.0523782801	0	0.0001787441	0.0343393885	0.0178624517	-0.0656180275	0.0028832925	0.0231233008	-0.0327321619	-0.0151564694	0.01153263	0.0163982812	0	0	0	0	0	0	0	0	-2.55120568544667	0.72468224244963	0.448081059024295	0.592443852028073
0.230427	0.21202	-0.468906	0.0122094	-0.00309263	-0.00139823	0.00418200000000002	-0.016127	-0.012217	-4.07000000000011e-05	-0.00012479	-0.0002537	0.0534854999999999	-0.0002257211	-0.0523763346	0.0006771467	0.0523704984	-0.0011285219	-0.0523607718	0.0015798132	0.0523471556	-0.0020309873	-0.0523296507	0.0024820104	0.0523082586	-0.0029328492	-0.0522829807	0.0033834701	0.0522538189	-0.0038338396	-0.0522207755	0.0042839244	0.0521838529	-0.0047336909	-0.0209262192	-0.0409261959	-0.036776017	0.0019131047	0.0031607771	0.0148247471	0.0288323346	0.0585433665	0.015039322	0.0012816262	0	0	0	0	0	0	0	0	0.629240782188031	0.581293072670557	0.448081059024295	0.592443852028073
0.211981	0.21359	-0.502384	0.0119851	-0.00308857	-0.00133097	-0.018446	0.00157000000000002	-0.033478	-0.000224299999999998	4.05999999999974e-06	6.72600000000002e-05	0.068275	-0.0004514381	-0.0523704984	0.0013541801	0.0523471556	-0.0022565198	-0.0523082586	0.003158189	0.0522538189	-0.0040589197	-0.0521838529	0.0049584444	0.0520983812	-0.0058564958	-0.0519974292	0.006752807	0.051881027	-0.0076471118	-0.0517492091	0.0085391442	0.0516020147	-0.0094286395	0.0129336895	0.0267222826	-0.0471917194	0.0500933152	0.0021772754	0.046386982	-0.0077953452	-0.0241902059	-0.0146304931	0.0109178669	0	0	0	0	0	0	0	0	0.013014144625137	0.307863965166377	0.448081059024295	0.592443852028073
0.208252	0.216558	-0.430111	0.0108083	-0.00256999	-0.00118205	-0.00372900000000001	0.002968	0.0722730000000001	-0.0011768	0.00051858	0.00014892	0.171185	-0.0006771467	-0.0523607718	0.0020309873	0.0523082586	-0.0033834701	-0.0522207755	0.0047336909	0.0520983812	-0.0060807472	-0.0519411573	0.0074237382	0.0517492091	-0.0087617663	-0.0515226647	0.0100939368	0.0512616758	-0.0114193591	-0.0509664168	0.0127371473	0.050637085	-0.0140464202	-0.0207570168	0.0020814347	-0.0237541406	0.0203682041	0.036010026	-0.0220160196	-0.0546102134	0.0167249346	0.0020678952	-0.030529236	0	0	0	0	0	0	0	0	-0.522338853522157	-0.134991584614116	0.448081059024295	0.592443852028073
0.212066	0.205505	-0.486849	0.0111892	-0.00273782	-0.000971954	0.00381399999999998	-0.011053	-0.056738	0.000380900000000002	-0.00016783	0.000210096	0.1095463	-0.0009028426	-0.0523471556	0.0027074549	0.0522538189	-0.0045088495	-0.0520983812	0.0063048856	0.051881027	-0.0080934286	-0.0516020147	0.009872353	0.0512616758	-0.0116395445	-0.050860415	0.013392903	0.0503987089	-0.0151303447	-0.0498771065	0.0168498047	0.0492962274	-0.0185492395	0.0118768541	-0.0306849925	0.0023852363	0.0503447489	-0.018011423	-0.0229498426	0.0781017037	-0.0131374719	0.0072236408	-0.0345274773	0	0	0	0	0	0	0	0	-2.32304302020889	-0.300909363177019	0.448081059024295	0.592443852028073
0.211957	0.227251	-0.539401	0.0120894	-0.00281535	-0.00133551	-0.00010899999999997	0.021746	-0.052552	0.000900199999999997	-7.75299999999997e-05	-0.000363556	0.1414713	-0.0011285219	-0.0523296507	0.0033834701	0.0521838529	-0.0056321357	-0.0519411573	0.0078703433	0.0516020147	-0.0100939368	-0.0511670547	0.0122987873	0.050637085	-0.0144808008	-0.0500130897	0.0166359256	0.0492962274	-0.0187601599	-0.0484878293	0.0208495594	0.0475893965	-0.0229002443	0.022803727	0.0186773012	0.0445402575	0.0118622424	0.0254492768	-0.0088203156	-0.0062368605	-0.0627635411	0.0158772377	-0.0186601955	0	0	0	0	0	0	0	0	-1.48283029819064	-0.016033893105045	0.448081059024295	0.592443852028073
0.212013	0.211924	-0.42301	0.0115935	-0.00269656	-0.0011874	5.60000000000005e-05	-0.015327	0.116391	-0.000495899999999999	0.00011879	0.00014811	0.169914	-0.0013541801	-0.0523082586	0.0040589197	0.0520983812	-0.006752807	-0.0517492091	0.0094286395	0.0512616758	-0.0120792627	-0.050637085	0.0146975897	0.0498771065	-0.01727662	-0.0489837722	0.0198094581	0.0479594708	-0.0222893319	-0.0468069407	0.024709611	0.0455292636	-0.0270638244	-0.0117408238	-0.0408819706	0.0457107849	-0.060927158	0.0479122045	-0.031976722	-0.0197039292	0.0530099166	0.026506985	-0.0064768127	0	0	0	0	0	0	0	0	0.683393841187258	-0.056972345517434	0.448081059024295	0.592443852028073
0.211872	0.200825	-0.508969	0.012454	-0.00317856	-0.00131217	-0.00014100000000003	-0.011099	-0.085959	0.0008605	-0.000482	-0.00012477	0.1705625	-0.0015798132	-0.0522829807	0.0047336909	0.0519974292	-0.0078703433	-0.0515226647	0.0109783563	0.050860415	-0.0140464202	-0.0500130897	0.0170633708	0.0489837722	-0.0200182296	-0.0477762082	0.0229002443	0.0463947917	-0.0256989275	-0.0448445497	0.0284040951	0.0431311232	-0.0310059033	0.0296802305	0.0120816628	0.0033107594	-0.0200165566	-0.044855957	0.0243047613	0.0495586472	-0.0196858405	0.0261089473	0.0179481648	0	0	0	0	0	0	0	0	1.69822099009549	0.143627215287252	0.448081059024295	0.592443852028073
0.21194	0.21647	-0.462977	0.0118519	-0.00274885	-0.00141969	6.80000000000403e-05	0.015645	0.045992	-0.000602100000000001	0.00042971	-0.000107519999999999	0.1186715	-0.001805417	-0.0522538189	0.005407671	0.051881027	-0.0089842256	-0.0512616758	0.0125180835	0.0503987089	-0.0159924506	-0.0492962274	0.0193908153	0.0479594708	-0.0226970271	-0.0463947917	0.0258953737	0.0446096262	-0.0289706552	-0.0426124582	0.0319082567	0.0404127789	-0.0346942175	0.0077663911	0.0321390772	0.0269042254	-0.040963354	-0.0052555526	0.008088989	-0.042825146	-0.0267090132	0.0332608454	0.0041644777	0	0	0	0	0	0	0	0	1.04534595761516	0.980911532680294	0.448081059024295	0.592443852028073
0.18528	0.21116	-0.390218	0.0109704	-0.00294342	-0.00134293	-0.02666	-0.00530999999999998	0.072759	-0.000881499999999997	-0.00019457	7.67599999999993e-05	0.1623705	-0.0020309873	-0.0522207755	0.0060807472	0.0517492091	-0.0100939368	-0.0509664168	0.0140464202	0.0498771065	-0.0179144269	-0.0484878293	0.021674694	0.0468069407	-0.025304607	-0.0448445497	0.0287823352	0.0426124582	-0.0320869629	-0.0401240904	0.0351986159	0.0373944116	-0.0380985803	-0.0095074628	-0.0646769494	-0.0011969682	-0.0318247445	-0.028113221	-0.0203732763	0.0280981924	0.0558941125	0.0397342073	0.0511607302	0	0	0	0	0	0	0	0	1.14302212261541	0.140531669869709	0.448081059024295	0.592443852028073
0.187521	0.216737	-0.452785	0.0116141	-0.00306813	-0.00199039	0.00224099999999999	0.005577	-0.062567	0.000643699999999999	-0.00012471	-0.000647459999999999	0.1411785	-0.0022565198	-0.0521838529	0.006752807	0.0516020147	-0.0111989617	-0.050637085	0.0155619757	0.0492962274	-0.0198094581	-0.0475893965	0.0239098759	0.0455292636	-0.0278327876	-0.0431311232	0.0315490697	0.0404127789	-0.0350311327	-0.0373944116	0.0382531258	0.0340984296	-0.0411911291	0.0257592203	0.0315647169	-0.019218234	0.0577347194	-0.0146345203	0.0412698789	0.0156684026	-0.0363747891	-0.0110144696	0.0608738081	0	0	0	0	0	0	0	0	0.260148491670469	0.091563216476135	0.448081059024295	0.592443852028073
0.211861	0.217341	-0.373442	0.0096264	-0.00256461	-0.00211183	0.02434	0.000603999999999993	0.0793430000000001	-0.0019877	0.00050352	-0.00012144	0.23492	-0.0024820104	-0.0521430537	0.0074237382	0.0514394875	-0.0122987873	-0.0502739006	0.0170633708	0.0486567622	-0.021674694	-0.0466025972	0.0260913389	0.0441298556	-0.0302736359	-0.0412607473	0.0341840202	0.0380210421	-0.0377873696	-0.0344398384	0.0410513194	0.030549302	-0.0439465533	-0.01009039	0.0230200122	-0.0070791152	0.0398754981	0.0445350871	0.0031615662	-0.0548390861	0.0060230532	0.019008913	-0.0258680424	0	0	0	0	0	0	0	0	1.15455777292843	0.067200759869864	0.448081059024295	0.592443852028073
0.189057	0.203985	-0.381831	0.0104744	-0.00270748	-0.00221984	-0.022804	-0.013356	-0.00838899999999998	0.000848	-0.00014287	-0.00010801	0.099493	-0.0027074549	-0.0520983812	0.0080934286	0.0512616758	-0.013392903	-0.0498771065	0.0185492395	0.0479594708	-0.0235073292	-0.0455292636	0.028214182	0.0426124582	-0.0326194932	-0.0392402281	0.0366761804	0.0354486142	-0.0403408874	-0.03127814	0.0435744473	0.0267733776	-0.0463423012	0.0025611952	-0.0446820025	-0.0262077978	0.0488959858	-0.0325430297	0.0204832296	0.0511477529	0.0279698271	0.0092817613	-0.0286256343	0	0	0	0	0	0	0	0	1.2329457639868	-0.326076835601932	0.448081059024295	0.592443852028073
0.182817	0.212768	-0.424637	0.0102571	-0.00253198	-0.00262692	-0.00624	0.00878299999999998	-0.042806	-0.000217299999999998	0.0001755	-0.00040708	0.097823	-0.0029328492	-0.0520498384	0.0087617663	0.0510686325	-0.0144808008	-0.0494469678	0.0200182296	0.0472051818	-0.025304607	-0.044371389	0.0302736359	0.0409811285	-0.0348629988	-0.0370769179	0.03901514	0.0327077205	-0.042677987	-0.0279283311	0.0458056033	0.0227986886	-0.0483587652	0.0182406803	0.0325176683	-0.0013785007	0.0468440361	-0.0264325419	0.0270490903	-0.0235109053	-0.0496792685	0.0092695839	-0.0026673014	0	0	0	0	0	0	0	0	1.51385498044797	-0.077459997388478	0.448081059024295	0.592443852028073
0.188062	0.206538	-0.348571	0.00902575	-0.00221689	-0.00259861	0.00524499999999997	-0.00622999999999999	0.076066	-0.00123135	0.00031509	2.83100000000001e-05	0.1662785	-0.003158189	-0.0519974292	0.0094286395	0.050860415	-0.0155619757	-0.0489837722	0.0214690046	0.0463947917	-0.0270638244	-0.0431311232	0.0322650733	0.0392402281	-0.0369971132	-0.0347786889	0.0411911291	0.0298113868	-0.0447861304	-0.024410558	0.0477298374	0.018654743	-0.0499794418	-0.0084614716	-0.0207543667	0.0179845074	0.018680111	0.0185365212	-0.0354183228	-0.0609945138	0.0154403197	0.0244317885	-0.0070332724	0	0	0	0	0	0	0	0	1.24189287114297	-0.242564815799556	0.448081059024295	0.592443852028073
0.179068	0.1715	-0.395326	0.00933612	-0.00232365	-0.00296375	-0.00899399999999997	-0.035038	-0.046755	0.000310369999999999	-0.00010676	-0.00036514	0.1299005	-0.0033834701	-0.0519411573	0.0100939368	0.050637085	-0.0166359256	-0.0484878293	0.0229002443	0.0455292636	-0.0287823352	-0.0418107693	0.0341840202	0.0373944116	-0.03901514	-0.032353904	0.0431950583	0.0267733776	-0.0466540082	-0.0207459769	0.0493342563	0.0143723053	-0.0511910666	0.0138283912	-0.0108145488	0.0227910749	0.0407983887	-0.033365153	-0.0068900922	0.0580973129	-0.0227610203	0.0366192409	-0.0208622692	0	0	0	0	0	0	0	0	0.855296753086699	0.140481232108975	0.448081059024295	0.592443852028073
0.159792	0.19228	-0.34376	0.00871011	-0.00243909	-0.00239828	-0.019276	0.02078	0.051566	-0.00062601	-0.00011544	0.00056547	0.156968	-0.0036086884	-0.051881027	0.010757547	0.0503987089	-0.017702152	-0.0479594708	0.0243106464	0.0446096262	-0.0304575546	-0.0404127789	0.0360261653	0.0354486142	-0.0409107473	-0.0298113868	0.045018557	0.0236081307	-0.0482715996	-0.0169566271	0.0506081094	0.009983168	-0.0519837232	0.0194642565	0.0351734177	0.0427220546	-0.0032256391	-0.0088975733	-0.0141037898	-0.020437617	-0.0474365588	0.0054073204	0.011522946	0	0	0	0	0	0	0	0	0.869833362298136	0.113195784893003	0.448081059024295	0.592443852028073
0.159933	0.171601	-0.291914	0.00825147	-0.00191291	-0.00242124	0.00014100000000003	-0.020679	0.051846	-0.00045864	0.00052618	-2.29599999999998e-05	0.123055	-0.0038338396	-0.0518170426	0.0114193591	0.0501453577	-0.0187601599	-0.0473990497	0.0256989275	0.0436369724	-0.0320869629	-0.0389397479	0.0377873696	0.0334080384	-0.042677987	-0.0271603893	0.0466540082	0.0203306886	-0.0496302266	-0.0130652981	0.0515428613	0.0055199161	-0.0523509242	0.0096747652	-0.0105625137	0.0236228376	-0.0064404747	0.0080809174	-0.039012592	-0.0266674173	0.0331678222	0.010473256	-0.0096154504	0	0	0	0	0	0	0	0	1.12871500505733	-0.041644061388913	0.448081059024295	0.592443852028073
0.145097	0.171267	-0.376823	0.0091812	-0.00229157	-0.00220173	-0.014836	-0.000334000000000001	-0.084909	0.00092973	-0.00037866	0.00021951	0.176474	-0.0040589197	-0.0517492091	0.0120792627	0.0498771065	-0.0198094581	-0.0468069407	0.0270638244	0.0426124582	-0.0336681095	-0.0373944116	0.0394636764	0.03127814	-0.044311314	-0.024410558	0.0480945804	0.0169566271	-0.0507226006	-0.0090953929	0.0521322486	0.0010156846	-0.0522896643	0.0012876708	-0.0447991303	0.0130600621	0.0413385788	-0.0168788975	-0.0154102167	0.0552796666	0.0135888077	0.026556649	-0.0120233241	0	0	0	0	0	0	0	0	1.20553754515345	-0.165490115764757	0.448081059024295	0.592443852028073
0.149175	0.171221	-0.427506	0.00966959	-0.00245247	-0.00267354	0.004078	-4.59999999999905e-05	-0.050683	0.00048839	-0.0001609	-0.00047181	0.110862	-0.0042839244	-0.0516775313	0.0127371473	0.049594035	-0.0208495594	-0.0461835398	0.0284040951	0.0415373011	-0.0351986159	-0.0357796393	0.0410513194	0.0290646136	-0.0458056033	-0.0215718994	0.0493342563	0.0135019809	-0.0515428613	-0.0050707869	0.0523723222	-0.0034960873	-0.0518004449	0.0176826716	0.0272845912	0.0534179947	-0.0093112615	0.002645762	-0.0095920229	-0.0066009006	-0.057411108	0.0278306913	-0.0250962965	0	0	0	0	0	0	0	0	2.11040361499074	0.528143364321151	0.448081059024295	0.592443852028073
0.139696	0.171487	-0.339659	0.00914926	-0.00204162	-0.00305158	-0.00947899999999999	0.000265999999999988	0.0878470000000001	-0.000520330000000001	0.00041085	-0.00037804	0.163053	-0.0045088495	-0.0516020147	0.013392903	0.0492962274	-0.0218799809	-0.0455292636	0.0297185201	0.0404127789	-0.0366761804	-0.0340984296	0.0425467316	0.0267733776	-0.0471561663	-0.018654743	0.0503678575	0.009983168	-0.0520866082	-0.0010156846	0.0522614734	-0.0079819045	-0.0508872699	-0.022246391	-0.0233118143	0.0455845994	-0.0706363004	0.0547110061	-0.0253073831	-0.0362379992	0.0420334543	0.0393021835	0.031584119	0	0	0	0	0	0	0	0	1.16697290887289	0.404393438322375	0.448081059024295	0.592443852028073
0.148098	0.16664	-0.377517	0.00904933	-0.0023122	-0.00321768	0.00840199999999999	-0.00484699999999999	-0.037858	-9.99299999999998e-05	-0.00027058	-0.0001661	0.0779375	-0.0047336909	-0.0515226647	0.0140464202	0.0489837722	-0.0229002443	-0.0448445497	0.0310059033	0.0392402281	-0.0380985803	-0.032353904	0.0439465533	0.024410558	-0.0483587652	-0.015669704	0.0511910666	0.0064169112	-0.0523509242	0.0030455261	0.0518004449	-0.0124084642	-0.0495576132	-0.0010249193	0.004075035	-0.0292722674	0.0406684212	0.0024789965	0.0352950995	0.0466914524	0.0065273284	0.0054847431	0.0334995319	0	0	0	0	0	0	0	0	-0.235694018813307	0.163387346526434	0.448081059024295	0.592443852028073
0.144339	0.184101	-0.289443	0.00872579	-0.00204779	-0.00322248	-0.00375899999999999	0.017461	0.088074	-0.000323539999999999	0.00026441	-4.79999999999968e-06	0.1389315	-0.0049584444	-0.0514394875	0.0146975897	0.0486567622	-0.0239098759	-0.0441298556	0.0322650733	0.0380210421	-0.0394636764	-0.030549302	0.0452476394	0.0219824722	-0.0494096266	-0.0126276447	0.0518004449	0.0028201586	-0.0523343914	0.0070884207	0.050992326	-0.016742904	-0.0478223571	-0.0174894975	0.0126910409	-0.0350921469	0.0455296628	0.0374563042	0.0219793615	-0.0362955019	0.0200542907	0.0002349166	-0.0158075145	0	0	0	0	0	0	0	0	-0.773842186259779	0.152008597043458	0.448081059024295	0.592443852028073
0.155786	0.169182	-0.293125	0.00762948	-0.0023849	-0.00248207	0.011447	-0.014919	-0.00368200000000002	-0.00109631	-0.00033711	0.00074041	0.1387395	-0.0051831058	-0.051352489	0.0153463027	0.0483152946	-0.0249084068	-0.0433856593	0.0334948844	0.0367566699	-0.0407694154	-0.0286879745	0.0464470668	0.0194956122	-0.0503054532	-0.0095396348	0.0521934471	-0.0007899965	-0.0520370985	0.0110886847	0.0498425313	-0.0209530451	-0.0456957037	0.0213301891	0.0225211959	-0.0094670242	0.0140301263	-0.048015097	0.0351836894	0.0060029367	-0.0169630351	0.0004354098	0.0441111193	0	0	0	0	0	0	0	0	-2.07729287312376	0.091419051148247	0.448081059024295	0.592443852028073
0.182068	0.204009	-0.247908	0.00695264	-0.00228955	-0.00194024	0.026282	0.034827	0.045217	-0.00067684	9.53500000000001e-05	0.00054183	0.172027	-0.005407671	-0.0512616758	0.0159924506	0.0479594708	-0.0258953737	-0.0426124582	0.0346942175	0.0354486142	-0.0420138333	-0.0267733776	0.0475421407	0.0169566271	-0.051043434	-0.0064169112	0.0523684314	-0.0043963972	-0.0514606403	0.0150222601	0.0483587652	-0.0250076315	-0.0431950583	0.034543035	0.0317885476	0.0682344173	-0.0362224277	-0.0015081245	-0.0435045613	-0.0391085902	-0.035097365	-0.0041224971	-0.0126440363	0	0	0	0	0	0	0	0	0.744776305538688	-0.022210995428557	0.448081059024295	0.592443852028073
0.163914	0.154759	-0.287052	0.00701595	-0.00245247	-0.0021465	-0.018154	-0.04925	-0.039144	6.33099999999996e-05	-0.00016292	-0.00020626	0.1281725	-0.0056321357	-0.0511670547	0.0166359256	0.0475893965	-0.0268703181	-0.0418107693	0.0358619813	0.0340984296	-0.0431950583	-0.0248090665	0.0485304007	0.0143723053	-0.0516212534	-0.0032708371	0.052324667	-0.0079819045	-0.0506081094	0.0188654898	0.0465509697	-0.0288765622	-0.0403408874	0.0088403821	-0.0791817091	0.0344861003	-0.0270987442	-0.0337967663	-0.0475393467	0.0504228434	0.0393877375	0.0283893195	0.0331390777	0	0	0	0	0	0	0	0	-1.34466293818198	-0.009058363895557	0.448081059024295	0.592443852028073
0.175021	0.170987	-0.326036	0.00750503	-0.00277395	-0.00229755	0.011107	0.016228	-0.038984	0.00048908	-0.00032148	-0.00015105	0.1143995	-0.0058564958	-0.0510686325	0.01727662	0.0472051818	-0.0278327876	-0.0409811285	0.0369971132	0.0327077205	-0.044311314	-0.0227986886	0.0494096266	0.0117495564	-0.0520370985	-0.0001128608	0.0520623368	-0.0115294786	-0.0494840794	0.0225952602	0.044431258	-0.0325311144	-0.0371565505	0.0228310346	0.0347544524	0.0329380216	-0.0301716849	-0.0285293444	0.0087088215	-0.0166357797	-0.0666195552	0.0019763753	0.0193885614	0	0	0	0	0	0	0	0	0.322286354428869	-0.098421748905421	-2.22840312389761	-1.68540061352814
0.149018	0.154727	-0.252444	0.00711345	-0.00240991	-0.00208781	-0.026003	-0.01626	0.073592	-0.00039158	0.00036404	0.00020974	0.164123	-0.0060807472	-0.0509664168	0.0179144269	0.0468069407	-0.0287823352	-0.0401240904	0.0380985803	0.03127814	-0.0453609212	-0.0207459769	0.050177843	0.0090953929	-0.0522896643	0.0030455261	0.0515825363	-0.0150222601	-0.0480945804	0.02618914	0.0420138333	-0.0359441567	-0.0336681095	-0.0055317904	-0.0692334002	-0.0152396964	0.0103680395	0.0206097163	-0.0243871162	0.0057419263	0.0505772348	-0.0141057832	-0.0123308734	0	0	0	0	0	0	0	0	0.549863718353905	-0.152696618675964	-2.22840312389761	-1.68540061352814
0.165891	0.157124	-0.333032	0.00766428	-0.00297655	-0.00237366	0.016873	0.00239700000000001	-0.080588	0.00055083	-0.00056664	-0.00028585	0.170024	-0.0063048856	-0.050860415	0.0185492395	0.0463947917	-0.0297185201	-0.0392402281	0.0391653804	0.0298113868	-0.0463423012	-0.018654743	0.0508333239	0.0064169112	-0.0523781585	0.0061928308	0.0508872699	-0.0184436498	-0.0464470668	0.0296255153	0.0393148935	-0.039090351	-0.0299041152	0.0224759596	0.0381920336	-0.0301532923	0.0538651876	-0.0028365171	0.0383201896	0.0022341692	-0.0297861911	-0.0239413119	0.0224491261	0	0	0	0	0	0	0	0	-2.35429403913322	-0.014135338850955	0.448081059024295	-1.68540061352814
0.170443	0.161506	-0.267574	0.00683995	-0.00286613	-0.00236796	0.004552	0.00438199999999997	0.065458	-0.00082433	0.00011042	5.69999999999998e-06	0.1214145	-0.0065289069	-0.050750635	0.0191809517	0.0459688572	-0.0306409077	-0.0383301323	0.0401965428	0.0283092043	-0.0472539781	-0.01652887	0.0513745965	0.0037212726	-0.0523023033	0.0093176004	0.0499794418	-0.021777388	-0.0445503769	0.0328837193	0.036352523	-0.0419463399	-0.0258953737	-0.0139698134	0.0069598448	-0.0156567644	0.0242834751	0.0551679964	-0.0140803967	-0.0570314077	0.0141940059	-0.001569133	-0.0498399431	0	0	0	0	0	0	0	0	-0.833126879398348	0.167598841829723	0.448081059024295	0.592443852028073
0.154385	0.154943	-0.314139	0.00712048	-0.00264635	-0.00276694	-0.016058	-0.00656299999999999	-0.046565	0.00028053	0.00021978	-0.00039898	0.1141505	-0.006752807	-0.050637085	0.0198094581	0.0455292636	-0.0315490697	-0.0373944116	0.0411911291	0.0267733776	-0.0480945804	-0.0143723053	0.0518004449	0.0010156846	-0.0520623368	0.0124084642	0.048862844	-0.0250076315	-0.0424146861	0.0359441567	0.0331465714	-0.0444909208	-0.021674694	0.0071852895	-0.0275667765	-0.0161765465	0.0419671889	-0.0391330245	0.0125428515	0.0851312641	0.0157136546	-0.003883148	-0.0545237469	0	0	0	0	0	0	0	0	-0.447601536492602	-0.36753595118043	0.448081059024295	0.592443852028073
0.174395	0.180109	-0.325088	0.00706763	-0.0026838	-0.00240363	0.02001	0.025166	-0.010949	-5.28500000000001e-05	-3.74500000000001e-05	0.00036331	0.0788055	-0.0069765817	-0.0505197734	0.0204346535	0.0450761418	-0.0324425845	-0.0364336915	0.0421482344	0.0252057321	-0.048862844	-0.0121890533	0.0521099123	-0.0016926191	-0.0516590118	0.015454175	0.0475421407	-0.0281190288	-0.0400514517	0.0387884217	0.0297185201	-0.0467052026	-0.01727662	0.0072666002	0.0378879979	0.0083308635	0.0161677968	-0.0017154597	0.0129656523	-0.0133535549	-0.0406734571	-0.0078207613	-0.03875537	0	0	0	0	0	0	0	0	0.519923841293577	-0.520771148516118	0.448081059024295	0.592443852028073
0.163724	0.163308	-0.288463	0.00659201	-0.00257009	-0.00270466	-0.010671	-0.016801	0.036625	-0.00047562	0.00011371	-0.00030103	0.108615	-0.0072002268	-0.0503987089	0.0210564335	0.0446096262	-0.0333210373	-0.0354486142	0.0430669878	0.0236081307	-0.0495576132	-0.009983168	0.0523023033	-0.0043963972	-0.051093594	0.0184436498	0.0460228486	-0.0310967934	-0.0374733519	0.0413994086	0.0260913389	-0.0485727468	-0.0127371473	-0.0080566167	-0.0398846236	0.0105114719	-0.0041045575	0.0167209663	-0.0396300141	-0.0319041024	0.0341462333	0.0246992561	-0.0104571406	0	0	0	0	0	0	0	0	0.487500825505278	-0.087245873696815	0.448081059024295	0.592443852028073
0.146347	0.166041	-0.353512	0.00721343	-0.00273959	-0.00277617	-0.017377	0.00273300000000004	-0.065049	0.00062142	-0.0001695	-7.15100000000003e-05	0.1282805	-0.0074237382	-0.0502739006	0.021674694	0.0441298556	-0.0341840202	-0.0344398384	0.0439465533	0.0219824722	-0.050177843	-0.0077587455	0.0523771858	-0.0070884207	-0.0503678575	0.0213660101	0.044311314	-0.0339267737	-0.0346942175	0.0437614146	0.0222893319	-0.0500796887	-0.0080934286	0.0040427363	0.0142190978	0.0366947471	-0.0125569295	-0.0209569096	-0.0038757864	0.042617997	-0.0237906607	0.0177297155	0.0145851032	0	0	0	0	0	0	0	0	0.813564128138149	-0.138112459808431	0.448081059024295	0.592443852028073
0.152266	0.185648	-0.311202	0.00736499	-0.00242841	-0.00275151	0.00591900000000001	0.019607	0.04231	0.00015156	0.00031118	2.46600000000001e-05	0.092206	-0.0076471118	-0.0501453577	0.0222893319	0.0436369724	-0.0350311327	-0.0334080384	0.0447861304	0.0203306886	-0.0507226006	-0.0055199161	0.0523343914	-0.0097614921	-0.0494840794	0.0242106219	0.0424146861	-0.0365955205	-0.0317289578	0.0458602343	0.0183379745	-0.0512148408	-0.0033834701	-0.0075097116	0.0333481171	0.0447909459	-0.053991103	0.0292713845	-0.0029807095	-0.010936062	-0.0181648496	0.0089985534	-0.0014320925	0	0	0	0	0	0	0	0	0.71098080139339	0.468834297073202	0.448081059024295	0.592443852028073
0.128763	0.158691	-0.301198	0.00720485	-0.00273958	-0.00281734	-0.023503	-0.026957	0.010004	-0.00016014	-0.00031117	-6.58300000000002e-05	0.087321	-0.0078703433	-0.0500130897	0.0229002443	0.0431311232	-0.0358619813	-0.032353904	0.0455849554	0.018654743	-0.0511910666	-0.0032708371	0.0521740164	-0.0124084642	-0.0484450328	0.0269671338	0.0403408874	-0.039090351	-0.0285934806	0.0476832451	0.014263743	-0.0519697758	0.0013541801	-0.0247361653	-0.0566430399	-0.0318311269	0.0110307885	0.0188108938	0.0092798612	0.0350767092	0.0795046673	-0.0108755477	-0.0075920443	0	0	0	0	0	0	0	0	0.433652268189481	0.072833066412866	0.448081059024295	0.592443852028073
0.129083	0.182386	-0.343707	0.00708422	-0.00272943	-0.00295709	0.000319999999999987	0.023695	-0.042509	-0.00012063	1.015e-05	-0.00013975	0.0800504999999999	-0.0080934286	-0.0498771065	0.0235073292	0.0426124582	-0.0366761804	-0.03127814	0.0463423012	0.0169566271	-0.0515825363	-0.0010156846	0.051896421	-0.0150222601	-0.0472539781	0.0296255153	0.0380985803	-0.0413994086	-0.025304607	0.0492194833	0.0100939368	-0.0523388891	0.0060807472	-0.0006613155	0.0375002373	-0.0350906901	0.0390624467	0.0115146195	0.0340382284	-0.0130045764	-0.0221028322	-0.0107581468	0.0162171027	0	0	0	0	0	0	0	0	0.781071400425988	-0.129888429027647	0.448081059024295	0.592443852028073
0.126493	0.182574	-0.295831	0.00644506	-0.0023082	-0.00318556	-0.00259000000000001	0.000188000000000021	0.047876	-0.00063916	0.00042123	-0.00022847	0.115097	-0.0083163637	-0.0497374181	0.024110485	0.0420811315	-0.0374733519	-0.0301814655	0.0470574788	0.015238359	-0.051896421	0.0012413539	0.051502229	-0.0175958911	-0.0459146523	0.0321760928	0.0356971313	-0.0435117199	-0.0218799809	0.0504597097	0.0058564958	-0.0523194405	0.010757547	-0.0298201365	0.0087568624	-0.0242511544	0.0091963156	0.0690962072	-0.0166825022	-0.0695063567	0.0253003701	0.0049156901	-0.0168844634	0	0	0	0	0	0	0	0	-1.88690849366537	1.3201842865907	-2.22840312389761	-1.68540061352814
0.109628	0.182332	-0.3443	0.00684677	-0.00249876	-0.00272625	-0.016865	-0.00024200000000002	-0.048469	0.00040171	-0.00019056	0.00045931	0.118155	-0.0085391442	-0.049594035	0.024709611	0.0415373011	-0.0382531258	-0.0290646136	0.0477298374	0.0135019809	-0.0521322486	0.0034960873	0.050992326	-0.0201224762	-0.044431258	0.034609585	0.0331465714	-0.0454172463	-0.0183379745	0.0513964655	0.0015798132	-0.0519115742	0.0153463027	-0.0106751629	-0.0242874376	-0.0282561414	0.0209175769	-0.0356524615	0.0272733604	0.0799140186	0.0069108299	0.0114877427	-0.0384604405	0	0	0	0	0	0	0	0	1.18388781007881	2.10300471615294	0.448081059024295	0.592443852028073
0.111247	0.195639	-0.379093	0.00727399	-0.00243241	-0.00303491	0.001619	0.013307	-0.034793	0.00042722	6.63500000000002e-05	-0.00030866	0.0898305	-0.0087617663	-0.0494469678	0.025304607	0.0409811285	-0.03901514	-0.0279283311	0.0483587652	0.0117495564	-0.0522896643	0.0057443291	0.0503678575	-0.0225952602	-0.0428084497	0.0369171367	0.0304575546	-0.0471069319	-0.0146975897	0.0520241169	-0.0027074549	-0.0511183183	0.0198094581	-0.0050125311	0.0408841877	0.017234717	-0.0303333143	-0.0093016015	0.022005555	-0.0259742841	-0.0421032827	0.008043487	0.0066805312	0	0	0	0	0	0	0	0	0.663949233688228	1.72256671824901	0.448081059024295	0.592443852028073
0.0960949	0.165468	-0.304444	0.00728525	-0.00244835	-0.0030323	-0.0151521	-0.030171	0.074649	1.12599999999999e-05	-1.59400000000003e-05	2.61000000000011e-06	0.1214626	-0.0089842256	-0.0492962274	0.0258953737	0.0404127789	-0.0397590408	-0.0267733776	0.04894369	0.009983168	-0.0523684314	0.0079819045	0.0496302266	-0.0250076315	-0.0410513194	0.039090351	0.0276413132	-0.0485727468	-0.0109783563	0.0523388891	-0.0069765817	-0.0499455618	0.024110485	-0.0256007615	-0.0502494156	0.0057646477	-0.0562853128	-0.012615659	-0.0252430935	-0.0134907779	0.0390118415	0.0221834452	0.0426331638	0	0	0	0	0	0	0	0	0.255722063352916	0.495135204699068	0.448081059024295	0.592443852028073
0.0943453	0.177809	-0.365847	0.00779728	-0.00257343	-0.00294953	-0.0017496	0.012341	-0.061403	0.00051203	-0.00012508	8.27699999999998e-05	0.1114876	-0.009206518	-0.0491418251	0.0264818121	0.0398324213	-0.0404844828	-0.0256005252	0.0494840794	0.0082049152	-0.0523684314	0.0102046586	0.0487810905	-0.0273531403	-0.0391653804	0.0411213197	0.024709611	-0.0498077248	-0.0072002268	0.0523388891	-0.0111989617	-0.0484020114	0.028214182	-0.0009054929	0.032196164	-0.0253496422	0.0318728526	-0.0111112956	0.0312661411	0.0206149809	-0.0302550822	-0.0154268222	0.068999389	0	0	0	0	0	0	0	0	-1.60474920298551	0.075117522001596	-2.22840312389761	0.592443852028073
0.111285	0.186334	-0.286121	0.00689172	-0.00244835	-0.00294594	0.0169397	0.008525	0.079726	-0.000905560000000001	0.00012508	3.58999999999993e-06	0.1569022	-0.0094286395	-0.0489837722	0.0270638244	0.0392402281	-0.0411911291	-0.024410558	0.0499794418	0.0064169112	-0.0522896643	0.0124084642	0.0478223571	-0.0296255153	-0.0371565505	0.0430026525	0.021674694	-0.0508059967	-0.0033834701	0.0520241169	-0.0153463027	-0.0464991262	0.0320869629	-0.0207493715	0.0222078352	-0.0155641861	0.025112009	0.0602397146	-0.0092378665	-0.0474760546	0.0113251116	-0.01813974	-0.032462998	0	0	0	0	0	0	0	0	0.108814780025802	0.844230280275875	-2.22840312389761	-1.68540061352814
0.0905927	0.165528	-0.305791	0.00657023	-0.00244835	-0.00269926	-0.0206923	-0.020806	-0.01967	-0.00032149	0	0.00024668	0.0895767999999999	-0.0096505858	-0.0488220806	0.0276413132	0.0386363752	-0.0418786518	-0.0232042715	0.0504293264	0.004621281	-0.0521322486	0.0145892291	0.0467561802	-0.0318186811	-0.0350311327	0.0447275033	0.0185492395	-0.0515628185	0.0004514381	0.0513964655	-0.0193908153	-0.0442510332	0.0356971313	-0.0097617152	-0.0477801631	-0.0300010485	0.049549846	-0.0106547628	-0.0020917514	0.0706266634	0.0371317279	0.0058531888	-0.0352335109	0	0	0	0	0	0	0	0	-0.731320143485414	1.73137149340435	-2.22840312389761	-1.68540061352814
0.164606	0.164833	-0.312315	0.00764481	-0.00290809	-0.00135256	0.0740133	-0.000695000000000029	-0.00652400000000003	0.00107458	-0.00045974	0.0013467	0.2252833	-0.009872353	-0.0486567622	0.028214182	0.0380210421	-0.0425467316	-0.0219824722	0.0508333239	0.0028201586	-0.051896421	0.016742904	0.0455849554	-0.0339267737	-0.0327957961	0.0462895956	0.0153463027	-0.0520745933	0.0042839244	0.0504597097	-0.0233053991	-0.0416744222	0.03901514	-0.0144212756	0.0001492223	-0.0064744723	0.0419812405	-0.0091922121	-0.0050155118	0.0039169757	-0.0268786735	-0.0182919369	0.0166299553	0	0	0	0	0	0	0	0	1.23683150662288	1.66330502387048	-2.22840312389761	-1.68540061352814
0.0487434	0.174339	-0.364688	0.00738058	-0.00251277	-0.00232898	-0.1158626	0.00950600000000004	-0.052373	-0.00026423	0.00039532	-0.00097642	0.2595401	-0.0100939368	-0.0484878293	0.0287823352	0.0373944116	-0.0431950583	-0.0207459769	0.0511910666	0.0010156846	-0.0515825363	0.0188654898	0.044311314	-0.0359441567	-0.0304575546	0.0476832451	0.0120792627	-0.0523388891	0.0080934286	0.0492194833	-0.0270638244	-0.0387884217	0.0420138333	0.0035457733	0.0070067595	0.0267336083	-0.0032895644	-0.0563348801	-0.0071961062	0.0117603886	-0.0373084387	0.0052517784	0.0107797354	0	0	0	0	0	0	0	0	0.297852882810567	0.209434194542609	-2.22840312389761	0.592443852028073
0.0486928	0.201593	-0.344148	0.00681908	-0.00255306	-0.00267291	-5.05999999999909e-05	0.027254	0.02054	-0.0005615	-4.02899999999997e-05	-0.00034393	0.0951306	-0.0103153331	-0.0483152946	0.0293456776	0.0367566699	-0.043823331	-0.0194956122	0.051502229	-0.0007899965	-0.0511910666	0.0209530451	0.0429381175	-0.0378654364	-0.028023745	0.0489033805	0.0087617663	-0.0523544498	0.0118595137	0.0476832451	-0.0306409077	-0.0356144575	0.0446686685	0.0136117807	0.0324904809	0.0507133802	0.0157324255	0.0326525897	-0.0498103397	-0.0112331103	-0.0513232959	-0.019723343	-0.0718200592	0	0	0	0	0	0	0	0	0.742156810287642	-0.384045319647561	-2.22840312389761	0.592443852028073
0.0387077	0.16528	-0.313255	0.0067647	-0.00265327	-0.00299149	-0.00998510000000001	-0.036313	0.030893	-5.43800000000006e-05	-0.00010021	-0.00031858	0.1008496	-0.0105365379	-0.0481391707	0.0299041152	0.0361080066	-0.044431258	-0.0182322141	0.051766528	-0.0025947387	-0.0507226006	0.0230016937	0.0414684511	-0.0396854757	-0.0255020041	0.0499455618	0.005407671	-0.0521212014	0.0155619757	0.0458602343	-0.0340126806	-0.0321760928	0.0469579174	-0.0242192142	-0.0562265566	0.0252572175	-0.0318396992	0.0257433906	-0.0522841801	0.030932493	0.0358997176	0.009175726	-0.0238273532	0	0	0	0	0	0	0	0	-2.93163146169805	0.88467247970183	-2.22840312389761	0.592443852028073
0.0810498	0.180925	-0.322989	0.00701903	-0.00290809	-0.00345083	0.0423421	0.015645	-0.00973399999999996	0.000254330000000001	-0.00025482	-0.00045934	0.1161456	-0.010757547	-0.0479594708	0.0304575546	0.0354486142	-0.045018557	-0.0169566271	0.0519837232	-0.0043963972	-0.050177843	0.0250076315	0.0399056168	-0.0413994086	-0.0229002443	0.0508059967	0.0020309873	-0.0516402525	0.0191809517	0.0437614146	-0.0371565505	-0.028498854	0.048862844	0.013661189	0.0498107442	0.0038680249	-0.0409761607	-0.0060982653	0.0224592471	-0.0259482452	-0.0512539345	-0.010526441	0.030149899	0	0	0	0	0	0	0	0	0.545493059575442	1.1593557477366	-2.22840312389761	0.592443852028073
0.105168	0.165356	-0.252113	0.00690878	-0.00331476	-0.00327827	0.0241182	-0.015569	0.0708759999999999	-0.00011025	-0.00040667	0.00017256	0.1450372	-0.0109783563	-0.0477762082	0.0310059033	0.0347786889	-0.0455849554	-0.015669704	0.0521536168	-0.0061928308	-0.0495576132	0.0269671338	0.0382531258	-0.0430026525	-0.0202266294	0.0514815542	-0.0013541801	-0.0509138886	0.0226970271	0.0413994086	-0.0400514517	-0.0246100408	0.0503678575	-0.0291379778	-0.0481127576	-0.0123974048	-0.0863849879	0.0100699024	-0.0043536138	-0.062550386	0.0745221536	0.0267397329	0.0551529336	0	0	0	0	0	0	0	0	-0.630530086270085	0.367236981378123	-2.22840312389761	0.592443852028073
0.0927034	0.16526	-0.313602	0.00727698	-0.00353891	-0.0033382	-0.0124646	-9.60000000000127e-05	-0.061489	0.000368199999999999	-0.00022415	-5.99300000000001e-05	0.1066636	-0.0111989617	-0.0475893965	0.0315490697	0.0340984296	-0.0461301902	-0.0143723053	0.0522760543	-0.0079819045	-0.048862844	0.0288765622	0.0365146908	-0.0444909208	-0.0174895484	0.0519697758	-0.0047336909	-0.0499455618	0.0260913389	0.0387884217	-0.042677987	-0.0205385235	0.0514606403	0.0203879211	0.0382448748	-0.0317920596	-0.0192791059	-0.076730652	0.0536927521	0.0339587517	-0.0194234137	-0.0066059985	-0.0048248954	0	0	0	0	0	0	0	0	-2.93048985923288	-0.538645830732638	-2.22840312389761	0.592443852028073
0.106643	0.185675	-0.28392	0.00657009	-0.00323583	-0.00331461	0.0139396	0.020415	0.029682	-0.000706889999999999	0.00030308	2.359e-05	0.1157146	-0.0114193591	-0.0473990497	0.0320869629	0.0334080384	-0.0466540082	-0.0130652981	0.0523509242	-0.0097614921	-0.0480945804	0.030732371	0.0346942175	-0.0458602343	-0.0146975897	0.0522688852	-0.0080934286	-0.048739874	0.0293456776	0.0359441567	-0.045018557	-0.016314529	0.0521322486	-0.0119513239	0.0232308825	0.0179458282	-0.052978425	-0.0085891353	0.004633169	-0.0452092469	-0.0155167995	2.74019e-05	-0.005397802	0	0	0	0	0	0	0	0	-2.80754312183259	-0.431044548593116	-2.22840312389761	0.592443852028073
0.0751625	0.165341	-0.312393	0.00691956	-0.00311545	-0.00336273	-0.0314805	-0.020334	-0.028473	0.00034947	0.00012038	-4.812e-05	0.106186	-0.0116395445	-0.0472051818	0.0326194932	0.0327077205	-0.0471561663	-0.0117495564	0.0523781585	-0.0115294786	-0.0472539781	0.0325311144	0.0327957961	-0.0471069319	-0.0118595137	0.0523777937	-0.0114193591	-0.047302555	0.0324425845	0.0328837193	-0.0470574788	-0.011969416	0.0523771858	0.0055918065	-0.0275313706	0.01019056	-0.0311287914	-0.0626683031	-0.0158070325	0.0407928123	0.0021282579	0.0091698773	0.044460569	0	0	0	0	0	0	0	0	-2.84308170292214	-0.433439824062909	-2.22840312389761	0.592443852028073
0.0825104	0.198112	-0.336263	0.00717044	-0.00268228	-0.00351168	0.00734789999999998	0.032771	-0.0238700000000001	0.00025088	0.00043317	-0.00014895	0.1056389	-0.0118595137	-0.0470078072	0.0331465714	0.0319976841	-0.0476364314	-0.0104259597	0.0523577323	-0.0132837629	-0.0463423012	0.0342694522	0.0308236917	-0.0482276804	-0.0089842256	0.0522961052	-0.0146975897	-0.0456404355	0.0353654455	0.0296255153	-0.0487810905	-0.0075354425	0.0521934471	-0.0128837613	0.0343431681	0.0129426411	-0.0159378928	0.018601353	0.0051395053	-0.0221577888	-0.0296071867	-0.0191672404	-0.0010455709	0	0	0	0	0	0	0	0	-2.75171948628993	-0.606029099286051	0.448081059024295	0.592443852028073
0.0762642	0.187234	-0.252615	0.00654308	-0.00283808	-0.00340177	-0.00624619999999998	-0.010878	0.083648	-0.00062736	-0.0001558	0.00010991	0.1454257	-0.0120792627	-0.0468069407	0.0336681095	0.03127814	-0.0480945804	-0.0090953929	0.0522896643	-0.0150222601	-0.0453609212	0.0359441567	0.0287823352	-0.0492194833	-0.0060807472	0.0520241169	-0.0179144269	-0.0437614146	0.0380985803	0.02618914	-0.050177843	-0.0030455261	0.0515825363	-0.0104430059	-0.0553020359	-0.0352092177	0.018836996	0.0328632188	-0.0160920025	0.0053515802	0.0647135054	-0.0141050636	-0.0322883832	0	0	0	0	0	0	0	0	-0.639419193105599	-0.35769796004641	0.448081059024295	0.592443852028073
0.0762903	0.19149	-0.297995	0.00728371	-0.00278232	-0.00381071	2.6100000000015e-05	0.00425600000000004	-0.0453799999999999	0.000740629999999999	5.57600000000002e-05	-0.00040894	0.1099286	-0.0122987873	-0.0466025972	0.0341840202	0.030549302	-0.0485304007	-0.0077587455	0.0521740164	-0.016742904	-0.044311314	0.0375521182	0.0266763128	-0.0500796887	-0.003158189	0.0515628185	-0.0210564335	-0.0416744222	0.0406273263	0.0225952602	-0.0512383773	0.0014670001	0.0505494535	0.0052203055	0.0357845202	-0.0496144878	0.039130579	0.0028534332	0.0404884192	0.0174137969	-0.0333279799	-0.0401578829	-0.0229490173	0	0	0	0	0	0	0	0	-0.290237743433857	-0.356542948685049	0.448081059024295	0.592443852028073
0.0866781	0.20015	-0.231189	0.00619051	-0.00268673	-0.00332271	0.0103878	0.00865999999999997	0.066806	-0.0010932	9.559e-05	0.000488	0.1696933	-0.0125180835	-0.0463947917	0.0346942175	0.0298113868	-0.04894369	-0.0064169112	0.0520108938	-0.0184436498	-0.0431950583	0.039090351	0.0245103563	-0.0508059967	-0.0002257211	0.0509138886	-0.024110485	-0.0393893764	0.0429381175	0.0188654898	-0.0519555872	0.0059686353	0.0491026536	0.0025392022	0.0049632263	-0.0021500361	0.0068243253	0.0670781804	-0.0242186736	-0.0482079231	0.0083099695	-0.0159833502	-0.045999019	0	0	0	0	0	0	0	0	0.524474077987909	-0.175750665008017	0.448081059024295	0.592443852028073
0.0648393	0.166081	-0.298662	0.00712072	-0.00281488	-0.003832	-0.0218388	-0.034069	-0.067473	0.00093021	-0.00012815	-0.00050929	0.2017633	-0.0127371473	-0.0461835398	0.0351986159	0.0290646136	-0.0493342563	-0.0050707869	0.0518004449	-0.0201224762	-0.0420138333	0.0405559987	0.0222893319	-0.0513964655	0.0027074549	0.0500796887	-0.0270638244	-0.0369171367	0.045018557	0.0150222601	-0.052324667	0.0104259597	0.0472539781	-0.0090957509	-0.0111908131	-0.0169660464	0.0278447578	0.0094142733	0.0113850266	0.0544597958	0.0080611307	0.0030732633	-0.0373334452	0	0	0	0	0	0	0	0	-0.870319585017298	-0.260790027936801	0.448081059024295	0.592443852028073
0.0891901	0.191557	-0.265231	0.00662647	-0.00241571	-0.00369607	0.0243508	0.025476	0.033431	-0.00049425	0.00039917	0.00013593	0.1347253	-0.0129559745	-0.0459688572	0.0356971313	0.0283092043	-0.0497019183	-0.0037212726	0.0515428613	-0.021777388	-0.0407694154	0.0419463399	0.0200182296	-0.0518495163	0.0056321357	0.0490632542	-0.0299041152	-0.0342694522	0.0468574839	0.0110886847	-0.0523431439	0.0148058821	0.045018557	0.0107792521	0.0538398464	0.0076683602	-0.0163238523	0.0328176837	0.0168710597	-0.0253769288	-0.0412380533	-0.0181623318	-0.0214116306	0	0	0	0	0	0	0	0	-0.304818131733479	-0.448390239388283	0.448081059024295	0.592443852028073
0.0799648	0.169095	-0.245343	0.00692214	-0.00266914	-0.00332271	-0.00922530000000001	-0.022462	0.019888	0.00029567	-0.00025343	0.00037336	0.0976983	-0.0131745611	-0.0457507597	0.0361896802	0.0275453833	-0.0500465054	-0.0023692706	0.0512383773	-0.0234064185	-0.0394636764	0.0432587929	0.017702152	-0.0521639377	0.0085391442	0.0478682839	-0.0326194932	-0.0314589057	0.0484450328	0.0070884207	-0.0520108938	0.0190758861	0.0424146861	-0.0225186045	-0.065503269	-0.0174368167	-0.0669259884	-0.0240920735	0.0018950926	0.021778496	0.0795377309	0.0116956404	0.0004432034	0	0	0	0	0	0	0	0	1.2609270148343	0.367512031702886	0.448081059024295	0.592443852028073
0.0817315	0.197628	-0.300404	0.0071246	-0.00307373	-0.0033227	0.0017667	0.028533	-0.055061	0.000202460000000001	-0.00040459	1.00000000003743e-08	0.1157137	-0.013392903	-0.0455292636	0.0366761804	0.0267733776	-0.0503678575	-0.0010156846	0.0508872699	-0.0250076315	-0.0380985803	0.0444909208	0.0153463027	-0.0523388891	0.0114193591	0.0464991262	-0.0351986159	-0.028498854	0.049772687	0.0030455261	-0.0513301431	0.0232042715	0.0394636764	0.0201849787	0.0567588341	-0.0143092909	-0.0265719607	-0.0551039399	0.0528861552	-0.0128038677	-0.0573037622	-0.0013898395	0.0158645741	0	0	0	0	0	0	0	0	1.1530768128179	1.00552594721819	0.448081059024295	0.592443852028073
0.0879374	0.186227	-0.233381	0.00652285	-0.00298823	-0.00309037	0.00620589999999999	-0.011401	0.067023	-0.000601750000000001	8.55000000000001e-05	0.00023233	0.1306089	-0.0136109962	-0.0453043854	0.0371565505	0.0259934166	-0.0506658255	0.0003385804	0.0504898588	-0.0265791242	-0.0366761804	0.0456404355	0.0129559745	-0.0523739028	0.014263743	0.0449607632	-0.0376307102	-0.0254033645	0.0508333239	-0.0010156846	-0.0503054532	0.0271603893	0.0361896802	-0.0303521337	-0.0069005928	0.0019704369	-0.0699505744	0.0088966693	-0.0136925159	-0.0719536634	0.0457182907	0.010801255	0.0352980832	0	0	0	0	0	0	0	0	1.21856363639864	0.71839992732299	0.448081059024295	0.592443852028073
0.0792015	0.178837	-0.273887	0.00695706	-0.00282497	-0.0035575	-0.00873589999999999	-0.00739000000000001	-0.040506	0.00043421	0.00016326	-0.00046713	0.1098619	-0.0138288366	-0.0450761418	0.0376307102	0.0252057321	-0.050940271	0.0016926191	0.0500465054	-0.0281190288	-0.0351986159	0.0467052026	0.0105365379	-0.0522688852	0.0170633708	0.0432587929	-0.0399056168	-0.0221871482	0.0516212534	-0.0050707869	-0.04894369	0.0309148693	0.0326194932	0.0208637516	0.0027428534	-0.0136662714	-0.0075312697	-0.0775066989	0.0254044711	0.0716603842	-0.0167687341	-0.014389897	0.018042546	0	0	0	0	0	0	0	0	1.2219360204274	-0.437244051990654	0.448081059024295	0.592443852028073
0.0886355	0.203198	-0.25767	0.00652285	-0.00299981	-0.00334121	0.00943400000000001	0.024361	0.016217	-0.00043421	-0.00017484	0.00021629	0.091279	-0.0140464202	-0.0448445497	0.0380985803	0.024410558	-0.0511910666	0.0030455261	0.0495576132	-0.0296255153	-0.0336681095	0.0476832451	0.0080934286	-0.0520241169	0.0198094581	0.0413994086	-0.0420138333	-0.0188654898	0.0521322486	-0.0090953929	-0.0472539781	0.0344398384	0.0287823352	-0.0013501149	0.0325475612	0.0130483946	-0.0338685098	-0.0023996205	-0.002992997	-0.0443841239	-0.0173783074	-0.012224589	-0.0018125132	0	0	0	0	0	0	0	0	0.951435351894247	-0.473616090016011	-2.22840312389761	0.592443852028073
0.0749953	0.177684	-0.240642	0.00652285	-0.00299981	-0.00334948	-0.0136402	-0.025514	0.017028	0	0	-8.27000000000033e-06	0.0565957	-0.014263743	-0.0446096262	0.0385600826	0.0236081307	-0.0514180959	0.0043963972	0.049023627	-0.0310967934	-0.0320869629	0.0485727468	0.0056321357	-0.0516402525	0.0224933884	0.0393893764	-0.0439465533	-0.015454175	0.0523635681	-0.0130652981	-0.0452476394	0.0377091275	0.024709611	-0.0029238618	-0.0412257596	-0.0219428426	0.0025674089	-0.0170619745	-0.0208582626	0.0368099776	0.0368889984	-0.0242349319	0.033798171	0	0	0	0	0	0	0	0	0.784660727961804	-0.279968074965322	-2.22840312389761	0.592443852028073
0.0807571	0.210837	-0.302012	0.00718231	-0.00289326	-0.00356189	0.0057618	0.033153	-0.06137	0.00065946	0.00010655	-0.00021241	0.1492058	-0.0144808008	-0.044371389	0.03901514	0.0227986886	-0.0516212534	0.0057443291	0.0484450328	-0.0325311144	-0.0304575546	0.0493720561	0.003158189	-0.0511183183	0.0251067401	0.0372360105	-0.0456957037	-0.011969416	0.0523139709	-0.0169566271	-0.0429381175	0.0406984653	0.0204346535	0.0088514674	0.040873595	-0.0090490085	0.0029469327	0.0033314548	0.0210732906	-0.0266275741	-0.0194552639	-0.0091811917	0.0454393138	0	0	0	0	0	0	0	0	1.16800603958453	0.031291928998966	-2.22840312389761	0.592443852028073
0.0873697	0.203212	-0.220561	0.00642701	-0.00299981	-0.00335383	0.00661259999999998	-0.00762500000000002	0.081451	-0.0007553	-0.00010655	0.00020806	0.1491841	-0.0146975897	-0.0441298556	0.0394636764	0.0219824722	-0.0518004449	0.0070884207	0.0478223571	-0.0339267737	-0.0287823352	0.0500796887	0.0006771467	-0.0504597097	0.0276413132	0.0349471469	-0.0472539781	-0.0084277735	0.0519837232	-0.0207459769	-0.0403408874	0.0433856593	0.0159924506	-0.0010598463	-0.0201107109	-0.0167144995	0.0038420359	0.0378933	-0.0254084897	-0.0358231639	0.0369440896	-0.0135091178	0.0120812634	0	0	0	0	0	0	0	0	0.889202402071699	-0.14421549630303	-2.22840312389761	0.592443852028073
0.0846983	0.17684	-0.262209	0.00685217	-0.00255906	-0.00357814	-0.00267139999999998	-0.026372	-0.041648	0.00042516	0.00044075	-0.00022431	0.1252024	-0.0149141057	-0.043885044	0.0399056168	0.0211597241	-0.0519555872	0.0084277735	0.0471561663	-0.0352821126	-0.0270638244	0.0506943307	-0.001805417	-0.0496661877	0.0300891549	0.0325311144	-0.0486148674	-0.0048460789	0.0513745965	-0.024410558	-0.0374733519	0.0457507597	0.0114193591	0.010753161	-0.0091688667	-0.0225488872	0.0458106635	-0.0122700432	0.018695808	0.0532471245	-0.0106422335	-0.0375395693	-0.001103086	0	0	0	0	0	0	0	0	0.989194397182653	-0.063258863034198	-2.22840312389761	0.592443852028073
0.0859751	0.203189	-0.273298	0.00652285	-0.00280876	-0.00329419	0.00127680000000001	0.026349	-0.011089	-0.00032932	-0.0002497	0.00028395	0.0818633	-0.0151303447	-0.0436369724	0.0403408874	0.0203306886	-0.0520866082	0.0097614921	0.0464470668	-0.0365955205	-0.025304607	0.0512148408	-0.0042839244	-0.048739874	0.0324425845	0.0299967047	-0.049772687	-0.0012413539	0.0504898588	-0.0279283311	-0.0343547251	0.0477762082	0.006752807	0.0129574312	0.0425176917	0.0022933199	0.0258880458	0.030890281	-0.0012160063	-0.0256062314	-0.0424041212	-0.029655348	-0.0174506069	0	0	0	0	0	0	0	0	0.756420706452931	0.311206166240593	0.448081059024295	0.592443852028073
0.0687687	0.175324	-0.254738	0.00620013	-0.00320459	-0.0030426	-0.0172064	-0.027865	0.01856	-0.00032272	-0.00039583	0.00025159	0.1121384	-0.0153463027	-0.0433856593	0.0407694154	0.0194956122	-0.0521934471	0.0110886847	0.0456957037	-0.0378654364	-0.0235073292	0.0516402525	-0.006752807	-0.0476832451	0.0346942175	0.0273531403	-0.0507226006	0.0023692706	0.0493342563	-0.03127814	-0.0310059033	0.0494469678	0.0020309873	-0.0200596541	-0.0757516615	-0.0082802803	0.0245653534	0.0215514315	-0.0333015643	0.0243964688	0.0682837812	0.0095113402	0.0160126265	0	0	0	0	0	0	0	0	1.17861229052862	0.683045337234111	0.448081059024295	0.592443852028073
0.0969543	0.208812	-0.315513	0.00711791	-0.0035078	-0.00345128	0.0281856	0.033488	-0.060775	0.00091778	-0.00030321	-0.00040868	0.2039321	-0.0155619757	-0.0431311232	0.0411911291	0.018654743	-0.0522760543	0.0124084642	0.0449027607	-0.039090351	-0.021674694	0.0519697758	-0.009206518	-0.0464991262	0.0368369888	0.0246100408	-0.0514606403	0.0059686353	0.0479139886	-0.0344398384	-0.0274493255	0.050750635	-0.0027074549	0.0251397204	0.0485759873	0.0042738574	0.0590094197	0.0075471647	0.0181742667	0.0111869229	-0.051647798	-0.032776273	0.0250315119	0	0	0	0	0	0	0	0	0.776922983260797	0.526578191901416	0.448081059024295	0.592443852028073
0.113291	0.20443	-0.237148	0.00626876	-0.0035078	-0.00278262	0.0163367	-0.004382	0.078365	-0.00084915	0	0.00066866	0.1749742	-0.0157773596	-0.0428733831	0.0416059582	0.0178083308	-0.0523343914	0.0137199483	0.0440689593	-0.0402688086	-0.0198094581	0.0522027989	-0.0116395445	-0.0451906832	0.0388641751	0.021777388	-0.0519837232	0.0095396348	0.046236675	-0.0373944116	-0.0237088227	0.0516775313	-0.0074237382	-0.0264724067	-0.014165261	0.013136289	0.0166904813	0.0699366478	-0.0424493695	-0.0633875681	0.0280206131	0.020043189	-0.0214871086	0	0	0	0	0	0	0	0	0.576388826535769	0.702830323535627	0.448081059024295	0.592443852028073
0.0923	0.191554	-0.185031	0.00672862	-0.0035078	-0.00253367	-0.020991	-0.012876	0.052117	0.00045986	0	0.00024895	0.1214245	-0.0159924506	-0.0426124582	0.0420138333	0.0169566271	-0.0523684314	0.0150222601	0.0431950583	-0.0413994086	-0.0179144269	0.0523388891	-0.0140464202	-0.0437614146	0.0407694154	0.0188654898	-0.0522896643	0.0130652981	0.044311314	-0.0401240904	-0.0198094581	0.0522207755	-0.0120792627	0.0418080916	-0.0411027903	0.0009885702	0.0367024753	-0.0258903843	-0.0144421381	0.0741197147	0.0055706431	-0.0345896962	0.0275611444	0	0	0	0	0	0	0	0	1.1803230211402	1.67913757924955	-2.22840312389761	0.592443852028073
0.143481	0.207869	-0.143169	0.00565996	-0.00361214	-0.00183933	0.051181	0.016315	0.041862	-0.00106866	-0.00010434	0.00069434	0.202725	-0.0162072446	-0.0423483678	0.0424146861	0.016099885	-0.0523781585	0.016314529	0.0422818529	-0.0424808075	-0.0159924506	0.0523777937	-0.0164217376	-0.0422151417	0.0425467316	0.015884942	-0.0523771858	0.01652887	0.0421482344	-0.0426124582	-0.0157773596	0.0523763346	-0.0166359256	0.0400487456	-0.0127151689	0.0493730249	-0.0309310161	-0.0211715531	-0.0322706503	-0.0129293113	-0.0108300281	-0.0138573941	0.0620995022	0	0	0	0	0	0	0	0	0.91506413158609	2.3195711415033	0.448081059024295	0.592443852028073
0.116703	0.121828	-0.2037	0.00581004	-0.00404038	-0.00189507	-0.026778	-0.086041	-0.060531	0.000150079999999999	-0.00042824	-5.57400000000001e-05	0.205053	-0.0164217376	-0.0420811315	0.0428084497	0.015238359	-0.0523635681	0.0175958911	0.0413301739	-0.0435117199	-0.0140464202	0.0523194405	-0.0187601599	-0.0405559987	0.044190547	0.0128465907	-0.0522459219	0.0199138901	0.0397590408	-0.0448445497	-0.0116395445	0.0521430537	-0.0210564335	0.0459651386	0.0116339844	0.0545661069	-0.0027914613	-0.0601604938	-0.0444073941	0.0033467568	-0.0382640274	-0.0049540245	0.0459307027	0	0	0	0	0	0	0	0	0.408581908434773	2.42730729572218	0.448081059024295	0.592443852028073
0.0991573	0.171218	-0.203686	0.00612903	-0.00375818	-0.00224072	-0.0175457	0.04939	1.4000000000014e-05	0.00031899	0.0002822	-0.00034565	0.1142917	-0.0166359256	-0.0418107693	0.0431950583	0.0143723053	-0.052324667	0.0188654898	0.0403408874	-0.0444909208	-0.0120792627	0.0521639377	-0.0210564335	-0.0387884217	0.0456957037	0.0097614921	-0.051896421	0.0232042715	0.0371565505	-0.0468069407	-0.0074237382	0.0515226647	-0.025304607	0.021147872	0.0300958052	0.0699482194	-0.0560271767	0.0050496292	-0.0325927282	-0.0070521743	-0.0209835761	-0.0092475033	0.0186334169	0	0	0	0	0	0	0	0	1.01068044866006	2.4578458066485	0.448081059024295	0.592443852028073
0.0991086	0.171224	-0.221743	0.00641708	-0.00433644	-0.00239413	-4.86999999999987e-05	5.99999999997824e-06	-0.018057	0.000288050000000001	-0.000578260000000001	-0.00015341	0.0690977	-0.0168498047	-0.0415373011	0.0435744473	0.0135019809	-0.0522614734	0.0201224762	0.0393148935	-0.0454172463	-0.0100939368	0.0519115742	-0.0233053991	-0.0369171367	0.0470574788	0.0066408724	-0.0513301431	0.0263843771	0.0343547251	-0.0484878293	-0.003158189	0.0505197734	-0.0293456776	0.0002180449	-0.055701646	-0.0074570772	0.0195426005	0.0161669342	-0.008384403	0.0158339993	0.0521232837	0.0062962387	-0.0150556029	0	0	0	0	0	0	0	0	-0.037801665154959	0.660344984288681	-2.22840312389761	0.592443852028073
0.10679	0.190558	-0.262003	0.00650077	-0.00463249	-0.00276074	0.0076814	0.019334	-0.0402600000000001	8.369e-05	-0.00029605	-0.00036661	0.1045929	-0.0170633708	-0.0412607473	0.0439465533	0.0126276447	-0.0521740164	0.0213660101	0.0382531258	-0.0462895956	-0.0080934286	0.0515628185	-0.0255020041	-0.0349471469	0.0482715996	0.0034960873	-0.0505494535	0.0294390937	0.0313685957	-0.0498771065	0.0011285219	0.0491418251	-0.0331465714	-0.0092399645	0.0282135903	-0.022353605	0.019602071	0.037705959	0.0479378891	-0.0206683678	0.0167268166	0.0112841295	-0.0009662953	0	0	0	0	0	0	0	0	0.178037605030163	-0.516042254681272	-2.22840312389761	0.592443852028073
0.1088	0.213272	-0.196303	0.00626433	-0.00445914	-0.00276227	0.00200999999999998	0.022714	0.0657	-0.00023644	0.00017335	-1.53000000000002e-06	0.11099	-0.01727662	-0.0409811285	0.044311314	0.0117495564	-0.0520623368	0.0225952602	0.0371565505	-0.0471069319	-0.0060807472	0.0511183183	-0.0276413132	-0.0328837193	0.0493342563	0.0003385804	-0.0495576132	0.032353904	0.028214182	-0.0509664168	0.005407671	0.0473990497	-0.0366761804	-0.0025905745	0.0253020632	-0.0445726882	0.0057070242	0.0483015031	0.0601583031	-0.0349227345	0.0244294183	0.0176609936	-0.0476298818	0	0	0	0	0	0	0	0	0.399197010396752	1.92542978624647	0.448081059024295	0.592443852028073
0.0990669	0.180429	-0.235259	0.00692291	-0.00489616	-0.00212507	-0.00973309999999995	-0.032843	-0.038956	0.00065858	-0.00043702	0.0006372	0.1681721	-0.0174895484	-0.0406984653	0.0446686685	0.0108679768	-0.0519264863	0.0238094045	0.0360261653	-0.0478682839	-0.0040589197	0.0505788988	-0.0297185201	-0.030732371	0.0502421146	-0.0028201586	-0.0483587652	0.0351149558	0.0249084068	-0.0517492091	0.0096505858	0.0453043854	-0.0399056168	-0.0367083254	-0.0039118785	-0.0603770398	-0.022631217	-0.0048561213	0.0783113152	0.0062046825	0.0873610648	0.0388469109	-0.0035390828	0	0	0	0	0	0	0	0	0.338432751386131	1.06529827090788	0.448081059024295	0.592443852028073
0.128224	0.215156	-0.207495	0.00616884	-0.00469226	-0.00167586	0.0291571	0.034727	0.027764	-0.00075407	0.0002039	0.00044921	0.1620071	-0.017702152	-0.0404127789	0.045018557	0.009983168	-0.051766528	0.0250076315	0.0348629988	-0.0485727468	-0.0020309873	0.0499455618	-0.0317289578	-0.028498854	0.050992326	-0.0059686353	-0.0469579174	0.0377091275	0.0214690046	-0.0522207755	0.0138288366	0.0428733831	-0.0428084497	0.0069305863	-0.0005737839	-0.039516259	0.0079667082	-0.0779508299	0.0637257599	0.0353721842	-0.0045059388	0.0235379086	-0.0098535286	0	0	0	0	0	0	0	0	-0.424157695345447	0.071018667615091	0.448081059024295	0.592443852028073
0.142794	0.228793	-0.23512	0.00602238	-0.00466835	-0.00166335	0.01457	0.013637	-0.027625	-0.00014646	2.39100000000003e-05	1.25099999999999e-05	0.064976	-0.0179144269	-0.0401240904	0.0453609212	0.0090953929	-0.0515825363	0.02618914	0.0336681095	-0.0492194833	0	0.0492194833	-0.0336681095	-0.02618914	0.0515825363	-0.0090953929	-0.0453609212	0.0401240904	0.0179144269	-0.0523782801	0.0179144269	0.0401240904	-0.0453609212	0.0002439285	0.016988594	0.0173706281	0.0268601605	0.0393053798	0.0047623339	0.0035919636	-0.0164816823	0.0133112442	-0.0741773003	0	0	0	0	0	0	0	0	-0.106389553956784	0.229546181271254	0.448081059024295	0.592443852028073
0.13097	0.201156	-0.178782	0.00588601	-0.00445991	-0.00169224	-0.011824	-0.027637	0.056338	-0.00013637	0.00020844	-2.889e-05	0.114484	-0.018126369	-0.0398324213	0.0456957037	0.0082049152	-0.0513745965	0.0273531403	0.0324425845	-0.0498077248	0.0020309873	0.0484020114	-0.0355316183	-0.0238094045	0.0520108938	-0.0121890533	-0.0435744473	0.0423483678	0.014263743	-0.0522207755	0.0218799809	0.0370769179	-0.0475421407	-0.0068408043	-0.0633897294	0.0017641755	0.0060454588	0.0527305683	-0.0237062496	0.006527375	0.0411933606	0.0142484591	-0.0041600012	0	0	0	0	0	0	0	0	-0.949681312228174	0.234528444210701	0.448081059024295	0.592443852028073
0.120467	0.179341	-0.222752	0.00627817	-0.0040551	-0.00237086	-0.010503	-0.021815	-0.04397	0.00039216	0.00040481	-0.00067862	0.1500675	-0.0183379745	-0.0395377932	0.0460228486	0.0073119995	-0.0511428052	0.028498854	0.0311875391	-0.0503367722	0.0040589197	0.0474946641	-0.0373152977	-0.0213660101	0.0522760543	-0.015238359	-0.0416059582	0.044371389	0.0105365379	-0.0517492091	0.0256989275	0.0337544877	-0.0493342563	0.0064019882	0.0197118337	-0.0212799029	-0.003811157	0.0282067619	0.0417095152	-0.0027250417	-0.0042387668	0.0060694722	-0.0081648221	0	0	0	0	0	0	0	0	-0.077883511746453	0.186805133070391	0.448081059024295	0.592443852028073
0.111836	0.179312	-0.164536	0.00604256	-0.0040551	-0.00217822	-0.00863100000000001	-2.90000000000013e-05	0.058216	-0.00023561	0	0.00019264	0.0882885	-0.0185492395	-0.0392402281	0.0463423012	0.0064169112	-0.0508872699	0.0296255153	0.0299041152	-0.0508059967	0.0060807472	0.0464991262	-0.03901514	-0.0188654898	0.0523771858	-0.0182322141	-0.0394636764	0.0461835398	0.006752807	-0.0509664168	0.0293456776	0.0301814655	-0.0507226006	-0.0177211321	0.0084598919	-0.0478867093	-0.0260960044	0.0256855674	0.0396676095	-0.0388430439	0.0222815102	0.0034410312	-0.0180336453	0	0	0	0	0	0	0	0	-2.04378151478013	0.25104474402747	0.448081059024295	0.592443852028073
0.106145	0.179302	-0.184164	0.00628214	-0.00398266	-0.002385	-0.00569099999999999	-1.00000000000378e-05	-0.019628	0.00023958	7.244e-05	-0.00020678	0.0512690000000001	-0.0187601599	-0.0389397479	0.0466540082	0.0055199161	-0.0506081094	0.030732371	0.0285934806	-0.0512148408	0.0080934286	0.0454172463	-0.0406273263	-0.016314529	0.0523139709	-0.0211597241	-0.0371565505	0.0477762082	0.0029328492	-0.0498771065	0.0327957961	0.0263843771	-0.0516958108	0.0021826196	-0.0133329324	-0.0626730146	0.0186174822	-0.0531730373	0.0482348524	0.0590386142	0.0074882026	0.0056939282	-0.0410233627	0	0	0	0	0	0	0	0	-1.90278552374883	0.240525755573746	0.448081059024295	0.592443852028073
0.106196	0.203545	-0.191782	0.00579044	-0.00361074	-0.00209082	5.09999999999955e-05	0.024243	-0.00761799999999996	-0.0004917	0.00037192	0.00029418	0.089802	-0.018970732	-0.0386363752	0.0469579174	0.004621281	-0.0503054532	0.0318186811	0.027256828	-0.0515628185	0.0100939368	0.0442510332	-0.0421482344	-0.0137199483	0.0520866082	-0.0240102362	-0.0346942175	0.0491418251	-0.0009028426	-0.0484878293	0.0360261653	0.0223914121	-0.0522459219	0.0138492496	0.0445120303	-0.0128440225	0.0057583201	-0.0037400274	0.0109110574	-0.0498684401	-0.063513511	-0.0131530032	-0.0299260259	0	0	0	0	0	0	0	0	-1.6210595623877	0.589511649423417	0.448081059024295	0.592443852028073
0.106134	0.179344	-0.190707	0.00574899	-0.00388053	-0.00222666	-6.20000000000065e-05	-0.024201	0.00107499999999999	-4.14500000000002e-05	-0.00026979	-0.00013584	0.047692	-0.0191809517	-0.0383301323	0.0472539781	0.0037212726	-0.0499794418	0.0328837193	0.0258953737	-0.0518495163	0.0120792627	0.0430026525	-0.0435744473	-0.0110886847	0.0516958108	-0.0267733776	-0.0320869629	0.0502739006	-0.0047336909	-0.0468069407	0.03901514	0.0182322141	-0.0523684314	-0.0156270509	-0.0898313163	-0.0091987781	-0.0042612252	-0.026513292	-0.043229387	0.0069679534	0.0303236277	0.0252696751	0.0031550343	0	0	0	0	0	0	0	0	-1.46699063369837	0.372423567378908	0.448081059024295	0.592443852028073
0.102411	0.201759	-0.254369	0.00602815	-0.00399804	-0.00210686	-0.003723	0.022415	-0.063662	0.00027916	-0.000117509999999999	0.0001198	0.1156235	-0.0193908153	-0.0380210421	0.0475421407	0.0028201586	-0.0496302266	0.0339267737	0.0245103563	-0.0520745933	0.0140464202	0.0416744222	-0.0449027607	-0.0084277735	0.0511428052	-0.0294390937	-0.0293456776	0.0511670547	-0.0085391442	-0.0448445497	0.0417426926	0.0139376608	-0.0520623368	0.0242984484	0.0552544915	0.0145400788	0.0239911897	-0.0514850785	0.0012426766	-0.0005846226	-0.094949581	-0.005281255	-0.0047953883	0	0	0	0	0	0	0	0	0.814739471174465	0.636850736294033	0.448081059024295	0.592443852028073
0.106108	0.211592	-0.179065	0.00588895	-0.00404803	-0.00210211	0.00369700000000001	0.00983300000000001	0.075304	-0.000139200000000001	-4.99900000000006e-05	4.74999999999998e-06	0.0985310000000001	-0.0196003187	-0.0377091275	0.0478223571	0.0019182066	-0.0492579697	0.0349471469	0.0231030362	-0.0522377823	0.0159924506	0.0402688086	-0.0461301902	-0.0057443291	0.0504293264	-0.0319976841	-0.0264818121	0.0518170426	-0.0122987873	-0.0426124582	0.044190547	0.0095396348	-0.0513301431	-0.0166013901	-0.0247922259	0.0576578094	-0.0456234739	0.0170012528	-0.058380476	-0.0506980475	0.0179308066	0.0248643259	0.0189089575	0	0	0	0	0	0	0	0	-0.540970898836649	1.57639224709742	0.448081059024295	0.592443852028073
0.106139	0.179287	-0.20225	0.00614179	-0.00386454	-0.00210178	3.10000000000171e-05	-0.032305	-0.023185	0.000252840000000001	0.00018349	3.29999999999775e-07	0.077354	-0.0198094581	-0.0373944116	0.0480945804	0.0010156846	-0.048862844	0.0359441567	0.021674694	-0.0523388891	0.0179144269	0.0387884217	-0.0472539781	-0.0030455261	0.0495576132	-0.0344398384	-0.0235073292	0.0522207755	-0.0159924506	-0.0401240904	0.0463423012	0.0050707869	-0.050177843	0.0339650696	0.0102693103	0.0560911244	-0.0147239002	-0.0633731204	-0.0263775226	0.0556149928	-0.0350912058	0.0401566457	0.0695497635	0	0	0	0	0	0	0	0	0.380246521014057	0.971952147182355	0.448081059024295	0.592443852028073
0.117792	0.214792	-0.0687032	0.00597796	-0.00406369	-0.000926696	0.011653	0.035505	0.1335468	-0.00016383	-0.00019915	0.001175084	0.257608	-0.0200182296	-0.0370769179	0.0483587652	0.0001128608	-0.0484450328	0.0369171367	0.0202266294	-0.0523777937	0.0198094581	0.0372360105	-0.0482715996	-0.0003385804	0.0485304007	-0.0367566699	-0.0204346535	0.0523763346	-0.0196003187	-0.0373944116	0.0481835374	0.0005642937	-0.0486148674	0.0352862184	-0.013111345	0.052405813	-0.0370948214	-0.0111530404	-0.0572682077	-0.0321519313	-0.0021848216	-0.0026143309	0.0148340543	0	0	0	0	0	0	0	0	1.17494293370421	1.05587524115503	0.448081059024295	0.592443852028073
0.170412	0.131481	-0.196427	0.00547853	-0.00466888	-0.000839867	0.05262	-0.083311	-0.1277238	-0.00049943	-0.00060519	8.68290000000001e-05	0.32322725	-0.0202266294	-0.0367566699	0.0486148674	-0.0007899965	-0.0480047303	0.0378654364	0.0187601599	-0.0523544498	0.021674694	0.0356144575	-0.0491807684	0.0023692706	0.0473509122	-0.0389397479	-0.01727662	0.0522829807	-0.0231030362	-0.0344398384	0.0497019183	-0.0039463888	-0.0466540082	0.0168617572	-0.0082327017	0.0377541775	0.0272724868	-0.0769918383	-0.0271325129	0.044470881	-0.0244292858	0.0311198924	0.0266068521	0	0	0	0	0	0	0	0	0.545750157150646	0.314031274883272	0.448081059024295	-1.68540061352814
0.151728	0.161269	-0.168752	0.00621063	-0.00408252	-0.00122482	-0.018684	0.029788	0.027675	0.0007321	0.00058636	-0.000384953	0.16131765	-0.0204346535	-0.0364336915	0.048862844	-0.0016926191	-0.0475421407	0.0387884217	0.01727662	-0.0522688852	0.0235073292	0.0339267737	-0.0499794418	0.0050707869	0.0460228486	-0.0409811285	-0.0140464202	0.0519411573	-0.0264818121	-0.03127814	0.0508872699	-0.0084277735	-0.044311314	0.0128449172	0.0352939944	0.070547417	0.0022057146	-0.0325922887	-0.0391508996	-0.0059436394	-0.0498304028	0.015701352	0.0057777871	0	0	0	0	0	0	0	0	0.61340557925889	0.569626775940332	0.448081059024295	-1.68540061352814
0.102995	0.142659	-0.236229	0.00610845	-0.00385286	-0.001336	-0.048733	-0.01861	-0.067477	-0.00010218	0.00022966	-0.00011118	0.156971	-0.0206422981	-0.0361080066	0.0491026536	-0.0025947387	-0.0470574788	0.0396854757	0.0157773596	-0.0521212014	0.025304607	0.0321760928	-0.0506658255	0.0077587455	0.0445503769	-0.0428733831	-0.010757547	0.051352489	-0.0297185201	-0.0279283311	0.0517316498	-0.0128465907	-0.0416059582	-0.0128331694	0.0238018534	0.0346337453	0.0383797732	-0.022813155	-0.0130137203	0.006851404	-0.0396328008	0.0120219198	-0.0217361508	0	0	0	0	0	0	0	0	0.436019685123841	0.331697748124623	0.448081059024295	0.592443852028073
0.0919752	0.183704	-0.166644	0.00594976	-0.00334539	-0.00173028	-0.0110198	0.041045	0.069585	-0.000158689999999999	0.00050747	-0.00039428	0.1746718	-0.0208495594	-0.0357796393	0.0493342563	-0.0034960873	-0.0465509697	0.0405559987	0.014263743	-0.0519115742	0.0270638244	0.0303656657	-0.0512383773	0.0104259597	0.0429381175	-0.0446096262	-0.0074237382	0.0505197734	-0.0327957961	-0.024410558	0.0522294002	-0.0171700353	-0.0385600826	-0.006099224	0.0212610284	0.0613503684	0.0285856866	0.0861230482	-0.0502216357	-0.0213982745	-0.0218514358	-0.0029679247	-0.0351284564	0	0	0	0	0	0	0	0	0.732313765485998	0.025448535362374	0.448081059024295	0.592443852028073
0.0841452	0.151279	-0.177607	0.00600095	-0.00334539	-0.00222868	-0.00782999999999999	-0.032425	-0.010963	5.11899999999996e-05	0	-0.0004984	0.0786975	-0.0210564335	-0.0354486142	0.0495576132	-0.0043963972	-0.0460228486	0.0413994086	0.0127371473	-0.0516402525	0.0287823352	0.028498854	-0.0516958108	0.0130652981	0.0411911291	-0.0461835398	-0.0040589197	0.0494469678	-0.0356971313	-0.0207459769	0.0523771858	-0.0213660101	-0.0351986159	-0.0285721432	-0.0567313025	0.0153688684	0.0336035821	0.022403422	-0.0293627407	0.0716846102	0.046033736	0.001240333	0.0046870688	0	0	0	0	0	0	0	0	-0.277314825835982	1.46111707373766	0.448081059024295	0.592443852028073
0.100534	0.192651	-0.171447	0.00593049	-0.00345726	-0.0027014	0.0163888	0.041372	0.00615999999999997	-7.04599999999996e-05	-0.00011187	-0.00047272	0.0966733	-0.0212629165	-0.0351149558	0.049772687	-0.0052954007	-0.0454733605	0.0422151417	0.0111989617	-0.0513075588	0.0304575546	0.0265791242	-0.0520370985	0.015669704	0.0393148935	-0.0475893965	-0.0006771467	0.0481391707	-0.0384069609	-0.0169566271	0.0521740164	-0.0254033645	-0.0315490697	0.0066459779	0.0442888894	-0.0193729318	0.0082052509	0.0250716546	0.038876494	-0.0280663293	-0.0295775054	-0.007734254	0.001691938	0	0	0	0	0	0	0	0	0.751448573195385	0.489790617908834	0.448081059024295	0.592443852028073
0.131945	0.167131	-0.104529	0.00573492	-0.00425617	-0.00218536	0.031411	-0.02552	0.066918	-0.00019557	-0.00079891	0.00051604	0.199375	-0.0214690046	-0.0347786889	0.0499794418	-0.0061928308	-0.0449027607	0.0430026525	0.0096505858	-0.0509138886	0.0320869629	0.0246100408	-0.0522614734	0.0182322141	0.0373152977	-0.0488220806	0.0027074549	0.0466025972	-0.0409107473	-0.0130652981	0.0516212534	-0.0292521253	-0.0276413132	-0.0169058004	0.0023901976	-0.0304706115	-0.0138659428	0.0293530263	0.0149411026	-0.0550056696	0.0466548946	0.0110559285	0.0187109432	0	0	0	0	0	0	0	0	0.792885340739063	1.31667490302343	0.448081059024295	0.592443852028073
0.111053	0.167153	-0.161884	0.00554501	-0.00449528	-0.0023134	-0.020892	2.19999999999942e-05	-0.057355	-0.00018991	-0.00023911	-0.00012804	0.106122	-0.021674694	-0.0344398384	0.050177843	-0.0070884207	-0.044311314	0.0437614146	0.0080934286	-0.0504597097	0.0336681095	0.0225952602	-0.0523684314	0.0207459769	0.0351986159	-0.0498771065	0.0060807472	0.0448445497	-0.0431950583	-0.0090953929	0.0507226006	-0.0328837193	-0.0235073292	-0.0187933181	-0.0278431577	-0.0359701829	0.0451421645	-0.055368888	0.0298269047	0.0787867118	0.0091276581	0.0105119494	-0.0398209018	0	0	0	0	0	0	0	0	0.233812721073815	1.21938892182295	0.448081059024295	0.592443852028073
0.111047	0.167188	-0.204818	0.00521506	-0.00439302	-0.00236407	-5.99999999999212e-06	3.50000000000073e-05	-0.042934	-0.000329950000000001	0.00010226	-5.06699999999996e-05	0.067119	-0.0218799809	-0.0340984296	0.0503678575	-0.0079819045	-0.043699295	0.0444909208	0.0065289069	-0.0499455618	0.0351986159	0.0205385235	-0.0523577323	0.0232042715	0.0329714899	-0.050750635	0.0094286395	0.0428733831	-0.0452476394	-0.0050707869	0.0494840794	-0.0362711858	-0.0191809517	0.0062587029	0.0302284504	0.0162435457	0.0552974974	-0.0004479641	-0.0130663206	-0.0069781954	-0.0591671759	-0.0143412614	-0.0393071822	0	0	0	0	0	0	0	0	0.342933353190674	0.440200101825951	0.448081059024295	0.592443852028073
0.129013	0.167134	-0.139454	0.005139	-0.00396549	-0.00185964	0.017966	-5.39999999999985e-05	0.065364	-7.60599999999993e-05	0.00042753	0.00050443	0.133785	-0.0220848615	-0.0337544877	0.0505494535	-0.0088730165	-0.0430669878	0.0451906832	0.0049584444	-0.0493720561	0.0366761804	0.0184436498	-0.0522294002	0.0256005252	0.0306409077	-0.0514394875	0.0127371473	0.0406984653	-0.0470574788	-0.0010156846	0.0479139886	-0.0393893764	-0.0146975897	-0.0197849975	-0.034746204	0.0381125358	0.0246286147	0.0728689103	-0.0735373554	-0.0521212748	0.0169307414	0.005107293	-0.0348108447	0	0	0	0	0	0	0	0	0.219544084497704	1.1880111352222	0.448081059024295	0.592443852028073
0.106166	0.15967	-0.201652	0.00510962	-0.00433218	-0.00224102	-0.022847	-0.007464	-0.062198	-2.93800000000007e-05	-0.000366689999999999	-0.00038138	0.1313815	-0.0222893319	-0.0334080384	0.0507226006	-0.0097614921	-0.0424146861	0.0458602343	0.0033834701	-0.048739874	0.0380985803	0.016314529	-0.0519837232	0.0279283311	0.028214182	-0.0519411573	0.0159924506	0.0383301323	-0.0486148674	0.0030455261	0.0460228486	-0.0422151417	-0.0100939368	0.0113645178	0.0047386795	0.0258610968	0.0481214269	-0.0107275811	-0.0229802612	0.0601854809	-0.0186957291	-0.0029781964	0.0122873035	0	0	0	0	0	0	0	0	0.881152069104095	1.79680157663205	0.448081059024295	0.592443852028073
0.114812	0.178684	-0.184267	0.00498645	-0.00396549	-0.00220412	0.00864599999999997	0.019014	0.017385	-0.00012317	0.000366689999999999	3.68999999999999e-05	0.071383	-0.0224933884	-0.0330591074	0.0508872699	-0.0106470671	-0.0417426926	0.0464991262	0.001805417	-0.0480497669	0.0394636764	0.0141551145	-0.0516212534	0.0301814655	0.0256989275	-0.0522538189	0.0191809517	0.0357796393	-0.04991145	0.0070884207	0.043823331	-0.0447275033	-0.005407671	-0.0144398644	0.0308431844	0.0299728194	-0.0231829554	0.0341606889	-0.0181418292	-0.0265991746	-0.0267801026	-0.0018082434	-0.0147810499	0	0	0	0	0	0	0	0	-2.1262066627732	1.68327190103049	-2.22840312389761	-1.68540061352814
0.0933789	0.147149	-0.0464117	0.00512857	-0.00396549	-0.00168189	-0.0214331	-0.031535	0.1378553	0.00014212	0	0.00052223	0.2240409	-0.0226970271	-0.0327077205	0.051043434	-0.0115294786	-0.0410513194	0.0471069319	0.0002257211	-0.047302555	0.0407694154	0.011969416	-0.0511428052	0.032353904	0.0231030362	-0.0523763346	0.0222893319	0.0330591074	-0.050940271	0.0110886847	0.0413301739	-0.0469078096	-0.0006771467	0.0491374028	-0.0823705315	0.0027546792	-0.0121829645	-0.0239705976	-0.0384172992	0.0248306257	0.0385461164	-0.0170731863	0.0471730286	0	0	0	0	0	0	0	0	-0.26733988607439	0.05053113377414	-2.22840312389761	-1.68540061352814
0.134201	0.157492	-0.109834	0.00461912	-0.00471274	-0.00176259	0.0408221	0.010343	-0.0634223	-0.00050945	-0.00074725	-8.07000000000002e-05	0.1814574	-0.0229002443	-0.032353904	0.0511910666	-0.0124084642	-0.0403408874	0.0476832451	-0.0013541801	-0.0464991262	0.0420138333	0.0097614921	-0.0505494535	0.0344398384	0.0204346535	-0.0523082586	0.025304607	0.0301814655	-0.0516958108	0.0150222601	0.0385600826	-0.048739874	0.0040589197	0.0425385152	0.0431699968	0.0024551986	0.0249354748	-0.022705399	0.0091681614	-0.0166355907	-0.0550563366	-0.0197656523	-0.0023795442	0	0	0	0	0	0	0	0	-0.432593953523552	-0.362120328432681	-2.22840312389761	-1.68540061352814
0.137458	0.152533	-0.134077	0.00453324	-0.00437334	-0.0012125	0.00325700000000001	-0.00495900000000002	-0.024243	-8.588e-05	0.0003394	0.00055009	0.0812275	-0.0231030362	-0.0319976841	0.0513301431	-0.0132837629	-0.0396117264	0.0482276804	-0.0029328492	-0.0456404355	0.0431950583	0.0075354425	-0.0498425313	0.0364336915	0.017702152	-0.0520498384	0.028214182	0.0271603893	-0.0521740164	0.0188654898	0.0355316183	-0.0502100954	0.0087617663	-0.023279958	-0.0725985123	0.0184077526	0.0029805878	0.0179240522	-0.0556627153	-0.0119455556	0.0201043639	0.0229957419	0.0186358864	0	0	0	0	0	0	0	0	-0.095718052651961	-1.08218644032232	-2.22840312389761	-1.68540061352814
0.150828	0.158072	-0.152493	0.00558105	-0.00411736	-0.00186761	0.01337	0.00553899999999999	-0.018416	0.00104781	0.00025598	-0.00065511	0.13527	-0.0233053991	-0.0316390872	0.0514606403	-0.0141551145	-0.0388641751	0.048739874	-0.0045088495	-0.0447275033	0.044311314	0.0052954007	-0.049023627	0.0383301323	0.0149141057	-0.0516020147	0.0310059033	0.0240102362	-0.0523723222	0.0225952602	0.0322650733	-0.0513075588	0.013392903	0.0070626829	0.022188369	0.0536056192	-0.0568833278	-0.0046755305	-0.00998452	0.0117280542	-0.0414254913	0.0020536013	0.0120938722	0	0	0	0	0	0	0	0	0.75952456015097	-1.25308934437868	-2.22840312389761	-1.68540061352814
0.130977	0.166602	-0.100131	0.00545229	-0.00421262	-0.0013245	-0.019851	0.00853000000000001	0.052362	-0.000128759999999999	-9.52600000000007e-05	0.00054311	0.1190995	-0.0235073292	-0.03127814	0.0515825363	-0.0150222601	-0.0380985803	0.0492194833	-0.0060807472	-0.0437614146	0.0453609212	0.0030455261	-0.0480945804	0.0401240904	0.0120792627	-0.0509664168	0.0336681095	0.0207459769	-0.0522896643	0.02618914	0.0287823352	-0.0520241169	0.0179144269	-0.0275050815	-0.0538837439	-0.0057157222	-0.0505539968	0.0297992257	-0.0102621639	-0.016482621	0.0427693653	0.0018005785	0.045340371	0	0	0	0	0	0	0	0	-0.401149414298583	-0.801619409765078	-2.22840312389761	-1.68540061352814
0.130944	0.174664	-0.149381	0.0058175	-0.00443157	-0.00201578	-3.30000000000052e-05	0.00806200000000001	-0.04925	0.000365209999999999	-0.00021895	-0.00069128	0.121117	-0.0237088227	-0.0309148693	0.0516958108	-0.015884942	-0.0373152977	0.0496661877	-0.0076471118	-0.0427433176	0.0463423012	0.0007899965	-0.0470574788	0.0418107693	0.009206518	-0.0501453577	0.0361896802	0.0173831246	-0.0519264863	0.0296255153	0.0251067401	-0.0523544498	0.0222893319	0.0040132612	0.0331791476	-0.05129795	0.0337522087	0.0109993449	0.063492958	0.0270242974	-0.0059790101	-0.0259431405	0.0122541017	0	0	0	0	0	0	0	0	0.403582169255378	-0.650509071876863	-2.22840312389761	-1.68540061352814
0.144801	0.187072	-0.0627901	0.00495466	-0.00430217	-0.00183906	0.013857	0.012408	0.0865909	-0.00086284	0.0001294	0.00017672	0.1713039	-0.0239098759	-0.030549302	0.0518004449	-0.016742904	-0.0365146908	0.0500796887	-0.009206518	-0.0416744222	0.0472539781	-0.0014670001	-0.0459146523	0.0433856593	0.0063048856	-0.0491418251	0.0385600826	0.0139376608	-0.0512847364	0.0328837193	0.0212629165	-0.0522961052	0.0264818121	-0.0274328751	-0.0049267719	-0.0495476924	-0.0007856022	0.0676409565	0.0430393485	-0.0529821401	0.0561591396	-0.0015183596	-0.0515816589	0	0	0	0	0	0	0	0	0.690898190367174	-0.645604397510644	-2.22840312389761	0.592443852028073
0.130945	0.148707	-0.123635	0.00509131	-0.00423443	-0.0024679	-0.013856	-0.038365	-0.0608449	0.00013665	6.77400000000002e-05	-0.00062884	0.1547274	-0.024110485	-0.0301814655	0.051896421	-0.0175958911	-0.0356971313	0.0504597097	-0.010757547	-0.0405559987	0.0480945804	-0.0037212726	-0.0446686685	0.0448445497	0.0033834701	-0.0479594708	0.0407694154	0.0104259597	-0.0503678575	0.0359441567	0.01727662	-0.0518495163	0.0304575546	0.0008615476	0.0033672788	-0.0607101363	0.031310628	-0.0025226653	0.0629441214	0.0506880695	0.0139707646	0.00496782	-0.01149455	0	0	0	0	0	0	0	0	0.624787863339411	-0.79781269023504	-2.22840312389761	0.592443852028073
0.130952	0.18712	-0.108865	0.00488985	-0.00430217	-0.00196079	6.99999999997925e-06	0.038413	0.01477	-0.00020146	-6.77400000000002e-05	0.00050711	0.0920055	-0.0243106464	-0.0298113868	0.0519837232	-0.0184436498	-0.0348629988	0.0508059967	-0.0122987873	-0.0393893764	0.048862844	-0.0059686353	-0.0433223267	0.0461835398	0.0004514381	-0.0466025972	0.0428084497	0.0068647103	-0.0491807684	0.0387884217	0.0131745611	-0.0510179984	0.0341840202	-0.0067249866	0.0482617746	-0.0346135425	-0.0302238151	0.0493381647	0.0522948945	-0.0412376838	-0.0037999553	-0.0084476909	-0.0397738938	0	0	0	0	0	0	0	0	0.611393971983923	-1.00050688700118	0.448081059024295	0.592443852028073
0.130943	0.156707	-0.0959525	0.00484628	-0.00458728	-0.00179032	-8.99999999998125e-06	-0.030413	0.0129125	-4.35700000000006e-05	-0.00028511	0.00017047	0.068292	-0.0245103563	-0.0294390937	0.0520623368	-0.0192859283	-0.0340126806	0.0511183183	-0.0138288366	-0.0381759417	0.0495576132	-0.0082049152	-0.0418786518	0.0473990497	-0.0024820104	-0.0450761418	0.0446686685	0.0032708371	-0.0477298374	0.0413994086	0.0089842256	-0.0498077248	0.0376307102	-0.0147364005	-0.0803415177	-0.0678174657	-0.0447421515	-0.0243865974	0.0223230732	0.0348191338	0.0795048409	-0.0055733552	0.0087151914	0	0	0	0	0	0	0	0	0.276093560591617	-1.07748275564008	0.448081059024295	0.592443852028073
0.142629	0.153969	-0.151313	0.00532863	-0.00480017	-0.00208348	0.011686	-0.00273799999999999	-0.0553605	0.00048235	-0.00021289	-0.00029316	0.1192045	-0.024709611	-0.0290646136	0.0521322486	-0.0201224762	-0.0331465714	0.0513964655	-0.0153463027	-0.0369171367	0.050177843	-0.0104259597	-0.0403408874	0.0484878293	-0.005407671	-0.0433856593	0.0463423012	-0.0003385804	-0.0460228486	0.0437614146	0.0047336909	-0.0482276804	0.0407694154	0.005012618	0.052796882	-0.0296220252	-0.046599757	-0.03347661	0.052082955	-0.0072601141	-0.0459864504	-0.0183098405	-0.010736332	0	0	0	0	0	0	0	0	-1.46499352650357	-1.05705759486663	0.448081059024295	0.592443852028073
0.137509	0.156772	-0.140659	0.00475147	-0.0045516	-0.0020979	-0.00512000000000001	0.002803	0.010654	-0.00057716	0.00024857	-1.44199999999998e-05	0.0605845	-0.0249084068	-0.0286879745	0.0521934471	-0.0209530451	-0.0322650733	0.0516402525	-0.0168498047	-0.0356144575	0.0507226006	-0.0126276447	-0.0387124883	0.0494469678	-0.0083163637	-0.0415373011	0.0478223571	-0.0039463888	-0.0440689593	0.0458602343	0.0004514381	-0.0462895956	0.0435744473	-0.0167164226	-0.000522485	-0.0033787772	-0.0743772582	-0.0015536448	0.0094548177	-0.0269793076	0.0277641588	0.0123069001	0.0198160174	0	0	0	0	0	0	0	0	1.05605593990195	-1.05341712137112	0.448081059024295	0.592443852028073
0.116849	0.15667	-0.21164	0.00522879	-0.0049124	-0.00222111	-0.02066	-0.000101999999999991	-0.070981	0.00047732	-0.0003608	-0.00012321	0.1398095	-0.0251067401	-0.0283092043	0.0522459219	-0.021777388	-0.0313685957	0.0518495163	-0.0183379745	-0.0342694522	0.0511910666	-0.0148058821	-0.0369971132	0.0502739006	-0.0111989617	-0.0395377932	0.0491026536	-0.0075354425	-0.0418786518	0.0476832451	-0.0038338396	-0.0440078585	0.0460228486	-0.0281461459	0.0274014681	-0.0402206397	0.0003908081	-0.0023594853	0.0294432642	0.0132117042	0.0190091474	-0.0073422368	0.0444507042	0	0	0	0	0	0	0	0	-1.77431983276022	-0.982303772432013	0.448081059024295	0.592443852028073
0.130834	0.172411	-0.139268	0.0049732	-0.00489067	-0.0020249	0.013985	0.015741	0.072372	-0.00025559	2.17300000000002e-05	0.00019621	0.1257745	-0.025304607	-0.0279283311	0.0522896643	-0.0225952602	-0.0304575546	0.0520241169	-0.0198094581	-0.0328837193	0.0515825363	-0.0169566271	-0.0351986159	0.0509664168	-0.0140464202	-0.0373944116	0.050177843	-0.0110886847	-0.0394636764	0.0492194833	-0.0080934286	-0.0413994086	0.0480945804	-0.0150762225	0.0052327001	-0.0407095794	0.0164308261	0.0520590716	-0.0039235199	-0.0206565321	0.0283728601	-0.0109816306	-0.0320548594	0	0	0	0	0	0	0	0	-2.11656466715998	-1.07863018194668	0.448081059024295	0.592443852028073
0.130828	0.161933	-0.210428	0.00562648	-0.00491842	-0.0024427	-5.99999999992273e-06	-0.010478	-0.07116	0.00065328	-2.775e-05	-0.0004178	0.1365855	-0.0255020041	-0.0275453833	0.052324667	-0.0234064185	-0.0295323731	0.0521639377	-0.0212629165	-0.0314589057	0.051896421	-0.0190758861	-0.0333210373	0.0515226647	-0.0168498047	-0.0351149558	0.051043434	-0.0145892291	-0.0368369888	0.0504597097	-0.0122987873	-0.0384836111	0.049772687	-0.0334330457	0.0130556784	-0.0321829205	0.0053577037	-0.0295848975	0.0290026489	0.0406156415	0.0079996719	0.0088231521	-0.0363373076	0	0	0	0	0	0	0	0	-2.34830383293959	-1.06943689712135	0.448081059024295	0.592443852028073
0.130864	0.171047	-0.210798	0.00588449	-0.00477575	-0.00240183	3.59999999999527e-05	0.00911400000000001	-0.000369999999999982	0.00025801	0.00014267	4.08699999999997e-05	0.0315975	-0.0256989275	-0.0271603893	0.0523509242	-0.0242106219	-0.0285934806	0.0522688852	-0.0226970271	-0.0299967047	0.0521322486	-0.0211597241	-0.0313685957	0.0519411573	-0.0196003187	-0.0327077205	0.0516958108	-0.0180204398	-0.0340126806	0.0513964655	-0.0164217376	-0.0352821126	0.051043434	-0.0150721972	0.0425278697	-0.0093471907	-0.0398423353	-0.0354161999	0.031754846	-0.0149423495	-0.0167368727	0.0287767934	0.0278913069	0	0	0	0	0	0	0	0	0.739215245948354	-1.03689291353812	0.448081059024295	0.592443852028073
0.119255	0.1565	-0.257972	0.00602264	-0.00419619	-0.00217558	-0.011609	-0.014547	-0.047174	0.00013815	0.00057956	0.00022625	0.120528	-0.0258953737	-0.0267733776	0.0523684314	-0.0250076315	-0.0276413132	0.0523388891	-0.024110485	-0.028498854	0.0522896643	-0.0232042715	-0.0293456776	0.0522207755	-0.0222893319	-0.0301814655	0.0521322486	-0.0213660101	-0.0310059033	0.0520241169	-0.0204346535	-0.0318186811	0.051896421	-0.0589390989	0.0183473892	-0.0179560626	0.0160399746	-0.0357926276	0.0166758516	-0.0167702677	0.0004819704	0.0056554524	0.0009365171	0	0	0	0	0	0	0	0	-0.72627801945631	-0.977864211860217	0.448081059024295	0.592443852028073
0.122708	0.180726	-0.196422	0.00529371	-0.0044708	-0.00208847	0.00345299999999994	0.024226	0.06155	-0.00072893	-0.00027461	8.71100000000001e-05	0.1437615	-0.0260913389	-0.0263843771	0.0523771858	-0.0257972105	-0.0266763128	0.0523739028	-0.0255020041	-0.0269671338	0.0523684314	-0.0252057321	-0.027256828	0.0523607718	-0.0249084068	-0.0275453833	0.0523509242	-0.0246100408	-0.0278327876	0.0523388891	-0.0243106464	-0.0281190288	0.052324667	-0.0064476004	-0.047110422	0.0648224176	-0.0193536338	0.0141532609	-0.0774720378	-0.025222619	0.0076337788	0.0049852933	-0.0140367538	0	0	0	0	0	0	0	0	-0.231828632058997	-0.975196436034484	0.448081059024295	0.592443852028073
0.125575	0.18681	-0.284036	0.00605774	-0.00524815	-0.00226107	0.00286699999999999	0.00608400000000001	-0.087614	0.00076403	-0.00077735	-0.0001726	0.182264	-0.0262868196	-0.0259934166	0.0523771858	-0.0265791242	-0.0256989275	0.0523739028	-0.0268703181	-0.0254033645	0.0523684314	-0.0271603893	-0.0251067401	0.0523607718	-0.0274493255	-0.0248090665	0.0523509242	-0.0277371148	-0.0245103563	0.0523388891	-0.028023745	-0.0242106219	0.052324667	-0.0305833359	0.0259641302	0.0495973667	-0.0184451188	-0.0219488484	-0.02009424	0.021088867	-0.0194599918	0.0267520889	0.0641030103	0	0	0	0	0	0	0	0	-1.6718014775285	-0.785083734854579	0.448081059024295	0.592443852028073
0.123759	0.194581	-0.180803	0.0052824	-0.00511284	-0.0023811	-0.001816	0.007771	0.103233	-0.00077534	0.00013531	-0.00012003	0.164354	-0.0264818121	-0.0256005252	0.0523684314	-0.0273531403	-0.024709611	0.0523388891	-0.028214182	-0.0238094045	0.0522896643	-0.0290646136	-0.0229002443	0.0522207755	-0.0299041152	-0.0219824722	0.0521322486	-0.030732371	-0.0210564335	0.0520241169	-0.0315490697	-0.0201224762	0.051896421	-0.0256863021	0.0227706983	0.0024700599	0.0238834827	0.0778528174	-0.0109757854	-0.0363046968	0.0082443521	-0.0108884654	-0.0489866495	0	0	0	0	0	0	0	0	-0.389104866941371	-0.941612039230963	0.448081059024295	0.592443852028073
0.126632	0.181676	-0.239448	0.00605344	-0.00511284	-0.00251698	0.002873	-0.012905	-0.058645	0.000771040000000001	0	-0.00013588	0.119769	-0.0266763128	-0.0252057321	0.0523509242	-0.0281190288	-0.0237088227	0.0522688852	-0.0295323731	-0.0221871482	0.0521322486	-0.0309148693	-0.0206422981	0.0519411573	-0.0322650733	-0.0190758861	0.0516958108	-0.0335815749	-0.0174895484	0.0513964655	-0.0348629988	-0.015884942	0.051043434	-0.0321007144	-0.0071353967	-0.019992161	0.0159287403	-0.0325842668	0.0296333157	0.0737809403	0.0199192833	0.0229354685	-0.0454803205	0	0	0	0	0	0	0	0	-1.77106233398199	-0.772437598985425	0.448081059024295	0.592443852028073
0.123729	0.18289	-0.188537	0.00545506	-0.00461564	-0.0025487	-0.002903	0.00121399999999999	0.050911	-0.00059838	0.0004972	-3.17199999999998e-05	0.111393	-0.0268703181	-0.0248090665	0.052324667	-0.0288765622	-0.0226970271	0.0521639377	-0.0308236917	-0.0205385235	0.051896421	-0.0327077205	-0.0183379745	0.0515226647	-0.0345247919	-0.016099885	0.051043434	-0.0362711858	-0.0138288366	0.0504597097	-0.0379433273	-0.0115294786	0.049772687	0.0110224645	0.0490232523	0.0090533324	-0.0486195904	-0.0180466704	0.0281740449	-0.0331095808	-0.0185116279	-0.0082039779	0.0160103754	0	0	0	0	0	0	0	0	-0.253830830620682	-0.611297840716739	0.448081059024295	0.592443852028073
0.109769	0.177698	-0.188466	0.00527029	-0.00431296	-0.0023997	-0.01396	-0.005192	7.09999999999877e-05	-0.00018477	0.00030268	0.000149	0.0510455	-0.0270638244	-0.024410558	0.0522896643	-0.0296255153	-0.021674694	0.0520241169	-0.0320869629	-0.0188654898	0.0515825363	-0.0344398384	-0.0159924506	0.0509664168	-0.0366761804	-0.0130652981	0.050177843	-0.0387884217	-0.0100939368	0.0492194833	-0.0407694154	-0.0070884207	0.0480945804	-0.0296769309	-0.0712810299	-0.0140441505	-0.0347066644	-0.0539797585	-0.0056010578	0.0027819621	0.0489756423	0.0214163345	0.0652212368	0	0	0	0	0	0	0	0	1.04571208463928	-0.901249503632618	0.448081059024295	0.592443852028073
0.109655	0.186087	-0.2539	0.00551574	-0.00476526	-0.00244422	-0.000114000000000017	0.00838900000000001	-0.065434	0.000245449999999999	-0.0004523	-4.45200000000001e-05	0.1110505	-0.027256828	-0.0240102362	0.0522459219	-0.0303656657	-0.0206422981	0.0518495163	-0.0333210373	-0.0171700353	0.0511910666	-0.0361080066	-0.0136109962	0.0502739006	-0.0387124883	-0.009983168	0.0491026536	-0.0411213197	-0.0063048856	0.0476832451	-0.0433223267	-0.0025947387	0.0460228486	0.0086251616	0.041638076	-0.0044349273	0.0516825798	-0.0039634018	-0.0064039628	-0.006167511	-0.0603408087	-0.0345795299	0.0164825913	0	0	0	0	0	0	0	0	0.480225689131021	-0.828145743195283	0.448081059024295	0.592443852028073
0.109667	0.177745	-0.197191	0.00520921	-0.00462445	-0.00255571	1.2000000000012e-05	-0.00834199999999999	0.056709	-0.00030653	0.000140810000000001	-0.00011149	0.0930045000000001	-0.0274493255	-0.0236081307	0.0521934471	-0.0310967934	-0.0196003187	0.0516402525	-0.0345247919	-0.015454175	0.0507226006	-0.0377091275	-0.0111989617	0.0494469678	-0.0406273263	-0.0068647103	0.0478223571	-0.0432587929	-0.0024820104	0.0458602343	-0.0455849554	0.0019182066	0.0435744473	-0.0252138137	-0.0226371234	0.0117035429	0.0121105305	0.0501440082	-0.0500427155	-0.0406146338	0.0243279559	0.0080186223	-0.0237275288	0	0	0	0	0	0	0	0	0.613506522124642	-0.785713719827493	0.448081059024295	0.592443852028073
0.114865	0.177616	-0.232492	0.00573892	-0.00484738	-0.00239489	0.00519800000000001	-0.000129000000000018	-0.035301	0.00052971	-0.00022293	0.00016082	0.086301	-0.0276413132	-0.0232042715	0.0521322486	-0.0318186811	-0.0185492395	0.0513964655	-0.0356971313	-0.0137199483	0.050177843	-0.0392402281	-0.0087617663	0.0484878293	-0.0424146861	-0.0037212726	0.0463423012	-0.0451906832	0.0013541801	0.0437614146	-0.0475421407	0.0064169112	0.0407694154	0.0227512709	0.0226598174	0.0086974613	0.0035711655	-0.0588901681	0.0065396328	0.0647227716	-0.0330999056	-0.0102734961	-0.025038613	0	0	0	0	0	0	0	0	-0.513937172458287	-1.02568133617192	0.448081059024295	0.592443852028073
0.119684	0.177697	-0.178722	0.00537315	-0.00448196	-0.00244273	0.00481899999999999	8.09999999999977e-05	0.05377	-0.00036577	0.00036542	-4.78399999999999e-05	0.0976215	-0.0278327876	-0.0227986886	0.0520623368	-0.0325311144	-0.0174895484	0.0511183183	-0.0368369888	-0.011969416	0.0495576132	-0.0406984653	-0.0063048856	0.0473990497	-0.0440689593	-0.0005642937	0.0446686685	-0.0469078096	0.0051831058	0.0413994086	-0.0491807684	0.0108679768	0.0376307102	0.0229941476	0.0294896986	0.0329386097	-0.0507929016	-0.0401340411	-0.0048843565	-0.0330114761	-0.037798238	-0.0171735473	0.0266909671	0	0	0	0	0	0	0	0	0.519023442084973	-0.988610744174785	0.448081059024295	0.592443852028073
0.109651	0.177624	-0.237236	0.00575856	-0.00484738	-0.00243236	-0.010033	-7.29999999999897e-05	-0.058514	0.00038541	-0.00036542	1.037e-05	0.10668	-0.028023745	-0.0223914121	0.0519837232	-0.0332338815	-0.0164217376	0.0508059967	-0.0379433273	-0.0102046586	0.048862844	-0.0420811315	-0.0038338396	0.0461835398	-0.0455849554	0.0025947387	0.0428084497	-0.0484020114	0.0089842256	0.0387884217	-0.0504898588	0.015238359	0.0341840202	0.0057896529	-0.0272113259	0.0107527141	0.0239409747	-0.0467479375	-0.0240596776	0.0428090702	-0.0007118593	-0.0137945825	0.039078192	0	0	0	0	0	0	0	0	0.342781102348959	-0.997188211529464	0.448081059024295	0.592443852028073
0.109698	0.210869	-0.253773	0.00527029	-0.00484738	-0.00213297	4.70000000000054e-05	0.033245	-0.016537	-0.00048827	0	0.00029939	0.089212	-0.028214182	-0.0219824722	0.051896421	-0.0339267737	-0.0153463027	0.0504597097	-0.03901514	-0.0084277735	0.0480945804	-0.0433856593	-0.0013541801	0.0448445497	-0.0469579174	0.0057443291	0.0407694154	-0.0496661877	0.0127371473	0.0359441567	-0.0514606403	0.0194956122	0.0304575546	0.0153208736	0.0237325045	0.0269701309	0.0525701186	0.0478812301	-0.0284786671	-0.0124216611	-0.0227403539	-0.0371600704	-0.0403861702	0	0	0	0	0	0	0	0	0.418864138356749	-1.01681400117619	0.448081059024295	0.592443852028073
0.099234	0.189027	-0.237556	0.00503101	-0.00484738	-0.00231264	-0.010464	-0.021842	0.016217	-0.000239280000000001	0	-0.00017967	0.0694705	-0.0284040951	-0.0215718994	0.0518004449	-0.034609585	-0.014263743	0.0500796887	-0.0400514517	-0.0066408724	0.0472539781	-0.0446096262	0.0011285219	0.0433856593	-0.0481835374	0.0088730165	0.0385600826	-0.0506943307	0.0164217376	0.0328837193	-0.0520866082	0.0236081307	0.0264818121	-0.0081159048	-0.0608338756	0.0004887566	0.0335718834	0.0096023887	-0.0296411834	0.018212223	0.0367737637	-0.0045994227	-0.0231315428	0	0	0	0	0	0	0	0	0.856517548297373	-0.971757687641222	0.448081059024295	0.592443852028073
0.120167	0.206675	-0.276705	0.00582864	-0.00479306	-0.00231889	0.020933	0.017648	-0.0391490000000001	0.000797630000000001	5.43200000000001e-05	-6.25000000000018e-06	0.12064	-0.0285934806	-0.0211597241	0.0516958108	-0.0352821126	-0.0131745611	0.0496661877	-0.0410513194	-0.0048460789	0.0463423012	-0.0457507597	0.0036086884	0.0418107693	-0.0492579697	0.011969416	0.0361896802	-0.0514815542	0.0200182296	0.0296255153	-0.0523635681	0.0275453833	0.0222893319	0.0248577205	0.0404909276	0.0086936493	0.0285379988	0.0005082882	0.0188731768	-0.0107282802	-0.0485028419	-0.0147568034	-0.0039881339	0	0	0	0	0	0	0	0	-2.44877377300054	-0.623797419527329	0.448081059024295	-1.68540061352814
0.101729	0.200571	-0.17153	0.00504571	-0.00466826	-0.00245374	-0.018438	-0.006104	0.105175	-0.00078293	0.0001248	-0.00013485	0.181846	-0.0287823352	-0.0207459769	0.0515825363	-0.0359441567	-0.0120792627	0.0492194833	-0.0420138333	-0.0030455261	0.0453609212	-0.0468069407	0.0060807472	0.0401240904	-0.050177843	0.0150222601	0.0336681095	-0.0520241169	0.0235073292	0.02618914	-0.0522896643	0.03127814	0.0179144269	0.0082465166	-0.0462226562	0.0225765706	-0.0390064373	0.0416238969	-0.0361990544	-0.0524972615	0.0457219307	0.0138148054	0.006929766	0	0	0	0	0	0	0	0	0.258494367141067	-0.652821787242148	0.448081059024295	-1.68540061352814
0.105676	0.181355	-0.262959	0.00579136	-0.00484738	-0.00267138	0.00394699999999999	-0.019216	-0.091429	0.00074565	-0.00017912	-0.00021764	0.1717125	-0.0289706552	-0.0203306886	0.0514606403	-0.0365955205	-0.0109783563	0.048739874	-0.0429381175	-0.0012413539	0.044311314	-0.0477762082	0.0085391442	0.0383301323	-0.050940271	0.0180204398	0.0310059033	-0.0523194405	0.0268703181	0.0225952602	-0.051865392	0.0347786889	0.013392903	0.0328076147	0.0258703697	-6.52199e-05	0.0087333021	-0.047586254	0.0208221333	0.048229858	-0.0426431148	0.0071308717	0.0209572572	0	0	0	0	0	0	0	0	-0.457889343368487	-0.668252351579947	0.448081059024295	0.592443852028073
0.0989838	0.200963	-0.189668	0.00540958	-0.00461411	-0.00223275	-0.00669219999999998	0.019608	0.073291	-0.00038178	0.00023327	0.00043863	0.1522752	-0.0291584371	-0.0199138901	0.0513301431	-0.0372360105	-0.009872353	0.0482276804	-0.043823331	0.0005642937	0.0431950583	-0.0486567622	0.0109783563	0.0364336915	-0.0515428613	0.0209530451	0.028214182	-0.0523661213	0.0300891549	0.0188654898	-0.051093594	0.0380210421	0.0087617663	0.0126666778	0.0236661349	0.0437222765	-0.0833688975	0.0441563692	-0.0124504353	-0.0493170228	0.0023425231	-0.006037031	-0.0006545016	0	0	0	0	0	0	0	0	1.06158688394118	-0.676913975687974	0.448081059024295	0.592443852028073
0.0917609	0.17752	-0.226557	0.00553745	-0.00484738	-0.00192015	-0.00722290000000002	-0.023443	-0.036889	0.00012787	-0.00023327	0.0003126	0.1012419	-0.0293456776	-0.0194956122	0.0511910666	-0.0378654364	-0.0087617663	0.0476832451	-0.0446686685	0.0023692706	0.0420138333	-0.0494469678	0.013392903	0.0344398384	-0.0519837232	0.0238094045	0.025304607	-0.0521639377	0.0331465714	0.0150222601	-0.0499794418	0.0409811285	0.0040589197	0.0204898747	-0.0492220695	-0.0120960713	-0.039293935	-0.0455992431	0.0009818393	0.0532406506	0.0423155787	-0.0036290172	0.0494826598	0	0	0	0	0	0	0	0	0.42070397545132	-0.593354646570847	0.448081059024295	0.592443852028073
0.101672	0.196672	-0.257969	0.00549812	-0.00513176	-0.00256689	0.00991110000000001	0.019152	-0.031412	-3.93300000000006e-05	-0.00028438	-0.00064674	0.1089976	-0.0295323731	-0.0190758861	0.051043434	-0.0384836111	-0.0076471118	0.0471069319	-0.0454733605	0.0041714317	0.0407694154	-0.0501453577	0.0157773596	0.032353904	-0.0522614734	0.0265791242	0.0222893319	-0.0517138504	0.0360261653	0.0110886847	-0.0485304007	0.0436369724	-0.0006771467	0.0126870456	0.0303734536	-0.0262637218	0.0150686599	0.0251379738	0.0261141455	-0.023503629	-0.0144200234	-0.0266819815	-0.0191318933	0	0	0	0	0	0	0	0	0.914577821205227	-0.836805794001081	0.448081059024295	0.592443852028073
0.0814351	0.187074	-0.192415	0.00527667	-0.00493153	-0.00221422	-0.0202369	-0.00959800000000002	0.065554	-0.00022145	0.00020023	0.00035267	0.1341064	-0.0297185201	-0.018654743	0.0508872699	-0.039090351	-0.0065289069	0.0464991262	-0.046236675	0.0059686353	0.0394636764	-0.050750635	0.018126369	0.0301814655	-0.0523752403	0.0292521253	0.0191809517	-0.0510179984	0.0387124883	0.0070884207	-0.0467561802	0.0459688572	-0.005407671	0.0140673259	-0.0581317786	-0.0485501376	0.0234991268	0.018322428	0.0105739126	0.0109826725	0.0651506892	-0.0221917992	-0.011921421	0	0	0	0	0	0	0	0	0.834701619996248	-0.920316128956305	0.448081059024295	0.592443852028073
0.107497	0.208757	-0.269772	0.00558188	-0.00496649	-0.00227742	0.0260619	0.021683	-0.077357	0.00030521	-3.49599999999997e-05	-6.32000000000002e-05	0.1452704	-0.0299041152	-0.0182322141	0.0507226006	-0.0396854757	-0.005407671	0.0458602343	-0.0469579174	0.0077587455	0.0380985803	-0.0512616758	0.0204346535	0.0279283311	-0.052324667	0.0318186811	0.0159924506	-0.0500796887	0.0411911291	0.0030455261	-0.0446686685	0.0479594708	-0.0100939368	0.0343148555	0.0445673254	-0.0450347822	0.0031953139	-0.0199259003	0.0695788528	-0.0280306186	-0.016819551	-0.0005350927	0.0165366883	0	0	0	0	0	0	0	0	0.828795068111253	-1.0008742148091	0.448081059024295	0.592443852028073
0.0998085	0.186352	-0.204724	0.00545873	-0.00492424	-0.00224248	-0.0076885	-0.022405	0.065048	-0.00012315	4.22499999999998e-05	3.49400000000002e-05	0.1051585	-0.0300891549	-0.0178083308	0.0505494535	-0.0402688086	-0.0042839244	0.0451906832	-0.0476364314	0.0095396348	0.0366761804	-0.0516775313	0.0226970271	0.0256005252	-0.0521099123	0.0342694522	0.0127371473	-0.0489033805	0.0434487905	-0.0010156846	-0.0422818529	0.049594035	-0.0146975897	0.0045216639	-0.0408729812	-0.0156467728	-0.0651108933	0.0036262553	0.016536878	-0.0495412094	0.0657747135	0.0032187127	0.0256008027	0	0	0	0	0	0	0	0	0.455859419807321	-0.938597017574566	0.448081059024295	0.592443852028073
0.112549	0.19083	-0.270017	0.00592937	-0.00485309	-0.00230323	0.0127405	0.00447800000000001	-0.065293	0.00047064	7.11499999999999e-05	-6.075e-05	0.1126385	-0.0302736359	-0.0173831246	0.0503678575	-0.0408401761	-0.003158189	0.0444909208	-0.0482715996	0.0113091867	0.0351986159	-0.0519974292	0.0249084068	0.0232042715	-0.0517316498	0.0365955205	0.0094286395	-0.0474946641	0.0454733605	-0.0050707869	-0.0396117264	0.050860415	-0.0191809517	0.0461361571	0.0209785521	-0.0001401234	-0.0115824578	-0.0710229082	0.0546520575	0.0340814716	-0.027980668	0.0177465029	0.0465328397	0	0	0	0	0	0	0	0	0.719768965363152	-0.880789549922411	0.448081059024295	-1.68540061352814
0.0937836	0.208151	-0.246925	0.00550444	-0.00484818	-0.00223844	-0.0187654	0.017321	0.023092	-0.00042493	4.91000000000033e-06	6.47899999999999e-05	0.0839099	-0.0304575546	-0.0169566271	0.050177843	-0.0413994086	-0.0020309873	0.0437614146	-0.048862844	0.0130652981	0.0336681095	-0.0522207755	0.0270638244	0.0207459769	-0.0511910666	0.0387884217	0.0060807472	-0.0458602343	0.0472539781	-0.0090953929	-0.0366761804	0.0517492091	-0.0235073292	0.0135989857	0.0305414695	0.0023154275	0.0127734186	0.0305967464	0.0164772763	-0.0273058155	-0.0033043015	-0.0217721501	-0.0009071976	0	0	0	0	0	0	0	0	1.09475079805629	-0.941047576524076	0.448081059024295	-1.68540061352814
0.087701	0.185681	-0.234966	0.00522824	-0.00492424	-0.00218314	-0.00608259999999999	-0.02247	0.011959	-0.0002762	-7.60600000000002e-05	5.52999999999999e-05	0.0608896	-0.0306409077	-0.01652887	0.0499794418	-0.0419463399	-0.0009028426	0.0430026525	-0.0494096266	0.0148058821	0.0320869629	-0.0523471556	0.0291584371	0.0182322141	-0.0504898588	0.0408401761	0.0027074549	-0.0440078585	0.0487810905	-0.0130652981	-0.0334948844	0.0522538189	-0.0276413132	0.0262716107	-0.0610860786	-0.0322319331	0.0500259424	0.0064402891	-0.0175480774	0.04198826	0.0467617587	-0.0252146934	-0.0273552442	0	0	0	0	0	0	0	0	-0.69727562834808	-0.975444572903973	0.448081059024295	0.592443852028073
0.106545	0.205205	-0.290552	0.00546523	-0.00511427	-0.00260954	0.018844	0.019524	-0.055586	0.000236989999999999	-0.00019003	-0.0004264	0.136625	-0.0308236917	-0.016099885	0.049772687	-0.0424808075	0.0002257211	0.0422151417	-0.04991145	0.01652887	0.0304575546	-0.0523763346	0.0311875391	0.015669704	-0.0496302266	0.0427433176	-0.0006771467	-0.0419463399	0.0500465054	-0.0169566271	-0.0300891549	0.0523704984	-0.0315490697	0.0307123974	0.0315913807	-0.0041606957	0.0379285644	0.0176354141	0.0194011958	-0.0218174253	-0.0343866308	-0.0116898685	-0.000953075	0	0	0	0	0	0	0	0	-1.34247007990497	-0.929821345267877	0.448081059024295	0.592443852028073
0.10668	0.185642	-0.206962	0.0054545	-0.00500464	-0.00213256	0.000134999999999996	-0.019563	0.08359	-1.07299999999996e-05	0.000109629999999999	0.00047698	0.133155	-0.0310059033	-0.015669704	0.0495576132	-0.0430026525	0.0013541801	0.0413994086	-0.0503678575	0.0182322141	0.0287823352	-0.0523082586	0.0331465714	0.0130652981	-0.0486148674	0.0444909208	-0.0040589197	-0.0396854757	0.051043434	-0.0207459769	-0.0264818121	0.0520983812	-0.0351986159	0.026646253	-0.059409044	0.0160850603	-0.0575478856	0.0067711728	-0.0230477367	-0.0247512602	0.0411173148	0.003718159	0.0211814169	0	0	0	0	0	0	0	0	-0.638048935530165	-0.887273679646653	0.448081059024295	0.592443852028073
0.106487	0.190224	-0.307123	0.00587816	-0.00536385	-0.00227557	-0.000193000000000013	0.004582	-0.100161	0.00042366	-0.00035921	-0.00014301	0.15123	-0.0311875391	-0.015238359	0.0493342563	-0.0435117199	0.0024820104	0.0405559987	-0.0507784337	0.0199138901	0.0270638244	-0.0521430537	0.0350311327	0.0104259597	-0.047446967	0.0460766263	-0.0074237382	-0.0372360105	0.051766528	-0.024410558	-0.0226970271	0.0514394875	-0.0385600826	0.042447909	0.0313503036	0.002086978	-0.0060227575	-0.0380150682	0.025213343	0.0084598287	-0.0303457685	-0.0032108375	0.0495531806	0	0	0	0	0	0	0	0	-2.09569626332799	-0.840489864700076	0.448081059024295	0.592443852028073
0.106514	0.201574	-0.231833	0.00505652	-0.00505923	-0.00221384	2.7000000000027e-05	0.01135	0.07529	-0.00082164	0.00030462	6.17300000000003e-05	0.1460665	-0.0313685957	-0.0148058821	0.0491026536	-0.0440078585	0.0036086884	0.0396854757	-0.0511428052	0.0215718994	0.025304607	-0.051881027	0.0368369888	0.0077587455	-0.0461301902	0.0474946641	-0.010757547	-0.034609585	0.0522119084	-0.0279283311	-0.0187601599	0.0503987089	-0.0416059582	0.0157842468	0.0030717673	-0.0285269728	0.0243121454	0.0570860936	-0.0225548362	-0.0412375315	0.0178404613	-0.0245800144	-0.0191628199	0	0	0	0	0	0	0	0	0.806684676643734	-0.817635263284527	0.448081059024295	0.592443852028073
0.106504	0.185657	-0.269253	0.00529954	-0.00527296	-0.00213346	-1.000000000001e-05	-0.015917	-0.03742	0.00024302	-0.00021373	8.03800000000001e-05	0.0802035000000001	-0.0315490697	-0.0143723053	0.048862844	-0.0444909208	0.0047336909	0.0387884217	-0.0514606403	0.0232042715	0.0235073292	-0.0515226647	0.0385600826	0.0050707869	-0.0446686685	0.048739874	-0.0140464202	-0.0318186811	0.0523771858	-0.03127814	-0.0146975897	0.0489837722	-0.044311314	0.0335486043	-0.0369049085	-0.032511563	0.0494088707	-0.0381105202	-0.0017963526	0.0791624089	0.0058301495	-0.0229423557	-0.0556564664	0	0	0	0	0	0	0	0	1.16678719630773	-0.444089203343558	0.448081059024295	0.592443852028073
0.106446	0.218917	-0.332476	0.00529842	-0.00536385	-0.00225282	-5.80000000000025e-05	0.03326	-0.063223	-1.12000000000029e-06	-9.08899999999997e-05	-0.00011936	0.1071095	-0.0317289578	-0.0139376608	0.0486148674	-0.0449607632	0.0058564958	0.0378654364	-0.0517316498	0.0248090665	0.021674694	-0.0510686325	0.0401965428	0.0023692706	-0.0430669878	0.0498077248	-0.01727662	-0.0288765622	0.0522614734	-0.0344398384	-0.0105365379	0.0472051818	-0.0466540082	0.0283077041	0.0289893138	0.0124899919	0.0253656384	0.0010369969	-0.0129791744	-0.0118654561	-0.0719174079	-0.0160963708	-0.0265827381	0	0	0	0	0	0	0	0	1.28721872749507	-0.65179843131585	0.448081059024295	0.592443852028073
0.103004	0.205014	-0.266006	0.00540942	-0.00536385	-0.00216098	-0.003442	-0.013903	0.06647	0.000111	0	9.18400000000002e-05	0.093957	-0.0319082567	-0.0135019809	0.0483587652	-0.0454172463	0.0069765817	0.0369171367	-0.0519555872	0.0263843771	0.0198094581	-0.0505197734	0.0417426926	-0.0003385804	-0.0413301739	0.0506943307	-0.0204346535	-0.0257972105	0.051865392	-0.0373944116	-0.0063048856	0.0450761418	-0.0486148674	0.0169558229	-0.067367934	0.030352567	-0.0473304292	0.0063545033	-0.0627628238	-0.0082820519	0.0237324148	-0.0028557508	0.0148623206	0	0	0	0	0	0	0	0	-0.202970684057009	-0.840291945095543	0.448081059024295	-1.68540061352814
0.106433	0.200367	-0.338394	0.00600319	-0.00536385	-0.00229794	0.003429	-0.00464699999999996	-0.072388	0.00059377	0	-0.00013696	0.1170005	-0.0320869629	-0.0130652981	0.0480945804	-0.0458602343	0.0080934286	0.0359441567	-0.0521322486	0.0279283311	0.0179144269	-0.0498771065	0.0431950583	-0.0030455261	-0.0394636764	0.0513964655	-0.0235073292	-0.0225952602	0.0511910666	-0.0401240904	-0.0020309873	0.0426124582	-0.050177843	0.0353880895	0.0250326751	0.024816729	-0.0146477306	-0.0415845122	0.0089995502	0.0194053423	-0.0414767963	-0.0092883942	0.0522153611	0	0	0	0	0	0	0	0	0.237997388439414	-0.795761655368158	0.448081059024295	-1.68540061352814
0.106488	0.210972	-0.291725	0.00505652	-0.00536385	-0.00197047	5.49999999999995e-05	0.010605	0.046669	-0.00094667	0	0.00032747	0.121036	-0.0322650733	-0.0126276447	0.0478223571	-0.0462895956	0.009206518	0.0349471469	-0.0522614734	0.0294390937	0.0159924506	-0.0491418251	0.0445503769	-0.0057443291	-0.0374733519	0.0519115742	-0.0264818121	-0.0192859283	0.0502421146	-0.0426124582	0.0022565198	0.0398324213	-0.0513301431	0.0120130428	0.0339752411	0.0208833744	-0.0041178114	0.0262587744	-0.018426514	-0.035375057	-0.0276859514	-0.0019153374	-0.0049907329	0	0	0	0	0	0	0	0	0.572852758909783	-0.860606174443006	0.448081059024295	0.592443852028073
0.0874469	0.205459	-0.300265	0.00519811	-0.00536385	-0.00217981	-0.0190411	-0.00551299999999999	-0.00853999999999999	0.00014159	0	-0.00020934	0.0506406	-0.0324425845	-0.0121890533	0.0475421407	-0.0467052026	0.0103153331	0.0339267737	-0.0523431439	0.0309148693	0.0140464202	-0.0483152946	0.0458056033	-0.0084277735	-0.0353654455	0.0522377823	-0.0293456776	-0.015884942	0.049023627	-0.0448445497	0.0065289069	0.0367566699	-0.0520623368	0.0006101622	-0.0631866288	-0.0171995377	0.042776175	0.009853329	-0.0247500647	0.0500081989	0.051940429	-0.0123014324	-0.0131571581	0	0	0	0	0	0	0	0	0.697861853865614	-0.92815668774711	0.448081059024295	0.592443852028073
0.0997846	0.226199	-0.386259	0.0041015	-0.00536385	-0.00352172	0.0123377	0.02074	-0.085994	-0.00109661	0	-0.00134191	0.2409977	-0.0326194932	-0.0117495564	0.0472539781	-0.0471069319	0.0114193591	0.0328837193	-0.0523771858	0.032353904	0.0120792627	-0.0473990497	0.0469579174	-0.0110886847	-0.0331465714	0.0523739028	-0.0320869629	-0.0124084642	0.0475421407	-0.0468069407	0.010757547	0.0334080384	-0.0523684314	0.0337636609	0.0431715324	-0.0039641055	0.0506496119	0.0261075443	0.0127216615	-0.0074665835	-0.0719581546	0.0181938731	0.0058801563	0	0	0	0	0	0	0	0	0.847514671602116	-1.10464977197954	0.448081059024295	0.592443852028073
0.122918	0.224816	-0.301046	0.00468668	-0.00500777	-0.00111031	0.0231334000000001	-0.001383	0.085213	0.00058518	0.00035608	0.00241141	0.2773629	-0.0327957961	-0.0113091867	0.0469579174	-0.0474946641	0.0125180835	0.0318186811	-0.0523635681	0.0337544877	0.0100939368	-0.0463947917	0.0480047303	-0.0137199483	-0.0308236917	0.0523194405	-0.0346942175	-0.0088730165	0.0458056033	-0.0484878293	0.0149141057	0.0298113868	-0.0522459219	0.0048249386	0.0075998754	0.0136621524	0.0257928765	0.0798079138	-0.0440086701	-0.0526944902	0.0357199147	0.009050509	-0.0759915666	0	0	0	0	0	0	0	0	0.830693742069564	-1.09192912669585	0.448081059024295	0.592443852028073
0.0918271	0.205357	-0.355123	0.00544849	-0.00559984	-0.000894965	-0.0310909	-0.019459	-0.054077	0.00076181	-0.00059207	0.000215345	0.18308815	-0.0329714899	-0.0108679768	0.0466540082	-0.0478682839	0.0136109962	0.030732371	-0.0523023033	0.0351149558	0.0080934286	-0.0453043854	0.04894369	-0.016314529	-0.0284040951	0.0520745933	-0.0371565505	-0.0052954007	0.043823331	-0.0498771065	0.018970732	0.0259934166	-0.0516958108	-0.00932658	-0.0424508133	0.0059358111	0.0647867315	0.007476771	-0.0248158331	0.0896618228	0.0189505869	-0.014701266	-0.0129897217	0	0	0	0	0	0	0	0	0.475300681134005	-1.07100786858005	0.448081059024295	0.592443852028073
0.137888	0.230198	-0.366352	0.00481689	-0.00536385	-0.000830293	0.0460609	0.024841	-0.011229	-0.0006316	0.00023599	6.4672e-05	0.128744	-0.0331465714	-0.0104259597	0.0463423012	-0.0482276804	0.0146975897	0.0296255153	-0.0521934471	0.0364336915	0.0060807472	-0.0441298556	0.049772687	-0.0188654898	-0.0258953737	0.0516402525	-0.0394636764	-0.0016926191	0.0416059582	-0.0509664168	0.0229002443	0.0219824722	-0.0507226006	0.0225374903	0.0430320723	0.0278536308	0.04742232	0.0607688819	-0.0159650173	-0.0313200843	-0.0642059908	-0.0064777615	-0.0485463413	0	0	0	0	0	0	0	0	1.25452271981293	-1.06894077513535	0.448081059024295	0.592443852028073
0.154185	0.199533	-0.329224	0.00696598	-0.00562489	7.27209e-05	0.016297	-0.030665	0.037128	0.00214909	-0.00026104	0.0009030139	0.249747195	-0.0333210373	-0.009983168	0.0460228486	-0.0485727468	0.0157773596	0.028498854	-0.0520370985	0.0377091275	0.0040589197	-0.0428733831	0.0504898588	-0.0213660101	-0.0233053991	0.0510179984	-0.0416059582	0.0019182066	0.0391653804	-0.0517492091	0.0266763128	0.0178083308	-0.0493342563	-0.0488993044	-0.0292427477	0.0187266935	0.0285599155	0.05620517	-0.0157284992	-0.0316129759	0.0472257133	0.0482905881	-0.0291509742	0	0	0	0	0	0	0	0	0.199012807529511	-1.05806926840779	0.448081059024295	0.592443852028073
0.0981713	0.208655	-0.386239	0.0065889	-0.00559392	3.06196e-05	-0.0560137	0.00912200000000002	-0.057015	-0.00037708	3.097e-05	-4.21013e-05	0.144658265	-0.0334948844	-0.0095396348	0.0456957037	-0.0489033805	0.0168498047	0.0273531403	-0.0518333998	0.0389397479	0.0020309873	-0.0415373011	0.051093594	-0.0238094045	-0.0206422981	0.0502100954	-0.0435744473	0.0055199161	0.0365146908	-0.0522207755	0.0302736359	0.0135019809	-0.0475421407	-0.0014778512	0.0343916231	0.0236651501	0.019515478	-0.0551439101	0.008399769	0.0697776427	-0.0628943006	-0.0050536556	-0.0374620655	0	0	0	0	0	0	0	0	1.10592785023296	-1.04436066974053	0.448081059024295	0.592443852028073
0.110075	0.219674	-0.324102	0.0056042	-0.00521226	-0.000158165	0.0119037	0.011019	0.062137	-0.0009847	0.00038166	-0.0001887846	0.16281693	-0.0336681095	-0.0090953929	0.0453609212	-0.0492194833	0.0179144269	0.02618914	-0.0515825363	0.0401240904	0	-0.0401240904	0.0515825363	-0.02618914	-0.0179144269	0.0492194833	-0.0453609212	0.0090953929	0.0336681095	-0.0523782801	0.0336681095	0.0090953929	-0.0453609212	-0.0091672291	0.0247439532	0.0552221813	0.0128049913	0.0378633998	-0.0645713399	-0.0148944663	-0.039012455	0.0091042939	-0.0420052631	0	0	0	0	0	0	0	0	-0.039592982750522	-1.00969716141063	0.448081059024295	0.592443852028073
0.0931968	0.192221	-0.336455	0.00547008	-0.00539245	-0.000396779	-0.0168782	-0.027453	-0.012353	-0.00013412	-0.00018019	-0.000238614	0.0843304	-0.0338407093	-0.0086504753	0.045018557	-0.0495209612	0.018970732	0.0250076315	-0.0512847364	0.0412607473	-0.0020309873	-0.0386363752	0.0519555872	-0.028498854	-0.0151303447	0.0480497669	-0.0469579174	0.0126276447	0.0306409077	-0.0522207755	0.0368369888	0.004621281	-0.0428084497	-0.0285053558	-0.0570540662	0.0165350727	0.0015095602	0.0038255279	-0.0442925346	0.06139272	0.0343536161	0.0263564497	-0.016522397	0	0	0	0	0	0	0	0	1.34599396589405	-0.998180093628983	0.448081059024295	0.592443852028073
0.0980999	0.212561	-0.366982	0.00592821	-0.00577569	-0.000851182	0.00490309999999998	0.02034	-0.030527	0.000458129999999999	-0.00038324	-0.000454403	0.12055875	-0.0340126806	-0.0082049152	0.0446686685	-0.0498077248	0.0200182296	0.0238094045	-0.050940271	0.0423483678	-0.0040589197	-0.0370769179	0.0522119084	-0.030732371	-0.0122987873	0.0467052026	-0.0483587652	0.016099885	0.0274493255	-0.0517492091	0.0397590408	0.0001128608	-0.0399056168	-0.0128036047	0.0478996767	0.0197246749	-0.0174505252	-0.0026077248	0.0257989948	-0.0103433568	-0.0612797339	0.0179136884	0.0129692274	0	0	0	0	0	0	0	0	-1.50267198480799	-0.99363213733265	0.448081059024295	0.592443852028073
0.0981142	0.19235	-0.272648	0.00531248	-0.00577569	-0.000834632	1.43000000000088e-05	-0.020211	0.094334	-0.00061573	0	1.65500000000003e-05	0.1461733	-0.0341840202	-0.0077587455	0.044311314	-0.0500796887	0.0210564335	0.0225952602	-0.0505494535	0.0433856593	-0.0060807472	-0.0354486142	0.0523509242	-0.0328837193	-0.0094286395	0.0451906832	-0.0495576132	0.0194956122	0.024110485	-0.0509664168	0.0424146861	-0.0043963972	-0.0366761804	-0.0472789976	-0.0479149999	-0.0088205566	-0.0508234213	0.0144719184	-0.0019751049	-0.0455423328	0.069195719	0.0234549756	0.0219461942	0	0	0	0	0	0	0	0	0.867893418880899	-0.984570244644484	0.448081059024295	0.592443852028073
0.0956858	0.195484	-0.320298	0.00526185	-0.00577568	-0.000740401	-0.0024284	0.003134	-0.04765	-5.06299999999994e-05	9.99999999994061e-09	9.42309999999997e-05	0.06045595	-0.0343547251	-0.0073119995	0.0439465533	-0.0503367722	0.0220848615	0.0213660101	-0.0501126395	0.044371389	-0.0080934286	-0.0337544877	0.0523723222	-0.0349471469	-0.0065289069	0.0435117199	-0.0505494535	0.0227986886	0.0206422981	-0.0498771065	0.0447861304	-0.0088730165	-0.0331465714	-0.0052688285	0.0354985016	-0.0104285473	0.017618221	-0.059702224	0.0497304214	0.039703357	-0.0324153361	0.034391014	0.028190428	0	0	0	0	0	0	0	0	-0.944652015193061	-1.00098032515975	0.448081059024295	0.592443852028073
0.0981183	0.205174	-0.284093	0.00463436	-0.00577568	-0.000698272	0.0024325	0.00968999999999998	0.036205	-0.000627490000000001	0	4.2129e-05	0.0818084500000001	-0.0345247919	-0.0068647103	0.0435744473	-0.0505788988	0.0231030362	0.0201224762	-0.0496302266	0.0453043854	-0.0100939368	-0.0319976841	0.0522760543	-0.0369171367	-0.0036086884	0.0416744222	-0.0513301431	0.0259934166	0.0170633708	-0.0484878293	0.0468574839	-0.0132837629	-0.0293456776	-0.0440002587	0.0354271483	0.0196100999	-0.044890181	0.0218630655	0.0009964246	-0.0773794049	0.0030738214	0.023268644	0.0040369327	0	0	0	0	0	0	0	0	0.376543423618498	-1.02320716212457	0.448081059024295	0.592443852028073
0.0678839	0.192344	-0.248823	0.00497442	-0.00577568	-0.000449917	-0.0302344	-0.01283	0.03527	0.000340060000000001	0	0.000248355	0.10775515	-0.0346942175	-0.0064169112	0.0431950583	-0.0508059967	0.024110485	0.0188654898	-0.0491026536	0.0461835398	-0.0120792627	-0.0301814655	0.0520623368	-0.0387884217	-0.0006771467	0.0396854757	-0.051896421	0.0290646136	0.013392903	-0.0468069407	0.0486148674	-0.0175958911	-0.025304607	-0.0128024589	-0.0655313903	0.0040424198	-0.0155556224	-0.0602720412	-0.024075458	0.0770088665	0.0330616404	0.0255429783	0.0370713152	0	0	0	0	0	0	0	0	0.077671675159612	-1.03128941282298	0.448081059024295	0.592443852028073
0.0891663	0.227804	-0.323109	0.00514166	-0.0056333	-0.000849303	0.0212824	0.03546	-0.074286	0.00016724	0.00014238	-0.000399386	0.1664787	-0.0348629988	-0.0059686353	0.0428084497	-0.0510179984	0.0251067401	0.0175958911	-0.0485304007	0.0470078072	-0.0140464202	-0.0283092043	0.0517316498	-0.0405559987	0.0022565198	0.0375521182	-0.0522459219	0.0319976841	0.0096505858	-0.0448445497	0.0500465054	-0.021777388	-0.0210564335	-0.0500794882	0.0415285501	-0.0074689398	0.0118670742	-0.0077387609	0.0137979629	-0.0329544776	-0.0312587614	-0.0047485023	0.025898789	0	0	0	0	0	0	0	0	-0.109503725019555	-1.03061337925235	0.448081059024295	0.592443852028073
0.160349	0.192108	-0.184103	0.00529121	-0.00591743	0.000605515	0.0711827	-0.035696	0.139006	0.00014955	-0.00028413	0.001454818	0.3403096	-0.0350311327	-0.0055199161	0.0424146861	-0.0512148408	0.0260913389	0.016314529	-0.0479139886	0.0477762082	-0.0159924506	-0.0263843771	0.0512847364	-0.0422151417	0.0051831058	0.0352821126	-0.0523771858	0.0347786889	0.0058564958	-0.0426124582	0.0511428052	-0.0257972105	-0.0166359256	-0.0131862168	-0.0387714701	0.0401939114	-0.0086442904	-0.0278270384	-0.035868556	0.0130312442	0.0087357563	0.025456921	0.0206888874	0	0	0	0	0	0	0	0	0.122035506962416	-1.03243419058616	0.448081059024295	0.592443852028073
0.203319	0.1919	-0.16691	0.00573196	-0.00650319	0.00120702	0.04297	-0.000208000000000014	0.017193	0.00044075	-0.000585759999999999	0.000601505	0.14177175	-0.0351986159	-0.0050707869	0.0420138333	-0.0513964655	0.0270638244	0.0150222601	-0.0472539781	0.0484878293	-0.0179144269	-0.024410558	0.0507226006	-0.0437614146	0.0080934286	0.0328837193	-0.0522896643	0.0373944116	0.0020309873	-0.0401240904	0.051896421	-0.0296255153	-0.0120792627	-0.0012957188	0.0467247757	0.0257892673	0.0226079073	-0.0311579086	-0.0160813972	0.001755595	-0.0382596119	0.0190754337	0.0074686899	0	0	0	0	0	0	0	0	0.634702014303394	-1.02946206054675	0.448081059024295	0.592443852028073
0.11339	0.138953	-0.127458	0.00614338	-0.00571753	0.000677043	-0.089929	-0.052947	0.039452	0.00041142	0.00078566	-0.000529977	0.26868085	-0.0353654455	-0.004621281	0.0416059582	-0.0515628185	0.028023745	0.0137199483	-0.0465509697	0.0491418251	-0.0198094581	-0.0223914121	0.0500465054	-0.0451906832	0.0109783563	0.0303656657	-0.0519837232	0.0398324213	-0.001805417	-0.0373944116	0.0523023033	-0.0332338815	-0.0074237382	-0.0592645781	-0.0706612249	0.04182557	-0.0311509748	0.0099769088	-0.0288479451	0.0212404299	0.0220610817	0.0268538076	-0.0047175334	0	0	0	0	0	0	0	0	0.75103532091073	-1.05179186125777	0.448081059024295	0.592443852028073
0.1446	0.16639	-0.246032	0.00704569	-0.00562435	0.000459951	0.03121	0.027437	-0.118574	0.00090231	9.318e-05	-0.000217092	0.2378501	-0.0355316183	-0.0041714317	0.0411911291	-0.0517138504	0.0289706552	0.0124084642	-0.0458056033	0.0497374181	-0.021674694	-0.0203306886	0.0492579697	-0.0464991262	0.0138288366	0.0277371148	-0.0514606403	0.0420811315	-0.0056321357	-0.0344398384	0.0523577323	-0.0365955205	-0.0027074549	-0.0384962337	0.0346317882	0.011747126	0.0035299866	-0.0575016343	0.0193545555	0.016971555	-0.0404067733	0.0362719555	0.0231762027	0	0	0	0	0	0	0	0	0.825451684242823	-0.998949915727363	0.448081059024295	0.592443852028073
0.0714152	0.172547	-0.134923	0.00629625	-0.0051798	-0.000312109	-0.0731848	0.006157	0.111109	-0.000749440000000001	0.00044455	-0.00077206	0.2887533	-0.0356971313	-0.0037212726	0.0407694154	-0.0518495163	0.0299041152	0.0110886847	-0.045018557	0.0502739006	-0.0235073292	-0.0182322141	0.0483587652	-0.0476832451	0.0166359256	0.0250076315	-0.0507226006	0.0441298556	-0.0094286395	-0.03127814	0.0520623368	-0.0396854757	0.0020309873	-0.071476905	-0.0344922172	0.0127490234	-0.0507862549	0.005838862	-0.0102900454	-0.0255004877	0.0294210958	0.031901789	0.0019454901	0	0	0	0	0	0	0	0	0.253738340847494	-0.754152772571974	0.448081059024295	0.592443852028073
0.0997656	0.178197	-0.204276	0.00666855	-0.00593419	-0.000293204	0.0283504	0.00564999999999999	-0.069353	0.0003723	-0.00075439	1.8905e-05	0.16063315	-0.0358619813	-0.0032708371	0.0403408874	-0.0519697758	0.0308236917	0.0097614921	-0.044190547	0.050750635	-0.025304607	-0.016099885	0.0473509122	-0.048739874	0.0193908153	0.0221871482	-0.049772687	0.0459688572	-0.0131745611	-0.0279283311	0.0514180959	-0.0424808075	0.006752807	-0.0398954818	0.0451777096	-0.0006022716	-0.0186037647	-0.0487007553	0.0248783923	0.0240037944	-0.0211408278	0.0321351128	0.0391920484	0	0	0	0	0	0	0	0	1.02846312389422	-0.505318202559803	0.448081059024295	0.592443852028073
0.0998331	0.184554	-0.160601	0.00614338	-0.00561125	-0.000436329	6.74999999999981e-05	0.006357	0.043675	-0.000525169999999999	0.00032294	-0.000143125	0.09966125	-0.0360261653	-0.0028201586	0.0399056168	-0.0520745933	0.0317289578	0.0084277735	-0.0433223267	0.0511670547	-0.0270638244	-0.0139376608	0.046236675	-0.0496661877	0.0220848615	0.0192859283	-0.0486148674	0.0475893965	-0.0168498047	-0.024410558	0.0504293264	-0.0449607632	0.0114193591	-0.0969821769	0.053464	-0.0048818784	-0.0426108368	0.027077422	0.039152574	-0.0472876698	4.96087e-05	0.0385687117	-0.0175035246	0	0	0	0	0	0	0	0	-1.4394243082217	-0.491853481302413	0.448081059024295	0.592443852028073
0.0998302	0.15875	-0.146258	0.00624531	-0.00603637	-0.000426897	-2.90000000000013e-06	-0.025804	0.014343	0.000101929999999999	-0.00042512	9.43200000000003e-06	0.066974	-0.0361896802	-0.0023692706	0.0394636764	-0.0521639377	0.0326194932	0.0070884207	-0.0424146861	0.0515226647	-0.0287823352	-0.0117495564	0.045018557	-0.0504597097	0.024709611	0.016314529	-0.0472539781	0.0489837722	-0.0204346535	-0.0207459769	0.0491026536	-0.0471069319	0.0159924506	-0.0825226848	-0.0206013416	-0.0574950345	0.0277566518	-0.004129312	0.0297073079	0.056491522	0.0609949159	0.0111207619	0.0004164752	0	0	0	0	0	0	0	0	-1.32481511691533	-0.501832117614075	0.448081059024295	0.592443852028073
0.0998272	0.188664	-0.195639	0.00604795	-0.00603637	-0.000613268	-3.00000000001688e-06	0.029914	-0.049381	-0.00019736	0	-0.000186371	0.09848455	-0.036352523	-0.0019182066	0.03901514	-0.0522377823	0.0334948844	0.0057443291	-0.0414684511	0.0518170426	-0.0304575546	-0.0095396348	0.043699295	-0.0511183183	0.027256828	0.0132837629	-0.0456957037	0.0501453577	-0.0239098759	-0.0169566271	0.047446967	-0.0489033805	0.0204346535	-0.0967652493	0.0554234263	-0.0522990361	0.0352909793	0.0235020589	0.0674798082	-0.0176782357	-0.0144747385	0.0416518081	-0.0573820053	0	0	0	0	0	0	0	0	0.341788125705466	-0.915992537490509	0.448081059024295	0.592443852028073
0.0998414	0.172698	-0.137757	0.00574006	-0.00603637	-0.000755746	1.42000000000059e-05	-0.015966	0.057882	-0.00030789	0	-0.000142478	0.0963806	-0.0365146908	-0.0014670001	0.0385600826	-0.0522961052	0.0343547251	0.0043963972	-0.0404844828	0.0520498384	-0.0320869629	-0.0073119995	0.0422818529	-0.0516402525	0.0297185201	0.0102046586	-0.0439465533	0.0510686325	-0.027256828	-0.0130652981	0.0454733605	-0.0503367722	0.024709611	-0.0966396546	-0.0096970813	-0.0550176521	-0.0002642565	0.0232316881	0.0197830268	-0.0300270589	0.0784402835	0.0061648348	-0.0246817596	0	0	0	0	0	0	0	0	1.07552229752123	-0.978958751605905	0.448081059024295	0.592443852028073
0.135004	0.141814	-0.0983416	0.00619429	-0.0063932	0.000853374	0.0351626	-0.030884	0.0394154	0.00045423	-0.00035683	0.00160912	0.226471	-0.0366761804	-0.0010156846	0.0380985803	-0.0523388891	0.0351986159	0.0030455261	-0.0394636764	0.0522207755	-0.0336681095	-0.0050707869	0.0407694154	-0.0520241169	0.0320869629	0.0070884207	-0.0420138333	0.0517492091	-0.0304575546	-0.0090953929	0.0431950583	-0.0513964655	0.0287823352	-0.1155738964	-0.0309704698	-0.0557962976	0.0598383309	-0.034060308	0.0460614113	0.063478164	-0.0116193888	0.0514572811	-0.0660119507	0	0	0	0	0	0	0	0	1.08866801442777	-0.590789863026052	0.448081059024295	0.592443852028073
0.149302	0.0793786	-0.0484363	0.00297787	-0.0068046	5.14612e-05	0.014298	-0.0624354	0.0499053	-0.00321642	-0.000411400000000001	-0.0008019128	0.34812534	-0.0368369888	-0.0005642937	0.0376307102	-0.0523661213	0.0360261653	0.0016926191	-0.0384069609	0.0523296507	-0.0351986159	-0.0028201586	0.0391653804	-0.0522688852	0.0343547251	0.0039463888	-0.0399056168	0.0521838529	-0.0334948844	-0.0050707869	0.0406273263	-0.0520745933	0.0326194932	-0.0186231182	-0.0476461967	-0.021406542	0.0184753267	-0.0378418716	0.0125396424	-0.0525937077	-0.020594851	0.0129531504	0.0201495375	0	0	0	0	0	0	0	0	1.10327628749694	-0.445993613706107	0.448081059024295	0.592443852028073
0.131385	0.0813395	0.0325096	-0.00252713	-0.0059806	-0.00124717	-0.017917	0.00196089999999997	0.0809459	-0.005505	0.000824	-0.0012986312	0.48220536	-0.0369971132	-0.0001128608	0.0371565505	-0.0523777937	0.0368369888	0.0003385804	-0.0373152977	0.0523763346	-0.0366761804	-0.0005642937	0.0374733519	-0.0523739028	0.0365146908	0.0007899965	-0.0376307102	0.0523704984	-0.036352523	-0.0010156846	0.0377873696	-0.0523661213	0.0361896802	0.1264199703	0.0704548498	0.0531125212	-0.0327511534	0.0152392231	-0.0315974767	-0.0778897222	-0.0448960004	-0.0597351789	0.0673165291	0	0	0	0	0	0	0	0	1.28934131615283	-0.421022508336043	0.448081059024295	0.592443852028073
0.0975085	0.0690463	0.0708672	-0.00100778	-0.00540532	-0.00119866	-0.0338765	-0.0122932	0.0383576	0.00151935	0.000575280000000001	4.85099999999999e-05	0.1916843	-0.0371565505	0.0003385804	0.0366761804	-0.0523739028	0.0376307102	-0.0010156846	-0.0361896802	0.0523607718	-0.0380985803	0.0016926191	0.0356971313	-0.0523388891	0.0385600826	-0.0023692706	-0.0351986159	0.0523082586	-0.03901514	0.0030455261	0.0346942175	-0.0522688852	0.0394636764	0.066095905	-0.0229862177	0.0461434167	-0.0564735277	0.045916908	-0.0433269087	-0.0064258532	0.0240697259	-0.0050141897	0.0124090475	0	0	0	0	0	0	0	0	0.636300648141402	-0.644214991354908	0.448081059024295	0.592443852028073
0.0985931	0.0503712	0.0220477	-0.00150409	-0.00560795	-0.00134675	0.00108460000000001	-0.0186751	-0.0488195	-0.00049631	-0.00020263	-0.00014809	0.1109307	-0.0373152977	0.0007899965	0.0361896802	-0.0523544498	0.0384069609	-0.0023692706	-0.0350311327	0.0522829807	-0.0394636764	0.0039463888	0.0338407093	-0.0521639377	0.0404844828	-0.0055199161	-0.0326194932	0.0519974292	-0.0414684511	0.0070884207	0.0313685957	-0.0517836067	0.0424146861	0.0842882386	-0.0070212676	-0.0035312904	-0.0375250534	-0.019434173	0.0076506794	0.0413572796	0.0105789682	-0.0444145154	0.0432373562	0	0	0	0	0	0	0	0	-2.57539349224528	-1.00345853298281	0.448081059024295	0.592443852028073
0.0886244	0.0927213	0.0614919	-0.00118885	-0.00547831	-0.00149003	-0.00996870000000001	0.0423501	0.0394442	0.00031524	0.000129639999999999	-0.00014328	0.121171	-0.0374733519	0.0012413539	0.0356971313	-0.0523194405	0.0391653804	-0.0037212726	-0.0338407093	0.0521430537	-0.0407694154	0.0061928308	0.0319082567	-0.0518495163	0.0422818529	-0.0086504753	-0.0299041152	0.0514394875	-0.043699295	0.0110886847	0.0278327876	-0.0509138886	0.045018557	0.0405610987	0.0146170955	-0.0274971013	-0.059314522	0.0394979396	0.0176438812	-0.0144630115	0.0183867565	-0.0401012442	-0.0150767531	0	0	0	0	0	0	0	0	1.44356221683617	-1.08254082762213	0.448081059024295	0.592443852028073
0.0941368	0.0725577	0.0352718	-0.00105702	-0.00560795	-0.00149003	0.00551240000000001	-0.0201636	-0.0262201	0.00013183	-0.000129639999999999	0	0.0649696	-0.0376307102	0.0016926191	0.0351986159	-0.0522688852	0.0399056168	-0.0050707869	-0.0326194932	0.0519411573	-0.0420138333	0.0084277735	0.0299041152	-0.0513964655	0.0439465533	-0.0117495564	-0.0270638244	0.050637085	-0.0456957037	0.0150222601	0.024110485	-0.0496661877	0.0472539781	0.0247456274	0.0110680939	-0.0807768783	-0.0053827314	0.0390135043	0.05121146	-0.0076530932	0.0581345851	-0.0523420281	-0.0217162047	0	0	0	0	0	0	0	0	0.929806530396768	-0.822504430048261	0.448081059024295	0.592443852028073
0.0909281	0.0927632	0.0600021	-0.00131253	-0.00523461	-0.00177937	-0.00320869999999999	0.0202055	0.0247303	-0.00025551	0.00037334	-0.00028934	0.094054	-0.0377873696	0.0021437585	0.0346942175	-0.0522027989	0.0406273263	-0.0064169112	-0.0313685957	0.0516775313	-0.0431950583	0.0106470671	0.0278327876	-0.0508059967	0.0454733605	-0.0148058821	-0.024110485	0.049594035	-0.047446967	0.0188654898	0.0202266294	-0.0480497669	0.0491026536	0.0364647796	0.0224915079	-0.0828696089	-0.0176704154	0.0333203712	0.0609976877	-0.0239915607	0.0217519029	-0.0370946325	-0.0379103341	0	0	0	0	0	0	0	0	0.879860446578776	-0.71915321311176	0.448081059024295	0.592443852028073
0.088613	0.0760428	0.0460194	-0.00171703	-0.00488024	-0.0019465	-0.00231510000000004	-0.0167204	-0.0139827	-0.0004045	0.00035437	-0.00016713	0.0793182	-0.0379433273	0.0025947387	0.0341840202	-0.0521212014	0.0413301739	-0.0077587455	-0.0300891549	0.051352489	-0.044311314	0.0128465907	0.0256989275	-0.0500796887	0.0468574839	-0.0178083308	-0.0210564335	0.0483152946	-0.04894369	0.0225952602	0.0162072446	-0.0460766263	0.0505494535	0.0323460578	-0.00513738	-0.0649753716	-0.0658144875	-0.0358087494	0.0700177643	0.0190317675	0.0449931009	-0.0281005915	0.0272830197	0	0	0	0	0	0	0	0	-2.2566399031009	-0.72891970524713	0.448081059024295	0.592443852028073
0.0885962	0.0759755	0.104115	-0.00144035	-0.00483042	-0.00149003	-1.67999999999696e-05	-6.72999999999924e-05	0.0580956	0.00027668	4.98199999999999e-05	0.00045647	0.0973282	-0.0380985803	0.0030455261	0.0336681095	-0.0520241169	0.0420138333	-0.0090953929	-0.0287823352	0.0509664168	-0.0453609212	0.0150222601	0.0235073292	-0.0492194833	0.0480945804	-0.0207459769	-0.0179144269	0.0468069407	-0.050177843	0.02618914	0.0120792627	-0.0437614146	0.0515825363	0.0622389787	0.035169661	-0.0671065034	0.0184762112	0.0152944474	0.0537139585	-0.0364140392	-0.0059750845	-0.058305992	-0.0231552995	0	0	0	0	0	0	0	0	-2.10812896667726	-0.725469033220407	0.448081059024295	0.592443852028073
0.0886402	0.0544385	0.0728301	-0.00163515	-0.00501016	-0.00192219	4.39999999999885e-05	-0.021537	-0.0312849	-0.0001948	-0.000179739999999999	-0.00043216	0.0932009	-0.0382531258	0.0034960873	0.0331465714	-0.0519115742	0.042677987	-0.0104259597	-0.0274493255	0.0505197734	-0.0463423012	0.0171700353	0.0212629165	-0.0482276804	0.0491807684	-0.0236081307	-0.0146975897	0.0450761418	-0.0511428052	0.0296255153	0.0078703433	-0.0411213197	0.0521934471	0.0277779126	-0.0469962076	-0.0519032401	0.0300458116	-0.0096381048	0.0285396072	0.0170573718	0.0464006532	-0.0371700804	-0.0222820656	0	0	0	0	0	0	0	0	-2.13378351235394	-0.894414000915558	0.448081059024295	0.592443852028073
0.0886052	0.058557	0.072895	-0.00176582	-0.00468262	-0.00196168	-3.50000000000073e-05	0.0041185	6.49000000000205e-05	-0.00013067	0.000327539999999999	-3.94899999999999e-05	0.0291034	-0.0384069609	0.0039463888	0.0326194932	-0.0517836067	0.0433223267	-0.0117495564	-0.0260913389	0.0500130897	-0.0472539781	0.0192859283	0.018970732	-0.0471069319	0.0501126395	-0.0263843771	-0.0114193591	0.0431311232	-0.0518333998	0.0328837193	0.0036086884	-0.0381759417	0.0523771858	0.0680164022	0.0419076113	-0.0177380365	-0.0001161516	-0.0411786123	0.0294767831	-0.026141651	-0.0468796602	-0.0407267245	-0.015217942	0	0	0	0	0	0	0	0	-2.35673451416378	-1.36525888528757	0.448081059024295	0.592443852028073
0.0932396	0.0380622	0.0840005	-0.00192038	-0.00455256	-0.00174282	0.00463440000000002	-0.0204948	0.0111055	-0.00015456	0.00013006	0.00021886	0.0614087	-0.0385600826	0.0043963972	0.0320869629	-0.0516402525	0.0439465533	-0.0130652981	-0.024709611	0.0494469678	-0.0480945804	0.0213660101	0.0166359256	-0.0458602343	0.0508872699	-0.0290646136	-0.0080934286	0.0409811285	-0.0522459219	0.0359441567	-0.0006771467	-0.0349471469	0.0521322486	0.0487992482	0.0070500929	0.0295062124	-0.0384795817	-0.0233357221	-0.0131988671	-0.0501331662	-0.0287067896	-0.0180867276	0.0306588122	0	0	0	0	0	0	0	0	-1.45879418453835	-1.38983910611841	0.448081059024295	0.592443852028073
0.0972637	0.0380082	0.0792675	-0.00203761	-0.00452673	-0.00149003	0.00402409999999999	-5.39999999999985e-05	-0.00473300000000001	-0.00011723	2.58300000000001e-05	0.00025279	0.0286036	-0.0387124883	0.0048460789	0.0315490697	-0.0514815542	0.0445503769	-0.0143723053	-0.0233053991	0.0488220806	-0.048862844	0.0234064185	0.014263743	-0.0444909208	0.051502229	-0.0316390872	-0.0047336909	0.0386363752	-0.0523781585	0.0387884217	-0.0049584444	-0.0314589057	0.0514606403	0.0612673143	0.0054247525	0.0422567416	-0.0108649424	-0.0109487511	-0.0394224555	-0.0162836542	-0.0132717176	-0.0246148988	0.030090398	0	0	0	0	0	0	0	0	-0.936912876253578	-1.39326154301222	0.448081059024295	0.592443852028073
0.12274	0.0378935	0.113249	-0.00133882	-0.00436983	-0.000619952	0.0254763	-0.000114699999999995	0.0339815	0.00069879	0.0001569	0.000870078	0.1458609	-0.0388641751	0.0052954007	0.0310059033	-0.0513075588	0.0451335173	-0.015669704	-0.0218799809	0.0481391707	-0.0495576132	0.0254033645	0.0118595137	-0.0430026525	0.0519555872	-0.0340984296	-0.0013541801	0.0361080066	-0.0522294002	0.0413994086	-0.009206518	-0.0277371148	0.0503678575	0.0146255763	-0.052486391	0.0518115258	-0.0065933585	0.005820612	-0.0548257695	0.0172793742	0.0285775511	0.0071122784	0.0318928894	0	0	0	0	0	0	0	0	0.092548757407192	-1.39843024939947	0.448081059024295	0.592443852028073
0.158009	0.0139898	-0.0153022	-4.61896e-05	-0.00460091	-0.000786388	0.035269	-0.0239037	-0.1285512	0.0012926304	-0.00023108	-0.000166436	0.27223122	-0.03901514	0.0057443291	0.0304575546	-0.0511183183	0.0456957037	-0.0169566271	-0.0204346535	0.0473990497	-0.050177843	0.0273531403	0.0094286395	-0.0413994086	0.0522459219	-0.0364336915	0.0020309873	0.0334080384	-0.0518004449	0.0437614146	-0.013392903	-0.0238094045	0.048862844	0.0023877565	0.011407289	0.047771106	0.0105910867	-0.0486015106	-0.0319187096	0.0196835589	-0.0497653146	0.0102328174	0.0262327812	0	0	0	0	0	0	0	0	0.096202219912961	-1.29928392326918	0.448081059024295	0.592443852028073
0.0992164	0.0604632	0.0866265	-0.00189047	-0.00404826	-0.000975915	-0.0587926	0.0464734	0.1019287	-0.0018442804	0.00055265	-0.000189527	0.33651757	-0.0391653804	0.0061928308	0.0299041152	-0.0509138886	0.046236675	-0.0182322141	-0.018970732	0.0466025972	-0.0507226006	0.0292521253	0.0069765817	-0.0396854757	0.0523723222	-0.0386363752	0.005407671	0.030549302	-0.051093594	0.0458602343	-0.0174895484	-0.0197049341	0.0469579174	0.029740758	-0.0315750779	0.0443859401	0.0173639422	0.0349985311	-0.0692512264	-0.0231707269	0.0118061205	-0.005635485	-0.0313466602	0	0	0	0	0	0	0	0	0.489439932379428	-1.22750826986422	0.448081059024295	0.592443852028073
0.099096	0.0322089	-0.00347164	-0.00262962	-0.00399107	-0.00132792	-0.000120399999999993	-0.0282543	-0.09009814	-0.00073915	5.71899999999995e-05	-0.000352005	0.17589009	-0.0393148935	0.0066408724	0.0293456776	-0.0506943307	0.0467561802	-0.0194956122	-0.0174895484	0.0457507597	-0.0511910666	0.0310967934	0.0045088495	-0.0378654364	0.0523343914	-0.0406984653	0.0087617663	0.0275453833	-0.0501126395	0.0476832451	-0.0214690046	-0.015454175	0.0446686685	0.0311594007	0.0065680038	0.0472951649	0.0518031362	-0.0216110462	-0.0407110528	0.0724157718	-0.0390344303	0.0021041416	0.0213519259	0	0	0	0	0	0	0	0	0.683620544363658	-1.07089274643724	0.448081059024295	0.592443852028073
0.0841332	0.0817364	0.0545702	-0.00131341	-0.00418329	-0.00104534	-0.0149628	0.0495275	0.05804184	0.00131621	-0.00019222	0.00028258	0.21208264	-0.0394636764	0.0070884207	0.0287823352	-0.0504597097	0.0472539781	-0.0207459769	-0.0159924506	0.0448445497	-0.0515825363	0.0328837193	0.0020309873	-0.0359441567	0.0521322486	-0.0426124582	0.0120792627	0.024410558	-0.048862844	0.0492194833	-0.025304607	-0.0110886847	0.0420138333	0.0103675466	0.0224035194	0.0704775701	-0.0465721	0.0369034531	-0.0409867226	-0.0169710574	-0.0006431521	0.0087934206	-0.013914777	0	0	0	0	0	0	0	0	0.637168979865029	-1.07228855215868	0.448081059024295	0.592443852028073
0.0939148	0.044364	0.0517338	-0.00123539	-0.00449421	-0.000796827	0.0097816	-0.0373724	-0.00283639999999999	7.80200000000005e-05	-0.00031092	0.000248513	0.08186305	-0.0396117264	0.0075354425	0.028214182	-0.0502100954	0.0477298374	-0.0219824722	-0.0144808008	0.043885044	-0.051896421	0.034609585	-0.0004514381	-0.0339267737	0.051766528	-0.044371389	0.0153463027	0.0211597241	-0.0473509122	0.0504597097	-0.0289706552	-0.0066408724	0.03901514	-0.0115483753	-0.0682362823	0.0182805037	-0.0279714183	-0.0389551672	-0.023309628	0.0483804735	0.0463329492	0.0314570897	0.0563198164	0	0	0	0	0	0	0	0	0.817500899902494	-1.09700183051832	0.448081059024295	0.592443852028073
0.106103	0.0776521	-0.0066242	-0.00110798	-0.00499584	-0.00147338	0.0121882	0.0332881	-0.058358	0.00012741	-0.000501629999999999	-0.000676553	0.16911395	-0.0397590408	0.0079819045	0.0276413132	-0.0499455618	0.0481835374	-0.0232042715	-0.0129559745	0.0428733831	-0.0521322486	0.0362711858	-0.0029328492	-0.0318186811	0.0512383773	-0.0459688572	0.0185492395	0.0178083308	-0.0455849554	0.0513964655	-0.0324425845	-0.0021437585	0.0356971313	-0.0017691663	0.0446996625	-0.0155017242	0.0044418963	-0.0288832455	0.0293389318	-0.018505502	-0.0402690455	-0.0130130031	0.0301935123	0	0	0	0	0	0	0	0	0.628722962017583	-0.907839311795189	0.448081059024295	0.592443852028073
0.0994433	0.075331	0.0680069	-0.00172681	-0.00499584	-0.00143133	-0.0066597	-0.00232110000000002	0.0746311	-0.00061883	0	4.20500000000001e-05	0.1166559	-0.0399056168	0.0084277735	0.0270638244	-0.0496661877	0.0486148674	-0.024410558	-0.0114193591	0.0418107693	-0.0522896643	0.0378654364	-0.005407671	-0.0296255153	0.0505494535	-0.0473990497	0.021674694	0.0143723053	-0.0435744473	0.0520241169	-0.0356971313	0.0023692706	0.0320869629	-0.0136484107	0.0060101406	-0.0073925609	0.0022848819	0.0376612603	-0.0133167973	-0.0371747295	0.0231156327	0.0035069177	0.0110317283	0	0	0	0	0	0	0	0	0.996900632094074	0.103501245718178	0.448081059024295	0.592443852028073
0.10609	0.0632065	0.0382397	-0.00172681	-0.00499584	-0.00104187	0.0066467	-0.0121245	-0.0297672	0	0	0.00038946	0.0680114	-0.0400514517	0.0088730165	0.0264818121	-0.0493720561	0.049023627	-0.0256005252	-0.009872353	0.0406984653	-0.0523684314	0.0393893764	-0.0078703433	-0.0273531403	0.0497019183	-0.0486567622	0.024709611	0.0108679768	-0.0413301739	0.0523388891	-0.0387124883	0.0068647103	0.028214182	-0.0043302271	-0.0392888708	-0.0272436544	0.0556025073	-0.0155614332	-0.0031967318	0.0726313581	0.0144591603	-0.0162490048	0.0115930921	0	0	0	0	0	0	0	0	1.11251897321028	0.257732925732945	0.448081059024295	0.592443852028073
0.0933482	0.0847922	0.0139595	-0.00229323	-0.00499584	-0.00133694	-0.0127418	0.0215857	-0.0242802	-0.00056642	0	-0.00029507	0.1016822	-0.0401965428	0.0093176004	0.0258953737	-0.0490632542	0.0494096266	-0.0267733776	-0.0083163637	0.0395377932	-0.0523684314	0.0408401761	-0.0103153331	-0.0250076315	0.0486984311	-0.0497374181	0.0276413132	0.0073119995	-0.0388641751	0.0523388891	-0.0414684511	0.0113091867	0.024110485	0.0130019273	0.0394724015	0.0034757915	0.0591190694	0.0361956958	-0.0079539931	-0.0025862789	-0.0555225618	-0.0298590442	-0.0360944284	0	0	0	0	0	0	0	0	0.924284788331493	-0.01045116698331	0.448081059024295	0.592443852028073
0.0835213	0.0686817	0.104365	-0.00256008	-0.00499584	-0.0013169	-0.00982689999999999	-0.0161105	0.0904055	-0.00026685	0	2.004e-05	0.1306874	-0.0403408874	0.0097614921	0.025304607	-0.048739874	0.049772687	-0.0279283311	-0.006752807	0.0383301323	-0.0522896643	0.0422151417	-0.0127371473	-0.0225952602	0.0475421407	-0.050637085	0.0304575546	0.0037212726	-0.0361896802	0.0520241169	-0.0439465533	0.015669704	0.0198094581	0.0079441933	-0.0455140916	0.0070557005	0.0152595772	0.0506738182	-0.0362368006	-0.0284270126	0.0576694932	0.0042432981	-0.0519341741	0	0	0	0	0	0	0	0	0.797148643154779	-0.523416354653407	0.448081059024295	0.592443852028073
0.0959281	0.0633038	0.0259287	-0.00229323	-0.00494334	-0.00122019	0.0124068	-0.00537789999999999	-0.0784363	0.00026685	5.24999999999996e-05	9.67100000000001e-05	0.117024	-0.0404844828	0.0102046586	0.024709611	-0.0484020114	0.0501126395	-0.0290646136	-0.0051831058	0.0370769179	-0.0521322486	0.0435117199	-0.0151303447	-0.0201224762	0.046236675	-0.051352489	0.0331465714	0.0001128608	-0.0333210373	0.0513964655	-0.0461301902	0.0199138901	0.0153463027	0.0258306517	0.0062283343	0.0026042432	0.0222515652	-0.0440523905	0.0136940799	0.051589297	-0.0309257355	-0.0012106785	-0.0011626251	0	0	0	0	0	0	0	0	0.760604537275443	-0.509844203961802	0.448081059024295	0.592443852028073
0.105779	0.065808	0.0483332	-0.00242242	-0.0048194	-0.00130533	0.0098509	0.00250420000000001	0.0224045	-0.00012919	0.00012394	-8.514e-05	0.0516731	-0.0406273263	0.0106470671	0.024110485	-0.0480497669	0.0504293264	-0.0301814655	-0.0036086884	0.0357796393	-0.051896421	0.0447275033	-0.0174895484	-0.0175958911	0.0447861304	-0.051881027	0.0356971313	-0.0034960873	-0.0302736359	0.0504597097	-0.0480047303	0.0240102362	0.010757547	0.013177447	0.0329249146	0.0418876383	-0.0604527657	0.0042264339	0.0056712423	-0.0384890196	-0.0210364117	0.0020337326	-0.0191302429	0	0	0	0	0	0	0	0	0.892822960549405	-0.609499442130254	0.448081059024295	0.592443852028073
0.0811088	0.0453192	0.0600079	-0.00243601	-0.00452818	-0.00128558	-0.0246702	-0.0204888	0.0116747	-1.359e-05	0.00029122	1.975e-05	0.0730617	-0.0407694154	0.0110886847	0.0235073292	-0.0476832451	0.0507226006	-0.03127814	-0.0020309873	0.0344398384	-0.0515825363	0.0458602343	-0.0198094581	-0.0150222601	0.0431950583	-0.0522207755	0.0380985803	-0.0070884207	-0.0270638244	0.0492194833	-0.0495576132	0.0279283311	0.0060807472	-0.0040738691	-0.0740213459	0.0034654811	-0.0269895423	-0.0057892465	-0.0167673247	0.02334607	0.0475016773	0.0164151865	0.0478654145	0	0	0	0	0	0	0	0	1.24427674009136	-0.887728050108545	0.448081059024295	0.592443852028073
0.0941679	0.0633946	0.0145852	-0.00221073	-0.00471715	-0.00160193	0.0130591	0.0180754	-0.0454227	0.00022528	-0.00018897	-0.00031635	0.1130872	-0.0409107473	0.0115294786	0.0229002443	-0.047302555	0.050992326	-0.032353904	-0.0004514381	0.0330591074	-0.0511910666	0.0469078096	-0.0220848615	-0.0124084642	0.0414684511	-0.0523704984	0.0403408874	-0.0106470671	-0.0237088227	0.0476832451	-0.0507784337	0.0316390872	0.0013541801	0.0168346193	0.0381472025	-0.0240410236	0.0518941183	0.0102642361	0.0274274844	-0.0003162132	-0.0357276296	-0.0195662444	0.022007036	0	0	0	0	0	0	0	0	0.78500036445486	-0.984178256329332	0.448081059024295	0.592443852028073
0.0652993	0.0633472	0.062203	-0.00248455	-0.00456244	-0.001542	-0.0288686	-4.74000000000169e-05	0.0476178	-0.00027382	0.00015471	5.99300000000001e-05	0.1009568	-0.0410513194	0.011969416	0.0222893319	-0.0469078096	0.0512383773	-0.0334080384	0.0011285219	0.0316390872	-0.0507226006	0.0478682839	-0.0243106464	-0.0097614921	0.0396117264	-0.0523296507	0.0424146861	-0.0141551145	-0.0202266294	0.0458602343	-0.0516590118	0.0351149558	-0.0033834701	0.0052911283	-0.002384576	-0.0150227597	0.0252178467	0.0563554477	-0.0129650304	-0.0257559286	0.0143170637	-0.0138793077	-0.0505885288	0	0	0	0	0	0	0	0	0.97426238193907	-1.37614159709175	0.448081059024295	0.592443852028073
0.0745022	0.0633417	-0.0152509	-0.0017386	-0.00456244	-0.00143201	0.00920289999999999	-5.5000000000055e-06	-0.0774539	0.00074595	0	0.00010999	0.1294593	-0.0411911291	0.0124084642	0.021674694	-0.0464991262	0.0514606403	-0.0344398384	0.0027074549	0.0301814655	-0.050177843	0.048739874	-0.0264818121	-0.0070884207	0.0376307102	-0.0520983812	0.044311314	-0.0175958911	-0.0166359256	0.0437614146	-0.0521934471	0.0383301323	-0.0080934286	-0.0131412411	-0.015211338	-0.0153344124	0.0501386856	-0.0287381914	0.0200800146	0.0505507472	0.0101172449	0.0099774375	-0.014301819	0	0	0	0	0	0	0	0	1.01529314723818	-1.37155820323277	0.448081059024295	0.592443852028073
0.109254	0.0986609	-0.0609778	-0.000956925	-0.0053157	-0.000972807	0.0347518	0.0353192	-0.0457269	0.000781675	-0.00075326	0.000459203	0.2155048	-0.0413301739	0.0128465907	0.0210564335	-0.0460766263	0.0516590118	-0.0354486142	0.0042839244	0.0286879745	-0.0495576132	0.0495209612	-0.0285934806	-0.0043963972	0.0355316183	-0.0516775313	0.0460228486	-0.0209530451	-0.0129559745	0.0413994086	-0.0523781585	0.0412607473	-0.0127371473	-0.023717153	0.0354518262	0.0202432678	0.0205045263	-0.0114207558	-0.0155866745	-0.0220009683	-0.0535037088	-0.0070041565	-0.044219376	0	0	0	0	0	0	0	0	0.608370426422172	-1.36089915456373	0.448081059024295	0.592443852028073
0.0764926	0.0711417	0.00284713	-0.00153699	-0.0043552	-0.00117454	-0.0327614	-0.0275192	0.06382493	-0.000580065	0.0009605	-0.000201733	0.21122043	-0.0414684511	0.0132837629	0.0204346535	-0.0456404355	0.0518333998	-0.0364336915	0.0058564958	0.0271603893	-0.048862844	0.0502100954	-0.0306409077	-0.0016926191	0.0333210373	-0.0510686325	0.0475421407	-0.0242106219	-0.009206518	0.0387884217	-0.0522119084	0.043885044	-0.01727662	-0.0242700807	-0.051199029	0.0163217057	0.0001970978	0.0258778235	-0.067025501	-0.0132561142	0.018030214	0.0136540464	-0.0047780829	0	0	0	0	0	0	0	0	0.921120424683541	-0.107333579949184	0.448081059024295	0.592443852028073
0.102929	0.0692725	-0.0271873	-0.00159031	-0.00454402	-0.00137613	0.0264364	-0.00186919999999999	-0.03003443	-5.33199999999999e-05	-0.00018882	-0.00020159	0.08052653	-0.0416059582	0.0137199483	0.0198094581	-0.0451906832	0.0519837232	-0.0373944116	0.0074237382	0.0256005252	-0.0480945804	0.0508059967	-0.0326194932	0.0010156846	0.0310059033	-0.0502739006	0.048862844	-0.0273531403	-0.005407671	0.0359441567	-0.0516958108	0.0461835398	-0.021674694	0.0024970357	0.0257723116	0.0459559479	-0.0266146864	-0.0074822763	-0.0289983469	0.0379764714	-0.0570597	0.0050663544	0.0180528217	0	0	0	0	0	0	0	0	0.472023941864788	-0.261290314698941	0.448081059024295	0.592443852028073
0.0951062	0.0817753	0.0243315	-0.00123752	-0.00424684	-0.0012907	-0.00782279999999999	0.0125028	0.0515188	0.00035279	0.00029718	8.54299999999994e-05	0.1086144	-0.0417426926	0.0141551145	0.0191809517	-0.0447275033	0.0521099123	-0.0383301323	0.0089842256	0.0240102362	-0.0472539781	0.0513075588	-0.0345247919	0.0037212726	0.0285934806	-0.0492962274	0.0499794418	-0.0303656657	-0.0015798132	0.0328837193	-0.0508333239	0.0481391707	-0.0258953737	-0.0150365552	0.0192658884	0.0381500031	-0.0871726552	0.0212966819	-0.0146126666	-0.0223503681	-0.0072178171	0.0034715453	0.0064460755	0	0	0	0	0	0	0	0	-0.296345623354965	0.088152870533166	0.448081059024295	0.592443852028073
0.0869183	0.0632358	0.0173353	-0.00126642	-0.00448035	-0.00131679	-0.0081879	-0.0185395	-0.0069962	-2.89000000000001e-05	-0.00023351	-2.60899999999995e-05	0.0481486	-0.0418786518	0.0145892291	0.0185492395	-0.0442510332	0.0522119084	-0.0392402281	0.0105365379	0.0223914121	-0.0463423012	0.0517138504	-0.036352523	0.0064169112	0.0260913389	-0.0481391707	0.0508872699	-0.0332338815	0.0022565198	0.0296255153	-0.0496302266	0.0497374181	-0.0299041152	-0.0216459946	-0.0554727491	-0.0335956043	-0.0085301115	-0.0227987903	9.5188e-06	0.0522775099	0.0506010932	0.005165208	0.0438196594	0	0	0	0	0	0	0	0	-0.473509833572133	0.154361561967492	0.448081059024295	0.592443852028073
0.0965	0.0633127	-0.0292061	-0.00126642	-0.00458717	-0.00171173	0.0095817	7.68999999999909e-05	-0.0465414	0	-0.00010682	-0.00039494	0.081288	-0.0420138333	0.0150222601	0.0179144269	-0.0437614146	0.0522896643	-0.0401240904	0.0120792627	0.0207459769	-0.0453609212	0.0520241169	-0.0380985803	0.0090953929	0.0235073292	-0.0468069407	0.0515825363	-0.0359441567	0.0060807472	0.02618914	-0.0480945804	0.0509664168	-0.0336681095	-0.0088278493	0.0324765775	-0.0363182115	0.0334779697	0.0218568178	0.0352734634	-0.0146630929	-0.025944828	-0.0139057325	-0.0023832266	0	0	0	0	0	0	0	0	0.972935903451821	0.116650988756485	0.448081059024295	0.592443852028073
0.0708009	0.0632612	0.0314272	-0.00168036	-0.00458717	-0.00156179	-0.0256991	-5.1499999999996e-05	0.0606333	-0.00041394	0	0.00014994	0.1145779	-0.0421482344	0.015454175	0.01727662	-0.0432587929	0.0523431439	-0.0409811285	0.0136109962	0.0190758861	-0.044311314	0.0522377823	-0.0397590408	0.0117495564	0.0208495594	-0.0453043854	0.0520623368	-0.0384836111	0.009872353	0.0225952602	-0.046236675	0.0518170426	-0.0371565505	-0.0071955159	-0.0288383145	-0.0293975966	0.0244991381	0.0485133668	-0.0019476414	-0.0311893286	0.038907704	-0.0059778951	-0.0245248717	0	0	0	0	0	0	0	0	0.002191786717077	0.146982972960721	0.448081059024295	0.592443852028073
0.0992967	0.0632516	-0.0173897	-0.00155244	-0.00478822	-0.00147997	0.0284958	-9.59999999998462e-06	-0.0488169	0.00012792	-0.00020105	8.182e-05	0.0978618	-0.0422818529	0.015884942	0.0166359256	-0.0427433176	0.0523723222	-0.0418107693	0.0151303447	0.0173831246	-0.0431950583	0.0523544498	-0.0413301739	0.0143723053	0.018126369	-0.0436369724	0.052324667	-0.0408401761	0.0136109962	0.0188654898	-0.0440689593	0.0522829807	-0.0403408874	0.0005274038	0.0228634071	-0.0355814832	0.0449728634	-0.0102991788	0.0503408559	0.038718277	-0.0173723293	-0.0137450873	-0.0483326418	0	0	0	0	0	0	0	0	-2.38165067114291	0.150318649953971	0.448081059024295	-1.68540061352814
0.0962216	0.0768777	0.0709458	-0.00185255	-0.00469644	-0.00134129	-0.0030751	0.0136261	0.0883355	-0.00030011	9.17800000000005e-05	0.00013868	0.1315652	-0.0424146861	0.016314529	0.0159924506	-0.0422151417	0.0523771858	-0.0426124582	0.0166359256	0.015669704	-0.0420138333	0.0523739028	-0.0428084497	0.0169566271	0.0153463027	-0.0418107693	0.0523684314	-0.0430026525	0.01727662	0.0150222601	-0.0416059582	0.0523607718	-0.0431950583	0.0222638846	-0.0032164442	0.0087827927	-0.0236264822	0.0105698137	-0.0027154087	-0.0293885511	0.013782064	-0.0057165527	-0.0055766489	0	0	0	0	0	0	0	0	1.05364641696558	0.170899855589614	-2.22840312389761	-1.68540061352814
0.0917738	0.0467496	0.0385102	-0.00168036	-0.00458717	-0.00126454	-0.0044478	-0.0301281	-0.0324356	0.00017219	0.00010927	7.675e-05	0.084922	-0.0425467316	0.016742904	0.0153463027	-0.0416744222	0.0523577323	-0.0433856593	0.018126369	0.0139376608	-0.0407694154	0.0522961052	-0.044190547	0.0194956122	0.0125180835	-0.0398324213	0.0521934471	-0.0449607632	0.0208495594	0.0110886847	-0.0388641751	0.0520498384	-0.0456957037	0.0236910541	-0.0255552404	-0.0048095269	-0.0245099946	-0.0542432123	0.0195341194	0.0299791397	0.0105793347	0.0212025338	0.0635509613	0	0	0	0	0	0	0	0	-0.674358809345323	0.176992773922064	-2.22840312389761	-1.68540061352814
0.0917582	0.0632174	-0.0266702	-0.00168036	-0.00498371	-0.00136057	-1.56000000000045e-05	0.0164678	-0.0651804	0	-0.00039654	-9.603e-05	0.1062923	-0.042677987	0.0171700353	0.0146975897	-0.0411213197	0.0523139709	-0.0441298556	0.0196003187	0.0121890533	-0.0394636764	0.0521212014	-0.0454733605	0.0219824722	0.0096505858	-0.0377091275	0.0518004449	-0.0467052026	0.0243106464	0.0070884207	-0.0358619813	0.051352489	-0.0478223571	0.0034999004	0.0220589969	-0.0290561256	0.0036431723	0.0102596916	0.0174462355	-0.0291365037	-0.0323436249	-0.0380279316	0.0025289075	0	0	0	0	0	0	0	0	0.761600860091281	0.190453165679998	-2.22840312389761	0.592443852028073
0.0743714	0.0603967	0.00126658	-0.00218863	-0.00487769	-0.00126785	-0.0173868	-0.0028207	0.02793678	-0.00050827	0.00010602	9.27199999999999e-05	0.08349478	-0.0428084497	0.0175958911	0.0140464202	-0.0405559987	0.0522459219	-0.0448445497	0.0210564335	0.0104259597	-0.0380985803	0.0518495163	-0.0466540082	0.024410558	0.006752807	-0.0354486142	0.0511910666	-0.0482276804	0.0276413132	0.0030455261	-0.0326194932	0.0502739006	-0.0495576132	0.0003650617	-0.0657143458	-0.0364791847	0.0306811956	0.0282874771	-0.0142032437	0.0052107485	0.0471533999	0.0066977992	0.0057220457	0	0	0	0	0	0	0	0	0.111905806729851	0.20433722969937	0.448081059024295	0.592443852028073
0.099836	0.0760529	-0.0605683	-0.00218863	-0.00499215	-0.00105562	0.0254646	0.0156562	-0.06183488	0	-0.00011446	0.00021223	0.11929018	-0.0429381175	0.0180204398	0.013392903	-0.0399786271	0.0521536168	-0.0455292636	0.0224933884	0.0086504753	-0.0366761804	0.0514815542	-0.0477298374	0.0267733776	0.0038338396	-0.0330591074	0.0503678575	-0.0495209612	0.0308236917	-0.0010156846	-0.0291584371	0.0488220806	-0.0508872699	0.0403504332	0.0450167036	-0.0277645373	0.0451990108	0.0218562192	0.0277644609	-0.00797869	-0.0636937012	-0.0475760152	-0.0028281406	0	0	0	0	0	0	0	0	0.807974068387489	0.177111816998618	0.448081059024295	0.592443852028073
0.0917359	0.0850165	0.0106234	-0.0023678	-0.00499215	-0.00113266	-0.00810010000000001	0.00896359999999999	0.0711917	-0.00017917	0	-7.704e-05	0.1010659	-0.0430669878	0.0184436498	0.0127371473	-0.0393893764	0.0520370985	-0.0461835398	0.0239098759	0.0068647103	-0.0351986159	0.0510179984	-0.0486984311	0.0290646136	0.0009028426	-0.030549302	0.0493342563	-0.0505788988	0.0338407093	-0.0050707869	-0.0255020041	0.0470078072	-0.0518004449	0.0013330782	-0.0232856829	-0.0145031005	0.015955991	0.0724666401	-0.0217481057	-0.052534166	0.043498869	-0.0016776721	-0.0216035471	0	0	0	0	0	0	0	0	0.121237166010347	0.129754811603442	0.448081059024295	0.592443852028073
0.078627	0.0894307	-0.0585221	-0.00218863	-0.00499215	-0.00133006	-0.0131089	0.00441420000000002	-0.0691455	0.00017917	0	-0.000197400000000001	0.1054971	-0.0431950583	0.0188654898	0.0120792627	-0.0387884217	0.051896421	-0.0468069407	0.025304607	0.0050707869	-0.0336681095	0.0504597097	-0.0495576132	0.03127814	-0.0020309873	-0.0279283311	0.0480945804	-0.0513964655	0.0366761804	-0.0090953929	-0.021674694	0.0448445497	-0.0522896643	0.0328404502	0.0030757618	-0.0150238	0.063025142	-0.0078604408	0.0194695277	0.0622959706	-0.0224582696	-0.0193085462	-1.14313e-05	0	0	0	0	0	0	0	0	0.574390046254792	0.109932033622585	0.448081059024295	-1.68540061352814
0.0792874	0.0904211	0.0228291	-0.00218863	-0.00499215	-0.00114453	0.000660399999999992	0.000990400000000002	0.0813512	0	0	0.000185530000000001	0.0922785	-0.0433223267	0.0192859283	0.0114193591	-0.0381759417	0.0517316498	-0.0473990497	0.0266763128	0.0032708371	-0.0320869629	0.0498077248	-0.0503054532	0.0334080384	-0.0049584444	-0.0252057321	0.0466540082	-0.0519697758	0.0393148935	-0.0130652981	-0.017702152	0.0423483678	-0.0523509242	0.0362690101	0.0144418538	0.0123837123	0.0139484154	0.0576086733	-0.0132801018	-0.0391247121	-0.0012093146	-0.0114854348	-0.0072789065	0	0	0	0	0	0	0	0	0.524758223789571	-0.116316671337341	-2.22840312389761	0.592443852028073
0.0689163	0.0631795	-0.0494561	-0.00218863	-0.00499215	-0.00117264	-0.0103711	-0.0272416	-0.0722852	0	0	-2.811e-05	0.1113034	-0.0434487905	0.0197049341	0.010757547	-0.0375521182	0.0515428613	-0.0479594708	0.028023745	0.0014670001	-0.0304575546	0.0490632542	-0.050940271	0.0354486142	-0.0078703433	-0.0223914121	0.045018557	-0.0522961052	0.0417426926	-0.0169566271	-0.0136109962	0.0395377932	-0.0519837232	0.0197496405	-0.0457274968	-0.0115398572	0.0175964091	-0.0293983997	0.0206415228	0.0525473945	0.0317723491	-0.015141536	-0.0165783688	0	0	0	0	0	0	0	0	-0.363164781224559	-0.158298154384608	-2.22840312389761	0.592443852028073
0.0784382	0.086774	-0.0579766	-0.00199221	-0.00499215	-0.00145339	0.0095219	0.0235945	-0.0085205	0.00019642	0	-0.00028075	0.0654954	-0.0435744473	0.0201224762	0.0100939368	-0.0369171367	0.0513301431	-0.0484878293	0.0293456776	-0.0003385804	-0.0287823352	0.0482276804	-0.0514606403	0.0373944116	-0.010757547	-0.0194956122	0.0431950583	-0.0523739028	0.0439465533	-0.0207459769	-0.0094286395	0.0364336915	-0.0511910666	0.0289647345	0.0433129465	0.0010325721	-0.0040489323	-0.0127334519	0.0359894222	-0.0325832211	-0.0382602151	0.0029753097	-0.007366974	0	0	0	0	0	0	0	0	0.841276290959538	-0.267679913991989	-2.22840312389761	0.592443852028073
0.0641088	0.0675381	-0.0383203	-0.00218863	-0.00517729	-0.00126542	-0.0143294	-0.0192359	0.0196563	-0.00019642	-0.00018514	0.00018797	0.0816981	-0.043699295	0.0205385235	0.0094286395	-0.0362711858	0.051093594	-0.0489837722	0.0306409077	-0.0021437585	-0.0270638244	0.047302555	-0.051865392	0.0392402281	-0.0136109962	-0.01652887	0.0411911291	-0.0522027989	0.0459146523	-0.024410558	-0.0051831058	0.0330591074	-0.0499794418	0.0217295544	-0.0797820752	-0.0006239691	-0.0423294898	-0.0121606252	-0.0153007847	-0.0121893426	0.0467848435	-0.0156873437	0.0224088398	0	0	0	0	0	0	0	0	0.592393290016047	-0.558034868874234	-2.22840312389761	0.592443852028073
0.121522	0.118704	-0.116746	0.000380805	-0.00568491	-0.000355085	0.0574132	0.0511659	-0.0784257	0.002569435	-0.000507619999999999	0.000910335	0.3863743	-0.043823331	0.0209530451	0.0087617663	-0.0356144575	0.0508333239	-0.0494469678	0.0319082567	-0.0039463888	-0.025304607	0.0462895956	-0.0521536168	0.0409811285	-0.0164217376	-0.0135019809	0.03901514	-0.0517836067	0.0476364314	-0.0279283311	-0.0009028426	0.0294390937	-0.0483587652	-0.0177236235	0.0607525981	0.0204925801	0.0058202589	-0.0641443109	0.0422815878	0.0162527103	-0.046515289	0.0238088002	0.0331077691	0	0	0	0	0	0	0	0	-0.192105104756155	-0.580931068763882	-2.22840312389761	0.592443852028073
0.128915	0.13927	-0.135096	0.000786767	-0.0058572	-0.000442063	0.007393	0.020566	-0.01835	0.000405962	-0.00017229	-8.6978e-05	0.0795705	-0.0439465533	0.0213660101	0.0080934286	-0.0349471469	0.0505494535	-0.0498771065	0.0331465714	-0.0057443291	-0.0235073292	0.0451906832	-0.052324667	0.0426124582	-0.0191809517	-0.0104259597	0.0366761804	-0.0511183183	0.0491026536	-0.03127814	0.0033834701	0.0256005252	-0.0463423012	-0.0570971218	-0.0021483059	0.0179792413	0.0031018013	-0.0667264857	-0.0176647571	-0.0117414082	-0.0285062239	0.0042413254	-0.0013884252	0	0	0	0	0	0	0	0	0.154823534384058	-0.550978717329018	-2.22840312389761	0.592443852028073
0.169699	0.117117	-0.461268	-0.00214094	-0.00555894	-0.00261655	0.040784	-0.022153	-0.326172	-0.002927707	0.00029826	-0.002174487	0.6591317	-0.0440689593	0.021777388	0.0074237382	-0.0342694522	0.0502421146	-0.0502739006	0.0343547251	-0.0075354425	-0.021674694	0.0440078585	-0.0523781585	0.0441298556	-0.0218799809	-0.0073119995	0.0341840202	-0.0502100954	0.0503054532	-0.0344398384	0.0076471118	0.0215718994	-0.0439465533	-0.0827646702	0.1478378639	0.0467053869	-0.0255331352	0.0079275019	0.0856625352	-0.0611422728	-0.1016692501	0.2118989427	0.0570368998	0	0	0	0	0	0	0	0	0.569907290702759	-0.432654331199872	0.448081059024295	-1.68540061352814
0.204553	0.154314	-0.220161	0.000295622	-0.00721898	0.00124097	0.034854	0.037197	0.241107	0.002436562	-0.00166004	0.00385752	0.7108641	-0.044190547	0.0221871482	0.006752807	-0.0335815749	0.04991145	-0.050637085	0.0355316183	-0.0093176004	-0.0198094581	0.0427433176	-0.0523139709	0.0455292636	-0.0245103563	-0.0041714317	0.0315490697	-0.0490632542	0.0512383773	-0.0373944116	0.0118595137	0.0173831246	-0.0411911291	-0.0931468884	-0.0110162236	0.0418345482	-0.0275832759	-0.0149798812	-0.0870077237	-0.0286330459	0.1039372365	0.0650026091	-0.2624539812	0	0	0	0	0	0	0	0	0.918465515775173	-0.421452665767426	0.448081059024295	-1.68540061352814
0.177807	0.114941	-0.169442	0.00126567	-0.00678057	0.00196131	-0.026746	-0.039373	0.050719	0.000970048	0.00043841	0.000720339999999999	0.2232779	-0.044311314	0.0225952602	0.0060807472	-0.0328837193	0.0495576132	-0.0509664168	0.0366761804	-0.0110886847	-0.0179144269	0.0413994086	-0.0521322486	0.0468069407	-0.0270638244	-0.0010156846	0.0287823352	-0.0476832451	0.051896421	-0.0401240904	0.0159924506	0.0130652981	-0.0380985803	-0.0446985337	-0.0458118463	0.0186221612	0.0567938578	-0.0688288041	-0.0242509958	0.0823880689	0.025284235	0.0097416886	-0.0700842339	0	0	0	0	0	0	0	0	0.744923537121885	-0.416942079614388	0.448081059024295	-1.68540061352814
0.206963	0.150136	-0.169399	0.000695575	-0.00693246	0.00171348	0.029156	0.035195	4.30000000000153e-05	-0.000570095	-0.00015189	-0.00024783	0.11288475	-0.044431258	0.0230016937	0.005407671	-0.0321760928	0.0491807684	-0.0512616758	0.0377873696	-0.0128465907	-0.0159924506	0.0399786271	-0.0518333998	0.0479594708	-0.0295323731	0.0021437585	0.0258953737	-0.0460766263	0.0522760543	-0.0426124582	0.0200182296	0.0086504753	-0.0346942175	-0.0469782797	0.0492971772	0.0643434518	0.0091853621	0.0032290916	-0.0081638655	-0.0246352037	-0.0483082268	0.0716038172	-0.0077271009	0	0	0	0	0	0	0	0	0.325515968437556	-0.538123384144795	0.448081059024295	0.592443852028073
0.1751	0.126805	-0.118522	0.000676019	-0.00655817	0.00108665	-0.031863	-0.023331	0.050877	-1.95560000000001e-05	0.000374289999999999	-0.00062683	0.1571048	-0.0445503769	0.0234064185	0.0047336909	-0.0314589057	0.0487810905	-0.0515226647	0.0388641751	-0.0145892291	-0.0140464202	0.0384836111	-0.0514180959	0.0489837722	-0.0319082567	0.0052954007	0.0229002443	-0.0442510332	0.0523752403	-0.0448445497	0.0239098759	0.0041714317	-0.0310059033	-0.0521881384	-0.0767972359	0.0796825453	-0.0491976102	0.0153197711	-0.0650054291	0.0099093138	0.0326484809	0.0410262571	0.0079314446	0	0	0	0	0	0	0	0	1.04695100495016	-0.789649623942846	0.448081059024295	0.592443852028073
0.180838	0.127142	-0.179316	0.000520601	-0.00645521	0.000768005	0.00573799999999999	0.000337000000000004	-0.060794	-0.000155418	0.00010296	-0.000318645	0.09572015	-0.0446686685	0.0238094045	0.0040589197	-0.030732371	0.0483587652	-0.0517492091	0.0399056168	-0.016314529	-0.0120792627	0.0369171367	-0.0508872699	0.0498771065	-0.0341840202	0.0084277735	0.0198094581	-0.0422151417	0.0521934471	-0.0468069407	0.0276413132	-0.0003385804	-0.0270638244	-0.022291295	0.0516971125	0.0489749557	-0.0371010163	-0.0077897436	0.0225878036	-0.0027990125	-0.0402571096	0.0356679626	0.0459690187	0	0	0	0	0	0	0	0	1.08830718550986	-0.001274000399363	0.448081059024295	0.592443852028073
0.170672	0.130506	-0.0893312	-0.000197406	-0.0061843	0.000681101	-0.010166	0.00336399999999998	0.0899848	-0.000718007	0.00027091	-8.6904e-05	0.15730585	-0.0447861304	0.0242106219	0.0033834701	-0.0299967047	0.0479139886	-0.0519411573	0.0409107473	-0.0180204398	-0.0100939368	0.0352821126	-0.0502421146	0.050637085	-0.036352523	0.0115294786	0.0166359256	-0.0399786271	0.0517316498	-0.0484878293	0.0311875391	-0.0048460789	-0.0229002443	-0.0358755081	-0.0088326694	0.0048645381	-0.0682012847	0.0267713408	-0.0187343628	-0.0476573207	0.0463239736	0.0111925022	0.0262697162	0	0	0	0	0	0	0	0	0.892513997302848	0.481744330071848	0.448081059024295	0.592443852028073
0.154176	0.109963	-0.160422	-0.000244451	-0.00646848	0.000600552	-0.016496	-0.020543	-0.0710908	-4.7045e-05	-0.00028418	-8.05490000000001e-05	0.1287185	-0.0449027607	0.0246100408	0.0027074549	-0.0292521253	0.047446967	-0.0520983812	0.0418786518	-0.0197049341	-0.0080934286	0.0335815749	-0.0494840794	0.0512616758	-0.0384069609	0.0145892291	0.013392903	-0.0375521182	0.050992326	-0.0498771065	0.0345247919	-0.0093176004	-0.0185492395	-0.0181991292	0.008170483	-0.0217901221	-0.0346476269	-0.0613267957	0.0339829859	0.0784764187	-0.0030335825	0.0247568291	0.029941012	0	0	0	0	0	0	0	0	0.634428743561855	0.546552105470819	0.448081059024295	0.592443852028073
0.156567	0.132048	-0.123582	-0.000503813	-0.00618678	0.000392976	0.002391	0.022085	0.03684	-0.000259362	0.0002817	-0.000207576	0.0987479	-0.045018557	0.0250076315	0.0020309873	-0.028498854	0.0469579174	-0.0522207755	0.0428084497	-0.0213660101	-0.0060807472	0.0318186811	-0.0486148674	0.0517492091	-0.0403408874	0.0175958911	0.0100939368	-0.0349471469	0.0499794418	-0.0509664168	0.0376307102	-0.0137199483	-0.0140464202	7.47152e-05	0.0332218628	-0.005860033	-0.0503037314	-0.0155654513	0.0024455779	-0.0343934011	-0.0210646034	-0.0179547687	0.0427174153	0	0	0	0	0	0	0	0	0.664494659780526	-0.328868288806662	0.448081059024295	0.592443852028073
0.154415	0.0979949	-0.115053	-0.000503813	-0.00687228	0.000750202	-0.00215200000000002	-0.0340531	0.00852899999999999	0	-0.000685499999999999	0.000357226	0.0968704	-0.0451335173	0.0254033645	0.0013541801	-0.0277371148	0.0464470668	-0.0523082586	0.043699295	-0.0230016937	-0.0040589197	0.0299967047	-0.0476364314	0.0520983812	-0.0421482344	0.0205385235	0.006752807	-0.0321760928	0.0486984311	-0.0517492091	0.0404844828	-0.0180204398	-0.0094286395	-0.0381312126	-0.070678655	-0.0259719162	-0.0315077024	-0.0567900499	-0.0241641137	0.0253267606	0.0478387855	0.0272712376	0.0504234968	0	0	0	0	0	0	0	0	0.481076174602139	-0.468993667107262	0.448081059024295	0.592443852028073
0.161586	0.111626	-0.190251	-0.000154325	-0.00689569	0.000773076	0.00717099999999998	0.0136311	-0.075198	0.000349488	-2.34100000000006e-05	2.28740000000001e-05	0.1157887	-0.0452476394	0.0257972105	0.0006771467	-0.0269671338	0.0459146523	-0.0523607718	0.0445503769	-0.0246100408	-0.0020309873	0.0281190288	-0.0465509697	0.0523082586	-0.043823331	0.0234064185	0.0033834701	-0.0292521253	0.0471561663	-0.0522207755	0.0430669878	-0.0221871482	-0.0047336909	-0.0007899628	0.0520356336	-0.0026877469	-0.0036072218	-0.0513746774	0.009825998	-0.0144011507	-0.0607987881	-0.0133572241	0.0479286459	0	0	0	0	0	0	0	0	-0.020445069199449	-0.606669395679179	0.448081059024295	0.592443852028073
0.150193	0.132614	-0.0992188	-0.000810224	-0.00654441	0.000613977	-0.011393	0.020988	0.0910322	-0.000655899	0.000351280000000001	-0.000159099	0.1817271	-0.0453609212	0.02618914	0	-0.02618914	0.0453609212	-0.0523782801	0.0453609212	-0.02618914	0	0.02618914	-0.0453609212	0.0523782801	-0.0453609212	0.02618914	0	-0.02618914	0.0453609212	-0.0523782801	0.0453609212	-0.02618914	0	-0.0156186922	-0.0111864206	0.0208093666	-0.0457836475	-0.0077506574	-0.0351047205	-0.0474024272	0.021149687	0.0091709444	0.0377098558	0	0	0	0	0	0	0	0	0.143664886155287	-0.711812967023775	0.448081059024295	0.592443852028073
0.146271	0.122813	-0.18845	-0.000267466	-0.00654511	0.000736296	-0.00392199999999998	-0.00980100000000003	-0.0892312	0.000542758	-7.0000000000018e-07	0.000122319	0.13624305	-0.0454733605	0.0265791242	-0.0006771467	-0.0254033645	0.0447861304	-0.0523607718	0.0461301902	-0.0277371148	0.0020309873	0.0242106219	-0.0440689593	0.0523082586	-0.0467561802	0.0288765622	-0.0033834701	-0.0230016937	0.0433223267	-0.0522207755	0.0473509122	-0.0299967047	0.0047336909	-0.0110266617	0.0165661872	0.0171909211	0.0046651738	-0.0409406045	-0.0010825991	0.0417257589	-0.0172103991	0.0101583603	0.0545792843	0	0	0	0	0	0	0	0	0.006457877609747	-0.636979536534004	0.448081059024295	0.592443852028073
0.13391	0.149859	-0.118514	-0.000871718	-0.00644039	0.000527554	-0.012361	0.027046	0.069936	-0.000604252	0.00010472	-0.000208742	0.1552287	-0.0455849554	0.0269671338	-0.0013541801	-0.0246100408	0.044190547	-0.0523082586	0.0468574839	-0.0292521253	0.0040589197	0.0221871482	-0.042677987	0.0520983812	-0.0480047303	0.0314589057	-0.006752807	-0.0197049341	0.0410513194	-0.0517492091	0.049023627	-0.0335815749	0.0094286395	-0.0178529079	0.0271364232	0.0141145507	0.0042482989	0.0685936107	-0.008663211	-0.0296204408	0.0033452275	-0.0170162509	0.0090298503	0	0	0	0	0	0	0	0	-0.786112600250304	-0.346717659404884	0.448081059024295	0.592443852028073
0.133939	0.116131	-0.127931	-0.000936139	-0.00654512	0.000623634	2.90000000000013e-05	-0.033728	-0.00941699999999998	-6.44210000000002e-05	-0.00010473	9.60799999999999e-05	0.05643555	-0.0456957037	0.0273531403	-0.0020309873	-0.0238094045	0.0435744473	-0.0522207755	0.0475421407	-0.030732371	0.0060807472	0.0201224762	-0.0411911291	0.0517492091	-0.0491026536	0.0339267737	-0.0100939368	-0.016314529	0.0385600826	-0.0509664168	0.0503678575	-0.0369171367	0.0140464202	-0.0212376687	-0.0607531855	-0.0338255611	0.0374716545	0.0043397884	-0.0015679242	0.0701003356	0.0569193265	-0.0060276615	-0.0057490736	0	0	0	0	0	0	0	0	0.223102738787021	-0.355001757126738	0.448081059024295	0.592443852028073
0.13393	0.134734	-0.17034	-0.000936139	-0.00654512	0.000503412	-9.000000000009e-06	0.018603	-0.042409	0	0	-0.000120222	0.0670321	-0.0458056033	0.0277371148	-0.0027074549	-0.0230016937	0.0429381175	-0.0520983812	0.0481835374	-0.0321760928	0.0080934286	0.0180204398	-0.0396117264	0.0512616758	-0.0500465054	0.0362711858	-0.013392903	-0.0128465907	0.0358619813	-0.0498771065	0.0513745965	-0.0399786271	0.0185492395	-0.0060024195	0.0612776251	-0.016868493	0.045661859	0.0519529264	0.0187816548	-0.0282434196	-0.0524240946	-0.0153041791	-0.0176269679	0	0	0	0	0	0	0	0	-2.52981750951036	0.204444625410701	0.448081059024295	0.592443852028073
0.13394	0.11615	-0.0748657	-0.000936139	-0.00602447	0.000601962	1.000000000001e-05	-0.018584	0.0954743	0	0.00052065	9.855e-05	0.1450283	-0.0459146523	0.0281190288	-0.0033834701	-0.0221871482	0.0422818529	-0.0519411573	0.0487810905	-0.0335815749	0.0100939368	0.015884942	-0.0379433273	0.050637085	-0.0508333239	0.0384836111	-0.0166359256	-0.0093176004	0.0329714899	-0.0484878293	0.0520370985	-0.0427433176	0.0229002443	-0.0129246122	-0.042902565	-0.014967921	0.0034309064	0.0460135225	-0.032021855	-0.0246499146	0.0572249793	-0.0136329111	0.0100449884	0	0	0	0	0	0	0	0	-0.740069826473204	0.264385362478715	0.448081059024295	0.592443852028073
0.147967	0.116172	-0.167991	-0.000538307	-0.00621249	0.000446543	0.014027	2.19999999999942e-05	-0.0931253	0.000397832	-0.000188020000000001	-0.000155419	0.14423785	-0.0460228486	0.028498854	-0.0040589197	-0.0213660101	0.0416059582	-0.0517492091	0.0493342563	-0.0349471469	0.0120792627	0.0137199483	-0.0361896802	0.0498771065	-0.0514606403	0.0405559987	-0.0198094581	-0.0057443291	0.0299041152	-0.0468069407	0.0523509242	-0.0451906832	0.0270638244	-0.0158089065	0.0298285494	-0.0002256911	0.0423898059	0.0041097568	0.0102142451	0.0339340662	-0.0414183035	-0.0101591851	0.0197835667	0	0	0	0	0	0	0	0	-1.77288209404248	0.184150431347268	0.448081059024295	0.592443852028073
0.155038	0.151521	0.0951654	-0.000352254	-0.00653586	0.00261423	0.00707099999999999	0.035349	0.2631564	0.000186053	-0.00032337	0.002167687	0.4394319	-0.0461301902	0.0288765622	-0.0047336909	-0.0205385235	0.0409107473	-0.0515226647	0.0498425313	-0.0362711858	0.0140464202	0.0115294786	-0.0343547251	0.0489837722	-0.0519264863	0.0424808075	-0.0229002443	-0.0021437585	0.0266763128	-0.0448445497	0.0523139709	-0.047302555	0.0310059033	0.0655224079	-0.0317668724	0.0233208233	0.0490706135	0.0635907898	-0.0643205767	-0.0123377716	-0.0012531224	-0.0533153678	-0.037703758	0	0	0	0	0	0	0	0	-0.436639475889122	0.263255732775485	0.448081059024295	0.592443852028073
0.208554	0.066518	0.0566648	0.00162539	-0.0061553	0.00110377	0.053516	-0.085003	-0.0385006	0.001977644	0.000380559999999999	-0.00151046	0.3704528	-0.046236675	0.0292521253	-0.005407671	-0.0197049341	0.0401965428	-0.0512616758	0.0503054532	-0.0375521182	0.0159924506	0.0093176004	-0.0324425845	0.0479594708	-0.0522294002	0.0442510332	-0.0258953737	0.0014670001	0.0233053991	-0.0426124582	0.0519264863	-0.0490632542	0.0346942175	0.009926898	-0.0077683736	-0.0006285914	0.0035315578	-0.0574533519	-0.0072427478	0.0448658376	-0.003018041	-0.006822814	0.0216792544	0	0	0	0	0	0	0	0	0.074166280780127	0.308964428466293	0.448081059024295	0.592443852028073
0.224963	0.0668277	-0.0319681	0.000264945	-0.0050967	0.000423873	0.016409	0.000309699999999996	-0.0886329	-0.001360445	0.0010586	-0.000679897	0.2602987	-0.0463423012	0.0296255153	-0.0060807472	-0.0188654898	0.0394636764	-0.0509664168	0.0507226006	-0.0387884217	0.0179144269	0.0070884207	-0.0304575546	0.0468069407	-0.0523684314	0.0458602343	-0.0287823352	0.0050707869	0.0198094581	-0.0401240904	0.0511910666	-0.0504597097	0.0380985803	0.030440685	0.023338262	0.0109788238	0.0207128283	-0.0222156041	-0.0103253247	-0.0031901095	-0.0536795365	-0.0198359384	-0.0215950918	0	0	0	0	0	0	0	0	0.640752172751545	0.289168897278446	0.448081059024295	0.592443852028073
0.234373	0.0856375	0.0612643	-0.000823488	-0.00551538	0.000554556	0.00940999999999997	0.0188098	0.0932324	-0.001088433	-0.00041868	0.000130683	0.203342	-0.0464470668	0.0299967047	-0.006752807	-0.0180204398	0.0387124883	-0.050637085	0.051093594	-0.0399786271	0.0198094581	0.0048460789	-0.0284040951	0.0455292636	-0.0523431439	0.047302555	-0.0315490697	0.0086504753	0.0162072446	-0.0373944116	0.0501126395	-0.0514815542	0.0411911291	0.0627187403	-0.0180986939	0.047875217	-0.0036097119	0.0452147521	-0.0482384612	-0.0058909277	-0.0042831836	-0.0066001382	-0.0205504564	0	0	0	0	0	0	0	0	0.860417233318224	0.257104848697029	0.448081059024295	0.592443852028073
0.216322	0.0667645	-0.00306299	-0.000286121	-0.00541552	0.000548522	-0.018051	-0.018873	-0.06432729	0.000537367	9.98600000000002e-05	-6.03400000000003e-06	0.13341434	-0.0465509697	0.0303656657	-0.0074237382	-0.0171700353	0.0379433273	-0.0502739006	0.0514180959	-0.0411213197	0.021674694	0.0025947387	-0.0262868196	0.0441298556	-0.0521536168	0.0485727468	-0.0341840202	0.0121890533	0.0125180835	-0.0344398384	0.0486984311	-0.0521212014	0.0439465533	0.0076446798	-0.0107539176	0.0133434144	-0.0687094762	0.0459606422	0.0038246395	0.0118341488	0.0365740048	-0.0063727812	0.0262628891	0	0	0	0	0	0	0	0	0.863399230573352	0.215762660732649	0.448081059024295	0.592443852028073
0.183524	0.107663	0.0628365	-0.000609821	-0.00543628	0.000369152	-0.032798	0.0408985	0.06589949	-0.0003237	-2.07599999999999e-05	-0.00017937	0.16578749	-0.0466540082	0.030732371	-0.0080934286	-0.016314529	0.0371565505	-0.0498771065	0.0516958108	-0.0422151417	0.0235073292	0.0003385804	-0.024110485	0.0426124582	-0.0518004449	0.0496661877	-0.0366761804	0.015669704	0.0087617663	-0.03127814	0.0469579174	-0.0523739028	0.0463423012	0.0279456124	-0.0540998223	-0.0449362897	-0.0775849467	0.0344144505	0.0318904429	-0.0007783374	0.0577220467	-0.016894196	0.0173426297	0	0	0	0	0	0	0	0	0.843332513865777	0.231205540408175	0.448081059024295	0.592443852028073
0.175765	0.106591	-0.00417282	-0.000792489	-0.00597991	0.000134213	-0.00775899999999999	-0.001072	-0.06700932	-0.000182668	-0.00054363	-0.000234939	0.12390217	-0.0467561802	0.0310967934	-0.0087617663	-0.015454175	0.036352523	-0.0494469678	0.0519264863	-0.0432587929	0.025304607	-0.0019182066	-0.0218799809	0.0409811285	-0.0512847364	0.0505788988	-0.03901514	0.0190758861	0.0049584444	-0.0279283311	0.0449027607	-0.0522377823	0.0483587652	0.0076089341	0.029687818	-0.1159107969	-0.0517100438	0.0058385061	0.1244231859	-0.0151019446	0.0606216862	-0.0269102144	0.0506384619	0	0	0	0	0	0	0	0	-1.07059859610099	0.237685929486392	0.448081059024295	0.592443852028073
0.178646	0.0988883	0.0170942	-0.000899874	-0.00597892	-4.5322e-05	0.002881	-0.00770270000000001	0.02126702	-0.000107385	9.89999999999325e-07	-0.000179535	0.04624622	-0.0468574839	0.0314589057	-0.0094286395	-0.0145892291	0.0355316183	-0.0489837722	0.0521099123	-0.0442510332	0.0270638244	-0.0041714317	-0.0196003187	0.0392402281	-0.0506081094	0.0513075588	-0.0411911291	0.0223914121	0.0011285219	-0.024410558	0.0425467316	-0.0517138504	0.0499794418	-0.008363219	0.0183683036	-0.1354607821	-0.0322749817	0.0455732207	0.1184072037	-0.0380612375	0.0548067566	-0.0380693898	-0.0300796392	0	0	0	0	0	0	0	0	0.206709003923895	0.241866630608711	0.448081059024295	0.592443852028073
0.194331	0.11498	0.00266908	-0.000825405	-0.00597892	0.000270119	0.015685	0.0160917	-0.01442512	7.44690000000002e-05	0	0.000315441	0.06569732	-0.0469579174	0.0318186811	-0.0100939368	-0.0137199483	0.0346942175	-0.0484878293	0.0522459219	-0.0451906832	0.0287823352	-0.0064169112	-0.01727662	0.0373944116	-0.049772687	0.0518495163	-0.0431950583	0.0256005252	-0.0027074549	-0.0207459769	0.0399056168	-0.0508059967	0.0511910666	0.0030448252	0.0063639287	-0.1245436397	0.0230756038	-0.0009058675	0.1049735262	0.0316473589	0.0508222612	-0.0350797722	-0.0302656372	0	0	0	0	0	0	0	0	-2.36376036069831	0.217270691022961	0.448081059024295	-1.68540061352814
0.194338	0.115063	-0.0109332	-0.00126246	-0.00597892	-1.64641e-05	7.000000000007e-06	8.30000000000136e-05	-0.01360228	-0.000437055	0	-0.0002865831	0.049874185	-0.0470574788	0.0321760928	-0.010757547	-0.0128465907	0.0338407093	-0.0479594708	0.0523343914	-0.0460766263	0.0304575546	-0.0086504753	-0.0149141057	0.0354486142	-0.0487810905	0.0522027989	-0.045018557	0.0286879745	-0.0065289069	-0.0169566271	0.0369971132	-0.0495209612	0.0519837232	0.0093673267	0.0304471819	-0.0860280418	0.0151171015	0.0331800254	0.0718288612	-0.0377663603	0.0174384478	-0.0389413473	-0.0402208407	0	0	0	0	0	0	0	0	0.0782667361417	-0.001514724719605	0.448081059024295	-1.68540061352814
0.177332	0.0975837	-0.0172559	-0.00117255	-0.00586757	2.56059e-05	-0.017006	-0.0174793	-0.0063227	8.99099999999999e-05	0.000111350000000001	4.207e-05	0.0529745	-0.0471561663	0.0325311144	-0.0114193591	-0.011969416	0.0329714899	-0.0473990497	0.0523752403	-0.0469078096	0.0320869629	-0.0108679768	-0.0125180835	0.0334080384	-0.0476364314	0.0523661213	-0.0466540082	0.0316390872	-0.0103153331	-0.0130652981	0.0338407093	-0.0478682839	0.0523509242	-8.44485e-05	-0.0494494682	-0.0652047958	0.0401727924	0.0095504167	0.020899602	0.0050802888	0.0339459597	-0.0170004119	-0.0198575937	0	0	0	0	0	0	0	0	0.507357848745876	-0.889613573062146	0.448081059024295	-1.68540061352814
0.174235	0.0918805	-0.0750243	-0.00115529	-0.00576214	-5.78942e-05	-0.00309699999999996	-0.00570320000000001	-0.0577684	1.72600000000001e-05	0.00010543	-8.35001e-05	0.076878105	-0.0472539781	0.0328837193	-0.0120792627	-0.0110886847	0.0320869629	-0.0468069407	0.0523684314	-0.0476832451	0.0336681095	-0.0130652981	-0.0100939368	0.03127814	-0.0463423012	0.0523388891	-0.0480945804	0.0344398384	-0.0140464202	-0.0090953929	0.0304575546	-0.0458602343	0.0522896643	0.0313066062	0.0352597318	-0.0171625181	0.0265454749	0.0097073112	0.0145260321	-0.0144863423	-0.0451853191	-0.0249579061	-0.0361571821	0	0	0	0	0	0	0	0	0.945538001983203	-1.10393524503419	0.448081059024295	0.592443852028073
0.163809	0.0882118	0.00229657	-0.00126252	-0.005756	3.33521e-05	-0.010426	-0.00366869999999998	0.07732087	-0.00010723	6.13999999999996e-06	9.12463e-05	0.101646385	-0.0473509122	0.0332338815	-0.0127371473	-0.0102046586	0.0311875391	-0.0461835398	0.0523139709	-0.0484020114	0.0351986159	-0.015238359	-0.0076471118	0.0290646136	-0.0449027607	0.0521212014	-0.0493342563	0.0370769179	-0.017702152	-0.0050707869	0.0268703181	-0.0435117199	0.0518004449	0.0010133374	-0.0285457819	0.0079537147	-0.0401332327	0.0380445536	-0.0263983342	-0.0455909291	0.0415172034	-0.015518912	-0.0192454497	0	0	0	0	0	0	0	0	0.506044476100312	-1.15372985590042	0.448081059024295	-1.68540061352814
0.179157	0.073861	-0.0760568	-0.000861943	-0.0057121	-1.00317e-05	0.015348	-0.0143508	-0.07835337	0.000400577	4.38999999999995e-05	-4.33838e-05	0.13244521	-0.047446967	0.0335815749	-0.013392903	-0.0093176004	0.0302736359	-0.0455292636	0.0522119084	-0.0490632542	0.0366761804	-0.0173831246	-0.0051831058	0.0267733776	-0.0433223267	0.0517138504	-0.0503678575	0.0395377932	-0.0212629165	-0.0010156846	0.0231030362	-0.0408401761	0.0508872699	0.0218871611	0.0200760663	0.0165638986	-0.0338206552	-0.0456335497	0.0204128449	0.0318434773	-0.0326187146	-0.0060878003	0.0321431389	0	0	0	0	0	0	0	0	0.729194017469318	-1.06338308825477	0.448081059024295	0.592443852028073
0.185865	0.0976078	-0.0396922	-0.00126252	-0.00586565	-2.57316e-05	0.00670800000000002	0.0237468	0.0363646	-0.000400577	-0.00015355	-1.56999e-05	0.095310745	-0.0475421407	0.0339267737	-0.0140464202	-0.0084277735	0.0293456776	-0.0448445497	0.0520623368	-0.0496661877	0.0380985803	-0.0194956122	-0.0027074549	0.024410558	-0.0416059582	0.0511183183	-0.0511910666	0.0418107693	-0.024709611	0.0030455261	0.0191809517	-0.0378654364	0.0495576132	0.0090431469	0.025816349	0.0055658672	-0.0143903536	0.0010801671	-0.0045581382	-0.0216333952	-0.0153405914	-0.0201264923	0.022175117	0	0	0	0	0	0	0	0	0.213963784416385	-1.05769652029484	0.448081059024295	0.592443852028073
0.182886	0.097473	0.0128658	-0.0016823	-0.00574426	0.000365133	-0.00297900000000001	-0.00013479999999999	0.052558	-0.00041978	0.00012139	0.0003908646	0.10227353	-0.0476364314	0.0342694522	-0.0146975897	-0.0075354425	0.0284040951	-0.0441298556	0.051865392	-0.0502100954	0.0394636764	-0.0215718994	-0.0002257211	0.0219824722	-0.0397590408	0.0503367722	-0.0518004449	0.043885044	-0.028023745	0.0070884207	0.0151303447	-0.034609585	0.0478223571	0.015626204	-0.0683176459	-0.0299618358	0.0727975221	-0.0017356748	-0.0216409616	0.0342640213	0.035368239	-0.0306549192	-0.0106276833	0	0	0	0	0	0	0	0	0.772948288209871	-0.371363859057713	0.448081059024295	0.592443852028073
0.193771	0.0976043	-0.02112	-0.00174579	-0.00583854	-1.10976e-05	0.010885	0.000131300000000001	-0.0339858	-6.349e-05	-9.42799999999995e-05	-0.0003762306	0.07170213	-0.0477298374	0.034609585	-0.0153463027	-0.0066408724	0.0274493255	-0.0433856593	0.0516212534	-0.0506943307	0.0407694154	-0.0236081307	0.0022565198	0.0194956122	-0.0377873696	0.0493720561	-0.0521934471	0.0457507597	-0.0311875391	0.0110886847	0.0109783563	-0.0310967934	0.0456957037	0.0479505342	0.0243662077	-0.0037363492	0.0586275049	-0.0168517031	0.0013299523	-0.0127246253	-0.0396864731	-0.0354665029	-0.0415150702	0	0	0	0	0	0	0	0	0.670996830342999	-0.517054181144058	0.448081059024295	0.592443852028073
0.199851	0.117698	0.0247668	-0.00216948	-0.00602915	4.46541e-05	0.00608	0.0200937	0.0458868	-0.00042369	-0.00019061	5.57517e-05	0.105563085	-0.0478223571	0.0349471469	-0.0159924506	-0.0057443291	0.0264818121	-0.0426124582	0.0513301431	-0.0511183183	0.0420138333	-0.0256005252	0.0047336909	0.0169566271	-0.0356971313	0.0482276804	-0.0523684314	0.0473990497	-0.0341840202	0.0150222601	0.006752807	-0.0273531403	0.0431950583	0.0256614438	-0.0018188921	0.0222158048	-0.0081801094	0.0096351596	-0.0263034157	-0.0445464518	-0.0046460523	0.0060145832	-0.0150887917	0	0	0	0	0	0	0	0	1.09900127347801	-0.139711477033078	0.448081059024295	0.592443852028073
0.183701	0.0912201	-0.0173208	-0.00192734	-0.00582466	3.71407e-05	-0.01615	-0.0264779	-0.0420876	0.00024214	0.00020449	-7.5134e-06	0.10742267	-0.0479139886	0.0352821126	-0.0166359256	-0.0048460789	0.0255020041	-0.0418107693	0.050992326	-0.0514815542	0.0431950583	-0.0275453833	0.0072002268	0.0143723053	-0.0334948844	0.0469078096	-0.052324667	0.0488220806	-0.0369971132	0.0188654898	0.0024820104	-0.0234064185	0.0403408874	0.0309117426	-0.0261059302	0.0191339576	0.0168262889	-0.0740284917	0.002595466	0.0632872604	-0.0176425036	-0.0010429393	0.0261614819	0	0	0	0	0	0	0	0	1.44632420325959	0.325265530888761	0.448081059024295	0.592443852028073
0.2024	0.118263	-0.00689297	-0.00210202	-0.00590022	-4.20811e-05	0.018699	0.0270429	0.01042783	-0.00017468	-7.55600000000006e-05	-7.92218e-05	0.07264282	-0.0480047303	0.0356144575	-0.01727662	-0.0039463888	0.0245103563	-0.0409811285	0.0506081094	-0.0517836067	0.044311314	-0.0294390937	0.0096505858	0.0117495564	-0.0311875391	0.0454172463	-0.0520623368	0.0500130897	-0.0396117264	0.0225952602	-0.001805417	-0.0192859283	0.0371565505	0.0501551058	0.0435684212	0.0333923357	0.028847944	-0.0386586465	-0.0152022496	-0.0240296069	-0.0783520659	-0.0233588587	-0.032253073	0	0	0	0	0	0	0	0	0.73955432474602	0.25575696578742	0.448081059024295	0.592443852028073
0.193759	0.0976259	0.018311	-0.00197687	-0.00582466	-0.000257497	-0.00864100000000001	-0.0206371	0.02520397	0.00012515	7.55600000000006e-05	-0.0002154159	0.075288365	-0.0480945804	0.0359441567	-0.0179144269	-0.0030455261	0.0235073292	-0.0401240904	0.050177843	-0.0520241169	0.0453609212	-0.03127814	0.0120792627	0.0090953929	-0.0287823352	0.0437614146	-0.0515825363	0.0509664168	-0.0420138333	0.02618914	-0.0060807472	-0.0150222601	0.0336681095	0.0108412714	-0.0998214464	0.065816678	-0.009865059	-0.0137887164	-0.0723060862	0.0176350094	0.0293849299	0.0297268669	0.0080209524	0	0	0	0	0	0	0	0	0.769910521415653	0.057471097014614	0.448081059024295	0.592443852028073
0.193762	0.097545	-0.0420715	-0.00193195	-0.00594999	-1.38993e-05	3.000000000003e-06	-8.0899999999981e-05	-0.0603825	4.49199999999999e-05	-0.00012533	0.0002435977	0.081158785	-0.0481835374	0.0362711858	-0.0185492395	-0.0021437585	0.0224933884	-0.0392402281	0.0497019183	-0.0522027989	0.0463423012	-0.0330591074	0.0144808008	0.0064169112	-0.0262868196	0.0419463399	-0.0508872699	0.0516775313	-0.044190547	0.0296255153	-0.0103153331	-0.0106470671	0.0299041152	0.0545063438	0.0458067489	0.0496928148	0.0349592749	-0.0649626205	-0.0269724502	0.018037413	-0.0901255914	0.0038746515	0.0262663128	0	0	0	0	0	0	0	0	0.968343839603171	0.354192849332379	0.448081059024295	0.592443852028073
0.196031	0.12516	0.00271199	-0.00147272	-0.00629935	0.000290021	0.00226899999999999	0.027615	0.04478349	0.00045923	-0.00034936	0.0003039203	0.130293005	-0.0482715996	0.0365955205	-0.0191809517	-0.0012413539	0.0214690046	-0.0383301323	0.0491807684	-0.0523194405	0.0472539781	-0.0347786889	0.0168498047	0.0037212726	-0.0237088227	0.0399786271	-0.0499794418	0.0521430537	-0.0461301902	0.0328837193	-0.0144808008	-0.0061928308	0.0258953737	0.0078228004	0.0054328239	0.0579570183	0.0225772745	0.0192135689	-0.0776913788	-0.037305841	-0.0294155079	0.0030511503	-0.0291433619	0	0	0	0	0	0	0	0	1.04875263991046	-0.415348009277376	0.448081059024295	0.592443852028073
0.178483	0.0816098	-0.0854546	-0.00148152	-0.00560018	-8.97499e-05	-0.017548	-0.0435502	-0.08816659	-8.8e-06	0.00069917	-0.0003797709	0.203651835	-0.0483587652	0.0369171367	-0.0198094581	-0.0003385804	0.0204346535	-0.0373944116	0.0486148674	-0.0523739028	0.0480945804	-0.0364336915	0.0191809517	0.0010156846	-0.0210564335	0.0378654364	-0.048862844	0.0523607718	-0.0478223571	0.0359441567	-0.0185492395	-0.0016926191	0.021674694	0.0115803456	0.0164805736	0.051787181	0.0487667689	-0.009279032	-0.0439558178	0.0165147343	-0.0389873684	0.0078286054	0.0116784243	0	0	0	0	0	0	0	0	0.644901705307517	-0.476304946535169	0.448081059024295	0.592443852028073
0.183105	0.123465	0.053123	-0.00218353	-0.00571627	2.19347e-05	0.00462199999999999	0.0418552	0.1385776	-0.00070201	-0.00011609	0.0001116846	0.23154403	-0.0484450328	0.0372360105	-0.0204346535	0.0005642937	0.0193908153	-0.0364336915	0.0480047303	-0.0523661213	0.048862844	-0.0380210421	0.0214690046	-0.0016926191	-0.0183379745	0.0356144575	-0.0475421407	0.0523296507	-0.0492579697	0.0387884217	-0.0224933884	0.0028201586	0.01727662	0.0352868041	-0.0182363365	0.0972039683	-0.0397869704	0.0451348994	-0.082840275	-0.0226433661	-0.0100091585	-0.0124099591	0.0019410239	0	0	0	0	0	0	0	0	0.54449450597804	-0.24607080113778	0.448081059024295	0.592443852028073
0.180346	0.0804164	-0.0493787	-0.00175815	-0.00553938	-0.000230825	-0.00275899999999998	-0.0430486	-0.1025017	0.00042538	0.00017689	-0.0002527597	0.191060785	-0.0485304007	0.0375521182	-0.0210564335	0.0014670001	0.0183379745	-0.0354486142	0.0473509122	-0.0522961052	0.0495576132	-0.0395377932	0.0237088227	-0.0043963972	-0.0155619757	0.0332338815	-0.0460228486	0.0520498384	-0.0504293264	0.0413994086	-0.0262868196	0.0073119995	0.0127371473	0.024542673	-0.0122923734	0.061749508	0.0091454694	-0.0447020417	-0.0257583594	0.07710118	-0.0050880514	0.0207903093	0.0364359769	0	0	0	0	0	0	0	0	1.17461445111897	0.00910900571391	0.448081059024295	0.592443852028073
0.195202	0.110677	0.00740297	-0.0018614	-0.00560565	6.21289e-05	0.014856	0.0302606	0.05678167	-0.00010325	-6.62700000000002e-05	0.0002929539	0.125021965	-0.0486148674	0.0378654364	-0.021674694	0.0023692706	0.01727662	-0.0344398384	0.0466540082	-0.0521639377	0.050177843	-0.0409811285	0.0258953737	-0.0070884207	-0.0127371473	0.030732371	-0.044311314	0.0515226647	-0.0513301431	0.0437614146	-0.0299041152	0.0117495564	0.0080934286	0.0278047613	0.0447472407	0.0534883584	-0.0396402486	0.0270943879	-0.0254426443	-0.0151951153	-0.0312266436	-0.0083120728	-0.0247032234	0	0	0	0	0	0	0	0	0.879024461187821	0.514407660237588	0.448081059024295	0.592443852028073
0.183121	0.0975752	0.018975	-0.00183045	-0.00562954	-8.04091e-05	-0.012081	-0.0131018	0.01157203	3.09500000000001e-05	-2.38899999999995e-05	-0.000142538	0.0466237299999999	-0.0486984311	0.0381759417	-0.0222893319	0.0032708371	0.0162072446	-0.0334080384	0.0459146523	-0.0519697758	0.0507226006	-0.0423483678	0.028023745	-0.0097614921	-0.009872353	0.0281190288	-0.0424146861	0.050750635	-0.0519555872	0.0458602343	-0.0333210373	0.016099885	0.0033834701	-0.0086722154	-0.0953939218	0.0025142859	-0.0266761396	-0.0170298267	-0.0148382256	0.0330696101	0.0794767901	0.0295731949	-0.0069716811	0	0	0	0	0	0	0	0	0.753304304608596	0.500587958935857	0.448081059024295	0.592443852028073
0.165863	0.0977003	-0.0310056	-0.00176992	-0.00562954	-0.000508793	-0.017258	0.000125100000000003	-0.0499806	6.053e-05	0	-0.0004283839	0.091809395	-0.0487810905	0.0384836111	-0.0229002443	0.0041714317	0.0151303447	-0.032353904	0.0451335173	-0.0517138504	0.0511910666	-0.0436369724	0.0300891549	-0.0124084642	-0.0069765817	0.0254033645	-0.0403408874	0.0497374181	-0.0523023033	0.0476832451	-0.0365146908	0.0203306886	-0.0013541801	0.0225114518	0.0542034214	-0.0246075481	0.0463111313	-0.0394250741	0.0478005482	0.0206623918	-0.0530408112	-0.0151015022	-0.0312443031	0	0	0	0	0	0	0	0	1.33852642460994	0.670365208698169	0.448081059024295	0.592443852028073
0.170698	0.114552	-0.00443264	-0.00165036	-0.00582506	-0.00053307	0.00483499999999998	0.0168517	0.02657296	0.00011956	-0.00019552	-2.4277e-05	0.06522751	-0.048862844	0.0387884217	-0.0235073292	0.0050707869	0.0140464202	-0.03127814	0.044311314	-0.0513964655	0.0515825363	-0.0448445497	0.0320869629	-0.0150222601	-0.0040589197	0.0225952602	-0.0380985803	0.0484878293	-0.0523684314	0.0492194833	-0.0394636764	0.024410558	-0.0060807472	0.0026767296	0.0089903923	0.0067944206	0.036200126	0.0543953193	-0.0173043013	-0.048678224	-0.0142234563	0.0022408135	-0.0616071471	0	0	0	0	0	0	0	0	1.05462461468122	-0.078516646880242	0.448081059024295	0.592443852028073
0.170719	0.0975301	-0.0229576	-0.00165036	-0.00568709	4.65166e-05	2.1000000000021e-05	-0.0170219	-0.01852496	0	0.00013797	0.0005795866	0.07144569	-0.04894369	0.039090351	-0.024110485	0.0059686353	0.0129559745	-0.0301814655	0.0434487905	-0.0510179984	0.051896421	-0.0459688572	0.0340126806	-0.0175958911	-0.0011285219	0.0197049341	-0.0356971313	0.0470078072	-0.0521536168	0.0504597097	-0.0421482344	0.0283092043	-0.010757547	0.0001936704	-0.0731198525	0.005072271	0.0461467791	0.0351914244	-0.0530906577	0.0293556606	0.0253831629	0.0041832988	0.0288405747	0	0	0	0	0	0	0	0	1.12734279554803	-0.453703851709824	0.448081059024295	0.592443852028073
0.185202	0.11138	-0.0577041	-0.00145755	-0.00602408	-0.000517417	0.014483	0.0138499	-0.0347465	0.00019281	-0.000336990000000001	-0.0005639336	0.11776608	-0.049023627	0.0393893764	-0.024709611	0.0068647103	0.0118595137	-0.0290646136	0.0425467316	-0.0505788988	0.0521322486	-0.0470078072	0.0358619813	-0.0201224762	0.001805417	0.016742904	-0.0331465714	0.0453043854	-0.0516590118	0.0513964655	-0.0445503769	0.0319976841	-0.0153463027	0.0054445227	0.0427961363	0.0093067834	0.0219629151	0.0381013095	0.0063917289	-0.014400631	-0.0322856539	-0.0275396394	-0.0021570233	0	0	0	0	0	0	0	0	0.629734900304366	-0.489255649331576	-2.22840312389761	0.592443852028073
0.200551	0.111401	-0.0244953	-0.00112985	-0.00598334	-0.000148976	0.015349	2.10000000000071e-05	0.0332088	0.0003277	4.074e-05	0.000368441	0.08542285	-0.0491026536	0.0396854757	-0.025304607	0.0077587455	0.010757547	-0.0279283311	0.0416059582	-0.0500796887	0.0522896643	-0.0479594708	0.0376307102	-0.0225952602	0.0047336909	0.0137199483	-0.0304575546	0.0433856593	-0.0508872699	0.0520241169	-0.0466540082	0.0354486142	-0.0198094581	-0.0333514452	0.0093168019	0.0181273133	-0.025843814	0.0231567627	-0.0146369027	-0.0326300987	0.0173594835	0.0059912678	0.0112811688	0	0	0	0	0	0	0	0	0.893591743645757	-0.302483573329591	0.448081059024295	0.592443852028073
0.167208	0.0976539	-0.0552771	-0.000860144	-0.0054755	-0.000309254	-0.033343	-0.0137471	-0.0307818	0.000269706	0.00050784	-0.000160278	0.1247631	-0.0491807684	0.0399786271	-0.0258953737	0.0086504753	0.0096505858	-0.0267733776	0.0406273263	-0.0495209612	0.0523684314	-0.0488220806	0.0393148935	-0.0250076315	0.0076471118	0.0106470671	-0.0276413132	0.0412607473	-0.0498425313	0.0523388891	-0.0484450328	0.0386363752	-0.024110485	-0.0152380948	-0.0343925479	-0.0092756516	-0.0088910134	-0.0566011399	-0.0064835633	0.0524112438	0.0186005903	0.0070790948	0.0347510575	0	0	0	0	0	0	0	0	1.20205083356956	0.579928780983952	0.448081059024295	0.592443852028073
0.204307	0.135166	-0.127495	-0.00091667	-0.00554604	-0.000329925	0.037099	0.0375121	-0.0722179	-5.65260000000002e-05	-7.054e-05	-2.0671e-05	0.15421585	-0.0492579697	0.0402688086	-0.0264818121	0.0095396348	0.0085391442	-0.0256005252	0.0396117264	-0.0489033805	0.0523684314	-0.049594035	0.0409107473	-0.0273531403	0.0105365379	0.0075354425	-0.024709611	0.0389397479	-0.0485304007	0.0523388891	-0.04991145	0.0415373011	-0.028214182	-0.0303337644	0.0545120459	0.0045810071	-0.0202956186	0.0005023333	0.0155637992	-0.0172595288	-0.0415119337	-0.0034853579	0.0015438516	0	0	0	0	0	0	0	0	0.56560801693433	0.512151412544053	0.448081059024295	0.592443852028073
0.288864	0.111963	-0.191028	-0.00157081	-0.00459303	0.000462172	0.084557	-0.023203	-0.063533	-0.00065414	0.000953010000000001	0.000792097	0.29125535	-0.0493342563	0.0405559987	-0.0270638244	0.0104259597	0.0074237382	-0.024410558	0.0385600826	-0.0482276804	0.0522896643	-0.0502739006	0.0424146861	-0.0296255153	0.013392903	0.0043963972	-0.021674694	0.0364336915	-0.0469579174	0.0520241169	-0.051043434	0.0441298556	-0.0320869629	-0.0951076262	0.0076989038	-0.0285548227	0.0040922438	0.0633912248	0.0338735196	-0.0209833758	0.0486851281	0.0595111344	-0.0338335245	0	0	0	0	0	0	0	0	0.740165280046748	0.047371014222418	0.448081059024295	0.592443852028073
0.221946	0.0974917	-0.133915	-0.00181927	-0.00506183	5.38886e-05	-0.066918	-0.0144713	0.057113	-0.00024846	-0.0004688	-0.0004082834	0.19477947	-0.0494096266	0.0408401761	-0.0276413132	0.0113091867	0.0063048856	-0.0232042715	0.0374733519	-0.0474946641	0.0521322486	-0.050860415	0.043823331	-0.0318186811	0.0162072446	0.0012413539	-0.0185492395	0.0337544877	-0.0451335173	0.0513964655	-0.0518333998	0.0463947917	-0.0356971313	-0.0281690856	-0.0173134132	-0.0674904367	0.0513018037	0.000576124	0.0629191036	0.0645399478	0.0174186676	0.0025746825	-0.0277482358	0	0	0	0	0	0	0	0	-0.186754575175885	-0.411950415772588	0.448081059024295	0.592443852028073
0.19078	0.126208	-0.134251	-0.00181927	-0.00602227	-0.000114397	-0.031166	0.0287163	-0.000336000000000031	0	-0.00096044	-0.0001682856	0.11665458	-0.0494840794	0.0411213197	-0.028214182	0.0121890533	0.0051831058	-0.0219824722	0.036352523	-0.0467052026	0.051896421	-0.051352489	0.0451335173	-0.0339267737	0.018970732	-0.0019182066	-0.0153463027	0.0309148693	-0.0430669878	0.0504597097	-0.0522760543	0.0483152946	-0.03901514	-0.0325754825	0.0331091511	-0.0418378034	0.0041041066	0.0053462144	0.0310232992	-0.0608905942	-0.0093548924	0.0055534494	0.0383490181	0	0	0	0	0	0	0	0	0.01371182155915	-0.372962038398403	0.448081059024295	0.592443852028073
0.168258	0.097505	-0.100982	-0.00203932	-0.00612734	-7.25027e-05	-0.022522	-0.028703	0.033269	-0.00022005	-0.000105070000000001	4.18943e-05	0.102844715	-0.0495576132	0.0413994086	-0.0287823352	0.0130652981	0.0040589197	-0.0207459769	0.0351986159	-0.0458602343	0.0515825363	-0.0517492091	0.0463423012	-0.0359441567	0.021674694	-0.0050707869	-0.0120792627	0.0279283311	-0.0407694154	0.0492194833	-0.0523684314	0.0498771065	-0.0420138333	-0.0328961835	-0.0652782887	-0.0147006784	-0.0342305921	-0.0175293803	-0.0296501391	-0.0318310911	0.0420420096	0.0102496241	0.0651244677	0	0	0	0	0	0	0	0	-0.341855798033759	-0.244521420106862	-2.22840312389761	-1.68540061352814
0.168131	0.120531	-0.180997	-0.00181927	-0.006306	-0.000259341	-0.000126999999999988	0.0230260000000001	-0.080015	0.00022005	-0.00017866	-0.0001868383	0.132445415	-0.0496302266	0.0416744222	-0.0293456776	0.0139376608	0.0029328492	-0.0194956122	0.0340126806	-0.0449607632	0.0511910666	-0.0520498384	0.047446967	-0.0378654364	0.0243106464	-0.0082049152	-0.0087617663	0.0248090665	-0.0382531258	0.0476832451	-0.0521099123	0.0510686325	-0.0446686685	0.0013981345	0.0362658586	0.0189955591	-0.0217379534	-0.0286249801	0.0167703808	0.0107084816	-0.0442353343	0.0229983084	0.0177507561	0	0	0	0	0	0	0	0	0.746890249917884	-0.094951844458707	0.448081059024295	0.592443852028073
0.156202	0.140119	-0.114154	-0.00197278	-0.00630723	-1.01273e-05	-0.011929	0.0195879999999999	0.066843	-0.00015351	-1.22999999999963e-06	0.0002492137	0.118557685	-0.0497019183	0.0419463399	-0.0299041152	0.0148058821	0.001805417	-0.0182322141	0.0327957961	-0.0440078585	0.0507226006	-0.0522538189	0.0484450328	-0.0396854757	0.0268703181	-0.0113091867	-0.005407671	0.0215718994	-0.0355316183	0.0458602343	-0.051502229	0.051881027	-0.0469579174	-0.0301983563	0.024772196	0.0306270202	-0.0612826327	0.0442416676	-0.0156752663	-0.0477148095	0.027888623	0.0203372497	-0.0090390884	0	0	0	0	0	0	0	0	0.335324157277269	-0.073793314727141	0.448081059024295	0.592443852028073
0.146749	0.11884	-0.16459	-0.00181927	-0.00592133	-0.000175419	-0.00945300000000002	-0.021279	-0.050436	0.00015351	0.0003859	-0.0001652917	0.116403085	-0.049772687	0.0422151417	-0.0304575546	0.015669704	0.0006771467	-0.0169566271	0.0315490697	-0.0430026525	0.050177843	-0.0523607718	0.0493342563	-0.0413994086	0.0293456776	-0.0143723053	-0.0020309873	0.0182322141	-0.0326194932	0.0437614146	-0.0505494535	0.0523082586	-0.048862844	-0.0131732119	-0.0102441821	0.0056706996	-0.0085585121	-0.0419466838	0.0218893969	0.0659269236	0.0322830422	0.0293715563	0.0285809155	0	0	0	0	0	0	0	0	-2.42333672852632	-0.047857540327684	0.448081059024295	0.592443852028073
0.146758	0.138052	-0.124018	-0.00181927	-0.00592133	-0.000257814	9.000000000009e-06	0.019212	0.040572	0	0	-8.2395e-05	0.06391275	-0.0498425313	0.0424808075	-0.0310059033	0.01652887	-0.0004514381	-0.015669704	0.0302736359	-0.0419463399	0.0495576132	-0.0523704984	0.0501126395	-0.0430026525	0.0317289578	-0.0173831246	0.0013541801	0.0148058821	-0.0295323731	0.0413994086	-0.0492579697	0.0523471556	-0.0503678575	-0.0055981796	0.053437652	0.0001960193	-0.0312733599	0.0114815808	0.0021065744	-0.0280890274	-0.0152333581	0.0020274677	-0.0045937058	0	0	0	0	0	0	0	0	0.091442568599347	-0.457203992612892	0.448081059024295	0.592443852028073
0.137357	0.10324	-0.115132	-0.00151067	-0.00592133	-0.000292491	-0.00940099999999999	-0.034812	0.00888600000000001	0.0003086	0	-3.46769999999999e-05	0.07026285	-0.04991145	0.0427433176	-0.0315490697	0.0173831246	-0.0015798132	-0.0143723053	0.0289706552	-0.0408401761	0.048862844	-0.0522829807	0.0507784337	-0.0444909208	0.0340126806	-0.0203306886	0.0047336909	0.0113091867	-0.0262868196	0.0387884217	-0.0476364314	0.0519974292	-0.0514606403	-0.0349494084	-0.0785317728	-0.0057863666	-0.0322359554	-0.0111954443	-0.00676947	0.0292794998	0.0674681869	0.0367609644	0.0154901535	0	0	0	0	0	0	0	0	-0.222194444181244	-0.91379815053605	0.448081059024295	0.592443852028073
0.146739	0.118783	-0.184842	-0.00140635	-0.00638421	-0.000214819	0.009382	0.015543	-0.06971	0.00010432	-0.000462880000000001	7.7672e-05	0.1268786	-0.0499794418	0.0430026525	-0.0320869629	0.0182322141	-0.0027074549	-0.0130652981	0.0276413132	-0.0396854757	0.0480945804	-0.0520983812	0.0513301431	-0.0458602343	0.0361896802	-0.0232042715	0.0080934286	0.0077587455	-0.0229002443	0.0359441567	-0.0456957037	0.0512616758	-0.0521322486	-0.0098459435	0.0544729177	-0.0218022345	-0.0029672642	-0.0305306032	0.0370423545	-0.033321576	-0.0378898884	0.0133103549	0.0457199578	0	0	0	0	0	0	0	0	1.20806976107582	-0.935766895895519	0.448081059024295	0.592443852028073
0.140944	0.118838	-0.118266	-0.00173289	-0.00626263	-0.000288267	-0.005795	5.49999999999995e-05	0.066576	-0.00032654	0.00012158	-7.3448e-05	0.0985044	-0.0500465054	0.0432587929	-0.0326194932	0.0190758861	-0.0038338396	-0.0117495564	0.0262868196	-0.0384836111	0.0472539781	-0.0518170426	0.051766528	-0.0471069319	0.0382531258	-0.0259934166	0.0114193591	0.0041714317	-0.0193908153	0.0328837193	-0.0434487905	0.0501453577	-0.0523771858	-0.0286819804	-0.0617881198	-0.0073883818	-0.0295667945	0.0021868164	-0.0231703025	-0.0388445849	0.0555647924	0.0221762915	0.0074327461	0	0	0	0	0	0	0	0	1.0539090914947	-0.964203926412019	0.448081059024295	0.592443852028073
0.130819	0.124766	-0.21455	-0.00139966	-0.00641225	-0.000696906	-0.010125	0.00592799999999995	-0.096284	0.00033323	-0.00014962	-0.000408639	0.15691145	-0.0501126395	0.0435117199	-0.0331465714	0.0199138901	-0.0049584444	-0.0104259597	0.0249084068	-0.0372360105	0.0463423012	-0.0514394875	0.0520866082	-0.0482276804	0.0401965428	-0.0286879745	0.0146975897	0.0005642937	-0.0157773596	0.0296255153	-0.0409107473	0.0486567622	-0.0521934471	0.0009330447	0.0318643825	0.007296262	0.0371234603	-0.0517977205	0.0178355479	0.0512433915	-0.0530902999	0.0033897217	-0.017203513	0	0	0	0	0	0	0	0	-0.740270596813927	-0.077649103647054	0.448081059024295	0.592443852028073
0.158223	0.147585	-0.172277	-0.000689831	-0.00646964	-0.000163818	0.027404	0.022819	0.042273	0.000709829	-5.73899999999992e-05	0.000533088	0.15751135	-0.050177843	0.0437614146	-0.0336681095	0.0207459769	-0.0060807472	-0.0090953929	0.0235073292	-0.0359441567	0.0453609212	-0.0509664168	0.0522896643	-0.0492194833	0.0420138333	-0.03127814	0.0179144269	-0.0030455261	-0.0120792627	0.02618914	-0.0380985803	0.0468069407	-0.0515825363	-0.0391606849	0.0111313881	0.0487163741	-0.020103045	0.0161153027	-0.0291720128	-0.0095353546	-0.0129101106	0.0286541123	-0.0273040752	0	0	0	0	0	0	0	0	0.168962227934089	-0.033773633202373	0.448081059024295	0.592443852028073
0.146721	0.118818	-0.196285	-0.0008718	-0.00603504	-0.000505091	-0.011502	-0.028767	-0.024008	-0.000181969	0.000434599999999999	-0.000341273	0.1121691	-0.0502421146	0.0440078585	-0.0341840202	0.0215718994	-0.0072002268	-0.0077587455	0.0220848615	-0.034609585	0.044311314	-0.0503987089	0.0523752403	-0.0500796887	0.043699295	-0.0337544877	0.0210564335	-0.0066408724	-0.0083163637	0.0225952602	-0.0350311327	0.0446096262	-0.0505494535	-0.0193820622	-0.003346479	0.020997858	-0.0053437116	-0.0327790412	0.00260548	0.0356225329	-0.003078881	0.0301774324	0.007139051	0	0	0	0	0	0	0	0	-2.70655564044889	-0.076869324218739	-2.22840312389761	0.592443852028073
0.14672	0.157945	-0.140487	-0.00111545	-0.00606198	-0.000420955	-1.00000000002876e-06	0.039127	0.055798	-0.00024365	-2.69399999999996e-05	8.4136e-05	0.1126623	-0.0503054532	0.0442510332	-0.0346942175	0.0223914121	-0.0083163637	-0.0064169112	0.0206422981	-0.0332338815	0.0431950583	-0.0497374181	0.0523431439	-0.0508059967	0.0452476394	-0.0361080066	0.024110485	-0.0102046586	-0.0045088495	0.0188654898	-0.0317289578	0.0420811315	-0.0491026536	-0.0142336772	0.024851372	0.0156661095	-0.0383623338	0.0037247816	-0.0072674622	-0.0138254932	-0.0025294797	0.0225794436	0.0134810325	0	0	0	0	0	0	0	0	-2.58950932028429	0.096425796901272	-2.22840312389761	-1.68540061352814
0.146747	0.130555	-0.187017	-0.000565864	-0.00557072	-0.000661599	2.70000000000548e-05	-0.02739	-0.04653	0.000549586	0.000491259999999999	-0.000240644	0.1380215	-0.0503678575	0.0444909208	-0.0351986159	0.0232042715	-0.0094286395	-0.0050707869	0.0191809517	-0.0318186811	0.0420138333	-0.0489837722	0.0521934471	-0.0513964655	0.0466540082	-0.0383301323	0.0270638244	-0.0137199483	-0.0006771467	0.0150222601	-0.028214182	0.0392402281	-0.0472539781	-0.0191118275	-0.0098433325	-0.0042499381	-0.010224204	-0.0524412783	0.0203934749	0.0298823802	0.00924599	0.0252759758	0.0139070356	0	0	0	0	0	0	0	0	-2.60515490678052	0.444509638631442	0.448081059024295	-1.68540061352814
0.121294	0.185038	-0.168232	-0.000503581	-0.00524295	-0.000768	-0.025453	0.054483	0.018785	6.2283e-05	0.000327770000000001	-0.000106401	0.1235437	-0.0504293264	0.0447275033	-0.0356971313	0.0240102362	-0.0105365379	-0.0037212726	0.017702152	-0.0303656657	0.0407694154	-0.0481391707	0.0519264863	-0.0518495163	0.0479139886	-0.0404127789	0.0299041152	-0.0171700353	0.003158189	0.0110886847	-0.0245103563	0.0361080066	-0.045018557	0.0013028997	0.0496140314	0.030018072	-0.0421090602	-0.0004669484	-0.0026357617	-0.0261541427	-0.0309781851	0.0152613118	-0.0053298861	0	0	0	0	0	0	0	0	0.444120489524321	0.467255872857202	0.448081059024295	-1.68540061352814
0.108499	0.160646	-0.150421	-0.000127732	-0.00528798	-0.000646514	-0.0127950000000001	-0.024392	0.017811	0.000375849	-4.50300000000006e-05	0.000121486	0.08211625	-0.0504898588	0.0449607632	-0.0361896802	0.0248090665	-0.0116395445	-0.0023692706	0.0162072446	-0.0288765622	0.0394636764	-0.0472051818	0.0515428613	-0.0521639377	0.049023627	-0.0423483678	0.0326194932	-0.0205385235	0.0069765817	0.0070884207	-0.0206422981	0.0327077205	-0.0424146861	-0.038773044	-0.064683131	-0.0084940294	-0.0264534828	-0.015637259	-0.0139684189	0.0161384222	0.0484303217	0.0199708163	0.042664526	0	0	0	0	0	0	0	0	-0.45447345909924	-0.421322878061307	0.448081059024295	-1.68540061352814
0.108021	0.173493	-0.184259	7.74616e-05	-0.0053412	-0.00108165	-0.000477999999999992	0.012847	-0.033838	0.0002051936	-5.32199999999997e-05	-0.000435136	0.08184048	-0.0505494535	0.0451906832	-0.0366761804	0.0256005252	-0.0127371473	-0.0010156846	0.0146975897	-0.0273531403	0.0380985803	-0.0461835398	0.051043434	-0.0523388891	0.0499794418	-0.0441298556	0.0351986159	-0.0238094045	0.010757547	0.0030455261	-0.0166359256	0.0290646136	-0.0394636764	0.005408324	0.0593119628	-0.0375774125	0.0504598205	0.0161824004	0.0388230051	-0.00321245	-0.0408845339	-0.0244299616	0.0302016265	0	0	0	0	0	0	0	0	0.799096952002879	-0.639245556081613	0.448081059024295	-1.68540061352814
0.121321	0.165538	-0.12313	-0.00016294	-0.00535564	-0.000761974	0.0133	-0.00795499999999999	0.061129	-0.0002404016	-1.44400000000001e-05	0.000319676	0.11110988	-0.0506081094	0.0454172463	-0.0371565505	0.0263843771	-0.0138288366	0.0003385804	0.0131745611	-0.0257972105	0.0366761804	-0.0450761418	0.0504293264	-0.0523739028	0.0507784337	-0.0457507597	0.0376307102	-0.0269671338	0.0144808008	-0.0010156846	-0.0125180835	0.0252057321	-0.0361896802	-0.0496646934	-0.0213412474	-0.0442075295	0.0104939927	0.0669491223	-0.0074464287	-0.0516295651	0.0611545751	0.0101875981	-0.0486966502	0	0	0	0	0	0	0	0	-2.77022716553225	-0.618839332004405	0.448081059024295	-1.68540061352814
0.121332	0.15068	-0.146994	-0.000260837	-0.00559232	-0.000563248	1.09999999999971e-05	-0.014858	-0.023864	-9.7897e-05	-0.00023668	0.000198726	0.06539815	-0.0506658255	0.0456404355	-0.0376307102	0.0271603893	-0.0149141057	0.0016926191	0.0116395445	-0.0242106219	0.0351986159	-0.043885044	0.0497019183	-0.0522688852	0.0514180959	-0.0472051818	0.0399056168	-0.0299967047	0.018126369	-0.0050707869	-0.0083163637	0.0211597241	-0.0326194932	0.0235870963	-0.0077017178	-0.0424217986	0.058235964	-0.0371791385	0.041353353	0.0746535351	-0.0104487927	-0.0345110023	-0.0491070415	0	0	0	0	0	0	0	0	-1.05201785876246	-0.599445345678141	0.448081059024295	0.592443852028073
0.115494	0.180557	-0.165082	-0.00016294	-0.00528118	-0.0009393	-0.00583799999999994	0.029877	-0.018088	9.7897e-05	0.00031114	-0.000376052	0.09305745	-0.0507226006	0.0458602343	-0.0380985803	0.0279283311	-0.0159924506	0.0030455261	0.0100939368	-0.0225952602	0.0336681095	-0.0426124582	0.048862844	-0.0520241169	0.051896421	-0.0484878293	0.0420138333	-0.0328837193	0.021674694	-0.0090953929	-0.0040589197	0.0169566271	-0.0287823352	-0.0080775355	0.0278234009	-0.0027105077	0.0190856813	0.0220662858	0.0096935881	-0.0330861896	-0.0291910566	-0.0174222657	-0.0569357844	0	0	0	0	0	0	0	0	-1.21502106761396	-0.220268195812051	0.448081059024295	-1.68540061352814
0.0927361	0.162887	-0.115081	-3.77068e-05	-0.00484467	-0.000747099	-0.0227579	-0.01767	0.050001	0.0001252332	0.00043651	0.000192201	0.12812611	-0.0507784337	0.0460766263	-0.0385600826	0.0286879745	-0.0170633708	0.0043963972	0.0085391442	-0.0209530451	0.0320869629	-0.0412607473	0.0479139886	-0.0516402525	0.0522119084	-0.049594035	0.0439465533	-0.0356144575	0.0251067401	-0.0130652981	0.0002257211	0.0126276447	-0.024709611	0.0244945841	-0.0443392721	0.0267229291	-0.0194860263	0.0068380797	-0.0329769076	0.0098619649	0.0246487383	-0.0022056758	8.14892e-05	0	0	0	0	0	0	0	0	-1.56344237846791	0.328919598597519	0.448081059024295	-1.68540061352814
0.0952816	0.162925	-0.171797	0.000194512	-0.00506972	-0.000933325	0.00254549999999999	3.80000000000102e-05	-0.056716	0.0002322188	-0.00022505	-0.000186226	0.09147424	-0.0508333239	0.0462895956	-0.03901514	0.0294390937	-0.018126369	0.0057443291	0.0069765817	-0.0192859283	0.0304575546	-0.0398324213	0.0468574839	-0.0511183183	0.0523635681	-0.0505197734	0.0456957037	-0.0381759417	0.0284040951	-0.0169566271	0.0045088495	0.0082049152	-0.0204346535	0.0015878089	0.0199848307	0.0155032176	-0.0516978374	-0.003201275	0.0257197793	-0.0037039307	-0.0022463872	-0.0119244757	0.022791095	0	0	0	0	0	0	0	0	0.334220478098683	0.267562994583359	0.448081059024295	-1.68540061352814
0.0831637	0.162938	-0.125486	-0.00016294	-0.00477114	-0.000968726	-0.0121179	1.3000000000013e-05	0.046311	-0.000357452	0.00029858	-3.5401e-05	0.09301355	-0.0508872699	0.0464991262	-0.0394636764	0.0301814655	-0.0191809517	0.0070884207	0.005407671	-0.0175958911	0.0287823352	-0.0383301323	0.0456957037	-0.0504597097	0.0523509242	-0.0512616758	0.0472539781	-0.0405559987	0.0315490697	-0.0207459769	0.0087617663	0.0037212726	-0.0159924506	0.0046258478	-0.0347779498	-0.0467425159	0.0345723259	0.0250833936	0.0075831762	0.0110355345	0.0224696834	-0.0258388971	-0.0034558484	0	0	0	0	0	0	0	0	-2.08997877018051	0.179755676814626	0.448081059024295	0.592443852028073
0.0821951	0.162952	-0.177427	-6.31959e-06	-0.00488614	-0.00110326	-0.000968599999999986	1.39999999999862e-05	-0.051941	0.00015662041	-0.000115	-0.000134534	0.0732313205	-0.050940271	0.0467052026	-0.0399056168	0.0309148693	-0.0202266294	0.0084277735	0.0038338396	-0.015884942	0.0270638244	-0.0367566699	0.044431258	-0.0496661877	0.0521740164	-0.0518170426	0.0486148674	-0.0427433176	0.0345247919	-0.024410558	0.0129559745	-0.0007899965	-0.0114193591	0.0049712454	0.0168906923	-0.0398526666	0.0364468856	0.0299191899	0.02996624	-0.0204771717	-0.0125585364	-0.0271342174	-0.0201443563	0	0	0	0	0	0	0	0	1.02990811265203	0.118577197072256	0.448081059024295	0.592443852028073
0.0808976	0.162922	-0.197121	0.000234486	-0.00509908	-0.00112136	-0.00129749999999999	-2.99999999999745e-05	-0.019694	0.00024080559	-0.00021294	-1.81000000000001e-05	0.0446137795	-0.050992326	0.0469078096	-0.0403408874	0.0316390872	-0.0212629165	0.0097614921	0.0022565198	-0.0141551145	0.025304607	-0.0351149558	0.0430669878	-0.048739874	0.0518333998	-0.0521838529	0.049772687	-0.0447275033	0.0373152977	-0.0279283311	0.0170633708	-0.0052954007	-0.006752807	-0.0143178803	-0.0133973289	-0.0187448846	-0.0067355602	0.0005417501	0.0150906337	-0.0037144638	0.0006671003	-0.0064384483	-0.0033645786	0	0	0	0	0	0	0	0	-1.64813455822498	-0.108737917560202	0.448081059024295	-1.68540061352814
0.0832698	0.178067	-0.177466	0.00020059	-0.00523438	-0.00111001	0.00237219999999998	0.015145	0.019655	-3.3896e-05	-0.000135300000000001	1.135e-05	0.0461995	-0.051043434	0.0471069319	-0.0407694154	0.032353904	-0.0222893319	0.0110886847	0.0006771467	-0.0124084642	0.0235073292	-0.0334080384	0.0416059582	-0.0476832451	0.0513301431	-0.0523607718	0.0507226006	-0.0464991262	0.0399056168	-0.03127814	0.0210564335	-0.0097614921	-0.0020309873	0.0340353903	0.0565874026	-0.0041829411	-0.0546067069	-0.0282617398	0.0360741815	-0.0331440392	-0.0374494432	-0.0153230868	0.0525979126	0	0	0	0	0	0	0	0	-1.50269373492824	-0.170474499354776	0.448081059024295	-1.68540061352814
0.0878642	0.173908	-0.158487	0.000684223	-0.00527248	-0.000944559	0.0045944	-0.00415900000000002	0.0189790000000001	0.000483633	-3.81000000000001e-05	0.000165451	0.0620916	-0.051093594	0.047302555	-0.0411911291	0.0330591074	-0.0233053991	0.0124084642	-0.0009028426	-0.0106470671	0.021674694	-0.0316390872	0.0400514517	-0.0464991262	0.0506658255	-0.0523471556	0.0514606403	-0.0480497669	0.0422818529	-0.0344398384	0.0249084068	-0.0141551145	0.0027074549	-0.0235865918	-0.0560798569	-0.0397530725	0.0124477772	0.0077944964	-0.0058549768	-0.004185236	0.0512409742	-0.0210636954	0.0162348647	0	0	0	0	0	0	0	0	0.567305920551918	-0.202379154132237	-2.22840312389761	0.592443852028073
0.0873645	0.187044	-0.217399	0.000482205	-0.00525899	-0.000967246	-0.00049970000000002	0.013136	-0.058912	-0.000202018	1.34900000000006e-05	-2.26870000000001e-05	0.08445745	-0.0511428052	0.0474946641	-0.0416059582	0.0337544877	-0.0243106464	0.0137199483	-0.0024820104	-0.0088730165	0.0198094581	-0.0298113868	0.0384069609	-0.0451906832	0.0498425313	-0.0521430537	0.0519837232	-0.0493720561	0.044431258	-0.0373944116	0.0285934806	-0.0184436498	0.0074237382	0.0305520312	0.0579657021	-0.0353178339	0.0728216281	0.0153497938	0.0396036295	0.0057521708	-0.0301165746	-0.0319132507	0.0078476076	0	0	0	0	0	0	0	0	0.634197021126937	0.132862071831973	-2.22840312389761	-1.68540061352814
0.0951729	0.187274	-0.172763	0.000274242	-0.00548749	-0.000957783	0.00780840000000002	0.00022999999999998	0.044636	-0.000207963	-0.0002285	9.46300000000003e-06	0.0749707	-0.0511910666	0.0476832451	-0.0420138333	0.0344398384	-0.025304607	0.0150222601	-0.0040589197	-0.0070884207	0.0179144269	-0.0279283311	0.0366761804	-0.0437614146	0.048862844	-0.0517492091	0.0522896643	-0.0504597097	0.0463423012	-0.0401240904	0.0320869629	-0.0225952602	0.0120792627	-0.0083551703	-0.0097288991	-0.0106870223	0.0062337037	0.0357191096	-0.009016394	-0.0466956055	0.0216364499	-0.0016255772	-0.0326570866	0	0	0	0	0	0	0	0	0.938732723975777	0.10392896083456	-2.22840312389761	-1.68540061352814
0.117202	0.162989	-0.234165	0.000274242	-0.00597632	-0.00105068	0.0220291	-0.024285	-0.061402	0	-0.00048883	-9.2897e-05	0.13680245	-0.0512383773	0.0478682839	-0.0424146861	0.0351149558	-0.0262868196	0.016314529	-0.0056321357	-0.0052954007	0.0159924506	-0.0259934166	0.0348629988	-0.0422151417	0.0477298374	-0.0511670547	0.0523771858	-0.0513075588	0.0480047303	-0.0426124582	0.0353654455	-0.0265791242	0.0166359256	0.0301208494	-0.0073204364	0.003010005	0.0410780644	-0.0610820718	0.012827203	0.0832018762	-0.0138279301	-0.0021638643	-0.0282148664	0	0	0	0	0	0	0	0	0.374919135792509	0.080827680415727	0.448081059024295	-1.68540061352814
0.135227	0.174506	-0.195961	-8.41492e-05	-0.00586009	-0.000841317	0.018025	0.011517	0.038204	-0.0003583912	0.00011623	0.000209363	0.10194521	-0.0512847364	0.0480497669	-0.0428084497	0.0357796393	-0.027256828	0.0175958911	-0.0072002268	-0.0034960873	0.0140464202	-0.0240102362	0.0329714899	-0.0405559987	0.0464470668	-0.0503987089	0.0522459219	-0.0519115742	0.0494096266	-0.0448445497	0.0384069609	-0.0303656657	0.0210564335	0.0333870899	0.0268027365	0.0280158323	0.0195725587	-0.0008359991	-0.006798936	-0.0144428875	-0.0359403451	-0.0051662576	-0.0446081663	0	0	0	0	0	0	0	0	0.699081533685507	0.080383893751186	0.448081059024295	0.592443852028073
0.12612	0.146282	-0.165783	-0.000162	-0.00581493	-0.000500116	-0.00910699999999995	-0.028224	0.030178	-7.78508e-05	4.51599999999998e-05	0.000341201	0.09071959	-0.0513301431	0.0482276804	-0.0431950583	0.0364336915	-0.028214182	0.0188654898	-0.0087617663	-0.0016926191	0.0120792627	-0.0219824722	0.0310059033	-0.0387884217	0.045018557	-0.0494469678	0.051896421	-0.0522688852	0.0505494535	-0.0468069407	0.0411911291	-0.0339267737	0.025304607	0.0417706181	-0.0718241685	0.0218476611	0.0371039236	0.0114985055	-0.0587144245	0.0217661851	0.0316038631	-0.003189471	0.0022448295	0	0	0	0	0	0	0	0	0.415090492494242	0.042681107932249	0.448081059024295	0.592443852028073
0.127525	0.165524	-0.241358	0.0007395	-0.00597116	-0.000925506	0.00140500000000002	0.019242	-0.075575	0.0009015	-0.000156229999999999	-0.00042539	0.170378	-0.0513745965	0.0484020114	-0.0435744473	0.0370769179	-0.0291584371	0.0201224762	-0.0103153331	0.0001128608	0.0100939368	-0.0199138901	0.0289706552	-0.0369171367	0.0434487905	-0.0483152946	0.0513301431	-0.0523777937	0.0514180959	-0.0484878293	0.043699295	-0.0372360105	0.0293456776	0.0345987823	0.0238336673	0.0458328698	0.0150456878	0.0320333993	-0.0121384851	-0.0004647959	-0.0397247639	-0.0103032741	-0.0307744391	0	0	0	0	0	0	0	0	0.337636083520234	-0.133969488107822	0.448081059024295	0.592443852028073
0.117323	0.172348	-0.172613	0.000457843	-0.00571394	-0.000370622	-0.0102020000000001	0.006824	0.068745	-0.000281657	0.00025722	0.000554884	0.14045905	-0.0514180959	0.0485727468	-0.0439465533	0.0377091275	-0.0300891549	0.0213660101	-0.0118595137	0.0019182066	0.0080934286	-0.0178083308	0.0268703181	-0.0349471469	0.0417426926	-0.0470078072	0.0505494535	-0.0522377823	0.0520108938	-0.0498771065	0.0459146523	-0.0402688086	0.0331465714	0.0219732303	-0.0255484776	0.035299879	-0.0283261276	0.0653329261	-0.050684254	-0.0396112203	0.0391088951	0.0067787991	-0.0206255165	0	0	0	0	0	0	0	0	0.708209891843716	-0.144240837753109	0.448081059024295	0.592443852028073
0.132063	0.162624	-0.230715	0.000909293	-0.0062496	-0.000433681	0.01474	-0.00972400000000001	-0.058102	0.00045145	-0.00053566	-6.3059e-05	0.13507445	-0.0514606403	0.048739874	-0.044311314	0.0383301323	-0.0310059033	0.0225952602	-0.013392903	0.0037212726	0.0060807472	-0.015669704	0.024709611	-0.0328837193	0.0399056168	-0.0455292636	0.0495576132	-0.0518495163	0.052324667	-0.0509664168	0.0478223571	-0.0430026525	0.0366761804	0.0212471393	0.006406543	-0.004474388	0.0111357405	-0.0185609063	0.0015046901	0.0437816349	-0.0050480329	0.002222355	0.0010316995	0	0	0	0	0	0	0	0	1.03240073220165	-0.111493446814536	0.448081059024295	0.592443852028073
0.144639	0.184745	-0.204523	0.000746617	-0.0062496	-0.000357848	0.0125759999999999	0.022121	0.026192	-0.000162676	0	7.5833e-05	0.07281445	-0.051502229	0.0489033805	-0.0446686685	0.0389397479	-0.0319082567	0.0238094045	-0.0149141057	0.0055199161	0.0040589197	-0.0135019809	0.0224933884	-0.030732371	0.0379433273	-0.043885044	0.0483587652	-0.0512148408	0.0523577323	-0.0517492091	0.0494096266	-0.0454172463	0.0399056168	0.0245254401	0.0414442475	0.004089811	-0.0238935922	0.0306970178	-0.0096904215	-0.0333966352	-0.0251215562	-0.004640468	-0.0379741505	0	0	0	0	0	0	0	0	0.063782829144703	-0.060966054546578	0.448081059024295	0.592443852028073
0.131695	0.164854	-0.201702	0.000834116	-0.0062496	-0.000609942	-0.012944	-0.019891	0.00282100000000002	8.74990000000001e-05	0	-0.000252094	0.05263565	-0.0515428613	0.0490632542	-0.045018557	0.0395377932	-0.0327957961	0.0250076315	-0.0164217376	0.0073119995	0.0020309873	-0.0113091867	0.0202266294	-0.028498854	0.0358619813	-0.0420811315	0.0469579174	-0.0503367722	0.0521099123	-0.0522207755	0.0506658255	-0.0474946641	0.0428084497	0.0024681828	-0.069025736	-0.0280814161	0.001744145	0.0059411799	-0.0151485068	0.0141622036	0.0566247082	0.0135494646	-0.0243678831	0	0	0	0	0	0	0	0	1.12571683463587	-0.013551063949886	0.448081059024295	0.592443852028073
0.146642	0.183459	-0.267934	0.000927625	-0.00642536	-0.000800946	0.014947	0.018605	-0.066232	9.35089999999999e-05	-0.00017576	-0.000191004	0.12279765	-0.0515825363	0.0492194833	-0.0453609212	0.0401240904	-0.0336681095	0.02618914	-0.0179144269	0.0090953929	0	-0.0090953929	0.0179144269	-0.02618914	0.0336681095	-0.0401240904	0.0453609212	-0.0492194833	0.0515825363	-0.0523782801	0.0515825363	-0.0492194833	0.0453609212	0.0273860155	0.0438504969	-0.0102032813	-0.0060802301	0.002767399	0.0337910532	-0.0005665789	-0.0440674583	-0.004252569	-0.0192078226	0	0	0	0	0	0	0	0	0.777095868831975	0.023299623716606	0.448081059024295	0.592443852028073
0.128909	0.180093	-0.192899	0.000902854	-0.00607502	-0.000650582	-0.017733	-0.00336599999999998	0.075035	-2.4771e-05	0.000350339999999999	0.000150364	0.12240775	-0.0516212534	0.0493720561	-0.0456957037	0.0406984653	-0.0345247919	0.0273531403	-0.0193908153	0.0108679768	-0.0020309873	-0.0068647103	0.0155619757	-0.0238094045	0.0313685957	-0.0380210421	0.0435744473	-0.0478682839	0.0507784337	-0.0522207755	0.0521536168	-0.0505788988	0.0475421407	-0.0115707857	-0.0385934046	-0.010298039	-0.0470859961	0.0465980117	-0.010406307	-0.0429079188	0.0591518521	0.0016583429	-0.0007227244	0	0	0	0	0	0	0	0	1.01841930875185	0.024492297053909	0.448081059024295	0.592443852028073
0.127598	0.182578	-0.257974	0.00130815	-0.00594229	-0.00108744	-0.00131100000000001	0.00248499999999999	-0.065075	0.000405296	0.00013273	-0.000436858	0.1176152	-0.0516590118	0.0495209612	-0.0460228486	0.0412607473	-0.0353654455	0.028498854	-0.0208495594	0.0126276447	-0.0040589197	-0.004621281	0.0131745611	-0.0213660101	0.0289706552	-0.0357796393	0.0416059582	-0.0462895956	0.0497019183	-0.0517492091	0.0523752403	-0.0515628185	0.0493342563	0.0342795652	0.0341918892	-0.025444179	-0.0118521101	-0.0346278939	0.0358425306	0.0389227904	-0.0330191744	-0.0204688722	0.0119425891	0	0	0	0	0	0	0	0	0.35763113637008	0.012480593687217	0.448081059024295	0.592443852028073
0.139475	0.18226	-0.203717	0.000794127	-0.00619645	-0.000584461	0.011877	-0.000318000000000013	0.054257	-0.000514023	-0.00025416	0.000502979	0.1300101	-0.0516958108	0.0496661877	-0.0463423012	0.0418107693	-0.0361896802	0.0296255153	-0.0222893319	0.0143723053	-0.0060807472	-0.0023692706	0.010757547	-0.0188654898	0.0264818121	-0.0334080384	0.0394636764	-0.0444909208	0.0483587652	-0.0509664168	0.0522459219	-0.0521639377	0.0507226006	0.0090374984	0.0327000532	0.0053287312	-0.0652238531	0.0285859888	0.0044469176	-0.0481010844	0.0040997061	0.0006000671	0.0135113119	0	0	0	0	0	0	0	0	-0.812639939213731	0.018826515360682	0.448081059024295	0.592443852028073
0.126493	0.178717	-0.216604	0.000987233	-0.00613476	-0.00068307	-0.012982	-0.00354299999999996	-0.012887	0.000193106	6.16899999999997e-05	-9.8609e-05	0.04708225	-0.0517316498	0.0498077248	-0.0466540082	0.0423483678	-0.0369971132	0.030732371	-0.0237088227	0.016099885	-0.0080934286	-0.0001128608	0.0083163637	-0.016314529	0.0239098759	-0.0309148693	0.0371565505	-0.0424808075	0.0467561802	-0.0498771065	0.051766528	-0.0523777937	0.0516958108	0.035160284	-0.0422406826	-0.0176710467	-0.0380532779	-0.0556698283	0.0026591698	0.0508293635	0.032458769	-0.0186303586	0.0490624434	0	0	0	0	0	0	0	0	-0.133778532299147	0.029582364270394	0.448081059024295	0.592443852028073
0.117527	0.191246	-0.253286	0.00160303	-0.0059704	-0.000897337	-0.008966	0.012529	-0.036682	0.000615797	0.000164360000000001	-0.000214267	0.1078982	-0.051766528	0.0499455618	-0.0469579174	0.0428733831	-0.0377873696	0.0318186811	-0.0251067401	0.0178083308	-0.0100939368	0.0021437585	0.0058564958	-0.0137199483	0.0212629165	-0.0283092043	0.0346942175	-0.0402688086	0.0449027607	-0.0484878293	0.050940271	-0.0522027989	0.0522459219	-0.0029483055	0.0299309009	-0.0288951287	-0.0041646344	0.0120643447	0.0127095046	-0.0179050435	-0.01543522	-0.0350112055	0.0216888073	0	0	0	0	0	0	0	0	-0.474489146678549	0.035553598765088	0.448081059024295	0.592443852028073
0.112273	0.196311	-0.213963	0.00171364	-0.00583201	-0.000928746	-0.005254	0.00506499999999999	0.039323	0.00011061	0.000138389999999999	-3.1409e-05	0.06366245	-0.0518004449	0.0500796887	-0.0472539781	0.0433856593	-0.0385600826	0.0328837193	-0.0264818121	0.0194956122	-0.0120792627	0.0043963972	0.0033834701	-0.0110886847	0.0185492395	-0.0256005252	0.0320869629	-0.0378654364	0.0428084497	-0.0468069407	0.049772687	-0.0516402525	0.0523684314	0.0030322545	-0.0362460156	-0.0630354903	0.0381055524	0.0152577482	0.0067613381	0.0170178985	0.0463042083	-0.0430381728	-0.0240985551	0	0	0	0	0	0	0	0	0.099818874522931	0.035463767488037	0.448081059024295	0.592443852028073
0.121726	0.201923	-0.294338	0.00237018	-0.0059704	-0.00121441	0.009453	0.00561200000000001	-0.080375	0.00065654	-0.000138389999999999	-0.000285664	0.1494697	-0.0518333998	0.0502100954	-0.0475421407	0.043885044	-0.0393148935	0.0339267737	-0.0278327876	0.0211597241	-0.0140464202	0.0066408724	0.0009028426	-0.0084277735	0.0157773596	-0.0227986886	0.0293456776	-0.0352821126	0.0404844828	-0.0448445497	0.0482715996	-0.0506943307	0.0520623368	-0.0082701568	0.0437121425	-0.0450418364	0.0203937361	0.0034910594	0.0525853964	-0.0348588096	-0.017627429	0.003989669	-0.0053442924	0	0	0	0	0	0	0	0	0.645048936890714	0.033215349988694	0.448081059024295	0.592443852028073
0.112264	0.202679	-0.254673	0.00192278	-0.0059704	-0.000841479	-0.00946199999999998	0.000756000000000007	0.039665	-0.0004474	0	0.000372931	0.09089955	-0.051865392	0.0503367722	-0.0478223571	0.044371389	-0.0400514517	0.0349471469	-0.0291584371	0.0227986886	-0.0159924506	0.0088730165	-0.0015798132	-0.0057443291	0.0129559745	-0.0199138901	0.0264818121	-0.0325311144	0.0379433273	-0.0426124582	0.0464470668	-0.0493720561	0.0513301431	-0.004000508	-0.0379616013	-0.0288641113	-0.0107723598	-0.0164653218	0.00816323	-0.0190900129	0.0325100571	-0.0056736792	-0.0170351048	0	0	0	0	0	0	0	0	1.14882215468075	0.040590896153727	0.448081059024295	0.592443852028073
0.130352	0.196844	-0.307975	0.00209426	-0.0059704	-0.0011556	0.018088	-0.00583499999999998	-0.053302	0.00017148	0	-0.000314121	0.10150505	-0.051896421	0.0504597097	-0.0480945804	0.0448445497	-0.0407694154	0.0359441567	-0.0304575546	0.024410558	-0.0179144269	0.0110886847	-0.0040589197	-0.0030455261	0.0100939368	-0.0169566271	0.0235073292	-0.0296255153	0.0351986159	-0.0401240904	0.044311314	-0.0476832451	0.050177843	0.0046007211	0.0295175222	0.0149412568	-0.0255398217	-0.0399293682	0.0242378904	0.0044814467	-0.0400140055	0.0106526185	0.0041176018	0	0	0	0	0	0	0	0	0.204487424334256	-1.36529637864909	0.448081059024295	0.592443852028073
0.123444	0.18468	-0.256935	0.00191119	-0.00565226	-0.000779505	-0.00690799999999998	-0.012164	0.05104	-0.00018307	0.000318139999999999	0.000376095	0.11397725	-0.0519264863	0.0505788988	-0.0483587652	0.0453043854	-0.0414684511	0.0369171367	-0.0317289578	0.0259934166	-0.0198094581	0.0132837629	-0.0065289069	-0.0003385804	0.0072002268	-0.0139376608	0.0204346535	-0.0265791242	0.0322650733	-0.0373944116	0.0418786518	-0.0456404355	0.0486148674	-0.0062052092	-0.0313285074	0.0107345213	-0.0255612957	-0.0286792465	-0.028721891	-0.0013352924	0.0008778749	0.0016071439	0.0604253873	0	0	0	0	0	0	0	0	0	0	-2.22840312389761	0.592443852028073
0.136233	0.206609	-0.343408	0.0022144	-0.00598965	-0.00120006	0.012789	0.021929	-0.086473	0.00030321	-0.00033739	-0.000420555	0.17424875	-0.0519555872	0.0506943307	-0.0486148674	0.0457507597	-0.0421482344	0.0378654364	-0.0329714899	0.0275453833	-0.021674694	0.015454175	-0.0089842256	0.0023692706	0.0042839244	-0.0108679768	0.01727662	-0.0234064185	0.0291584371	-0.0344398384	0.0391653804	-0.0432587929	0.0466540082	0.0062587291	0.0317967009	0.0047580919	0.0598076891	-0.0082354316	0.0096722845	0.0091291669	-0.0508530029	-0.0133639944	0.0481834338	0	0	0	0	0	0	0	0	0	0	0	0
0.131891	0.202362	-0.300879	0.00172572	-0.00582325	-0.000968431	-0.00434199999999998	-0.00424700000000003	0.042529	-0.00048868	0.0001664	0.000231629	0.0954534499999999	-0.0519837232	0.0508059967	-0.048862844	0.0461835398	-0.0428084497	0.0387884217	-0.0341840202	0.0290646136	-0.0235073292	0.0175958911	-0.0114193591	0.0050707869	0.0013541801	-0.0077587455	0.0140464202	-0.0201224762	0.0258953737	-0.03127814	0.0361896802	-0.0405559987	0.044311314	-0.0221939218	-0.0241087887	0.0234495381	0.0409437568	0.0359483813	-0.0458949128	-0.0411140324	0.0268676633	0.0031561662	-0.0236911485	0	0	0	0	0	0	0	0	0	0	0	0
0.125668	0.226123	-0.326845	0.00246496	-0.00582325	-0.000712903	-0.00622300000000001	0.023761	-0.025966	0.00073924	0	0.000255528	0.1056884	-0.0520108938	0.0509138886	-0.0491026536	0.0466025972	-0.0434487905	0.0396854757	-0.0353654455	0.030549302	-0.025304607	0.0197049341	-0.0138288366	0.0077587455	-0.0015798132	-0.004621281	0.010757547	-0.016742904	0.0224933884	-0.0279283311	0.0329714899	-0.0375521182	0.0416059582	0.0087938496	-0.0278422557	0.0294463028	0.0852748724	-0.0418277998	-0.0124085345	0.070814722	-0.0340659203	0.010542283	-0.030122798	0	0	0	0	0	0	0	0	0	0	0	0
0.113342	0.234094	-0.320517	0.00342395	-0.00531667	-0.000182928	-0.012326	0.00797100000000001	0.006328	0.00095899	0.00050658	0.000529975	0.12640225	-0.0520370985	0.0510179984	-0.0493342563	0.0470078072	-0.0440689593	0.0405559987	-0.0365146908	0.0319976841	-0.0270638244	0.021777388	-0.0162072446	0.0104259597	-0.0045088495	-0.0014670001	0.0074237382	-0.0132837629	0.018970732	-0.024410558	0.0295323731	-0.0342694522	0.0385600826	-0.0223035264	0.0152824409	0.0626283159	0.0471935786	0.0100407281	-0.0530898689	-0.0118464792	-0.038626372	0.0188859061	-0.0351233017	0	0	0	0	0	0	0	0	0	0	0	0
0.123236	0.220416	-0.30094	0.00279032	-0.00506037	-0.000195744	0.00989399999999997	-0.013678	0.019577	-0.00063363	0.0002563	-1.2816e-05	0.0882863	-0.0520623368	0.0511183183	-0.0495576132	0.0473990497	-0.0446686685	0.0413994086	-0.0376307102	0.0334080384	-0.0287823352	0.0238094045	-0.0185492395	0.0130652981	-0.0074237382	0.0016926191	0.0040589197	-0.0097614921	0.0153463027	-0.0207459769	0.0258953737	-0.030732371	0.0351986159	-0.0155678389	-0.0560655448	0.0883310147	-0.0212962039	-0.0122860995	-0.0800341158	0.0216260632	0.0059147351	0.0132425842	0.0549965009	0	0	0	0	0	0	0	0	0	0	0	0
0.136589	0.215496	-0.326491	0.00319384	-0.0050941	-0.000443341	0.013353	-0.00491999999999998	-0.025551	0.00040352	-3.373e-05	-0.000247597	0.07806635	-0.0520866082	0.0512148408	-0.049772687	0.0477762082	-0.0452476394	0.0422151417	-0.0387124883	0.0347786889	-0.0304575546	0.0257972105	-0.0208495594	0.015669704	-0.0103153331	0.0048460789	0.0006771467	-0.0061928308	0.0116395445	-0.0169566271	0.0220848615	-0.0269671338	0.0315490697	0.0049599978	0.0440431713	0.0998851741	-0.0306237308	-0.018518058	-0.0341835647	0.0104040912	-0.0734981606	0.0079247802	0.073799711	0	0	0	0	0	0	0	0	0	0	0	0
0.123508	0.215463	-0.264608	0.00292576	-0.00494026	-0.000156706	-0.013081	-3.29999999999775e-05	0.061883	-0.00026808	0.00015384	0.000286635	0.11042475	-0.0521099123	0.0513075588	-0.0499794418	0.0481391707	-0.0458056033	0.0430026525	-0.0397590408	0.0361080066	-0.0320869629	0.0277371148	-0.0231030362	0.0182322141	-0.0131745611	0.0079819045	-0.0027074549	-0.0025947387	0.0078703433	-0.0130652981	0.018126369	-0.0230016937	0.0276413132	-0.0097026615	-0.0011652479	0.0638160587	-0.049914396	0.0097622747	-0.0533728298	-0.0249442654	0.0190612092	0.0184522463	0.0628564546	0	0	0	0	0	0	0	0	0	0	0	0
0.127677	0.194159	-0.306714	0.00310152	-0.00520611	-0.00053786	0.00416899999999999	-0.021304	-0.042106	0.00017576	-0.00026585	-0.000381154	0.1087172	-0.0521322486	0.0513964655	-0.050177843	0.0484878293	-0.0463423012	0.0437614146	-0.0407694154	0.0373944116	-0.0336681095	0.0296255153	-0.025304607	0.0207459769	-0.0159924506	0.0110886847	-0.0060807472	0.0010156846	0.0040589197	-0.0090953929	0.0140464202	-0.0188654898	0.0235073292	-0.0134051043	-0.0111352792	0.0333416061	-0.0192875807	-0.0702411925	0.000751212	0.0662749476	0.008137527	0.0086989126	0.0318645735	0	0	0	0	0	0	0	0	0	0	0	0
0.133125	0.235014	-0.291727	0.00318498	-0.00494026	-0.000717115	0.00544800000000001	0.040855	0.014987	8.346e-05	0.00026585	-0.000179255	0.0877182499999999	-0.0521536168	0.0514815542	-0.0503678575	0.0488220806	-0.0468574839	0.0444909208	-0.0417426926	0.0386363752	-0.0351986159	0.0314589057	-0.0274493255	0.0232042715	-0.0187601599	0.0141551145	-0.0094286395	0.004621281	0.0002257211	-0.0050707869	0.009872353	-0.0145892291	0.0191809517	0.0074309942	0.0532832362	0.0355079072	-0.0441981704	-0.0176849636	0.0069935598	-0.0355958836	-0.0406909109	0.0017204903	0.0419482308	0	0	0	0	0	0	0	0	0	0	0	0
0.136705	0.207114	-0.25894	0.00273516	-0.00494026	-0.000447977	0.00358	-0.0279	0.032787	-0.00044982	0	0.000269138	0.1002149	-0.0521740164	0.0515628185	-0.0505494535	0.0491418251	-0.0473509122	0.0451906832	-0.042677987	0.0398324213	-0.0366761804	0.0332338815	-0.0295323731	0.0256005252	-0.0214690046	0.0171700353	-0.0127371473	0.0082049152	-0.0036086884	-0.0010156846	0.0056321357	-0.0102046586	0.0146975897	-0.0309387733	-0.057463852	0.0075455393	-0.0374173867	-0.0291944733	-0.0437437583	-0.0051562407	0.0597133765	0.0293524206	0.0137649593	0	0	0	0	0	0	0	0	0	0	0	0
0.144512	0.194366	-0.304493	0.00262366	-0.00503412	-0.000814669	0.00780700000000001	-0.012748	-0.045553	-0.0001115	-9.38599999999994e-05	-0.000366692	0.0947106	-0.0521934471	0.0516402525	-0.0507226006	0.0494469678	-0.0478223571	0.0458602343	-0.0435744473	0.0409811285	-0.0380985803	0.0349471469	-0.0315490697	0.0279283311	-0.024110485	0.0201224762	-0.0159924506	0.0117495564	-0.0074237382	0.0030455261	0.0013541801	-0.0057443291	0.0100939368	0.0166553513	0.0088770871	0.0009808515	0.0394455398	-0.0572516417	0.0039053402	0.0594641784	-0.0411948476	0.0011307168	-0.0005606543	0	0	0	0	0	0	0	0	0	0	0	0
0.136689	0.216843	-0.27468	0.00210878	-0.00490583	-0.000559393	-0.007823	0.022477	0.0298129999999999	-0.00051488	0.00012829	0.000255276	0.1050353	-0.0522119084	0.0517138504	-0.0508872699	0.0497374181	-0.0482715996	0.0464991262	-0.044431258	0.0420811315	-0.0394636764	0.0365955205	-0.0334948844	0.0301814655	-0.0266763128	0.0230016937	-0.0191809517	0.015238359	-0.0111989617	0.0070884207	-0.0029328492	-0.0012413539	0.005407671	-0.0047158982	0.0299533028	0.0300987769	0.0102170157	0.0364411638	-0.0352444958	-0.0260337062	-0.0219904437	-0.0007912332	-0.0311453098	0	0	0	0	0	0	0	0	0	0	0	0
0.111597	0.194364	-0.257302	0.00210878	-0.00467953	-0.000501581	-0.025092	-0.022479	0.0173780000000001	0	0.0002263	5.78120000000001e-05	0.0791546	-0.0522294002	0.0517836067	-0.051043434	0.0500130897	-0.0486984311	0.0471069319	-0.0452476394	0.0431311232	-0.0407694154	0.0381759417	-0.0353654455	0.032353904	-0.0291584371	0.0257972105	-0.0222893319	0.018654743	-0.0149141057	0.0110886847	-0.0072002268	0.0032708371	0.0006771467	-0.0160445326	-0.0619881608	0.0021160264	0.0255498635	0.0225931299	-0.035810926	0.0238633143	0.0439073867	-0.0027453114	-0.0036842645	0	0	0	0	0	0	0	0	0	0	0	0
0.122924	0.204209	-0.296986	0.00251502	-0.00467953	-0.000958333	0.011327	0.00984499999999999	-0.0396840000000001	0.00040624	0	-0.000456752	0.1040056	-0.0522459219	0.0518495163	-0.0511910666	0.0502739006	-0.0491026536	0.0476832451	-0.0460228486	0.0441298556	-0.0420138333	0.0396854757	-0.0371565505	0.0344398384	-0.0315490697	0.028498854	-0.025304607	0.0219824722	-0.0185492395	0.0150222601	-0.0114193591	0.0077587455	-0.0040589197	0.0131626342	0.0549927631	0.0178313483	-0.0004240611	0.0358533622	0.030959436	-0.0040724331	-0.0418255258	-0.0119491059	0.0044893946	0	0	0	0	0	0	0	0	0	0	0	0
0.123878	0.208272	-0.242374	0.00210878	-0.00467953	-0.000719699	0.000953999999999996	0.00406299999999998	0.054612	-0.00040624	0	0.000238634	0.0918727	-0.0522614734	0.0519115742	-0.0513301431	0.0505197734	-0.0494840794	0.0482276804	-0.0467561802	0.0450761418	-0.0431950583	0.0411213197	-0.0388641751	0.0364336915	-0.0338407093	0.0310967934	-0.028214182	0.0252057321	-0.0220848615	0.0188654898	-0.0155619757	0.0121890533	-0.0087617663	-0.0405174487	-0.029317528	-0.0284251573	-0.0231018092	0.0410053921	0.0064286751	-0.0496911188	0.0678760143	0.0144475698	-0.0239291876	0	0	0	0	0	0	0	0	0	0	0	0
0.116524	0.20865	-0.273996	0.00283213	-0.00467953	-0.00113447	-0.007354	0.000378000000000017	-0.031622	0.00072335	0	-0.000414771	0.09626005	-0.0522760543	0.0519697758	-0.0514606403	0.050750635	-0.0498425313	0.048739874	-0.047446967	0.0459688572	-0.044311314	0.0424808075	-0.0404844828	0.0383301323	-0.0360261653	0.0335815749	-0.0310059033	0.0283092043	-0.0255020041	0.0225952602	-0.0196003187	0.01652887	-0.013392903	-0.0021700731	-0.0003122141	-0.0398622305	0.0423391467	-0.0350507177	0.0439233377	0.0589296458	0.0038120294	-0.0068691173	-0.0277672146	0	0	0	0	0	0	0	0	0	0	0	0
0.13674	0.21928	-0.268161	0.00235615	-0.00467953	-0.000866414	0.020216	0.01063	0.00583499999999998	-0.00047598	0	0.000268056	0.0738828	-0.0522896643	0.0520241169	-0.0515825363	0.0509664168	-0.050177843	0.0492194833	-0.0480945804	0.0468069407	-0.0453609212	0.0437614146	-0.0420138333	0.0401240904	-0.0380985803	0.0359441567	-0.0336681095	0.03127814	-0.0287823352	0.02618914	-0.0235073292	0.0207459769	-0.0179144269	-0.0208708839	0.0294979574	0.0073076907	0.0113072117	0.0446543704	0.0087306962	-0.0472017784	-0.0153783079	0.0113990997	-0.0470701161	0	0	0	0	0	0	0	0	0	0	0	0
0.136793	0.204598	-0.251208	0.00276278	-0.00443475	-0.000950932	5.29999999999975e-05	-0.014682	0.0169530000000001	0.00040663	0.00024478	-8.4518e-05	0.0684844	-0.0523023033	0.0520745933	-0.0516958108	0.0511670547	-0.0504898588	0.0496661877	-0.0486984311	0.0475893965	-0.0463423012	0.0449607632	-0.0434487905	0.0418107693	-0.0400514517	0.0381759417	-0.0361896802	0.0340984296	-0.0319082567	0.0296255153	-0.027256828	0.0248090665	-0.0222893319	-0.0185036856	-0.0542411988	-0.0173728141	0.0020880871	0.0020496614	0.0082764675	0.0178050579	0.0511970136	0.0070843824	-0.0192824759	0	0	0	0	0	0	0	0	0	0	0	0
0.151034	0.194485	-0.313134	0.00299754	-0.00475455	-0.00134293	0.014241	-0.010113	-0.061926	0.00023476	-0.000319799999999999	-0.000391998000000001	0.1336079	-0.0523139709	0.0521212014	-0.0518004449	0.051352489	-0.0507784337	0.0500796887	-0.0492579697	0.0483152946	-0.0472539781	0.0460766263	-0.0447861304	0.0433856593	-0.0418786518	0.0402688086	-0.0385600826	0.0367566699	-0.0348629988	0.0328837193	-0.0308236917	0.0286879745	-0.0264818121	-0.0138448171	0.0416545237	-0.0134465621	-0.0086150737	-0.0035644775	0.0553273503	-1.713e-06	-0.0252574927	0.0096274918	0.0056782589	0	0	0	0	0	0	0	0	0	0	0	0
0.136794	0.207691	-0.194829	0.00258452	-0.00422408	-0.000849016	-0.01424	0.013206	0.118305	-0.00041302	0.00053047	0.000493914000000001	0.2176212	-0.052324667	0.0521639377	-0.051896421	0.0515226647	-0.051043434	0.0504597097	-0.049772687	0.0489837722	-0.0480945804	0.0471069319	-0.0460228486	0.0448445497	-0.0435744473	0.0422151417	-0.0407694154	0.0392402281	-0.0376307102	0.0359441567	-0.0341840202	0.032353904	-0.0304575546	0.0017222834	-0.0167697222	-0.0246749217	-0.0278960418	0.0105610984	0.0089991284	-0.039576035	0.0314887763	-0.0061903836	-0.0049862162	0	0	0	0	0	0	0	0	0	0	0	0
0.136888	0.182153	-0.223628	0.00242595	-0.00419917	-0.000900991	9.40000000000385e-05	-0.025538	-0.028799	-0.00015857	2.49099999999995e-05	-5.19750000000002e-05	0.0662037499999999	-0.0523343914	0.0522027989	-0.0519837232	0.0516775313	-0.0512847364	0.0508059967	-0.0502421146	0.049594035	-0.048862844	0.0480497669	-0.0471561663	0.0461835398	-0.0451335173	0.0440078585	-0.0428084497	0.0415373011	-0.0401965428	0.0387884217	-0.0373152977	0.0357796393	-0.0341840202	0.0162091953	0.0078850658	-0.0442247447	0.0138788838	-0.0262602408	0.0449883413	0.0299051194	0.0038769683	-0.0237896973	-0.0064285107	0	0	0	0	0	0	0	0	0	0	0	0
0.150365	0.196084	-0.21643	0.00210878	-0.00416877	-0.00117279	0.013477	0.013931	0.00719800000000001	-0.00031717	3.04000000000007e-05	-0.000271799	0.06557445	-0.0523431439	0.0522377823	-0.0520623368	0.0518170426	-0.051502229	0.0511183183	-0.0506658255	0.0501453577	-0.0495576132	0.0489033805	-0.0481835374	0.0473990497	-0.0465509697	0.0456404355	-0.0446686685	0.0436369724	-0.0425467316	0.0413994086	-0.0401965428	0.0389397479	-0.0376307102	0.0053500292	0.013725471	-0.0137447829	-0.0124028707	0.0135453032	0.0069162363	-0.0325589624	-0.0048311764	0.0029328318	-0.0097394631	0	0	0	0	0	0	0	0	0	0	0	0
0.132018	0.190648	-0.196257	0.00210878	-0.00384628	-0.00100816	-0.018347	-0.00543599999999997	0.020173	0	0.000322489999999999	0.00016463	0.068312	-0.0523509242	0.0522688852	-0.0521322486	0.0519411573	-0.0516958108	0.0513964655	-0.051043434	0.050637085	-0.050177843	0.0496661877	-0.0491026536	0.0484878293	-0.0478223571	0.0471069319	-0.0463423012	0.0455292636	-0.0446686685	0.0437614146	-0.0428084497	0.0418107693	-0.0407694154	0.0107114754	-0.0492252835	-0.030995865	-0.0117709963	-0.012676417	-0.0047254585	0.0148736072	0.0234273724	0.0027741689	5.7676e-06	0	0	0	0	0	0	0	0	0	0	0	0
0.13688	0.176318	-0.221227	0.0019926	-0.00428043	-0.00112908	0.004862	-0.01433	-0.02497	-0.00011618	-0.00043415	-0.00012092	0.0777245	-0.0523577323	0.0522961052	-0.0521934471	0.0520498384	-0.051865392	0.0516402525	-0.0513745965	0.0510686325	-0.0507226006	0.0503367722	-0.04991145	0.0494469678	-0.04894369	0.0484020114	-0.0478223571	0.0472051818	-0.0465509697	0.0458602343	-0.0451335173	0.044371389	-0.0435744473	0.0312066915	0.0412808004	-0.0174345198	-0.005467264	-0.0053343898	0.0195149971	-0.0005455814	-0.0297979267	-0.0095819436	-0.0107397216	0	0	0	0	0	0	0	0	0	0	0	0
0.136882	0.169704	-0.20394	0.00226712	-0.00435841	-0.000912801	2.000000000002e-06	-0.00661400000000001	0.017287	0.00027452	-7.79800000000001e-05	0.000216279	0.05234195	-0.0523635681	0.0523194405	-0.0522459219	0.0521430537	-0.0520108938	0.0518495163	-0.0516590118	0.0514394875	-0.0511910666	0.0509138886	-0.0506081094	0.0502739006	-0.04991145	0.0495209612	-0.0491026536	0.0486567622	-0.0481835374	0.0476832451	-0.0471561663	0.0466025972	-0.0460228486	-0.0141915938	-0.0233556837	-0.0196293515	-0.0249809654	0.0240438544	-0.0174972954	-0.0263167201	0.038084592	0.0082439143	-0.0252321831	0	0	0	0	0	0	0	0	0	0	0	0
0.120258	0.161562	-0.234533	0.00270785	-0.00428452	-0.00120919	-0.016624	-0.00814200000000001	-0.030593	0.00044073	7.38900000000001e-05	-0.000296389	0.09590945	-0.0523684314	0.0523388891	-0.0522896643	0.0522207755	-0.0521322486	0.0520241169	-0.051896421	0.0517492091	-0.0515825363	0.0513964655	-0.0511910666	0.0509664168	-0.0507226006	0.0504597097	-0.050177843	0.0498771065	-0.0495576132	0.0492194833	-0.048862844	0.0484878293	-0.0480945804	0.0195954209	-0.0075639817	-0.0352534754	0.0214788298	-0.0391731365	0.020790014	0.0599181577	-0.00684612	-0.0141558803	-0.0105969411	0	0	0	0	0	0	0	0	0	0	0	0
0.115955	0.181355	-0.250794	0.00210878	-0.00437408	-0.00104305	-0.004303	0.019793	-0.016261	-0.00059907	-8.95599999999998e-05	0.00016614	0.0830955	-0.0523723222	0.0523544498	-0.052324667	0.0522829807	-0.0522294002	0.0521639377	-0.0520866082	0.0519974292	-0.051896421	0.0517836067	-0.0516590118	0.0515226647	-0.0513745965	0.0512148408	-0.051043434	0.050860415	-0.0506658255	0.0504597097	-0.0502421146	0.0500130897	-0.049772687	0.004772143	0.0474425829	-0.0002129169	0.0059164284	0.0413214972	0.0036926613	-0.0297881619	-0.0288551838	-0.0011011061	-0.0284651286	0	0	0	0	0	0	0	0	0	0	0	0
0.103348	0.165758	-0.232799	0.00227617	-0.00429715	-0.00106533	-0.012607	-0.015597	0.017995	0.00016739	7.69300000000002e-05	-2.228e-05	0.059529	-0.0523752403	0.0523661213	-0.0523509242	0.0523296507	-0.0523023033	0.0522688852	-0.0522294002	0.0521838529	-0.0521322486	0.0520745933	-0.0520108938	0.0519411573	-0.051865392	0.0517836067	-0.0516958108	0.0516020147	-0.051502229	0.0513964655	-0.0512847364	0.0511670547	-0.051043434	-0.0323137364	-0.0730962983	-0.0051213555	0.0146944188	0.0230737316	-0.0195574925	0.0185593966	0.0549743035	0.0301407869	-0.0197165157	0	0	0	0	0	0	0	0	0	0	0	0
0.112224	0.176735	-0.265485	0.00234952	-0.00434861	-0.00118101	0.00887600000000001	0.010977	-0.032686	7.33499999999998e-05	-5.14600000000006e-05	-0.00011568	0.0645635000000001	-0.0523771858	0.0523739028	-0.0523684314	0.0523607718	-0.0523509242	0.0523388891	-0.052324667	0.0523082586	-0.0522896643	0.0522688852	-0.0522459219	0.0522207755	-0.0521934471	0.0521639377	-0.0521322486	0.0520983812	-0.0520623368	0.0520241169	-0.0519837232	0.0519411573	-0.051896421	0.0080736189	0.0427338325	-0.0183399041	0.0362382385	-0.0069695539	0.0380219442	0.007595824	-0.0420914026	-0.0169593437	0.0192881438	0	0	0	0	0	0	0	0	0	0	0	0
0.101544	0.183655	-0.242299	0.00188551	-0.00456211	-0.000851993	-0.01068	0.00691999999999998	0.023186	-0.00046401	-0.0002135	0.000329017	0.0911123500000001	-0.0523781585	0.0523777937	-0.0523771858	0.0523763346	-0.0523752403	0.0523739028	-0.0523723222	0.0523704984	-0.0523684314	0.0523661213	-0.0523635681	0.0523607718	-0.0523577323	0.0523544498	-0.0523509242	0.0523471556	-0.0523431439	0.0523388891	-0.0523343914	0.0523296507	-0.052324667	0.0011000093	0.0342109693	0.0321769004	-0.0401348365	0.0091131928	-0.016993665	-0.0444706806	-0.0102974404	0.007849085	0.0500708686	0	0	0	0	0	0	0	0	0	0	0	0
