"trans_x"	"trans_y"	"trans_z"	"rot_x"	"rot_y"	"rot_z"	"trans_x_derivative1"	"trans_y_derivative1"	"trans_z_derivative1"	"rot_x_derivative1"	"rot_y_derivative1"	"rot_z_derivative1"	"framewise_displacement"	"cosine00"	"cosine01"	"cosine02"	"cosine03"	"cosine04"	"cosine05"	"cosine06"	"cosine07"	"cosine08"	"cosine09"	"cosine10"	"cosine11"	"cosine12"	"cosine13"	"cosine14"	"cosine15"	"cosine16"	"cosine17"	"cosine18"	"cosine19"	"cosine20"	"t_comp_cor_00"	"t_comp_cor_01"	"t_comp_cor_02"	"t_comp_cor_03"	"t_comp_cor_04"	"a_comp_cor_00"	"a_comp_cor_01"	"a_comp_cor_02"	"a_comp_cor_03"	"a_comp_cor_04"	"volume_z"	"luminance_z"	"speech_z"	"face_z"
0	0	0	0	0	0	NA	NA	NA	NA	NA	NA	NA	0	0	0	0	0	0	0	0	0	0	0	0	0	0	0	0	0	0	0	0	0	0	0	0	0	0	0	0	0	0	0	0	0	0	0
0	0.00659611	0.0312149	-0.000129159	0	0	0	0.00659611	0.0312149	-0.000129159	0	0	0.04426896	0.0524141198	0.0524137538	0.0524131437	0.0524122897	0.0524111916	0.0524098495	0.0524082634	0.0524064334	0.0524043593	0.0524020413	0.0523994793	0.0523966733	0.0523936235	0.0523903296	0.0523867919	0.0523830103	0.0523789848	0.0523747155	0.0523702023	0.0523654453	0.0523604445	0.0489523308	-0.0378894511	0.0173934995	-0.0251407014	0.0136917667	-0.0683596096	-0.0056173956	-0.0166261058	-0.0663538872	0.0407733584	0	0	0	0
-2.18999e-06	-0.00766154	0.0403201	8.78565e-05	0	-0.000146458	-2.18999e-06	-0.01425765	0.0091052	0.0002170155	0	-0.000146458	0.04153871499	0.0524131437	0.0524098495	0.0524043593	0.0523966733	0.0523867919	0.0523747155	0.0523604445	0.0523439796	0.0523253215	0.052304471	0.0522814288	0.052256196	0.0522287737	0.052199163	0.0521673651	0.0521333814	0.0520972133	0.0520588623	0.05201833	0.0519756181	0.0519307284	0.0168447409	-0.0646765312	0.0371175955	-0.0043327403	0.0165578874	-0.0536685237	0.0185754749	-0.0464156381	-0.0601895394	0.0397316826	0	0	0	0
-0.00275378	-0.0142792	0.0201766	8.69422e-06	-0.000165253	-0.000229689	-0.00275159001	-0.00661766	-0.0201435	-7.916228e-05	-0.000165253	-8.3231e-05	0.04589506401	0.0524111916	0.0524020413	0.0523867919	0.0523654453	0.0523380039	0.052304471	0.0522648503	0.0522191466	0.0521673651	0.052109512	0.0520455938	0.0519756181	0.051899593	0.0518175273	0.0517294306	0.0516353132	0.051535186	0.0514290606	0.0513169495	0.0511988656	0.0510748227	-0.0093834147	-0.0370371065	-0.0235978582	0.0333005489	0.0071012186	-0.0187368195	0.0408457417	-0.0072026255	-0.1044668738	-0.0040496261	0	0	0	0
6.64838e-06	-2.41954e-05	0.044201	-0.000398523	0	-0.000190773	0.00276042838	0.0142550046	0.0240244	-0.00040721722	0.000165253	3.8916e-05	0.07160914398	0.0524082634	0.0523903296	0.0523604445	0.0523186149	0.0522648503	0.052199163	0.052121568	0.052032083	0.0519307284	0.0518175273	0.0516925056	0.0515556917	0.0514071169	0.051246815	0.0510748227	0.0508911792	0.0506959264	0.0504891087	0.0502707735	0.0500409704	0.0497997519	-0.0499350097	0.0100597843	-0.0260287679	0.0118512418	0.0405591114	0.0320453472	0.0637707738	0.0211926151	-0.0348633229	0.0272474168	0	0	0	0
-0.00202681	-0.0172321	0.0567619	-0.000744762	-0.000217485	0	-0.00203345838	-0.0172079046	0.0125609	-0.000346239	-0.000217485	0.000190773	0.06952711298	0.0524043593	0.0523747155	0.0523253215	0.052256196	0.0521673651	0.0520588623	0.0519307284	0.0517830118	0.0516157682	0.0514290606	0.0512229596	0.0509975427	0.050752895	0.0504891087	0.0502062834	0.0499045256	0.0495839492	0.049244675	0.048886831	0.0485105521	0.0481159803	-0.0096566513	0.056550341	0.0667497331	0.0423937437	0.0320953137	0.0549562044	-0.0248308739	-0.0043573656	0.0101661916	0.0443765218	0	0	0	0
-0.0188043	-0.0248427	0.0441879	-0.00015935	-2.65552e-05	-0.000478904	-0.01677749	-0.0076106	-0.012574	0.000585412	0.0001909298	-0.000478904	0.09972438	0.0523994793	0.0523552	0.0522814288	0.0521782074	0.0520455938	0.0518836628	0.0516925056	0.0514722298	0.0512229596	0.0509448353	0.0506380137	0.0503026675	0.0499389857	0.0495471731	0.0491274505	0.0486800542	0.0482052363	0.0477032642	0.0471744208	0.0466190039	0.0460373263	0.0556329864	-0.0231059601	0.029722108	0.0106791676	0.0167057541	-0.029099247	-0.0552529382	0.0004683543	-0.0475762781	0.0079878112	0	0	0	0
-0.018803	-0.00578496	0.0440626	-0.000501217	-0.000286021	-0.000478904	1.29999999999922e-06	0.01905774	-0.000125300000000002	-0.000341867	-0.0002594658	0	0.04925098	0.0523936235	0.0523317845	0.0522287737	0.0520846721	0.051899593	0.051673682	0.0514071169	0.0511001074	0.050752895	0.0503657529	0.0499389857	0.0494729291	0.0489679499	0.0484244452	0.0478428428	0.0472236001	0.0465672044	0.0458741721	0.0451450484	0.0443804069	0.0435808493	-0.0315701709	-0.0093268528	-0.021056011	0.0371833915	-0.0420648794	0.0058822778	0.0518567678	0.0194053439	-0.0148268261	-0.01975424	0	0	0	0
-0.018803	0.0108322	0.064634	-0.000267135	-0.000286021	-0.000478904	0	0.01661716	0.0205714	0.000234082	0	0	0.04889266	0.0523867919	0.052304471	0.0521673651	0.0519756181	0.0517294306	0.0514290606	0.0510748227	0.050667088	0.0502062834	0.0496928916	0.0491274505	0.0485105521	0.0478428428	0.0471250218	0.0463578411	0.0455421041	0.0446786654	0.0437684292	0.042812349	0.0418114263	0.0407667093	0.0005687398	0.0560574121	-0.0011678113	0.0210324128	0.0250973204	0.0397222377	-0.0208310069	0.037454057	0.0680967069	0.0193175803	0	0	0	0
-0.0187898	-0.00230137	0.0820391	-0.00111865	-0.00041979	-0.000478904	1.32000000000014e-05	-0.01313357	0.0174051	-0.000851515	-0.000133769	0	0.07981607	0.0523789848	0.0522732612	0.0520972133	0.0518510778	0.051535186	0.0511499628	0.0506959264	0.0501736876	0.0495839492	0.0489275043	0.0482052363	0.0474181167	0.0465672044	0.0456536443	0.0446786654	0.0436435792	0.0425497785	0.0413987346	0.040191996	0.0389311863	0.0376180017	0.0379246875	-0.0519351611	0.0220844279	0.0137873037	-0.0022730744	-0.0586004229	-0.0399662258	-0.0279972543	0.0498717629	0.0027756225	0	0	0	0
-0.0269903	-0.00224348	0.0669126	-0.000409296	-0.000405369	-0.000478904	-0.0082005	5.78900000000001e-05	-0.0151265	0.000709354	1.4421e-05	0	0.05957364	0.0523702023	0.0522381577	0.05201833	0.0517110885	0.0513169495	0.0508365754	0.0502707735	0.0496204944	0.048886831	0.0480710162	0.0471744208	0.0461985516	0.0451450484	0.0440156816	0.042812349	0.0415370728	0.040191996	0.0387793789	0.0373015953	0.0357611286	0.0341605674	-0.0546657476	-0.0168550258	0.0204595677	-0.0614613117	0.0192930689	0.0182120188	0.0333583799	-0.0546394604	-0.0234071745	-0.029010038	0	0	0	0
-0.0264012	-0.00228348	0.0669117	-0.000745451	-0.000286022	-0.000478904	0.000589100000000002	-4.00000000000001e-05	-9.00000000012002e-07	-0.000336155	0.000119347	0	0.0234051	0.0523604445	0.052199163	0.0519307284	0.0515556917	0.0510748227	0.0504891087	0.0497997519	0.0490081675	0.0481159803	0.0471250218	0.0460373263	0.0448551266	0.0435808493	0.0422171104	0.0407667093	0.0392326234	0.0376180017	0.0359261587	0.0341605674	0.0323248521	0.0304227813	-0.0112384523	0.0684506329	-0.0279349678	0.0035850657	0.0132767879	0.0532370375	-0.0321596414	0.0382100271	-0.0005978427	-0.0314989587	0	0	0	0
-0.0360548	-0.00224154	0.0669358	-0.000282789	-0.000286022	-0.000903476	-0.0096536	4.19399999999999e-05	2.4100000000013e-05	0.000462662	0	-0.000424572	0.05408134	0.0523497117	0.05215628	0.0518344232	0.0513849338	0.0508089184	0.0501077956	0.0492832916	0.0483374366	0.0472725596	0.0460912827	0.0447965146	0.0433914434	0.0418795288	0.0402644936	0.0385503146	0.0367412126	0.0348416421	0.0328562806	0.0307900166	0.0286479378	0.0264353189	0.059339246	-0.0076141002	-0.015898668	0.0561338349	0.0135081961	-0.0370902266	-0.0232241099	0.0551072387	0.0073018899	0.0248137346	0	0	0	0
-0.0360677	-0.0131272	0.0669231	-0.000456029	-0.000286022	-0.000707525	-1.28999999999962e-05	-0.01088566	-1.26999999999905e-05	-0.00017324	0	0.000195951	0.02937081	0.0523380039	0.052109512	0.0517294306	0.0511988656	0.0505193604	0.0496928916	0.0487218636	0.047609101	0.0463578411	0.0449717237	0.0434547811	0.0418114263	0.0400464398	0.038164956	0.0361724484	0.0340747132	0.0318778528	0.029588258	0.0272125894	0.024757758	0.0222309049	-0.0454319696	-0.0326356688	0.0349752027	-0.0427713792	0.0223653031	0.0019762559	0.0515441259	-0.0524278575	0.0365232467	0.0216197808	0	0	0	0
-0.0417501	-0.0277107	0.066914	-0.0004861	-0.000494069	-0.000903477	-0.0056824	-0.0145835	-9.10000000001188e-06	-3.00710000000001e-05	-0.000208047	-0.000195952	0.0419785	0.0523253215	0.0520588623	0.0516157682	0.0509975427	0.0502062834	0.049244675	0.0481159803	0.0468240289	0.0453732043	0.0437684292	0.0420151486	0.0401193113	0.0380873499	0.0359261587	0.0336430707	0.0312458323	0.0287425773	0.0261417992	0.0234523225	0.0206832724	0.0178440444	-0.0021496571	0.0564593486	0.0454384224	0.0353468036	-0.0138816403	0.0476888931	-0.0566183951	-0.017294099	-0.0036052193	-0.0080013258	0	0	0	0
-0.0360194	-0.00223661	0.0534285	-0.000150669	-0.000649149	-0.000903477	0.0057307	0.02547409	-0.0134855	0.000335431	-0.00015508	0	0.06921584	0.0523116647	0.0520043348	0.051493455	0.0507810249	0.0498698332	0.0487634462	0.0474661945	0.0459831556	0.0443201343	0.0424836398	0.0404808604	0.038319635	0.036008423	0.0335562706	0.0309727759	0.0282680507	0.0254526818	0.0225376886	0.0195344808	0.0164548132	0.0133107399	0.0370549694	-0.012894236	-0.0570016995	-0.0082740325	-0.0015232696	-0.028492803	-0.0242393532	0.045246967	-0.0229867717	-0.0357895622	0	0	0	0
-0.0360146	0.00697703	0.0669266	-0.000551845	-0.000704828	-0.000833645	4.80000000000619e-06	0.00921364	0.0134981	-0.000401176	-5.5679e-05	6.98319999999999e-05	0.04905089	0.0522970337	0.0519459335	0.0513625114	0.0505493769	0.0495101664	0.0482495277	0.046773099	0.0450874833	0.0432002194	0.0411197477	0.0388553731	0.0364172225	0.0338162004	0.0310639394	0.0281727488	0.025155559	0.0220258641	0.0187976612	0.015485388	0.0121038584	0.0086681957	-0.025037763	0.0191079901	-0.0188762231	0.0293923527	0.0074799419	0.0102344432	0.0426999271	0.032341715	-0.0023720311	0.0204544874	0	0	0	0
-0.0360142	0.0109021	0.100684	-0.000815323	-0.000704828	-0.00063253	3.99999999997625e-07	0.00392507	0.0337574	-0.000263478	0	0.000201115	0.06091252	0.0522814288	0.0518836628	0.0512229596	0.0503026675	0.0491274505	0.0477032642	0.0460373263	0.0441380794	0.0420151486	0.0396792925	0.0371423487	0.0344171741	0.0315175794	0.0284582593	0.0252547177	0.0219231897	0.0184805588	0.0149442718	0.0113322499	0.0076627981	0.0039545126	0.0430207338	-0.0295967828	0.0274942855	0.0147959827	-0.03714028	-0.0432961082	-0.0330820029	0.0005414205	0.0518576621	-0.0104113328	0	0	0	0
-0.0359628	0.00961439	0.0982946	-0.000475873	-0.00112148	-0.000716762	5.13999999999931e-05	-0.00128771	-0.00238940000000001	0.00033945	-0.000416652	-8.42320000000001e-05	0.04574521	0.0522648503	0.0518175273	0.0510748227	0.0500409704	0.0487218636	0.0471250218	0.0452595478	0.0431360754	0.0407667093	0.038164956	0.0353456466	0.0323248521	0.0291197926	0.025748738	0.0222309049	0.0185863463	0.0148358378	0.0110007588	0.007102971	0.0031646932	-0.0007916247	-0.0629492524	-0.0137449158	-0.0150280271	-0.0785173742	-0.0390609415	0.0326331593	0.0565268906	-0.0405561631	0.0279460528	-0.0653128085	0	0	0	0
-0.0232121	0.0174027	0.0799576	-0.000866676	-0.00112148	-0.000647756	0.0127507	0.00778831	-0.018337	-0.000390803	0	6.9006e-05	0.06186646	0.0522472985	0.051747532	0.0509181258	0.0497643635	0.0482935946	0.0465151882	0.044440473	0.0420826652	0.0394567845	0.0365795581	0.0334693144	0.0301458661	0.026630384	0.0229452624	0.0191139759	0.0151609305	0.0111113077	0.0069909042	0.0028259676	-0.0013569709	-0.0055312652	0.0096265428	0.0688526193	-0.0398531136	0.0011881931	-0.0183632651	0.0477440828	-0.0350827395	0.0576590182	0.0252329024	-0.0367302235	0	0	0	0
-0.0303675	0.0249239	0.103916	-0.000760253	-0.00135801	-0.000609539	-0.0071554	0.0075212	0.0239584	0.000106423	-0.000236530000000001	3.8217e-05	0.0576935	0.0522287737	0.051673682	0.050752895	0.0494729291	0.0478428428	0.0458741721	0.0435808493	0.0409791044	0.0380873499	0.0349260507	0.0315175794	0.0278860579	0.0240571864	0.020058062	0.0159169864	0.011663266	0.0073270047	0.00293889	-0.0014700233	-0.0058685331	-0.0102255113	0.0013924525	-0.0218358707	-0.0054832398	0.0723570259	0.0093950968	-0.0327272743	0.0109505106	0.0120045964	0.0417151373	0.0378997927	0	0	0	0
-0.0331099	-0.00228563	0.101724	-0.00045024	-0.00125128	-0.000903477	-0.0027424	-0.02720953	-0.00219200000000001	0.000310013	0.000106730000000001	-0.000293938	0.06767798	0.0522092763	0.0515959829	0.050579158	0.0491667543	0.0473698181	0.0452024033	0.0426814612	0.039826708	0.0366604707	0.0332075124	0.0294948387	0.0255514863	0.0214082961	0.0170976719	0.0126533271	0.0081100208	0.0035032861	-0.0011308477	-0.0057561371	-0.0103364079	-0.0148358378	-0.0111530597	0.0435168067	0.023806298	-0.008220637	-0.0322969826	0.0384662308	-0.0236383032	-0.0223691277	0.0058929257	-0.0061499478	0	0	0	0
-0.0358818	0.0129773	0.106987	-0.00103659	-0.00158565	-0.000698446	-0.00277190000000001	0.01526293	0.00526299999999999	-0.00058635	-0.00033437	0.000205031	0.07958538	0.0521888067	0.0515144404	0.0503969439	0.0488459301	0.0468747407	0.0445003321	0.0417431291	0.0386268493	0.0351782991	0.0314271432	0.0274056492	0.0231484102	0.0186920473	0.0140748942	0.0093366682	0.0045181276	-0.0003392783	-0.0051937656	-0.0100035758	-0.0147273348	-0.0193244083	0.0066595437	-0.0171202124	-0.0780324606	-0.0061871364	-0.0554850445	-0.0166870173	-0.0011813557	0.0419667511	0.0380221422	-0.0377774273	0	0	0	0
-0.0408627	0.0188664	0.118616	-0.00160953	-0.00178288	-0.000668352	-0.00498089999999999	0.0058891	0.0116290000000001	-0.00057294	-0.00019723	3.0094e-05	0.0625122	0.0521673651	0.0514290606	0.0502062834	0.0485105521	0.0463578411	0.0437684292	0.0407667093	0.0373809583	0.0336430707	0.029588258	0.0252547177	0.0206832724	0.0159169864	0.0110007588	0.0059809018	0.0009047034	-0.0041800175	-0.0092253617	-0.0141838011	-0.019008626	-0.0236543856	-0.0665583746	0.0069061795	-0.0127070201	-0.0120494289	-0.0312716884	0.0471689179	0.0647942153	-0.0130330587	0.078858699	0.0044000365	0	0	0	0
-0.0358318	0.00801981	0.118621	-0.00142553	-0.00188746	-0.000903477	0.00503089999999999	-0.01084659	4.99999999994949e-06	0.000184	-0.00010458	-0.000235125	0.04206774	0.0521449521	0.05133985	0.0500072082	0.0481607204	0.0458193599	0.0430071852	0.0397530928	0.0360905197	0.0320571007	0.0276942808	0.0230468899	0.0181626821	0.0130918447	0.0078864829	0.0026000839	-0.0027130321	-0.0079982704	-0.013201323	-0.0182687262	-0.0231484102	-0.027790234	-0.0120459826	0.0522074587	0.0222513756	-0.0402143111	-0.0389879404	0.0407029228	-0.0606441086	-0.0419941443	0.0352951703	0.0001104222	0	0	0	0
-0.0358845	-0.00239017	0.101798	-0.00120084	-0.00158565	-0.000542822	-5.26999999999958e-05	-0.01040998	-0.016823	0.00022469	0.00030181	0.000360655	0.07164343	0.052121568	0.051246815	0.0497997519	0.0477965391	0.0452595478	0.0422171104	0.0387032042	0.0347570714	0.0304227813	0.025748738	0.02078714	0.015593397	0.0102255113	0.00474343	-0.0007916247	-0.0063178387	-0.0117734969	-0.0170976719	-0.0222309049	-0.0271158693	-0.0316980113	0.0374697612	-0.0009070577	-0.0514021664	-0.0153042872	-0.0419024997	-0.012250505	-0.0334374622	0.0234983005	-0.0162182405	-0.0142465781	0	0	0	0
-0.0391801	0.015987	0.121472	-0.00157234	-0.00184989	-0.000485623	-0.0032956	0.01837717	0.019674	-0.0003715	-0.00026424	5.7199e-05	0.07599372	0.0520972133	0.0511499628	0.0495839492	0.0474181167	0.0446786654	0.0413987346	0.0376180017	0.0333822024	0.0287425773	0.0237552522	0.0184805588	0.0129823055	0.0073270047	0.0015830688	-0.0041800175	-0.009892538	-0.015485388	-0.0208909108	-0.0260437153	-0.0308814681	-0.0353456466	-0.0329467363	-0.0265457708	-0.0316134917	-0.0080383092	0.008899848	-0.0080042517	0.0536222568	-0.0020030515	0.0212314101	0.0297427752	0	0	0	0
-0.0383562	-0.00249525	0.126334	-0.00172573	-0.0015384	-0.00054591	0.000823900000000002	-0.01848225	0.004862	-0.00015339	0.00031149	-6.0287e-05	0.0504265	0.0520718884	0.0510493004	0.0493598362	0.0470255659	0.0440769831	0.0405526062	0.0364984753	0.0319675512	0.0270190229	0.0217175351	0.0161323429	0.0103364079	0.0044054445	-0.0015830688	-0.0075509019	-0.0134200948	-0.0191139759	-0.024558164	-0.0296815396	-0.0344171741	-0.0387032042	-0.0384950355	0.047840549	0.0299424444	-0.0139360854	-0.0073704722	0.057045938	-0.008998908	-0.0233976901	0.052126919	0.0117288851	0	0	0	0
-0.0358643	-0.0023884	0.11858	-0.000931534	-0.00184823	-0.00072339	0.00249189999999999	0.00010685	-0.00775400000000001	0.000794196	-0.00030983	-0.00017748	0.07442805	0.0520455938	0.0509448353	0.0491274505	0.0466190039	0.0434547811	0.0396792925	0.0353456466	0.0305148036	0.0252547177	0.0196393809	0.0137477825	0.0076627981	0.0014700233	-0.00474343	-0.0108901587	-0.0168836987	-0.0226397406	-0.0280773158	-0.0331199354	-0.0376966663	-0.0417431291	0.0374127579	0.0375411104	0.0271322896	-0.0322072706	-0.0517484129	0.0116286119	-0.0667587922	-0.0198957482	0.0224479574	-0.0286523986	0	0	0	0
-0.0359002	0.00482263	0.118565	-0.00124861	-0.00164728	-0.000729149	-3.58999999999915e-05	0.00721103	-1.49999999999872e-05	-0.000317076	0.00020095	-5.75900000000015e-06	0.03345118	0.05201833	0.0508365754	0.048886831	0.0461985516	0.042812349	0.0387793789	0.0341605674	0.029025691	0.0234523225	0.017524659	0.0113322499	0.004968644	-0.0014700233	-0.0078864829	-0.0141838011	-0.0202668442	-0.0260437153	-0.0314271432	-0.0363358002	-0.040695531	-0.044440473	0.0484000147	-0.0124115991	-0.0242692743	-0.0341055407	-0.0449608934	-0.0362391852	-0.0246422953	0.0265113265	0.0123007161	-0.0704006465	0	0	0	0
-0.0358552	0.00843977	0.103521	-0.00130631	-0.00190798	-0.000903477	4.49999999999964e-05	0.00361714	-0.015044	-5.76999999999999e-05	-0.0002607	-0.000174328	0.04334254	0.0519900974	0.0507245288	0.0486380181	0.0457643343	0.042149986	0.0378534688	0.032944319	0.0275019879	0.0216145559	0.015377307	0.0088911868	0.0022611689	-0.0044054445	-0.0110007588	-0.0174180334	-0.0235534089	-0.0293075885	-0.0345874448	-0.0393075269	-0.0433914434	-0.046773099	0.031758356	-0.0331702114	-0.0584481423	-0.0767471954	-0.0108563255	-0.0424610125	0.023302586	0.0374875004	0.0328994865	-0.0649102425	-1.73055635693617	-1.75211916401208	-2.22840312389761	-1.68540061352814
-0.0358739	0.0254438	0.100867	-0.00186785	-0.00179373	-0.000903477	-1.87000000000034e-05	0.01700403	-0.002654	-0.00056154	0.00011425	0	0.05346623	0.0519608967	0.0506087036	0.0483810535	0.0453164815	0.0414680002	0.0369021828	0.0316980113	0.0259455102	0.0197441895	0.013201323	0.0064300929	-0.0004523686	-0.0073270047	-0.0140748942	-0.0205793086	-0.0267277308	-0.0324138022	-0.0375391619	-0.0420151486	-0.0457643343	-0.0487218636	0.0225597149	-0.0308425316	-0.0037218874	-0.0630943979	0.0297323753	-0.0361575972	0.0371313269	0.0133391677	0.0402649054	-0.013038851	-0.264572536144127	-1.14298570443982	-2.22840312389761	-1.68540061352814
-0.0358746	0.00454215	0.10379	-0.00165925	-0.00179373	-0.000779684	-6.99999999999312e-07	-0.02090165	0.00292300000000001	0.0002086	0	0.000123793	0.040445	0.0519307284	0.0504891087	0.0481159803	0.0448551266	0.0407667093	0.0359261587	0.0304227813	0.0243581127	0.0178440444	0.0110007588	0.0039545126	-0.0031646932	-0.0102255113	-0.0170976719	-0.0236543856	-0.029774683	-0.0353456466	-0.0402644936	-0.044440473	-0.0477965391	-0.0502707735	0.0317876332	-0.0414944571	0.0468921235	-0.0580604548	0.0149193871	-0.0416830049	0.0083714833	-0.0303316173	0.01815536	0.0014695367	-0.197446070710621	-1.1272811059612	-2.22840312389761	-1.68540061352814
-0.0358739	-0.0024806	0.0901334	-0.00153559	-0.00179373	-0.000903477	6.99999999999312e-07	-0.00702275	-0.0136566	0.00012366	0	-0.000123793	0.0330527	0.051899593	0.0503657529	0.0478428428	0.0443804069	0.0400464398	0.0349260507	0.0291197926	0.0227416872	0.0159169864	0.0087797117	0.0014700233	-0.0058685331	-0.0130918447	-0.020058062	-0.026630384	-0.0326797453	-0.0380873499	-0.0427470046	-0.0465672044	-0.0494729291	-0.0514071169	0.0175727533	-0.003345672	0.0441835391	-0.0218430603	-0.0317785832	-0.0179646091	-0.0104393829	-0.0306087966	-0.0025783675	-0.0169098849	0.143180447950853	-1.30665579866475	-2.22840312389761	-1.68540061352814
-0.0358704	-0.00250333	0.0858918	-0.00171445	-0.00179373	-0.000628819	3.49999999999656e-06	-2.27299999999999e-05	-0.00424159999999998	-0.00017886	0	0.000274658	0.02694373	0.051867491	0.0502386454	0.0475616869	0.0438924641	0.0393075269	0.0339025293	0.027790234	0.02109816	0.0139659219	0.0065423171	-0.0010177779	-0.0085566393	-0.0159169864	-0.0229452624	-0.0294948387	-0.0354290736	-0.0406241631	-0.0449717237	-0.0483810535	-0.0507810249	-0.052121568	0.005760793	0.0218417979	-0.0258393181	0.0135110359	-0.0340411889	-0.0089845606	0.0169111592	0.023710329	-0.0260203027	-0.0249452548	-0.519957300384116	-1.39824731345061	-2.22840312389761	-1.68540061352814
-0.0358487	0.00320203	0.078977	-0.00126527	-0.00179373	-0.000411711	2.17000000000064e-05	0.00570536	-0.00691480000000001	0.00044918	0	0.000217108	0.04595626	0.0518344232	0.0501077956	0.0472725596	0.0433914434	0.0385503146	0.0328562806	0.0264353189	0.0194294898	0.0119937935	0.004292741	-0.0035032861	-0.0112218049	-0.0186920473	-0.025748738	-0.0322357516	-0.0380095663	-0.0429424396	-0.0469252343	-0.0498698332	-0.0517110885	-0.0524082634	-0.0209866888	0.0023604881	-0.0602857267	0.041090419	0.055029769	-0.0099253489	0.022312921	0.0250121661	-0.024161647	0.017628232	-0.91044886702482	-1.0036913577913	-2.22840312389761	0.592443852028073
-0.0358908	0.016237	0.0558461	-0.00142793	-0.00155723	-0.000601862	-4.21000000000032e-05	0.01303497	-0.0231309	-0.000162660000000001	0.0002365	-0.000190151	0.06567352	0.0518003901	0.0499732133	0.0469755095	0.0428774942	0.0377751555	0.031788006	0.0250562833	0.017737665	0.0100035758	0.002035172	-0.0059809018	-0.0138568845	-0.0214082961	-0.0284582593	-0.0348416421	-0.0404089261	-0.0450297083	-0.0485957556	-0.0510235403	-0.052256196	-0.0522648503	-0.0071596168	-0.0171419702	-0.0135799096	-0.0032962615	0.0977972465	0.0019243419	0.0037990534	-0.0123051673	-0.0356291505	0.0517090254	-0.710799131679954	-0.590020067271829	-2.22840312389761	-1.68540061352814
-0.0359055	0.0183428	0.0846854	-0.00132198	-0.00160272	-0.00053045	-1.46999999999994e-05	0.0021058	0.0288393	0.000105950000000001	-4.549e-05	7.1412e-05	0.0421024	0.0517653924	0.0498349085	0.0466705863	0.0423507695	0.0369824104	0.0306984217	0.0236543856	0.0160247019	0.0079982704	-0.0002261864	-0.0084450432	-0.0164548132	-0.0240571864	-0.0310639394	-0.0373015953	-0.042615719	-0.0468747407	-0.0499732133	-0.0518344232	-0.0524122897	-0.0516925056	-0.0134251645	-0.0413037305	0.0304223805	0.0528102037	0.0697353764	-0.0178708749	0.0059265349	-0.0417262762	-0.0311187178	0.0589171681	0.233933779509985	-0.973416291972741	-2.22840312389761	0.592443852028073
-0.0358965	-0.0024423	0.0687169	-0.00107323	-0.00157433	-0.000734664	9.00000000000206e-06	-0.0207851	-0.0159685	0.00024875	2.83899999999999e-05	-0.000204214	0.0608303	0.0517294306	0.0496928916	0.0463578411	0.0418114263	0.0361724484	0.029588258	0.0222309049	0.0142926419	0.0059809018	-0.0024871236	-0.0108901587	-0.019008626	-0.026630384	-0.0335562706	-0.0396053074	-0.0446194286	-0.0484676115	-0.0510493004	-0.0522970337	-0.0521782074	-0.0506959264	-0.0559765174	-0.0118711067	0.0463609444	-0.0201265685	0.0262810347	0.0371126353	0.0111665972	-0.0851829661	-0.0598835107	0.008222742	-0.066645052891282	-1.03611006555444	-2.22840312389761	0.592443852028073
-0.0359269	0.00706487	0.0632305	-0.000884972	-0.00132804	-0.000903477	-3.03999999999999e-05	0.00950717	-0.0054864	0.000188258	0.00024629	-0.000168813	0.04519202	0.0516925056	0.0495471731	0.0460373263	0.0412596253	0.0353456466	0.0284582593	0.02078714	0.0125435491	0.0039545126	-0.00474343	-0.0133107399	-0.021511476	-0.0291197926	-0.0359261587	-0.0417431291	-0.0464105063	-0.0497997519	-0.0518175273	-0.0524082634	-0.0515556917	-0.0492832916	-0.0062663407	0.0574381029	-0.0068253837	-0.0086687909	0.0152896952	0.0484140901	-0.0501743321	0.0060444254	-0.0299312707	-0.0150332683	-0.217578114120031	-0.92311376151029	-2.22840312389761	0.592443852028073
-0.0359038	0.0213741	0.0700663	-0.0011815	-0.00142958	-0.000710384	2.30999999999981e-05	0.01430923	0.0068358	-0.000296528	-0.00010154	0.000193093	0.05072618	0.0516546178	0.0493977639	0.0457090957	0.040695531	0.0345023898	0.0273091829	0.0193244083	0.0107795079	0.0019221591	-0.0069909042	-0.0157013334	-0.0239566531	-0.0315175794	-0.038164956	-0.043706106	-0.0479804167	-0.0508639957	-0.0522732612	-0.0521673651	-0.0505493769	-0.0474661945	0.0395226289	-0.0212165375	-0.0550442238	0.0297039885	-0.0140626851	-0.0314964569	-0.0123414534	0.0552324874	-0.0290452022	-0.0130864093	-0.116128853096064	-0.881872444857284	-2.22840312389761	-1.68540061352814
-0.035866	0.0350603	0.0822438	-0.00080193	-0.00179327	-0.000903477	3.77999999999976e-05	0.0136862	0.0121775	0.00037957	-0.00036369	-0.000193093	0.07271915	0.0516157682	0.049244675	0.0453732043	0.0401193113	0.0336430707	0.0261417992	0.0178440444	0.0090026205	-0.0001130935	-0.0092253617	-0.0180565534	-0.0263376015	-0.0338162004	-0.0402644936	-0.0454860159	-0.0493216787	-0.0516546178	-0.0524137538	-0.0515759573	-0.0491667543	-0.0452595478	-0.063434853	-0.0233338551	-0.0153280533	-0.0337178358	0.0292342234	0.0191688109	0.0784032746	-0.0093326514	0.0408983508	-0.0058674166	-0.599353152696515	-1.1580464074875	-2.22840312389761	-1.68540061352814
-0.0305204	0.027096	0.0846737	-0.000784	-0.0015384	-0.000725476	0.0053456	-0.0079643	0.0024299	1.79300000000001e-05	0.00025487	0.000178001	0.03827985	0.0515759573	0.0490879179	0.0450297083	0.039531138	0.0327680892	0.0249568909	0.016347399	0.0072150046	-0.0021481754	-0.011442642	-0.020371094	-0.0286479378	-0.036008423	-0.0422171104	-0.0470754035	-0.0504279004	-0.0521673651	-0.0522381577	-0.0506380137	-0.0474181167	-0.0426814612	-0.0263223883	0.0447275108	0.0624521994	0.0383774193	-0.0006010062	0.0557148803	-0.0298461833	-0.0303380056	0.0200896782	0.0329481776	-0.205895879684053	-1.70661670056863	-2.22840312389761	0.592443852028073
-0.0358842	0.0113711	0.0644934	-0.000710948	-0.00165212	-0.000903477	-0.0053638	-0.0157249	-0.0201803	7.30519999999998e-05	-0.00011372	-0.000178001	0.05950765	0.051535186	0.0489275043	0.0446786654	0.0389311863	0.0318778528	0.0237552522	0.0148358378	0.0054187904	-0.0041800175	-0.0136386166	-0.0226397406	-0.0308814681	-0.0380873499	-0.0440156816	-0.0484676115	-0.0512938101	-0.0523994793	-0.051747532	-0.0493598362	-0.0453164815	-0.0397530928	0.0125273552	0.035206373	0.0378526674	-0.0059936881	-0.0010847447	0.0200492406	-0.0637282984	-0.0233282703	-0.0325231692	-0.0073453964	-0.439227235212474	-1.7157960607134	-2.22840312389761	0.592443852028073
-0.0359137	0.00167447	0.0708263	-0.000827431	-0.00145749	-0.000903477	-2.94999999999948e-05	-0.00969663	0.00633290000000002	-0.000116483	0.00019463	0	0.03161468	0.051493455	0.0487634462	0.0443201343	0.038319635	0.0309727759	0.0225376886	0.0133107399	0.0036161185	-0.0062055551	-0.0158091967	-0.0248573823	-0.0330322041	-0.0400464398	-0.0456536443	-0.0496568086	-0.0519152815	-0.0523497117	-0.0509448353	-0.0477500128	-0.0428774942	-0.0364984753	0.0383811951	0.0350768767	-9.84824e-05	0.0132548225	0.0097412004	-0.007569292	-0.0453670903	0.034229239	-0.0532142559	-0.0027847941	-0.73297324312821	-1.50883755925897	-2.22840312389761	0.592443852028073
-0.0526944	0.0101652	0.0508245	-0.000776011	-0.0016985	-0.000903477	-0.0167807	0.00849073	-0.0200018	5.14200000000004e-05	-0.00024101	0	0.05989473	0.051450765	0.0485957556	0.0439541752	0.0376966663	0.0300532798	0.0213050164	0.0117734969	0.0018091373	-0.0082217334	-0.0179503407	-0.0270190229	-0.0350943796	-0.0418795288	-0.0471250218	-0.0506380137	-0.052289353	-0.05201833	-0.0498349085	-0.0458193599	-0.0401193113	-0.032944319	0.0519105653	-0.0075629134	-0.012749534	-0.0086853223	0.0218704258	-0.0461904896	-0.0028023171	0.0500169926	-0.0547106441	0.0098040903	-0.786865934599928	-1.44382507474101	0.448081059024295	0.592443852028073
-0.0358556	0.0161224	0.0634554	-0.00103077	-0.0021106	-0.000903477	0.0168388	0.0059572	0.0126309	-0.000254759	-0.0004121	0	0.06876985	0.0514071169	0.0484244452	0.0435808493	0.0370624658	0.0291197926	0.020058062	0.0102255113	0	-0.0102255113	-0.020058062	-0.0291197926	-0.0370624658	-0.0435808493	-0.0484244452	-0.0514071169	-0.0524142418	-0.0514071169	-0.0484244452	-0.0435808493	-0.0370624658	-0.0291197926	0.0163356995	-0.0652921031	-0.0030205873	0.029560821	0.0441518868	-0.0641129658	0.0415975454	0.0144983546	-0.0321107839	0.0469895029	-0.24938560050709	-1.27835884382586	0.448081059024295	0.592443852028073
-0.0358717	0.00628956	0.069019	-0.000827154	-0.00194935	-0.000903477	-1.60999999999981e-05	-0.00983284	0.00556360000000002	0.000203616	0.00016125	0	0.03365584	0.0513625114	0.0482495277	0.0432002194	0.0364172225	0.0281727488	0.0187976612	0.0086681957	-0.0018091373	-0.0122138669	-0.022128436	-0.0311549584	-0.0389311863	-0.0451450484	-0.0495471731	-0.0519608967	-0.052289353	-0.0505193604	-0.0467219514	-0.0410495216	-0.033729714	-0.0250562833	-0.0560996198	-0.0318888869	0.0442208854	0.0174591853	0.0262299938	0.0220896139	0.0628796046	-0.054650888	-0.0037599462	0.0330019628	-0.036468751314088	-0.694105582477362	0.448081059024295	-1.68540061352814
-0.0358936	0.00953112	0.0634419	-0.000763815	-0.00176016	-0.000756014	-2.18999999999983e-05	0.00324156	-0.00557710000000001	6.33389999999997e-05	0.00018919	0.000147463	0.02884016	0.0513169495	0.0480710162	0.042812349	0.0357611286	0.0272125894	0.017524659	0.007102971	-0.0036161185	-0.0141838011	-0.0241576078	-0.0331199354	-0.040695531	-0.0465672044	-0.0504891087	-0.0522970337	-0.0519152815	-0.0493598362	-0.0447376941	-0.0382423846	-0.0301458661	-0.02078714	-0.0009379321	0.0471446837	0.0505257672	0.0286955545	-0.019365494	0.0374465379	-0.0568886378	-0.0154586195	-0.0278308918	0.009660268	-0.041541044578828	-0.734467323535123	0.448081059024295	-1.68540061352814
-0.0359338	0.00950695	0.0771951	-0.000993605	-0.00144241	-0.000700228	-4.02000000000041e-05	-2.41700000000004e-05	0.0137532	-0.00022979	0.00031775	5.57859999999997e-05	0.04398387	0.0512704319	0.0478889238	0.0424173034	0.0350943796	0.0262397614	0.0162399088	0.0055312652	-0.0054187904	-0.0161323429	-0.0261417992	-0.0350102966	-0.0423507695	-0.0478428428	-0.051246815	-0.0524141198	-0.0512938101	-0.0479347819	-0.0424836398	-0.0351782991	-0.0263376015	-0.016347399	0.0127420119	-0.0364516632	-0.0450400532	0.0398739002	-0.0007767616	-0.0310773558	-0.0044162717	0.0313151214	-0.0314566692	-0.0378662515	-0.729337343300317	-1.24138791097842	0.448081059024295	0.592443852028073
-0.0358948	0.0312256	0.0834623	-0.000948533	-0.00191358	-0.000676029	3.89999999999974e-05	0.02171865	0.0062672	4.50719999999998e-05	-0.00047117	2.4199e-05	0.0550469	0.0512229596	0.0477032642	0.0420151486	0.0344171741	0.0252547177	0.0149442718	0.0039545126	-0.0072150046	-0.0180565534	-0.0280773158	-0.0368217834	-0.0438924641	-0.0489679499	-0.0518175273	-0.0523116647	-0.0504279004	-0.0462518635	-0.0399733818	-0.0318778528	-0.0223332702	-0.0117734969	-0.0355039448	0.0195728949	-0.0113851679	0.0500562455	-0.0194590785	0.0314067957	0.0397910402	0.0123254789	-0.0037324344	0.0276250269	0.661566905650854	-0.720980084911086	0.448081059024295	0.592443852028073
-0.0359114	0.0277905	0.0899004	-0.00114329	-0.00178236	-0.000413355	-1.65999999999986e-05	-0.0034351	0.00643809999999999	-0.000194757	0.00013122	0.000262674	0.03932235	0.0511745333	0.0475140513	0.0416059521	0.033729714	0.0242579167	0.0136386166	0.0023741518	-0.0090026205	-0.0199535306	-0.0299605535	-0.0385503146	-0.0453164815	-0.0499389857	-0.052199163	-0.0519900974	-0.0493216787	-0.0443201343	-0.0372220587	-0.028363221	-0.0181626821	-0.007102971	0.0337846232	-0.0295814129	0.0147134608	0.0539160332	-0.0006986075	-0.0362512537	-0.0170721649	0.0094721122	0.0141558471	0.0256320753	0.912002548984001	-0.007779916624176	0.448081059024295	0.592443852028073
-0.0359068	0.00946234	0.0990796	-0.00101242	-0.00184253	-0.000566933	4.60000000000044e-06	-0.01832816	0.00917920000000001	0.00013087	-6.017e-05	-0.000153578	0.04474286	0.0511251541	0.047321299	0.0411897824	0.0330322041	0.0232498227	0.0123238185	0.0007916247	-0.0107795079	-0.0218204132	-0.031788006	-0.040191996	-0.0466190039	-0.050752895	-0.0523903296	-0.051450765	-0.0479804167	-0.042149986	-0.0342462625	-0.0246580184	-0.0138568845	-0.0023741518	-0.0574164087	-0.0156687953	0.0418256424	-0.017536065	-0.0414060451	0.0340729483	0.0488160066	-0.0545020707	0.0167254582	-0.0233770457	0.750542418640718	-0.71737595825982	0.448081059024295	0.592443852028073
-0.0359347	0.00942605	0.0834508	-0.00130759	-0.00164511	-0.000588313	-2.78999999999974e-05	-3.62899999999996e-05	-0.0156288	-0.00029517	0.00019742	-2.138e-05	0.04139149	0.0510748227	0.0471250218	0.0407667093	0.0323248521	0.0222309049	0.0110007588	-0.0007916247	-0.0125435491	-0.0236543856	-0.0335562706	-0.0417431291	-0.0477965391	-0.0514071169	-0.0523903296	-0.0506959264	-0.0464105063	-0.0397530928	-0.0310639394	-0.02078714	-0.0094479311	0.0023741518	0.0425880982	0.046873501	0.0067516247	0.0131113157	-0.0412438543	0.0223436585	-0.0531706516	0.0246167205	-0.0197555671	-0.034691822	0.465604314774009	-1.12879629542228	0.448081059024295	0.592443852028073
-0.0358687	0.0294952	0.0952432	-0.00119995	-0.00184533	-0.000645962	6.60000000000036e-05	0.02006915	0.0117924	0.00010764	-0.00020022	-5.76489999999999e-05	0.050203	0.0510235403	0.0469252343	0.0403368038	0.0316078689	0.0212016376	0.0096703246	-0.0023741518	-0.0142926419	-0.0254526818	-0.0352620549	-0.0432002194	-0.0488459301	-0.051899593	-0.052199163	-0.0497287433	-0.0446194286	-0.0371423487	-0.0276942808	-0.016776594	-0.004968644	0.007102971	-0.0040253969	-0.0519027738	-0.0609517417	0.0255511869	0.0324475288	-0.052075438	0.0409925566	0.0373220117	0.007774693	0.0185739165	1.08620252904687	-1.07976203648724	0.448081059024295	0.592443852028073
-0.029717	0.0372775	0.11011	-0.0013274	-0.00213588	-0.000261321	0.0061517	0.0077823	0.0148668	-0.00012745	-0.00029055	0.000384641	0.06893285	0.0509713076	0.0467219514	0.0399001378	0.0308814681	0.0201625	0.0083334077	-0.0039545126	-0.0160247019	-0.0272125894	-0.0369021828	-0.0445599841	-0.0497643635	-0.0522287737	-0.0518175273	-0.0485532669	-0.042615719	-0.0343317983	-0.0241576078	-0.0126533271	-0.0004523686	0.0117734969	-0.0427599595	0.0413156374	0.0210107742	0.0256605671	0.0169500202	0.0562504868	0.0196352706	-0.0109251013	0.0276558955	0.0433359774	0.885090160539793	-1.17589812077679	0.448081059024295	-1.68540061352814
-0.0358292	0.00945234	0.110119	-0.00116828	-0.00215955	-0.000478016	-0.0061122	-0.02782516	9.000000000009e-06	0.00015912	-2.36699999999999e-05	-0.000216695	0.05392061	0.0509181258	0.0465151882	0.0394567845	0.0301458661	0.0191139759	0.0069909042	-0.0055312652	-0.017737665	-0.0289314543	-0.0384736004	-0.0458193599	-0.0505493769	-0.0523936235	-0.051246815	-0.0471744208	-0.0404089261	-0.0313365607	-0.020475249	-0.0084450432	0.0040672745	0.016347399	0.0640950466	-0.002406545	0.0455144462	-0.0312125615	-0.0179869376	-0.0285154312	-0.0587189205	-0.0231413487	-0.023440827	-0.0016811191	0.033253903417481	-1.0900232281146	0.448081059024295	0.592443852028073
-0.0501462	0.00115299	0.117412	-0.000913327	-0.00218814	-0.000693212	-0.014317	-0.00829935	0.00729299999999998	0.000254953	-2.85899999999998e-05	-0.000215196	0.0548463	0.0508639957	0.0463049601	0.0390068183	0.029401282	0.0180565534	0.0056437143	-0.007102971	-0.0194294898	-0.0306066839	-0.0399733818	-0.0469755095	-0.0511988656	-0.0523936235	-0.0504891087	-0.0455979804	-0.0380095663	-0.0281727488	-0.0166694112	-0.0041800175	0.0085566393	0.02078714	-0.0289384053	-0.0196075864	-0.0305255386	-0.0047410685	-0.0231247952	-0.0059109623	0.0480581378	0.0093979468	-0.0147994916	-0.0116414109	0.461999902616557	-0.761289738967769	0.448081059024295	0.592443852028073
-0.0444445	0.0266268	0.110112	-0.0013274	-0.00177778	-0.000646863	0.0057017	0.02547381	-0.0073	-0.000414073	0.00041036	4.6349e-05	0.08201461	0.0508089184	0.0460912827	0.0385503146	0.0286479378	0.0169907249	0.004292741	-0.0086681957	-0.02109816	-0.0322357516	-0.0413987346	-0.0480258282	-0.0517110885	-0.0522287737	-0.0495471731	-0.0438305487	-0.0354290736	-0.0248573823	-0.0127630461	0.0001130935	0.0129823055	0.0250562833	0.0264765237	0.0625475461	-0.0116421138	-0.057445192	0.0232616097	0.0239033101	-0.0324639707	0.0365680942	0.0135957917	0.018297107	0.267548411218192	-0.939872465450454	0.448081059024295	0.592443852028073
-0.0358995	0.0093283	0.125398	-0.00194192	-0.00177778	-0.000476922	0.008545	-0.0172985	0.015286	-0.00061452	0	0.000169941	0.08035255	0.050752895	0.0458741721	0.0380873499	0.0278860579	0.0159169864	0.00293889	-0.0102255113	-0.0227416872	-0.0338162004	-0.0427470046	-0.0489679499	-0.0520846721	-0.051899593	-0.0484244452	-0.0418795288	-0.0326797453	-0.0214082961	-0.0087797117	0.0044054445	0.0173113266	0.0291197926	-0.0002808014	-0.0719411047	-0.0038137427	0.0298892911	-0.0019103789	-0.0721513865	0.0181290389	-0.015897207	0.0494341627	-0.0156383294	-1.93913932960653	-0.841835965638606	0.448081059024295	0.592443852028073
-0.035856	0.00937203000000001	0.128798	-0.00162617	-0.00205769	-0.000457114	4.35000000000019e-05	4.37300000000057e-05	0.00339999999999996	0.00031575	-0.00027991	1.9808e-05	0.03426063	0.0506959264	0.0456536443	0.0376180017	0.0271158693	0.0148358378	0.0015830688	-0.0117734969	-0.0243581127	-0.0353456466	-0.0440156816	-0.0497997519	-0.0523186149	-0.0514071169	-0.0471250218	-0.0397530928	-0.029774683	-0.0178440444	-0.00474343	0.0086681957	0.021511476	0.032944319	-0.061293834	0.0226840416	0.0216299891	-0.0097071065	-0.0657438418	0.069534774	0.0189920421	-0.0368875078	0.011632824	-0.0338761426	0.632600409764398	-0.770325729196547	0.448081059024295	0.592443852028073
-0.0358527	0.0164678	0.112551	-0.00103274	-0.00202454	-0.000547329	3.29999999999775e-06	0.00709577	-0.016247	0.00059343	3.315e-05	-9.0215e-05	0.05918582	0.0506380137	0.0454297158	0.0371423487	0.0263376015	0.0137477825	0.0002261864	-0.0133107399	-0.0259455102	-0.0368217834	-0.0452024033	-0.0505193604	-0.0524122897	-0.050752895	-0.0456536443	-0.0374601473	-0.0267277308	-0.0141838011	-0.0006785423	0.0128727058	0.0255514863	0.0364984753	0.0530999302	0.0302140718	-0.0465648732	-0.0748800656	0.0168134869	0.0104880343	-0.0412446116	0.0416126968	-0.0166355283	-0.0001271977	-0.16695396632107	-0.974870328140671	0.448081059024295	0.592443852028073
-0.0358405	0.0164435	0.116469	-0.00128779	-0.00218294	-0.000681487	1.22000000000039e-05	-2.43000000000014e-05	0.003918	-0.00025505	-0.0001584	-0.000134158	0.0313349	0.050579158	0.0452024033	0.0366604707	0.0255514863	0.0126533271	-0.0011308477	-0.0148358378	-0.0275019879	-0.0382423846	-0.0463049601	-0.0511251541	-0.0523654453	-0.0499389857	-0.0440156816	-0.0350102966	-0.0235534089	-0.0104472564	0.0033904374	0.0169907249	0.029401282	0.0397530928	-0.0109168586	-0.0099700948	-0.0046367417	0.0177274342	0.0222665717	-0.007852063	0.0240887934	2.1664e-06	-0.0083680603	0.0638200825	0.357767995893096	-1.15964189368599	0.448081059024295	0.592443852028073
-0.0358092	0.00949093	0.122241	-0.00101541	-0.00234339	-0.000817541	3.1299999999998e-05	-0.00695257	0.005772	0.00027238	-0.00016045	-0.000136054	0.04120007	0.0505193604	0.0449717237	0.0361724484	0.024757758	0.0115529809	-0.0024871236	-0.016347399	-0.029025691	-0.0396053074	-0.047321299	-0.0516157682	-0.0521782074	-0.0489679499	-0.0422171104	-0.0324138022	-0.0202668442	-0.0066545109	0.0074389706	0.0209945843	0.0330322041	0.0426814612	0.0251277194	-0.017557907	0.0186837802	0.0405124265	0.0016661621	-0.0306135332	-0.025132348	-0.0157072491	0.0042121057	0.0298951805	0.108759793619907	-1.27306186642722	0.448081059024295	0.592443852028073
-0.0358177	0.00944559	0.142307	-0.00128779	-0.00229099	-0.000903477	-8.49999999999462e-06	-4.53399999999996e-05	0.020066	-0.00027238	5.23999999999998e-05	-8.59360000000002e-05	0.04065564	0.050458622	0.0447376941	0.0356783636	0.0239566531	0.0104472564	-0.0038417323	-0.0178440444	-0.0305148036	-0.0409084964	-0.0482495277	-0.0519900974	-0.0518510778	-0.0478428428	-0.0402644936	-0.0296815396	-0.0168836987	-0.0028259676	0.011442642	0.0248573823	0.0364172225	0.0452595478	-0.0494709835	-0.0133683679	0.0102997697	-0.0125695833	-0.0560598426	0.0224788072	0.0443448367	-0.0363674976	0.02014199	-0.0552686674	-0.788519963405994	-1.14699627473177	0.448081059024295	0.592443852028073
-0.0417699	0.00944842	0.136945	-0.00128779	-0.0022941	-0.000814592	-0.0059522	2.83000000000054e-06	-0.00536199999999998	0	-3.10999999999975e-06	8.8885e-05	0.01591678	0.0503969439	0.0445003321	0.0351782991	0.0231484102	0.0093366682	-0.0051937656	-0.0193244083	-0.0319675512	-0.042149986	-0.0490879179	-0.0522472985	-0.0513849338	-0.0465672044	-0.038164956	-0.0268249532	-0.0134200948	0.0010177779	0.015377307	0.028553165	0.039531138	0.0474661945	0.055573879	0.046246872	-0.0285175532	-0.0459242961	-0.0172643165	0.0089218088	-0.0489961087	0.0452236168	0.0149856918	-0.0565018744	0.413102020044084	-0.650230394162323	0.448081059024295	0.592443852028073
-0.0421522	0.00950385	0.124449	-0.000991952	-0.00228907	-0.000903478	-0.000382300000000002	5.54299999999987e-05	-0.012496	0.000295838	5.03000000000005e-06	-8.8886e-05	0.03242143	0.0503343274	0.0442596553	0.0346723388	0.0223332702	0.0082217334	-0.0065423171	-0.02078714	-0.0333822024	-0.0433279037	-0.0498349085	-0.0523867919	-0.0507810249	-0.0451450484	-0.0359261587	-0.0238560081	-0.009892538	0.0048560483	0.0192192368	0.0320571007	0.0423507695	0.0492832916	-0.0235393946	-0.0649709488	-0.0690508485	-0.0041656468	0.0421144689	-0.056339627	0.0693942866	0.0236114053	0.036343405	-0.0047973838	0.916040997069287	-0.355245975078355	0.448081059024295	0.592443852028073
-0.0469302	0.00944022	0.129502	-0.00140873	-0.00214486	-0.000903477	-0.004778	-6.36300000000003e-05	0.005053	-0.000416778	0.00014421	1.00000000001575e-09	0.03794408	0.0502707735	0.0440156816	0.0341605674	0.021511476	0.007102971	-0.0078864829	-0.0222309049	-0.0347570714	-0.044440473	-0.0504891087	-0.0524082634	-0.0500409704	-0.0435808493	-0.0335562706	-0.02078714	-0.0063178387	0.0086681957	0.0229452624	0.0353456466	0.0448551266	0.0506959264	-0.0352523827	0.0568363185	0.0293176012	0.0479471099	0.0258257392	0.054659078	0.0026810467	-0.0108563713	0.0043127656	0.058649146	1.0150870079523	-0.795809900615696	0.448081059024295	0.592443852028073
-0.0526516	0.00953714	0.126879	-0.000857918	-0.00186498	-0.000903477	-0.00572139999999999	9.69200000000003e-05	-0.00262300000000001	0.000550812	0.00027988	0	0.04997592	0.0502062834	0.0437684292	0.0336430707	0.0206832724	0.0059809018	-0.0092253617	-0.0236543856	-0.0360905197	-0.0454860159	-0.0510493004	-0.0523116647	-0.0491667543	-0.0418795288	-0.0310639394	-0.017631203	-0.0027130321	0.0124337127	0.0265329132	0.0383967071	0.0470255659	0.0516925056	0.0488576476	-0.0417292594	0.0526401793	0.0185841706	-0.0030937776	-0.0546426535	-0.0472562402	-0.0341807682	-0.0242268554	0.0285599186	-0.160461332157354	-0.904070995923528	0.448081059024295	0.592443852028073
-0.0604014	0.00956601	0.123723	-0.000499316	-0.00129841	-0.000903477	-0.00774980000000001	2.88700000000003e-05	-0.00315599999999994	0.000358602	0.00056657	0	0.05719327	0.0501408583	0.0435179165	0.0331199354	0.0198489062	0.0048560483	-0.0105580562	-0.0250562833	-0.0373809583	-0.0464629554	-0.0515144404	-0.0520972133	-0.0481607204	-0.0400464398	-0.0284582593	-0.0144014162	0.0009047034	0.0161323429	0.0299605535	0.0411897824	0.0488459301	0.0522648503	-0.0440719835	-0.0013627369	0.0239784228	-0.0058375927	-0.0432518213	0.029645669	0.0242403116	-0.0365370245	-0.0401288264	-0.0354453807	0.31480615660391	-0.844887407890461	0.448081059024295	0.592443852028073
-0.0604549	0.0160023	0.135709	-0.00110142	-0.00108019	-0.000903477	-5.3499999999998e-05	0.00643629	0.0119859999999999	-0.000602104	0.00021822	0	0.05949199	0.0500744995	0.0432641622	0.0325912492	0.019008626	0.0037289341	-0.0118836729	-0.0264353189	-0.0386268493	-0.0473698181	-0.0518836628	-0.0517653924	-0.0470255659	-0.0380873499	-0.025748738	-0.0111113077	0.0045181276	0.0197441895	0.0332075124	0.043706106	0.0503026675	0.0524082634	0.0508756844	0.0067708131	-0.038653181	-0.0655358528	0.0022092304	-0.0084085811	-0.0186955476	0.0524585334	0.0028316137	-0.0457128272	0.371784022373469	-0.784331031384168	0.448081059024295	-1.68540061352814
-0.0667444	0.0355457	0.144049	-0.000796192	-0.00131211	-0.00106909	-0.0062895	0.0195434	0.00834000000000001	0.000305228	-0.00023192	-0.000165613	0.06931095	0.0500072082	0.0430071852	0.0320571007	0.0181626821	0.0026000839	-0.013201323	-0.027790234	-0.039826708	-0.0482052363	-0.05215628	-0.0513169495	-0.0457643343	-0.036008423	-0.0229452624	-0.0077746586	0.0081100208	0.0232498227	0.0362542087	0.0459287708	0.0513849338	0.052121568	-0.0333544623	-0.0196897944	-0.0195877023	0.0206645488	-0.0237257284	-0.007127691	0.0650769788	0.0090804027	0.0499994823	-0.0069424699	0.408297989383388	-0.884820150397582	0.448081059024295	-1.68540061352814
-0.0604363	0.0351555	0.139365	-0.00040216	-0.00131211	-0.00102309	0.00630809999999999	-0.0003902	-0.00468399999999999	0.000394032	0	4.6e-05	0.0333839	0.0499389857	0.0427470046	0.0315175794	0.0173113266	0.0014700233	-0.0145101234	-0.0291197926	-0.0409791044	-0.0489679499	-0.0523317845	-0.050752895	-0.0443804069	-0.0338162004	-0.020058062	-0.0044054445	0.011663266	0.026630384	0.0390822688	0.0478428428	0.0520846721	0.0514071169	0.0360225325	0.0359084478	0.0355566698	-0.0225985146	0.0059698613	0.0074305148	-0.0452363763	0.0137094141	0.0601806902	0.0067625251	0.016669162175019	-0.688069654352658	0.448081059024295	0.592443852028073
-0.0604277	0.0183947	0.127681	-0.000293463	-0.00131211	-0.000903477	8.60000000001138e-06	-0.0167608	-0.011684	0.000108697	0	0.000119613	0.0398689	0.0498698332	0.0424836398	0.0309727759	0.0164548132	0.0003392783	-0.0158091967	-0.0304227813	-0.0420826652	-0.0496568086	-0.0524098495	-0.0500744995	-0.0428774942	-0.0315175794	-0.0170976719	-0.0010177779	0.0151609305	0.0298676878	0.0416746376	0.0494354616	0.0523966733	0.0502707735	-0.0250343311	-0.0600306156	-0.0007289341	-0.0414303674	0.0412185308	-0.0394014431	0.0156869101	-0.0400582526	-0.0058253364	-0.0236886454	-0.548167783477355	-0.589423574441306	0.448081059024295	0.592443852028073
-0.0603807	0.0351627	0.127699	-0.00040216	-0.00164326	-0.000903477	4.69999999999915e-05	0.016768	1.8000000000018e-05	-0.000108697	-0.00033115	0	0.03882535	0.0497997519	0.0422171104	0.0304227813	0.015593397	-0.0007916247	-0.0170976719	-0.0316980113	-0.0431360754	-0.0502707735	-0.0523903296	-0.0492832916	-0.0412596253	-0.0291197926	-0.0140748942	0.0023741518	0.0185863463	0.032944319	0.0440156816	0.0506959264	0.0523186149	0.0487218636	-0.030502778	0.0691935468	-0.0115004957	0.0204178274	0.0513972217	0.0726027694	-0.0068559819	0.0210406881	-0.019977189	0.0058269371	0.493979645083083	-1.25607748459641	0.448081059024295	0.592443852028073
-0.0462547	0.0427327	0.136425	-0.000924381	-0.00154063	-0.000903477	0.014126	0.00757	0.00872599999999998	-0.000522221	0.00010263	0	0.06166455	0.0497287433	0.0419474363	0.0298676878	0.0147273348	-0.0019221591	-0.0183746853	-0.032944319	-0.0441380794	-0.0508089184	-0.0522732612	-0.0483810535	-0.039531138	-0.026630384	-0.0110007588	0.0057561371	0.0219231897	0.0358437271	0.0460912827	0.0516157682	0.0518510778	0.046773099	0.0699557928	-0.0084550622	0.0013209688	0.0383743032	0.0389806536	-0.0412976851	-0.0396505358	0.041770835	-0.0165174113	0.0325425291	0.062451000184514	-1.25398224263424	0.448081059024295	0.592443852028073
-0.0508988	0.0289268	0.127742	-0.000870946	-0.0015744	-0.000837412	-0.00464410000000001	-0.0138059	-0.00868299999999999	5.3435e-05	-3.377e-05	6.6065e-05	0.0347965	0.0496568086	0.0416746376	0.0293075885	0.0138568845	-0.0030517987	-0.0196393809	-0.0341605674	-0.0450874833	-0.0512704319	-0.0520588623	-0.0473698181	-0.0376966663	-0.0240571864	-0.0078864829	0.0091140124	0.025155559	0.0385503146	0.0478889238	0.0521888067	0.0509975427	0.044440473	-0.0231277956	-0.0146998684	0.0511756171	-0.0051737148	0.0261362083	-0.0006622085	0.0359689538	-0.0370193181	-0.023865572	0.0602198462	-0.083835468735741	-0.925250224101678	0.448081059024295	0.592443852028073
-0.0529855	0.0125837	0.145891	-0.00122371	-0.00119525	-0.000903477	-0.0020867	-0.0163431	0.018149	-0.000352764	0.00037915	-6.6065e-05	0.07647775	0.0495839492	0.0413987346	0.0287425773	0.0129823055	-0.0041800175	-0.0208909108	-0.0353456466	-0.0459831556	-0.0516546178	-0.051747532	-0.0462518635	-0.0357611286	-0.0214082961	-0.00474343	0.0124337127	0.0282680507	0.0410495216	0.0493977639	0.0524111916	0.0497643635	0.0417431291	0.0578056575	0.0200230101	0.0271899528	-0.0315548319	-0.0129575392	-0.0078189992	-0.0587415599	0.0020776389	-0.0200475294	-0.0207948794	0.144493977732453	-0.155891043618004	0.448081059024295	0.592443852028073
-0.0581908	0.0126705	0.147984	-0.000611535	-0.00136449	-0.000903477	-0.0052053	8.67999999999997e-05	0.00209299999999998	0.000612175	-0.00016924	0	0.04645585	0.0495101664	0.0411197477	0.0281727488	0.0121038584	-0.0053062903	-0.022128436	-0.0364984753	-0.0468240289	-0.0519608967	-0.05133985	-0.0450297083	-0.033729714	-0.0186920473	-0.0015830688	0.0157013334	0.0312458323	0.0433279037	0.0506087036	0.0522814288	0.0481607204	0.0387032042	-0.0355164773	-0.0356044625	-0.0450576909	-0.0549675593	-0.0069646591	-0.016034868	0.0461279568	0.0093780892	0.0091706737	-0.0482151008	0.83581936516446	-1.12991062119052	0.448081059024295	0.592443852028073
-0.0581908	0.0301772	0.143899	-0.000892092	-0.00136449	-0.000903478	0	0.0175067	-0.00408499999999995	-0.000280557	0	-1.00000000001575e-09	0.0356196	0.0494354616	0.0408376979	0.0275981986	0.0112218049	-0.0064300929	-0.023351127	-0.0376180017	-0.047609101	-0.0521888067	-0.0508365754	-0.043706106	-0.0316078689	-0.0159169864	0.0015830688	0.0189031876	0.0340747132	0.0453732043	0.0515144404	0.0518003901	0.0461985516	0.0353456466	-0.0279978444	0.0546458702	-0.0161750755	0.0704905854	-0.0154505242	0.056325334	-0.0041245025	0.0214173412	0.0207391851	0.002463807	0.753544243222687	-1.12576258290809	0.448081059024295	0.592443852028073
-0.0581908	0.040065	0.160532	-0.00132107	-0.00136449	-0.000903478	0	0.0098878	0.0166329999999999	-0.000428978	0	0	0.0479697	0.0493598362	0.0405526062	0.0270190229	0.0103364079	-0.0075509019	-0.024558164	-0.0387032042	-0.0483374366	-0.0523380039	-0.0502386454	-0.0422840384	-0.029401282	-0.0130918447	0.00474343	0.0220258641	0.0367412126	0.0471744208	0.052109512	0.0509713076	0.0438924641	0.0316980113	0.0640386464	0.0080409588	0.0258976343	-0.0049270022	-0.0237975181	-0.0312822051	-0.0472381916	0.0104235179	0.0297253433	0.017758841	0.078660050300253	-1.13840950924139	0.448081059024295	0.592443852028073
-0.058106	0.0126624	0.141835	-0.00072168	-0.00180356	-0.000798168	8.48000000000029e-05	-0.0274026	-0.018697	0.00059939	-0.00043907	0.00010531	0.1033729	0.0492832916	0.0402644936	0.0264353189	0.0094479311	-0.0086681957	-0.025748738	-0.0397530928	-0.0490081675	-0.0524082634	-0.0495471731	-0.0407667093	-0.0271158693	-0.0102255113	0.0078864829	0.0250562833	0.0392326234	0.0487218636	0.0523903296	0.0497997519	0.0412596253	0.027790234	0.0068497553	-0.072556085	0.0004928115	0.0191927696	-0.0037019386	-0.0674030457	0.0184659344	-0.0285183728	-0.0064213501	-0.0324036024	0.553118120709613	-1.14643215787883	0.448081059024295	0.592443852028073
-0.0513966	0.0125778	0.135495	-0.00123563	-0.00189037	-0.00081344	0.0067094	-8.46000000000006e-05	-0.00633999999999999	-0.00051395	-8.68099999999999e-05	-1.5272e-05	0.0439356	0.0492058292	0.0399733818	0.0258471843	0.0085566393	-0.0097814541	-0.0269220508	-0.0407667093	-0.0496204944	-0.0523994793	-0.0487634462	-0.0391575372	-0.024757758	-0.0073270047	0.0110007588	0.027981752	0.0415370728	0.0500072082	0.0523552	0.0482935946	0.038319635	0.0236543856	-0.0515472128	0.0024633902	-0.0152290719	0.0214596277	-0.0573397427	0.0307751382	0.048328943	-0.0091620094	-0.0363943151	-0.0158554186	0.124722190317197	-1.15130769047266	0.448081059024295	0.592443852028073
-0.0466129	0.0311928	0.126125	-0.0010885	-0.00189037	-0.000748287	0.0047837	0.018615	-0.00937000000000002	0.00014713	0	6.51530000000001e-05	0.04338285	0.0491274505	0.0396792925	0.0252547177	0.0076627981	-0.0108901587	-0.0280773158	-0.0417431291	-0.0501736876	-0.0523116647	-0.0478889238	-0.0374601473	-0.0223332702	-0.0044054445	0.0140748942	0.0307900166	0.0436435792	0.0510235403	0.0520043348	0.0464629554	0.0350943796	0.0193244083	-0.0065023468	0.0724347473	-0.0156976932	0.0077294427	0.0311126895	0.0551807363	-0.0281931952	0.035463715	0.007337108	0.0344204905	-2.74389565407031	-0.302517672361473	0.448081059024295	0.592443852028073
-0.0525506	0.0265772	0.137189	-0.00131321	-0.00179034	-0.000903478	-0.0059377	-0.0046156	0.011064	-0.00022471	0.00010003	-0.000155191	0.04561385	0.0490481569	0.0393822474	0.0246580184	0.0067666737	-0.0119937935	-0.0292137585	-0.0426814612	-0.050667088	-0.0521449521	-0.0469252343	-0.0356783636	-0.0198489062	-0.0014700233	0.0170976719	0.0334693144	0.0455421041	0.0517653924	0.05133985	0.0443201343	0.0316078689	0.0148358378	0.0674038157	-0.0052889187	0.0199977552	0.0255751315	0.004173833	-0.0427889097	-0.0472233023	0.0146609384	0.0143391675	0.0267967405	-0.035977914098402	-0.364193944100861	0.448081059024295	0.592443852028073
-0.0580604	0.0125522	0.159637	-0.00131321	-0.00207554	-0.000903478	-0.00550980000000001	-0.014025	0.022448	0	-0.0002852	0	0.0562428	0.0489679499	0.0390822688	0.0240571864	0.0058685331	-0.0130918447	-0.0303306173	-0.0435808493	-0.0511001074	-0.051899593	-0.0458741721	-0.0338162004	-0.0173113266	0.0014700233	0.020058062	0.036008423	0.0472236001	0.0522287737	0.0503657529	0.0418795288	0.0278860579	0.0102255113	-0.0168015668	-0.0708338163	0.0045102716	-0.0177075843	0.0062602232	-0.0488723179	0.0256680569	-0.0471656444	0.0161121444	-0.0433257325	0.232180657152827	-0.229895539210594	0.448081059024295	0.592443852028073
-0.0580996	0.0125236	0.159622	-0.00145126	-0.00189037	-0.000903478	-3.91999999999962e-05	-2.86000000000002e-05	-1.49999999999872e-05	-0.00013805	0.00018517	0	0.0162438	0.048886831	0.0387793789	0.0234523225	0.004968644	-0.0141838011	-0.0314271432	-0.044440473	-0.0514722298	-0.0515759573	-0.0447376941	-0.0318778528	-0.0147273348	0.0044054445	0.0229452624	0.0383967071	0.0486800542	0.0524111916	0.0490879179	0.0391575372	0.0239566531	0.0055312652	-0.0568009103	0.0051023224	-0.0188260024	0.0153480982	-0.0560762374	0.0421080388	0.0465378843	-0.0079974244	-0.0034437659	-0.0358405642	0.305613917753922	-0.099981683918716	0.448081059024295	0.592443852028073
-0.0443604	0.0356024	0.150206	-0.00178044	-0.00157799	-0.000484249	0.0137392	0.0230788	-0.00941600000000001	-0.00032918	0.00031238	0.000419229	0.09927345	0.0488048017	0.0384736004	0.022843528	0.0040672745	-0.0152691543	-0.0325026013	-0.0452595478	-0.0517830118	-0.0511745333	-0.0435179165	-0.0298676878	-0.0121038584	0.0073270047	0.025748738	0.0406241631	0.0499045256	0.0523116647	0.0475140513	0.0361724484	0.0198489062	0.0007916247	-0.0142617603	0.072532526	-0.0304727243	-0.0230394974	0.0094561798	0.0563403528	-0.0217569851	0.0402048899	0.0172942199	0.0097536055	0.10114872975026	-1.02058833092219	0.448081059024295	0.592443852028073
-0.0480921	0.0175234	0.159602	-0.00178044	-0.00153229	-0.000589567	-0.0037317	-0.018079	0.00939599999999999	0	4.57000000000001e-05	-0.000105318	0.0387576	0.0487218636	0.038164956	0.0222309049	0.0031646932	-0.016347399	-0.0335562706	-0.0460373263	-0.052032083	-0.0506959264	-0.0422171104	-0.027790234	-0.0094479311	0.0102255113	0.0284582593	0.0426814612	0.0508911792	0.0519307284	0.0456536443	0.032944319	0.015593397	-0.0039545126	0.0678832794	-0.0010711041	0.0175001146	0.0113967706	-0.0417960136	-0.033050003	-0.0480250176	0.0115318542	0.0419156899	0.0199635446	-3.07680738477128	-0.968085274795637	0.448081059024295	0.592443852028073
-0.0457943	0.00978917	0.159604	-0.00132627	-0.00177918	-0.000567544	0.0022978	-0.00773423	2.000000000002e-06	0.00045417	-0.00024689	2.20229999999999e-05	0.04618818	0.0486380181	0.0378534688	0.0216145559	0.0022611689	-0.0174180334	-0.0345874448	-0.046773099	-0.0522191466	-0.0501408583	-0.0408376979	-0.0256501718	-0.0067666737	0.0130918447	0.0310639394	0.0445599841	0.0516353132	0.0512704319	0.0435179165	0.0294948387	0.0112218049	-0.0086681957	-0.0314138832	-0.0569264885	-0.0166061359	-0.0615573214	0.0068197144	-0.0411988371	0.0208686266	-0.0377584104	0.006554567	-0.0346950762	-2.14504585028946	0.023666303272048	-2.22840312389761	0.592443852028073
-0.0470239	0.0307588	0.137162	-0.00132297	-0.00202295	-0.000567855	-0.0012296	0.02096963	-0.022442	3.30000000000013e-06	-0.00024377	-3.11000000000018e-07	0.05701028	0.0485532669	0.0375391619	0.0209945843	0.0013569709	-0.0184805588	-0.0355954325	-0.0474661945	-0.0523439796	-0.0495101664	-0.0393822474	-0.0234523225	-0.0040672745	0.0159169864	0.0335562706	0.0462518635	0.0521333814	0.0503343274	0.0411197477	0.0258471843	0.0067666737	-0.0133107399	-0.0414385518	0.0308928726	-0.0218373351	0.0740442201	-0.0701310012	0.0643928643	0.0278599329	0.0074982182	-0.0185686579	-0.0113409687	0.600881521038284	-0.00030209762865	0.448081059024295	0.592443852028073
-0.0430364	0.0239429	0.135485	-0.00132297	-0.00170378	-0.000632845	0.0039875	-0.0068159	-0.00167699999999998	0	0.00031917	-6.499e-05	0.0316884	0.0484676115	0.0372220587	0.020371094	0.0004523686	-0.0195344808	-0.0365795581	-0.0481159803	-0.0524064334	-0.0488048017	-0.0378534688	-0.0212016376	-0.0013569709	0.0186920473	0.0359261587	0.0477500128	0.0523830103	0.0491274505	0.0384736004	0.0220258641	0.0022611689	-0.0178440444	0.0351724291	0.0578314047	-0.0235585025	-0.0100725966	0.0182282685	0.0176337051	-0.0414881556	0.0366871346	0.0153444923	0.0368568096	0.666217819796467	0.007290884541681	0.448081059024295	0.592443852028073
-0.0513472	0.0330596	0.142679	-0.00106563	-0.0017646	-0.000466404	-0.00831079999999999	0.0091167	0.00719400000000001	0.00025734	-6.08200000000001e-05	0.000166441	0.04885155	0.0483810535	0.0369021828	0.0197441895	-0.0004523686	-0.0205793086	-0.0375391619	-0.0487218636	-0.0524064334	-0.0480258282	-0.0362542087	-0.0189031876	0.0013569709	0.0214082961	0.038164956	0.0490481569	0.0523830103	0.0476562936	0.0355954325	0.0180565534	-0.0022611689	-0.0222309049	0.0398111912	-0.0522965853	0.0106760198	0.022036318	0.0145417754	-0.068595149	-0.0147971479	-0.0138122254	0.0203160989	0.0282873839	-0.162641698984015	0.027039540487178	0.448081059024295	0.592443852028073
-0.058068	0.0100057	0.157145	-0.00141945	-0.00203754	-0.000903478	-0.0067208	-0.0230539	0.014466	-0.00035382	-0.00027294	-0.000437074	0.0974324	0.0482935946	0.0365795581	0.0191139759	-0.0013569709	-0.0216145559	-0.0384736004	-0.0492832916	-0.0523439796	-0.0471744208	-0.0345874448	-0.0165621507	0.0040672745	0.0240571864	0.0402644936	0.0501408583	0.0521333814	0.0459287708	0.0325026013	0.0139659219	-0.0067666737	-0.0264353189	-0.0480758059	-0.0513443689	0.0202019437	-0.0432301007	-0.0037458984	-0.0141728746	0.0423932906	-0.0657611686	-0.0023342983	-0.0238481783	-2.67024290588409	0.106041704536855	0.448081059024295	0.592443852028073
-0.0580424	0.0111679	0.150155	-0.00195469	-0.00220783	-0.000788267	2.55999999999937e-05	0.0011622	-0.00699000000000002	-0.00053524	-0.00017029	0.000115211	0.04921485	0.0482052363	0.0362542087	0.0184805588	-0.0022611689	-0.0226397406	-0.0393822474	-0.0497997519	-0.0522191466	-0.0462518635	-0.0328562806	-0.0141838011	0.0067666737	0.026630384	0.0422171104	0.0510235403	0.0516353132	0.0439541752	0.0292137585	0.0097814541	-0.0112218049	-0.0304227813	-0.0601109182	0.0288189377	-0.0202839888	0.0147641788	-0.0544651694	0.0691085484	0.008539409	-0.0213977837	-0.00222483	-0.0385757747	-1.33046969448544	0.130884861850789	0.448081059024295	0.592443852028073
-0.05323	0.0222961	0.142679	-0.00167083	-0.00203754	-0.000726356	0.00481240000000001	0.0111282	-0.00747599999999998	0.00028386	0.00017029	6.19109999999999e-05	0.04921965	0.0481159803	0.0359261587	0.0178440444	-0.0031646932	-0.0236543856	-0.0402644936	-0.0502707735	-0.052032083	-0.0452595478	-0.0310639394	-0.0117734969	0.0094479311	0.0291197926	0.0440156816	0.0516925056	0.0508911792	0.0417431291	0.025748738	0.0055312652	-0.015593397	-0.0341605674	0.0117127639	0.0822915065	-0.0367459364	-0.0520327678	0.0367755846	0.0570279052	-0.0399098315	0.0645048203	0.0260031945	-0.0044180333	-2.34793264163664	0.068309553586942	0.448081059024295	0.592443852028073
-0.0581167	0.0170816	0.14265	-0.00195469	-0.00182492	-0.000726633	-0.0048867	-0.0052145	-2.89999999999457e-05	-0.00028386	0.00021262	-2.76999999999808e-07	0.03496805	0.0480258282	0.0355954325	0.0172045393	-0.0040672745	-0.0246580184	-0.0411197477	-0.0506959264	-0.0517830118	-0.0441989703	-0.0292137585	-0.0093366682	0.0121038584	0.0315175794	0.0456536443	0.0521449521	0.0499045256	0.0393075269	0.022128436	0.0012439122	-0.0198489062	-0.0376180017	0.0551195228	-0.0376022145	0.0121294819	0.0280935416	0.0099190001	-0.0611963444	-0.0171224945	0.0115560229	0.0424109714	0.0142901602	0.442395432038346	0.13875362013916	0.448081059024295	-1.68540061352814
-0.0581153	0.0165907	0.142677	-0.000974091	-0.00178666	-0.000903478	1.39999999999169e-06	-0.000490899999999996	2.69999999999437e-05	0.000980599	3.826e-05	-0.000176845	0.0603045	0.0479347819	0.0352620549	0.0165621507	-0.004968644	-0.0256501718	-0.0419474363	-0.0510748227	-0.0514722298	-0.0430717306	-0.0273091829	-0.006878805	0.0147273348	0.0338162004	0.0471250218	0.0523789848	0.0486800542	0.0366604707	0.0183746853	-0.0030517987	-0.0239566531	-0.0407667093	-0.0504797896	-0.0308762064	0.0510531682	-0.0655238596	0.0200205909	0.0045568311	0.0467489882	-0.0636763857	-0.0048574092	0.0159438093	0.490126727291273	0.174368480395784	0.448081059024295	0.592443852028073
-0.0581794	0.0138184	0.129065	-0.0010568	-0.00150353	-0.000785016	-6.40999999999975e-05	-0.0027723	-0.013612	-8.27089999999998e-05	0.00028313	0.000118462	0.04066345	0.0478428428	0.0349260507	0.0159169864	-0.0058685331	-0.026630384	-0.0427470046	-0.0514071169	-0.0511001074	-0.0418795288	-0.0253537587	-0.0044054445	0.0173113266	0.036008423	0.0484244452	0.0523936235	0.0472236001	0.0338162004	0.0145101234	-0.0073270047	-0.0278860579	-0.0435808493	-0.0238848602	0.0448842157	0.0178108428	0.0467237973	-0.0213276361	0.0518637547	-0.0350149666	-0.0059263139	0.0068443272	-0.0184188063	0.900084774425024	0.174840222604881	0.448081059024295	0.592443852028073
-0.0581368	0.01361	0.136487	-0.00196927	-0.00164065	-0.000903478	4.25999999999968e-05	-0.000208400000000001	0.00742199999999998	-0.00091247	-0.00013712	-0.000118462	0.0660756	0.0477500128	0.0345874448	0.0152691543	-0.0067666737	-0.0275981986	-0.0435179165	-0.0516925056	-0.050667088	-0.0406241631	-0.023351127	-0.0019221591	0.0198489062	0.0380873499	0.0495471731	0.0521888067	0.0455421041	0.0307900166	0.0105580562	-0.0115529809	-0.0316078689	-0.0460373263	0.0558751693	-0.0107747216	-0.0397307248	0.0108822631	-0.0588315019	-0.0285447278	-0.0317373783	0.0370672557	-0.0064531628	-0.068772577	-0.659612527650188	0.160826634359443	0.448081059024295	0.592443852028073
-0.0581733	0.0135802	0.119209	-0.0017994	-0.00151239	-0.000903478	-3.65000000000018e-05	-2.97999999999965e-05	-0.017278	0.00016987	0.00012826	0	0.0322508	0.0476562936	0.0342462625	0.0146187631	-0.0076627981	-0.028553165	-0.0442596553	-0.0519307284	-0.0501736876	-0.0393075269	-0.0213050164	0.0005654567	0.0223332702	0.0400464398	0.0504891087	0.0517653924	0.0436435792	0.0275981986	0.0065423171	-0.0157013334	-0.0350943796	-0.0481159803	-0.0527797346	-0.0404948024	-0.0460848697	-0.0249417586	0.0525737586	-0.010356543	0.0737583318	0.0065381613	0.006761938	-0.0038090891	-0.123584948234721	0.155216733605421	0.448081059024295	0.592443852028073
-0.0524142	0.0134982	0.135037	-0.00233108	-0.00171806	-0.000557567	0.00575910000000001	-8.20000000000022e-05	0.015828	-0.00053168	-0.00020567	0.000345911	0.07583215	0.0475616869	0.0339025293	0.0139659219	-0.0085566393	-0.0294948387	-0.0449717237	-0.052121568	-0.0496204944	-0.0379316059	-0.0192192368	0.0030517987	0.024757758	0.0418795288	0.051246815	0.0511251541	0.0415370728	0.0242579167	0.0024871236	-0.0197441895	-0.038319635	-0.0497997519	-0.0390409299	0.0508312273	0.0205573738	0.0325355418	0.027986391	0.0677944631	0.0012767898	-0.008118169	0.001331252	0.0533568096	-0.201342206873623	-0.062694816101536	0.448081059024295	0.592443852028073
-0.0464145	-2.39734e-05	0.131487	-0.00223035	-0.00169145	-0.000787184	0.0059997	-0.0135221734	-0.00355	0.00010073	2.661e-05	-0.000229617	0.0409197234	0.0474661945	0.0335562706	0.0133107399	-0.0094479311	-0.0304227813	-0.0456536443	-0.0522648503	-0.0490081675	-0.0364984753	-0.0170976719	0.0055312652	0.0271158693	0.0435808493	0.0518175273	0.0502707735	0.0392326234	0.02078714	-0.0015830688	-0.0236543856	-0.0412596253	-0.0510748227	0.0464611406	0.0077277725	0.0465918778	-0.0358119594	-0.0258715912	-0.0039661857	-0.0711510093	-0.0402876508	-0.0258165672	0.0230480395	-2.18603230131249	-0.608782457701411	0.448081059024295	0.592443852028073
-0.0581109	0.013523	0.139547	-0.00214112	-0.00179475	-0.000903478	-0.0116964	0.0135469734	0.00806000000000001	8.923e-05	-0.0001033	-0.000116294	0.0487445734	0.0473698181	0.0332075124	0.0126533271	-0.0103364079	-0.0313365607	-0.0463049601	-0.0523604445	-0.0483374366	-0.0350102966	-0.0149442718	0.0079982704	0.029401282	0.0451450484	0.052199163	0.0492058292	0.0367412126	0.0172045393	-0.0056437143	-0.0274056492	-0.0438924641	-0.0519307284	-0.0227188933	-0.0511761237	-0.0287932704	-0.0053922274	-0.0035739159	-0.0343464165	0.0117645655	-0.0277286798	-0.0312012078	-0.0349942891	0.740534587385797	-0.601726215296912	0.448081059024295	0.592443852028073
-0.0581455	0.0136499	0.126016	-0.00144964	-0.0015848	-0.000903478	-3.45999999999957e-05	0.000126900000000001	-0.013531	0.00069148	0.00020995	0	0.058764	0.0472725596	0.0328562806	0.0119937935	-0.0112218049	-0.0322357516	-0.0469252343	-0.0524082634	-0.047609101	-0.0334693144	-0.0127630461	0.0104472564	0.0316078689	0.0465672044	0.0523903296	0.0479347819	0.0340747132	0.0135293872	-0.0096703246	-0.0309727759	-0.0461985516	-0.0523604445	-0.0645582437	0.0279452244	-0.0321772001	-0.0054428862	0.0228366337	0.0614306134	0.0437299308	-0.0033481432	-0.0341351907	-0.0189605525	0.412104910480143	-1.06155517883624	0.448081059024295	0.592443852028073
-0.0500881	0.0136155	0.122402	-0.00144871	-0.00157013	-0.000903478	0.00805740000000001	-3.43999999999987e-05	-0.00361400000000002	9.30000000000115e-07	1.46699999999998e-05	0	0.0124858	0.0471744208	0.0325026013	0.0113322499	-0.0121038584	-0.0331199354	-0.0475140513	-0.0524082634	-0.0468240289	-0.0318778528	-0.0105580562	0.0128727058	0.033729714	0.0478428428	0.0523903296	0.0464629554	0.0312458323	0.0097814541	-0.0136386166	-0.0343317983	-0.0481607204	-0.0523604445	0.0027646409	0.0783176526	-0.0314423526	-0.0182780333	0.0484925424	0.0590296736	-0.0287721229	0.0498309532	-0.0083316198	0.0165791664	-0.023031233602392	-1.09079899811004	0.448081059024295	0.592443852028073
-0.0348709	0.0135301	0.126464	-0.00190408	-0.00156868	-0.000610992	0.0152172	-8.53999999999994e-05	0.00406200000000002	-0.00045537	1.45000000000006e-06	0.000292486	0.0568299	0.0470754035	0.032146501	0.0106688069	-0.0129823055	-0.0339887004	-0.0480710162	-0.0523604445	-0.0459831556	-0.0302383121	-0.0083334077	0.0152691543	0.0357611286	0.0489679499	0.052199163	0.0447965146	0.0282680507	0.0059809018	-0.017524659	-0.0374601473	-0.0497643635	-0.0519307284	0.0501164113	0.0039337859	-0.0109399133	-0.0018751228	0.0292480123	-0.0286308748	-0.0301791153	0.0306328291	0.0223125738	0.0295032861	-0.664529543481287	-0.913773857310528	0.448081059024295	0.592443852028073
-0.0389603	0.024153	0.141172	-0.00184567	-0.00156868	-0.000903478	-0.0040894	0.0106229	0.014708	5.84100000000001e-05	0	-0.000292486	0.0469651	0.0469755095	0.031788006	0.0100035758	-0.0138568845	-0.0348416421	-0.0485957556	-0.0522648503	-0.0450874833	-0.028553165	-0.0060932427	0.017631203	0.0376966663	0.0499389857	0.0518175273	0.0429424396	0.025155559	0.0021481754	-0.0213050164	-0.0403368038	-0.0509975427	-0.0510748227	0.0179318818	-0.0536018193	0.0074951362	-0.0263657814	0.0164024622	-0.0489844955	0.0096728072	-0.0209132292	0.0447501239	0.0261717065	-3.2572502585529	-0.676838364980973	0.448081059024295	0.592443852028073
-0.0435255	0.0135686	0.128509	-0.00168857	-0.00155628	-0.000903478	-0.0045652	-0.0105844	-0.012663	0.0001571	1.24000000000001e-05	0	0.0362876	0.0468747407	0.0314271432	0.0093366682	-0.0147273348	-0.0356783636	-0.0490879179	-0.052121568	-0.0441380794	-0.0268249532	-0.0038417323	0.0199535306	0.039531138	0.050752895	0.051246815	0.0409084964	0.0219231897	-0.001696107	-0.0249568909	-0.0429424396	-0.0518510778	-0.0497997519	-0.0109174336	-0.0607454876	0.0697087568	0.0196687771	-0.002660678	-0.0371134247	0.015376525	-0.0818885959	-0.0466806475	0.012021046	0.847982249628629	-0.680508922363983	0.448081059024295	0.592443852028073
-0.0244385	0.0137672	0.0625463	0.000400238	-0.000950419	-0.00019634	0.019087	0.0001986	-0.0659627	0.002088808	0.000605861	0.000707138	0.25533865	0.046773099	0.0310639394	0.0086681957	-0.015593397	-0.0364984753	-0.0495471731	-0.0519307284	-0.0431360754	-0.0250562833	-0.0015830688	0.0222309049	0.0412596253	0.0514071169	0.0504891087	0.0387032042	0.0185863463	-0.0055312652	-0.0284582593	-0.0452595478	-0.0523186149	-0.0481159803	-0.0003972741	-0.0202506322	0.0220430182	0.0233863689	0.0485399351	-0.0097167436	0.0427053089	0.0220912133	-0.1382958715	0.0297796386	0.934700220128988	-0.685549076897392	0.448081059024295	0.592443852028073
-0.0429201	0.0347024	0.114046	-0.00147665	-0.00146585	-0.00067684	-0.0184816	0.0209352	0.0514997	-0.001876888	-0.000515431	-0.0004805	0.23455745	0.0466705863	0.0306984217	0.0079982704	-0.0164548132	-0.0373015953	-0.0499732133	-0.0516925056	-0.0420826652	-0.0232498227	0.0006785423	0.0244581953	0.0428774942	0.051899593	0.0495471731	0.0363358002	0.0151609305	-0.0093366682	-0.031788006	-0.0472725596	-0.0523966733	-0.0460373263	0.0249610626	-0.0114828125	-0.0092156265	-0.0165141035	0.0575635476	-0.0049158726	0.0328417028	0.0342090177	-0.0470814844	0.0164860269	0.599339242592015	-0.889084904835471	0.448081059024295	0.592443852028073
-0.0404012	0.0134389	0.116895	-0.00147665	-0.00144878	-0.000544638	0.0025189	-0.0212635	0.00284899999999999	0	1.70700000000001e-05	0.000132202	0.034095	0.0465672044	0.0303306173	0.0073270047	-0.0173113266	-0.0380873499	-0.0503657529	-0.0514071169	-0.0409791044	-0.0214082961	0.00293889	0.026630384	0.0443804069	0.0522287737	0.0484244452	0.0338162004	0.011663266	-0.0130918447	-0.0349260507	-0.0489679499	-0.0520846721	-0.0435808493	0.0222418512	-0.0116468473	0.0716290274	0.0232062203	0.0295759765	-0.025058856	0.002137733	-0.0251015271	-0.0186630379	0.0626614797	0.929772708407743	-0.864468798684369	0.448081059024295	0.592443852028073
-0.037271	0.0134081	0.140792	-0.00164694	-0.00161952	-0.000265772	0.00313019999999999	-3.07999999999992e-05	0.023897	-0.00017029	-0.00017074	0.000278866	0.0580528	0.0464629554	0.0299605535	0.0066545109	-0.0181626821	-0.0388553731	-0.0507245288	-0.0510748227	-0.039826708	-0.0195344808	0.0051937656	0.0287425773	0.0457643343	0.0523936235	0.0471250218	0.0311549584	0.0081100208	-0.016776594	-0.0378534688	-0.0503343274	-0.0513849338	-0.0407667093	0.0209553589	-0.006182301	0.0510401283	0.0040815726	-0.019054072	-0.0223164709	-0.0266580266	-0.0302735549	-0.0154222096	0.0022249819	0.341336371165716	-0.781046683966225	0.448081059024295	0.592443852028073
-0.0349876	0.0134145	0.127458	-0.00161026	-0.00148051	-0.000461765	0.0022834	6.40000000000016e-06	-0.013334	3.66799999999999e-05	0.00013901	-0.000195993	0.03420795	0.0463578411	0.029588258	0.0059809018	-0.019008626	-0.0396053074	-0.0510493004	-0.0506959264	-0.0386268493	-0.017631203	0.0074389706	0.0307900166	0.0470255659	0.0523936235	0.0456536443	0.028363221	0.0045181276	-0.020371094	-0.0405526062	-0.0513625114	-0.0503026675	-0.0376180017	0.0173068117	0.0212455032	0.0090603455	-0.0185057386	-0.0264786307	-0.0084672186	-0.0177886147	0.0046669707	-0.0323214139	-0.0530479166	0.632219470692601	-0.830295236260631	0.448081059024295	0.592443852028073
-0.0378978	0.0134418	0.102194	-0.00147665	-0.00134584	-0.000548723	-0.0029102	2.72999999999992e-05	-0.025264	0.00013361	0.00013467	-8.6958e-05	0.0459634	0.0462518635	0.0292137585	0.0053062903	-0.0198489062	-0.0403368038	-0.05133985	-0.0502707735	-0.0373809583	-0.0157013334	0.0096703246	0.0327680892	0.0481607204	0.0522287737	0.0440156816	0.0254526818	0.0009047034	-0.0238560081	-0.0430071852	-0.0520455938	-0.0488459301	-0.0341605674	0.0219962581	0.0386629698	-0.0311471518	0.0048089642	0.0218488463	-0.0024832232	0.0005810016	0.0645136991	-0.040941814	-0.0023309635	0.313513001197301	-0.878907214746484	0.448081059024295	0.592443852028073
-0.0430568	0.0318114	0.110937	-0.00189281	-0.00127134	-0.000628362	-0.005159	0.0183696	0.00874299999999999	-0.00041616	7.45000000000001e-05	-7.96389999999999e-05	0.06078655	0.0461450246	0.0288370829	0.0046307895	-0.0206832724	-0.0410495216	-0.0515959829	-0.0497997519	-0.0360905197	-0.0137477825	0.0118836729	0.0346723388	0.0491667543	0.051899593	0.0422171104	0.0224355316	-0.0027130321	-0.0272125894	-0.0452024033	-0.0523789848	-0.0470255659	-0.0304227813	0.0473154604	0.0144053711	-0.0150344058	0.027133502	0.0458845725	-0.0327953598	0.0050146637	0.0590108133	-0.0057180571	0.051799312	0.302019075378662	-0.959549233517145	0.448081059024295	0.592443852028073
-0.0518282	0.0277454	0.133672	-0.00205002	-0.00120658	-0.000460717	-0.00877139999999998	-0.004066	0.022735	-0.00015721	6.47599999999999e-05	0.000167645	0.05505315	0.0460373263	0.0284582593	0.0039545126	-0.021511476	-0.0417431291	-0.0518175273	-0.0492832916	-0.0347570714	-0.0117734969	0.0140748942	0.0364984753	0.0500409704	0.0514071169	0.0402644936	0.0193244083	-0.0063178387	-0.0304227813	-0.0471250218	-0.0523604445	-0.0448551266	-0.0264353189	0.0396157002	-0.0313675899	0.0313406911	-0.0089019221	0.0290668465	-0.0558336873	-0.0006896823	-0.0062009462	0.0259848853	0.0373305107	-0.171017728023769	-1.05868931253101	0.448081059024295	0.592443852028073
-0.0510703	0.0133262	0.133669	-0.00205423	-0.00120658	-0.000532588	0.000757899999999985	-0.0144192	-3.000000000003e-06	-4.21000000000015e-06	0	-7.18710000000001e-05	0.01898415	0.0459287708	0.0280773158	0.0032775729	-0.0223332702	-0.0424173034	-0.0520043348	-0.0487218636	-0.0333822024	-0.0097814541	0.0162399088	0.0382423846	0.0507810249	0.050752895	0.038164956	0.0161323429	-0.009892538	-0.0334693144	-0.0487634462	-0.0519900974	-0.0423507695	-0.0222309049	0.0230835463	-0.0620687965	0.0311915753	0.0004826804	-0.0390770068	-0.0607464998	0.0080662669	-0.0390957524	-0.0187051307	-0.021191903	-1.42843462868334	0.033287064846705	0.448081059024295	0.592443852028073
-0.0581574	0.0132997	0.133647	-0.00218969	-0.00120658	-0.000394973	-0.0070871	-2.64999999999988e-05	-2.19999999999942e-05	-0.00013546	0	0.000137615	0.02078935	0.0458193599	0.0276942808	0.0026000839	-0.0231484102	-0.0430717306	-0.05215628	-0.0481159803	-0.0319675512	-0.0077746586	0.0183746853	0.0399001378	0.0513849338	0.0499389857	0.0359261587	0.0128727058	-0.0134200948	-0.0363358002	-0.0501077956	-0.0512704319	-0.039531138	-0.0178440444	-0.0591481435	-0.0357642971	-0.0425356274	-0.0233647915	-0.0267867953	0.0028249137	0.0701719043	-0.0121878382	-0.0182658151	-0.0530318781	-0.804178596694332	0.222335563073573	0.448081059024295	0.592443852028073
-0.0437151	0.0342226	0.111966	-0.00194719	-0.00120658	-0.000637335	0.0144423	0.0209229	-0.021681	0.0002425	0	-0.000242362	0.0812893	0.0457090957	0.0273091829	0.0019221591	-0.0239566531	-0.043706106	-0.0522732612	-0.0474661945	-0.0305148036	-0.0057561371	0.020475249	0.0414680002	0.0518510778	0.0489679499	0.0335562706	0.0095591501	-0.0168836987	-0.0390068183	-0.0511499628	-0.0502062834	-0.0364172225	-0.0133107399	-0.0547026741	0.0442683583	-0.0290036344	0.0599131329	-0.0294996856	0.0798286632	0.0353123331	0.0360104499	0.010800078	-0.0064790101	-1.48735917337246	-0.569168038789046	0.448081059024295	0.592443852028073
-0.0385225	0.0198196	0.111707	-0.00167505	-0.00120658	-0.000569144	0.0051926	-0.014403	-0.000259000000000023	0.00027214	0	6.8191e-05	0.03687115	0.0455979804	0.0269220508	0.0012439122	-0.024757758	-0.0443201343	-0.0523552	-0.046773099	-0.029025691	-0.0037289341	0.0225376886	0.0429424396	0.0521782074	0.0478428428	0.0310639394	0.0062055551	-0.0202668442	-0.0414680002	-0.0518836628	-0.0488048017	-0.0330322041	-0.0086681957	0.0211297926	0.0506096493	0.0345162311	-0.0090947968	0.035770314	0.0328496655	-0.0545471753	0.0034177244	0.0380422888	0.0483077149	-0.262641909762429	-0.185000249270778	0.448081059024295	0.592443852028073
-0.0384392	0.0133513	0.119923	-0.00146626	-0.00145916	-0.000558955	8.33000000000014e-05	-0.00646829999999999	0.00821600000000001	0.00020879	-0.00025258	1.01890000000001e-05	0.03834555	0.0454860159	0.0265329132	0.0005654567	-0.0255514863	-0.0449135297	-0.0524020413	-0.0460373263	-0.0275019879	-0.001696107	0.024558164	0.0443201343	0.0523654453	0.0465672044	0.0284582593	0.0028259676	-0.0235534089	-0.043706106	-0.052304471	-0.0470754035	-0.029401282	-0.0039545126	0.0216074172	-0.0568256421	0.0087936083	-0.009689837	-0.0156297729	-0.0497742353	-0.0360967585	-0.0408126542	0.0120693617	-0.037054806	0.55682903528179	-0.344631684770648	0.448081059024295	0.592443852028073
-0.0404395	0.0132999	0.126021	-0.00175874	-0.00155153	-0.000635232	-0.0020003	-5.14000000000001e-05	0.00609799999999999	-0.00029248	-9.237e-05	-7.6277e-05	0.03120605	0.0453732043	0.0261417992	-0.0001130935	-0.0263376015	-0.0454860159	-0.0524137538	-0.0452595478	-0.0259455102	0.0003392783	0.0265329132	0.0455979804	0.0524122897	0.0451450484	0.025748738	-0.0005654567	-0.0267277308	-0.0457090957	-0.0524098495	-0.0450297083	-0.0255514863	0.0007916247	-0.0606520479	-0.0137781301	-0.000175723	-0.0572114306	-0.0238346376	0.0282247053	0.0550460507	-0.0278324649	-0.0439517231	-0.048802429	0.284768462517184	-0.471132166459256	0.448081059024295	-1.68540061352814
-0.0519351	0.0133267	0.105024	-0.00155143	-0.00120658	-0.000903478	-0.0114956	2.67999999999952e-05	-0.020997	0.00020731	0.00034495	-0.000268246	0.0735447	0.0452595478	0.025748738	-0.0007916247	-0.0271158693	-0.0460373263	-0.0523903296	-0.044440473	-0.0243581127	0.0023741518	0.0284582593	0.046773099	0.0523186149	0.0435808493	0.0229452624	-0.0039545126	-0.029774683	-0.0474661945	-0.052199163	-0.0426814612	-0.021511476	0.0055312652	-0.0193333157	0.0686028511	-0.0455784186	0.0338442386	0.0089751773	0.0647603111	-0.0125449163	0.0637208196	-0.0350012546	-0.0131698902	-0.295405139558144	-0.438236132046464	-2.22840312389761	-1.68540061352814
-0.052166	0.0360017	0.115467	-0.00204494	-0.00171124	-0.000638629	-0.000230899999999999	0.022675	0.010443	-0.00049351	-0.00050466	0.000264849	0.09649985	0.0451450484	0.0253537587	-0.0014700233	-0.0278860579	-0.0465672044	-0.0523317845	-0.0435808493	-0.0227416872	0.0044054445	0.0303306173	0.0478428428	0.0520846721	0.0418795288	0.020058062	-0.0073270047	-0.0326797453	-0.0489679499	-0.051673682	-0.0400464398	-0.0173113266	0.0102255113	0.0678415273	-0.0022955022	-0.0158460566	0.0458458626	0.0049154538	-0.0354568018	-0.0301410693	0.0454784579	0.0314540765	0.0463320629	-0.492265437745186	-0.241563869086739	-2.22840312389761	-1.68540061352814
-0.049983	0.0131063	0.149598	-0.00279876	-0.00192123	-0.000903478	0.002183	-0.0228954	0.034131	-0.00075382	-0.00020999	-0.000264849	0.12064235	0.0450297083	0.0249568909	-0.0021481754	-0.0286479378	-0.0470754035	-0.0522381577	-0.0426814612	-0.02109816	0.0064300929	0.032146501	0.0488048017	0.0517110885	0.0400464398	0.0170976719	-0.0106688069	-0.0354290736	-0.0502062834	-0.0508365754	-0.0371423487	-0.0129823055	0.0148358378	-0.0331418242	-0.0646154985	0.0085410739	-0.0434326591	0.0295223063	-0.0388974656	0.030832977	-0.0477700091	0.051314446	0.0014366231	-0.463602396565032	-0.256733081603301	-2.22840312389761	-1.68540061352814
-0.0581327	-0.00865232	0.165654	-0.00329795	-0.00114163	-0.000903478	-0.0081497	-0.02175862	0.016056	-0.00049919	0.0007796	0	0.10990382	0.0449135297	0.024558164	-0.0028259676	-0.029401282	-0.0475616869	-0.052109512	-0.0417431291	-0.0194294898	0.0084450432	0.0339025293	0.0496568086	0.0511988656	0.0380873499	0.0140748942	-0.0139659219	-0.0380095663	-0.0511745333	-0.0496928916	-0.0339887004	-0.0085566393	0.0193244083	-0.0634180786	0.0089625044	-0.0039520929	0.0124636291	-0.0888594524	0.0607114285	0.013013784	-0.0426546113	0.0171559961	-0.0584074362	-0.685788660270867	-0.157956227841797	-2.22840312389761	-1.68540061352814
-0.0468706	0.0131247	0.132979	-0.00272149	-0.00130458	-0.000637267	0.0112621	0.02177702	-0.032675	0.00057646	-0.00016295	0.000266211	0.11599517	0.0447965146	0.0241576078	-0.0035032861	-0.0301458661	-0.0480258282	-0.0519459335	-0.0407667093	-0.017737665	0.0104472564	0.0355954325	0.0503969439	0.0505493769	0.036008423	0.0110007588	-0.0172045393	-0.0404089261	-0.051867491	-0.0482495277	-0.0306066839	-0.0040672745	0.0236543856	-0.0121303329	0.0823702836	-0.0680600954	-0.0318774119	0.0173405945	0.0602212314	-0.0296692658	0.0572628038	0.0420077054	-0.027716709	-0.936534858471297	0.032874734256214	-2.22840312389761	-1.68540061352814
-0.0581041	0.013088	0.144123	-0.00291055	-0.00129639	-0.000757271	-0.0112335	-3.67000000000024e-05	0.011144	-0.00018906	8.19000000000015e-06	-0.000120004	0.0382769	0.0446786654	0.0237552522	-0.0041800175	-0.0308814681	-0.0484676115	-0.051747532	-0.0397530928	-0.0160247019	0.0124337127	0.0372220587	0.0510235403	0.0497643635	0.0338162004	0.0078864829	-0.020371094	-0.042615719	-0.0522814288	-0.0465151882	-0.0270190229	0.0004523686	0.027790234	0.0626686355	-0.014715783	-0.0371529364	0.0680063426	0.0049495929	-0.042847116	-0.0293603924	0.0427255173	0.0537475012	0.0332236231	-1.45298945497899	-0.609963281592073	0.448081059024295	-1.68540061352814
-0.0508269	0.0190248	0.14951	-0.00284777	-0.00144439	-0.000674821	0.00727719999999999	0.0059368	0.005387	6.27800000000001e-05	-0.000148	8.245e-05	0.0332625	0.0445599841	0.023351127	-0.0048560483	-0.0316078689	-0.048886831	-0.0515144404	-0.0387032042	-0.0142926419	0.0144014162	0.0387793789	0.051535186	0.0488459301	0.0315175794	0.00474343	-0.0234523225	-0.0446194286	-0.0524141198	-0.0445003321	-0.0232498227	0.004968644	0.0316980113	-0.0341794396	-0.0398330765	0.029010269	-0.0099044755	0.0284746362	-0.0165962986	0.0423956288	-0.0576317379	0.0530106089	0.0404450515	0.456479064399369	-0.724270689178759	0.448081059024295	0.592443852028073
-0.0580547	0.0174133	0.149482	-0.0026527	-0.00148923	-0.000903478	-0.0072278	-0.0016115	-2.80000000000003e-05	0.00019507	-4.484e-05	-0.000228657	0.03229565	0.044440473	0.0229452624	-0.0055312652	-0.0323248521	-0.0492832916	-0.051246815	-0.0376180017	-0.0125435491	0.016347399	0.0402644936	0.0519307284	0.0477965391	0.0291197926	0.0015830688	-0.0264353189	-0.0464105063	-0.0522648503	-0.0422171104	-0.0193244083	0.0094479311	0.0353456466	-0.0320271197	0.0339217187	0.0616763749	0.0680182913	-0.0486655372	0.0510539431	-0.0344492844	-0.0451215452	0.0269429339	0.0112819495	-2.54970501641236	-0.751968674205445	-2.22840312389761	0.592443852028073
-0.042764	0.0131231	0.141919	-0.00260505	-0.00150965	-0.000693872	0.0152907	-0.0042902	-0.00756299999999999	4.76499999999998e-05	-2.04199999999999e-05	0.000209606	0.0410277	0.0443201343	0.0225376886	-0.0062055551	-0.0330322041	-0.0496568086	-0.0509448353	-0.0364984753	-0.0107795079	0.0182687262	0.0416746376	0.0522092763	0.0466190039	0.026630384	-0.0015830688	-0.0293075885	-0.0479804167	-0.0518344232	-0.0396792925	-0.0152691543	0.0138568845	0.0387032042	0.0434433364	0.0342772351	-0.0112449647	-0.0569011785	-0.0740609174	0.0069792343	-0.0665681022	0.0006747361	-0.004685687	-0.0657151026	-2.52531380252193	-0.509573409573727	-2.22840312389761	0.592443852028073
-0.0414899	0.0252324	0.137277	-0.00254972	-0.00120515	-0.000673923	0.00127409999999999	0.0121093	-0.00464200000000001	5.53299999999997e-05	0.0003045	1.9949e-05	0.03701435	0.0441989703	0.022128436	-0.006878805	-0.033729714	-0.0500072082	-0.0506087036	-0.0353456466	-0.0090026205	0.0201625	0.0430071852	0.0523702023	0.0453164815	0.0240571864	-0.00474343	-0.0320571007	-0.0493216787	-0.0511251541	-0.0369021828	-0.0111113077	0.0181626821	0.0417431291	0.0162116574	-0.0338151504	-0.0704534007	0.0401052483	-0.0180784276	-0.0477865909	0.0257225005	0.0479756274	-0.0057011007	-0.0072770983	-0.172862535068385	-0.245984987860232	0.448081059024295	0.592443852028073
-0.0424641	0.0393386	0.151641	-0.00275811	-0.00152101	-0.000553294	-0.000974199999999994	0.0141062	0.014364	-0.00020839	-0.00031586	0.000120629	0.0616883499999999	0.0440769831	0.0217175351	-0.0075509019	-0.0344171741	-0.0503343274	-0.0502386454	-0.0341605674	-0.0072150046	0.0220258641	0.0442596553	0.0524131437	0.0438924641	0.0214082961	-0.0078864829	-0.0346723388	-0.0504279004	-0.0501408583	-0.0339025293	-0.006878805	0.0223332702	0.044440473	-0.0501899331	-0.0168951917	-0.0123144293	0.0155307827	0.0079459427	0.0168503309	0.0606444706	0.0044212329	0.0290125177	0.0385494793	0.629666808468383	0.122108051663286	0.448081059024295	0.592443852028073
-0.0445106	0.0131767	0.154678	-0.00229579	-0.00145469	-0.000664656	-0.0020465	-0.0261619	0.00303700000000001	0.00046232	6.63199999999999e-05	-0.000111362	0.0632455	0.0439541752	0.0213050164	-0.0082217334	-0.0350943796	-0.0506380137	-0.0498349085	-0.032944319	-0.0054187904	0.0238560081	0.0454297158	0.0523380039	0.0423507695	0.0186920473	-0.0110007588	-0.0371423487	-0.0512938101	-0.048886831	-0.0306984217	-0.0026000839	0.0263376015	0.046773099	-0.0433537262	0.037431913	0.0582956049	0.0184410802	-0.007645352	0.0578923094	-0.0111871676	-0.0456123346	0.0299705176	0.047210154	0.561004547344287	-0.906842744412802	0.448081059024295	-1.68540061352814
-0.0580875	0.0132344	0.137398	-0.00204668	-0.00135614	-0.000762572	-0.0135769	5.76999999999991e-05	-0.01728	0.00024911	9.855e-05	-9.7916e-05	0.0531934	0.0438305487	0.0208909108	-0.0088911868	-0.0357611286	-0.0509181258	-0.0493977639	-0.0316980113	-0.0036161185	0.0256501718	0.0465151882	0.0521449521	0.040695531	0.0159169864	-0.0140748942	-0.0394567845	-0.0519152815	-0.0473698181	-0.0273091829	0.001696107	0.0301458661	0.0487218636	0.0320668215	0.0514273653	0.0607075229	-0.0619924266	-0.0064964553	0.0281446661	-0.0878721199	-0.0364990475	-0.0246571523	-0.0099808846	0.471895674809029	-1.07231600492407	0.448081059024295	0.592443852028073
-0.0580447	0.0132967	0.123334	-0.00170666	-0.00152101	-0.000903478	4.28000000000026e-05	6.2300000000003e-05	-0.0140639999999999	0.00034002	-0.00016487	-0.000140906	0.0464589	0.043706106	0.020475249	-0.0095591501	-0.0364172225	-0.0511745333	-0.0489275043	-0.0304227813	-0.0018091373	0.0274056492	0.0475140513	0.0518344232	0.0389311863	0.0130918447	-0.0170976719	-0.0416059521	-0.052289353	-0.0455979804	-0.0237552522	0.0059809018	0.033729714	0.0502707735	0.0379281616	-0.0408121864	-0.0333728128	0.0035409691	-0.041859729	-0.0504619547	-0.0198562218	0.0306546063	-0.0268565316	-0.0718621358	0.955545675365726	-1.15177909123567	0.448081059024295	0.592443852028073
-0.0581432	0.0134124	0.129115	-0.00106497	-0.000997999	-0.000903478	-9.85000000000014e-05	0.000115699999999998	0.00578099999999995	0.00064169	0.000523011	0	0.06423025	0.0435808493	0.020058062	-0.0102255113	-0.0370624658	-0.0514071169	-0.0484244452	-0.0291197926	0	0.0291197926	0.0484244452	0.0514071169	0.0370624658	0.0102255113	-0.020058062	-0.0435808493	-0.0524142418	-0.0435808493	-0.020058062	0.0102255113	0.0370624658	0.0514071169	-0.0533719724	-0.0079151471	-0.037599488	-0.0058345999	0.0065048143	0.0160921772	0.0814426653	0.0363572196	0.0014330249	-0.0243164575	-1.00558176309901	-0.513445757099638	0.448081059024295	0.592443852028073
-0.0581068	0.0313163	0.13503	-0.00205783	-0.00131291	-0.000719851	3.63999999999989e-05	0.0179039	0.00591499999999998	-0.00099286	-0.000314911	0.000183627	0.0984252	0.0434547811	0.0196393809	-0.0108901587	-0.0376966663	-0.0516157682	-0.0478889238	-0.027790234	0.0018091373	0.0307900166	0.049244675	0.0508639957	0.0350943796	0.0073270047	-0.0229452624	-0.0453732043	-0.052289353	-0.0413292761	-0.0162399088	0.0144014162	0.0401193113	0.052121568	-0.0140961795	0.0562004006	0.0135209704	0.0229926095	0.0271979729	0.0477741288	-0.0072330268	0.0268414095	0.0462096544	0.0327020119	0.544880699160327	-0.361375315663289	0.448081059024295	0.592443852028073
-0.0408965	0.0130733	0.154931	-0.00251821	-0.00134766	-0.000646312	0.0172103	-0.018243	0.019901	-0.00046038	-3.47500000000005e-05	7.35390000000001e-05	0.08378775	0.0433279037	0.0192192368	-0.0115529809	-0.038319635	-0.0518003901	-0.047321299	-0.0264353189	0.0036161185	0.0324138022	0.0499732133	0.0502062834	0.0330322041	0.0044054445	-0.025748738	-0.0469755095	-0.0519152815	-0.0388553731	-0.0123238185	0.0184805588	0.0428774942	0.0524082634	0.0496189369	0.0006592068	0.0444340095	0.0036598807	-0.0125662898	-0.020494717	-0.0563471167	-0.016232738	0.053043871	0.0082717818	0.894693900024065	-0.609657086821151	0.448081059024295	0.592443852028073
-0.0492879	0.0156476	0.148157	-0.00199535	-0.000962606	-0.000825601	-0.00839140000000001	0.0025743	-0.006774	0.00052286	0.000385054000000001	-0.000179289	0.07209985	0.0432002194	0.0187976612	-0.0122138669	-0.0389311863	-0.0519608967	-0.0467219514	-0.0250562833	0.0054187904	0.0339887004	0.0506087036	0.0494354616	0.0308814681	0.0014700233	-0.0284582593	-0.0483810535	-0.0512938101	-0.0361724484	-0.0083334077	0.0224355316	0.0453164815	0.0522648503	0.0381701032	-0.0251490071	0.020172269	-0.0310131801	-0.034410825	-0.045638133	-0.0212652392	-0.0216588943	0.0163087436	-0.0228793223	0.731670499454219	-0.785253422521255	0.448081059024295	0.592443852028073
-0.0408325	0.0132174	0.133565	-0.00192385	-0.00156777	-0.000903478	0.0084554	-0.0024302	-0.014592	7.14999999999999e-05	-0.000605164	-7.7877e-05	0.06320465	0.0430717306	0.0183746853	-0.0128727058	-0.039531138	-0.0520972133	-0.0460912827	-0.0236543856	0.0072150046	0.0355123358	0.0511499628	0.0485532669	0.0286479378	-0.0014700233	-0.0310639394	-0.0495839492	-0.0504279004	-0.0332949349	-0.004292741	0.0262397614	0.0474181167	0.0516925056	0.0120665885	-0.0511615907	-0.0471029713	0.011091766	-0.0331730762	-0.0546217383	0.0173928393	-0.0004733637	-0.05050215	-0.0209369712	0.393847926975183	-0.842215065138733	0.448081059024295	0.592443852028073
-0.0431997	0.0368882	0.140187	-0.00183221	-0.00174748	-0.000651511	-0.00236719999999999	0.0236708	0.00662199999999996	9.164e-05	-0.00017971	0.000251967	0.05882585	0.0429424396	0.0179503407	-0.0135293872	-0.0401193113	-0.0522092763	-0.0454297158	-0.0222309049	0.0090026205	0.0369824104	0.0515959829	0.0475616869	0.0263376015	-0.0044054445	-0.0335562706	-0.050579158	-0.0493216787	-0.0302383121	-0.0002261864	0.0298676878	0.0491667543	0.0506959264	-0.0436183834	0.0037319012	-0.0420288863	0.0098936642	0.0492460208	0.0185905105	0.0755345587	0.032944292	-0.0210435953	0.0314666664	0.914865457372852	-0.871125628541888	0.448081059024295	-1.68540061352814
-0.0408736	0.0312739	0.147957	-0.00207083	-0.00142759	-0.000575968	0.0023261	-0.0056143	0.00777000000000003	-0.00023862	0.00031989	7.5543e-05	0.04741305	0.042812349	0.017524659	-0.0141838011	-0.040695531	-0.0522970337	-0.0447376941	-0.02078714	0.0107795079	0.0383967071	0.0519459335	0.0464629554	0.0239566531	-0.0073270047	-0.0359261587	-0.0513625114	-0.0479804167	-0.0270190229	0.0038417323	0.0332949349	0.0505493769	0.0492832916	-0.0069633552	0.0546342211	0.0275643459	0.0112679136	0.0215431702	0.0453266454	-0.0211200246	0.0053134276	0.0327391655	0.0501852987	0.066966702568826	-0.541300681529016	0.448081059024295	0.592443852028073
-0.0408478	0.0380567	0.133909	-0.0020251	-0.00171396	-0.000616878	2.57999999999925e-05	0.00678279999999999	-0.014048	4.57300000000003e-05	-0.00028637	-4.091e-05	0.0395071	0.0426814612	0.0170976719	-0.0148358378	-0.0412596253	-0.0523604445	-0.0440156816	-0.0193244083	0.0125435491	0.0397530928	0.052199163	0.0452595478	0.021511476	-0.0102255113	-0.038164956	-0.0519307284	-0.0464105063	-0.0236543856	0.0078864829	0.0364984753	0.0515556917	0.0474661945	0.0532780376	-0.0067681691	0.0393058372	-0.0147889071	-0.034509982	-0.0291540307	-0.0515490123	-0.0226554942	0.0313304414	0.0066824455	0.609224210191689	-0.455697491592989	0.448081059024295	0.592443852028073
-0.0331362	0.0132339	0.133929	-0.00166044	-0.00178121	-0.000688308	0.00771160000000001	-0.0248228	1.99999999999922e-05	0.00036466	-6.725e-05	-7.14299999999999e-05	0.0577214	0.0425497785	0.0166694112	-0.015485388	-0.0418114263	-0.0523994793	-0.0432641622	-0.0178440444	0.0142926419	0.0410495216	0.0523552	0.0439541752	0.019008626	-0.0130918447	-0.0402644936	-0.0522814288	-0.0446194286	-0.0201625	0.0118836729	0.0394567845	0.0521782074	0.0452595478	0.0183947611	-0.0548347678	-0.0135282839	0.0017291885	-0.017636754	-0.0546915256	0.0043507475	-0.015319138	-0.0201989785	-0.0620129217	0.821068626373815	-0.566296251089887	0.448081059024295	0.592443852028073
-0.0408528	0.0345602	0.140158	-0.00182086	-0.00165344	-0.000652728	-0.0077166	0.0213263	0.00622900000000001	-0.00016042	0.00012777	3.558e-05	0.0514604	0.0424173034	0.0162399088	-0.0161323429	-0.0423507695	-0.0524141198	-0.0424836398	-0.016347399	0.0160247019	0.0422840384	0.0524137538	0.0425497785	0.0164548132	-0.0159169864	-0.0422171104	-0.0524131437	-0.042615719	-0.0165621507	0.0158091967	0.042149986	0.0524122897	0.0426814612	-0.0485271923	-0.0060627545	-0.0479208761	0.0175836085	0.0034255928	0.015138142	0.0681080831	0.0298196231	-0.0202866209	-0.0167537732	1.0531571450278	-0.589138381599688	0.448081059024295	0.592443852028073
-0.0432896	0.0455151	0.144653	-0.00183851	-0.00149679	-0.00064371	-0.0024368	0.0109549	0.004495	-1.76499999999999e-05	0.00015665	9.01799999999996e-06	0.0270526	0.0422840384	0.0158091967	-0.016776594	-0.0428774942	-0.0524043593	-0.0416746376	-0.0148358378	0.017737665	0.0434547811	0.0523747155	0.0410495216	0.0138568845	-0.0186920473	-0.0440156816	-0.0523253215	-0.0404089261	-0.0128727058	0.0196393809	0.0445599841	0.052256196	0.0397530928	-0.0194278861	0.0639354368	0.0049275471	0.0045067787	0.031973652	0.0582819366	-0.0038935819	0.0303401631	0.0261787507	0.0395923939	0.44209784268242	-0.568961502845091	0.448081059024295	0.592443852028073
-0.0408993	0.0284983	0.152234	-0.00198559	-0.00146643	-0.000695061	0.00239029999999999	-0.0170168	0.00758099999999998	-0.00014708	3.03600000000001e-05	-5.13510000000001e-05	0.03842765	0.042149986	0.015377307	-0.0174180334	-0.0433914434	-0.0523702023	-0.0408376979	-0.0133107399	0.0194294898	0.0445599841	0.0522381577	0.0394567845	0.0112218049	-0.0214082961	-0.0456536443	-0.05201833	-0.0380095663	-0.0091140124	0.023351127	0.0466705863	0.0517110885	0.0364984753	0.0564751279	0.0092107289	0.0459264182	-0.004463617	-0.0139848277	-0.0181802779	-0.060840575	-0.0161938608	0.0529330351	0.0203859617	0.292669706879123	-0.317825083682943	0.448081059024295	0.592443852028073
-0.0409495	0.0103595	0.15222	-0.00201786	-0.00114789	-0.000903478	-5.01999999999933e-05	-0.0181388	-1.39999999999862e-05	-3.22699999999996e-05	0.00031854	-0.000208417	0.04616435	0.0420151486	0.0149442718	-0.0180565534	-0.0438924641	-0.0523116647	-0.0399733818	-0.0117734969	0.02109816	0.0455979804	0.0520043348	0.0377751555	0.0085566393	-0.0240571864	-0.0471250218	-0.051493455	-0.0354290736	-0.0053062903	0.0269220508	0.0484676115	0.0507810249	0.032944319	0.0170430426	-0.0563243239	0.0030629681	-0.0395170624	-0.0125039563	-0.0537724233	-0.0115033743	-0.0369949825	-0.0194377344	-0.0685805859	-1.30520423468631	0.372321089794217	0.448081059024295	-1.68540061352814
-0.0409141	0.0132143	0.134236	-0.00174103	-0.00140325	-0.000735808	3.54000000000049e-05	0.0028548	-0.017984	0.00027683	-0.00025536	0.00016767	0.0558672	0.0418795288	0.0145101234	-0.0186920473	-0.0443804069	-0.0522287737	-0.0390822688	-0.0102255113	0.0227416872	0.0465672044	0.051673682	0.036008423	0.0058685331	-0.026630384	-0.0484244452	-0.050752895	-0.0326797453	-0.0014700233	0.0303306173	0.0499389857	0.0494729291	0.0291197926	-0.0405788296	-0.0052643938	-0.0547533855	0.0217116261	0.007541187	0.0110157919	0.0613223712	0.0292432368	-0.032750838	-0.0263768845	-0.765929103378383	-1.03684840976443	-2.22840312389761	-1.68540061352814
-0.0408251	0.0368512	0.150425	-0.00240067	-0.00184045	-0.000303703	8.89999999999988e-05	0.0236369	0.016189	-0.00065964	-0.0004372	0.000432105	0.11636215	0.0417431291	0.0140748942	-0.0193244083	-0.0448551266	-0.052121568	-0.038164956	-0.0086681957	0.0243581127	0.0474661945	0.051246815	0.0341605674	0.0031646932	-0.0291197926	-0.0495471731	-0.0497997519	-0.029774683	0.0023741518	0.0335562706	0.0510748227	0.0477965391	0.0250562833	-0.017799823	0.058611397	0.0020749598	-0.0252768987	0.0517794165	0.047742699	-0.0031717855	0.0323057092	0.0358263934	0.0357113517	0.810130982732953	-1.11466374616313	-2.22840312389761	-1.68540061352814
-0.0409413	0.0130097	0.154513	-0.0024164	-0.00139671	-0.000435337	-0.000116200000000004	-0.0238415	0.00408800000000001	-1.57299999999998e-05	0.00044374	-0.000131634	0.0576009	0.0416059521	0.0136386166	-0.0199535306	-0.0453164815	-0.0519900974	-0.0372220587	-0.007102971	0.0259455102	0.0482935946	0.0507245288	0.0322357516	0.0004523686	-0.0315175794	-0.0504891087	-0.0486380181	-0.0267277308	0.0062055551	0.0365795581	0.051867491	0.0457643343	0.02078714	0.0629883869	-0.0066590874	0.048380409	0.0087113737	-0.048350431	-0.0265937668	-0.0564919162	-0.0278954231	-0.0024006976	0.0101580632	1.48541247596771	0.14937246455889	-2.22840312389761	-1.68540061352814
-0.0338754	0.0131211	0.122585	-0.001731	-0.00150601	-0.000439078	0.0070659	0.000111400000000001	-0.031928	0.0006854	-0.0001093	-3.74100000000003e-06	0.07902735	0.0414680002	0.013201323	-0.0205793086	-0.0457643343	-0.0518344232	-0.0362542087	-0.0055312652	0.0275019879	0.0490481569	0.0501077956	0.0302383121	-0.0022611689	-0.0338162004	-0.051246815	-0.0472725596	-0.0235534089	0.0100035758	0.0393822474	0.0523116647	0.0433914434	0.016347399	0.0233860983	-0.0360157294	-0.0211521278	-0.0328093185	-0.0283119016	-0.050025846	0.001395376	0.0010680702	-0.0357777416	-0.0546574428	0.390219744713575	0.069082949933073	-2.22840312389761	0.592443852028073
-0.0281719	0.0130865	0.13304	-0.00187779	-0.00143152	-0.000375392	0.0057035	-3.46000000000009e-05	0.010455	-0.00014679	7.449e-05	6.36860000000001e-05	0.0304414	0.0413292761	0.0127630461	-0.0212016376	-0.0461985516	-0.0516546178	-0.0352620549	-0.0039545126	0.029025691	0.0497287433	0.0493977639	0.0281727488	-0.004968644	-0.036008423	-0.0518175273	-0.0457090957	-0.0202668442	0.0137477825	0.0419474363	0.0524043593	0.040695531	0.0117734969	-0.0086648385	-0.0414502723	-0.0650210893	-0.0002510549	0.0003179789	-0.0265859557	0.0519595095	0.0294580972	-0.0363192434	-0.0305419671	0.359617433477483	0.138420822525101	-2.22840312389761	0.592443852028073
-0.0409054	0.0375591	0.132162	-0.00239489	-0.00143152	-0.000417301	-0.0127335	0.0244726	-0.000878000000000018	-0.0005171	0	-4.1909e-05	0.06603455	0.0411897824	0.0123238185	-0.0218204132	-0.0466190039	-0.051450765	-0.0342462625	-0.0023741518	0.0305148036	0.0503343274	0.0485957556	0.0260437153	-0.0076627981	-0.0380873499	-0.052199163	-0.0439541752	-0.0168836987	0.0174180334	0.0442596553	0.0521449521	0.0376966663	0.007102971	-0.0541112504	-0.0042117135	-0.0132295144	0.0061873072	0.0581599952	0.0209191004	0.0593714995	-0.0050343064	0.0131923903	0.0405307077	0.578688887430946	0.371285281649578	-2.22840312389761	0.592443852028073
-0.0409422	0.0271063	0.150472	-0.00223842	-0.0012701	-0.000419012	-3.67999999999966e-05	-0.0104528	0.01831	0.00015647	0.00016142	-1.711e-06	0.04477965	0.0410495216	0.0118836729	-0.0224355316	-0.0470255659	-0.0512229596	-0.0332075124	-0.0007916247	0.0319675512	0.0508639957	0.0477032642	0.0238560081	-0.0103364079	-0.0400464398	-0.0523903296	-0.0420151486	-0.0134200948	0.0209945843	0.0463049601	0.051535186	0.0344171741	0.0023741518	-0.0231151824	0.0474652054	0.0541534408	-0.0006675185	0.0396645455	0.0540344176	-0.029692615	-0.0406360499	0.0154377505	0.0535263354	0.004757252966418	0.942652776626624	-2.22840312389761	-1.68540061352814
-0.0409615	0.0130734	0.138689	-0.00197558	-0.00121264	-0.000430387	-1.92999999999999e-05	-0.0140329	-0.011783	0.00026284	5.74599999999999e-05	-1.1375e-05	0.04241895	0.0409084964	0.011442642	-0.0230468899	-0.0474181167	-0.0509713076	-0.032146501	0.0007916247	0.0333822024	0.0513169495	0.0467219514	0.0216145559	-0.0129823055	-0.0418795288	-0.0523903296	-0.0399001378	-0.009892538	0.0244581953	0.0480710162	0.050579158	0.0308814681	-0.0023741518	0.0448586943	0.038368076	0.0498979511	-0.0425118766	-0.0125536916	0.0090742273	-0.0807411539	-0.0199845277	-0.0317948995	-0.0173000159	0.226837014257529	1.01989830839946	0.448081059024295	0.592443852028073
-0.0369577	0.0131292	0.119923	-0.00165392	-0.00114766	-0.000386139	0.0040038	5.58e-05	-0.018766	0.00032166	6.49800000000001e-05	4.42479999999999e-05	0.04437	0.0407667093	0.0110007588	-0.0236543856	-0.0477965391	-0.0506959264	-0.0310639394	0.0023741518	0.0347570714	0.0516925056	0.0456536443	0.0193244083	-0.015593397	-0.0435808493	-0.052199163	-0.0376180017	-0.0063178387	0.027790234	0.0495471731	0.0492832916	0.0271158693	-0.007102971	0.0539081513	-0.0273021748	-0.0435590488	-0.005542068	-0.0124923757	-0.0452117962	-0.003835347	0.0477486014	-0.0231148999	-0.0297423326	0.019921962012556	0.457268586438561	0.448081059024295	0.592443852028073
-0.0271647	0.039491	0.138078	-0.00198188	-0.00125802	-0.000278009	0.009793	0.0263618	0.018155	-0.00032796	-0.00011036	0.00010813	0.0816323	0.0406241631	0.0105580562	-0.0242579167	-0.0481607204	-0.0503969439	-0.0299605535	0.0039545126	0.0360905197	0.0519900974	0.0445003321	0.0169907249	-0.0181626821	-0.0451450484	-0.0518175273	-0.0351782991	-0.0027130321	0.0309727759	0.0507245288	0.0476562936	0.0231484102	-0.0117734969	-0.0012715609	-0.043628485	-0.0434572566	-0.0136167449	0.0271227936	-0.0360518724	0.0559850398	0.0288750036	0.0227620151	0.0052275497	0.555271321702953	-0.04832118943385	0.448081059024295	-1.68540061352814
-0.0375135	0.0159016	0.155243	-0.00291238	-0.00143152	-0.000315596	-0.0103488	-0.0235894	0.017165	-0.0009305	-0.0001735	-3.7587e-05	0.10818255	0.0404808604	0.0101145671	-0.0248573823	-0.0485105521	-0.0500744995	-0.0288370829	0.0055312652	0.0373809583	0.0522092763	0.0432641622	0.0146187631	-0.0206832724	-0.0465672044	-0.051246815	-0.0325912492	0.0009047034	0.0339887004	0.0515959829	0.0457090957	0.019008626	-0.016347399	-0.035342499	-0.0425955041	0.0247636484	-0.0329157204	0.0109378948	-0.0059292996	0.0373552619	-0.0549336358	0.0379068662	0.0053017859	0.86995107381372	0.128633397822214	0.448081059024295	-1.68540061352814
-0.0356255	0.0131161	0.138067	-0.00165421	-0.00112482	-0.000341702	0.001888	-0.0027855	-0.017176	0.00125817	0.0003067	-2.6106e-05	0.1013983	0.0403368038	0.0096703246	-0.0254526818	-0.0488459301	-0.0497287433	-0.0276942808	0.007102971	0.0386268493	0.0523497117	0.0419474363	0.0122138669	-0.0231484102	-0.0478428428	-0.0504891087	-0.0298676878	0.0045181276	0.0368217834	0.05215628	0.0434547811	0.0147273348	-0.02078714	-0.0452976439	-0.0253722421	0.0305748572	-0.0313519099	-0.0210243184	0.009271953	0.0108400916	-0.0707996844	-0.0075225789	-0.0383987738	-0.680823486826154	0.676292504589058	0.448081059024295	-1.68540061352814
-0.0409139	0.0130038	0.106731	-0.00208837	-0.00143152	-0.000287471	-0.00528840000000001	-0.000112300000000003	-0.031336	-0.00043416	-0.0003067	5.4231e-05	0.07649125	0.040191996	0.0092253617	-0.0260437153	-0.0491667543	-0.0493598362	-0.0265329132	0.0086681957	0.039826708	0.0524111916	0.0405526062	0.0097814541	-0.0255514863	-0.0489679499	-0.0495471731	-0.0270190229	0.0081100208	0.0394567845	0.0524020413	0.0409084964	0.0103364079	-0.0250562833	-0.0241731458	-0.0128558723	-0.0314856748	-0.0178169738	0.0067493001	0.0145000047	-0.0011767221	-0.0211264027	-0.0837908162	-0.0383242662	-1.02892091835355	0.482980388580342	0.448081059024295	-1.68540061352814
-0.0409261	0.032686	0.112793	-0.00215274	-0.001337	-0.000351807	-1.21999999999969e-05	0.0196822	0.00606200000000001	-6.43700000000002e-05	9.45200000000001e-05	-6.4336e-05	0.0369177	0.0400464398	0.0087797117	-0.026630384	-0.0494729291	-0.0489679499	-0.0253537587	0.0102255113	0.0409791044	0.0523936235	0.0390822688	0.0073270047	-0.0278860579	-0.0499389857	-0.0484244452	-0.0240571864	0.011663266	0.0418795288	0.0523317845	0.0380873499	0.0058685331	-0.0291197926	-0.0295894137	0.0055560981	-0.0430891727	-0.014909634	0.0761335733	0.0260087398	0.0421454491	0.0267357951	-0.040028931	0.0276929216	-0.982535257957966	0.58986236668183	0.448081059024295	-1.68540061352814
-0.0332205	0.0267362	0.140769	-0.00248376	-0.00129015	-0.000227972	0.0077056	-0.0059498	0.027976	-0.00033102	4.68499999999998e-05	0.000123835	0.06671665	0.0399001378	0.0083334077	-0.0272125894	-0.0497643635	-0.0485532669	-0.0241576078	0.0117734969	0.0420826652	0.0522970337	0.0375391619	0.0048560483	-0.0301458661	-0.050752895	-0.0471250218	-0.0209945843	0.0151609305	0.0440769831	0.0519459335	0.0350102966	0.0013569709	-0.032944319	-0.0414087272	0.0140190093	0.0219679554	0.0264880831	0.0435202119	0.0492997479	0.0176104187	-0.0125750922	0.0152335107	0.0562227389	-1.01602826082153	0.993004377983079	0.448081059024295	-1.68540061352814
-0.0409775	0.0237913	0.112678	-0.00247596	-0.00125822	-0.000177994	-0.007757	-0.0029449	-0.028091	7.79999999999965e-06	3.19299999999995e-05	4.9978e-05	0.0432783	0.0397530928	0.0078864829	-0.027790234	-0.0500409704	-0.0481159803	-0.0229452624	0.0133107399	0.0431360754	0.052121568	0.0359261587	0.0023741518	-0.0323248521	-0.0514071169	-0.0456536443	-0.0178440444	0.0185863463	0.0460373263	0.051246815	0.0316980113	-0.0031646932	-0.0364984753	-0.0290197661	0.041585415	0.0643353867	-0.0158621297	0.0050191477	0.0566263255	-0.039787812	-0.0462598882	0.0018898806	0.048161673	-1.25922914881706	0.880303412820977	0.448081059024295	-1.68540061352814
-0.0410557	0.0129076	0.0926443	-0.00247126	-0.000909068	-6.28378e-05	-7.81999999999936e-05	-0.0108837	-0.0200337	4.70000000000028e-06	0.000349152000000001	0.0001151562	0.05444601	0.0396053074	0.0074389706	-0.028363221	-0.0503026675	-0.0476562936	-0.0217175351	0.0148358378	0.0441380794	0.051867491	0.0342462625	-0.0001130935	-0.0344171741	-0.051899593	-0.0440156816	-0.0146187631	0.0219231897	0.0477500128	0.0502386454	0.0281727488	-0.0076627981	-0.0397530928	0.0144835973	0.0528011407	0.0176756471	-0.0071929873	-0.0161805386	0.0323754838	-0.0608436666	-1.81091e-05	-0.0461598784	-0.0188226715	0.376721721282209	0.416430782680684	0.448081059024295	-1.68540061352814
-0.0410172	0.0205897	0.10326	-0.00246107	-0.00103968	-0.000119086	3.84999999999969e-05	0.0076821	0.0106157	1.01899999999998e-05	-0.000130612	-5.62482e-05	0.02818881	0.0394567845	0.0069909042	-0.0289314543	-0.0505493769	-0.0471744208	-0.020475249	0.016347399	0.0450874833	0.051535186	0.0325026013	-0.0026000839	-0.0364172225	-0.0522287737	-0.0422171104	-0.0113322499	0.025155559	0.0492058292	0.0489275043	0.0244581953	-0.0121038584	-0.0426814612	0.0489769571	0.0424853985	-0.0311447294	0.0274465188	-0.0107407605	-0.0114411748	-0.0344851296	0.0677622109	-0.0229747547	-0.0252691678	0.346390759676676	1.05163092668159	0.448081059024295	-1.68540061352814
-0.0409628	0.0394249	0.0952561	-0.00176426	-0.00140608	-0.000119086	5.43999999999892e-05	0.0188352	-0.00800389999999998	0.00069681	-0.000366400000000001	0	0.080054	0.0393075269	0.0065423171	-0.0294948387	-0.0507810249	-0.0466705863	-0.0192192368	0.0178440444	0.0459831556	0.0511251541	0.0306984217	-0.0050812166	-0.038319635	-0.0523936235	-0.0402644936	-0.0079982704	0.0282680507	0.0503969439	0.047321299	0.0205793086	-0.0164548132	-0.0452595478	0.0654944776	-0.0015721087	-0.0204720622	0.0265550836	0.0411452068	-0.0534206248	-0.0026997256	0.0529132885	-0.0037554218	0.0356803029	-1.25028418079082	1.02351874509152	0.448081059024295	-1.68540061352814
-0.0410004	0.044143	0.0987592	-0.00176426	-0.00118595	-0.000119086	-3.75999999999918e-05	0.0047181	0.0035031	0	0.00022013	0	0.0192653	0.0391575372	0.0060932427	-0.0300532798	-0.0509975427	-0.0461450246	-0.0179503407	0.0193244083	0.0468240289	0.0506380137	0.0288370829	-0.0075509019	-0.0401193113	-0.0523936235	-0.038164956	-0.0046307895	0.0312458323	0.0513169495	0.0454297158	0.0165621507	-0.0206832724	-0.0474661945	0.042211392	-0.0632865031	0.0450230161	0.0266097716	0.0099596354	-0.0826747548	0.0157459414	-0.0149107117	-0.0200330728	0.0553300883	0.082319720232302	0.933551612127786	0.448081059024295	-1.68540061352814
-0.0409877	0.0130254	0.0926404	-0.00176426	-0.00125487	-0.000119086	1.27000000000044e-05	-0.0311176	-0.00611880000000001	0	-6.89199999999999e-05	0	0.0406951	0.0390068183	0.0056437143	-0.0306066839	-0.0511988656	-0.0455979804	-0.0166694112	0.02078714	0.047609101	0.0500744995	0.0269220508	-0.0100035758	-0.0418114263	-0.0522287737	-0.0359261587	-0.0012439122	0.0340747132	0.0519608967	0.0432641622	0.0124337127	-0.024757758	-0.0492832916	-0.0401937819	-0.0503761099	0.0363639451	-0.0397062391	0.0051733344	-0.0159721347	0.0441970948	-0.0730753915	-0.0617905802	0.0075326269	0.493973471030055	0.689617246326118	0.448081059024295	-1.68540061352814
-0.0409292	0.0130253	0.0926471	-0.00176426	-0.00170883	-0.000119086	5.84999999999961e-05	-1.00000000001141e-07	6.69999999999837e-06	0	-0.00045396	0	0.0227633	0.0388553731	0.0051937656	-0.0311549584	-0.0513849338	-0.0450297083	-0.015377307	0.0222309049	0.0483374366	0.0494354616	0.0249568909	-0.0124337127	-0.0433914434	-0.051899593	-0.0335562706	0.0021481754	0.0367412126	0.0523253215	0.0408376979	0.0082217334	-0.0286479378	-0.0506959264	-0.0473303175	0.0036885997	-0.0010875749	0.0474995099	-0.0280742874	0.0385480617	0.0275221259	-0.00816598	-0.0530568253	-0.0284979603	1.04134895991006	2.31690196518565	0.448081059024295	-1.68540061352814
-0.0409292	0.0130253	0.0926471	-0.00176426	-0.00170883	-0.000119086	0	0	0	0	0	0	0	0.0387032042	0.00474343	-0.0316980113	-0.0515556917	-0.044440473	-0.0140748942	0.0236543856	0.0490081675	0.0487218636	0.0229452624	-0.0148358378	-0.0448551266	-0.0514071169	-0.0310639394	0.0055312652	0.0392326234	0.0524082634	0.038164956	0.0039545126	-0.0323248521	-0.0516925056	-0.0311756599	0.0275457067	-0.031466798	0.0942425558	-0.0102479922	0.0531065962	0.0168129844	0.0485648706	-0.02932368	-0.0052302553	0.043627547314282	2.35485866785316	0.448081059024295	-1.68540061352814
-0.0409292	0.0324249	0.128416	-0.00188398	-0.00170883	-0.000119086	0	0.0193996	0.0357689	-0.00011972	0	0	0.0611545	0.0385503146	0.004292741	-0.0322357516	-0.0517110885	-0.0438305487	-0.0127630461	0.0250562833	0.0496204944	0.0479347819	0.0208909108	-0.0172045393	-0.0461985516	-0.050752895	-0.0284582593	0.0088911868	0.0415370728	0.0522092763	0.0352620549	-0.0003392783	-0.0357611286	-0.0522648503	-0.0226434974	0.0543029046	-0.0041001872	0.0307422266	0.0616323454	0.0548021922	-0.0067656853	0.0237028401	0.0087695084	0.054131559	0.085957163573452	2.4952913223646	0.448081059024295	-1.68540061352814
-0.0409292	0.0382081	0.128358	-0.00173318	-0.00170883	-0.000119086	0	0.0057832	-5.7999999999947e-05	0.0001508	0	0	0.0133812	0.0383967071	0.0038417323	-0.0327680892	-0.0518510778	-0.0432002194	-0.011442642	0.0264353189	0.0501736876	0.0470754035	0.0187976612	-0.0195344808	-0.0474181167	-0.0499389857	-0.025748738	0.0122138669	0.0436435792	0.0517294306	0.032146501	-0.0046307895	-0.0389311863	-0.0524082634	0.062356417	0.0274774314	0.0594574186	-0.0315321671	0.0363205322	0.0002121226	-0.0697822133	-0.0133656509	0.0280488577	0.0878726428	0.24204061983774	2.39806044362185	0.448081059024295	-1.68540061352814
-0.0409555	0.0365311	0.116222	-0.00164471	-0.00157652	-0.000119086	-2.62999999999999e-05	-0.001677	-0.012136	8.847e-05	0.00013231	0	0.0248783	0.0382423846	0.0033904374	-0.0332949349	-0.0519756181	-0.0425497785	-0.0101145671	0.027790234	0.050667088	0.0461450246	0.0166694112	-0.0218204132	-0.0485105521	-0.0489679499	-0.0229452624	0.015485388	0.0455421041	0.0509713076	0.0288370829	-0.0088911868	-0.0418114263	-0.052121568	0.0031550304	-0.0682662079	0.025298506	0.001629497	0.0065046771	-0.0661929703	-0.0072597687	-0.0466910004	-0.0107867742	0.0037420299	1.01858584380298	1.2468625342662	0.448081059024295	-1.68540061352814
-0.0409417	0.0358175	0.107989	-0.00123789	-0.00163038	-0.000119086	1.38000000000013e-05	-0.000713599999999995	-0.00823299999999999	0.00040682	-5.386e-05	0	0.0319944	0.0380873499	0.00293889	-0.0338162004	-0.0520846721	-0.0418795288	-0.0087797117	0.0291197926	0.0511001074	0.0451450484	0.0145101234	-0.0240571864	-0.0494729291	-0.0478428428	-0.020058062	0.0186920473	0.0472236001	0.0499389857	0.0253537587	-0.0130918447	-0.0443804069	-0.0514071169	-0.0440894849	0.0137537353	0.0114719709	0.041065402	-0.0310806603	0.0415183491	0.0418471993	-0.0082440115	-0.0396491917	0.0019081721	0.536982850527553	0.060620371977599	0.448081059024295	-1.68540061352814
-0.031586	0.0371194	0.107994	-0.00177784	-0.00170883	-0.000119086	0.00935569999999999	0.0013019	4.99999999999112e-06	-0.00053995	-7.84499999999999e-05	0	0.0415826	0.0379316059	0.0024871236	-0.0343317983	-0.0521782074	-0.0411897824	-0.0074389706	0.0304227813	0.0514722298	0.0440769831	0.0123238185	-0.0262397614	-0.0503026675	-0.0465672044	-0.0170976719	0.0218204132	0.0486800542	0.0486380181	0.0217175351	-0.0172045393	-0.0466190039	-0.0502707735	0.0385119398	0.0596614565	-0.0211986993	-0.0098673552	-0.017361278	0.0150079416	-0.0526958801	0.0394698303	-0.016491961	-0.0259791047	-0.365284923939262	0.15870040466758	0.448081059024295	0.592443852028073
-0.0409946	0.0411405	0.121512	-0.00226608	-0.00138709	-0.000119086	-0.0094086	0.00402109999999999	0.013518	-0.00048824	0.00032174	0	0.0674467	0.0377751555	0.002035172	-0.0348416421	-0.052256196	-0.0404808604	-0.0060932427	0.0316980113	0.0517830118	0.0429424396	0.0101145671	-0.028363221	-0.0509975427	-0.0451450484	-0.0140748942	0.0248573823	0.0499045256	0.0470754035	0.0179503407	-0.0212016376	-0.0485105521	-0.0487218636	0.0579698738	-0.0301568737	-0.0532055884	0.0161026014	-0.0197200898	-0.0624400432	-0.0027144536	0.0594146828	0.0283248734	-0.0069123429	-0.297935266488812	0.284204659001017	0.448081059024295	0.592443852028073
-0.0245273	0.0310734	0.142696	-0.00242825	-0.00153979	-0.000119086	0.0164673	-0.0100671	0.021184	-0.00016217	-0.0001527	0	0.0634619	0.0376180017	0.0015830688	-0.0353456466	-0.0523186149	-0.0397530928	-0.00474343	0.032944319	0.052032083	0.0417431291	0.0078864829	-0.0304227813	-0.0515556917	-0.0435808493	-0.0110007588	0.027790234	0.0508911792	0.0452595478	0.0140748942	-0.0250562833	-0.0500409704	-0.046773099	-0.0054097259	-0.0620630729	0.0069115476	0.0081014435	0.0337712743	-0.0550069078	0.0563729122	-0.0117201458	0.0220825929	0.0268566602	-2.01651564917363	1.25424710852939	0.448081059024295	-1.68540061352814
-0.0408582	0.0129315	0.145761	-0.00221346	-0.00206005	-5.38412e-05	-0.0163309	-0.0181419	0.00306499999999998	0.00021479	-0.00052026	6.52448e-05	0.07755254	0.0374601473	0.0011308477	-0.0358437271	-0.0523654453	-0.0390068183	-0.0033904374	0.0341605674	0.0522191466	0.0404808604	0.0056437143	-0.0324138022	-0.0519756181	-0.0418795288	-0.0078864829	0.0306066839	0.0516353132	0.0432002194	0.0101145671	-0.0287425773	-0.0511988656	-0.044440473	-0.0519465936	-0.0221156613	0.0439716061	0.0319293466	-0.0380957697	0.0202140746	0.0266328802	-0.0647791825	-0.0006661233	0.0135717733	0.086281610060047	1.24192415013422	0.448081059024295	-1.68540061352814
-0.0408454	0.0128317	0.151861	-0.00269801	-0.00206005	-0.000295871	1.27999999999934e-05	-9.97999999999988e-05	0.00609999999999999	-0.00048455	0	-0.0002420298	0.04254159	0.0373015953	0.0006785423	-0.0363358002	-0.0523966733	-0.0382423846	-0.002035172	0.0353456466	0.0523439796	0.0391575372	0.0033904374	-0.0343317983	-0.052256196	-0.0400464398	-0.00474343	0.0332949349	0.0521333814	0.0409084964	0.0060932427	-0.0322357516	-0.0519756181	-0.0417431291	-0.0362643043	0.0541323067	-0.0243513213	-0.0252311478	-0.0593757858	0.0621400845	-0.031193181	-0.0129315361	0.0126242525	-0.0470488609	-1.14193695902188	1.07528268426169	0.448081059024295	-1.68540061352814
-0.0344792	0.0127437	0.142647	-0.00313396	-0.00165523	-0.000119086	0.00636620000000001	-8.79999999999995e-05	-0.009214	-0.00043595	0.00040482	0.000176785	0.06654595	0.0371423487	0.0002261864	-0.0368217834	-0.0524122897	-0.0374601473	-0.0006785423	0.0364984753	0.0524064334	0.0377751555	0.0011308477	-0.0361724484	-0.0523966733	-0.0380873499	-0.0015830688	0.0358437271	0.0523830103	0.0383967071	0.002035172	-0.0355123358	-0.0523654453	-0.0387032042	0.0303244696	0.0704496091	-0.0529316092	-0.0190830728	-0.0155662275	0.0355569589	-0.048989558	0.0674619773	0.0273187711	-0.0198695309	1.00766147437613	0.895409966985993	0.448081059024295	-1.68540061352814
-0.0409199	0.0128564	0.163413	-0.0027097	-0.00174207	-0.000119086	-0.00644070000000001	0.000112699999999997	0.020766	0.00042426	-8.68400000000001e-05	0	0.0528744	0.0369824104	-0.0002261864	-0.0373015953	-0.0524122897	-0.0366604707	0.0006785423	0.0376180017	0.0524064334	0.0363358002	-0.0011308477	-0.0379316059	-0.0523966733	-0.036008423	0.0015830688	0.0382423846	0.0523830103	0.0356783636	-0.002035172	-0.0385503146	-0.0523654453	-0.0353456466	0.0586721129	0.0078187986	-0.0217847462	-0.0065004448	0.0049705835	-0.0378143774	-0.0189468305	0.0418801536	0.0893207859	0.024895835	0.880460855579776	0.897941803176606	0.448081059024295	-1.68540061352814
-0.0410401	0.0128885	0.174395	-0.00258126	-0.00126964	-0.000119086	-0.000120200000000001	3.21000000000002e-05	0.010982	0.00012844	0.00047243	0	0.0411778	0.0368217834	-0.0006785423	-0.0377751555	-0.0523966733	-0.0358437271	0.002035172	0.0387032042	0.0523439796	0.0348416421	-0.0033904374	-0.0396053074	-0.052256196	-0.0338162004	0.00474343	0.0404808604	0.0521333814	0.0327680892	-0.0060932427	-0.0413292761	-0.0519756181	-0.0316980113	0.0463054114	-0.062459361	0.0304578679	0.0016844797	-0.0374334384	-0.0807954063	-0.004109623	-0.0336138842	0.0556802226	-0.00432932	0.755195802407542	-0.158556862952445	0.448081059024295	-1.68540061352814
-0.0410232	0.0130642	0.16225	-0.0017965	-0.0013937	-0.000119086	1.69000000000072e-05	0.000175700000000001	-0.012145	0.00078476	-0.00012406	0	0.0577786	0.0366604707	-0.0011308477	-0.0382423846	-0.0523654453	-0.0350102966	0.0033904374	0.0397530928	0.0522191466	0.0332949349	-0.0056437143	-0.0411897824	-0.0519756181	-0.0315175794	0.0078864829	0.0425497785	0.0516353132	0.0296815396	-0.0101145671	-0.0438305487	-0.0511988656	-0.027790234	-0.0347728454	-0.061417272	0.0272006235	-0.0188108332	-0.0422403121	-0.0362877569	0.0371408672	-0.0678287868	0.0139886234	-0.0375033676	0.268057461890309	-0.504719600738204	0.448081059024295	-1.68540061352814
-0.0410044	0.0234881	0.136914	-0.00135439	-0.00154354	-0.000221829	1.87999999999924e-05	0.0104239	-0.025336	0.00044211	-0.00014984	-0.000102743	0.07051335	0.0364984753	-0.0015830688	-0.0387032042	-0.0523186149	-0.0341605674	0.00474343	0.0407667093	0.052032083	0.0316980113	-0.0078864829	-0.0426814612	-0.0515556917	-0.0291197926	0.0110007588	0.044440473	0.0508911792	0.0264353189	-0.0140748942	-0.0460373263	-0.0500409704	-0.0236543856	-0.0561574991	0.0137310103	0.0019744413	-0.0071702945	-0.0532141195	0.0606324191	0.0240628809	-0.0152470224	-0.0392801861	-0.0607797628	0.198078583958099	-0.399236350529328	0.448081059024295	-1.68540061352814
-0.0410364	0.0245373	0.131545	-0.000918765	-0.00128291	-0.000406738	-3.19999999999973e-05	0.0010492	-0.00536900000000001	0.000435625	0.00026063	-0.000184909	0.0505084	0.0363358002	-0.002035172	-0.0391575372	-0.052256196	-0.0332949349	0.0060932427	0.0417431291	0.0517830118	0.0300532798	-0.0101145671	-0.0440769831	-0.0509975427	-0.026630384	0.0140748942	0.0461450246	0.0499045256	0.0230468899	-0.0179503407	-0.0479347819	-0.0485105521	-0.0193244083	0.0176447382	0.0685536532	-0.0300782492	0.0115522006	0.001045439	0.040920313	-0.0347605773	0.0656365101	-0.0204053999	-0.048850997	0.648054681897525	0.697685937769916	0.448081059024295	-1.68540061352814
-0.0410449	0.0365782	0.128916	-0.000887492	-0.00128291	-0.000395945	-8.50000000000156e-06	0.0120409	-0.00262899999999999	3.12730000000001e-05	0	1.0793e-05	0.0167817	0.0361724484	-0.0024871236	-0.0396053074	-0.0521782074	-0.0324138022	0.0074389706	0.0426814612	0.0514722298	0.028363221	-0.0123238185	-0.0453732043	-0.0503026675	-0.0240571864	0.0170976719	0.0476562936	0.0486800542	0.0195344808	-0.0217175351	-0.0495101664	-0.0466190039	-0.0148358378	0.070084967	-0.0150347394	-0.0395893351	0.034251574	0.014374925	-0.0529376818	-0.0120647733	0.0761929028	-0.0053222052	-0.0114536764	0.44767085164769	-0.534008714033096	0.448081059024295	-1.68540061352814
-0.0410491	0.0428707	0.149762	-0.00112801	-0.00128291	-0.000119086	-4.19999999999587e-06	0.0062925	0.020846	-0.000240518	0	0.000276859	0.05301155	0.036008423	-0.00293889	-0.0400464398	-0.0520846721	-0.0315175794	0.0087797117	0.0435808493	0.0511001074	0.026630384	-0.0145101234	-0.0465672044	-0.0494729291	-0.0214082961	0.020058062	0.0489679499	0.0472236001	0.0159169864	-0.0253537587	-0.050752895	-0.0443804069	-0.0102255113	-0.0208759911	-0.06204128	-0.0005229018	-0.022357069	0.0636418356	-0.0458515822	0.0601511414	-0.0041089173	0.0416616032	-0.0012973319	-0.314248966803367	0.232109416792194	0.448081059024295	-1.68540061352814
-0.0410491	0.0325388	0.152158	-0.000939682	-0.00128291	-0.000119086	0	-0.0103319	0.00239600000000001	0.000188328	0	0	0.0221443	0.0358437271	-0.0033904374	-0.0404808604	-0.0519756181	-0.0306066839	0.0101145671	0.044440473	0.050667088	0.0248573823	-0.0166694112	-0.0476562936	-0.0485105521	-0.0186920473	0.0229452624	0.0500744995	0.0455421041	0.0122138669	-0.0288370829	-0.0516546178	-0.0418114263	-0.0055312652	-0.0535576845	-0.0006956906	0.060697124	0.0306488298	0.0025751021	0.0374275651	0.0232354758	-0.0586786517	0.0316960934	0.0111168034	-2.15612271882609	0.306591053335691	0.448081059024295	-1.68540061352814
-0.041044	0.0132159	0.134559	-0.00102266	-0.00128291	-0.000354675	5.10000000000094e-06	-0.0193229	-0.017599	-8.29780000000002e-05	0	-0.000235589	0.05285535	0.0356783636	-0.0038417323	-0.0409084964	-0.0518510778	-0.0296815396	0.011442642	0.0452595478	0.0501736876	0.0230468899	-0.0187976612	-0.0486380181	-0.0474181167	-0.0159169864	0.025748738	0.0509713076	0.0436435792	0.0084450432	-0.032146501	-0.0522092763	-0.0389311863	-0.0007916247	0.018889184	0.0587333452	0.0177692537	-0.0622356575	0.0040342452	0.0343460227	-0.0631450119	-0.0060414535	-0.0189862838	-0.0132053059	-0.38847898894766	0.353762601082003	0.448081059024295	-1.68540061352814
-0.0410491	0.0131915	0.145003	-0.00117297	-0.00128291	-0.000119086	-5.10000000000094e-06	-2.44000000000008e-05	0.010444	-0.00015031	0	0.000235589	0.02976845	0.0355123358	-0.004292741	-0.0413292761	-0.0517110885	-0.0287425773	0.0127630461	0.0460373263	0.0496204944	0.0212016376	-0.0208909108	-0.0495101664	-0.0461985516	-0.0130918447	0.0284582593	0.0516546178	0.0415370728	0.0046307895	-0.0352620549	-0.0524131437	-0.0357611286	0.0039545126	0.0625099394	-0.0229721537	-0.0605068458	0.0120520912	-0.0503950436	-0.0492745032	-0.0203745893	0.0370427615	-0.0036454681	-0.0541036516	-0.695798035039045	0.741900201514733	0.448081059024295	-1.68540061352814
-0.0410491	0.0164207	0.155247	-0.0017671	-0.00128291	-0.000119086	0	0.0032292	0.010244	-0.00059413	0	0	0.0431797	0.0353456466	-0.00474343	-0.0417431291	-0.0515556917	-0.027790234	0.0140748942	0.046773099	0.0490081675	0.0193244083	-0.0229452624	-0.0502707735	-0.0448551266	-0.0102255113	0.0310639394	0.052121568	0.0392326234	0.0007916247	-0.038164956	-0.0522648503	-0.0323248521	0.0086681957	-0.03278893	-0.032910288	-0.0649905264	-0.0255090244	0.0079470177	-0.0238283706	0.0682066277	0.0322029156	0.036497004	-0.0127231581	-0.314439127636614	1.0580609689487	0.448081059024295	-1.68540061352814
-0.035919	0.013172	0.145019	-0.00131089	-0.00137833	-0.000119086	0.0051301	-0.0032487	-0.010228	0.00045621	-9.54200000000006e-05	0	0.0461883	0.0351782991	-0.0051937656	-0.042149986	-0.0513849338	-0.0268249532	0.015377307	0.0474661945	0.0483374366	0.0174180334	-0.0249568909	-0.0509181258	-0.0433914434	-0.0073270047	0.0335562706	0.0523702023	0.0367412126	-0.0030517987	-0.0408376979	-0.0517653924	-0.0286479378	0.0133107399	-0.0476632705	0.0109453077	0.0167143107	0.0304824601	0.0218882591	0.0421039273	0.0261460125	-0.024013813	0.0657931909	0.0378008148	1.05027417096661	0.988170578187588	0.448081059024295	-1.68540061352814
-0.0388355	0.0131416	0.157657	-0.00137806	-0.00155304	-0.00042728	-0.0029165	-3.03999999999999e-05	0.012638	-6.71699999999999e-05	-0.00017471	-0.000308194	0.0430886	0.0350102966	-0.0056437143	-0.0425497785	-0.0511988656	-0.0258471843	0.0166694112	0.0481159803	0.047609101	0.015485388	-0.0269220508	-0.051450765	-0.0418114263	-0.0044054445	0.0359261587	0.0523994793	0.0340747132	-0.006878805	-0.0432641622	-0.0509181258	-0.024757758	0.0178440444	0.0108912079	0.0477779588	0.0631570944	-0.0766894104	0.0274297873	0.0267835456	-0.0579814693	-0.0466736216	0.0220988787	0.0525935985	-2.0106256025854	-0.079475962633865	0.448081059024295	-1.68540061352814
-0.0410116	0.0277669	0.159075	-0.00152658	-0.00147011	-0.000119086	-0.00217609999999999	0.0146253	0.001418	-0.00014852	8.29300000000002e-05	0.000308194	0.0452016	0.0348416421	-0.0060932427	-0.0429424396	-0.0509975427	-0.0248573823	0.0179503407	0.0487218636	0.0468240289	0.0135293872	-0.0288370829	-0.051867491	-0.0401193113	-0.0014700233	0.038164956	0.0522092763	0.0312458323	-0.0106688069	-0.0454297158	-0.0497287433	-0.0206832724	0.0222309049	0.0382378463	-0.0448763507	0.0010663287	0.0372980924	-0.0515108072	-0.049509833	-0.0467989301	-0.0164595478	-0.0174791143	-0.0263636377	0.59436912990488	-0.327328994320791	0.448081059024295	0.592443852028073
-0.0464495	0.013156	0.156603	-0.00135503	-0.00146653	-0.000119086	-0.0054379	-0.0146109	-0.002472	0.00017155	3.57999999999999e-06	0	0.0312773	0.0346723388	-0.0065423171	-0.0433279037	-0.0507810249	-0.0238560081	0.0192192368	0.0492832916	0.0459831556	0.0115529809	-0.0306984217	-0.0521673651	-0.038319635	0.0014700233	0.0402644936	0.0518003901	0.0282680507	-0.0144014162	-0.047321299	-0.0482052363	-0.0164548132	0.0264353189	-0.0484215397	-0.0081393565	-0.0464388074	-0.0238796787	-0.0276644506	0.0113992841	0.0547169989	0.0056696761	-0.0019301979	-0.0557988209	1.03309826414677	-0.293274666966166	0.448081059024295	-1.68540061352814
-0.0465444	0.0371409	0.14639	-0.00129353	-0.00146653	-0.000493598	-9.49000000000019e-05	0.0239849	-0.010213	6.14999999999999e-05	0	-0.000374512	0.0560934	0.0345023898	-0.0069909042	-0.043706106	-0.0505493769	-0.022843528	0.020475249	0.0497997519	0.0450874833	0.0095591501	-0.0325026013	-0.0523497117	-0.0364172225	0.0044054445	0.0422171104	0.0511745333	0.025155559	-0.0180565534	-0.0489275043	-0.0463578411	-0.0121038584	0.0304227813	-0.0134318491	0.0609426175	-0.0355838007	0.0016539616	0.0379688832	0.0536433701	0.0052555307	0.0590113543	0.0306690245	0.0032371133	0.220827191040563	1.78313027934109	0.448081059024295	-1.68540061352814
-0.0410179	0.0346952	0.145077	-0.001602	-0.00146653	-0.000371871	0.0055265	-0.0024457	-0.00131300000000001	-0.00030847	0	0.000121727	0.03079505	0.0343317983	-0.0074389706	-0.0440769831	-0.0503026675	-0.0218204132	0.0217175351	0.0502707735	0.0441380794	0.0075509019	-0.0342462625	-0.0524141198	-0.0344171741	0.0073270047	0.0440156816	0.0503343274	0.0219231897	-0.0216145559	-0.0502386454	-0.0441989703	-0.0076627981	0.0341605674	0.0621471977	0.0024459435	0.010282039	-0.0198505667	-0.0021272917	-0.0262244046	-0.0326730308	0.0187448922	0.042219345	0.0215429272	0.694266233997735	2.82153663249731	0.448081059024295	-1.68540061352814
-0.0512282	0.0256165	0.147507	-0.00135533	-0.00146653	-0.000384303	-0.0102103	-0.0090787	0.00242999999999999	0.00024667	0	-1.2432e-05	0.0346741	0.0341605674	-0.0078864829	-0.044440473	-0.0500409704	-0.02078714	0.0229452624	0.0506959264	0.0431360754	0.0055312652	-0.0359261587	-0.0523604445	-0.0323248521	0.0102255113	0.0456536443	0.0492832916	0.0185863463	-0.0250562833	-0.051246815	-0.0417431291	-0.0031646932	0.0376180017	-0.0256093013	-0.0641488551	0.0291525902	-0.0440044946	0.0148789645	-0.0382008328	0.0338924414	-0.0527781047	0.0431916129	-0.0020300274	0.154374314792357	2.81383756841995	0.448081059024295	-1.68540061352814
-0.0509342	0.0131586	0.15965	-0.00129353	-0.00146653	-0.000357938	0.000293999999999996	-0.0124579	0.012143	6.18000000000001e-05	0	2.6365e-05	0.02930315	0.0339887004	-0.0083334077	-0.0447965146	-0.0497643635	-0.0197441895	0.0241576078	0.0510748227	0.0420826652	0.0035032861	-0.0375391619	-0.0521888067	-0.0301458661	0.0130918447	0.0471250218	0.0480258282	0.0151609305	-0.028363221	-0.0519459335	-0.0390068183	0.0013569709	0.0407667093	-0.0503947679	0.0247072723	0.023731799	0.0573548855	-0.0879086161	0.0617612877	0.0031763865	-0.0351131899	-0.0128436403	-0.0288859669	-0.601438130403901	2.55073409748775	0.448081059024295	-1.68540061352814
-0.0410522	0.0131014	0.163881	-0.00154265	-0.00131079	-0.000344239	0.009882	-5.72000000000003e-05	0.00423100000000001	-0.00024912	0.00015574	1.3699e-05	0.03509815	0.0338162004	-0.0087797117	-0.0451450484	-0.0494729291	-0.0186920473	0.0253537587	0.0514071169	0.0409791044	0.0014700233	-0.0390822688	-0.051899593	-0.0278860579	0.0159169864	0.0484244452	0.0465672044	0.011663266	-0.0315175794	-0.0523317845	-0.036008423	0.0058685331	0.0435808493	0.0536474313	0.0508496369	-0.0426983518	-0.0665266223	-0.0073911718	0.0130026333	-0.0519211658	0.053056214	0.006056399	-0.0193816494	-2.2241144777914	0.959187679132036	0.448081059024295	-1.68540061352814
-0.0410664	0.0151825	0.163865	-0.0018657	-0.00126396	-0.000345842	-1.41999999999989e-05	0.0020811	-1.59999999999882e-05	-0.00032305	4.68300000000001e-05	-1.60299999999992e-06	0.02068545	0.0336430707	-0.0092253617	-0.0454860159	-0.0491667543	-0.017631203	0.0265329132	0.0516925056	0.039826708	-0.0005654567	-0.0405526062	-0.051493455	-0.0255514863	0.0186920473	0.0495471731	0.0449135297	0.0081100208	-0.0345023898	-0.0524020413	-0.0327680892	0.0103364079	0.0460373263	-0.0213659792	-0.0347425656	-0.0337450231	-0.0048599873	0.0205770022	-0.0203197505	0.0448374776	0.0219261779	0.0411318112	0.0188345702	0.536935927724544	0.955536292149554	0.448081059024295	-1.68540061352814
-0.040966	0.0131683	0.163938	-0.00115725	-0.00168994	-0.000400896	0.000100399999999994	-0.0020142	7.29999999999897e-05	0.00070845	-0.00042598	-5.5054e-05	0.0616618	0.0334693144	-0.0096703246	-0.0458193599	-0.0488459301	-0.0165621507	0.0276942808	0.0519307284	0.0386268493	-0.0026000839	-0.0419474363	-0.0509713076	-0.0231484102	0.0214082961	0.0504891087	0.0430717306	0.0045181276	-0.0373015953	-0.05215628	-0.0293075885	0.0147273348	0.0481159803	-0.0297317705	0.0399133921	0.0405219018	0.0357494563	-0.0243914589	0.0489064081	-0.0225783339	-0.024488169	0.0740097851	0.0143713911	-0.595157266259028	0.943657797716027	0.448081059024295	-1.68540061352814
-0.0409957	0.0131748	0.152089	-0.00114086	-0.00161198	-0.000363054	-2.96999999999936e-05	6.49999999999956e-06	-0.011849	1.639e-05	7.796e-05	3.7842e-05	0.0184948	0.0332949349	-0.0101145671	-0.0461450246	-0.0485105521	-0.015485388	0.0288370829	0.052121568	0.0373809583	-0.0046307895	-0.0432641622	-0.0503343274	-0.0206832724	0.0240571864	0.051246815	0.0410495216	0.0009047034	-0.0399001378	-0.0515959829	-0.0256501718	0.019008626	0.0497997519	0.0595018273	-0.0079471712	0.0474672622	-0.0189116599	-0.0482380443	-0.027518525	-0.0647645345	-0.027194432	-0.004765108	-0.0228581421	-1.07994823181521	0.941081380347901	0.448081059024295	-1.68540061352814
-0.0410246	0.0160997	0.149933	-0.00114086	-0.0014778	-0.000343353	-2.89000000000053e-05	0.0029249	-0.00215600000000002	0	0.00013418	1.9701e-05	0.01280385	0.0331199354	-0.0105580562	-0.0464629554	-0.0481607204	-0.0144014162	0.0299605535	0.0522648503	0.0360905197	-0.0066545109	-0.0445003321	-0.0495839492	-0.0181626821	0.026630384	0.0518175273	0.0388553731	-0.0027130321	-0.0422840384	-0.0507245288	-0.0218204132	0.0231484102	0.0510748227	-0.0281262254	-0.0514237946	-0.0391571012	-0.0313629304	-0.0237284907	-0.0352529604	0.0392638162	-0.0053076731	-0.017079615	-0.0727148077	0.723285826740227	0.110286797371077	0.448081059024295	0.592443852028073
-0.0567825	0.0286703	0.137486	-0.00114086	-0.00179183	-0.000326461	-0.0157579	0.0125706	-0.012447	0	-0.00031403	1.6892e-05	0.0573216	0.032944319	-0.0110007588	-0.046773099	-0.0477965391	-0.0133107399	0.0310639394	0.0523604445	0.0347570714	-0.0086681957	-0.0456536443	-0.0487218636	-0.015593397	0.0291197926	0.052199163	0.0364984753	-0.0063178387	-0.044440473	-0.0495471731	-0.0178440444	0.0271158693	0.0519307284	-0.0561958895	0.0177871957	-0.0489263518	0.0286401525	0.0020661241	0.0496059714	0.0585005507	0.0375495498	-0.0076965642	-0.0077083555	0.228099916804303	-0.142344408351065	0.448081059024295	0.592443852028073
-0.0409693	0.037915	0.145057	-0.00133185	-0.00182748	-0.000321841	0.0158132	0.0092447	0.00757099999999999	-0.000190990000000001	-3.56500000000003e-05	4.61999999999999e-06	0.0441919	0.0327680892	-0.011442642	-0.0470754035	-0.0474181167	-0.0122138669	0.032146501	0.0524082634	0.0333822024	-0.0106688069	-0.0467219514	-0.0477500128	-0.0129823055	0.0315175794	0.0523903296	0.0339887004	-0.009892538	-0.0463578411	-0.0480710162	-0.0137477825	0.0308814681	0.0523604445	-0.0156229392	0.0495778125	0.0254432609	0.0214982936	0.0559469152	0.0499720251	-0.0049195505	0.0107892191	0.0308460297	0.0693558473	-2.32720264119151	-0.112369169633472	0.448081059024295	0.592443852028073
-0.0409902	0.0245181	0.12631	-0.000965415	-0.00173149	-0.000314481	-2.08999999999904e-05	-0.0133969	-0.018747	0.000366435000000001	9.599e-05	7.36000000000004e-06	0.05565405	0.0325912492	-0.0118836729	-0.0473698181	-0.0470255659	-0.0111113077	0.0332075124	0.0524082634	0.0319675512	-0.0126533271	-0.0477032642	-0.0466705863	-0.0103364079	0.0338162004	0.0523903296	0.0313365607	-0.0134200948	-0.0480258282	-0.0463049601	-0.0095591501	0.0344171741	0.0523604445	0.0572678549	-0.0038258545	0.0745213031	-0.0016108787	-0.0035535487	-0.0226467106	-0.0747183329	-0.0501013074	0.0030741923	0.0453129105	0.319426817889689	1.1956742866717	0.448081059024295	-1.68540061352814
-0.0324425	0.0132876	0.114444	-0.000620016	-0.00173149	-0.000119086	0.0085477	-0.0112305	-0.011866	0.000345399	0	0.000195395	0.0586839	0.0324138022	-0.0123238185	-0.0476562936	-0.0466190039	-0.0100035758	0.0342462625	0.0523604445	0.0305148036	-0.0146187631	-0.0485957556	-0.0454860159	-0.0076627981	0.036008423	0.052199163	0.028553165	-0.0168836987	-0.0494354616	-0.0442596553	-0.0053062903	0.0376966663	0.0519307284	0.0300300227	-0.0458696398	0.0092698502	-0.0277265351	-0.0128043887	-0.0599442033	-0.0130237414	-0.0247394673	-0.0338124288	-0.0243487106	0.635771712101972	0.290303378761046	0.448081059024295	0.592443852028073
-0.0409092	0.0221536	0.131664	-0.00106162	-0.0021565	-0.000119086	-0.0084667	0.008866	0.01722	-0.000441604	-0.00042501	0	0.0778834	0.0322357516	-0.0127630461	-0.0479347819	-0.0461985516	-0.0088911868	0.0352620549	0.0522648503	0.029025691	-0.0165621507	-0.0493977639	-0.0441989703	-0.004968644	0.0380873499	0.0518175273	0.0256501718	-0.0202668442	-0.050579158	-0.0419474363	-0.0010177779	0.040695531	0.0510748227	-0.001687546	-0.0456308664	-0.0463037157	-0.0039238811	0.0009695142	-0.0389638715	0.0381633925	0.0124921845	-0.0629023247	-0.0332297305	0.382546631611001	0.072445606812311	0.448081059024295	0.592443852028073
-0.0279976	0.0319007	0.135123	-0.00153773	-0.00208133	-0.000119086	0.0129116	0.0097471	0.00345899999999999	-0.00047611	7.51699999999998e-05	0	0.0536817	0.0320571007	-0.013201323	-0.0482052363	-0.0457643343	-0.0077746586	0.0362542087	0.052121568	0.0275019879	-0.0184805588	-0.0501077956	-0.042812349	-0.0022611689	0.0400464398	0.051246815	0.0226397406	-0.0235534089	-0.051450765	-0.0393822474	0.0032775729	0.0433914434	0.0497997519	-0.042210701	-0.0254387101	-0.0339350283	0.0289841572	0.0615257867	-0.002777818	0.074137498	0.0207782578	-0.033993664	0.006361997	-2.14271020602915	0.112756556267515	0.448081059024295	0.592443852028073
-0.0239661	0.0329143	0.135109	-0.00127968	-0.00269494	-5.4831e-05	0.0040315	0.0010136	-1.4000000000014e-05	0.00025805	-0.00061361	6.4255e-05	0.05185485	0.0318778528	-0.0136386166	-0.0484676115	-0.0453164815	-0.0066545109	0.0372220587	0.0519307284	0.0259455102	-0.020371094	-0.0507245288	-0.0413292761	0.0004523686	0.0418795288	0.0504891087	0.0195344808	-0.0267277308	-0.0520455938	-0.0365795581	0.0075509019	0.0457643343	0.0481159803	-0.0535537921	0.0080506417	0.0389187982	0.0139055311	0.0455040763	0.0485534419	0.0257007739	-0.0371556581	-0.0184200557	0.0661166919	-0.289405194826022	0.146971107197032	0.448081059024295	0.592443852028073
-0.0180811	0.0168215	0.132902	-0.00108577	-0.00269494	-0.000119086	0.005885	-0.0160928	-0.00220699999999999	0.00019391	0	-6.4255e-05	0.03709305	0.0316980113	-0.0140748942	-0.0487218636	-0.0448551266	-0.0055312652	0.038164956	0.0516925056	0.0243581127	-0.0222309049	-0.051246815	-0.0397530928	0.0031646932	0.0435808493	0.0495471731	0.016347399	-0.029774683	-0.0523604445	-0.0335562706	0.0117734969	0.0477965391	0.0460373263	-0.0247602386	0.038621836	0.052907139	0.021601156	0.0211348674	0.0544061067	-0.0379897304	-0.0380857567	-0.049950317	0.0401033672	-2.17303653709492	1.09975215878815	0.448081059024295	-1.68540061352814
-0.0198902	0.0131051	0.135097	-0.001428	-0.00186776	-2.29147e-05	-0.0018091	-0.0037164	0.002195	-0.00034223	0.00082718	9.61713e-05	0.070999565	0.0315175794	-0.0145101234	-0.0489679499	-0.0443804069	-0.0044054445	0.0390822688	0.0514071169	0.0227416872	-0.0240571864	-0.051673682	-0.0380873499	0.0058685331	0.0451450484	0.0484244452	0.0130918447	-0.0326797453	-0.0523936235	-0.0303306173	0.0159169864	0.0494729291	0.0435808493	0.0346663742	0.0548087209	-0.0162816365	-0.0283706458	0.002744721	0.0167032634	-0.0620097812	0.0150272361	-0.0482093027	-0.0192877514	-2.23159434303421	1.85419855426188	-2.22840312389761	-1.68540061352814
-0.0181383	0.0357437	0.0771745	-0.000335482	-0.00145189	0.000154278	0.0017519	0.0226386	-0.0579225	0.001092518	0.00041587	0.0001771927	0.166592035	0.0313365607	-0.0149442718	-0.0492058292	-0.0438924641	-0.0032775729	0.0399733818	0.0510748227	0.02109816	-0.0258471843	-0.0520043348	-0.0363358002	0.0085566393	0.0465672044	0.0471250218	0.0097814541	-0.0354290736	-0.0521449521	-0.0269220508	0.0199535306	0.0507810249	0.0407667093	0.0504617345	-0.0151510729	-0.0462548628	0.032258552	0.0761324433	-0.0385146377	0.0131924975	0.0707269353	-0.0581959479	0.048016877	0.418315390420502	2.44998067524423	0.448081059024295	-1.68540061352814
-0.0304039	0.0375754	0.111403	-0.00113584	-0.00170321	0.000167337	-0.0122656	0.00183170000000001	0.0342285	-0.000800358	-0.00025132	1.3059e-05	0.10156265	0.0311549584	-0.015377307	-0.0494354616	-0.0433914434	-0.0021481754	0.0408376979	0.0506959264	0.0194294898	-0.0275981986	-0.0522381577	-0.0345023898	0.0112218049	0.0478428428	0.0456536443	0.0064300929	-0.0380095663	-0.0516157682	-0.023351127	0.0238560081	0.0517110885	0.0376180017	0.027505838	-0.0149585095	0.0707998935	-0.0346856649	0.0592763547	-0.0282436672	-0.0157284222	-0.0372309278	-0.0794218605	0.0615517359	-0.591052755806349	0.882418903434472	0.448081059024295	0.592443852028073
-0.0408638	0.0325154	0.111403	-0.000990219	-0.00250569	-0.000119086	-0.0104599	-0.00506	0	0.000145621	-0.00080248	-0.000286423	0.0772461	0.0309727759	-0.0158091967	-0.0496568086	-0.0428774942	-0.0010177779	0.0416746376	0.0502707735	0.017737665	-0.0293075885	-0.0523747155	-0.0325912492	0.0138568845	0.0489679499	0.0440156816	0.0030517987	-0.0404089261	-0.0508089184	-0.0196393809	0.0275981986	0.052256196	0.0341605674	0.0442897538	-0.0019985141	0.0012186002	0.0001797432	-0.0173231085	-0.0363895861	-0.013056332	0.0019756062	-0.0932494541	-0.0150151805	0.966474984035001	0.38358901273654	0.448081059024295	0.592443852028073
-0.0318832	0.0130514	0.124421	-0.00113584	-0.00193646	-0.000119086	0.00898060000000001	-0.019464	0.013018	-0.000145621	0.00056923	0	0.07720515	0.0307900166	-0.0162399088	-0.0498698332	-0.0423507695	0.0001130935	0.0424836398	0.0497997519	0.0160247019	-0.0309727759	-0.0524137538	-0.0306066839	0.0164548132	0.0499389857	0.0422171104	-0.0003392783	-0.042615719	-0.0497287433	-0.0158091967	0.0311549584	0.0524122897	0.0304227813	0.0461364073	-0.0172260301	-0.0513296176	0.0057591761	0.028956414	-0.0450438187	0.0261092764	0.0596204864	-0.0787587204	0.0243311405	0.692113033004395	0.058485201789589	0.448081059024295	0.592443852028073
-0.0409166	0.0467363	0.165685	-0.001218	-0.00218292	0.000105757	-0.0090334	0.0336849	0.041264	-8.216e-05	-0.00024646	0.000224843	0.11165545	0.0306066839	-0.0166694112	-0.0500744995	-0.0418114263	0.0012439122	0.0432641622	0.0492832916	0.0142926419	-0.0325912492	-0.0523552	-0.028553165	0.019008626	0.050752895	0.0402644936	-0.0037289341	-0.0446194286	-0.0483810535	-0.0118836729	0.0345023898	0.0521782074	0.0264353189	-0.0272450444	-0.0505277382	-0.0227225311	0.0255900219	0.0240818051	-0.0334295439	0.075518053	0.0185248378	0.002930855	0.0227912818	-0.649929142881862	0.371211737457751	0.448081059024295	0.592443852028073
-0.0409658	0.0335285	0.163724	-0.000948013	-0.00200409	5.98657e-05	-4.92000000000062e-05	-0.0132078	-0.00196099999999999	0.000269987	0.00017883	-4.58913e-05	0.039953415	0.0304227813	-0.0170976719	-0.0502707735	-0.0412596253	0.0023741518	0.0440156816	0.0487218636	0.0125435491	-0.0341605674	-0.052199163	-0.0264353189	0.021511476	0.0514071169	0.038164956	-0.007102971	-0.0464105063	-0.046773099	-0.0078864829	0.0376180017	0.0515556917	0.0222309049	-0.0670961822	0.0047252899	0.0635330634	0.0043175425	-0.0046607093	0.0433686836	0.0279534285	-0.0612976698	0.0218097387	0.0134679905	0.406073478077581	1.48991979995673	0.448081059024295	-1.68540061352814
-0.0408809	0.0343504	0.167221	-0.00101803	-0.0023937	-0.000119086	8.48999999999989e-05	0.0008219	0.003497	-7.0017e-05	-0.00038961	-0.0001789517	0.036332735	0.0302383121	-0.017524659	-0.050458622	-0.040695531	0.0035032861	0.0447376941	0.0481159803	0.0107795079	-0.0356783636	-0.0519459335	-0.0242579167	0.0239566531	0.051899593	0.0359261587	-0.0104472564	-0.0479804167	-0.0449135297	-0.0038417323	0.0404808604	0.0505493769	0.0178440444	-0.0241780714	0.0441370893	0.0133231035	0.0470652663	-0.053557326	0.0578464497	-0.0422520075	-0.0131912625	-0.0190808158	-0.0216076676	-1.32322073882585	0.351034542715769	0.448081059024295	0.592443852028073
-0.0282823	0.0289276	0.18024	-0.00121003	-0.00233413	0.000111793	0.0125986	-0.0054228	0.013019	-0.000192	5.95700000000001e-05	0.000230879	0.05516285	0.0300532798	-0.0179503407	-0.0506380137	-0.0401193113	0.0046307895	0.0454297158	0.0474661945	0.0090026205	-0.0371423487	-0.0515959829	-0.0220258641	0.0263376015	0.0522287737	0.0335562706	-0.0137477825	-0.0493216787	-0.042812349	0.0002261864	0.0430717306	0.0491667543	0.0133107399	0.0359143129	0.0592092647	-0.0373307377	-0.011126158	0.0167240773	0.0202855322	-0.0401883652	0.0421476777	-0.0247601996	0.0036019356	-0.416616000809872	0.438698734161062	0.448081059024295	-1.68540061352814
-0.0388747	0.0486307	0.170651	-0.00126474	-0.00234867	0.000222934	-0.0105924	0.0197031	-0.00958900000000001	-5.47100000000006e-05	-1.45400000000004e-05	0.000111141	0.0489040500000001	0.0298676878	-0.0183746853	-0.0508089184	-0.039531138	0.0057561371	0.0460912827	0.046773099	0.0072150046	-0.0385503146	-0.0511499628	-0.0197441895	0.0286479378	0.0523936235	0.0310639394	-0.0169907249	-0.0504279004	-0.0404808604	0.004292741	0.0453732043	0.0474181167	0.0086681957	0.0398489456	-0.042631522	-0.0373050695	0.0735229933	0.0279732607	-0.0620170501	0.0105425796	0.0466011505	0.0033368593	0.0490301647	1.07365160534993	0.425460084759415	0.448081059024295	-1.68540061352814
-0.0408919	0.0316269	0.203286	-0.00118967	-0.00227019	0.00019375	-0.0020172	-0.0170038	0.032635	7.507e-05	7.84800000000001e-05	-2.9184e-05	0.0607927	0.0296815396	-0.0187976612	-0.0509713076	-0.0389311863	0.006878805	0.0467219514	0.0460373263	0.0054187904	-0.0399001378	-0.0506087036	-0.0174180334	0.0308814681	0.0523936235	0.0284582593	-0.0201625	-0.0512938101	-0.0379316059	0.0083334077	0.0473698181	0.0453164815	0.0039545126	-0.0424347102	-0.021805238	0.05841386	0.0315089724	0.0178145938	0.010483515	0.0306526304	-0.0683360122	6.37544e-05	0.0611494376	0.422136820541871	0.818427155511193	0.448081059024295	-1.68540061352814
-0.0433112	0.032945	0.195733	-0.00101803	-0.00193646	0.0001539	-0.00241929999999999	0.0013181	-0.00755300000000001	0.00017164	0.00033373	-3.985e-05	0.0385514	0.0294948387	-0.0192192368	-0.0511251541	-0.038319635	0.0079982704	0.047321299	0.0452595478	0.0036161185	-0.0411897824	-0.0499732133	-0.0150526362	0.0330322041	0.0522287737	0.025748738	-0.0232498227	-0.0519152815	-0.0351782991	0.0123238185	0.0490481569	0.0428774942	-0.0007916247	0.0131020975	0.0261363028	0.0654207572	-0.0301520047	-0.0190696153	0.0201274677	-0.0544975591	-0.046528545	0.0081140014	-0.0160968301	0.265101016598092	1.0242211251449	0.448081059024295	-1.68540061352814
-0.0356675	0.0222714	0.214656	-0.00161926	-0.00193646	0.000450758	0.0076437	-0.0106736	0.018923	-0.00060123	0	0.000296858	0.0821447	0.0293075885	-0.0196393809	-0.0512704319	-0.0376966663	0.0091140124	0.0478889238	0.044440473	0.0018091373	-0.0424173034	-0.049244675	-0.0126533271	0.0350943796	0.051899593	0.0229452624	-0.0262397614	-0.052289353	-0.0322357516	0.0162399088	0.0503969439	0.0401193113	-0.0055312652	0.0256230331	-0.0381203513	-0.0507953049	-0.0032704939	-0.041891435	-0.0305244203	-0.004607327	0.0303994857	0.0095940536	-0.0612383368	0.660086676437512	1.01887067549242	0.448081059024295	-1.68540061352814
-0.0409018	0.0517803	0.206797	-0.00180917	-0.00243762	0.000291921	-0.0052343	0.0295089	-0.007859	-0.00018991	-0.00050116	-0.000158837	0.08509755	0.0291197926	-0.020058062	-0.0514071169	-0.0370624658	0.0102255113	0.0484244452	0.0435808493	0	-0.0435808493	-0.0484244452	-0.0102255113	0.0370624658	0.0514071169	0.020058062	-0.0291197926	-0.0524142418	-0.0291197926	0.020058062	0.0514071169	0.0370624658	-0.0102255113	-0.0531000952	-0.0210571222	-0.043148303	0.0039593424	-0.0091549707	0.0071825255	0.0830046483	0.023795088	0.0437495398	-0.0283884374	0.620215876796542	0.770483282181689	0.448081059024295	-1.68540061352814
-0.0408917	0.0431574	0.225376	-0.00180917	-0.00246992	0.000290787	1.01000000000059e-05	-0.0086229	0.018579	0	-3.22999999999999e-05	-1.13399999999997e-06	0.0288837	0.0289314543	-0.020475249	-0.051535186	-0.0364172225	0.0113322499	0.0489275043	0.0426814612	-0.0018091373	-0.0446786654	-0.0475140513	-0.0077746586	0.0389311863	0.050752895	0.0170976719	-0.0318778528	-0.052289353	-0.0258471843	0.0237552522	0.0520718884	0.033729714	-0.0148358378	-0.042070222	0.0377067624	0.0395670211	0.0161595158	-0.0037162455	0.0617268039	0.0127564015	-0.0246921822	0.0394602818	0.0336145574	-0.159500958208927	0.418882882225272	0.448081059024295	0.592443852028073
-0.0463138	0.0254327	0.213986	-0.00180917	-0.00204191	0.000326032	-0.00542210000000001	-0.0177247	-0.01139	0	0.00042801	3.5245e-05	0.05769955	0.0287425773	-0.0208909108	-0.0516546178	-0.0357611286	0.0124337127	0.0493977639	0.0417431291	-0.0036161185	-0.0457090957	-0.0465151882	-0.0053062903	0.040695531	0.0499389857	0.0140748942	-0.0345023898	-0.0519152815	-0.0224355316	0.0273091829	0.0523867919	0.0301458661	-0.0193244083	0.0348194768	0.0287062436	0.0484059781	-0.048152505	-0.0308656779	0.0126802193	-0.0744918086	-0.0378496161	-0.0015040002	-0.0130016486	0.496284727780899	0.827860681831061	0.448081059024295	-1.68540061352814
-0.0451506	0.0264506	0.225362	-0.00174545	-0.00204191	0.000474088	0.0011632	0.0010179	0.011376	6.372e-05	0	0.000148056	0.0241459	0.028553165	-0.0213050164	-0.0517653924	-0.0350943796	0.0135293872	0.0498349085	0.0407667093	-0.0054187904	-0.0466705863	-0.0454297158	-0.0028259676	0.0423507695	0.0489679499	0.0110007588	-0.0369824104	-0.0512938101	-0.0189031876	0.0306984217	0.0523497117	0.0263376015	-0.0236543856	0.0246467426	-0.0435808243	-0.037474887	0.0004076737	-0.0370172659	-0.0483452461	-0.0106464552	0.0142779275	-0.0155651347	-0.0555587133	0.759094099489104	0.912993114959408	0.448081059024295	-1.68540061352814
-0.0540579	0.0487416	0.225361	-0.00180917	-0.00204191	7.62816e-05	-0.00890730000000001	0.022291	-9.99999999973244e-07	-6.372e-05	0	-0.0003978064	0.05427562	0.028363221	-0.0217175351	-0.051867491	-0.0344171741	0.0146187631	0.0502386454	0.0397530928	-0.0072150046	-0.0475616869	-0.0442596553	-0.0003392783	0.0438924641	0.0478428428	0.0078864829	-0.0393075269	-0.0504279004	-0.0152691543	0.0339025293	0.0519608967	0.0223332702	-0.027790234	-0.0453744585	-0.0052728593	-0.0534760124	0.0014630777	0.0061255443	0.0085924736	0.0684260367	0.0354102822	0.0082876909	-0.0215191895	-1.9372692089445	0.946336752241705	0.448081059024295	-1.68540061352814
-0.0568869	0.0439595	0.242581	-0.00235586	-0.00207623	0.000253422	-0.002829	-0.0047821	0.01722	-0.00054669	-3.432e-05	0.0001771404	0.06273862	0.0281727488	-0.022128436	-0.0519608967	-0.033729714	0.0157013334	0.0506087036	0.0387032042	-0.0090026205	-0.0483810535	-0.0430071852	0.0021481754	0.0453164815	0.0465672044	0.00474343	-0.0414680002	-0.0493216787	-0.0115529809	0.0369021828	0.0512229596	0.0181626821	-0.0316980113	-0.026041691	0.0494789152	0.0232311018	0.021202255	0.0371262207	0.0490204876	0.002498429	0.0118832679	0.0699775805	0.0485674466	-0.031316812765293	0.865525451091933	0.448081059024295	-1.68540061352814
-0.0577719	0.0270232	0.225367	-0.00218309	-0.00211206	0.000215672	-0.000885000000000004	-0.0169363	-0.017214	0.00017277	-3.58299999999997e-05	-3.775e-05	0.0473528	0.027981752	-0.0225376886	-0.0520455938	-0.0330322041	0.016776594	0.0509448353	0.0376180017	-0.0107795079	-0.0491274505	-0.0416746376	0.0046307895	0.0466190039	0.0451450484	0.0015830688	-0.0434547811	-0.0479804167	-0.0077746586	0.0396792925	0.0501408583	0.0138568845	-0.0353456466	0.0187997366	0.0262131747	0.0525983449	-0.0065107016	-0.0259515591	0.0080749311	-0.06902955	-0.0388945037	0.0156557629	-0.012596034	0.468551807689336	0.397540922041569	0.448081059024295	-1.68540061352814
-0.0577834	0.0249247	0.218264	-0.00209105	-0.00211206	0.000212065	-1.14999999999976e-05	-0.0020985	-0.00710300000000003	9.20399999999998e-05	0	-3.60700000000001e-06	0.01399535	0.027790234	-0.0229452624	-0.052121568	-0.0323248521	0.0178440444	0.051246815	0.0364984753	-0.0125435491	-0.0497997519	-0.0402644936	0.007102971	0.0477965391	0.0435808493	-0.0015830688	-0.0452595478	-0.0464105063	-0.0039545126	0.0422171104	0.0487218636	0.0094479311	-0.0387032042	0.0524501036	-0.0039665762	0.0086537115	-0.0103120012	-0.0283072747	-0.0281534839	-0.0385375253	0.0145922257	0.0098614301	-0.0303140519	-0.269244442070034	0.690374913688829	0.448081059024295	-1.68540061352814
-0.0580096	0.0331223	0.259329	-0.00256701	-0.00141875	-7.26303e-05	-0.000226199999999996	0.0081976	0.041065	-0.00047596	0.00069331	-0.0002846953	0.122187065	0.0275981986	-0.023351127	-0.0521888067	-0.0316078689	0.0189031876	0.0515144404	0.0353456466	-0.0142926419	-0.0503969439	-0.0387793789	0.0095591501	0.0488459301	0.0418795288	-0.00474343	-0.0468747407	-0.0446194286	-0.0001130935	0.0445003321	0.0469755095	0.004968644	-0.0417431291	-0.0191709276	-0.0495797226	-0.0676471792	-0.0400091612	-0.0116882722	-0.048985871	0.0330960707	-0.0038635028	0.032293014	-0.0587273331	-0.426606853418968	0.39068412608207	0.448081059024295	-1.68540061352814
-0.0430654	0.0485006	0.234911	-0.00256701	-0.00141875	0.000232601	0.0149442	0.0153783	-0.024418	0	0	0.0003052313	0.070002065	0.0274056492	-0.0237552522	-0.0522472985	-0.0308814681	0.0199535306	0.051747532	0.0341605674	-0.0160247019	-0.0509181258	-0.0372220587	0.0119937935	0.0497643635	0.0400464398	-0.0078864829	-0.0482935946	-0.042615719	0.0037289341	0.0465151882	0.0449135297	0.0004523686	-0.044440473	-0.0377976506	0.0380913376	-0.0258650908	0.0614840221	-0.0294316088	0.0454528549	0.0258188813	0.0281921197	0.0205056551	0.0012155088	-0.803472285027986	0.271590119128289	0.448081059024295	-1.68540061352814
-0.0462731	0.0485005	0.224856	-0.00256701	-0.00168299	0.000232601	-0.0032077	-9.99999999959367e-08	-0.010055	0	-0.00026424	0	0.0264748	0.0272125894	-0.0241576078	-0.0522970337	-0.0301458661	0.0209945843	0.0519459335	0.032944319	-0.017737665	-0.0513625114	-0.0355954325	0.0144014162	0.0505493769	0.0380873499	-0.0110007588	-0.0495101664	-0.0404089261	0.0075509019	0.0482495277	0.0425497785	-0.0040672745	-0.046773099	0.0595094658	0.0096604658	0.029710013	-0.0019986333	0.0008825071	-0.0232269172	-0.0410145612	-0.0029748264	0.0296018977	0.0432783897	0.059720525233104	0.625522434100455	0.448081059024295	0.592443852028073
-0.0578741	0.0313924	0.232892	-0.00247067	-0.0018832	-4.32749e-05	-0.011601	-0.0171081	0.00803600000000002	9.63400000000003e-05	-0.00020021	-0.0002758759	0.065366395	0.0270190229	-0.024558164	-0.0523380039	-0.029401282	0.0220258641	0.052109512	0.0316980113	-0.0194294898	-0.0517294306	-0.0339025293	0.016776594	0.0511988656	0.036008423	-0.0140748942	-0.0505193604	-0.0380095663	0.0113322499	0.0496928916	0.0399001378	-0.0085566393	-0.0487218636	-0.0262467704	-0.0646621735	0.0017768589	-0.0555046737	0.0253670804	-0.0464617389	0.016965959	-0.0474328631	0.0001103624	-0.0401477231	0.480215519966232	1.18518281661699	-2.22840312389761	0.592443852028073
-0.0579254	0.0485005	0.234924	-0.00256701	-0.00171434	0.000232601	-5.13000000000041e-05	0.0171081	0.00203199999999995	-9.63400000000003e-05	0.00016886	0.0002758759	0.046245195	0.0268249532	-0.0249568909	-0.0523702023	-0.0286479378	0.0230468899	0.0522381577	0.0304227813	-0.02109816	-0.05201833	-0.032146501	0.0191139759	0.0517110885	0.0338162004	-0.0170976719	-0.0513169495	-0.0354290736	0.0150526362	0.0508365754	0.0369824104	-0.0129823055	-0.0502707735	-0.0472134276	0.012420851	-0.0166295288	0.0212087064	-0.0362938288	0.0399415915	0.0422658571	-0.0040617085	-0.0148906996	-0.0447576557	0.44255811833562	0.371882698481127	-2.22840312389761	0.592443852028073
-0.0579194	0.0511027	0.227121	-0.00276114	-0.00175488	-8.90715e-06	6.000000000006e-06	0.0026022	-0.00780299999999995	-0.00019413	-4.05399999999995e-05	-0.00024150815	0.0342201075	0.026630384	-0.0253537587	-0.0523936235	-0.0278860579	0.0240571864	0.0523317845	0.0291197926	-0.0227416872	-0.0522287737	-0.0303306173	0.0214082961	0.0520846721	0.0315175794	-0.020058062	-0.051899593	-0.0326797453	0.0186920473	0.051673682	0.0338162004	-0.0173113266	-0.0514071169	0.0060688487	0.0760134828	-0.0236577875	-0.0062988826	0.0313621208	0.0502301636	-0.0176627397	0.0627549242	0.0146519871	0.0166475441	0.499050394834566	0.439484810436985	0.448081059024295	0.592443852028073
-0.0423481	0.065089	0.234908	-0.00299697	-0.0016952	0.000232601	0.0155713	0.0139863	0.00778699999999999	-0.00023583	5.96799999999992e-05	0.00024150815	0.0641955075	0.0264353189	-0.025748738	-0.0524082634	-0.0271158693	0.0250562833	0.0523903296	0.027790234	-0.0243581127	-0.0523604445	-0.0284582593	0.0236543856	0.0523186149	0.0291197926	-0.0229452624	-0.0522648503	-0.029774683	0.0222309049	0.052199163	0.0304227813	-0.021511476	-0.052121568	0.0608316603	-0.0208358429	-0.0184068677	0.0051644548	0.003215388	-0.0510819314	-0.0217358857	0.0268389166	0.0338143609	0.0299082354	0.489262977272726	1.01042950680544	0.448081059024295	-1.68540061352814
-0.0580333	0.0483939	0.251372	-0.00290478	-0.00139712	0.000232601	-0.0156852	-0.0166951	0.016464	9.21899999999998e-05	0.00029808	0	0.0683578	0.0262397614	-0.0261417992	-0.0524141198	-0.0263376015	0.0260437153	0.0524137538	0.0264353189	-0.0259455102	-0.0524131437	-0.0265329132	0.0258471843	0.0524122897	0.026630384	-0.025748738	-0.0524111916	-0.0267277308	0.0256501718	0.0524098495	0.0268249532	-0.0255514863	-0.0524082634	-0.0373595987	-0.0197572926	0.0325929601	-0.1055135002	0.0297030176	0.0058186931	0.0253419716	-0.0646237301	0.0239055309	0.0056704457	0.248552393565841	-0.031181612870035	0.448081059024295	-1.68540061352814
-0.0579725	0.0253853	0.234932	-0.00309836	-0.00160223	0.000232601	6.08000000000067e-05	-0.0230086	-0.01644	-0.00019358	-0.00020511	0	0.0594439	0.0260437153	-0.0265329132	-0.0524111916	-0.0255514863	0.0270190229	0.0524020413	0.0250562833	-0.0275019879	-0.0523867919	-0.024558164	0.027981752	0.0523654453	0.0240571864	-0.0284582593	-0.0523380039	-0.0235534089	0.0289314543	0.052304471	0.0230468899	-0.029401282	-0.0522648503	0.033797087	-0.0053596196	0.0174738291	-0.0102606673	0.0026667972	0.0002068487	-0.0460147184	-0.0254791203	-0.0230353286	-0.0178411771	-0.123924521151233	-0.04924956785797	0.448081059024295	-1.68540061352814
-0.0579711	0.0261365	0.234927	-0.00324495	-0.00161455	0.000232601	1.39999999999862e-06	0.0007512	-5.00000000003276e-06	-0.00014659	-1.23199999999999e-05	0	0.0087031	0.0258471843	-0.0269220508	-0.0523994793	-0.024757758	0.027981752	0.0523552	0.0236543856	-0.029025691	-0.0522814288	-0.0225376886	0.0300532798	0.0521782074	0.0214082961	-0.0310639394	-0.0520455938	-0.0202668442	0.0320571007	0.0518836628	0.0191139759	-0.0330322041	-0.0516925056	-0.0274398921	-0.0060470632	-0.0308925575	0.0185898871	-0.0110291288	0.0106826102	0.0289896153	0.013029622	-0.01734561	-0.0340717068	-0.222400666939809	-0.163398167073928	-2.22840312389761	0.592443852028073
-0.0579647	0.048255	0.250401	-0.00335044	-0.00160507	0.000232601	6.40000000001056e-06	0.0221185	0.015474	-0.00010549	9.47999999999986e-06	0	0.0433474	0.0256501718	-0.0273091829	-0.0523789848	-0.0239566531	0.0289314543	0.0522732612	0.0222309049	-0.0305148036	-0.0520972133	-0.020475249	0.0320571007	0.0518510778	0.0186920473	-0.0335562706	-0.051535186	-0.0168836987	0.0350102966	0.0511499628	0.0150526362	-0.0364172225	-0.0506959264	0.0450072363	0.0403278683	-0.0168170513	-0.0361445375	0.0323622433	0.0101662232	-0.0282006953	0.0508919536	0.0339102938	0.0140211839	-1.23071058047775	-0.698783880537883	-2.22840312389761	0.592443852028073
-0.0579005	0.0368285	0.26898	-0.00352054	-0.0018046	0.000232601	6.41999999999934e-05	-0.0114265	0.018579	-0.0001701	-0.00019953	0	0.0485512	0.0254526818	-0.0276942808	-0.0523497117	-0.0231484102	0.0298676878	0.05215628	0.02078714	-0.0319675512	-0.0518344232	-0.0183746853	0.0339887004	0.0513849338	0.0159169864	-0.0359261587	-0.0508089184	-0.0134200948	0.0377751555	0.0501077956	0.0108901587	-0.039531138	-0.0492832916	-0.0114484492	-0.0684456004	0.0003880132	-0.011834087	0.0377496449	-0.0596975848	0.0289148562	-0.0257374897	0.0538922168	0.0041367114	-1.41771338560109	-1.01621512092796	-2.22840312389761	0.592443852028073
-0.0577838	0.0280738	0.244394	-0.00299357	-0.00215213	6.73964e-05	0.00011669999999999	-0.0087547	-0.024586	0.00052697	-0.00034753	-0.0001652046	0.08544263	0.0252547177	-0.0280773158	-0.0523116647	-0.0223332702	0.0307900166	0.0520043348	0.0193244083	-0.0333822024	-0.051493455	-0.0162399088	0.0358437271	0.0507810249	0.0130918447	-0.038164956	-0.0498698332	-0.009892538	0.0403368038	0.0487634462	0.0066545109	-0.0423507695	-0.0474661945	-0.0472481301	0.0204601355	0.0622992833	0.0534554407	-0.0537046988	0.0522433709	-0.0048649033	-0.0649990922	-0.0234754656	-0.0185611786	-0.995796506455727	-0.915152917609191	-2.22840312389761	0.592443852028073
-0.0578741	0.0309644	0.244371	-0.00305384	-0.00188573	0.000232601	-9.02999999999876e-05	0.0028906	-2.29999999999952e-05	-6.02699999999999e-05	0.0002664	0.0001652046	0.02759763	0.0250562833	-0.0284582593	-0.0522648503	-0.021511476	0.0316980113	0.0518175273	0.0178440444	-0.0347570714	-0.0510748227	-0.0140748942	0.0376180017	0.0500409704	0.0102255113	-0.0402644936	-0.0487218636	-0.0063178387	0.0426814612	0.0471250218	0.0023741518	-0.0448551266	-0.0452595478	0.0499707837	0.0297109137	-0.0335012596	-0.084707184	-0.0155635528	0.0065307684	-0.0526768826	0.0381917795	-0.0087201327	-0.0530884968	1.00889412406307	-0.843243042486999	0.448081059024295	0.592443852028073
-0.0578741	0.0365075	0.265369	-0.00329792	-0.00188573	0.000232601	0	0.0055431	0.020998	-0.00024408	0	0	0.0387451	0.0248573823	-0.0288370829	-0.0522092763	-0.0206832724	0.0325912492	0.0515959829	0.016347399	-0.0360905197	-0.050579158	-0.0118836729	0.0393075269	0.0491667543	0.0073270047	-0.0422171104	-0.0473698181	-0.0027130321	0.0447965146	0.0452024033	-0.0019221591	-0.0470255659	-0.0426814612	-0.0142048901	-0.0503571056	-0.0500413253	0.014629082	0.0197205764	-0.0402015834	0.0494601093	0.027590447	0.0193510135	-0.000437423	-0.747902720754	-1.1173990932052	0.448081059024295	-1.68540061352814
-0.0578741	0.0317397	0.273795	-0.00369316	-0.00188573	0.000232601	0	-0.0047678	0.00842599999999993	-0.00039524	0	0	0.0329558	0.0246580184	-0.0292137585	-0.0521449521	-0.0198489062	0.0334693144	0.05133985	0.0148358378	-0.0373809583	-0.0500072082	-0.0096703246	0.0409084964	0.0481607204	0.0044054445	-0.0440156816	-0.0458193599	0.0009047034	0.0466705863	0.0430071852	-0.0062055551	-0.0488459301	-0.0397530928	-0.0454349716	0.0240375723	0.0385639861	-0.0061196212	-0.0012261623	0.0420583434	0.0137645479	-0.0221232218	0.0363176483	-0.0020469955	-0.140634595670153	-1.11742924079782	0.448081059024295	-1.68540061352814
-0.0578741	0.0290554	0.264381	-0.00338168	-0.00188573	0.000232601	0	-0.00268429999999999	-0.00941399999999998	0.00031148	0	0	0.0276723	0.0244581953	-0.029588258	-0.0520718884	-0.019008626	0.0343317983	0.0510493004	0.0133107399	-0.0386268493	-0.0493598362	-0.0074389706	0.0424173034	0.0470255659	0.0014700233	-0.0456536443	-0.0440769831	0.0045181276	0.0482935946	0.0405526062	-0.0104472564	-0.0503026675	-0.0364984753	0.0554662361	-0.0072452521	0.0330395559	0.0019398019	-0.0527944841	-0.0226406061	-0.0526229314	-0.0029735869	-0.0164189608	-0.0352091212	-0.375034988480286	-0.334072403224148	0.448081059024295	-1.68540061352814
-0.0755043	0.0150015	0.259326	-0.00326985	-0.00234142	0.000232601	-0.0176302	-0.0140539	-0.00505499999999998	0.00011183	-0.00045569	0	0.0651151	0.0242579167	-0.0299605535	-0.0519900974	-0.0181626821	0.0351782991	0.0507245288	0.0117734969	-0.039826708	-0.0486380181	-0.0051937656	0.0438305487	0.0457643343	-0.0014700233	-0.0471250218	-0.042149986	0.0081100208	0.0496568086	0.0378534688	-0.0146187631	-0.0513849338	-0.032944319	-0.0483371187	-0.036812495	-0.0331120522	-0.0415032206	-0.0231854174	-0.0129976057	0.066127459	-0.0018481754	-0.0129014231	-0.0464616411	0.382281764736122	-0.857251646817668	0.448081059024295	-1.68540061352814
-0.0577292	0.037011	0.270706	-0.00347529	-0.00234142	0.000389494	0.0177751	0.0220095	0.01138	-0.00020544	0	0.000156893	0.06928125	0.0240571864	-0.0303306173	-0.051899593	-0.0173113266	0.036008423	0.0503657529	0.0102255113	-0.0409791044	-0.0478428428	-0.00293889	0.0451450484	0.0443804069	-0.0044054445	-0.0484244452	-0.0400464398	0.011663266	0.050752895	0.0349260507	-0.0186920473	-0.0520846721	-0.0291197926	-0.0217205924	0.0630143535	-0.0340486007	0.0360481778	-0.0189354792	0.0625644085	-0.0072549906	0.0511176203	0.0031260089	0.0063094194	0.602361441548975	-1.26572525485582	0.448081059024295	0.592443852028073
-0.0577226	0.0366942	0.270698	-0.00366305	-0.00234142	0.000232601	6.5999999999955e-06	-0.000316800000000006	-8.000000000008e-06	-0.00018776	0	-0.000156893	0.01756405	0.0238560081	-0.0306984217	-0.0518003901	-0.0164548132	0.0368217834	0.0499732133	0.0086681957	-0.0420826652	-0.0469755095	-0.0006785423	0.0463578411	0.0428774942	-0.0073270047	-0.0495471731	-0.0377751555	0.0151609305	0.0515759573	0.031788006	-0.0226397406	-0.0523966733	-0.0250562833	0.0712498782	-0.0015729826	0.003821785	0.0432327221	-0.0166498825	-0.0306759485	-0.0362812018	0.0272342222	0.0236353444	0.0492130809	-0.414521762022945	-1.13317115573925	0.448081059024295	0.592443852028073
-0.0576442	0.0314886	0.280699	-0.00366305	-0.00255155	0.000232601	7.83999999999993e-05	-0.0052056	0.010001	0	-0.00021013	0	0.0257915	0.0236543856	-0.0310639394	-0.0516925056	-0.015593397	0.0376180017	0.0495471731	0.007102971	-0.0431360754	-0.0460373263	0.0015830688	0.0474661945	0.0412596253	-0.0102255113	-0.0504891087	-0.0353456466	0.0185863463	0.052121568	0.0284582593	-0.0264353189	-0.0523186149	-0.02078714	-0.0303924299	-0.0418102572	0.0142238818	-0.0544323615	0.0277892294	-0.0205782131	0.0262162142	-0.0571147107	0.0162986029	0.038183469	-0.293859774085361	-1.05119032088314	0.448081059024295	0.592443852028073
-0.0575911	0.0315143	0.269092	-0.00356444	-0.00270507	2.14078e-05	5.31000000000073e-05	2.56999999999966e-05	-0.011607	9.86100000000003e-05	-0.00015352	-0.0002111932	0.03485196	0.0234523225	-0.0314271432	-0.0515759573	-0.0147273348	0.0383967071	0.0490879179	0.0055312652	-0.0441380794	-0.0450297083	0.0038417323	0.0484676115	0.039531138	-0.0130918447	-0.051246815	-0.0327680892	0.0219231897	0.0523867919	0.0249568909	-0.0300532798	-0.0518510778	-0.016347399	-0.0215961865	0.0388528292	-0.0034709395	0.0749067561	-0.0724383157	0.0460851923	-0.0205415212	0.0103134426	-0.0050282028	-0.0232254084	0.701020339307165	-1.03226473719628	0.448081059024295	0.592443852028073
-0.0575799	0.0315972	0.269618	-0.00335188	-0.00275012	0.000232601	1.11999999999959e-05	8.29000000000038e-05	0.000525999999999971	0.00021256	-4.505e-05	0.0002111932	0.02406026	0.0232498227	-0.031788006	-0.051450765	-0.0138568845	0.0391575372	0.0485957556	0.0039545126	-0.0450874833	-0.0439541752	0.0060932427	0.0493598362	0.0376966663	-0.0159169864	-0.0518175273	-0.0300532798	0.025155559	0.0523702023	0.0213050164	-0.0334693144	-0.0509975427	-0.0117734969	0.0651650285	0.0171985131	-0.0451673788	0.004383749	-0.0327841007	-0.0199937161	-0.0386859464	0.0579340748	0.0158756254	-0.0067446371	0.563776388450981	-1.03861765607795	0.448081059024295	0.592443852028073
-0.0575313	0.0525967	0.278312	-0.00420344	-0.00289792	0.000232601	4.85999999999959e-05	0.0209995	0.00869400000000004	-0.00085156	-0.0001478	0	0.0797101	0.0230468899	-0.032146501	-0.0513169495	-0.0129823055	0.0399001378	0.0480710162	0.0023741518	-0.0459831556	-0.042812349	0.0083334077	0.0501408583	0.0357611286	-0.0186920473	-0.052199163	-0.0272125894	0.0282680507	0.0520718884	0.017524659	-0.0366604707	-0.0497643635	-0.007102971	-0.008209297	-0.0660669131	-0.002833983	0.0082906234	0.0575678659	-0.0595156781	0.0468652348	-0.008207905	0.0312036285	0.0327141571	0.59547829853127	-1.03842512092101	0.448081059024295	0.592443852028073
-0.0717489	0.0316018	0.282489	-0.0033276	-0.00276968	3.95308e-05	-0.0142176	-0.0209949	0.00417699999999999	0.000875840000000001	0.00012824	-0.0001930702	0.09924701	0.022843528	-0.0325026013	-0.0511745333	-0.0121038584	0.0406241631	0.0475140513	0.0007916247	-0.0468240289	-0.0416059521	0.0105580562	0.0508089184	0.033729714	-0.0214082961	-0.0523903296	-0.0242579167	0.0312458323	0.051493455	0.0136386166	-0.0396053074	-0.0481607204	-0.0023741518	-0.0334034887	-0.0013899084	0.0606200807	0.0322590968	-0.0017748618	0.0228885415	0.0030888758	-0.0720570838	-0.0408064838	0.0283664011	0.800062337055711	-0.977493337923551	0.448081059024295	0.592443852028073
-0.0576094	0.0119931	0.283066	-0.00363724	-0.00267932	0.000232601	0.0141395	-0.0196087	0.000576999999999994	-0.00030964	9.03600000000003e-05	0.0001930702	0.06397871	0.0226397406	-0.0328562806	-0.0510235403	-0.0112218049	0.0413292761	0.0469252343	-0.0007916247	-0.047609101	-0.0403368038	0.0127630461	0.0513625114	0.0316078689	-0.0240571864	-0.0523903296	-0.0212016376	0.0340747132	0.0506380137	0.0096703246	-0.0422840384	-0.0461985516	0.0023741518	0.0147789492	0.0533861808	-0.0215808846	-0.0796377342	0.0269969099	0.0252889017	-0.0394787147	0.0064421573	-0.0253573579	-0.0342708853	-1.59343249141138	-1.0390604068189	0.448081059024295	0.592443852028073
-0.0476067	0.12617	0.209617	-0.00331806	-0.00323362	0.000739795	0.0100027	0.1141769	-0.073449	0.00031918	-0.0005543	0.000507194	0.2666623	0.0224355316	-0.0332075124	-0.0508639957	-0.0103364079	0.0420151486	0.0463049601	-0.0023741518	-0.0483374366	-0.0390068183	0.0149442718	0.0518003901	0.029401282	-0.026630384	-0.052199163	-0.0180565534	0.0367412126	0.0495101664	0.0056437143	-0.0446786654	-0.0438924641	0.007102971	0.0594558297	-0.028194207	0.0058520186	0.0853206154	0.0572628508	-0.0490028695	-0.0109003103	0.0406916691	-0.059190447	0.0805473594	0.694507330768458	-1.03654705663907	0.448081059024295	0.592443852028073
-0.0574406	-0.00104322	0.171811	-0.00269572	-0.00345983	0.000391436	-0.0098339	-0.12721322	-0.037806	0.00062234	-0.00022621	-0.000348359	0.23469857	0.0222309049	-0.0335562706	-0.0506959264	-0.0094479311	0.0426814612	0.0456536443	-0.0039545126	-0.0490081675	-0.0376180017	0.0170976719	0.052121568	0.0271158693	-0.0291197926	-0.0518175273	-0.0148358378	0.0392326234	0.0481159803	0.0015830688	-0.046773099	-0.0412596253	0.0117734969	-0.0353019568	-0.0369365288	0.0479615392	0.0339000875	0.091303238	-0.0189569521	0.054713169	-0.034525291	-0.1121890191	0.0542320662	0.674228036194342	-1.00848894782862	0.448081059024295	0.592443852028073
-0.0419385	-0.0729492	0.221356	-0.00220119	-0.00295	-0.000190779	0.0155021	-0.07190598	0.049545	0.00049453	0.00050983	-0.000582215	0.21628183	0.0220258641	-0.0339025293	-0.0505193604	-0.0085566393	0.0433279037	0.0449717237	-0.0055312652	-0.0496204944	-0.0361724484	0.0192192368	0.0523253215	0.024757758	-0.0315175794	-0.051246815	-0.0115529809	0.0415370728	0.0464629554	-0.0024871236	-0.0485532669	-0.038319635	0.016347399	0.0026588683	0.0274072717	0.0023735718	0.0074725382	0.0200553734	0.0277876954	0.0168914085	0.0164893981	-0.0326434551	0.0090857381	0.978739431671472	-0.910870169861219	0.448081059024295	0.592443852028073
-0.0573614	0.0236006	0.23998	-0.00271472	-0.00346616	-0.000554594	-0.0154229	0.0965498	0.018624	-0.00051353	-0.00051616	-0.000363815	0.20027195	0.0218204132	-0.0342462625	-0.0503343274	-0.0076627981	0.0439541752	0.0442596553	-0.007102971	-0.0501736876	-0.0346723388	0.0213050164	0.0524111916	0.0223332702	-0.0338162004	-0.0504891087	-0.0082217334	0.0436435792	0.0445599841	-0.0065423171	-0.0500072082	-0.0350943796	0.02078714	-0.0260186513	-0.0125740617	-0.0145391279	-0.0144095476	-0.0035850363	-2.8417e-06	0.0311028718	0.0058475923	0.0075936385	0.0244140141	-0.509823827150085	-0.996487952124623	0.448081059024295	0.592443852028073
-0.0609166	0.043125	0.26613	-0.00325259	-0.00360978	-0.000554594	-0.00355519999999999	0.0195244	0.02615	-0.00053787	-0.00014362	0	0.0833041	0.0216145559	-0.0345874448	-0.0501408583	-0.0067666737	0.0445599841	0.0435179165	-0.0086681957	-0.050667088	-0.0331199354	0.023351127	0.0523789848	0.0198489062	-0.036008423	-0.0495471731	-0.0048560483	0.0455421041	0.0424173034	-0.0105580562	-0.0511251541	-0.0316078689	0.0250562833	-0.0291657243	0.0401064308	0.0190089509	0.0463381193	-0.0108650993	0.0479060568	-0.0129387447	0.0060404561	0.0647445211	0.0155204775	-0.696383952671355	-1.06006985392694	0.448081059024295	0.592443852028073
-0.0574046	0.0429032	0.266104	-0.00389283	-0.00332381	-0.000554594	0.003512	-0.000221800000000001	-2.6000000000026e-05	-0.00064024	0.00028597	0	0.0500703	0.0214082961	-0.0349260507	-0.0499389857	-0.0058685331	0.0451450484	0.0427470046	-0.0102255113	-0.0511001074	-0.0315175794	0.0253537587	0.0522287737	0.0173113266	-0.0380873499	-0.0484244452	-0.0014700233	0.0472236001	0.0400464398	-0.0145101234	-0.051899593	-0.0278860579	0.0291197926	0.0608400013	0.0018722203	0.0405931908	-0.0288960492	-0.0345491719	-0.0227563891	-0.0700447846	-0.0303382202	-0.0135167199	-0.0073024823	-2.17119049523969	-0.779164109001811	0.448081059024295	0.592443852028073
-0.0719844	0.0430572	0.259194	-0.0033974	-0.00348638	-0.000812624	-0.0145798	0.000154000000000001	-0.00691000000000003	0.000495429999999999	-0.00016257	-0.00025803	0.0674453	0.0212016376	-0.0352620549	-0.0497287433	-0.004968644	0.0457090957	0.0419474363	-0.0117734969	-0.0514722298	-0.0298676878	0.0273091829	0.0519608967	0.0147273348	-0.0400464398	-0.0471250218	0.0019221591	0.0486800542	0.0374601473	-0.0183746853	-0.0523253215	-0.0239566531	0.032944319	-0.0040123296	-0.0535186004	-0.0418547612	0.0009947936	-0.0105821697	-0.0502134158	0.0333735223	0.0125368563	-0.02217839	-0.0217017257	-0.299415186999503	-0.789966504652793	0.448081059024295	0.592443852028073
-0.0690712	0.0535086	0.284459	-0.00410412	-0.00371779	-0.000554594	0.00291319999999999	0.0104514	0.025265	-0.00070672	-0.00023141	0.00025803	0.0984376	0.0209945843	-0.0355954325	-0.0495101664	-0.0040672745	0.0462518635	0.0411197477	-0.0133107399	-0.0517830118	-0.0281727488	0.0292137585	0.0515759573	0.0121038584	-0.0418795288	-0.0456536443	0.0053062903	0.0499045256	0.0346723388	-0.022128436	-0.0523994793	-0.0198489062	0.0364984753	-0.0425904829	0.0113294924	-0.008296306	-0.0035896101	0.0190526918	0.0386306949	0.0482615437	0.0077335796	-0.013745772	0.0289346311	0.016935881265807	-0.756973743656157	0.448081059024295	0.592443852028073
-0.0734129	0.0431201	0.293992	-0.00330885	-0.00385353	-0.000554594	-0.00434169999999999	-0.0103885	0.00953300000000001	0.00079527	-0.00013574	0	0.0708137	0.02078714	-0.0359261587	-0.0492832916	-0.0031646932	0.046773099	0.0402644936	-0.0148358378	-0.052032083	-0.0264353189	0.0310639394	0.0510748227	0.0094479311	-0.0435808493	-0.0440156816	0.0086681957	0.0508911792	0.0316980113	-0.025748738	-0.052121568	-0.015593397	0.0397530928	0.0068573121	0.0492084723	0.0569420003	-0.0126088406	-0.0222447958	0.0206413713	-0.0531256941	-0.0262376373	0.0103116462	-0.0196780565	-0.612907051307779	-0.749858751559232	0.448081059024295	0.592443852028073
-0.0735889	0.0316664	0.278247	-0.00313816	-0.00326785	-0.000939096	-0.000175999999999996	-0.0114537	-0.0157450000000001	0.00017069	0.00058568	-0.000384502	0.0844182999999999	0.0205793086	-0.0362542087	-0.0490481569	-0.0022611689	0.0472725596	0.0393822474	-0.016347399	-0.0522191466	-0.0246580184	0.0328562806	0.050458622	0.0067666737	-0.0451450484	-0.0422171104	0.0119937935	0.0516353132	0.028553165	-0.0292137585	-0.051493455	-0.0112218049	0.0426814612	0.0525180686	-0.0207627536	-0.0435546417	-0.0080880776	-0.0498647678	-0.0341041573	-0.0169412401	0.043304991	-0.0133541396	-0.0499705922	0.506915829688946	-1.05819802403118	0.448081059024295	0.592443852028073
-0.0823729	0.0313059	0.297823	-0.00330885	-0.00367262	-0.000808983	-0.00878400000000001	-0.000360499999999993	0.019576	-0.00017069	-0.00040477	0.000130113	0.06399915	0.020371094	-0.0365795581	-0.0488048017	-0.0013569709	0.0477500128	0.0384736004	-0.0178440444	-0.0523439796	-0.022843528	0.0345874448	0.0497287433	0.0040672745	-0.0465672044	-0.0402644936	0.0152691543	0.0521333814	0.0252547177	-0.0325026013	-0.0505193604	-0.0067666737	0.0452595478	-0.0349660349	-0.0336716154	-0.0349975683	0.0101784018	0.0165383661	-0.0051339746	0.0769277163	0.0295611579	0.0117799668	0.0064367841	0.924067574707684	-1.11262686302747	0.448081059024295	0.592443852028073
-0.0894866	0.0153043	0.331916	-0.00371307	-0.00374835	-0.000732257	-0.00711370000000002	-0.0160016	0.034093	-0.00040422	-7.573e-05	7.67260000000001e-05	0.0850421	0.0201625	-0.0369021828	-0.0485532669	-0.0004523686	0.0482052363	0.0375391619	-0.0193244083	-0.0524064334	-0.0209945843	0.0362542087	0.048886831	0.0013569709	-0.0478428428	-0.038164956	0.0184805588	0.0523830103	0.0218204132	-0.0355954325	-0.0492058292	-0.0022611689	0.0474661945	-0.0463978072	0.0258738004	0.0342847989	0.0159883399	-0.0232072563	0.0443395193	0.0052095814	-0.0337940038	0.0699579766	0.0006586281	0.41950729135746	-1.08080540436798	0.448081059024295	0.592443852028073
-0.0983273	0.000547651	0.312123	-0.00324165	-0.00374835	-0.00102396	-0.00884069999999999	-0.014756649	-0.019793	0.00047142	0	-0.000291703	0.081546499	0.0199535306	-0.0372220587	-0.0482935946	0.0004523686	0.0486380181	0.0365795581	-0.02078714	-0.0524064334	-0.0191139759	0.0378534688	0.0479347819	-0.0013569709	-0.0489679499	-0.0359261587	0.0216145559	0.0523830103	0.0182687262	-0.0384736004	-0.0475616869	0.0022611689	0.0492832916	0.0085269444	0.0473017416	0.0277757113	-0.0103139664	-0.0632475196	0.0288656607	-0.0658370728	-0.0303877138	-0.0066030548	-0.0477789542	0.506875080938964	-0.93383155490855	0.448081059024295	0.592443852028073
-0.0983316	0.0051482	0.287922	-0.00263986	-0.00367003	-0.00110031	-4.29999999999875e-06	0.004600549	-0.024201	0.00060179	7.83200000000002e-05	-7.635e-05	0.066628849	0.0197441895	-0.0375391619	-0.0480258282	0.0013569709	0.0490481569	0.0355954325	-0.0222309049	-0.0523439796	-0.0172045393	0.0393822474	0.0468747407	-0.0040672745	-0.0499389857	-0.0335562706	0.0246580184	0.0521333814	0.0146187631	-0.0411197477	-0.0455979804	0.0067666737	0.0506959264	0.0478940946	0.0197257822	-0.0507536535	-0.0069306844	-0.0138694069	-0.0124903301	-0.0282767585	0.0489864314	-0.0253693096	-0.01106984	0.040790569948147	-0.905123165026356	0.448081059024295	0.592443852028073
-0.098296	0.0266198	0.285034	-0.00302225	-0.00374835	-0.00116864	3.55999999999967e-05	0.0214716	-0.00288799999999995	-0.00038239	-7.83200000000002e-05	-6.83300000000001e-05	0.0508472000000001	0.0195344808	-0.0378534688	-0.0477500128	0.0022611689	0.0494354616	0.0345874448	-0.0236543856	-0.0522191466	-0.0152691543	0.0408376979	0.0457090957	-0.0067666737	-0.050752895	-0.0310639394	0.0275981986	0.0516353132	0.0108901587	-0.0435179165	-0.0433279037	0.0112218049	0.0516925056	0.0448207071	-0.0239702014	-0.0325395853	-0.0058500002	0.0212148325	-0.0516043712	0.0170764001	0.0504244219	0.0249350211	0.024091833	0.126090977873393	-0.875484668523634	0.448081059024295	0.592443852028073
-0.098214	0.0316789	0.290503	-0.00345044	-0.00397645	-0.00116864	8.20000000000126e-05	0.0050591	0.005469	-0.00042819	-0.0002281	0	0.0434246	0.0193244083	-0.038164956	-0.0474661945	0.0031646932	0.0497997519	0.0335562706	-0.0250562833	-0.052032083	-0.0133107399	0.0422171104	0.044440473	-0.0094479311	-0.0514071169	-0.0284582593	0.0304227813	0.0508911792	0.007102971	-0.0456536443	-0.0407667093	0.015593397	0.0522648503	0.0250721904	-0.0621159263	0.0308386978	0.0027100445	0.0305632137	-0.0686795069	0.022573856	-0.0210608252	0.0105091491	0.0426878045	-0.563260873508374	-0.721071042853194	0.448081059024295	0.592443852028073
-0.098296	0.0264658	0.295374	-0.00345044	-0.00374836	-0.00116864	-8.20000000000126e-05	-0.0052131	0.00487099999999996	0	0.00022809	0	0.0215706	0.0191139759	-0.0384736004	-0.0471744208	0.0040672745	0.0501408583	0.0325026013	-0.0264353189	-0.0517830118	-0.0113322499	0.0435179165	0.0430717306	-0.0121038584	-0.051899593	-0.025748738	0.0331199354	0.0499045256	0.0032775729	-0.0475140513	-0.0379316059	0.0198489062	0.0524082634	-0.0280875636	-0.0632574365	0.0541866351	0.0023792286	0.0012923337	-0.037771994	0.0312091181	-0.0773305114	-0.0451688646	-0.0078053557	1.10063715632251	-0.874856632364751	0.448081059024295	0.592443852028073
-0.107091	0.0265412	0.28561	-0.00324383	-0.00374836	-0.00109784	-0.008795	7.54000000000032e-05	-0.00976399999999999	0.00020661	0	7.08e-05	0.0325049000000001	0.0189031876	-0.0387793789	-0.0468747407	0.004968644	0.050458622	0.0314271432	-0.027790234	-0.0514722298	-0.0093366682	0.0447376941	0.0416059521	-0.0147273348	-0.0522287737	-0.0229452624	0.0356783636	0.0486800542	-0.0005654567	-0.0490879179	-0.0348416421	0.0239566531	0.052121568	-0.0609505718	-0.0019792078	-0.0281554708	0.001184268	-0.0127263356	0.0444425312	0.0456834351	-0.009027566	-0.0333547982	-0.0397809154	0.588003681233531	-1.11685381129699	0.448081059024295	0.592443852028073
-0.108566	0.0497173	0.279168	-0.00345044	-0.00388585	-0.00103596	-0.001475	0.0231761	-0.006442	-0.00020661	-0.00013749	6.18800000000001e-05	0.0513920999999999	0.0186920473	-0.0390822688	-0.0465672044	0.0058685331	0.050752895	0.0303306173	-0.0291197926	-0.0511001074	-0.0073270047	0.0458741721	0.0400464398	-0.0173113266	-0.0523936235	-0.020058062	0.0380873499	0.0472236001	-0.0044054445	-0.0503657529	-0.0315175794	0.0278860579	0.0514071169	-0.038090624	0.0548162083	-0.0382836021	0.0232858815	0.0060387135	0.0726270453	0.0191104006	0.0474685695	0.0075142262	0.0188267628	0.354595767447569	-0.991048723495177	0.448081059024295	0.592443852028073
-0.0982122	0.0460822	0.285597	-0.00365041	-0.00389584	-0.00116334	0.0103538	-0.0036351	0.00642900000000002	-0.00019997	-9.98999999999965e-06	-0.00012738	0.0372848999999999	0.0184805588	-0.0393822474	-0.0462518635	0.0067666737	0.0510235403	0.0292137585	-0.0304227813	-0.050667088	-0.0053062903	0.0469252343	0.0383967071	-0.0198489062	-0.0523936235	-0.0170976719	0.0403368038	0.0455421041	-0.0082217334	-0.05133985	-0.027981752	0.0316078689	0.0502707735	-0.0104738223	0.0498517571	0.0153018716	-0.0007955581	0.0343972288	0.046840009	-0.0176790457	0.0001563319	0.0293743935	0.0518810094	0.574162689156488	-0.942217117303676	0.448081059024295	0.592443852028073
-0.0981315	0.032117	0.293544	-0.00345044	-0.00415386	-0.000898087	8.07000000000307e-05	-0.0139652	0.00794700000000004	0.00019997	-0.00025802	0.000265253	0.05815505	0.0182687262	-0.0396792925	-0.0459287708	0.0076627981	0.0512704319	0.0280773158	-0.0316980113	-0.0501736876	-0.0032775729	0.0478889238	0.0366604707	-0.0223332702	-0.0522287737	-0.0140748942	0.0424173034	0.0436435792	-0.0119937935	-0.0520043348	-0.0242579167	0.0350943796	0.0487218636	0.0156587718	0.0317937325	0.0503783636	0.0042428566	-0.006135235	0.0120290204	-0.0697144586	-0.0344023772	0.0022511362	0.0202727389	-1.73809796270926	-0.882951161393139	0.448081059024295	0.592443852028073
-0.103178	0.0190739	0.278342	-0.00345044	-0.00397037	-0.00120169	-0.00504649999999998	-0.0130431	-0.015202	0	0.00018349	-0.000303603	0.0576462500000001	0.0180565534	-0.0399733818	-0.0455979804	0.0085566393	0.051493455	0.0269220508	-0.032944319	-0.0496204944	-0.0012439122	0.0487634462	0.0348416421	-0.024757758	-0.051899593	-0.0110007588	0.0443201343	0.0415370728	-0.0157013334	-0.0523552	-0.020371094	0.038319635	0.046773099	0.046976528	-0.0037793243	0.0158411505	-0.0371789428	-0.0212276083	-0.0256354846	-0.0521280711	-0.0113153234	-0.0410866896	-0.0316637183	0.320393674593795	-0.802283360447999	0.448081059024295	0.592443852028073
-0.0981925	0.0200385	0.271979	-0.00333322	-0.00394828	-0.00119761	0.00498549999999999	0.0009646	-0.00636300000000006	0.00011722	2.20899999999998e-05	4.07999999999941e-06	0.0194825999999999	0.0178440444	-0.0402644936	-0.0452595478	0.0094479311	0.0516925056	0.025748738	-0.0341605674	-0.0490081675	0.0007916247	0.0495471731	0.032944319	-0.0271158693	-0.0514071169	-0.0078864829	0.0460373263	0.0392326234	-0.0193244083	-0.0523903296	-0.016347399	0.0412596253	0.044440473	0.026850672	-0.0387865317	-0.0522691001	0.0299302702	0.0217343124	-0.051212297	0.0222852456	0.0414862106	-0.0552831214	0.0057612565	-0.730774045439815	-0.920158645990942	0.448081059024295	0.592443852028073
-0.0982031	0.0359145	0.280843	-0.00394303	-0.00391127	-0.00103049	-1.05999999999995e-05	0.015876	0.00886400000000004	-0.00060981	3.70100000000005e-05	0.000167120000000001	0.0654476	0.017631203	-0.0405526062	-0.0449135297	0.0103364079	0.051867491	0.024558164	-0.0353456466	-0.0483374366	0.0028259676	0.0502386454	0.0309727759	-0.029401282	-0.050752895	-0.00474343	0.0475616869	0.0367412126	-0.022843528	-0.052109512	-0.0122138669	0.0438924641	0.0417431291	-0.0374996854	-0.0113990207	-0.013082131	0.0241480025	0.0729202968	0.0125348314	0.0664464686	0.0133734511	0.0039253112	0.045600173	0.424696891629723	1.35074337500796	-2.22840312389761	0.592443852028073
-0.106066	0.00907988	0.292687	-0.00362581	-0.00391127	-0.000898087	-0.00786290000000001	-0.02683462	0.011844	0.00031722	0	0.000132403	0.06902267	0.0174180334	-0.0408376979	-0.0445599841	0.0112218049	0.05201833	0.023351127	-0.0364984753	-0.047609101	0.0048560483	0.0508365754	0.0289314543	-0.0316078689	-0.0499389857	-0.0015830688	0.048886831	0.0340747132	-0.0262397614	-0.0515144404	-0.0079982704	0.0461985516	0.0387032042	-0.0117408886	0.0453521246	0.0599858411	0.0222815304	0.0186009804	0.0317385096	-0.0377448061	-0.0407922173	0.0237567311	0.0317758731	-0.516361531900902	3.42960016926795	-2.22840312389761	0.592443852028073
-0.098276	0.0148147	0.280765	-0.00345044	-0.0037217	-0.000898087	0.00779	0.00573482	-0.011922	0.00017537	0.00018957	0	0.04369382	0.0172045393	-0.0411197477	-0.0441989703	0.0121038584	0.0521449521	0.022128436	-0.0376180017	-0.0468240289	0.006878805	0.05133985	0.0268249532	-0.033729714	-0.0489679499	0.0015830688	0.0500072082	0.0312458323	-0.0294948387	-0.0506087036	-0.0037289341	0.0481607204	0.0353456466	0.0482536078	-0.0301556785	0.0151393933	0.0039214677	-0.0183774741	-0.0359774193	-0.0608573593	-0.0209546915	-0.0276796413	-0.0604059336	-0.162618854987813	1.92891031648054	-2.22840312389761	0.592443852028073
-0.113992	0.018926	0.27875	-0.00332699	-0.00367413	-0.00123846	-0.015716	0.0041113	-0.00201499999999999	0.00012345	4.75699999999998e-05	-0.000340373	0.04741195	0.0169907249	-0.0413987346	-0.0438305487	0.0129823055	0.0522472985	0.0208909108	-0.0387032042	-0.0459831556	0.0088911868	0.051747532	0.0246580184	-0.0357611286	-0.0478428428	0.00474343	0.0509181258	0.0282680507	-0.0325912492	-0.0493977639	0.0005654567	0.0497643635	0.0316980113	-0.0402710428	-0.0152233491	-0.0390198218	-0.0215092383	-0.00819707	0.0072595591	0.0670842993	0.017957575	-0.0187794964	-0.0203800895	-0.242729971343448	-0.138825099602679	-2.22840312389761	0.592443852028073
-0.11468	0.0557586	0.283905	-0.00345044	-0.0033698	-0.000898087	-0.00068799999999998	0.0368326	0.00515500000000002	-0.00012345	0.00030433	0.000340373	0.08108325	0.016776594	-0.0416746376	-0.0434547811	0.0138568845	0.0523253215	0.0196393809	-0.0397530928	-0.0450874833	0.0108901587	0.0520588623	0.0224355316	-0.0376966663	-0.0465672044	0.0078864829	0.0516157682	0.025155559	-0.0355123358	-0.0478889238	0.0048560483	0.0509975427	0.027790234	0.0030373204	0.0542597401	-0.0299782531	-0.0271682582	0.0643625615	0.0338917951	-0.0150128781	0.0440516632	0.0394623222	0.0035537537	-0.484274978317	-0.782076151397183	-2.22840312389761	0.592443852028073
-0.109216	0.0328016	0.299266	-0.00411992	-0.0033698	-0.000898087	0.00546399999999998	-0.022957	0.015361	-0.00066948	0	0	0.077256	0.0165621507	-0.0419474363	-0.0430717306	0.0147273348	0.0523789848	0.0183746853	-0.0407667093	-0.0441380794	0.0128727058	0.0522732612	0.0201625	-0.039531138	-0.0451450484	0.0110007588	0.0520972133	0.0219231897	-0.0382423846	-0.0460912827	0.0091140124	0.0518510778	0.0236543856	0.0394106612	-0.0424712461	0.0301839854	0.002403328	-0.0343068371	-0.0506145857	-0.0324208503	-0.0266516656	0.0441692438	-0.0157133692	0.213626392994593	-1.02208969331444	-2.22840312389761	0.592443852028073
-0.115269	0.0206805	0.291654	-0.00371577	-0.0033698	-0.0010865	-0.006053	-0.0121211	-0.00761200000000001	0.00040415	0	-0.000188413	0.0554142499999999	0.016347399	-0.0422171104	-0.0426814612	0.015593397	0.0524082634	0.0170976719	-0.0417431291	-0.0431360754	0.0148358378	0.0523903296	0.0178440444	-0.0412596253	-0.0435808493	0.0140748942	0.0523604445	0.0185863463	-0.0407667093	-0.0440156816	0.0133107399	0.0523186149	0.0193244083	-0.0461575678	-0.0468483336	-0.0220831212	-0.0581310808	-0.0023874161	-0.0136337623	0.0393473074	-0.0486135193	-0.0195696929	-0.046881876	0.444281913940897	0.563918152074671	-2.22840312389761	-1.68540061352814
-0.119443	0.0375434	0.278048	-0.00360394	-0.0033698	-0.00104939	-0.004174	0.0168629	-0.013606	0.00011183	0	3.71099999999999e-05	0.0420899	0.0161323429	-0.0424836398	-0.0422840384	0.0164548132	0.0524131437	0.0158091967	-0.0426814612	-0.0420826652	0.016776594	0.0524098495	0.015485388	-0.0428774942	-0.0418795288	0.0170976719	0.0524043593	0.0151609305	-0.0430717306	-0.0416746376	0.0174180334	0.0523966733	0.0148358378	-0.0438141348	0.0331055495	-0.0351022493	-0.0018519715	0.0235819972	0.0637449625	0.0310411453	0.016493669	-0.0328502255	0.005515478	0.148916760618701	0.552768769328729	-2.22840312389761	0.592443852028073
-0.114574	0.0276389	0.285839	-0.00372962	-0.0033698	-0.000898087	0.00486900000000001	-0.00990450000000001	0.00779099999999999	-0.00012568	0	0.000151303	0.03641365	0.0159169864	-0.0427470046	-0.0418795288	0.0173113266	0.0523936235	0.0145101234	-0.0435808493	-0.0409791044	0.0186920473	0.0523317845	0.0130918447	-0.0443804069	-0.0400464398	0.020058062	0.0522287737	0.011663266	-0.0451450484	-0.0390822688	0.0214082961	0.0520846721	0.0102255113	0.0104445369	0.0634782744	-0.0144405478	-0.0411252258	0.0591846431	0.0434225674	-0.0336756614	0.0320423188	0.0392332145	0.0456322594	-0.024785590770155	-0.629023880248868	-2.22840312389761	-1.68540061352814
-0.114531	0.0242928	0.307431	-0.00411992	-0.00347992	-0.000898087	4.30000000000014e-05	-0.0033461	0.021592	-0.0003903	-0.00011012	0	0.0500021	0.0157013334	-0.0430071852	-0.0414680002	0.0181626821	0.0523497117	0.013201323	-0.044440473	-0.039826708	0.0205793086	0.05215628	0.0106688069	-0.0457643343	-0.0380873499	0.0229452624	0.0518344232	0.0081100208	-0.0469755095	-0.0362542087	0.0252547177	0.0513849338	0.0055312652	0.0482523511	-0.0441136278	0.0272079025	0.0564596801	-0.0247504589	-0.0607344261	-0.040956079	-0.0215580173	0.0349918309	0.0125396748	-0.866363658787281	-0.738403144090957	-2.22840312389761	0.592443852028073
-0.114494	0.0149843	0.301619	-0.00342055	-0.00356759	-0.00100013	3.69999999999954e-05	-0.0093085	-0.00581199999999998	0.00069937	-8.76699999999998e-05	-0.000102043	0.0596116499999999	0.015485388	-0.0432641622	-0.0410495216	0.019008626	0.0522814288	0.0118836729	-0.0452595478	-0.0386268493	0.0224355316	0.0518836628	0.0082217334	-0.0470255659	-0.036008423	0.025748738	0.0512229596	0.0045181276	-0.0485532669	-0.0332075124	0.0289314543	0.0503026675	0.0007916247	-0.0541973863	-0.0389452714	0.030779689	-0.0277704697	-0.0329947322	0.0017257784	0.0399457064	-0.0678021332	0.0167678898	-0.0249349727	-1.27898797072096	-0.358963496273614	0.448081059024295	-1.68540061352814
-0.11448	0.0206491	0.296377	-0.00337997	-0.00360132	-0.00117068	1.40000000000001e-05	0.0056648	-0.00524200000000002	4.05800000000001e-05	-3.373e-05	-0.00017055	0.0231638	0.0152691543	-0.0435179165	-0.0406241631	0.0198489062	0.0521888067	0.0105580562	-0.0460373263	-0.0373809583	0.0242579167	0.0515144404	0.0057561371	-0.0481607204	-0.0338162004	0.0284582593	0.0503969439	0.0009047034	-0.0498698332	-0.0299605535	0.0324138022	0.0488459301	-0.0039545126	-0.0416059048	0.0463599889	-0.0295767139	0.0084489084	-0.0406021207	0.0670440641	0.0039311513	0.0125087093	0.0026426349	-0.0483602454	-1.82614366331318	-0.292278623812172	0.448081059024295	0.592443852028073
-0.114522	0.0445178	0.279342	-0.00339179	-0.00350555	-0.000898087	-4.20000000000004e-05	0.0238687	-0.017035	-1.18200000000001e-05	9.57699999999998e-05	0.000272593	0.05995485	0.0150526362	-0.0437684292	-0.040191996	0.0206832724	0.0520718884	0.0092253617	-0.046773099	-0.0360905197	0.0260437153	0.0510493004	0.0032775729	-0.0491667543	-0.0315175794	0.0310639394	0.0493598362	-0.0027130321	-0.0509181258	-0.0265329132	0.0356783636	0.0470255659	-0.0086681957	0.0177191798	0.066100163	-0.0287382121	-0.0194989932	0.0231556809	0.0414605414	-0.0248023553	0.0609511232	0.0238660293	0.0210794736	-1.32772532791471	-0.182882425442376	0.448081059024295	-1.68540061352814
-0.1146	0.0227597	0.296036	-0.0038358	-0.00329269	-0.000952051	-7.79999999999947e-05	-0.0217581	0.016694	-0.00044401	0.00021286	-5.39640000000001e-05	0.0740718	0.0148358378	-0.0440156816	-0.0397530928	0.021511476	0.0519307284	0.0078864829	-0.0474661945	-0.0347570714	0.027790234	0.0504891087	0.0007916247	-0.0500409704	-0.0291197926	0.0335562706	0.0481159803	-0.0063178387	-0.0516925056	-0.0229452624	0.0387032042	0.0448551266	-0.0133107399	0.0516734622	-0.0229785681	0.0274726441	-0.0006318305	-0.0032336332	-0.0528226529	-0.0337040642	-0.0037907797	0.0461489553	0.0179873345	-0.715348791355917	-0.202444511054406	0.448081059024295	-1.68540061352814
-0.121781	0.020882	0.288316	-0.00345534	-0.0033698	-0.00120641	-0.00718100000000001	-0.0018777	-0.00772000000000006	0.00038046	-7.711e-05	-0.000254359000000001	0.05237515	0.0146187631	-0.0442596553	-0.0393075269	0.0223332702	0.0517653924	0.0065423171	-0.0481159803	-0.0333822024	0.0294948387	0.0498349085	-0.001696107	-0.0507810249	-0.026630384	0.0359261587	0.0466705863	-0.009892538	-0.0521888067	-0.0192192368	0.0414680002	0.0423507695	-0.0178440444	0.0064692492	-0.0589552758	0.0352584615	-0.0516033427	-0.0372181577	-0.0495208384	0.0039547756	-0.0604465131	-0.0124510648	-0.0430388319	0.661401132327066	-0.386979581757044	0.448081059024295	0.592443852028073
-0.130779	0.0242637	0.271784	-0.00323643	-0.0033698	-0.00132083	-0.00899800000000001	0.0033817	-0.0165319999999999	0.00021891	0	-0.000114419999999999	0.0455782	0.0144014162	-0.0445003321	-0.0388553731	0.0231484102	0.0515759573	0.0051937656	-0.0487218636	-0.0319675512	0.0311549584	0.0490879179	-0.0041800175	-0.0513849338	-0.0240571864	0.038164956	0.0450297083	-0.0134200948	-0.0524043593	-0.015377307	0.0439541752	0.039531138	-0.0222309049	-0.0379580404	-0.035339064	-0.0377788681	0.0104695863	-0.028031506	-0.009471273	0.0468382946	-0.0053533489	-0.0522561326	-0.063365507	0.125097264038618	-0.340960450485751	0.448081059024295	0.592443852028073
-0.132287	0.0435646	0.285537	-0.00371058	-0.0033698	-0.00112947	-0.00150799999999998	0.0193009	0.013753	-0.00047415	0	0.00019136	0.0678373999999999	0.0141838011	-0.0447376941	-0.0383967071	0.0239566531	0.0513625114	0.0038417323	-0.0492832916	-0.0305148036	0.0327680892	0.0482495277	-0.0066545109	-0.0518510778	-0.0214082961	0.0402644936	0.0432002194	-0.0168836987	-0.0523380039	-0.011442642	0.0461450246	0.0364172225	-0.0264353189	-0.055101977	0.0294946119	-0.042736211	-0.0139037698	0.0273352885	0.0650162593	0.0544891534	0.0358459209	0.0023051706	0.0010890278	0.744780174950155	-0.3636931040961	0.448081059024295	0.592443852028073
-0.130736	0.0450042	0.304673	-0.00386505	-0.0033698	-0.000898088	0.001551	0.0014396	0.019136	-0.00015447	0	0.000231382	0.0414192	0.0139659219	-0.0449717237	-0.0379316059	0.024757758	0.0511251541	0.0024871236	-0.0497997519	-0.029025691	0.0343317983	0.047321299	-0.0091140124	-0.0521782074	-0.0186920473	0.0422171104	0.0411897824	-0.0202668442	-0.0519900974	-0.0074389706	0.0480258282	0.0330322041	-0.0304227813	-0.016603876	0.0521025818	0.0213770517	0.0090975168	0.0035344967	0.0485521301	-0.0074710374	0.0107149699	0.0680183239	0.022002981	0.506660532596259	-0.220220333458824	0.448081059024295	0.592443852028073
-0.132531	0.0268954	0.295818	-0.00355757	-0.00327198	-0.00134119	-0.00179500000000005	-0.0181088	-0.00885500000000006	0.00030748	9.78200000000002e-05	-0.000443102	0.0711789	0.0137477825	-0.0452024033	-0.0374601473	0.0255514863	0.0508639957	0.0011308477	-0.0502707735	-0.0275019879	0.0358437271	0.0463049601	-0.0115529809	-0.0523654453	-0.0159169864	0.0440156816	0.0390068183	-0.0235534089	-0.0513625114	-0.0033904374	0.0495839492	0.029401282	-0.0341605674	0.0103709503	0.0289806468	0.0431000169	-0.00179674	-0.0510498387	0.0153509842	-0.0561254687	-0.0338845507	0.0454040449	-0.0087655478	0.129892033619772	-0.181922996390603	0.448081059024295	0.592443852028073
-0.137899	0.0178463	0.281581	-0.00349314	-0.00302107	-0.00134119	-0.00536799999999996	-0.0090491	-0.014237	6.44299999999999e-05	0.00025091	0	0.0444211	0.0135293872	-0.0454297158	-0.0369824104	0.0263376015	0.050579158	-0.0002261864	-0.0506959264	-0.0259455102	0.0373015953	0.0452024033	-0.0139659219	-0.0524122897	-0.0130918447	0.0456536443	0.0366604707	-0.0267277308	-0.050458622	0.0006785423	0.0508089184	0.0255514863	-0.0376180017	0.0506972282	0.0044448836	0.0174511302	0.0019039612	-0.0484736206	-0.0259984133	-0.0627157164	0.0021049142	0.0049919119	-0.0564227207	-2.19410981488837	-0.142422196657813	0.448081059024295	0.592443852028073
-0.132695	0.0278008	0.265745	-0.00281419	-0.00279572	-0.00134119	0.00520399999999999	0.0099545	-0.015836	0.00067895	0.00022535	0	0.0762095	0.0133107399	-0.0456536443	-0.0364984753	0.0271158693	0.0502707735	-0.0015830688	-0.0510748227	-0.0243581127	0.0387032042	0.0440156816	-0.016347399	-0.0523186149	-0.0102255113	0.0471250218	0.0341605674	-0.029774683	-0.0492832916	0.00474343	0.0516925056	0.021511476	-0.0407667093	0.0271222766	-0.0374900286	-0.0663969323	0.0066513692	-0.034263394	-0.0497946829	0.0176112616	0.0544014858	0.0060250615	-0.0284933989	1.14690643581853	-0.144803124162314	0.448081059024295	0.592443852028073
-0.126343	0.0342075	0.28815	-0.00422191	-0.00279572	-0.00134119	0.006352	0.0064067	0.022405	-0.00140772	0	0	0.1055497	0.0130918447	-0.0458741721	-0.036008423	0.0278860579	0.0499389857	-0.00293889	-0.0514071169	-0.0227416872	0.0400464398	0.0427470046	-0.0186920473	-0.0520846721	-0.0073270047	0.0484244452	0.0315175794	-0.0326797453	-0.0478428428	0.0087797117	0.0522287737	0.0173113266	-0.0435808493	-0.017271968	-0.0209861136	-0.0120984475	0.047485506	0.042968002	-0.0102940632	0.0544369242	0.0246839837	0.0161198417	0.0333011562	0.436193287069574	-0.418501692538137	0.448081059024295	0.592443852028073
-0.132695	0.0344123	0.288115	-0.00362046	-0.00279572	-0.00134119	-0.006352	0.000204800000000005	-3.50000000000073e-05	0.00060145	0	0	0.0366643	0.0128727058	-0.0460912827	-0.0355123358	0.0286479378	0.0495839492	-0.004292741	-0.0516925056	-0.02109816	0.0413292761	0.0413987346	-0.0209945843	-0.0517110885	-0.0044054445	0.0495471731	0.0287425773	-0.0354290736	-0.0461450246	0.0127630461	0.0524141198	0.0129823055	-0.0460373263	-0.0211920776	0.0415565016	0.0424970806	0.0033778985	0.0096520699	0.0373719848	-0.0214603986	-0.0315201358	0.0512637639	0.0071512701	0.847934400717665	-0.496022780286148	0.448081059024295	0.592443852028073
-0.132695	0.0166629	0.280233	-0.0038077	-0.00279572	-0.00134119	0	-0.0177494	-0.007882	-0.00018724	0	0	0.0349934	0.0126533271	-0.0463049601	-0.0350102966	0.029401282	0.0492058292	-0.0056437143	-0.0519307284	-0.0194294898	0.0425497785	0.0399733818	-0.0232498227	-0.0511988656	-0.0014700233	0.0504891087	0.0258471843	-0.0380095663	-0.0441989703	0.0166694112	0.0522472985	0.0085566393	-0.0481159803	0.055878576	0.0021379948	0.0153030714	-0.0108729498	-0.0663938023	-0.0168537836	-0.0703043326	-0.0127860151	0.0321710993	-0.0440612328	0.071628730009889	-0.481087810266168	0.448081059024295	0.592443852028073
-0.110783	0.0342866	0.302683	-0.00401692	-0.00279572	-0.00134119	0.021912	0.0176237	0.02245	-0.00020922	0	0	0.0724467	0.0124337127	-0.0465151882	-0.0345023898	0.0301458661	0.0488048017	-0.0069909042	-0.052121568	-0.017737665	0.043706106	0.0384736004	-0.0254526818	-0.0505493769	0.0014700233	0.051246815	0.022843528	-0.0404089261	-0.0420151486	0.020475249	0.0517294306	0.0040672745	-0.0497997519	0.0142557844	-0.0434148157	-0.0174500723	-0.0363636521	-0.0465755299	-0.0492352702	0.0068471265	0.0041847565	0.0326649362	-0.0676260353	-1.98932326742463	-0.443829794643081	0.448081059024295	0.592443852028073
-0.119868	0.0184759	0.300813	-0.00421194	-0.00296638	-0.00127032	-0.00908500000000001	-0.0158107	-0.00186999999999998	-0.00019502	-0.00017066	7.087e-05	0.0485931999999999	0.0122138669	-0.0467219514	-0.0339887004	0.0308814681	0.0483810535	-0.0083334077	-0.0522648503	-0.0160247019	0.0447965146	0.0369021828	-0.0275981986	-0.0497643635	0.0044054445	0.0518175273	0.0197441895	-0.042615719	-0.0396053074	0.0241576078	0.0508639957	-0.0004523686	-0.0510748227	0.0046680811	-0.034500095	-0.0432613674	0.0036694767	-0.0879833877	-0.026130369	0.0192575813	0.0157940778	-0.0130743755	-0.0702999368	0.652749431819634	-0.390783267171101	0.448081059024295	0.592443852028073
-0.0756197	0.0385705	0.206646	-0.00240485	-0.00279572	-0.000123574	0.0442483	0.0200946	-0.094167	0.00180709	0.00017066	0.001146746	0.3147347	0.0119937935	-0.0469252343	-0.0334693144	0.0316078689	0.0479347819	-0.0096703246	-0.0523604445	-0.0142926419	0.0458193599	0.0352620549	-0.0296815396	-0.0488459301	0.0073270047	0.052199163	0.0165621507	-0.0446194286	-0.0369824104	0.0276942808	0.0496568086	-0.004968644	-0.0519307284	-0.00342684	-0.030277725	-0.0636323643	0.0157556114	0.0476580827	-0.0191582215	0.07417523	0.0457362834	-0.039196477	0.0492709479	0.390012605234502	-0.310902295779869	0.448081059024295	0.592443852028073
-0.0583729	0.035208	0.100385	1.87479e-05	-0.00231896	0.000573325	0.0172468	-0.0033625	-0.106261	0.0024235979	0.00047676	0.000696899	0.306733145	0.0117734969	-0.0471250218	-0.032944319	0.0323248521	0.0474661945	-0.0110007588	-0.0524082634	-0.0125435491	0.046773099	0.0335562706	-0.0316980113	-0.0477965391	0.0102255113	0.0523903296	0.0133107399	-0.0464105063	-0.0341605674	0.0310639394	0.0481159803	-0.0094479311	-0.0523604445	0.03273619	-0.0325591535	0.085817375	0.1203240202	0.1674747629	-0.0246908142	0.0159376585	-0.0039600957	-0.1963025907	0.2016746666	0.452949358283549	-0.324465011959305	0.448081059024295	0.592443852028073
-0.063177	0.0694752	0.115399	-0.000875186	-0.00259444	1.51981e-05	-0.00480409999999999	0.0342672	0.015014	-0.0008939339	-0.00027548	-0.0005581269	0.14046234	0.0115529809	-0.047321299	-0.0324138022	0.0330322041	0.0469755095	-0.0123238185	-0.0524082634	-0.0107795079	0.0476562936	0.031788006	-0.0336430707	-0.0466190039	0.0130918447	0.0523903296	0.0100035758	-0.0479804167	-0.0311549584	0.0342462625	0.0462518635	-0.0138568845	-0.0523604445	-0.0026334531	0.0057847289	0.0778894587	0.0102493587	0.1027795972	-0.0141490471	-0.0186775583	-0.0763842857	-0.1641684926	0.150426055	0.28387631185471	-0.35772889312716	0.448081059024295	0.592443852028073
-0.0581782	0.0626106	0.176055	-0.00253332	-0.0030539	1.51981e-05	0.0049988	-0.0068646	0.060656	-0.001658134	-0.00045946	0	0.1783991	0.0113322499	-0.0475140513	-0.0318778528	0.033729714	0.0464629554	-0.0136386166	-0.0523604445	-0.0090026205	0.0484676115	0.0299605535	-0.0355123358	-0.0453164815	0.0159169864	0.052199163	0.0066545109	-0.0493216787	-0.027981752	0.0372220587	0.0440769831	-0.0181626821	-0.0519307284	0.0131238617	0.0506635537	-0.0177242297	0.0070875204	0.0309199878	0.0159922554	-0.0066908929	0.0173341211	-0.0850929326	0.0603080499	-2.24235756967705	-0.417276435729447	0.448081059024295	0.592443852028073
-0.0708393	0.061157	0.183967	-0.00241675	-0.00278227	1.51981e-05	-0.0126611	-0.0014536	0.00791200000000006	0.00011657	0.00027163	0	0.0414367	0.0111113077	-0.0477032642	-0.0313365607	0.0344171741	0.0459287708	-0.0149442718	-0.0522648503	-0.0072150046	0.0492058292	0.0280773158	-0.0373015953	-0.0438924641	0.0186920473	0.0518175273	0.0032775729	-0.0504279004	-0.0246580184	0.0399733818	0.0416059521	-0.0223332702	-0.0510748227	0.0440408408	0.0305414199	0.0012045528	0.0042070765	0.0792411327	-0.0231093045	-0.0028731337	0.0530800794	-0.0403519005	0.0885579174	0.542738611462437	-0.398762158294822	0.448081059024295	0.592443852028073
-0.0901767	0.0563258	0.22718	-0.00223191	-0.00278227	-0.000282983	-0.0193374	-0.0048312	0.043213	0.00018484	0	-0.0002981811	0.091532655	0.0108901587	-0.0478889238	-0.0307900166	0.0350943796	0.0453732043	-0.0162399088	-0.052121568	-0.0054187904	0.0498698332	0.0261417992	-0.0390068183	-0.0423507695	0.0214082961	0.051246815	-0.0001130935	-0.0512938101	-0.0212016376	0.0424836398	0.0388553731	-0.0263376015	-0.0497997519	0.043584412	-0.0497476562	0.0296183468	0.0015491794	0.016888451	-0.071306309	-0.0045549725	-0.0135333815	0.0264958724	0.0411572554	0.339674624793365	-0.397255910827458	0.448081059024295	0.592443852028073
-0.108656	0.0318647	0.251627	-0.00252815	-0.00278227	-0.000401958	-0.0184793	-0.0244611	0.024447	-0.00029624	0	-0.000118975	0.08814815	0.0106688069	-0.0480710162	-0.0302383121	0.0357611286	0.0447965146	-0.017524659	-0.0519307284	-0.0036161185	0.050458622	0.0241576078	-0.0406241631	-0.040695531	0.0240571864	0.0504891087	-0.0035032861	-0.0519152815	-0.017631203	0.0447376941	0.0358437271	-0.0301458661	-0.0481159803	-0.0632094647	-0.033555294	0.0358247683	-0.107945648	0.0011819027	0.0029410417	0.0463871534	-0.0761502102	-0.0235912043	-0.0690126792	-1.91956943372527	-0.410880009428337	0.448081059024295	0.592443852028073
-0.108656	0.0560375	0.251826	-0.00312516	-0.00278227	-0.000401958	0	0.0241728	0.000199000000000005	-0.00059701	0	0	0.0542223	0.0104472564	-0.0482495277	-0.0296815396	0.0364172225	0.0441989703	-0.0187976612	-0.0516925056	-0.0018091373	0.0509713076	0.022128436	-0.042149986	-0.0389311863	0.026630384	0.0495471731	-0.006878805	-0.052289353	-0.0139659219	0.0467219514	0.0325912492	-0.033729714	-0.0460373263	-0.0209150484	0.0507326775	-0.0368773317	0.077334929	-0.0749515704	0.0586548433	-0.0112002288	0.0507260161	0.0132796169	-0.0734523688	-1.17200027542867	-0.714598279391194	0.448081059024295	0.592443852028073
-0.108687	0.0557646	0.270136	-0.00378782	-0.00268882	-0.000560362	-3.10000000000032e-05	-0.0002729	0.01831	-0.00066266	9.34499999999997e-05	-0.000158404	0.0643396	0.0102255113	-0.0484244452	-0.0291197926	0.0370624658	0.0435808493	-0.020058062	-0.0514071169	0	0.0514071169	0.020058062	-0.0435808493	-0.0370624658	0.0291197926	0.0484244452	-0.0102255113	-0.0524142418	-0.0102255113	0.0484244452	0.0291197926	-0.0370624658	-0.0435808493	0.0643092339	-0.0050834701	-0.0272588034	0.0335643188	-0.0155227907	-0.0313963239	-0.0183579149	0.0737744852	0.0447125591	0.0012012809	-0.49192709963928	-0.79559746574137	0.448081059024295	-1.68540061352814
-0.108658	0.0385562	0.270145	-0.00373377	-0.00277769	-0.000401958	2.90000000000013e-05	-0.0172084	8.99999999998125e-06	5.40499999999999e-05	-8.887e-05	0.000158404	0.0323126	0.0100035758	-0.0485957556	-0.028553165	0.0376966663	0.0429424396	-0.0213050164	-0.0510748227	0.0018091373	0.0517653924	0.0179503407	-0.0449135297	-0.0350943796	0.0315175794	0.0471250218	-0.0135293872	-0.052289353	-0.0064300929	0.0498349085	0.0254526818	-0.0401193113	-0.0407667093	-0.0207954361	-0.0611512742	0.0073642891	-0.0409220886	0.0125897832	-0.0433221751	0.0495828232	-0.0320931935	0.0842635933	-0.0035990206	0.463897189111906	-0.239466581443202	0.448081059024295	-1.68540061352814
-0.108602	0.0286923	0.276611	-0.00401865	-0.0029169	-0.000401958	5.59999999999866e-05	-0.0098639	0.00646600000000003	-0.00028488	-0.00013921	0	0.0375904	0.0097814541	-0.0487634462	-0.027981752	0.038319635	0.0422840384	-0.0225376886	-0.0506959264	0.0036161185	0.0520455938	0.0158091967	-0.0461450246	-0.0330322041	0.0338162004	0.0456536443	-0.016776594	-0.0519152815	-0.0026000839	0.0509448353	0.0216145559	-0.0428774942	-0.0376180017	-0.0654622339	-0.0165104175	0.0356076439	-0.0177696766	-0.0355922921	0.0370355087	0.0204764132	-0.0660596523	0.0250767401	-0.0422887759	0.189742068857721	0.034592347332535	0.448081059024295	-1.68540061352814
-0.108636	0.0293456	0.2559	-0.00430499	-0.00279285	-0.000683353	-3.39999999999924e-05	0.000653299999999996	-0.020711	-0.00028634	0.00012405	-0.000281395	0.05598755	0.0095591501	-0.0489275043	-0.0274056492	0.0389311863	0.0416059521	-0.0237552522	-0.0502707735	0.0054187904	0.0522472985	0.0136386166	-0.0472725596	-0.0308814681	0.036008423	0.0440156816	-0.0199535306	-0.0512938101	0.0012439122	0.051747532	0.017631203	-0.0453164815	-0.0341605674	-0.0311659322	0.0616825569	-0.0383652323	-0.0406024432	-0.0103927222	0.0818331619	-0.0272890387	0.011002882	-0.0056841028	-0.0418140194	0.377963014643388	0.574183758539993	0.448081059024295	0.592443852028073
-0.100891	0.0513887	0.273688	-0.00414969	-0.00262904	-0.000401958	0.007745	0.0220431	0.017788	0.0001553	0.00016381	0.000281395	0.07760135	0.0093366682	-0.0490879179	-0.0268249532	0.039531138	0.0409084964	-0.0249568909	-0.0497997519	0.0072150046	0.0523702023	0.011442642	-0.0482935946	-0.0286479378	0.0380873499	0.0422171104	-0.0230468899	-0.0504279004	0.0050812166	0.0522381577	0.0135293872	-0.0474181167	-0.0304227813	0.053882069	0.023772114	-0.0339537339	-0.0604232709	0.0116384161	0.0028237289	-0.0377623876	0.0507417102	0.0181234613	-0.0043053436	0.00328474131936	0.068153054469991	-2.22840312389761	0.592443852028073
-0.0980749	0.0382045	0.294301	-0.00471522	-0.00260171	-0.000401958	0.0028161	-0.0131842	0.020613	-0.00056553	2.73299999999999e-05	0	0.0662563	0.0091140124	-0.049244675	-0.0262397614	0.0401193113	0.040191996	-0.0261417992	-0.0492832916	0.0090026205	0.0524141198	0.0092253617	-0.0492058292	-0.0263376015	0.0400464398	0.0402644936	-0.0260437153	-0.0493216787	0.0088911868	0.0524137538	0.0093366682	-0.0491667543	-0.0264353189	-0.0206670913	-0.0568298046	-8.40791e-05	-0.0256813618	-0.006484435	-0.0342873666	0.0500755526	-0.0192262968	0.0624689845	0.0048754166	0.286327719609278	-0.215962253692848	-2.22840312389761	0.592443852028073
-0.105999	0.0174384	0.289595	-0.00434151	-0.00272477	-0.000175548	-0.0079241	-0.0207661	-0.00470600000000004	0.00037371	-0.00012306	0.00022641	0.0695552	0.0088911868	-0.0493977639	-0.0256501718	0.040695531	0.0394567845	-0.0273091829	-0.0487218636	0.0107795079	0.0523789848	0.0069909042	-0.0500072082	-0.0239566531	0.0418795288	0.038164956	-0.0289314543	-0.0479804167	0.0126533271	0.0522732612	0.0050812166	-0.0505493769	-0.0222309049	-0.0596492427	0.026069512	0.0244392464	0.0427874423	-0.0850037671	0.0626696811	-0.0025486367	-0.0436554748	0.0054539614	-0.0554078559	0.526242159178268	1.40525729248441	-2.22840312389761	0.592443852028073
-0.0993408	0.0384496	0.265195	-0.00409428	-0.00285634	-0.000243952	0.00665819999999999	0.0210112	-0.0244	0.00024723	-0.00013157	-6.8404e-05	0.0744296	0.0086681957	-0.0495471731	-0.0250562833	0.0412596253	0.0387032042	-0.0284582593	-0.0481159803	0.0125435491	0.0522648503	0.00474343	-0.0506959264	-0.021511476	0.0435808493	0.0359261587	-0.0316980113	-0.0464105063	0.016347399	0.0518175273	0.0007916247	-0.0515556917	-0.0178440444	0.0306047302	0.0635932779	-0.0544441654	-0.0865725689	0.0014020757	0.0308918081	-0.044188687	0.0603351907	0.0136821309	-0.0284107437	0.364999664204204	1.11347483946278	-2.22840312389761	0.592443852028073
-0.101382	0.0540562	0.281619	-0.00429601	-0.00312052	-0.000190169	-0.00204119999999999	0.0156066	0.016424	-0.000201730000000001	-0.00026418	5.3783e-05	0.06005645	0.0084450432	-0.0496928916	-0.0244581953	0.0418114263	0.0379316059	-0.029588258	-0.0474661945	0.0142926419	0.0520718884	0.0024871236	-0.0512704319	-0.019008626	0.0451450484	0.0335562706	-0.0343317983	-0.0446194286	0.0199535306	0.0510493004	-0.0035032861	-0.0521782074	-0.0133107399	-0.0117713146	-0.0228229458	-0.0183446631	0.0456948073	0.00839967	-0.0190644288	0.0210355368	0.0075400269	0.0416939267	0.0311964855	0.391158509476405	1.04054288142998	0.448081059024295	-1.68540061352814
-0.103865	0.0385222	0.28166	-0.00391491	-0.00312052	-0.00014453	-0.002483	-0.015534	4.09999999999577e-05	0.0003811	0	4.5639e-05	0.03939495	0.0082217334	-0.0498349085	-0.0238560081	0.0423507695	0.0371423487	-0.0306984217	-0.046773099	0.0160247019	0.0518003901	0.0002261864	-0.0517294306	-0.0164548132	0.0465672044	0.0310639394	-0.0368217834	-0.042615719	0.0234523225	0.0499732133	-0.0077746586	-0.0524122897	-0.0086681957	-0.0095645946	0.0420712098	0.0516588422	-0.0026189469	-0.0117599725	0.0296384289	-0.0363445057	-0.037916828	0.0310058644	0.0023288999	0.564675330571785	0.332119155986737	0.448081059024295	0.592443852028073
-0.108631	0.0210863	0.281659	-0.00347225	-0.00285527	-0.00031476	-0.00476599999999999	-0.0174359	-9.99999999973244e-07	0.00044266	0.00026525	-0.00017023	0.0661099	0.0079982704	-0.0499732133	-0.0232498227	0.0428774942	0.0363358002	-0.031788006	-0.0460373263	0.017737665	0.051450765	-0.002035172	-0.0520718884	-0.0138568845	0.0478428428	0.0284582593	-0.0391575372	-0.0404089261	0.0268249532	0.0485957556	-0.0119937935	-0.052256196	-0.0039545126	0.0256457938	-0.0276865373	-0.0199280334	-0.0106945059	-0.0644965159	-0.0238580911	-0.0340284657	0.0033458146	-0.0075892752	-0.0809777262	-0.040004014077632	0.484958900908923	0.448081059024295	-1.68540061352814
-0.11834	0.030648	0.269321	-0.003908	-0.00233201	-0.000401958	-0.00970900000000002	0.0095617	-0.012338	-0.00043575	0.00052326	-8.7198e-05	0.0839191	0.0077746586	-0.0501077956	-0.0226397406	0.0433914434	0.0355123358	-0.0328562806	-0.0452595478	0.0194294898	0.0510235403	-0.004292741	-0.0522970337	-0.0112218049	0.0489679499	0.025748738	-0.0413292761	-0.0380095663	0.0300532798	0.0469252343	-0.0161323429	-0.0517110885	0.0007916247	-0.0498196794	-0.0008311564	-0.0451587607	0.0157222625	-0.0470373297	0.0344309348	0.0716718742	0.0264545455	0.033333512	-0.0494136584	0.90252229056028	1.52368745037733	-2.22840312389761	-1.68540061352814
-0.111258	0.047136	0.260665	-0.00388208	-0.0025593	-0.000401958	0.00708200000000002	0.016488	-0.00865599999999994	2.592e-05	-0.000227290000000001	0	0.0448865	0.0075509019	-0.0502386454	-0.0220258641	0.0438924641	0.0346723388	-0.0339025293	-0.044440473	0.02109816	0.0505193604	-0.0065423171	-0.0524043593	-0.0085566393	0.0499389857	0.0229452624	-0.0433279037	-0.0354290736	0.0331199354	0.0449717237	-0.0201625	-0.0507810249	0.0055312652	-0.0013929742	0.0557777607	0.0032952562	0.0202423084	0.0544157537	0.0473313338	-0.013751397	0.0359286377	0.0313033629	0.0583358324	0.460636671708085	1.74516097611503	-2.22840312389761	0.592443852028073
-0.129059	0.0385639	0.27044	-0.00367358	-0.00254286	-0.000561357	-0.017801	-0.00857210000000001	0.00977499999999998	0.0002085	1.64400000000004e-05	-0.000159399	0.05536505	0.0073270047	-0.0503657529	-0.0214082961	0.0443804069	0.0338162004	-0.0349260507	-0.0435808493	0.0227416872	0.0499389857	-0.0087797117	-0.0523936235	-0.0058685331	0.050752895	0.020058062	-0.0451450484	-0.0326797453	0.036008423	0.0427470046	-0.0240571864	-0.0494729291	0.0102255113	0.0434017938	-0.0417528087	0.0483325234	0.0653602382	0.0032776067	-0.0593379701	-0.0507924654	-0.0421743229	0.0079052827	0.0271700571	0.178882218285006	1.95058300463581	-2.22840312389761	-1.68540061352814
-0.138885	0.0256475	0.265194	-0.00308047	-0.00232049	-0.000798315	-0.009826	-0.0129164	-0.00524600000000003	0.00059311	0.00022237	-0.000236958	0.0806103	0.007102971	-0.0504891087	-0.02078714	0.0448551266	0.032944319	-0.0359261587	-0.0426814612	0.0243581127	0.0492832916	-0.0110007588	-0.0522648503	-0.0031646932	0.0514071169	0.0170976719	-0.046773099	-0.029774683	0.0387032042	0.0402644936	-0.027790234	-0.0477965391	0.0148358378	-0.0439442692	-0.0183175089	0.0353077966	-0.0116786619	-0.0194043424	0.0107622213	0.0228921329	-0.0671469572	-0.0329287703	-0.0294705633	0.309736641663033	1.9672155517358	0.448081059024295	-1.68540061352814
-0.143674	0.041105	0.249699	-0.00300593	-0.00232049	-0.00108123	-0.00478900000000002	0.0154575	-0.015495	7.45400000000001e-05	0	-0.000282915	0.05361425	0.006878805	-0.0506087036	-0.0201625	0.0453164815	0.0320571007	-0.0369021828	-0.0417431291	0.0259455102	0.0485532669	-0.013201323	-0.05201833	-0.0004523686	0.051899593	0.0140748942	-0.0482052363	-0.0267277308	0.0411897824	0.0375391619	-0.0313365607	-0.0457643343	0.0193244083	0.0177447791	0.0626043656	-0.0342970644	-0.0524992151	0.0330007242	0.0341154241	-0.0370034261	0.0360932694	-0.0122390385	-0.0305408575	0.192717653714324	2.52199618150471	0.448081059024295	-1.68540061352814
-0.144619	0.0541443	0.249691	-0.00332842	-0.00232049	-0.000869435	-0.000945000000000001	0.0130393	-7.99999999998025e-06	-0.00032249	0	0.000211795	0.04070655	0.0066545109	-0.0507245288	-0.0195344808	0.0457643343	0.0311549584	-0.0378534688	-0.0407667093	0.0275019879	0.0477500128	-0.015377307	-0.0516546178	0.0022611689	0.0522287737	0.0110007588	-0.0494354616	-0.0235534089	0.0434547811	0.0345874448	-0.0346723388	-0.0433914434	0.0236543856	0.0457595775	-0.0322262952	-0.0352312299	0.0927987138	0.0256706545	-0.0484839066	0.0106760598	0.0621646599	0.003242978	0.0168235661	0.312200088821004	3.1608661221228	-2.22840312389761	0.592443852028073
-0.144619	0.0385373	0.277928	-0.00360534	-0.00232049	-0.000869435	0	-0.015607	0.028237	-0.00027692	0	0	0.05769	0.0064300929	-0.0508365754	-0.0189031876	0.0461985516	0.0302383121	-0.0387793789	-0.0397530928	0.029025691	0.0468747407	-0.017524659	-0.0511745333	0.004968644	0.0523936235	0.0078864829	-0.050458622	-0.0202668442	0.0454860159	0.0314271432	-0.0377751555	-0.040695531	0.027790234	-0.0473363351	-0.0187368674	0.0477967687	0.0065764216	0.0219646131	0.0092328672	0.047642326	-0.0337970248	0.050386968	0.0404473399	0.439097870316359	3.34332397412476	-2.22840312389761	0.592443852028073
-0.144619	0.0386257	0.277937	-0.00335897	-0.00232049	-0.000869435	0	8.83999999999885e-05	8.99999999998125e-06	0.00024637	0	0	0.0124159	0.0062055551	-0.0509448353	-0.0182687262	0.0466190039	0.0293075885	-0.0396792925	-0.0387032042	0.0305148036	0.0459287708	-0.0196393809	-0.050579158	0.0076627981	0.0523936235	0.00474343	-0.0512704319	-0.0168836987	0.0472725596	0.0280773158	-0.0406241631	-0.0376966663	0.0316980113	-0.0063660405	0.0401839614	0.0541097553	0.0133666902	-0.0542609691	0.0266513825	-0.0523041419	-0.0463949173	0.008853983	-0.0270900565	1.00193349667987	1.1836521362862	0.448081059024295	-1.68540061352814
-0.134879	0.0421632	0.262134	-0.00318342	-0.00232049	-0.000869435	0.00974	0.00353750000000001	-0.015803	0.00017555	0	0	0.037858	0.0059809018	-0.0510493004	-0.017631203	0.0470255659	0.028363221	-0.0405526062	-0.0376180017	0.0319675512	0.0449135297	-0.0217175351	-0.0498698332	0.0103364079	0.0522287737	0.0015830688	-0.051867491	-0.0134200948	0.0488048017	0.024558164	-0.0432002194	-0.0344171741	0.0353456466	0.058040784	0.0176099126	-0.0492160064	-0.0196599816	-0.0660574935	-0.0197859924	-0.0448256233	0.0463825743	-0.014084412	-0.0481306147	0.846174178199526	0.782207368106743	0.448081059024295	-1.68540061352814
-0.139839	0.0507556	0.25273	-0.00319279	-0.00232049	-0.000869435	-0.00496000000000002	0.0085924	-0.00940400000000002	-9.36999999999986e-06	0	0	0.0234249	0.0057561371	-0.0511499628	-0.0169907249	0.0474181167	0.0274056492	-0.0413987346	-0.0364984753	0.0333822024	0.0438305487	-0.0237552522	-0.0490481569	0.0129823055	0.051899593	-0.0015830688	-0.0522472985	-0.009892538	0.0500744995	0.0208909108	-0.0454860159	-0.0308814681	0.0387032042	0.020596601	-0.0453310593	-0.0529529443	0.0093640943	0.0272907645	-0.0542836257	0.0382634192	0.048890173	-0.0059655337	0.0175035284	1.18169413760196	1.27348558861536	0.448081059024295	-1.68540061352814
-0.134922	0.0665633	0.274561	-0.00362505	-0.00272804	-0.000869435	0.004917	0.0158077	0.021831	-0.00043226	-0.00040755	0	0.0845462	0.0055312652	-0.051246815	-0.016347399	0.0477965391	0.0264353189	-0.0422171104	-0.0353456466	0.0347570714	0.0426814612	-0.025748738	-0.0481159803	0.015593397	0.0514071169	-0.00474343	-0.0524082634	-0.0063178387	0.0510748227	0.0170976719	-0.0474661945	-0.0271158693	0.0417431291	-0.0369183919	-0.0368533676	0.0152105377	0.0106605236	0.0106429155	-0.0002605881	0.0462902992	-0.0285371955	0.0477471995	0.0215097624	1.0206668083759	1.68796137852359	0.448081059024295	-1.68540061352814
-0.134774	0.0385167	0.271074	-0.00360647	-0.00317686	-0.000869435	0.000148000000000009	-0.0280466	-0.00348700000000002	1.85799999999998e-05	-0.00044882	0	0.0550516	0.0053062903	-0.05133985	-0.0157013334	0.0481607204	0.0254526818	-0.0430071852	-0.0341605674	0.0360905197	0.0414680002	-0.0276942808	-0.0470754035	0.0181626821	0.050752895	-0.0078864829	-0.0523497117	-0.0027130321	0.0518003901	0.013201323	-0.0491274505	-0.0231484102	0.044440473	-0.0584785821	0.0223866179	0.0399987547	-0.0217814528	-0.0262463376	0.057275239	-0.0077900061	-0.0744664739	-0.0038313108	0.0043193174	0.938652848877192	2.16671964871015	0.448081059024295	-1.68540061352814
-0.128215	0.0453276	0.258128	-0.00389301	-0.00283319	-0.000783827	0.00655900000000001	0.00681090000000001	-0.012946	-0.00028654	0.00034367	8.56080000000001e-05	0.0621068	0.0050812166	-0.0514290606	-0.0150526362	0.0485105521	0.0244581953	-0.0437684292	-0.032944319	0.0373809583	0.040191996	-0.029588258	-0.0459287708	0.0206832724	0.0499389857	-0.0110007588	-0.0520718884	0.0009047034	0.0522472985	0.0092253617	-0.050458622	-0.019008626	0.046773099	0.0161637105	0.0631520072	-0.0215586007	-0.0323410581	-0.0412575978	0.0330757936	-0.0604643153	0.0215274762	-0.0305086635	-0.0362847181	0.651195113969962	2.20846051446211	0.448081059024295	-1.68540061352814
-0.131067	0.03859	0.258091	-0.00342104	-0.00255497	-0.000869435	-0.00285200000000002	-0.0067376	-3.70000000000648e-05	0.00047197	0.00027822	-8.56080000000001e-05	0.0514165	0.0048560483	-0.0515144404	-0.0144014162	0.0488459301	0.0234523225	-0.0445003321	-0.0316980113	0.0386268493	0.0388553731	-0.0314271432	-0.0446786654	0.0231484102	0.0489679499	-0.0140748942	-0.0515759573	0.0045181276	0.0524131437	0.0051937656	-0.051450765	-0.0147273348	0.0487218636	0.0503490199	0.0032594304	-0.0553266451	0.0073285457	-0.0117571632	-0.0331080243	-0.0005582602	0.0684853792	-0.0255237357	0.0153596732	0.711571487228506	1.89449481854033	0.448081059024295	0.592443852028073
-0.130589	0.0386071	0.258133	-0.00337164	-0.00300583	-0.000869435	0.000478000000000006	1.70999999999991e-05	4.2000000000042e-05	4.94000000000002e-05	-0.00045086	0	0.0255501	0.0046307895	-0.0515959829	-0.0137477825	0.0491667543	0.0224355316	-0.0452024033	-0.0304227813	0.039826708	0.0374601473	-0.0332075124	-0.0433279037	0.0255514863	0.0478428428	-0.0170976719	-0.0508639957	0.0081100208	0.0522970337	0.0011308477	-0.0520972133	-0.0103364079	0.0502707735	0.0264989709	-0.0546044021	-0.0176060235	-0.0124852836	0.0193974764	-0.0549612404	0.0465146364	0.0218275515	0.0280123102	0.0343712329	0.858641443477951	1.47053686271855	-2.22840312389761	-1.68540061352814
-0.134948	0.0385703	0.258114	-0.00347907	-0.00287674	-0.000869435	-0.004359	-3.67999999999966e-05	-1.89999999999912e-05	-0.00010743	0.00012909	0	0.0162408	0.0044054445	-0.051673682	-0.0130918447	0.0494729291	0.0214082961	-0.0458741721	-0.0291197926	0.0409791044	0.036008423	-0.0349260507	-0.0418795288	0.0278860579	0.0465672044	-0.020058062	-0.0499389857	0.011663266	0.051899593	-0.00293889	-0.0523936235	-0.0058685331	0.0514071169	-0.0402448292	-0.0419786099	0.0504254038	0.0417832793	0.029404911	-0.012306431	0.0434356873	-0.0588647239	-0.0165153191	0.0506543406	0.788815373358171	1.71233461467421	-2.22840312389761	-1.68540061352814
-0.14871	0.0389239	0.233514	-0.00233864	-0.0026158	-0.000869435	-0.013762	0.000353600000000002	-0.0246	0.00114043	0.00026094	0	0.1087841	0.0041800175	-0.051747532	-0.0124337127	0.0497643635	0.020371094	-0.0465151882	-0.027790234	0.0420826652	0.0345023898	-0.0365795581	-0.0403368038	0.0301458661	0.0451450484	-0.0229452624	-0.0488048017	0.0151609305	0.0512229596	-0.0069909042	-0.0523380039	-0.0013569709	0.052121568	-0.0190787308	0.035361191	0.055211429	0.0113368204	0.0095577637	0.0408676165	-0.0410981591	-0.0469637165	-0.0575485702	0.0011236461	0.77935981114656	2.00480964764758	-2.22840312389761	-1.68540061352814
-0.144661	0.024739	0.233406	-0.00301648	-0.00235004	-0.000869435	0.004049	-0.0141849	-0.000107999999999997	-0.00067784	0.00026576	0	0.0655219	0.0039545126	-0.0518175273	-0.0117734969	0.0500409704	0.0193244083	-0.0471250218	-0.0264353189	0.0431360754	0.032944319	-0.038164956	-0.0387032042	0.0323248521	0.0435808493	-0.025748738	-0.0474661945	0.0185863463	0.0502707735	-0.0110007588	-0.0519307284	0.0031646932	0.0524082634	0.0137086963	-0.0074018067	-0.0366115339	0.0108457231	0.0285662771	-0.0086147433	-0.0113377302	0.0312021773	-0.0747944147	-0.03351244	0.604480993953314	1.4856865888472	0.448081059024295	0.592443852028073
-0.130742	0.0385538	0.257845	-0.00329637	-0.00251007	-0.000869435	0.013919	0.0138148	0.024439	-0.00027989	-0.00016003	0	0.0741688	0.0037289341	-0.0518836628	-0.0111113077	0.0503026675	0.0182687262	-0.0477032642	-0.0250562833	0.0441380794	0.0313365607	-0.0396792925	-0.0369824104	0.0344171741	0.0418795288	-0.0284582593	-0.0459287708	0.0219231897	0.0490481569	-0.0149442718	-0.0511745333	0.0076627981	0.0522648503	-0.027736664	0.0180294551	-0.0285213535	0.0608913187	-0.0007917183	0.0170922423	0.0467830831	0.0464095127	-0.006745862	0.0077876585	0.662517092411786	1.05635952514153	0.448081059024295	-1.68540061352814
-0.147623	0.0386928	0.261107	-0.0029309	-0.00235004	-0.000869435	-0.016881	0.000139000000000007	0.00326200000000004	0.00036547	0.00016003	0	0.046557	0.0035032861	-0.0519459335	-0.0104472564	0.0505493769	0.0172045393	-0.0482495277	-0.0236543856	0.0450874833	0.0296815396	-0.0411197477	-0.0351782991	0.0364172225	0.0400464398	-0.0310639394	-0.0441989703	0.025155559	0.0475616869	-0.0187976612	-0.0500744995	0.0121038584	0.0516925056	0.0569438683	0.0046833628	0.0198082181	0.0096194227	-0.0022251142	-0.0222011374	-0.0254392074	0.021084573	0.0279068149	0.0195469161	0.287347981872072	1.53106728033704	0.448081059024295	0.592443852028073
-0.146922	0.042854	0.257541	-0.00305837	-0.00249695	-0.000869435	0.000701000000000007	0.0041612	-0.00356600000000007	-0.00012747	-0.00014691	0	0.0221472	0.0032775729	-0.0520043348	-0.0097814541	0.0507810249	0.0161323429	-0.0487634462	-0.0222309049	0.0459831556	0.027981752	-0.0424836398	-0.0332949349	0.038319635	0.0380873499	-0.0335562706	-0.0422840384	0.0282680507	0.0458193599	-0.0225376886	-0.0486380181	0.0164548132	0.0506959264	-0.0350533699	-0.0671572715	0.027625904	-0.0886327713	0.0670102518	-0.0429638188	0.0314109518	-0.0679011633	0.0284059519	0.0047478952	-0.207615970857514	2.1057143754334	-2.22840312389761	0.592443852028073
-0.146851	0.0386727	0.229342	-0.00299768	-0.00274772	-0.000869435	7.09999999999877e-05	-0.00418130000000001	-0.0281989999999999	6.069e-05	-0.00025077	0	0.0480243	0.0030517987	-0.0520588623	-0.0091140124	0.0509975427	0.0150526362	-0.049244675	-0.02078714	0.0468240289	0.0262397614	-0.0437684292	-0.0313365607	0.0401193113	0.036008423	-0.0359261587	-0.040191996	0.0312458323	0.0438305487	-0.0261417992	-0.0468747407	0.0206832724	0.0492832916	-0.0493053856	0.011767715	0.0061730007	0.0079189742	-0.0127463839	0.0431738486	0.0115305916	-0.0449817176	-0.0618409665	-0.0049092125	-0.420886593288992	1.27623200270375	-2.22840312389761	0.592443852028073
-0.144891	0.0435473	0.236041	-0.00334037	-0.00240355	-0.000869435	0.00195999999999999	0.00487460000000001	0.00669899999999995	-0.00034269	0.00034417	0	0.0478766	0.0028259676	-0.052109512	-0.0084450432	0.0511988656	0.0139659219	-0.0496928916	-0.0193244083	0.047609101	0.0244581953	-0.0449717237	-0.0293075885	0.0418114263	0.0338162004	-0.038164956	-0.0379316059	0.0340747132	0.0416059521	-0.029588258	-0.0447965146	0.024757758	0.0474661945	0.0046475694	0.0625349474	-0.0362261221	-0.0952788973	0.1183414126	0.0490505429	-0.0206537039	0.0384145199	-0.0358548634	0.0254368281	-0.645366517694542	1.11717874025394	-2.22840312389761	-1.68540061352814
-0.146913	0.0506648	0.256744	-0.00332424	-0.00250709	-0.000927463	-0.002022	0.0071175	0.0207030000000001	1.613e-05	-0.00010354	-5.8028e-05	0.0387274	0.0026000839	-0.05215628	-0.0077746586	0.0513849338	0.0128727058	-0.0501077956	-0.0178440444	0.0483374366	0.0226397406	-0.0460912827	-0.0272125894	0.0433914434	0.0315175794	-0.0402644936	-0.0355123358	0.0367412126	0.0391575372	-0.0328562806	-0.0424173034	0.0286479378	0.0452595478	0.0605919487	-0.0278361898	0.0111052382	0.0904911356	0.0064463198	-0.0523057442	-0.0332026917	0.0154519229	0.0106308501	0.047163646	-0.770746099550436	1.01682895819905	-2.22840312389761	-1.68540061352814
-0.146849	0.0386595	0.239933	-0.00302989	-0.00270849	-0.000869435	6.40000000000085e-05	-0.0120053	-0.016811	0.00029435	-0.0002014	5.8028e-05	0.0565692	0.0023741518	-0.052199163	-0.007102971	0.0515556917	0.0117734969	-0.0504891087	-0.016347399	0.0490081675	0.02078714	-0.0471250218	-0.0250562833	0.0448551266	0.0291197926	-0.0422171104	-0.032944319	0.0392326234	0.0364984753	-0.0359261587	-0.0397530928	0.0323248521	0.0426814612	-0.0331038005	-0.041365821	0.0572903314	-0.0593192698	0.0433733808	-0.0144998487	0.0301706312	-0.0738616342	-0.0486616759	0.0204578372	0.333931829369839	1.00630836938268	0.448081059024295	-1.68540061352814
-0.1425	0.0364761	0.249831	-0.00295167	-0.00253421	-0.000765667	0.00434900000000002	-0.0021834	0.00989800000000002	7.82199999999999e-05	0.00017428	0.000103768	0.0342438	0.0021481754	-0.0522381577	-0.0064300929	0.0517110885	0.0106688069	-0.0508365754	-0.0148358378	0.0496204944	0.0189031876	-0.0480710162	-0.022843528	0.0461985516	0.026630384	-0.0440156816	-0.0302383121	0.0415370728	0.0336430707	-0.0387793789	-0.0368217834	0.0357611286	0.0397530928	-0.0060396055	0.0482892747	0.0183614195	0.0652626841	-0.0305711535	0.0414079923	-0.0258000241	0.0095056272	-0.011314076	-0.022932384	0.466547710076611	1.03274759245491	0.448081059024295	0.592443852028073
-0.140937	0.0385416	0.248352	-0.00338161	-0.00277059	-0.000869434	0.00156300000000001	0.00206550000000001	-0.00147900000000001	-0.00042994	-0.00023638	-0.000103767	0.04361185	0.0019221591	-0.0522732612	-0.0057561371	0.0518510778	0.0095591501	-0.0511499628	-0.0133107399	0.0501736876	0.0169907249	-0.0489275043	-0.0205793086	0.0474181167	0.0240571864	-0.0456536443	-0.0274056492	0.0436435792	0.0306066839	-0.0413987346	-0.0336430707	0.0389311863	0.0364984753	0.0647563651	0.0060747531	-0.039390566	-0.0154920072	-0.0135145743	-0.0303564927	-0.0265579064	0.0546152941	-0.0046226337	-0.0170111779	-1.03432568437382	1.16268246914451	0.448081059024295	0.592443852028073
-0.140266	0.041675	0.256791	-0.00338161	-0.00283247	-0.000869434	0.000670999999999977	0.00313339999999999	0.008439	0	-6.18800000000003e-05	0	0.0153374	0.001696107	-0.052304471	-0.0050812166	0.0519756181	0.0084450432	-0.0514290606	-0.0117734969	0.050667088	0.0150526362	-0.0496928916	-0.0182687262	0.0485105521	0.0214082961	-0.0471250218	-0.0244581953	0.0455421041	0.0274056492	-0.0437684292	-0.0302383121	0.0418114263	0.032944319	-0.0107944972	-0.0551631085	-0.0001964489	0.0191986696	0.0391239224	-0.0496720804	0.0552097502	0.0025095308	0.0172162803	0.037625961	0.668575690647668	1.25974013438548	0.448081059024295	0.592443852028073
-0.145436	0.0386087	0.256792	-0.00318009	-0.00275928	-0.000869434	-0.00516999999999998	-0.0030663	1.00000000002876e-06	0.00020152	7.31900000000003e-05	0	0.0219728000000001	0.0014700233	-0.0523317845	-0.0044054445	0.0520846721	0.0073270047	-0.051673682	-0.0102255113	0.0511001074	0.0130918447	-0.0503657529	-0.0159169864	0.0494729291	0.0186920473	-0.0484244452	-0.0214082961	0.0472236001	0.0240571864	-0.0458741721	-0.026630384	0.0443804069	0.0291197926	-0.0597728393	-0.0073754498	0.0505597759	0.01402435	-0.0343977293	0.0365447595	0.0258703956	-0.0723102759	-0.001004801	0.0079355231	0.452804576740054	1.30835272987039	0.448081059024295	-1.68540061352814
-0.130363	0.0386384	0.253991	-0.0031954	-0.00283247	-0.000869434	0.015073	2.97000000000075e-05	-0.00280100000000005	-1.53100000000001e-05	-7.31900000000003e-05	0	0.0223287	0.0012439122	-0.0523552	-0.0037289341	0.0521782074	0.0062055551	-0.0518836628	-0.0086681957	0.0514722298	0.0111113077	-0.0509448353	-0.0135293872	0.0503026675	0.0159169864	-0.0495471731	-0.0182687262	0.0486800542	0.0205793086	-0.0477032642	-0.022843528	0.0466190039	0.0250562833	-0.0132849191	0.0623355291	-0.0008893053	0.004233254	-0.0352663754	0.0517372554	-0.0488790768	0.0064196047	-0.0351018139	-0.0506413133	-0.026161478487333	1.26474042658616	0.448081059024295	0.592443852028073
-0.130451	0.0476858	0.249294	-0.00289079	-0.00255755	-0.000869434	-8.80000000000047e-05	0.0090474	-0.00469699999999995	0.00030461	0.00027492	0	0.0428089000000001	0.0010177779	-0.0523747155	-0.0030517987	0.052256196	0.0050812166	-0.0520588623	-0.007102971	0.0517830118	0.0091140124	-0.0514290606	-0.0111113077	0.0509975427	0.0130918447	-0.0504891087	-0.0150526362	0.0499045256	0.0169907249	-0.049244675	-0.0189031876	0.0485105521	0.02078714	0.0511801258	-0.0082746547	-0.0697228653	0.0152811491	-0.0059017186	-0.0350871089	-0.0118451649	0.0661045804	-0.0373929244	-0.007694403	-0.187060696113068	0.550264446504144	0.448081059024295	0.592443852028073
-0.130417	0.0822466	0.256809	-0.00316391	-0.00261046	-0.000431051	3.40000000000062e-05	0.0345608	0.00751499999999999	-0.00027312	-5.29100000000002e-05	0.000438383	0.0803304500000001	0.0007916247	-0.0523903296	-0.0023741518	0.0523186149	0.0039545126	-0.052199163	-0.0055312652	0.052032083	0.007102971	-0.0518175273	-0.0086681957	0.0515556917	0.0102255113	-0.051246815	-0.0117734969	0.0508911792	0.0133107399	-0.0504891087	-0.0148358378	0.0500409704	0.016347399	-0.0373087015	-0.0187354793	0.0104779573	-0.0344684497	0.0408472863	0.0030931632	0.0640784647	-0.0034164411	0.0220515133	0.0386813192	1.01073738759443	0.913786235807169	0.448081059024295	0.592443852028073
-0.130431	0.0591081	0.256811	-0.0029383	-0.00261046	-0.000813553	-1.39999999999862e-05	-0.0231385	2.000000000002e-06	0.000225609999999999	0	-0.000382502	0.0535601	0.0005654567	-0.0524020413	-0.001696107	0.0523654453	0.0028259676	-0.052304471	-0.0039545126	0.0522191466	0.0050812166	-0.052109512	-0.0062055551	0.0519756181	0.0073270047	-0.0518175273	-0.0084450432	0.0516353132	0.0095591501	-0.0514290606	-0.0106688069	0.0511988656	0.0117734969	0.0372638775	0.022473099	0.0671520415	-0.0180362468	-0.0205194761	0.0057214614	-0.0462492116	-0.0252710095	0.0231601521	0.0087021777	-1.34143481266227	0.221902281471177	0.448081059024295	0.592443852028073
-0.130473	0.04158	0.274126	-0.00330127	-0.00249036	-0.000869434	-4.20000000000143e-05	-0.0175281	0.017315	-0.000362969999999999	0.0001201	-5.58810000000002e-05	0.06183265	0.0003392783	-0.0524098495	-0.0010177779	0.0523966733	0.001696107	-0.0523747155	-0.0023741518	0.0523439796	0.0030517987	-0.052304471	-0.0037289341	0.052256196	0.0044054445	-0.052199163	-0.0050812166	0.0521333814	0.0057561371	-0.0520588623	-0.0064300929	0.0519756181	0.007102971	-0.002755019	-0.0597209037	-0.0226752755	-0.0300287364	0.0041109441	-0.0526558002	0.0016405019	-0.0153270167	0.0038141501	-0.0398725023	0.24646618104785	0.128029342260445	0.448081059024295	0.592443852028073
-0.13618	0.059017	0.256776	-0.00312456	-0.00252568	-0.000869434	-0.00570699999999999	0.017437	-0.01735	0.00017671	-3.53200000000001e-05	0	0.0510955	0.0001130935	-0.0524137538	-0.0003392783	0.0524122897	0.0005654567	-0.0524098495	-0.0007916247	0.0524064334	0.0010177779	-0.0524020413	-0.0012439122	0.0523966733	0.0014700233	-0.0523903296	-0.001696107	0.0523830103	0.0019221591	-0.0523747155	-0.0021481754	0.0523654453	0.0023741518	-0.0459264419	0.0139416245	-0.0268957841	0.0207550695	-0.029520477	0.0485747536	0.046912638	0.0224453766	-0.0227911355	-0.0258286947	1.05352511858824	1.09850267727835	0.448081059024295	0.592443852028073
-0.130431	0.0589668	0.261727	-0.00333982	-0.00261047	-0.000869434	0.005749	-5.01999999999933e-05	0.00495099999999998	-0.00021526	-8.479e-05	0	0.0257527	-0.0001130935	-0.0524137538	0.0003392783	0.0524122897	-0.0005654567	-0.0524098495	0.0007916247	0.0524064334	-0.0010177779	-0.0524020413	0.0012439122	0.0523966733	-0.0014700233	-0.0523903296	0.001696107	0.0523830103	-0.0019221591	-0.0523747155	0.0021481754	0.0523654453	-0.0023741518	0.0246225848	0.0612642967	-0.013704236	-0.0664287977	0.0373091542	0.030937771	-0.0306421078	0.0377491944	0.0220281819	0.0314565634	-0.419419020884356	1.0850007714484	0.448081059024295	0.592443852028073
-0.124796	0.0462993	0.256831	-0.00323971	-0.00279498	-0.000675543	0.00563499999999999	-0.0126675	-0.00489600000000001	0.00010011	-0.00018451	0.000193891	0.04712405	-0.0003392783	-0.0524098495	0.0010177779	0.0523966733	-0.001696107	-0.0523747155	0.0023741518	0.0523439796	-0.0030517987	-0.052304471	0.0037289341	0.052256196	-0.0044054445	-0.052199163	0.0050812166	0.0521333814	-0.0057561371	-0.0520588623	0.0064300929	0.0519756181	-0.007102971	0.040643983	-0.0621931547	0.0060432914	0.051352626	0.0022110987	-0.0727835391	-0.0088651321	-0.0139447799	0.0127011201	0.0316368268	0.109588351536197	1.47610506062564	0.448081059024295	0.592443852028073
-0.136666	0.0367215	0.256829	-0.00312377	-0.00274553	-0.000869434	-0.01187	-0.00957780000000001	-2.000000000002e-06	0.00011594	4.94499999999999e-05	-0.000193891	0.03941385	-0.0005654567	-0.0524020413	0.001696107	0.0523654453	-0.0028259676	-0.052304471	0.0039545126	0.0522191466	-0.0050812166	-0.052109512	0.0062055551	0.0519756181	-0.0073270047	-0.0518175273	0.0084450432	0.0516353132	-0.0095591501	-0.0514290606	0.0106688069	0.0511988656	-0.0117734969	-0.035822015	-0.0045430969	0.0496946971	0.0090707451	0.0001009879	0.0205504898	0.0170232678	-0.0599604374	-0.0408405866	0.0244058861	-0.658156068541002	1.60699678006269	0.448081059024295	0.592443852028073
-0.130373	0.0366514	0.256831	-0.00319584	-0.00278075	-0.000869434	0.00629300000000005	-7.00999999999965e-05	2.000000000002e-06	-7.207e-05	-3.52199999999999e-05	0	0.0117296	-0.0007916247	-0.0523903296	0.0023741518	0.0523186149	-0.0039545126	-0.052199163	0.0055312652	0.052032083	-0.007102971	-0.0518175273	0.0086681957	0.0515556917	-0.0102255113	-0.051246815	0.0117734969	0.0508911792	-0.0133107399	-0.0504891087	0.0148358378	0.0500409704	-0.016347399	0.0452723143	0.0244938184	-0.0338774734	-0.1045740971	0.0112540278	0.00445331	-0.0488255246	0.0107998342	-0.0088179344	-0.0490604922	0.7856783370149	1.69604668251743	0.448081059024295	0.592443852028073
-0.134905	0.0412821	0.272417	-0.00326838	-0.00261046	-0.000869433	-0.00453200000000001	0.00463069999999999	0.015586	-7.25399999999998e-05	0.00017029	1.00000000023259e-09	0.03689025	-0.0010177779	-0.0523747155	0.0030517987	0.052256196	-0.0050812166	-0.0520588623	0.007102971	0.0517830118	-0.0091140124	-0.0514290606	0.0111113077	0.0509975427	-0.0130918447	-0.0504891087	0.0150526362	0.0499045256	-0.0169907249	-0.049244675	0.0189031876	0.0485105521	-0.02078714	-0.0268657968	-0.0196288597	-0.0470351463	0.002864143	-0.0184669928	-0.0100167757	0.0553522462	0.0281991136	0.0241788732	-0.015747273	-1.60499402311067	1.73367618698714	0.448081059024295	0.592443852028073
-0.130437	0.0588288	0.270138	-0.003771	-0.00261047	-0.000783887	0.004468	0.0175467	-0.00227900000000003	-0.00050262	-9.99999999994061e-09	8.55459999999998e-05	0.0537025	-0.0012439122	-0.0523552	0.0037289341	0.0521782074	-0.0062055551	-0.0518836628	0.0086681957	0.0514722298	-0.0111113077	-0.0509448353	0.0135293872	0.0503026675	-0.0159169864	-0.0495471731	0.0182687262	0.0486800542	-0.0205793086	-0.0477032642	0.022843528	0.0466190039	-0.0250562833	-0.0088750945	0.0495221382	-0.0070407721	-0.0044151188	0.0156637773	0.0415666107	-0.0168341264	0.0253508253	0.0777405862	0.0081911014	0.239436712973393	1.73931661871183	0.448081059024295	0.592443852028073
-0.130406	0.0588863	0.260117	-0.00352771	-0.00269084	-0.000869433	3.10000000000032e-05	5.7500000000002e-05	-0.010021	0.00024329	-8.03699999999998e-05	-8.55459999999998e-05	0.0305698	-0.0014700233	-0.0523317845	0.0044054445	0.0520846721	-0.0073270047	-0.051673682	0.0102255113	0.0511001074	-0.0130918447	-0.0503657529	0.0159169864	0.0494729291	-0.0186920473	-0.0484244452	0.0214082961	0.0472236001	-0.0240571864	-0.0458741721	0.026630384	0.0443804069	-0.0291197926	0.0472442591	-0.0492292665	0.0149213934	0.0564423856	-0.0101901809	-0.052263872	-0.0273127892	-0.0028031941	0.0439092748	0.004780705	1.07115605311621	1.35239892726338	0.448081059024295	0.592443852028073
-0.133474	0.0404016	0.264126	-0.0033673	-0.00261047	-0.000869433	-0.00306800000000004	-0.0184847	0.00400900000000004	0.00016041	8.03699999999998e-05	0	0.0376007	-0.001696107	-0.052304471	0.0050812166	0.0519756181	-0.0084450432	-0.0514290606	0.0117734969	0.050667088	-0.0150526362	-0.0496928916	0.0182687262	0.0485105521	-0.0214082961	-0.0471250218	0.0244581953	0.0455421041	-0.0274056492	-0.0437684292	0.0302383121	0.0418114263	-0.032944319	-0.0417502932	-0.0245774198	0.0461646555	-0.0301017544	0.0023156322	0.0119747714	0.0245115239	-0.0763807586	-0.003234946	0.0006505587	-0.691834910400695	1.40779471161801	0.448081059024295	0.592443852028073
-0.130431	0.0466125	0.262649	-0.00328249	-0.00261047	-0.000869433	0.00304300000000005	0.0062109	-0.00147700000000006	8.48100000000003e-05	0	0	0.0149714	-0.0019221591	-0.0522732612	0.0057561371	0.0518510778	-0.0095591501	-0.0511499628	0.0133107399	0.0501736876	-0.0169907249	-0.0489275043	0.0205793086	0.0474181167	-0.0240571864	-0.0456536443	0.0274056492	0.0436435792	-0.0306066839	-0.0413987346	0.0336430707	0.0389311863	-0.0364984753	0.0148910525	0.0554314308	-0.0034543997	-0.0418112958	-0.002914377	0.0243291536	-0.0508772616	-0.0001163842	-0.0173950491	-0.0420754231	0.922215667502087	1.11413710409401	0.448081059024295	0.592443852028073
-0.130431	0.0588934	0.255024	-0.00346027	-0.00261046	-0.000869433	0	0.0122809	-0.00762499999999999	-0.00017778	9.99999999994061e-09	0	0.0287954000000001	-0.0021481754	-0.0522381577	0.0064300929	0.0517110885	-0.0106688069	-0.0508365754	0.0148358378	0.0496204944	-0.0189031876	-0.0480710162	0.022843528	0.0461985516	-0.026630384	-0.0440156816	0.0302383121	0.0415370728	-0.0336430707	-0.0387793789	0.0368217834	0.0357611286	-0.0397530928	0.0422819337	-0.0236504527	-0.0550922645	0.038267762	-0.0120995731	-0.0442266252	-0.001711378	0.0646189482	-0.0042941803	-0.0153366302	1.21045534622525	0.649473675837864	0.448081059024295	0.592443852028073
-0.130431	0.0421568	0.27691	-0.0040399	-0.00261046	-0.000869433	0	-0.0167366	0.021886	-0.00057963	0	0	0.0676041	-0.0023741518	-0.052199163	0.007102971	0.0515556917	-0.0117734969	-0.0504891087	0.016347399	0.0490081675	-0.02078714	-0.0471250218	0.0250562833	0.0448551266	-0.0291197926	-0.0422171104	0.032944319	0.0392326234	-0.0364984753	-0.0359261587	0.0397530928	0.0323248521	-0.0426814612	-0.0462565028	-0.0276346531	-0.0059074273	0.0139643783	0.0219888043	-0.0039633254	0.0701440045	-0.0004415122	0.0240898761	0.0111880422	-1.88084886016332	1.26839607116169	0.448081059024295	0.592443852028073
-0.130406	0.0434965	0.271572	-0.00346378	-0.00268947	-0.000869433	2.49999999999973e-05	0.0013397	-0.00533800000000001	0.00057612	-7.90099999999996e-05	0	0.0394592	-0.0026000839	-0.05215628	0.0077746586	0.0513849338	-0.0128727058	-0.0501077956	0.0178440444	0.0483374366	-0.0226397406	-0.0460912827	0.0272125894	0.0433914434	-0.0315175794	-0.0402644936	0.0355123358	0.0367412126	-0.0391575372	-0.0328562806	0.0424173034	0.0286479378	-0.0452595478	-0.0371844607	0.0291966682	0.0308536685	0.0245027239	-0.0468084357	0.0533193482	0.0038361797	-0.0247283551	0.0573608977	0.0008075683	0.503977289150508	1.6458547895716	0.448081059024295	0.592443852028073
-0.130371	0.028604	0.268797	-0.00381836	-0.00278164	-0.000869433	3.49999999999795e-05	-0.0148925	-0.00277500000000003	-0.00035458	-9.21700000000004e-05	0	0.04004	-0.0028259676	-0.052109512	0.0084450432	0.0511988656	-0.0139659219	-0.0496928916	0.0193244083	0.047609101	-0.0244581953	-0.0449717237	0.0293075885	0.0418114263	-0.0338162004	-0.038164956	0.0379316059	0.0340747132	-0.0416059521	-0.029588258	0.0447965146	0.024757758	-0.0474661945	0.0296820738	0.0394835357	0.0304741858	-0.0240945664	-0.0544049161	0.0182247705	-0.063177924	-0.0216459458	0.0191427025	-0.0250394359	-1.26542357621955	1.64997654549099	0.448081059024295	0.592443852028073
-0.130342	0.0348893	0.243364	-0.00305565	-0.002879	-0.000869433	2.90000000000013e-05	0.0062853	-0.025433	0.00076271	-9.73599999999999e-05	0	0.0747508	-0.0030517987	-0.0520588623	0.0091140124	0.0509975427	-0.0150526362	-0.049244675	0.02078714	0.0468240289	-0.0262397614	-0.0437684292	0.0313365607	0.0401193113	-0.036008423	-0.0359261587	0.040191996	0.0312458323	-0.0438305487	-0.0261417992	0.0468747407	0.0206832724	-0.0492832916	0.0327137866	-0.0348890668	-0.0547698294	0.0173544602	-0.0196231184	-0.0519589529	-0.0084918367	0.0380725375	-0.0030472277	-0.02516327	0.759301547670828	1.29146928728937	0.448081059024295	0.592443852028073
-0.123385	0.0477832	0.257548	-0.00380241	-0.00276945	-0.000692234	0.00695700000000002	0.0128939	0.014184	-0.00074676	0.00010955	0.000177199	0.08571035	-0.0032775729	-0.0520043348	0.0097814541	0.0507810249	-0.0161323429	-0.0487634462	0.0222309049	0.0459831556	-0.027981752	-0.0424836398	0.0332949349	0.038319635	-0.0380873499	-0.0335562706	0.0422840384	0.0282680507	-0.0458193599	-0.0225376886	0.0486380181	0.0164548132	-0.0506959264	-0.0376273265	0.0050158552	-0.0028089728	0.0043466203	0.0227806591	0.0260806098	0.0565805684	0.0084743208	-0.0013876419	0.0351546357	-1.25093616079052	1.35161836204706	0.448081059024295	0.592443852028073
-0.119858	0.0307917	0.25758	-0.00328824	-0.00303528	-0.000741253	0.003527	-0.0169915	3.2000000000032e-05	0.00051417	-0.00026583	-4.90190000000001e-05	0.06200145	-0.0035032861	-0.0519459335	0.0104472564	0.0505493769	-0.0172045393	-0.0482495277	0.0236543856	0.0450874833	-0.0296815396	-0.0411197477	0.0351782991	0.0364172225	-0.0400464398	-0.0310639394	0.0441989703	0.025155559	-0.0475616869	-0.0187976612	0.0500744995	0.0121038584	-0.0516925056	0.0462639797	0.0195488988	0.0400583259	-0.0337976644	-0.030985416	-0.0025069853	-0.0545960194	-0.0214178221	0.0092215735	0.0008296991	0.991635176230005	1.36744823080409	0.448081059024295	0.592443852028073
-0.130273	0.0368759	0.254391	-0.00286088	-0.00309603	-0.000869432	-0.0104150000000001	0.0060842	-0.00318900000000005	0.00042736	-6.075e-05	-0.000128179	0.05050265	-0.0037289341	-0.0518836628	0.0111113077	0.0503026675	-0.0182687262	-0.0477032642	0.0250562833	0.0441380794	-0.0313365607	-0.0396792925	0.0369824104	0.0344171741	-0.0418795288	-0.0284582593	0.0459287708	0.0219231897	-0.0490481569	-0.0149442718	0.0511745333	0.0076627981	-0.0522648503	-0.0368277713	-0.0324423317	-0.0188676563	-0.0684272498	-0.0027047721	-0.0027180092	0.0280345721	-0.0287070345	-0.0018642629	-0.0428919384	0.540427046008942	1.52105016425445	0.448081059024295	0.592443852028073
-0.130465	0.0349913	0.237207	-0.00218462	-0.00241588	-0.000869432	-0.000191999999999942	-0.0018846	-0.0171839999999999	0.00067626	0.00068015	0	0.0870811	-0.0039545126	-0.0518175273	0.0117734969	0.0500409704	-0.0193244083	-0.0471250218	0.0264353189	0.0431360754	-0.032944319	-0.038164956	0.0387032042	0.0323248521	-0.0435808493	-0.025748738	0.0474661945	0.0185863463	-0.0502707735	-0.0110007588	0.0519307284	0.0031646932	-0.0524082634	-0.0030008863	0.0611225495	-0.0322653758	0.0195998815	-0.0392844024	0.0464757311	-0.0254368456	0.0434429415	-0.0047785892	-0.04726458	0.915556333906628	1.63115802461986	0.448081059024295	0.592443852028073
-0.123326	0.0589459	0.237241	-0.00284443	-0.00282797	-0.000869432	0.00713899999999999	0.0239546	3.39999999999507e-05	-0.00065981	-0.00041209	0	0.0847226	-0.0041800175	-0.051747532	0.0124337127	0.0497643635	-0.020371094	-0.0465151882	0.027790234	0.0420826652	-0.0345023898	-0.0365795581	0.0403368038	0.0301458661	-0.0451450484	-0.0229452624	0.0488048017	0.0151609305	-0.0512229596	-0.0069909042	0.0523380039	-0.0013569709	-0.052121568	0.0264666274	-0.0342029818	-0.0668918201	0.0994667973	0.0092350315	-0.0514779209	0.0188384293	0.0682700246	0.029520605	0.0165993442	0.926847442083315	1.61760428937097	0.448081059024295	0.592443852028073
-0.12333	0.062439	0.237259	-0.00284012	-0.00305247	-0.000869432	-3.99999999999012e-06	0.00349309999999999	1.80000000000458e-05	4.30999999999999e-06	-0.0002245	0	0.0149556	-0.0044054445	-0.051673682	0.0130918447	0.0494729291	-0.0214082961	-0.0458741721	0.0291197926	0.0409791044	-0.036008423	-0.0349260507	0.0418795288	0.0278860579	-0.0465672044	-0.020058062	0.0499389857	0.011663266	-0.051899593	-0.00293889	0.0523936235	-0.0058685331	-0.0514071169	-0.045669695	0.017106317	0.0373658567	0.0110465054	0.0168314826	0.0358423572	0.0321936704	-0.0238796668	0.0116734356	0.0425389096	0.287353847222448	1.53267783509034	0.448081059024295	0.592443852028073
-0.130539	0.0591201	0.237299	-0.0022541	-0.00327376	-0.000869432	-0.00720900000000002	-0.0033189	3.99999999999567e-05	0.00058602	-0.00022129	0	0.0509334	-0.0046307895	-0.0515959829	0.0137477825	0.0491667543	-0.0224355316	-0.0452024033	0.0304227813	0.039826708	-0.0374601473	-0.0332075124	0.0433279037	0.0255514863	-0.0478428428	-0.0170976719	0.0508639957	0.0081100208	-0.0522970337	0.0011308477	0.0520972133	-0.0103364079	-0.0502707735	0.0444639229	0.022590861	0.0689784196	-0.0147354766	-0.0143984876	-0.0074103167	-0.0591498756	-0.0322581554	-0.0024173597	0.0260543262	0.015986311910178	1.14325125472471	0.448081059024295	0.592443852028073
-0.126953	0.0344549	0.237292	-0.00246404	-0.00327376	-0.000869432	0.00358600000000001	-0.0246652	-6.99999999997925e-06	-0.00020994	0	0	0.0387552	-0.0048560483	-0.0515144404	0.0144014162	0.0488459301	-0.0234523225	-0.0445003321	0.0316980113	0.0386268493	-0.0388553731	-0.0314271432	0.0446786654	0.0231484102	-0.0489679499	-0.0140748942	0.0515759573	0.0045181276	-0.0524131437	0.0051937656	0.051450765	-0.0147273348	-0.0487218636	0.029658527	-0.0363954343	-0.0217560987	-0.0220575789	-0.0445760747	-0.0482632654	-0.0201783201	-0.0026599154	-0.0060937306	-0.0600667613	0.103516787788956	1.19347453075886	0.448081059024295	0.592443852028073
-0.126954	0.0470984	0.237291	-0.00258784	-0.00327376	-0.000765105	-9.99999999973244e-07	0.0126435	-1.00000000002876e-06	-0.0001238	0	0.000104327	0.02405185	-0.0050812166	-0.0514290606	0.0150526362	0.0485105521	-0.0244581953	-0.0437684292	0.032944319	0.0373809583	-0.040191996	-0.029588258	0.0459287708	0.0206832724	-0.0499389857	-0.0110007588	0.0520718884	0.0009047034	-0.0522472985	0.0092253617	0.050458622	-0.019008626	-0.046773099	-0.0234884992	-0.0227578231	-0.0557845317	0.006363358	0.0032482051	-0.0141597906	0.0645892958	0.0265642402	-0.0429604817	-0.0032365928	0.722962923766889	0.760638070724235	0.448081059024295	0.592443852028073
-0.136762	0.05046	0.246937	-0.00297912	-0.00289388	-0.000869432	-0.00980800000000001	0.0033616	0.00964600000000002	-0.00039128	0.00037988	-0.000104327	0.06658995	-0.0053062903	-0.05133985	0.0157013334	0.0481607204	-0.0254526818	-0.0430071852	0.0341605674	0.0360905197	-0.0414680002	-0.0276942808	0.0470754035	0.0181626821	-0.050752895	-0.0078864829	0.0523497117	-0.0027130321	-0.0518003901	0.013201323	0.0491274505	-0.0231484102	-0.044440473	-0.0265864814	0.0484557744	-0.0262510798	0.0015436281	0.0331469763	0.0482887801	0.0173175903	0.0295254848	0.0348071774	0.0333231517	-1.84217273978317	1.39100149167195	0.448081059024295	0.592443852028073
-0.133968	0.0403737	0.249363	-0.00297072	-0.00316468	-0.000869432	0.00279399999999999	-0.0100863	0.00242600000000001	8.39999999999999e-06	-0.0002708	0	0.0292663	-0.0055312652	-0.051246815	0.016347399	0.0477965391	-0.0264353189	-0.0422171104	0.0353456466	0.0347570714	-0.0426814612	-0.025748738	0.0481159803	0.015593397	-0.0514071169	-0.00474343	0.0524082634	-0.0063178387	-0.0510748227	0.0170976719	0.0474661945	-0.0271158693	-0.0417431291	0.0675596153	-0.0164214891	0.0323206319	0.0466208015	-0.0420242739	-0.0478675517	-0.0489972307	0.0016685106	0.0548049563	0.0172065187	-1.89576660708836	1.66779799437716	0.448081059024295	0.592443852028073
-0.143101	0.0328933	0.246281	-0.0026963	-0.00299816	-0.000869432	-0.009133	-0.00748039999999999	-0.003082	0.00027442	0.00016652	0	0.0417424	-0.0057561371	-0.0511499628	0.0169907249	0.0474181167	-0.0274056492	-0.0413987346	0.0364984753	0.0333822024	-0.0438305487	-0.0237552522	0.0490481569	0.0129823055	-0.051899593	-0.0015830688	0.0522472985	-0.009892538	-0.0500744995	0.0208909108	0.0454860159	-0.0308814681	-0.0387032042	-0.0408579928	-0.0415251651	0.054409213	-0.0473742186	-0.0026482688	-0.0210212485	0.0262326147	-0.0666208203	-0.0032349849	-0.0099433111	-1.66791441491919	2.03939783943259	-2.22840312389761	-1.68540061352814
-0.143163	0.0338651	0.234353	-0.00208748	-0.00286527	-0.000869432	-6.20000000000065e-05	0.000971799999999995	-0.011928	0.00060882	0.00013289	0	0.0500473	-0.0059809018	-0.0510493004	0.017631203	0.0470255659	-0.028363221	-0.0405526062	0.0376180017	0.0319675512	-0.0449135297	-0.0217175351	0.0498698332	0.0103364079	-0.0522287737	0.0015830688	0.051867491	-0.0134200948	-0.0488048017	0.024558164	0.0432002194	-0.0344171741	-0.0353456466	0.0121494729	0.0421770252	5.153e-06	0.029883767	-0.0699615337	0.0273307571	-0.0290484086	0.0114612155	-0.0030121733	-0.0593662198	-1.66191570499767	2.16347679447926	-2.22840312389761	-1.68540061352814
-0.128268	0.0403672	0.248702	-0.00263157	-0.00286527	-0.000869432	0.014895	0.0065021	0.014349	-0.00054409	0	0	0.0629506	-0.0062055551	-0.0509448353	0.0182687262	0.0466190039	-0.0293075885	-0.0396792925	0.0387032042	0.0305148036	-0.0459287708	-0.0196393809	0.050579158	0.0076627981	-0.0523936235	0.00474343	0.0512704319	-0.0168836987	-0.0472725596	0.0280773158	0.0406241631	-0.0376966663	-0.0316980113	-0.0081180054	-0.0165319236	-0.0703931179	0.0358404108	-0.0454833233	-0.0186794033	0.0257035355	0.0553266636	0.0355795943	-0.0491471025	-0.842539222964776	2.21711731383896	0.448081059024295	-1.68540061352814
-0.120795	0.0403051	0.232808	-0.00282427	-0.00286527	-0.000869432	0.00747299999999994	-6.21000000000024e-05	-0.015894	-0.0001927	0	0	0.0330641	-0.0064300929	-0.0508365754	0.0189031876	0.0461985516	-0.0302383121	-0.0387793789	0.0397530928	0.029025691	-0.0468747407	-0.017524659	0.0511745333	0.004968644	-0.0523936235	0.0078864829	0.050458622	-0.0202668442	-0.0454860159	0.0314271432	0.0377751555	-0.040695531	-0.027790234	-0.0322796054	0.045671423	-0.0012244499	0.0440248099	0.0065669016	0.0575461143	0.0233749537	0.0359694842	0.0554841682	-0.0034706993	-0.157754936012751	1.34097526746752	0.448081059024295	0.592443852028073
-0.124916	0.0472141	0.232765	-0.00240109	-0.00277409	-0.000869432	-0.004121	0.006909	-4.29999999999875e-05	0.00042318	9.11800000000002e-05	0	0.036791	-0.0066545109	-0.0507245288	0.0195344808	0.0457643343	-0.0311549584	-0.0378534688	0.0407667093	0.0275019879	-0.0477500128	-0.015377307	0.0516546178	0.0022611689	-0.0522287737	0.0110007588	0.0494354616	-0.0235534089	-0.0434547811	0.0345874448	0.0346723388	-0.0433914434	-0.0236543856	0.0654577211	-0.0032593006	0.0423214517	0.0012449031	-0.0239953507	-0.0265669988	-0.0683521365	-0.0091289254	0.0452366453	0.0069449833	-0.40859281890064	1.37128618662246	0.448081059024295	0.592443852028073
-0.130412	0.0459016	0.207524	-0.00169574	-0.00286527	-0.000869432	-0.00549599999999995	-0.0013125	-0.025241	0.00070535	-9.11800000000002e-05	0	0.071876	-0.006878805	-0.0506087036	0.0201625	0.0453164815	-0.0320571007	-0.0369021828	0.0417431291	0.0259455102	-0.0485532669	-0.013201323	0.05201833	-0.0004523686	-0.051899593	0.0140748942	0.0482052363	-0.0267277308	-0.0411897824	0.0375391619	0.0313365607	-0.0457643343	-0.0193244083	-0.0340178666	-0.0588255446	0.0355995224	-0.0476689835	0.0412928819	-0.0379571872	0.02033054	-0.0554350384	-0.0235721447	-0.0152431808	-0.084931054445471	1.53297397217749	0.448081059024295	0.592443852028073
-0.130994	0.0406599	0.200811	-0.00155266	-0.00252201	-0.000869432	-0.000582000000000055	-0.00524169999999999	-0.006713	0.00014308	0.00034326	0	0.0368537	-0.007102971	-0.0504891087	0.02078714	0.0448551266	-0.032944319	-0.0359261587	0.0426814612	0.0243581127	-0.0492832916	-0.0110007588	0.0522648503	-0.0031646932	-0.0514071169	0.0170976719	0.046773099	-0.029774683	-0.0387032042	0.0402644936	0.027790234	-0.0477965391	-0.0148358378	-0.0338226635	0.0369477965	-0.0077131272	0.0202315732	0.0019273426	0.0563893981	-0.0033919814	-0.0016633883	-0.0559478077	-0.0384668093	-0.307613712014716	1.57710513573284	0.448081059024295	0.592443852028073
-0.127304	0.0541428	0.195056	-0.00168746	-0.00254325	-0.000869431	0.00369000000000005	0.0134829	-0.00575499999999998	-0.0001348	-2.12400000000001e-05	9.99999999690485e-10	0.03072995	-0.0073270047	-0.0503657529	0.0214082961	0.0443804069	-0.0338162004	-0.0349260507	0.0435808493	0.0227416872	-0.0499389857	-0.0087797117	0.0523936235	-0.0058685331	-0.050752895	0.020058062	0.0451450484	-0.0326797453	-0.036008423	0.0427470046	0.0240571864	-0.0494729291	-0.0102255113	0.0574663589	0.0191904079	-0.0256074815	-0.0396201197	0.0882867371	-0.0091541899	-0.02338071	0.0631321	-0.0708548704	0.0156823935	-0.503833760902808	1.56812251292796	0.448081059024295	0.592443852028073
-0.127482	0.0641835	0.203561	-0.00125807	-0.00283273	-0.00107402	-0.000177999999999984	0.0100407	0.00850499999999998	0.00042939	-0.00028948	-0.000204589	0.06489665	-0.0075509019	-0.0502386454	0.0220258641	0.0438924641	-0.0346723388	-0.0339025293	0.044440473	0.02109816	-0.0505193604	-0.0065423171	0.0524043593	-0.0085566393	-0.0499389857	0.0229452624	0.0433279037	-0.0354290736	-0.0331199354	0.0449717237	0.0201625	-0.0507810249	-0.0055312652	-0.0283805532	-0.0500753338	-0.0215583506	-0.0186414478	0.0043589906	-0.029126027	0.0730714742	0.0145672611	0.0548594913	-0.0033819708	0.5839775812543	1.5968566101061	0.448081059024295	0.592443852028073
-0.0972759	0.0552677	0.172657	-0.000805577	-0.00303729	6.04504e-06	0.0302061	-0.0089158	-0.030904	0.000452493	-0.00020456	0.00108006504	0.156881802	-0.0077746586	-0.0501077956	0.0226397406	0.0433914434	-0.0355123358	-0.0328562806	0.0452595478	0.0194294898	-0.0510235403	-0.004292741	0.0522970337	-0.0112218049	-0.0489679499	0.025748738	0.0413292761	-0.0380095663	-0.0300532798	0.0469252343	0.0161323429	-0.0517110885	-0.0007916247	-0.0541184997	0.001230467	0.0570896483	0.0329024958	0.0295624213	0.0442447653	0.032210798	-0.0285470737	-0.0009223175	0.0815256856	0.194494546175637	1.54061011283332	0.448081059024295	0.592443852028073
-0.101626	0.0410928	0.111301	0.000323336	-0.00291642	-0.000447968	-0.00435010000000001	-0.0141749	-0.061356	0.001128913	0.00012087	-0.00045401304	0.165070802	-0.0079982704	-0.0499732133	0.0232498227	0.0428774942	-0.0363358002	-0.031788006	0.0460373263	0.017737665	-0.051450765	-0.002035172	0.0520718884	-0.0138568845	-0.0478428428	0.0284582593	0.0391575372	-0.0404089261	-0.0268249532	0.0485957556	0.0119937935	-0.052256196	0.0039545126	-0.0330215296	-0.0136142387	0.009257034	0.0530440248	0.0297787091	0.0140749803	-0.0216683755	-0.0689082269	-0.1413282088	0.0384940525	-0.304670540936509	1.4198018593418	0.448081059024295	0.592443852028073
-0.100239	0.0679901	0.133597	-0.000796033	-0.00320167	-0.000494202	0.001387	0.0268973	0.022296	-0.001119369	-0.00028525	-4.6234e-05	0.12312295	-0.0082217334	-0.0498349085	0.0238560081	0.0423507695	-0.0371423487	-0.0306984217	0.046773099	0.0160247019	-0.0518003901	0.0002261864	0.0517294306	-0.0164548132	-0.0465672044	0.0310639394	0.0368217834	-0.042615719	-0.0234523225	0.0499732133	0.0077746586	-0.0524122897	0.0086681957	-0.0156424096	0.0491855848	-0.0361982571	-0.0168133536	0.1221273991	0.0582827832	0.003000316	0.010340907	-0.1453601834	0.1164001157	-0.567759905949511	1.44207867643979	-2.22840312389761	-1.68540061352814
-0.100306	0.0659734	0.169749	-0.00122307	-0.00291642	-0.000285559	-6.69999999999976e-05	-0.00201670000000002	0.036152	-0.000427037	0.00028525	0.000208643	0.0842822	-0.0084450432	-0.0496928916	0.0244581953	0.0418114263	-0.0379316059	-0.029588258	0.0474661945	0.0142926419	-0.0520718884	0.0024871236	0.0512704319	-0.019008626	-0.0451450484	0.0335562706	0.0343317983	-0.0446194286	-0.0199535306	0.0510493004	0.0035032861	-0.0521782074	0.0133107399	0.063391257	-0.0055364896	0.0259742276	0.0363175606	0.0634886139	-0.0371117739	-0.0312357251	0.0159832072	-0.0454859014	0.1171738335	0.743394717450785	1.71786911125379	0.448081059024295	0.592443852028073
-0.120295	0.0409298	0.184316	-0.000747326	-0.00291642	-0.000450663	-0.0199890000000001	-0.0250436	0.014567	0.000475744	0	-0.000165104	0.091642	-0.0086681957	-0.0495471731	0.0250562833	0.0412596253	-0.0387032042	-0.0284582593	0.0481159803	0.0125435491	-0.0522648503	0.00474343	0.0506959264	-0.021511476	-0.0435808493	0.0359261587	0.0316980113	-0.0464105063	-0.016347399	0.0518175273	-0.0007916247	-0.0515556917	0.0178440444	-0.0335603303	-0.0206989135	0.0487884252	-0.0553207389	0.0111537565	0.0125004785	0.0192280296	-0.0632230969	-0.0014949916	0.0127498158	0.411690631521998	0.086048534258416	0.448081059024295	0.592443852028073
-0.123489	0.0409416	0.184319	-0.000712979	-0.00291642	-0.000484594	-0.00319399999999996	1.17999999999993e-05	3.000000000003e-06	3.43469999999997e-05	0	-3.3931e-05	0.0066227	-0.0088911868	-0.0493977639	0.0256501718	0.040695531	-0.0394567845	-0.0273091829	0.0487218636	0.0107795079	-0.0523789848	0.0069909042	0.0500072082	-0.0239566531	-0.0418795288	0.038164956	0.0289314543	-0.0479804167	-0.0126533271	0.0522732612	-0.0050812166	-0.0505493769	0.0222309049	0.0441546848	0.0072062942	0.0189150627	-0.0213787594	-0.0496072923	-0.0210856166	-0.0416169564	-0.0097402794	-0.031261452	-0.0318518821	-0.513264009497006	0.568510729197274	0.448081059024295	0.592443852028073
-0.116584	0.0579043	0.168035	-0.000712979	-0.00291641	-0.000530751	0.00690500000000002	0.0169627	-0.016284	0	9.99999999994061e-09	-4.6157e-05	0.04246005	-0.0091140124	-0.049244675	0.0262397614	0.0401193113	-0.040191996	-0.0261417992	0.0492832916	0.0090026205	-0.0524141198	0.0092253617	0.0492058292	-0.0263376015	-0.0400464398	0.0402644936	0.0260437153	-0.0493216787	-0.0088911868	0.0524137538	-0.0093366682	-0.0491667543	0.0264353189	-0.0119873945	-0.0463789159	-0.0622930456	-0.0148095929	-0.0044150285	-0.0443980814	0.0527815268	0.0361502614	-0.0149541367	-0.0354369045	1.02946946447986	0.521967675866433	-2.22840312389761	0.592443852028073
-0.116538	0.0830532	0.190918	-0.00105821	-0.00308483	-0.000237762	4.59999999999766e-05	0.0251489	0.022883	-0.000345231	-0.00016842	0.000292989	0.0884099	-0.0093366682	-0.0490879179	0.0268249532	0.039531138	-0.0409084964	-0.0249568909	0.0497997519	0.0072150046	-0.0523702023	0.011442642	0.0482935946	-0.0286479378	-0.0380873499	0.0422171104	0.0230468899	-0.0504279004	-0.0050812166	0.0522381577	-0.0135293872	-0.0474181167	0.0304227813	-0.0496614512	-0.0014234433	-0.004755159	0.0284971419	0.0139265693	0.0298663373	0.0601023382	0.0054663856	0.0338478279	0.0165553739	1.17149429329788	0.485653875475965	-2.22840312389761	-1.68540061352814
-0.124395	0.0687587	0.202804	-0.00120671	-0.00291641	-0.000513033	-0.00785699999999999	-0.0142945	0.011886	-0.0001485	0.00016842	-0.000275271	0.06364705	-0.0095591501	-0.0489275043	0.0274056492	0.0389311863	-0.0416059521	-0.0237552522	0.0502707735	0.0054187904	-0.0522472985	0.0136386166	0.0472725596	-0.0308814681	-0.036008423	0.0440156816	0.0199535306	-0.0512938101	-0.0012439122	0.051747532	-0.017631203	-0.0453164815	0.0341605674	-0.0329900905	0.0293046795	0.0655230487	0.0066212765	0.0033685326	0.0460209949	-0.0264942173	-0.0574502485	0.0210275544	0.0379471647	0.376700420799264	0.534227990885764	-2.22840312389761	-1.68540061352814
-0.116592	0.0390972	0.19671	-0.00127941	-0.00291641	-0.000526896	0.007803	-0.0296615	-0.00609399999999999	-7.27e-05	0	-1.3863e-05	0.04788665	-0.0097814541	-0.0487634462	0.027981752	0.038319635	-0.0422840384	-0.0225376886	0.0506959264	0.0036161185	-0.0520455938	0.0158091967	0.0461450246	-0.0330322041	-0.0338162004	0.0456536443	0.016776594	-0.0519152815	0.0026000839	0.0509448353	-0.0216145559	-0.0428774942	0.0376180017	0.0546484104	0.0283046251	0.0183356457	-0.0291023607	-0.0588879521	0.0003588301	-0.081001869	-0.0181611882	-0.0093669965	-0.0264047743	1.52298436696389	1.48529095616827	-2.22840312389761	-1.68540061352814
-0.11603	0.0551673	0.202704	-0.00210337	-0.00291641	-0.0005351	0.000562000000000007	0.0160701	0.005994	-0.00082396	0	-8.20400000000004e-06	0.0642343	-0.0100035758	-0.0485957556	0.028553165	0.0376966663	-0.0429424396	-0.0213050164	0.0510748227	0.0018091373	-0.0517653924	0.0179503407	0.0449135297	-0.0350943796	-0.0315175794	0.0471250218	0.0135293872	-0.052289353	0.0064300929	0.0498349085	-0.0254526818	-0.0401193113	0.0407667093	-0.0066699864	-0.0321481561	-0.0826053836	0.0019169359	-0.0049277334	-0.036679938	0.0265200545	0.0347393439	0.0009780818	-0.0417779372	1.73128178968172	1.6508635759924	-2.22840312389761	0.592443852028073
-0.12287	0.0550984	0.202635	-0.00232774	-0.00258159	-0.000539822	-0.00684000000000001	-6.88999999999967e-05	-6.90000000000135e-05	-0.00022437	0.00033482	-4.72199999999997e-06	0.0351735	-0.0102255113	-0.0484244452	0.0291197926	0.0370624658	-0.0435808493	-0.020058062	0.0514071169	0	-0.0514071169	0.020058062	0.0435808493	-0.0370624658	-0.0291197926	0.0484244452	0.0102255113	-0.0524142418	0.0102255113	0.0484244452	-0.0291197926	-0.0370624658	0.0435808493	-0.0279468111	0.0350584226	-0.0241503665	0.0336271823	-0.0050848751	0.0403580897	0.0300629977	0.0241286619	0.0332344465	0.0064614312	1.6877297109231	1.41276211267684	-2.22840312389761	0.592443852028073
-0.121411	0.0440679	0.216815	-0.00213885	-0.00230164	-0.000386581	0.00145900000000002	-0.0110305	0.01418	0.00018889	0.00027995	0.000153241	0.05777355	-0.0104472564	-0.0482495277	0.0296815396	0.0364172225	-0.0441989703	-0.0187976612	0.0516925056	-0.0018091373	-0.0509713076	0.022128436	0.042149986	-0.0389311863	-0.026630384	0.0495471731	0.006878805	-0.052289353	0.0139659219	0.0467219514	-0.0325912492	-0.033729714	0.0460373263	0.0532381754	0.0227267696	0.0465242261	-0.0224517865	-0.0311111401	-0.0076934525	-0.0574014403	-0.007226043	0.0521695549	0.014325077	1.88638388021728	0.844031252379476	-2.22840312389761	0.592443852028073
-0.124808	0.0404805	0.199192	-0.000660753	-0.00232654	-0.000519301	-0.003397	-0.0035874	-0.017623	0.001478097	-2.49e-05	-0.00013272	0.10639325	-0.0106688069	-0.0480710162	0.0302383121	0.0357611286	-0.0447965146	-0.017524659	0.0519307284	-0.0036161185	-0.050458622	0.0241576078	0.0406241631	-0.040695531	-0.0240571864	0.0504891087	0.0035032861	-0.0519152815	0.017631203	0.0447376941	-0.0358437271	-0.0301458661	0.0481159803	0.005219669	-0.0677606635	0.0126759173	-0.0493109691	-0.0031675843	-0.0644155246	-0.005608886	-0.0436963748	-0.0017450868	-0.0516718568	1.93997280828005	-0.05851001695497	-2.22840312389761	0.592443852028073
-0.115597	0.0556317	0.198554	-0.000637205	-0.0021602	-0.000245517	0.00921099999999998	0.0151512	-0.000638	2.35480000000001e-05	0.00016634	0.000273784	0.0481838	-0.0108901587	-0.0478889238	0.0307900166	0.0350943796	-0.0453732043	-0.0162399088	0.052121568	-0.0054187904	-0.0498698332	0.0261417992	0.0390068183	-0.0423507695	-0.0214082961	0.051246815	0.0001130935	-0.0512938101	0.0212016376	0.0424836398	-0.0388553731	-0.0263376015	0.0497997519	-0.0423145455	0.0063056141	-0.0101760965	0.0279908033	-0.0620713439	0.0336935091	0.049461637	0.0046085605	-0.0139159013	-0.0793866357	1.85011317089665	0.241273286067263	-2.22840312389761	0.592443852028073
-0.123159	0.0556783	0.166004	-0.00032774	-0.00192505	-0.000542632	-0.00756199999999998	4.66000000000008e-05	-0.03255	0.000309465	0.00023515	-0.000297115	0.0822451	-0.0111113077	-0.0477032642	0.0313365607	0.0344171741	-0.0459287708	-0.0149442718	0.0522648503	-0.0072150046	-0.0492058292	0.0280773158	0.0373015953	-0.0438924641	-0.0186920473	0.0518175273	-0.0032775729	-0.0504279004	0.0246580184	0.0399733818	-0.0416059521	-0.0223332702	0.0510748227	0.0438538345	0.0583649087	-0.0487037098	-0.0229963805	0.0301286317	0.0189568663	-0.0211522824	0.0790026821	-0.0231309016	-0.0070335495	1.88080685811755	-0.065521234901075	-2.22840312389761	0.592443852028073
-0.118745	0.0771088	0.179424	-0.000766678	-0.0022127	-0.000376536	0.00441399999999999	0.0214305	0.01342	-0.000438938	-0.00028765	0.000166096	0.0838987	-0.0113322499	-0.0475140513	0.0318778528	0.033729714	-0.0464629554	-0.0136386166	0.0523604445	-0.0090026205	-0.0484676115	0.0299605535	0.0355123358	-0.0453164815	-0.0159169864	0.052199163	-0.0066545109	-0.0493216787	0.027981752	0.0372220587	-0.0440769831	-0.0181626821	0.0519307284	0.0116961207	-0.0507052956	-0.0526092188	0.0507663488	0.0497349247	-0.0546380335	0.0382690654	0.0411379766	0.0438871121	0.0282078934	1.72125605367302	-0.234066951574071	-2.22840312389761	0.592443852028073
-0.120214	0.0627346	0.194304	-0.00112226	-0.00232654	-0.000286435	-0.00146900000000001	-0.0143742	0.01488	-0.000355582	-0.00011384	9.0101e-05	0.05869935	-0.0115529809	-0.047321299	0.0324138022	0.0330322041	-0.0469755095	-0.0123238185	0.0524082634	-0.0107795079	-0.0476562936	0.031788006	0.0336430707	-0.0466190039	-0.0130918447	0.0523903296	-0.0100035758	-0.0479804167	0.0311549584	0.0342462625	-0.0462518635	-0.0138568845	0.0523604445	-0.0558466891	0.0079848857	0.044298754	-0.0042325178	0.0037175045	0.0372632277	0.0198505826	-0.0601087524	0.0690340035	0.0397417086	1.63908866895657	0.094307863437278	-2.22840312389761	0.592443852028073
-0.127349	0.0554946	0.189531	-0.00105995	-0.00206225	-0.000402137	-0.00713499999999997	-0.00724	-0.004773	6.23099999999999e-05	0.00026429	-0.000115702	0.0412631	-0.0117734969	-0.0471250218	0.032944319	0.0323248521	-0.0474661945	-0.0110007588	0.0524082634	-0.0125435491	-0.046773099	0.0335562706	0.0316980113	-0.0477965391	-0.0102255113	0.0523903296	-0.0133107399	-0.0464105063	0.0341605674	0.0310639394	-0.0481159803	-0.0094479311	0.0523604445	0.0302625451	0.0376842992	0.0720064134	-0.0337361648	0.0004969821	0.0114945394	-0.0726557949	-0.0468936447	-0.0097186064	0.012922498	1.65919262042471	-0.023574304939883	0.448081059024295	0.592443852028073
-0.120262	0.0555653	0.18992	-0.000805907	-0.00197863	-0.000312974	0.007087	7.06999999999999e-05	0.000389000000000001	0.000254043	8.362e-05	8.9163e-05	0.028888	-0.0119937935	-0.0469252343	0.0334693144	0.0316078689	-0.0479347819	-0.0096703246	0.0523604445	-0.0142926419	-0.0458193599	0.0352620549	0.0296815396	-0.0488459301	-0.0073270047	0.052199163	-0.0165621507	-0.0446194286	0.0369824104	0.0276942808	-0.0496568086	-0.004968644	0.0519307284	0.0002612729	-0.0418124389	-0.0198310031	-0.0183763282	-0.0105208124	-0.0402110514	-0.0082744992	-0.0084662101	-0.0335307793	-0.0651416009	1.61723097772598	0.061376964084659	0.448081059024295	0.592443852028073
-0.125993	0.0671781	0.170059	-0.000931635	-0.00188902	-0.000524435	-0.005731	0.0116128	-0.019861	-0.000125728	8.961e-05	-0.000211461	0.05854475	-0.0122138669	-0.0467219514	0.0339887004	0.0308814681	-0.0483810535	-0.0083334077	0.0522648503	-0.0160247019	-0.0447965146	0.0369021828	0.0275981986	-0.0497643635	-0.0044054445	0.0518175273	-0.0197441895	-0.042615719	0.0396053074	0.0241576078	-0.0508639957	-0.0004523686	0.0510748227	-0.0267708591	0.0410457521	-0.0513025915	0.0433975453	0.0110701207	0.0424287002	0.0361072315	0.0614780529	-0.0184302714	-0.0079887019	1.51938890718332	0.428251499345067	0.448081059024295	0.592443852028073
-0.125225	0.0701122	0.182123	-0.00127822	-0.00165589	-0.00031689	0.000767999999999991	0.0029341	0.012064	-0.000346585	0.00023313	0.000207545	0.0551291	-0.0124337127	-0.0465151882	0.0345023898	0.0301458661	-0.0488048017	-0.0069909042	0.052121568	-0.017737665	-0.043706106	0.0384736004	0.0254526818	-0.0505493769	-0.0014700233	0.051246815	-0.022843528	-0.0404089261	0.0420151486	0.020475249	-0.0517294306	0.0040672745	0.0497997519	0.0599832874	-0.0171201277	0.0153367282	0.0648892177	0.0163061853	-0.0430300444	-0.025002916	0.0455103801	0.0186419125	0.0375644918	1.16175256372844	0.398721623131444	0.448081059024295	0.592443852028073
-0.12972	0.0556099	0.182129	-0.000632257	-0.0015929	-0.000522319	-0.004495	-0.0145023	5.99999999997824e-06	0.000645963	6.299e-05	-0.000205429	0.0647224	-0.0126533271	-0.0463049601	0.0350102966	0.029401282	-0.0492058292	-0.0056437143	0.0519307284	-0.0194294898	-0.0425497785	0.0399733818	0.0232498227	-0.0511988656	0.0014700233	0.0504891087	-0.0258471843	-0.0380095663	0.0441989703	0.0166694112	-0.0522472985	0.0085566393	0.0481159803	-0.0485845516	-0.0246596057	0.0444905973	-0.041270328	0.015003587	0.0108472913	0.0476185223	-0.0612016242	0.0327571504	-0.0046128811	1.13485406690355	0.282967972733938	0.448081059024295	0.592443852028073
-0.131934	0.0555706	0.186088	-0.000726873	-0.00191328	-0.000632442	-0.00221399999999999	-3.92999999999991e-05	0.00395900000000002	-9.46159999999997e-05	-0.00032038	-0.000110123	0.03246825	-0.0128727058	-0.0460912827	0.0355123358	0.0286479378	-0.0495839492	-0.004292741	0.0516925056	-0.02109816	-0.0413292761	0.0413987346	0.0209945843	-0.0517110885	0.0044054445	0.0495471731	-0.0287425773	-0.0354290736	0.0461450246	0.0127630461	-0.0524141198	0.0129823055	0.0460373263	0.0548264972	0.0283049396	0.0517108096	-0.0232278739	-0.0337629392	0.0048593407	-0.0747523474	-0.024750079	-0.0012274566	-0.0166467724	1.08815692553273	-0.025798922021322	0.448081059024295	0.592443852028073
-0.131946	0.0410875	0.182166	-0.00085833	-0.00187875	-0.000668558	-1.2000000000012e-05	-0.0144831	-0.00392200000000001	-0.000131457	3.45300000000001e-05	-3.6116e-05	0.02852225	-0.0130918447	-0.0458741721	0.036008423	0.0278860579	-0.0499389857	-0.00293889	0.0514071169	-0.0227416872	-0.0400464398	0.0427470046	0.0186920473	-0.0520846721	0.0073270047	0.0484244452	-0.0315175794	-0.0326797453	0.0478428428	0.0087797117	-0.0522287737	0.0173113266	0.0435808493	-0.0130604235	-0.056849429	-0.0667288472	-0.0222507677	0.008469329	-0.0461771177	0.0211713717	0.0079584091	-0.008283844	-0.0729684928	1.15389114200853	-0.15426000509481	0.448081059024295	0.592443852028073
-0.129284	0.0554507	0.140085	-0.00117993	-0.00200961	-0.000737459	0.00266200000000003	0.0143632	-0.042081	-0.0003216	-0.00013086	-6.8901e-05	0.08517425	-0.0133107399	-0.0456536443	0.0364984753	0.0271158693	-0.0502707735	-0.0015830688	0.0510748227	-0.0243581127	-0.0387032042	0.0440156816	0.016347399	-0.0523186149	0.0102255113	0.0471250218	-0.0341605674	-0.029774683	0.0492832916	0.00474343	-0.0516925056	0.021511476	0.0407667093	-0.020846641	0.0549127686	-0.0260490454	0.0444933386	0.0305358196	0.0506096405	0.0248657396	0.0494211038	-0.0217023465	0.0338750694	0.697937325927884	0.039489000163742	0.448081059024295	0.592443852028073
-0.128467	0.0554543	0.165797	-0.00120916	-0.00174149	-0.000653143	0.000816999999999984	3.60000000000638e-06	0.025712	-2.92299999999999e-05	0.00026812	8.4316e-05	0.0456159	-0.0135293872	-0.0454297158	0.0369824104	0.0263376015	-0.050579158	-0.0002261864	0.0506959264	-0.0259455102	-0.0373015953	0.0452024033	0.0139659219	-0.0524122897	0.0130918447	0.0456536443	-0.0366604707	-0.0267277308	0.050458622	0.0006785423	-0.0508089184	0.0255514863	0.0376180017	0.0738234927	-0.0110246834	0.0368935534	0.0315317664	0.0135390208	-0.0475184005	-0.0347348593	0.0136292526	0.0205513533	0.0566030549	1.76877187447528	-0.032481403764683	0.448081059024295	0.592443852028073
-0.126559	0.0553991	0.194725	-0.00146881	-0.00185024	-0.00055727	0.00190799999999999	-5.51999999999983e-05	0.028928	-0.00025965	-0.00010875	9.5873e-05	0.05410485	-0.0137477825	-0.0452024033	0.0374601473	0.0255514863	-0.0508639957	0.0011308477	0.0502707735	-0.0275019879	-0.0358437271	0.0463049601	0.0115529809	-0.0523654453	0.0159169864	0.0440156816	-0.0390068183	-0.0235534089	0.0513625114	-0.0033904374	-0.0495839492	0.029401282	0.0341605674	-0.0391763985	-0.0487209629	0.0399707382	-0.0969495109	0.0201909515	-0.0170315558	0.0335227056	-0.070871646	0.0038605579	-0.0140412856	2.3223581519983	0.117288847190314	0.448081059024295	0.592443852028073
-0.131666	0.0495512	0.173817	-0.000743612	-0.00221561	-0.000599428	-0.005107	-0.0058479	-0.020908	0.000725198	-0.00036537	-4.2158e-05	0.0884992	-0.0139659219	-0.0449717237	0.0379316059	0.024757758	-0.0511251541	0.0024871236	0.0497997519	-0.029025691	-0.0343317983	0.047321299	0.0091140124	-0.0521782074	0.0186920473	0.0422171104	-0.0411897824	-0.0202668442	0.0519900974	-0.0074389706	-0.0480258282	0.0330322041	0.0304227813	-0.0276340927	0.0373091826	0.0059449819	0.0446604162	-0.0485298869	0.0490026436	-0.0170355355	-0.0073059455	-0.0072482775	-0.0494452042	2.19299723204763	0.124189268877319	-2.22840312389761	0.592443852028073
-0.127048	0.0577228	0.185538	-0.000865906	-0.00228166	-0.000457411	0.00461800000000001	0.00817160000000001	0.011721	-0.000122294	-6.60500000000002e-05	0.000142017	0.04102865	-0.0141838011	-0.0447376941	0.0383967071	0.0239566531	-0.0513625114	0.0038417323	0.0492832916	-0.0305148036	-0.0327680892	0.0482495277	0.0066545109	-0.0518510778	0.0214082961	0.0402644936	-0.0432002194	-0.0168836987	0.0523380039	-0.011442642	-0.0461450246	0.0364172225	0.0264353189	0.0675248183	0.0422820079	-0.054922583	-0.0427816854	-0.0195133723	-0.0050292094	-0.0379119074	0.0774372616	-0.0121132742	-0.0185419223	1.82334340307737	0.611273953412819	-2.22840312389761	0.592443852028073
-0.115629	0.0665953	0.194502	-0.00162251	-0.00197725	-0.000352814	0.011419	0.00887249999999999	0.008964	-0.000756604	0.00030441	0.000104597	0.08753605	-0.0144014162	-0.0445003321	0.0388553731	0.0231484102	-0.0515759573	0.0051937656	0.0487218636	-0.0319675512	-0.0311549584	0.0490879179	0.0041800175	-0.0513849338	0.0240571864	0.038164956	-0.0450297083	-0.0134200948	0.0524043593	-0.015377307	-0.0439541752	0.039531138	0.0222309049	0.0060673035	-0.0624937918	-0.0508633543	0.0162207514	0.0345773191	-0.064410183	0.0516317267	0.0212257153	0.0451319505	0.0276136256	1.55904731940015	-0.092600112284459	-2.22840312389761	0.592443852028073
-0.115634	0.0554104	0.218304	-0.0013295	-0.00204071	0.000135507	-4.99999999999112e-06	-0.0111849	0.023802	0.00029301	-6.346e-05	0.000488321	0.07723145	-0.0146187631	-0.0442596553	0.0393075269	0.0223332702	-0.0517653924	0.0065423171	0.0481159803	-0.0333822024	-0.0294948387	0.0498349085	0.001696107	-0.0507810249	0.026630384	0.0359261587	-0.0466705863	-0.009892538	0.0521888067	-0.0192192368	-0.0414680002	0.0423507695	0.0178440444	-0.0469164713	0.0008870186	0.0487005718	-0.0001322623	-0.0084462757	0.0365359855	0.020006993	-0.0590403829	0.044951296	0.0314151177	0.990539899222927	0.420975675659607	-2.22840312389761	0.592443852028073
-0.115643	0.0554915	0.196694	-0.000859679	-0.00205386	-0.000272237	-9.00000000002288e-06	8.10999999999937e-05	-0.02161	0.000469821	-1.315e-05	-0.000407744	0.06623585	-0.0148358378	-0.0440156816	0.0397530928	0.021511476	-0.0519307284	0.0078864829	0.0474661945	-0.0347570714	-0.027790234	0.0504891087	-0.0007916247	-0.0500409704	0.0291197926	0.0335562706	-0.0481159803	-0.0063178387	0.0516925056	-0.0229452624	-0.0387032042	0.0448551266	0.0133107399	0.0378853914	0.0268293282	0.051052472	-0.0573711466	-0.0068566379	0.0025039254	-0.0672270043	-0.0458577116	-0.0202219661	-0.0030384711	0.966548146563377	0.537162917656613	-2.22840312389761	0.592443852028073
-0.121443	0.0554959	0.186058	-0.000859679	-0.00225275	-0.000270874	-0.0058	4.40000000000856e-06	-0.010636	0	-0.00019889	1.36299999999999e-06	0.02645305	-0.0150526362	-0.0437684292	0.040191996	0.0206832724	-0.0520718884	0.0092253617	0.046773099	-0.0360905197	-0.0260437153	0.0510493004	-0.0032775729	-0.0491667543	0.0315175794	0.0310639394	-0.0493598362	-0.0027130321	0.0509181258	-0.0265329132	-0.0356783636	0.0470255659	0.0086681957	0.0044034772	-0.0367975831	-0.0285292541	-0.0068500096	0.0172400206	-0.0324795491	-0.0060517659	0.0042419956	-0.0663251442	-0.0394150506	0.727018659200652	0.290037804093549	0.448081059024295	0.592443852028073
-0.115602	0.0554485	0.178873	-0.00102997	-0.00215013	-0.000335972	0.00584100000000001	-4.7400000000003e-05	-0.007185	-0.000170291	0.00010262	-6.5098e-05	0.02997385	-0.0152691543	-0.0435179165	0.0406241631	0.0198489062	-0.0521888067	0.0105580562	0.0460373263	-0.0373809583	-0.0242579167	0.0515144404	-0.0057561371	-0.0481607204	0.0338162004	0.0284582593	-0.0503969439	0.0009047034	0.0498698332	-0.0299605535	-0.0324138022	0.0488459301	0.0039545126	-0.0190652406	0.0424075653	-0.0380358073	0.0318402642	0.0373347464	0.0351143736	0.0308848622	0.0548385011	-0.030617625	-0.0010760865	0.254394282540458	1.6518083363407	0.448081059024295	0.592443852028073
-0.115632	0.0694003	0.186037	-0.00100015	-0.00205386	-0.000268551	-3.00000000000023e-05	0.0139518	0.00716399999999998	2.98199999999998e-05	9.62700000000003e-05	6.7421e-05	0.03082135	-0.015485388	-0.0432641622	0.0410495216	0.019008626	-0.0522814288	0.0118836729	0.0452595478	-0.0386268493	-0.0224355316	0.0518836628	-0.0082217334	-0.0470255659	0.036008423	0.025748738	-0.0512229596	0.0045181276	0.0485532669	-0.0332075124	-0.0289314543	0.0503026675	-0.0007916247	0.0455649354	-0.0276633917	-0.0171433002	0.0673744886	-0.0045628907	-0.0422699735	-0.0112096126	0.0448811092	0.043527625	0.0234884245	0.057941163150579	0.927093686594732	0.448081059024295	0.592443852028073
-0.11563	0.0553528	0.209178	-0.00147478	-0.00205386	-0.000228525	2.000000000002e-06	-0.0140475	0.0231410000000001	-0.00047463	0	4.0026e-05	0.0629233	-0.0157013334	-0.0430071852	0.0414680002	0.0181626821	-0.0523497117	0.013201323	0.044440473	-0.039826708	-0.0205793086	0.05215628	-0.0106688069	-0.0457643343	0.0380873499	0.0229452624	-0.0518344232	0.0081100208	0.0469755095	-0.0362542087	-0.0252547177	0.0513849338	-0.0055312652	-0.0741056133	-0.0177394247	0.0414102782	-0.0622542843	-0.0114946889	0.0330379497	0.0532276201	-0.0701370842	0.0557908687	0.0111837358	-0.712353758232278	0.010760996600138	0.448081059024295	0.592443852028073
-0.11563	0.0554568	0.175266	-0.00100339	-0.00205386	-0.000400114	0	0.000104	-0.033912	0.00047139	0	-0.000171589	0.06616495	-0.0159169864	-0.0427470046	0.0418795288	0.0173113266	-0.0523936235	0.0145101234	0.0435808493	-0.0409791044	-0.0186920473	0.0523317845	-0.0130918447	-0.0443804069	0.0400464398	0.020058062	-0.0522287737	0.011663266	0.0451450484	-0.0390822688	-0.0214082961	0.0520846721	-0.0102255113	0.0220533737	0.044874271	0.0445404582	-0.0045382744	-0.0292635228	0.0317774128	-0.0711068677	-0.0373973615	-0.0330564703	-0.014919225	-0.288542062212778	1.11603962220535	-2.22840312389761	0.592443852028073
-0.1136	0.0554084	0.203145	-0.00117198	-0.00181387	-0.000269518	0.00202999999999999	-4.83999999999971e-05	0.027879	-0.00016859	0.00023999	0.000130596	0.0569162	-0.0161323429	-0.0424836398	0.0422840384	0.0164548132	-0.0524131437	0.0158091967	0.0426814612	-0.0420826652	-0.016776594	0.0524098495	-0.015485388	-0.0428774942	0.0418795288	0.0170976719	-0.0524043593	0.0151609305	0.0430717306	-0.0416746376	-0.0174180334	0.0523966733	-0.0148358378	-0.0172115851	-0.0098908779	-0.0550758054	-0.0307336491	0.0200771922	0.0001515538	0.0227523926	0.0168521699	-0.0277422745	-0.000374087	0.074417549762409	-0.038041380009491	0.448081059024295	0.592443852028073
-0.107014	0.0730167	0.203182	-0.00202852	-0.00188538	-0.000191451	0.006586	0.0176083	3.70000000000093e-05	-0.00085654	-7.15100000000001e-05	7.8067e-05	0.07453715	-0.016347399	-0.0422171104	0.0426814612	0.015593397	-0.0524082634	0.0170976719	0.0417431291	-0.0431360754	-0.0148358378	0.0523903296	-0.0178440444	-0.0412596253	0.0435808493	0.0140748942	-0.0523604445	0.0185863463	0.0407667093	-0.0440156816	-0.0133107399	0.0523186149	-0.0193244083	0.0221794617	0.0261437532	-0.01374336	0.0072440033	0.0158492731	0.0097791916	-0.0168241465	0.0359325754	0.0004381344	0.0739980282	-0.324405901438903	0.765242288462674	0.448081059024295	0.592443852028073
-0.100164	0.0550779	0.226704	-0.00236158	-0.001478	1.17931e-05	0.00685000000000001	-0.0179388	0.023522	-0.00033306	0.00040738	0.0002032441	0.095495005	-0.0165621507	-0.0419474363	0.0430717306	0.0147273348	-0.0523789848	0.0183746853	0.0407667093	-0.0441380794	-0.0128727058	0.0522732612	-0.0201625	-0.039531138	0.0451450484	0.0110007588	-0.0520972133	0.0219231897	0.0382423846	-0.0460912827	-0.0091140124	0.0518510778	-0.0236543856	0.0023556906	-0.0414134724	0.0185820712	-0.0285928969	-0.0428591239	-0.0259211344	0.0040931157	-0.0345062334	0.077945938	-0.0238051722	-0.724024570670156	1.85541389266086	0.448081059024295	0.592443852028073
-0.118371	0.0576523	0.215525	-0.00156958	-0.00159474	-0.000269518	-0.018207	0.0025744	-0.011179	0.000792	-0.00011674	-0.0002813111	0.091462955	-0.016776594	-0.0416746376	0.0434547811	0.0138568845	-0.0523253215	0.0196393809	0.0397530928	-0.0450874833	-0.0108901587	0.0520588623	-0.0224355316	-0.0376966663	0.0465672044	0.0078864829	-0.0516157682	0.025155559	0.0355123358	-0.0478889238	-0.0048560483	0.0509975427	-0.027790234	-0.0007593843	0.0040954206	0.0047372445	-0.0078827944	-0.1190567466	0.0111465309	-0.0154499027	-0.0178457563	0.0274707183	-0.0558822903	-0.365225653030198	0.671337118538702	-2.22840312389761	0.592443852028073
-0.116018	0.0661639	0.195733	-0.00143547	-0.00159474	-0.000269518	0.00235299999999999	0.00851159999999998	-0.019792	0.00013411	0	0	0.0373621	-0.0169907249	-0.0413987346	0.0438305487	0.0129823055	-0.0522472985	0.0208909108	0.0387032042	-0.0459831556	-0.0088911868	0.051747532	-0.0246580184	-0.0357611286	0.0478428428	0.00474343	-0.0509181258	0.0282680507	0.0325912492	-0.0493977639	-0.0005654567	0.0497643635	-0.0316980113	-0.0036115452	-0.0126519554	-0.041722979	0.0218284821	-0.0059334455	-0.0076068574	0.0203684938	0.0240055221	0.0019850175	-0.0429777988	-0.230962226273039	0.722873025637331	-2.22840312389761	0.592443852028073
-0.112032	0.0832862	0.195788	-0.00192869	-0.00194753	-0.000190392	0.00398600000000002	0.0171223	5.50000000000272e-05	-0.00049322	-0.00035279	7.9126e-05	0.0674201	-0.0172045393	-0.0411197477	0.0441989703	0.0121038584	-0.0521449521	0.022128436	0.0376180017	-0.0468240289	-0.006878805	0.05133985	-0.0268249532	-0.033729714	0.0489679499	0.0015830688	-0.0500072082	0.0312458323	0.0294948387	-0.0506087036	0.0037289341	0.0481607204	-0.0353456466	0.0201023265	0.031519412	-0.0332768596	-0.00829994	0.0296718479	-0.0043691722	0.0006427072	0.0473217364	0.0017759179	0.0218350304	0.215151384092385	0.253377004627558	0.448081059024295	0.592443852028073
-0.112771	0.0551765	0.227026	-0.00255395	-0.00191291	-8.33352e-05	-0.000739000000000017	-0.0281097	0.031238	-0.00062526	3.462e-05	0.0001070568	0.09843354	-0.0174180334	-0.0408376979	0.0445599841	0.0112218049	-0.05201833	0.023351127	0.0364984753	-0.047609101	-0.0048560483	0.0508365754	-0.0289314543	-0.0316078689	0.0499389857	-0.0015830688	-0.048886831	0.0340747132	0.0262397614	-0.0515144404	0.0079982704	0.0461985516	-0.0387032042	-0.0180923786	-0.0321060956	-0.0063988672	0.020464555	-0.0089141586	-0.0195956124	0.0395426434	-0.0074805928	0.0579749833	0.0316613761	-0.127815718071813	-1.1119554392548	0.448081059024295	0.592443852028073
-0.116091	0.0478067	0.227076	-0.0022335	-0.00220935	-0.000218895	-0.00332000000000005	-0.0073698	4.99999999999945e-05	0.00032045	-0.00029644	-0.0001355598	0.04836229	-0.017631203	-0.0405526062	0.0449135297	0.0103364079	-0.051867491	0.024558164	0.0353456466	-0.0483374366	-0.0028259676	0.0502386454	-0.0309727759	-0.029401282	0.050752895	-0.00474343	-0.0475616869	0.0367412126	0.022843528	-0.052109512	0.0122138669	0.0438924641	-0.0417431291	-0.0023630134	0.0223074529	0.0470778143	0.0098799284	-0.0401706543	0.0253282344	-0.0398711994	-0.0420824899	0.0066094817	0.005750946	-2.397613394133	-1.12379261272189	0.448081059024295	0.592443852028073
-0.116128	0.0479303	0.198567	-0.00174886	-0.00206562	-0.000269518	-3.69999999999399e-05	0.000123600000000008	-0.028509	0.00048464	0.00014373	-5.0623e-05	0.06261925	-0.0178440444	-0.0402644936	0.0452595478	0.0094479311	-0.0516925056	0.025748738	0.0341605674	-0.0490081675	-0.0007916247	0.0495471731	-0.032944319	-0.0271158693	0.0514071169	-0.0078864829	-0.0460373263	0.0392326234	0.0193244083	-0.0523903296	0.016347399	0.0412596253	-0.044440473	-0.0138511218	-0.0244716126	-0.0164395965	-0.0115625231	0.01903662	-0.0140547932	-0.0006469612	-0.0135513341	-0.0459322052	-0.0187668297	0.62799117047672	-1.11814482343311	0.448081059024295	0.592443852028073
-0.116264	0.0478822	0.197976	-0.00190167	-0.00158642	-0.000269518	-0.000136000000000011	-4.81000000000093e-05	-0.000591000000000008	-0.00015281	0.0004792	0	0.0323756	-0.0180565534	-0.0399733818	0.0455979804	0.0085566393	-0.051493455	0.0269220508	0.032944319	-0.0496204944	0.0012439122	0.0487634462	-0.0348416421	-0.024757758	0.051899593	-0.0110007588	-0.0443201343	0.0415370728	0.0157013334	-0.0523552	0.020371094	0.038319635	-0.046773099	0.0023992304	0.0399920782	-0.0247529708	0.0065573286	0.0111216853	0.0347528609	0.0033657221	0.0397079001	-0.0432773298	0.0079524828	0.575516658985418	-1.1227251639068	0.448081059024295	0.592443852028073
-0.116117	0.0570066	0.223564	-0.00203049	-0.00203962	-0.00032579	0.000146999999999994	0.00912440000000001	0.025588	-0.00012882	-0.0004532	-5.6272e-05	0.066774	-0.0182687262	-0.0396792925	0.0459287708	0.0076627981	-0.0512704319	0.0280773158	0.0316980113	-0.0501736876	0.0032775729	0.0478889238	-0.0366604707	-0.0223332702	0.0522287737	-0.0140748942	-0.0424173034	0.0436435792	0.0119937935	-0.0520043348	0.0242579167	0.0350943796	-0.0487218636	-0.0057711065	-0.0173809007	-0.0207916876	0.0299171396	0.0043453439	-0.0198972467	0.0324642328	0.0289894635	0.0162786148	0.0095133076	0.268106545611878	-1.22554158092598	0.448081059024295	0.592443852028073
-0.12174	0.0478103	0.237905	-0.00220848	-0.00194996	-0.000203722	-0.005623	-0.0091963	0.014341	-0.00017799	8.96599999999999e-05	0.000122068	0.0486462	-0.0184805588	-0.0393822474	0.0462518635	0.0067666737	-0.0510235403	0.0292137585	0.0304227813	-0.050667088	0.0053062903	0.0469252343	-0.0383967071	-0.0198489062	0.0523936235	-0.0170976719	-0.0403368038	0.0455421041	0.0082217334	-0.05133985	0.027981752	0.0316078689	-0.0502707735	-0.0169763737	0.007133118	0.0446284785	0.010830604	-0.0378387268	0.0203178277	-0.0009386789	-0.0286865061	0.0525590249	0.0107472972	1.02037261474914	-1.1816311877226	0.448081059024295	0.592443852028073
-0.121153	0.0479157	0.214122	-0.00182337	-0.00133502	-0.000269518	0.000587000000000018	0.000105399999999999	-0.023783	0.00038511	0.00061494	-6.5796e-05	0.0777677	-0.0186920473	-0.0390822688	0.0465672044	0.0058685331	-0.050752895	0.0303306173	0.0291197926	-0.0511001074	0.0073270047	0.0458741721	-0.0400464398	-0.0173113266	0.0523936235	-0.020058062	-0.0380873499	0.0472236001	0.0044054445	-0.0503657529	0.0315175794	0.0278860579	-0.0514071169	-0.019270921	-0.0232728244	0.0240027113	-0.0355853193	-0.009244804	-0.0045045404	-0.0006178042	-0.0334460732	-0.0575872339	-0.0167832782	-0.168464448394247	-1.14633632085189	0.448081059024295	0.592443852028073
-0.129892	0.0564485	0.198511	-0.00154172	-0.00177914	-0.000493221	-0.00873900000000001	0.0085328	-0.015611	0.00028165	-0.00044412	-0.000223703	0.08035645	-0.0189031876	-0.0387793789	0.0468747407	0.004968644	-0.050458622	0.0314271432	0.027790234	-0.0514722298	0.0093366682	0.0447376941	-0.0416059521	-0.0147273348	0.0522287737	-0.0229452624	-0.0356783636	0.0486800542	0.0005654567	-0.0490879179	0.0348416421	0.0239566531	-0.052121568	-0.0060570442	0.0329461467	-0.0291290316	0.0292994704	-0.0278160638	0.0321021165	-0.0077926596	0.0339123205	-0.0429387432	-0.0381917694	0.332347567362983	-1.1540283358647	0.448081059024295	0.592443852028073
-0.132328	0.0623929	0.202739	-0.00194005	-0.00171614	-0.000478376	-0.00243599999999999	0.0059444	0.00422800000000001	-0.000398330000000001	6.30000000000006e-05	1.4845e-05	0.03641715	-0.0191139759	-0.0384736004	0.0471744208	0.0040672745	-0.0501408583	0.0325026013	0.0264353189	-0.0517830118	0.0113322499	0.0435179165	-0.0430717306	-0.0121038584	0.051899593	-0.025748738	-0.0331199354	0.0499045256	-0.0032775729	-0.0475140513	0.0379316059	0.0198489062	-0.0524082634	0.004056762	-0.0032919877	-0.0435699168	0.043641403	0.0158091693	-0.0129306244	0.0186523153	0.0511980933	-0.0152133693	0.0168145966	-0.708618456150642	-1.23308738662905	0.448081059024295	0.592443852028073
-0.133278	0.053949	0.216054	-0.00233053	-0.00142306	-0.000684655	-0.000950000000000006	-0.00844389999999999	0.013315	-0.00039048	0.000293079999999999	-0.000206279	0.06720085	-0.0193244083	-0.038164956	0.0474661945	0.0031646932	-0.0497997519	0.0335562706	0.0250562833	-0.052032083	0.0133107399	0.0422171104	-0.044440473	-0.0094479311	0.0514071169	-0.0284582593	-0.0304227813	0.0508911792	-0.007102971	-0.0456536443	0.0407667093	0.015593397	-0.0522648503	-0.0003508625	0.028740058	0.0207450692	-0.009531249	0.04600447	0.0108168851	0.0045439402	0.0054987929	0.0266759768	0.037299378	0.312186814606995	-1.16415081651802	0.448081059024295	0.592443852028073
-0.137612	0.0426183	0.231534	-0.00256671	-0.00142306	-0.00067017	-0.00433399999999998	-0.0113307	0.01548	-0.00023618	0	1.44850000000001e-05	0.04367795	-0.0195344808	-0.0378534688	0.0477500128	0.0022611689	-0.0494354616	0.0345874448	0.0236543856	-0.0522191466	0.0152691543	0.0408376979	-0.0457090957	-0.0067666737	0.050752895	-0.0310639394	-0.0275981986	0.0516353132	-0.0108901587	-0.0435179165	0.0433279037	0.0112218049	-0.0516925056	-0.0036756408	-0.0439055939	0.0324135239	-0.0009744923	0.002119827	-0.0363863478	-0.0011823842	-0.0364061551	-0.0138088901	0.024432561	0.239631813049062	-1.16160757483015	0.448081059024295	0.592443852028073
-0.135267	0.0476986	0.224921	-0.00211494	-0.00178288	-0.00072853	0.00234499999999999	0.0050803	-0.00661300000000001	0.00045177	-0.00035982	-5.836e-05	0.0575358	-0.0197441895	-0.0375391619	0.0480258282	0.0013569709	-0.0490481569	0.0355954325	0.0222309049	-0.0523439796	0.0172045393	0.0393822474	-0.0468747407	-0.0040672745	0.0499389857	-0.0335562706	-0.0246580184	0.0521333814	-0.0146187631	-0.0411197477	0.0455979804	0.0067666737	-0.0506959264	-0.0174468072	0.0294342292	0.0172946728	0.0155622719	-0.0269014478	0.0355183238	-0.0135161767	-0.0257600115	-0.0386166234	-0.0300141629	-0.234045548354971	-1.08287032352179	0.448081059024295	0.592443852028073
-0.130774	0.047691	0.231526	-0.0022744	-0.00142306	-0.000434085	0.004493	-7.5999999999965e-06	0.006605	-0.00015946	0.00035982	0.000294445	0.05179185	-0.0199535306	-0.0372220587	0.0482935946	0.0004523686	-0.0486380181	0.0365795581	0.02078714	-0.0524064334	0.0191139759	0.0378534688	-0.0479347819	-0.0013569709	0.0489679499	-0.0359261587	-0.0216145559	0.0523830103	-0.0182687262	-0.0384736004	0.0475616869	0.0022611689	-0.0492832916	0.0330008778	-0.0030745816	-0.0525112341	0.0094037172	-0.025448239	-0.0130666548	-0.0024286485	0.0523517834	-0.0309583833	-0.0242671543	0.854669057760059	-1.06726369311299	0.448081059024295	0.592443852028073
-0.115375	0.0475371	0.24884	-0.00273093	-0.00174966	-0.00057972	0.015399	-0.000153900000000005	0.017314	-0.00045653	-0.0003266	-0.000145635	0.07930515	-0.0201625	-0.0369021828	0.0485532669	-0.0004523686	-0.0482052363	0.0375391619	0.0193244083	-0.0524064334	0.0209945843	0.0362542087	-0.048886831	0.0013569709	0.0478428428	-0.038164956	-0.0184805588	0.0523830103	-0.0218204132	-0.0355954325	0.0492058292	-0.0022611689	-0.0474661945	-0.0145551957	-0.0033712142	-0.0340104207	0.0149075654	-0.0076053626	-0.007114782	0.0438028063	0.0259941575	0.027326343	0.0181944042	-0.434504084646439	-1.05645455090671	0.448081059024295	-1.68540061352814
-0.128984	0.0410641	0.265972	-0.00275983	-0.00142306	-0.000590973	-0.013609	-0.006473	0.017132	-2.89000000000001e-05	0.0003266	-1.1253e-05	0.05555165	-0.020371094	-0.0365795581	0.0488048017	-0.0013569709	-0.0477500128	0.0384736004	0.0178440444	-0.0523439796	0.022843528	0.0345874448	-0.0497287433	0.0040672745	0.0465672044	-0.0402644936	-0.0152691543	0.0521333814	-0.0252547177	-0.0325026013	0.0505193604	-0.0067666737	-0.0452595478	-0.0004530812	-0.0144644843	0.0344142057	0.0357849021	-0.0039346008	-0.0249818063	-0.0027551109	-0.0164320701	0.0270690392	0.0198888029	0.332606568887487	-1.06090669335159	0.448081059024295	-1.68540061352814
-0.132804	0.0476114	0.260473	-0.00240926	-0.000994094	-0.00071376	-0.00382000000000002	0.00654730000000001	-0.00549899999999998	0.00035057	0.000428966	-0.000122787	0.06098245	-0.0205793086	-0.0362542087	0.0490481569	-0.0022611689	-0.0472725596	0.0393822474	0.016347399	-0.0522191466	0.0246580184	0.0328562806	-0.050458622	0.0067666737	0.0451450484	-0.0422171104	-0.0119937935	0.0516353132	-0.028553165	-0.0292137585	0.051493455	-0.0112218049	-0.0426814612	-0.0109906683	-0.0057190578	0.0352048709	-0.0103037865	-0.0131447014	-0.0010768408	0.0018359838	-0.0356090169	0.0163434936	-0.038201935	-1.41038293244154	-1.10702678334108	0.448081059024295	0.592443852028073
-0.115456	0.0477063	0.247977	-0.00199835	-0.00149991	-0.00071376	0.017348	9.49000000000019e-05	-0.012496	0.00041091	-0.000505816	0	0.0757752	-0.02078714	-0.0359261587	0.0492832916	-0.0031646932	-0.046773099	0.0402644936	0.0148358378	-0.052032083	0.0264353189	0.0310639394	-0.0510748227	0.0094479311	0.0435808493	-0.0440156816	-0.0086681957	0.0508911792	-0.0316980113	-0.025748738	0.052121568	-0.015593397	-0.0397530928	-0.0151983859	-0.0013832988	-0.0075523115	-0.0263727002	-0.0056599446	0.0170686549	0.0014027644	-0.0004649739	-0.0192297928	-0.0330851291	-3.55850823678719	-1.19056606198827	0.448081059024295	0.592443852028073
-0.115609	0.0617992	0.231218	-0.00226726	-0.00092697	-0.000870882	-0.000153	0.0140929	-0.016759	-0.00026891	0.00057294	-0.000157122	0.0809535	-0.0209945843	-0.0355954325	0.0495101664	-0.0040672745	-0.0462518635	0.0411197477	0.0133107399	-0.0517830118	0.0281727488	0.0292137585	-0.0515759573	0.0121038584	0.0418795288	-0.0456536443	-0.0053062903	0.0499045256	-0.0346723388	-0.022128436	0.0523994793	-0.0198489062	-0.0364984753	-0.0075760003	0.0179086443	-0.0228652704	0.0401840213	0.0232277756	0.0204236811	0.0183712712	0.0463870122	0.0241668365	-0.0158965061	0.035038513445079	-1.19290591263033	0.448081059024295	0.592443852028073
-0.121968	0.0656538	0.247829	-0.00303277	-0.00120346	-0.00071376	-0.00635900000000002	0.0038546	0.016611	-0.00076551	-0.00027649	0.000157122	0.0867807	-0.0212016376	-0.0352620549	0.0497287433	-0.004968644	-0.0457090957	0.0419474363	0.0117734969	-0.0514722298	0.0298676878	0.0273091829	-0.0519608967	0.0147273348	0.0400464398	-0.0471250218	-0.0019221591	0.0486800542	-0.0374601473	-0.0183746853	0.0523253215	-0.0239566531	-0.032944319	0.0178695325	-0.001144649	0.0243339919	0.0743457116	0.039162438	-0.0118595209	-0.0215890111	-0.0022030626	-0.0046227337	0.0600108539	0.04680656721814	-1.1792969364968	0.448081059024295	0.592443852028073
-0.117642	0.0473531	0.258894	-0.00303277	-0.00120346	-0.00114645	0.004326	-0.0183007	0.011065	0	0	-0.00043269	0.0553262	-0.0214082961	-0.0349260507	0.0499389857	-0.0058685331	-0.0451450484	0.0427470046	0.0102255113	-0.0511001074	0.0315175794	0.0253537587	-0.0522287737	0.0173113266	0.0380873499	-0.0484244452	0.0014700233	0.0472236001	-0.0400464398	-0.0145101234	0.051899593	-0.0278860579	-0.0291197926	0.0212641784	-0.0073852563	0.0464340458	-0.0455089983	0.0434386065	-0.0049306733	-0.0192160986	-0.0403970969	-0.0113296475	0.0102153692	1.00231011391455	-1.12236240439888	0.448081059024295	0.592443852028073
-0.133904	0.0321871	0.272135	-0.00328259	-0.000952271	-0.00100629	-0.016262	-0.015166	0.013241	-0.00024982	0.000251189	0.00014016	0.07672745	-0.0216145559	-0.0345874448	0.0501408583	-0.0067666737	-0.0445599841	0.0435179165	0.0086681957	-0.050667088	0.0331199354	0.023351127	-0.0523789848	0.0198489062	0.036008423	-0.0495471731	0.0048560483	0.0455421041	-0.0424173034	-0.0105580562	0.0511251541	-0.0316078689	-0.0250562833	-0.007577493	-0.0088912642	-0.0056809152	-0.0371987442	-0.0330355736	0.0101572063	-0.0078840675	-0.0214709752	-0.0380971431	-0.0197441387	0.886276813531678	-1.18734447924939	0.448081059024295	0.592443852028073
-0.133867	0.0475024	0.258594	-0.00264304	-0.00105438	-0.00108431	3.69999999999815e-05	0.0153153	-0.013541	0.00063955	-0.000102109	-7.802e-05	0.06987725	-0.0218204132	-0.0342462625	0.0503343274	-0.0076627981	-0.0439541752	0.0442596553	0.007102971	-0.0501736876	0.0346723388	0.0213050164	-0.0524111916	0.0223332702	0.0338162004	-0.0504891087	0.0082217334	0.0436435792	-0.0445599841	-0.0065423171	0.0500072082	-0.0350943796	-0.02078714	0.0285325709	0.0096159021	-0.0468364055	-0.0609429267	0.0108034048	-0.0026738801	-0.0078942178	0.0356481911	0.02262888	-0.0273262894	0.895664769862639	-1.17529019399516	0.448081059024295	0.592443852028073
-0.133879	0.0472389	0.276462	-0.00350225	-0.00105894	-0.00071376	-1.19999999999842e-05	-0.0002635	0.017868	-0.00085921	-4.56000000000002e-06	0.00037055	0.0798595	-0.0220258641	-0.0339025293	0.0505193604	-0.0085566393	-0.0433279037	0.0449717237	0.0055312652	-0.0496204944	0.0361724484	0.0192192368	-0.0523253215	0.024757758	0.0315175794	-0.051246815	0.0115529809	0.0415370728	-0.0464629554	-0.0024871236	0.0485532669	-0.038319635	-0.016347399	-0.0149720954	-0.01463825	-0.007863261	0.0116262677	-0.0201789619	-0.0106335664	0.0353493972	-0.0009195435	0.0368096966	0.0047254456	0.956217412335118	-1.02644478869538	0.448081059024295	0.592443852028073
-0.133739	0.0471927	0.267644	-0.00350225	-0.00145818	-0.0010368	0.000140000000000001	-4.62000000000032e-05	-0.00881799999999999	0	-0.000399239999999999	-0.00032304	0.0451182	-0.0222309049	-0.0335562706	0.0506959264	-0.0094479311	-0.0426814612	0.0456536443	0.0039545126	-0.0490081675	0.0376180017	0.0170976719	-0.052121568	0.0271158693	0.0291197926	-0.0518175273	0.0148358378	0.0392326234	-0.0481159803	0.0015830688	0.046773099	-0.0412596253	-0.0117734969	0.0252178782	0.0300336931	0.0473720719	-0.0469192068	0.0063526504	0.0097639728	-0.0429150486	-0.0251435446	0.0414916992	0.0090118302	-3.54005646190922	-1.04487929054714	0.448081059024295	0.592443852028073
-0.133756	0.047291	0.270289	-0.00334774	-0.00140146	-0.00071376	-1.69999999999892e-05	9.83000000000026e-05	0.00264500000000001	0.00015451	5.67199999999995e-05	0.00032304	0.0294738	-0.0224355316	-0.0332075124	0.0508639957	-0.0103364079	-0.0420151486	0.0463049601	0.0023741518	-0.0483374366	0.0390068183	0.0149442718	-0.0518003901	0.029401282	0.026630384	-0.052199163	0.0180565534	0.0367412126	-0.0495101664	0.0056437143	0.0446786654	-0.0438924641	-0.007102971	0.002053563	-0.0610767306	-0.0227018571	-0.0243683385	0.0138582604	-0.0515897426	0.002216587	-0.0227824529	-0.0269655459	-0.0290407294	-3.50805078841997	-1.03247540343979	-2.22840312389761	-1.68540061352814
-0.127017	0.047499	0.238915	-0.0025125	-0.00145818	-0.000983788	0.00673899999999997	0.000208	-0.031374	0.00083524	-5.67199999999995e-05	-0.000270028	0.0964204	-0.0226397406	-0.0328562806	0.0510235403	-0.0112218049	-0.0413292761	0.0469252343	0.0007916247	-0.047609101	0.0403368038	0.0127630461	-0.0513625114	0.0316078689	0.0240571864	-0.0523903296	0.0212016376	0.0340747132	-0.0506380137	0.0096703246	0.0422840384	-0.0461985516	-0.0023741518	-0.0563278488	0.0303851324	-0.0279404445	-0.0014452259	0.0410872544	0.0543071101	0.0331393423	0.0179638921	-0.042019741	0.0035196679	-0.890902432545068	-1.29519957419741	-2.22840312389761	-1.68540061352814
-0.112801	0.050537	0.255069	-0.00325724	-0.00145818	-0.00071376	0.014216	0.003038	0.016154	-0.00074474	0	0.000270028	0.0841464	-0.022843528	-0.0325026013	0.0511745333	-0.0121038584	-0.0406241631	0.0475140513	-0.0007916247	-0.0468240289	0.0416059521	0.0105580562	-0.0508089184	0.033729714	0.0214082961	-0.0523903296	0.0242579167	0.0312458323	-0.051493455	0.0136386166	0.0396053074	-0.0481607204	0.0023741518	0.002275185	0.0476704759	0.0077838769	-0.0230751115	0.0812463936	0.0424054718	-0.0094128817	0.0233266454	0.0057595213	0.073089812	-1.00884660233995	-1.41331110598633	-2.22840312389761	-1.68540061352814
-0.11948	0.038048	0.272514	-0.0033178	-0.00145818	-0.00071376	-0.00667899999999999	-0.012489	0.017445	-6.05600000000007e-05	0	0	0.039641	-0.0230468899	-0.032146501	0.0513169495	-0.0129823055	-0.0399001378	0.0480710162	-0.0023741518	-0.0459831556	0.042812349	0.0083334077	-0.0501408583	0.0357611286	0.0186920473	-0.052199163	0.0272125894	0.0282680507	-0.0520718884	0.017524659	0.0366604707	-0.0497643635	0.007102971	0.0430544451	0.0194854673	0.0634624119	-0.0130503408	0.0255771369	-0.0010338219	-0.0573968372	-0.0170627647	-0.0012362534	0.0319252622	-1.77006103523261	-1.57527133256979	-2.22840312389761	-1.68540061352814
-0.120996	0.0474228	0.260278	-0.00273567	-0.00145818	-0.00103044	-0.00151600000000002	0.0093748	-0.012236	0.000582130000000001	0	-0.00031668	0.0680673	-0.0232498227	-0.031788006	0.051450765	-0.0138568845	-0.0391575372	0.0485957556	-0.0039545126	-0.0450874833	0.0439541752	0.0060932427	-0.0493598362	0.0376966663	0.0159169864	-0.0518175273	0.0300532798	0.025155559	-0.0523702023	0.0213050164	0.0334693144	-0.0509975427	0.0117734969	0.025820169	-0.0631465143	0.0133039764	-0.0014187552	0.0043463581	-0.0630684599	-0.0099033826	-0.0262742002	-0.0357999385	-0.0286775034	-2.22759973072542	-1.47752683056011	-2.22840312389761	-1.68540061352814
-0.124163	0.047507	0.250408	-0.00250996	-0.00145818	-0.000956922	-0.003167	8.41999999999996e-05	-0.00986999999999999	0.00022571	0	7.35180000000001e-05	0.0280826	-0.0234523225	-0.0314271432	0.0515759573	-0.0147273348	-0.0383967071	0.0490879179	-0.0055312652	-0.0441380794	0.0450297083	0.0038417323	-0.0484676115	0.039531138	0.0130918447	-0.051246815	0.0327680892	0.0219231897	-0.0523867919	0.0249568909	0.0300532798	-0.0518510778	0.016347399	-0.0498771742	-0.0113857326	-0.0290688799	0.0363626067	-0.0183873653	0.0124471449	0.0562886522	0.0045610746	-0.0194649702	-0.0333703181	-2.87072181655055	-0.875086963207073	-2.22840312389761	-1.68540061352814
-0.121171	0.0552938	0.253019	-0.00298962	-0.00170818	-0.00071376	0.00299200000000001	0.0077868	0.00261099999999997	-0.00047966	-0.00025	0.000243162	0.0620309	-0.0236543856	-0.0310639394	0.0516925056	-0.015593397	-0.0376180017	0.0495471731	-0.007102971	-0.0431360754	0.0460373263	0.0015830688	-0.0474661945	0.0412596253	0.0102255113	-0.0504891087	0.0353456466	0.0185863463	-0.052121568	0.0284582593	0.0264353189	-0.0523186149	0.02078714	-0.024060808	0.04085785	-0.0171934571	0.0415833491	0.0114505907	0.0457535828	0.0252287964	0.0394720066	0.0101969506	0.0194877509	-2.7818173051705	-0.934158354752582	-2.22840312389761	-1.68540061352814
-0.107998	0.0473168	0.263888	-0.00316698	-0.00145818	-0.00071376	0.013173	-0.007977	0.010869	-0.00017736	0.00025	0	0.053387	-0.0238560081	-0.0306984217	0.0518003901	-0.0164548132	-0.0368217834	0.0499732133	-0.0086681957	-0.0420826652	0.0469755095	-0.0006785423	-0.0463578411	0.0428774942	0.0073270047	-0.0495471731	0.0377751555	0.0151609305	-0.0515759573	0.031788006	0.0226397406	-0.0523966733	0.0250562833	0.0140103924	0.0411038931	0.057240381	0.0231329308	0.0376241842	0.0289213257	-0.0470613057	-0.01713753	0.0146554797	0.0540750301	-2.50914766207473	-0.876069227214495	-2.22840312389761	0.592443852028073
-0.124076	0.0472532	0.252973	-0.00326518	-0.00145818	-0.000959871	-0.016078	-6.36000000000039e-05	-0.010915	-9.82000000000001e-05	0	-0.000246111	0.04427215	-0.0240571864	-0.0303306173	0.051899593	-0.0173113266	-0.036008423	0.0503657529	-0.0102255113	-0.0409791044	0.0478428428	-0.00293889	-0.0451450484	0.0443804069	0.0044054445	-0.0484244452	0.0400464398	0.011663266	-0.050752895	0.0349260507	0.0186920473	-0.0520846721	0.0291197926	0.0633585287	-0.0328039552	0.0484266519	0.0136342985	0.0005290093	-0.0545598137	-0.0570714201	-0.0279451948	-0.04914679	0.0031870596	-1.84263949819205	-1.28743913967918	-2.22840312389761	0.592443852028073
-0.121357	0.0290318	0.27093	-0.00386164	-0.00162815	-0.000865241	0.00271900000000001	-0.0182214	0.017957	-0.00059646	-0.000169970000000001	9.463e-05	0.0819504	-0.0242579167	-0.0299605535	0.0519900974	-0.0181626821	-0.0351782991	0.0507245288	-0.0117734969	-0.039826708	0.0486380181	-0.0051937656	-0.0438305487	0.0457643343	0.0014700233	-0.0471250218	0.042149986	0.0081100208	-0.0496568086	0.0378534688	0.0146187631	-0.0513849338	0.032944319	-0.0156565567	-0.0497703271	-0.007302351	-0.0051421441	-0.0134202861	-0.0431894318	0.0227447881	-0.0318361767	-0.0476545093	-0.0333166687	-3.1911459075981	-1.29698283777123	0.448081059024295	0.592443852028073
-0.122814	0.0405276	0.254669	-0.00331563	-0.00145818	-0.000713761	-0.00145700000000001	0.0114958	-0.016261	0.00054601	0.000169970000000001	0.00015148	0.0725868	-0.0244581953	-0.029588258	0.0520718884	-0.019008626	-0.0343317983	0.0510493004	-0.0133107399	-0.0386268493	0.0493598362	-0.0074389706	-0.0424173034	0.0470255659	-0.0014700233	-0.0456536443	0.0440769831	0.0045181276	-0.0482935946	0.0405526062	0.0104472564	-0.0503026675	0.0364984753	-0.0450602322	0.0057172029	-0.0493714878	0.0183054223	0.0079856949	0.0303363027	0.0546782271	0.0315041808	-0.0387135969	-0.0124774659	-1.52112321716394	-1.18184833245629	0.448081059024295	0.592443852028073
-0.124616	0.057824	0.270286	-0.00360061	-0.00160037	-0.000713761	-0.001802	0.0172964	0.015617	-0.00028498	-0.000142190000000001	0	0.0560739000000001	-0.0246580184	-0.0292137585	0.0521449521	-0.0198489062	-0.0334693144	0.05133985	-0.0148358378	-0.0373809583	0.0500072082	-0.0096703246	-0.0409084964	0.0481607204	-0.0044054445	-0.0440156816	0.0458193599	0.0009047034	-0.0466705863	0.0430071852	0.0062055551	-0.0488459301	0.0397530928	-8.32617e-05	0.058123925	0.0247378331	-0.0059757579	0.0886207573	0.0403518782	-0.014131871	0.0189040353	0.0201704793	0.0770718154	-1.43792229597069	-1.10505159412153	0.448081059024295	0.592443852028073
-0.126727	0.0471977	0.277904	-0.00346707	-0.00161135	-0.000713761	-0.002111	-0.0106263	0.00761799999999996	0.00013354	-1.09799999999994e-05	0	0.0275813	-0.0248573823	-0.0288370829	0.0522092763	-0.0206832724	-0.0325912492	0.0515959829	-0.016347399	-0.0360905197	0.050579158	-0.0118836729	-0.0393075269	0.0491667543	-0.0073270047	-0.0422171104	0.0473698181	-0.0027130321	-0.0447965146	0.0452024033	0.0019221591	-0.0470255659	0.0426814612	0.0479887726	-0.048479226	0.0295397833	0.0399144934	-0.0034998264	-0.0551750598	-0.0393948355	-0.0293084851	-0.0019330356	0.0292416226	-1.69777460498138	-1.04774432719829	0.448081059024295	0.592443852028073
-0.124699	0.030273	0.277872	-0.00361209	-0.00145818	-0.000929342	0.002028	-0.0169247	-3.2000000000032e-05	-0.00014502	0.00015317	-0.000215581	0.04467325	-0.0250562833	-0.0284582593	0.0522648503	-0.021511476	-0.0316980113	0.0518175273	-0.0178440444	-0.0347570714	0.0510748227	-0.0140748942	-0.0376180017	0.0500409704	-0.0102255113	-0.0402644936	0.0487218636	-0.0063178387	-0.0426814612	0.0471250218	-0.0023741518	-0.0448551266	0.0452595478	-0.0403218711	-0.006656691	0.0182327409	0.0035727619	-0.0467830873	0.0231627626	0.0259580875	-0.0472264551	-0.0158374944	-0.0086087392	-0.419369628460136	-1.02330243642367	0.448081059024295	0.592443852028073
-0.10651	0.0656471	0.271079	-0.00382473	-0.00190966	-0.00071376	0.018189	0.0353741	-0.00679299999999994	-0.00021264	-0.000451480000000001	0.000215582	0.1043412	-0.0252547177	-0.0280773158	0.0523116647	-0.0223332702	-0.0307900166	0.0520043348	-0.0193244083	-0.0333822024	0.051493455	-0.0162399088	-0.0358437271	0.0507810249	-0.0130918447	-0.038164956	0.0498698332	-0.009892538	-0.0403368038	0.0487634462	-0.0066545109	-0.0423507695	0.0474661945	0.0386423985	0.0546246568	-0.0551522949	-0.0819272392	-0.0025090581	0.0175721075	-0.0366850168	0.0443441643	0.0097061441	-0.0115418176	-1.50635488232216	-0.993325758540784	0.448081059024295	0.592443852028073
-0.106584	0.0688121	0.288528	-0.003681	-0.00170203	-0.00071376	-7.40000000000046e-05	0.00316500000000002	0.017449	0.00014373	0.00020763	0	0.038256	-0.0254526818	-0.0276942808	0.0523497117	-0.0231484102	-0.0298676878	0.05215628	-0.02078714	-0.0319675512	0.0518344232	-0.0183746853	-0.0339887004	0.0513849338	-0.0159169864	-0.0359261587	0.0508089184	-0.0134200948	-0.0377751555	0.0501077956	-0.0108901587	-0.039531138	0.0492832916	0.0274047149	-0.0535762931	-0.0415528401	0.0730530932	0.000137628	-0.06685072	0.0204954196	0.0309747952	0.0393718271	0.0273896998	0.35393360026037	-1.01416535269534	0.448081059024295	0.592443852028073
-0.11917	0.0590097	0.286368	-0.00313479	-0.00190966	-0.000713761	-0.012586	-0.00980240000000001	-0.00216000000000005	0.00054621	-0.00020763	-1.00000000001575e-09	0.06224045	-0.0256501718	-0.0273091829	0.0523789848	-0.0239566531	-0.0289314543	0.0522732612	-0.0222309049	-0.0305148036	0.0520972133	-0.020475249	-0.0320571007	0.0518510778	-0.0186920473	-0.0335562706	0.051535186	-0.0168836987	-0.0350102966	0.0511499628	-0.0150526362	-0.0364172225	0.0506959264	-0.0528806621	-0.0140996101	0.0501605311	-0.0148593369	-0.000485327	0.0192360911	0.0311204166	-0.0601184548	0.0185282697	0.0131379783	0.675614728504318	-1.08012773422857	0.448081059024295	0.592443852028073
-0.10651	0.0517056	0.265002	-0.00218905	-0.00190966	-0.000713761	0.01266	-0.00730409999999999	-0.0213659999999999	0.00094574	0	0	0.0886171	-0.0258471843	-0.0269220508	0.0523994793	-0.024757758	-0.027981752	0.0523552	-0.0236543856	-0.029025691	0.0522814288	-0.0225376886	-0.0300532798	0.0521782074	-0.0214082961	-0.0310639394	0.0520455938	-0.0202668442	-0.0320571007	0.0518836628	-0.0191139759	-0.0330322041	0.0516925056	0.0335726014	0.0395398839	0.0201579795	-0.0447446153	0.0007211778	0.0108952355	-0.0565588296	-0.014402008	-0.0272085346	-0.0267420808	0.848843221323313	-0.994465799092831	0.448081059024295	0.592443852028073
-0.123385	0.0402576	0.299058	-0.00338738	-0.00190966	-0.000934733	-0.016875	-0.011448	0.034056	-0.00119833	0	-0.000220972	0.1333441	-0.0260437153	-0.0265329132	0.0524111916	-0.0255514863	-0.0270190229	0.0524020413	-0.0250562833	-0.0275019879	0.0523867919	-0.024558164	-0.027981752	0.0523654453	-0.0240571864	-0.0284582593	0.0523380039	-0.0235534089	-0.0289314543	0.052304471	-0.0230468899	-0.029401282	0.0522648503	-0.0042344189	-0.0243741951	-0.0526030968	6.40313e-05	-0.0175447103	-0.020391079	0.0215057168	0.031692118	-0.0024109158	-0.0254845649	-0.162395354268218	-1.15552856459605	0.448081059024295	0.592443852028073
-0.124797	0.0619261	0.293772	-0.00340945	-0.00190966	-0.000940486	-0.00141200000000001	0.0216685	-0.00528600000000001	-2.20699999999999e-05	0	-5.75300000000005e-06	0.02975765	-0.0262397614	-0.0261417992	0.0524141198	-0.0263376015	-0.0260437153	0.0524137538	-0.0264353189	-0.0259455102	0.0524131437	-0.0265329132	-0.0258471843	0.0524122897	-0.026630384	-0.025748738	0.0524111916	-0.0267277308	-0.0256501718	0.0524098495	-0.0268249532	-0.0255514863	0.0524082634	-0.0096366637	0.0422020703	-0.0063669082	0.0044602024	0.0073908501	0.0352865517	0.0019870962	0.0401318008	0.0569676091	0.0026299037	-0.193873763628911	-1.22590871483746	0.448081059024295	0.592443852028073
-0.128273	0.0448925	0.292206	-0.00279335	-0.00210116	-0.000713761	-0.00347599999999999	-0.0170336	-0.00156599999999996	0.0006161	-0.0001915	0.000226725	0.0737918499999999	-0.0264353189	-0.025748738	0.0524082634	-0.0271158693	-0.0250562833	0.0523903296	-0.027790234	-0.0243581127	0.0523604445	-0.0284582593	-0.0236543856	0.0523186149	-0.0291197926	-0.0229452624	0.0522648503	-0.029774683	-0.0222309049	0.052199163	-0.0304227813	-0.021511476	0.052121568	0.0404956046	-0.0567421355	0.0238482506	0.0081960653	-0.051907381	-0.0656722807	-0.029254629	-0.0153589877	0.0570151279	-0.039520105	-0.839796708609962	-1.19954816663375	0.448081059024295	0.592443852028073
-0.128271	0.0403554	0.299021	-0.00373607	-0.00209543	-0.000958391	2.000000000002e-06	-0.0045371	0.00681499999999996	-0.00094272	5.7299999999998e-06	-0.00024463	0.0710081	-0.026630384	-0.0253537587	0.0523936235	-0.0278860579	-0.0240571864	0.0523317845	-0.0291197926	-0.0227416872	0.0522287737	-0.0303306173	-0.0214082961	0.0520846721	-0.0315175794	-0.020058062	0.051899593	-0.0326797453	-0.0186920473	0.051673682	-0.0338162004	-0.0173113266	0.0514071169	-0.0535095004	-0.0107618064	0.000803077	-0.0370299531	-0.0648057201	0.0326023518	0.0560931412	-0.0283934786	0.0353670151	-0.0826484103	-0.422424549898141	-1.20389024962423	0.448081059024295	0.592443852028073
-0.116926	0.0446489	0.273282	-0.00350371	-0.00228353	-0.000477101	0.011345	0.00429350000000001	-0.025739	0.00023236	-0.0001881	0.00048129	0.086465	-0.0268249532	-0.0249568909	0.0523702023	-0.0286479378	-0.0230468899	0.0522381577	-0.0304227813	-0.02109816	0.05201833	-0.032146501	-0.0191139759	0.0517110885	-0.0338162004	-0.0170976719	0.0513169495	-0.0354290736	-0.0150526362	0.0508365754	-0.0369824104	-0.0129823055	0.0502707735	0.0396267161	0.0582525747	-0.0402968929	-0.0720343393	0.0157395381	0.0199831402	-0.0376426143	0.054946989	-0.0124719233	-0.0147813373	-3.62312958020479	-1.18871661178671	0.448081059024295	0.592443852028073
-0.109356	0.0537798	0.271105	-0.00369637	-0.00231147	-0.000275309	0.00757000000000001	0.0091309	-0.00217699999999998	-0.00019266	-2.79399999999997e-05	0.000201792	0.0399975	-0.0270190229	-0.024558164	0.0523380039	-0.029401282	-0.0220258641	0.052109512	-0.0316980113	-0.0194294898	0.0517294306	-0.0339025293	-0.016776594	0.0511988656	-0.036008423	-0.0140748942	0.0505193604	-0.0380095663	-0.0113322499	0.0496928916	-0.0399001378	-0.0085566393	0.0487218636	0.0106732838	-0.038799601	-0.0258370029	0.0764519493	0.0179752303	-0.0556965751	0.0368250197	0.0385460226	0.0101257468	0.0604115619	0.091302041279356	-1.17410120834504	0.448081059024295	0.592443852028073
-0.106649	0.0505915	0.270545	-0.00335633	-0.00253887	-0.000159007	0.00270699999999999	-0.0031883	-0.00056000000000006	0.00034004	-0.0002274	0.000116302	0.0406424	-0.0272125894	-0.0241576078	0.0522970337	-0.0301458661	-0.0209945843	0.0519459335	-0.032944319	-0.017737665	0.0513625114	-0.0355954325	-0.0144014162	0.0505493769	-0.0380873499	-0.0110007588	0.0495101664	-0.0404089261	-0.0075509019	0.0482495277	-0.0425497785	-0.0040672745	0.046773099	-0.0264986058	0.009418861	0.0443517286	0.0134954382	-0.0222967101	0.0205791953	-0.0003601405	-0.0537162672	-0.0151735205	0.0322180666	-0.253562964785494	-1.06918685822942	0.448081059024295	0.592443852028073
-0.103892	0.0448513	0.228137	-0.00287521	-0.00245253	-0.000281781	0.002757	-0.0057402	-0.042408	0.00048112	8.63399999999999e-05	-0.000122774	0.0854168999999999	-0.0274056492	-0.0237552522	0.0522472985	-0.0308814681	-0.0199535306	0.051747532	-0.0341605674	-0.0160247019	0.0509181258	-0.0372220587	-0.0119937935	0.0497643635	-0.0400464398	-0.0078864829	0.0482935946	-0.042615719	-0.0037289341	0.0465151882	-0.0449135297	0.0004523686	0.044440473	0.0548292693	-0.0042653423	0.0115018789	-0.0431883387	-0.0184144512	-0.0281221512	-0.051267321	-0.0114336786	-0.0600869042	-0.015150466	0.590508494546786	-1.14472397650179	0.448081059024295	0.592443852028073
-0.103855	0.0380487	0.261207	-0.00357984	-0.0026987	5.8548e-05	3.70000000000231e-05	-0.00680260000000001	0.03307	-0.00070463	-0.00024617	0.000340329	0.10446605	-0.0275981986	-0.023351127	0.0521888067	-0.0316078689	-0.0189031876	0.0515144404	-0.0353456466	-0.0142926419	0.0503969439	-0.0387793789	-0.0095591501	0.0488459301	-0.0418795288	-0.00474343	0.0468747407	-0.0446194286	0.0001130935	0.0445003321	-0.0469755095	0.004968644	0.0417431291	-0.025892131	-0.026871567	-0.0321407988	-0.0026740449	-0.0400894993	-0.012556348	0.0609066217	0.0301063516	-0.0134341578	-0.0109483708	0.829302652193937	-1.2870454463541	0.448081059024295	0.592443852028073
-0.103913	0.0657749	0.262878	-0.00341874	-0.00253887	-5.18396e-05	-5.80000000000164e-05	0.0277262	0.00167099999999998	0.0001611	0.00015983	-0.0001103876	0.05102108	-0.027790234	-0.0229452624	0.052121568	-0.0323248521	-0.0178440444	0.051246815	-0.0364984753	-0.0125435491	0.0497997519	-0.0402644936	-0.007102971	0.0477965391	-0.0435808493	-0.0015830688	0.0452595478	-0.0464105063	0.0039545126	0.0422171104	-0.0487218636	0.0094479311	0.0387032042	-0.0031655232	0.0523140992	-0.0143176828	-0.0262844922	0.0139267315	0.040895554	0.0043262966	0.0457495067	0.0376982811	0.0216316975	-0.089977725390147	-1.31064311018859	0.448081059024295	0.592443852028073
-0.0939869	0.0445952	0.269924	-0.00364151	-0.00253887	-4.0834e-05	0.00992610000000001	-0.0211797	0.007046	-0.00022277	0	1.10056e-05	0.04984058	-0.027981752	-0.0225376886	0.0520455938	-0.0330322041	-0.016776594	0.0509448353	-0.0376180017	-0.0107795079	0.0491274505	-0.0416746376	-0.0046307895	0.0466190039	-0.0451450484	0.0015830688	0.0434547811	-0.0479804167	0.0077746586	0.0396792925	-0.0501408583	0.0138568845	0.0353456466	0.0526823074	-0.0502443948	0.0117732502	0.0280562276	-0.0544400646	-0.0622092294	-0.0283775162	-0.0172620953	0.0497135001	-0.01923316	0.631784817359466	-1.004429228769	0.448081059024295	0.592443852028073
-0.0932281	0.0448184	0.266986	-0.00297649	-0.00253887	3.5785e-05	0.00075879999999999	0.0002232	-0.002938	0.00066502	0	7.6619e-05	0.04100195	-0.0281727488	-0.022128436	0.0519608967	-0.033729714	-0.0157013334	0.0506087036	-0.0387032042	-0.0090026205	0.0483810535	-0.0430071852	-0.0021481754	0.0453164815	-0.0465672044	0.00474343	0.0414680002	-0.0493216787	0.0115529809	0.0369021828	-0.0512229596	0.0181626821	0.0316980113	-0.0532205529	-0.0336374794	0.0046313796	-0.0529181134	-0.0451094363	0.0026276773	0.0496870413	-0.0533027032	0.018819093	-0.0550176361	0.232025379719186	-0.783204166457764	0.448081059024295	0.592443852028073
-0.10344	0.0447143	0.274498	-0.00334531	-0.00253887	5.77045e-05	-0.0102119	-0.000104099999999996	0.00751200000000002	-0.00036882	0	2.19195e-05	0.037364975	-0.028363221	-0.0217175351	0.051867491	-0.0344171741	-0.0146187631	0.0502386454	-0.0397530928	-0.0072150046	0.0475616869	-0.0442596553	0.0003392783	0.0438924641	-0.0478428428	0.0078864829	0.0393075269	-0.0504279004	0.0152691543	0.0339025293	-0.0519608967	0.0223332702	0.027790234	-0.0315830472	0.0409529896	-0.0453221006	0.009686131	-0.0606065143	0.0543078788	-0.0012388233	0.0299889297	0.003294137	-0.0425822626	0.526917291876825	-0.989607597882903	0.448081059024295	0.592443852028073
-0.085876	0.0516929	0.262012	-0.00325056	-0.00253887	0.000375718	0.017564	0.00697859999999999	-0.0124860000000001	9.47500000000002e-05	0	0.0003180135	0.057666775	-0.028553165	-0.0213050164	0.0517653924	-0.0350943796	-0.0135293872	0.0498349085	-0.0407667093	-0.0054187904	0.0466705863	-0.0454297158	0.0028259676	0.0423507695	-0.0489679499	0.0110007588	0.0369824104	-0.0512938101	0.0189031876	0.0306984217	-0.0523497117	0.0263376015	0.0236543856	0.0212377956	0.0602281027	-0.0197292142	-0.002132153	0.0229242924	0.0286912869	-0.0147805094	0.0535024933	-0.0002992878	0.0389833141	0.132591638306045	-1.0410634688214	0.448081059024295	-1.68540061352814
-0.105493	0.0447726	0.2527	-0.00325317	-0.00243899	0.000375718	-0.019617	-0.0069203	-0.00931199999999999	-2.61000000000011e-06	9.98800000000001e-05	0	0.0409738000000001	-0.0287425773	-0.0208909108	0.0516546178	-0.0357611286	-0.0124337127	0.0493977639	-0.0417431291	-0.0036161185	0.0457090957	-0.0465151882	0.0053062903	0.040695531	-0.0499389857	0.0140748942	0.0345023898	-0.0519152815	0.0224355316	0.0273091829	-0.0523867919	0.0301458661	0.0193244083	0.0628445722	-0.0202771553	0.020535339	0.0042540842	0.0262879901	-0.0540154444	-0.0383790959	-0.001244122	0.0144742091	0.0580334167	-0.026406897095176	-1.06357985826954	0.448081059024295	-1.68540061352814
-0.103696	0.0525287	0.249215	-0.00253121	-0.00253887	9.90049e-05	0.00179699999999999	0.00775609999999999	-0.00348499999999996	0.00072196	-9.98800000000001e-05	-0.0002767131	0.067965755	-0.0289314543	-0.020475249	0.051535186	-0.0364172225	-0.0113322499	0.0489275043	-0.0426814612	-0.0018091373	0.0446786654	-0.0475140513	0.0077746586	0.0389311863	-0.050752895	0.0170976719	0.0318778528	-0.052289353	0.0258471843	0.0237552522	-0.0520718884	0.033729714	0.0148358378	0.0279209472	-0.0642355432	0.0426837437	0.0230528646	-0.0024510135	-0.0676996775	0.0032276779	-0.0403040605	-0.0240402702	0.0023095486	-0.785800910452684	-0.877996311473037	0.448081059024295	0.592443852028073
-0.103778	0.0448354	0.245225	-0.00300827	-0.0022307	0.000178441	-8.19999999999849e-05	-0.00769329999999999	-0.00399000000000002	-0.00047706	0.00030817	7.94361e-05	0.054998605	-0.0291197926	-0.020058062	0.0514071169	-0.0370624658	-0.0102255113	0.0484244452	-0.0435808493	0	0.0435808493	-0.0484244452	0.0102255113	0.0370624658	-0.0514071169	0.020058062	0.0291197926	-0.0524142418	0.0291197926	0.020058062	-0.0514071169	0.0370624658	0.0102255113	-0.031149799	-0.0463903969	-0.010370895	0.0152249249	-0.0095787958	-0.0237932741	0.0330626024	-0.0388296829	-0.0490305808	-0.0357279241	-3.25305375471011	-0.841908491482463	0.448081059024295	0.592443852028073
-0.103781	0.0480164	0.231448	-0.00303283	-0.00237403	0.000183175	-3.000000000003e-06	0.003181	-0.013777	-2.45599999999999e-05	-0.00014333	4.734e-06	0.0255922	-0.0293075885	-0.0196393809	0.0512704319	-0.0376966663	-0.0091140124	0.0478889238	-0.044440473	0.0018091373	0.0424173034	-0.049244675	0.0126533271	0.0350943796	-0.051899593	0.0229452624	0.0262397614	-0.052289353	0.0322357516	0.0162399088	-0.0503969439	0.0401193113	0.0055312652	-0.0454443917	0.0145574948	-0.0548516755	-0.0114816875	0.0054312543	0.0435998498	0.0383588855	0.0294480141	-0.0020356225	-0.0364328585	-2.16010498302882	-0.879040471568598	0.448081059024295	0.592443852028073
-0.108444	0.0589585	0.227353	-0.00278749	-0.00227054	9.38365e-05	-0.004663	0.0109421	-0.00409499999999999	0.00024534	0.00010349	-8.93385e-05	0.041608525	-0.0294948387	-0.0192192368	0.0511251541	-0.038319635	-0.0079982704	0.047321299	-0.0452595478	0.0036161185	0.0411897824	-0.0499732133	0.0150526362	0.0330322041	-0.0522287737	0.025748738	0.0232498227	-0.0519152815	0.0351782991	0.0123238185	-0.0490481569	0.0428774942	0.0007916247	-0.0325040993	0.0259272929	-0.0438086055	0.0331385734	0.0369138193	0.0506921204	0.0344476669	0.0303238377	0.0230225264	0.0093472785	-2.08216003317789	-0.737753908323458	0.448081059024295	0.592443852028073
-0.103778	0.0448037	0.243945	-0.00301147	-0.00238844	0.000375718	0.004666	-0.0141548	0.016592	-0.00022398	-0.0001179	0.0002818815	0.066600875	-0.0296815396	-0.0187976612	0.0509713076	-0.0389311863	-0.006878805	0.0467219514	-0.0460373263	0.0054187904	0.0399001378	-0.0506087036	0.0174180334	0.0308814681	-0.0523936235	0.0284582593	0.0201625	-0.0512938101	0.0379316059	0.0083334077	-0.0473698181	0.0453164815	-0.0039545126	-0.0345696464	0.0134793472	0.0380554401	0.0242416519	0.043589017	0.0337960539	0.0016609502	-0.0334791712	0.0372101064	0.0392651904	0.278549338902586	-1.14803212031567	0.448081059024295	0.592443852028073
-0.114028	0.0449215	0.238317	-0.00244705	-0.00255144	7.19149e-05	-0.01025	0.000117800000000001	-0.00562799999999999	0.00056442	-0.000163	-0.0003038031	0.067556955	-0.0298676878	-0.0183746853	0.0508089184	-0.039531138	-0.0057561371	0.0460912827	-0.046773099	0.0072150046	0.0385503146	-0.0511499628	0.0197441895	0.0286479378	-0.0523936235	0.0310639394	0.0169907249	-0.0504279004	0.0404808604	0.004292741	-0.0453732043	0.0474181167	-0.0086681957	-0.0386241862	-0.013998477	0.0340875204	0.0221567203	-0.0092584778	0.0229538712	-0.015814161	-0.0677235353	0.0127500957	-0.0105291013	-2.34174562309778	-1.01047478477473	0.448081059024295	0.592443852028073
-0.114514	0.0471393	0.235701	-0.00271259	-0.00236749	0.000139258	-0.000486000000000014	0.00221780000000001	-0.00261599999999998	-0.00026554	0.00018395	6.73431e-05	0.031161455	-0.0300532798	-0.0179503407	0.0506380137	-0.0401193113	-0.0046307895	0.0454297158	-0.0474661945	0.0090026205	0.0371423487	-0.0515959829	0.0220258641	0.0263376015	-0.0522287737	0.0335562706	0.0137477825	-0.0493216787	0.042812349	0.0002261864	-0.0430717306	0.0491667543	-0.0133107399	-0.0477516408	0.0023836571	-0.0054383415	-0.0245989405	-0.0011483956	0.0373432319	-0.0139154854	-0.0375743542	-0.0249021241	-0.0381034926	1.0772393475642	-0.835561163031627	0.448081059024295	0.592443852028073
-0.108197	0.0449832	0.227637	-0.00228805	-0.00256651	0.000375718	0.006317	-0.0021561	-0.00806400000000004	0.00042454	-0.00019902	0.00023646	0.0595381	-0.0302383121	-0.017524659	0.050458622	-0.040695531	-0.0035032861	0.0447376941	-0.0481159803	0.0107795079	0.0356783636	-0.0519459335	0.0242579167	0.0239566531	-0.051899593	0.0359261587	0.0104472564	-0.0479804167	0.0449135297	-0.0038417323	-0.0404808604	0.0505493769	-0.0178440444	-0.0409653857	0.0225687875	-0.0532558929	-0.013288565	0.0179116756	0.0561497692	0.0060492956	0.0147344126	-0.0147366852	-0.0336474435	-0.205829817316659	-0.83421666516354	0.448081059024295	-1.68540061352814
-0.114293	0.0607018	0.227602	-0.00222636	-0.00220973	0.000151038	-0.006096	0.0157186	-3.49999999999795e-05	6.16899999999997e-05	0.00035678	-0.00022468	0.0540071	-0.0304227813	-0.0170976719	0.0502707735	-0.0412596253	-0.0023741518	0.0440156816	-0.0487218636	0.0125435491	0.0341605674	-0.052199163	0.0264353189	0.021511476	-0.0514071169	0.038164956	0.007102971	-0.0464105063	0.046773099	-0.0078864829	-0.0376180017	0.0515556917	-0.0222309049	-0.0302872556	0.0498577347	-0.0315985445	-0.0014529996	0.0485988924	0.0563556188	0.0123437342	0.0316347823	0.0185765283	0.0187062616	0.406717123105698	-0.863653528768268	0.448081059024295	-1.68540061352814
-0.116081	0.0418834	0.227582	-0.00258427	-0.00222145	0.000375718	-0.00178799999999998	-0.0188184	-1.99999999999922e-05	-0.00035791	-1.17199999999998e-05	0.00022468	0.0503419	-0.0306066839	-0.0166694112	0.0500744995	-0.0418114263	-0.0012439122	0.0432641622	-0.0492832916	0.0142926419	0.0325912492	-0.0523552	0.028553165	0.019008626	-0.050752895	0.0402644936	0.0037289341	-0.0446194286	0.0483810535	-0.0118836729	-0.0345023898	0.0521782074	-0.0264353189	-0.0113682254	0.0298018516	0.0449070885	-0.002219544	0.0411041177	0.0336059757	-0.0258203168	-0.0272763805	0.0399732224	0.0468896263	-0.647011285421067	-0.976943477942186	0.448081059024295	0.592443852028073
-0.114375	0.045014	0.214432	-0.00205824	-0.00265091	0.000375718	0.00170599999999999	0.0031306	-0.01315	0.00052603	-0.00042946	0	0.0657611	-0.0307900166	-0.0162399088	0.0498698332	-0.0423507695	-0.0001130935	0.0424836398	-0.0497997519	0.0160247019	0.0309727759	-0.0524137538	0.0306066839	0.0164548132	-0.0499389857	0.0422171104	0.0003392783	-0.042615719	0.0497287433	-0.0158091967	-0.0311549584	0.0524122897	-0.0304227813	0.0158894754	0.0297174224	0.0471724004	0.005391894	-0.0316333195	0.0181398434	-0.0632320887	-0.0303436329	-0.0008008793	-0.0058985595	-3.89281283385116	-1.08212621815792	0.448081059024295	0.592443852028073
-0.118112	0.0403757	0.194368	-0.0024415	-0.00270973	0.000163671	-0.00373699999999999	-0.0046383	-0.020064	-0.00038326	-5.88200000000002e-05	-0.000212047	0.06114565	-0.0309727759	-0.0158091967	0.0496568086	-0.0428774942	0.0010177779	0.0416746376	-0.0502707735	0.017737665	0.0293075885	-0.0523747155	0.0325912492	0.0138568845	-0.0489679499	0.0440156816	-0.0030517987	-0.0404089261	0.0508089184	-0.0196393809	-0.0275981986	0.052256196	-0.0341605674	0.0370215784	0.0169252403	-0.0260017776	0.0110152578	-0.0427341365	-0.0199425097	-0.0311721568	0.0295929619	-0.0029082095	-0.0537304529	-3.80739542762104	-1.15146529928938	0.448081059024295	0.592443852028073
-0.103754	0.0449619	0.207811	-0.00227367	-0.00255969	0.000375718	0.014358	0.00458620000000001	0.013443	0.00016783	0.00015004	0.000212047	0.05888305	-0.0311549584	-0.015377307	0.0494354616	-0.0433914434	0.0021481754	0.0408376979	-0.0506959264	0.0194294898	0.0275981986	-0.0522381577	0.0345023898	0.0112218049	-0.0478428428	0.0456536443	-0.0064300929	-0.0380095663	0.0516157682	-0.023351127	-0.0238560081	0.0517110885	-0.0376180017	0.0494117786	0.0240781232	-0.0348380062	0.0280866871	0.0085775209	-0.0280465555	-0.0097204443	0.0739197761	-0.0007529888	0.0100971811	-0.174039618278077	-1.14375486865159	0.448081059024295	0.592443852028073
-0.103754	0.0622987	0.215793	-0.00229398	-0.00255969	0.000375718	0	0.0173368	0.00798199999999996	-2.03099999999999e-05	0	0	0.0263343	-0.0313365607	-0.0149442718	0.0492058292	-0.0438924641	0.0032775729	0.0399733818	-0.0510748227	0.02109816	0.0258471843	-0.0520043348	0.0363358002	0.0085566393	-0.0465672044	0.0471250218	-0.0097814541	-0.0354290736	0.0521449521	-0.0269220508	-0.0199535306	0.0507810249	-0.0407667093	0.037394881	-0.0185886248	-0.0014991847	-0.0171567083	0.0270592891	-0.0551458932	0.0069571595	0.0154652332	0.0287613839	0.0305280733	-0.693162331801607	-1.0512867060209	0.448081059024295	0.592443852028073
-0.103708	0.0545759	0.212835	-0.0023042	-0.00272553	0.000375718	4.60000000000044e-05	-0.00772279999999999	-0.00295799999999999	-1.02199999999996e-05	-0.00016584	0	0.0195298	-0.0315175794	-0.0145101234	0.0489679499	-0.0443804069	0.0044054445	0.0390822688	-0.0514071169	0.0227416872	0.0240571864	-0.051673682	0.0380873499	0.0058685331	-0.0451450484	0.0484244452	-0.0130918447	-0.0326797453	0.0523936235	-0.0303306173	-0.0159169864	0.0494729291	-0.0435808493	0.0455951427	-0.0189578093	0.0605816413	-0.0111420906	-0.0216246004	-0.0498934172	-0.0300003782	-0.0285074967	0.0027486034	0.0350920613	-2.20515149132274	-0.938052686614075	0.448081059024295	0.592443852028073
-0.103679	0.0491769	0.212854	-0.00221338	-0.00283727	0.000375718	2.90000000000013e-05	-0.005399	1.89999999999912e-05	9.08199999999997e-05	-0.00011174	0	0.015575	-0.0316980113	-0.0140748942	0.0487218636	-0.0448551266	0.0055312652	0.038164956	-0.0516925056	0.0243581127	0.0222309049	-0.051246815	0.0397530928	0.0031646932	-0.0435808493	0.0495471731	-0.016347399	-0.029774683	0.0523604445	-0.0335562706	-0.0117734969	0.0477965391	-0.0460373263	0.0161435825	-0.0691631779	-0.0021098502	0.0088738624	-0.0192510359	-0.0691082924	0.0068794003	-0.0259947484	-0.0432637179	-0.038312252	-1.14011252635226	-1.10262676982926	0.448081059024295	0.592443852028073
-0.111729	0.0544415	0.185405	-0.00160861	-0.00246663	0.000375718	-0.00805	0.00526459999999999	-0.027449	0.00060477	0.00037064	0	0.0895341	-0.0318778528	-0.0136386166	0.0484676115	-0.0453164815	0.0066545109	0.0372220587	-0.0519307284	0.0259455102	0.020371094	-0.0507245288	0.0413292761	0.0004523686	-0.0418795288	0.0504891087	-0.0195344808	-0.0267277308	0.0520455938	-0.0365795581	-0.0075509019	0.0457643343	-0.0481159803	-0.0176658031	0.0309620689	-0.0436483103	0.0394649588	-0.0312706229	0.0256627944	0.0414780308	0.0583628565	-0.0470327115	-0.0156488268	0.166670250099268	-0.763257903083893	0.448081059024295	-1.68540061352814
-0.116269	0.0608029	0.207456	-0.00176323	-0.00245816	0.000375718	-0.00454000000000002	0.0063614	0.022051	-0.00015462	8.47000000000001e-06	0	0.0411069	-0.0320571007	-0.013201323	0.0482052363	-0.0457643343	0.0077746586	0.0362542087	-0.052121568	0.0275019879	0.0184805588	-0.0501077956	0.042812349	-0.0022611689	-0.0400464398	0.051246815	-0.0226397406	-0.0235534089	0.051450765	-0.0393822474	-0.0032775729	0.0433914434	-0.0497997519	0.0493990353	-0.0341728583	-0.0136153928	0.0559399262	-0.0130746424	-0.0573571202	0.0109080552	0.0567206974	0.0353698197	0.0185309761	0.234823769253899	-1.03171597643169	0.448081059024295	-1.68540061352814
-0.115407	0.0530503	0.214299	-0.00156817	-0.00246606	0.000375718	0.000862000000000016	-0.0077526	0.00684299999999999	0.00019506	-7.89999999999992e-06	0	0.0256056	-0.0322357516	-0.0127630461	0.0479347819	-0.0461985516	0.0088911868	0.0352620549	-0.0522648503	0.029025691	0.0165621507	-0.0493977639	0.0441989703	-0.004968644	-0.0380873499	0.0518175273	-0.0256501718	-0.0202668442	0.050579158	-0.0419474363	0.0010177779	0.040695531	-0.0510748227	-0.0586987136	-0.0116001843	0.0364965205	-0.0605570255	-0.0104490551	0.0224444441	0.0526369061	-0.0571541171	0.0607826792	-0.0136356108	0.93997502233303	-1.26428908919719	0.448081059024295	0.592443852028073
-0.120199	0.0451601	0.182461	-0.00131446	-0.00225558	8.70701e-05	-0.004792	-0.0078902	-0.031838	0.00025371	0.00021048	-0.0002886479	0.082162095	-0.0324138022	-0.0123238185	0.0476562936	-0.0466190039	0.0100035758	0.0342462625	-0.0523604445	0.0305148036	0.0146187631	-0.0485957556	0.0454860159	-0.0076627981	-0.036008423	0.052199163	-0.028553165	-0.0168836987	0.0494354616	-0.0442596553	0.0053062903	0.0376966663	-0.0519307284	0.0412514562	0.0136501556	0.0640700282	-0.0345908382	-0.0230733717	0.0018548355	-0.0578393565	-0.0311602094	-0.0094733336	-0.0074055302	-0.427600875956395	-0.9836721402684	0.448081059024295	0.592443852028073
-0.122105	0.0623635	0.187774	-0.00122699	-0.0018263	8.01854e-05	-0.00190599999999999	0.0172034	0.00531300000000001	8.74699999999999e-05	0.00042928	-6.8847e-06	0.050604135	-0.0325912492	-0.0118836729	0.0473698181	-0.0470255659	0.0111113077	0.0332075124	-0.0524082634	0.0319675512	0.0126533271	-0.0477032642	0.0466705863	-0.0103364079	-0.0338162004	0.0523903296	-0.0313365607	-0.0134200948	0.0480258282	-0.0463049601	0.0095591501	0.0344171741	-0.0523604445	-0.022850926	-0.0282734364	-0.0254776913	-0.0326533667	-0.0159231726	-0.0043368243	0.0245414788	-0.0024973975	-0.0326169056	-0.0354189676	0.631795004546961	-1.01759975368662	0.448081059024295	0.592443852028073
-0.122077	0.0719249	0.168447	-0.00075267	-0.00195189	0.000101966	2.79999999999864e-05	0.00956139999999998	-0.019327	0.00047432	-0.00012559	2.17806e-05	0.06000093	-0.0327680892	-0.011442642	0.0470754035	-0.0474181167	0.0122138669	0.032146501	-0.0524082634	0.0333822024	0.0106688069	-0.0467219514	0.0477500128	-0.0129823055	-0.0315175794	0.0523903296	-0.0339887004	-0.009892538	0.0463578411	-0.0480710162	0.0137477825	0.0308814681	-0.0523604445	0.0246691291	0.0530267094	-0.0296921069	-0.0354457884	0.0601057376	0.0303901877	-0.0114353655	0.0521526655	-0.0362742202	0.0293676536	-0.941050560855609	-0.619850164447474	0.448081059024295	0.592443852028073
-0.122043	0.0871535	0.187053	-0.00124579	-0.00203579	0.000179356	3.39999999999924e-05	0.0152286	0.018606	-0.000493120000000001	-8.39e-05	7.739e-05	0.0665891	-0.032944319	-0.0110007588	0.046773099	-0.0477965391	0.0133107399	0.0310639394	-0.0523604445	0.0347570714	0.0086681957	-0.0456536443	0.0487218636	-0.015593397	-0.0291197926	0.052199163	-0.0364984753	-0.0063178387	0.044440473	-0.0495471731	0.0178440444	0.0271158693	-0.0519307284	0.0055110465	-0.0588890222	-0.0186487015	0.0403002313	0.0401452705	-0.0512367263	0.0283452169	0.0199146207	0.0203657606	0.0189053713	0.222371630405391	-0.530954017560449	0.448081059024295	0.592443852028073
-0.124455	0.0703514	0.18896	-0.00122056	-0.00228124	1.88688e-05	-0.00241199999999998	-0.0168021	0.00190699999999999	2.523e-05	-0.00024545	-0.0001604872	0.04267946	-0.0331199354	-0.0105580562	0.0464629554	-0.0481607204	0.0144014162	0.0299605535	-0.0522648503	0.0360905197	0.0066545109	-0.0445003321	0.0495839492	-0.0181626821	-0.026630384	0.0518175273	-0.0388553731	-0.0027130321	0.0422840384	-0.0507245288	0.0218204132	0.0231484102	-0.0510748227	-0.0529471102	0.0238831441	0.0765420855	0.0183851895	0.0018573771	0.0636644341	0.0050545335	-0.0596582147	0.0288057274	0.0411904099	0.586652489728463	-0.562924855886526	0.448081059024295	0.592443852028073
-0.122064	0.0662373	0.172882	-0.00114676	-0.00210557	1.56201e-05	0.00239099999999999	-0.0041141	-0.016078	7.38000000000006e-05	0.00017567	-3.2487e-06	0.035219035	-0.0332949349	-0.0101145671	0.0461450246	-0.0485105521	0.015485388	0.0288370829	-0.052121568	0.0373809583	0.0046307895	-0.0432641622	0.0503343274	-0.0206832724	-0.0240571864	0.051246815	-0.0410495216	0.0009047034	0.0399001378	-0.0515959829	0.0256501718	0.019008626	-0.0497997519	0.0683314038	0.0013155949	0.0407442796	-0.0615488219	-0.0289614598	-0.0208636534	-0.0894462569	-0.0378317954	-0.0499953706	0.0060122041	0.671702539803444	-0.479519639754396	0.448081059024295	0.592443852028073
-0.113172	0.0778644	0.181928	-0.000974848	-0.00203579	0.000375718	0.008892	0.0116271	0.00904600000000003	0.000171912	6.97800000000002e-05	0.0003600979	0.059654595	-0.0334693144	-0.0096703246	0.0458193599	-0.0488459301	0.0165621507	0.0276942808	-0.0519307284	0.0386268493	0.0026000839	-0.0419474363	0.0509713076	-0.0231484102	-0.0214082961	0.0504891087	-0.0430717306	0.0045181276	0.0373015953	-0.05215628	0.0293075885	0.0147273348	-0.0481159803	-0.0409154707	-0.0271671622	-0.0099412337	-0.0380007307	0.0033501928	-0.0042683035	0.0495546014	-0.0094141311	-0.050672399	-0.02059159	0.95827244588532	-0.529385105751258	0.448081059024295	0.592443852028073
-0.103504	0.0779242	0.163279	-0.000721357	-0.0017309	0.000375718	0.00966800000000001	5.98000000000126e-05	-0.018649	0.000253491	0.00030489	0	0.05629585	-0.0336430707	-0.0092253617	0.0454860159	-0.0491667543	0.017631203	0.0265329132	-0.0516925056	0.039826708	0.0005654567	-0.0405526062	0.051493455	-0.0255514863	-0.0186920473	0.0495471731	-0.0449135297	0.0081100208	0.0345023898	-0.0524020413	0.0327680892	0.0103364079	-0.0460373263	0.022254559	0.066363649	-0.0403330353	-0.0373535115	0.0324131233	0.0389318263	-0.0261095063	0.0647722711	-0.025708841	0.0040655001	0.866086425321158	-0.599922098053279	0.448081059024295	0.592443852028073
-0.103465	0.0860857	0.17628	-0.00124509	-0.00188572	0.000439887	3.89999999999835e-05	0.0081615	0.013001	-0.000523733	-0.00015482	6.41689999999999e-05	0.0583376	-0.0338162004	-0.0087797117	0.0451450484	-0.0494729291	0.0186920473	0.0253537587	-0.0514071169	0.0409791044	-0.0014700233	-0.0390822688	0.051899593	-0.0278860579	-0.0159169864	0.0484244452	-0.0465672044	0.011663266	0.0315175794	-0.0523317845	0.036008423	0.0058685331	-0.0435808493	0.01420288	-0.0440252943	-0.0190727318	0.0752270892	0.0339000863	-0.0461134557	0.0300067065	0.0425675923	0.0161752287	0.0489774836	-1.39181508536665	-0.574157424183455	0.448081059024295	0.592443852028073
-0.103526	0.0778585	0.18788	-0.000991166	-0.00160089	0.000437697	-6.09999999999777e-05	-0.00822720000000003	0.0116	0.000253924	0.00028483	-2.19e-06	0.0469354	-0.0339887004	-0.0083334077	0.0447965146	-0.0497643635	0.0197441895	0.0241576078	-0.0510748227	0.0420826652	-0.0035032861	-0.0375391619	0.0521888067	-0.0301458661	-0.0130918447	0.0471250218	-0.0480258282	0.0151609305	0.028363221	-0.0519459335	0.0390068183	0.0013569709	-0.0407667093	-0.0229857971	0.0115716835	0.0652042217	0.00106419	-0.0184596568	0.0233330946	-0.004855792	-0.046392837	0.0141333711	0.0145956669	0.144205032050766	-0.393042392770577	0.448081059024295	0.592443852028073
-0.103535	0.063524	0.167451	-0.000727445	-0.00157194	0.000375718	-8.99999999999512e-06	-0.0143345	-0.020429	0.000263721	2.895e-05	-6.19789999999999e-05	0.052505	-0.0341605674	-0.0078864829	0.044440473	-0.0500409704	0.02078714	0.0229452624	-0.0506959264	0.0431360754	-0.0055312652	-0.0359261587	0.0523604445	-0.0323248521	-0.0102255113	0.0456536443	-0.0492832916	0.0185863463	0.0250562833	-0.051246815	0.0417431291	-0.0031646932	-0.0376180017	0.0077005396	-0.0353851708	0.029709057	0.0232220633	0.0086852624	-0.0259033631	-0.0107369244	-0.0261040492	-0.0480164242	-0.0282842194	0.686757350705693	-0.517317050335889	0.448081059024295	0.592443852028073
-0.110733	0.0734871	0.176176	-0.00106372	-0.0018019	0.000190041	-0.00719800000000001	0.00996310000000002	0.00872500000000001	-0.000336275	-0.00022996	-0.000185677	0.0634817	-0.0343317983	-0.0074389706	0.0440769831	-0.0503026675	0.0218204132	0.0217175351	-0.0502707735	0.0441380794	-0.0075509019	-0.0342462625	0.0524141198	-0.0344171741	-0.0073270047	0.0440156816	-0.0503343274	0.0219231897	0.0216145559	-0.0502386454	0.0441989703	-0.0076627981	-0.0341605674	-0.0240601539	0.0183518311	-0.0214168538	0.0361953817	-0.0314316948	0.02391694	0.0197365605	0.0219235057	-0.0369860131	-0.0570349102	0.857913522626009	-0.945650392121901	0.448081059024295	0.592443852028073
-0.105602	0.0777882	0.182998	-0.00105426	-0.00196834	6.69898e-05	0.005131	0.00430109999999997	0.006822	9.45999999999998e-06	-0.00016644	-0.0001230512	0.03120166	-0.0345023898	-0.0069909042	0.043706106	-0.0505493769	0.022843528	0.020475249	-0.0497997519	0.0450874833	-0.0095591501	-0.0325026013	0.0523497117	-0.0364172225	-0.0044054445	0.0422171104	-0.0511745333	0.025155559	0.0180565534	-0.0489275043	0.0463578411	-0.0121038584	-0.0304227813	0.0179869132	0.0031584037	-0.044596314	0.0447750198	0.0328446405	-0.0112235419	0.0168546833	0.0638515797	-0.0177505611	0.006389639	0.693258319840996	-0.38954770857464	0.448081059024295	0.592443852028073
-0.10343	0.0705988	0.188538	-0.00113589	-0.00203579	0.000105226	0.00217200000000001	-0.00718939999999998	0.00554000000000002	-8.16300000000001e-05	-6.74500000000001e-05	3.82362e-05	0.02426721	-0.0346723388	-0.0065423171	0.0433279037	-0.0507810249	0.0238560081	0.0192192368	-0.0492832916	0.0459831556	-0.0115529809	-0.0306984217	0.0521673651	-0.038319635	-0.0014700233	0.0402644936	-0.0518003901	0.0282680507	0.0144014162	-0.047321299	0.0482052363	-0.0164548132	-0.0264353189	-0.0197535851	0.0165011074	-0.0073061767	0.0077032737	0.0496067866	0.0044060924	0.0302299358	0.0124854059	0.034100202	0.0302820268	0.256578662501587	-0.51556418444897	0.448081059024295	0.592443852028073
-0.103435	0.0606474	0.187562	-0.00160586	-0.00203579	0.000375718	-5.000000000005e-06	-0.0099514	-0.000976000000000032	-0.00046997	0	0.000270492	0.0479555	-0.0348416421	-0.0060932427	0.0429424396	-0.0509975427	0.0248573823	0.0179503407	-0.0487218636	0.0468240289	-0.0135293872	-0.0288370829	0.051867491	-0.0401193113	0.0014700233	0.038164956	-0.0522092763	0.0312458323	0.0106688069	-0.0454297158	0.0497287433	-0.0206832724	-0.0222309049	0.0443053147	-0.0360108033	0.0366852792	0.0530619479	-0.0039204358	-0.0443605183	-0.0318930141	-0.012112206	0.0227128641	0.0343569564	-0.397956777750171	-0.598711190965537	0.448081059024295	0.592443852028073
-0.103433	0.0567971	0.182995	-0.00114376	-0.00203579	0.000272545	2.000000000002e-06	-0.0038503	-0.00456699999999999	0.0004621	0	-0.000103173	0.03668295	-0.0350102966	-0.0056437143	0.0425497785	-0.0511988656	0.0258471843	0.0166694112	-0.0481159803	0.047609101	-0.015485388	-0.0269220508	0.051450765	-0.0418114263	0.0044054445	0.0359261587	-0.0523994793	0.0340747132	0.006878805	-0.0432641622	0.0509181258	-0.024757758	-0.0178440444	-0.0583894775	-0.0411990822	0.0409490773	-0.054189088	0.0146915671	0.010233403	0.0459347091	-0.0814435163	-0.0129293494	0.0031938235	0.705767259977356	-0.497667019893683	0.448081059024295	0.592443852028073
-0.0871128	0.0568303	0.173199	-0.000936009	-0.00216207	0.000375718	0.0163202	3.31999999999971e-05	-0.009796	0.000207751	-0.00012628	0.000103173	0.0480096	-0.0351782991	-0.0051937656	0.042149986	-0.0513849338	0.0268249532	0.015377307	-0.0474661945	0.0483374366	-0.0174180334	-0.0249568909	0.0509181258	-0.0433914434	0.0073270047	0.0335562706	-0.0523702023	0.0367412126	0.0030517987	-0.0408376979	0.0517653924	-0.0286479378	-0.0133107399	-0.0075883149	0.0670672877	0.0066634531	-0.0508842691	0.0245292796	0.0587496586	-0.0411546516	-0.0058986524	-0.0563288153	0.0035033907	0.723126536172118	-0.725318963100603	0.448081059024295	0.592443852028073
-0.0871743	0.0568396	0.165912	-0.000910357	-0.00190127	0.000375718	-6.14999999999644e-05	9.29999999999681e-06	-0.00728700000000002	2.56519999999999e-05	0.0002608	0	0.0216804	-0.0353456466	-0.00474343	0.0417431291	-0.0515556917	0.027790234	0.0140748942	-0.046773099	0.0490081675	-0.0193244083	-0.0229452624	0.0502707735	-0.0448551266	0.0102255113	0.0310639394	-0.052121568	0.0392326234	-0.0007916247	-0.038164956	0.0522648503	-0.0323248521	-0.0086681957	0.0287459681	-0.0189616278	-0.0600790957	0.0003359863	0.0333488928	-0.0299251043	-0.0061897129	0.0404277748	-0.0530549481	0.0187084763	0.469301337726875	-0.739172697671073	0.448081059024295	0.592443852028073
-0.0871494	0.0784044	0.182401	-0.00133162	-0.00203458	0.000375718	2.48999999999805e-05	0.0215648	0.016489	-0.000421263	-0.00013331	0	0.06580735	-0.0355123358	-0.004292741	0.0413292761	-0.0517110885	0.0287425773	0.0127630461	-0.0460373263	0.0496204944	-0.0212016376	-0.0208909108	0.0495101664	-0.0461985516	0.0130918447	0.0284582593	-0.0516546178	0.0415370728	-0.0046307895	-0.0352620549	0.0524131437	-0.0357611286	-0.0039545126	-0.0429638147	0.0168175052	-0.0092717009	0.0324630667	0.0004222191	0.0277273202	0.0451272693	0.010617948	-0.0011936465	0.0407716019	0.053688475425239	-1.0426492896996	0.448081059024295	0.592443852028073
-0.0871494	0.0686076	0.198029	-0.00199312	-0.00203458	0.000375718	0	-0.00979679999999999	0.015628	-0.0006615	0	0	0.0584998	-0.0356783636	-0.0038417323	0.0409084964	-0.0518510778	0.0296815396	0.011442642	-0.0452595478	0.0501736876	-0.0230468899	-0.0187976612	0.0486380181	-0.0474181167	0.0159169864	0.025748738	-0.0509713076	0.0436435792	-0.0084450432	-0.032146501	0.0522092763	-0.0389311863	0.0007916247	0.0639741303	0.0156825452	0.0381275113	-0.0167220135	0.0023571546	-0.0186662536	-0.0423404913	3.44483e-05	0.0449362146	0.0505126313	0.06793325057028	-0.762320757881809	0.448081059024295	0.592443852028073
-0.0871785	0.0567498	0.179559	-0.0012853	-0.00193019	0.000296341	-2.91000000000041e-05	-0.0118578	-0.01847	0.00070782	0.00010439	-7.9377e-05	0.07493625	-0.0358437271	-0.0033904374	0.0404808604	-0.0519756181	0.0306066839	0.0101145671	-0.044440473	0.050667088	-0.0248573823	-0.0166694112	0.0476562936	-0.0485105521	0.0186920473	0.0229452624	-0.0500744995	0.0455421041	-0.0122138669	-0.0288370829	0.0516546178	-0.0418114263	0.0055312652	-0.0281631419	-0.0431365723	0.0449420212	-0.0696034881	0.032048684	-0.0210747198	0.016517105	-0.0740192222	-0.0270930151	0.0232089971	0.893093894181989	-0.357504450732215	0.448081059024295	0.592443852028073
-0.099442	0.0567762	0.179543	-0.00121489	-0.00203458	0.000375718	-0.0122635	2.63999999999889e-05	-1.59999999999882e-05	7.04100000000001e-05	-0.00010439	7.9377e-05	0.02501475	-0.036008423	-0.00293889	0.0400464398	-0.0520846721	0.0315175794	0.0087797117	-0.0435808493	0.0511001074	-0.026630384	-0.0145101234	0.0465672044	-0.0494729291	0.0214082961	0.020058062	-0.0489679499	0.0472236001	-0.0159169864	-0.0253537587	0.050752895	-0.0443804069	0.0102255113	0.0328393066	0.0478835238	-0.0109770009	-0.011121323	-0.0421120945	0.0272462719	-0.0412241676	0.016399148	-0.0087836758	-0.05294297	0.709049386566773	-0.463394208977307	0.448081059024295	0.592443852028073
-0.0970325	0.0564788	0.179484	-0.00233375	-0.00203458	0.000375718	0.00240949999999999	-0.000297399999999989	-5.90000000000035e-05	-0.00111886	0	0	0.0587089	-0.0361724484	-0.0024871236	0.0396053074	-0.0521782074	0.0324138022	0.0074389706	-0.0426814612	0.0514722298	-0.028363221	-0.0123238185	0.0453732043	-0.0503026675	0.0240571864	0.0170976719	-0.0476562936	0.0486800542	-0.0195344808	-0.0217175351	0.0495101664	-0.0466190039	0.0148358378	-0.014744126	-0.032758757	-0.0791912095	0.0283157979	-0.0098396213	-0.0260223706	0.046247513	0.0474624293	0.0184303889	-0.0262160646	0.425161797822693	-0.503591371525035	0.448081059024295	0.592443852028073
-0.0871499	0.0565133	0.179447	-0.00204793	-0.00203458	0.000263685	0.00988260000000002	3.44999999999998e-05	-3.70000000000093e-05	0.00028582	0	-0.000112033	0.02984675	-0.0363358002	-0.002035172	0.0391575372	-0.052256196	0.0332949349	0.0060932427	-0.0417431291	0.0517830118	-0.0300532798	-0.0101145671	0.0440769831	-0.0509975427	0.026630384	0.0140748942	-0.0461450246	0.0499045256	-0.0230468899	-0.0179503407	0.0479347819	-0.0485105521	0.0193244083	-0.0218628715	0.0504907995	0.015065695	0.0247715912	-0.0055163613	0.0551594101	-0.0008115451	0.013950646	0.0593514012	0.0276242224	-1.65744445579516	-0.128695252399849	0.448081059024295	0.592443852028073
-0.0871494	0.0565132	0.179444	-0.00207553	-0.00203458	0.000375719	5.000000000005e-07	-1.00000000009814e-07	-3.000000000003e-06	-2.76e-05	0	0.000112034	0.00698530000000001	-0.0364984753	-0.0015830688	0.0387032042	-0.0523186149	0.0341605674	0.00474343	-0.0407667093	0.052032083	-0.0316980113	-0.0078864829	0.0426814612	-0.0515556917	0.0291197926	0.0110007588	-0.044440473	0.0508911792	-0.0264353189	-0.0140748942	0.0460373263	-0.0500409704	0.0236543856	0.0393181634	-0.0476047437	0.0316995265	0.0548218023	-0.017145588	-0.0509576633	-0.0263869454	-0.0244338835	0.011147598	0.0152901664	-0.240259115321844	-0.040938722252407	0.448081059024295	0.592443852028073
-0.09041	0.0533558	0.179446	-0.00187686	-0.00203458	0.000293054	-0.00326060000000002	-0.00315739999999999	2.000000000002e-06	0.00019867	0	-8.2665e-05	0.02048675	-0.0366604707	-0.0011308477	0.0382423846	-0.0523654453	0.0350102966	0.0033904374	-0.0397530928	0.0522191466	-0.0332949349	-0.0056437143	0.0411897824	-0.0519756181	0.0315175794	0.0078864829	-0.0425497785	0.0516353132	-0.0296815396	-0.0101145671	0.0438305487	-0.0511988656	0.027790234	-0.0298183234	0.0073787509	0.0241252004	0.0079774458	-0.0536276159	0.0213059003	0.0043324772	-0.0504094022	-0.0338270057	-0.0224138867	-2.12862595626283	0.020335884593902	0.448081059024295	0.592443852028073
-0.0871494	0.0446208	0.179443	-0.00193755	-0.00203458	0.000375719	0.00326060000000002	-0.008735	-2.99999999997525e-06	-6.069e-05	0	8.2665e-05	0.01916635	-0.0368217834	-0.0006785423	0.0377751555	-0.0523966733	0.0358437271	0.002035172	-0.0387032042	0.0523439796	-0.0348416421	-0.0033904374	0.0396053074	-0.052256196	0.0338162004	0.00474343	-0.0404808604	0.0521333814	-0.0327680892	-0.0060932427	0.0413292761	-0.0519756181	0.0316980113	-0.0023676009	-0.0006825858	-0.0738679688	-0.0186469963	0.0021804376	-0.0115607371	-0.0004541496	0.0447686514	-0.0086043741	-0.0593084576	-2.71575246815507	-0.001044272624087	0.448081059024295	0.592443852028073
-0.0791879	0.0767606	0.197242	-0.00261834	-0.0021418	0.000375719	0.00796149999999999	0.0321398	0.017799	-0.00068079	-0.00010722	0	0.0973008	-0.0369824104	-0.0002261864	0.0373015953	-0.0524122897	0.0366604707	0.0006785423	-0.0376180017	0.0524064334	-0.0363358002	-0.0011308477	0.0379316059	-0.0523966733	0.036008423	0.0015830688	-0.0382423846	0.0523830103	-0.0356783636	-0.002035172	0.0385503146	-0.0523654453	0.0353456466	-0.0232943681	0.031652179	-0.0224317731	0.0258814552	-0.0128012979	0.0323089492	0.0323175121	0.0354984552	0.0639735401	-0.0011159778	0.764396993634421	0.00077178325192	0.448081059024295	0.592443852028073
-0.0871702	0.0563131	0.199625	-0.00287869	-0.00198206	0.000559487	-0.00798230000000001	-0.0204475	0.002383	-0.00026035	0.00015974	0.000183768	0.0610057	-0.0371423487	0.0002261864	0.0368217834	-0.0524122897	0.0374601473	-0.0006785423	-0.0364984753	0.0524064334	-0.0377751555	0.0011308477	0.0361724484	-0.0523966733	0.0380873499	-0.0015830688	-0.0358437271	0.0523830103	-0.0383967071	0.002035172	0.0355123358	-0.0523654453	0.0387032042	0.0513769553	-0.0224320174	0.0343691707	0.0047173455	-0.0383636505	-0.0369176064	-0.042169461	-0.0230840228	0.0518417913	0.0066124285	0.41390063380319	-0.091575976204637	0.448081059024295	0.592443852028073
-0.0758952	0.0523679	0.162421	-0.00261881	-0.00160934	0.000375719	0.011275	-0.0039452	-0.037204	0.00025988	0.00037272	-0.000183768	0.0932426	-0.0373015953	0.0006785423	0.0363358002	-0.0523966733	0.0382423846	-0.002035172	-0.0353456466	0.0523439796	-0.0391575372	0.0033904374	0.0343317983	-0.052256196	0.0400464398	-0.00474343	-0.0332949349	0.0521333814	-0.0409084964	0.0060932427	0.0322357516	-0.0519756181	0.0417431291	-0.0247931662	-0.0267693499	0.0146224715	-0.0714789794	-0.0042798513	-0.0014457973	0.0083551611	-0.0564314268	-0.0269548518	-0.0156719688	0.248108479153164	-0.420955611630936	0.448081059024295	0.592443852028073
-0.071183	0.0561961	0.193865	-0.00325319	-0.00152242	0.000680812	0.00471219999999996	0.0038282	0.031444	-0.00063438	8.69199999999999e-05	0.000305093	0.09130405	-0.0374601473	0.0011308477	0.0358437271	-0.0523654453	0.0390068183	-0.0033904374	-0.0341605674	0.0522191466	-0.0404808604	0.0056437143	0.0324138022	-0.0519756181	0.0418795288	-0.0078864829	-0.0306066839	0.0516353132	-0.0432002194	0.0101145671	0.0287425773	-0.0511988656	0.044440473	-0.0077381354	0.0016176247	-0.0713546528	-0.0265707831	0.0238361677	0.0002031436	-4.21642e-05	0.030250254	-0.0070512104	-0.0243633581	-0.066896028146849	-0.434987829653936	0.448081059024295	0.592443852028073
-0.0758073	0.0811925	0.192898	-0.00299936	-0.00167507	0.0006207	-0.00462429999999998	0.0249964	-0.000966999999999996	0.00025383	-0.00015265	-6.01119999999999e-05	0.0539173	-0.0376180017	0.0015830688	0.0353456466	-0.0523186149	0.0397530928	-0.00474343	-0.032944319	0.052032083	-0.0417431291	0.0078864829	0.0304227813	-0.0515556917	0.0435808493	-0.0110007588	-0.027790234	0.0508911792	-0.0452595478	0.0140748942	0.0250562833	-0.0500409704	0.046773099	-0.0181113996	0.0260853539	-0.0188498738	0.0166012366	-0.008621836	0.0199062414	0.0162674879	0.0113054095	0.0458163445	-0.0135611234	1.08784575326014	-0.503702175271987	0.448081059024295	0.592443852028073
-0.0872703	0.0659038	0.194429	-0.00258079	-0.00152242	0.000375719	-0.011463	-0.0152887	0.00153099999999998	0.00041857	0.00015265	-0.000244981	0.06909275	-0.0377751555	0.002035172	0.0348416421	-0.052256196	0.0404808604	-0.0060932427	-0.0316980113	0.0517830118	-0.0429424396	0.0101145671	0.028363221	-0.0509975427	0.0451450484	-0.0140748942	-0.0248573823	0.0499045256	-0.0470754035	0.0179503407	0.0212016376	-0.0485105521	0.0487218636	0.0088728381	-0.0161626965	0.0327091519	0.0538828134	0.0017978049	-0.0236291043	-0.0198759422	-0.016952138	0.0119172383	0.0191768466	-0.771339426046378	-0.450850947472173	0.448081059024295	0.592443852028073
-0.0812506	0.0563488	0.179901	-0.00250509	-0.00126927	0.000375719	0.00601969999999998	-0.00955499999999999	-0.014528	7.56999999999997e-05	0.00025315	0	0.0465452	-0.0379316059	0.0024871236	0.0343317983	-0.0521782074	0.0411897824	-0.0074389706	-0.0304227813	0.0514722298	-0.0440769831	0.0123238185	0.0262397614	-0.0503026675	0.0465672044	-0.0170976719	-0.0218204132	0.0486800542	-0.0486380181	0.0217175351	0.0172045393	-0.0466190039	0.0502707735	-0.0288384574	0.0201651864	0.0398807334	0.0389580144	-0.0314811867	0.0264100657	-0.0075849521	-0.0270592068	-0.0045408629	-0.0418479173	0.476846030526476	-0.427528764734329	0.448081059024295	0.592443852028073
-0.0825506	0.0563764	0.174077	-0.00239469	-0.00152242	0.000375719	-0.0013	2.75999999999957e-05	-0.005824	0.0001104	-0.00025315	0	0.0253291	-0.0380873499	0.00293889	0.0338162004	-0.0520846721	0.0418795288	-0.0087797117	-0.0291197926	0.0511001074	-0.0451450484	0.0145101234	0.0240571864	-0.0494729291	0.0478428428	-0.020058062	-0.0186920473	0.0472236001	-0.0499389857	0.0253537587	0.0130918447	-0.0443804069	0.0514071169	0.0290642025	-0.0155066062	-0.0451669251	0.0387878692	-0.0093977858	-0.0130473947	-0.0186765914	0.039521142	-0.0264009349	-0.0430508167	0.873708911188906	-0.444636236380828	0.448081059024295	0.592443852028073
-0.069331	0.0679155	0.185467	-0.00324375	-0.0013668	0.000375719	0.0132196	0.0115391	0.01139	-0.00084906	0.00015562	0	0.0863827	-0.0382423846	0.0033904374	0.0332949349	-0.0519756181	0.0425497785	-0.0101145671	-0.027790234	0.050667088	-0.0461450246	0.0166694112	0.0218204132	-0.0485105521	0.0489679499	-0.0229452624	-0.015485388	0.0455421041	-0.0509713076	0.0288370829	0.0088911868	-0.0418114263	0.052121568	-0.0491286687	0.0140665425	-0.0365329398	0.0371601924	0.0167538682	0.0329913615	0.0627188536	0.0180189179	0.0241404143	-0.0041059026	0.713851256308909	-0.647878486579816	0.448081059024295	0.592443852028073
-0.0693026	0.0784859	0.203361	-0.00338612	-0.00140715	0.000835392	2.8399999999984e-05	0.0105704	0.017894	-0.00014237	-4.03500000000002e-05	0.000459673	0.06061245	-0.0383967071	0.0038417323	0.0327680892	-0.0518510778	0.0432002194	-0.011442642	-0.0264353189	0.0501736876	-0.0470754035	0.0187976612	0.0195344808	-0.0474181167	0.0499389857	-0.025748738	-0.0122138669	0.0436435792	-0.0517294306	0.032146501	0.0046307895	-0.0389311863	0.0524082634	0.0675146836	0.0026445168	0.0345066569	0.018377279	-0.0265735843	-0.0280982287	-0.0545219035	0.0068043707	0.0499756216	0.0374206777	0.808471705981813	-0.553508344963175	0.448081059024295	0.592443852028073
-0.0766895	0.0652243	0.203354	-0.00320733	-0.00134681	0.000529483	-0.00738689999999999	-0.0132616	-6.99999999997925e-06	0.00017879	6.03400000000001e-05	-0.000305909	0.04790745	-0.0385503146	0.004292741	0.0322357516	-0.0517110885	0.0438305487	-0.0127630461	-0.0250562833	0.0496204944	-0.0479347819	0.0208909108	0.0172045393	-0.0461985516	0.050752895	-0.0284582593	-0.0088911868	0.0415370728	-0.0522092763	0.0352620549	0.0003392783	-0.0357611286	0.0522648503	-0.0525698458	-0.0383446718	0.0269423382	-0.0925330926	-0.0243995296	-0.0006823441	0.0341213405	-0.0865536779	0.0152505178	-0.0254595639	0.100620230811106	-0.35933870957818	0.448081059024295	0.592443852028073
-0.0870151	0.056176	0.177853	-0.00324424	-0.00101243	0.000375719	-0.0103256	-0.0090483	-0.025501	-3.69099999999998e-05	0.00033438	-0.000153764	0.0711276	-0.0387032042	0.00474343	0.0316980113	-0.0515556917	0.044440473	-0.0140748942	-0.0236543856	0.0490081675	-0.0487218636	0.0229452624	0.0148358378	-0.0448551266	0.0514071169	-0.0310639394	-0.0055312652	0.0392326234	-0.0524082634	0.038164956	-0.0039545126	-0.0323248521	0.0516925056	0.0500548631	0.050420946	-0.0268577512	-0.0684952899	-0.0195049632	0.0256472164	-0.0674987028	0.0232201514	0.0020984838	-0.0295225267	-0.134370092765804	-0.275964782187418	0.448081059024295	0.592443852028073
-0.0820847	0.0667241	0.173409	-0.00300911	-0.00149001	0.000375719	0.00493040000000004	0.0105481	-0.00444400000000003	0.00023513	-0.00047758	0	0.055558	-0.0388553731	0.0051937656	0.0311549584	-0.0513849338	0.0450297083	-0.015377307	-0.0222309049	0.0483374366	-0.0494354616	0.0249568909	0.0124337127	-0.0433914434	0.051899593	-0.0335562706	-0.0021481754	0.0367412126	-0.0523253215	0.0408376979	-0.0082217334	-0.0286479378	0.0506959264	-0.0270497241	-0.0533743601	-0.0756402221	-0.0088022998	0.0292727884	-0.0430050065	0.0575426602	0.0304604831	0.025728423	-0.0342386411	0.756845818079141	-0.210899894680988	0.448081059024295	0.592443852028073
-0.0795345	0.0906617	0.173367	-0.00265332	-0.00156362	0.000375719	0.00255019999999996	0.0239376	-4.19999999999587e-05	0.00035579	-7.361e-05	0	0.0479998000000001	-0.0390068183	0.0056437143	0.0306066839	-0.0511988656	0.0455979804	-0.0166694112	-0.02078714	0.047609101	-0.0500744995	0.0269220508	0.0100035758	-0.0418114263	0.0522287737	-0.0359261587	0.0012439122	0.0340747132	-0.0519608967	0.0432641622	-0.0124337127	-0.024757758	0.0492832916	-0.0202897045	0.0570016573	0.0103598525	0.012695858	0.0606933473	0.0619589298	-0.0046727493	0.0027883731	0.0100068002	0.0758841976	-0.334797450089483	-0.257141499041961	0.448081059024295	0.592443852028073
-0.0802132	0.0759921	0.200016	-0.0024948	-0.00156362	0.000375719	-0.00067869999999999	-0.0146696	0.026649	0.00015852	0	0	0.0499233	-0.0391575372	0.0060932427	0.0300532798	-0.0509975427	0.0461450246	-0.0179503407	-0.0193244083	0.0468240289	-0.0506380137	0.0288370829	0.0075509019	-0.0401193113	0.0523936235	-0.038164956	0.0046307895	0.0312458323	-0.0513169495	0.0454297158	-0.0165621507	-0.0206832724	0.0474661945	0.0479965898	-0.0312305638	0.05215514	0.0017227868	0.0086855943	-0.048849215	-0.0350857727	-0.0384025827	0.0170303199	0.0311708077	0.943645496857877	-0.325460465070505	0.448081059024295	0.592443852028073
-0.0981287	0.0601678	0.195262	-0.00155023	-0.00156362	0.00022225	-0.0179155	-0.0158243	-0.00475400000000001	0.00094457	0	-0.000153469	0.09339575	-0.0393075269	0.0065423171	0.0294948387	-0.0507810249	0.0466705863	-0.0192192368	-0.0178440444	0.0459831556	-0.0511251541	0.0306984217	0.0050812166	-0.038319635	0.0523936235	-0.0402644936	0.0079982704	0.0282680507	-0.0503969439	0.047321299	-0.0205793086	-0.0164548132	0.0452595478	-0.0268797694	-0.0038121245	0.0329131838	-0.0603339552	-0.0127565616	0.0152844962	-0.0042985075	-0.0537620895	-0.0345227551	-0.0150163775	0.870912373870101	-0.533816971090972	0.448081059024295	0.592443852028073
-0.103288	0.0637183	0.1921	-0.00157074	-0.00143618	4.05353e-05	-0.00515929999999996	0.00355050000000002	-0.003162	-2.05099999999998e-05	0.00012744	-0.0001817147	0.028355035	-0.0394567845	0.0069909042	0.0289314543	-0.0505493769	0.0471744208	-0.020475249	-0.016347399	0.0450874833	-0.051535186	0.0325026013	0.0026000839	-0.0364172225	0.0522287737	-0.0422171104	0.0113322499	0.025155559	-0.0492058292	0.0489275043	-0.0244581953	-0.0121038584	0.0426814612	-0.0051814246	-0.0170771311	-0.0559964315	-0.0049386396	0.0366759303	-0.0188910382	0.004298966	0.0274997548	-0.0422139149	-0.0366879685	0.237005062188513	-0.24856535132674	0.448081059024295	0.592443852028073
-0.0905274	0.0760202	0.189766	-0.00231697	-0.00180283	0.000228548	0.0127606	0.0123018999999999	-0.00233399999999997	-0.00074623	-0.00036665	0.0001880127	0.092441135	-0.0396053074	0.0074389706	0.028363221	-0.0503026675	0.0476562936	-0.0217175351	-0.0148358378	0.0441380794	-0.051867491	0.0342462625	0.0001130935	-0.0344171741	0.051899593	-0.0440156816	0.0146187631	0.0219231897	-0.0477500128	0.0502386454	-0.0281727488	-0.0076627981	0.0397530928	-0.0312338953	0.0332984514	-0.0109549632	0.0323397174	0.0026057015	0.0425411841	0.0351260282	0.028949439	0.0147068478	0.0028893468	0.931800267421973	-0.452003482255265	0.448081059024295	0.592443852028073
-0.0891691	0.0758933	0.201965	-0.00284182	-0.00156362	0.000375719	0.00135829999999999	-0.000126899999999999	0.012199	-0.00052485	0.00023921	0.000147171	0.05924575	-0.0397530928	0.0078864829	0.027790234	-0.0500409704	0.0481159803	-0.0229452624	-0.0133107399	0.0431360754	-0.052121568	0.0359261587	-0.0023741518	-0.0323248521	0.0514071169	-0.0456536443	0.0178440444	0.0185863463	-0.0460373263	0.051246815	-0.0316980113	-0.0031646932	0.0364984753	0.0586919246	-0.0197120528	0.0415010389	0.0121246039	-0.023569711	-0.0405749354	-0.0288085708	-0.0112953598	0.0243137006	0.0274480556	0.951797099070081	-0.508366797518304	0.448081059024295	0.592443852028073
-0.0941097	0.0642338	0.189867	-0.00217708	-0.00166624	0.000375719	-0.0049406	-0.0116595	-0.012098	0.00066474	-0.00010262	0	0.0670661	-0.0399001378	0.0083334077	0.0272125894	-0.0497643635	0.0485532669	-0.0241576078	-0.0117734969	0.0420826652	-0.0522970337	0.0375391619	-0.0048560483	-0.0301458661	0.050752895	-0.0471250218	0.0209945843	0.0151609305	-0.0440769831	0.0519459335	-0.0350102966	0.0013569709	0.032944319	-0.0395847037	-0.0222552564	0.0442549302	-0.0666479829	-0.0089135547	-0.0005293645	0.0178993732	-0.0660142096	-0.0292636491	-0.0036984466	0.883980991913404	-0.57939648903161	0.448081059024295	0.592443852028073
-0.0869871	0.0760569	0.17808	-0.00217708	-0.00146002	0.000375719	0.00712260000000003	0.0118231	-0.011787	0	0.00020622	0	0.0410437	-0.0400464398	0.0087797117	0.026630384	-0.0494729291	0.0489679499	-0.0253537587	-0.0102255113	0.0409791044	-0.0523936235	0.0390822688	-0.0073270047	-0.0278860579	0.0499389857	-0.0484244452	0.0240571864	0.011663266	-0.0418795288	0.0523317845	-0.0380873499	0.0058685331	0.0291197926	0.036460955	0.0301969693	-0.0139599931	-0.0581004726	-0.0125879694	0.0092324436	-0.0379994388	0.0236363355	-0.0266836714	-0.0422521513	0.718167845483083	-0.504339869263307	0.448081059024295	0.592443852028073
-0.0869619	0.0823047	0.169306	-0.00182007	-0.00156362	0.000375719	2.51999999999891e-05	0.00624780000000001	-0.008774	0.00035701	-0.0001036	0	0.0380775	-0.040191996	0.0092253617	0.0260437153	-0.0491667543	0.0493598362	-0.0265329132	-0.0086681957	0.039826708	-0.0524111916	0.0405526062	-0.0097814541	-0.0255514863	0.0489679499	-0.0495471731	0.0270190229	0.0081100208	-0.0394567845	0.0524020413	-0.0409084964	0.0103364079	0.0250562833	-0.0071072394	-0.0033736701	-0.0469082322	0.0427794635	0.0069803565	0.0006570267	0.0412658872	0.054768606	-0.0265858545	0.0285449684	-0.38590132180868	-0.426946739932827	0.448081059024295	0.592443852028073
-0.0817817	0.09942	0.184372	-0.0022386	-0.00129963	0.000889379	0.00518019999999998	0.0171153	0.015066	-0.00041853	0.00026399	0.00051366	0.0971705	-0.0403368038	0.0096703246	0.0254526818	-0.0488459301	0.0497287433	-0.0276942808	-0.007102971	0.0386268493	-0.0523497117	0.0419474363	-0.0122138669	-0.0231484102	0.0478428428	-0.0504891087	0.0298676878	0.0045181276	-0.0368217834	0.05215628	-0.0434547811	0.0147273348	0.02078714	0.0502760765	0.0131783764	0.0228179026	-0.0084809166	0.020006733	-0.0180428846	-0.0317484988	0.0182919811	0.0259805319	0.0498143149	0.091947538523381	-0.37540221731086	0.448081059024295	0.592443852028073
-0.0869106	0.0760847	0.202054	-0.00213689	-0.0017169	0.000469932	-0.00512890000000001	-0.0233353	0.017682	0.00010171	-0.00041727	-0.000419447	0.09306755	-0.0404808604	0.0101145671	0.0248573823	-0.0485105521	0.0500744995	-0.0288370829	-0.0055312652	0.0373809583	-0.0522092763	0.0432641622	-0.0146187631	-0.0206832724	0.0465672044	-0.051246815	0.0325912492	0.0009047034	-0.0339887004	0.0515959829	-0.0457090957	0.019008626	0.016347399	-0.0444340839	-0.0554000911	0.009314767	-0.1003787995	0.0098966389	-0.0199557967	0.0396965894	-0.066606216	0.0447839848	-0.020544199	0.493256663473563	-0.377244462700534	0.448081059024295	0.592443852028073
-0.0869566	0.0853423	0.179437	-0.00183617	-0.00156362	0.000604322	-4.59999999999766e-05	0.00925759999999998	-0.022617	0.00030072	0.00015328	0.00013439	0.0613401	-0.0406241631	0.0105580562	0.0242579167	-0.0481607204	0.0503969439	-0.0299605535	-0.0039545126	0.0360905197	-0.0519900974	0.0445003321	-0.0169907249	-0.0181626821	0.0451450484	-0.0518175273	0.0351782991	-0.0027130321	-0.0309727759	0.0507245288	-0.0476562936	0.0231484102	0.0117734969	-0.023970215	0.0462932166	0.0056763648	0.0557814901	-0.0644630527	0.0519999757	-0.0161431402	-0.004051129	-0.0165397786	-0.0060766233	0.677236034829338	-0.400726302931606	0.448081059024295	0.592443852028073
-0.0830096	0.076166	0.179437	-0.00183617	-0.00156362	0.000493907	0.00394699999999998	-0.0091763	0	0	0	-0.000110415	0.01864405	-0.0407667093	0.0110007588	0.0236543856	-0.0477965391	0.0506959264	-0.0310639394	-0.0023741518	0.0347570714	-0.0516925056	0.0456536443	-0.0193244083	-0.015593397	0.0435808493	-0.052199163	0.0376180017	-0.0063178387	-0.027790234	0.0495471731	-0.0492832916	0.0271158693	0.007102971	0.0303496529	-0.0041709697	-0.0513708574	0.0454838907	-0.0098886062	-0.0220786643	-0.0140868435	0.0413093601	-0.0253897298	0.0001636752	0.353574579076821	-0.615994669082889	0.448081059024295	0.592443852028073
-0.086955	0.0761607	0.179437	-0.00183617	-0.00156362	0.000461252	-0.00394539999999999	-5.29999999999975e-06	0	0	0	-3.26549999999999e-05	0.00558345	-0.0409084964	0.011442642	0.0230468899	-0.0474181167	0.0509713076	-0.032146501	-0.0007916247	0.0333822024	-0.0513169495	0.0467219514	-0.0216145559	-0.0129823055	0.0418795288	-0.0523903296	0.0399001378	-0.009892538	-0.0244581953	0.0480710162	-0.050579158	0.0308814681	0.0023741518	-0.0211151725	0.0115737395	-0.0228020239	0.0296067839	0.0390286189	-0.000589772	0.0404970437	0.0281807864	0.0063512059	0.025125206	0.305151789884813	-0.368823599572554	0.448081059024295	0.592443852028073
-0.086934	0.0760874	0.184508	-0.00209972	-0.00156362	0.000414225	2.1000000000021e-05	-7.32999999999845e-05	0.00507100000000002	-0.00026355	0	-4.7027e-05	0.02069415	-0.0410495216	0.0118836729	0.0224355316	-0.0470255659	0.0512229596	-0.0332075124	0.0007916247	0.0319675512	-0.0508639957	0.0477032642	-0.0238560081	-0.0103364079	0.0400464398	-0.0523903296	0.0420151486	-0.0134200948	-0.0209945843	0.0463049601	-0.051535186	0.0344171741	-0.0023741518	0.0072394073	0.0021378574	0.0642959244	0.0436955253	0.0032222858	0.0026311282	0.0017438314	0.0013865596	0.0017843951	0.0503504374	-0.677700650804846	-0.059765404882999	0.448081059024295	0.592443852028073
-0.0868603	0.0536816	0.179491	-0.00131719	-0.00182937	0.00020846	7.36999999999682e-05	-0.0224058	-0.00501699999999999	0.00078253	-0.00026575	-0.000205765	0.09019875	-0.0411897824	0.0123238185	0.0218204132	-0.0466190039	0.051450765	-0.0342462625	0.0023741518	0.0305148036	-0.0503343274	0.0485957556	-0.0260437153	-0.0076627981	0.0380873499	-0.052199163	0.0439541752	-0.0168836987	-0.0174180334	0.0442596553	-0.0521449521	0.0376966663	-0.007102971	0.0266097803	-0.0064154277	0.0477488056	-0.0132328264	-0.0391148657	-0.0088408584	-0.0332717752	-0.0215124412	0.0263076081	-0.0289546196	0.695144184338245	-0.619992247950372	0.448081059024295	0.592443852028073
-0.086921	0.060703	0.18761	-0.00203141	-0.00156362	0.00020846	-6.06999999999969e-05	0.0070214	0.00811899999999999	-0.00071422	0.00026575	0	0.0641996	-0.0413292761	0.0127630461	0.0212016376	-0.0461985516	0.0516546178	-0.0352620549	0.0039545126	0.029025691	-0.0497287433	0.0493977639	-0.0281727488	-0.004968644	0.036008423	-0.0518175273	0.0457090957	-0.0202668442	-0.0137477825	0.0419474363	-0.0524043593	0.040695531	-0.0117734969	-0.0093706665	-0.0342355703	-0.0305545346	-0.0219413307	-0.0107478485	-0.0240609177	0.0134531269	0.0029411446	-0.013329311	-0.0597846101	0.995070110631853	-0.188225677770822	0.448081059024295	0.592443852028073
-0.086921	0.076044	0.160241	-0.00203141	-0.00156362	0.00020846	0	0.015341	-0.027369	0	0	0	0.04271	-0.0414680002	0.013201323	0.0205793086	-0.0457643343	0.0518344232	-0.0362542087	0.0055312652	0.0275019879	-0.0490481569	0.0501077956	-0.0302383121	-0.0022611689	0.0338162004	-0.051246815	0.0472725596	-0.0235534089	-0.0100035758	0.0393822474	-0.0523116647	0.0433914434	-0.016347399	-0.0293680644	0.0348278726	-0.0371400999	-0.0024590394	0.060885748	0.0505999565	0.0283921637	0.0485004911	-0.011793951	0.0087808591	0.384016364934197	0.153858246930886	0.448081059024295	0.592443852028073
-0.0867904	0.076011	0.18688	-0.00223395	-0.00206684	0.00043203	0.000130599999999995	-3.30000000000191e-05	0.026639	-0.00020254	-0.00050322	0.00022357	0.0732691	-0.0416059521	0.0136386166	0.0199535306	-0.0453164815	0.0519900974	-0.0372220587	0.007102971	0.0259455102	-0.0482935946	0.0507245288	-0.0322357516	0.0004523686	0.0315175794	-0.0504891087	0.0486380181	-0.0267277308	-0.0062055551	0.0365795581	-0.051867491	0.0457643343	-0.02078714	0.0089229981	0.0194522587	0.0037038408	0.0204009229	0.00514411	0.0040341445	-0.0187104158	0.0195283715	-0.0046995145	0.0521101766	-0.131585903553054	0.083228054823653	0.448081059024295	0.592443852028073
-0.0912672	0.0416386	0.181039	-0.00232289	-0.00156362	0.00020846	-0.0044768	-0.0343724	-0.00584099999999999	-8.894e-05	0.00050322	-0.00022357	0.0854767	-0.0417431291	0.0140748942	0.0193244083	-0.0448551266	0.052121568	-0.038164956	0.0086681957	0.0243581127	-0.0474661945	0.051246815	-0.0341605674	0.0031646932	0.0291197926	-0.0495471731	0.0497997519	-0.029774683	-0.0023741518	0.0335562706	-0.0510748227	0.0477965391	-0.0250562833	0.0037426833	-0.0146570774	0.0512311043	-0.001408536	0.0018046096	-0.0129648183	-0.0242431282	-0.0280322106	-0.0031657845	-0.0031412201	1.06999317022848	-0.096530930954677	0.448081059024295	0.592443852028073
-0.0907087	0.0568636	0.167465	-0.00250924	-0.0017042	0.00020846	0.000558500000000003	0.015225	-0.013574	-0.00018635	-0.00014058	0	0.045704	-0.0418795288	0.0145101234	0.0186920473	-0.0443804069	0.0522287737	-0.0390822688	0.0102255113	0.0227416872	-0.0465672044	0.051673682	-0.036008423	0.0058685331	0.026630384	-0.0484244452	0.050752895	-0.0326797453	0.0014700233	0.0303306173	-0.0499389857	0.0494729291	-0.0291197926	0.0014808512	-0.0113331225	0.0038691529	0.0282690284	-0.0765168237	-0.0113049154	-0.0032483905	-0.0120591152	-0.0258724199	-0.0590541722	0.203065366588408	-1.21105302769963	0.448081059024295	0.592443852028073
-0.0868242	0.0785733	0.154607	-0.00200697	-0.00197063	0.000273159	0.00388450000000001	0.0217097	-0.012858	0.00050227	-0.000266430000000001	6.4699e-05	0.08012215	-0.0420151486	0.0149442718	0.0180565534	-0.0438924641	0.0523116647	-0.0399733818	0.0117734969	0.02109816	-0.0455979804	0.0520043348	-0.0377751555	0.0085566393	0.0240571864	-0.0471250218	0.051493455	-0.0354290736	0.0053062903	0.0269220508	-0.0484676115	0.0507810249	-0.032944319	-0.0337464455	0.0216493713	-0.0490236732	-0.0017079244	0.0138219314	0.0285144282	0.042350773	0.0551370559	-0.0340501226	-0.0108455162	-0.202306593956518	-1.27908604161829	0.448081059024295	0.592443852028073
-0.0868168	0.0836596	0.171661	-0.00217245	-0.00197063	0.000375487	7.39999999999075e-06	0.00508629999999999	0.017054	-0.00016548	0	0.000102328	0.0355381	-0.042149986	0.015377307	0.0174180334	-0.0433914434	0.0523702023	-0.0408376979	0.0133107399	0.0194294898	-0.0445599841	0.0522381577	-0.0394567845	0.0112218049	0.0214082961	-0.0456536443	0.05201833	-0.0380095663	0.0091140124	0.023351127	-0.0466705863	0.0517110885	-0.0364984753	0.0270640748	0.0322954899	0.0015128658	-0.018988626	0.0465566591	0.0065920571	-0.0062765187	0.0329451804	0.0321468265	0.0383969477	0.55640240821759	-1.00240637187905	0.448081059024295	0.592443852028073
-0.0868997	0.0698327	0.181712	-0.00281043	-0.00170143	0.00020846	-8.28999999999691e-05	-0.0138269	0.010051	-0.00063798	0.0002692	-0.000167027	0.07767115	-0.0422840384	0.0158091967	0.016776594	-0.0428774942	0.0524043593	-0.0416746376	0.0148358378	0.017737665	-0.0434547811	0.0523747155	-0.0410495216	0.0138568845	0.0186920473	-0.0440156816	0.0523253215	-0.0404089261	0.0128727058	0.0196393809	-0.0445599841	0.052256196	-0.0397530928	-0.0161215999	-0.031992835	0.0367160478	-0.0188913892	0.0169470063	-0.0155398151	0.0085804689	-0.0407531279	0.0192882531	0.0246035018	-0.527785382217679	-1.67510493799999	0.448081059024295	-1.68540061352814
-0.0869138	0.0570118	0.159208	-0.00166829	-0.00156476	0.000266236	-1.41000000000308e-05	-0.0128209	-0.022504	0.00114214	0.000136670000000001	5.7776e-05	0.1021683	-0.0424173034	0.0162399088	0.0161323429	-0.0423507695	0.0524141198	-0.0424836398	0.016347399	0.0160247019	-0.0422840384	0.0524137538	-0.0425497785	0.0164548132	0.0159169864	-0.0422171104	0.0524131437	-0.042615719	0.0165621507	0.0158091967	-0.042149986	0.0524122897	-0.0426814612	-0.0103931429	0.0347968464	0.0395959451	0.0490830619	-0.036898173	0.0336736212	-0.0252652779	-0.0156913613	-0.0381098951	-0.0126941305	-0.63742421587997	-1.03133048080777	-2.22840312389761	-1.68540061352814
-0.0868718	0.0570071	0.171622	-0.00166829	-0.00169371	0.00020846	4.19999999999865e-05	-4.70000000000331e-06	0.012414	0	-0.00012895	-5.7776e-05	0.021797	-0.0425497785	0.0166694112	0.015485388	-0.0418114263	0.0523994793	-0.0432641622	0.0178440444	0.0142926419	-0.0410495216	0.0523552	-0.0439541752	0.019008626	0.0130918447	-0.0402644936	0.0522814288	-0.0446194286	0.0201625	0.0118836729	-0.0394567845	0.0521782074	-0.0452595478	0.0465491579	-0.017890317	-0.0471230363	0.0156667678	-0.0402890033	-0.0267556772	-0.0287960177	0.039435017	-0.0266503171	-0.0447178806	-0.414361854049533	-1.27504663111282	-2.22840312389761	-1.68540061352814
-0.0774046	0.0778954	0.171634	-0.00214093	-0.00169371	0.00020846	0.00946720000000001	0.0208883	1.19999999999842e-05	-0.00047264	0	0	0.0539995	-0.0426814612	0.0170976719	0.0148358378	-0.0412596253	0.0523604445	-0.0440156816	0.0193244083	0.0125435491	-0.0397530928	0.052199163	-0.0452595478	0.021511476	0.0102255113	-0.038164956	0.0519307284	-0.0464105063	0.0236543856	0.0078864829	-0.0364984753	0.0515556917	-0.0474661945	-0.0334679615	-0.0150419445	-0.0333310246	0.0078903815	0.0037996527	0.0051254866	0.0725672646	0.023874889	0.0078308244	0.0105556225	-0.028228242738287	-1.13676752197995	-2.22840312389761	0.592443852028073
-0.0683052	0.072249	0.171644	-0.00232221	-0.00169371	0.000348593	0.00909940000000001	-0.00564639999999998	1.00000000000378e-05	-0.00018128	0	0.000140133	0.03082645	-0.042812349	0.017524659	0.0141838011	-0.040695531	0.0522970337	-0.0447376941	0.02078714	0.0107795079	-0.0383967071	0.0519459335	-0.0464629554	0.0239566531	0.0073270047	-0.0359261587	0.0513625114	-0.0479804167	0.0270190229	0.0038417323	-0.0332949349	0.0505493769	-0.0492832916	0.0415169941	0.0357246343	0.0313901091	-0.0495913869	0.0339393029	0.0111490227	-0.0379454653	-0.0058929367	0.0170637657	0.0415359728	1.13255145382694	-1.00713557086478	0.448081059024295	0.592443852028073
-0.0846355	0.0691002	0.182643	-0.00224707	-0.00169277	0.00020846	-0.0163303	-0.00314880000000001	0.010999	7.514e-05	9.40000000000055e-07	-0.000140133	0.04128875	-0.0429424396	0.0179503407	0.0135293872	-0.0401193113	0.0522092763	-0.0454297158	0.0222309049	0.0090026205	-0.0369824104	0.0515959829	-0.0475616869	0.0263376015	0.0044054445	-0.0335562706	0.050579158	-0.0493216787	0.0302383121	-0.0002261864	-0.0298676878	0.0491667543	-0.0506959264	0.0044967265	-0.0723436108	-0.0024904558	-0.0262191896	-0.008030515	-0.0611027106	0.0036233811	-0.0402829062	0.0153941321	-0.0171626897	0.507289359897109	-0.501949640348159	0.448081059024295	0.592443852028073
-0.084575	0.0570386	0.17168	-0.00147706	-0.00187523	0.00020846	6.05000000000327e-05	-0.0120616	-0.010963	0.00077001	-0.00018246	0	0.0707086	-0.0430717306	0.0183746853	0.0128727058	-0.039531138	0.0520972133	-0.0460912827	0.0236543856	0.0072150046	-0.0355123358	0.0511499628	-0.0485532669	0.0286479378	0.0014700233	-0.0310639394	0.0495839492	-0.0504279004	0.0332949349	-0.004292741	-0.0262397614	0.0474181167	-0.0516925056	-0.0534329787	0.0082011481	-0.0177274169	0.0239606469	-0.0425408195	0.0418987529	0.0445234099	-0.01379568	-0.0183719838	-0.0283284886	0.363006062481625	-0.452519670860527	0.448081059024295	0.592443852028073
-0.0824499	0.0797078	0.171701	-0.00185644	-0.00201347	0.000426152	0.00212509999999998	0.0226692	2.09999999999932e-05	-0.00037938	-0.00013824	0.000217692	0.0615809	-0.0432002194	0.0187976612	0.0122138669	-0.0389311863	0.0519608967	-0.0467219514	0.0250562833	0.0054187904	-0.0339887004	0.0506087036	-0.0494354616	0.0308814681	-0.0014700233	-0.0284582593	0.0483810535	-0.0512938101	0.0361724484	-0.0083334077	-0.0224355316	0.0453164815	-0.0522648503	0.0011146866	0.0620774327	-0.0199795228	-0.0133154165	0.0215925908	0.0418357743	-0.0134352261	0.0518301172	0.009235306	0.0110961743	0.53530258199612	-0.736039905889717	0.448081059024295	-1.68540061352814
-0.0845336	0.0726564	0.190092	-0.00223586	-0.00201347	0.000542087	-0.00208370000000001	-0.00705140000000001	0.018391	-0.00037942	0	0.000115935	0.05229385	-0.0433279037	0.0192192368	0.0115529809	-0.038319635	0.0518003901	-0.047321299	0.0264353189	0.0036161185	-0.0324138022	0.0499732133	-0.0502062834	0.0330322041	-0.0044054445	-0.025748738	0.0469755095	-0.0519152815	0.0388553731	-0.0123238185	-0.0184805588	0.0428774942	-0.0524082634	0.0577174725	-0.0223720707	0.0180414978	0.0473013704	-0.0367685455	-0.0440992355	-0.0428537768	0.006941038	0.014358643	0.0167117207	0.185474563405116	-1.01387502318676	-2.22840312389761	0.592443852028073
-0.0846411	0.0612923	0.170371	-0.00213723	-0.00159276	0.000505799	-0.000107499999999969	-0.0113641	-0.019721	9.86300000000002e-05	0.00042071	-3.6288e-05	0.058974	-0.0434547811	0.0196393809	0.0108901587	-0.0376966663	0.0516157682	-0.0478889238	0.027790234	0.0018091373	-0.0307900166	0.049244675	-0.0508639957	0.0350943796	-0.0073270047	-0.0229452624	0.0453732043	-0.052289353	0.0413292761	-0.0162399088	-0.0144014162	0.0401193113	-0.052121568	-0.0428515738	-0.0278578078	0.0093460369	-0.0625843429	-0.0431565808	0.0041888386	0.0410352984	-0.0438253391	-0.0213025985	-0.0197455308	0.545834899055727	-1.03048657285017	-2.22840312389761	0.592443852028073
-0.080946	0.0722921	0.163051	-0.00176184	-0.00184302	0.00020846	0.00369509999999996	0.0109998	-0.00731999999999999	0.00037539	-0.00025026	-0.000297339	0.06816435	-0.0435808493	0.020058062	0.0102255113	-0.0370624658	0.0514071169	-0.0484244452	0.0291197926	0	-0.0291197926	0.0484244452	-0.0514071169	0.0370624658	-0.0102255113	-0.020058062	0.0435808493	-0.0524142418	0.0435808493	-0.020058062	-0.0102255113	0.0370624658	-0.0514071169	0.0245735202	0.0570733515	-0.0407588696	-0.0273856596	0.011757492	0.0282192526	-0.032416426	0.0402432632	0.0107349801	-0.0143017673	0.826225812867683	-0.809053198476311	-2.22840312389761	0.592443852028073
-0.0845843	0.0842984	0.174038	-0.00252788	-0.00181401	0.00020846	-0.0036383	0.0120063	0.010987	-0.00076604	2.90099999999999e-05	0	0.0663841	-0.043706106	0.020475249	0.0095591501	-0.0364172225	0.0511745333	-0.0489275043	0.0304227813	-0.0018091373	-0.0274056492	0.0475140513	-0.0518344232	0.0389311863	-0.0130918447	-0.0170976719	0.0416059521	-0.052289353	0.0455979804	-0.0237552522	-0.0059809018	0.033729714	-0.0502707735	0.0117747143	-0.0622688877	0.005037603	0.074964348	0.0387845044	-0.0666911456	0.0252607832	0.0101771707	0.0362885127	0.0229325196	-0.289902206094736	-0.746615633755926	-2.22840312389761	0.592443852028073
-0.0884211	0.0700619	0.17405	-0.00165624	-0.00166407	0.00040668	-0.0038368	-0.0142365	1.2000000000012e-05	0.00087164	0.00014994	0.00019822	0.0790753	-0.0438305487	0.0208909108	0.0088911868	-0.0357611286	0.0509181258	-0.0493977639	0.0316980113	-0.0036161185	-0.0256501718	0.0465151882	-0.0521449521	0.040695531	-0.0159169864	-0.0140748942	0.0394567845	-0.0519152815	0.0473698181	-0.0273091829	-0.001696107	0.0301458661	-0.0487218636	-0.0485553836	0.0242502042	0.0605115563	0.0510090011	-0.0365354992	0.0548143292	0.0011451866	-0.0540133446	-0.0151246172	0.0057723423	-1.25605506815562	-0.564032861907074	-2.22840312389761	0.592443852028073
-0.0846087	0.061582	0.148771	-0.0014486	-0.00171829	0.00020846	0.00381240000000002	-0.00847989999999999	-0.025279	0.00020764	-5.422e-05	-0.00019822	0.0605753	-0.0439541752	0.0213050164	0.0082217334	-0.0350943796	0.0506380137	-0.0498349085	0.032944319	-0.0054187904	-0.0238560081	0.0454297158	-0.0523380039	0.0423507695	-0.0186920473	-0.0110007588	0.0371423487	-0.0512938101	0.048886831	-0.0306984217	0.0026000839	0.0263376015	-0.046773099	0.056112287	0.0168378785	-0.0027027444	-0.0506313537	-0.0195963224	-0.0088284288	-0.0530060598	0.0074395369	-0.0330019877	-0.0383666747	-1.6035869564257	-0.536609466922556	-2.22840312389761	0.592443852028073
-0.0964262	0.068164	0.133881	-0.00129422	-0.00179754	0.00020846	-0.0118175	0.006582	-0.01489	0.00015438	-7.92500000000001e-05	0	0.044971	-0.0440769831	0.0217175351	0.0075509019	-0.0344171741	0.0503343274	-0.0502386454	0.0341605674	-0.0072150046	-0.0220258641	0.0442596553	-0.0524131437	0.0438924641	-0.0214082961	-0.0078864829	0.0346723388	-0.0504279004	0.0501408583	-0.0339025293	0.006878805	0.0223332702	-0.044440473	-0.0057834341	-0.0450258166	-0.0640327159	0.0341691722	0.0703064213	-0.041003189	0.0460164672	0.0291802826	-0.0199056352	0.011650872	0.715052109622757	1.75739026896055	0.448081059024295	-1.68540061352814
-0.100822	0.0681096	0.15364	-0.00155241	-0.0018664	0.00020846	-0.00439580000000002	-5.43999999999961e-05	0.019759	-0.00025819	-6.886e-05	0	0.0405617	-0.0441989703	0.022128436	0.006878805	-0.033729714	0.0500072082	-0.0506087036	0.0353456466	-0.0090026205	-0.0201625	0.0430071852	-0.0523702023	0.0453164815	-0.0240571864	-0.00474343	0.0320571007	-0.0493216787	0.0511251541	-0.0369021828	0.0111113077	0.0181626821	-0.0417431291	-0.0344453278	0.0118820797	0.0299522397	0.0488727671	0.0511298576	0.0317153739	0.0310358137	-0.0147330643	0.0022888817	0.0501449015	0.210916601120825	2.1605201903748	0.448081059024295	-1.68540061352814
-0.0983935	0.0681569	0.153632	-0.00133747	-0.0018544	0.00020846	0.00242850000000001	4.72999999999862e-05	-8.000000000008e-06	0.00021494	1.20000000000001e-05	0	0.0138308	-0.0443201343	0.0225376886	0.0062055551	-0.0330322041	0.0496568086	-0.0509448353	0.0364984753	-0.0107795079	-0.0182687262	0.0416746376	-0.0522092763	0.0466190039	-0.026630384	-0.0015830688	0.0293075885	-0.0479804167	0.0518344232	-0.0396792925	0.0152691543	0.0138568845	-0.0387032042	0.0340230559	0.0317570108	0.0856375603	-0.0076473859	0.0209281433	0.0068658705	-0.0630685595	-0.0378431556	0.0234247481	0.0384102074	0.99359204233707	2.30005587201399	0.448081059024295	-1.68540061352814
-0.10086	0.0592695	0.125185	-0.000767922	-0.00166407	-4.56565e-05	-0.00246650000000001	-0.00888739999999999	-0.028447	0.000569548	0.00019033	-0.0002541165	0.090500625	-0.044440473	0.0229452624	0.0055312652	-0.0323248521	0.0492832916	-0.051246815	0.0376180017	-0.0125435491	-0.016347399	0.0402644936	-0.0519307284	0.0477965391	-0.0291197926	0.0015830688	0.0264353189	-0.0464105063	0.0522648503	-0.0422171104	0.0193244083	0.0094479311	-0.0353456466	0.0343200236	-0.0538064044	0.0057275252	-0.018187453	0.0032085533	-0.0554320372	-0.0306573999	-0.0123404418	-0.0530863142	-0.0430815919	0.410112234865518	2.08900710405599	0.448081059024295	0.592443852028073
-0.100864	0.0682402	0.144277	-0.000936487	-0.00166407	0.00020846	-3.99999999999012e-06	0.00897069999999998	0.019092	-0.000168565	0	0.0002541165	0.049200775	-0.0445599841	0.023351127	0.0048560483	-0.0316078689	0.048886831	-0.0515144404	0.0387032042	-0.0142926419	-0.0144014162	0.0387793789	-0.051535186	0.0488459301	-0.0315175794	0.00474343	0.0234523225	-0.0446194286	0.0524141198	-0.0445003321	0.0232498227	0.004968644	-0.0316980113	-0.0110391568	-0.0311566612	-0.054050546	0.019689344	0.0029996831	-0.0230505377	0.0452352006	0.0229193931	-0.0407057693	-0.053954358	0.492854732621473	1.43391737523358	0.448081059024295	0.592443852028073
-0.100835	0.0681899	0.144298	-0.00105216	-0.0018775	-8.18867e-05	2.89999999999874e-05	-5.03000000000031e-05	2.1000000000021e-05	-0.000115673	-0.00021343	-0.0002903467	0.031072785	-0.0446786654	0.0237552522	0.0041800175	-0.0308814681	0.0484676115	-0.051747532	0.0397530928	-0.0160247019	-0.0124337127	0.0372220587	-0.0510235403	0.0497643635	-0.0338162004	0.0078864829	0.020371094	-0.042615719	0.0522814288	-0.0465151882	0.0270190229	0.0004523686	-0.027790234	-0.0414700289	-0.0183654673	-0.0336912294	0.0216476439	0.0871710329	0.0056602463	0.0680407025	0.0093828484	-0.0200007988	0.033964191	-0.024732185211467	1.50661262427111	0.448081059024295	0.592443852028073
-0.100819	0.0681867	0.144308	-0.00119417	-0.00193385	0.00020846	1.60000000000021e-05	-3.199999999981e-06	9.99999999998224e-06	-0.00014201	-5.63500000000001e-05	0.0002903467	0.024464535	-0.0447965146	0.0241576078	0.0035032861	-0.0301458661	0.0480258282	-0.0519459335	0.0407667093	-0.017737665	-0.0104472564	0.0355954325	-0.0503969439	0.0505493769	-0.036008423	0.0110007588	0.0172045393	-0.0404089261	0.051867491	-0.0482495277	0.0306066839	-0.0040672745	-0.0236543856	-0.0055943366	0.0462239259	0.0442998701	-0.0195453687	0.1130712656	0.0420460968	-0.0375391571	-0.0209902316	0.0002253741	0.0857709163	0.749338787003007	1.38571092237766	0.448081059024295	0.592443852028073
-0.117564	0.0681779	0.144283	-0.00105216	-0.00178437	-0.000136887	-0.016745	-8.80000000000325e-06	-2.49999999999973e-05	0.00014201	0.00014948	-0.000345347	0.04862065	-0.0449135297	0.024558164	0.0028259676	-0.029401282	0.0475616869	-0.052109512	0.0417431291	-0.0194294898	-0.0084450432	0.0339025293	-0.0496568086	0.0511988656	-0.0380873499	0.0140748942	0.0139659219	-0.0380095663	0.0511745333	-0.0496928916	0.0339887004	-0.0085566393	-0.0193244083	0.0203852765	-0.0552402868	0.0555062234	0.039125418	0.0373178762	-0.0538293281	-0.0319478893	-0.0493808136	-0.0260613358	0.021291645	-0.118368182129137	1.33422675634132	0.448081059024295	0.592443852028073
-0.117502	0.0682323	0.1443	-0.000543945	-0.00207761	-0.000386818	6.20000000000204e-05	5.43999999999961e-05	1.7000000000017e-05	0.000508215	-0.00029324	-0.000249931	0.0527027	-0.0450297083	0.0249568909	0.0021481754	-0.0286479378	0.0470754035	-0.0522381577	0.0426814612	-0.02109816	-0.0064300929	0.032146501	-0.0488048017	0.0517110885	-0.0400464398	0.0170976719	0.0106688069	-0.0354290736	0.0502062834	-0.0508365754	0.0371423487	-0.0129823055	-0.0148358378	-0.0458292712	0.0141834333	0.0329143776	0.0324321206	-0.0583679137	0.0452149864	0.0158360068	-0.0412951571	-0.0551637527	-0.0354871712	0.245686706853128	1.28910138415589	0.448081059024295	0.592443852028073
-0.104863	0.0682343	0.126238	-0.00070664	-0.00214158	-0.000147385	0.012639	2.00000000001588e-06	-0.018062	-0.000162695	-6.397e-05	0.000239433	0.0540079	-0.0451450484	0.0253537587	0.0014700233	-0.0278860579	0.0465672044	-0.0523317845	0.0435808493	-0.0227416872	-0.0044054445	0.0303306173	-0.0478428428	0.0520846721	-0.0418795288	0.020058062	0.0073270047	-0.0326797453	0.0489679499	-0.051673682	0.0400464398	-0.0173113266	-0.0102255113	0.0536581501	0.0448263298	-0.0311791127	-0.0528866014	0.0369736369	0.0014498188	-0.0313315305	0.0536007178	-0.0136309104	-0.0092039292	0.157746273853324	1.41717622581532	0.448081059024295	0.592443852028073
-0.106657	0.0741114	0.162946	-0.00122206	-0.00218967	-4.9718e-05	-0.00179399999999998	0.00587709999999998	0.036708	-0.00051542	-4.80899999999998e-05	9.7667e-05	0.07743795	-0.0452595478	0.025748738	0.0007916247	-0.0271158693	0.0460373263	-0.0523903296	0.044440473	-0.0243581127	-0.0023741518	0.0284582593	-0.046773099	0.0523186149	-0.0435808493	0.0229452624	0.0039545126	-0.029774683	0.0474661945	-0.052199163	0.0426814612	-0.021511476	-0.0055312652	0.0045103766	-0.0534147693	-0.0169328774	0.0349283107	0.0132961026	-0.0563676622	0.0302805508	0.0045156259	0.0366597853	0.0124819851	0.893827989086958	1.30968013896101	0.448081059024295	0.592443852028073
-0.0797142	0.050787	0.108703	-0.00086469	-0.00183848	0.000471161	0.0269428	-0.0233244	-0.054243	0.00035737	0.00035119	0.000520879	0.16598215	-0.0453732043	0.0261417992	0.0001130935	-0.0263376015	0.0454860159	-0.0524137538	0.0452595478	-0.0259455102	-0.0003392783	0.0265329132	-0.0455979804	0.0524122897	-0.0451450484	0.025748738	0.0005654567	-0.0267277308	0.0457090957	-0.0524098495	0.0450297083	-0.0255514863	-0.0007916247	-0.036746937	-0.0080311189	0.0562988483	0.0554227023	-0.0226362222	0.0278928089	0.026875104	-0.0481843953	-0.0050153155	0.0585580906	0.78941240428593	1.14656273512577	0.448081059024295	0.592443852028073
-0.08554	0.0683213	0.101991	-0.000595962	-0.00164976	0.000471161	-0.00582579999999999	0.0175343	-0.006712	0.000268728	0.00018872	0	0.0529445	-0.0454860159	0.0265329132	-0.0005654567	-0.0255514863	0.0449135297	-0.0524020413	0.0460373263	-0.0275019879	0.001696107	0.024558164	-0.0443201343	0.0523654453	-0.0465672044	0.0284582593	-0.0028259676	-0.0235534089	0.043706106	-0.052304471	0.0470754035	-0.029401282	0.0039545126	-0.0277245805	0.0355355987	0.0344077602	0.0107101124	-0.0093791692	0.0379798035	-0.035093602	-0.0416689444	-0.0463031332	-0.0088499852	0.772773948782129	0.613509323050761	0.448081059024295	0.592443852028073
-0.097593	0.0873595	0.126531	-0.00102499	-0.00256606	4.24088e-05	-0.012053	0.0190382	0.02454	-0.000429028	-0.000916300000000001	-0.0004287522	0.14433521	-0.0455979804	0.0269220508	-0.0012439122	-0.024757758	0.0443201343	-0.0523552	0.046773099	-0.029025691	0.0037289341	0.0225376886	-0.0429424396	0.0521782074	-0.0478428428	0.0310639394	-0.0062055551	-0.0202668442	0.0414680002	-0.0518836628	0.0488048017	-0.0330322041	0.0086681957	-0.0023917736	0.0555441976	-0.0556047475	-0.0085541327	-0.0104844521	0.0339560874	0.0002163937	0.048650238	-0.0341761023	0.0145903337	-1.01998212438034	1.04519247106318	0.448081059024295	0.592443852028073
-0.0975601	0.0785808	0.138553	-0.00152742	-0.00266996	4.24088e-05	3.29000000000301e-05	-0.0087787	0.012022	-0.00050243	-0.0001039	0	0.0511501	-0.0457090957	0.0273091829	-0.0019221591	-0.0239566531	0.043706106	-0.0522732612	0.0474661945	-0.0305148036	0.0057561371	0.020475249	-0.0414680002	0.0518510778	-0.0489679499	0.0335562706	-0.0095591501	-0.0168836987	0.0390068183	-0.0511499628	0.0502062834	-0.0364172225	0.0133107399	0.0256264264	0.0588050001	0.0024419283	-0.0319411673	0.0495066281	0.0153831296	-0.0285842486	0.0333794286	0.019082609	0.0738709079	0.455258454115833	1.31951217329525	0.448081059024295	0.592443852028073
-0.097611	0.0679554	0.151698	-0.00191238	-0.00248003	4.24088e-05	-5.08999999999926e-05	-0.0106254	0.013145	-0.00038496	0.00018993	0	0.0525658	-0.0458193599	0.0276942808	-0.0026000839	-0.0231484102	0.0430717306	-0.05215628	0.0481159803	-0.0319675512	0.0077746586	0.0183746853	-0.0399001378	0.0513849338	-0.0499389857	0.0359261587	-0.0128727058	-0.0134200948	0.0363358002	-0.0501077956	0.0512704319	-0.039531138	0.0178440444	0.0624244676	-0.035067468	0.018564431	-0.0245928809	-0.0590951996	-0.0585578802	-0.0436848397	-0.0206036623	0.0435535166	0.0121709876	-0.176695078485203	1.64197552476735	0.448081059024295	0.592443852028073
-0.12113	0.0430787	0.151099	-0.00127755	-0.00248003	4.24088e-05	-0.023519	-0.0248767	-0.000598999999999988	0.00063483	0	0	0.0807362	-0.0459287708	0.0280773158	-0.0032775729	-0.0223332702	0.0424173034	-0.0520043348	0.0487218636	-0.0333822024	0.0097814541	0.0162399088	-0.0382423846	0.0507810249	-0.050752895	0.038164956	-0.0161323429	-0.009892538	0.0334693144	-0.0487634462	0.0519900974	-0.0423507695	0.0222309049	-0.0279499519	-0.044291426	-0.0179873787	-0.0644705494	-0.0112191422	-0.0321800034	0.0304478791	-0.0280195533	0.0075668368	-0.056290983	0.226620922401566	1.74922483445963	0.448081059024295	0.592443852028073
-0.117206	0.0632271	0.13861	-0.000962568	-0.00248003	-0.000169932	0.00392400000000001	0.0201484	-0.012489	0.000314982	0	-0.0002123408	0.06292754	-0.0460373263	0.0284582593	-0.0039545126	-0.021511476	0.0417431291	-0.0518175273	0.0492832916	-0.0347570714	0.0117734969	0.0140748942	-0.0364984753	0.0500409704	-0.0514071169	0.0402644936	-0.0193244083	-0.0063178387	0.0304227813	-0.0471250218	0.0523604445	-0.0448551266	0.0264353189	-0.0323888729	0.0212935295	-0.0441143059	0.0730540006	-0.066243359	0.0425594778	0.0221957181	0.0198269007	0.0162373086	-0.0380151153	0.892131359315002	1.19985597835939	0.448081059024295	0.592443852028073
-0.117155	0.0649011	0.125335	-0.00110857	-0.00248003	-0.000194876	5.09999999999955e-05	0.00167400000000001	-0.013275	-0.000146002	0	-2.4944e-05	0.0235473	-0.0461450246	0.0288370829	-0.0046307895	-0.0206832724	0.0410495216	-0.0515959829	0.0497997519	-0.0360905197	0.0137477825	0.0118836729	-0.0346723388	0.0491667543	-0.051899593	0.0422171104	-0.0224355316	-0.0027130321	0.0272125894	-0.0452024033	0.0523789848	-0.0470255659	0.0304227813	0.06255014	0.0360207318	-0.0133712048	0.004413447	-0.0024828191	2.2411e-05	-0.0327308801	0.0527411889	0.0721762478	0.0286549026	0.211254321821429	0.819752354187683	0.448081059024295	0.592443852028073
-0.117111	0.0680564	0.143607	-0.00156904	-0.00270846	-0.000106313	4.40000000000024e-05	0.0031553	0.018272	-0.00046047	-0.00022843	8.8563e-05	0.06034445	-0.0462518635	0.0292137585	-0.0053062903	-0.0198489062	0.0403368038	-0.05133985	0.0502707735	-0.0373809583	0.0157013334	0.0096703246	-0.0327680892	0.0481607204	-0.0522287737	0.0440156816	-0.0254526818	0.0009047034	0.0238560081	-0.0430071852	0.0520455938	-0.0488459301	0.0341605674	-0.0193778271	-0.0791576355	0.0038896146	-0.0495296164	0.0362290333	-0.0652383333	0.0153389229	-0.0544567134	0.0752308625	0.0004364903	1.02006730782693	0.804272464671563	0.448081059024295	0.592443852028073
-0.134979	0.0682311	0.135439	-0.000657033	-0.00282553	-0.000334044	-0.017868	0.0001747	-0.00816799999999998	0.000912007	-0.00011707	-0.000227731	0.0890511	-0.0463578411	0.029588258	-0.0059809018	-0.019008626	0.0396053074	-0.0510493004	0.0506959264	-0.0386268493	0.017631203	0.0074389706	-0.0307900166	0.0470255659	-0.0523936235	0.0456536443	-0.028363221	0.0045181276	0.020371094	-0.0405526062	0.0513625114	-0.0503026675	0.0376180017	-0.0444984349	0.0296971837	0.0579594804	0.0317215174	-0.0450948179	0.0541965292	-0.0221239451	-0.061149367	-0.01855381	-0.0126544026	0.477664092552619	1.00954059385786	0.448081059024295	0.592443852028073
-0.147945	0.0542672	0.125208	-0.000417488	-0.00290255	-0.000813448	-0.012966	-0.0139639	-0.010231	0.000239545	-7.70199999999997e-05	-0.000479404	0.07695935	-0.0464629554	0.0299605535	-0.0066545109	-0.0181626821	0.0388553731	-0.0507245288	0.0510748227	-0.039826708	0.0195344808	0.0051937656	-0.0287425773	0.0457643343	-0.0523936235	0.0471250218	-0.0311549584	0.0081100208	0.016776594	-0.0378534688	0.0503343274	-0.0513849338	0.0407667093	0.0356759072	-0.0012454865	-0.0738609406	-0.0899452381	0.0198899333	-0.0103035074	-0.0220959689	0.0434583538	-0.0147872677	-0.0652009199	0.844137358105755	0.517985306325391	0.448081059024295	0.592443852028073
-0.150176	0.0847408	0.13143	-0.000632241	-0.00290255	-0.000796773	-0.00223100000000001	0.0304736	0.006222	-0.000214753	0	1.66750000000003e-05	0.050498	-0.0465672044	0.0303306173	-0.0073270047	-0.0173113266	0.0380873499	-0.0503657529	0.0514071169	-0.0409791044	0.0214082961	0.00293889	-0.026630384	0.0443804069	-0.0522287737	0.0484244452	-0.0338162004	0.011663266	0.0130918447	-0.0349260507	0.0489679499	-0.0520846721	0.0435808493	-0.0286116798	0.0042353988	-0.0370352214	0.0351876895	-0.0321390944	0.0136803789	0.0605050966	0.0336318326	0.0486340463	0.0068626767	1.05459199495139	0.378806015026603	0.448081059024295	0.592443852028073
-0.158388	0.0680634	0.168228	-0.00107179	-0.00290255	-0.000897394	-0.008212	-0.0166774	0.036798	-0.000439549	0	-0.000100621	0.0886959	-0.0466705863	0.0306984217	-0.0079982704	-0.0164548132	0.0373015953	-0.0499732133	0.0516925056	-0.0420826652	0.0232498227	0.0006785423	-0.0244581953	0.0428774942	-0.051899593	0.0495471731	-0.0363358002	0.0151609305	0.0093366682	-0.031788006	0.0472725596	-0.0523966733	0.0460373263	0.0484255233	0.0084812323	0.0151223226	-0.0450216149	-0.0366449918	-0.0209576247	-0.0411474793	-0.0026497558	0.1153585464	0.0034495249	-0.699721028332717	0.576822304119692	0.448081059024295	0.592443852028073
-0.170646	0.0679938	0.168339	-0.00125658	-0.00334807	-0.00106702	-0.012258	-6.9600000000003e-05	0.000111000000000028	-0.00018479	-0.00044552	-0.000169626	0.0524354	-0.046773099	0.0310639394	-0.0086681957	-0.015593397	0.0364984753	-0.0495471731	0.0519307284	-0.0431360754	0.0250562833	-0.0015830688	-0.0222309049	0.0412596253	-0.0514071169	0.0504891087	-0.0387032042	0.0185863463	0.0055312652	-0.0284582593	0.0452595478	-0.0523186149	0.0481159803	-0.036208462	-0.0512908115	-0.0073806881	-0.0880475448	-0.0177144517	-0.0301578219	0.0164561486	-0.0656308599	0.0493224265	-0.0520117451	0.065960331925344	0.334062077053778	0.448081059024295	0.592443852028073
-0.162047	0.0679736	0.160893	-0.0013332	-0.00334807	-0.00106873	0.008599	-2.01999999999841e-05	-0.00744600000000001	-7.66200000000006e-05	0	-1.71000000000004e-06	0.0199817	-0.0468747407	0.0314271432	-0.0093366682	-0.0147273348	0.0356783636	-0.0490879179	0.052121568	-0.0441380794	0.0268249532	-0.0038417323	-0.0199535306	0.039531138	-0.050752895	0.051246815	-0.0409084964	0.0219231897	0.001696107	-0.0249568909	0.0429424396	-0.0518510778	0.0497997519	-0.0417371255	0.0362666037	-0.0411536105	0.0130207654	-0.0846567788	0.0621857457	-0.0007591834	0.0040431407	0.0209552503	-0.0617247433	-0.976721769627275	-0.418236391926051	0.448081059024295	0.592443852028073
-0.158264	0.0754479	0.149356	-0.00162705	-0.00334807	-0.000838105	0.00378299999999998	0.00747429999999999	-0.011537	-0.000293849999999999	0	0.000230625	0.04901805	-0.0469755095	0.031788006	-0.0100035758	-0.0138568845	0.0348416421	-0.0485957556	0.0522648503	-0.0450874833	0.028553165	-0.0060932427	-0.017631203	0.0376966663	-0.0499389857	0.0518175273	-0.0429424396	0.025155559	-0.0021481754	-0.0213050164	0.0403368038	-0.0509975427	0.0510748227	0.05036764	0.019653125	-0.0526162386	-0.0677266555	-0.0109176326	-0.006478502	-0.0304687645	0.0489642587	0.0263045412	-0.0167775269	-0.838408164084078	-1.02056439525219	0.448081059024295	-1.68540061352814
-0.15826	0.0375863	0.155013	-0.00113808	-0.00334807	-0.000960469	4.00000000003176e-06	-0.0378616	0.00565700000000002	0.000488969999999999	0	-0.000122364	0.0740893	-0.0470754035	0.032146501	-0.0106688069	-0.0129823055	0.0339887004	-0.0480710162	0.0523604445	-0.0459831556	0.0302383121	-0.0083334077	-0.0152691543	0.0357611286	-0.0489679499	0.052199163	-0.0447965146	0.0282680507	-0.0059809018	-0.017524659	0.0374601473	-0.0497643635	0.0519307284	-0.0562332783	-0.0482868267	0.0095821446	-0.1253741026	0.0072178945	-0.0136315232	0.0602303325	-0.0472844562	0.0338310439	-0.0219413428	0.922349335750132	-0.744268170962793	0.448081059024295	-1.68540061352814
-0.158045	0.0440153	0.162323	-0.00149279	-0.00413948	-0.00110403	0.000214999999999993	0.006429	0.00730999999999998	-0.00035471	-0.00079141	-0.000143561	0.07843805	-0.0471744208	0.0325026013	-0.0113322499	-0.0121038584	0.0331199354	-0.0475140513	0.0524082634	-0.0468240289	0.0318778528	-0.0105580562	-0.0128727058	0.033729714	-0.0478428428	0.0523903296	-0.0464629554	0.0312458323	-0.0097814541	-0.0136386166	0.0343317983	-0.0481607204	0.0523604445	-0.0152148918	0.0653153806	-0.0423198277	-0.0293424037	-0.0774895281	0.0526209141	-0.0407361415	-0.0028279676	0.0211653319	-0.097232116	0.566041957209421	-0.808722173985776	0.448081059024295	-1.68540061352814
-0.166891	0.120339	-0.0627846	-0.00105296	-0.00399719	-0.000960469	-0.00884600000000002	0.0763237	-0.2251076	0.00043983	0.00014229	0.000143561	0.34656135	-0.0472725596	0.0328562806	-0.0119937935	-0.0112218049	0.0322357516	-0.0469252343	0.0524082634	-0.047609101	0.0334693144	-0.0127630461	-0.0104472564	0.0316078689	-0.0465672044	0.0523903296	-0.0479347819	0.0340747132	-0.0135293872	-0.0096703246	0.0309727759	-0.0461985516	0.0523604445	0.051382603	-0.0206147805	-0.015233685	0.0441713633	0.0699049219	-0.0295001498	0.0297701324	0.0684978928	-0.0698042836	0.0466552132	1.20836388576218	0.302309979871587	0.448081059024295	0.592443852028073
-0.1731	0.00665043	0.0216988	-0.000588167	-0.00322431	-0.00116612	-0.00620899999999999	-0.11368857	0.0844834	0.000464793	0.00077288	-0.000205651000000001	0.27654717	-0.0473698181	0.0332075124	-0.0126533271	-0.0103364079	0.0313365607	-0.0463049601	0.0523604445	-0.0483374366	0.0350102966	-0.0149442718	-0.0079982704	0.029401282	-0.0451450484	0.052199163	-0.0492058292	0.0367412126	-0.0172045393	-0.0056437143	0.0274056492	-0.0438924641	0.0519307284	-0.0287447071	0.0015343379	0.0375035066	-0.0083463283	0.0452255966	0.026554183	0.0340150714	0.0002614756	-0.0642925301	0.0837226439	-0.161097568321838	0.414586168134409	0.448081059024295	-1.68540061352814
-0.133027	-0.0113246	0.0666293	-0.00173721	-0.00401184	-0.00179453	0.040073	-0.01797503	0.0449305	-0.001149043	-0.00078753	-0.000628409999999999	0.23122768	-0.0474661945	0.0335562706	-0.0133107399	-0.0094479311	0.0304227813	-0.0456536443	0.0522648503	-0.0490081675	0.0364984753	-0.0170976719	-0.0055312652	0.0271158693	-0.0435808493	0.0518175273	-0.0502707735	0.0392326234	-0.02078714	-0.0015830688	0.0236543856	-0.0412596253	0.0510748227	-0.008991799	-0.0017556681	-0.0331991687	-0.020143038	-0.0666369114	0.0079859085	0.0043032469	0.0072833853	0.0163103355	-0.0208029	0.996622576265617	0.809824737413496	0.448081059024295	0.592443852028073
-0.128241	0.0455923	0.0847837	-0.00178743	-0.00368	-0.00148373	0.00478599999999999	0.0569169	0.0181544	-5.02199999999999e-05	0.00033184	0.0003108	0.1145003	-0.0475616869	0.0339025293	-0.0139659219	-0.0085566393	0.0294948387	-0.0449717237	0.052121568	-0.0496204944	0.0379316059	-0.0192192368	-0.0030517987	0.024757758	-0.0418795288	0.051246815	-0.0511251541	0.0415370728	-0.0242579167	0.0024871236	0.0197441895	-0.038319635	0.0497997519	-0.0052027013	0.0160875708	0.0034219669	-0.000774642	-0.0420937612	0.0216495507	0.00030316	0.0180814107	0.0549808383	0.0065270108	1.32167751578644	1.25086223069843	0.448081059024295	0.592443852028073
-0.134859	0.0582537	0.0919414	-0.00159324	-0.00368	-0.00148373	-0.00661799999999996	0.0126614	0.00715769999999999	0.00019419	0	0	0.0361466	-0.0476562936	0.0342462625	-0.0146187631	-0.0076627981	0.028553165	-0.0442596553	0.0519307284	-0.0501736876	0.0393075269	-0.0213050164	-0.0005654567	0.0223332702	-0.0400464398	0.0504891087	-0.0517653924	0.0436435792	-0.0275981986	0.0065423171	0.0157013334	-0.0350943796	0.0481159803	-0.0051623568	-0.0235800694	-0.0301062767	-0.01929257	-0.0965079489	-0.0215802283	-0.0030651208	0.0069263587	0.0608384301	-0.094753979	-1.06049749515738	1.33390262516799	0.448081059024295	0.592443852028073
-0.14727	0.0763956	0.0739682	-0.0014308	-0.00360574	-0.00148373	-0.012411	0.0181419	-0.0179732	0.00016244	7.42599999999996e-05	0	0.0603611	-0.0477500128	0.0345874448	-0.0152691543	-0.0067666737	0.0275981986	-0.0435179165	0.0516925056	-0.050667088	0.0406241631	-0.023351127	0.0019221591	0.0198489062	-0.0380873499	0.0495471731	-0.0521888067	0.0455421041	-0.0307900166	0.0105580562	0.0115529809	-0.0316078689	0.0460373263	-0.0281119482	0.0226927569	-0.0207231848	0.0448298009	-0.106908447	0.0419880078	0.0233987694	0.0242701359	0.0478229714	-0.0694230283	-1.3473248592505	1.39830480476231	0.448081059024295	0.592443852028073
-0.13914	0.094558	0.0798699	-0.00169524	-0.00368	-0.00148373	0.00813	0.0181624	0.00590170000000002	-0.00026444	-7.42599999999996e-05	0	0.0491291	-0.0478428428	0.0349260507	-0.0159169864	-0.0058685331	0.026630384	-0.0427470046	0.0514071169	-0.0511001074	0.0418795288	-0.0253537587	0.0044054445	0.0173113266	-0.036008423	0.0484244452	-0.0523936235	0.0472236001	-0.0338162004	0.0145101234	0.0073270047	-0.0278860579	0.0435808493	0.0383418053	-0.0293115328	-0.0073141918	0.0535224144	-0.0601787536	-0.033690899	-0.0098226884	0.0214710925	0.0561783954	-0.0045448848	-0.98522837988856	1.39835665364967	0.448081059024295	0.592443852028073
-0.130491	0.0550065	0.0735532	-0.00143015	-0.0031173	-0.00148374	0.00864900000000002	-0.0395515	-0.00631669999999999	0.00026509	0.000562699999999999	-1.00000000001575e-08	0.0959072	-0.0479347819	0.0352620549	-0.0165621507	-0.004968644	0.0256501718	-0.0419474363	0.0510748227	-0.0514722298	0.0430717306	-0.0273091829	0.006878805	0.0147273348	-0.0338162004	0.0471250218	-0.0523789848	0.0486800542	-0.0366604707	0.0183746853	0.0030517987	-0.0239566531	0.0407667093	-0.0299172172	0.0107902187	0.0145789605	0.016048588	-0.0225337362	0.0116655434	0.0074556023	-0.0252191443	-0.0193707715	-0.0095449757	-0.598756121768756	1.26651100873261	0.448081059024295	0.592443852028073
-0.145047	0.0764702	0.054205	-0.000766908	-0.00355326	-0.00173031	-0.014556	0.0214637	-0.0193482	0.000663242	-0.00043596	-0.00024657	0.1226565	-0.0480258282	0.0355954325	-0.0172045393	-0.0040672745	0.0246580184	-0.0411197477	0.0506959264	-0.0517830118	0.0441989703	-0.0292137585	0.0093366682	0.0121038584	-0.0315175794	0.0456536443	-0.0521449521	0.0499045256	-0.0393075269	0.022128436	-0.0012439122	-0.0198489062	0.0376180017	0.026169838	-0.0122039199	-0.0394830727	0.0147236783	-0.0269225066	-0.0234027048	-0.0112451528	0.033935428	0.0077502772	-0.0288794432	-0.610355315191515	1.17490058711863	0.448081059024295	0.592443852028073
-0.147201	0.0619625	0.0750198	-0.000433607	-0.00363418	-0.00148373	-0.00215399999999999	-0.0145077	0.0208148	0.000333301	-8.092e-05	0.00024658	0.07051655	-0.0481159803	0.0359261587	-0.0178440444	-0.0031646932	0.0236543856	-0.0402644936	0.0502707735	-0.052032083	0.0452595478	-0.0310639394	0.0117734969	0.0094479311	-0.0291197926	0.0440156816	-0.0516925056	0.0508911792	-0.0417431291	0.025748738	-0.0055312652	-0.015593397	0.0341605674	-0.0398169673	-0.0027176568	0.0452667919	0.0096517174	0.0479852488	0.0241539667	0.0347793917	-0.0342370237	0.0074491797	0.0232849087	-0.675432921127846	0.442532324561304	0.448081059024295	0.592443852028073
-0.154444	0.0357434	0.0565098	-0.000138056	-0.00372121	-0.00190937	-0.007243	-0.0262191	-0.01851	0.000295551	-8.70300000000001e-05	-0.00042564	0.09238315	-0.0482052363	0.0362542087	-0.0184805588	-0.0022611689	0.0226397406	-0.0393822474	0.0497997519	-0.0522191466	0.0462518635	-0.0328562806	0.0141838011	0.0067666737	-0.026630384	0.0422171104	-0.0510235403	0.0516353132	-0.0439541752	0.0292137585	-0.0097814541	-0.0112218049	0.0304227813	0.0512565869	0.0158535232	0.0247036998	-0.0216619935	-0.0294492621	-0.0065183302	-0.055732214	-0.0022589153	-0.0343345015	-0.0397341627	1.02540045483208	0.013209054201828	0.448081059024295	0.592443852028073
-0.149105	0.048174	0.0280693	0.000415461	-0.00352758	-0.0017637	0.00533900000000001	0.0124306	-0.0284405	0.000553517	0.00019363	0.00014567	0.09085095	-0.0482935946	0.0365795581	-0.0191139759	-0.0013569709	0.0216145559	-0.0384736004	0.0492832916	-0.0523439796	0.0471744208	-0.0345874448	0.0165621507	0.0040672745	-0.0240571864	0.0402644936	-0.0501408583	0.0521333814	-0.0459287708	0.0325026013	-0.0139659219	-0.0067666737	0.0264353189	-0.0321808149	-0.0298279841	-0.0454226909	0.0138563948	0.0777667535	-0.0118231251	0.0541139468	0.0195860331	-0.0464048291	0.0240452779	0.818599931270771	0.088172291461312	0.448081059024295	0.592443852028073
-0.157088	0.0482391	0.0231136	0.00135794	-0.00363418	-0.00189741	-0.00798300000000002	6.50999999999916e-05	-0.0049557	0.000942479	-0.0001066	-0.00013371	0.07214325	-0.0483810535	0.0369021828	-0.0197441895	-0.0004523686	0.0205793086	-0.0375391619	0.0487218636	-0.0524064334	0.0480258282	-0.0362542087	0.0189031876	0.0013569709	-0.0214082961	0.038164956	-0.0490481569	0.0523830103	-0.0476562936	0.0355954325	-0.0180565534	-0.0022611689	0.0222309049	-0.0266048122	0.0427887978	0.0478339627	0.0634601089	0.0887519116	0.0480796291	-0.0021776523	0.0057499909	-0.0228634698	0.0487660823	1.02020961974922	0.596802500944511	0.448081059024295	0.592443852028073
-0.154463	0.0459708	0.0281344	0.00151408	-0.00363418	-0.00192238	0.00262500000000004	-0.00226829999999999	0.0050208	0.00015614	0	-2.497e-05	0.0189696	-0.0484676115	0.0372220587	-0.020371094	0.0004523686	0.0195344808	-0.0365795581	0.0481159803	-0.0524064334	0.0488048017	-0.0378534688	0.0212016376	-0.0013569709	-0.0186920473	0.0359261587	-0.0477500128	0.0523830103	-0.0491274505	0.0384736004	-0.0220258641	0.0022611689	0.0178440444	0.0216104386	0.0338368198	0.0809970187	0.0335414666	0.0579193406	0.0075205809	-0.0554084045	-0.0280429732	-0.0207379592	0.0698362413	-0.383629887699864	0.757457063161656	0.448081059024295	0.592443852028073
-0.154762	0.0481973	0.0369702	0.0011211	-0.00407606	-0.00193918	-0.000299000000000021	0.00222649999999999	0.0088358	-0.00039298	-0.00044188	-1.68e-05	0.0539443	-0.0485532669	0.0375391619	-0.0209945843	0.0013569709	0.0184805588	-0.0355954325	0.0474661945	-0.0523439796	0.0495101664	-0.0393822474	0.0234523225	-0.0040672745	-0.0159169864	0.0335562706	-0.0462518635	0.0521333814	-0.0503343274	0.0411197477	-0.0258471843	0.0067666737	0.0133107399	0.0371735605	0.0046585825	0.0491561206	0.0135944866	0.0324603554	-0.0238448702	-0.0509548125	-0.0133700745	-0.0547208438	0.0128034792	0.574993099288686	0.03386075566813	0.448081059024295	0.592443852028073
-0.165634	0.048254	0.00994311	0.00188661	-0.00343844	-0.00210031	-0.010872	5.67000000000067e-05	-0.02702709	0.00076551	0.00063762	-0.00016113	0.11616879	-0.0486380181	0.0378534688	-0.0216145559	0.0022611689	0.0174180334	-0.0345874448	0.046773099	-0.0522191466	0.0501408583	-0.0408376979	0.0256501718	-0.0067666737	-0.0130918447	0.0310639394	-0.0445599841	0.0516353132	-0.0512704319	0.0435179165	-0.0294948387	0.0112218049	0.0086681957	0.0354404616	0.0117710242	0.0099791606	0.0290055678	0.0680680337	-0.0175260203	-0.0061313847	0.030751531	-0.1073468865	0.0388742637	0.776412009528581	-0.086577392731948	0.448081059024295	0.592443852028073
-0.16093	0.0708516	0.0140423	0.00153218	-0.00407606	-0.00210031	0.00470400000000004	0.0225976	0.00409919	-0.00035443	-0.00063762	0	0.08100329	-0.0487218636	0.038164956	-0.0222309049	0.0031646932	0.016347399	-0.0335562706	0.0460373263	-0.052032083	0.0506959264	-0.0422171104	0.027790234	-0.0094479311	-0.0102255113	0.0284582593	-0.0426814612	0.0508911792	-0.0519307284	0.0456536443	-0.032944319	0.015593397	0.0039545126	0.0457604418	-0.0183454099	-0.0060493733	0.0348135954	0.1001560332	-0.0495817555	0.0042994991	0.0497897777	-0.0778338186	0.0507193327	-0.611617291630335	0.447239271146325	0.448081059024295	0.592443852028073
-0.15881	0.0735299	0.0416222	0.000948499	-0.003922	-0.00202312	0.00211999999999998	0.00267829999999997	0.0275799	-0.000583681	0.00015406	7.719e-05	0.07312475	-0.0488048017	0.0384736004	-0.022843528	0.0040672745	0.0152691543	-0.0325026013	0.0452595478	-0.0517830118	0.0511745333	-0.0435179165	0.0298676878	-0.0121038584	-0.0073270047	0.025748738	-0.0406241631	0.0499045256	-0.0523116647	0.0475140513	-0.0361724484	0.0198489062	-0.0007916247	0.0239516131	-0.0377127752	0.062006136	0.0048625126	0.1066111501	-0.0429509754	-0.0001091412	-0.0134011963	-0.0330371055	0.0769392975	0.28203953107903	0.524160517496077	0.448081059024295	0.592443852028073
-0.166568	0.0761875	0.0260445	0.00244356	-0.00367425	-0.0022732	-0.00775800000000002	0.00265760000000002	-0.0155777	0.001495061	0.00024775	-0.00025008	0.12563785	-0.048886831	0.0387793789	-0.0234523225	0.004968644	0.0141838011	-0.0314271432	0.044440473	-0.0514722298	0.0515759573	-0.0447376941	0.0318778528	-0.0147273348	-0.0044054445	0.0229452624	-0.0383967071	0.0486800542	-0.0524111916	0.0490879179	-0.0391575372	0.0239566531	-0.0055312652	0.0183153133	-0.0625027968	0.0463331875	0.0232131007	0.0417057579	-0.0478223448	0.0113929113	-0.0297636547	-0.1081340451	0.0071926104	0.629745836347135	0.469639351778197	0.448081059024295	0.592443852028073
-0.166504	0.0713891	0.0336405	0.00167912	-0.00416385	-0.0021003	6.40000000000085e-05	-0.00479839999999999	0.007596	-0.00076444	-0.0004896	0.0001729	0.0838054	-0.0489679499	0.0390822688	-0.0240571864	0.0058685331	0.0130918447	-0.0303306173	0.0435808493	-0.0511001074	0.051899593	-0.0458741721	0.0338162004	-0.0173113266	-0.0014700233	0.020058062	-0.036008423	0.0472236001	-0.0522287737	0.0503657529	-0.0418795288	0.0278860579	-0.0102255113	-0.047262148	-0.0151692804	-0.011459202	0.0478482748	0.0673251464	0.0084363715	0.071051212	0.0205630566	-0.1071895278	0.0309657774	-1.10570452883002	0.407040459773429	0.448081059024295	0.592443852028073
-0.16649	0.0910654	0.0540406	0.00100105	-0.00430278	-0.00210031	1.39999999999862e-05	0.0196763	0.0204001	-0.00067807	-0.00013893	-1.00000000003743e-08	0.0809409	-0.0490481569	0.0393822474	-0.0246580184	0.0067666737	0.0119937935	-0.0292137585	0.0426814612	-0.050667088	0.0521449521	-0.0469252343	0.0356783636	-0.0198489062	0.0014700233	0.0170976719	-0.0334693144	0.0455421041	-0.0517653924	0.05133985	-0.0443201343	0.0316078689	-0.0148358378	-0.0268417332	0.039771671	0.0049626082	0.0217804468	0.0894531086	0.0422695648	0.01497236	0.0084719851	-0.0219357993	0.054572803	-1.18969819843199	-0.060094813494917	-2.22840312389761	0.592443852028073
-0.166458	0.0667152	0.0699433	0.000658976	-0.00447143	-0.00190095	3.20000000000042e-05	-0.0243502	0.0159027	-0.000342074	-0.00016865	0.00019936	0.0757891	-0.0491274505	0.0396792925	-0.0252547177	0.0076627981	0.0108901587	-0.0280773158	0.0417431291	-0.0501736876	0.0523116647	-0.0478889238	0.0374601473	-0.0223332702	0.0044054445	0.0140748942	-0.0307900166	0.0436435792	-0.0510235403	0.0520043348	-0.0464629554	0.0350943796	-0.0193244083	0.0422695321	0.0251511636	0.0856680556	0.0298564948	0.0165273483	0.0046911374	-0.0622003738	-0.0265815656	-0.0237747578	0.0683731891	-0.556525599060677	-0.016947697553506	0.448081059024295	0.592443852028073
-0.15682	0.0580022	0.0537298	0.00139221	-0.00447143	-0.00210031	0.00963799999999998	-0.00871299999999999	-0.0162135	0.000733234	0	-0.00019936	0.0811942	-0.0492058292	0.0399733818	-0.0258471843	0.0085566393	0.0097814541	-0.0269220508	0.0407667093	-0.0496204944	0.0523994793	-0.0487634462	0.0391575372	-0.024757758	0.0073270047	0.0110007588	-0.027981752	0.0415370728	-0.0500072082	0.0523552	-0.0482935946	0.038319635	-0.0236543856	-0.0043754922	-0.0619918446	-0.005633833	-0.0100235635	0.04823431	-0.0553231136	0.0124039447	-0.0222609223	-0.0737743688	-0.0259572728	-0.443017486366054	0.883837620898701	0.448081059024295	0.592443852028073
-0.150181	0.0760108	0.05882	0.000883538	-0.00447143	-0.0019779	0.00663900000000003	0.0180086	0.0050902	-0.000508672	0	0.00012241	0.0612919	-0.0492832916	0.0402644936	-0.0264353189	0.0094479311	0.0086681957	-0.025748738	0.0397530928	-0.0490081675	0.0524082634	-0.0495471731	0.0407667093	-0.0271158693	0.0102255113	0.0078864829	-0.0250562833	0.0392326234	-0.0487218636	0.0523903296	-0.0497997519	0.0412596253	-0.027790234	-0.0360462205	0.0396182137	-0.0114805172	0.1163478612	0.0076435258	0.0550184974	0.0378356195	0.0300554716	-0.0850168426	0.0230560038	-0.822856341913116	0.135083813038991	0.448081059024295	0.592443852028073
-0.154973	0.0756824	0.137416	-0.000971375	-0.00447143	-0.001417	-0.00479200000000002	-0.000328400000000034	0.078596	-0.001854913	0	0.0005609	0.20450705	-0.0493598362	0.0405526062	-0.0270190229	0.0103364079	0.0075509019	-0.024558164	0.0387032042	-0.0483374366	0.0523380039	-0.0502386454	0.0422840384	-0.029401282	0.0130918447	0.00474343	-0.0220258641	0.0367412126	-0.0471744208	0.052109512	-0.0509713076	0.0438924641	-0.0316980113	0.048323098	-0.0137274748	-0.0054263086	0.0417730177	-0.0227600888	-0.0385884346	-0.0201111501	0.033968981	0.0317129521	0.0274319422	-0.016560517326924	-0.15687351129502	0.448081059024295	0.592443852028073
-0.166899	0.0755674	0.15836	-0.0012989	-0.00469791	-0.00167589	-0.011926	-0.000114999999999976	0.020944	-0.000327525	-0.000226479999999999	-0.00025889	0.0736297499999999	-0.0494354616	0.0408376979	-0.0275981986	0.0112218049	0.0064300929	-0.023351127	0.0376180017	-0.047609101	0.0521888067	-0.0508365754	0.043706106	-0.0316078689	0.0159169864	0.0015830688	-0.0189031876	0.0340747132	-0.0453732043	0.0515144404	-0.0518003901	0.0461985516	-0.0353456466	-0.0545593399	-0.0028020748	0.0356597642	-0.0564664399	-0.053400287	0.0338882726	0.0330211951	-0.0600146123	0.0588299466	-0.0061415749	0.486757855256819	-0.299021469629006	0.448081059024295	0.592443852028073
-0.180105	0.0549757	0.133382	-0.000669909	-0.00447143	-0.00173327	-0.013206	-0.0205917	-0.024978	0.000628991	0.000226479999999999	-5.73800000000001e-05	0.10441825	-0.0495101664	0.0411197477	-0.0281727488	0.0121038584	0.0053062903	-0.022128436	0.0364984753	-0.0468240289	0.0519608967	-0.05133985	0.0450297083	-0.033729714	0.0186920473	-0.0015830688	-0.0157013334	0.0312458323	-0.0433279037	0.0506087036	-0.0522814288	0.0481607204	-0.0387032042	0.0308917476	0.0023766005	-0.0001677002	-0.0276473609	-0.06677093	-0.0069156204	-0.0410753078	-0.0194365145	0.0153027363	-0.0467670099	-0.068554378790035	-0.081120094416323	0.448081059024295	0.592443852028073
-0.188595	0.058289	0.135435	-0.0012989	-0.00447143	-0.00210031	-0.00849000000000003	0.00331330000000001	0.00205300000000005	-0.000628991	0	-0.00036704	0.06365785	-0.0495839492	0.0413987346	-0.0287425773	0.0129823055	0.0041800175	-0.0208909108	0.0353456466	-0.0459831556	0.0516546178	-0.051747532	0.0462518635	-0.0357611286	0.0214082961	-0.00474343	-0.0124337127	0.0282680507	-0.0410495216	0.0493977639	-0.0524111916	0.0497643635	-0.0417431291	-0.0289479168	0.0078266942	-0.0626466316	0.023974683	-0.0641540812	0.0241984612	0.0273048944	0.0250593475	0.0196011681	-0.0087967503	-0.864892999356131	-0.107232631459875	-2.22840312389761	-1.68540061352814
-0.181469	0.0796071	0.164328	-0.00185427	-0.00406454	-0.00148029	0.00712599999999999	0.0213181	0.0288929999999999	-0.00055537	0.00040689	0.00062002	0.1364511	-0.0496568086	0.0416746376	-0.0293075885	0.0138568845	0.0030517987	-0.0196393809	0.0341605674	-0.0450874833	0.0512704319	-0.0520588623	0.0473698181	-0.0376966663	0.0240571864	-0.0078864829	-0.0091140124	0.025155559	-0.0385503146	0.0478889238	-0.0521888067	0.0509975427	-0.044440473	0.0436508345	0.0030278087	-0.0008970093	-0.0163902276	-0.0227304209	-0.0228544641	-0.0261530846	0.0173221627	0.0616655886	0.0110827042	0.141869079087813	-0.075899496110542	0.448081059024295	0.592443852028073
-0.18871	0.0581993	0.163232	-0.00178248	-0.00410946	-0.00169756	-0.00724099999999997	-0.0214078	-0.00109600000000001	7.17900000000002e-05	-4.49199999999995e-05	-0.00021727	0.0464438	-0.0497287433	0.0419474363	-0.0298676878	0.0147273348	0.0019221591	-0.0183746853	0.032944319	-0.0441380794	0.0508089184	-0.0522732612	0.0483810535	-0.039531138	0.026630384	-0.0110007588	-0.0057561371	0.0219231897	-0.0358437271	0.0460912827	-0.0516157682	0.0518510778	-0.046773099	-0.0515493418	-0.0148904353	0.010501157	-0.1135548833	-0.0265116841	0.0106149056	0.0313037582	-0.0759426824	0.0276175677	-0.0168268692	0.729092523612588	0.169891135336231	0.448081059024295	0.592443852028073
-0.18859	0.0582419	0.152947	-0.00144525	-0.00460634	-0.00178072	0.000119999999999981	4.25999999999968e-05	-0.010285	0.00033723	-0.00049688	-8.31599999999999e-05	0.0563111	-0.0497997519	0.0422171104	-0.0304227813	0.015593397	0.0007916247	-0.0170976719	0.0316980113	-0.0431360754	0.0502707735	-0.0523903296	0.0492832916	-0.0412596253	0.0291197926	-0.0140748942	-0.0023741518	0.0185863463	-0.032944319	0.0440156816	-0.0506959264	0.0523186149	-0.0487218636	0.0214633321	0.0365543293	-0.0486658484	-0.0320866465	-0.0259813045	0.0223712275	-0.0292669957	0.0211979858	0.0104176852	-0.0486276232	0.914699375346412	0.554376006963272	0.448081059024295	0.592443852028073
-0.192761	0.0674002	0.152811	-0.00146595	-0.00454683	-0.00195813	-0.00417099999999998	0.00915829999999999	-0.000135999999999997	-2.07e-05	5.95099999999996e-05	-0.00017741	0.0263463	-0.0498698332	0.0424836398	-0.0309727759	0.0164548132	-0.0003392783	-0.0158091967	0.0304227813	-0.0420826652	0.0496568086	-0.0524098495	0.0500744995	-0.0428774942	0.0315175794	-0.0170976719	0.0010177779	0.0151609305	-0.0298676878	0.0416746376	-0.0494354616	0.0523966733	-0.0502707735	-0.0158473384	0.0044993847	-0.0482182172	0.0189766545	0.0249527753	0.0014570654	0.027628781	0.0283312132	0.0217980781	0.0225270942	0.869589891711611	0.349660434882894	0.448081059024295	0.592443852028073
-0.199435	0.0659626	0.162049	-0.00172003	-0.00454683	-0.0019839	-0.00667400000000001	-0.00143759999999998	0.00923799999999999	-0.00025408	0	-2.577e-05	0.0313421	-0.0499389857	0.0427470046	-0.0315175794	0.0173113266	-0.0014700233	-0.0145101234	0.0291197926	-0.0409791044	0.0489679499	-0.0523317845	0.050752895	-0.0443804069	0.0338162004	-0.020058062	0.0044054445	0.011663266	-0.026630384	0.0390822688	-0.0478428428	0.0520846721	-0.0514071169	0.0350217439	0.0047544981	0.023690897	0.0018200165	0.0190032879	-0.0125983686	-0.0326459015	0.0013811724	0.0347435597	0.0422486912	0.723114496768714	0.296796594543961	0.448081059024295	0.592443852028073
-0.205662	0.0581394	0.166716	-0.00154545	-0.00454683	-0.0022947	-0.00622699999999998	-0.00782320000000001	0.004667	0.00017458	0	-0.0003108	0.0429862	-0.0500072082	0.0430071852	-0.0320571007	0.0181626821	-0.0026000839	-0.013201323	0.027790234	-0.039826708	0.0482052363	-0.05215628	0.0513169495	-0.0457643343	0.036008423	-0.0229452624	0.0077746586	0.0081100208	-0.0232498227	0.0362542087	-0.0459287708	0.0513849338	-0.052121568	-0.0394482424	-0.0221509443	0.0196135366	-0.0499184542	-0.0357549653	0.0040373681	0.0058039938	-0.0602936859	0.0576781335	-0.0473890906	-0.552771157414656	0.151062784412054	0.448081059024295	0.592443852028073
-0.195412	0.0581202	0.155247	-0.00154545	-0.00454683	-0.00241761	0.01025	-1.92000000000039e-05	-0.011469	0	0	-0.00012291	0.0278837	-0.0500744995	0.0432641622	-0.0325912492	0.019008626	-0.0037289341	-0.0118836729	0.0264353189	-0.0386268493	0.0473698181	-0.0518836628	0.0517653924	-0.0470255659	0.0380873499	-0.025748738	0.0111113077	0.0045181276	-0.0197441895	0.0332075124	-0.043706106	0.0503026675	-0.0524082634	0.0328078128	0.023326194	-0.0067510968	-0.0456458639	-0.063939188	0.0075570759	-0.0512502817	-0.0028181328	0.0142795952	-0.0704767205	-0.560913498547319	0.082359538786872	0.448081059024295	0.592443852028073
-0.19902	0.0608281	0.166716	-0.00154545	-0.00454683	-0.00239376	-0.003608	0.0027079	0.011469	0	0	2.38500000000002e-05	0.0189774	-0.0501408583	0.0435179165	-0.0331199354	0.0198489062	-0.0048560483	-0.0105580562	0.0250562833	-0.0373809583	0.0464629554	-0.0515144404	0.0520972133	-0.0481607204	0.0400464398	-0.0284582593	0.0144014162	0.0009047034	-0.0161323429	0.0299605535	-0.0411897824	0.0488459301	-0.0522648503	-0.0326306418	-0.0351932091	-0.0874918895	-0.0099260664	-0.0120336661	-0.0254571022	0.0536610189	0.0309901558	0.0330200952	-0.0452344317	-0.872157390148284	-0.042236939200414	0.448081059024295	0.592443852028073
-0.188554	0.0728651	0.16674	-0.00162384	-0.00468398	-0.00221434	0.010466	0.012037	2.39999999999962e-05	-7.839e-05	-0.00013715	0.00017942	0.042275	-0.0502062834	0.0437684292	-0.0336430707	0.0206832724	-0.0059809018	-0.0092253617	0.0236543856	-0.0360905197	0.0454860159	-0.0510493004	0.0523116647	-0.0491667543	0.0418795288	-0.0310639394	0.017631203	-0.0027130321	-0.0124337127	0.0265329132	-0.0383967071	0.0470255659	-0.0516925056	-0.0326489714	0.0601240243	-0.0107581095	0.0206244159	0.0404338665	0.0646252995	0.006269395	0.0241245119	0.0645013858	0.0208270396	-1.27017636224011	0.698233413618976	0.448081059024295	0.592443852028073
-0.188587	0.0582769	0.155911	-0.00100835	-0.00454683	-0.00229342	-3.29999999999775e-05	-0.0145882	-0.010829	0.00061549	0.00013715	-7.908e-05	0.0670362	-0.0502707735	0.0440156816	-0.0341605674	0.021511476	-0.007102971	-0.0078864829	0.0222309049	-0.0347570714	0.044440473	-0.0504891087	0.0524082634	-0.0500409704	0.0435808493	-0.0335562706	0.02078714	-0.0063178387	-0.0086681957	0.0229452624	-0.0353456466	0.0448551266	-0.0506959264	0.0493927178	-0.0245775644	0.0386229346	0.0472118631	-0.0296171909	-0.040330784	-0.063085561	-0.0358888878	0.0059819458	0.0024425945	-0.500318255108951	-0.303832072056774	-2.22840312389761	0.592443852028073
-0.188484	0.0477089	0.162597	-0.00122358	-0.0049622	-0.00217531	0.000102999999999992	-0.010568	0.006686	-0.00021523	-0.00041537	0.00011811	0.0547925	-0.0503343274	0.0442596553	-0.0346723388	0.0223332702	-0.0082217334	-0.0065423171	0.02078714	-0.0333822024	0.0433279037	-0.0498349085	0.0523867919	-0.0507810249	0.0451450484	-0.0359261587	0.0238560081	-0.009892538	-0.0048560483	0.0192192368	-0.0320571007	0.0423507695	-0.0492832916	-0.0515290993	-0.0136623051	-0.0194112233	-0.0179079832	-0.0346586946	0.0078033897	0.0427909091	-0.0316876908	-0.013682592	-0.0221639302	-0.4411640356472	0.69874509004419	-2.22840312389761	-1.68540061352814
-0.188562	0.0582646	0.164882	-0.00156688	-0.00468876	-0.00157638	-7.79999999999947e-05	0.0105557	0.00228500000000001	-0.0003433	0.00027344	0.00059893	0.0737022	-0.0503969439	0.0445003321	-0.0351782991	0.0231484102	-0.0093366682	-0.0051937656	0.0193244083	-0.0319675512	0.042149986	-0.0490879179	0.0522472985	-0.0513849338	0.0465672044	-0.038164956	0.0268249532	-0.0134200948	-0.0010177779	0.015377307	-0.028553165	0.039531138	-0.0474661945	0.002934963	0.0688881743	-0.0353396399	-0.029992373	0.022600175	0.0459719444	-0.0240778737	0.042217839	0.0299995911	-0.0017384181	0.395887525392817	0.720444659590719	0.448081059024295	-1.68540061352814
-0.188485	0.0582222	0.184935	-0.00169879	-0.0049227	-0.00164169	7.69999999999937e-05	-4.2399999999998e-05	0.020053	-0.00013191	-0.000233939999999999	-6.53099999999998e-05	0.0417304	-0.050458622	0.0447376941	-0.0356783636	0.0239566531	-0.0104472564	-0.0038417323	0.0178440444	-0.0305148036	0.0409084964	-0.0482495277	0.0519900974	-0.0518510778	0.0478428428	-0.0402644936	0.0296815396	-0.0168836987	0.0028259676	0.011442642	-0.0248573823	0.0364172225	-0.0452595478	0.0207972619	-0.048309873	-0.0080714042	0.0686609515	-0.0072359125	-0.0541405832	0.0004818028	0.0048592622	0.0651847664	0.0119667706	1.00081599308189	0.748720709842389	0.448081059024295	-1.68540061352814
-0.188457	0.0582772	0.168898	-0.00146937	-0.00501498	-0.00166355	2.80000000000003e-05	5.49999999999995e-05	-0.016037	0.00022942	-9.22800000000001e-05	-2.18600000000001e-05	0.033298	-0.0505193604	0.0449717237	-0.0361724484	0.024757758	-0.0115529809	-0.0024871236	0.016347399	-0.029025691	0.0396053074	-0.047321299	0.0516157682	-0.0521782074	0.0489679499	-0.0422171104	0.0324138022	-0.0202668442	0.0066545109	0.0074389706	-0.0209945843	0.0330322041	-0.0426814612	-0.0507371441	0.011884876	0.0421023323	-0.0092591151	-0.06617155	0.0429677021	0.0068304952	-0.0656340724	0.0085229756	-0.0297300638	0.982732809169657	0.226345835348983	0.448081059024295	-1.68540061352814
-0.188355	0.0583895	0.160447	-0.00112273	-0.00540163	-0.00155586	0.000101999999999991	0.000112300000000003	-0.00845099999999999	0.00034664	-0.00038665	0.00010769	0.0507143	-0.050579158	0.0452024033	-0.0366604707	0.0255514863	-0.0126533271	-0.0011308477	0.0148358378	-0.0275019879	0.0382423846	-0.0463049601	0.0511251541	-0.0523654453	0.0499389857	-0.0440156816	0.0350102966	-0.0235534089	0.0104472564	0.0033904374	-0.0169907249	0.029401282	-0.0397530928	0.0399400857	0.0067927132	-0.0431036152	-0.0565547361	-0.0229409093	-0.0096329853	-0.0319866164	0.0301242571	-0.0103107728	-0.0603415448	0.592176723674816	-0.5064656856257	0.448081059024295	-1.68540061352814
-0.188457	0.0583531	0.146479	-0.0012015	-0.00501498	-0.00155586	-0.000101999999999991	-3.63999999999989e-05	-0.013968	-7.87700000000006e-05	0.00038665	0	0.0373774000000001	-0.0506380137	0.0454297158	-0.0371423487	0.0263376015	-0.0137477825	0.0002261864	0.0133107399	-0.0259455102	0.0368217834	-0.0452024033	0.0505193604	-0.0524122897	0.050752895	-0.0456536443	0.0374601473	-0.0267277308	0.0141838011	-0.0006785423	-0.0128727058	0.0255514863	-0.0364984753	-0.0332478078	-0.0013319294	-0.0419339422	0.0059715777	-0.0085534467	0.0078988751	0.0512462888	0.0265339973	0.0062493146	0.019945082	0.571523281487233	-0.513899377207588	0.448081059024295	-1.68540061352814
-0.188476	0.0759431	0.146976	-0.0012055	-0.00501498	-0.00197166	-1.9000000000019e-05	0.01759	0.000496999999999997	-3.99999999999945e-06	0	-0.0004158	0.039096	-0.0506959264	0.0456536443	-0.0376180017	0.0271158693	-0.0148358378	0.0015830688	0.0117734969	-0.0243581127	0.0353456466	-0.0440156816	0.0497997519	-0.0523186149	0.0514071169	-0.0471250218	0.0397530928	-0.029774683	0.0178440444	-0.00474343	-0.0086681957	0.021511476	-0.032944319	0.0377964577	0.0103677485	0.0036638095	-0.0191004313	0.0197403721	-0.0081457441	-0.021844806	0.0208571258	0.0366104309	0.023183817	0.933824430707038	-0.891677437560218	0.448081059024295	0.592443852028073
-0.188474	0.0720883	0.151001	-0.00111797	-0.00501498	-0.00197749	2.000000000002e-06	-0.00385479999999999	0.004025	8.75299999999999e-05	0	-5.83000000000007e-06	0.0125498	-0.050752895	0.0458741721	-0.0380873499	0.0278860579	-0.0159169864	0.00293889	0.0102255113	-0.0227416872	0.0338162004	-0.0427470046	0.0489679499	-0.0520846721	0.051899593	-0.0484244452	0.0418795288	-0.0326797453	0.0214082961	-0.0087797117	-0.0044054445	0.0173113266	-0.0291197926	-0.0225634866	-0.0229777297	0.0412754817	-0.0554138787	0.0176132387	-0.0026720783	0.0083346065	-0.0615057334	0.0444313872	0.0256821423	0.644690749105494	-1.1382542830594	0.448081059024295	-1.68540061352814
-0.188623	0.0582961	0.141145	-0.000946167	-0.00438946	-0.00211569	-0.00014900000000001	-0.0137922	-0.00985600000000001	0.000171803	0.000625519999999999	-0.0001382	0.07057335	-0.0508089184	0.0460912827	-0.0385503146	0.0286479378	-0.0169907249	0.004292741	0.0086681957	-0.02109816	0.0322357516	-0.0413987346	0.0480258282	-0.0517110885	0.0522287737	-0.0495471731	0.0438305487	-0.0354290736	0.0248573823	-0.0127630461	-0.0001130935	0.0129823055	-0.0250562833	0.0262479812	-0.0076182504	0.0372297621	-0.0141406486	-0.0361761297	-0.0106065586	-0.047082068	-0.0200393148	-0.029961764	-0.0287102589	1.10982322111947	-0.975032104696218	0.448081059024295	-1.68540061352814
-0.188623	0.0582665	0.141144	-0.00117164	-0.00438946	-0.00211569	0	-2.96000000000046e-05	-1.000000000001e-06	-0.000225473	0	0	0.01130425	-0.0508639957	0.0463049601	-0.0390068183	0.029401282	-0.0180565534	0.0056437143	0.007102971	-0.0194294898	0.0306066839	-0.0399733818	0.0469755095	-0.0511988656	0.0523936235	-0.0504891087	0.0455979804	-0.0380095663	0.0281727488	-0.0166694112	0.0041800175	0.0085566393	-0.02078714	-0.020061542	-0.0105286879	-0.0196903184	0.0046072873	-0.0554818809	0.0016473849	0.0210257811	0.0104828196	-0.0350831653	-0.0673558256	0.867145892820676	-1.21210715412716	0.448081059024295	-1.68540061352814
-0.188574	0.0722977	0.133821	-0.000970141	-0.00461009	-0.00211569	4.90000000000213e-05	0.0140312	-0.007323	0.000201499	-0.000220629999999999	0	0.04250965	-0.0509181258	0.0465151882	-0.0394567845	0.0301458661	-0.0191139759	0.0069909042	0.0055312652	-0.017737665	0.0289314543	-0.0384736004	0.0458193599	-0.0505493769	0.0523936235	-0.051246815	0.0471744208	-0.0404089261	0.0313365607	-0.020475249	0.0084450432	0.0040672745	-0.016347399	0.0334459508	0.0077270167	-0.0554003624	0.0093772908	0.0043124247	-0.0097582559	0.0030157128	0.0728321746	-0.0023524142	-0.0219585017	1.12438781221134	-0.840091764694853	0.448081059024295	0.592443852028073
-0.182132	0.0767922	0.141144	-0.00117164	-0.00438946	-0.00211569	0.006442	0.00449450000000001	0.007323	-0.000201499	0.000220629999999999	0	0.03936595	-0.0509713076	0.0467219514	-0.0399001378	0.0308814681	-0.0201625	0.0083334077	0.0039545126	-0.0160247019	0.0272125894	-0.0369021828	0.0445599841	-0.0497643635	0.0522287737	-0.0518175273	0.0485532669	-0.042615719	0.0343317983	-0.0241576078	0.0126533271	-0.0004523686	-0.0117734969	-0.0309948112	-0.0239843077	-0.0086997761	-0.0267586334	0.0284788771	-0.0027498624	0.0588810387	-0.0019344084	0.039312715	0.0100125104	0.537925628424852	-0.590111461006966	0.448081059024295	0.592443852028073
-0.188623	0.065206	0.151764	-0.00167436	-0.00438946	-0.00211569	-0.00649100000000003	-0.0115862	0.01062	-0.00050272	0	0	0.0538332000000001	-0.0510235403	0.0469252343	-0.0403368038	0.0316078689	-0.0212016376	0.0096703246	0.0023741518	-0.0142926419	0.0254526818	-0.0352620549	0.0432002194	-0.0488459301	0.051899593	-0.052199163	0.0497287433	-0.0446194286	0.0371423487	-0.0276942808	0.016776594	-0.004968644	-0.007102971	0.0323346873	-0.0114355406	0.0479548654	0.033541882	-0.0093243481	-0.0197164325	-0.0333478731	-0.0173386554	0.0291749019	0.0282816713	0.219295408484441	-0.628089713714596	0.448081059024295	-1.68540061352814
-0.194648	0.0581053	0.159376	-0.0018178	-0.00417051	-0.00211569	-0.006025	-0.0071007	0.00761199999999995	-0.00014344	0.000218950000000001	0	0.0388572	-0.0510748227	0.0471250218	-0.0407667093	0.0323248521	-0.0222309049	0.0110007588	0.0007916247	-0.0125435491	0.0236543856	-0.0335562706	0.0417431291	-0.0477965391	0.0514071169	-0.0523903296	0.0506959264	-0.0464105063	0.0397530928	-0.0310639394	0.02078714	-0.0094479311	-0.0023741518	-0.0453592561	-0.0329057553	0.0181239122	-0.0497450772	-0.020128987	0.0045134504	0.033000737	-0.0532228691	-0.0133264838	-0.0440300606	0.273673071821469	-1.00966757328572	0.448081059024295	-1.68540061352814
-0.188551	0.058219	0.141004	-0.00140832	-0.0046665	-0.00205185	0.00609700000000002	0.000113700000000008	-0.018372	0.00040948	-0.00049599	6.38399999999999e-05	0.0730482	-0.0511251541	0.047321299	-0.0411897824	0.0330322041	-0.0232498227	0.0123238185	-0.0007916247	-0.0107795079	0.0218204132	-0.031788006	0.040191996	-0.0466190039	0.050752895	-0.0523903296	0.051450765	-0.0479804167	0.042149986	-0.0342462625	0.0246580184	-0.0138568845	0.0023741518	0.0462394144	0.0563038122	-0.0457991724	-0.079592144	0.0202619837	0.0253024248	-0.0452739229	0.0541927644	-0.0197333222	-0.026573631	-0.039778352439477	-0.95048642179993	-2.22840312389761	0.592443852028073
-0.167969	0.0658854	0.145678	-0.00183592	-0.0046929	-0.0017967	0.020582	0.00766639999999999	0.00467400000000001	-0.0004276	-2.64000000000002e-05	0.00025515	0.0683799	-0.0511745333	0.0475140513	-0.0416059521	0.033729714	-0.0242579167	0.0136386166	-0.0023741518	-0.0090026205	0.0199535306	-0.0299605535	0.0385503146	-0.0453164815	0.0499389857	-0.052199163	0.0519900974	-0.0493216787	0.0443201343	-0.0372220587	0.028363221	-0.0181626821	0.007102971	-0.0193964666	-0.0489863115	-0.0562632648	0.0019858323	0.0408013878	-0.0408948193	0.0646549435	0.0278544582	0.030685742	0.0216051351	0.129700946678571	-0.142138252790028	-2.22840312389761	-1.68540061352814
-0.167953	0.0582481	0.141013	-0.00152068	-0.00469291	-0.00166858	1.6000000000016e-05	-0.0076373	-0.00466499999999995	0.00031524	-9.99999999994061e-09	0.00012812	0.0344868	-0.0512229596	0.0477032642	-0.0420151486	0.0344171741	-0.0252547177	0.0149442718	-0.0039545126	-0.0072150046	0.0180565534	-0.0280773158	0.0368217834	-0.0438924641	0.0489679499	-0.0518175273	0.0523116647	-0.0504279004	0.0462518635	-0.0399733818	0.0318778528	-0.0223332702	0.0117734969	-0.0117340761	0.0613200894	0.0475492837	0.0290845641	0.0354290942	0.0591307341	-0.0299943327	-0.0075270495	0.0255824916	0.069289869	-0.223265651768961	1.36545878920568	-2.22840312389761	-1.68540061352814
-0.173789	0.0583333	0.141021	-0.0011802	-0.0046929	-0.00166858	-0.00583600000000001	8.52000000000144e-05	7.99999999995249e-06	0.00034048	9.99999999994061e-09	0	0.0229537	-0.0512704319	0.0478889238	-0.0424173034	0.0350943796	-0.0262397614	0.0162399088	-0.0055312652	-0.0054187904	0.0161323429	-0.0261417992	0.0350102966	-0.0423507695	0.0478428428	-0.051246815	0.0524141198	-0.0512938101	0.0479347819	-0.0424836398	0.0351782991	-0.0263376015	0.016347399	0.0223442117	-0.0529820236	0.0289518784	0.0288869826	0.0010361441	-0.052480054	-0.0238402007	-0.0308314587	-0.0117545645	0.0069942447	-0.095076875785556	0.948106924053826	0.448081059024295	-1.68540061352814
-0.178605	0.061627	0.141026	-0.00148084	-0.0046929	-0.00181577	-0.00481599999999999	0.00329369999999999	5.000000000005e-06	-0.00030064	0	-0.00014719	0.0305062	-0.0513169495	0.0480710162	-0.042812349	0.0357611286	-0.0272125894	0.017524659	-0.007102971	-0.0036161185	0.0141838011	-0.0241576078	0.0331199354	-0.040695531	0.0465672044	-0.0504891087	0.0522970337	-0.0519152815	0.0493598362	-0.0447376941	0.0382423846	-0.0301458661	0.02078714	-0.0365095126	0.0280455578	0.0080605516	0.0431827596	-0.0517661118	0.0466976574	0.0168010874	-0.0102758889	-0.0408751394	-0.0015916717	0.457597185402649	0.092003584588341	0.448081059024295	0.592443852028073
-0.167955	0.0582512	0.141025	-0.00147467	-0.00469291	-0.00177259	0.01065	-0.00337580000000001	-1.000000000001e-06	6.17e-06	-9.99999999994061e-09	4.31799999999999e-05	0.0164948	-0.0513625114	0.0482495277	-0.0432002194	0.0364172225	-0.0281727488	0.0187976612	-0.0086681957	-0.0018091373	0.0122138669	-0.022128436	0.0311549584	-0.0389311863	0.0451450484	-0.0495471731	0.0519608967	-0.052289353	0.0505193604	-0.0467219514	0.0410495216	-0.033729714	0.0250562833	0.0335471603	-0.003844382	-0.0539502536	-0.0310600947	0.0007896617	-0.0194769859	-0.0067360022	0.0459713406	-0.0079299642	-0.0222410151	0.544317316821568	0.341894643554821	0.448081059024295	0.592443852028073
-0.167953	0.0679633	0.141028	-0.00159761	-0.00469291	-0.00161731	2.000000000002e-06	0.00971210000000001	2.99999999997525e-06	-0.00012294	0	0.00015528	0.0236281	-0.0514071169	0.0484244452	-0.0435808493	0.0370624658	-0.0291197926	0.020058062	-0.0102255113	0	0.0102255113	-0.020058062	0.0291197926	-0.0370624658	0.0435808493	-0.0484244452	0.0514071169	-0.0524142418	0.0514071169	-0.0484244452	0.0435808493	-0.0370624658	0.0291197926	-0.0431217232	0.0036529731	0.0019005401	0.0094837998	0.0066541094	0.0251648789	0.0523151803	-0.0011716577	0.0268545901	0.0229758937	0.831660214342486	0.363935891308733	0.448081059024295	0.592443852028073
-0.167952	0.058252	0.141028	-0.00159761	-0.00469291	-0.00158998	1.000000000001e-06	-0.00971130000000001	0	0	0	2.73300000000001e-05	0.0110788	-0.051450765	0.0485957556	-0.0439541752	0.0376966663	-0.0300532798	0.0213050164	-0.0117734969	0.0018091373	0.0082217334	-0.0179503407	0.0270190229	-0.0350943796	0.0418795288	-0.0471250218	0.0506380137	-0.052289353	0.05201833	-0.0498349085	0.0458193599	-0.0401193113	0.032944319	0.0494384147	0.0108384187	0.0613981079	-0.0263760476	-0.00551989	-0.0097271992	-0.0554527955	-0.0274710214	-0.0030079311	0.0298298252	1.04509321436859	0.191551086654029	0.448081059024295	0.592443852028073
-0.167988	0.058397	0.124336	-0.000782689	-0.00451422	-0.00166858	-3.60000000000083e-05	0.000145000000000006	-0.016692	0.000814921	0.00017869	-7.86000000000001e-05	0.07048355	-0.051493455	0.0487634462	-0.0443201343	0.038319635	-0.0309727759	0.0225376886	-0.0133107399	0.0036161185	0.0062055551	-0.0158091967	0.0248573823	-0.0330322041	0.0400464398	-0.0456536443	0.0496568086	-0.0519152815	0.0523497117	-0.0509448353	0.0477500128	-0.0428774942	0.0364984753	-0.0266653409	-0.0495234465	-0.0054225216	-0.0367268052	0.0420307581	-0.0320092838	0.0115907918	-0.044685807	-0.035376941	-0.0139095033	1.28250963208265	0.252323932489693	0.448081059024295	0.592443852028073
-0.163376	0.0582668	0.115567	-0.0013695	-0.00469291	-0.00166858	0.004612	-0.000130200000000004	-0.00876899999999999	-0.000586811	-0.00017869	0	0.05178625	-0.051535186	0.0489275043	-0.0446786654	0.0389311863	-0.0318778528	0.0237552522	-0.0148358378	0.0054187904	0.0041800175	-0.0136386166	0.0226397406	-0.0308814681	0.0380873499	-0.0440156816	0.0484676115	-0.0512938101	0.0523994793	-0.051747532	0.0493598362	-0.0453164815	0.0397530928	-0.0338975508	0.0390503179	-0.0116329935	0.02383703	0.0379919438	0.0556978273	0.0124790431	0.0097291339	-0.0734569925	0.0139299176	0.962493954642871	0.344112265484251	0.448081059024295	0.592443852028073
-0.160576	0.0584097	0.116247	-0.000964218	-0.0046929	-0.00132819	0.0028	0.000142899999999994	0.00068	0.000405282	9.99999999994061e-09	0.00034039	0.040907	-0.0515759573	0.0490879179	-0.0450297083	0.039531138	-0.0327680892	0.0249568909	-0.016347399	0.0072150046	0.0021481754	-0.011442642	0.020371094	-0.0286479378	0.036008423	-0.0422171104	0.0470754035	-0.0504279004	0.0521673651	-0.0522381577	0.0506380137	-0.0474181167	0.0426814612	0.0421630277	0.0540147108	-0.0074424617	-0.0125291194	0.0862964447	0.0230508026	-0.0354457054	0.0552578529	-0.0326058055	0.048336785	0.731449159653183	0.455995025491985	0.448081059024295	0.592443852028073
-0.167898	0.0584154	0.138277	-0.000971426	-0.00488962	-0.00134633	-0.007322	5.70000000000431e-06	0.02203	-7.20800000000008e-06	-0.00019672	-1.814e-05	0.0404611	-0.0516157682	0.049244675	-0.0453732043	0.0401193113	-0.0336430707	0.0261417992	-0.0178440444	0.0090026205	0.0001130935	-0.0092253617	0.0180565534	-0.0263376015	0.0338162004	-0.0402644936	0.0454860159	-0.0493216787	0.0516546178	-0.0524137538	0.0515759573	-0.0491667543	0.0452595478	0.0094968192	-0.0513798802	0.0202883858	0.0427615566	0.061318744	-0.0562505523	0.0096670641	-0.0133920579	-0.0062426739	0.0536087741	0.538530376918895	1.0240872168796	0.448081059024295	0.592443852028073
-0.167878	0.058506	0.154539	-0.000629639	-0.00488167	-0.00135305	1.99999999999922e-05	9.05999999999962e-05	0.016262	0.000341787	7.94999999999962e-06	-6.71999999999999e-06	0.03419545	-0.0516546178	0.0493977639	-0.0457090957	0.040695531	-0.0345023898	0.0273091829	-0.0193244083	0.0107795079	-0.0019221591	-0.0069909042	0.0157013334	-0.0239566531	0.0315175794	-0.038164956	0.043706106	-0.0479804167	0.0508639957	-0.0522732612	0.0521673651	-0.0505493769	0.0474661945	-0.0238502437	0.0233852641	0.0705929769	0.074927238	-0.04005738	0.0235820269	-0.0143006145	-0.0470284027	-0.0103581048	0.008042661	0.782203888673676	1.277083036102	0.448081059024295	0.592443852028073
-0.159899	0.0584441	0.160088	-0.000892954	-0.00484914	-0.00135305	0.00797899999999999	-6.18999999999897e-05	0.005549	-0.000263315	3.25300000000002e-05	0	0.02838215	-0.0516925056	0.0495471731	-0.0460373263	0.0412596253	-0.0353456466	0.0284582593	-0.02078714	0.0125435491	-0.0039545126	-0.00474343	0.0133107399	-0.021511476	0.0291197926	-0.0359261587	0.0417431291	-0.0464105063	0.0497997519	-0.0518175273	0.0524082634	-0.0515556917	0.0492832916	0.0369729806	-0.0196860179	-0.0199886542	-0.0196886707	-0.0506987464	-0.0295258519	-0.0332888032	0.0126521483	-0.0330459349	-0.0831666967	0.689068298753885	1.26871955538454	0.448081059024295	0.592443852028073
-0.150311	0.0583531	0.171532	-0.00125905	-0.00469291	-0.00135305	0.00958800000000001	-9.10000000000077e-05	0.011444	-0.000366096	0.00015623	0	0.0472393	-0.0517294306	0.0496928916	-0.0463578411	0.0418114263	-0.0361724484	0.029588258	-0.0222309049	0.0142926419	-0.0059809018	-0.0024871236	0.0108901587	-0.019008626	0.026630384	-0.0335562706	0.0396053074	-0.0446194286	0.0484676115	-0.0510493004	0.0522970337	-0.0521782074	0.0506959264	-0.0409941656	-0.008515561	-0.0355504274	0.0194917996	-0.0344160503	0.0100216413	0.0716925316	0.032943583	-0.0073555528	-0.0491299624	1.43166518344479	1.28751896276282	0.448081059024295	0.592443852028073
-0.15732	0.0692871	0.154598	-0.00156807	-0.0046929	-0.00135305	-0.00700900000000002	0.010934	-0.016934	-0.00030902	9.99999999994061e-09	0	0.0503285	-0.0517653924	0.0498349085	-0.0466705863	0.0423507695	-0.0369824104	0.0306984217	-0.0236543856	0.0160247019	-0.0079982704	-0.0002261864	0.0084450432	-0.0164548132	0.0240571864	-0.0310639394	0.0373015953	-0.042615719	0.0468747407	-0.0499732133	0.0518344232	-0.0524122897	0.0516925056	0.0120220593	0.0577303597	-0.0088110895	-0.0306909123	0.0152996444	0.0333621606	-0.0171844399	0.0409169819	0.0427092572	0.0081872547	0.548754300029779	1.01308174167748	0.448081059024295	0.592443852028073
-0.167946	0.0667824	0.171523	-0.00173852	-0.00469291	-0.00160169	-0.010626	-0.00250470000000001	0.016925	-0.00017045	-9.99999999994061e-09	-0.00024864	0.0510107	-0.0518003901	0.0499732133	-0.0469755095	0.0428774942	-0.0377751555	0.031788006	-0.0250562833	0.017737665	-0.0100035758	0.002035172	0.0059809018	-0.0138568845	0.0214082961	-0.0284582593	0.0348416421	-0.0404089261	0.0450297083	-0.0485957556	0.0510235403	-0.052256196	0.0522648503	0.0235610549	-0.0589959919	0.0177982442	0.0666913165	-0.0122473858	-0.058613249	-0.0025186866	-0.0187519543	0.039013177	0.0321940518	-0.040539613177768	1.11002238975131	0.448081059024295	0.592443852028073
-0.16785	0.0582509	0.171599	-0.0015843	-0.00505033	-0.00143781	9.60000000000127e-05	-0.00853149999999999	7.59999999999927e-05	0.00015422	-0.00035742	0.00016388	0.0424795	-0.0518344232	0.0501077956	-0.0472725596	0.0433914434	-0.0385503146	0.0328562806	-0.0264353189	0.0194294898	-0.0119937935	0.004292741	0.0035032861	-0.0112218049	0.0186920473	-0.025748738	0.0322357516	-0.0380095663	0.0429424396	-0.0469252343	0.0498698332	-0.0517110885	0.0524082634	-0.0513514297	0.0029128189	0.0362230458	-0.0161672466	-0.0782161777	0.0293692948	0.0147823601	-0.0678468582	0.0171550429	-0.0310938999	-1.26432706440186	1.19399754678823	0.448081059024295	0.592443852028073
-0.16781	0.0479295	0.164105	-0.0015843	-0.00519374	-0.00161212	4.00000000000122e-05	-0.0103214	-0.007494	0	-0.00014341	-0.00017431	0.0337414	-0.051867491	0.0502386454	-0.0475616869	0.0438924641	-0.0393075269	0.0339025293	-0.027790234	0.02109816	-0.0139659219	0.0065423171	0.0010177779	-0.0085566393	0.0159169864	-0.0229452624	0.0294948387	-0.0354290736	0.0406241631	-0.0449717237	0.0483810535	-0.0507810249	0.052121568	0.0040573568	0.0543305474	-0.0367999391	0.0225514217	-0.053275341	0.0331647769	-0.0229492779	0.0417315001	0.0011557677	-0.0498447996	1.1539389909195	1.26638081593982	0.448081059024295	0.592443852028073
-0.16788	0.0581051	0.182099	-0.00214355	-0.00496712	-0.00135305	-7.00000000000145e-05	0.0101756	0.017994	-0.00055925	0.000226619999999999	0.00025907	0.0804866	-0.051899593	0.0503657529	-0.0478428428	0.0443804069	-0.0400464398	0.0349260507	-0.0291197926	0.0227416872	-0.0159169864	0.0087797117	-0.0014700233	-0.0058685331	0.0130918447	-0.020058062	0.026630384	-0.0326797453	0.0380873499	-0.0427470046	0.0465672044	-0.0494729291	0.0514071169	0.0625157915	0.0075079862	-0.0420160959	0.0026381443	-0.0278646609	-0.0361234008	-0.0182038437	0.0561044796	0.0327209781	0.0113021466	-0.143331730735215	0.707021758094806	0.448081059024295	0.592443852028073
-0.16783	0.0582628	0.184313	-0.0012753	-0.00525181	-0.00154148	4.99999999999945e-05	0.000157700000000011	0.00221399999999999	0.00086825	-0.00028469	-0.00018843	0.0694902	-0.0519307284	0.0504891087	-0.0481159803	0.0448551266	-0.0407667093	0.0359261587	-0.0304227813	0.0243581127	-0.0178440444	0.0110007588	-0.0039545126	-0.0031646932	0.0102255113	-0.0170976719	0.0236543856	-0.029774683	0.0353456466	-0.0402644936	0.044440473	-0.0477965391	0.0502707735	-0.0133690306	-0.0650642145	0.0042179443	-0.0242286125	0.0482752072	-0.0514437923	0.0328754566	-0.0258808126	0.046070988	0.0233972446	0.825575376381237	1.03851235697885	0.448081059024295	0.592443852028073
-0.151607	0.0211521	0.161806	-0.00134062	-0.00503853	-0.00122277	0.016223	-0.0371107	-0.022507	-6.532e-05	0.00021328	0.00031871	0.1057062	-0.0519608967	0.0506087036	-0.0483810535	0.0453164815	-0.0414680002	0.0369021828	-0.0316980113	0.0259455102	-0.0197441895	0.013201323	-0.0064300929	-0.0004523686	0.0073270047	-0.0140748942	0.0205793086	-0.0267277308	0.0324138022	-0.0375391619	0.0420151486	-0.0457643343	0.0487218636	-0.0306687761	0.0064086671	0.0364121216	0.064649502	-0.0835725434	0.0224804888	-0.0009174416	-0.0504619561	-0.0155712937	-0.0362208741	0	0	-2.22840312389761	0.592443852028073
-0.151807	0.0897201	0.0270277	0.000435314	-0.0046848	-0.00138893	-0.000200000000000006	0.068568	-0.1347783	0.001775934	0.00035373	-0.00016616	0.3183375	-0.0519900974	0.0507245288	-0.0486380181	0.0457643343	-0.042149986	0.0378534688	-0.032944319	0.0275019879	-0.0216145559	0.015377307	-0.0088911868	0.0022611689	0.0044054445	-0.0110007588	0.0174180334	-0.0235534089	0.0293075885	-0.0345874448	0.0393075269	-0.0433914434	0.046773099	0.031853648	0.0473351943	0.0022923707	-0.0031089743	0.0606017157	0.0183218803	-0.006540838	0.0528542714	-0.0995776034	0.0463970268	0	0	0	0
-0.141106	0.107437	0.0784121	-0.000363014	-0.00458662	-0.00131889	0.010701	0.0177169	0.0513844	-0.000798328	9.81800000000007e-05	7.00399999999999e-05	0.1281297	-0.05201833	0.0508365754	-0.048886831	0.0461985516	-0.042812349	0.0387793789	-0.0341605674	0.029025691	-0.0234523225	0.017524659	-0.0113322499	0.004968644	0.0014700233	-0.0078864829	0.0141838011	-0.0202668442	0.0260437153	-0.0314271432	0.0363358002	-0.040695531	0.044440473	0.0582312946	-0.0292983443	0.064797044	0.0569873073	0.0583520339	-0.0502404696	-0.0131720605	0.0171482029	-0.0530195784	0.1116838157	0	0	0	0
-0.151861	0.0758199	0.105718	-0.000565587	-0.00442566	-0.00133427	-0.010755	-0.0316171	0.0273059	-0.000202573	0.00016096	-1.538e-05	0.08862365	-0.0520455938	0.0509448353	-0.0491274505	0.0466190039	-0.0434547811	0.0396792925	-0.0353456466	0.0305148036	-0.0252547177	0.0196393809	-0.0137477825	0.0076627981	-0.0014700233	-0.00474343	0.0108901587	-0.0168836987	0.0226397406	-0.0280773158	0.0331199354	-0.0376966663	0.0417431291	-0.0329718628	-0.0362614096	0.0115421716	-0.0848026739	0.027552347	-0.0130250952	0.0168532417	-0.0565433547	-0.0848136292	0.0073412767	0	0	0	0
-0.151757	0.0906797	0.0946942	-0.000477646	-0.00482792	-0.000963407	0.000103999999999993	0.0148598	-0.0110238	8.7941e-05	-0.000402260000000001	0.000370863	0.0690408	-0.0520718884	0.0510493004	-0.0493598362	0.0470255659	-0.0440769831	0.0405526062	-0.0364984753	0.0319675512	-0.0270190229	0.0217175351	-0.0161323429	0.0103364079	-0.0044054445	-0.0015830688	0.0075509019	-0.0134200948	0.0191139759	-0.024558164	0.0296815396	-0.0344171741	0.0387032042	-0.003064415	0.0443486591	-0.0224481795	0.0230633249	0.0377083704	0.0348166954	-0.0044504669	0.0484819447	-0.0356550058	-0.0094381334	0	0	0	0
-0.143873	0.0905742	0.130911	-0.000986571	-0.00482792	-0.000963407	0.007884	-0.000105500000000008	0.0362168	-0.000508925	0	0	0.06965255	-0.0520972133	0.0511499628	-0.0495839492	0.0474181167	-0.0446786654	0.0413987346	-0.0376180017	0.0333822024	-0.0287425773	0.0237552522	-0.0184805588	0.0129823055	-0.0073270047	0.0015830688	0.0041800175	-0.009892538	0.015485388	-0.0208909108	0.0260437153	-0.0308814681	0.0353456466	0.0374386622	-0.0495601301	0.0052555606	0.0824878526	0.0009756802	-0.0560028242	-0.0130909782	0.0218268291	0.0230753625	0.0135964434	0	0	0	0
-0.149232	0.0613965	0.129271	-0.000681465	-0.00528393	-0.000963407	-0.005359	-0.0291777	-0.00164000000000006	0.000305106	-0.00045601	0	0.0742325	-0.052121568	0.051246815	-0.0497997519	0.0477965391	-0.0452595478	0.0422171104	-0.0387032042	0.0347570714	-0.0304227813	0.025748738	-0.02078714	0.015593397	-0.0102255113	0.00474343	0.0007916247	-0.0063178387	0.0117734969	-0.0170976719	0.0222309049	-0.0271158693	0.0316980113	-0.0666333541	-0.0095030185	0.0381116897	-0.0280412876	-0.0041627499	0.0394064458	0.0434979365	-0.0517384221	-0.0068659979	-0.0414684331	0	0	0	0
-0.141165	0.0741755	0.110174	-0.000396515	-0.00528393	-0.000963407	0.00806699999999999	0.012779	-0.019097	0.00028495	0	0	0.0541905	-0.0521449521	0.05133985	-0.0500072082	0.0481607204	-0.0458193599	0.0430071852	-0.0397530928	0.0360905197	-0.0320571007	0.0276942808	-0.0230468899	0.0181626821	-0.0130918447	0.0078864829	-0.0026000839	-0.0027130321	0.0079982704	-0.013201323	0.0182687262	-0.0231484102	0.027790234	0.0075638955	0.0517812086	-0.0341866955	0.000261329	0.0411891319	0.0372361217	-0.0268032399	0.034814365	-0.0143739366	-0.0091425939	0	0	0	0
-0.140124	0.0774148	0.129287	-0.000882244	-0.00536513	-0.000867451	0.00104100000000001	0.0032393	0.019113	-0.000485729	-8.12e-05	9.59559999999999e-05	0.05653755	-0.0521673651	0.0514290606	-0.0502062834	0.0485105521	-0.0463578411	0.0437684292	-0.0407667093	0.0373809583	-0.0336430707	0.029588258	-0.0252547177	0.0206832724	-0.0159169864	0.0110007588	-0.0059809018	0.0009047034	0.0041800175	-0.0092253617	0.0141838011	-0.019008626	0.0236543856	-0.0058631901	-0.00323774	0.0010623121	0.0444532397	0.0809122867	-0.0045080657	0.0120514991	0.0101960897	-0.0196524346	0.0626847144	0	0	0	0
-0.146042	0.0448621	0.129298	-0.000381787	-0.00528393	-0.0010794	-0.00591800000000001	-0.0325527	1.1000000000011e-05	0.000500457	8.12e-05	-0.000211949	0.078162	-0.0521888067	0.0515144404	-0.0503969439	0.0488459301	-0.0468747407	0.0445003321	-0.0417431291	0.0386268493	-0.0351782991	0.0314271432	-0.0274056492	0.0231484102	-0.0186920473	0.0140748942	-0.0093366682	0.0045181276	0.0003392783	-0.0051937656	0.0100035758	-0.0147273348	0.0193244083	0.0182473084	0.0148433777	0.0578516673	-0.0309130114	0.0394406986	0.0110577447	-0.0323112106	-0.037588555	-0.006492096	0.0354865748	0	0	0	0
-0.15057	0.0459189	0.13901	-0.000843913	-0.00492384	-0.000963407	-0.004528	0.00105680000000001	0.009712	-0.000462126	0.00036009	0.000115993	0.06220725	-0.0522092763	0.0515959829	-0.050579158	0.0491667543	-0.0473698181	0.0452024033	-0.0426814612	0.039826708	-0.0366604707	0.0332075124	-0.0294948387	0.0255514863	-0.0214082961	0.0170976719	-0.0126533271	0.0081100208	-0.0035032861	-0.0011308477	0.0057561371	-0.0103364079	0.0148358378	0.0020152811	-0.0200607674	-0.0397005061	-0.0091334657	-0.0673212902	-0.0053205186	-0.0033735133	-0.0014582585	0.0132675337	-0.0390773315	0	0	0	0
-0.143177	0.0766695	0.153439	-0.00113264	-0.00506602	-0.000963407	0.00739300000000001	0.0307506	0.014429	-0.000288727	-0.00014218	0	0.07411795	-0.0522287737	0.051673682	-0.050752895	0.0494729291	-0.0478428428	0.0458741721	-0.0435808493	0.0409791044	-0.0380873499	0.0349260507	-0.0315175794	0.0278860579	-0.0240571864	0.020058062	-0.0159169864	0.011663266	-0.0073270047	0.00293889	0.0014700233	-0.0058685331	0.0102255113	-0.0221087536	0.0138833712	-0.0295226333	0.0186912759	-0.0145923185	0.0093695666	0.021195118	0.029441173	0.0481149064	-0.0291686072	0	0	0	0
-0.139803	0.04357	0.158256	-0.0022443	-0.00514247	-0.000963407	0.00337399999999999	-0.0330995	0.00481699999999999	-0.00111166	-7.64499999999996e-05	0	0.100696	-0.0522472985	0.051747532	-0.0509181258	0.0497643635	-0.0482935946	0.0465151882	-0.044440473	0.0420826652	-0.0394567845	0.0365795581	-0.0334693144	0.0301458661	-0.026630384	0.0229452624	-0.0191139759	0.0151609305	-0.0111113077	0.0069909042	-0.0028259676	-0.0013569709	0.0055312652	0.0047869133	-0.0024560294	0.0111035178	-0.0320356872	-0.0306525087	0.0063274123	-0.0025893184	0.0017747469	0.0909956644	-0.0466878401	0	0	0	0
-0.133429	0.0632393	0.143611	-0.00122164	-0.00469321	-0.00112405	0.00637400000000002	0.0196693	-0.014645	0.00102266	0.00044926	-0.000160643	0.12231645	-0.0522648503	0.0518175273	-0.0510748227	0.0500409704	-0.0487218636	0.0471250218	-0.0452595478	0.0431360754	-0.0407667093	0.038164956	-0.0353456466	0.0323248521	-0.0291197926	0.025748738	-0.0222309049	0.0185863463	-0.0148358378	0.0110007588	-0.007102971	0.0031646932	0.0007916247	-0.0157746767	-0.0047751775	-0.0164948416	-0.0363694406	-0.0432534783	0.0119933199	-0.00732298	-0.031836835	0.0228362188	-0.0391612568	0	0	0	0
-0.133372	0.0836111	0.123442	-0.00110384	-0.00496433	-0.000963407	5.70000000000015e-05	0.0203718	-0.020169	0.0001178	-0.000271120000000001	0.000160643	0.06807595	-0.0522814288	0.0518836628	-0.0512229596	0.0503026675	-0.0491274505	0.0477032642	-0.0460373263	0.0441380794	-0.0420151486	0.0396792925	-0.0371423487	0.0344171741	-0.0315175794	0.0284582593	-0.0252547177	0.0219231897	-0.0184805588	0.0149442718	-0.0113322499	0.0076627981	-0.0039545126	0.0256747569	-0.0045483933	-0.0491364152	-0.0269391458	-0.0331535428	-0.0100898736	-0.0085843357	0.0317136859	0.013218595	-0.0529396297	0	0	0	0
-0.133396	0.0949375	0.10869	-0.00113395	-0.00487062	-0.000963407	-2.4000000000024e-05	0.0113264	-0.014752	-3.01100000000001e-05	9.37100000000003e-05	0	0.0322934	-0.0522970337	0.0519459335	-0.0513625114	0.0505493769	-0.0495101664	0.0482495277	-0.046773099	0.0450874833	-0.0432002194	0.0411197477	-0.0388553731	0.0364172225	-0.0338162004	0.0310639394	-0.0281727488	0.025155559	-0.0220258641	0.0187976612	-0.015485388	0.0121038584	-0.0086681957	-0.0351021117	-0.021769754	-0.0414180825	-0.027454816	0.0155143967	-0.0077826928	0.0647100701	0.012403022	0.0206313919	0.0029237171	0	0	0	0
-0.133389	0.0863654	0.1179	-0.00104609	-0.00491229	-0.000963407	7.000000000007e-06	-0.00857210000000001	0.00921	8.78600000000002e-05	-4.16699999999997e-05	0	0.0242656	-0.0523116647	0.0520043348	-0.051493455	0.0507810249	-0.0498698332	0.0487634462	-0.0474661945	0.0459831556	-0.0443201343	0.0424836398	-0.0404808604	0.038319635	-0.036008423	0.0335562706	-0.0309727759	0.0282680507	-0.0254526818	0.0225376886	-0.0195344808	0.0164548132	-0.0133107399	0.0129844612	0.0486600508	0.0452182766	-0.0202101992	0.0531738178	0.030924175	-0.0296896591	-0.0210972205	0.0009756641	0.0728992501	0	0	0	0
-0.133384	0.0434188	0.124406	-0.00170133	-0.00487673	-0.00134796	5.000000000005e-06	-0.0429466	0.00650599999999998	-0.00065524	3.55599999999996e-05	-0.000384553	0.10322525	-0.0523253215	0.0520588623	-0.0516157682	0.0509975427	-0.0502062834	0.049244675	-0.0481159803	0.0468240289	-0.0453732043	0.0437684292	-0.0420151486	0.0401193113	-0.0380873499	0.0359261587	-0.0336430707	0.0312458323	-0.0287425773	0.0261417992	-0.0234523225	0.0206832724	-0.0178440444	0.0127497267	-0.0634915786	0.0040997548	0.0078972698	0.0183156202	-0.0604174066	-0.014165478	-0.0448896813	-0.0502151663	0.0121279984	0	0	0	0
-0.139102	0.0597094	0.11151	-0.000669704	-0.00495176	-0.00117575	-0.005718	0.0162906	-0.012896	0.001031626	-7.50300000000002e-05	0.00017221	0.0988479	-0.0523380039	0.052109512	-0.0517294306	0.0511988656	-0.0505193604	0.0496928916	-0.0487218636	0.047609101	-0.0463578411	0.0449717237	-0.0434547811	0.0418114263	-0.0400464398	0.038164956	-0.0361724484	0.0340747132	-0.0318778528	0.029588258	-0.0272125894	0.024757758	-0.0222309049	-0.0420867011	0.0404381906	-0.0021725046	0.0646230905	-0.0220193344	0.0556171535	0.0171835746	-0.0057080146	-0.0516497988	0.0007644343	0	0	0	0
-0.13326	0.0609269	0.0927864	-0.000193059	-0.00542783	-0.00130788	0.00584200000000001	0.0012175	-0.0187236	0.000476645	-0.000476069999999999	-0.00013213	0.08002535	-0.0523497117	0.05215628	-0.0518344232	0.0513849338	-0.0508089184	0.0501077956	-0.0492832916	0.0483374366	-0.0472725596	0.0460912827	-0.0447965146	0.0433914434	-0.0418795288	0.0402644936	-0.0385503146	0.0367412126	-0.0348416421	0.0328562806	-0.0307900166	0.0286479378	-0.0264353189	0.0621141128	0.0141911186	-0.0237707351	-0.0333203494	0.0282150383	-0.0270058734	-0.0335465613	0.0340465197	-0.0405501926	0.0222808772	0	0	0	0
-0.133314	0.0532232	0.103936	-1.15261e-05	-0.00524393	-0.000963408	-5.40000000000262e-05	-0.0077037	0.0111496	0.0001815329	0.0001839	0.000344472	0.054402545	-0.0523604445	0.052199163	-0.0519307284	0.0515556917	-0.0510748227	0.0504891087	-0.0497997519	0.0490081675	-0.0481159803	0.0471250218	-0.0460373263	0.0448551266	-0.0435808493	0.0422171104	-0.0407667093	0.0392326234	-0.0376180017	0.0359261587	-0.0341605674	0.0323248521	-0.0304227813	-0.0276276383	-0.0168098932	0.0164469954	0.0103588799	0.0630292292	-0.0049744119	0.0543027264	-0.0038619557	-0.0329764292	0.0543055477	0	0	0	0
-0.150254	0.0644704	0.117226	0.000236429	-0.00497226	-0.00120448	-0.01694	0.0112472	0.01329	0.0002479551	0.00027167	-0.000241072	0.079512055	-0.0523702023	0.0522381577	-0.05201833	0.0517110885	-0.0513169495	0.0508365754	-0.0502707735	0.0496204944	-0.048886831	0.0480710162	-0.0471744208	0.0461985516	-0.0451450484	0.0440156816	-0.042812349	0.0415370728	-0.040191996	0.0387793789	-0.0373015953	0.0357611286	-0.0341605674	0.0395285476	-0.0079988007	0.0701426863	0.0098841758	-0.0109444692	-0.0122475471	-0.0358770124	-0.0271144938	0.0214181517	0.0313064397	0	0	0	0
-0.150219	0.0603981	0.111647	0.000523494	-0.0051974	-0.000963408	3.49999999999795e-05	-0.00407230000000001	-0.005579	0.000287065	-0.00022514	0.000241072	0.04735015	-0.0523789848	0.0522732612	-0.0520972133	0.0518510778	-0.051535186	0.0511499628	-0.0506959264	0.0501736876	-0.0495839492	0.0489275043	-0.0482052363	0.0474181167	-0.0465672044	0.0456536443	-0.0446786654	0.0436435792	-0.0425497785	0.0413987346	-0.040191996	0.0389311863	-0.0376180017	-0.0418630853	-0.0136982517	-0.0060751433	-0.0561723972	-0.0248165795	0.0107850051	0.0245389461	-0.0335923712	-0.012408322	-0.0486787346	0	0	0	0
-0.150307	0.0784553	0.0943245	0.000345953	-0.00469833	-0.00148319	-8.7999999999977e-05	0.0180572	-0.0173225	-0.000177541	0.00049907	-0.000519781999999999	0.09528735	-0.0523867919	0.052304471	-0.0521673651	0.0519756181	-0.0517294306	0.0514290606	-0.0510748227	0.050667088	-0.0502062834	0.0496928916	-0.0491274505	0.0485105521	-0.0478428428	0.0471250218	-0.0463578411	0.0455421041	-0.0446786654	0.0437684292	-0.042812349	0.0418114263	-0.0407667093	0.0391849241	0.0378262982	-0.0305597894	-0.0225773598	0.0073608283	0.0035920814	-0.0207457982	0.0590070619	-0.0063262404	-0.0287486594	0	0	0	0
-0.150194	0.0783243	0.108837	-0.000211482	-0.00528656	-0.00125881	0.000113000000000002	-0.000131000000000006	0.0145125	-0.000557435	-0.00058823	0.00022438	0.08325875	-0.0523936235	0.0523317845	-0.0522287737	0.0520846721	-0.051899593	0.051673682	-0.0514071169	0.0511001074	-0.050752895	0.0503657529	-0.0499389857	0.0494729291	-0.0489679499	0.0484244452	-0.0478428428	0.0472236001	-0.0465672044	0.0458741721	-0.0451450484	0.0443804069	-0.0435808493	-0.0248668299	-0.0289645588	-0.0221616216	0.0082320255	0.0207582326	-0.0221333971	0.0468694468	0.0204181318	0.0378606631	0.0112197784	0	0	0	0
-0.134521	0.0783386	0.116309	-0.000363054	-0.00555455	-0.000964995	0.015673	1.43000000000088e-05	0.00747200000000001	-0.000151572	-0.00026799	0.000293815	0.05882815	-0.0523994793	0.0523552	-0.0522814288	0.0521782074	-0.0520455938	0.0518836628	-0.0516925056	0.0514722298	-0.0512229596	0.0509448353	-0.0506380137	0.0503026675	-0.0499389857	0.0495471731	-0.0491274505	0.0486800542	-0.0482052363	0.0477032642	-0.0471744208	0.0466190039	-0.0460373263	0.0050236422	0.0276973346	0.0283796618	0.0257600255	-0.012189799	0.0153311776	-0.0255643054	-0.0057449124	0.0586860669	0.0033084518	0	0	0	0
-0.129772	0.0782817	0.105672	-0.0004849	-0.00568693	-0.00117201	0.004749	-5.69000000000264e-05	-0.010637	-0.000121846	-0.00013238	-0.000207015	0.03850495	-0.0524043593	0.0523747155	-0.0523253215	0.052256196	-0.0521673651	0.0520588623	-0.0519307284	0.0517830118	-0.0516157682	0.0514290606	-0.0512229596	0.0509975427	-0.050752895	0.0504891087	-0.0502062834	0.0499045256	-0.0495839492	0.049244675	-0.048886831	0.0485105521	-0.0481159803	-0.012028616	-0.0313594773	0.0093997588	-0.01951392	0.0029190771	-0.0205137232	-0.0108082198	-0.0429125841	-0.004277314	0.0115495978	0	0	0	0
-0.12999	0.0598322	0.103456	-0.000404673	-0.00512478	-0.00103981	-0.000218000000000024	-0.0184495	-0.00221600000000001	8.0227e-05	0.00056215	0.0001322	0.05961235	-0.0524082634	0.0523903296	-0.0523604445	0.0523186149	-0.0522648503	0.052199163	-0.052121568	0.052032083	-0.0519307284	0.0518175273	-0.0516925056	0.0515556917	-0.0514071169	0.051246815	-0.0510748227	0.0508911792	-0.0506959264	0.0504891087	-0.0502707735	0.0500409704	-0.0497997519	-0.0064005012	0.0464771515	-0.0336962929	-0.0448841019	0.0198507148	0.0386104358	-0.0061063099	0.0281584112	0.0006863758	-0.0103952171	0	0	0	0
-0.130034	0.0744703	0.124552	-0.000898977	-0.00500739	-0.00103237	-4.39999999999607e-05	0.0146381	0.021096	-0.000494304	0.00011739	7.44000000000005e-06	0.0667348	-0.0524111916	0.0524020413	-0.0523867919	0.0523654453	-0.0523380039	0.052304471	-0.0522648503	0.0522191466	-0.0521673651	0.052109512	-0.0520455938	0.0519756181	-0.051899593	0.0518175273	-0.0517294306	0.0516353132	-0.051535186	0.0514290606	-0.0513169495	0.0511988656	-0.0510748227	0.0041598868	0.004297647	-0.0127828473	0.0055852262	0.0002734891	0.0044087225	-0.0002434628	0.0148641842	0.0274721513	0.0267193442	0	0	0	0
-0.143171	0.0345639	0.130361	-0.00146226	-0.00513658	-0.00120095	-0.013137	-0.0399064	0.00580899999999998	-0.000563283	-0.00012919	-0.00016858	0.10190505	-0.0524131437	0.0524098495	-0.0524043593	0.0523966733	-0.0523867919	0.0523747155	-0.0523604445	0.0523439796	-0.0523253215	0.052304471	-0.0522814288	0.052256196	-0.0522287737	0.052199163	-0.0521673651	0.0521333814	-0.0520972133	0.0520588623	-0.05201833	0.0519756181	-0.0519307284	0.0152210281	-0.0122256485	0.0427114644	0.0116259932	-0.0623541447	-0.012313423	-0.0326082556	-0.0265982182	0.0208648027	-0.027049826	0	0	0	0
-0.142814	0.0389411	0.114049	-0.000513836	-0.00537969	-0.000823621	0.000356999999999996	0.0043772	-0.016312	0.000948424	-0.00024311	0.000377329	0.09948935	-0.0524141198	0.0524137538	-0.0524131437	0.0524122897	-0.0524111916	0.0524098495	-0.0524082634	0.0524064334	-0.0524043593	0.0524020413	-0.0523994793	0.0523966733	-0.0523936235	0.0523903296	-0.0523867919	0.0523830103	-0.0523789848	0.0523747155	-0.0523702023	0.0523654453	-0.0523604445	-0.0178950338	-0.0254767105	-0.0346135106	0.0475813345	-0.0762524063	-0.0049320765	0.0209197241	0.0038895206	0.0032380433	-0.0576073652	0	0	0	0
