"trans_x"	"trans_y"	"trans_z"	"rot_x"	"rot_y"	"rot_z"	"trans_x_derivative1"	"trans_y_derivative1"	"trans_z_derivative1"	"rot_x_derivative1"	"rot_y_derivative1"	"rot_z_derivative1"	"framewise_displacement"	"cosine00"	"cosine01"	"cosine02"	"cosine03"	"cosine04"	"cosine05"	"cosine06"	"cosine07"	"cosine08"	"cosine09"	"cosine10"	"cosine11"	"cosine12"	"cosine13"	"cosine14"	"cosine15"	"cosine16"	"cosine17"	"cosine18"	"cosine19"	"cosine20"	"t_comp_cor_00"	"t_comp_cor_01"	"t_comp_cor_02"	"t_comp_cor_03"	"t_comp_cor_04"	"a_comp_cor_00"	"a_comp_cor_01"	"a_comp_cor_02"	"a_comp_cor_03"	"a_comp_cor_04"	"volume_z"	"luminance_z"	"speech_z"	"face_z"
-0.0359464	-0.0060954	0.283966	-0.00241734	-0.000204502	0	NA	NA	NA	NA	NA	NA	NA	0.0523781585	0.0523777937	0.0523771858	0.0523763346	0.0523752403	0.0523739028	0.0523723222	0.0523704984	0.0523684314	0.0523661213	0.0523635681	0.0523607718	0.0523577323	0.0523544498	0.0523509242	0.0523471556	0.0523431439	0.0523388891	0.0523343914	0.0523296507	0.052324667	-0.0086944467	-0.0753550195	-0.0005766619	0.0131724423	-0.0501548815	0.0233386413	-0.1192396849	0.0559831481	0.0545269207	0.0746674617	0	0	0	0
-0.0539765	0.0796732	0.274084	-0.00245673	-0.000403951	2.11758e-22	-0.0180301	0.0857686	-0.009882	-3.93899999999998e-05	-0.000199449	2.11758e-22	0.12562265	0.0523771858	0.0523739028	0.0523684314	0.0523607718	0.0523509242	0.0523388891	0.052324667	0.0523082586	0.0522896643	0.0522688852	0.0522459219	0.0522207755	0.0521934471	0.0521639377	0.0521322486	0.0520983812	0.0520623368	0.0520241169	0.0519837232	0.0519411573	0.051896421	0.0766401531	-0.031458632	-0.0092512247	0.0232098728	-0.0583248128	0.0291374535	0.0139713779	0.0158078727	-0.0686105828	-0.0209974622	0	0	0	0
-0.0539844	0.0258827	0.269508	-0.00244554	-0.000375607	0	-7.90000000000513e-06	-0.0537905	-0.00457600000000003	1.11899999999999e-05	2.8344e-05	-2.11758e-22	0.0603511	0.0523752403	0.0523661213	0.0523509242	0.0523296507	0.0523023033	0.0522688852	0.0522294002	0.0521838529	0.0521322486	0.0520745933	0.0520108938	0.0519411573	0.051865392	0.0517836067	0.0516958108	0.0516020147	0.051502229	0.0513964655	0.0512847364	0.0511670547	0.051043434	0.0057578132	-0.0384655838	-0.0653538393	-0.0392527488	-0.0018055036	0.0081130575	-0.0690226108	-0.0102944695	0.021618437	-0.0189598039	0	0	0	0
-0.0445536	-0.00792811	0.278249	-0.00160756	-0.000574248	0	0.0094308	-0.03381081	0.008741	0.00083798	-0.000198641	0	0.10381366	0.0523723222	0.0523544498	0.052324667	0.0522829807	0.0522294002	0.0521639377	0.0520866082	0.0519974292	0.051896421	0.0517836067	0.0516590118	0.0515226647	0.0513745965	0.0512148408	0.051043434	0.050860415	0.0506658255	0.0504597097	0.0502421146	0.0500130897	0.049772687	-0.024258848	-0.0695331468	-0.0187586779	-0.0801026742	-0.0207100719	-0.0073540034	-0.082346474	0.0226541373	0.0530948636	-0.0668358463	0	0	0	0
-0.0429995	-0.020211	0.195984	-0.00113837	-0.00055187	-0.000485641	0.0015541	-0.01228289	-0.082265	0.00046919	2.23780000000001e-05	-0.000485641	0.14496244	0.0523684314	0.0523388891	0.0522896643	0.0522207755	0.0521322486	0.0520241169	0.051896421	0.0517492091	0.0515825363	0.0513964655	0.0511910666	0.0509664168	0.0507226006	0.0504597097	0.050177843	0.0498771065	0.0495576132	0.0492194833	0.048862844	0.0484878293	0.0480945804	-0.0223529978	-0.0115903362	-0.0627250836	0.0796992054	-0.0821379379	0.0824647245	0.0129879267	0.0272707282	-0.0918262043	0.0359011131	0	0	0	0
-0.0303982	0.0146319	0.283851	-0.00219385	-0.00072804	-0.000485642	0.0126013	0.0348429	0.087867	-0.00105548	-0.00017617	-1.00000000001575e-09	0.19689375	0.0523635681	0.0523194405	0.0522459219	0.0521430537	0.0520108938	0.0518495163	0.0516590118	0.0514394875	0.0511910666	0.0509138886	0.0506081094	0.0502739006	0.04991145	0.0495209612	0.0491026536	0.0486567622	0.0481835374	0.0476832451	0.0471561663	0.0466025972	0.0460228486	0.0503836883	-0.0311533547	-0.0288523203	-0.0322726361	-0.0075619103	-0.0439889975	0.0653384477	-0.0544486065	0.0233996025	-0.0585437521	0	0	0	0
-0.0300655	0.0551212	0.27931	-0.00263536	-0.000655991	-0.000176871	0.000332700000000005	0.0404893	-0.00454100000000002	-0.00044151	7.20489999999999e-05	0.000308771	0.0864795	0.0523577323	0.0522961052	0.0521934471	0.0520498384	0.051865392	0.0516402525	0.0513745965	0.0510686325	0.0507226006	0.0503367722	0.04991145	0.0494469678	0.04894369	0.0484020114	0.0478223571	0.0472051818	0.0465509697	0.0458602343	0.0451335173	0.044371389	0.0435744473	0.0294053347	-0.0068672018	0.000539369	-0.0362040043	0.0022611952	-0.0205486043	-0.0571004178	-0.0046808421	-0.0204412081	-0.0202950952	0	0	0	0
-0.0304518	0.00779776	0.208364	-0.00118497	-0.000337436	-0.000485642	-0.000386299999999999	-0.04732344	-0.070946	0.00145039	0.000318555	-0.000308771	0.22254154	0.0523509242	0.0522688852	0.0521322486	0.0519411573	0.0516958108	0.0513964655	0.051043434	0.050637085	0.050177843	0.0496661877	0.0491026536	0.0484878293	0.0478223571	0.0471069319	0.0463423012	0.0455292636	0.0446686685	0.0437614146	0.0428084497	0.0418107693	0.0407694154	0.0164835553	0.0319000001	-0.0414777009	0.0273269831	-0.0347171737	0.0021451601	0.0034688722	0.0023201844	-0.1099662256	0.0039753245	0	0	0	0
-0.0199556	0.0492848	0.267557	-0.00230219	-0.000297297	-0.000485642	0.0104962	0.04148704	0.059193	-0.00111722	4.0139e-05	0	0.16904419	0.0523431439	0.0522377823	0.0520623368	0.0518170426	0.051502229	0.0511183183	0.0506658255	0.0501453577	0.0495576132	0.0489033805	0.0481835374	0.0473990497	0.0465509697	0.0456404355	0.0446686685	0.0436369724	0.0425467316	0.0413994086	0.0401965428	0.0389397479	0.0376307102	0.0063373541	-0.0566835138	0.0156915633	-0.0333934117	-0.0010155772	-0.0195858881	0.006880861	0.0254052686	0.038348703	-0.0553533629	0	0	0	0
-0.00974431	0.0485398	0.255721	-0.00231327	-0.000629694	-0.000485642	0.01021129	-0.000745000000000003	-0.011836	-1.10800000000001e-05	-0.000332397	0	0.03996614	0.0523343914	0.0522027989	0.0519837232	0.0516775313	0.0512847364	0.0508059967	0.0502421146	0.049594035	0.048862844	0.0480497669	0.0471561663	0.0461835398	0.0451335173	0.0440078585	0.0428084497	0.0415373011	0.0401965428	0.0387884217	0.0373152977	0.0357796393	0.0341840202	0.0472868859	0.0027703609	0.0130480625	-0.0516059221	0.0106409027	-0.0238604809	0.0166337798	-0.0311007332	-0.02511543	-0.0598731437	0	0	0	0
-0.00379013	0.0463672	0.26331	-0.00268075	-0.000162426	-0.000259805	0.00595418	-0.0021726	0.00758900000000001	-0.00036748	0.000467268	0.000225837	0.06874503	0.052324667	0.0521639377	0.051896421	0.0515226647	0.051043434	0.0504597097	0.049772687	0.0489837722	0.0480945804	0.0471069319	0.0460228486	0.0448445497	0.0435744473	0.0422151417	0.0407694154	0.0392402281	0.0376307102	0.0359441567	0.0341840202	0.032353904	0.0304575546	0.0071569412	-0.0547697933	0.0264246457	-0.0380390392	-0.0434107899	0.0049889598	-5.44189e-05	0.0403177043	-0.0040934586	-0.0462304128	0	0	0	0
0.00281563	0.037812	0.263284	-0.00310534	-0.000335071	-0.000485642	0.00660576	-0.0085552	-2.59999999999705e-05	-0.00042459	-0.000172645	-0.000225837	0.05634056	0.0523139709	0.0521212014	0.0518004449	0.051352489	0.0507784337	0.0500796887	0.0492579697	0.0483152946	0.0472539781	0.0460766263	0.0447861304	0.0433856593	0.0418786518	0.0402688086	0.0385600826	0.0367566699	0.0348629988	0.0328837193	0.0308236917	0.0286879745	0.0264818121	0.0671393868	-0.0135173754	0.0151607522	-0.0441683726	-0.0042125121	-0.0345778802	0.0281594772	-0.0345115776	-0.0300600196	-0.0778321783	0	0	0	0
0.000404974	0.0620683	0.243072	-0.0032892	-0.000247265	-0.000167732	-0.002410656	0.0242563	-0.020212	-0.00018386	8.7806e-05	0.00031791	0.076357756	0.0523023033	0.0520745933	0.0516958108	0.0511670547	0.0504898588	0.0496661877	0.0486984311	0.0475893965	0.0463423012	0.0449607632	0.0434487905	0.0418107693	0.0400514517	0.0381759417	0.0361896802	0.0340984296	0.0319082567	0.0296255153	0.027256828	0.0248090665	0.0222893319	0.0254563948	-0.0515842787	3.64284e-05	-0.0255480446	-0.0302928601	-0.0119485068	0.0028016473	0.0333417336	-0.0137533227	-0.0436857667	0	0	0	0
0.00305228	0.0111983	0.234578	-0.00365287	-0.000341657	-6.40537e-06	0.002647306	-0.05087	-0.00849399999999997	-0.00036367	-9.4392e-05	0.00016132663	0.0929807375	0.0522896643	0.0520241169	0.0515825363	0.0509664168	0.050177843	0.0492194833	0.0480945804	0.0468069407	0.0453609212	0.0437614146	0.0420138333	0.0401240904	0.0380985803	0.0359441567	0.0336681095	0.03127814	0.0287823352	0.02618914	0.0235073292	0.0207459769	0.0179144269	0.0535569807	-0.0074805399	0.0207239884	-0.0269720626	0.0503182889	-0.0835428231	0.0133085775	-0.0524359629	0.0548879484	-0.049598562	0	0	0	0
0.00819525	-0.0122658	0.20056	-0.0023812	0.000169199	-0.00019921	0.00514297	-0.0234641	-0.034018	0.00127167	0.000510856	-0.00019280463	0.1613916015	0.0522760543	0.0519697758	0.0514606403	0.050750635	0.0498425313	0.048739874	0.047446967	0.0459688572	0.044311314	0.0424808075	0.0404844828	0.0383301323	0.0360261653	0.0335815749	0.0310059033	0.0283092043	0.0255020041	0.0225952602	0.0196003187	0.01652887	0.013392903	0.0041993784	0.0139715319	0.0242126709	-0.0473912924	0.0320744186	0.0041523458	0.029438354	0.0268641928	0.0068127917	-0.0117566518	0	0	0	0
0.00460948	0.0390283	0.230097	-0.00318792	0.000459059	-0.000198379	-0.00358577	0.0512941	0.029537	-0.00080672	0.00028986	8.30999999999993e-07	0.13928742	0.0522614734	0.0519115742	0.0513301431	0.0505197734	0.0494840794	0.0482276804	0.0467561802	0.0450761418	0.0431950583	0.0411213197	0.0388641751	0.0364336915	0.0338407093	0.0310967934	0.028214182	0.0252057321	0.0220848615	0.0188654898	0.0155619757	0.0121890533	0.0087617663	0.026280834	-0.0128315255	0.0470636986	-0.0514394269	0.0785692745	-0.0485298921	0.0155836046	-0.0198703415	0.0663305802	-0.0530257523	0	0	0	0
-0.00383395	0.0543918	0.19363	-0.00238106	0.000370304	0.000218966	-0.00844343	0.0153635	-0.036467	0.00080686	-8.8755e-05	0.000417345	0.12592193	0.0522459219	0.0518495163	0.0511910666	0.0502739006	0.0491026536	0.0476832451	0.0460228486	0.0441298556	0.0420138333	0.0396854757	0.0371565505	0.0344398384	0.0315490697	0.028498854	0.025304607	0.0219824722	0.0185492395	0.0150222601	0.0114193591	0.0077587455	0.0040589197	-0.0031254814	0.0005302126	0.0646345426	-0.0494183597	0.002660784	0.0322089626	-0.0449814819	0.0753649722	-0.0830704093	0.0139679673	0	0	0	0
0.0242115	0.0392525	0.161101	-0.00193965	0.000350273	-9.43147e-05	0.02804545	-0.0151393	-0.032529	0.00044141	-2.0031e-05	-0.0003132807	0.114449835	0.0522294002	0.0517836067	0.051043434	0.0500130897	0.0486984311	0.0471069319	0.0452476394	0.0431311232	0.0407694154	0.0381759417	0.0353654455	0.032353904	0.0291584371	0.0257972105	0.0222893319	0.018654743	0.0149141057	0.0110886847	0.0072002268	0.0032708371	-0.0006771467	-0.0081117876	0.0036886008	0.0423531092	0.0256714741	0.0337021446	-0.0156929377	0.0927734319	0.0810414156	0.0198587878	0.0112656145	0	0	0	0
0.0225968	0.0719952	0.0618301	-0.00172129	0.000169199	2.95143e-05	-0.0016147	0.0327427	-0.0992709	0.00021836	-0.000181074	0.000123829	0.15979145	0.0522119084	0.0517138504	0.0508872699	0.0497374181	0.0482715996	0.0464991262	0.044431258	0.0420811315	0.0394636764	0.0365955205	0.0334948844	0.0301814655	0.0266763128	0.0230016937	0.0191809517	0.015238359	0.0111989617	0.0070884207	0.0029328492	-0.0012413539	-0.005407671	-0.0380117219	0.0565291985	0.0569896446	0.0095867143	0.0399094535	-0.0142996597	0.0473844231	-0.0143540625	0.0789680913	0.0359785902	0	0	0	0
-0.003773	0.095177	0.0392193	-0.00083163	-2.29958e-06	-6.02646e-05	-0.0263698	0.0231818	-0.0226108	0.00088966	-0.00017149858	-8.97789e-05	0.129709274	0.0521934471	0.0516402525	0.0507226006	0.0494469678	0.0478223571	0.0458602343	0.0435744473	0.0409811285	0.0380985803	0.0349471469	0.0315490697	0.0279283311	0.024110485	0.0201224762	0.0159924506	0.0117495564	0.0074237382	0.0030455261	-0.0013541801	-0.0057443291	-0.0100939368	-0.0407912071	0.0908581161	-0.0074234422	0.0669314762	0.0150822297	0.0105870131	0.0002852612	-0.0048911941	-0.0082992593	0.1001660304	0	0	0	0
-0.00378806	0.00627784	-0.00995379	-3.64837e-05	-3.90212e-05	-9.31189e-05	-1.50600000000003e-05	-0.08889916	-0.04917309	0.0007951463	-3.672162e-05	-3.28543e-05	0.181323421	0.0521740164	0.0515628185	0.0505494535	0.0491418251	0.0473509122	0.0451906832	0.042677987	0.0398324213	0.0366761804	0.0332338815	0.0295323731	0.0256005252	0.0214690046	0.0171700353	0.0127371473	0.0082049152	0.0036086884	-0.0010156846	-0.0056321357	-0.0102046586	-0.0146975897	-0.0516178062	0.1023187968	-0.0144986787	0.0376238122	0.1059668078	0.0155243915	0.1355500777	-0.0278235812	0.0498605132	0.0349977499	0	0	0	0
0.011361	0.0176042	0.00865314	1.66338e-05	0.000169199	-0.000241409	0.01514906	0.01132636	0.01860693	5.31175e-05	0.0002082202	-0.0001482901	0.06556374	0.0521536168	0.0514815542	0.0503678575	0.0488220806	0.0468574839	0.0444909208	0.0417426926	0.0386363752	0.0351986159	0.0314589057	0.0274493255	0.0232042715	0.0187601599	0.0141551145	0.0094286395	0.004621281	-0.0002257211	-0.0050707869	-0.009872353	-0.0145892291	-0.0191809517	-0.1125896752	0.0241403418	0.0574579084	0.0768977936	0.0743285372	0.0002451685	-0.0298129729	-0.0169570398	0.0428405256	0.1138146722	0	0	0	0
0.0115768	0.052651	0.000587675	-0.000242192	-0.00013265	8.32811e-05	0.000215800000000006	0.0350468	-0.008065465	-0.0002588258	-0.000301849	0.0003246901	0.08759631	0.0521322486	0.0513964655	0.050177843	0.0484878293	0.0463423012	0.0437614146	0.0407694154	0.0373944116	0.0336681095	0.0296255153	0.025304607	0.0207459769	0.0159924506	0.0110886847	0.0060807472	0.0010156846	-0.0040589197	-0.0090953929	-0.0140464202	-0.0188654898	-0.0235073292	-0.058716273	0.0583916239	0.0559816308	0.0727161793	-0.0133492178	0.0204916493	-0.0295758598	-0.0225539727	0.0168839208	0.0794942529	0	0	0	0
0.0127908	0.0371444	0.0282787	-0.000310183	0.000169199	0.000376312	0.00121399999999999	-0.0155066	0.027691025	-6.7991e-05	0.000301849	0.0002930309	0.07755517	0.0521099123	0.0513075588	0.0499794418	0.0481391707	0.0458056033	0.0430026525	0.0397590408	0.0361080066	0.0320869629	0.0277371148	0.0231030362	0.0182322141	0.0131745611	0.0079819045	0.0027074549	-0.0025947387	-0.0078703433	-0.0130652981	-0.018126369	-0.0230016937	-0.0276413132	-0.0247246151	0.071198076	-0.0421892496	0.0068735532	-0.0385716648	0.0597410332	-0.0187420567	-0.0682766526	-0.0368707654	0.0251236056	0	0	0	0
0.00617768	0.0503387	0.0106102	0.000158228	0.000169199	0.000222899	-0.00661312	0.0131943	-0.0176685	0.000468411	0	-0.000153413	0.06856712	0.0520866082	0.0512148408	0.049772687	0.0477762082	0.0452476394	0.0422151417	0.0387124883	0.0347786889	0.0304575546	0.0257972105	0.0208495594	0.015669704	0.0103153331	0.0048460789	-0.0006771467	-0.0061928308	-0.0116395445	-0.0169566271	-0.0220848615	-0.0269671338	-0.0315490697	-0.0372778909	0.0112471933	-0.0479594417	0.0610254902	-0.0047429281	0.0209528975	-0.0361377708	-0.0019057736	0.0033403495	0.0455619945	0	0	0	0
0.0407043	0.0148172	-0.0166796	8.35479e-05	0.000169199	0.000222899	0.03452662	-0.0355215	-0.0272898	-7.46801e-05	0	0	0.101071925	0.0520623368	0.0511183183	0.0495576132	0.0473990497	0.0446686685	0.0413994086	0.0376307102	0.0334080384	0.0287823352	0.0238094045	0.0185492395	0.0130652981	0.0074237382	0.0016926191	-0.0040589197	-0.0097614921	-0.0153463027	-0.0207459769	-0.0258953737	-0.030732371	-0.0351986159	-0.0156588431	0.0371898967	0.0024054529	0.0912755646	0.0157484874	0.0036819749	0.0779428852	-0.0181063407	0.0114108268	0.0670221262	0	0	0	0
0.011537	0.0922534	-0.0256722	0.000338491	0.000169199	0.000222899	-0.0291673	0.0774362	-0.0089926	0.0002549431	0	0	0.128343255	0.0520370985	0.0510179984	0.0493342563	0.0470078072	0.0440689593	0.0405559987	0.0365146908	0.0319976841	0.0270638244	0.021777388	0.0162072446	0.0104259597	0.0045088495	-0.0014670001	-0.0074237382	-0.0132837629	-0.018970732	-0.024410558	-0.0295323731	-0.0342694522	-0.0385600826	-0.031326072	0.0720539983	0.0115759721	0.0252623748	-0.0492420242	0.0516134174	-0.0085280183	-0.0338930988	-0.0418806451	0.0538125608	0	0	0	0
0.00952152	0.0461934	-0.0121158	0.000496915	0.00055386	0.0002229	-0.00201548	-0.04606	0.0135564	0.000158424	0.000384661	9.9999999998864e-10	0.08878618	0.0520108938	0.0509138886	0.0491026536	0.0466025972	0.0434487905	0.0396854757	0.0353654455	0.030549302	0.025304607	0.0197049341	0.0138288366	0.0077587455	0.0015798132	-0.004621281	-0.010757547	-0.016742904	-0.0224933884	-0.0279283311	-0.0329714899	-0.0375521182	-0.0416059582	-0.014286189	0.0103848157	-0.0859131868	0.0843634475	0.0074658046	0.0371441474	0.0308168418	-0.0206744002	-0.0826615561	0.0432187047	0	0	0	0
0.00951711	0.0462033	-0.0233546	0.00036015	0.00050753	6.09675e-05	-4.40999999999983e-06	9.90000000000019e-06	-0.0112388	-0.000136765	-4.633e-05	-0.0001619325	0.028504485	0.0519837232	0.0508059967	0.048862844	0.0461835398	0.0428084497	0.0387884217	0.0341840202	0.0290646136	0.0235073292	0.0175958911	0.0114193591	0.0050707869	-0.0013541801	-0.0077587455	-0.0140464202	-0.0201224762	-0.0258953737	-0.03127814	-0.0361896802	-0.0405559987	-0.044311314	-0.0265162744	0.0435202392	0.0432127131	0.0613506768	-0.017890408	-0.0491196117	0.0450808217	-0.0341773175	0.070780733	0.0327612896	0	0	0	0
0.00951241	0.0976628	0.0168925	0.000588879	8.59068e-05	-0.000176761	-4.69999999999984e-06	0.0514595	0.0402471	0.000228729	-0.0004216232	-0.0002377285	0.136115335	0.0519555872	0.0506943307	0.0486148674	0.0457507597	0.0421482344	0.0378654364	0.0329714899	0.0275453833	0.021674694	0.015454175	0.0089842256	0.0023692706	-0.0042839244	-0.0108679768	-0.01727662	-0.0234064185	-0.0291584371	-0.0344398384	-0.0391653804	-0.0432587929	-0.0466540082	-0.0084128391	0.0426737166	-0.0144792115	0.0390122409	-0.0176404873	0.0918231792	-0.0003123851	-0.010821725	0.0034598524	0.0203320532	0	0	0	0
0.00955136	0.00330163	0.00148896	0.000643004	-7.71149e-05	0.000102624	3.89499999999994e-05	-0.09436117	-0.01540354	5.41249999999999e-05	-0.0001630217	0.000279385	0.134630245	0.0519264863	0.0505788988	0.0483587652	0.0453043854	0.0414684511	0.0369171367	0.0317289578	0.0259934166	0.0198094581	0.0132837629	0.0065289069	-0.0003385804	-0.0072002268	-0.0139376608	-0.0204346535	-0.0265791242	-0.0322650733	-0.0373944116	-0.0418786518	-0.0456404355	-0.0486148674	-0.0464663174	-0.0073960778	-0.0691154321	-0.00371653	0.0165962849	-0.0140038851	-0.013395938	-0.0316105879	0.0116016543	0.019468888	-1.73055635693617	-1.75211916401208	-2.22840312389761	-1.68540061352814
0.00957924	0.010689	0.0347205	0.000158228	-0.000480644	0.000222899	2.78799999999992e-05	0.00738737	0.03323154	-0.000484776	-0.0004035291	0.000120275	0.091075795	0.051896421	0.0504597097	0.0480945804	0.0448445497	0.0407694154	0.0359441567	0.0304575546	0.024410558	0.0179144269	0.0110886847	0.0040589197	-0.0030455261	-0.0100939368	-0.0169566271	-0.0235073292	-0.0296255153	-0.0351986159	-0.0401240904	-0.044311314	-0.0476832451	-0.050177843	-0.056296783	-0.0397964138	-0.0465108293	-0.0151006068	-0.0040050841	0.0165431701	-0.0816933603	0.0158800201	0.064356736	0.0140925118	-0.264572536144127	-1.14298570443982	-2.22840312389761	-1.68540061352814
0.0219982	0.00481576	0.0202454	0.000158228	-7.71149e-05	0.000293239	0.01241896	-0.00587324	-0.0144751	0	0.0004035291	7.034e-05	0.056460755	0.051865392	0.0503367722	0.0478223571	0.044371389	0.0400514517	0.0349471469	0.0291584371	0.0227986886	0.0159924506	0.0088730165	0.0015798132	-0.0057443291	-0.0129559745	-0.0199138901	-0.0264818121	-0.0325311144	-0.0379433273	-0.0426124582	-0.0464470668	-0.0493720561	-0.0513301431	0.0312703296	-0.0319710153	-0.0100004581	0.0742514904	-0.0006936384	-0.0224425851	0.0230684356	-0.0014934469	-0.0553391745	0.0428312691	-0.197446070710621	-1.1272811059612	-2.22840312389761	-1.68540061352814
0.0170169	0.0330987	0.0437407	0.000158228	-7.71149e-05	0.000222899	-0.0049813	0.02828294	0.0234953	0	0	-7.034e-05	0.06027654	0.0518333998	0.0502100954	0.0475421407	0.043885044	0.0393148935	0.0339267737	0.0278327876	0.0211597241	0.0140464202	0.0066408724	-0.0009028426	-0.0084277735	-0.0157773596	-0.0227986886	-0.0293456776	-0.0352821126	-0.0404844828	-0.0448445497	-0.0482715996	-0.0506943307	-0.0520623368	0.040221377	0.0160479727	0.0177901465	0.0056438222	0.0190358432	-0.0399016172	0.0303862667	0.0165804594	0.0316090699	-0.0075948211	0.143180447950853	-1.30665579866475	-2.22840312389761	-1.68540061352814
0.0252296	0.013401	0.0116755	0.000480321	-0.000301009	0.000294828	0.00821269999999999	-0.0196977	-0.0320652	0.000322093	-0.0002238941	7.1929e-05	0.090871405	0.0518004449	0.0500796887	0.0472539781	0.0433856593	0.0385600826	0.0328837193	0.0264818121	0.0194956122	0.0120792627	0.0043963972	-0.0033834701	-0.0110886847	-0.0185492395	-0.0256005252	-0.0320869629	-0.0378654364	-0.0428084497	-0.0468069407	-0.049772687	-0.0516402525	-0.0523684314	0.0115092102	0.0414926776	0.0047772121	-0.0283733964	0.0178363288	-0.042378926	-0.0066243505	-0.0242702205	0.0186169826	-0.0068317933	-0.519957300384116	-1.39824731345061	-2.22840312389761	-1.68540061352814
0.0159826	0.0575481	0.00884729	0.000236026	-0.000479673	0.0002229	-0.009247	0.0441471	-0.00282821	-0.000244295	-0.000178664	-7.1928e-05	0.08096666	0.051766528	0.0499455618	0.0469579174	0.0428733831	0.0377873696	0.0318186811	0.0251067401	0.0178083308	0.0100939368	0.0021437585	-0.0058564958	-0.0137199483	-0.0212629165	-0.0283092043	-0.0346942175	-0.0402688086	-0.0449027607	-0.0484878293	-0.050940271	-0.0522027989	-0.0522459219	-0.0278387473	0.0007654366	-0.0116782318	-0.02608057	-0.003803516	0.0525660575	0.0027850564	-0.0139494174	-0.0193745928	-0.0194773525	-0.91044886702482	-1.0036913577913	-2.22840312389761	0.592443852028073
0.0211029	0.0229255	-0.013167	0.000496893	-0.000479673	0.000222899	0.0051203	-0.0346226	-0.02201429	0.000260867	0	-9.9999999998864e-10	0.07480059	0.0517316498	0.0498077248	0.0466540082	0.0423483678	0.0369971132	0.030732371	0.0237088227	0.016099885	0.0080934286	-0.0001128608	-0.0083163637	-0.016314529	-0.0239098759	-0.0309148693	-0.0371565505	-0.0424808075	-0.0467561802	-0.0498771065	-0.051766528	-0.0523777937	-0.0516958108	0.0111893034	-0.033784946	-0.004316719	0.0567800515	0.0493477066	-0.0489465721	-0.0197099602	0.0305257501	-0.0395644464	0.018485593	-0.710799131679954	-0.590020067271829	-2.22840312389761	-1.68540061352814
0.0274707	0.0611253	-0.0131737	0.000425759	-0.000255677	0.0002229	0.0063678	0.0381998	-6.70000000000705e-06	-7.1134e-05	0.000223996	9.9999999998864e-10	0.05933085	0.0516958108	0.0496661877	0.0463423012	0.0418107693	0.0361896802	0.0296255153	0.0222893319	0.0143723053	0.0060807472	-0.0023692706	-0.010757547	-0.0188654898	-0.0264818121	-0.0334080384	-0.0394636764	-0.0444909208	-0.0483587652	-0.0509664168	-0.0522459219	-0.0521639377	-0.0507226006	0.0210377982	0.0511764555	0.0128324515	-0.0240333286	0.0427538601	-0.0323497955	0.0522171438	0.0077693016	-0.0070137622	0.0002624713	0.233933779509985	-0.973416291972741	-2.22840312389761	0.592443852028073
0.0308036	0.0552195	0.00915598	0.000158228	-0.000359606	0.0002229	0.0033329	-0.0059058	0.02232968	-0.000267531	-0.000103929	0	0.05014138	0.0516590118	0.0495209612	0.0460228486	0.0412607473	0.0353654455	0.028498854	0.0208495594	0.0126276447	0.0040589197	-0.004621281	-0.0131745611	-0.0213660101	-0.0289706552	-0.0357796393	-0.0416059582	-0.0462895956	-0.0497019183	-0.0517492091	-0.0523752403	-0.0515628185	-0.0493342563	-0.0114413628	0.0097728802	0.0599239082	-0.0330710872	-0.0161258559	0.0163971882	-0.0275890059	0.0043661599	0.0081221881	-0.050278977	-0.066645052891282	-1.03611006555444	-2.22840312389761	0.592443852028073
0.0181266	0.0229451	0.0122282	0.000372105	-0.000477703	0.0002229	-0.012677	-0.0322744	0.00307222	0.000213877	-0.000118097	0	0.06462232	0.0516212534	0.0493720561	0.0456957037	0.0406984653	0.0345247919	0.0273531403	0.0193908153	0.0108679768	0.0020309873	-0.0068647103	-0.0155619757	-0.0238094045	-0.0313685957	-0.0380210421	-0.0435744473	-0.0478682839	-0.0507784337	-0.0522207755	-0.0521536168	-0.0505788988	-0.0475421407	0.0136021022	0.0014094461	0.0061881227	-0.0534578881	-0.063660462	0.0337411207	-0.047550369	-0.0229456062	-0.0211825678	-0.0553690313	-0.217578114120031	-0.92311376151029	-2.22840312389761	0.592443852028073
0.0178735	0.0395253	0.0209	-0.000129594	-0.000477703	0.0002229	-0.000253099999999999	0.0165802	0.0086718	-0.000501699	0	0	0.05059005	0.0515825363	0.0492194833	0.0453609212	0.0401240904	0.0336681095	0.02618914	0.0179144269	0.0090953929	0	-0.0090953929	-0.0179144269	-0.02618914	-0.0336681095	-0.0401240904	-0.0453609212	-0.0492194833	-0.0515825363	-0.0523782801	-0.0515825363	-0.0492194833	-0.0453609212	0.0173633309	-0.0200402128	-0.0465899348	-0.0382844935	-0.0259160796	0.0137207111	0.0153792258	-0.0383137925	-0.0051490241	-0.0421865315	-0.116128853096064	-0.881872444857284	-2.22840312389761	-1.68540061352814
0.0256117	-0.000101589	-0.0142443	0.000276942	-0.000477703	0.000298396	0.0077382	-0.039626889	-0.0351443	0.000406536	0	7.5496e-05	0.106610989	0.0515428613	0.0490632542	0.045018557	0.0395377932	0.0327957961	0.0250076315	0.0164217376	0.0073119995	-0.0020309873	-0.0113091867	-0.0202266294	-0.028498854	-0.0358619813	-0.0420811315	-0.0469579174	-0.0503367722	-0.0521099123	-0.0522207755	-0.0506658255	-0.0474946641	-0.0428084497	-0.0065098971	-0.0198717635	-0.0501392596	-0.0539154644	0.006224951	-0.0266777675	-0.0533098176	0.0036206057	-0.0017314941	0.0022004136	-0.599353152696515	-1.1580464074875	-2.22840312389761	-1.68540061352814
0.0225754	0.028256	-0.0151337	0.000276942	-0.000530012	0.000384054	-0.0030363	0.028357589	-0.000889400000000004	0	-5.23089999999999e-05	8.5658e-05	0.039181639	0.051502229	0.0489033805	0.0446686685	0.0389397479	0.0319082567	0.0238094045	0.0149141057	0.0055199161	-0.0040589197	-0.0135019809	-0.0224933884	-0.030732371	-0.0379433273	-0.043885044	-0.0483587652	-0.0512148408	-0.0523577323	-0.0517492091	-0.0494096266	-0.0454172463	-0.0399056168	-0.020568219	-0.0703699568	-0.0121776159	0.0104089198	0.0104638592	-0.0101176523	-0.027280707	0.0611669195	0.0294703525	0.0266659448	-0.205895879684053	-1.70661670056863	-2.22840312389761	0.592443852028073
0.0324573	-0.0239347	-0.0506536	0.00126155	-0.000118019	0.0002229	0.00988189999999999	-0.0521907	-0.0355199	0.000984608	0.000411993	-0.000161154	0.17548025	0.0514606403	0.048739874	0.044311314	0.0383301323	0.0310059033	0.0225952602	0.013392903	0.0037212726	-0.0060807472	-0.015669704	-0.024709611	-0.0328837193	-0.0399056168	-0.0455292636	-0.0495576132	-0.0518495163	-0.052324667	-0.0509664168	-0.0478223571	-0.0430026525	-0.0366761804	0.0430605917	0.0222890698	-0.0176781227	0.0043213215	0.0601644157	-0.0329355002	0.0616463346	-0.0243780922	0.0117025353	0.011391288	-0.439227235212474	-1.7157960607134	-2.22840312389761	0.592443852028073
0.0411635	0.04151	-0.0532222	0.000177561	-0.000135223	0.0002229	0.0087062	0.0654447	-0.0025686	-0.001083989	-1.7204e-05	0	0.13177915	0.0514180959	0.0485727468	0.0439465533	0.0377091275	0.0300891549	0.0213660101	0.0118595137	0.0019182066	-0.0080934286	-0.0178083308	-0.0268703181	-0.0349471469	-0.0417426926	-0.0470078072	-0.0505494535	-0.0522377823	-0.0520108938	-0.0498771065	-0.0459146523	-0.0402688086	-0.0331465714	-0.0468331121	0.0086498546	0.0325098712	-0.0649577246	0.0053627608	0.0215166101	-0.0221136572	-0.000862028	0.0278414415	-0.0223972195	-0.73297324312821	-1.50883755925897	-2.22840312389761	0.592443852028073
0.0178981	0.079746	-0.078965	8.73224e-05	-8.30874e-05	0.000330216	-0.0232654	0.038236	-0.0257428	-9.02386e-05	5.21356e-05	0.000107316	0.09972871	0.0513745965	0.0484020114	0.0435744473	0.0370769179	0.0291584371	0.0201224762	0.0103153331	0.0001128608	-0.0100939368	-0.0199138901	-0.0289706552	-0.0369171367	-0.0434487905	-0.0483152946	-0.0513301431	-0.0523777937	-0.0514180959	-0.0484878293	-0.043699295	-0.0372360105	-0.0293456776	-0.0140892234	0.0039337365	0.0403508171	0.02321036	0.0015780582	0.0041923546	-0.024882071	0.0556946555	-0.0233379862	0.0052937131	-0.786865934599928	-1.44382507474101	0.448081059024295	0.592443852028073
0.0130126	0.0112955	-0.0789561	0.000190491	-8.30874e-05	0.000222899	-0.0048855	-0.0684505	8.89999999999225e-06	0.0001031686	0	-0.000107317	0.08386918	0.0513301431	0.0482276804	0.0431950583	0.0364336915	0.028214182	0.0188654898	0.0087617663	-0.0016926191	-0.0120792627	-0.0219824722	-0.0310059033	-0.0387884217	-0.045018557	-0.0494469678	-0.051896421	-0.0522688852	-0.0505494535	-0.0468069407	-0.0411911291	-0.0339267737	-0.025304607	-0.0090299519	0.0309963162	0.025391446	-0.0441442709	0.0061750358	-0.0110719147	0.0113065699	-0.0173008884	0.0160200879	-0.0391861458	-0.24938560050709	-1.27835884382586	0.448081059024295	0.592443852028073
0.0296124	0.0113182	-0.0383938	0.00032922	-8.30874e-05	0.000222899	0.0165998	2.26999999999988e-05	0.0405623	0.000138729	0	0	0.06412125	0.0512847364	0.0480497669	0.0428084497	0.0357796393	0.027256828	0.0175958911	0.0072002268	-0.0034960873	-0.0140464202	-0.0240102362	-0.0329714899	-0.0405559987	-0.0464470668	-0.0503987089	-0.0522459219	-0.0519115742	-0.0494096266	-0.0448445497	-0.0384069609	-0.0303656657	-0.0210564335	-0.0206386415	0.0106919926	0.0227946754	-0.0635608817	-0.0523573036	0.0292310216	-0.0882536799	-0.021774892	0.0188697431	-0.0340811926	-0.036468751314088	-0.694105582477362	0.448081059024295	-1.68540061352814
0.030287	0.0113162	0.0154816	2.32849e-05	-8.30874e-05	0.000351759	0.000674599999999997	-2.00000000000027e-06	0.0538754	-0.0003059351	0	0.00012886	0.076291755	0.0512383773	0.0478682839	0.0424146861	0.0351149558	0.0262868196	0.016314529	0.0056321357	-0.0052954007	-0.0159924506	-0.0259934166	-0.0348629988	-0.0422151417	-0.0477298374	-0.0511670547	-0.0523771858	-0.0513075588	-0.0480047303	-0.0426124582	-0.0353654455	-0.0265791242	-0.0166359256	0.0277948305	-0.0769046026	-0.0397064004	-0.0132213649	-0.0304656974	-0.0203807013	-0.0185312134	0.0468832936	0.0049354472	-0.0484671411	-0.041541044578828	-0.734467323535123	0.448081059024295	-1.68540061352814
0.0312811	0.0378233	-0.0248692	-0.000111457	-8.30874e-05	0.000227612	0.000994099999999998	0.0265071	-0.0403508	-0.0001347419	0	-0.000124147	0.080796445	0.0511910666	0.0476832451	0.0420138333	0.0344398384	0.025304607	0.0150222601	0.0040589197	-0.0070884207	-0.0179144269	-0.0279283311	-0.0366761804	-0.0437614146	-0.048862844	-0.0517492091	-0.0522896643	-0.0504597097	-0.0463423012	-0.0401240904	-0.0320869629	-0.0225952602	-0.0120792627	0.0713210342	-0.0051896528	-0.003326595	0.004121538	0.0457325594	-0.035370934	0.0518759752	0.0306956492	-0.0266510448	-0.0047479845	-0.729337343300317	-1.24138791097842	0.448081059024295	0.592443852028073
0.0469054	-0.0109827	-0.0817189	0.000618771	-0.000419531	5.02423e-05	0.0156243	-0.048806	-0.0568497	0.000730228	-0.0003364436	-0.0001773697	0.183482065	0.0511428052	0.0474946641	0.0416059582	0.0337544877	0.0243106464	0.0137199483	0.0024820104	-0.0088730165	-0.0198094581	-0.0298113868	-0.0384069609	-0.0451906832	-0.0498425313	-0.0521430537	-0.0519837232	-0.0493720561	-0.044431258	-0.0373944116	-0.0285934806	-0.0184436498	-0.0074237382	-0.0045458763	0.041221026	0.027193703	-0.0511790958	0.0074662672	-0.0043995685	0.053539942	-0.0149455183	-0.0212399438	-0.0142086792	0.661566905650854	-0.720980084911086	0.448081059024295	0.592443852028073
0.0469124	0.0913544	-0.0630982	2.28986e-05	-0.000415945	0.000227612	7.00000000000006e-06	0.1023371	0.0186207	-0.0005958724	3.58600000000003e-06	0.0001773697	0.159806205	0.051093594	0.047302555	0.0411911291	0.0330591074	0.0233053991	0.0124084642	0.0009028426	-0.0106470671	-0.021674694	-0.0316390872	-0.0400514517	-0.0464991262	-0.0506658255	-0.0523471556	-0.0514606403	-0.0480497669	-0.0422818529	-0.0344398384	-0.0249084068	-0.0141551145	-0.0027074549	-0.018737175	-0.0341018031	0.0263479021	-0.0048121138	-0.057331049	0.0512629577	-0.0410034529	0.0180269598	0.0017906677	-0.0251896994	0.912002548984001	-0.007779916624176	0.448081059024295	0.592443852028073
0.0469234	0.0202486	-0.0368547	0.000155857	-0.000138619	0.000314055	1.10000000000041e-05	-0.0711058	0.0262435	0.0001329584	0.000277326	8.6443e-05	0.12219667	0.051043434	0.0471069319	0.0407694154	0.032353904	0.0222893319	0.0110886847	-0.0006771467	-0.0124084642	-0.0235073292	-0.0334080384	-0.0416059582	-0.0476832451	-0.0513301431	-0.0523607718	-0.0507226006	-0.0464991262	-0.0399056168	-0.03127814	-0.0210564335	-0.0097614921	0.0020309873	0.0208055686	-0.0725662559	-0.0033110183	0.0585411195	-0.0003636136	-0.0054528141	0.0184395049	0.0174790688	-0.0034180189	0.0035619661	0.750542418640718	-0.71737595825982	0.448081059024295	0.592443852028073
0.0469223	0.0548947	-0.00546498	-0.000182985	-8.30874e-05	0.000227612	-1.10000000000388e-06	0.0346461	0.03138972	-0.000338842	5.55316e-05	-8.6443e-05	0.09007775	0.050992326	0.0469078096	0.0403408874	0.0316390872	0.0212629165	0.0097614921	-0.0022565198	-0.0141551145	-0.025304607	-0.0351149558	-0.0430669878	-0.048739874	-0.0518333998	-0.0521838529	-0.049772687	-0.0447275033	-0.0373152977	-0.0279283311	-0.0170633708	-0.0052954007	0.006752807	0.047886538	-0.0243490687	0.0451749063	0.0189509873	-0.0420553267	-0.0170432863	-0.0128418058	0.0210169855	0.0297118492	-0.0435067465	0.465604314774009	-1.12879629542228	0.448081059024295	0.592443852028073
0.0617905	0.0202386	-0.0519473	0.000159268	-0.000331037	0.000227612	0.0148682	-0.0346561	-0.04648232	0.000342253	-0.0002479496	0	0.12551675	0.050940271	0.0467052026	0.0399056168	0.0309148693	0.0202266294	0.0084277735	-0.0038338396	-0.015884942	-0.0270638244	-0.0367566699	-0.044431258	-0.0496661877	-0.0521740164	-0.0518170426	-0.0486148674	-0.0427433176	-0.0345247919	-0.024410558	-0.0129559745	-0.0007899965	0.0114193591	0.0615776924	0.0233183663	-0.0352739384	-0.0082056783	-0.0046265291	0.0073576561	0.0283433819	-0.0339506803	-0.0589240053	0.0058615196	1.08620252904687	-1.07976203648724	0.448081059024295	0.592443852028073
0.0558963	0.0646837	-0.0481747	-0.000277108	-8.30874e-05	0.000442315	-0.00589419999999999	0.0444451	0.00377260000000001	-0.000436376	0.0002479496	0.000214703	0.09906333	0.0508872699	0.0464991262	0.0394636764	0.0301814655	0.0191809517	0.0070884207	-0.005407671	-0.0175958911	-0.0287823352	-0.0383301323	-0.0456957037	-0.0504597097	-0.0523509242	-0.0512616758	-0.0472539781	-0.0405559987	-0.0315490697	-0.0207459769	-0.0087617663	0.0037212726	0.0159924506	0.0062752354	-0.0097647773	-0.0106607807	-0.030723057	0.0163575919	-0.0139118941	0.0117292691	0.0086736904	0.0401579804	-0.0104398742	0.885090160539793	-1.17589812077679	0.448081059024295	-1.68540061352814
0.0469373	0.0336577	-0.104137	0.00051957	2.23867e-05	0.000440556	-0.008959	-0.031026	-0.0559623	0.000796678	0.0001054741	-1.75899999999999e-06	0.141142855	0.0508333239	0.0462895956	0.03901514	0.0294390937	0.018126369	0.0057443291	-0.0069765817	-0.0192859283	-0.0304575546	-0.0398324213	-0.0468574839	-0.0511183183	-0.0523635681	-0.0505197734	-0.0456957037	-0.0381759417	-0.0284040951	-0.0169566271	-0.0045088495	0.0082049152	0.0204346535	0.0228016056	0.0316143448	0.0093174628	0.0095371629	0.0858181236	-0.0298121437	0.0172420975	-0.0128229393	-0.0260366985	0.032134733	0.033253903417481	-1.0900232281146	0.448081059024295	0.592443852028073
0.0469692	-0.00926583	-0.0732061	0.000910752	-0.000104457	0.000227612	3.18999999999875e-05	-0.04292353	0.0309309	0.000391182	-0.0001268437	-0.000212944	0.110434815	0.0507784337	0.0460766263	0.0385600826	0.0286879745	0.0170633708	0.0043963972	-0.0085391442	-0.0209530451	-0.0320869629	-0.0412607473	-0.0479139886	-0.0516402525	-0.0522119084	-0.049594035	-0.0439465533	-0.0356144575	-0.0251067401	-0.0130652981	-0.0002257211	0.0126276447	0.024709611	-0.0599666246	0.0235516618	0.0502231489	-0.0898142854	0.0315294845	-0.0086831433	-0.0305663466	-0.0134643114	0.0258497814	-0.0209576277	0.461999902616557	-0.761289738967769	0.448081059024295	0.592443852028073
0.0529099	0.0408457	-0.0238474	0.000398053	1.49871e-05	0.000227612	0.00594070000000001	0.05011153	0.0493587	-0.000512699	0.0001194441	0	0.137018085	0.0507226006	0.0458602343	0.0380985803	0.0279283311	0.0159924506	0.0030455261	-0.0100939368	-0.0225952602	-0.0336681095	-0.0426124582	-0.048862844	-0.0520241169	-0.051896421	-0.0484878293	-0.0420138333	-0.0328837193	-0.021674694	-0.0090953929	0.0040589197	0.0169566271	0.0287823352	-0.0538215626	-0.0324086842	0.0330319187	-0.0446872345	-0.0425293108	0.0696869055	-0.0675286358	0.0036617032	0.0420398608	-0.0681790416	0.267548411218192	-0.939872465450454	0.448081059024295	0.592443852028073
0.0730696	0.00741367	-0.0290661	0.000837113	0.000116211	0.000310916	0.0201597	-0.03343203	-0.0052187	0.00043906	0.0001012239	8.3304e-05	0.089989825	0.0506658255	0.0456404355	0.0376307102	0.0271603893	0.0149141057	0.0016926191	-0.0116395445	-0.0242106219	-0.0351986159	-0.043885044	-0.0497019183	-0.0522688852	-0.0514180959	-0.0472051818	-0.0399056168	-0.0299967047	-0.018126369	-0.0050707869	0.0083163637	0.0211597241	0.0326194932	0.0263006208	-0.0505286161	0.0074090174	0.0545084672	-0.033145384	-0.0289955179	-0.0087214517	-0.0122490592	-0.0524279087	0.0236275695	-1.93913932960653	-0.841835965638606	0.448081059024295	0.592443852028073
0.0636764	0.0754483	-0.0437765	0.000564021	1.49871e-05	0.000227612	-0.0093932	0.06803463	-0.0147104	-0.000273092	-0.0001012239	-8.3304e-05	0.115019225	0.0506081094	0.0454172463	0.0371565505	0.0263843771	0.0138288366	0.0003385804	-0.0131745611	-0.0257972105	-0.0366761804	-0.0450761418	-0.0504293264	-0.0523739028	-0.0507784337	-0.0457507597	-0.0376307102	-0.0269671338	-0.0144808008	-0.0010156846	0.0125180835	0.0252057321	0.0361896802	0.0566018054	0.0191382798	-0.025267266	-0.0010912793	-0.0158262971	-0.0058719283	0.0081021013	-0.0353132959	-0.039983057	-9.25174e-05	0.632600409764398	-0.770325729196547	0.448081059024295	0.592443852028073
0.0592572	0.00172828	-0.0399132	0.000802955	1.49871e-05	0.000339289	-0.00441919999999999	-0.07372002	0.0038633	0.000238934	0	0.000111677	0.09953307	0.0505494535	0.0451906832	0.0366761804	0.0256005252	0.0127371473	-0.0010156846	-0.0146975897	-0.0273531403	-0.0380985803	-0.0461835398	-0.051043434	-0.0523388891	-0.0499794418	-0.0441298556	-0.0351986159	-0.0238094045	-0.010757547	0.0030455261	0.0166359256	0.0290646136	0.0394636764	-0.0119763813	-0.0207485337	-0.0604165029	-0.0446036374	0.0078141938	-0.0097697465	-0.0174880221	-0.0120333612	0.0029984731	-0.0097543775	-0.16695396632107	-0.974870328140671	0.448081059024295	0.592443852028073
0.061735	0.03773	-0.0385219	0.000815629	-0.000402362	0.000227612	0.0024778	0.03600172	0.0013913	1.26739999999998e-05	-0.0004173491	-0.000111677	0.066955825	0.0504898588	0.0449607632	0.0361896802	0.0248090665	0.0116395445	-0.0023692706	-0.0162072446	-0.0288765622	-0.0394636764	-0.0472051818	-0.0515428613	-0.0521639377	-0.049023627	-0.0423483678	-0.0326194932	-0.0205385235	-0.0069765817	0.0070884207	0.0206422981	0.0327077205	0.0424146861	-0.0280194892	-0.0630532809	-0.0131318014	0.0106888001	-0.0005253797	0.0214148092	-0.0235440486	0.0848624626	0.0334070154	0.0091373355	0.357767995893096	-1.15964189368599	0.448081059024295	0.592443852028073
0.0645917	0.0170908	-0.0717539	0.000984096	-0.000183114	0.000227612	0.00285669999999998	-0.0206392	-0.033232	0.000168467	0.000219248	0	0.07611365	0.0504293264	0.0447275033	0.0356971313	0.0240102362	0.0105365379	-0.0037212726	-0.017702152	-0.0303656657	-0.0407694154	-0.0481391707	-0.0519264863	-0.0518495163	-0.0479139886	-0.0404127789	-0.0299041152	-0.0171700353	-0.003158189	0.0110886847	0.0245103563	0.0361080066	0.045018557	0.0138786303	-0.038499438	-0.0013696439	0.0691782825	0.0169672819	-0.0238206922	0.0392311504	0.0153852451	0.0030273702	0.0094095753	0.108759793619907	-1.27306186642722	0.448081059024295	0.592443852028073
0.0617265	0.0427103	-0.0617438	0.00092274	3.10595e-05	0.000227612	-0.00286519999999999	0.0256195	0.0100101	-6.1356e-05	0.0002141735	0	0.052271275	0.0503678575	0.0444909208	0.0351986159	0.0232042715	0.0094286395	-0.0050707869	-0.0191809517	-0.0318186811	-0.0420138333	-0.0489837722	-0.0521934471	-0.0513964655	-0.0466540082	-0.0383301323	-0.0270638244	-0.0137199483	0.0006771467	0.0150222601	0.028214182	0.0392402281	0.0472539781	0.0523664916	0.030897615	0.016880261	0.019924318	-0.0081108099	0.0009314055	0.024005273	0.0016744789	-0.0250011385	0.011089673	-0.788519963405994	-1.14699627473177	0.448081059024295	0.592443852028073
0.0624039	-0.00538318	-0.023955	0.000937578	-0.000394482	6.4468e-05	0.000677400000000002	-0.04809348	0.0377888	1.4838e-05	-0.0004255415	-0.000163144	0.116735855	0.0503054532	0.0442510332	0.0346942175	0.0223914121	0.0083163637	-0.0064169112	-0.0206422981	-0.0332338815	-0.0431950583	-0.0497374181	-0.0523431439	-0.0508059967	-0.0452476394	-0.0361080066	-0.024110485	-0.0102046586	0.0045088495	0.0188654898	0.0317289578	0.0420811315	0.0491026536	0.0493231581	0.033122966	0.0051853867	0.0096940785	-0.0181474927	-0.0299892466	0.0403265198	-0.0131853052	-0.0236203773	0.008160291	0.413102020044084	-0.650230394162323	0.448081059024295	0.592443852028073
0.0469856	0.0760429	-0.00892893	0.000444747	-0.000109976	0.000151965	-0.0154183	0.08142608	0.01502607	-0.000492831	0.000284506	8.7497e-05	0.15511215	0.0502421146	0.0440078585	0.0341840202	0.0215718994	0.0072002268	-0.0077587455	-0.0220848615	-0.034609585	-0.044311314	-0.0503987089	-0.0523752403	-0.0500796887	-0.043699295	-0.0337544877	-0.0210564335	-0.0066408724	0.0083163637	0.0225952602	0.0350311327	0.0446096262	0.0505494535	0.0207355532	0.0060496183	-0.001723664	-0.0056487282	-0.0398385009	0.0394072838	0.0120569873	-0.0357041887	-0.0287114241	-0.0307579057	0.916040997069287	-0.355245975078355	0.448081059024295	0.592443852028073
0.046981	0.0111969	-0.00889029	0.000884352	-0.000227823	0.000227612	-4.60000000000044e-06	-0.064846	3.86399999999995e-05	0.000439605	-0.000117847	7.5647e-05	0.09654419	0.050177843	0.0437614146	0.0336681095	0.0207459769	0.0060807472	-0.0090953929	-0.0235073292	-0.0359441567	-0.0453609212	-0.0509664168	-0.0522896643	-0.0492194833	-0.0420138333	-0.03127814	-0.0179144269	-0.0030455261	0.0120792627	0.02618914	0.0380985803	0.0468069407	0.0515825363	-0.0037637148	-0.0472296746	-0.0420841411	0.0231897128	0.0324048055	-0.0068019325	-0.0222269265	0.0161250068	0.0071165481	0.0325072457	1.0150870079523	-0.795809900615696	0.448081059024295	0.592443852028073
0.046988	0.0448892	-0.00885995	0.00032814	-0.000301454	0.000227612	7.00000000000006e-06	0.0336923	3.03400000000002e-05	-0.000556212	-7.3631e-05	0	0.06522179	0.0501126395	0.0435117199	0.0331465714	0.0199138901	0.0049584444	-0.0104259597	-0.0249084068	-0.0372360105	-0.0463423012	-0.0514394875	-0.0520866082	-0.0482276804	-0.0401965428	-0.0286879745	-0.0146975897	0.0005642937	0.0157773596	0.0296255153	0.0409107473	0.0486567622	0.0521934471	-0.0322612221	-0.0450008573	0.0059865033	-0.0132623069	0.0131584616	-0.010678966	-0.0238489194	0.0864223661	0.0693341081	0.0035871006	-0.160461332157354	-0.904070995923528	0.448081059024295	0.592443852028073
0.0469819	0.0111802	-0.0198075	0.000881193	-0.0003837	0.000128435	-6.10000000000194e-06	-0.033709	-0.01094755	0.000553053	-8.2246e-05	-9.9177e-05	0.08138645	0.0500465054	0.0432587929	0.0326194932	0.0190758861	0.0038338396	-0.0117495564	-0.0262868196	-0.0384836111	-0.0472539781	-0.0518170426	-0.051766528	-0.0471069319	-0.0382531258	-0.0259934166	-0.0114193591	0.0041714317	0.0193908153	0.0328837193	0.0434487905	0.0501453577	0.0523771858	-0.0070461313	-0.0409253632	0.0058642271	0.0584191626	0.0593024869	-0.0272582061	0.0121299816	0.0079864978	0.0091610018	0.0094610996	0.31480615660391	-0.844887407890461	0.448081059024295	0.592443852028073
0.0469802	0.0375464	-0.0088754	0.000194304	-0.0003837	0.000227612	-1.70000000000031e-06	0.0263662	0.0109321	-0.000686889	0	9.9177e-05	0.0766033	0.0499794418	0.0430026525	0.0320869629	0.0182322141	0.0027074549	-0.0130652981	-0.0276413132	-0.0396854757	-0.0480945804	-0.0520983812	-0.0513301431	-0.0458602343	-0.0361896802	-0.0232042715	-0.0080934286	0.0077587455	0.0229002443	0.0359441567	0.0456957037	0.0512616758	0.0521322486	0.01949777	-0.0135976649	0.0441580518	0.0390306878	-0.0097242624	-0.0320619617	0.0136385739	0.0476555682	-0.0102912544	0.0378402537	0.371784022373469	-0.784331031384168	0.448081059024295	-1.68540061352814
0.0469798	0.03476	0.022534	0.000194304	-0.0003837	0.00029538	-3.99999999997625e-07	-0.0027864	0.0314094	0	0	6.7768e-05	0.0375846	0.04991145	0.0427433176	0.0315490697	0.0173831246	0.0015798132	-0.0143723053	-0.0289706552	-0.0408401761	-0.048862844	-0.0522829807	-0.0507784337	-0.0444909208	-0.0340126806	-0.0203306886	-0.0047336909	0.0113091867	0.0262868196	0.0387884217	0.0476364314	0.0519974292	0.0514606403	0.0539869368	0.0160255889	0.052254116	0.0240089712	-0.0246348693	-0.0076165436	0.0434992942	0.0178741969	-0.0039044869	-0.01345443	0.408297989383388	-0.884820150397582	0.448081059024295	-1.68540061352814
0.050235	0.0449498	0.0125833	0.000495821	-0.0003837	0.000227612	0.0032552	0.0101898	-0.0099507	0.000301517	0	-6.7768e-05	0.04185995	0.0498425313	0.0424808075	0.0310059033	0.01652887	0.0004514381	-0.015669704	-0.0302736359	-0.0419463399	-0.0495576132	-0.0523704984	-0.0501126395	-0.0430026525	-0.0317289578	-0.0173831246	-0.0013541801	0.0148058821	0.0295323731	0.0413994086	0.0492579697	0.0523471556	0.0503678575	0.0459373948	0.0259137751	0.0027128725	-0.0182191184	0.0017691826	-0.0315406772	0.0362955472	0.0123645149	-0.0344736153	0.000841959	0.016669162175019	-0.688069654352658	0.448081059024295	0.592443852028073
0.0469802	0.0683871	-0.00117879	0.000115708	-0.0003837	0.000227612	-0.0032548	0.0234373	-0.01376209	-0.000380113	0	0	0.05945984	0.049772687	0.0422151417	0.0304575546	0.015669704	-0.0006771467	-0.0169566271	-0.0315490697	-0.0430026525	-0.050177843	-0.0523607718	-0.0493342563	-0.0413994086	-0.0293456776	-0.0143723053	0.0020309873	0.0182322141	0.0326194932	0.0437614146	0.0505494535	0.0523082586	0.048862844	-0.0002887587	0.0295607125	0.0065443095	-0.0175025183	0.0171441937	0.0166450931	0.0305606187	-0.0387468265	-0.0051152271	-0.0137595018	-0.548167783477355	-0.589423574441306	0.448081059024295	0.592443852028073
0.0469802	0.015073	-0.00853255	0.000194304	-0.0003837	0.000227612	0	-0.0533141	-0.00735376	7.8596e-05	0	0	0.06459766	0.0497019183	0.0419463399	0.0299041152	0.0148058821	-0.001805417	-0.0182322141	-0.0327957961	-0.0440078585	-0.0507226006	-0.0522538189	-0.0484450328	-0.0396854757	-0.0268703181	-0.0113091867	0.005407671	0.0215718994	0.0355316183	0.0458602343	0.051502229	0.051881027	0.0469579174	-0.0415304331	0.0293126926	0.0049908277	-0.0547922375	-0.0059649868	-0.0195195794	-0.0238718939	-0.0130321435	0.0146945922	-0.0306957478	0.493979645083083	-1.25607748459641	0.448081059024295	0.592443852028073
0.0189121	0.0870829	-0.00883078	8.56337e-07	-0.0003837	0.000227612	-0.0280681	0.0720099	-0.00029823	-0.000193447663	0	0	0.11004861315	0.0496302266	0.0416744222	0.0293456776	0.0139376608	-0.0029328492	-0.0194956122	-0.0340126806	-0.0449607632	-0.0511910666	-0.0520498384	-0.047446967	-0.0378654364	-0.0243106464	-0.0082049152	0.0087617663	0.0248090665	0.0382531258	0.0476832451	0.0521099123	0.0510686325	0.0446686685	-0.0313189046	0.0095525731	0.0099345963	-0.0005712926	-0.0513906832	0.06533813	-0.0262818178	-0.0458672338	-0.0109526952	-0.012098259	0.062451000184514	-1.25398224263424	0.448081059024295	0.592443852028073
0.0128785	0.0178598	-0.0183009	0.000142137	-0.000870919	0.000227612	-0.0060336	-0.0692231	-0.00947012	0.000141280663	-0.000487219	0	0.11615180315	0.0495576132	0.0413994086	0.0287823352	0.0130652981	-0.0040589197	-0.0207459769	-0.0351986159	-0.0458602343	-0.0515825363	-0.0517492091	-0.0463423012	-0.0359441567	-0.021674694	-0.0050707869	0.0120792627	0.0279283311	0.0407694154	0.0492194833	0.0523684314	0.0498771065	0.0420138333	-0.0391491638	-0.0416218902	-0.0370308559	0.0174902518	0.0235799145	-0.0054592294	-0.0561444263	-0.0099325312	0.025980861	0.0484538862	-0.083835468735741	-0.925250224101678	0.448081059024295	0.592443852028073
0.0189081	-0.0111099	0.0110365	0.00029078	-0.000870918	0.000227612	0.0060296	-0.0289697	0.0293374	0.000148643	9.99999999690485e-10	0	0.0717689	0.0494840794	0.0411213197	0.028214182	0.0121890533	-0.0051831058	-0.0219824722	-0.036352523	-0.0467052026	-0.051896421	-0.051352489	-0.0451335173	-0.0339267737	-0.018970732	-0.0019182066	0.0153463027	0.0309148693	0.0430669878	0.0504597097	0.0522760543	0.0483152946	0.03901514	-0.0379240646	-0.0208683603	-0.0337796922	-0.0489761194	-0.0133169431	-0.0038567261	-0.079491236	0.013118468	0.0122993653	0.0027987796	0.144493977732453	-0.155891043618004	0.448081059024295	0.592443852028073
0.0188858	0.0612303	0.0484745	8.8954e-05	-0.000516588	0.000227612	-2.22999999999994e-05	0.0723402	0.037438	-0.000201826	0.00035433	0	0.1376083	0.0494096266	0.0408401761	0.0276413132	0.0113091867	-0.0063048856	-0.0232042715	-0.0374733519	-0.0474946641	-0.0521322486	-0.050860415	-0.043823331	-0.0318186811	-0.0162072446	0.0012413539	0.0185492395	0.0337544877	0.0451335173	0.0513964655	0.0518333998	0.0463947917	0.0356971313	-0.0131990594	-0.0668981417	-0.0016525416	0.0147787444	-0.065676179	0.0324653667	-0.0239675434	0.0325479402	0.0022304382	-0.0034617823	0.83581936516446	-1.12991062119052	0.448081059024295	0.592443852028073
0.0189081	0.0431339	0.0397021	-0.000207325	-0.000870918	0.000227612	2.22999999999994e-05	-0.0180964	-0.00877240000000001	-0.000296279	-0.00035433	0	0.05942155	0.0493342563	0.0405559987	0.0270638244	0.0104259597	-0.0074237382	-0.024410558	-0.0385600826	-0.0482276804	-0.0522896643	-0.0502739006	-0.0424146861	-0.0296255153	-0.013392903	0.0043963972	0.021674694	0.0364336915	0.0469579174	0.0520241169	0.051043434	0.0441298556	0.0320869629	0.0536022726	0.0138254565	-0.0242884609	0.0112950105	-0.0408814164	-0.0076732547	0.0127029904	-0.0594089583	-0.0037620406	-0.0153822009	0.753544243222687	-1.12576258290809	0.448081059024295	0.592443852028073
0.0227237	0.0431356	0.0443469	-6.43249e-05	-0.000464934	0.000227612	0.0038156	1.69999999999337e-06	0.0046448	0.0001430001	0.000405984	0	0.035911305	0.0492579697	0.0402688086	0.0264818121	0.0095396348	-0.0085391442	-0.0256005252	-0.0396117264	-0.0489033805	-0.0523684314	-0.049594035	-0.0409107473	-0.0273531403	-0.0105365379	0.0075354425	0.024709611	0.0389397479	0.0485304007	0.0523388891	0.04991145	0.0415373011	0.028214182	0.0022230104	0.0092760129	-0.009914777	-0.0452573344	-0.0458214206	0.0171368066	-0.0299700343	-0.0221816721	0.009796597	-0.0465097181	0.078660050300253	-1.13840950924139	0.448081059024295	0.592443852028073
0.0189081	0.0431386	0.031522	-6.90431e-05	-0.000870918	0.000227612	-0.0038156	3.000000000003e-06	-0.0128249	-4.71820000000001e-06	-0.000405984	0	0.03717861	0.0491807684	0.0399786271	0.0258953737	0.0086504753	-0.0096505858	-0.0267733776	-0.0406273263	-0.0495209612	-0.0523684314	-0.0488220806	-0.0393148935	-0.0250076315	-0.0076471118	0.0106470671	0.0276413132	0.0412607473	0.0498425313	0.0523388891	0.0484450328	0.0386363752	0.024110485	-0.0010005074	0.00259269	-0.0215530337	-0.0236003913	-0.0836021661	0.0661181367	-0.0359644605	-0.0297672736	-0.0465069412	-0.0298259117	0.553118120709613	-1.14643215787883	0.448081059024295	0.592443852028073
0.0326398	0.00490979	0.041145	0.000109556	-0.000610218	0.000227612	0.0137317	-0.03822881	0.009623	0.0001785991	0.0002607	0	0.083548465	0.0491026536	0.0396854757	0.025304607	0.0077587455	-0.010757547	-0.0279283311	-0.0416059582	-0.0500796887	-0.0522896643	-0.0479594708	-0.0376307102	-0.0225952602	-0.0047336909	0.0137199483	0.0304575546	0.0433856593	0.0508872699	0.0520241169	0.0466540082	0.0354486142	0.0198094581	-0.0019553397	-0.0521095889	-0.0744264154	0.0059437284	-0.0102326417	0.0143957606	0.0267064025	0.0205973896	-0.0362963345	-0.0061216509	0.124722190317197	-1.15130769047266	0.448081059024295	0.592443852028073
0.0252522	0.0652428	0.0344264	-0.00019021	-0.000715544	0.000227612	-0.00738759999999999	0.06033301	-0.0067186	-0.000299766	-0.000105326	0	0.09469381	0.049023627	0.0393893764	0.024709611	0.0068647103	-0.0118595137	-0.0290646136	-0.0425467316	-0.0505788988	-0.0521322486	-0.0470078072	-0.0358619813	-0.0201224762	-0.001805417	0.016742904	0.0331465714	0.0453043854	0.0516590118	0.0513964655	0.0445503769	0.0319976841	0.0153463027	0.014115122	-0.0353272995	0.0095813911	0.0668184344	-0.0280198314	-0.0168606319	0.0215197193	0.0236124002	-0.0188603439	0.0304651245	-2.74389565407031	-0.302517672361473	0.448081059024295	0.592443852028073
0.0386673	-0.00216534	0.0139055	4.35935e-06	-0.000870919	0.000227612	0.0134151	-0.06740814	-0.0205209	0.00019456935	-0.000155375	0	0.1188413575	0.04894369	0.039090351	0.024110485	0.0059686353	-0.0129559745	-0.0301814655	-0.0434487905	-0.0510179984	-0.051896421	-0.0459688572	-0.0340126806	-0.0175958911	0.0011285219	0.0197049341	0.0356971313	0.0470078072	0.0521536168	0.0504597097	0.0421482344	0.0283092043	0.010757547	0.0255766114	0.0497046087	-0.0258425211	-0.0081701661	0.002682893	0.0078478488	0.0369294865	-0.063978199	0.0103238217	0.0054969386	-0.035977914098402	-0.364193944100861	0.448081059024295	0.592443852028073
0.032771	-0.00216547	0.0140835	0.00027733	-0.000870918	0.000227612	-0.00589630000000001	-1.30000000000095e-07	0.000177999999999999	0.00027297065	9.99999999690485e-10	0	0.0197230125	0.048862844	0.0387884217	0.0235073292	0.0050707869	-0.0140464202	-0.03127814	-0.044311314	-0.0513964655	-0.0515825363	-0.0448445497	-0.0320869629	-0.0150222601	0.0040589197	0.0225952602	0.0380985803	0.0484878293	0.0523684314	0.0492194833	0.0394636764	0.024410558	0.0060807472	0.0055922558	0.0338176897	0.0367497267	0.0105955221	-0.0289146427	-0.0220047702	0.0128052558	-0.0038022764	0.0003671906	0.0302244314	0.232180657152827	-0.229895539210594	0.448081059024295	0.592443852028073
0.0018603	0.0607138	0.0140542	9.36769e-05	-0.000207741	0.000227612	-0.0309107	0.06287927	-2.93000000000012e-05	-0.0001836531	0.000663177	0	0.136160775	0.0487810905	0.0384836111	0.0229002443	0.0041714317	-0.0151303447	-0.032353904	-0.0451335173	-0.0517138504	-0.0511910666	-0.0436369724	-0.0300891549	-0.0124084642	0.0069765817	0.0254033645	0.0403408874	0.0497374181	0.0523023033	0.0476832451	0.0365146908	0.0203306886	0.0013541801	0.0056805128	0.0244297336	-0.0293991457	-0.0001418488	-0.057236278	0.0745106783	-0.0003194857	-0.0178683585	-0.0618344808	0.0009513725	0.305613917753922	-0.099981683918716	0.448081059024295	0.592443852028073
0.0157196	-0.00578119	0.0294805	0.000231116	-0.000402395	0.000227612	0.0138593	-0.06649499	0.0154263	0.0001374391	-0.000194654	0	0.112385245	0.0486984311	0.0381759417	0.0222893319	0.0032708371	-0.0162072446	-0.0334080384	-0.0459146523	-0.0519697758	-0.0507226006	-0.0423483678	-0.028023745	-0.0097614921	0.009872353	0.0281190288	0.0424146861	0.050750635	0.0519555872	0.0458602343	0.0333210373	0.016099885	-0.0033834701	-0.0009000084	0.0105950726	-0.0524898579	-0.0101937473	0.0069102753	0.010143326	0.0225116752	-0.0180368755	0.0113641604	0.0141300858	0.10114872975026	-1.02058833092219	0.448081059024295	0.592443852028073
0.019511	0.0249211	0.00357942	0.000421901	-0.000803701	0.000227612	0.0037914	0.03070229	-0.02590108	0.000190785	-0.000401306	0	0.08999932	0.0486148674	0.0378654364	0.021674694	0.0023692706	-0.01727662	-0.0344398384	-0.0466540082	-0.0521639377	-0.050177843	-0.0409811285	-0.0258953737	-0.0070884207	0.0127371473	0.030732371	0.044311314	0.0515226647	0.0513301431	0.0437614146	0.0299041152	0.0117495564	-0.0080934286	-0.0239907727	0.0218204854	-0.0523366462	-0.0338328241	0.009935331	0.0089637832	0.0155731871	-0.0217392422	0.0021940069	0.0061213777	-3.07680738477128	-0.968085274795637	0.448081059024295	0.592443852028073
0.0442144	-0.00599912	-0.0534396	0.00226622	0.000220622	0.000293096	0.0247034	-0.03092022	-0.05701902	0.001844319	0.001024323	6.5484e-05	0.25934894	0.0485304007	0.0375521182	0.0210564335	0.0014670001	-0.0183379745	-0.0354486142	-0.0473509122	-0.0522961052	-0.0495576132	-0.0395377932	-0.0237088227	-0.0043963972	0.0155619757	0.0332338815	0.0460228486	0.0520498384	0.0504293264	0.0413994086	0.0262868196	0.0073119995	-0.0127371473	-0.0529789351	-0.002953713	-0.0359241795	0.0565538935	0.0606324593	-0.0032770523	0.0441615494	-0.0095044193	-0.0206025647	0.0204240705	-2.14504585028946	0.023666303272048	-2.22840312389761	0.592443852028073
0.0337367	0.0407026	-0.0322472	0.00118514	-9.37693e-05	0.000227612	-0.0104777	0.04670172	0.0211924	-0.00108108	-0.0003143913	-6.5484e-05	0.151419585	0.0484450328	0.0372360105	0.0204346535	0.0005642937	-0.0193908153	-0.0364336915	-0.0480047303	-0.0523661213	-0.048862844	-0.0380210421	-0.0214690046	-0.0016926191	0.0183379745	0.0356144575	0.0475421407	0.0523296507	0.0492579697	0.0387884217	0.0224933884	0.0028201586	-0.01727662	0.0106008876	0.0436770403	0.0125614663	0.0580552578	0.0567497663	0.0105369843	0.0757171154	0.0245975324	-0.0092316006	0.0383630056	0.600881521038284	-0.00030209762865	0.448081059024295	0.592443852028073
0.0224954	0.0190295	0.00298257	0.000620669	-0.000271054	0.000227612	-0.0112413	-0.0216731	0.03522977	-0.000564471	-0.0001772847	0	0.105231955	0.0483587652	0.0369171367	0.0198094581	-0.0003385804	-0.0204346535	-0.0373944116	-0.0486148674	-0.0523739028	-0.0480945804	-0.0364336915	-0.0191809517	0.0010156846	0.0210564335	0.0378654364	0.048862844	0.0523607718	0.0478223571	0.0359441567	0.0185492395	-0.0016926191	-0.021674694	-0.0203481631	0.0565485581	0.0073065779	-0.0055857192	0.026137154	0.0103700995	0.0270805188	-0.0295261119	0.0469776502	-0.0042968559	0.666217819796467	0.007290884541681	0.448081059024295	0.592443852028073
0.0205005	0.0239034	0.0220785	0.000759203	-0.000556813	0.000227612	-0.0019949	0.0048739	0.01909593	0.000138534	-0.000285759	0	0.04717938	0.0482715996	0.0365955205	0.0191809517	-0.0012413539	-0.0214690046	-0.0383301323	-0.0491807684	-0.0523194405	-0.0472539781	-0.0347786889	-0.0168498047	0.0037212726	0.0237088227	0.0399786271	0.0499794418	0.0521430537	0.0461301902	0.0328837193	0.0144808008	-0.0061928308	-0.0258953737	-0.0417029311	0.0173830185	-0.0281557524	-0.0333472799	0.0179513869	0.0279868431	-0.0371063111	-0.0064766008	-0.0011037235	-0.0108735336	-0.162641698984015	0.027039540487178	0.448081059024295	0.592443852028073
0.0135976	0.0347913	0.0232217	0.000483008	-0.000556813	0.000227612	-0.0069029	0.0108879	0.0011432	-0.000276195	0	0	0.03274375	0.0481835374	0.0362711858	0.0185492395	-0.0021437585	-0.0224933884	-0.0392402281	-0.0497019183	-0.0522027989	-0.0463423012	-0.0330591074	-0.0144808008	0.0064169112	0.0262868196	0.0419463399	0.0508872699	0.0516775313	0.044190547	0.0296255153	0.0103153331	-0.0106470671	-0.0299041152	-0.0342738471	-0.0187010705	0.0049791439	0.0649002818	0.0235078009	-0.0120668281	0.0264362168	0.0767015949	0.0039624732	0.0465337321	-2.67024290588409	0.106041704536855	0.448081059024295	0.592443852028073
0.0225108	-0.0244691	0.0195681	0.000483008	4.86325e-06	0.000227612	0.0089132	-0.0592604	-0.0036536	0	0.00056167625	0	0.0999110125	0.0480945804	0.0359441567	0.0179144269	-0.0030455261	-0.0235073292	-0.0401240904	-0.050177843	-0.0520241169	-0.0453609212	-0.03127814	-0.0120792627	0.0090953929	0.0287823352	0.0437614146	0.0515825363	0.0509664168	0.0420138333	0.02618914	0.0060807472	-0.0150222601	-0.0336681095	0.011502415	0.0616994295	-0.0085452892	0.0038740229	0.0708955047	-0.0568024399	0.0554713864	0.0027987207	0.0348457149	0.0076496651	-1.33046969448544	0.130884861850789	0.448081059024295	0.592443852028073
0.0225058	0.0301395	0.0139389	4.24028e-05	-0.000184698	0.000227612	-5.00000000000153e-06	0.0546086	-0.0056292	-0.0004406052	-0.00018956125	0	0.0917511225	0.0480047303	0.0356144575	0.01727662	-0.0039463888	-0.0245103563	-0.0409811285	-0.0506081094	-0.0517836067	-0.044311314	-0.0294390937	-0.0096505858	0.0117495564	0.0311875391	0.0454172463	0.0520623368	0.0500130897	0.0396117264	0.0225952602	0.001805417	-0.0192859283	-0.0371565505	-0.0657738553	-0.0174637345	0.036203329	0.0425005873	0.0821020373	-0.0438944545	-0.0175096598	0.0256132529	0.0491505387	0.0408327157	-2.34793264163664	0.068309553586942	0.448081059024295	0.592443852028073
0.0131268	0.0129437	0.0164107	4.24028e-05	-0.000507466	0.000227612	-0.009379	-0.0171958	0.0024718	0	-0.000322768	0	0.045185	0.0479139886	0.0352821126	0.0166359256	-0.0048460789	-0.0255020041	-0.0418107693	-0.050992326	-0.0514815542	-0.0431950583	-0.0275453833	-0.0072002268	0.0143723053	0.0334948844	0.0469078096	0.052324667	0.0488220806	0.0369971132	0.0188654898	-0.0024820104	-0.0234064185	-0.0403408874	-0.018007959	0.0711535641	0.0620829938	-0.0089253162	0.0476952543	-0.039113212	-0.0061409314	-0.0196898992	0.0487118051	0.0444772382	0.442395432038346	0.13875362013916	0.448081059024295	-1.68540061352814
0.00805075	0.0427076	0.0424069	-3.8333e-05	-0.000321412	0.000227612	-0.00507605	0.0297639	0.0259962	-8.07358e-05	0.000186054	0	0.07417564	0.0478223571	0.0349471469	0.0159924506	-0.0057443291	-0.0264818121	-0.0426124582	-0.0513301431	-0.0511183183	-0.0420138333	-0.0256005252	-0.0047336909	0.0169566271	0.0356971313	0.0482276804	0.0523684314	0.0473990497	0.0341840202	0.0150222601	-0.006752807	-0.0273531403	-0.0431950583	-0.0668264125	0.0216277098	0.0228534033	-0.0308204001	0.015688254	0.043676142	-0.0393188209	-0.0297326766	0.0162782297	-0.0321187583	0.490126727291273	0.174368480395784	0.448081059024295	0.592443852028073
0.00276983	0.0479799	0.042404	4.24028e-05	-0.000507466	0.000227612	-0.00528092	0.00527230000000001	-2.90000000000013e-06	8.07358e-05	-0.000186054	0	0.02389561	0.0477298374	0.034609585	0.0153463027	-0.0066408724	-0.0274493255	-0.0433856593	-0.0516212534	-0.0506943307	-0.0407694154	-0.0236081307	-0.0022565198	0.0194956122	0.0377873696	0.0493720561	0.0521934471	0.0457507597	0.0311875391	0.0110886847	-0.0109783563	-0.0310967934	-0.0456957037	0.0105133983	0.0270359788	0.0340445348	0.0271015917	0.0672038573	-0.02547473	-0.0600713368	0.0362751119	-0.0165304554	0.0486771087	0.900084774425024	0.174840222604881	0.448081059024295	0.592443852028073
0.00278045	-0.0418108	0.0301534	4.24028e-05	-0.000507466	1.52401e-05	1.06199999999998e-05	-0.0897907	-0.0122506	0	0	-0.0002123719	0.112670515	0.0476364314	0.0342694522	0.0146975897	-0.0075354425	-0.0284040951	-0.0441298556	-0.051865392	-0.0502100954	-0.0394636764	-0.0215718994	0.0002257211	0.0219824722	0.0397590408	0.0503367722	0.0518004449	0.043885044	0.028023745	0.0070884207	-0.0151303447	-0.034609585	-0.0478223571	-0.0178036328	0.0489339509	0.0825944472	0.0071128747	0.0270819267	-0.0241557141	0.0322661475	0.0460228376	0.0021782203	0.0148571769	-0.659612527650188	0.160826634359443	0.448081059024295	0.592443852028073
0.00276983	0.0357307	0.0424017	-1.6822e-05	-0.000507466	0.000227612	-1.06199999999998e-05	0.0775415	0.0122483	-5.92248e-05	0	0.0002123719	0.103380255	0.0475421407	0.0339267737	0.0140464202	-0.0084277735	-0.0293456776	-0.0448445497	-0.0520623368	-0.0496661877	-0.0380985803	-0.0194956122	0.0027074549	0.024410558	0.0416059582	0.0511183183	0.0511910666	0.0418107693	0.024709611	0.0030455261	-0.0191809517	-0.0378654364	-0.0495576132	-0.0159254024	0.0295878041	0.0756492204	0.0039814098	-0.0199864504	0.0077869567	-0.0281663106	-0.0061837754	0.0087244579	0.007485902	-0.123584948234721	0.155216733605421	0.448081059024295	0.592443852028073
0.00276983	-0.0108245	0.0559991	4.95477e-05	-0.000507466	0.000227612	0	-0.0465552	0.0135974	6.63697e-05	0	0	0.063471085	0.047446967	0.0335815749	0.013392903	-0.0093176004	-0.0302736359	-0.0455292636	-0.0522119084	-0.0490632542	-0.0366761804	-0.0173831246	0.0051831058	0.0267733776	0.0433223267	0.0517138504	0.0503678575	0.0395377932	0.0212629165	-0.0010156846	-0.0231030362	-0.0408401761	-0.0508872699	0.0137026481	0.0312607261	-0.0146400097	-0.0091229429	0.0108387783	-0.0200292316	-0.0198793189	-0.0431635118	-0.0111188451	-0.0186506448	-0.201342206873623	-0.062694816101536	0.448081059024295	0.592443852028073
0.00609718	0.00646234	0.0423855	-0.000280634	-0.000736957	0.000227612	0.00332735	0.01728684	-0.0136136	-0.0003301817	-0.000229491	0	0.062211425	0.0473509122	0.0332338815	0.0127371473	-0.0102046586	-0.0311875391	-0.0461835398	-0.0523139709	-0.0484020114	-0.0351986159	-0.015238359	0.0076471118	0.0290646136	0.0449027607	0.0521212014	0.0493342563	0.0370769179	0.017702152	-0.0050707869	-0.0268703181	-0.0435117199	-0.0518004449	0.0003691869	0.0260233291	0.0100379876	-0.0082455879	-0.0096213543	0.0067807155	0.0070280732	-0.009639188	-0.006304756	-0.0035979259	-2.18603230131249	-0.608782457701411	0.448081059024295	0.592443852028073
0.01203	0.029799	0.0541982	1.1283e-06	-0.000471667	0.000227612	0.00593282	0.02333666	0.0118127	0.0002817623	0.00026529	0	0.068434795	0.0472539781	0.0328837193	0.0120792627	-0.0110886847	-0.0320869629	-0.0468069407	-0.0523684314	-0.0476832451	-0.0336681095	-0.0130652981	0.0100939368	0.03127814	0.0463423012	0.0523388891	0.0480945804	0.0344398384	0.0140464202	-0.0090953929	-0.0304575546	-0.0458602343	-0.0522896643	0.0124886776	0.0236960227	-0.0070138049	0.0097604317	-0.0058202442	-0.0017289487	0.0307397923	-0.0331380909	-0.0024035753	-0.0041644341	0.740534587385797	-0.601726215296912	0.448081059024295	0.592443852028073
0.00275711	0.0425532	0.0588695	-0.000414609	-0.000505385	0.000227612	-0.00927289	0.0127542	0.00467130000000001	-0.0004157373	-3.3718e-05	0	0.049171155	0.0471561663	0.0325311144	0.0114193591	-0.011969416	-0.0329714899	-0.0473990497	-0.0523752403	-0.0469078096	-0.0320869629	-0.0108679768	0.0125180835	0.0334080384	0.0476364314	0.0523661213	0.0466540082	0.0316390872	0.0103153331	-0.0130652981	-0.0338407093	-0.0478682839	-0.0523509242	-0.0039606367	0.0183107823	-0.0188055663	-0.0338024633	-0.0189528284	0.0004938594	-0.0161377243	-0.0295863733	-0.0204435173	0.0041664032	0.412104910480143	-1.06155517883624	0.448081059024295	0.592443852028073
0.00275088	0.0425443	0.0862603	-0.000505853	-0.000620579	0.000227612	-6.2300000000003e-06	-8.89999999999225e-06	0.0273908	-9.1244e-05	-0.000115194	0	0.03772783	0.0470574788	0.0321760928	0.010757547	-0.0128465907	-0.0338407093	-0.0479594708	-0.0523343914	-0.0460766263	-0.0304575546	-0.0086504753	0.0149141057	0.0354486142	0.0487810905	0.0522027989	0.045018557	0.0286879745	0.0065289069	-0.0169566271	-0.0369971132	-0.0495209612	-0.0519837232	-0.0063558293	-0.0062112435	-0.0307384346	-0.0273677845	-0.0139898081	0.0527732644	-0.0147756715	-0.0320811781	0.0001617752	-0.0312031578	-0.023031233602392	-1.09079899811004	0.448081059024295	0.592443852028073
0.00275319	0.00769323	0.0891502	-9.95091e-05	-0.000646735	0.000312256	2.31000000000016e-06	-0.03485107	0.00288989999999999	0.0004063439	-2.61559999999999e-05	8.4644e-05	0.063600475	0.0469579174	0.0318186811	0.0100939368	-0.0137199483	-0.0346942175	-0.0484878293	-0.0522459219	-0.0451906832	-0.0287823352	-0.0064169112	0.01727662	0.0373944116	0.049772687	0.0518495163	0.0431950583	0.0256005252	0.0027074549	-0.0207459769	-0.0399056168	-0.0508059967	-0.0511910666	0.01974817	0.013823154	-0.0315219379	-0.029885733	-0.014179237	-0.0216742754	0.0069379719	-0.0400382085	0.0011468285	-0.0079346216	-0.664529543481287	-0.913773857310528	0.448081059024295	0.592443852028073
0.00274121	0.0888602	0.103163	-0.000777657	-0.000460191	0.000227612	-1.198e-05	0.08116697	0.0140128	-0.0006781479	0.000186544	-8.4644e-05	0.142658545	0.0468574839	0.0314589057	0.0094286395	-0.0145892291	-0.0355316183	-0.0489837722	-0.0521099123	-0.0442510332	-0.0270638244	-0.0041714317	0.0196003187	0.0392402281	0.0506081094	0.0513075588	0.0411911291	0.0223914121	-0.0011285219	-0.024410558	-0.0425467316	-0.0517138504	-0.0499794418	0.0025712067	-0.0172806443	-0.029947035	-0.0256587629	0.0068315361	0.0081868886	0.0061488665	0.0006133343	0.0250220431	-0.0288158406	-3.2572502585529	-0.676838364980973	0.448081059024295	0.592443852028073
0.00276548	0.0556065	0.0845673	-0.000668776	-0.00086726	0.000227612	2.42699999999999e-05	-0.0332537	-0.0185957	0.000108881	-0.000407069	0	0.07767117	0.0467561802	0.0310967934	0.0087617663	-0.015454175	-0.036352523	-0.0494469678	-0.0519264863	-0.0432587929	-0.025304607	-0.0019182066	0.0218799809	0.0409811285	0.0512847364	0.0505788988	0.03901514	0.0190758861	-0.0049584444	-0.0279283311	-0.0449027607	-0.0522377823	-0.0483587652	0.0256715699	-0.0002485543	0.0310215467	0.0147916702	0.0633944151	-0.0617167094	-0.0319056661	-0.0153692953	0.038661738	0.0256485141	0.847982249628629	-0.680508922363983	0.448081059024295	0.592443852028073
0.00276548	-0.0359758	0.0824456	-0.000515574	-0.00086726	0.000227612	0	-0.0915823	-0.00212169999999999	0.000153202	0	0	0.1013641	0.0466540082	0.030732371	0.0080934286	-0.016314529	-0.0371565505	-0.0498771065	-0.0516958108	-0.0422151417	-0.0235073292	0.0003385804	0.024110485	0.0426124582	0.0518004449	0.0496661877	0.0366761804	0.015669704	-0.0087617663	-0.03127814	-0.0469579174	-0.0523739028	-0.0463423012	-0.0475283603	-0.0390630209	0.105112011	0.0152052673	-0.0147869452	0.0033587633	0.0024165688	0.0718951327	0.0440440335	-0.0001731928	0.934700220128988	-0.685549076897392	0.448081059024295	0.592443852028073
0.00991774	0.0118934	0.13535	-0.000568099	-0.00071556	0.000227612	0.00715226	0.0478692	0.0529044	-5.2525e-05	0.0001517	0	0.11813711	0.0465509697	0.0303656657	0.0074237382	-0.0171700353	-0.0379433273	-0.0502739006	-0.0514180959	-0.0411213197	-0.021674694	0.0025947387	0.0262868196	0.0441298556	0.0521536168	0.0485727468	0.0341840202	0.0121890533	-0.0125180835	-0.0344398384	-0.0486984311	-0.0521212014	-0.0439465533	0.0200828121	-0.0571097756	0.0454934511	0.0161816425	-0.042670932	0.0335661854	-0.0174312898	0.0258556976	0.0125587361	-0.0296261259	0.599339242592015	-0.889084904835471	0.448081059024295	0.592443852028073
0.0187101	-0.011839	0.126441	-0.000403671	-0.00086726	0.000227612	0.00879236	-0.0237324	-0.008909	0.000164428	-0.0001517	0	0.05724016	0.0464470668	0.0299967047	0.006752807	-0.0180204398	-0.0387124883	-0.050637085	-0.051093594	-0.0399786271	-0.0198094581	0.0048460789	0.0284040951	0.0455292636	0.0523431439	0.047302555	0.0315490697	0.0086504753	-0.0162072446	-0.0373944116	-0.0501126395	-0.0514815542	-0.0411911291	0.0588949334	0.0078100006	-0.0387159064	-0.0302411297	-0.004487043	-0.0346177333	-0.0130062899	-0.0579458607	-0.0205436472	-0.0179232727	0.929772708407743	-0.864468798684369	0.448081059024295	0.592443852028073
0.0156023	0.0316421	0.104337	-0.000620477	-0.00086726	0.0004766	-0.0031078	0.0434811	-0.022104	-0.000216806	0	0.000248988	0.0919826	0.0463423012	0.0296255153	0.0060807472	-0.0188654898	-0.0394636764	-0.0509664168	-0.0507226006	-0.0387884217	-0.0179144269	0.0070884207	0.0304575546	0.0468069407	0.0523684314	0.0458602343	0.0287823352	0.0050707869	-0.0198094581	-0.0401240904	-0.0511910666	-0.0504597097	-0.0380985803	-0.0128602544	-0.0442278478	-0.0193913844	-0.038596493	-0.0087717569	0.0111274385	0.0015712686	0.033971995	0.0002314453	-0.0383418448	0.341336371165716	-0.781046683966225	0.448081059024295	0.592443852028073
0.0213525	0.0044449	0.127431	-0.000219342	-0.00086726	0.000413371	0.0057502	-0.0271972	0.023094	0.000401135	0	-6.3229e-05	0.0792596	0.046236675	0.0292521253	0.005407671	-0.0197049341	-0.0401965428	-0.0512616758	-0.0503054532	-0.0375521182	-0.0159924506	0.0093176004	0.0324425845	0.0479594708	0.0522294002	0.0442510332	0.0258953737	0.0014670001	-0.0233053991	-0.0426124582	-0.0519264863	-0.0490632542	-0.0346942175	-0.0072519829	-0.0803292037	0.0051606884	0.0458927132	0.0346991572	-0.0120790127	-0.0109370661	0.0341925968	0.0187276418	-0.002661577	0.632219470692601	-0.830295236260631	0.448081059024295	0.592443852028073
0.0170245	0.038971	0.150401	-0.000390031	-0.000739038	0.000413371	-0.004328	0.0345261	0.02297	-0.000170689	0.000128222	0	0.07676965	0.0461301902	0.0288765622	0.0047336909	-0.0205385235	-0.0409107473	-0.0515226647	-0.0498425313	-0.0362711858	-0.0140464202	0.0115294786	0.0343547251	0.0489837722	0.0519264863	0.0424808075	0.0229002443	-0.0021437585	-0.0266763128	-0.0448445497	-0.0523139709	-0.047302555	-0.0310059033	0.0189396053	-0.0730897806	0.0553106294	0.0195021676	-0.0668837749	0.0058552727	-0.0361533924	0.0395782544	-0.018529789	-0.0113551048	0.313513001197301	-0.878907214746484	0.448081059024295	0.592443852028073
0.0178677	0.0499756	0.171678	-0.000670388	-0.000867259	0.000413371	0.000843200000000002	0.0110046	0.021277	-0.000280357	-0.000128221	0	0.0535537	0.0460228486	0.028498854	0.0040589197	-0.0213660101	-0.0416059582	-0.0517492091	-0.0493342563	-0.0349471469	-0.0120792627	0.0137199483	0.0361896802	0.0498771065	0.0514606403	0.0405559987	0.0198094581	-0.0057443291	-0.0299041152	-0.0468069407	-0.0523509242	-0.0451906832	-0.0270638244	0.0866277268	-0.0394639549	-0.014355126	0.0229046667	-0.0523465933	0.0276688558	0.0076200017	0.0048223774	-0.0267330065	-0.0211097892	0.302019075378662	-0.959549233517145	0.448081059024295	0.592443852028073
0.0256196	0.0110516	0.141249	-0.000418312	-0.000758453	0.000413371	0.00775189999999999	-0.038924	-0.030429	0.000252076	0.000108806	0	0.095149	0.0459146523	0.0281190288	0.0033834701	-0.0221871482	-0.0422818529	-0.0519411573	-0.0487810905	-0.0335815749	-0.0100939368	0.015884942	0.0379433273	0.050637085	0.0508333239	0.0384836111	0.0166359256	-0.0093176004	-0.0329714899	-0.0484878293	-0.0520370985	-0.0427433176	-0.0229002443	0.0676871786	0.0072080992	-0.0517812884	-0.0355279288	0.0111639793	-0.0641973349	-0.0183675429	-0.0361510407	-0.0353089929	-0.0323890309	-0.171017728023769	-1.05868931253101	0.448081059024295	0.592443852028073
0.0297958	0.0399307	0.0949212	-0.000463367	-0.000867259	0.000413371	0.0041762	0.0288791	-0.0463278	-4.5055e-05	-0.000108806	0	0.08707615	0.0458056033	0.0277371148	0.0027074549	-0.0230016937	-0.0429381175	-0.0520983812	-0.0481835374	-0.0321760928	-0.0080934286	0.0180204398	0.0396117264	0.0512616758	0.0500465054	0.0362711858	0.013392903	-0.0128465907	-0.0358619813	-0.0498771065	-0.0513745965	-0.0399786271	-0.0185492395	-0.0164366276	-0.0385432997	-0.0190563129	-0.0026178079	0.0277487176	-0.0016772741	0.0486800876	0.0609472031	-0.0045722949	-0.0089445939	-1.42843462868334	0.033287064846705	0.448081059024295	0.592443852028073
0.0361226	0.0253843	0.107493	-0.000262152	-0.000867259	0.000413371	0.0063268	-0.0145464	0.0125718	0.000201215	0	0	0.04350575	0.0456957037	0.0273531403	0.0020309873	-0.0238094045	-0.0435744473	-0.0522207755	-0.0475421407	-0.030732371	-0.0060807472	0.0201224762	0.0411911291	0.0517492091	0.0491026536	0.0339267737	0.0100939368	-0.016314529	-0.0385600826	-0.0509664168	-0.0503678575	-0.0369171367	-0.0140464202	-0.0197775532	-0.0263981522	0.0600085186	0.0307845418	0.0139452827	0.0024810996	0.0325349667	0.0018375615	0.0643922848	0.023984227	-0.804178596694332	0.222335563073573	0.448081059024295	0.592443852028073
0.0315643	-0.00374485	0.13994	-0.000144269	-0.000867259	0.000413371	-0.0045583	-0.02912915	0.032447	0.000117883	0	0	0.0720286	0.0455849554	0.0269671338	0.0013541801	-0.0246100408	-0.044190547	-0.0523082586	-0.0468574839	-0.0292521253	-0.0040589197	0.0221871482	0.042677987	0.0520983812	0.0480047303	0.0314589057	0.006752807	-0.0197049341	-0.0410513194	-0.0517492091	-0.049023627	-0.0335815749	-0.0094286395	0.0485188926	0.0235423577	0.034159488	-0.0342174689	-0.0436630113	-0.0346783015	-0.0540395164	-0.0002887551	0.000929299	-0.0097215539	-1.48735917337246	-0.569168038789046	0.448081059024295	0.592443852028073
0.0238517	0.0480476	0.135841	-0.000502703	-0.000867259	0.000548954	-0.0077126	0.05179245	-0.00409899999999999	-0.000358434	0	0.000135583	0.0883049	0.0454733605	0.0265791242	0.0006771467	-0.0254033645	-0.0447861304	-0.0523607718	-0.0461301902	-0.0277371148	-0.0020309873	0.0242106219	0.0440689593	0.0523082586	0.0467561802	0.0288765622	0.0033834701	-0.0230016937	-0.0433223267	-0.0522207755	-0.0473509122	-0.0299967047	-0.0047336909	0.0307507811	-0.0133677016	-0.0171503167	-0.0152923338	-0.0482478076	0.0531104055	0.0028344819	-0.0112511506	-0.075537912	-0.0217258047	-0.262641909762429	-0.185000249270778	0.448081059024295	0.592443852028073
0.0268395	-0.0105133	0.139051	-0.000240722	-0.000867259	0.000567857	0.0029878	-0.0585609	0.00320999999999999	0.000261981	0	1.89029999999999e-05	0.0788029	0.0453609212	0.02618914	0	-0.02618914	-0.0453609212	-0.0523782801	-0.0453609212	-0.02618914	0	0.02618914	0.0453609212	0.0523782801	0.0453609212	0.02618914	0	-0.02618914	-0.0453609212	-0.0523782801	-0.0453609212	-0.02618914	0	-0.0112835283	-0.0391740933	-0.0797470433	-0.0322066845	0.045261744	-0.0096559438	-0.0500410113	0.0174156888	0.0068388896	-0.0201642934	0.55682903528179	-0.344631684770648	0.448081059024295	0.592443852028073
0.0362019	0.014084	0.0972603	-0.000349744	-0.000747059	0.000567857	0.00936240000000001	0.0245973	-0.0417907	-0.000109022	0.0001202	0	0.0872115	0.0452476394	0.0257972105	-0.0006771467	-0.0269671338	-0.0459146523	-0.0523607718	-0.0445503769	-0.0246100408	0.0020309873	0.0281190288	0.0465509697	0.0523082586	0.043823331	0.0234064185	-0.0033834701	-0.0292521253	-0.0471561663	-0.0522207755	-0.0430669878	-0.0221871482	0.0047336909	-0.014714507	-0.0315980564	0.0105625062	0.013519174	0.0646226321	-0.0588254412	-0.0242900938	0.1115169764	-0.0103498564	0.0390497388	0.284768462517184	-0.471132166459256	0.448081059024295	-1.68540061352814
0.0360715	0.040568	0.0953301	-0.000481234	-0.000525857	0.000567857	-0.000130400000000003	0.026484	-0.00193020000000001	-0.00013149	0.000221202	0	0.0461792	0.0451335173	0.0254033645	-0.0013541801	-0.0277371148	-0.0464470668	-0.0523082586	-0.043699295	-0.0230016937	0.0040589197	0.0299967047	0.0476364314	0.0520983812	0.0421482344	0.0205385235	-0.006752807	-0.0321760928	-0.0486984311	-0.0517492091	-0.0404844828	-0.0180204398	0.0094286395	-0.0148025822	-0.0122881966	0.0296065002	0.0485389723	0.0323585752	0.0110495592	0.0752425863	0.0428920891	-0.0166568884	0.0323389054	-0.295405139558144	-0.438236132046464	-2.22840312389761	-1.68540061352814
0.0436625	-0.000325462	0.114174	-0.000192175	-0.000855208	0.000567857	0.007591	-0.040893462	0.0188439	0.000289059	-0.000329351	0	0.098248862	0.045018557	0.0250076315	-0.0020309873	-0.028498854	-0.0469579174	-0.0522207755	-0.0428084497	-0.0213660101	0.0060807472	0.0318186811	0.0486148674	0.0517492091	0.0403408874	0.0175958911	-0.0100939368	-0.0349471469	-0.0499794418	-0.0509664168	-0.0376307102	-0.0137199483	0.0140464202	0.0326000187	0.0406851725	0.0519053129	-0.02205588	0.000287946	-0.050669082	-0.0047028275	-0.0003705886	0.0164749866	0.0086869519	-0.492265437745186	-0.241563869086739	-2.22840312389761	-1.68540061352814
0.0249954	0.0702417	0.118115	-0.000621025	-0.000855207	0.000567857	-0.0186671	0.070567162	0.00394100000000001	-0.00042885	1.00000000023259e-09	0	0.114617812	0.0449027607	0.0246100408	-0.0027074549	-0.0292521253	-0.047446967	-0.0520983812	-0.0418786518	-0.0197049341	0.0080934286	0.0335815749	0.0494840794	0.0512616758	0.0384069609	0.0145892291	-0.013392903	-0.0375521182	-0.050992326	-0.0498771065	-0.0345247919	-0.0093176004	0.0185492395	-0.0060314979	0.0215940695	0.0225861201	-0.0115818966	-0.051064149	0.0710973838	0.0080642156	-0.0032683101	-0.0227101671	0.0143743024	-0.463602396565032	-0.256733081603301	-2.22840312389761	-1.68540061352814
0.0235588	0.00999165	0.138894	-0.00029613	-0.000855207	0.000567857	-0.0014366	-0.06025005	0.020779	0.000324895	0	0	0.0987104	0.0447861304	0.0242106219	-0.0033834701	-0.0299967047	-0.0479139886	-0.0519411573	-0.0409107473	-0.0180204398	0.0100939368	0.0352821126	0.0502421146	0.050637085	0.036352523	0.0115294786	-0.0166359256	-0.0399786271	-0.0517316498	-0.0484878293	-0.0311875391	-0.0048460789	0.0229002443	0.0006350712	0.0092345805	-0.0448689771	-0.0526425409	-0.0159903423	-0.003946553	-0.0291059712	-0.0364706246	-0.0216048738	-0.0373005369	-0.685788660270867	-0.157956227841797	-2.22840312389761	-1.68540061352814
0.023024	0.0590997	0.104729	-0.000549392	-0.000855207	0.000485081	-0.000534799999999999	0.04910805	-0.034165	-0.000253262	0	-8.2776e-05	0.10060975	0.0446686685	0.0238094045	-0.0040589197	-0.030732371	-0.0483587652	-0.0517492091	-0.0399056168	-0.016314529	0.0120792627	0.0369171367	0.0508872699	0.0498771065	0.0341840202	0.0084277735	-0.0198094581	-0.0422151417	-0.0521934471	-0.0468069407	-0.0276413132	-0.0003385804	0.0270638244	-0.0265566992	0.0129411236	-0.042752524	-0.0282537957	-0.0177813973	0.0488105997	0.0107363322	-0.0242037839	-0.0110617742	-0.028673328	-0.936534858471297	0.032874734256214	-2.22840312389761	-1.68540061352814
0.0385519	0.0240077	0.122373	-0.000296953	-0.000692111	0.000567857	0.0155279	-0.035092	0.017644	0.000252439	0.000163096	8.2776e-05	0.09317945	0.0445503769	0.0234064185	-0.0047336909	-0.0314589057	-0.0487810905	-0.0515226647	-0.0388641751	-0.0145892291	0.0140464202	0.0384836111	0.0514180959	0.0489837722	0.0319082567	0.0052954007	-0.0229002443	-0.0442510332	-0.0523752403	-0.0448445497	-0.0239098759	0.0041714317	0.0310059033	-0.0431680498	0.0060298861	-0.048640905	-0.0542949936	0.0114625609	-0.000761421	0.0240738537	-0.0205547538	0.0305218713	-0.0230503824	-1.45298945497899	-0.609963281592073	0.448081059024295	-1.68540061352814
0.0302668	0.0449283	0.122379	-0.000520276	-0.000797744	0.000567857	-0.0082851	0.0209206	6.000000000006e-06	-0.000223323	-0.000105633	0	0.0456595	0.044431258	0.0230016937	-0.005407671	-0.0321760928	-0.0491807684	-0.0512616758	-0.0377873696	-0.0128465907	0.0159924506	0.0399786271	0.0518333998	0.0479594708	0.0295323731	0.0021437585	-0.0258953737	-0.0460766263	-0.0522760543	-0.0426124582	-0.0200182296	0.0086504753	0.0346942175	-0.0318194856	-0.0032254099	-0.0352843004	-0.0508439677	-0.0359959749	0.0424358434	0.0033082524	-0.0286004258	-0.0367403958	-0.0101126092	0.456479064399369	-0.724270689178759	0.448081059024295	0.592443852028073
0.0314894	0.049949	0.142302	-0.000664163	-0.000855207	0.000511119	0.0012226	0.0050207	0.019923	-0.000143887	-5.7463e-05	-5.6738e-05	0.0390707	0.044311314	0.0225952602	-0.0060807472	-0.0328837193	-0.0495576132	-0.0509664168	-0.0366761804	-0.0110886847	0.0179144269	0.0413994086	0.0521322486	0.0468069407	0.0270638244	-0.0010156846	-0.0287823352	-0.0476832451	-0.051896421	-0.0401240904	-0.0159924506	0.0130652981	0.0380985803	-0.0275153415	-0.0535597336	-0.051723958	-0.0213257674	-0.0049050271	0.0165795183	0.0119398254	0.0415576203	0.0226082205	-0.008809488	-2.54970501641236	-0.751968674205445	-2.22840312389761	0.592443852028073
0.0306292	0.023991	0.122631	-0.000327187	-0.000855207	0.000512849	-0.000860199999999999	-0.025958	-0.019671	0.000336976	0	1.73000000000003e-06	0.0634245	0.044190547	0.0221871482	-0.006752807	-0.0335815749	-0.04991145	-0.050637085	-0.0355316183	-0.0093176004	0.0198094581	0.0427433176	0.0523139709	0.0455292636	0.0245103563	-0.0041714317	-0.0315490697	-0.0490632542	-0.0512383773	-0.0373944116	-0.0118595137	0.0173831246	0.0411911291	-0.004092627	-0.0246301766	0.0062937198	0.0647413213	0.0388001475	-0.0491318476	0.024581309	-0.0267400071	0.0257090442	0.0284705097	-2.52531380252193	-0.509573409573727	-2.22840312389761	0.592443852028073
0.025279	0.0418619	0.12257	-0.000649581	-0.000949994	0.000567857	-0.0053502	0.0178709	-6.09999999999916e-05	-0.000322394	-9.47870000000002e-05	5.50079999999999e-05	0.04689155	0.0440689593	0.021777388	-0.0074237382	-0.0342694522	-0.0502421146	-0.0502739006	-0.0343547251	-0.0075354425	0.021674694	0.0440078585	0.0523781585	0.0441298556	0.0218799809	-0.0073119995	-0.0341840202	-0.0502100954	-0.0503054532	-0.0344398384	-0.0076471118	0.0215718994	0.0439465533	-0.0146804932	-0.0072984689	0.0474062657	0.0366181139	-0.0286001927	0.0123208157	-0.0009514527	0.0285713858	-0.0072219682	0.0149108656	-0.172862535068385	-0.245984987860232	0.448081059024295	0.592443852028073
0.0355488	0.0239173	0.163534	-0.000738621	-0.000755276	0.000567857	0.0102698	-0.0179446	0.040964	-8.90399999999999e-05	0.000194718	0	0.0833663	0.0439465533	0.0213660101	-0.0080934286	-0.0349471469	-0.0505494535	-0.0498771065	-0.0331465714	-0.0057443291	0.0235073292	0.0451906832	0.052324667	0.0426124582	0.0191809517	-0.0104259597	-0.0366761804	-0.0511183183	-0.0491026536	-0.03127814	-0.0033834701	0.0256005252	0.0463423012	0.0096792146	-0.0405077884	0.0251285761	0.0389668052	-0.0272141325	0.0157147287	-0.0188498644	0.0095574471	-0.0114349744	-0.0112146396	0.629666808468383	0.122108051663286	0.448081059024295	0.592443852028073
0.0289285	0.0540784	0.150468	-0.000799447	-0.000935083	0.000407278	-0.0066203	0.0301611	-0.013066	-6.08260000000001e-05	-0.000179807	-0.000160579	0.069908	0.043823331	0.0209530451	-0.0087617663	-0.0356144575	-0.0508333239	-0.0494469678	-0.0319082567	-0.0039463888	0.025304607	0.0462895956	0.0521536168	0.0409811285	0.0164217376	-0.0135019809	-0.03901514	-0.0517836067	-0.0476364314	-0.0279283311	0.0009028426	0.0294390937	0.0483587652	0.0650157865	0.0137228782	-0.0233982189	0.0140033984	0.0207395691	-0.0108390574	-0.0060677378	0.0160672493	-0.0498682698	-0.0124009857	0.561004547344287	-0.906842744412802	0.448081059024295	-1.68540061352814
0.0274968	0.019876	0.143191	-0.000642912	-0.00100812	0.000567857	-0.0014317	-0.0342024	-0.00727700000000001	0.000156535	-7.30369999999999e-05	0.000160579	0.06241865	0.043699295	0.0205385235	-0.0094286395	-0.0362711858	-0.051093594	-0.0489837722	-0.0306409077	-0.0021437585	0.0270638244	0.047302555	0.051865392	0.0392402281	0.0136109962	-0.01652887	-0.0411911291	-0.0522027989	-0.0459146523	-0.024410558	0.0051831058	0.0330591074	0.0499794418	0.0149606977	0.0359539556	0.0300121675	0.0037574056	-0.0132216322	0.0255663903	0.0263756393	-0.0110721585	0.0116852405	-0.0183942101	0.471895674809029	-1.07231600492407	0.448081059024295	0.592443852028073
0.0316099	0.0239694	0.142283	-0.000587997	-0.000818318	0.000567857	0.00411309999999999	0.0040934	-0.00090800000000002	5.4915e-05	0.000189802	0	0.02135035	0.0435744473	0.0201224762	-0.0100939368	-0.0369171367	-0.0513301431	-0.0484878293	-0.0293456776	-0.0003385804	0.0287823352	0.0482276804	0.0514606403	0.0373944116	0.010757547	-0.0194956122	-0.0431950583	-0.0523739028	-0.0439465533	-0.0207459769	0.0094286395	0.0364336915	0.0511910666	0.0270489258	0.0315334176	0.0471827858	-0.0113103336	-0.0487449123	-0.0272421854	-0.0370675527	-0.0265785824	0.0030707686	0.0126585831	0.955545675365726	-1.15177909123567	0.448081059024295	0.592443852028073
0.028447	0.0406563	0.158258	-0.000617178	-0.000934922	0.000567857	-0.00316289999999999	0.0166869	0.015975	-2.91810000000001e-05	-0.000116604	0	0.04311405	0.0434487905	0.0197049341	-0.010757547	-0.0375521182	-0.0515428613	-0.0479594708	-0.028023745	0.0014670001	0.0304575546	0.0490632542	0.050940271	0.0354486142	0.0078703433	-0.0223914121	-0.045018557	-0.0522961052	-0.0417426926	-0.0169566271	0.0136109962	0.0395377932	0.0519837232	0.032457987	0.015853483	-0.0062401171	0.0109133593	-0.0554137113	0.051257288	0.0210384239	-0.0418362106	-0.0364916924	0.013294834	-1.00558176309901	-0.513445757099638	0.448081059024295	0.592443852028073
0.0295566	-0.00276315	0.176368	-0.000459031	-0.000952594	0.000567857	0.0011096	-0.04341945	0.01811	0.000158147	-1.7672e-05	0	0.07143	0.0433223267	0.0192859283	-0.0114193591	-0.0381759417	-0.0517316498	-0.0473990497	-0.0266763128	0.0032708371	0.0320869629	0.0498077248	0.0503054532	0.0334080384	0.0049584444	-0.0252057321	-0.0466540082	-0.0519697758	-0.0393148935	-0.0130652981	0.017702152	0.0423483678	0.0523509242	0.0381577426	0.0043374164	-0.0337610834	-0.030996284	-0.0337487826	-0.0205068595	-0.0429808379	-0.0343180594	-0.0158182221	-0.012592533	0.544880699160327	-0.361375315663289	0.448081059024295	0.592443852028073
0.0264108	0.0630988	0.173977	-0.000617178	-0.000899276	0.000555148	-0.0031458	0.06586195	-0.002391	-0.000158147	5.33180000000001e-05	-1.2709e-05	0.08260745	0.0431950583	0.0188654898	-0.0120792627	-0.0387884217	-0.051896421	-0.0468069407	-0.025304607	0.0050707869	0.0336681095	0.0504597097	0.0495576132	0.03127814	0.0020309873	-0.0279283311	-0.0480945804	-0.0513964655	-0.0366761804	-0.0090953929	0.021674694	0.0448445497	0.0522896643	0.0226017497	-0.0050337092	-0.046624001	-0.0104529134	-0.0376768802	0.0641360838	0.0211127289	-0.0437385218	-0.0250913217	-0.0385952382	0.894693900024065	-0.609657086821151	0.448081059024295	0.592443852028073
0.0290357	0.0209593	0.165846	-0.000415536	-0.000853689	0.000565401	0.0026249	-0.0421395	-0.008131	0.000201642	4.55869999999999e-05	1.0253e-05	0.0657695	0.0430669878	0.0184436498	-0.0127371473	-0.0393893764	-0.0520370985	-0.0461835398	-0.0239098759	0.0068647103	0.0351986159	0.0510179984	0.0486984311	0.0290646136	-0.0009028426	-0.030549302	-0.0493342563	-0.0505788988	-0.0338407093	-0.0050707869	0.0255020041	0.0470078072	0.0518004449	0.0022700189	-0.0586291996	-0.037840639	0.0298156163	0.039210658	-0.0586901429	-0.0455166811	0.0061017587	0.0237478977	0.0269652253	0.731670499454219	-0.785253422521255	0.448081059024295	0.592443852028073
0.0266022	0.0284127	0.141399	-0.000562058	-0.000733877	0.000565401	-0.0024335	0.0074534	-0.024447	-0.000146522	0.000119812	0	0.0476506	0.0429381175	0.0180204398	-0.013392903	-0.0399786271	-0.0521536168	-0.0455292636	-0.0224933884	0.0086504753	0.0366761804	0.0514815542	0.0477298374	0.0267733776	-0.0038338396	-0.0330591074	-0.0503678575	-0.0495209612	-0.0308236917	-0.0010156846	0.0291584371	0.0488220806	0.0508872699	-0.0053865247	-0.0237995574	0.0103676552	0.0527258628	0.0285291241	-0.0152592807	0.017411587	0.0580736826	-0.0086921	0.0355761335	0.393847926975183	-0.842215065138733	0.448081059024295	0.592443852028073
0.028994	0.040946	0.157413	-0.000559075	-0.000740403	0.000565401	0.0023918	0.0125333	0.016014	2.98300000000002e-06	-6.52600000000019e-06	0	0.03141455	0.0428084497	0.0175958911	-0.0140464202	-0.0405559987	-0.0522459219	-0.0448445497	-0.0210564335	0.0104259597	0.0380985803	0.0518495163	0.0466540082	0.024410558	-0.006752807	-0.0354486142	-0.0511910666	-0.0482276804	-0.0276413132	0.0030455261	0.0326194932	0.0502739006	0.0495576132	0.0056111436	-0.0254781713	0.038891319	0.0275577368	-0.0104839387	-0.0050725591	0.0239224111	0.0286477418	-0.0003992121	0.0016739324	0.914865457372852	-0.871125628541888	0.448081059024295	-1.68540061352814
0.0307297	0.00983645	0.144793	8.73907e-05	-0.0010445	0.00044759	0.0017357	-0.03110955	-0.01262	0.0006464657	-0.000304097	-0.000117811	0.098883935	0.042677987	0.0171700353	-0.0146975897	-0.0411213197	-0.0523139709	-0.0441298556	-0.0196003187	0.0121890533	0.0394636764	0.0521212014	0.0454733605	0.0219824722	-0.0096505858	-0.0377091275	-0.0518004449	-0.0467052026	-0.0243106464	0.0070884207	0.0358619813	0.051352489	0.0478223571	0.0385874319	0.0614881267	-0.0075268809	0.00896449	-0.0060050179	-0.0108628422	0.0139225661	-0.0663270279	0.0021294017	0.0285631174	0.066966702568826	-0.541300681529016	0.448081059024295	0.592443852028073
0.0369149	-0.0150045	0.151556	0.000815101	-0.00074121	0.000565401	0.0061852	-0.02484095	0.00676299999999999	0.0007277103	0.00030329	0.000117811	0.095229715	0.0425467316	0.016742904	-0.0153463027	-0.0416744222	-0.0523577323	-0.0433856593	-0.018126369	0.0139376608	0.0407694154	0.0522961052	0.044190547	0.0194956122	-0.0125180835	-0.0398324213	-0.0521934471	-0.0449607632	-0.0208495594	0.0110886847	0.0388641751	0.0520498384	0.0456957037	0.0120914354	0.008105211	-0.0307476972	0.0027873921	0.0392576159	-0.0550035871	0.0491642002	0.0333305145	-0.0337451342	-0.0238381007	0.609224210191689	-0.455697491592989	0.448081059024295	0.592443852028073
0.0479634	0.0812094	0.115973	-0.000130537	-0.000378776	0.000565401	0.0110485	0.0962139	-0.035583	-0.000945638	0.000362434	0	0.208249	0.0424146861	0.016314529	-0.0159924506	-0.0422151417	-0.0523771858	-0.0426124582	-0.0166359256	0.015669704	0.0420138333	0.0523739028	0.0428084497	0.0169566271	-0.0153463027	-0.0418107693	-0.0523684314	-0.0430026525	-0.01727662	0.0150222601	0.0416059582	0.0523607718	0.0431950583	-0.0109718389	0.0484184128	0.0330874182	0.0229144	0.0363519359	0.0228134907	0.0544612666	-0.0050125685	0.0189024133	0.0220337532	0.821068626373815	-0.566296251089887	0.448081059024295	0.592443852028073
0.0468439	0.00669124	0.113754	0.000296575	-0.000741507	0.000565401	-0.0011195	-0.07451816	-0.00221900000000001	0.000427112	-0.000362731	0	0.11734881	0.0422818529	0.015884942	-0.0166359256	-0.0427433176	-0.0523723222	-0.0418107693	-0.0151303447	0.0173831246	0.0431950583	0.0523544498	0.0413301739	0.0143723053	-0.018126369	-0.0436369724	-0.052324667	-0.0408401761	-0.0136109962	0.0188654898	0.0440689593	0.0522829807	0.0403408874	-0.0986965953	0.030677014	-0.0092410109	-0.0495461383	0.0135611446	0.0017203225	-0.0780173545	-0.0094073615	0.060447576	0.0068994373	1.0531571450278	-0.589138381599688	0.448081059024295	0.592443852028073
0.0468365	0.0496512	0.115085	0.000160712	-0.000704848	0.000565401	-7.39999999999769e-06	0.04295996	0.001331	-0.000135863	3.66589999999998e-05	0	0.05292446	0.0421482344	0.015454175	-0.01727662	-0.0432587929	-0.0523431439	-0.0409811285	-0.0136109962	0.0190758861	0.044311314	0.0522377823	0.0397590408	0.0117495564	-0.0208495594	-0.0453043854	-0.0520623368	-0.0384836111	-0.009872353	0.0225952602	0.046236675	0.0518170426	0.0371565505	-0.0773533083	-0.0162964185	0.0092200575	0.0528539221	-0.0637874187	0.0692675218	-0.0399619243	0.0376371899	0.014756053	0.0293646585	0.44209784268242	-0.568961502845091	0.448081059024295	0.592443852028073
0.0538007	0.0112687	0.134919	0.000295212	-0.000614084	0.000565401	0.00696419999999999	-0.0383825	0.019834	0.0001345	9.0764e-05	0	0.0764439	0.0420138333	0.0150222601	-0.0179144269	-0.0437614146	-0.0522896643	-0.0401240904	-0.0120792627	0.0207459769	0.0453609212	0.0520241169	0.0380985803	0.0090953929	-0.0235073292	-0.0468069407	-0.0515825363	-0.0359441567	-0.0060807472	0.02618914	0.0480945804	0.0509664168	0.0336681095	0.0506434689	0.0621085498	-0.0326640176	0.0322769512	-0.0232754065	-0.0014212025	0.0289821359	-0.0698141595	-0.0043076555	0.027394348	0.292669706879123	-0.317825083682943	0.448081059024295	0.592443852028073
0.0468615	0.0226526	0.135365	-0.000192093	-0.000818328	0.000459845	-0.00693919999999999	0.0113839	0.000446000000000002	-0.000487305	-0.000204244	-0.000105556	0.05862435	0.0418786518	0.0145892291	-0.0185492395	-0.0442510332	-0.0522119084	-0.0392402281	-0.0105365379	0.0223914121	0.0463423012	0.0517138504	0.036352523	0.0064169112	-0.0260913389	-0.0481391707	-0.0508872699	-0.0332338815	-0.0022565198	0.0296255153	0.0496302266	0.0497374181	0.0299041152	0.0146568223	0.0424254645	-0.0619212931	-0.0101495251	0.0040476655	0.034608618	0.0384991931	-0.0250373146	-0.0491590366	0.0028386753	-1.30520423468631	0.372321089794217	0.448081059024295	-1.68540061352814
0.0468737	-0.00748589	0.184866	6.93718e-05	-0.000818328	0.000335981	1.21999999999969e-05	-0.03013849	0.049501	0.0002614648	0	-0.000123864	0.09891813	0.0417426926	0.0141551145	-0.0191809517	-0.0447275033	-0.0521099123	-0.0383301323	-0.0089842256	0.0240102362	0.0472539781	0.0513075588	0.0345247919	0.0037212726	-0.0285934806	-0.0492962274	-0.0499794418	-0.0303656657	0.0015798132	0.0328837193	0.0508333239	0.0481391707	0.0258953737	0.0173664694	0.0238177385	-0.0133539849	-0.0437846268	-0.0223040951	0.0012451839	0.0206094763	-0.0118757824	-0.0201713123	-0.0396291566	-0.765929103378383	-1.03684840976443	-2.22840312389761	-1.68540061352814
0.0467976	0.0720286	0.170834	-0.000494989	-0.000470483	0.000565401	-7.60999999999956e-05	0.07951449	-0.014032	-0.0005643608	0.000347845	0.00022942	0.15070388	0.0416059582	0.0137199483	-0.0198094581	-0.0451906832	-0.0519837232	-0.0373944116	-0.0074237382	0.0256005252	0.0480945804	0.0508059967	0.0326194932	0.0010156846	-0.0310059033	-0.0502739006	-0.048862844	-0.0273531403	0.005407671	0.0359441567	0.0516958108	0.0461835398	0.021674694	0.003490524	0.0008725226	-0.0252740178	0.0105929382	-0.0546657351	0.0408599036	0.035752853	-0.0663139665	-0.0477637779	-0.0401934577	0.810130982732953	-1.11466374616313	-2.22840312389761	-1.68540061352814
0.0468218	-0.0058541	0.179265	4.47548e-05	-0.000597676	0.000565401	2.4200000000002e-05	-0.0778827	0.00843100000000002	0.0005397438	-0.000127193	0	0.11968474	0.0414684511	0.0132837629	-0.0204346535	-0.0456404355	-0.0518333998	-0.0364336915	-0.0058564958	0.0271603893	0.048862844	0.0502100954	0.0306409077	-0.0016926191	-0.0333210373	-0.0510686325	-0.0475421407	-0.0242106219	0.009206518	0.0387884217	0.0522119084	0.043885044	0.01727662	-0.0154764023	-0.0125683551	-0.0608508852	-0.0143858897	0.0354305406	-0.0236947874	-0.0200739805	-0.0355241564	0.01388539	0.0121122543	1.48541247596771	0.14937246455889	-2.22840312389761	-1.68540061352814
0.0468151	0.0397951	0.157608	-0.000113212	-0.000563414	0.000565401	-6.70000000000531e-06	0.0456492	-0.021657	-0.0001579668	3.4262e-05	0	0.07692434	0.0413301739	0.0128465907	-0.0210564335	-0.0460766263	-0.0516590118	-0.0354486142	-0.0042839244	0.0286879745	0.0495576132	0.0495209612	0.0285934806	-0.0043963972	-0.0355316183	-0.0516775313	-0.0460228486	-0.0209530451	0.0129559745	0.0413994086	0.0523781585	0.0412607473	0.0127371473	-0.0556517224	-0.0100494256	-0.0188089739	-0.0365254602	-0.0084051113	-0.0242201511	-0.0336420689	0.0455511066	0.0386000274	-0.0129592351	0.390219744713575	0.069082949933073	-2.22840312389761	0.592443852028073
0.0598012	0.0047224	0.164145	0.000124614	-0.000818328	0.000565401	0.0129861	-0.0350727	0.00653700000000002	0.000237826	-0.000254914	0	0.0792328	0.0411911291	0.0124084642	-0.021674694	-0.0464991262	-0.0514606403	-0.0344398384	-0.0027074549	0.0301814655	0.050177843	0.048739874	0.0264818121	-0.0070884207	-0.0376307102	-0.0520983812	-0.044311314	-0.0175958911	0.0166359256	0.0437614146	0.0521934471	0.0383301323	0.0080934286	-0.0396409356	-0.0058057064	-0.0524621195	-0.0338778194	0.0008131269	0.0243535021	-0.0354653813	0.0127109225	0.0265682537	0.0044240302	0.359617433477483	0.138420822525101	-2.22840312389761	0.592443852028073
0.0468249	0.0731908	0.126233	-0.000664992	-0.000551415	0.000565401	-0.0129763	0.0684684	-0.037912	-0.000789606	0.000266913	0	0.17218265	0.0410513194	0.011969416	-0.0222893319	-0.0469078096	-0.0512383773	-0.0334080384	-0.0011285219	0.0316390872	0.0507226006	0.0478682839	0.0243106464	-0.0097614921	-0.0396117264	-0.0523296507	-0.0424146861	-0.0141551145	0.0202266294	0.0458602343	0.0516590118	0.0351149558	0.0033834701	-0.0262345617	-0.009265968	-0.0096330212	0.0422263778	0.0019278503	-0.0041197574	-0.0023300346	0.0446111278	-0.0027618455	0.0644948664	0.578688887430946	0.371285281649578	-2.22840312389761	0.592443852028073
0.0468332	0.00428949	0.109961	-0.00028308	-0.000595339	0.000408764	8.29999999999581e-06	-0.06890131	-0.016272	0.000381912	-4.39240000000001e-05	-0.000156637	0.11430526	0.0409107473	0.0115294786	-0.0229002443	-0.047302555	-0.050992326	-0.032353904	0.0004514381	0.0330591074	0.0511910666	0.0469078096	0.0220848615	-0.0124084642	-0.0414684511	-0.0523704984	-0.0403408874	-0.0106470671	0.0237088227	0.0476832451	0.0507784337	0.0316390872	-0.0013541801	-0.0181075997	0.0441851185	0.0465664043	0.0580487094	0.0649570854	-0.0387662388	0.0904146682	-0.0347635954	0.0712493488	0.0612302274	0.004757252966418	0.942652776626624	-2.22840312389761	-1.68540061352814
0.0492246	0.00866273	0.149194	-0.000338598	-0.000549686	0.000392208	0.0023914	0.00437324	0.039233	-5.5518e-05	4.56530000000001e-05	-1.6556e-05	0.05188399	0.0407694154	0.0110886847	-0.0235073292	-0.0476832451	-0.0507226006	-0.03127814	0.0020309873	0.0344398384	0.0515825363	0.0458602343	0.0198094581	-0.0150222601	-0.0431950583	-0.0522207755	-0.0380985803	-0.0070884207	0.0270638244	0.0492194833	0.0495576132	0.0279283311	-0.0060807472	-0.0408240523	-0.0118327806	0.0802492408	0.0321413939	0.0545187371	-0.0563214859	-0.0231736405	0.0327543925	0.0846672377	0.026394169	0.226837014257529	1.01989830839946	0.448081059024295	0.592443852028073
0.0365074	0.0644757	0.146392	-0.000991365	-0.000639576	0.000484362	-0.0127172	0.05581297	-0.002802	-0.000652767	-8.989e-05	9.21539999999999e-05	0.11307272	0.0406273263	0.0106470671	-0.024110485	-0.0480497669	-0.0504293264	-0.0301814655	0.0036086884	0.0357796393	0.051896421	0.0447275033	0.0174895484	-0.0175958911	-0.0447861304	-0.051881027	-0.0356971313	-0.0034960873	0.0302736359	0.0504597097	0.0480047303	0.0240102362	-0.010757547	0.0082634235	0.0326178083	0.0380280313	0.0439545871	0.0109747598	0.017361366	0.0019881699	-0.0120851367	-0.0156289098	-0.0047793154	0.019921962012556	0.457268586438561	0.448081059024295	0.592443852028073
0.0468604	0.0171092	0.179391	-0.000516599	-0.00083572	0.000565401	0.010353	-0.0473665	0.032999	0.000474766	-0.000196144	8.1039e-05	0.12831595	0.0404844828	0.0102046586	-0.024709611	-0.0484020114	-0.0501126395	-0.0290646136	0.0051831058	0.0370769179	0.0521322486	0.0435117199	0.0151303447	-0.0201224762	-0.046236675	-0.051352489	-0.0331465714	0.0001128608	0.0333210373	0.0513964655	0.0461301902	0.0199138901	-0.0153463027	0.0177683345	0.0311060897	0.0214378002	-0.0323730245	0.0272260715	0.0023144381	0.0065574731	-0.0300148389	-0.0006425446	-0.0386270813	0.555271321702953	-0.04832118943385	0.448081059024295	-1.68540061352814
0.0314103	0.0482596	0.164228	-0.000516599	-0.00083572	0.000565401	-0.0154501	0.0311504	-0.015163	0	0	0	0.0617635	0.0403408874	0.0097614921	-0.025304607	-0.048739874	-0.049772687	-0.0279283311	0.006752807	0.0383301323	0.0522896643	0.0422151417	0.0127371473	-0.0225952602	-0.0475421407	-0.050637085	-0.0304575546	0.0037212726	0.0361896802	0.0520241169	0.0439465533	0.015669704	-0.0198094581	-0.0365302534	0.0055441302	-0.0004647419	-0.0478075568	-0.0213653883	0.0341981857	-0.0342565918	-0.0128210137	-0.0154659034	-0.0300666008	0.86995107381372	0.128633397822214	0.448081059024295	-1.68540061352814
0.03284	0.0473679	0.171844	-0.000516599	-0.00083572	0.000565401	0.0014297	-0.000891699999999995	0.00761600000000001	0	0	0	0.00993739999999999	0.0401965428	0.0093176004	-0.0258953737	-0.0490632542	-0.0494096266	-0.0267733776	0.0083163637	0.0395377932	0.0523684314	0.0408401761	0.0103153331	-0.0250076315	-0.0486984311	-0.0497374181	-0.0276413132	0.0073119995	0.0388641751	0.0523388891	0.0414684511	0.0113091867	-0.024110485	-0.0441842243	-0.054938263	-0.0023892023	0.0079531497	0.0089097356	0.034460766	-0.0178067214	0.0397726135	0.0236032447	0.0048273786	-0.680823486826154	0.676292504589058	0.448081059024295	-1.68540061352814
0.0292731	0.0239298	0.157002	-0.000286707	-0.00083572	0.000310412	-0.0035669	-0.0234381	-0.014842	0.000229892	0	-0.000254989	0.06609105	0.0400514517	0.0088730165	-0.0264818121	-0.0493720561	-0.049023627	-0.0256005252	0.009872353	0.0406984653	0.0523684314	0.0393893764	0.0078703433	-0.0273531403	-0.0497019183	-0.0486567622	-0.024709611	0.0108679768	0.0413301739	0.0523388891	0.0387124883	0.0068647103	-0.028214182	0.0432026382	0.0222073466	0.0322968616	0.025503737	0.0210248017	-0.0349662949	0.0038438637	-0.0157029851	-0.0122179725	0.0043367683	-1.02892091835355	0.482980388580342	0.448081059024295	-1.68540061352814
0.0368201	0.052438	0.15543	-0.000440339	-0.00083572	0.000565401	0.007547	0.0285082	-0.00157200000000002	-0.000153632	0	0.000254989	0.05805825	0.0399056168	0.0084277735	-0.0270638244	-0.0496661877	-0.0486148674	-0.024410558	0.0114193591	0.0418107693	0.0522896643	0.0378654364	0.005407671	-0.0296255153	-0.0505494535	-0.0473990497	-0.021674694	0.0143723053	0.0435744473	0.0520241169	0.0356971313	0.0023692706	-0.0320869629	0.0051003771	0.037770557	0.0054554035	-0.011323651	0.0066877262	0.0161914469	0.0381526218	-0.0363935739	-0.0004876078	-0.0118750677	-0.982535257957966	0.58986236668183	0.448081059024295	-1.68540061352814
0.0386671	0.00949759	0.157935	-0.000227977	-0.00083572	0.000565401	0.001847	-0.04294041	0.00250500000000001	0.000212362	0	0	0.05791051	0.0397590408	0.0079819045	-0.0276413132	-0.0499455618	-0.0481835374	-0.0232042715	0.0129559745	0.0428733831	0.0521322486	0.0362711858	0.0029328492	-0.0318186811	-0.0512383773	-0.0459688572	-0.0185492395	0.0178083308	0.0455849554	0.0513964655	0.0324425845	-0.0021437585	-0.0356971313	-0.0522358584	-0.0069301805	-0.0165674372	-0.0480799456	0.0483081313	-0.0496570385	-0.0687048919	-0.0027679867	0.0418609508	0.0257091942	-1.01602826082153	0.993004377983079	0.448081059024295	-1.68540061352814
0.0292671	0.0587619	0.152761	-0.000346826	-0.00083572	0.000565401	-0.0094	0.04926431	-0.00517400000000001	-0.000118849	0	0	0.06978076	0.0396117264	0.0075354425	-0.028214182	-0.0502100954	-0.0477298374	-0.0219824722	0.0144808008	0.043885044	0.051896421	0.034609585	0.0004514381	-0.0339267737	-0.051766528	-0.044371389	-0.0153463027	0.0211597241	0.0473509122	0.0504597097	0.0289706552	-0.0066408724	-0.03901514	-0.0391817552	-0.0238835482	0.0342108058	0.0327903808	-0.006965393	0.0090777248	-0.0319485576	0.064845877	-0.0006439237	0.0261452582	-1.25922914881706	0.880303412820977	0.448081059024295	-1.68540061352814
0.0292672	0.0119883	0.179397	-0.000638316	-0.00083572	0.000565401	1.00000000002876e-07	-0.0467736	0.026636	-0.00029149	0	0	0.0879842	0.0394636764	0.0070884207	-0.0287823352	-0.0504597097	-0.0472539781	-0.0207459769	0.0159924506	0.0448445497	0.0515825363	0.0328837193	-0.0020309873	-0.0359441567	-0.0521322486	-0.0426124582	-0.0120792627	0.024410558	0.048862844	0.0492194833	0.025304607	-0.0110886847	-0.0420138333	0.0439056556	0.029680131	0.0399449755	0.0020792289	0.0109245091	-0.0416648737	0.0273322791	-0.0345712284	0.0100532092	0.0063525348	0.376721721282209	0.416430782680684	0.448081059024295	-1.68540061352814
0.0292982	0.0287989	0.159193	-0.000517116	-0.0010434	0.000565401	3.09999999999998e-05	0.0168106	-0.020204	0.0001212	-0.00020768	0	0.0534896	0.0393148935	0.0066408724	-0.0293456776	-0.0506943307	-0.0467561802	-0.0194956122	0.0174895484	0.0457507597	0.0511910666	0.0310967934	-0.0045088495	-0.0378654364	-0.0523343914	-0.0406984653	-0.0087617663	0.0275453833	0.0501126395	0.0476832451	0.0214690046	-0.015454175	-0.0446686685	-0.0069200767	0.0237413605	-0.0053318516	-0.044213	-0.0072102177	0.0357489109	-0.0056469267	-0.0109067082	-0.016212517	-0.021160049	0.346390759676676	1.05163092668159	0.448081059024295	-1.68540061352814
0.0433078	0.0262745	0.179432	-0.000147814	-0.000721449	0.000565401	0.0140096	-0.0025244	0.020239	0.000369302	0.000321951	0	0.07133565	0.0391653804	0.0061928308	-0.0299041152	-0.0509138886	-0.046236675	-0.0182322141	0.018970732	0.0466025972	0.0507226006	0.0292521253	-0.0069765817	-0.0396854757	-0.0523723222	-0.0386363752	-0.005407671	0.030549302	0.051093594	0.0458602343	0.0174895484	-0.0197049341	-0.0469579174	-0.0400544248	-0.0374182068	-0.0267019719	-0.0404807563	0.0164565746	0.0258032387	-0.0107302776	0.0042676527	0.0432403463	-0.0063023969	-1.25028418079082	1.02351874509152	0.448081059024295	-1.68540061352814
0.0292629	0.0120443	0.179394	-0.00030058	-0.000802018	0.000395111	-0.0140449	-0.0142302	-3.79999999999825e-05	-0.000152766	-8.05690000000001e-05	-0.00017029	0.04849435	0.03901514	0.0057443291	-0.0304575546	-0.0511183183	-0.0456957037	-0.0169566271	0.0204346535	0.0473990497	0.050177843	0.0273531403	-0.0094286395	-0.0413994086	-0.0522459219	-0.0364336915	-0.0020309873	0.0334080384	0.0518004449	0.0437614146	0.013392903	-0.0238094045	-0.048862844	0.0090931127	-0.0459014087	0.0382560984	0.0374688863	0.0171771857	-0.0499333934	-0.0234669784	0.0472663291	0.000503898	0.0045470313	0.082319720232302	0.933551612127786	0.448081059024295	-1.68540061352814
0.0292512	0.042813	0.167697	-0.000516726	-0.000802018	0.000565401	-1.16999999999999e-05	0.0307687	-0.011697	-0.000216146	0	0.00017029	0.0617992	0.0388641751	0.0052954007	-0.0310059033	-0.0513075588	-0.0451335173	-0.015669704	0.0218799809	0.0481391707	0.0495576132	0.0254033645	-0.0118595137	-0.0430026525	-0.0519555872	-0.0340984296	0.0013541801	0.0361080066	0.0522294002	0.0413994086	0.009206518	-0.0277371148	-0.0503678575	0.0570492034	0.0352736656	0.0413727528	0.0009428951	-0.0041182404	-0.0077751212	0.0615023806	0.0279659782	-0.0512223281	0.0176628744	0.493973471030055	0.689617246326118	0.448081059024295	-1.68540061352814
0.0455367	0.0299106	0.171516	-0.000407631	-0.000972308	0.000565401	0.0162855	-0.0129024	0.00381899999999999	0.000109095	-0.00017029	0	0.04697615	0.0387124883	0.0048460789	-0.0315490697	-0.0514815542	-0.0445503769	-0.0143723053	0.0233053991	0.0488220806	0.048862844	0.0234064185	-0.014263743	-0.0444909208	-0.051502229	-0.0316390872	0.0047336909	0.0386363752	0.0523781585	0.0387884217	0.0049584444	-0.0314589057	-0.0514606403	0.0045971605	0.0247439184	-0.0094897846	-0.0274844935	0.0299474185	-0.0101914808	0.0070834527	-0.0521249509	0.0357657701	-0.0556038945	1.04134895991006	2.31690196518565	0.448081059024295	-1.68540061352814
0.0293002	0.0353475	0.145493	-0.000294059	-0.00112767	0.000565401	-0.0162365	0.0054369	-0.026023	0.000113572	-0.000155362	0	0.0611431	0.0385600826	0.0043963972	-0.0320869629	-0.0516402525	-0.0439465533	-0.0130652981	0.024709611	0.0494469678	0.0480945804	0.0213660101	-0.0166359256	-0.0458602343	-0.0508872699	-0.0290646136	0.0080934286	0.0409811285	0.0522459219	0.0359441567	0.0006771467	-0.0349471469	-0.0521322486	-0.030955414	-0.0199921114	0.013549581	-0.0136067444	-0.0096672986	-0.0175097838	-0.0520273999	0.0536790749	-0.0071858529	0.0351794383	0.043627547314282	2.35485866785316	0.448081059024295	-1.68540061352814
0.0292472	0.0528695	0.164858	-0.000262726	-0.000859836	0.000565401	-5.30000000000044e-05	0.017522	0.019365	3.1333e-05	0.000267834	0	0.05189835	0.0384069609	0.0039463888	-0.0326194932	-0.0517836067	-0.0433223267	-0.0117495564	0.0260913389	0.0500130897	0.0472539781	0.0192859283	-0.018970732	-0.0471069319	-0.0501126395	-0.0263843771	0.0114193591	0.0431311232	0.0518333998	0.0328837193	-0.0036086884	-0.0381759417	-0.0523771858	-0.0569357808	-0.0709990977	-0.0048595816	0.0295517497	0.0214708064	0.064869152	0.0114503012	0.0780349269	0.0544047077	0.0081400273	0.085957163573452	2.4952913223646	0.448081059024295	-1.68540061352814
0.0292822	0.0121044	0.198333	2.81588e-05	-0.00101571	0.000364425	3.50000000000038e-05	-0.0407651	0.033475	0.0002908848	-0.000155874	-0.000200976	0.10666184	0.0382531258	0.0034960873	-0.0331465714	-0.0519115742	-0.042677987	-0.0104259597	0.0274493255	0.0505197734	0.0463423012	0.0171700353	-0.0212629165	-0.0482276804	-0.0491807684	-0.0236081307	0.0146975897	0.0450761418	0.0511428052	0.0296255153	-0.0078703433	-0.0411213197	-0.0521934471	0.0682483854	-0.0081426706	0.0470881555	0.0145370696	0.0083065368	-0.0612394748	-0.0282033648	0.011924323	-0.0112190338	-0.0236055767	0.24204061983774	2.39806044362185	0.448081059024295	-1.68540061352814
0.029234	0.0726872	0.190311	-0.00069211	-0.00074702	0.000471203	-4.82000000000052e-05	0.0605828	-0.008022	-0.0007202688	0.00026869	0.000106778	0.12343984	0.0380985803	0.0030455261	-0.0336681095	-0.0520241169	-0.0420138333	-0.0090953929	0.0287823352	0.0509664168	0.0453609212	0.0150222601	-0.0235073292	-0.0492194833	-0.0480945804	-0.0207459769	0.0179144269	0.0468069407	0.050177843	0.02618914	-0.0120792627	-0.0437614146	-0.0515825363	0.0578997494	0.015615397	0.0129341886	-0.0059125683	-0.0110741663	0.0212535803	0.0501225157	0.0320838346	-0.047542003	-0.0142192749	1.01858584380298	1.2468625342662	0.448081059024295	-1.68540061352814
0.0465762	0.011517	0.194606	-0.000349933	-0.00074702	0.000565401	0.0173422	-0.0611702	0.00429500000000002	0.000342177	0	9.4198e-05	0.10462615	0.0379433273	0.0025947387	-0.0341840202	-0.0521212014	-0.0413301739	-0.0077587455	0.0300891549	0.051352489	0.044311314	0.0128465907	-0.0256989275	-0.0500796887	-0.0468574839	-0.0178083308	0.0210564335	0.0483152946	0.04894369	0.0225952602	-0.0162072446	-0.0460766263	-0.0505494535	0.0283101048	0.0168580907	0.0012332112	-0.0429502221	0.0143676863	-0.0197037939	0.0005992677	-0.0455567978	-0.0134658626	-0.0381341733	0.536982850527553	0.060620371977599	0.448081059024295	-1.68540061352814
0.0292323	0.0627598	0.172301	-0.0003924	-0.00074702	0.000565401	-0.0173439	0.0512428	-0.022305	-4.2467e-05	0	0	0.09301505	0.0377873696	0.0021437585	-0.0346942175	-0.0522027989	-0.0406273263	-0.0064169112	0.0313685957	0.0516775313	0.0431950583	0.0106470671	-0.0278327876	-0.0508059967	-0.0454733605	-0.0148058821	0.024110485	0.049594035	0.047446967	0.0188654898	-0.0202266294	-0.0480497669	-0.0491026536	0.0097278047	-0.0148887056	-0.021963185	-0.0159711971	-0.0034277465	0.0365346518	0.0029428306	0.0216756102	-0.0246144442	-0.0255889163	-0.365284923939262	0.15870040466758	0.448081059024295	0.592443852028073
0.029236	0.0458096	0.175337	-0.000372036	-0.00074702	0.000447377	3.70000000000231e-06	-0.0169502	0.00303599999999998	2.0364e-05	0	-0.000118024	0.0269093	0.0376307102	0.0016926191	-0.0351986159	-0.0522688852	-0.0399056168	-0.0050707869	0.0326194932	0.0519411573	0.0420138333	0.0084277735	-0.0299041152	-0.0513964655	-0.0439465533	-0.0117495564	0.0270638244	0.050637085	0.0456957037	0.0150222601	-0.024110485	-0.0496661877	-0.0472539781	0.0287919348	-0.0356112346	0.0085681619	0.0383603401	0.0405454443	-0.0464194532	-0.000900211	0.0174887173	-0.0069966701	0.0455816956	-0.297935266488812	0.284204659001017	0.448081059024295	0.592443852028073
0.0292452	0.0266341	0.169592	-0.000144432	-0.000821033	0.00034181	9.1999999999974e-06	-0.0191755	-0.00574499999999997	0.000227604	-7.40129999999999e-05	-0.000105567	0.0452889	0.0374733519	0.0012413539	-0.0356971313	-0.0523194405	-0.0391653804	-0.0037212726	0.0338407093	0.0521430537	0.0407694154	0.0061928308	-0.0319082567	-0.0518495163	-0.0422818529	-0.0086504753	0.0299041152	0.0514394875	0.043699295	0.0110886847	-0.0278327876	-0.0509138886	-0.045018557	0.0068481981	0.0366080207	0.0381516223	-0.0367458635	0.0155835869	-0.0342417404	0.0201442432	-0.0334504237	0.0286968847	0.0230989874	-2.01651564917363	1.25424710852939	0.448081059024295	-1.68540061352814
0.038729	0.0718051	0.176051	-0.000768499	-0.00054094	0.000433221	0.0094838	0.045171	0.00645899999999996	-0.000624067	0.000280093	9.1411e-05	0.11089235	0.0373152977	0.0007899965	-0.0361896802	-0.0523544498	-0.0384069609	-0.0023692706	0.0350311327	0.0522829807	0.0394636764	0.0039463888	-0.0338407093	-0.0521639377	-0.0404844828	-0.0055199161	0.0326194932	0.0519974292	0.0414684511	0.0070884207	-0.0313685957	-0.0517836067	-0.0424146861	-0.0261303726	-0.0042393791	0.0375694036	-0.0400111055	-0.0588464024	0.0466861067	-0.0554277324	-0.0206778559	0.0154434116	-0.0490651443	0.086281610060047	1.24192415013422	0.448081059024295	-1.68540061352814
0.0292323	0.0519593	0.179828	-0.000611243	-0.00074702	0.000565401	-0.0094967	-0.0198458	0.003777	0.000157256	-0.00020608	0.00013218	0.0578953	0.0371565505	0.0003385804	-0.0366761804	-0.0523739028	-0.0376307102	-0.0010156846	0.0361896802	0.0523607718	0.0380985803	0.0016926191	-0.0356971313	-0.0523388891	-0.0385600826	-0.0023692706	0.0351986159	0.0523082586	0.03901514	0.0030455261	-0.0346942175	-0.0522688852	-0.0394636764	0.0043014545	-0.0373966629	-0.0036122868	0.0316014571	-0.0605792994	0.0202557293	-0.0552516245	0.018862693	-0.0579190801	0.0138511367	-1.14193695902188	1.07528268426169	0.448081059024295	-1.68540061352814
0.029229	0.0273147	0.189331	-0.000428717	-0.00074702	0.00062052	-3.29999999999775e-06	-0.0246446	0.00950300000000001	0.000182526	0	5.5119e-05	0.04603315	0.0369971132	-0.0001128608	-0.0371565505	-0.0523777937	-0.0368369888	0.0003385804	0.0373152977	0.0523763346	0.0366761804	-0.0005642937	-0.0374733519	-0.0523739028	-0.0365146908	0.0007899965	0.0376307102	0.0523704984	0.036352523	-0.0010156846	-0.0377873696	-0.0523661213	-0.0361896802	-0.0088029382	-0.094069297	-0.0120427263	0.0227730731	0.0201587482	0.0017511226	0.0126242686	0.0620946475	0.0076258838	-0.0373859	1.00766147437613	0.895409966985993	0.448081059024295	-1.68540061352814
0.0317491	0.0293713	0.187169	-0.000550196	-0.00084702	0.000468446	0.00252009999999999	0.0020566	-0.002162	-0.000121479	-9.99999999999997e-05	-0.000152074	0.02541635	0.0368369888	-0.0005642937	-0.0376307102	-0.0523661213	-0.0360261653	0.0016926191	0.0384069609	0.0523296507	0.0351986159	-0.0028201586	-0.0391653804	-0.0522688852	-0.0343547251	0.0039463888	0.0399056168	0.0521838529	0.0334948844	-0.0050707869	-0.0406273263	-0.0520745933	-0.0326194932	0.0455682797	-0.0165616556	0.0349312935	0.0467065494	-0.0212093715	0.0065575604	-0.0142733489	0.0161604564	-0.0076420514	0.0288046745	0.880460855579776	0.897941803176606	0.448081059024295	-1.68540061352814
0.0441734	-0.0053436	0.257462	-0.000539188	-0.000855841	0.000302898	0.0124243	-0.0347149	0.070293	1.1008e-05	-8.82100000000033e-06	-0.000165548	0.12670105	0.0366761804	-0.0010156846	-0.0380985803	-0.0523388891	-0.0351986159	0.0030455261	0.0394636764	0.0522207755	0.0336681095	-0.0050707869	-0.0407694154	-0.0520241169	-0.0320869629	0.0070884207	0.0420138333	0.0517492091	0.0304575546	-0.0090953929	-0.0431950583	-0.0513964655	-0.0287823352	0.0912131373	-0.0530438742	0.0645225084	-0.013323613	-0.0332782137	-0.0676728904	0.0290640654	0.03933201	-0.0275865632	-0.0504485121	0.755195802407542	-0.158556862952445	0.448081059024295	-1.68540061352814
0.039743	0.0862449	0.189665	-0.000822436	-0.000737266	0.000468446	-0.0044304	0.0915885	-0.067797	-0.000283248	0.000118575	0.000165548	0.19218445	0.0365146908	-0.0014670001	-0.0385600826	-0.0522961052	-0.0343547251	0.0043963972	0.0404844828	0.0520498384	0.0320869629	-0.0073119995	-0.0422818529	-0.0516402525	-0.0297185201	0.0102046586	0.0439465533	0.0510686325	0.027256828	-0.0130652981	-0.0454733605	-0.0503367722	-0.024709611	0.0567907226	-0.00564234	-0.0019834512	0.0044361879	0.0048462671	0.0250283353	-0.0032057497	-0.0208462487	-0.0242987907	-0.0131544062	0.268057461890309	-0.504719600738204	0.448081059024295	-1.68540061352814
0.0292977	0.0114664	0.114962	0.000690821	-0.000529816	0.000468446	-0.0104453	-0.0747785	-0.074703	0.001513257	0.00020745	0	0.24596215	0.036352523	-0.0019182066	-0.03901514	-0.0522377823	-0.0334948844	0.0057443291	0.0414684511	0.0518170426	0.0304575546	-0.0095396348	-0.043699295	-0.0511183183	-0.027256828	0.0132837629	0.0456957037	0.0501453577	0.0239098759	-0.0169566271	-0.047446967	-0.0489033805	-0.0204346535	0.0368209746	0.0378287769	-0.0511771833	0.0482914066	0.0746991829	-0.0179419365	0.0479945275	0.0441413986	-0.0916232165	0.0374496115	0.198078583958099	-0.399236350529328	0.448081059024295	-1.68540061352814
0.0510279	0.0307628	0.134683	0.000446097	-6.00683e-05	0.000815652	0.0217302	0.0192964	0.019721	-0.000244724	0.0004697477	0.000347206	0.113831485	0.0361896802	-0.0023692706	-0.0394636764	-0.0521639377	-0.0326194932	0.0070884207	0.0424146861	0.0515226647	0.0287823352	-0.0117495564	-0.045018557	-0.0504597097	-0.024709611	0.016314529	0.0472539781	0.0489837722	0.0204346535	-0.0207459769	-0.0491026536	-0.0471069319	-0.0159924506	-0.0247693435	0.0549402019	0.0972946736	-0.0273869982	-0.0090092198	0.0074427982	0.0332248432	0.0365134683	0.0128516082	-0.0150726891	0.648054681897525	0.697685937769916	0.448081059024295	-1.68540061352814
0.0397969	0.0215091	0.123462	0.000591253	-0.000291501	0.00107251	-0.011231	-0.00925370000000001	-0.011221	0.000145156	-0.0002314327	0.000256858	0.063378035	0.0360261653	-0.0028201586	-0.0399056168	-0.0520745933	-0.0317289578	0.0084277735	0.0433223267	0.0511670547	0.0270638244	-0.0139376608	-0.046236675	-0.0496661877	-0.0220848615	0.0192859283	0.0486148674	0.0475893965	0.0168498047	-0.024410558	-0.0504293264	-0.0449607632	-0.0114193591	-0.0211040217	0.0650090598	0.0023483878	0.0108779353	-0.0630085172	0.030872953	-0.0519184848	-0.0441971346	-0.0192425508	0.0364439993	0.44767085164769	-0.534008714033096	0.448081059024295	-1.68540061352814
0.0485241	0.0213595	0.170563	-0.00029248	-0.000128789	0.00117161	0.0087272	-0.000149599999999996	0.047101	-0.000883733	0.000162712	9.91e-05	0.11325505	0.0358619813	-0.0032708371	-0.0403408874	-0.0519697758	-0.0308236917	0.0097614921	0.044190547	0.050750635	0.025304607	-0.016099885	-0.0473509122	-0.048739874	-0.0193908153	0.0221871482	0.049772687	0.0459688572	0.0131745611	-0.0279283311	-0.0514180959	-0.0424808075	-0.006752807	0.0249439811	0.0118671472	-0.0615520166	-0.0105305919	-0.0521476363	0.0240081366	0.0288791339	-0.0569186592	-0.0295399662	-0.0109167668	-0.314248966803367	0.232109416792194	0.448081059024295	-1.68540061352814
0.0471114	0.0214372	0.165444	0.000179205	-0.00048113	0.00115898	-0.0014127	7.77e-05	-0.00511900000000001	0.000471685	-0.000352341	-1.26299999999994e-05	0.0484422	0.0356971313	-0.0037212726	-0.0407694154	-0.0518495163	-0.0299041152	0.0110886847	0.045018557	0.0502739006	0.0235073292	-0.0182322141	-0.0483587652	-0.0476832451	-0.0166359256	0.0250076315	0.0507226006	0.0441298556	0.0094286395	-0.03127814	-0.0520623368	-0.0396854757	-0.0020309873	0.0073054451	-0.000132117	-0.0754556962	-0.0077898566	-0.0254381341	0.0162040864	-0.0141796936	-0.0217463673	-0.0163160868	0.0080469205	-2.15612271882609	0.306591053335691	0.448081059024295	-1.68540061352814
0.0292478	0.033834	0.172856	-2.14704e-05	-0.00048113	0.00114077	-0.0178636	0.0123968	0.00741199999999997	-0.0002006754	0	-1.82100000000007e-05	0.04861667	0.0355316183	-0.0041714317	-0.0411911291	-0.0517138504	-0.0289706552	0.0124084642	0.0458056033	0.0497374181	0.021674694	-0.0203306886	-0.0492579697	-0.0464991262	-0.0138288366	0.0277371148	0.0514606403	0.0420811315	0.0056321357	-0.0344398384	-0.0523577323	-0.0365955205	0.0027074549	0.010477534	-0.0157174991	-0.083394348	-0.005649375	-0.0115336315	0.0161753206	0.0498672748	-0.0295650746	-0.0310245482	-0.0180639131	-0.38847898894766	0.353762601082003	0.448081059024295	-1.68540061352814
0.0319043	-0.00898713	0.168948	6.17362e-05	-0.000403588	0.00110299	0.0026565	-0.04282113	-0.00390799999999997	8.32066e-05	7.7542e-05	-3.77799999999998e-05	0.05931206	0.0353654455	-0.004621281	-0.0416059582	-0.0515628185	-0.028023745	0.0137199483	0.0465509697	0.0491418251	0.0198094581	-0.0223914121	-0.0500465054	-0.0451906832	-0.0109783563	0.0303656657	0.0519837232	0.0398324213	0.001805417	-0.0373944116	-0.0523023033	-0.0332338815	0.0074237382	-0.0030596631	0.0149666088	-0.0601200426	-0.0246892095	0.0164160884	-0.0504492566	0.0055870276	-0.0602934166	0.0210209599	-0.0044371438	-0.695798035039045	0.741900201514733	0.448081059024295	-1.68540061352814
0.0292197	0.0430708	0.1808	-5.59032e-05	-0.000276006	0.00110299	-0.0026846	0.05205793	0.011852	-0.0001176394	0.000127582	0	0.0788556	0.0351986159	-0.0050707869	-0.0420138333	-0.0513964655	-0.0270638244	0.0150222601	0.0472539781	0.0484878293	0.0179144269	-0.024410558	-0.0507226006	-0.0437614146	-0.0080934286	0.0328837193	0.0522896643	0.0373944116	-0.0020309873	-0.0401240904	-0.051896421	-0.0296255153	0.0120792627	-0.0212163996	-0.0156097212	-0.0288098342	-0.0104787433	-0.0059607193	0.012827084	0.0496496037	-0.0070040488	0.0009873864	-0.0324791666	-0.314439127636614	1.0580609689487	0.448081059024295	-1.68540061352814
0.0292516	0.0150308	0.191743	-0.000226193	-0.00048113	0.00110299	3.18999999999944e-05	-0.02804	0.010943	-0.0001702898	-0.000205124	0	0.05778559	0.0350311327	-0.0055199161	-0.0424146861	-0.0512148408	-0.0260913389	0.016314529	0.0479139886	0.0477762082	0.0159924506	-0.0263843771	-0.0512847364	-0.0422151417	-0.0051831058	0.0352821126	0.0523771858	0.0347786889	-0.0058564958	-0.0426124582	-0.0511428052	-0.0257972105	0.0166359256	-0.037562135	-0.0240951491	-0.0215295789	-0.006186093	0.0380971083	-0.0500368473	-0.0736399445	-0.046743663	0.0456170755	0.0267598962	1.05027417096661	0.988170578187588	0.448081059024295	-1.68540061352814
0.0292363	0.0244114	0.181885	0.000162652	-0.00039417	0.00110299	-1.52999999999959e-05	0.0093806	-0.00985800000000001	0.000388845	8.696e-05	0	0.04304415	0.0348629988	-0.0059686353	-0.0428084497	-0.0510179984	-0.0251067401	0.0175958911	0.0485304007	0.0470078072	0.0140464202	-0.0283092043	-0.0517316498	-0.0405559987	-0.0022565198	0.0375521182	0.0522459219	0.0319976841	-0.0096505858	-0.0448445497	-0.0500465054	-0.021777388	0.0210564335	-0.0338726535	-0.0144658714	-0.0225279388	-0.0254894877	-0.0059865696	0.006509569	-0.0568358186	0.0194092428	0.0201921594	0.0268678403	-2.0106256025854	-0.079475962633865	0.448081059024295	-1.68540061352814
0.0292397	0.0235212	0.19176	0.000310168	-0.000379182	0.000896942	3.40000000000062e-06	-0.000890199999999997	0.00987499999999999	0.000147516	1.4988e-05	-0.000206048	0.0291962	0.0346942175	-0.0064169112	-0.0431950583	-0.0508059967	-0.024110485	0.0188654898	0.0491026536	0.0461835398	0.0120792627	-0.0301814655	-0.0520623368	-0.0387884217	0.0006771467	0.0396854757	0.051896421	0.0290646136	-0.013392903	-0.0468069407	-0.0486148674	-0.0175958911	0.025304607	-0.0071150308	0.0190174508	-0.0250209797	-0.0277444167	-0.0018561166	0.0058693131	-0.0305187243	-0.0418566286	0.0172562177	-0.0009061359	0.59436912990488	-0.327328994320791	0.448081059024295	0.592443852028073
0.0187786	0.0144277	0.177932	5.31352e-05	-0.000540475	0.000938868	-0.0104611	-0.0090935	-0.013828	-0.0002570328	-0.000161293	4.19260000000002e-05	0.05639519	0.0345247919	-0.0068647103	-0.0435744473	-0.0505788988	-0.0231030362	0.0201224762	0.0496302266	0.0453043854	0.0100939368	-0.0319976841	-0.0522760543	-0.0369171367	0.0036086884	0.0416744222	0.0513301431	0.0259934166	-0.0170633708	-0.0484878293	-0.0468574839	-0.0132837629	0.0293456776	-0.0093483551	-0.0104067886	-0.0237103604	0.003463069	-0.002798537	-0.0250236305	0.00323607	0.0324595087	-0.0076337183	-0.0194521105	1.03309826414677	-0.293274666966166	0.448081059024295	-1.68540061352814
0.0291457	0.0087024	0.200765	-0.000403657	-0.000159727	0.00110299	0.0103671	-0.0057253	0.022833	-0.0004567922	0.000380748	0.000164122	0.08900851	0.0343547251	-0.0073119995	-0.0439465533	-0.0503367722	-0.0220848615	0.0213660101	0.0501126395	0.044371389	0.0080934286	-0.0337544877	-0.0523723222	-0.0349471469	0.0065289069	0.0435117199	0.0505494535	0.0227986886	-0.0206422981	-0.0498771065	-0.0447861304	-0.0088730165	0.0331465714	-0.0467991857	-0.0111460629	0.0004596221	-0.0350325909	0.0040639866	0.0464001466	0.0392079406	0.0050294344	0.0588715414	-0.0256126682	0.220827191040563	1.78313027934109	0.448081059024295	-1.68540061352814
0.0226664	0.0212049	0.191718	0.000125932	-0.00044589	0.00110299	-0.0064793	0.0125025	-0.009047	0.000529589	-0.000286163	0	0.0688164	0.0341840202	-0.0077587455	-0.044311314	-0.0500796887	-0.0210564335	0.0225952602	0.0505494535	0.0433856593	0.0060807472	-0.0354486142	-0.0523509242	-0.0328837193	0.0094286395	0.0451906832	0.0495576132	0.0194956122	-0.024110485	-0.0509664168	-0.0424146861	-0.0043963972	0.0366761804	-0.0111195925	0.0095449738	-0.0194445973	-0.034013599	-0.0150758343	0.0425793725	0.0419710555	-0.0006190625	0.0077777146	-0.0189943172	0.694266233997735	2.82153663249731	0.448081059024295	-1.68540061352814
0.0291742	0.034185	0.210667	-0.000424193	-0.000271894	0.00111777	0.0065078	0.0129801	0.018949	-0.000550125	0.000173996	1.47799999999998e-05	0.07538195	0.0340126806	-0.0082049152	-0.0446686685	-0.0498077248	-0.0200182296	0.0238094045	0.050940271	0.0423483678	0.0040589197	-0.0370769179	-0.0522119084	-0.030732371	0.0122987873	0.0467052026	0.0483587652	0.016099885	-0.0274493255	-0.0517492091	-0.0397590408	0.0001128608	0.0399056168	-0.0211734997	-0.0165871855	-0.0315349883	-0.0314804906	0.0221482449	0.003227528	0.002244016	-0.0370775412	0.0165814267	-0.0335512165	0.154374314792357	2.81383756841995	0.448081059024295	-1.68540061352814
0.0125948	0.0342092	0.170308	-0.000189077	-0.000346352	0.00105889	-0.0165794	2.41999999999951e-05	-0.040359	0.000235116	-7.4458e-05	-5.88799999999999e-05	0.0753853	0.0338407093	-0.0086504753	-0.045018557	-0.0495209612	-0.018970732	0.0250076315	0.0512847364	0.0412607473	0.0020309873	-0.0386363752	-0.0519555872	-0.028498854	0.0151303447	0.0480497669	0.0469579174	0.0126276447	-0.0306409077	-0.0522207755	-0.0368369888	0.004621281	0.0428084497	-0.0219600934	-0.010102962	0.0309143323	0.0570120903	0.0329628918	-0.0225409795	-0.0064166182	0.0329868208	0.0010525992	0.0381061903	-0.601438130403901	2.55073409748775	0.448081059024295	-1.68540061352814
0.023881	-0.01229	0.209204	-0.000377123	-0.000271895	0.00105889	0.0112862	-0.0464992	0.038896	-0.000188046	7.44569999999999e-05	0	0.10980655	0.0336681095	-0.0090953929	-0.0453609212	-0.0492194833	-0.0179144269	0.02618914	0.0515825363	0.0401240904	0	-0.0401240904	-0.0515825363	-0.02618914	0.0179144269	0.0492194833	0.0453609212	0.0090953929	-0.0336681095	-0.0523782801	-0.0336681095	0.0090953929	0.0453609212	-0.0319955605	-0.0419592864	0.0571790921	0.0362775466	0.015840676	-0.0264650746	0.0215872847	0.0450149142	0.021196981	0.0090110582	-2.2241144777914	0.959187679132036	0.448081059024295	-1.68540061352814
0.0241603	0.0618944	0.191739	-0.000495908	-0.000149192	0.00112488	0.0002793	0.0741844	-0.017465	-0.000118785	0.000122703	6.59899999999999e-05	0.1073026	0.0334948844	-0.0095396348	-0.0456957037	-0.0489033805	-0.0168498047	0.0273531403	0.0518333998	0.0389397479	-0.0020309873	-0.0415373011	-0.051093594	-0.0238094045	0.0206422981	0.0502100954	0.0435744473	0.0055199161	-0.0365146908	-0.0522207755	-0.0302736359	0.0135019809	0.0475421407	-0.0233331151	-0.0363425629	0.0205919476	0.0658969811	-0.0627729137	0.0559820684	-0.0520981329	0.0265867777	0.0116646532	0.0124714682	0.536935927724544	0.955536292149554	0.448081059024295	-1.68540061352814
0.0288627	0.00482428	0.219589	-0.000255156	-0.000477667	0.0010015	0.0047024	-0.05707012	0.02785	0.000240752	-0.000328475	-0.00012338	0.12425287	0.0333210373	-0.009983168	-0.0460228486	-0.0485727468	-0.0157773596	0.028498854	0.0520370985	0.0377091275	-0.0040589197	-0.0428733831	-0.0504898588	-0.0213660101	0.0233053991	0.0510179984	0.0416059582	0.0019182066	-0.0391653804	-0.0517492091	-0.0266763128	0.0178083308	0.0493342563	0.0751552198	0.0338164777	-0.017775152	0.0184328272	-0.0044294946	-0.0363743718	0.0280879435	-0.0425147072	0.0024746333	-0.0048833638	-0.595157266259028	0.943657797716027	0.448081059024295	-1.68540061352814
0.0260526	0.037286	0.191762	-0.000331344	-9.54072e-05	0.0010015	-0.0028101	0.03246172	-0.027827	-7.6188e-05	0.0003822598	0	0.08602121	0.0331465714	-0.0104259597	-0.0463423012	-0.0482276804	-0.0146975897	0.0296255153	0.0521934471	0.0364336915	-0.0060807472	-0.0441298556	-0.049772687	-0.0188654898	0.0258953737	0.0516402525	0.0394636764	-0.0016926191	-0.0416059582	-0.0509664168	-0.0229002443	0.0219824722	0.0507226006	0.0068894273	0.0335733713	0.0326332721	0.0091671638	-0.0140389703	0.015418728	0.0244303348	-0.0248756474	0.0125726821	-0.0038733808	-1.07994823181521	0.941081380347901	0.448081059024295	-1.68540061352814
0.0283113	-0.0042229	0.215403	-0.000181227	-9.54072e-05	0.00100497	0.0022587	-0.0415089	0.023641	0.000150117	0	3.47000000000021e-06	0.07508795	0.0329714899	-0.0108679768	-0.0466540082	-0.0478682839	-0.0136109962	0.030732371	0.0523023033	0.0351149558	-0.0080934286	-0.0453043854	-0.04894369	-0.016314529	0.0284040951	0.0520745933	0.0371565505	-0.0052954007	-0.043823331	-0.0498771065	-0.018970732	0.0259934166	0.0516958108	0.0282205315	0.0324069882	0.0215866296	0.0053806217	-0.0237031018	-0.0087118453	-0.0031481392	-0.0434451531	0.0055932159	0.0067532352	0.723285826740227	0.110286797371077	0.448081059024295	0.592443852028073
0.036526	0.0389772	0.191819	-0.000201168	-0.000245762	0.00114362	0.00821469999999999	0.0432001	-0.023584	-1.9941e-05	-0.0001503548	0.00013865	0.09044609	0.0327957961	-0.0113091867	-0.0469579174	-0.0474946641	-0.0125180835	0.0318186811	0.0523635681	0.0337544877	-0.0100939368	-0.0463947917	-0.0480047303	-0.0137199483	0.0308236917	0.0523194405	0.0346942175	-0.0088730165	-0.0458056033	-0.0484878293	-0.0149141057	0.0298113868	0.0522459219	0.0159026226	0.018790949	-0.0149421537	0.0015069764	-0.0457060103	0.0258230697	0.0032280286	-0.0349420664	-0.0463550904	-0.0233097936	0.228099916804303	-0.142344408351065	0.448081059024295	0.592443852028073
0.0334243	-0.00159547	0.20828	0.000119266	-9.54072e-05	0.00104939	-0.00310169999999999	-0.04057267	0.016461	0.000320434	0.0001503548	-9.42299999999998e-05	0.08838631	0.0326194932	-0.0117495564	-0.0472539781	-0.0471069319	-0.0114193591	0.0328837193	0.0523771858	0.032353904	-0.0120792627	-0.0473990497	-0.0469579174	-0.0110886847	0.0331465714	0.0523739028	0.0320869629	-0.0124084642	-0.0475421407	-0.0468069407	-0.010757547	0.0334080384	0.0523684314	0.0134016678	0.0264779026	-0.0403627109	-0.0242054831	0.0005039753	-0.0044331841	-0.0044731175	-0.0675414689	-0.0138075934	-0.0157586426	-2.32720264119151	-0.112369169633472	0.448081059024295	0.592443852028073
0.0362389	0.0290744	0.188054	4.20959e-05	-0.000597327	0.00102461	0.0028146	0.03066987	-0.020226	-7.71701e-05	-0.0005019198	-2.47800000000001e-05	0.083903965	0.0324425845	-0.0121890533	-0.0475421407	-0.0467052026	-0.0103153331	0.0339267737	0.0523431439	0.0309148693	-0.0140464202	-0.0483152946	-0.0458056033	-0.0084277735	0.0353654455	0.0522377823	0.0293456776	-0.015884942	-0.049023627	-0.0448445497	-0.0065289069	0.0367566699	0.0520623368	-0.009389804	0.0194501413	-0.0348164247	-0.0139118684	-0.0140050121	0.0158915313	-0.0041181593	-0.0015363284	-0.0454765599	-0.0100503999	0.319426817889689	1.1956742866717	0.448081059024295	-1.68540061352814
0.0246103	0.0305175	0.217546	-4.66078e-06	-0.000236173	0.00106346	-0.0116286	0.0014431	0.029492	-4.675668e-05	0.000361154	3.885e-05	0.064901734	0.0322650733	-0.0126276447	-0.0478223571	-0.0462895956	-0.009206518	0.0349471469	0.0522614734	0.0294390937	-0.0159924506	-0.0491418251	-0.0445503769	-0.0057443291	0.0374733519	0.0519115742	0.0264818121	-0.0192859283	-0.0502421146	-0.0426124582	-0.0022565198	0.0398324213	0.0513301431	-0.0121730581	-0.0107320921	-0.0439055406	-0.0265711021	0.0216794452	-0.0011261294	-0.0139556339	-0.0134828075	0.0341823761	-0.0015303698	0.635771712101972	0.290303378761046	0.448081059024295	0.592443852028073
0.0198996	0.0335347	0.180805	4.57375e-05	-0.000341575	0.00105207	-0.0047107	0.0030172	-0.036741	5.039828e-05	-0.000105402	-1.139e-05	0.052828414	0.0320869629	-0.0130652981	-0.0480945804	-0.0458602343	-0.0080934286	0.0359441567	0.0521322486	0.0279283311	-0.0179144269	-0.0498771065	-0.0431950583	-0.0030455261	0.0394636764	0.0513964655	0.0235073292	-0.0225952602	-0.0511910666	-0.0401240904	0.0020309873	0.0426124582	0.050177843	-0.029614328	-0.0108407414	-0.000426597	0.0433520449	0.0204401171	-0.0247834173	0.0156832008	0.029356752	0.0177270885	0.0550903361	0.382546631611001	0.072445606812311	0.448081059024295	0.592443852028073
0.0275556	0.0025934	0.224491	-0.000256882	-0.000207107	0.00111339	0.007656	-0.0309413	0.043686	-0.0003026195	0.000134468	6.13199999999999e-05	0.107203675	0.0319082567	-0.0135019809	-0.0483587652	-0.0454172463	-0.0069765817	0.0369171367	0.0519555872	0.0263843771	-0.0198094581	-0.0505197734	-0.0417426926	-0.0003385804	0.0413301739	0.0506943307	0.0204346535	-0.0257972105	-0.051865392	-0.0373944116	0.0063048856	0.0450761418	0.0486148674	-0.0361337913	-0.0164699824	-0.0050815276	-0.0329284725	-0.0014605095	0.0054600755	-0.002211778	0.0454252295	0.0207698527	-0.0107751877	-2.14271020602915	0.112756556267515	0.448081059024295	0.592443852028073
0.0125592	0.0796468	0.203535	-0.000431744	-0.000242004	0.00104059	-0.0149964	0.0770534	-0.020956	-0.000174862	-3.4897e-05	-7.27999999999998e-05	0.12713375	0.0317289578	-0.0139376608	-0.0486148674	-0.0449607632	-0.0058564958	0.0378654364	0.0517316498	0.0248090665	-0.021674694	-0.0510686325	-0.0401965428	0.0023692706	0.0430669878	0.0498077248	0.01727662	-0.0288765622	-0.0522614734	-0.0344398384	0.0105365379	0.0472051818	0.0466540082	-0.0167105073	-0.0218084612	0.0184671581	0.0446666668	-0.0195284472	0.0521249937	-0.0194126946	0.0443221801	-0.011895252	0.0039760708	-0.289405194826022	0.146971107197032	0.448081059024295	0.592443852028073
0.012672	0.00582401	0.211522	-0.000413896	-0.000597327	0.000877688	0.000112799999999998	-0.07382279	0.00798699999999999	1.78480000000001e-05	-0.000355323	-0.000162902	0.10872624	0.0315490697	-0.0143723053	-0.048862844	-0.0444909208	-0.0047336909	0.0387884217	0.0514606403	0.0232042715	-0.0235073292	-0.0515226647	-0.0385600826	0.0050707869	0.0446686685	0.048739874	0.0140464202	-0.0318186811	-0.0523771858	-0.03127814	0.0146975897	0.0489837722	0.044311314	0.0429174361	0.059069734	0.0022092466	0.0118217924	0.0085075211	-0.0341517454	0.0465049544	-0.0403883008	-0.0155110129	0.0153457242	-2.17303653709492	1.09975215878815	0.448081059024295	-1.68540061352814
0.0126178	0.0763064	0.194702	-0.00060184	-0.000312965	0.000877688	-5.4199999999999e-05	0.07048239	-0.01682	-0.000187944	0.000284362	0	0.11097189	0.0313685957	-0.0148058821	-0.0491026536	-0.0440078585	-0.0036086884	0.0396854757	0.0511428052	0.0215718994	-0.025304607	-0.051881027	-0.0368369888	0.0077587455	0.0461301902	0.0474946641	0.010757547	-0.034609585	-0.0522119084	-0.0279283311	0.0187601599	0.0503987089	0.0416059582	-0.0259368292	0.0206821023	0.0243657544	-0.0198437742	-0.0285920048	0.0773625256	-0.0196845251	-0.0489902429	-0.0174636818	-0.0050359287	-2.23159434303421	1.85419855426188	-2.22840312389761	-1.68540061352814
0.0152007	0.00469987	0.203515	-0.000240769	-0.000597327	0.00127059	0.0025829	-0.07160653	0.00881300000000002	0.000361071	-0.000284362	0.000392902	0.13491918	0.0311875391	-0.015238359	-0.0493342563	-0.0435117199	-0.0024820104	0.0405559987	0.0507784337	0.0199138901	-0.0270638244	-0.0521430537	-0.0350311327	0.0104259597	0.047446967	0.0460766263	0.0074237382	-0.0372360105	-0.051766528	-0.024410558	0.0226970271	0.0514394875	0.0385600826	-0.0236422365	-0.0442032232	-0.0138930656	0.0438993392	0.0089606975	-0.0065161489	-0.027220857	0.0211430335	-0.0102162828	0.056705795	0.418315390420502	2.44998067524423	0.448081059024295	-1.68540061352814
0.0126593	0.0047313	0.220491	-4.27497e-05	-0.000597327	0.00119409	-0.0025414	3.14299999999998e-05	0.016976	0.0001980193	0	-7.65e-05	0.033274795	0.0310059033	-0.015669704	-0.0495576132	-0.0430026525	-0.0013541801	0.0413994086	0.0503678575	0.0182322141	-0.0287823352	-0.0523082586	-0.0331465714	0.0130652981	0.0486148674	0.0444909208	0.0040589197	-0.0396854757	-0.051043434	-0.0207459769	0.0264818121	0.0520983812	0.0351986159	-0.042544048	-0.0581715314	-0.0244536059	-0.011145159	0.0005055304	0.0113638897	-0.0601200262	0.0803984272	0.0164123452	-0.000249349	-0.591052755806349	0.882418903434472	0.448081059024295	0.592443852028073
0.0253416	0.0139586	0.241615	-0.0001639	-0.000250121	0.00124336	0.0126823	0.0092273	0.021124	-0.0001211503	0.000347206	4.92700000000006e-05	0.068914915	0.0308236917	-0.016099885	-0.049772687	-0.0424808075	-0.0002257211	0.0422151417	0.04991145	0.01652887	-0.0304575546	-0.0523763346	-0.0311875391	0.015669704	0.0496302266	0.0427433176	0.0006771467	-0.0419463399	-0.0500465054	-0.0169566271	0.0300891549	0.0523704984	0.0315490697	0.0312676576	-0.0417030466	-0.0089457355	0.0485736261	-0.0186851614	-0.0039986811	-0.0197233413	0.0356782909	0.0103991199	0.0138278436	0.966474984035001	0.38358901273654	0.448081059024295	0.592443852028073
0.0126508	0.0675545	0.235582	-0.00098085	-0.000597327	0.00115454	-0.0126908	0.0535959	-0.00603299999999998	-0.00081695	-0.000347206	-8.88200000000007e-05	0.1349685	0.0306409077	-0.01652887	-0.0499794418	-0.0419463399	0.0009028426	0.0430026525	0.0494096266	0.0148058821	-0.0320869629	-0.0523471556	-0.0291584371	0.0182322141	0.0504898588	0.0408401761	-0.0027074549	-0.0440078585	-0.0487810905	-0.0130652981	0.0334948844	0.0522538189	0.0276413132	0.0631719349	0.0185571356	-0.0064316393	-0.0075875084	0.0238861262	-0.0151647606	0.0222287479	-0.0089482045	-0.0149424434	0.0056091744	0.692113033004395	0.058485201789589	0.448081059024295	0.592443852028073
0.0126657	-0.00918603	0.220065	-3.11704e-05	-0.000597327	0.00109011	1.49e-05	-0.07674053	-0.015517	0.0009496796	0	-6.44299999999999e-05	0.14297791	0.0304575546	-0.0169566271	-0.050177843	-0.0413994086	0.0020309873	0.0437614146	0.048862844	0.0130652981	-0.0336681095	-0.0522207755	-0.0270638244	0.0207459769	0.0511910666	0.0387884217	-0.0060807472	-0.0458602343	-0.0472539781	-0.0090953929	0.0366761804	0.0517492091	0.0235073292	-0.0456547598	0.0220166956	-0.0138230437	-0.0545439343	0.0274889458	0.0062387369	0.0320979805	0.0107567967	0.0244140029	-0.0153939525	-0.649929142881862	0.371211737457751	0.448081059024295	0.592443852028073
0.0204301	0.0183782	0.241771	-5.87024e-05	-0.00028126	0.00116476	0.0077644	0.02756423	0.021706	-2.7532e-05	0.000316067	7.46499999999999e-05	0.07794708	0.0302736359	-0.0173831246	-0.0503678575	-0.0408401761	0.003158189	0.0444909208	0.0482715996	0.0113091867	-0.0351986159	-0.0519974292	-0.0249084068	0.0232042715	0.0517316498	0.0365955205	-0.0094286395	-0.0474946641	-0.0454733605	-0.0050707869	0.0396117264	0.050860415	0.0191809517	-0.0361592689	-0.0029509241	0.014842899	-0.0570417008	-0.0208858355	0.0120769494	-0.0432196441	-0.0078165332	0.003151174	-0.0227156546	0.406073478077581	1.48991979995673	0.448081059024295	-1.68540061352814
0.0219016	0.0549759	0.247523	-0.000549945	-0.000597327	0.00127912	0.0014715	0.0365977	0.00575199999999998	-0.0004912426	-0.000316067	0.00011436	0.08990468	0.0300891549	-0.0178083308	-0.0505494535	-0.0402688086	0.0042839244	0.0451906832	0.0476364314	0.0095396348	-0.0366761804	-0.0516775313	-0.0226970271	0.0256005252	0.0521099123	0.0342694522	-0.0127371473	-0.0489033805	-0.0434487905	-0.0010156846	0.0422818529	0.049594035	0.0146975897	0.0300232709	-0.0165392479	0.0101615304	0.0372710891	-0.0429213265	0.0207607076	-0.0159915588	0.0696013603	-0.0739502589	0.0042916315	-1.32322073882585	0.351034542715769	0.448081059024295	0.592443852028073
0.024586	0.00474162	0.235744	-0.000549946	-0.000271169	0.00126173	0.0026844	-0.05023428	-0.011779	-9.99999999907325e-10	0.000326158	-1.73899999999999e-05	0.08187513	0.0299041152	-0.0182322141	-0.0507226006	-0.0396854757	0.005407671	0.0458602343	0.0469579174	0.0077587455	-0.0380985803	-0.0512616758	-0.0204346535	0.0279283311	0.052324667	0.0318186811	-0.0159924506	-0.0500796887	-0.0411911291	0.0030455261	0.0446686685	0.0479594708	0.0100939368	0.0380295525	0.0290503408	0.0578598747	0.0150488062	-0.0147141554	-0.0391310953	0.0473914926	0.0188594672	0.0135252631	-0.0119533221	-0.416616000809872	0.438698734161062	0.448081059024295	-1.68540061352814
0.0255121	0.0173235	0.225058	-0.000549946	-0.000597327	0.00126173	0.000926099999999999	0.01258188	-0.010686	0	-0.000326158	0	0.04050188	0.0297185201	-0.018654743	-0.0508872699	-0.039090351	0.0065289069	0.0464991262	0.046236675	0.0059686353	-0.0394636764	-0.050750635	-0.018126369	0.0301814655	0.0523752403	0.0292521253	-0.0191809517	-0.0510179984	-0.0387124883	0.0070884207	0.0467561802	0.0459688572	0.005407671	0.0410690615	0.0338599554	0.0487570166	0.0143893438	-0.0364790906	-0.0110633832	-0.0031991049	0.0113640152	-0.0009556716	0.0306963463	1.07365160534993	0.425460084759415	0.448081059024295	-1.68540061352814
0.0244944	0.00470303	0.241729	-0.000549946	-0.000597327	0.00124039	-0.0010177	-0.01262047	0.016671	0	0	-2.13399999999999e-05	0.03137617	0.0295323731	-0.0190758861	-0.051043434	-0.0384836111	0.0076471118	0.0471069319	0.0454733605	0.0041714317	-0.0407694154	-0.0501453577	-0.0157773596	0.032353904	0.0522614734	0.0265791242	-0.0222893319	-0.0517138504	-0.0360261653	0.0110886847	0.0485304007	0.0436369724	0.0006771467	0.0545107292	0.0203356578	0.0008053642	0.024849088	-0.0018386447	-0.0151705539	0.0521223136	-0.015575394	-0.0083757286	0.0068464973	0.422136820541871	0.818427155511193	0.448081059024295	-1.68540061352814
0.0456036	-0.00121165	0.184766	1.75702e-05	-0.000254428	0.00143812	0.0211092	-0.00591468	-0.056963	0.0005675162	0.000342899	0.00019773	0.13939414	0.0293456776	-0.0194956122	-0.0511910666	-0.0378654364	0.0087617663	0.0476832451	0.0446686685	0.0023692706	-0.0420138333	-0.0494469678	-0.013392903	0.0344398384	0.0519837232	0.0238094045	-0.025304607	-0.0521639377	-0.0331465714	0.0150222601	0.0499794418	0.0409811285	-0.0040589197	0.001611979	0.0580795809	-0.021754627	0.001067083	0.0276113834	-0.0390482594	0.034756798	-0.0241772352	-0.0118943853	0.0360838128	0.265101016598092	1.0242211251449	0.448081059024295	-1.68540061352814
0.0453562	0.0490809	0.169655	-0.000367942	-0.000597327	0.00159126	-0.000247400000000009	0.05029255	-0.015111	-0.0003855122	-0.000342899	0.00015314	0.10972851	0.0291584371	-0.0199138901	-0.0513301431	-0.0372360105	0.009872353	0.0482276804	0.043823331	0.0005642937	-0.0431950583	-0.0486567622	-0.0109783563	0.0364336915	0.0515428613	0.0209530451	-0.028214182	-0.0523661213	-0.0300891549	0.0188654898	0.051093594	0.0380210421	-0.0087617663	-0.0267909488	0.0325519116	-0.0131355275	0.0160316955	0.0334180643	0.0136833947	0.0523216123	-0.009302616	0.0112512992	0.0099275243	0.660086676437512	1.01887067549242	0.448081059024295	-1.68540061352814
0.0699896	-0.0193401	0.160494	0.000267972	-0.000234261	0.00150428	0.0246334	-0.068421	-0.009161	0.000635914	0.000363066	-8.698e-05	0.1565134	0.0289706552	-0.0203306886	-0.0514606403	-0.0365955205	0.0109783563	0.048739874	0.0429381175	-0.0012413539	-0.044311314	-0.0477762082	-0.0085391442	0.0383301323	0.050940271	0.0180204398	-0.0310059033	-0.0523194405	-0.0268703181	0.0225952602	0.051865392	0.0347786889	-0.013392903	-0.0569334595	0.0047310772	-0.0020601446	0.0368136888	0.0989402504	-0.0660240438	-0.0112880258	-0.0096996528	0.05284682	0.0591685474	0.620215876796542	0.770483282181689	0.448081059024295	-1.68540061352814
0.0572044	0.0389401	0.175368	-9.60235e-05	-0.000424518	0.00183687	-0.0127852	0.0582802	0.014874	-0.0003639955	-0.000190257	0.00033259	0.130281525	0.0287823352	-0.0207459769	-0.0515825363	-0.0359441567	0.0120792627	0.0492194833	0.0420138333	-0.0030455261	-0.0453609212	-0.0468069407	-0.0060807472	0.0401240904	0.050177843	0.0150222601	-0.0336681095	-0.0520241169	-0.0235073292	0.02618914	0.0522896643	0.03127814	-0.0179144269	-0.0964493814	-0.0194240079	0.0249540339	0.0154938796	0.0401085573	0.0018497469	-0.0338107385	0.0442581199	0.1019467949	0.0695129433	-0.159500958208927	0.418882882225272	0.448081059024295	0.592443852028073
0.0632084	-0.00363542	0.186561	-9.60235e-05	-0.000840783	0.00148774	0.00600400000000002	-0.04257552	0.011193	0	-0.000416265	-0.00034913	0.09804227	0.0285934806	-0.0211597241	-0.0516958108	-0.0352821126	0.0131745611	0.0496661877	0.0410513194	-0.0048460789	-0.0463423012	-0.0457507597	-0.0036086884	0.0418107693	0.0492579697	0.011969416	-0.0361896802	-0.0514815542	-0.0200182296	0.0296255153	0.0523635681	0.0275453833	-0.0222893319	0.018018289	0.046692915	0.0458668034	0.035252921	0.0669099758	-0.0614264961	-0.0262179899	-0.0272933563	0.0191175978	0.0377236467	0.496284727780899	0.827860681831061	0.448081059024295	-1.68540061352814
0.0575542	0.0433857	0.169716	-9.60235e-05	-0.000908252	0.0014736	-0.00565420000000002	0.04702112	-0.016845	0	-6.7469e-05	-1.41400000000002e-05	0.07360077	0.0284040951	-0.0215718994	-0.0518004449	-0.034609585	0.014263743	0.0500796887	0.0400514517	-0.0066408724	-0.0472539781	-0.0446096262	-0.0011285219	0.0433856593	0.0481835374	0.0088730165	-0.0385600826	-0.0506943307	-0.0164217376	0.0328837193	0.0520866082	0.0236081307	-0.0264818121	-0.0116879657	0.0685078275	0.0543451017	0.0041646833	0.0104133861	0.0280011871	0.0224471167	0.0182949964	0.0076747485	0.0261245963	0.759094099489104	0.912993114959408	0.448081059024295	-1.68540061352814
0.0640027	-0.0177216	0.234022	0.000368573	-0.000908251	0.00143195	0.0064485	-0.0611073	0.064306	0.0004645965	9.99999999907325e-10	-4.16499999999998e-05	0.157174175	0.028214182	-0.0219824722	-0.051896421	-0.0339267737	0.0153463027	0.0504597097	0.03901514	-0.0084277735	-0.0480945804	-0.0433856593	0.0013541801	0.0448445497	0.0469579174	0.0057443291	-0.0407694154	-0.0496661877	-0.0127371473	0.0359441567	0.0514606403	0.0194956122	-0.0304575546	-0.0012285414	0.0361303702	0.0117152104	-0.0331981487	0.0427686706	-0.0082076888	-0.0017842471	-0.0309123335	-0.0169158815	-0.0298006616	-1.9372692089445	0.946336752241705	0.448081059024295	-1.68540061352814
0.0516155	0.0844789	0.208669	-9.60235e-05	-0.000633237	0.00143195	-0.0123872	0.1022005	-0.025353	-0.0004645965	0.000275014	0	0.176921225	0.028023745	-0.0223914121	-0.0519837232	-0.0332338815	0.0164217376	0.0508059967	0.0379433273	-0.0102046586	-0.048862844	-0.0420811315	0.0038338396	0.0461835398	0.0455849554	0.0025947387	-0.0428084497	-0.0484020114	-0.0089842256	0.0387884217	0.0504898588	0.015238359	-0.0341840202	-0.0458445227	-0.0133642632	0.0299011195	-0.003918506	-0.0227240873	0.0419249634	0.0059320988	0.0249321653	0.0139770784	-0.0206349978	-0.031316812765293	0.865525451091933	0.448081059024295	-1.68540061352814
0.0515512	-0.00482333	0.234031	-9.60235e-05	-0.000495423	0.00177057	-6.43000000000032e-05	-0.08930223	0.025362	0	0.000137814	0.00033862	0.13855023	0.0278327876	-0.0227986886	-0.0520623368	-0.0325311144	0.0174895484	0.0511183183	0.0368369888	-0.011969416	-0.0495576132	-0.0406984653	0.0063048856	0.0473990497	0.0440689593	-0.0005642937	-0.0446686685	-0.0469078096	-0.0051831058	0.0413994086	0.0491807684	0.0108679768	-0.0376307102	0.031687722	0.0266160301	0.0169455603	-0.0030535363	0.0219874506	-0.0264463982	0.0104830415	-0.0905879436	0.0083396879	-0.0244755426	0.468551807689336	0.397540922041569	0.448081059024295	-1.68540061352814
0.051552	0.0399257	0.229704	-9.60235e-05	-0.000458905	0.00154356	8.00000000009127e-07	0.04474903	-0.004327	0	3.6518e-05	-0.00022701	0.06225323	0.0276413132	-0.0232042715	-0.0521322486	-0.0318186811	0.0185492395	0.0513964655	0.0356971313	-0.0137199483	-0.050177843	-0.0392402281	0.0087617663	0.0484878293	0.0424146861	-0.0037212726	-0.0463423012	-0.0451906832	-0.0013541801	0.0437614146	0.0475421407	0.0064169112	-0.0407694154	-0.0295783086	0.0064700746	0.008765432	-0.0550121962	-0.0375534082	0.0381690689	-0.0080991277	0.0036684813	-0.015929796	-0.0357967136	-0.269244442070034	0.690374913688829	0.448081059024295	-1.68540061352814
0.0515758	-0.0147797	0.266082	0.00036262	-0.000569956	0.00148385	2.38000000000044e-05	-0.0547054	0.036378	0.0004586435	-0.000111051	-5.97099999999999e-05	0.122577425	0.0274493255	-0.0236081307	-0.0521934471	-0.0310967934	0.0196003187	0.0516402525	0.0345247919	-0.015454175	-0.0507226006	-0.0377091275	0.0111989617	0.0494469678	0.0406273263	-0.0068647103	-0.0478223571	-0.0432587929	0.0024820104	0.0458602343	0.0455849554	0.0019182066	-0.0435744473	-0.0174629534	-0.0954263386	0.0183394304	0.0249552417	0.0144989335	0.0014098516	-0.0617675559	0.0386114925	0.0184596149	-0.024526683	-0.426606853418968	0.39068412608207	0.448081059024295	-1.68540061352814
0.0488025	0.0441531	0.249726	-2.51472e-05	-0.000574637	0.00143195	-0.00277330000000001	0.0589328	-0.016356	-0.0003877672	-4.68100000000009e-06	-5.19000000000001e-05	0.10027951	0.027256828	-0.0240102362	-0.0522459219	-0.0303656657	0.0206422981	0.0518495163	0.0333210373	-0.0171700353	-0.0511910666	-0.0361080066	0.0136109962	0.0502739006	0.0387124883	-0.009983168	-0.0491026536	-0.0411213197	0.0063048856	0.0476832451	0.0433223267	-0.0025947387	-0.0460228486	0.0496900267	0.0029452942	0.0250383252	-0.0015990655	-0.029669834	0.0101241494	-0.0227196846	-0.0168635198	-0.0514371887	0.0094748819	-0.803472285027986	0.271590119128289	0.448081059024295	-1.68540061352814
0.0515603	0.00207911	0.269444	0.000227793	-0.000518338	0.00161519	0.00275780000000001	-0.04207399	0.019718	0.0002529402	5.6299e-05	0.00018324	0.08917375	0.0270638244	-0.024410558	-0.0522896643	-0.0296255153	0.021674694	0.0520241169	0.0320869629	-0.0188654898	-0.0515825363	-0.0344398384	0.0159924506	0.0509664168	0.0366761804	-0.0130652981	-0.050177843	-0.0387884217	0.0100939368	0.0492194833	0.0407694154	-0.0070884207	-0.0480945804	0.0322726913	-0.0522847435	-0.0498284146	-0.0205680103	-0.0006571648	0.0052868838	0.0062365958	0.0116413207	-0.02698716	-0.068911435	0.059720525233104	0.625522434100455	0.448081059024295	0.592443852028073
0.0382265	0.0838226	0.260204	-0.000391378	-0.000409113	0.00166321	-0.0133338	0.08174349	-0.00924000000000003	-0.000619171	0.000109225	4.802e-05	0.14313809	0.0268703181	-0.0248090665	-0.052324667	-0.0288765622	0.0226970271	0.0521639377	0.0308236917	-0.0205385235	-0.051896421	-0.0327077205	0.0183379745	0.0515226647	0.0345247919	-0.016099885	-0.051043434	-0.0362711858	0.0138288366	0.0504597097	0.0379433273	-0.0115294786	-0.049772687	0.0601588057	-0.0035880922	0.0113179919	-0.0298736208	0.0502588649	-0.0292763767	0.039598806	-0.0031603709	-0.0356017617	-0.0105470108	0.480215519966232	1.18518281661699	-2.22840312389761	0.592443852028073
0.0430603	-0.0356182	0.256466	0.000246476	-0.000820464	0.00156547	0.00483380000000001	-0.1194408	-0.00373800000000002	0.000637854	-0.000411351	-9.774e-05	0.18535985	0.0266763128	-0.0252057321	-0.0523509242	-0.0281190288	0.0237088227	0.0522688852	0.0295323731	-0.0221871482	-0.0521322486	-0.0309148693	0.0206422981	0.0519411573	0.0322650733	-0.0190758861	-0.0516958108	-0.0335815749	0.0174895484	0.0513964655	0.0348629988	-0.015884942	-0.051043434	-0.0305852352	-0.0056820775	0.0073686317	-0.0818190439	0.0024373523	0.0369628859	-0.0062181049	0.0062542455	0.017538085	-0.0286177217	0.44255811833562	0.371882698481127	-2.22840312389761	0.592443852028073
0.0427552	0.00479127	0.277158	0.00017555	-0.000453245	0.00156547	-0.00030510000000001	0.04040947	0.020692	-7.0926e-05	0.000367219	0	0.08331382	0.0264818121	-0.0256005252	-0.0523684314	-0.0273531403	0.024709611	0.0523388891	0.028214182	-0.0238094045	-0.0522896643	-0.0290646136	0.0229002443	0.0522207755	0.0299041152	-0.0219824722	-0.0521322486	-0.030732371	0.0210564335	0.0520241169	0.0315490697	-0.0201224762	-0.051896421	-0.0469722978	-0.0679770139	0.0187454587	-0.0690547478	-0.0471422733	0.0490422689	-0.0459575044	0.0116039665	0.0327765506	-0.0801577456	0.499050394834566	0.439484810436985	0.448081059024295	0.592443852028073
0.0515168	-0.0255925	0.291781	0.000546544	-0.000671592	0.00181533	0.00876160000000001	-0.03038377	0.014623	0.000370994	-0.000218347	0.00024986	0.09572842	0.0262868196	-0.0259934166	-0.0523771858	-0.0265791242	0.0256989275	0.0523739028	0.0268703181	-0.0254033645	-0.0523684314	-0.0271603893	0.0251067401	0.0523607718	0.0274493255	-0.0248090665	-0.0523509242	-0.0277371148	0.0245103563	0.0523388891	0.028023745	-0.0242106219	-0.052324667	0.05584548	-0.08059553	-0.0195649658	0.0517930399	-0.0224007609	-0.0321365177	-0.0401224876	0.0409212684	-0.0538182237	-0.0098588682	0.489262977272726	1.01042950680544	0.448081059024295	-1.68540061352814
0.0515251	0.0196811	0.279107	0.000173536	-0.000820464	0.00192061	8.29999999999581e-06	0.0452736	-0.012674	-0.000373008	-0.000148872	0.00010528	0.0893139	0.0260913389	-0.0263843771	-0.0523771858	-0.0257972105	0.0266763128	0.0523739028	0.0255020041	-0.0269671338	-0.0523684314	-0.0252057321	0.027256828	0.0523607718	0.0249084068	-0.0275453833	-0.0523509242	-0.0246100408	0.0278327876	0.0523388891	0.0243106464	-0.0281190288	-0.052324667	0.101151312	0.0034166641	-0.003633875	-0.0240359131	-0.0086886228	-0.0587066283	0.0648235976	0.0110744587	-0.041597406	-0.0290533791	0.248552393565841	-0.031181612870035	0.448081059024295	-1.68540061352814
0.0515056	0.0174163	0.291782	1.37207e-05	-0.000820464	0.00200509	-1.94999999999917e-05	-0.0022648	0.012675	-0.0001598153	0	8.44800000000003e-05	0.027174065	0.0258953737	-0.0267733776	-0.0523684314	-0.0250076315	0.0276413132	0.0523388891	0.024110485	-0.028498854	-0.0522896643	-0.0232042715	0.0293456776	0.0522207755	0.0222893319	-0.0301814655	-0.0521322486	-0.0213660101	0.0310059033	0.0520241169	0.0204346535	-0.0318186811	-0.051896421	0.0282934074	-0.0536181267	-0.0385762675	-0.047228677	0.0546308709	-0.049265837	-0.0084541095	0.0009048103	0.0304912186	-0.0931899776	-0.123924521151233	-0.04924956785797	0.448081059024295	-1.68540061352814
0.059332	0.0170863	0.252357	0.00071005	-0.000820464	0.00172435	0.0078264	-0.000330000000000004	-0.039425	0.0006963293	0	-0.00028074	0.096434865	0.0256989275	-0.0271603893	-0.0523509242	-0.0242106219	0.0285934806	0.0522688852	0.0226970271	-0.0299967047	-0.0521322486	-0.0211597241	0.0313685957	0.0519411573	0.0196003187	-0.0327077205	-0.0516958108	-0.0180204398	0.0340126806	0.0513964655	0.0164217376	-0.0352821126	-0.051043434	0.0343316656	-0.0212679646	0.0707599431	0.0030731407	0.0132969913	-0.0741227351	0.027037157	0.0427413213	-0.0145071965	-0.0026104658	-0.222400666939809	-0.163398167073928	-2.22840312389761	0.592443852028073
0.0584588	0.0555551	0.26863	0.000352577	-0.000820464	0.00181024	-0.000873199999999998	0.0384688	0.016273	-0.000357473	0	8.58900000000001e-05	0.07778315	0.0255020041	-0.0275453833	-0.052324667	-0.0234064185	0.0295323731	0.0521639377	0.0212629165	-0.0314589057	-0.051896421	-0.0190758861	0.0333210373	0.0515226647	0.0168498047	-0.0351149558	-0.051043434	-0.0145892291	0.0368369888	0.0504597097	0.0122987873	-0.0384836111	-0.049772687	0.0164121565	-0.0101289125	0.0858641094	-0.0129631629	-0.0898244664	0.0747758517	-0.0204737057	0.0034118507	-0.0210337021	-0.0306111723	-1.23071058047775	-0.698783880537883	-2.22840312389761	0.592443852028073
0.0651811	0.0133694	0.273448	0.000500904	-0.000671615	0.0018595	0.0067223	-0.0421857	0.00481799999999999	0.000148327	0.000148849	4.92599999999998e-05	0.0710478	0.025304607	-0.0279283311	-0.0522896643	-0.0225952602	0.0304575546	0.0520241169	0.0198094581	-0.0328837193	-0.0515825363	-0.0169566271	0.0351986159	0.0509664168	0.0140464202	-0.0373944116	-0.050177843	-0.0110886847	0.0394636764	0.0492194833	0.0080934286	-0.0413994086	-0.0480945804	0.0588420732	-0.0289780446	-0.0561636689	-0.0295763101	-0.0201789715	-0.020273209	0.014388838	0.0193136303	-0.0645570098	-0.029836045	-1.41771338560109	-1.01621512092796	-2.22840312389761	0.592443852028073
0.0696915	0.0467629	0.250617	0.000229773	-0.000475457	0.00200509	0.00451039999999998	0.0333935	-0.022831	-0.000271131	0.000196158	0.00014559	0.09137885	0.0251067401	-0.0283092043	-0.0522459219	-0.021777388	0.0313685957	0.0518495163	0.0183379745	-0.0342694522	-0.0511910666	-0.0148058821	0.0369971132	0.0502739006	0.0111989617	-0.0395377932	-0.0491026536	-0.0075354425	0.0418786518	0.0476832451	0.0038338396	-0.0440078585	-0.0460228486	-0.0112254554	-0.0610500425	-0.0340945706	-0.0280685845	0.0130992298	-0.0021772675	0.0196591286	0.0483577266	0.0364226491	-0.0798695278	-0.995796506455727	-0.915152917609191	-2.22840312389761	0.592443852028073
0.0660876	0.00214943	0.0430335	0.00306735	-0.000261314	0.00200509	-0.00360389999999998	-0.04461347	-0.2075835	0.002837577	0.000214143	0	0.40838687	0.0249084068	-0.0286879745	-0.0521934471	-0.0209530451	0.0322650733	0.0516402525	0.0168498047	-0.0356144575	-0.0507226006	-0.0126276447	0.0387124883	0.0494469678	0.0083163637	-0.0415373011	-0.0478223571	-0.0039463888	0.0440689593	0.0458602343	-0.0004514381	-0.0462895956	-0.0435744473	-0.002587028	0.0696258198	-0.0225499956	0.0710386662	0.0751183379	-0.026064591	0.0667487914	-0.0698328021	0.0151808141	0.1166722696	1.00889412406307	-0.843243042486999	0.448081059024295	0.592443852028073
0.0670904	-0.00359035	0.0888361	0.00246337	-0.000101049	0.00200509	0.00100279999999998	-0.00573978	0.0458026	-0.00060398	0.000160265	0	0.09075743	0.024709611	-0.0290646136	-0.0521322486	-0.0201224762	0.0331465714	0.0513964655	0.0153463027	-0.0369171367	-0.050177843	-0.0104259597	0.0403408874	0.0484878293	0.005407671	-0.0433856593	-0.0463423012	-0.0003385804	0.0460228486	0.0437614146	-0.0047336909	-0.0482276804	-0.0407694154	-0.1019469644	0.0497118318	-0.0407293298	-0.0150486334	0.0845179456	0.01218841	-0.0334995653	-0.0612906947	0.0555217106	0.0819215317	-0.747902720754	-1.1173990932052	0.448081059024295	-1.68540061352814
0.0517056	0.0380925	0.0764123	0.00217133	-0.000261314	0.00200509	-0.0153848	0.04168285	-0.0124238	-0.00029204	-0.000160265	0	0.0921067	0.0245103563	-0.0294390937	-0.0520623368	-0.0192859283	0.0340126806	0.0511183183	0.0138288366	-0.0381759417	-0.0495576132	-0.0082049152	0.0418786518	0.0473990497	0.0024820104	-0.0450761418	-0.0446686685	0.0032708371	0.0477298374	0.0413994086	-0.0089842256	-0.0498077248	-0.0376307102	-0.0958324951	0.0248421427	0.0405321073	0.0562831836	-0.0020754858	0.0008517234	-0.0539717514	0.0620183863	0.0469969541	0.0782565758	-0.140634595670153	-1.11742924079782	0.448081059024295	-1.68540061352814
0.0342909	-0.00404446	0.153952	0.00173613	-0.000261314	0.00159901	-0.0174147	-0.04213696	0.0775397	-0.0004352	0	-0.00040608	0.17915536	0.0243106464	-0.0298113868	-0.0519837232	-0.0184436498	0.0348629988	0.0508059967	0.0122987873	-0.0393893764	-0.048862844	-0.0059686353	0.0433223267	0.0461835398	-0.0004514381	-0.0466025972	-0.0428084497	0.0068647103	0.0491807684	0.0387884217	-0.0131745611	-0.0510179984	-0.0341840202	-0.0163521518	0.0691300186	0.0174539796	0.0340791625	-0.0500943039	0.0610356136	0.0117161249	-0.0552146731	0.0167307495	0.0342538179	-0.375034988480286	-0.334072403224148	0.448081059024295	-1.68540061352814
0.0317468	-0.0110544	0.145295	0.00203142	-0.000327289	0.00159604	-0.0025441	-0.00700994	-0.008657	0.00029529	-6.5975e-05	-2.97000000000014e-06	0.03642279	0.024110485	-0.0301814655	-0.051896421	-0.0175958911	0.0356971313	0.0504597097	0.010757547	-0.0405559987	-0.0480945804	-0.0037212726	0.0446686685	0.0448445497	-0.0033834701	-0.0479594708	-0.0407694154	0.0104259597	0.0503678575	0.0359441567	-0.01727662	-0.0518495163	-0.0304575546	-0.032979274	0.007174361	-0.0627874541	-0.0153616472	-0.0346156837	0.024579284	-0.0770278826	-0.0166556803	-0.0175513077	-0.0036024117	0.382281764736122	-0.857251646817668	0.448081059024295	-1.68540061352814
0.0454617	0.00798748	0.155318	0.00160953	-0.000154418	0.00200509	0.0137149	0.01904188	0.010023	-0.00042189	0.000172871	0.00040905	0.09297033	0.0239098759	-0.030549302	-0.0518004449	-0.016742904	0.0365146908	0.0500796887	0.009206518	-0.0416744222	-0.0472539781	-0.0014670001	0.0459146523	0.0433856593	-0.0063048856	-0.0491418251	-0.0385600826	0.0139376608	0.0512847364	0.0328837193	-0.0212629165	-0.0522961052	-0.0264818121	-0.0148538627	-0.0262561019	-0.0731596824	0.0804703995	-0.0066110619	0.0460442591	0.0230379722	0.0133633794	-0.0123319915	0.0515257297	0.602361441548975	-1.26572525485582	0.448081059024295	0.592443852028073
0.0512727	-0.0168585	0.165109	0.0016625	-0.000406931	0.00200509	0.005811	-0.02484598	0.00979099999999997	5.29699999999998e-05	-0.000252513	0	0.05572213	0.0237088227	-0.0309148693	-0.0516958108	-0.015884942	0.0373152977	0.0496661877	0.0076471118	-0.0427433176	-0.0463423012	0.0007899965	0.0470574788	0.0418107693	-0.009206518	-0.0501453577	-0.0361896802	0.0173831246	0.0519264863	0.0296255153	-0.0251067401	-0.0523544498	-0.0222893319	0.035295193	0.0456818357	-0.0122385149	0.0099102178	0.0055368256	-0.0759987966	0.0440778847	-0.057028537	0.0114671046	0.0220691476	-0.414521762022945	-1.13317115573925	0.448081059024295	0.592443852028073
0.0546469	0.0331375	0.156519	0.00166404	-0.000391289	0.00200509	0.00337420000000001	0.049996	-0.00858999999999996	1.54000000000018e-06	1.5642e-05	0	0.0628193	0.0235073292	-0.03127814	-0.0515825363	-0.0150222601	0.0380985803	0.0492194833	0.0060807472	-0.0437614146	-0.0453609212	0.0030455261	0.0480945804	0.0401240904	-0.0120792627	-0.0509664168	-0.0336681095	0.0207459769	0.0522896643	0.02618914	-0.0287823352	-0.0520241169	-0.0179144269	-0.0369363213	0.0196858012	-0.0350832332	-0.0025003717	-0.0201098375	0.0792465475	0.0084242096	-0.04500604	-0.013726846	0.0155154795	-0.293859774085361	-1.05119032088314	0.448081059024295	0.592443852028073
0.0505564	0.00178493	0.223229	0.00150495	-0.000183737	0.00200509	-0.0040905	-0.03135257	0.06671	-0.00015909	0.000207552	0	0.12048517	0.0233053991	-0.0316390872	-0.0514606403	-0.0141551145	0.0388641751	0.048739874	0.0045088495	-0.0447275033	-0.044311314	0.0052954007	0.049023627	0.0383301323	-0.0149141057	-0.0516020147	-0.0310059033	0.0240102362	0.0523723222	0.0225952602	-0.0322650733	-0.0513075588	-0.013392903	0.0187053617	-0.0480266909	-9.75193e-05	0.0436494409	0.029861432	-0.0411862047	-0.0272876472	0.0435025724	0.0072141995	0.0065147562	0.701020339307165	-1.03226473719628	0.448081059024295	0.592443852028073
0.0317633	0.0924792	0.191824	0.000742341	-0.000694808	0.00176257	-0.0187931	0.09069427	-0.031405	-0.000762609	-0.000511071	-0.00024252	0.21670237	0.0231030362	-0.0319976841	-0.0513301431	-0.0132837629	0.0396117264	0.0482276804	0.0029328492	-0.0456404355	-0.0431950583	0.0075354425	0.0498425313	0.0364336915	-0.017702152	-0.0520498384	-0.028214182	0.0271603893	0.0521740164	0.0188654898	-0.0355316183	-0.0502100954	-0.0087617663	0.0275464722	0.0533289068	0.0065571935	-0.0239971835	0.0183245582	-0.0049360174	0.0124969549	-0.0250155473	0.0073786373	0.0083461227	0.563776388450981	-1.03861765607795	0.448081059024295	0.592443852028073
0.0317874	-0.010398	0.191838	0.00115291	-0.000694808	0.00160133	2.40999999999991e-05	-0.1028772	1.4000000000014e-05	0.000410569	0	-0.00016124	0.13150575	0.0229002443	-0.032353904	-0.0511910666	-0.0124084642	0.0403408874	0.0476832451	0.0013541801	-0.0464991262	-0.0420138333	0.0097614921	0.0505494535	0.0344398384	-0.0204346535	-0.0523082586	-0.025304607	0.0301814655	0.0516958108	0.0150222601	-0.0385600826	-0.048739874	-0.0040589197	-0.0481247998	0.0186186548	0.0232121861	-0.0563042512	-0.0042544487	0.0414466418	-0.0458045633	0.0202443317	0.0257202416	-0.032770703	0.59547829853127	-1.03842512092101	0.448081059024295	0.592443852028073
0.0404412	-0.00178431	0.255271	0.0012748	-0.000330634	0.00173201	0.00865379999999999	0.00861369	0.063433	0.00012189	0.000364174	0.00013068	0.11153769	0.0226970271	-0.0327077205	-0.051043434	-0.0115294786	0.0410513194	0.0471069319	-0.0002257211	-0.047302555	-0.0407694154	0.011969416	0.0511428052	0.032353904	-0.0231030362	-0.0523763346	-0.0222893319	0.0330591074	0.050940271	0.0110886847	-0.0413301739	-0.0469078096	0.0006771467	0.0077287233	0.0074693922	0.0311233496	-0.0721456201	-0.080731325	0.0350952519	-0.0441370325	-0.0416177737	-0.014427753	-0.0601236619	0.800062337055711	-0.977493337923551	0.448081059024295	0.592443852028073
0.0363928	0.0116189	0.22921	0.00117079	-0.000694808	0.00206427	-0.00404839999999999	0.01340321	-0.026061	-0.00010401	-0.000364174	0.00033226	0.08353481	0.0224933884	-0.0330591074	-0.0508872699	-0.0106470671	0.0417426926	0.0464991262	-0.001805417	-0.0480497669	-0.0394636764	0.0141551145	0.0516212534	0.0301814655	-0.0256989275	-0.0522538189	-0.0191809517	0.0357796393	0.04991145	0.0070884207	-0.043823331	-0.0447275033	0.005407671	0.0290530545	-0.056085316	-0.0539841895	0.0078858521	-0.0625856826	0.0255385931	-0.0126160433	-0.0129441988	-0.0982412972	-0.0316677742	-1.59343249141138	-1.0390604068189	0.448081059024295	0.592443852028073
0.0404082	-0.00132278	0.241685	0.00106815	-0.000594183	0.00184458	0.0040154	-0.01294168	0.012475	-0.00010264	0.000100625	-0.00021969	0.05057983	0.0222893319	-0.0334080384	-0.0507226006	-0.0097614921	0.0424146861	0.0458602343	-0.0033834701	-0.048739874	-0.0380985803	0.016314529	0.0519837232	0.0279283311	-0.028214182	-0.0519411573	-0.0159924506	0.0383301323	0.0486148674	0.0030455261	-0.0460228486	-0.0422151417	0.0100939368	0.0528567346	-0.0473661703	-0.007599407	0.0413765054	-0.0006787124	-0.0348748329	0.0401935354	-0.0012793173	0.0026477991	-0.0291302754	0.694507330768458	-1.03654705663907	0.448081059024295	0.592443852028073
0.0398713	-0.00806613	0.239408	0.000932482	-0.000694808	0.00210903	-0.000536899999999993	-0.00674335	-0.002277	-0.000135668	-0.000100625	0.00026445	0.0345944	0.0220848615	-0.0337544877	-0.0505494535	-0.0088730165	0.0430669878	0.0451906832	-0.0049584444	-0.0493720561	-0.0366761804	0.0184436498	0.0522294002	0.0256005252	-0.0306409077	-0.0514394875	-0.0127371473	0.0406984653	0.0470574788	-0.0010156846	-0.0479139886	-0.0393893764	0.0146975897	0.048730891	0.0222594367	0.0014110981	-0.0512372086	-0.0402389035	-0.0376646491	-0.0009906898	-0.0608726837	-0.0213406121	-0.0316911449	0.674228036194342	-1.00848894782862	0.448081059024295	0.592443852028073
0.0406249	0.0304187	0.233281	0.000800009	-0.000694808	0.00198845	0.0007536	0.03848483	-0.00612699999999999	-0.000132473	0	-0.00012058	0.05801808	0.0218799809	-0.0340984296	-0.0503678575	-0.0079819045	0.043699295	0.0444909208	-0.0065289069	-0.0499455618	-0.0351986159	0.0205385235	0.0523577323	0.0232042715	-0.0329714899	-0.050750635	-0.0094286395	0.0428733831	0.0452476394	-0.0050707869	-0.0494840794	-0.0362711858	0.0191809517	-0.0131276544	-0.0421558845	-0.0384833609	-0.0222587676	-0.0410331861	0.0521943493	-0.0018819582	0.0001807627	-0.0134864686	-0.0620809104	0.978739431671472	-0.910870169861219	0.448081059024295	0.592443852028073
0.0522389	-0.0283367	0.224955	0.00126099	-0.000585874	0.0022387	0.011614	-0.0587554	-0.00832599999999997	0.000460981	0.000108934	0.00025025	0.11970365	0.021674694	-0.0344398384	-0.050177843	-0.0070884207	0.044311314	0.0437614146	-0.0080934286	-0.0504597097	-0.0336681095	0.0225952602	0.0523684314	0.0207459769	-0.0351986159	-0.0498771065	-0.0060807472	0.0448445497	0.0431950583	-0.0090953929	-0.0507226006	-0.0328837193	0.0235073292	0.0344025381	-0.0419538028	0.008328679	0.0513343963	-0.016788862	-0.0249511174	-0.017852622	0.019854449	-0.0072548619	0.0109435181	-0.509823827150085	-0.996487952124623	0.448081059024295	0.592443852028073
0.0629511	0.00820663	0.210276	0.000879048	-0.000694808	0.00218519	0.0107122	0.03654333	-0.014679	-0.000381942	-0.000108934	-5.35099999999997e-05	0.08915383	0.0214690046	-0.0347786889	-0.0499794418	-0.0061928308	0.0449027607	0.0430026525	-0.0096505858	-0.0509138886	-0.0320869629	0.0246100408	0.0522614734	0.0182322141	-0.0373152977	-0.0488220806	-0.0027074549	0.0466025972	0.0409107473	-0.0130652981	-0.0516212534	-0.0292521253	0.0276413132	0.029670245	0.0296117224	-0.0310738409	-0.0265739967	-0.0322753806	0.011120183	0.0184458553	-0.0309127499	-0.0128681646	-0.0100336541	-0.696383952671355	-1.06006985392694	0.448081059024295	0.592443852028073
0.062815	-0.0322918	0.199743	0.00133728	-0.000534077	0.0022387	-0.0001361	-0.04049843	-0.010533	0.000458232	0.000160731	5.35099999999997e-05	0.08479118	0.0212629165	-0.0351149558	-0.049772687	-0.0052954007	0.0454733605	0.0422151417	-0.0111989617	-0.0513075588	-0.0304575546	0.0265791242	0.0520370985	0.015669704	-0.0393148935	-0.0475893965	0.0006771467	0.0481391707	0.0384069609	-0.0169566271	-0.0521740164	-0.0254033645	0.0315490697	-0.0104459679	-0.03148486	-0.0296099071	0.0058082758	0.013819365	-0.0561909233	-0.037344166	0.0239687648	0.0117417672	-0.0088350925	-2.17119049523969	-0.779164109001811	0.448081059024295	0.592443852028073
0.0505801	0.0363984	0.200368	0.000819294	-0.000638324	0.00216033	-0.0122349	0.0686902	0.000625000000000014	-0.000517986	-0.000104247	-7.83699999999999e-05	0.11658025	0.0210564335	-0.0354486142	-0.0495576132	-0.0043963972	0.0460228486	0.0413994086	-0.0127371473	-0.0516402525	-0.0287823352	0.028498854	0.0516958108	0.0130652981	-0.0411911291	-0.0461835398	0.0040589197	0.0494469678	0.0356971313	-0.0207459769	-0.0523771858	-0.0213660101	0.0351986159	0.0464843657	0.0313753021	-0.00846159	-0.0028207008	0.0051301133	-0.0164112648	0.0607244463	-0.0221722008	-0.0007610473	0.011165853	-0.299415186999503	-0.789966504652793	0.448081059024295	0.592443852028073
0.0741954	-0.0337662	0.152388	0.00182749	-0.000694808	0.0022387	0.0236153	-0.0701646	-0.04798	0.001008196	-5.6484e-05	7.83699999999999e-05	0.1989124	0.0208495594	-0.0357796393	-0.0493342563	-0.0034960873	0.0465509697	0.0405559987	-0.014263743	-0.0519115742	-0.0270638244	0.0303656657	0.0512383773	0.0104259597	-0.0429381175	-0.0446096262	0.0074237382	0.0505197734	0.0327957961	-0.024410558	-0.0522294002	-0.0171700353	0.0385600826	-0.0536087552	-0.0124437527	-0.025979992	0.0140882109	0.0543097018	-0.0505941975	-0.0046679988	0.0342298215	0.0134651473	0.0432989339	0.016935881265807	-0.756973743656157	0.448081059024295	0.592443852028073
0.0665507	0.058896	0.148102	0.000820148	-0.000817833	0.0022387	-0.00764469999999999	0.0926622	-0.00428600000000001	-0.001007342	-0.000123025	0	0.16111125	0.0206422981	-0.0361080066	-0.0491026536	-0.0025947387	0.0470574788	0.0396854757	-0.0157773596	-0.0521212014	-0.025304607	0.0321760928	0.0506658255	0.0077587455	-0.0445503769	-0.0428733831	0.010757547	0.051352489	0.0297185201	-0.0279283311	-0.0517316498	-0.0128465907	0.0416059582	-0.0159839321	0.0208357432	0.0534969273	0.0629683229	0.0041787792	0.0267782823	0.061070958	0.069307366	0.0253575547	0.0503478185	-0.612907051307779	-0.749858751559232	0.448081059024295	0.592443852028073
0.0535213	0.0156856	0.148088	0.000925552	-0.00109982	0.0022387	-0.0130294	-0.0432104	-1.4000000000014e-05	0.000105404	-0.000281987	0	0.07562335	0.0204346535	-0.0364336915	-0.048862844	-0.0016926191	0.0475421407	0.0387884217	-0.01727662	-0.0522688852	-0.0235073292	0.0339267737	0.0499794418	0.0050707869	-0.0460228486	-0.0409811285	0.0140464202	0.0519411573	0.0264818121	-0.03127814	-0.0508872699	-0.0084277735	0.044311314	-0.0214586299	0.0243254705	-0.0230003431	0.0020236334	0.0313594142	-0.0183403512	-0.0204111219	0.0125410968	0.0006590355	0.0291220322	0.506915829688946	-1.05819802403118	0.448081059024295	0.592443852028073
0.053437	0.0483851	0.148113	0.00059001	-0.000703696	0.0022387	-8.43000000000094e-05	0.0326995	2.5000000000025e-05	-0.000335542	0.000396124	0	0.0693921	0.0202266294	-0.0367566699	-0.0486148674	-0.0007899965	0.0480047303	0.0378654364	-0.0187601599	-0.0523544498	-0.021674694	0.0356144575	0.0491807684	0.0023692706	-0.0473509122	-0.0389397479	0.01727662	0.0522829807	0.0231030362	-0.0344398384	-0.0497019183	-0.0039463888	0.0466540082	-0.0842486715	-0.0482528294	0.0488140664	0.0505162042	0.027106805	0.0579111295	0.0338923954	0.0838479557	0.0707658584	0.0112878825	0.924067574707684	-1.11262686302747	0.448081059024295	0.592443852028073
0.0433414	0.0120921	0.173261	0.000960552	-0.00122133	0.0022387	-0.0100956	-0.036293	0.025148	0.000370542	-0.000517634	0	0.1159454	0.0200182296	-0.0370769179	-0.0483587652	0.0001128608	0.0484450328	0.0369171367	-0.0202266294	-0.0523777937	-0.0198094581	0.0372360105	0.0482715996	-0.0003385804	-0.0485304007	-0.0367566699	0.0204346535	0.0523763346	0.0196003187	-0.0373944116	-0.0481835374	0.0005642937	0.0486148674	0.0245078426	0.050740774	0.0452566916	0.0128838714	-0.0259016417	0.0116969208	-0.0074290691	-0.05538963	0.0354560309	0.0308089661	0.41950729135746	-1.08080540436798	0.448081059024295	0.592443852028073
0.0535485	0.00821316	0.163904	0.000987254	-0.00129149	0.0022387	0.0102071	-0.00387894	-0.009357	2.6702e-05	-7.01599999999999e-05	0	0.02828614	0.0198094581	-0.0373944116	-0.0480945804	0.0010156846	0.048862844	0.0359441567	-0.021674694	-0.0523388891	-0.0179144269	0.0387884217	0.0472539781	-0.0030455261	-0.0495576132	-0.0344398384	0.0235073292	0.0522207755	0.0159924506	-0.0401240904	-0.0463423012	0.0050707869	0.050177843	0.0331310506	0.0467048483	0.0258994401	0.0372942215	-0.0575819534	0.0222326048	0.0364083517	-0.0234988091	-0.0589755521	0.0273135578	0.506875080938964	-0.93383155490855	0.448081059024295	0.592443852028073
0.0535049	0.00809558	0.176448	0.000333339	-0.0010429	0.0022387	-4.35999999999978e-05	-0.000117580000000003	0.012544	-0.000653915	0.00024859	0	0.05783043	0.0196003187	-0.0377091275	-0.0478223571	0.0019182066	0.0492579697	0.0349471469	-0.0231030362	-0.0522377823	-0.0159924506	0.0402688086	0.0461301902	-0.0057443291	-0.0504293264	-0.0319976841	0.0264818121	0.0518170426	0.0122987873	-0.0426124582	-0.044190547	0.0095396348	0.0513301431	0.0298552249	0.0496926701	-0.0451088165	-0.0043777679	-0.0247090432	0.0241305114	-0.0092278377	-0.0765823088	-0.0322036468	-0.0018133668	0.040790569948147	-0.905123165026356	0.448081059024295	0.592443852028073
0.0535358	0.00818424	0.144271	0.000743331	-0.00122133	0.0022387	3.09000000000073e-05	8.86600000000026e-05	-0.032177	0.000409992	-0.00017843	0	0.06171766	0.0193908153	-0.0380210421	-0.0475421407	0.0028201586	0.0496302266	0.0339267737	-0.0245103563	-0.0520745933	-0.0140464202	0.0416744222	0.0449027607	-0.0084277735	-0.0511428052	-0.0294390937	0.0293456776	0.0511670547	0.0085391442	-0.0448445497	-0.0417426926	0.0139376608	0.0520623368	-0.0224906112	0.0001129398	-0.027623836	0.0495963044	0.0042375508	-0.013966778	-0.020663019	0.0134605397	-0.0480199137	0.0501757973	0.126090977873393	-0.875484668523634	0.448081059024295	0.592443852028073
0.0555554	0.0222905	0.172128	0.000780588	-0.000718457	0.0022387	0.00201959999999999	0.01410626	0.027857	3.72570000000002e-05	0.000502873	0	0.07098936	0.0191809517	-0.0383301323	-0.0472539781	0.0037212726	0.0499794418	0.0328837193	-0.0258953737	-0.0518495163	-0.0120792627	0.0430026525	0.0435744473	-0.0110886847	-0.0516958108	-0.0267733776	0.0320869629	0.0502739006	0.0047336909	-0.0468069407	-0.03901514	0.0182322141	0.0523684314	-0.0871276956	-0.0360111837	-0.0175898639	-0.017921727	0.0075895699	0.0655736284	-0.0129820657	0.0547035668	0.0342654337	0.0126754194	-0.563260873508374	-0.721071042853194	0.448081059024295	0.592443852028073
0.0535358	0.0148089	0.172107	0.000950379	-0.00122133	0.0022387	-0.00201959999999999	-0.0074816	-2.1000000000021e-05	0.000169791	-0.000502873	0	0.0431554	0.018970732	-0.0386363752	-0.0469579174	0.004621281	0.0503054532	0.0318186811	-0.027256828	-0.0515628185	-0.0100939368	0.0442510332	0.0421482344	-0.0137199483	-0.0520866082	-0.0240102362	0.0346942175	0.0491418251	0.0009028426	-0.0484878293	-0.0360261653	0.0223914121	0.0522459219	0.022784943	-0.0096890577	0.010474914	0.0593133143	-0.0200557662	0.0272290876	-0.035476457	0.0451284835	-0.0558250497	0.0313731456	1.10063715632251	-0.874856632364751	0.448081059024295	0.592443852028073
0.0717555	0.00817214	0.210949	0.000738329	-0.000755278	0.0022387	0.0182197	-0.00663676	0.038842	-0.00021205	0.000466052	0	0.09760356	0.0187601599	-0.0389397479	-0.0466540082	0.0055199161	0.0506081094	0.030732371	-0.0285934806	-0.0512148408	-0.0080934286	0.0454172463	0.0406273263	-0.016314529	-0.0523139709	-0.0211597241	0.0371565505	0.0477762082	-0.0029328492	-0.0498771065	-0.0327957961	0.0263843771	0.0516958108	0.0696058988	0.0545813837	0.0088552226	0.016254319	-0.0223339058	-0.0341126672	0.0532647281	-0.0007423817	-0.0588867132	0.0037657947	0.588003681233531	-1.11685381129699	0.448081059024295	0.592443852028073
0.0557633	0.0721764	0.197678	1.27092e-05	-0.00105218	0.0022387	-0.0159922	0.06400426	-0.013271	-0.0007256198	-0.000296902	0	0.14439355	0.0185492395	-0.0392402281	-0.0463423012	0.0064169112	0.0508872699	0.0296255153	-0.0299041152	-0.0508059967	-0.0060807472	0.0464991262	0.03901514	-0.0188654898	-0.0523771858	-0.0182322141	0.0394636764	0.0461835398	-0.006752807	-0.0509664168	-0.0293456776	0.0301814655	0.0507226006	0.0097397385	0.0028391131	0.007938163	0.0152352442	0.0552369303	-0.0408740178	0.0289735678	-0.0066681051	-0.0157691042	0.0022574077	0.354595767447569	-0.991048723495177	0.448081059024295	0.592443852028073
0.074455	-0.0276167	0.206271	0.000790932	-0.00105218	0.0022387	0.0186917	-0.0997931	0.00859300000000002	0.0007782228	0	0	0.16598894	0.0183379745	-0.0395377932	-0.0460228486	0.0073119995	0.0511428052	0.028498854	-0.0311875391	-0.0503367722	-0.0040589197	0.0474946641	0.0373152977	-0.0213660101	-0.0522760543	-0.015238359	0.0416059582	0.044371389	-0.0105365379	-0.0517492091	-0.0256989275	0.0337544877	0.0493342563	-0.0807873725	-0.0118568039	0.0160434639	-0.0452713336	0.0507678955	0.0340954304	0.0136354292	0.0689035047	0.0688521798	-0.0074786267	0.574162689156488	-0.942217117303676	0.448081059024295	0.592443852028073
0.070057	0.0260183	0.219493	0.000684885	-0.000550606	0.00234052	-0.00439799999999999	0.053635	0.013222	-0.000106047	0.000501574	0.00010182	0.10672705	0.018126369	-0.0398324213	-0.0456957037	0.0082049152	0.0513745965	0.0273531403	-0.0324425845	-0.0498077248	-0.0020309873	0.0484020114	0.0355316183	-0.0238094045	-0.0520108938	-0.0121890533	0.0435744473	0.0423483678	-0.014263743	-0.0522207755	-0.0218799809	0.0370769179	0.0475421407	-0.082578408	-0.0523300538	0.0223997375	-0.0399480115	-0.0289394851	0.0793120423	-0.0332208163	0.0701005944	0.0779259429	-0.0235348528	-1.73809796270926	-0.882951161393139	0.448081059024295	0.592443852028073
0.080445	-0.0294711	0.202651	0.00105409	-0.000945753	0.00247259	0.010388	-0.0554894	-0.016842	0.000369205	-0.000395147	0.00013207	0.1275405	0.0179144269	-0.0401240904	-0.0453609212	0.0090953929	0.0515825363	0.02618914	-0.0336681095	-0.0492194833	0	0.0492194833	0.0336681095	-0.02618914	-0.0515825363	-0.0090953929	0.0453609212	0.0401240904	-0.0179144269	-0.0523782801	-0.0179144269	0.0401240904	0.0453609212	0.044458984	0.0260451275	-0.0036257054	0.0509762246	0.0006979856	-0.0249692768	0.0094939911	-0.0353179277	-0.0474967566	0.0540132718	0.320393674593795	-0.802283360447999	0.448081059024295	0.592443852028073
0.0711558	0.0130488	0.204119	0.000599871	-0.00105218	0.00252855	-0.00928919999999998	0.0425199	0.001468	-0.000454219	-0.000106427	5.59599999999999e-05	0.0841074	0.017702152	-0.0404127789	-0.045018557	0.009983168	0.051766528	0.0250076315	-0.0348629988	-0.0485727468	0.0020309873	0.0499455618	0.0317289578	-0.028498854	-0.050992326	-0.0059686353	0.0469579174	0.0377091275	-0.0214690046	-0.0522207755	-0.0138288366	0.0428733831	0.0428084497	0.0146570979	0.0323052717	-0.002898957	-0.0055934995	0.0038762213	-0.0120152947	0.0517849371	-0.0481584318	-0.0180462349	0.0108578625	-0.730774045439815	-0.920158645990942	0.448081059024295	0.592443852028073
0.053391	-0.0130624	0.24017	0.000684885	-0.00105218	0.00248307	-0.0177648	-0.0261112	0.036051	8.5014e-05	0	-4.54800000000001e-05	0.0864517	0.0174895484	-0.0406984653	-0.0446686685	0.0108679768	0.0519264863	0.0238094045	-0.0360261653	-0.0478682839	0.0040589197	0.0505788988	0.0297185201	-0.030732371	-0.0502421146	-0.0028201586	0.0483587652	0.0351149558	-0.0249084068	-0.0517492091	-0.0096505858	0.0453043854	0.0399056168	-0.0199077498	-0.002706128	-0.0219895659	-0.0550938292	0.0260076124	-0.0386986668	-0.0369882865	-0.0307403411	0.0466348914	-0.0172913028	0.424696891629723	1.35074337500796	-2.22840312389761	0.592443852028073
0.0598007	0.0301408	0.240488	0.000684885	-0.00121902	0.00248604	0.0064097	0.0432032	0.000318000000000013	0	-0.00016684	2.97000000000014e-06	0.0584214	0.01727662	-0.0409811285	-0.044311314	0.0117495564	0.0520623368	0.0225952602	-0.0371565505	-0.0471069319	0.0060807472	0.0511183183	0.0276413132	-0.0328837193	-0.0493342563	0.0003385804	0.0495576132	0.032353904	-0.028214182	-0.0509664168	-0.005407671	0.0473990497	0.0366761804	-0.0263649694	-0.0061445912	-0.0098900144	-0.0583658547	0.0099957827	0.0142513334	0.0071969925	-0.0139249505	0.0054167391	-0.0340524862	-0.516361531900902	3.42960016926795	-2.22840312389761	0.592443852028073
0.0643367	0.0117346	0.271455	0.000618671	-0.00113146	0.00248443	0.004536	-0.0184062	0.030967	-6.6214e-05	8.756e-05	-1.60999999999998e-06	0.0616784	0.0170633708	-0.0412607473	-0.0439465533	0.0126276447	0.0521740164	0.0213660101	-0.0382531258	-0.0462895956	0.0080934286	0.0515628185	0.0255020041	-0.0349471469	-0.0482715996	0.0034960873	0.0505494535	0.0294390937	-0.0313685957	-0.0498771065	-0.0011285219	0.0491418251	0.0331465714	-0.0105704748	-0.0131673122	-0.0313175481	-0.0661637702	0.0032260053	0.0008291515	-0.0363005742	-0.0569260836	0.0158347856	-0.0435117865	-0.162618854987813	1.92891031648054	-2.22840312389761	0.592443852028073
0.060903	-0.0129247	0.243652	0.00129456	-0.00147874	0.0024385	-0.0034337	-0.0246593	-0.027803	0.000675889	-0.00034728	-4.593e-05	0.10935095	0.0168498047	-0.0415373011	-0.0435744473	0.0135019809	0.0522614734	0.0201224762	-0.0393148935	-0.0454172463	0.0100939368	0.0519115742	0.0233053991	-0.0369171367	-0.0470574788	0.0066408724	0.0513301431	0.0263843771	-0.0343547251	-0.0484878293	0.003158189	0.0505197734	0.0293456776	-0.0026872891	-0.0421164636	-0.0407931072	-0.0079186085	0.042224864	-0.0232163532	-0.0210542278	0.0447660578	0.0099503649	-0.002527486	-0.242729971343448	-0.138825099602679	-2.22840312389761	0.592443852028073
0.0752593	0.0255369	0.242468	0.000855096	-0.000784926	0.00256831	0.0143563	0.0384616	-0.00118400000000002	-0.000439464	0.000693814	0.00012981	0.1171563	0.0166359256	-0.0418107693	-0.0431950583	0.0143723053	0.052324667	0.0188654898	-0.0403408874	-0.0444909208	0.0120792627	0.0521639377	0.0210564335	-0.0387884217	-0.0456957037	0.0097614921	0.051896421	0.0232042715	-0.0371565505	-0.0468069407	0.0074237382	0.0515226647	0.025304607	0.0354611238	-0.0071108318	0.0180797431	0.0315822649	0.0611905845	-0.0658125185	0.0444984934	0.0106961786	0.0114712361	0.0192316689	-0.484274978317	-0.782076151397183	-2.22840312389761	0.592443852028073
0.0574998	0.00172692	0.231484	0.000855096	-0.00107732	0.00252999	-0.0177595	-0.02380998	-0.010984	0	-0.000292394	-3.83199999999997e-05	0.06908918	0.0164217376	-0.0420811315	-0.0428084497	0.015238359	0.0523635681	0.0175958911	-0.0413301739	-0.0435117199	0.0140464202	0.0523194405	0.0187601599	-0.0405559987	-0.044190547	0.0128465907	0.0522459219	0.0199138901	-0.0397590408	-0.0448445497	0.0116395445	0.0521430537	0.0210564335	0.0070300305	0.0601509984	0.0267550217	-0.0618543886	0.0542730083	-0.0328208204	0.0299774648	-0.0263995627	0.0387221888	-0.0090326965	0.213626392994593	-1.02208969331444	-2.22840312389761	0.592443852028073
0.077244	-0.0129385	0.250077	0.00115775	-0.000784926	0.00252999	0.0197442	-0.01466542	0.018593	0.000302654	0.000292394	0	0.08275502	0.0162072446	-0.0423483678	-0.0424146861	0.016099885	0.0523781585	0.016314529	-0.0422818529	-0.0424808075	0.0159924506	0.0523777937	0.0164217376	-0.0422151417	-0.0425467316	0.015884942	0.0523771858	0.01652887	-0.0421482344	-0.0426124582	0.0157773596	0.0523763346	0.0166359256	-0.0067999305	0.0343474914	0.0825452903	-0.0433213343	-0.0190606662	0.0156361519	0.0006384942	0.007949678	0.0166930314	-0.0268356527	0.444281913940897	0.563918152074671	-2.22840312389761	-1.68540061352814
0.0743179	0.0453071	0.271485	0.000230396	-0.000784926	0.00252999	-0.00292610000000001	0.0582456	0.021408	-0.000927354	0	0	0.1289474	0.0159924506	-0.0426124582	-0.0420138333	0.0169566271	0.0523684314	0.0150222601	-0.0431950583	-0.0413994086	0.0179144269	0.0523388891	0.0140464202	-0.0437614146	-0.0407694154	0.0188654898	0.0522896643	0.0130652981	-0.044311314	-0.0401240904	0.0198094581	0.0522207755	0.0120792627	0.0090712936	-0.0074586999	0.0253214222	-0.0136927895	-0.0770289957	0.0702254097	-0.0242243555	0.0115745574	-0.0503159491	-0.0151469996	0.148916760618701	0.552768769328729	-2.22840312389761	0.592443852028073
0.0769986	-0.0421171	0.251397	0.000971515	-0.00121176	0.00252999	0.00268070000000002	-0.0874242	-0.020088	0.000741119	-0.000426834000000001	0	0.16859055	0.0157773596	-0.0428733831	-0.0416059582	0.0178083308	0.0523343914	0.0137199483	-0.0440689593	-0.0402688086	0.0198094581	0.0522027989	0.0116395445	-0.0451906832	-0.0388641751	0.021777388	0.0519837232	0.0095396348	-0.046236675	-0.0373944116	0.0237088227	0.0516775313	0.0074237382	-0.0148430399	-0.0323387704	-0.0756702328	-0.0183600564	0.025777712	0.0071044236	-0.0505279016	-0.0189544538	0.0226948992	-0.0173436906	-0.024785590770155	-0.629023880248868	-2.22840312389761	-1.68540061352814
0.0746157	0.0228299	0.256636	0.000514535	-0.000965744	0.00278626	-0.00238290000000002	0.064947	0.00523900000000005	-0.00045698	0.000246016000000001	0.00025627	0.1205322	0.0155619757	-0.0431311232	-0.0411911291	0.018654743	0.0522760543	0.0124084642	-0.0449027607	-0.039090351	0.021674694	0.0519697758	0.009206518	-0.0464991262	-0.0368369888	0.0246100408	0.0514606403	0.0059686353	-0.0479139886	-0.0344398384	0.0274493255	0.050750635	0.0027074549	-0.0372486216	-0.0582317713	0.0090183834	-0.0041717434	-0.036428901	-0.0047835838	-0.0390932751	0.024844337	0.0436752048	-0.0078895725	-0.866363658787281	-0.738403144090957	-2.22840312389761	0.592443852028073
0.076071	-0.0140827	0.271561	0.000629167	-0.000980507	0.00267784	0.00145530000000001	-0.0369126	0.014925	0.000114632	-1.47630000000001e-05	-0.00010842	0.06518365	0.0153463027	-0.0433856593	-0.0407694154	0.0194956122	0.0521934471	0.0110886847	-0.0456957037	-0.0378654364	0.0235073292	0.0516402525	0.006752807	-0.0476832451	-0.0346942175	0.0273531403	0.0507226006	0.0023692706	-0.0493342563	-0.03127814	0.0310059033	0.0494469678	-0.0020309873	0.0408378016	-0.0237739306	0.022313262	0.0539830897	-0.0151991742	-0.0263504293	0.0024544456	-0.0385095958	0.0236421115	-0.0201550002	-1.27898797072096	-0.358963496273614	0.448081059024295	-1.68540061352814
0.0791771	-0.00531099	0.257749	0.000514535	-0.00103494	0.00250684	0.0031061	0.00877171	-0.013812	-0.000114632	-5.4433e-05	-0.000171	0.04269306	0.0151303447	-0.0436369724	-0.0403408874	0.0203306886	0.0520866082	0.0097614921	-0.0464470668	-0.0365955205	0.025304607	0.0512148408	0.0042839244	-0.048739874	-0.0324425845	0.0299967047	0.049772687	-0.0012413539	-0.0504898588	-0.0279283311	0.0343547251	0.0477762082	-0.006752807	0.0398851789	0.0069019016	0.0675741862	0.0068595912	-0.043399562	-0.0546401696	0.0155769394	0.002357234	-0.0098898477	-0.0014900106	-1.82614366331318	-0.292278623812172	0.448081059024295	0.592443852028073
0.0695939	0.0297045	0.27153	0.000514535	-0.00121176	0.00284	-0.0095832	0.03501549	0.013781	0	-0.00017682	0.000333159999999999	0.08387869	0.0149141057	-0.043885044	-0.0399056168	0.0211597241	0.0519555872	0.0084277735	-0.0471561663	-0.0352821126	0.0270638244	0.0506943307	0.001805417	-0.0496661877	-0.0300891549	0.0325311144	0.0486148674	-0.0048460789	-0.0513745965	-0.024410558	0.0374733519	0.0457507597	-0.0114193591	0.0324158619	-0.014370578	0.0384006849	0.0459157724	-0.0521345976	0.0309885086	0.0117077969	0.0206304556	0.0033861226	-0.0127434119	-1.32772532791471	-0.182882425442376	0.448081059024295	-1.68540061352814
0.0921917	-0.0139678	0.271549	0.000958939	-0.00121176	0.00237396	0.0225978	-0.0436723	1.89999999999912e-05	0.000444404	0	-0.00046604	0.1118113	0.0146975897	-0.0441298556	-0.0394636764	0.0219824722	0.0518004449	0.0070884207	-0.0478223571	-0.0339267737	0.0287823352	0.0500796887	-0.0006771467	-0.0504597097	-0.0276413132	0.0349471469	0.0472539781	-0.0084277735	-0.0519837232	-0.0207459769	0.0403408874	0.0433856593	-0.0159924506	0.0688689497	0.0272236809	0.0097553193	0.0157337229	-0.0105079603	-0.0659378231	-0.0063458298	-0.0289388246	0.0035407712	-0.0099553364	-0.715348791355917	-0.202444511054406	0.448081059024295	-1.68540061352814
0.0767613	0.0624424	0.271591	0.000380627	-0.00121176	0.00243547	-0.0154304	0.0764102	4.19999999999865e-05	-0.000578312	0	6.15099999999999e-05	0.1238737	0.0144808008	-0.044371389	-0.03901514	0.0227986886	0.0516212534	0.0057443291	-0.0484450328	-0.0325311144	0.0304575546	0.0493720561	-0.003158189	-0.0511183183	-0.0251067401	0.0372360105	0.0456957037	-0.011969416	-0.0523139709	-0.0169566271	0.0429381175	0.0406984653	-0.0204346535	0.0200037243	0.0168957132	-0.0013508191	-0.0044769852	0.0082274309	0.019325207	0.020741452	-0.013657526	0.012793787	-0.0058558963	0.661401132327066	-0.386979581757044	0.448081059024295	0.592443852028073
0.0751214	-0.0160963	0.271598	0.000477581	-0.00118267	0.00239904	-0.00163990000000001	-0.0785387	7.00000000003476e-06	9.6954e-05	2.90900000000005e-05	-3.64300000000001e-05	0.0883093	0.014263743	-0.0446096262	-0.0385600826	0.0236081307	0.0514180959	0.0043963972	-0.049023627	-0.0310967934	0.0320869629	0.0485727468	-0.0056321357	-0.0516402525	-0.0224933884	0.0393893764	0.0439465533	-0.015454175	-0.0523635681	-0.0130652981	0.0452476394	0.0377091275	-0.024709611	-0.024547978	-0.0148246512	-0.0233322448	-0.0432041155	0.0292820771	-0.0338714534	-0.0567213152	-0.0087068443	0.0234802146	0.0225162991	0.125097264038618	-0.340960450485751	0.448081059024295	0.592443852028073
0.080195	0.0192013	0.291737	0.00045153	-0.00110042	0.00284	0.00507360000000001	0.0352976	0.020139	-2.6051e-05	8.22500000000001e-05	0.00044096	0.08797325	0.0140464202	-0.0448445497	-0.0380985803	0.024410558	0.0511910666	0.0030455261	-0.0495576132	-0.0296255153	0.0336681095	0.0476832451	-0.0080934286	-0.0520241169	-0.0198094581	0.0413994086	0.0420138333	-0.0188654898	-0.0521322486	-0.0090953929	0.0472539781	0.0344398384	-0.0287823352	-0.0218760574	-0.0135924292	-0.0028721283	-0.0567543675	-0.0083081201	0.0084935298	-0.0407771205	-0.0282811227	0.0237522322	-0.041400642	0.744780174950155	-0.3636931040961	0.448081059024295	0.592443852028073
0.0832729	-0.0238404	0.280334	0.00106687	-0.00124436	0.00244584	0.00307789999999997	-0.0430417	-0.0114029999999999	0.00061534	-0.00014394	-0.00039416	0.1151946	0.0138288366	-0.0450761418	-0.0376307102	0.0252057321	0.050940271	0.0016926191	-0.0500465054	-0.0281190288	0.0351986159	0.0467052026	-0.0105365379	-0.0522688852	-0.0170633708	0.0432587929	0.0399056168	-0.0221871482	-0.0516212534	-0.0050707869	0.04894369	0.0309148693	-0.0326194932	0.015111084	-0.0345083046	-0.0103782582	0.030148093	0.0232324678	-0.0591645442	-0.0445581567	0.0678163238	-0.063537472	0.0226839062	0.506660532596259	-0.220220333458824	0.448081059024295	0.592443852028073
0.0786044	0.0373669	0.251303	0.000668243	-0.00112336	0.00254323	-0.00466849999999996	0.0612073	-0.029031	-0.000398627	0.000121	9.73900000000002e-05	0.12575765	0.0136109962	-0.0453043854	-0.0371565505	0.0259934166	0.0506658255	0.0003385804	-0.0504898588	-0.0265791242	0.0366761804	0.0456404355	-0.0129559745	-0.0523739028	-0.014263743	0.0449607632	0.0376307102	-0.0254033645	-0.0508333239	-0.0010156846	0.0503054532	0.0271603893	-0.0361896802	0.0056934249	-0.0115870959	0.0142290857	0.0572456189	0.063630677	0.0169312344	0.0898166896	0.0997452128	-0.0515932289	0.0062849016	0.129892033619772	-0.181922996390603	0.448081059024295	0.592443852028073
0.0752024	-0.00782464	0.256497	0.000846032	-0.00128235	0.00242643	-0.00340200000000002	-0.04519154	0.00519399999999998	0.000177789	-0.00015899	-0.0001168	0.07646649	0.013392903	-0.0455292636	-0.0366761804	0.0267733776	0.0503678575	-0.0010156846	-0.0508872699	-0.0250076315	0.0380985803	0.0444909208	-0.0153463027	-0.0523388891	-0.0114193591	0.0464991262	0.0351986159	-0.028498854	-0.049772687	0.0030455261	0.0513301431	0.0232042715	-0.0394636764	0.0044279715	0.0512278057	0.0103295624	-0.0510592299	0.051489337	-0.042921011	0.001213713	-0.0138996903	0.0094044814	-0.0146350007	-2.19410981488837	-0.142422196657813	0.448081059024295	0.592443852028073
0.0729938	0.0326234	0.263726	0.0007003	-0.00114646	0.00248141	-0.00220860000000002	0.04044804	0.00722900000000004	-0.000145732	0.00013589	5.498e-05	0.0667157400000001	0.0131745611	-0.0457507597	-0.0361896802	0.0275453833	0.0500465054	-0.0023692706	-0.0512383773	-0.0234064185	0.0394636764	0.0432587929	-0.017702152	-0.0521639377	-0.0085391442	0.0478682839	0.0326194932	-0.0314589057	-0.0484450328	0.0070884207	0.0520108938	0.0190758861	-0.0424146861	-0.0425629494	0.0180914123	0.0394609847	-0.0299181922	0.0064565001	0.0284341002	-0.0036017996	-0.0070486991	0.0361487533	-0.0341894965	1.14690643581853	-0.144803124162314	0.448081059024295	0.592443852028073
0.0806227	-0.00777236	0.27529	0.0011521	-0.00131965	0.00284	0.00762890000000002	-0.04039576	0.011564	0.0004518	-0.00017319	0.00035859	0.10876766	0.0129559745	-0.0459688572	-0.0356971313	0.0283092043	0.0497019183	-0.0037212726	-0.0515428613	-0.021777388	0.0407694154	0.0419463399	-0.0200182296	-0.0518495163	-0.0056321357	0.0490632542	0.0299041152	-0.0342694522	-0.0468574839	0.0110886847	0.0523431439	0.0148058821	-0.045018557	-0.0231703578	0.003914615	-0.0357616856	-0.0555436642	0.0006218997	0.0015218609	-0.0628013804	-0.0447517148	-0.0239713497	-0.0217734246	0.436193287069574	-0.418501692538137	0.448081059024295	0.592443852028073
0.0864623	0.028156	0.247402	0.000745116	-0.00123339	0.00284	0.00583960000000001	0.03592836	-0.027888	-0.000406984	8.62599999999999e-05	0	0.09431816	0.0127371473	-0.0461835398	-0.0351986159	0.0290646136	0.0493342563	-0.0050707869	-0.0518004449	-0.0201224762	0.0420138333	0.0405559987	-0.0222893319	-0.0513964655	-0.0027074549	0.0500796887	0.0270638244	-0.0369171367	-0.045018557	0.0150222601	0.052324667	0.0104259597	-0.0472539781	-0.0393700664	-0.035494356	-0.0185941638	0.0587217997	-0.0121936404	0.0251989099	-0.0139782265	0.0236419147	-0.0131743364	0.0215730104	0.847934400717665	-0.496022780286148	0.448081059024295	0.592443852028073
0.0863969	-0.00785796	0.257628	0.000745116	-0.000894617	0.00284	-6.54000000000071e-05	-0.03601396	0.010226	0	0.000338773	0	0.06324401	0.0125180835	-0.0463947917	-0.0346942175	0.0298113868	0.04894369	-0.0064169112	-0.0520108938	-0.0184436498	0.0431950583	0.039090351	-0.0245103563	-0.0508059967	0.0002257211	0.0509138886	0.024110485	-0.0393893764	-0.0429381175	0.0188654898	0.0519555872	0.0059686353	-0.0491026536	0.0115092193	0.0076614713	0.0453695709	0.0499740055	0.0233216705	-0.0605769018	0.0277194541	-0.0061083042	0.011300943	0.0240168155	0.071628730009889	-0.481087810266168	0.448081059024295	0.592443852028073
0.0730178	0.0490686	0.258957	0.000330039	-0.00152295	0.0024262	-0.0133791	0.05692656	0.00132899999999997	-0.000415077	-0.000628333	-0.0004138	0.14449516	0.0122987873	-0.0466025972	-0.0341840202	0.030549302	0.0485304007	-0.0077587455	-0.0521740164	-0.016742904	0.044311314	0.0375521182	-0.0266763128	-0.0500796887	0.003158189	0.0515628185	0.0210564335	-0.0416744222	-0.0406273263	0.0225952602	0.0512383773	0.0014670001	-0.0505494535	0.0092486284	0.0150773427	0.0257651344	0.0344371826	0.0141815977	0.0444620795	0.0514451512	0.0400917753	-0.0057453215	0.000234514	-1.98932326742463	-0.443829794643081	0.448081059024295	0.592443852028073
0.0761649	-0.033061	0.29285	0.000615876	-0.00146523	0.00239867	0.0031471	-0.0821296	0.033893	0.000285837	5.77199999999998e-05	-2.753e-05	0.13772405	0.0120792627	-0.0468069407	-0.0336681095	0.03127814	0.0480945804	-0.0090953929	-0.0522896643	-0.0150222601	0.0453609212	0.0359441567	-0.0287823352	-0.0492194833	0.0060807472	0.0520241169	0.0179144269	-0.0437614146	-0.0380985803	0.02618914	0.050177843	-0.0030455261	-0.0515825363	0.0286316795	0.0389323983	0.0284868447	-0.0298436536	0.0269262963	-0.0215757459	0.0332904729	-0.0337427675	0.0187709954	-0.0369465789	0.652749431819634	-0.390783267171101	0.448081059024295	0.592443852028073
0.0618221	0.0536013	0.284278	0.000323404	-0.00152295	0.00250855	-0.0143428	0.0866623	-0.00857199999999997	-0.000292472	-5.77199999999998e-05	0.00010988	0.1325807	0.0118595137	-0.0470078072	-0.0331465714	0.0319976841	0.0476364314	-0.0104259597	-0.0523577323	-0.0132837629	0.0463423012	0.0342694522	-0.0308236917	-0.0482276804	0.0089842256	0.0522961052	0.0146975897	-0.0456404355	-0.0353654455	0.0296255153	0.0487810905	-0.0075354425	-0.0521934471	-0.0250408773	-0.0175022623	0.0052002969	-0.0058851379	-0.0132688228	0.0398084379	0.0093114913	0.0127792608	-0.0081001158	-0.012430252	0.390012605234502	-0.310902295779869	0.448081059024295	0.592443852028073
0.0701309	0.000467493	0.310111	0.000585528	-0.00134297	0.00250687	0.0083088	-0.053133807	0.025833	0.000262124	0.00017998	-1.68e-06	0.109464807	0.0116395445	-0.0472051818	-0.0326194932	0.0327077205	0.0471561663	-0.0117495564	-0.0523781585	-0.0115294786	0.0472539781	0.0325311144	-0.0327957961	-0.0471069319	0.0118595137	0.0523777937	0.0114193591	-0.047302555	-0.0324425845	0.0328837193	0.0470574788	-0.011969416	-0.0523771858	0.0089411356	-0.0349549348	0.0458215125	0.0328742143	0.0021818361	-0.0364298081	-0.0028029055	-0.0266063044	0.0164100104	-0.0137536419	0.452949358283549	-0.324465011959305	0.448081059024295	0.592443852028073
0.0618241	0.0339322	0.292345	0.00038938	-0.00152295	0.00239867	-0.0083068	0.033464707	-0.0177660000000001	-0.000196148	-0.00017998	-0.0001082	0.083753907	0.0114193591	-0.0473990497	-0.0320869629	0.0334080384	0.0466540082	-0.0130652981	-0.0523509242	-0.0097614921	0.0480945804	0.030732371	-0.0346942175	-0.0458602343	0.0146975897	0.0522688852	0.0080934286	-0.048739874	-0.0293456776	0.0359441567	0.045018557	-0.016314529	-0.0521322486	0.0255193409	0.0146079899	0.0335006088	0.0177855471	-0.0301778254	0.0177846976	-0.0103037894	-0.0166409951	-0.0123514682	0.0218702919	0.28387631185471	-0.35772889312716	0.448081059024295	0.592443852028073
0.0821422	-0.00156711	0.30906	0.00049116	-0.0013662	0.00252122	0.0203181	-0.03549931	0.016715	0.00010178	0.00015675	0.00012255	0.09158641	0.0111989617	-0.0475893965	-0.0315490697	0.0340984296	0.0461301902	-0.0143723053	-0.0522760543	-0.0079819045	0.048862844	0.0288765622	-0.0365146908	-0.0444909208	0.0174895484	0.0519697758	0.0047336909	-0.0499455618	-0.0260913389	0.0387884217	0.042677987	-0.0205385235	-0.0514606403	0.0374142784	0.0138148966	-0.0155218215	-0.0140368308	-0.0253018491	0.0223051139	0.0028651786	-0.0347825977	-0.0317603738	-0.027614615	-2.24235756967705	-0.417276435729447	0.448081059024295	0.592443852028073
0.0754378	0.0250061	0.281237	0.000546552	-0.00147144	0.00283115	-0.0067044	0.02657321	-0.027823	5.53919999999999e-05	-0.00010524	0.00030993	0.08462871	0.0109783563	-0.0477762082	-0.0310059033	0.0347786889	0.0455849554	-0.015669704	-0.0521536168	-0.0061928308	0.0495576132	0.0269671338	-0.0382531258	-0.0430026525	0.0202266294	0.0514815542	0.0013541801	-0.0509138886	-0.0226970271	0.0413994086	0.0400514517	-0.0246100408	-0.0503678575	-0.0107087063	-0.0291905131	-0.0624157705	-0.0128472453	-0.0135635056	0.0502484583	-0.0072833801	0.0020453349	-0.0145755502	-0.0224953959	0.542738611462437	-0.398762158294822	0.448081059024295	0.592443852028073
0.0960379	-0.00152636	0.288143	0.000790126	-0.00125436	0.00283567	0.0206001	-0.02653246	0.00690599999999997	0.000243574	0.00021708	4.52000000000004e-06	0.07729726	0.010757547	-0.0479594708	-0.0304575546	0.0354486142	0.045018557	-0.0169566271	-0.0519837232	-0.0043963972	0.050177843	0.0250076315	-0.0399056168	-0.0413994086	0.0229002443	0.0508059967	-0.0020309873	-0.0516402525	-0.0191809517	0.0437614146	0.0371565505	-0.028498854	-0.048862844	-0.0042366457	-0.0526843539	-0.0267918484	0.0641209429	0.0234959729	-0.0129765627	0.0130981541	0.0232056949	0.008368315	0.0158225229	0.339674624793365	-0.397255910827458	0.448081059024295	0.592443852028073
0.0794951	0.0120817	0.274031	0.000503086	-0.00136344	0.00271033	-0.0165428	0.01360806	-0.014112	-0.00028704	-0.00010908	-0.00012534	0.07033586	0.0105365379	-0.0481391707	-0.0299041152	0.0361080066	0.044431258	-0.0182322141	-0.051766528	-0.0025947387	0.0507226006	0.0230016937	-0.0414684511	-0.0396854757	0.0255020041	0.0499455618	-0.005407671	-0.0521212014	-0.0155619757	0.0458602343	0.0340126806	-0.0321760928	-0.0469579174	0.040237567	0.0390457245	-0.0177331435	-0.0076444188	-0.0023110429	-0.0116389836	0.0200949687	-0.029097284	-0.0430730065	0.0370483213	-1.91956943372527	-0.410880009428337	0.448081059024295	0.592443852028073
0.0987508	0.0271904	0.286211	0.00045664	-0.00108637	0.00279791	0.0192557	0.0151087	0.01218	-4.6446e-05	0.00027707	8.75799999999999e-05	0.0670992	0.0103153331	-0.0483152946	-0.0293456776	0.0367566699	0.043823331	-0.0194956122	-0.051502229	-0.0007899965	0.0511910666	0.0209530451	-0.0429381175	-0.0378654364	0.028023745	0.0489033805	-0.0087617663	-0.0523544498	-0.0118595137	0.0476832451	0.0306409077	-0.0356144575	-0.0446686685	-0.0111457351	-0.0106748355	-0.0455277844	-0.0256111467	0.0298501112	0.0131840445	0.0186634448	0.0058235042	0.0132074865	-0.0278033996	-1.17200027542867	-0.714598279391194	0.448081059024295	0.592443852028073
0.0776943	0.0319791	0.27797	0.000317463	-0.00127952	0.00260491	-0.0210565	0.0047887	-0.008241	-0.000139177	-0.00019315	-0.000193	0.06035255	0.0100939368	-0.0484878293	-0.0287823352	0.0373944116	0.0431950583	-0.0207459769	-0.0511910666	0.0010156846	0.0515825363	0.0188654898	-0.044311314	-0.0359441567	0.0304575546	0.0476832451	-0.0120792627	-0.0523388891	-0.0080934286	0.0492194833	0.0270638244	-0.0387884217	-0.0420138333	0.0198490615	0.0223633683	0.0103248769	0.0205421842	0.0650269203	-0.0079080029	-0.0044368075	0.0051898897	-0.0247276184	0.0411902851	-0.49192709963928	-0.79559746574137	0.448081059024295	-1.68540061352814
0.0835996	0.00428744	0.30159	0.000317463	-0.00113439	0.00275819	0.00590529999999998	-0.02769166	0.02362	0	0.00014513	0.00015328	0.07213746	0.009872353	-0.0486567622	-0.028214182	0.0380210421	0.0425467316	-0.0219824722	-0.0508333239	0.0028201586	0.051896421	0.016742904	-0.0455849554	-0.0339267737	0.0327957961	0.0462895956	-0.0153463027	-0.0520745933	-0.0042839244	0.0504597097	0.0233053991	-0.0416744222	-0.03901514	0.0033143392	0.0400178257	0.0316847744	-0.0276591954	-0.052860645	0.0134163904	0.0029595405	-0.0304908264	-0.0237751821	-5.89484e-05	0.463897189111906	-0.239466581443202	0.448081059024295	-1.68540061352814
0.0838606	0.00351045	0.279911	0.000568102	-0.00152018	0.0025853	0.000261000000000039	-0.00077699	-0.021679	0.000250639	-0.00038579	-0.00017289	0.06318294	0.0096505858	-0.0488220806	-0.0276413132	0.0386363752	0.0418786518	-0.0232042715	-0.0504293264	0.004621281	0.0521322486	0.0145892291	-0.0467561802	-0.0318186811	0.0350311327	0.0447275033	-0.0185492395	-0.0515628185	-0.0004514381	0.0513964655	0.0193908153	-0.0442510332	-0.0356971313	-0.0334289299	-0.0129097966	-0.0632084894	0.0057005417	-0.044904199	0.0787302464	-0.0607925278	-0.0256849905	-0.0299659739	0.020509048	0.189742068857721	0.034592347332535	0.448081059024295	-1.68540061352814
0.0886735	-0.00155879	0.306964	0.00044994	-0.00121719	0.00253408	0.00481289999999999	-0.00506924	0.027053	-0.000118162	0.00030299	-5.12199999999998e-05	0.06055374	0.0094286395	-0.0489837722	-0.0270638244	0.0392402281	0.0411911291	-0.024410558	-0.0499794418	0.0064169112	0.0522896643	0.0124084642	-0.0478223571	-0.0296255153	0.0371565505	0.0430026525	-0.021674694	-0.0508059967	0.0033834701	0.0520241169	0.0153463027	-0.0464991262	-0.0320869629	0.037801594	-0.0224985375	-0.0392906745	0.0575099634	0.0123905567	-0.0405019723	0.0379437019	0.0171793196	-0.0575320034	0.0416089124	0.377963014643388	0.574183758539993	0.448081059024295	0.592443852028073
0.0816902	0.0166662	0.271764	0.00044994	-0.00152018	0.00260835	-0.00698330000000001	0.01822499	-0.0352	0	-0.00030299	7.427e-05	0.07927129	0.009206518	-0.0491418251	-0.0264818121	0.0398324213	0.0404844828	-0.0256005252	-0.0494840794	0.0082049152	0.0523684314	0.0102046586	-0.0487810905	-0.0273531403	0.0391653804	0.0411213197	-0.024709611	-0.0498077248	0.0072002268	0.0523388891	0.0111989617	-0.0484020114	-0.028214182	0.0050756783	0.0387547751	-0.0277501039	-0.0255571753	0.0436463782	-0.0144260193	0.0236094554	-0.0086568096	0.0168598903	0.0043507713	0.00328474131936	0.068153054469991	-2.22840312389761	0.592443852028073
0.0914434	0.0439131	0.279973	0.00044994	-0.000894121	0.00293162	0.00975320000000001	0.0272469	0.00820900000000002	0	0.000626059	0.00032327	0.09267555	0.0089842256	-0.0492962274	-0.0258953737	0.0404127789	0.0397590408	-0.0267733776	-0.04894369	0.009983168	0.0523684314	0.0079819045	-0.0496302266	-0.0250076315	0.0410513194	0.039090351	-0.0276413132	-0.0485727468	0.0109783563	0.0523388891	0.0069765817	-0.0499455618	-0.024110485	-0.0604921187	-0.0215276761	0.0215093791	0.0178470141	0.0205219405	0.0057111149	0.006332611	0.0563651115	0.0379303163	0.0335687989	0.286327719609278	-0.215962253692848	-2.22840312389761	0.592443852028073
0.0814041	0.0753117	0.255927	8.70923e-06	-0.000942906	0.00251335	-0.0100393	0.0313986	-0.024046	-0.00044123077	-4.8785e-05	-0.00041827	0.1108981885	0.0087617663	-0.0494469678	-0.025304607	0.0409811285	0.03901514	-0.0279283311	-0.0483587652	0.0117495564	0.0522896643	0.0057443291	-0.0503678575	-0.0225952602	0.0428084497	0.0369171367	-0.0304575546	-0.0471069319	0.0146975897	0.0520241169	0.0027074549	-0.0511183183	-0.0198094581	-0.009766218	0.057457413	0.0298835558	0.0040898993	0.0098581931	0.0125480723	0.0158912609	-0.0237695952	0.01208688	0.0474068631	0.526242159178268	1.40525729248441	-2.22840312389761	0.592443852028073
0.0902585	-0.0257708	0.300232	0.000667651	-0.00101505	0.00248694	0.0088544	-0.1010825	0.044305	0.00065894177	-7.21439999999999e-05	-2.64100000000001e-05	0.1921166885	0.0085391442	-0.049594035	-0.024709611	0.0415373011	0.0382531258	-0.0290646136	-0.0477298374	0.0135019809	0.0521322486	0.0034960873	-0.050992326	-0.0201224762	0.044431258	0.034609585	-0.0331465714	-0.0454172463	0.0183379745	0.0513964655	-0.0015798132	-0.0519115742	-0.0153463027	-0.069053605	0.0201439753	-0.0149351116	-0.0561976909	-0.0208704165	0.0866954152	-0.0450516465	0.0125494081	-0.0157455612	-0.0161390144	0.364999664204204	1.11347483946278	-2.22840312389761	0.592443852028073
0.0793362	0.0560016	0.323401	8.70923e-06	-0.00106892	0.00251588	-0.0109223	0.0817724	0.0231690000000001	-0.00065894177	-5.38699999999999e-05	2.89399999999999e-05	0.1529512885	0.0083163637	-0.0497374181	-0.024110485	0.0420811315	0.0374733519	-0.0301814655	-0.0470574788	0.015238359	0.051896421	0.0012413539	-0.051502229	-0.0175958911	0.0459146523	0.0321760928	-0.0356971313	-0.0435117199	0.0218799809	0.0504597097	-0.0058564958	-0.0523194405	-0.010757547	-0.0082786686	-0.0411490422	0.0059276331	0.0338665687	-0.0626673576	0.00677521	-0.0399945021	0.0410756991	-0.0270135031	0.0315210407	0.391158509476405	1.04054288142998	0.448081059024295	-1.68540061352814
0.0824896	0.0133613	0.292045	0.000140498	-0.00101505	0.00250524	0.00315339999999999	-0.0426403	-0.0313560000000001	0.00013178877	5.38699999999999e-05	-1.06399999999997e-05	0.0869646385	0.0080934286	-0.0498771065	-0.0235073292	0.0426124582	0.0366761804	-0.03127814	-0.0463423012	0.0169566271	0.0515825363	-0.0010156846	-0.051896421	-0.0150222601	0.0472539781	0.0296255153	-0.0380985803	-0.0413994086	0.025304607	0.0492194833	-0.0100939368	-0.0523388891	-0.0060807472	0.0157505717	0.0386895822	-0.0710542146	-0.0060135239	0.0116368611	-0.0177494787	0.0350722273	-0.0651122869	0.0278964042	0.0065839006	0.564675330571785	0.332119155986737	0.448081059024295	0.592443852028073
0.0739409	0.052917	0.281476	1.85715e-05	-0.00101505	0.00248896	-0.00854869999999997	0.0395557	-0.010569	-0.0001219265	0	-1.628e-05	0.065583725	0.0078703433	-0.0500130897	-0.0229002443	0.0431311232	0.0358619813	-0.032353904	-0.0455849554	0.018654743	0.0511910666	-0.0032708371	-0.0521740164	-0.0124084642	0.0484450328	0.0269671338	-0.0403408874	-0.039090351	0.0285934806	0.0476832451	-0.014263743	-0.0519697758	-0.0013541801	-0.0690729457	0.0171792514	0.0001212793	-0.0416750812	-0.0183263967	0.0380615462	-0.028527623	0.0212647229	0.0159387531	0.0035413641	-0.040004014077632	0.484958900908923	0.448081059024295	-1.68540061352814
0.0790043	0.0133114	0.320813	1.85715e-05	-0.00101505	0.00251375	0.0050634	-0.0396056	0.039337	0	0	2.47899999999998e-05	0.0852455	0.0076471118	-0.0501453577	-0.0222893319	0.0436369724	0.0350311327	-0.0334080384	-0.0447861304	0.0203306886	0.0507226006	-0.0055199161	-0.0523343914	-0.0097614921	0.0494840794	0.0242106219	-0.0424146861	-0.0365955205	0.0317289578	0.0458602343	-0.0183379745	-0.0512148408	0.0033834701	-0.040330568	-0.0260465834	-0.0466438115	-0.038038846	-0.0330092534	0.0325073573	-0.0308558291	-0.0054130421	0.0146600397	-0.0066579374	0.90252229056028	1.52368745037733	-2.22840312389761	-1.68540061352814
0.0823312	0.0330135	0.31412	0.000139863	-0.00101505	0.00253944	0.00332690000000001	0.0197021	-0.00669300000000006	0.0001212915	0	2.56900000000001e-05	0.037071075	0.0074237382	-0.0502739006	-0.021674694	0.0441298556	0.0341840202	-0.0344398384	-0.0439465533	0.0219824722	0.050177843	-0.0077587455	-0.0523771858	-0.0070884207	0.0503678575	0.0213660101	-0.044311314	-0.0339267737	0.0346942175	0.0437614146	-0.0222893319	-0.0500796887	0.0080934286	-0.0391137993	-0.0549080618	-0.0454845175	-0.0080293751	-0.0389886102	0.0123721058	-0.0603170645	0.0474358512	-0.0243628225	0.0174378419	0.460636671708085	1.74516097611503	-2.22840312389761	0.592443852028073
0.0884014	0.046231	0.334158	7.22649e-05	-0.00101505	0.00259262	0.00607019999999998	0.0132175	0.0200380000000001	-6.75981000000001e-05	0	5.31799999999999e-05	0.045364605	0.0072002268	-0.0503987089	-0.0210564335	0.0446096262	0.0333210373	-0.0354486142	-0.0430669878	0.0236081307	0.0495576132	-0.009983168	-0.0523023033	-0.0043963972	0.051093594	0.0184436498	-0.0460228486	-0.0310967934	0.0374733519	0.0413994086	-0.0260913389	-0.0485727468	0.0127371473	0.0061397794	-0.0602652755	-0.0495337389	0.0675779592	-0.0219065863	0.0143579125	0.0251705325	0.0345628842	0.0027012398	0.0130955225	0.178882218285006	1.95058300463581	-2.22840312389761	-1.68540061352814
0.0947787	-0.00792934	0.307476	0.000183359	-0.000765054	0.00250898	0.0063773	-0.05416034	-0.026682	0.0001110941	0.000249996	-8.36399999999998e-05	0.109456145	0.0069765817	-0.0505197734	-0.0204346535	0.0450761418	0.0324425845	-0.0364336915	-0.0421482344	0.0252057321	0.048862844	-0.0121890533	-0.0521099123	-0.0016926191	0.0516590118	0.015454175	-0.0475421407	-0.0281190288	0.0400514517	0.0387884217	-0.0297185201	-0.0467052026	0.01727662	0.022465688	-0.0183392237	0.0082950719	0.0519864845	-0.0003260331	-0.0739948437	0.0315558512	-0.0326777793	0.031234101	0.0201111061	0.309736641663033	1.9672155517358	0.448081059024295	-1.68540061352814
0.0877774	0.046528	0.318239	-0.000230344	-0.00101506	0.00269734	-0.0070013	0.05445734	0.010763	-0.000413703	-0.000250006	0.00018836	0.11482509	0.006752807	-0.050637085	-0.0198094581	0.0455292636	0.0315490697	-0.0373944116	-0.0411911291	0.0267733776	0.0480945804	-0.0143723053	-0.0518004449	0.0010156846	0.0520623368	0.0124084642	-0.048862844	-0.0250076315	0.0424146861	0.0359441567	-0.0331465714	-0.0444909208	0.021674694	0.0071602175	-0.0077855654	0.0138313914	0.0478752141	-0.0023614593	0.0082251112	0.0214925959	0.0196918835	0.0279481346	0.0047610266	0.192717653714324	2.52199618150471	0.448081059024295	-1.68540061352814
0.0835449	0.023932	0.334145	-6.82914e-05	-0.00109257	0.00252827	-0.0042325	-0.022596	0.015906	0.0001620526	-7.751e-05	-0.00016907	0.06316613	0.0065289069	-0.050750635	-0.0191809517	0.0459688572	0.0306409077	-0.0383301323	-0.0401965428	0.0283092043	0.0472539781	-0.01652887	-0.0513745965	0.0037212726	0.0523023033	0.0093176004	-0.0499794418	-0.021777388	0.0445503769	0.0328837193	-0.036352523	-0.0419463399	0.0258953737	0.0418037588	0.0344615427	0.0362103623	-0.002099468	-0.0103666136	-0.0422680407	-0.0215956573	-0.0263875252	0.0251521835	-0.0228775212	0.312200088821004	3.1608661221228	-2.22840312389761	0.592443852028073
0.0617947	0.0317152	0.322088	0.000104095	-0.00154585	0.00249403	-0.0217502	0.0077832	-0.012057	0.0001723864	-0.00045328	-3.42400000000001e-05	0.07458572	0.0063048856	-0.050860415	-0.0185492395	0.0463947917	0.0297185201	-0.0392402281	-0.0391653804	0.0298113868	0.0463423012	-0.018654743	-0.0508333239	0.0064169112	0.0523781585	0.0061928308	-0.0508872699	-0.0184436498	0.0464470668	0.0296255153	-0.0393148935	-0.039090351	0.0299041152	0.0350922103	0.0301145859	0.0109934959	0.0042346798	-0.0221341624	0.0210461835	-0.0012401808	0.0029750395	-0.0183865672	0.0007524291	0.439097870316359	3.34332397412476	-2.22840312389761	0.592443852028073
0.0809982	-0.0113772	0.352933	0.000104095	-0.000951503	0.00249403	0.0192035	-0.0430924	0.030845	0	0.000594347	0	0.12285825	0.0060807472	-0.0509664168	-0.0179144269	0.0468069407	0.0287823352	-0.0401240904	-0.0380985803	0.03127814	0.0453609212	-0.0207459769	-0.050177843	0.0090953929	0.0522896643	0.0030455261	-0.0515825363	-0.0150222601	0.0480945804	0.02618914	-0.0420138333	-0.0359441567	0.0336681095	0.0584154509	0.0194094883	0.0328026388	-0.0035149527	-0.0217719362	-0.0379106073	0.0101985015	-0.0192826595	-0.0248579092	-0.0303437988	1.00193349667987	1.1836521362862	0.448081059024295	-1.68540061352814
0.0781204	0.0397236	0.337368	-9.26123e-05	-0.00119879	0.00249403	-0.0028778	0.0511008	-0.015565	-0.0001967073	-0.000247287	0	0.091743315	0.0058564958	-0.0510686325	-0.01727662	0.0472051818	0.0278327876	-0.0409811285	-0.0369971132	0.0327077205	0.044311314	-0.0227986886	-0.0494096266	0.0117495564	0.0520370985	-0.0001128608	-0.0520623368	-0.0115294786	0.0494840794	0.0225952602	-0.044431258	-0.0325311144	0.0371565505	0.0412698733	0.0176129427	-0.0258559235	-0.0182318079	0.0046558398	0.0056232446	0.0451624407	-0.0141780301	-0.0519217213	-0.0230671638	0.846174178199526	0.782207368106743	0.448081059024295	-1.68540061352814
0.0680162	-0.0191661	0.341431	0.000104095	-0.000873629	0.00249403	-0.0101042	-0.0588897	0.00406299999999998	0.0001967073	0.000325161	0	0.099150315	0.0056321357	-0.0511670547	-0.0166359256	0.0475893965	0.0268703181	-0.0418107693	-0.0358619813	0.0340984296	0.0431950583	-0.0248090665	-0.0485304007	0.0143723053	0.0516212534	-0.0032708371	-0.052324667	-0.0079819045	0.0506081094	0.0188654898	-0.0465509697	-0.0288765622	0.0403408874	0.0135232892	0.0276360795	-0.0285792198	-0.0522599287	0.0400688893	-0.0192346915	0.041314676	-0.0487332827	0.0153479578	-0.0222733642	1.18169413760196	1.27348558861536	0.448081059024295	-1.68540061352814
0.0615538	0.0299432	0.322629	0.000104095	-0.000803729	0.00249403	-0.0064624	0.0491093	-0.018802	0	6.98999999999999e-05	0	0.0778687	0.005407671	-0.0512616758	-0.0159924506	0.0479594708	0.0258953737	-0.0426124582	-0.0346942175	0.0354486142	0.0420138333	-0.0267733776	-0.0475421407	0.0169566271	0.051043434	-0.0064169112	-0.0523684314	-0.0043963972	0.0514606403	0.0150222601	-0.0483587652	-0.0250076315	0.0431950583	-0.0191813388	0.0305631307	0.0267826498	-0.0537362978	-0.0085356839	-0.0034876	0.0191865567	-0.0059420925	0.0004021193	0.0012362335	1.0206668083759	1.68796137852359	0.448081059024295	-1.68540061352814
0.0676886	0.0320608	0.3396	0.000104095	-0.0010112	0.00249403	0.0061348	0.0021176	0.016971	0	-0.000207471	0	0.03559695	0.0051831058	-0.051352489	-0.0153463027	0.0483152946	0.0249084068	-0.0433856593	-0.0334948844	0.0367566699	0.0407694154	-0.0286879745	-0.0464470668	0.0194956122	0.0503054532	-0.0095396348	-0.0521934471	-0.0007899965	0.0520370985	0.0110886847	-0.0498425313	-0.0209530451	0.0456957037	0.0086860963	0.0062655427	0.005281671	-0.028213886	-0.0157276899	0.0374466051	-0.0004746439	-0.0292695341	0.0253033314	-0.0509228957	0.938652848877192	2.16671964871015	0.448081059024295	-1.68540061352814
0.0835894	-0.00145211	0.313489	0.000580919	-0.00104967	0.00249403	0.0159008	-0.03351291	-0.0261110000000001	0.000476824	-3.84699999999999e-05	0	0.10128941	0.0049584444	-0.0514394875	-0.0146975897	0.0486567622	0.0239098759	-0.0441298556	-0.0322650733	0.0380210421	0.0394636764	-0.030549302	-0.0452476394	0.0219824722	0.0494096266	-0.0126276447	-0.0518004449	0.0028201586	0.0523343914	0.0070884207	-0.050992326	-0.016742904	0.0478223571	0.0130155488	0.0346656549	-0.0204632489	-0.0139086214	-0.0094040172	-0.0384063703	-0.0334030492	-0.0303979793	-0.0215097452	0.0131179098	0.651195113969962	2.20846051446211	0.448081059024295	-1.68540061352814
0.075016	0.0467603	0.311372	0.000108311	-0.00112205	0.00249403	-0.00857339999999999	0.04821241	-0.00211699999999998	-0.000472608	-7.23800000000001e-05	0	0.08615221	0.0047336909	-0.0515226647	-0.0140464202	0.0489837722	0.0229002443	-0.0448445497	-0.0310059033	0.0392402281	0.0380985803	-0.032353904	-0.0439465533	0.024410558	0.0483587652	-0.015669704	-0.0511910666	0.0064169112	0.0523509242	0.0030455261	-0.0518004449	-0.0124084642	0.0495576132	0.004206599	0.0164240651	-0.0264221585	0.0011069864	-0.0243639474	0.0484394372	0.0316343733	-0.0287215417	-0.0470874167	-0.0012089382	0.711571487228506	1.89449481854033	0.448081059024295	0.592443852028073
0.0758355	0.0200058	0.332478	0.000167708	-0.000912115	0.00249403	0.000819500000000001	-0.0267545	0.021106	5.9397e-05	0.000209935	0	0.0621466	0.0045088495	-0.0516020147	-0.013392903	0.0492962274	0.0218799809	-0.0455292636	-0.0297185201	0.0404127789	0.0366761804	-0.0340984296	-0.0425467316	0.0267733776	0.0471561663	-0.018654743	-0.0503678575	0.009983168	0.0520866082	-0.0010156846	-0.0522614734	-0.0079819045	0.0508872699	-0.0074832164	-0.0276233301	-0.0522929376	-0.046714126	0.0542436511	-0.03922964	-0.0227097717	0.034652361	-0.0049282205	0.0077685506	0.858641443477951	1.47053686271855	-2.22840312389761	-1.68540061352814
0.0653406	0.0706831	0.316109	-0.00029474	-0.00104225	0.00249403	-0.0104949	0.0506773	-0.016369	-0.000462448	-0.000130135	0	0.10717035	0.0042839244	-0.0516775313	-0.0127371473	0.049594035	0.0208495594	-0.0461835398	-0.0284040951	0.0415373011	0.0351986159	-0.0357796393	-0.0410513194	0.0290646136	0.0458056033	-0.0215718994	-0.0493342563	0.0135019809	0.0515428613	-0.0050707869	-0.0523723222	-0.0034960873	0.0518004449	-0.0400052836	-0.0240235012	0.0361052572	0.0061561024	0.0041019539	-0.037082682	-0.025612767	0.0474114762	0.0490755551	0.0193012514	0.788815373358171	1.71233461467421	-2.22840312389761	-1.68540061352814
0.061688	0.0113246	0.339505	6.82811e-05	-0.0011143	0.00249403	-0.0036526	-0.0593585	0.023396	0.0003630211	-7.20499999999997e-05	0	0.108160655	0.0040589197	-0.0517492091	-0.0120792627	0.0498771065	0.0198094581	-0.0468069407	-0.0270638244	0.0426124582	0.0336681095	-0.0373944116	-0.0394636764	0.03127814	0.044311314	-0.024410558	-0.0480945804	0.0169566271	0.0507226006	-0.0090953929	-0.0521322486	0.0010156846	0.0522896643	-0.0221156611	-0.0222525133	0.0937913993	0.0282115994	-0.0163786675	-0.0250315662	0.003708825	0.018590993	0.0558308332	-0.0131215681	0.77935981114656	2.00480964764758	-2.22840312389761	-1.68540061352814
0.06994	0.0113843	0.331624	0.000244189	-0.00134723	0.00249403	0.008252	5.97000000000011e-05	-0.00788100000000003	0.0001759079	-0.00023293	0	0.036634595	0.0038338396	-0.0518170426	-0.0114193591	0.0501453577	0.0187601599	-0.0473990497	-0.0256989275	0.0436369724	0.0320869629	-0.0389397479	-0.0377873696	0.0334080384	0.042677987	-0.0271603893	-0.0466540082	0.0203306886	0.0496302266	-0.0130652981	-0.0515428613	0.0055199161	0.0523509242	-0.0113821906	-0.0146663962	0.0745418182	0.0228291217	-0.0605863912	0.0319045664	-0.0667726399	-0.0230512245	0.0673139418	-0.0178357961	0.604480993953314	1.4856865888472	0.448081059024295	0.592443852028073
0.0898347	-0.0383307	0.364783	0.000594343	-0.000964761	0.00284793	0.0198947	-0.049715	0.033159	0.000350154	0.000382469	0.0003539	0.15709485	0.0036086884	-0.051881027	-0.010757547	0.0503987089	0.017702152	-0.0479594708	-0.0243106464	0.0446096262	0.0304575546	-0.0404127789	-0.0360261653	0.0354486142	0.0409107473	-0.0298113868	-0.045018557	0.0236081307	0.0482715996	-0.0169566271	-0.0506081094	0.009983168	0.0519837232	0.0655259935	0.0006461695	0.0054520574	0.0357882472	-0.0734287089	-0.0078823881	0.0156264036	-0.0296265799	-0.0281609315	-0.0048620025	0.662517092411786	1.05635952514153	0.448081059024295	-1.68540061352814
0.095341	0.030958	0.336482	8.13527e-05	-0.00134723	0.00298773	0.00550629999999999	0.0692887	-0.028301	-0.0005129903	-0.000382469	0.0001398	0.154858965	0.0033834701	-0.0519411573	-0.0100939368	0.050637085	0.0166359256	-0.0484878293	-0.0229002443	0.0455292636	0.0287823352	-0.0418107693	-0.0341840202	0.0373944116	0.03901514	-0.032353904	-0.0431950583	0.0267733776	0.0466540082	-0.0207459769	-0.0493342563	0.0143723053	0.0511910666	0.0502065586	-0.0037035778	-0.0477878664	-0.0239929707	0.009566483	-0.0254447887	-0.0143767259	-0.0081734754	-0.014670331	-0.0405345541	0.287347981872072	1.53106728033704	0.448081059024295	0.592443852028073
0.0941105	0.0032767	0.335541	0.000221282	-0.000850156	0.00285393	-0.00123049999999995	-0.0276813	-0.000941000000000025	0.0001399293	0.000497074	-0.0001338	0.068392965	0.003158189	-0.0519974292	-0.0094286395	0.050860415	0.0155619757	-0.0489837722	-0.0214690046	0.0463947917	0.0270638244	-0.0431311232	-0.0322650733	0.0392402281	0.0369971132	-0.0347786889	-0.0411911291	0.0298113868	0.0447861304	-0.024410558	-0.0477298374	0.018654743	0.0499794418	-0.0228714898	-0.0404368963	-0.0440960926	-0.0263132166	0.0665762777	-0.0386315519	0.0181685714	0.0571728314	0.0399791286	0.0129666676	-0.207615970857514	2.1057143754334	-2.22840312389761	0.592443852028073
0.095806	0.00329372	0.327723	0.000355472	-0.00109703	0.00276447	0.00169549999999995	1.70200000000004e-05	-0.00781799999999999	0.00013419	-0.000246874	-8.946e-05	0.03305672	0.0029328492	-0.0520498384	-0.0087617663	0.0510686325	0.0144808008	-0.0494469678	-0.0200182296	0.0472051818	0.025304607	-0.044371389	-0.0302736359	0.0409811285	0.0348629988	-0.0370769179	-0.03901514	0.0327077205	0.042677987	-0.0279283311	-0.0458056033	0.0227986886	0.0483587652	-0.0365059794	-0.051840338	0.0563619106	0.0273831243	0.0575068221	-0.057562045	0.005115773	0.070486437	0.0388791677	0.0183528783	-0.420886593288992	1.27623200270375	-2.22840312389761	0.592443852028073
0.0975503	0.0192385	0.354027	0.000355472	-0.00124843	0.00286181	0.00174430000000002	0.01594478	0.026304	0	-0.0001514	9.73399999999996e-05	0.05643008	0.0027074549	-0.0520983812	-0.0080934286	0.0512616758	0.013392903	-0.0498771065	-0.0185492395	0.0479594708	0.0235073292	-0.0455292636	-0.028214182	0.0426124582	0.0326194932	-0.0392402281	-0.0366761804	0.0354486142	0.0403408874	-0.03127814	-0.0435744473	0.0267733776	0.0463423012	-0.0307067028	-0.0437493479	0.0491254828	0.0435369467	-0.0172251271	0.0365041191	-0.010841474	0.0303880436	0.0087958413	0.0185068811	-0.645366517694542	1.11717874025394	-2.22840312389761	-1.68540061352814
0.0977278	0.00329697	0.37138	0.000355472	-0.00167976	0.00269032	0.000177499999999997	-0.01594153	0.0173530000000001	0	-0.00043133	-0.00017149	0.06361303	0.0024820104	-0.0521430537	-0.0074237382	0.0514394875	0.0122987873	-0.0502739006	-0.0170633708	0.0486567622	0.021674694	-0.0466025972	-0.0260913389	0.0441298556	0.0302736359	-0.0412607473	-0.0341840202	0.0380210421	0.0377873696	-0.0344398384	-0.0410513194	0.030549302	0.0439465533	0.0529046582	-0.0273542122	0.0420455881	0.0104877792	-0.0356982649	-0.0404685659	-0.0385342754	-0.0001548361	-0.0140154547	-0.0459183529	-0.770746099550436	1.01682895819905	-2.22840312389761	-1.68540061352814
0.109022	0.0033975	0.31573	0.000740143	-0.00167976	0.00284919	0.0112942	0.00010053	-0.05565	0.000384671	0	0.00015887	0.09422178	0.0022565198	-0.0521838529	-0.006752807	0.0516020147	0.0111989617	-0.050637085	-0.0155619757	0.0492962274	0.0198094581	-0.0475893965	-0.0239098759	0.0455292636	0.0278327876	-0.0431311232	-0.0315490697	0.0404127789	0.0350311327	-0.0373944116	-0.0382531258	0.0340984296	0.0411911291	0.0497229931	0.0400463937	0.0004709713	0.0399276516	-0.0429180794	0.0361228347	0.0531876409	-0.02120656	-0.0416992355	0.0128452869	0.333931829369839	1.00630836938268	0.448081059024295	-1.68540061352814
0.129673	0.0100635	0.346422	0.000678231	-0.00151618	0.00290582	0.020651	0.006666	0.030692	-6.19119999999998e-05	0.00016358	5.66299999999998e-05	0.0721151	0.0020309873	-0.0522207755	-0.0060807472	0.0517492091	0.0100939368	-0.0509664168	-0.0140464202	0.0498771065	0.0179144269	-0.0484878293	-0.021674694	0.0468069407	0.025304607	-0.0448445497	-0.0287823352	0.0426124582	0.0320869629	-0.0401240904	-0.0351986159	0.0373944116	0.0380985803	0.0346374783	0.0157888757	0.032498568	0.0050121019	-0.0162556905	-0.0242635203	-0.0049121888	-0.0163784152	0.0289807177	-0.0200670965	0.466547710076611	1.03274759245491	0.448081059024295	0.592443852028073
0.108046	0.036669	0.337761	0.000571868	-0.00177603	0.00294817	-0.021627	0.0266055	-0.00866099999999997	-0.000106363	-0.00025985	4.235e-05	0.07732165	0.001805417	-0.0522538189	-0.005407671	0.051881027	0.0089842256	-0.0512616758	-0.0125180835	0.0503987089	0.0159924506	-0.0492962274	-0.0193908153	0.0479594708	0.0226970271	-0.0463947917	-0.0258953737	0.0446096262	0.0289706552	-0.0426124582	-0.0319082567	0.0404127789	0.0346942175	0.0248580157	-0.0120869315	-0.0339384939	-0.0014348322	0.014440605	-0.0443161858	0.022125687	0.0107685111	-0.0522594088	-0.0183382647	-1.03432568437382	1.16268246914451	0.448081059024295	0.592443852028073
0.10823	0.00657956	0.366013	0.000402309	-0.00158043	0.00289383	0.00018399999999999	-0.03008944	0.028252	-0.000169559	0.0001956	-5.43399999999999e-05	0.07950039	0.0015798132	-0.0522829807	-0.0047336909	0.0519974292	0.0078703433	-0.0515226647	-0.0109783563	0.050860415	0.0140464202	-0.0500130897	-0.0170633708	0.0489837722	0.0200182296	-0.0477762082	-0.0229002443	0.0463947917	0.0256989275	-0.0448445497	-0.0284040951	0.0431311232	0.0310059033	-0.0584334588	-0.0502821535	0.002769621	-0.0701100817	0.0516645653	0.0189385991	0.0215011164	0.0397910165	0.0589564682	-0.0519582912	0.668575690647668	1.25974013438548	0.448081059024295	0.592443852028073
0.10933	0.0225392	0.369964	0.000571868	-0.00174503	0.00298484	0.0011	0.01595964	0.00395099999999993	0.000169559	-0.0001646	9.10099999999999e-05	0.04226909	0.0013541801	-0.0523082586	-0.0040589197	0.0520983812	0.006752807	-0.0517492091	-0.0094286395	0.0512616758	0.0120792627	-0.050637085	-0.0146975897	0.0498771065	0.01727662	-0.0489837722	-0.0198094581	0.0479594708	0.0222893319	-0.0468069407	-0.024709611	0.0455292636	0.0270638244	-0.0479715293	-0.0556694161	0.0112645443	-0.0681303697	-0.034881531	0.0674859914	-0.0168313215	0.0333257094	0.0005554875	-0.0395864618	0.452804576740054	1.30835272987039	0.448081059024295	-1.68540061352814
0.106488	0.022131	0.384005	0.000646112	-0.00189638	0.00299091	-0.002842	-0.000408199999999998	0.0140410000000001	7.4244e-05	-0.00015135	6.06999999999995e-06	0.0288744	0.0011285219	-0.0523296507	-0.0033834701	0.0521838529	0.0056321357	-0.0519411573	-0.0078703433	0.0516020147	0.0100939368	-0.0511670547	-0.0122987873	0.050637085	0.0144808008	-0.0500130897	-0.0166359256	0.0492962274	0.0187601599	-0.0484878293	-0.0208495594	0.0475893965	0.0229002443	-0.0294405136	-0.0893973435	-0.0465837337	-0.0225046664	-0.0202311937	0.0605930099	-0.0275292548	0.0247096246	0.0023478503	-0.0473880665	-0.026161478487333	1.26474042658616	0.448081059024295	0.592443852028073
0.147783	-0.0654286	0.255174	0.00198815	-0.00161037	0.00286858	0.041295	-0.0875596	-0.128831	0.001342038	0.00028601	-0.00012233	0.3452045	0.0009028426	-0.0523471556	-0.0027074549	0.0522538189	0.0045088495	-0.0520983812	-0.0063048856	0.051881027	0.0080934286	-0.0516020147	-0.009872353	0.0512616758	0.0116395445	-0.050860415	-0.013392903	0.0503987089	0.0151303447	-0.0498771065	-0.0168498047	0.0492962274	0.0185492395	-0.0105995792	-0.0031207713	-0.0688332373	0.1171021042	0.027050945	-0.0036712803	0.0235727079	0.0095933975	-0.0549237293	0.0609478021	-0.187060696113068	0.550264446504144	0.448081059024295	0.592443852028073
0.123997	0.0586165	0.310153	0.000720527	-0.00125765	0.00291892	-0.023786	0.1240451	0.0549790000000001	-0.001267623	0.00035272	5.03400000000003e-05	0.28634425	0.0006771467	-0.0523607718	-0.0020309873	0.0523082586	0.0033834701	-0.0522207755	-0.0047336909	0.0520983812	0.0060807472	-0.0519411573	-0.0074237382	0.0517492091	0.0087617663	-0.0515226647	-0.0100939368	0.0512616758	0.0114193591	-0.0509664168	-0.0127371473	0.050637085	0.0140464202	0.0268729097	0.0202157436	-0.0124738408	0.0296973012	0.0656279724	-0.0167490234	0.0345028211	-0.0049803595	-0.0054293821	0.0306838047	1.01073738759443	0.913786235807169	0.448081059024295	0.592443852028073
0.118068	0.0323762	0.283607	0.00162619	-0.00132541	0.00285262	-0.00592899999999999	-0.0262403	-0.026546	0.000905663	-6.776e-05	-6.63e-05	0.11070145	0.0004514381	-0.0523704984	-0.0013541801	0.0523471556	0.0022565198	-0.0523082586	-0.003158189	0.0522538189	0.0040589197	-0.0521838529	-0.0049584444	0.0520983812	0.0058564958	-0.0519974292	-0.006752807	0.051881027	0.0076471118	-0.0517492091	-0.0085391442	0.0516020147	0.0094286395	0.0103835976	0.0677896336	-0.0027990796	0.0198491478	0.0871463059	-0.0629085699	0.0507583956	0.0408563652	-0.0202933175	0.0521647379	-1.34143481266227	0.221902281471177	0.448081059024295	0.592443852028073
0.11601	0.0210858	0.32375	0.000695359	-0.0014465	0.00285262	-0.00205800000000002	-0.0112904	0.040143	-0.000930831	-0.00012109	0	0.10608745	0.0002257211	-0.0523763346	-0.0006771467	0.0523704984	0.0011285219	-0.0523607718	-0.0015798132	0.0523471556	0.0020309873	-0.0523296507	-0.0024820104	0.0523082586	0.0029328492	-0.0522829807	-0.0033834701	0.0522538189	0.0038338396	-0.0522207755	-0.0042839244	0.0521838529	0.0047336909	-0.0464459281	0.0602768505	0.1068337181	-0.0587387974	0.1191413117	-0.0268336457	0.0410521751	0.0373978859	0.1183891512	-0.0327031799	0.24646618104785	0.128029342260445	0.448081059024295	0.592443852028073
0.106076	0.00833693	0.342983	0.00115929	-0.00171242	0.00285262	-0.00993399999999998	-0.01274887	0.019233	0.000463931	-0.00026592	0	0.07840842	0	-0.0523782801	0	0.0523782801	0	-0.0523782801	0	0.0523782801	0	-0.0523782801	0	0.0523782801	0	-0.0523782801	0	0.0523782801	0	-0.0523782801	0	0.0523782801	0	-0.0375665609	0.0551049652	0.1123505194	-0.0636241166	-0.0106157666	0.0440627326	-0.0349187351	-0.0099456515	0.0427008297	-0.0308606559	1.05352511858824	1.09850267727835	0.448081059024295	0.592443852028073
0.0962504	0.0284249	0.38669	0.000838297	-0.00171242	0.00285262	-0.00982559999999996	0.02008797	0.0437070000000001	-0.000320993	0	0	0.08967022	-0.0002257211	-0.0523763346	0.0006771467	0.0523704984	-0.0011285219	-0.0523607718	0.0015798132	0.0523471556	-0.0020309873	-0.0523296507	0.0024820104	0.0523082586	-0.0029328492	-0.0522829807	0.0033834701	0.0522538189	-0.0038338396	-0.0522207755	0.0042839244	0.0521838529	-0.0047336909	-0.0252967388	-0.0338035497	0.034997752	-0.052538906	-0.0209456097	0.0830529451	-0.005002125	-0.0676004896	-0.0044301042	-0.0520880402	-0.419419020884356	1.0850007714484	0.448081059024295	0.592443852028073
0.105571	-0.0278125	0.382145	0.00117611	-0.00171242	0.00295022	0.00932059999999996	-0.0562374	-0.00454500000000008	0.000337813	0	9.75999999999998e-05	0.0918736499999999	-0.0004514381	-0.0523704984	0.0013541801	0.0523471556	-0.0022565198	-0.0523082586	0.003158189	0.0522538189	-0.0040589197	-0.0521838529	0.0049584444	0.0520983812	-0.0058564958	-0.0519974292	0.006752807	0.051881027	-0.0076471118	-0.0517492091	0.0085391442	0.0516020147	-0.0094286395	0.0195769174	-0.0261511669	0.0129906043	0.0202456167	-0.0115395258	-0.0401885095	-0.0701553338	-0.0131139004	-0.062405558	0.0189853403	0.109588351536197	1.47610506062564	0.448081059024295	0.592443852028073
0.106973	-0.0379256	0.324362	0.00218735	-0.00148009	0.0027244	0.001402	-0.0101131	-0.057783	0.00101124	0.00023233	-0.00022582	0.1427676	-0.0006771467	-0.0523607718	0.0020309873	0.0523082586	-0.0033834701	-0.0522207755	0.0047336909	0.0520983812	-0.0060807472	-0.0519411573	0.0074237382	0.0517492091	-0.0087617663	-0.0515226647	0.0100939368	0.0512616758	-0.0114193591	-0.0509664168	0.0127371473	0.050637085	-0.0140464202	0.0189862112	0.0197254142	-0.0298609679	-0.0029692818	0.0100512336	0.0087666999	0.0512804527	-0.0442273043	-0.0532470482	-0.008701288	-0.658156068541002	1.60699678006269	0.448081059024295	0.592443852028073
0.109889	0.0304374	0.28347	0.00223071	-0.00120679	0.00290542	0.00291600000000002	0.068363	-0.040892	4.33600000000001e-05	0.0002733	0.00018102	0.137055	-0.0009028426	-0.0523471556	0.0027074549	0.0522538189	-0.0045088495	-0.0520983812	0.0063048856	0.051881027	-0.0080934286	-0.0516020147	0.009872353	0.0512616758	-0.0116395445	-0.050860415	0.013392903	0.0503987089	-0.0151303447	-0.0498771065	0.0168498047	0.0492962274	-0.0185492395	-0.0038142654	0.0395587899	-0.0323124617	0.0412939873	0.0116565462	0.0086947183	-0.0541801873	-0.1032686741	-0.0351708815	0.0787132161	0.7856783370149	1.69604668251743	0.448081059024295	0.592443852028073
0.107615	1.09288e-05	0.246638	0.00245879	-0.0014351	0.002945	-0.00227400000000001	-0.0304264712	-0.036832	0.00022808	-0.00022831	3.958e-05	0.0943309712	-0.0011285219	-0.0523296507	0.0033834701	0.0521838529	-0.0056321357	-0.0519411573	0.0078703433	0.0516020147	-0.0100939368	-0.0511670547	0.0122987873	0.050637085	-0.0144808008	-0.0500130897	0.0166359256	0.0492962274	-0.0187601599	-0.0484878293	0.0208495594	0.0475893965	-0.0229002443	-0.0316387587	0.0826664519	-0.0210894178	0.0436175519	-0.0096415725	-0.0270516673	-0.0367878334	0.0393119017	-0.0250167153	0.1072997114	-1.60499402311067	1.73367618698714	0.448081059024295	0.592443852028073
0.100478	-0.0494394	0.249285	0.00283615	-0.000837845	0.00256935	-0.007137	-0.0494503288	0.00264699999999995	0.00037736	0.000597255	-0.00037565	0.1267475788	-0.0013541801	-0.0523082586	0.0040589197	0.0520983812	-0.006752807	-0.0517492091	0.0094286395	0.0512616758	-0.0120792627	-0.050637085	0.0146975897	0.0498771065	-0.01727662	-0.0489837722	0.0198094581	0.0479594708	-0.0222893319	-0.0468069407	0.024709611	0.0455292636	-0.0270638244	-0.0527487855	0.0542331505	-0.0346600699	0.0155485741	0.0123968923	0.0569162022	0.0899570958	0.0180930083	0.0142580326	0.0094728487	0.239436712973393	1.73931661871183	0.448081059024295	0.592443852028073
0.0904469	0.029415	0.267722	0.00240065	-0.00050157	0.00285262	-0.0100311	0.0788544	0.018437	-0.0004355	0.000336275	0.00028327	0.16007475	-0.0015798132	-0.0522829807	0.0047336909	0.0519974292	-0.0078703433	-0.0515226647	0.0109783563	0.050860415	-0.0140464202	-0.0500130897	0.0170633708	0.0489837722	-0.0200182296	-0.0477762082	0.0229002443	0.0463947917	-0.0256989275	-0.0448445497	0.0284040951	0.0431311232	-0.0310059033	-0.0316507209	0.0627235375	-0.0082808449	0.0165892224	0.0188817507	0.0413298754	-0.0168803636	-0.1019264561	0.0851186046	0.0416046343	1.07115605311621	1.35239892726338	0.448081059024295	0.592443852028073
0.042391	0.0843833	0.255942	0.00257196	-0.000579447	0.00216463	-0.0480559	0.0549683	-0.01178	0.00017131	-7.7877e-05	-0.00068799	0.16166305	-0.001805417	-0.0522538189	0.005407671	0.051881027	-0.0089842256	-0.0512616758	0.0125180835	0.0503987089	-0.0159924506	-0.0492962274	0.0193908153	0.0479594708	-0.0226970271	-0.0463947917	0.0258953737	0.0446096262	-0.0289706552	-0.0426124582	0.0319082567	0.0404127789	-0.0346942175	-0.0134117535	0.093300043	-0.0382648068	0.0336529802	0.0199769664	0.0171293882	-0.0670138382	-0.0516056973	-0.0707753825	0.1048190884	-0.691834910400695	1.40779471161801	0.448081059024295	0.592443852028073
0.0394098	-0.0434615	0.304841	0.00194217	-0.000923729	0.00193845	-0.0029812	-0.1278448	0.048899	-0.00062979	-0.000344282	-0.00022618	0.2397376	-0.0020309873	-0.0522207755	0.0060807472	0.0517492091	-0.0100939368	-0.0509664168	0.0140464202	0.0498771065	-0.0179144269	-0.0484878293	0.021674694	0.0468069407	-0.025304607	-0.0448445497	0.0287823352	0.0426124582	-0.0320869629	-0.0401240904	0.0351986159	0.0373944116	-0.0380985803	-0.0597978669	0.0118465202	-0.0111772434	0.0345767322	0.0195548587	-0.0021651788	0.0004216597	0.0511927418	0.0388222931	0.0752282312	0.922215667502087	1.11413710409401	0.448081059024295	0.592443852028073
0.0210925	-0.0844102	0.350261	0.00249644	-0.000429535	0.00175944	-0.0183173	-0.0409487	0.04542	0.00055427	0.000494194	-0.00017901	0.1660597	-0.0022565198	-0.0521838529	0.006752807	0.0516020147	-0.0111989617	-0.050637085	0.0155619757	0.0492962274	-0.0198094581	-0.0475893965	0.0239098759	0.0455292636	-0.0278327876	-0.0431311232	0.0315490697	0.0404127789	-0.0350311327	-0.0373944116	0.0382531258	0.0340984296	-0.0411911291	-0.0083938397	0.0115492233	0.0437094117	0.0205605559	-0.0302771968	-0.0021083069	-0.0218401476	0.0245153787	0.0480350871	0.0064027517	1.21045534622525	0.649473675837864	0.448081059024295	0.592443852028073
0.0275986	-0.0258939	0.393716	0.00184158	-0.00064968	0.00173813	0.0065061	0.0585163	0.043455	-0.00065486	-0.000220145	-2.13099999999999e-05	0.15329315	-0.0024820104	-0.0521430537	0.0074237382	0.0514394875	-0.0122987873	-0.0502739006	0.0170633708	0.0486567622	-0.021674694	-0.0466025972	0.0260913389	0.0441298556	-0.0302736359	-0.0412607473	0.0341840202	0.0380210421	-0.0377873696	-0.0344398384	0.0410513194	0.030549302	-0.0439465533	0.0291736015	-0.0195859176	-0.0369463177	-0.0250615945	-0.0507831689	0.0427269167	0.0113851863	0.0403124043	0.0018241485	-0.0657218495	-1.88084886016332	1.26839607116169	0.448081059024295	0.592443852028073
0.048703	-0.0496461	0.424006	0.00194361	-0.000562457	0.00194502	0.0211044	-0.0237522	0.03029	0.00010203	8.72230000000001e-05	0.00020689	0.09495375	-0.0027074549	-0.0520983812	0.0080934286	0.0512616758	-0.013392903	-0.0498771065	0.0185492395	0.0479594708	-0.0235073292	-0.0455292636	0.028214182	0.0426124582	-0.0326194932	-0.0392402281	0.0366761804	0.0354486142	-0.0403408874	-0.03127814	0.0435744473	0.0267733776	-0.0463423012	0.0709363118	-0.0121022193	-0.0005485979	-0.0034943176	0.0467577084	-0.0730936043	0.0143618387	-0.0382692609	0.0014316422	-0.0202504878	0.503977289150508	1.6458547895716	0.448081059024295	0.592443852028073
0.050894	0.0398364	0.385832	0.00153643	-0.000451959	0.00216463	0.00219100000000001	0.0894825	-0.038174	-0.00040718	0.000110498	0.00021961	0.1667119	-0.0029328492	-0.0520498384	0.0087617663	0.0510686325	-0.0144808008	-0.0494469678	0.0200182296	0.0472051818	-0.025304607	-0.044371389	0.0302736359	0.0409811285	-0.0348629988	-0.0370769179	0.03901514	0.0327077205	-0.042677987	-0.0279283311	0.0458056033	0.0227986886	-0.0483587652	-0.0129011583	0.0027644448	0.009441919	-0.0554664749	-0.0452334136	0.0367547028	0.0158016559	-0.0055517337	-0.0236967462	-0.0319262924	-1.26542357621955	1.64997654549099	0.448081059024295	0.592443852028073
0.0574407	0.000358677	0.42402	0.00201811	-0.000697436	0.00216463	0.00654669999999999	-0.039477723	0.038188	0.00048168	-0.000245477	0	0.120570273	-0.003158189	-0.0519974292	0.0094286395	0.050860415	-0.0155619757	-0.0489837722	0.0214690046	0.0463947917	-0.0270638244	-0.0431311232	0.0322650733	0.0392402281	-0.0369971132	-0.0347786889	0.0411911291	0.0298113868	-0.0447861304	-0.024410558	0.0477298374	0.018654743	-0.0499794418	0.0096568072	-0.0913407592	0.0132206912	0.0395071255	-0.0125448721	-0.0044322589	-0.0632870831	0.0029672765	-0.0311500858	-0.0233694259	0.759301547670828	1.29146928728937	0.448081059024295	0.592443852028073
0.046499	0.0373508	0.395121	0.00212482	-0.00110603	0.00216463	-0.0109417	0.036992123	-0.028899	0.00010671	-0.000408594	0	0.102598023	-0.0033834701	-0.0519411573	0.0100939368	0.050637085	-0.0166359256	-0.0484878293	0.0229002443	0.0455292636	-0.0287823352	-0.0418107693	0.0341840202	0.0373944116	-0.03901514	-0.032353904	0.0431950583	0.0267733776	-0.0466540082	-0.0207459769	0.0493342563	0.0143723053	-0.0511910666	0.0608409163	0.0230884049	-0.0269646792	-0.0304184426	-0.0848419078	0.0106357798	-0.0159745563	-0.023205646	-0.0941283899	0.004334322	-1.25093616079052	1.35161836204706	0.448081059024295	0.592443852028073
0.0498876	0.00593982	0.413554	0.00206485	-0.000774321	0.00216463	0.0033886	-0.03141098	0.018433	-5.99699999999999e-05	0.000331709	0	0.07281653	-0.0036086884	-0.051881027	0.010757547	0.0503987089	-0.017702152	-0.0479594708	0.0243106464	0.0446096262	-0.0304575546	-0.0404127789	0.0360261653	0.0354486142	-0.0409107473	-0.0298113868	0.045018557	0.0236081307	-0.0482715996	-0.0169566271	0.0506081094	0.009983168	-0.0519837232	0.0134671153	-0.0583905905	-0.0831407262	-0.0106522171	-0.0043190076	0.0314865827	0.0199416299	-0.0144114857	-0.0102829986	-0.0701330947	0.991635176230005	1.36744823080409	0.448081059024295	0.592443852028073
0.0415309	0.0184181	0.400794	0.00170943	-0.000858468	0.00216463	-0.00835669999999999	0.01247828	-0.01276	-0.00035542	-8.4147e-05	0	0.05557333	-0.0038338396	-0.0518170426	0.0114193591	0.0501453577	-0.0187601599	-0.0473990497	0.0256989275	0.0436369724	-0.0320869629	-0.0389397479	0.0377873696	0.0334080384	-0.042677987	-0.0271603893	0.0466540082	0.0203306886	-0.0496302266	-0.0130652981	0.0515428613	0.0055199161	-0.0523509242	0.0743404552	0.0038853037	-0.0151649439	0.0097684342	0.0144390157	-0.0703601251	0.053514292	0.0072940594	-0.0499216851	0.0103378111	0.540427046008942	1.52105016425445	0.448081059024295	0.592443852028073
0.0455597	-0.00198704	0.424005	0.00173134	-0.000590647	0.00216463	0.00402879999999999	-0.02040514	0.023211	2.191e-05	0.000267821	0	0.06213149	-0.0040589197	-0.0517492091	0.0120792627	0.0498771065	-0.0198094581	-0.0468069407	0.0270638244	0.0426124582	-0.0336681095	-0.0373944116	0.0394636764	0.03127814	-0.044311314	-0.024410558	0.0480945804	0.0169566271	-0.0507226006	-0.0090953929	0.0521322486	0.0010156846	-0.0522896643	0.0098037421	-0.0037516012	-0.0284837297	-0.0482147695	0.0402732391	0.0323185565	0.0340067307	-0.0217468897	0.0206872145	-0.0458392947	0.915556333906628	1.63115802461986	0.448081059024295	0.592443852028073
0.0600334	-0.0380509	0.396412	0.00179825	-0.000802401	0.00216463	0.0144737	-0.03606386	-0.027593	6.69099999999999e-05	-0.000211754	0	0.09206376	-0.0042839244	-0.0516775313	0.0127371473	0.049594035	-0.0208495594	-0.0461835398	0.0284040951	0.0415373011	-0.0351986159	-0.0357796393	0.0410513194	0.0290646136	-0.0458056033	-0.0215718994	0.0493342563	0.0135019809	-0.0515428613	-0.0050707869	0.0523723222	-0.0034960873	-0.0518004449	0.0239707944	-0.0051341803	0.0371378589	0.0155327923	0.035798711	-0.0752603764	-0.0319264483	0.0200758763	-0.0121523334	-0.0017292293	0.926847442083315	1.61760428937097	0.448081059024295	0.592443852028073
0.0569039	-0.0122879	0.413101	0.00123387	-0.000367392	0.00216463	-0.00312950000000001	0.025763	0.016689	-0.00056438	0.000435009	0	0.09555095	-0.0045088495	-0.0516020147	0.013392903	0.0492962274	-0.0218799809	-0.0455292636	0.0297185201	0.0404127789	-0.0366761804	-0.0340984296	0.0425467316	0.0267733776	-0.0471561663	-0.018654743	0.0503678575	0.009983168	-0.0520866082	-0.0010156846	0.0522614734	-0.0079819045	-0.0508872699	0.0125898634	0.0379763856	-0.0004061517	-0.0324781269	-0.0142317164	0.0479026174	0.031609294	-0.0261565921	-0.0040791765	-0.0019351774	0.287353847222448	1.53267783509034	0.448081059024295	0.592443852028073
0.059643	-0.0463026	0.423965	0.00179771	-0.000811385	0.00216463	0.00273909999999999	-0.0340147	0.010864	0.00056384	-0.000443993	0	0.09800945	-0.0047336909	-0.0515226647	0.0140464202	0.0489837722	-0.0229002443	-0.0448445497	0.0310059033	0.0392402281	-0.0380985803	-0.032353904	0.0439465533	0.024410558	-0.0483587652	-0.015669704	0.0511910666	0.0064169112	-0.0523509242	0.0030455261	0.0518004449	-0.0124084642	-0.0495576132	-0.0441583257	-0.0788587594	-0.017349302	-0.006272237	0.0390186655	-0.0551503969	-0.0895746509	0.0447970754	0.0227061497	0.0276098099	0.015986311910178	1.14325125472471	0.448081059024295	0.592443852028073
0.0491867	0.000283598	0.433632	0.00132702	-0.000811385	0.00216463	-0.0104563	0.046586198	0.00966699999999998	-0.00047069	0	0	0.090243998	-0.0049584444	-0.0514394875	0.0146975897	0.0486567622	-0.0239098759	-0.0441298556	0.0322650733	0.0380210421	-0.0394636764	-0.030549302	0.0452476394	0.0219824722	-0.0494096266	-0.0126276447	0.0518004449	0.0028201586	-0.0523343914	0.0070884207	0.050992326	-0.016742904	-0.0478223571	-0.0178733293	-0.0637468626	0.0181567926	0.0377031025	-0.0237048188	0.0251919504	0.0004418994	0.0906182551	-0.0297396675	-0.0048209428	0.103516787788956	1.19347453075886	0.448081059024295	0.592443852028073
0.0517021	-0.0335929	0.482982	0.00132702	-0.000877595	0.00216463	0.0025154	-0.033876498	0.04935	0	-6.62100000000002e-05	0	0.089052398	-0.0051831058	-0.051352489	0.0153463027	0.0483152946	-0.0249084068	-0.0433856593	0.0334948844	0.0367566699	-0.0407694154	-0.0286879745	0.0464470668	0.0194956122	-0.0503054532	-0.0095396348	0.0521934471	-0.0007899965	-0.0520370985	0.0110886847	0.0498425313	-0.0209530451	-0.0456957037	0.0521725617	-0.0420235043	0.0463627616	0.0010600953	0.0010281366	-0.0339597612	0.0166318352	0.0038834002	0.0258812472	-0.0412549386	0.722962923766889	0.760638070724235	0.448081059024295	0.592443852028073
0.0571614	-0.0173165	0.474172	0.00138219	-0.000979247	0.00216463	0.00545930000000001	0.0162764	-0.00880999999999993	5.517e-05	-0.000101652	0	0.0383868	-0.005407671	-0.0512616758	0.0159924506	0.0479594708	-0.0258953737	-0.0426124582	0.0346942175	0.0354486142	-0.0420138333	-0.0267733776	0.0475421407	0.0169566271	-0.051043434	-0.0064169112	0.0523684314	-0.0043963972	-0.0514606403	0.0150222601	0.0483587652	-0.0250076315	-0.0431950583	0.0706718529	-0.002044885	0.0222214231	-0.0059872464	0.0402034411	-0.048444311	0.0216551079	0.0522412104	-0.0214619104	-0.0352568739	-1.84217273978317	1.39100149167195	0.448081059024295	0.592443852028073
0.0828633	0.0128572	0.46213	0.00123284	-0.000460012	0.00216463	0.0257019	0.0301737	-0.012042	-0.00014935	0.000519235	0	0.10134685	-0.0056321357	-0.0511670547	0.0166359256	0.0475893965	-0.0268703181	-0.0418107693	0.0358619813	0.0340984296	-0.0431950583	-0.0248090665	0.0485304007	0.0143723053	-0.0516212534	-0.0032708371	0.052324667	-0.0079819045	-0.0506081094	0.0188654898	0.0465509697	-0.0288765622	-0.0403408874	0.035743222	0.0192174748	0.0487207563	-0.0160705427	0.0099237329	-0.0110286271	0.0369040762	0.03415258	0.0198602872	-0.0340935961	-1.89576660708836	1.66779799437716	0.448081059024295	0.592443852028073
0.0726655	-0.0141748	0.468476	0.0012535	-0.000723816	0.00216463	-0.0101978	-0.027032	0.00634599999999996	2.066e-05	-0.000263804	0	0.057799	-0.0058564958	-0.0510686325	0.01727662	0.0472051818	-0.0278327876	-0.0409811285	0.0369971132	0.0327077205	-0.044311314	-0.0227986886	0.0494096266	0.0117495564	-0.0520370985	-0.0001128608	0.0520623368	-0.0115294786	-0.0494840794	0.0225952602	0.044431258	-0.0325311144	-0.0371565505	0.0099160796	0.0179408481	0.0047868863	-0.0598880149	0.0482171802	-0.0286924659	0.0032863634	-0.0256434123	0.033544696	-0.0287957944	-1.66791441491919	2.03939783943259	-2.22840312389761	-1.68540061352814
0.0570929	0.0229934	0.490404	0.00108404	-0.000811385	0.00216463	-0.0155726	0.0371682	0.021928	-0.00016946	-8.7569e-05	0	0.08752025	-0.0060807472	-0.0509664168	0.0179144269	0.0468069407	-0.0287823352	-0.0401240904	0.0380985803	0.03127814	-0.0453609212	-0.0207459769	0.050177843	0.0090953929	-0.0522896643	0.0030455261	0.0515825363	-0.0150222601	-0.0480945804	0.02618914	0.0420138333	-0.0359441567	-0.0336681095	-0.0102926765	-0.0094584551	0.0737270287	-0.0691455874	-0.0285230895	0.0103712944	-0.006970085	-0.0222973377	0.0450526952	-0.0516343532	-1.66191570499767	2.16347679447926	-2.22840312389761	-1.68540061352814
0.0657858	-0.0417155	0.483739	0.0016527	-0.000555792	0.00216463	0.00869290000000002	-0.0647089	-0.00666499999999998	0.00056866	0.000255593	0	0.12127945	-0.0063048856	-0.050860415	0.0185492395	0.0463947917	-0.0297185201	-0.0392402281	0.0391653804	0.0298113868	-0.0463423012	-0.018654743	0.0508333239	0.0064169112	-0.0523781585	0.0061928308	0.0508872699	-0.0184436498	-0.0464470668	0.0296255153	0.0393148935	-0.039090351	-0.0299041152	-0.000735103	0.0066131495	-0.0364891358	-0.0317706099	-0.0374437522	0.0158975498	-0.0415991375	-0.0398933991	-0.0490594538	-0.0245789922	-0.842539222964776	2.21711731383896	0.448081059024295	-1.68540061352814
0.0737418	-0.0024507	0.444899	0.00183965	-0.000811385	0.00216463	0.00795599999999995	0.0392648	-0.03884	0.00018695	-0.000255593	0	0.10818795	-0.0065289069	-0.050750635	0.0191809517	0.0459688572	-0.0306409077	-0.0383301323	0.0401965428	0.0283092043	-0.0472539781	-0.01652887	0.0513745965	0.0037212726	-0.0523023033	0.0093176004	0.0499794418	-0.021777388	-0.0445503769	0.0328837193	0.036352523	-0.0419463399	-0.0258953737	-0.0174233129	-0.0029739581	-0.0386043679	-0.0371601593	-0.0440061939	0.0107853656	0.0133041753	-0.0238545931	-0.0386149797	-0.0375532071	-0.157754936012751	1.34097526746752	0.448081059024295	0.592443852028073
0.0570929	0.00866036	0.440604	0.00130785	-0.000811385	0.00216463	-0.0166489	0.01111106	-0.00429499999999999	-0.0005318	0	0	0.05864496	-0.006752807	-0.050637085	0.0198094581	0.0455292636	-0.0315490697	-0.0373944116	0.0411911291	0.0267733776	-0.0480945804	-0.0143723053	0.0518004449	0.0010156846	-0.0520623368	0.0124084642	0.048862844	-0.0250076315	-0.0424146861	0.0359441567	0.0331465714	-0.0444909208	-0.021674694	-0.0373465596	-0.0159122336	-0.0717466291	-0.0066609855	0.0045788865	0.0395157065	0.0073427712	-0.0351505995	0.0329462022	-0.0010095861	-0.40859281890064	1.37128618662246	0.448081059024295	0.592443852028073
0.0570711	-0.0134848	0.432833	0.00160093	-0.000748161	0.00216463	-2.17999999999954e-05	-0.02214516	-0.00777100000000003	0.00029308	6.32239999999998e-05	0	0.04775316	-0.0069765817	-0.0505197734	0.0204346535	0.0450761418	-0.0324425845	-0.0364336915	0.0421482344	0.0252057321	-0.048862844	-0.0121890533	0.0521099123	-0.0016926191	-0.0516590118	0.015454175	0.0475421407	-0.0281190288	-0.0400514517	0.0387884217	0.0297185201	-0.0467052026	-0.01727662	-0.0050440536	-0.0234062195	-0.0052673731	0.0522273735	0.0579389994	-0.08329917	-0.011579375	0.0212310651	-0.0109907786	0.0359836421	-0.084931054445471	1.53297397217749	0.448081059024295	0.592443852028073
0.0461514	0.0260927	0.454536	0.001137	-0.00088275	0.00216463	-0.0109197	0.0395775	0.021703	-0.00046393	-0.000134589	0	0.10212615	-0.0072002268	-0.0503987089	0.0210564335	0.0446096262	-0.0333210373	-0.0354486142	0.0430669878	0.0236081307	-0.0495576132	-0.009983168	0.0523023033	-0.0043963972	-0.051093594	0.0184436498	0.0460228486	-0.0310967934	-0.0374733519	0.0413994086	0.0260913389	-0.0485727468	-0.0127371473	-0.0399776792	0.0123114158	0.0905323217	0.022950151	-0.0205084881	-0.0006077858	0.054596136	0.0434624852	0.0506438172	0.0365718464	-0.307613712014716	1.57710513573284	0.448081059024295	0.592443852028073
0.0573439	-0.0139052	0.492907	0.00121242	-0.0013167	0.00216463	0.0111925	-0.0399979	0.0383710000000001	7.54199999999999e-05	-0.00043395	0	0.1150299	-0.0074237382	-0.0502739006	0.021674694	0.0441298556	-0.0341840202	-0.0344398384	0.0439465533	0.0219824722	-0.050177843	-0.0077587455	0.0523771858	-0.0070884207	-0.0503678575	0.0213660101	0.044311314	-0.0339267737	-0.0346942175	0.0437614146	0.0222893319	-0.0500796887	-0.0080934286	-0.0123192995	-0.0093526238	0.0757598241	0.0048135545	-0.0627946032	0.016381103	-0.0464064261	-0.011258047	0.0487983015	-0.0155185379	-0.503833760902808	1.56812251292796	0.448081059024295	0.592443852028073
0.0663123	-0.0435308	0.446224	0.00165178	-0.0013167	0.00216463	0.00896840000000001	-0.0296256	-0.046683	0.00043936	0	0	0.107245	-0.0076471118	-0.0501453577	0.0222893319	0.0436369724	-0.0350311327	-0.0334080384	0.0447861304	0.0203306886	-0.0507226006	-0.0055199161	0.0523343914	-0.0097614921	-0.0494840794	0.0242106219	0.0424146861	-0.0365955205	-0.0317289578	0.0458602343	0.0183379745	-0.0512148408	-0.0033834701	0.0113799986	0.0465115594	-0.0454234025	0.0354824816	-0.0699477359	0.0348166251	-0.0227940877	-0.0264468521	-0.049668886	0.0673166387	0.5839775812543	1.5968566101061	0.448081059024295	0.592443852028073
0.0733193	-0.00600267	0.446208	0.00138857	-0.0013167	0.00260846	0.007007	0.03752813	-1.59999999999605e-05	-0.000263209999999999	0	0.00044383	0.07990313	-0.0078703433	-0.0500130897	0.0229002443	0.0431311232	-0.0358619813	-0.032353904	0.0455849554	0.018654743	-0.0511910666	-0.0032708371	0.0521740164	-0.0124084642	-0.0484450328	0.0269671338	0.0403408874	-0.039090351	-0.0285934806	0.0476832451	0.014263743	-0.0519697758	0.0013541801	-0.0088965453	0.0204459507	-0.063163373	0.0270966813	-0.0788121345	0.0632784599	0.0205428104	-0.0335614955	-0.0307791268	0.0310984249	0.194494546175637	1.54061011283332	0.448081059024295	0.592443852028073
0.0573117	-0.00824072	0.470945	0.000952316	-0.0013167	0.00237333	-0.0160076	-0.00223805	0.024737	-0.000436254000000001	0	-0.00023513	0.07655185	-0.0080934286	-0.0498771065	0.0235073292	0.0426124582	-0.0366761804	-0.03127814	0.0463423012	0.0169566271	-0.0515825363	-0.0010156846	0.051896421	-0.0150222601	-0.0472539781	0.0296255153	0.0380985803	-0.0413994086	-0.025304607	0.0492194833	0.0100939368	-0.0523388891	0.0060807472	-0.0147996281	-0.0095567391	-0.1053846827	0.0031106417	-0.0017674916	3.84303e-05	-0.0356883214	0.0022436804	0.0102511331	0.0083139328	-0.304670540936509	1.4198018593418	0.448081059024295	0.592443852028073
0.0660733	0.0155322	0.455462	0.00101179	-0.0013167	0.00215923	0.00876160000000001	0.02377292	-0.015483	5.9474e-05	0	-0.0002141	0.06169622	-0.0083163637	-0.0497374181	0.024110485	0.0420811315	-0.0374733519	-0.0301814655	0.0470574788	0.015238359	-0.051896421	0.0012413539	0.051502229	-0.0175958911	-0.0459146523	0.0321760928	0.0356971313	-0.0435117199	-0.0218799809	0.0504597097	0.0058564958	-0.0523194405	0.010757547	-0.0322517594	-0.0277733305	-0.0128391248	0.0471927495	0.0558322924	-0.0584207062	0.0086418841	0.0755223556	0.0058452943	0.0646351318	-0.567759905949511	1.44207867643979	-2.22840312389761	-1.68540061352814
0.0775066	0.0259824	0.490476	0.000252385	-0.00108489	0.00224159	0.0114333	0.0104502	0.035014	-0.000759405	0.00023181	8.23600000000001e-05	0.11057625	-0.0085391442	-0.049594035	0.024709611	0.0415373011	-0.0382531258	-0.0290646136	0.0477298374	0.0135019809	-0.0521322486	0.0034960873	0.050992326	-0.0201224762	-0.044431258	0.034609585	0.0331465714	-0.0454172463	-0.0183379745	0.0513964655	0.0015798132	-0.0519115742	0.0153463027	-0.03409426	-0.0020960056	0.0396961196	0.0533073225	0.0186233353	0.0237283513	0.0682297562	0.055334331	0.0247679667	0.0171621988	0.743394717450785	1.71786911125379	0.448081059024295	0.592443852028073
0.0661607	0.0118023	0.506837	0.000696682	-0.00119845	0.00224159	-0.0113459	-0.0141801	0.016361	0.000444297	-0.000113560000000001	0	0.06977985	-0.0087617663	-0.0494469678	0.025304607	0.0409811285	-0.03901514	-0.0279283311	0.0483587652	0.0117495564	-0.0522896643	0.0057443291	0.0503678575	-0.0225952602	-0.0428084497	0.0369171367	0.0304575546	-0.0471069319	-0.0146975897	0.0520241169	-0.0027074549	-0.0511183183	0.0198094581	0.0066388068	0.0309840781	0.0104597304	-0.0170375369	0.0065276206	-0.0245845633	-0.0239328868	-0.032095216	0.0206956192	0.0035821195	0.411690631521998	0.086048534258416	0.448081059024295	0.592443852028073
0.0723279	0.0458559	0.514697	0.000382039	-0.00123016	0.00224159	0.0061672	0.0340536	0.00786000000000009	-0.000314643	-3.17099999999995e-05	0	0.06539845	-0.0089842256	-0.0492962274	0.0258953737	0.0404127789	-0.0397590408	-0.0267733776	0.04894369	0.009983168	-0.0523684314	0.0079819045	0.0496302266	-0.0250076315	-0.0410513194	0.039090351	0.0276413132	-0.0485727468	-0.0109783563	0.0523388891	-0.0069765817	-0.0499455618	0.024110485	-0.0213776718	0.0167285207	0.0084555768	-0.0005016422	-0.0405119996	0.0533520745	0.016897963	-0.0403545398	-0.0147480689	0.0255050695	-0.513264009497006	0.568510729197274	0.448081059024295	0.592443852028073
0.0681788	0.00407388	0.555346	0.00096508	-0.00149784	0.00224159	-0.0041491	-0.04178202	0.0406489999999999	0.000583041	-0.00026768	0	0.12911617	-0.009206518	-0.0491418251	0.0264818121	0.0398324213	-0.0404844828	-0.0256005252	0.0494840794	0.0082049152	-0.0523684314	0.0102046586	0.0487810905	-0.0273531403	-0.0391653804	0.0411213197	0.024709611	-0.0498077248	-0.0072002268	0.0523388891	-0.0111989617	-0.0484020114	0.028214182	-0.0299141126	-0.0464593401	-0.0406355466	-0.0342299293	0.0227106491	-0.0244239589	-0.0843338042	0.0244363992	0.0017946237	-0.0175114749	1.02946946447986	0.521967675866433	-2.22840312389761	0.592443852028073
0.0613478	0.046832	0.520935	0.00045365	-0.00126955	0.0023833	-0.00683099999999999	0.04275812	-0.034411	-0.00051143	0.00022829	0.00014171	0.12807162	-0.0094286395	-0.0489837722	0.0270638244	0.0392402281	-0.0411911291	-0.024410558	0.0499794418	0.0064169112	-0.0522896643	0.0124084642	0.0478223571	-0.0296255153	-0.0371565505	0.0430026525	0.021674694	-0.0508059967	-0.0033834701	0.0520241169	-0.0153463027	-0.0464991262	0.0320869629	-0.0435586002	-0.0499257137	-0.0031224678	0.0370013622	-0.0234940751	-0.0003009024	-0.0315107465	0.0554029162	0.0205432398	0.0316840886	1.17149429329788	0.485653875475965	-2.22840312389761	-1.68540061352814
0.0699306	-0.0102613	0.536974	0.000789413	-0.00140189	0.00230983	0.0085828	-0.0570933	0.0160389999999999	0.000335763	-0.00013234	-7.347e-05	0.10879375	-0.0096505858	-0.0488220806	0.0276413132	0.0386363752	-0.0418786518	-0.0232042715	0.0504293264	0.004621281	-0.0521322486	0.0145892291	0.0467561802	-0.0318186811	-0.0350311327	0.0447275033	0.0185492395	-0.0515628185	0.0004514381	0.0513964655	-0.0193908153	-0.0442510332	0.0356971313	-0.0089581088	-0.0335858506	0.0267128051	0.0578593264	-0.0202339418	-0.001900398	0.0136573288	-0.0162524576	0.0399663934	0.0125609969	0.376700420799264	0.534227990885764	-2.22840312389761	-1.68540061352814
0.0667922	0.0271762	0.516216	0.000524868	-0.00163848	0.00224159	-0.00313840000000001	0.0374375	-0.0207579999999999	-0.000264545	-0.00023659	-6.82400000000002e-05	0.08980265	-0.009872353	-0.0486567622	0.028214182	0.0380210421	-0.0425467316	-0.0219824722	0.0508333239	0.0028201586	-0.051896421	0.016742904	0.0455849554	-0.0339267737	-0.0327957961	0.0462895956	0.0153463027	-0.0520745933	0.0042839244	0.0504597097	-0.0233053991	-0.0416744222	0.03901514	0.0071353128	0.0144407301	0.0070560919	0.0531946927	-0.0731321242	0.0410388033	-0.0169639731	-0.0017522483	-0.0160803978	0.0417777378	1.52298436696389	1.48529095616827	-2.22840312389761	-1.68540061352814
0.070317	0.0117622	0.538368	0.00045365	-0.00118811	0.00224159	0.00352479999999999	-0.015414	0.0221520000000001	-7.12180000000001e-05	0.00045037	0	0.0671702	-0.0100939368	-0.0484878293	0.0287823352	0.0373944116	-0.0431950583	-0.0207459769	0.0511910666	0.0010156846	-0.0515825363	0.0188654898	0.044311314	-0.0359441567	-0.0304575546	0.0476832451	0.0120792627	-0.0523388891	0.0080934286	0.0492194833	-0.0270638244	-0.0387884217	0.0420138333	0.032734211	0.0275260461	-0.0280109194	0.039227024	-0.0685553503	0.0526449763	0.0322385091	-0.0469867586	-0.0016927973	0.0353693282	1.73128178968172	1.6508635759924	-2.22840312389761	0.592443852028073
0.0614356	-0.00357335	0.556989	0.000144095	-0.00165782	0.00224159	-0.00888139999999999	-0.01533555	0.018621	-0.000309555	-0.00046971	0	0.0818012	-0.0103153331	-0.0483152946	0.0293456776	0.0367566699	-0.043823331	-0.0194956122	0.051502229	-0.0007899965	-0.0511910666	0.0209530451	0.0429381175	-0.0378654364	-0.028023745	0.0489033805	0.0087617663	-0.0523544498	0.0118595137	0.0476832451	-0.0306409077	-0.0356144575	0.0446686685	0.0499401609	0.0130625261	-0.0495888581	0.0061555114	-0.0044722589	-0.050661007	-0.0016906667	-0.0309675555	-0.0646897007	-0.0085405771	1.6877297109231	1.41276211267684	-2.22840312389761	0.592443852028073
0.0573815	0.0474074	0.517252	2.20099e-05	-0.00153408	0.00224159	-0.00405409999999999	0.05098075	-0.039737	-0.0001220851	0.00012374	0	0.107063105	-0.0105365379	-0.0481391707	0.0299041152	0.0361080066	-0.044431258	-0.0182322141	0.051766528	-0.0025947387	-0.0507226006	0.0230016937	0.0414684511	-0.0396854757	-0.0255020041	0.0499455618	0.005407671	-0.0521212014	0.0155619757	0.0458602343	-0.0340126806	-0.0321760928	0.0469579174	-0.0063888741	0.0232410785	-0.020610179	0.0053900419	-0.022945575	0.0244471516	0.0279488275	-0.0158508601	0.0183651656	0.0003174216	1.88638388021728	0.844031252379476	-2.22840312389761	0.592443852028073
0.0574897	0.0397059	0.539967	0.000176604	-0.00176236	0.00224159	0.000108199999999982	-0.0077015	0.0227149999999999	0.0001545941	-0.00022828	0	0.0496684049999999	-0.010757547	-0.0479594708	0.0304575546	0.0354486142	-0.045018557	-0.0169566271	0.0519837232	-0.0043963972	-0.050177843	0.0250076315	0.0399056168	-0.0413994086	-0.0229002443	0.0508059967	0.0020309873	-0.0516402525	0.0191809517	0.0437614146	-0.0371565505	-0.028498854	0.048862844	-0.0195298459	0.0306382845	-0.016730719	-0.0094023618	-0.02551879	0.0208710489	-0.0060948323	-0.0454101533	0.0223074729	-0.0130129195	1.93997280828005	-0.05851001695497	-2.22840312389761	0.592443852028073
0.0756089	0.00660678	0.52427	0.000847562	-0.00131023	0.00224159	0.0181192	-0.03309912	-0.015697	0.000670958	0.00045213	0	0.12306972	-0.0109783563	-0.0477762082	0.0310059033	0.0347786889	-0.0455849554	-0.015669704	0.0521536168	-0.0061928308	-0.0495576132	0.0269671338	0.0382531258	-0.0430026525	-0.0202266294	0.0514815542	-0.0013541801	-0.0509138886	0.0226970271	0.0413994086	-0.0400514517	-0.0246100408	0.0503678575	-0.0251359673	0.0301816902	-0.0736767898	-0.0078294059	-0.0253962073	0.0358903554	-0.0127680057	-0.0462395641	-0.0243721647	0.0142794846	1.85011317089665	0.241273286067263	-2.22840312389761	0.592443852028073
0.0771812	0.07068	0.532795	0.000375022	-0.000912212	0.00212221	0.00157230000000001	0.06407322	0.008525	-0.00047254	0.000398018	-0.00011938	0.12366742	-0.0111989617	-0.0475893965	0.0315490697	0.0340984296	-0.0461301902	-0.0143723053	0.0522760543	-0.0079819045	-0.048862844	0.0288765622	0.0365146908	-0.0444909208	-0.0174895484	0.0519697758	-0.0047336909	-0.0499455618	0.0260913389	0.0387884217	-0.042677987	-0.0205385235	0.0514606403	-0.0426325329	-0.0207253807	-0.0700852762	0.0407291843	-0.0229964221	0.0503549518	0.0582661128	0.0140712838	-0.0052689561	0.0439916089	1.88080685811755	-0.065521234901075	-2.22840312389761	0.592443852028073
0.0830349	0.00582639	0.570004	0.000163788	-0.000899239	0.00224159	0.00585369999999998	-0.06485361	0.0372089999999999	-0.000211234	1.2973e-05	0.00011938	0.12509566	-0.0114193591	-0.0473990497	0.0320869629	0.0334080384	-0.0466540082	-0.0130652981	0.0523509242	-0.0097614921	-0.0480945804	0.030732371	0.0346942175	-0.0458602343	-0.0146975897	0.0522688852	-0.0080934286	-0.048739874	0.0293456776	0.0359441567	-0.045018557	-0.016314529	0.0521322486	0.0391186667	0.0294497098	0.0062260026	0.0318718095	0.0414856535	-0.0871058635	0.018272126	-0.0751999218	0.0419859529	-0.0181719775	1.72125605367302	-0.234066951574071	-2.22840312389761	0.592443852028073
0.0798428	0.0657168	0.580198	3.63723e-05	-0.00127303	0.00224159	-0.00319209999999998	0.05989041	0.010194	-0.0001274157	-0.000373791	0	0.098336845	-0.0116395445	-0.0472051818	0.0326194932	0.0327077205	-0.0471561663	-0.0117495564	0.0523781585	-0.0115294786	-0.0472539781	0.0325311144	0.0327957961	-0.0471069319	-0.0118595137	0.0523777937	-0.0114193591	-0.047302555	0.0324425845	0.0328837193	-0.0470574788	-0.011969416	0.0523771858	0.0128942459	0.0445118664	0.0167167629	-0.0216024455	0.0123615694	0.0298880594	0.0454132419	0.0017926026	-0.0348582483	0.0063743847	1.63908866895657	0.094307863437278	-2.22840312389761	0.592443852028073
0.0979794	0.00509172	0.620792	-3.86018e-05	-0.00135039	0.00232164	0.0181366	-0.06062508	0.040594	-7.49741e-05	-7.73599999999998e-05	8.00499999999999e-05	0.130974885	-0.0118595137	-0.0470078072	0.0331465714	0.0319976841	-0.0476364314	-0.0104259597	0.0523577323	-0.0132837629	-0.0463423012	0.0342694522	0.0308236917	-0.0482276804	-0.0089842256	0.0522961052	-0.0146975897	-0.0456404355	0.0353654455	0.0296255153	-0.0487810905	-0.0075354425	0.0521934471	-0.0329997247	-0.018821087	-0.0266401633	-0.0492054194	0.0737960862	0.0083791417	0.0230212188	0.0125518169	0.0157932055	-0.0578493319	1.65919262042471	-0.023574304939883	0.448081059024295	0.592443852028073
0.101222	0.0334285	0.59785	-0.000728648	-0.00135039	0.00224159	0.00324260000000001	0.02833678	-0.022942	-0.0006900462	0	-8.00499999999999e-05	0.09302619	-0.0120792627	-0.0468069407	0.0336681095	0.03127814	-0.0480945804	-0.0090953929	0.0522896643	-0.0150222601	-0.0453609212	0.0359441567	0.0287823352	-0.0492194833	-0.0060807472	0.0520241169	-0.0179144269	-0.0437614146	0.0380985803	0.02618914	-0.050177843	-0.0030455261	0.0515825363	-0.015583136	-0.026145574	0.0582279472	-5.04346e-05	0.0253000751	-0.0318421896	0.0055829764	0.0711289897	-0.0074969828	0.0058346816	1.61723097772598	0.061376964084659	0.448081059024295	0.592443852028073
0.0978765	0.0428952	0.627398	-0.000776991	-0.00117299	0.00230987	-0.0033455	0.0094667	0.029548	-4.83430000000001e-05	0.0001774	6.828e-05	0.05706135	-0.0122987873	-0.0466025972	0.0341840202	0.030549302	-0.0485304007	-0.0077587455	0.0521740164	-0.016742904	-0.044311314	0.0375521182	0.0266763128	-0.0500796887	-0.003158189	0.0515628185	-0.0210564335	-0.0416744222	0.0406273263	0.0225952602	-0.0512383773	0.0014670001	0.0505494535	0.0260116946	0.0089932826	0.0827448956	0.0030509861	0.0126148748	-0.009180708	0.0581641518	0.0328314318	0.0509623505	-0.034426069	1.51938890718332	0.428251499345067	0.448081059024295	0.592443852028073
0.0893012	0.0127753	0.655686	-0.00114735	-0.00119587	0.00224159	-0.00857530000000004	-0.0301199	0.028288	-0.000370359	-2.28799999999999e-05	-6.828e-05	0.09005915	-0.0125180835	-0.0463947917	0.0346942175	0.0298113868	-0.04894369	-0.0064169112	0.0520108938	-0.0184436498	-0.0431950583	0.039090351	0.0245103563	-0.0508059967	-0.0002257211	0.0509138886	-0.024110485	-0.0393893764	0.0429381175	0.0188654898	-0.0519555872	0.0059686353	0.0491026536	0.0307951018	0.019271268	0.0223125036	-0.0743547144	0.0403291163	-0.0334701478	-0.0475792618	-0.0396015033	0.0086918041	-0.0508761919	1.16175256372844	0.398721623131444	0.448081059024295	0.592443852028073
0.0720116	0.0145834	0.654278	-0.00139735	-0.0011919	0.00224159	-0.0172896	0.0018081	-0.00140799999999996	-0.00025	3.96999999999984e-06	0	0.0332041999999999	-0.0127371473	-0.0461835398	0.0351986159	0.0290646136	-0.0493342563	-0.0050707869	0.0518004449	-0.0201224762	-0.0420138333	0.0405559987	0.0222893319	-0.0513964655	0.0027074549	0.0500796887	-0.0270638244	-0.0369171367	0.045018557	0.0150222601	-0.052324667	0.0104259597	0.0472539781	-0.0059279231	-0.0565962059	0.0397004328	-0.0020361724	0.027095751	0.0105919147	-0.0305984408	0.0680301348	-0.0082470235	-0.0462213914	1.13485406690355	0.282967972733938	0.448081059024295	0.592443852028073
0.0639581	0.0402774	0.673679	-0.00151776	-0.00106958	0.00224159	-0.00805350000000001	0.025694	0.019401	-0.00012041	0.00012232	0	0.065285	-0.0129559745	-0.0459688572	0.0356971313	0.0283092043	-0.0497019183	-0.0037212726	0.0515428613	-0.021777388	-0.0407694154	0.0419463399	0.0200182296	-0.0518495163	0.0056321357	0.0490632542	-0.0299041152	-0.0342694522	0.0468574839	0.0110886847	-0.0523431439	0.0148058821	0.045018557	0.0578606641	0.007131497	0.0562835337	-0.0501829292	0.0379860245	0.0040995679	0.082153642	0.0191844841	0.0093150604	-0.0437234591	1.08815692553273	-0.025798922021322	0.448081059024295	0.592443852028073
0.0624222	0.0313442	0.670999	-0.00168981	-0.00106958	0.00224159	-0.00153590000000001	-0.0089332	-0.00268000000000002	-0.00017205	0	0	0.0217516	-0.0131745611	-0.0457507597	0.0361896802	0.0275453833	-0.0500465054	-0.0023692706	0.0512383773	-0.0234064185	-0.0394636764	0.0432587929	0.017702152	-0.0521639377	0.0085391442	0.0478682839	-0.0326194932	-0.0314589057	0.0484450328	0.0070884207	-0.0520108938	0.0190758861	0.0424146861	-0.0141625448	-0.0364610305	0.0233675112	-0.0715600145	0.0226447238	0.0496095692	-0.0366059695	-0.0130547523	0.0545139591	-0.0939270272	1.15389114200853	-0.15426000509481	0.448081059024295	0.592443852028073
0.0682552	-0.00833519	0.659336	-0.00134661	-0.00126942	0.00224159	0.005833	-0.03967939	-0.0116630000000001	0.0003432	-0.00019984	0	0.08432739	-0.013392903	-0.0455292636	0.0366761804	0.0267733776	-0.0503678575	-0.0010156846	0.0508872699	-0.0250076315	-0.0380985803	0.0444909208	0.0153463027	-0.0523388891	0.0114193591	0.0464991262	-0.0351986159	-0.028498854	0.049772687	0.0030455261	-0.0513301431	0.0232042715	0.0394636764	0.0719983238	-0.004661462	0.0381654797	-0.0149994644	0.0454780758	-0.0590591303	-0.0197684967	0.0108189023	-0.0566496315	-0.0013986539	0.697937325927884	0.039489000163742	0.448081059024295	0.592443852028073
0.0680867	0.0165431	0.672563	-0.00179092	-0.00101653	0.00206138	-0.000168500000000002	0.02487829	0.0132270000000001	-0.00044431	0.00025289	-0.00018021	0.08214429	-0.0136109962	-0.0453043854	0.0371565505	0.0259934166	-0.0506658255	0.0003385804	0.0504898588	-0.0265791242	-0.0366761804	0.0456404355	0.0129559745	-0.0523739028	0.014263743	0.0449607632	-0.0376307102	-0.0254033645	0.0508333239	-0.0010156846	-0.0503054532	0.0271603893	0.0361896802	0.0079103498	-0.0256638971	0.0306419984	-0.0603596788	0.0080526173	0.0302005098	0.0119345353	0.0103425176	0.0119111417	-0.0585892924	1.76877187447528	-0.032481403764683	0.448081059024295	0.592443852028073
0.068001	0.0027169	0.659373	-0.00125448	-0.000859412	0.00224159	-8.56999999999941e-05	-0.0138262	-0.01319	0.00053644	0.000157118	0.00018021	0.0707903	-0.0138288366	-0.0450761418	0.0376307102	0.0252057321	-0.050940271	0.0016926191	0.0500465054	-0.0281190288	-0.0351986159	0.0467052026	0.0105365379	-0.0522688852	0.0170633708	0.0432587929	-0.0399056168	-0.0221871482	0.0516212534	-0.0050707869	-0.04894369	0.0309148693	0.0326194932	0.0283156324	-0.0275081717	0.0582512264	0.0053801335	0.0385130745	-0.0381187965	-0.031270968	-0.016135474	-0.0184598316	-0.0031033245	2.3223581519983	0.117288847190314	0.448081059024295	0.592443852028073
0.0680293	-0.0223588	0.652564	-0.0015791	-0.000906872	0.00224159	2.8299999999995e-05	-0.0250757	-0.00680899999999995	-0.000324619999999999	-4.746e-05	0	0.050517	-0.0140464202	-0.0448445497	0.0380985803	0.024410558	-0.0511910666	0.0030455261	0.0495576132	-0.0296255153	-0.0336681095	0.0476832451	0.0080934286	-0.0520241169	0.0198094581	0.0413994086	-0.0420138333	-0.0188654898	0.0521322486	-0.0090953929	-0.0472539781	0.0344398384	0.0287823352	0.0237267052	-0.0041597719	0.0085335787	-0.0674522618	0.0279351238	-0.0342789717	-0.0530141793	0.0010768101	-0.0011722442	-0.034218504	2.19299723204763	0.124189268877319	-2.22840312389761	0.592443852028073
0.054693	0.0123393	0.646664	-0.00203898	-0.000219562	0.00178291	-0.0133363	0.0346981	-0.00590000000000002	-0.00045988	0.00068731	-0.00045868	0.1342279	-0.014263743	-0.0446096262	0.0385600826	0.0236081307	-0.0514180959	0.0043963972	0.049023627	-0.0310967934	-0.0320869629	0.0485727468	0.0056321357	-0.0516402525	0.0224933884	0.0393893764	-0.0439465533	-0.015454175	0.0523635681	-0.0130652981	-0.0452476394	0.0377091275	0.024709611	0.0276592326	-0.0394412791	0.0403409945	0.00460882	0.0264956586	-0.0136495743	0.0048546525	0.100550808	-0.0589150543	-0.0193178826	1.82334340307737	0.611273953412819	-2.22840312389761	0.592443852028073
0.0513939	-0.000537146	0.654979	-0.00187727	-0.000280315	0.00177996	-0.00329909999999999	-0.012876446	0.00831499999999996	0.00016171	-6.0753e-05	-2.95000000000005e-06	0.035761196	-0.0144808008	-0.044371389	0.03901514	0.0227986886	-0.0516212534	0.0057443291	0.0484450328	-0.0325311144	-0.0304575546	0.0493720561	0.003158189	-0.0511183183	0.0251067401	0.0372360105	-0.0456957037	-0.011969416	0.0523139709	-0.0169566271	-0.0429381175	0.0406984653	0.0204346535	0.0279674687	0.0192020103	0.0466387338	-0.0641470547	-0.009415758	-0.0122980847	0.0006605089	0.0041795983	0.0119376958	-0.039899769	1.55904731940015	-0.092600112284459	-2.22840312389761	0.592443852028073
0.0408323	0.0164387	0.615098	-0.00151	-0.000236768	0.00155526	-0.0105616	0.016975846	-0.0398810000000001	0.00036727	4.3547e-05	-0.0002247	0.0991942959999999	-0.0146975897	-0.0441298556	0.0394636764	0.0219824722	-0.0518004449	0.0070884207	0.0478223571	-0.0339267737	-0.0287823352	0.0500796887	0.0006771467	-0.0504597097	0.0276413132	0.0349471469	-0.0472539781	-0.0084277735	0.0519837232	-0.0207459769	-0.0403408874	0.0433856593	0.0159924506	0.0029556495	-0.0009391817	0.0026572724	-0.0228287034	-0.0526288622	0.0564565535	-0.0090373383	-0.0071237711	-0.0163099033	0.0153857941	0.990539899222927	0.420975675659607	-2.22840312389761	0.592443852028073
0.0310754	0.01752	0.563791	-0.00171047	-1.60598e-05	0.000849654	-0.0097569	0.0010813	-0.051307	-0.00020047	0.0002207082	-0.000705606	0.11848441	-0.0149141057	-0.043885044	0.0399056168	0.0211597241	-0.0519555872	0.0084277735	0.0471561663	-0.0352821126	-0.0270638244	0.0506943307	-0.001805417	-0.0496661877	0.0300891549	0.0325311144	-0.0486148674	-0.0048460789	0.0513745965	-0.024410558	-0.0374733519	0.0457507597	0.0114193591	0.0269464232	0.0303267655	-0.0629018844	0.0075978947	-0.0288178157	0.0124839825	0.021119904	-0.0382816756	-0.0220017995	0.0044524889	0.966548146563377	0.537162917656613	-2.22840312389761	0.592443852028073
0.00781546	0.0426247	0.483718	-0.000156368	-0.000411551	0.000761559	-0.02325994	0.0251047	-0.0800729999999999	0.001554102	-0.0003954912	-8.80950000000002e-05	0.23032205	-0.0151303447	-0.0436369724	0.0403408874	0.0203306886	-0.0520866082	0.0097614921	0.0464470668	-0.0365955205	-0.025304607	0.0512148408	-0.0042839244	-0.048739874	0.0324425845	0.0299967047	-0.049772687	-0.0012413539	0.0504898588	-0.0279283311	-0.0343547251	0.0477762082	0.006752807	0.0114313982	0.0617312407	-0.0835699197	0.1101874484	0.0754807313	-0.0232216497	0.0401347252	-0.0372304863	-0.0665005607	0.1272717523	0.727018659200652	0.290037804093549	0.448081059024295	0.592443852028073
0.0165146	0.00302916	0.541898	-0.000728568	-0.000295579	0.000847413	0.00869914	-0.03959554	0.0581799999999999	-0.0005722	0.000115972	8.58540000000002e-05	0.14517598	-0.0153463027	-0.0433856593	0.0407694154	0.0194956122	-0.0521934471	0.0110886847	0.0456957037	-0.0378654364	-0.0235073292	0.0516402525	-0.006752807	-0.0476832451	0.0346942175	0.0273531403	-0.0507226006	0.0023692706	0.0493342563	-0.03127814	-0.0310059033	0.0494469678	0.0020309873	-0.0680329877	0.0305808394	-0.0001022808	-0.0201980429	0.1039978393	-0.0647269612	-0.0089979969	0.0141321484	0.0765052045	0.0294542115	0.254394282540458	1.6518083363407	0.448081059024295	0.592443852028073
0.0183163	-0.00818488	0.536988	-0.000447438	0.000246601	0.000941247	0.0018017	-0.01121404	-0.00490999999999997	0.00028113	0.00054218	9.3834e-05	0.06378294	-0.0155619757	-0.0431311232	0.0411911291	0.018654743	-0.0522760543	0.0124084642	0.0449027607	-0.039090351	-0.021674694	0.0519697758	-0.009206518	-0.0464991262	0.0368369888	0.0246100408	-0.0514606403	0.0059686353	0.0479139886	-0.0344398384	-0.0274493255	0.050750635	-0.0027074549	-0.1023722767	-0.0034578725	0.0413894199	0.021868325	0.043330323	-0.0562568141	-0.1183684357	0.0420660959	0.0746787926	0.0746629677	0.057941163150579	0.927093686594732	0.448081059024295	0.592443852028073
0.000283716	0.0400502	0.582195	-0.00121916	0.00051957	0.000726644	-0.018032584	0.04823508	0.045207	-0.000771722	0.000272969	-0.000214603	0.174439364	-0.0157773596	-0.0428733831	0.0416059582	0.0178083308	-0.0523343914	0.0137199483	0.0440689593	-0.0402688086	-0.0198094581	0.0522027989	-0.0116395445	-0.0451906832	0.0388641751	0.021777388	-0.0519837232	0.0095396348	0.046236675	-0.0373944116	-0.0237088227	0.0516775313	-0.0074237382	-0.0401683863	-0.0266019156	0.0367627963	0.0504302101	-0.0317362078	0.02722599	0.0180541164	0.0830870667	-0.0010664817	0.0069991703	-0.712353758232278	0.010760996600138	0.448081059024295	0.592443852028073
-0.0118832	-0.0163234	0.604498	-0.00114895	0.000354619	0.000937046	-0.012166916	-0.0563736	0.022303	7.021e-05	-0.000164951	0.000210402	0.113121666	-0.0159924506	-0.0426124582	0.0420138333	0.0169566271	-0.0523684314	0.0150222601	0.0431950583	-0.0413994086	-0.0179144269	0.0523388891	-0.0140464202	-0.0437614146	0.0407694154	0.0188654898	-0.0522896643	0.0130652981	0.044311314	-0.0401240904	-0.0198094581	0.0522207755	-0.0120792627	0.0362987235	0.0270557809	0.0432032674	0.012374137	0.0120078852	-0.0418014764	-0.0213933515	-0.0291443775	0.0439583364	-0.0455139855	-0.288542062212778	1.11603962220535	-2.22840312389761	0.592443852028073
-0.0118955	-0.0161483	0.587738	-0.000987786	0.000355102	0.000937046	-1.22999999999998e-05	0.000175100000000001	-0.01676	0.000161164	4.82999999999961e-07	0	0.02502975	-0.0162072446	-0.0423483678	0.0424146861	0.016099885	-0.0523781585	0.016314529	0.0422818529	-0.0424808075	-0.0159924506	0.0523777937	-0.0164217376	-0.0422151417	0.0425467316	0.015884942	-0.0523771858	0.01652887	0.0421482344	-0.0426124582	-0.0157773596	0.0523763346	-0.0166359256	0.0319585025	0.037554315	-0.002771668	-0.0085250989	-0.0056549427	0.0141219386	0.0244736684	0.0030464108	-0.0471565277	0.0102836312	0.074417549762409	-0.038041380009491	0.448081059024295	0.592443852028073
-0.0119951	-0.00964449	0.564986	-0.00118215	0.000563716	0.00104259	-9.96000000000018e-05	0.00650381	-0.022752	-0.000194364	0.000208614	0.000105544	0.05478151	-0.0164217376	-0.0420811315	0.0428084497	0.015238359	-0.0523635681	0.0175958911	0.0413301739	-0.0435117199	-0.0140464202	0.0523194405	-0.0187601599	-0.0405559987	0.044190547	0.0128465907	-0.0522459219	0.0199138901	0.0397590408	-0.0448445497	-0.0116395445	0.0521430537	-0.0210564335	-0.016282003	0.031161408	-0.0198387751	-0.0198190878	-0.002050455	0.0415746851	0.0164405945	-0.038878975	0.0217322158	0.0036326615	-0.324405901438903	0.765242288462674	0.448081059024295	0.592443852028073
-0.0119909	-0.038829	0.533704	-0.000987786	0.000603728	0.000687046	4.20000000000281e-06	-0.02918451	-0.031282	0.000194364	4.0012e-05	-0.000355544	0.08996671	-0.0166359256	-0.0418107693	0.0431950583	0.0143723053	-0.052324667	0.0188654898	0.0403408874	-0.0444909208	-0.0120792627	0.0521639377	-0.0210564335	-0.0387884217	0.0456957037	0.0097614921	-0.051896421	0.0232042715	0.0371565505	-0.0468069407	-0.0074237382	0.0515226647	-0.025304607	-0.0589619593	-0.0094935907	-0.0466738375	0.0018672477	0.0082492506	-0.0161878968	-0.013183753	-0.0169218876	0.0464600841	0.0515345414	-0.724024570670156	1.85541389266086	0.448081059024295	0.592443852028073
-0.0118777	-0.0374352	0.509745	-0.000987786	0.000400106	0.000687047	0.000113199999999999	0.00139380000000001	-0.023959	0	-0.000203622	9.99999999907325e-10	0.03564715	-0.0168498047	-0.0415373011	0.0435744473	0.0135019809	-0.0522614734	0.0201224762	0.0393148935	-0.0454172463	-0.0100939368	0.0519115742	-0.0233053991	-0.0369171367	0.0470574788	0.0066408724	-0.0513301431	0.0263843771	0.0343547251	-0.0484878293	-0.003158189	0.0505197734	-0.0293456776	-0.0480682157	-0.0132684055	0.010116278	0.093340462	0.0253422681	-0.0196730858	0.0274818261	0.0401692414	0.0135372237	0.0581411829	-0.365225653030198	0.671337118538702	-2.22840312389761	0.592443852028073
0.0107458	0.00770918	0.512404	-0.00120836	0.000781537	0.00109414	0.0226235	0.04514438	0.00265899999999997	-0.000220574	0.000381431	0.000407093	0.12088178	-0.0170633708	-0.0412607473	0.0439465533	0.0126276447	-0.0521740164	0.0213660101	0.0382531258	-0.0462895956	-0.0080934286	0.0515628185	-0.0255020041	-0.0349471469	0.0482715996	0.0034960873	-0.0505494535	0.0294390937	0.0313685957	-0.0498771065	0.0011285219	0.0491418251	-0.0331465714	-0.0410672471	0.0137024717	0.0173057814	0.0775744199	-0.0451090945	0.0361519377	0.0052142395	0.0090535831	0.0122393641	0.0840139166	-0.230962226273039	0.722873025637331	-2.22840312389761	0.592443852028073
0.00155529	-0.00927561	0.521519	-0.00091055	0.000549625	0.000958234	-0.00919051	-0.01698479	0.00911499999999998	0.00029781	-0.000231912	-0.000135906	0.0685717	-0.01727662	-0.0409811285	0.044311314	0.0117495564	-0.0520623368	0.0225952602	0.0371565505	-0.0471069319	-0.0060807472	0.0511183183	-0.0276413132	-0.0328837193	0.0493342563	0.0003385804	-0.0495576132	0.032353904	0.028214182	-0.0509664168	0.005407671	0.0473990497	-0.0366761804	0.0126908532	0.0624810446	-0.03035441	0.0292204531	-0.0151415705	0.0165327136	-0.0186111762	-0.0300295006	-0.0097385888	0.0591363966	0.215151384092385	0.253377004627558	0.448081059024295	0.592443852028073
-0.00261665	0.0096291	0.540163	-0.000999386	0.000801996	0.000737006	-0.00417194	0.01890471	0.0186440000000001	-8.88360000000001e-05	0.000252371	-0.000221228	0.0698424	-0.0174895484	-0.0406984653	0.0446686685	0.0108679768	-0.0519264863	0.0238094045	0.0360261653	-0.0478682839	-0.0040589197	0.0505788988	-0.0297185201	-0.030732371	0.0502421146	-0.0028201586	-0.0483587652	0.0351149558	0.0249084068	-0.0517492091	0.0096505858	0.0453043854	-0.0399056168	-0.0152418639	0.0501501023	-0.0054886491	-0.0038731722	-0.0375383283	0.0277838263	0.0113413762	-0.0464347185	-0.0320591058	0.0193232991	-0.127815718071813	-1.1119554392548	0.448081059024295	0.592443852028073
-0.0120089	-0.0204113	0.563713	-0.00134366	0.000653133	0.00100977	-0.00939225	-0.0300404	0.02355	-0.000344274000000001	-0.000148863	0.000272764	0.1012777	-0.017702152	-0.0404127789	0.045018557	0.009983168	-0.051766528	0.0250076315	0.0348629988	-0.0485727468	-0.0020309873	0.0499455618	-0.0317289578	-0.028498854	0.050992326	-0.0059686353	-0.0469579174	0.0377091275	0.0214690046	-0.0522207755	0.0138288366	0.0428733831	-0.0428084497	-0.0037730484	0.0264839686	-0.0138110118	-0.0137153516	-0.0586101126	0.0229432409	-0.0396205883	-0.0453415065	-0.028442805	-0.0095450216	-2.397613394133	-1.12379261272189	0.448081059024295	0.592443852028073
-0.0120193	0.0157998	0.572104	-0.00166239	0.000656151	0.00100977	-1.04000000000007e-05	0.0362111	0.00839099999999993	-0.000318729999999999	3.01800000000003e-06	0	0.0606998999999999	-0.0179144269	-0.0401240904	0.0453609212	0.0090953929	-0.0515825363	0.02618914	0.0336681095	-0.0492194833	0	0.0492194833	-0.0336681095	-0.02618914	0.0515825363	-0.0090953929	-0.0453609212	0.0401240904	0.0179144269	-0.0523782801	0.0179144269	0.0401240904	-0.0453609212	-0.0021717872	0.007532959	-0.0225962497	-0.0190296309	-0.0737321899	0.0390419619	-0.0192664947	-0.0533876408	-0.0407891765	-0.0177976354	0.62799117047672	-1.11814482343311	0.448081059024295	0.592443852028073
-0.0161658	-0.022575	0.572925	-0.00156545	0.000613206	0.00100977	-0.0041465	-0.0383748	0.000821000000000072	9.694e-05	-4.29450000000001e-05	0	0.0503365500000001	-0.018126369	-0.0398324213	0.0456957037	0.0082049152	-0.0513745965	0.0273531403	0.0324425845	-0.0498077248	0.0020309873	0.0484020114	-0.0355316183	-0.0238094045	0.0520108938	-0.0121890533	-0.0435744473	0.0423483678	0.014263743	-0.0522207755	0.0218799809	0.0370769179	-0.0475421407	-0.0068378635	0.0053767543	-0.0667558786	-0.0134940121	-0.0438030527	0.0248740963	-0.0343171316	-0.0499323603	0.0007857175	0.000152315	0.575516658985418	-1.1227251639068	0.448081059024295	0.592443852028073
-0.0256734	0.0230665	0.556765	-0.00156545	0.000763459	0.000835224	-0.0095076	0.0456415	-0.0161600000000001	0	0.000150253	-0.000174546	0.0875490500000001	-0.0183379745	-0.0395377932	0.0460228486	0.0073119995	-0.0511428052	0.028498854	0.0311875391	-0.0503367722	0.0040589197	0.0474946641	-0.0373152977	-0.0213660101	0.0522760543	-0.015238359	-0.0416059582	0.044371389	0.0105365379	-0.0517492091	0.0256989275	0.0337544877	-0.0493342563	-0.0109352478	-5.13207e-05	-0.0708345402	-0.0244514102	-0.008433353	0.0074154884	0.0026060318	-0.0377159313	-0.0066877773	-0.0275173603	0.268106545611878	-1.22554158092598	0.448081059024295	0.592443852028073
-0.0322562	0.0229095	0.548673	-0.00187854	0.000509789	0.000809754	-0.0065828	-0.000157000000000001	-0.00809199999999999	-0.00031309	-0.00025367	-2.54699999999998e-05	0.0444433	-0.0185492395	-0.0392402281	0.0463423012	0.0064169112	-0.0508872699	0.0296255153	0.0299041152	-0.0508059967	0.0060807472	0.0464991262	-0.03901514	-0.0188654898	0.0523771858	-0.0182322141	-0.0394636764	0.0461835398	0.006752807	-0.0509664168	0.0293456776	0.0301814655	-0.0507226006	0.0001059762	0.0019504549	0.0147897526	0.0656201864	0.0263998523	-0.0259032076	-0.0314475125	0.0284602326	-0.0262259677	0.0911524723	1.02037261474914	-1.1816311877226	0.448081059024295	0.592443852028073
-0.0373161	-0.0737589	0.590132	-0.00177001	0.000308902	0.000540219	-0.0050599	-0.0966684	0.041459	0.00010853	-0.000200887	-0.000269535	0.1721349	-0.0187601599	-0.0389397479	0.0466540082	0.0055199161	-0.0506081094	0.030732371	0.0285934806	-0.0512148408	0.0080934286	0.0454172463	-0.0406273263	-0.016314529	0.0523139709	-0.0211597241	-0.0371565505	0.0477762082	0.0029328492	-0.0498771065	0.0327957961	0.0263843771	-0.0516958108	-0.0184564047	-0.0523419177	0.0198787492	0.0076667843	0.0133710977	-0.0064261168	0.0206869874	0.0740749737	0.00023894	-0.021078235	-0.168464448394247	-1.14633632085189	0.448081059024295	0.592443852028073
-0.0374207	0.00181222	0.621315	-0.00253342	0.000463153	0.000490356	-0.000104600000000003	0.07557112	0.031183	-0.00076341	0.000154251	-4.9863e-05	0.15523492	-0.018970732	-0.0386363752	0.0469579174	0.004621281	-0.0503054532	0.0318186811	0.027256828	-0.0515628185	0.0100939368	0.0442510332	-0.0421482344	-0.0137199483	0.0520866082	-0.0240102362	-0.0346942175	0.0491418251	-0.0009028426	-0.0484878293	0.0360261653	0.0223914121	-0.0522459219	0.0202869526	-0.0634212105	0.0166477822	0.0231476319	-0.0192980231	0.0057194751	-0.0437470617	0.0180755617	-0.0082791101	-0.0027203445	0.332347567362983	-1.1540283358647	0.448081059024295	0.592443852028073
-0.037305	-0.0137761	0.635532	-0.0023941	0.000276322	0.000585836	0.000115700000000003	-0.01558832	0.014217	0.00013932	-0.000186831	9.548e-05	0.0510025700000001	-0.0191809517	-0.0383301323	0.0472539781	0.0037212726	-0.0499794418	0.0328837193	0.0258953737	-0.0518495163	0.0120792627	0.0430026525	-0.0435744473	-0.0110886847	0.0516958108	-0.0267733776	-0.0320869629	0.0502739006	-0.0047336909	-0.0468069407	0.03901514	0.0182322141	-0.0523684314	0.0806322156	0.0029203709	-0.0213236574	-0.0384158575	0.0030699191	-0.0405068268	0.0243070251	-0.0322104021	-0.0548607374	-0.0559777828	-0.708618456150642	-1.23308738662905	0.448081059024295	0.592443852028073
-0.0374147	-0.00359424	0.644065	-0.00253342	0.000423448	0.000465738	-0.000109700000000004	0.01018186	0.00853300000000001	-0.00013932	0.000147126	-0.000120098	0.03915176	-0.0193908153	-0.0380210421	0.0475421407	0.0028201586	-0.0496302266	0.0339267737	0.0245103563	-0.0520745933	0.0140464202	0.0416744222	-0.0449027607	-0.0084277735	0.0511428052	-0.0294390937	-0.0293456776	0.0511670547	-0.0085391442	-0.0448445497	0.0417426926	0.0139376608	-0.0520623368	0.0032148256	-0.0224443225	0.0227226622	-0.0766945886	-0.0064319526	0.0132782793	-0.0093542841	-0.0181617247	0.0125910969	-0.0808878753	0.312186814606995	-1.16415081651802	0.448081059024295	0.592443852028073
-0.030618	-0.00686824	0.644109	-0.00214562	2.82047e-05	0.000850742	0.0067967	-0.003274	4.4000000000044e-05	0.0003878	-0.0003952433	0.000385004	0.068517065	-0.0196003187	-0.0377091275	0.0478223571	0.0019182066	-0.0492579697	0.0349471469	0.0231030362	-0.0522377823	0.0159924506	0.0402688086	-0.0461301902	-0.0057443291	0.0504293264	-0.0319976841	-0.0264818121	0.0518170426	-0.0122987873	-0.0426124582	0.044190547	0.0095396348	-0.0513301431	0.0127219674	-0.047915111	-0.0114497396	-0.0627373783	-0.0354292638	-0.0279806453	-0.0490106859	0.0235424242	-0.0552909386	-0.0736664065	0.239631813049062	-1.16160757483015	0.448081059024295	0.592443852028073
-0.0184466	-0.00830509	0.644073	-0.00253342	0.000375157	0.000987294	0.0121714	-0.00143685	-3.6000000000036e-05	-0.0003878	0.0003469523	0.000136552	0.057209465	-0.0198094581	-0.0373944116	0.0480945804	0.0010156846	-0.048862844	0.0359441567	0.021674694	-0.0523388891	0.0179144269	0.0387884217	-0.0472539781	-0.0030455261	0.0495576132	-0.0344398384	-0.0235073292	0.0522207755	-0.0159924506	-0.0401240904	0.0463423012	0.0050707869	-0.050177843	-0.0102488059	-0.0969191077	-0.040439801	-0.0318535268	0.0092081694	0.0419113646	0.0404980641	0.035012861	0.013535824	-0.0796022135	-0.234045548354971	-1.08287032352179	0.448081059024295	0.592443852028073
-0.0318836	-0.0540025	0.611037	-0.00187101	0.000362158	0.000853808	-0.013437	-0.04569741	-0.0330360000000001	0.00066241	-1.2999e-05	-0.000133486	0.13261516	-0.0200182296	-0.0370769179	0.0483587652	0.0001128608	-0.0484450328	0.0369171367	0.0202266294	-0.0523777937	0.0198094581	0.0372360105	-0.0482715996	-0.0003385804	0.0485304007	-0.0367566699	-0.0204346535	0.0523763346	-0.0196003187	-0.0373944116	0.0481835374	0.0005642937	-0.0486148674	0.0403703772	-0.0539365738	-0.0042689492	0.0439465922	0.0363074177	-0.0605283548	0.0312838556	-0.0156690294	0.0070008989	-0.0273966229	0.854669057760059	-1.06726369311299	0.448081059024295	0.592443852028073
-0.0374068	-0.0173496	0.572699	-0.00183984	0.000677641	0.000420807	-0.00552320000000001	0.0366529	-0.038338	3.11700000000001e-05	0.000315483	-0.000433001	0.1194968	-0.0202266294	-0.0367566699	0.0486148674	-0.0007899965	-0.0480047303	0.0378654364	0.0187601599	-0.0523544498	0.021674694	0.0356144575	-0.0491807684	0.0023692706	0.0473509122	-0.0389397479	-0.01727662	0.0522829807	-0.0231030362	-0.0344398384	0.0497019183	-0.0039463888	-0.0466540082	0.0582089992	0.0166195317	0.0129347849	0.0045604905	0.0169440564	-0.0298613679	0.0481485456	0.0001548408	-0.013242797	0.0129837783	-0.434504084646439	-1.05645455090671	0.448081059024295	-1.68540061352814
-0.0188839	-0.0296959	0.595663	-0.00162531	0.000901537	0.000853808	0.0185229	-0.0123463	0.0229640000000001	0.00021453	0.000223896	0.000433001	0.0974045500000001	-0.0204346535	-0.0364336915	0.048862844	-0.0016926191	-0.0475421407	0.0387884217	0.01727662	-0.0522688852	0.0235073292	0.0339267737	-0.0499794418	0.0050707869	0.0460228486	-0.0409811285	-0.0140464202	0.0519411573	-0.0264818121	-0.03127814	0.0508872699	-0.0084277735	-0.044311314	0.0389075289	0.0228075158	0.0469138983	0.0155662292	-0.0518303192	0.0166396545	0.0418466297	0.0202100563	0.0040135333	0.0012320813	0.332606568887487	-1.06090669335159	0.448081059024295	-1.68540061352814
-0.00665747	-0.0524259	0.606749	-0.00153433	0.000905788	0.000611358	0.01222643	-0.02273	0.0110859999999999	9.098e-05	4.25099999999982e-06	-0.00024245	0.0629264799999999	-0.0206422981	-0.0361080066	0.0491026536	-0.0025947387	-0.0470574788	0.0396854757	0.0157773596	-0.0521212014	0.025304607	0.0321760928	-0.0506658255	0.0077587455	0.0445503769	-0.0428733831	-0.010757547	0.051352489	-0.0297185201	-0.0279283311	0.0517316498	-0.0128465907	-0.0416059582	0.0598951087	0.0071377953	-0.0195228912	-0.0209615898	0.0345583777	-0.0444092416	-0.0092101852	-0.0189105057	-0.0547869747	-0.0420970179	-1.41038293244154	-1.10702678334108	0.448081059024295	0.592443852028073
-0.0358514	-0.0104074	0.601773	-0.00205699	0.00129838	0.000353036	-0.02919393	0.0420185	-0.00497599999999998	-0.00052266	0.000392592	-0.000258322	0.13486713	-0.0208495594	-0.0357796393	0.0493342563	-0.0034960873	-0.0465509697	0.0405559987	0.014263743	-0.0519115742	0.0270638244	0.0303656657	-0.0512383773	0.0104259597	0.0429381175	-0.0446096262	-0.0074237382	0.0505197734	-0.0327957961	-0.024410558	0.0522294002	-0.0171700353	-0.0385600826	0.0119090763	0.0098829644	-0.0126487504	-0.0499278293	-0.002052746	0.0172770918	0.0456413404	0.0019383064	-0.024119555	-0.0480685496	-3.55850823678719	-1.19056606198827	0.448081059024295	0.592443852028073
-0.0625565	-0.0222913	0.622361	-0.00194375	0.00139036	0.000369884	-0.0267051	-0.0118839	0.0205879999999999	0.00011324	9.19800000000006e-05	1.6848e-05	0.0702804000000001	-0.0210564335	-0.0354486142	0.0495576132	-0.0043963972	-0.0460228486	0.0413994086	0.0127371473	-0.0516402525	0.0287823352	0.028498854	-0.0516958108	0.0130652981	0.0411911291	-0.0461835398	-0.0040589197	0.0494469678	-0.0356971313	-0.0207459769	0.0523771858	-0.0213660101	-0.0351986159	-0.0344711622	-0.0527464909	-0.022974832	-0.0677893541	0.0276453533	0.0100117232	-0.0203891629	0.0086319891	0.0492904851	-0.052637406	0.035038513445079	-1.19290591263033	0.448081059024295	0.592443852028073
-0.0625062	-0.0340619	0.600564	-0.00178434	0.00134559	-3.08899e-05	5.03000000000031e-05	-0.0117706	-0.021797	0.00015941	-4.47700000000006e-05	-0.0004007739	0.0638655950000001	-0.0212629165	-0.0351149558	0.049772687	-0.0052954007	-0.0454733605	0.0422151417	0.0111989617	-0.0513075588	0.0304575546	0.0265791242	-0.0520370985	0.015669704	0.0393148935	-0.0475893965	-0.0006771467	0.0481391707	-0.0384069609	-0.0169566271	0.0521740164	-0.0254033645	-0.0315490697	-0.0207841173	-0.0520325553	0.021721231	0.0195179983	-0.0215382577	-0.0029821887	-0.0508798044	0.0453690893	-0.0070395328	0.0367655074	0.04680656721814	-1.1792969364968	0.448081059024295	0.592443852028073
-0.0761792	-0.0238764	0.619652	-0.00184629	0.00165083	-3.08899e-05	-0.013673	0.0101855	0.0190880000000001	-6.19500000000001e-05	0.00030524	0	0.061306	-0.0214690046	-0.0347786889	0.0499794418	-0.0061928308	-0.0449027607	0.0430026525	0.0096505858	-0.0509138886	0.0320869629	0.0246100408	-0.0522614734	0.0182322141	0.0373152977	-0.0488220806	0.0027074549	0.0466025972	-0.0409107473	-0.0130652981	0.0516212534	-0.0292521253	-0.0276413132	0.0135061142	-0.0650043792	0.0138289683	0.0453586864	0.0059196616	0.0124807483	0.0352921337	0.0509702898	-0.0018288027	-0.0281502035	1.00231011391455	-1.12236240439888	0.448081059024295	0.592443852028073
-0.075515	-0.0597876	0.609876	-0.00179676	0.00172615	-3.08899e-05	0.00066419999999999	-0.0359112	-0.00977600000000012	4.95300000000003e-05	7.532e-05	0	0.0525939	-0.021674694	-0.0344398384	0.050177843	-0.0070884207	-0.044311314	0.0437614146	0.0080934286	-0.0504597097	0.0336681095	0.0225952602	-0.0523684314	0.0207459769	0.0351986159	-0.0498771065	0.0060807472	0.0448445497	-0.0431950583	-0.0090953929	0.0507226006	-0.0328837193	-0.0235073292	0.036217078	-0.0062518413	0.0375014395	0.014201181	-0.0265895521	-0.0416383166	0.0128595251	-0.01772089	0.0194034868	-0.0154607268	0.886276813531678	-1.18734447924939	0.448081059024295	0.592443852028073
-0.0945013	-0.0463543	0.595119	-0.00179949	0.0015264	-3.08899e-05	-0.0189863	0.0134333	-0.014757	-2.73000000000027e-06	-0.00019975	0	0.0573006	-0.0218799809	-0.0340984296	0.0503678575	-0.0079819045	-0.043699295	0.0444909208	0.0065289069	-0.0499455618	0.0351986159	0.0205385235	-0.0523577323	0.0232042715	0.0329714899	-0.050750635	0.0094286395	0.0428733831	-0.0452476394	-0.0050707869	0.0494840794	-0.0362711858	-0.0191809517	0.0221464932	-0.0314511336	0.0321610181	0.0271366171	-0.009695518	0.0054242597	-0.0100250149	-0.0035926467	0.0038661521	0.0374624169	0.895664769862639	-1.17529019399516	0.448081059024295	0.592443852028073
-0.104132	0.0102604	0.611647	-0.00251091	0.00166802	-0.000202446	-0.00963069999999998	0.0566147	0.0165280000000001	-0.00071142	0.00014162	-0.0001715561	0.134003205	-0.0220848615	-0.0337544877	0.0505494535	-0.0088730165	-0.0430669878	0.0451906832	0.0049584444	-0.0493720561	0.0366761804	0.0184436498	-0.0522294002	0.0256005252	0.0306409077	-0.0514394875	0.0127371473	0.0406984653	-0.0470574788	-0.0010156846	0.0479139886	-0.0393893764	-0.0146975897	0.0594753061	0.0236706008	-0.0093143812	0.0290699008	-0.0001680285	-0.0234778537	0.010951527	-0.0216578585	-0.0387037674	0.01267001	0.956217412335118	-1.02644478869538	0.448081059024295	0.592443852028073
-0.104335	-0.0417081	0.429126	0.00031412	0.00218842	-0.000118644	-0.000203000000000009	-0.0519685	-0.182521	0.00282503	0.0005204	8.3802e-05	0.4061541	-0.0222893319	-0.0334080384	0.0507226006	-0.0097614921	-0.0424146861	0.0458602343	0.0033834701	-0.048739874	0.0380985803	0.016314529	-0.0519837232	0.0279283311	0.028214182	-0.0519411573	0.0159924506	0.0383301323	-0.0486148674	0.0030455261	0.0460228486	-0.0422151417	-0.0100939368	-0.0548462845	0.1111753524	-0.1226304712	0.0813542877	0.0282158514	0.0240892643	0.0267202554	-0.0601736165	-0.0164002616	0.0846999587	-3.54005646190922	-1.04487929054714	0.448081059024295	0.592443852028073
-0.103719	-0.0442989	0.47625	-0.000351535	0.00251951	5.40992e-05	0.000615999999999992	-0.0025908	0.047124	-0.000665655	0.00033109	0.0001727432	0.10880521	-0.0224933884	-0.0330591074	0.0508872699	-0.0106470671	-0.0417426926	0.0464991262	0.001805417	-0.0480497669	0.0394636764	0.0141551145	-0.0516212534	0.0301814655	0.0256989275	-0.0522538189	0.0191809517	0.0357796393	-0.04991145	0.0070884207	0.043823331	-0.0447275033	-0.005407671	-0.1220859507	0.0731257423	-0.015360202	-0.0091234467	0.0129568527	0.0726171208	0.0499068158	0.0103971756	0.0958212928	0.0718417809	-3.50805078841997	-1.03247540343979	-2.22840312389761	-1.68540061352814
-0.0983229	-0.0372086	0.500566	-0.000212834	0.00235882	-3.80452e-05	0.00539610000000001	0.0070903	0.0243159999999999	0.000138701	-0.00016069	-9.21444e-05	0.0563791699999999	-0.0226970271	-0.0327077205	0.051043434	-0.0115294786	-0.0410513194	0.0471069319	0.0002257211	-0.047302555	0.0407694154	0.011969416	-0.0511428052	0.032353904	0.0231030362	-0.0523763346	0.0222893319	0.0330591074	-0.050940271	0.0110886847	0.0413301739	-0.0469078096	-0.0006771467	-0.1148550011	0.0474820004	-0.0480015965	0.0006336513	-0.0443703441	0.0947786561	-0.0161158131	-0.0039222322	0.0282210788	0.065055925	-0.890902432545068	-1.29519957419741	-2.22840312389761	-1.68540061352814
-0.104806	0.0118109	0.540277	-0.00069497	0.00226834	-0.00018908	-0.00648310000000001	0.0490195	0.0397110000000001	-0.000482136	-9.048e-05	-0.0001510348	0.13139614	-0.0229002443	-0.032353904	0.0511910666	-0.0124084642	-0.0403408874	0.0476832451	-0.0013541801	-0.0464991262	0.0420138333	0.0097614921	-0.0505494535	0.0344398384	0.0204346535	-0.0523082586	0.025304607	0.0301814655	-0.0516958108	0.0150222601	0.0385600826	-0.048739874	0.0040589197	-0.0613674187	-0.0244470937	-0.0119788691	0.0720304801	-0.07112505	0.0655180577	0.0064488789	0.0231300378	0.041268694	0.0664288731	-1.00884660233995	-1.41331110598633	-2.22840312389761	-1.68540061352814
-0.114355	-0.0155949	0.562807	-0.00150129	0.00207378	-0.00018908	-0.009549	-0.0274058	0.0225299999999999	-0.00080632	-0.00019456	0	0.1095288	-0.0231030362	-0.0319976841	0.0513301431	-0.0132837629	-0.0396117264	0.0482276804	-0.0029328492	-0.0456404355	0.0431950583	0.0075354425	-0.0498425313	0.0364336915	0.017702152	-0.0520498384	0.028214182	0.0271603893	-0.0521740164	0.0188654898	0.0355316183	-0.0502100954	0.0087617663	0.0232294875	0.0515266094	-0.0526878208	0.0319793367	-0.0297846383	0.0122115382	-0.0049887264	-0.065399693	-0.0137058965	0.0468510441	-1.77006103523261	-1.57527133256979	-2.22840312389761	-1.68540061352814
-0.0908084	-0.0294917	0.601965	-0.0016921	0.00252369	-0.000241085	0.0235466	-0.0138968	0.039158	-0.00019081	0.00044991	-5.2005e-05	0.11123765	-0.0233053991	-0.0316390872	0.0514606403	-0.0141551145	-0.0388641751	0.048739874	-0.0045088495	-0.0447275033	0.044311314	0.0052954007	-0.049023627	0.0383301323	0.0149141057	-0.0516020147	0.0310059033	0.0240102362	-0.0523723222	0.0225952602	0.0322650733	-0.0513075588	0.013392903	-0.0051023114	0.0271649152	-0.0354465662	-0.0576040317	-0.0130762268	-0.0184921897	0.0150909746	-0.0275523273	-0.0260688186	-0.0171080448	-2.22759973072542	-1.47752683056011	-2.22840312389761	-1.68540061352814
-0.108294	0.0453765	0.624238	-0.00256695	0.00208161	-0.00018908	-0.0174856	0.0748682	0.022273	-0.00087485	-0.00044208	5.2005e-05	0.18307355	-0.0235073292	-0.03127814	0.0515825363	-0.0150222601	-0.0380985803	0.0492194833	-0.0060807472	-0.0437614146	0.0453609212	0.0030455261	-0.0480945804	0.0401240904	0.0120792627	-0.0509664168	0.0336681095	0.0207459769	-0.0522896643	0.02618914	0.0287823352	-0.0520241169	0.0179144269	-0.0332860387	-0.0260834856	0.0050535632	0.0206849186	-0.0336271112	0.0436104002	-0.0172863418	0.006304204	-0.0045383117	-0.006588566	-2.87072181655055	-0.875086963207073	-2.22840312389761	-1.68540061352814
-0.10114	-0.058722	0.650606	-0.00243017	0.00190059	-0.000316456	0.00715400000000001	-0.1040985	0.0263680000000001	0.00013678	-0.00018102	-0.000127376	0.1598793	-0.0237088227	-0.0309148693	0.0516958108	-0.015884942	-0.0373152977	0.0496661877	-0.0076471118	-0.0427433176	0.0463423012	0.0007899965	-0.0470574788	0.0418107693	0.009206518	-0.0501453577	0.0361896802	0.0173831246	-0.0519264863	0.0296255153	0.0251067401	-0.0523544498	0.0222893319	0.0335740534	-0.0007338024	0.0590436754	0.0140109451	0.0404671999	-0.0633321378	0.0432683096	-0.0126227905	0.0580568762	-0.0412666117	-2.7818173051705	-0.934158354752582	-2.22840312389761	-1.68540061352814
-0.112848	-0.00798372	0.634062	-0.00233595	0.00206516	-0.00018908	-0.011708	0.05073828	-0.016544	9.42200000000003e-05	0.00016457	0.000127376	0.09829858	-0.0239098759	-0.030549302	0.0518004449	-0.016742904	-0.0365146908	0.0500796887	-0.009206518	-0.0416744222	0.0472539781	-0.0014670001	-0.0459146523	0.0433856593	0.0063048856	-0.0491418251	0.0385600826	0.0139376608	-0.0512847364	0.0328837193	0.0212629165	-0.0522961052	0.0264818121	0.0016074776	0.0085779782	0.078802181	-0.0075671897	-0.0023642826	-0.0115110943	-0.016337229	-0.0050891545	0.0619855312	0.0144611498	-2.50914766207473	-0.876069227214495	-2.22840312389761	0.592443852028073
-0.110724	-0.0538326	0.627706	-0.00221735	0.00200453	-0.00018908	0.002124	-0.04584888	-0.00635600000000003	0.0001186	-6.06299999999999e-05	0	0.06329038	-0.024110485	-0.0301814655	0.051896421	-0.0175958911	-0.0356971313	0.0504597097	-0.010757547	-0.0405559987	0.0480945804	-0.0037212726	-0.0446686685	0.0448445497	0.0033834701	-0.0479594708	0.0407694154	0.0104259597	-0.0503678575	0.0359441567	0.01727662	-0.0518495163	0.0304575546	0.032052487	0.0428399941	-0.0169947976	-0.0206210175	0.0060968322	0.0013093965	0.0045834119	-0.0298868003	-0.0407380256	-0.0184874575	-1.84263949819205	-1.28743913967918	-2.22840312389761	0.592443852028073
-0.0924358	-0.0730922	0.617908	-0.002128	0.00216677	-0.00018908	0.0182882	-0.0192596	-0.00979799999999997	8.93499999999998e-05	0.00016224	0	0.0599253	-0.0243106464	-0.0298113868	0.0519837232	-0.0184436498	-0.0348629988	0.0508059967	-0.0122987873	-0.0393893764	0.048862844	-0.0059686353	-0.0433223267	0.0461835398	0.0004514381	-0.0466025972	0.0428084497	0.0068647103	-0.0491807684	0.0387884217	0.0131745611	-0.0510179984	0.0341840202	-0.0366052158	0.0184598574	-0.0356910621	-0.0558787823	0.0138188434	-0.0009605028	-0.0107826614	-0.0277973996	0.0018679211	-0.0118482393	-3.1911459075981	-1.29698283777123	0.448081059024295	0.592443852028073
-0.119515	0.027366	0.61791	-0.00258747	0.00231648	-0.000273599	-0.0270792	0.1004582	2.00000000005751e-06	-0.00045947	0.00014971	-8.4519e-05	0.16222435	-0.0245103563	-0.0294390937	0.0520623368	-0.0192859283	-0.0340126806	0.0511183183	-0.0138288366	-0.0381759417	0.0495576132	-0.0082049152	-0.0418786518	0.0473990497	-0.0024820104	-0.0450761418	0.0446686685	0.0032708371	-0.0477298374	0.0413994086	0.0089842256	-0.0498077248	0.0376307102	-0.030258558	-0.0198188968	0.0152293305	0.0215376117	-0.036175479	0.0234046219	-0.0022893588	0.0505900707	0.0043748723	0.0265365946	-1.52112321716394	-1.18184833245629	0.448081059024295	0.592443852028073
-0.112896	-0.0343947	0.594791	-0.00266044	0.00164398	-0.00018908	0.006619	-0.0617607	-0.0231190000000001	-7.29699999999999e-05	-0.0006725	8.4519e-05	0.13299815	-0.024709611	-0.0290646136	0.0521322486	-0.0201224762	-0.0331465714	0.0513964655	-0.0153463027	-0.0369171367	0.050177843	-0.0104259597	-0.0403408874	0.0484878293	-0.005407671	-0.0433856593	0.0463423012	-0.0003385804	-0.0460228486	0.0437614146	0.0047336909	-0.0482276804	0.0407694154	-0.0187281431	0.0186785947	0.0750459762	0.043359467	-0.019689313	-0.0064561699	0.0517472684	0.0007113379	0.0976579156	0.01428956	-1.43792229597069	-1.10505159412153	0.448081059024295	0.592443852028073
-0.0730459	-0.0565979	0.646941	-0.00210013	0.0017851	-0.00018908	0.0398501	-0.0222032	0.05215	0.00056031	0.00014112	0	0.1492748	-0.0249084068	-0.0286879745	0.0521934471	-0.0209530451	-0.0322650733	0.0516402525	-0.0168498047	-0.0356144575	0.0507226006	-0.0126276447	-0.0387124883	0.0494469678	-0.0083163637	-0.0415373011	0.0478223571	-0.0039463888	-0.0440689593	0.0458602343	0.0004514381	-0.0462895956	0.0435744473	0.0091890698	-0.0041819931	0.0839224953	0.0038573261	-0.0353747996	-0.0441825834	-0.0518577148	0.0210188173	0.0441005906	-0.0079528003	-1.69777460498138	-1.04774432719829	0.448081059024295	0.592443852028073
-0.0864164	0.0442567	0.668367	-0.0027702	0.00204609	-0.00018908	-0.0133705	0.1008546	0.0214260000000001	-0.00067007	0.00026099	0	0.1822041	-0.0251067401	-0.0283092043	0.0522459219	-0.021777388	-0.0313685957	0.0518495163	-0.0183379745	-0.0342694522	0.0511910666	-0.0148058821	-0.0369971132	0.0502739006	-0.0111989617	-0.0395377932	0.0491026536	-0.0075354425	-0.0418786518	0.0476832451	-0.0038338396	-0.0440078585	0.0460228486	0.0568660703	0.0010857985	-0.0170980464	0.0089280653	-0.0031837415	0.0207413532	-0.0015837224	-0.0256655569	-0.0407889693	-0.0093955929	-0.419369628460136	-1.02330243642367	0.448081059024295	0.592443852028073
-0.0836108	-0.0262069	0.685766	-0.00262588	0.00185678	-0.00018908	0.00280559999999999	-0.0704636	0.0173989999999999	0.00014432	-0.00018931	0	0.1073497	-0.025304607	-0.0279283311	0.0522896643	-0.0225952602	-0.0304575546	0.0520241169	-0.0198094581	-0.0328837193	0.0515825363	-0.0169566271	-0.0351986159	0.0509664168	-0.0140464202	-0.0373944116	0.050177843	-0.0110886847	-0.0394636764	0.0492194833	-0.0080934286	-0.0413994086	0.0480945804	0.0050272445	-0.0426409306	-0.0393305833	-0.0286846786	0.0644575929	-0.0492033717	-0.0017557984	0.023799519	-0.013324024	-0.0066073422	-1.50635488232216	-0.993325758540784	0.448081059024295	0.592443852028073
-0.0879786	0.00756084	0.706419	-0.00256681	0.00209275	-0.00018908	-0.00436779999999999	0.03376774	0.0206529999999999	5.907e-05	0.00023597	0	0.07354054	-0.0255020041	-0.0275453833	0.052324667	-0.0234064185	-0.0295323731	0.0521639377	-0.0212629165	-0.0314589057	0.051896421	-0.0190758861	-0.0333210373	0.0515226647	-0.0168498047	-0.0351149558	0.051043434	-0.0145892291	-0.0368369888	0.0504597097	-0.0122987873	-0.0384836111	0.049772687	-0.0304159909	-0.0564215521	-0.0033730138	-0.0723817791	0.0513499357	-0.0436114585	-0.0712493202	0.0284637284	0.0649962923	-0.0470241429	0.35393360026037	-1.01416535269534	0.448081059024295	0.592443852028073
-0.103064	0.0158664	0.678792	-0.00253643	0.00186598	-0.00018908	-0.0150854	0.00830556	-0.0276269999999998	3.038e-05	-0.00022677	0	0.0638754600000001	-0.0256989275	-0.0271603893	0.0523509242	-0.0242106219	-0.0285934806	0.0522688852	-0.0226970271	-0.0299967047	0.0521322486	-0.0211597241	-0.0313685957	0.0519411573	-0.0196003187	-0.0327077205	0.0516958108	-0.0180204398	-0.0340126806	0.0513964655	-0.0164217376	-0.0352821126	0.051043434	0.0422975021	-0.0114136157	0.0143065561	0.0248630838	0.0461860347	0.0020191314	-0.0125229197	0.0729469302	-0.0936267556	0.0221677155	0.675614728504318	-1.08012773422857	0.448081059024295	0.592443852028073
-0.0950307	-0.0499505	0.673793	-0.00240913	0.00211772	-0.00018908	0.00803330000000002	-0.0658169	-0.00499900000000009	0.0001273	0.00025174	0	0.0978012	-0.0258953737	-0.0267733776	0.0523684314	-0.0250076315	-0.0276413132	0.0523388891	-0.024110485	-0.028498854	0.0522896643	-0.0232042715	-0.0293456776	0.0522207755	-0.0222893319	-0.0301814655	0.0521322486	-0.0213660101	-0.0310059033	0.0520241169	-0.0204346535	-0.0318186811	0.051896421	0.0290839692	0.027605035	0.0724566496	-0.0057118837	-0.0120315803	-0.0259366958	0.0520634032	0.0662341269	0.0097535871	-0.015162765	0.848843221323313	-0.994465799092831	0.448081059024295	0.592443852028073
-0.116427	0.0072961	0.690086	-0.00263575	0.00240518	-0.000340403	-0.0213963	0.0572466	0.016293	-0.00022662	0.00028746	-0.000151323	0.12820605	-0.0260913389	-0.0263843771	0.0523771858	-0.0257972105	-0.0266763128	0.0523739028	-0.0255020041	-0.0269671338	0.0523684314	-0.0252057321	-0.027256828	0.0523607718	-0.0249084068	-0.0275453833	0.0523509242	-0.0246100408	-0.0278327876	0.0523388891	-0.0243106464	-0.0281190288	0.052324667	0.0328622233	0.0219473062	0.0413754755	-0.0088608442	0.0047217415	-0.004411647	-0.0049012371	-0.0053440133	0.0150710012	-0.0060267026	-0.162395354268218	-1.15552856459605	0.448081059024295	0.592443852028073
-0.119252	-0.0512107	0.676063	-0.00237258	0.00186103	-0.000540096	-0.00282499999999999	-0.0585068	-0.014023	0.00026317	-0.00054415	-0.000199693	0.12570545	-0.0262868196	-0.0259934166	0.0523771858	-0.0265791242	-0.0256989275	0.0523739028	-0.0268703181	-0.0254033645	0.0523684314	-0.0271603893	-0.0251067401	0.0523607718	-0.0274493255	-0.0248090665	0.0523509242	-0.0277371148	-0.0245103563	0.0523388891	-0.028023745	-0.0242106219	0.052324667	0.0188516731	0.0420848598	-0.0130437164	-0.04119333	-0.0020120644	-0.0200737028	-0.0124716038	-0.0350933491	-0.0263081048	-0.0153283554	-0.193873763628911	-1.22590871483746	0.448081059024295	0.592443852028073
-0.129664	0.0292304	0.68194	-0.00295443	0.00213012	-0.000266318	-0.010412	0.0804411	0.00587700000000002	-0.00058185	0.00026909	0.000273778	0.152966	-0.0264818121	-0.0256005252	0.0523684314	-0.0273531403	-0.024709611	0.0523388891	-0.028214182	-0.0238094045	0.0522896643	-0.0290646136	-0.0229002443	0.0522207755	-0.0299041152	-0.0219824722	0.0521322486	-0.030732371	-0.0210564335	0.0520241169	-0.0315490697	-0.0201224762	0.051896421	-0.0078090581	-0.0093158368	0.0110993417	-0.0320812393	0.0113859821	0.0332821775	-0.0197252497	-0.0040944223	-0.0004061295	-0.0235222707	-0.839796708609962	-1.19954816663375	0.448081059024295	0.592443852028073
-0.120281	-0.059449	0.682046	-0.00245851	0.00198461	-0.000121903	0.00938299999999995	-0.0886794	0.00010600000000005	0.00049592	-0.00014551	0.000144415	0.13746065	-0.0266763128	-0.0252057321	0.0523509242	-0.0281190288	-0.0237088227	0.0522688852	-0.0295323731	-0.0221871482	0.0521322486	-0.0309148693	-0.0206422981	0.0519411573	-0.0322650733	-0.0190758861	0.0516958108	-0.0335815749	-0.0174895484	0.0513964655	-0.0348629988	-0.015884942	0.051043434	-0.0152137961	-0.0342525721	-0.0317646844	-0.0057365489	0.0674026051	-0.0147757501	-0.003945127	0.0231701404	0.0058866006	-0.0077930771	-0.422424549898141	-1.20389024962423	0.448081059024295	0.592443852028073
-0.118254	-0.0306833	0.727825	-0.00258284	0.00220274	-0.00018908	0.00202700000000006	0.0287657	0.045779	-0.00012433	0.00021813	-6.7177e-05	0.09705355	-0.0268703181	-0.0248090665	0.052324667	-0.0288765622	-0.0226970271	0.0521639377	-0.0308236917	-0.0205385235	0.051896421	-0.0327077205	-0.0183379745	0.0515226647	-0.0345247919	-0.016099885	0.051043434	-0.0362711858	-0.0138288366	0.0504597097	-0.0379433273	-0.0115294786	0.049772687	-0.0202431059	-0.0513337574	-0.0070260345	-0.0755176941	0.0458797905	-0.0274505854	-0.0550603099	0.0371240402	0.0472875284	-0.0457517624	-3.62312958020479	-1.18871661178671	0.448081059024295	0.592443852028073
-0.116539	-0.0179282	0.678849	-0.0026954	0.00212566	-0.00018908	0.00171499999999999	0.0127551	-0.0489760000000001	-0.00011256	-7.70799999999998e-05	0	0.0729281	-0.0270638244	-0.024410558	0.0522896643	-0.0296255153	-0.021674694	0.0520241169	-0.0320869629	-0.0188654898	0.0515825363	-0.0344398384	-0.0159924506	0.0509664168	-0.0366761804	-0.0130652981	0.050177843	-0.0387884217	-0.0100939368	0.0492194833	-0.0407694154	-0.0070884207	0.0480945804	0.0550549467	0.0015004562	0.0059316326	0.0348605822	0.0733174731	-0.0245699497	0.0007148764	0.0414121502	-0.0641262007	0.0278002081	0.091302041279356	-1.17410120834504	0.448081059024295	0.592443852028073
-0.120074	-0.064728	0.731935	-0.00310312	0.00216041	-0.00018908	-0.003535	-0.0467998	0.0530860000000001	-0.00040772	3.47500000000001e-05	0	0.1255443	-0.027256828	-0.0240102362	0.0522459219	-0.0303656657	-0.0206422981	0.0518495163	-0.0333210373	-0.0171700353	0.0511910666	-0.0361080066	-0.0136109962	0.0502739006	-0.0387124883	-0.009983168	0.0491026536	-0.0411213197	-0.0063048856	0.0476832451	-0.0433223267	-0.0025947387	0.0460228486	0.0015311593	-0.0297983992	0.0721201319	-0.0085453714	0.0409483474	-0.0417501252	0.0368479568	0.0531844665	-0.0164825572	-0.0421218147	-0.253562964785494	-1.06918685822942	0.448081059024295	0.592443852028073
-0.138326	0.020723	0.711589	-0.00293894	0.00205784	-0.00018908	-0.018252	0.085451	-0.020346	0.00016418	-0.00010257	0	0.1373865	-0.0274493255	-0.0236081307	0.0521934471	-0.0310967934	-0.0196003187	0.0516402525	-0.0345247919	-0.015454175	0.0507226006	-0.0377091275	-0.0111989617	0.0494469678	-0.0406273263	-0.0068647103	0.0478223571	-0.0432587929	-0.0024820104	0.0458602343	-0.0455849554	0.0019182066	0.0435744473	-0.0112501113	-0.0446531971	0.033036193	0.0479980581	0.0046520188	0.0416804684	-0.0093675037	0.0413204486	-0.0015429422	-0.0286179142	0.590508494546786	-1.14472397650179	0.448081059024295	0.592443852028073
-0.123598	-0.035666	0.711689	-0.00276021	0.00207852	-0.000599227	0.0147279999999999	-0.056389	9.9999999999989e-05	0.00017873	2.06799999999999e-05	-0.000410147	0.10169485	-0.0276413132	-0.0232042715	0.0521322486	-0.0318186811	-0.0185492395	0.0513964655	-0.0356971313	-0.0137199483	0.050177843	-0.0392402281	-0.0087617663	0.0484878293	-0.0424146861	-0.0037212726	0.0463423012	-0.0451906832	0.0013541801	0.0437614146	-0.0475421407	0.0064169112	0.0407694154	0.0591897973	0.0273471543	0.0301405931	-0.0095833561	-0.0198121105	-0.0359928683	-0.0029890139	-0.0135778172	-0.0322933322	-0.0348760744	0.829302652193937	-1.2870454463541	0.448081059024295	0.592443852028073
-0.124246	0.0173792	0.695759	-0.00293974	0.00204904	-0.000461933	-0.000647999999999954	0.0530452	-0.01593	-0.00017953	-2.94800000000001e-05	0.000137294	0.0869384	-0.0278327876	-0.0227986886	0.0520623368	-0.0325311144	-0.0174895484	0.0511183183	-0.0368369888	-0.011969416	0.0495576132	-0.0406984653	-0.0063048856	0.0473990497	-0.0440689593	-0.0005642937	0.0446686685	-0.0469078096	0.0051831058	0.0413994086	-0.0491807684	0.0108679768	0.0376307102	0.018799066	0.0063079652	0.0161384306	0.0039464444	-0.0139469625	0.029112435	0.0040822772	-0.0213099035	0.0083108959	-0.0212918046	-0.089977725390147	-1.31064311018859	0.448081059024295	0.592443852028073
-0.118476	-0.056638	0.705891	-0.00273881	0.00194007	-0.000639863	0.00577000000000001	-0.0740172	0.0101319999999999	0.00020093	-0.00010897	-0.00017793	0.1143107	-0.028023745	-0.0223914121	0.0519837232	-0.0332338815	-0.0164217376	0.0508059967	-0.0379433273	-0.0102046586	0.048862844	-0.0420811315	-0.0038338396	0.0461835398	-0.0455849554	0.0025947387	0.0428084497	-0.0484020114	0.0089842256	0.0387884217	-0.0504898588	0.015238359	0.0341840202	0.0375621901	0.0281044403	-0.0339129077	-0.0547424759	-0.0092953456	-0.0318984798	-0.0137522271	-0.0580313147	-0.0370271365	0.0040082715	0.631784817359466	-1.004429228769	0.448081059024295	0.592443852028073
-0.12192	0.0258598	0.689236	-0.00274593	0.0021869	-0.000498164	-0.003444	0.0824978	-0.016655	-7.12000000000022e-06	0.00024683	0.000141699	0.12237925	-0.028214182	-0.0219824722	0.051896421	-0.0339267737	-0.0153463027	0.0504597097	-0.03901514	-0.0084277735	0.0480945804	-0.0433856593	-0.0013541801	0.0448445497	-0.0469579174	0.0057443291	0.0407694154	-0.0496661877	0.0127371473	0.0359441567	-0.0514606403	0.0194956122	0.0304575546	-0.0152564737	-0.0311450961	-0.0252662614	0.0070781941	0.0010784426	0.0188017169	0.0124273188	0.0141168044	-0.0089367202	-0.0219448643	0.232025379719186	-0.783204166457764	0.448081059024295	0.592443852028073
-0.113429	-0.0398238	0.633008	-0.00194358	0.0019539	-0.000639863	0.008491	-0.0656836	-0.0562279999999999	0.00080235	-0.000233	-0.000141699	0.18925505	-0.0284040951	-0.0215718994	0.0518004449	-0.034609585	-0.014263743	0.0500796887	-0.0400514517	-0.0066408724	0.0472539781	-0.0446096262	0.0011285219	0.0433856593	-0.0481835374	0.0088730165	0.0385600826	-0.0506943307	0.0164217376	0.0328837193	-0.0520866082	0.0236081307	0.0264818121	0.0352818972	0.0487300532	-0.0408932057	0.041174323	0.0706885403	-0.0304465649	0.0510722922	-0.0198089008	-0.0120441964	0.0716296252	0.526917291876825	-0.989607597882903	0.448081059024295	0.592443852028073
-0.115731	0.0124712	0.637614	-0.00221741	0.00248743	-0.000639863	-0.002302	0.052295	0.004606	-0.00027383	0.00053353	0	0.099571	-0.0285934806	-0.0211597241	0.0516958108	-0.0352821126	-0.0131745611	0.0496661877	-0.0410513194	-0.0048460789	0.0463423012	-0.0457507597	0.0036086884	0.0418107693	-0.0492579697	0.011969416	0.0361896802	-0.0514815542	0.0200182296	0.0296255153	-0.0523635681	0.0275453833	0.0222893319	-0.0535428377	0.0517773865	0.0443181257	-0.0260948889	0.0273003497	0.0357654142	0.0275647638	-0.008813971	0.0494079805	-0.0068565392	0.132591638306045	-1.0410634688214	0.448081059024295	-1.68540061352814
-0.121757	-0.0148167	0.645776	-0.00180083	0.00164398	-0.000810153	-0.00602599999999999	-0.0272879	0.008162	0.00041658	-0.00084345	-0.00017029	0.1129919	-0.0287823352	-0.0207459769	0.0515825363	-0.0359441567	-0.0120792627	0.0492194833	-0.0420138333	-0.0030455261	0.0453609212	-0.0468069407	0.0060807472	0.0401240904	-0.050177843	0.0150222601	0.0336681095	-0.0520241169	0.0235073292	0.02618914	-0.0522896643	0.03127814	0.0179144269	-0.069857175	0.0340441581	0.0058957602	-0.0463751266	-0.0491743314	0.0251506612	-0.0758901076	-0.0276968872	0.007773804	0.0192903087	-0.026406897095176	-1.06357985826954	0.448081059024295	-1.68540061352814
-0.120132	0.0186425	0.665902	-0.00195036	0.00173241	-0.000210005	0.001625	0.0334592	0.020126	-0.00014953	8.843e-05	0.000600148	0.0971156	-0.0289706552	-0.0203306886	0.0514606403	-0.0365955205	-0.0109783563	0.048739874	-0.0429381175	-0.0012413539	0.044311314	-0.0477762082	0.0085391442	0.0383301323	-0.050940271	0.0180204398	0.0310059033	-0.0523194405	0.0268703181	0.0225952602	-0.051865392	0.0347786889	0.013392903	-0.0575247902	-0.0287688348	-0.0210549289	-0.0162591992	-0.058856791	0.0894714761	-0.0168744469	-0.0254046872	0.0101016552	-0.0290891954	-0.785800910452684	-0.877996311473037	0.448081059024295	0.592443852028073
-0.126818	-0.0328004	0.673874	-0.00203356	0.00164398	-0.000511331	-0.00668600000000003	-0.0514429	0.00797199999999998	-8.31999999999999e-05	-8.843e-05	-0.000301326	0.0897487	-0.0291584371	-0.0199138901	0.0513301431	-0.0372360105	-0.009872353	0.0482276804	-0.043823331	0.0005642937	0.0431950583	-0.0486567622	0.0109783563	0.0364336915	-0.0515428613	0.0209530451	0.028214182	-0.0523661213	0.0300891549	0.0188654898	-0.051093594	0.0380210421	0.0087617663	0.0444101921	0.002090677	-0.015634152	0.0644183541	-0.0445318184	-0.0449690014	-0.047817702	-0.0627825378	-0.0582789614	0.0566935377	-3.25305375471011	-0.841908491482463	0.448081059024295	0.592443852028073
-0.121467	0.00485682	0.64378	-0.00210204	0.00182074	-0.000339429	0.00535100000000001	0.03765722	-0.030094	-6.84800000000001e-05	0.00017676	0.000171902	0.0939593199999999	-0.0293456776	-0.0194956122	0.0511910666	-0.0378654364	-0.0087617663	0.0476832451	-0.0446686685	0.0023692706	0.0420138333	-0.0494469678	0.013392903	0.0344398384	-0.0519837232	0.0238094045	0.025304607	-0.0521639377	0.0331465714	0.0150222601	-0.0499794418	0.0409811285	0.0040589197	0.0302501236	0.0190706533	-0.071241438	0.0007610743	0.0069869386	-0.0135556	0.0248651034	-0.0177089402	-0.0483743531	-0.0098843594	-2.16010498302882	-0.879040471568598	0.448081059024295	0.592443852028073
-0.12477	0.00677741	0.653298	-0.00212781	0.00183746	-0.000449674	-0.003303	0.00192059	0.00951799999999992	-2.577e-05	1.672e-05	-0.000110245	0.02237834	-0.0295323731	-0.0190758861	0.051043434	-0.0384836111	-0.0076471118	0.0471069319	-0.0454733605	0.0041714317	0.0407694154	-0.0501453577	0.0157773596	0.032353904	-0.0522614734	0.0265791242	0.0222893319	-0.0517138504	0.0360261653	0.0110886847	-0.0485304007	0.0436369724	-0.0006771467	-0.0222098754	-0.0201718799	0.0045962915	0.0454894351	0.0088781639	0.0179665842	0.0089953619	0.0184036233	0.0296854302	0.0565883175	-2.08216003317789	-0.737753908323458	0.448081059024295	0.592443852028073
-0.121006	-0.0172417	0.635807	-0.00212781	0.00141384	-0.000575818	0.00376400000000002	-0.02401911	-0.0174909999999999	0	-0.00042362	-0.000126144	0.07276231	-0.0297185201	-0.018654743	0.0508872699	-0.039090351	-0.0065289069	0.0464991262	-0.046236675	0.0059686353	0.0394636764	-0.050750635	0.018126369	0.0301814655	-0.0523752403	0.0292521253	0.0191809517	-0.0510179984	0.0387124883	0.0070884207	-0.0467561802	0.0459688572	-0.005407671	-0.0036810786	0.049910166	0.0022686417	-0.0063375986	-0.0424876808	-0.0217867271	-0.0268488084	-0.0480239441	-0.0006389099	0.0314039534	0.278549338902586	-1.14803212031567	0.448081059024295	0.592443852028073
-0.121359	0.0176918	0.639791	-0.00219185	0.00146874	-0.000575818	-0.000353000000000006	0.0349335	0.00398399999999999	-6.404e-05	5.49000000000001e-05	0	0.0452175	-0.0299041152	-0.0182322141	0.0507226006	-0.0396854757	-0.005407671	0.0458602343	-0.0469579174	0.0077587455	0.0380985803	-0.0512616758	0.0204346535	0.0279283311	-0.052324667	0.0318186811	0.0159924506	-0.0500796887	0.0411911291	0.0030455261	-0.0446686685	0.0479594708	-0.0100939368	-0.0470771087	0.0200308017	-0.0195904223	-0.0205571254	-0.0977266514	0.1082926043	-0.0376820621	-0.027761028	-0.0052235935	0.0128764783	-2.34174562309778	-1.01047478477473	0.448081059024295	0.592443852028073
-0.112707	-0.0316076	0.67643	-0.00225716	0.00134036	-0.000150574	0.00865200000000001	-0.0492994	0.036639	-6.53099999999998e-05	-0.00012838	0.000425244	0.1255371	-0.0300891549	-0.0178083308	0.0505494535	-0.0402688086	-0.0042839244	0.0451906832	-0.0476364314	0.0095396348	0.0366761804	-0.0516775313	0.0226970271	0.0256005252	-0.0521099123	0.0342694522	0.0127371473	-0.0489033805	0.0434487905	-0.0010156846	-0.0422818529	0.049594035	-0.0146975897	-0.0137563957	-0.0447930016	-0.0769270503	0.0073652472	-0.0340776686	0.0156262632	-0.0146423972	-0.0099984385	-0.0046779286	-0.0097382413	1.0772393475642	-0.835561163031627	0.448081059024295	0.592443852028073
-0.109988	-0.0364575	0.665726	-0.00231481	0.00123519	-0.000133634	0.00271899999999997	-0.0048499	-0.0107039999999999	-5.76500000000002e-05	-0.00010517	1.694e-05	0.0272608999999999	-0.0302736359	-0.0173831246	0.0503678575	-0.0408401761	-0.003158189	0.0444909208	-0.0482715996	0.0113091867	0.0351986159	-0.0519974292	0.0249084068	0.0232042715	-0.0517316498	0.0365955205	0.0094286395	-0.0474946641	0.0454733605	-0.0050707869	-0.0396117264	0.050860415	-0.0191809517	0.0655541537	0.0065703641	-0.0370576427	0.0432806688	0.0322199888	-0.0585374962	0.0323042655	0.0011428249	-0.0817080703	0.0291198649	-0.205829817316659	-0.83421666516354	0.448081059024295	-1.68540061352814
-0.0947658	0.0064496	0.652856	-0.00239991	0.00143138	0.000281621	0.0152222	0.0429071	-0.01287	-8.50999999999999e-05	0.00019619	0.000415255	0.10582655	-0.0304575546	-0.0169566271	0.050177843	-0.0413994086	-0.0020309873	0.0437614146	-0.048862844	0.0130652981	0.0336681095	-0.0522207755	0.0270638244	0.0207459769	-0.0511910666	0.0387884217	0.0060807472	-0.0458602343	0.0472539781	-0.0090953929	-0.0366761804	0.0517492091	-0.0235073292	0.0009486955	0.0470304092	-0.0152000505	-0.0172194887	0.0228367113	-0.0089966063	0.0870821807	-0.0290329837	-0.0120380409	-0.000596293	0.406717123105698	-0.863653528768268	0.448081059024295	-1.68540061352814
-0.12657	-0.0260921	0.682355	-0.00217218	0.00159449	-0.000239971	-0.0318042	-0.0325417	0.029499	0.00022773	0.00016311	-0.000521592	0.1394665	-0.0306409077	-0.01652887	0.0499794418	-0.0419463399	-0.0009028426	0.0430026525	-0.0494096266	0.0148058821	0.0320869629	-0.0523471556	0.0291584371	0.0182322141	-0.0504898588	0.0408401761	0.0027074549	-0.0440078585	0.0487810905	-0.0130652981	-0.0334948844	0.0522538189	-0.0276413132	-0.0532889656	0.019808355	0.0165204822	-0.0659386814	-0.0059067528	-0.0008033964	-0.0307635761	-0.0459140427	0.0415097044	0.0073069466	-0.647011285421067	-0.976943477942186	0.448081059024295	0.592443852028073
-0.138971	0.0401598	0.669148	-0.00215793	0.00172927	-0.000239971	-0.012401	0.0662519	-0.0132070000000001	1.42499999999999e-05	0.00013478	0	0.0993114000000001	-0.0308236917	-0.016099885	0.049772687	-0.0424808075	0.0002257211	0.0422151417	-0.04991145	0.01652887	0.0304575546	-0.0523763346	0.0311875391	0.015669704	-0.0496302266	0.0427433176	-0.0006771467	-0.0419463399	0.0500465054	-0.0169566271	-0.0300891549	0.0523704984	-0.0315490697	-0.0204441763	-0.0171527238	0.0078205078	0.0359170997	-0.0683000592	0.0579898572	9.38563e-05	0.0250446247	-0.039808467	-0.0075098464	-3.89281283385116	-1.08212621815792	0.448081059024295	0.592443852028073
-0.134214	-0.0619293	0.689747	-0.00213407	0.00186254	-0.000239971	0.00475700000000001	-0.1020891	0.020599	2.38600000000001e-05	0.00013327	0	0.1353016	-0.0310059033	-0.015669704	0.0495576132	-0.0430026525	0.0013541801	0.0413994086	-0.0503678575	0.0182322141	0.0287823352	-0.0523082586	0.0331465714	0.0130652981	-0.0486148674	0.0444909208	-0.0040589197	-0.0396854757	0.051043434	-0.0207459769	-0.0264818121	0.0520983812	-0.0351986159	-0.0185138417	-0.0541164785	-0.0136157705	0.0458159346	0.0470168717	-0.0306539856	0.0337196699	-0.0245206402	0.0810709079	-0.0271116438	-3.80739542762104	-1.15146529928938	0.448081059024295	0.592443852028073
-0.128054	-0.0152775	0.673868	-0.0021004	0.00166728	5.87341e-05	0.00616	0.0466518	-0.015879	3.367e-05	-0.00019526	0.0002987051	0.095072555	-0.0311875391	-0.015238359	0.0493342563	-0.0435117199	0.0024820104	0.0405559987	-0.0507784337	0.0199138901	0.0270638244	-0.0521430537	0.0350311327	0.0104259597	-0.047446967	0.0460766263	-0.0074237382	-0.0372360105	0.051766528	-0.024410558	-0.0226970271	0.0514394875	-0.0385600826	-0.0510405829	-0.0493279548	0.0179414568	0.0319313911	-0.0092534587	0.0140046324	-0.0255216596	0.0354421523	0.0212720777	0.0156902438	-0.174039618278077	-1.14375486865159	0.448081059024295	0.592443852028073
-0.130372	-0.0115083	0.685223	-0.00231102	0.00190858	-0.000239971	-0.00231800000000001	0.0037692	0.0113549999999999	-0.00021062	0.0002413	-0.0002987051	0.054973455	-0.0313685957	-0.0148058821	0.0491026536	-0.0440078585	0.0036086884	0.0396854757	-0.0511428052	0.0215718994	0.025304607	-0.051881027	0.0368369888	0.0077587455	-0.0461301902	0.0474946641	-0.010757547	-0.034609585	0.0522119084	-0.0279283311	-0.0187601599	0.0503987089	-0.0416059582	-0.0074700634	-0.0705077831	0.0014023037	0.0557299768	-0.0193313655	0.0141366409	-0.0078614834	0.0252989977	0.0303609851	-0.006861054	-0.693162331801607	-1.0512867060209	0.448081059024295	0.592443852028073
-0.126822	-0.00990866	0.703379	-0.00254601	0.00123519	-0.000239971	0.00355000000000002	0.00159964	0.0181560000000001	-0.00023499	-0.00067339	0	0.0687246399999999	-0.0315490697	-0.0143723053	0.048862844	-0.0444909208	0.0047336909	0.0387884217	-0.0514606403	0.0232042715	0.0235073292	-0.0515226647	0.0385600826	0.0050707869	-0.0446686685	0.048739874	-0.0140464202	-0.0318186811	0.0523771858	-0.03127814	-0.0146975897	0.0489837722	-0.044311314	0.0573413399	0.0132083909	-0.0168234439	-0.0105485951	0.0086715962	-0.0371098319	-0.0232655642	0.0080142928	-0.0458729615	-0.0146403716	-2.20515149132274	-0.938052686614075	0.448081059024295	0.592443852028073
-0.100664	-0.0334943	0.706487	-0.00247238	0.00133085	-0.000239971	0.026158	-0.02358564	0.003108	7.36299999999999e-05	9.566e-05	0	0.06131614	-0.0317289578	-0.0139376608	0.0486148674	-0.0449607632	0.0058564958	0.0378654364	-0.0517316498	0.0248090665	0.021674694	-0.0510686325	0.0401965428	0.0023692706	-0.0430669878	0.0498077248	-0.01727662	-0.0288765622	0.0522614734	-0.0344398384	-0.0105365379	0.0472051818	-0.0466540082	0.0353151999	0.0162524448	0.0354930558	-0.0044058428	-0.0025893788	-0.0011130119	0.0427689762	0.0183672175	0.0062887642	-0.02456057	-1.14011252635226	-1.10262676982926	0.448081059024295	0.592443852028073
-0.113164	-0.0208163	0.683479	-0.00219103	0.00123519	-6.34955e-06	-0.0125	0.012678	-0.023008	0.00028135	-9.566e-05	0.00023362145	0.0787175725	-0.0319082567	-0.0135019809	0.0483587652	-0.0454172463	0.0069765817	0.0369171367	-0.0519555872	0.0263843771	0.0198094581	-0.0505197734	0.0417426926	-0.0003385804	-0.0413301739	0.0506943307	-0.0204346535	-0.0257972105	0.051865392	-0.0373944116	-0.0063048856	0.0450761418	-0.0486148674	0.0129647465	0.0232335533	-0.0257314306	-0.03348264	0.0029550293	-0.0033401355	-0.0003836207	-0.0230629728	-0.0181203799	-0.0010386332	0.166670250099268	-0.763257903083893	0.448081059024295	-1.68540061352814
-0.117445	0.00866192	0.681427	-0.00229954	0.00123519	-0.000112912	-0.00428099999999999	0.02947822	-0.00205199999999994	-0.00010851	0	-0.00010656245	0.0465648424999999	-0.0320869629	-0.0130652981	0.0480945804	-0.0458602343	0.0080934286	0.0359441567	-0.0521322486	0.0279283311	0.0179144269	-0.0498771065	0.0431950583	-0.0030455261	-0.0394636764	0.0513964655	-0.0235073292	-0.0225952602	0.0511910666	-0.0401240904	-0.0020309873	0.0426124582	-0.050177843	-0.0215204852	-0.0149166033	-0.0144081118	-0.0393061161	0.0174183878	0.0317846539	0.0231420407	-0.0285657161	0.0306117493	-0.0102340917	0.234823769253899	-1.03171597643169	0.448081059024295	-1.68540061352814
-0.129459	0.0310478	0.65498	-0.00224538	0.00123519	-0.000239971	-0.012014	0.02238588	-0.026447	5.41600000000002e-05	0	-0.000127059	0.06990783	-0.0322650733	-0.0126276447	0.0478223571	-0.0462895956	0.009206518	0.0349471469	-0.0522614734	0.0294390937	0.0159924506	-0.0491418251	0.0445503769	-0.0057443291	-0.0374733519	0.0519115742	-0.0264818121	-0.0192859283	0.0502421146	-0.0426124582	0.0022565198	0.0398324213	-0.0513301431	0.0335249146	0.0139455508	0.0083566701	0.0298336002	0.0300856782	-0.048016961	-0.0273517084	0.0404188758	-0.0579117516	0.0534440714	0.93997502233303	-1.26428908919719	0.448081059024295	0.592443852028073
-0.110698	-0.0499566	0.682086	-0.00218825	0.0015025	-0.000239971	0.018761	-0.0810044	0.027106	5.71299999999999e-05	0.00026731	0	0.1430934	-0.0324425845	-0.0121890533	0.0475421407	-0.0467052026	0.0103153331	0.0339267737	-0.0523431439	0.0309148693	0.0140464202	-0.0483152946	0.0458056033	-0.0084277735	-0.0353654455	0.0522377823	-0.0293456776	-0.015884942	0.049023627	-0.0448445497	0.0065289069	0.0367566699	-0.0520623368	-0.0007886666	-0.0129149731	0.0601424058	0.0096293194	-0.0056809578	-0.0036875333	0.052733995	0.0593672685	-0.0141456013	-0.0109021365	-0.427600875956395	-0.9836721402684	0.448081059024295	0.592443852028073
-0.124701	-0.00913646	0.684122	-0.00240769	0.00123519	-0.000239971	-0.014003	0.04082014	0.00203600000000004	-0.00021944	-0.00026731	0	0.08119664	-0.0326194932	-0.0117495564	0.0472539781	-0.0471069319	0.0114193591	0.0328837193	-0.0523771858	0.032353904	0.0120792627	-0.0473990497	0.0469579174	-0.0110886847	-0.0331465714	0.0523739028	-0.0320869629	-0.0124084642	0.0475421407	-0.0468069407	0.010757547	0.0334080384	-0.0523684314	-0.006778671	-0.0536610296	0.0466420499	0.0339351997	0.0064292753	-0.0065215928	-0.0381406791	0.020306829	0.0159617439	-0.0227562745	0.631795004546961	-1.01759975368662	0.448081059024295	0.592443852028073
-0.129502	-0.0183353	0.707566	-0.00228005	0.00130776	-0.000291106	-0.00480100000000001	-0.00919884	0.023444	0.00012764	7.25700000000001e-05	-5.1135e-05	0.05001109	-0.0327957961	-0.0113091867	0.0469579174	-0.0474946641	0.0125180835	0.0318186811	-0.0523635681	0.0337544877	0.0100939368	-0.0463947917	0.0480047303	-0.0137199483	-0.0308236917	0.0523194405	-0.0346942175	-0.0088730165	0.0458056033	-0.0484878293	0.0149141057	0.0298113868	-0.0522459219	0.0404655836	-0.0355542117	0.0007593117	0.0329081557	0.0040927851	0.0158371331	0.0570743622	0.0065833783	0.0108700752	-0.0080268199	-0.941050560855609	-0.619850164447474	0.448081059024295	0.592443852028073
-0.10213	-0.0525617	0.698778	-0.00213538	0.00123519	-0.000383184	0.027372	-0.0342264	-0.00878800000000002	0.00014467	-7.25700000000001e-05	-9.2078e-05	0.0858523	-0.0329714899	-0.0108679768	0.0466540082	-0.0478682839	0.0136109962	0.030732371	-0.0523023033	0.0351149558	0.0080934286	-0.0453043854	0.04894369	-0.016314529	-0.0284040951	0.0520745933	-0.0371565505	-0.0052954007	0.043823331	-0.0498771065	0.018970732	0.0259934166	-0.0516958108	0.0671314099	0.0137696614	-0.0096201675	-0.0046851565	0.0300022246	-0.0992615551	-0.022448522	-0.0307006558	-0.0226893866	-0.0245641012	0.222371630405391	-0.530954017560449	0.448081059024295	0.592443852028073
-0.12962	0.0186249	0.698763	-0.00242629	0.0014907	-0.000162849	-0.02749	0.0711866	-1.49999999999872e-05	-0.00029091	0.00025551	0.000220335	0.13702935	-0.0331465714	-0.0104259597	0.0463423012	-0.0482276804	0.0146975897	0.0296255153	-0.0521934471	0.0364336915	0.0060807472	-0.0441298556	0.049772687	-0.0188654898	-0.0258953737	0.0516402525	-0.0394636764	-0.0016926191	0.0416059582	-0.0509664168	0.0229002443	0.0219824722	-0.0507226006	0.0293825246	0.0125683393	0.0004070091	-0.0268033351	0.0205296563	0.0088260398	0.0486325216	0.0088132019	-0.0114339096	-0.0175490976	0.586652489728463	-0.562924855886526	0.448081059024295	0.592443852028073
-0.0959748	-0.0321323	0.690291	-0.00188098	0.00166639	-0.000301618	0.0336452	-0.0507572	-0.00847200000000004	0.00054531	0.00017569	-0.000138769	0.13586285	-0.0333210373	-0.009983168	0.0460228486	-0.0485727468	0.0157773596	0.028498854	-0.0520370985	0.0377091275	0.0040589197	-0.0428733831	0.0504898588	-0.0213660101	-0.0233053991	0.0510179984	-0.0416059582	0.0019182066	0.0391653804	-0.0517492091	0.0266763128	0.0178083308	-0.0493342563	-0.0374376647	-0.026353125	-0.0400663389	-0.055184707	0.076023789	-0.0652892626	-0.0546308706	-0.008812286	0.0493439136	-0.0310630356	0.671702539803444	-0.479519639754396	0.448081059024295	0.592443852028073
-0.107754	0.0107377	0.674319	-0.00223633	0.00163916	-0.000301618	-0.0117792	0.04287	-0.015972	-0.00035535	-2.723e-05	0	0.0897502	-0.0334948844	-0.0095396348	0.0456957037	-0.0489033805	0.0168498047	0.0273531403	-0.0518333998	0.0389397479	0.0020309873	-0.0415373011	0.051093594	-0.0238094045	-0.0206422981	0.0502100954	-0.0435744473	0.0055199161	0.0365146908	-0.0522207755	0.0302736359	0.0135019809	-0.0475421407	-0.0305157904	-0.0379563973	0.0518199583	0.0251150556	0.0136721593	-0.0115504499	0.0093511202	0.0809696241	0.0274049302	0.0323939811	0.95827244588532	-0.529385105751258	0.448081059024295	0.592443852028073
-0.129644	0.000346194	0.707442	-0.00205789	0.00152756	-0.000445064	-0.02189	-0.010391506	0.033123	0.00017844	-0.0001116	-0.000143446	0.087078806	-0.0336681095	-0.0090953929	0.0453609212	-0.0492194833	0.0179144269	0.02618914	-0.0515825363	0.0401240904	0	-0.0401240904	0.0515825363	-0.02618914	-0.0179144269	0.0492194833	-0.0453609212	0.0090953929	0.0336681095	-0.0523782801	0.0336681095	0.0090953929	-0.0453609212	0.0367839668	0.0302634059	0.0149418243	-0.0245347257	0.0397406037	-0.052077744	-0.0249834004	-0.0431599744	0.0084577592	-0.0251437496	0.866086425321158	-0.599922098053279	0.448081059024295	0.592443852028073
-0.115316	-0.00519001	0.572597	-0.000164707	0.00183903	-0.000331462	0.014328	-0.005536204	-0.134845	0.001893183	0.00031147	0.000113602	0.270621954	-0.0338407093	-0.0086504753	0.045018557	-0.0495209612	0.018970732	0.0250076315	-0.0512847364	0.0412607473	-0.0020309873	-0.0386363752	0.0519555872	-0.028498854	-0.0151303447	0.0480497669	-0.0469579174	0.0126276447	0.0306409077	-0.0522207755	0.0368369888	0.004621281	-0.0428084497	-0.058487734	0.0465599379	-0.0324107296	0.0528058844	-0.0458243018	0.0793578448	0.0335535082	0.0029252393	-0.0260368074	0.0707956813	-1.39181508536665	-0.574157424183455	0.448081059024295	0.592443852028073
-0.104741	-0.0271817	0.621619	-0.00111764	0.00179323	-0.000306703	0.010575	-0.02199169	0.0490219999999999	-0.000952933	-4.57999999999999e-05	2.4759e-05	0.13276329	-0.0340126806	-0.0082049152	0.0446686685	-0.0498077248	0.0200182296	0.0238094045	-0.050940271	0.0423483678	-0.0040589197	-0.0370769179	0.0522119084	-0.030732371	-0.0122987873	0.0467052026	-0.0483587652	0.016099885	0.0274493255	-0.0517492091	0.0397590408	0.0001128608	-0.0399056168	-0.0370328744	0.0435702157	0.0027618877	-0.000359166	0.0365798748	0.0329536746	0.0491296095	-0.0372167928	0.0943104192	0.021948085	0.144205032050766	-0.393042392770577	0.448081059024295	0.592443852028073
-0.0897738	0.0223386	0.621656	-0.00099458	0.00147856	-0.000195917	0.0149672	0.0495203	3.70000000000648e-05	0.00012306	-0.00031467	0.000110786	0.0919503	-0.0341840202	-0.0077587455	0.044311314	-0.0500796887	0.0210564335	0.0225952602	-0.0505494535	0.0433856593	-0.0060807472	-0.0354486142	0.0523509242	-0.0328837193	-0.0094286395	0.0451906832	-0.0495576132	0.0194956122	0.024110485	-0.0509664168	0.0424146861	-0.0043963972	-0.0366761804	-0.0445938259	0.0416256176	0.0395707449	0.0002186754	-0.0481511108	0.02685519	-0.0421159449	0.0582117124	-0.036063025	0.0119185896	0.686757350705693	-0.517317050335889	0.448081059024295	0.592443852028073
-0.0852505	-0.0217531	0.674231	-0.00160513	0.00166829	-0.000274783	0.00452330000000001	-0.0440917	0.052575	-0.00061055	0.00018973	-7.8866e-05	0.1451473	-0.0343547251	-0.0073119995	0.0439465533	-0.0503367722	0.0220848615	0.0213660101	-0.0501126395	0.044371389	-0.0080934286	-0.0337544877	0.0523723222	-0.0349471469	-0.0065289069	0.0435117199	-0.0505494535	0.0227986886	0.0206422981	-0.0498771065	0.0447861304	-0.0088730165	-0.0331465714	-0.010272102	0.0075002138	0.0066580938	-0.0085204646	-0.0103066359	0.0425009282	0.0147987541	-0.0106632708	0.0355986717	-0.0354942413	0.857913522626009	-0.945650392121901	0.448081059024295	0.592443852028073
-0.0845994	-0.0138879	0.645808	-0.00111764	0.00168816	-0.00050598	0.000651100000000002	0.00786519999999999	-0.0284230000000001	0.00048749	1.987e-05	-0.000231197	0.07386715	-0.0345247919	-0.0068647103	0.0435744473	-0.0505788988	0.0231030362	0.0201224762	-0.0496302266	0.0453043854	-0.0100939368	-0.0319976841	0.0522760543	-0.0369171367	-0.0036086884	0.0416744222	-0.0513301431	0.0259934166	0.0170633708	-0.0484878293	0.0468574839	-0.0132837629	-0.0293456776	0.0219366539	0.0179166555	-0.0180996655	0.0015866841	-0.003636291	-0.0118901956	-0.0539970373	0.0166180744	-0.0982758883	0.0303009512	0.693258319840996	-0.38954770857464	0.448081059024295	0.592443852028073
-0.0749494	0.0141484	0.660572	-0.00191039	0.00229559	-5.42331e-05	0.00965000000000001	0.0280363	0.0147640000000001	-0.00079275	0.00060743	0.0004517469	0.145046645	-0.0346942175	-0.0064169112	0.0431950583	-0.0508059967	0.024110485	0.0188654898	-0.0491026536	0.0461835398	-0.0120792627	-0.0301814655	0.0520623368	-0.0387884217	-0.0006771467	0.0396854757	-0.051896421	0.0290646136	0.013392903	-0.0468069407	0.0486148674	-0.0175958911	-0.025304607	0.0002709943	-0.0036434739	-0.0160767361	0.0154619704	-0.0402327186	0.0244151323	0.0867852279	0.0326774868	-0.0032225995	-0.0224358606	0.256578662501587	-0.51556418444897	0.448081059024295	0.592443852028073
-0.0849024	0.00565241	0.640657	-0.00133436	0.00186032	2.8559e-05	-0.00995300000000001	-0.00849599	-0.0199150000000001	0.00057603	-0.00043527	8.27921e-05	0.093068595	-0.0348629988	-0.0059686353	0.0428084497	-0.0510179984	0.0251067401	0.0175958911	-0.0485304007	0.0470078072	-0.0140464202	-0.0283092043	0.0517316498	-0.0405559987	0.0022565198	0.0375521182	-0.0522459219	0.0319976841	0.0096505858	-0.0448445497	0.0500465054	-0.021777388	-0.0210564335	7.04644e-05	0.0366855982	-0.02675306	-0.0187579942	0.0108417665	0.0058166404	-0.0352385478	-0.0688460854	0.0570899026	0.02912664	-0.397956777750171	-0.598711190965537	0.448081059024295	0.592443852028073
-0.0864609	0.00154319	0.668615	-0.00170658	0.00184302	2.8559e-05	-0.0015585	-0.00410922	0.027958	-0.00037222	-1.73e-05	0	0.0531017199999999	-0.0350311327	-0.0055199161	0.0424146861	-0.0512148408	0.0260913389	0.016314529	-0.0479139886	0.0477762082	-0.0159924506	-0.0263843771	0.0512847364	-0.0422151417	0.0051831058	0.0352821126	-0.0523771858	0.0347786889	0.0058564958	-0.0426124582	0.0511428052	-0.0257972105	-0.0166359256	-0.0463310719	-0.0227554772	0.0185013949	0.0218234154	-0.0496661197	0.0323732633	-0.0161930989	0.0375810253	0.0139547162	0.0343473433	0.705767259977356	-0.497667019893683	0.448081059024295	0.592443852028073
-0.0999935	-0.0208436	0.644374	-0.00149852	0.00176237	-0.000422342	-0.0135326	-0.02238679	-0.024241	0.00020806	-8.06499999999998e-05	-0.000450901	0.09714094	-0.0351986159	-0.0050707869	0.0420138333	-0.0513964655	0.0270638244	0.0150222601	-0.0472539781	0.0484878293	-0.0179144269	-0.024410558	0.0507226006	-0.0437614146	0.0080934286	0.0328837193	-0.0522896643	0.0373944116	0.0020309873	-0.0401240904	0.051896421	-0.0296255153	-0.0120792627	0.0005663921	0.0297957937	-0.0145068179	-0.0272636662	-0.0629698894	0.0143745847	-0.0446256826	-0.0429665236	-0.0076355411	0.0252771534	0.723126536172118	-0.725318963100603	0.448081059024295	0.592443852028073
-0.0765681	0.00564431	0.644392	-0.00149852	0.00165057	-0.000148636	0.0234254	0.02648791	1.79999999999625e-05	0	-0.0001118	0.000273706	0.06920661	-0.0353654455	-0.004621281	0.0416059582	-0.0515628185	0.028023745	0.0137199483	-0.0465509697	0.0491418251	-0.0198094581	-0.0223914121	0.0500465054	-0.0451906832	0.0109783563	0.0303656657	-0.0519837232	0.0398324213	-0.001805417	-0.0373944116	0.0523023033	-0.0332338815	-0.0074237382	-0.0308944848	-0.0197792954	-0.0501219314	0.0439554514	-0.0813352065	0.0793524885	-0.0034106106	-0.0163759137	0.0148253949	0.0247242275	0.469301337726875	-0.739172697671073	0.448081059024295	0.592443852028073
-0.0551524	-0.0688409	0.660523	-0.00127997	0.00163553	-0.000304894	0.0214157	-0.07448521	0.016131	0.00021855	-1.504e-05	-0.000156258	0.13152431	-0.0355316183	-0.0041714317	0.0411911291	-0.0517138504	0.0289706552	0.0124084642	-0.0458056033	0.0497374181	-0.021674694	-0.0203306886	0.0492579697	-0.0464991262	0.0138288366	0.0277371148	-0.0514606403	0.0420811315	-0.0056321357	-0.0344398384	0.0523577323	-0.0365955205	-0.0027074549	0.049607359	0.0262513281	-0.0419246357	0.0160877724	-0.0008860702	-0.0549008888	0.0138448173	-0.0857273794	0.0168950691	0.0003315282	0.053688475425239	-1.0426492896996	0.448081059024295	0.592443852028073
-0.0843874	0.0754201	0.646413	-0.00197031	0.00201515	-6.22724e-05	-0.029235	0.144261	-0.01411	-0.00069034	0.00037962	0.0002426216	0.25323508	-0.0356971313	-0.0037212726	0.0407694154	-0.0518495163	0.0299041152	0.0110886847	-0.045018557	0.0502739006	-0.0235073292	-0.0182322141	0.0483587652	-0.0476832451	0.0166359256	0.0250076315	-0.0507226006	0.0441298556	-0.0094286395	-0.03127814	0.0520623368	-0.0396854757	0.0020309873	-0.0083339416	0.0063164045	-0.0212583807	0.0132393689	-0.0299413767	0.012850863	0.0177400595	0.0109162814	-0.0157276908	0.0158764683	0.06793325057028	-0.762320757881809	0.448081059024295	0.592443852028073
-0.0708392	-0.0149208	0.673816	-0.00196846	0.00123519	3.58514e-05	0.0135482	-0.0903409	0.027403	1.84999999999986e-06	-0.00077996	9.81238e-05	0.17528879	-0.0358619813	-0.0032708371	0.0403408874	-0.0519697758	0.0308236917	0.0097614921	-0.044190547	0.050750635	-0.025304607	-0.016099885	0.0473509122	-0.048739874	0.0193908153	0.0221871482	-0.049772687	0.0459688572	-0.0131745611	-0.0279283311	0.0514180959	-0.0424808075	0.006752807	0.0028250343	0.0405003958	-0.0011570481	-0.0292628415	0.0259435536	-0.0118348036	0.0514336498	-0.0440384074	0.0860016787	-0.0307081322	0.893093894181989	-0.357504450732215	0.448081059024295	0.592443852028073
-0.0783802	0.0117163	0.74775	-0.00219317	0.00145882	-0.000116225	-0.00754099999999998	0.0266371	0.0739340000000001	-0.00022471	0.00022363	-0.0001520764	0.13813292	-0.0360261653	-0.0028201586	0.0399056168	-0.0520745933	0.0317289578	0.0084277735	-0.0433223267	0.0511670547	-0.0270638244	-0.0139376608	0.046236675	-0.0496661877	0.0220848615	0.0192859283	-0.0486148674	0.0475893965	-0.0168498047	-0.024410558	0.0504293264	-0.0449607632	0.0114193591	-0.0329964755	-0.0151478348	0.0380392981	-0.0809569216	-0.02249851	0.0588682252	-0.055056235	-0.0316388365	0.0394412777	-0.0417058248	0.709049386566773	-0.463394208977307	0.448081059024295	0.592443852028073
-0.0817097	-0.0322277	0.724381	-0.00173652	0.00166789	3.58514e-05	-0.0033295	-0.043944	-0.023369	0.00045665	0.00020907	0.0001520764	0.11153232	-0.0361896802	-0.0023692706	0.0394636764	-0.0521639377	0.0326194932	0.0070884207	-0.0424146861	0.0515226647	-0.0287823352	-0.0117495564	0.045018557	-0.0504597097	0.024709611	0.016314529	-0.0472539781	0.0489837722	-0.0204346535	-0.0207459769	0.0491026536	-0.0471069319	0.0159924506	0.061902177	-0.0279889674	-0.0067942315	0.0230112679	0.0210040297	-0.0662388434	-0.0279554627	0.0506577216	-0.0835442626	-0.0210436298	0.425161797822693	-0.503591371525035	0.448081059024295	0.592443852028073
-0.096703	0.0143356	0.704051	-0.00215254	0.00156589	-0.000420838	-0.0149933	0.0465633	-0.0203300000000001	-0.00041602	-0.000102	-0.0004566894	0.13062207	-0.036352523	-0.0019182066	0.03901514	-0.0522377823	0.0334948844	0.0057443291	-0.0414684511	0.0518170426	-0.0304575546	-0.0095396348	0.043699295	-0.0511183183	0.027256828	0.0132837629	-0.0456957037	0.0501453577	-0.0239098759	-0.0169566271	0.047446967	-0.0489033805	0.0204346535	0.0193412931	0.0260477443	-0.0323866284	-0.0574714522	0.0386231214	-0.0006973024	0.0702967183	0.0103332231	-0.0030070815	-0.0435521526	-1.65744445579516	-0.128695252399849	0.448081059024295	0.592443852028073
-0.0865349	-0.00939519	0.682873	-0.00158656	0.00123519	-0.000313623	0.0101681	-0.02373079	-0.021178	0.00056598	-0.0003307	0.000107215	0.10527164	-0.0365146908	-0.0014670001	0.0385600826	-0.0522961052	0.0343547251	0.0043963972	-0.0404844828	0.0520498384	-0.0320869629	-0.0073119995	0.0422818529	-0.0516402525	0.0297185201	0.0102046586	-0.0439465533	0.0510686325	-0.027256828	-0.0130652981	0.0454733605	-0.0503367722	0.024709611	-0.0821772618	-0.0595019141	0.0148370724	-0.0049546809	0.0589466521	-0.002978057	-0.0514114498	0.0233722361	0.0797917275	0.0070740768	-0.240259115321844	-0.040938722252407	0.448081059024295	0.592443852028073
-0.0964389	-0.00978043	0.699982	-0.00161087	0.00112684	-0.000347893	-0.00990400000000002	-0.00038524	0.017109	-2.43099999999998e-05	-0.00010835	-3.427e-05	0.03574474	-0.0366761804	-0.0010156846	0.0380985803	-0.0523388891	0.0351986159	0.0030455261	-0.0394636764	0.0522207755	-0.0336681095	-0.0050707869	0.0407694154	-0.0520241169	0.0320869629	0.0070884207	-0.0420138333	0.0517492091	-0.0304575546	-0.0090953929	0.0431950583	-0.0513964655	0.0287823352	0.0074927952	-0.0173308983	0.0652660709	0.006864016	-0.0504276588	0.0001458781	-0.0348958254	0.0253459598	-0.0273889582	0.0004719768	-2.12862595626283	0.020335884593902	0.448081059024295	0.592443852028073
-0.0967486	0.0231737	0.721847	-0.00206336	0.0015683	-8.51035e-05	-0.00030970000000001	0.03295413	0.021865	-0.00045249	0.00044146	0.0002627895	0.112965805	-0.0368369888	-0.0005642937	0.0376307102	-0.0523661213	0.0360261653	0.0016926191	-0.0384069609	0.0523296507	-0.0351986159	-0.0028201586	0.0391653804	-0.0522688852	0.0343547251	0.0039463888	-0.0399056168	0.0521838529	-0.0334948844	-0.0050707869	0.0406273263	-0.0520745933	0.0326194932	0.0465230844	0.0097043838	-0.0110436566	-0.0126329345	-0.0743922451	0.0422549382	0.0034607799	-0.0132854159	-0.0137839585	-0.0134727235	-2.71575246815507	-0.001044272624087	0.448081059024295	0.592443852028073
-0.0966013	0.00196122	0.70616	-0.00214363	0.00137703	-7.40125e-05	0.000147300000000003	-0.02121248	-0.015687	-8.02699999999999e-05	-0.00019127	1.1091e-05	0.05117833	-0.0369971132	-0.0001128608	0.0371565505	-0.0523777937	0.0368369888	0.0003385804	-0.0373152977	0.0523763346	-0.0366761804	-0.0005642937	0.0374733519	-0.0523739028	0.0365146908	0.0007899965	-0.0376307102	0.0523704984	-0.036352523	-0.0010156846	0.0377873696	-0.0523661213	0.0361896802	0.037974473	-0.0242783044	-0.0452017665	0.0166733775	0.0074888189	-0.0526304259	-0.0368350547	0.0408187304	-0.0758911121	0.0198613838	0.764396993634421	0.00077178325192	0.448081059024295	0.592443852028073
-0.0965356	-0.0148662	0.721454	-0.00214363	0.00123184	7.30732e-05	6.56999999999602e-05	-0.01682742	0.015294	0	-0.00014519	0.0001470857	0.046800905	-0.0371565505	0.0003385804	0.0366761804	-0.0523739028	0.0376307102	-0.0010156846	-0.0361896802	0.0523607718	-0.0380985803	0.0016926191	0.0356971313	-0.0523388891	0.0385600826	-0.0023692706	-0.0351986159	0.0523082586	-0.03901514	0.0030455261	0.0346942175	-0.0522688852	0.0394636764	-0.0341784587	-0.0695552019	0.0097341598	0.0276511155	0.0684796564	0.0063860804	0.0700986313	0.0689048025	0.0239902841	-0.0229610384	0.41390063380319	-0.091575976204637	0.448081059024295	0.592443852028073
-0.0962422	-0.042852	0.738751	-0.00200159	0.000811528	-4.10445e-05	0.000293399999999999	-0.0279858	0.017297	0.00014204	-0.000420312	-0.0001141177	0.079399685	-0.0373152977	0.0007899965	0.0361896802	-0.0523544498	0.0384069609	-0.0023692706	-0.0350311327	0.0522829807	-0.0394636764	0.0039463888	0.0338407093	-0.0521639377	0.0404844828	-0.0055199161	-0.0326194932	0.0519974292	-0.0414684511	0.0070884207	0.0313685957	-0.0517836067	0.0424146861	0.0364551642	-8.81906e-05	0.0404352477	-0.0057711779	0.027519716	-0.0650849041	-0.0223537517	-0.0058056682	-0.0307024785	-0.0064741107	0.248108479153164	-0.420955611630936	0.448081059024295	0.592443852028073
-0.107633	0.00731646	0.778931	-0.00347712	0.00169176	7.30732e-05	-0.0113908	0.05016846	0.04018	-0.00147553	0.000880232	0.0001141177	0.225233245	-0.0374733519	0.0012413539	0.0356971313	-0.0523194405	0.0391653804	-0.0037212726	-0.0338407093	0.0521430537	-0.0407694154	0.0061928308	0.0319082567	-0.0518495163	0.0422818529	-0.0086504753	-0.0299041152	0.0514394875	-0.043699295	0.0110886847	0.0278327876	-0.0509138886	0.045018557	0.0431105319	0.0180585445	0.0312055805	-0.0346114111	0.0034637275	0.0210577249	0.0534404856	0.0109552041	-0.0149025478	-0.0276534469	-0.066896028146849	-0.434987829653936	0.448081059024295	0.592443852028073
-0.105026	-0.0288587	0.744438	-0.00234807	0.00120533	7.30733e-05	0.002607	-0.03617516	-0.034493	0.00112905	-0.00048643	1.00000000034101e-10	0.154049165	-0.0376307102	0.0016926191	0.0351986159	-0.0522688852	0.0399056168	-0.0050707869	-0.0326194932	0.0519411573	-0.0420138333	0.0084277735	0.0299041152	-0.0513964655	0.0439465533	-0.0117495564	-0.0270638244	0.050637085	-0.0456957037	0.0150222601	0.024110485	-0.0496661877	0.0472539781	-0.0129102902	-0.0275164025	-0.01321692	-0.0280934776	0.0361816162	-0.022138443	-0.0614231613	0.0353758798	-0.0097689574	-0.0054972274	1.08784575326014	-0.503702175271987	0.448081059024295	0.592443852028073
-0.110765	-0.00861269	0.773139	-0.00229124	0.00129739	7.30733e-05	-0.00573900000000001	0.02024601	0.028701	5.68299999999999e-05	9.20600000000002e-05	0	0.06213051	-0.0377873696	0.0021437585	0.0346942175	-0.0522027989	0.0406273263	-0.0064169112	-0.0313685957	0.0516775313	-0.0431950583	0.0106470671	0.0278327876	-0.0508059967	0.0454733605	-0.0148058821	-0.024110485	0.049594035	-0.047446967	0.0188654898	0.0202266294	-0.0480497669	0.0491026536	-0.0429666369	-0.0805078377	0.0308920066	-0.0167872436	0.0494910952	0.0245618909	0.0106056874	0.0866252347	0.0476911118	-0.0536671379	-0.771339426046378	-0.450850947472173	0.448081059024295	0.592443852028073
-0.099482	-0.0349752	0.744671	-0.0015922	0.00106516	-0.000118032	0.011283	-0.02636251	-0.0284680000000002	0.00069904	-0.00023223	-0.0001911053	0.122232275	-0.0379433273	0.0025947387	0.0341840202	-0.0521212014	0.0413301739	-0.0077587455	-0.0300891549	0.051352489	-0.044311314	0.0128465907	0.0256989275	-0.0500796887	0.0468574839	-0.0178083308	-0.0210564335	0.0483152946	-0.04894369	0.0225952602	0.0162072446	-0.0460766263	0.0505494535	0.0261461274	-0.0262942892	0.0292022198	0.0125953782	-0.0069205973	-0.0257045275	-0.0612097332	-0.0319390476	-0.0203478246	0.0114429038	0.476846030526476	-0.427528764734329	0.448081059024295	0.592443852028073
-0.123051	0.0195036	0.721793	-0.00208407	0.00141576	7.30733e-05	-0.023569	0.0544788	-0.0228779999999998	-0.00049187	0.0003506	0.0001911053	0.152604565	-0.0380985803	0.0030455261	0.0336681095	-0.0520241169	0.0420138333	-0.0090953929	-0.0287823352	0.0509664168	-0.0453609212	0.0150222601	0.0235073292	-0.0492194833	0.0480945804	-0.0207459769	-0.0179144269	0.0468069407	-0.050177843	0.02618914	0.0120792627	-0.0437614146	0.0515825363	0.063275988	0.0281961668	-0.0049426075	-0.0026994269	-0.022204345	-0.0074040054	0.0538446524	-0.004017749	-0.0503038752	-0.0076481268	0.873708911188906	-0.444636236380828	0.448081059024295	0.592443852028073
-0.103988	-0.0258938	0.692222	-0.00155151	0.00135042	-0.000173787	0.019063	-0.0453974	-0.029571	0.00053256	-6.53400000000001e-05	-0.0002468603	0.136269415	-0.0382531258	0.0034960873	0.0331465714	-0.0519115742	0.042677987	-0.0104259597	-0.0274493255	0.0505197734	-0.0463423012	0.0171700353	0.0212629165	-0.0482276804	0.0491807684	-0.0236081307	-0.0146975897	0.0450761418	-0.0511428052	0.0296255153	0.0078703433	-0.0411213197	0.0521934471	0.0119304503	0.0164044864	-0.0731788533	-0.0269175549	-0.0002752879	0.0091736252	-0.0276130477	-0.0698986291	-0.0168319511	-0.0066353595	0.713851256308909	-0.647878486579816	0.448081059024295	0.592443852028073
-0.116035	0.042169	0.690204	-0.0020508	0.00135195	-0.000334763	-0.012047	0.0680628	-0.00201799999999996	-0.00049929	1.53000000000002e-06	-0.000160976	0.1152176	-0.0384069609	0.0039463888	0.0326194932	-0.0517836067	0.0433223267	-0.0117495564	-0.0260913389	0.0500130897	-0.0472539781	0.0192859283	0.018970732	-0.0471069319	0.0501126395	-0.0263843771	-0.0114193591	0.0431311232	-0.0518333998	0.0328837193	0.0036086884	-0.0381759417	0.0523771858	0.00245815	-0.0028793349	0.0153500955	0.0269487167	-0.0118430985	-0.0185613687	0.0381378472	0.036289824	-0.0373478735	0.0297476385	0.808471705981813	-0.553508344963175	0.448081059024295	0.592443852028073
-0.102091	-0.00445532	0.700656	-0.0018626	0.00131975	-0.000505087	0.0139440000000001	-0.04662432	0.010452	0.0001882	-3.22e-05	-0.000170324	0.0905565199999999	-0.0385600826	0.0043963972	0.0320869629	-0.0516402525	0.0439465533	-0.0130652981	-0.024709611	0.0494469678	-0.0480945804	0.0213660101	0.0166359256	-0.0458602343	0.0508872699	-0.0290646136	-0.0080934286	0.0409811285	-0.0522459219	0.0359441567	-0.0006771467	-0.0349471469	0.0521322486	-0.0325306231	0.0023487862	0.0610656477	0.0114590194	-0.0179061196	-0.0208733963	-0.0066644314	0.0065533732	0.0636700037	-0.0020845908	0.100620230811106	-0.35933870957818	0.448081059024295	0.592443852028073
-0.0977064	0.00436661	0.679858	-0.00167509	0.0014305	-0.000390044	0.0043846	0.00882193	-0.0207980000000001	0.00018751	0.00011075	0.000115043	0.05466968	-0.0387124883	0.0048460789	0.0315490697	-0.0514815542	0.0445503769	-0.0143723053	-0.0233053991	0.0488220806	-0.048862844	0.0234064185	0.014263743	-0.0444909208	0.051502229	-0.0316390872	-0.0047336909	0.0386363752	-0.0523781585	0.0387884217	-0.0049584444	-0.0314589057	0.0514606403	0.0225931822	0.012234188	0.031282662	0.032982884	-0.0545710623	0.0512943647	-0.0187121521	0.0209178328	-0.0198065614	0.0233021973	-0.134370092765804	-0.275964782187418	0.448081059024295	0.592443852028073
-0.0989644	0.0239992	0.706592	-0.00215266	0.0015537	-0.000390044	-0.001258	0.01963259	0.026734	-0.00047757	0.0001232	0	0.07766309	-0.0388641751	0.0052954007	0.0310059033	-0.0513075588	0.0451335173	-0.015669704	-0.0218799809	0.0481391707	-0.0495576132	0.0254033645	0.0118595137	-0.0430026525	0.0519555872	-0.0340984296	-0.0013541801	0.0361080066	-0.0522294002	0.0413994086	-0.009206518	-0.0277371148	0.0503678575	0.0395557585	0.022595814	-0.0583597937	-0.005251852	-0.0227002539	0.0436212463	0.0237829975	-0.0732189969	-0.0327191321	0.0030411622	0.756845818079141	-0.210899894680988	0.448081059024295	0.592443852028073
-0.0779392	-0.0304321	0.677399	-0.00189957	0.00122703	-0.000390044	0.0210252	-0.0544313	-0.029193	0.00025309	-0.00032667	0	0.1336375	-0.03901514	0.0057443291	0.0304575546	-0.0511183183	0.0456957037	-0.0169566271	-0.0204346535	0.0473990497	-0.050177843	0.0273531403	0.0094286395	-0.0413994086	0.0522459219	-0.0364336915	0.0020309873	0.0334080384	-0.0518004449	0.0437614146	-0.013392903	-0.0238094045	0.048862844	0.0198370687	-0.0150578023	-0.0263412636	0.034955023	0.0340408249	-0.0693162949	0.0103316228	0.0529269677	-0.041039585	0.0142057954	-0.334797450089483	-0.257141499041961	0.448081059024295	0.592443852028073
-0.0727409	0.0323589	0.668708	-0.00224954	0.00150343	-0.000390044	0.00519830000000003	0.062791	-0.008691	-0.00034997	0.0002764	0	0.1079988	-0.0391653804	0.0061928308	0.0299041152	-0.0509138886	0.046236675	-0.0182322141	-0.018970732	0.0466025972	-0.0507226006	0.0292521253	0.0069765817	-0.0396854757	0.0523723222	-0.0386363752	0.005407671	0.030549302	-0.051093594	0.0458602343	-0.0174895484	-0.0197049341	0.0469579174	0.0063470837	0.0638429328	0.0032172794	-0.0044501912	0.0490397636	-0.0117261502	0.0961870148	-0.0124075681	0.0232568894	0.0200798894	0.943645496857877	-0.325460465070505	0.448081059024295	0.592443852028073
-0.0613469	-0.0301918	0.656844	-0.00158585	0.00149158	-0.000233572	0.011394	-0.0625507	-0.011864	0.00066369	-1.18500000000001e-05	0.000156472	0.1274093	-0.0393148935	0.0066408724	0.0293456776	-0.0506943307	0.0467561802	-0.0194956122	-0.0174895484	0.0457507597	-0.0511910666	0.0310967934	0.0045088495	-0.0378654364	0.0523343914	-0.0406984653	0.0087617663	0.0275453833	-0.0501126395	0.0476832451	-0.0214690046	-0.015454175	0.0446686685	-0.065011712	0.0066980847	-0.0048374039	-0.0140095832	0.0309383746	-0.0290430819	-0.0129786507	-0.0190779096	0.0573138982	-0.008566775	0.870912373870101	-0.533816971090972	0.448081059024295	0.592443852028073
-0.0791547	0.0134338	0.664302	-0.00222009	0.00155142	-0.000390044	-0.0178078	0.0436256	0.00745800000000008	-0.00063424	5.984e-05	-0.000156472	0.111419	-0.0394636764	0.0070884207	0.0287823352	-0.0504597097	0.0472539781	-0.0207459769	-0.0159924506	0.0448445497	-0.0515825363	0.0328837193	0.0020309873	-0.0359441567	0.0521322486	-0.0426124582	0.0120792627	0.024410558	-0.048862844	0.0492194833	-0.025304607	-0.0110886847	0.0420138333	-0.0138290312	0.0399466364	0.0318602327	0.0317271111	0.0133084258	0.020236647	0.0171127096	-0.0087503637	0.0179481329	0.046175993	0.237005062188513	-0.24856535132674	0.448081059024295	0.592443852028073
-0.0786582	-0.0232044	0.682946	-0.00170999	0.00159349	-0.000782712	0.000496500000000011	-0.0366382	0.018644	0.0005101	4.207e-05	-0.000392668	0.1030206	-0.0396117264	0.0075354425	0.028214182	-0.0502100954	0.0477298374	-0.0219824722	-0.0144808008	0.043885044	-0.051896421	0.034609585	-0.0004514381	-0.0339267737	0.051766528	-0.044371389	0.0153463027	0.0211597241	-0.0473509122	0.0504597097	-0.0289706552	-0.0066408724	0.03901514	-0.0230614054	0.0122075992	-0.0021933647	-0.0065890114	-0.0259685513	0.0067747143	0.0271072762	0.0281096048	0.0113871157	-0.0438040858	0.931800267421973	-0.452003482255265	0.448081059024295	0.592443852028073
-0.0818693	0.064803	0.721943	-0.0028805	0.00185828	-0.000792919	-0.00321110000000002	0.0880074	0.0389969999999999	-0.00117051	0.00026479	-1.02070000000001e-05	0.20249085	-0.0397590408	0.0079819045	0.0276413132	-0.0499455618	0.0481835374	-0.0232042715	-0.0129559745	0.0428733831	-0.0521322486	0.0362711858	-0.0029328492	-0.0318186811	0.0512383773	-0.0459688572	0.0185492395	0.0178083308	-0.0455849554	0.0513964655	-0.0324425845	-0.0021437585	0.0356971313	-0.0203966431	-0.0006310372	0.0262414452	-0.0019047169	0.0325586758	0.0230978884	-0.0107319701	-0.0600351066	0.0757147588	-0.0230249914	0.951797099070081	-0.508366797518304	0.448081059024295	0.592443852028073
-0.0722953	0.0186519	0.68836	-0.00261381	0.00173721	-0.000390044	0.009574	-0.0461511	-0.0335829999999999	0.00026669	-0.00012107	0.000402875	0.12883985	-0.0399056168	0.0084277735	0.0270638244	-0.0496661877	0.0486148674	-0.024410558	-0.0114193591	0.0418107693	-0.0522896643	0.0378654364	-0.005407671	-0.0296255153	0.0505494535	-0.0473990497	0.021674694	0.0143723053	-0.0435744473	0.0520241169	-0.0356971313	0.0023692706	0.0320869629	-0.0103437742	0.0414881255	0.0401177107	0.0031748971	-0.0104824943	-0.0413196707	-0.1078109636	-0.0154696142	-0.0290924482	0.0479174405	0.883980991913404	-0.57939648903161	0.448081059024295	0.592443852028073
-0.12307	0.0844479	0.713679	-0.00350838	0.0022555	-0.000744394	-0.0507747	0.065796	0.0253189999999999	-0.00089457	0.00051829	-0.00035435	0.2302502	-0.0400514517	0.0088730165	0.0264818121	-0.0493720561	0.049023627	-0.0256005252	-0.009872353	0.0406984653	-0.0523684314	0.0393893764	-0.0078703433	-0.0273531403	0.0497019183	-0.0486567622	0.024709611	0.0108679768	-0.0413301739	0.0523388891	-0.0387124883	0.0068647103	0.028214182	-0.0210616523	0.0062227088	0.0194413302	0.0169437754	-0.0398531315	0.0405390068	-0.0037173249	0.0179446799	0.0303488696	-0.0032755156	0.718167845483083	-0.504339869263307	0.448081059024295	0.592443852028073
-0.136198	-0.0308215	0.800186	-0.00457605	0.00201069	-0.000573739	-0.013128	-0.1152694	0.086507	-0.00106767	-0.00024481	0.000170655	0.28906115	-0.0401965428	0.0093176004	0.0258953737	-0.0490632542	0.0494096266	-0.0267733776	-0.0083163637	0.0395377932	-0.0523684314	0.0408401761	-0.0103153331	-0.0250076315	0.0486984311	-0.0497374181	0.0276413132	0.0073119995	-0.0388641751	0.0523388891	-0.0414684511	0.0113091867	0.024110485	0.0283959249	0.0254772009	0.0171780801	-0.0308916834	0.0503634854	-0.0213159378	-0.0388811784	-0.0720480461	0.0316424656	-0.0092229673	-0.38590132180868	-0.426946739932827	0.448081059024295	0.592443852028073
-0.116104	-0.0476309	0.883163	-0.00568222	0.00246778	-0.000515228	0.020094	-0.0168094	0.082977	-0.00110617	0.00045709	5.85109999999999e-05	0.20096895	-0.0403408874	0.0097614921	0.025304607	-0.048739874	0.049772687	-0.0279283311	-0.006752807	0.0383301323	-0.0522896643	0.0422151417	-0.0127371473	-0.0225952602	0.0475421407	-0.050637085	0.0304575546	0.0037212726	-0.0361896802	0.0520241169	-0.0439465533	0.015669704	0.0198094581	-0.0112892264	0.0049985857	0.0210004664	-0.0581903446	0.0285434766	0.0348684844	-0.0166135626	-0.0379266148	-0.0028671587	-0.0286424076	0.091947538523381	-0.37540221731086	0.448081059024295	0.592443852028073
-0.106037	-0.054634	0.851548	-0.00505316	0.00222162	-0.000390044	0.010067	-0.0070031	-0.0316150000000001	0.00062906	-0.00024616	0.000125184	0.0987053	-0.0404844828	0.0102046586	0.024709611	-0.0484020114	0.0501126395	-0.0290646136	-0.0051831058	0.0370769179	-0.0521322486	0.0435117199	-0.0151303447	-0.0201224762	0.046236675	-0.051352489	0.0331465714	0.0001128608	-0.0333210373	0.0513964655	-0.0461301902	0.0199138901	0.0153463027	0.0340173176	-0.0376472379	-0.0026428687	0.017248836	0.0600398287	-0.065983589	-0.0521330036	0.0062249524	-0.0577423345	0.0125019305	0.493256663473563	-0.377244462700534	0.448081059024295	0.592443852028073
-0.103457	0.017512	0.771594	-0.00469557	0.00223498	-0.000472937	0.00258	0.072146	-0.0799539999999999	0.000357590000000001	1.336e-05	-8.2893e-05	0.17737215	-0.0406273263	0.0106470671	0.024110485	-0.0480497669	0.0504293264	-0.0301814655	-0.0036086884	0.0357796393	-0.051896421	0.0447275033	-0.0174895484	-0.0175958911	0.0447861304	-0.051881027	0.0356971313	-0.0034960873	-0.0302736359	0.0504597097	-0.0480047303	0.0240102362	0.010757547	0.0312360863	0.0288808979	-0.0112613778	-0.024104459	0.0953382348	-0.0544034487	0.0685529452	0.0171872448	0.0062892312	-0.0368753407	0.677236034829338	-0.400726302931606	0.448081059024295	0.592443852028073
-0.0754538	-0.0195313	0.733378	-0.00282121	0.00141298	-0.00049023	0.0280032	-0.0370433	-0.0382160000000001	0.00187436	-0.000822	-1.7293e-05	0.23894515	-0.0407694154	0.0110886847	0.0235073292	-0.0476832451	0.0507226006	-0.03127814	-0.0020309873	0.0344398384	-0.0515825363	0.0458602343	-0.0198094581	-0.0150222601	0.0431950583	-0.0522207755	0.0380985803	-0.0070884207	-0.0270638244	0.0492194833	-0.0495576132	0.0279283311	0.0060807472	-0.0754338561	0.0005797801	0.0367945802	-0.0838540982	0.0418046101	0.0215584057	-0.0114044533	-0.0061647745	0.0510484162	-0.0396785496	0.353574579076821	-0.615994669082889	0.448081059024295	0.592443852028073
-0.0649354	-0.000880156	0.712512	-0.00222261	0.00107068	-0.000517084	0.0105184	0.018651144	-0.0208659999999998	0.0005986	-0.000342300000000001	-2.6854e-05	0.098423244	-0.0409107473	0.0115294786	0.0229002443	-0.047302555	0.050992326	-0.032353904	-0.0004514381	0.0330591074	-0.0511910666	0.0469078096	-0.0220848615	-0.0124084642	0.0414684511	-0.0523704984	0.0403408874	-0.0106470671	-0.0237088227	0.0476832451	-0.0507784337	0.0316390872	0.0013541801	-0.0457142597	-0.0487932864	0.0066521144	-0.0306663684	-0.0392409993	0.022841536	-0.0879717758	0.0234326519	-0.0558770815	-0.0080601186	0.305151789884813	-0.368823599572554	0.448081059024295	0.592443852028073
-0.0844018	0.0483763	0.710389	-0.00288364	0.0011659	-0.000315459	-0.0194664	0.049256456	-0.00212299999999999	-0.00066103	9.52200000000005e-05	0.000201625	0.118739606	-0.0410513194	0.011969416	0.0222893319	-0.0469078096	0.0512383773	-0.0334080384	0.0011285219	0.0316390872	-0.0507226006	0.0478682839	-0.0243106464	-0.0097614921	0.0396117264	-0.0523296507	0.0424146861	-0.0141551145	-0.0202266294	0.0458602343	-0.0516590118	0.0351149558	-0.0033834701	0.0248632197	-0.0631730113	-0.0221065165	0.0505402531	-0.0259475913	0.0360161879	0.0436430511	0.0436413538	-0.0496609366	0.0102717824	-0.677700650804846	-0.059765404882999	0.448081059024295	0.592443852028073
-0.0781144	0.0279501	0.689852	-0.00260971	0.00101708	-0.000390044	0.00628740000000001	-0.0204262	-0.020537	0.00027393	-0.00014882	-7.4585e-05	0.07211735	-0.0411911291	0.0124084642	0.021674694	-0.0464991262	0.0514606403	-0.0344398384	0.0027074549	0.0301814655	-0.050177843	0.048739874	-0.0264818121	-0.0070884207	0.0376307102	-0.0520983812	0.044311314	-0.0175958911	-0.0166359256	0.0437614146	-0.0521934471	0.0383301323	-0.0080934286	0.0375427829	0.0233488452	-0.0436648455	-0.0117350268	-0.0035457093	-0.0357482123	0.0015488272	-0.0738012131	-0.0133422064	0.0107763504	0.695144184338245	-0.619992247950372	0.448081059024295	0.592443852028073
-0.0757792	0.0779556	0.629459	-0.00263124	0.0011767	-0.000390044	0.0023352	0.0500055	-0.060393	-2.15300000000001e-05	0.00015962	0	0.1217912	-0.0413301739	0.0128465907	0.0210564335	-0.0460766263	0.0516590118	-0.0354486142	0.0042839244	0.0286879745	-0.0495576132	0.0495209612	-0.0285934806	-0.0043963972	0.0355316183	-0.0516775313	0.0460228486	-0.0209530451	-0.0129559745	0.0413994086	-0.0523781585	0.0412607473	-0.0127371473	-0.0471255026	-0.033980366	-0.0123440906	0.0397178879	-0.0614819981	0.0279795064	-0.0095233342	0.0234355398	-0.0155606093	0.038333094	0.995070110631853	-0.188225677770822	0.448081059024295	0.592443852028073
-0.0927404	0.0608751	0.684653	-0.00272336	0.00130147	-0.000390044	-0.0169612	-0.0170805	0.055194	-9.21200000000002e-05	0.00012477	0	0.1000802	-0.0414684511	0.0132837629	0.0204346535	-0.0456404355	0.0518333998	-0.0364336915	0.0058564958	0.0271603893	-0.048862844	0.0502100954	-0.0306409077	-0.0016926191	0.0333210373	-0.0510686325	0.0475421407	-0.0242106219	-0.009206518	0.0387884217	-0.0522119084	0.043885044	-0.01727662	0.0257143355	0.0113692504	0.0235297571	0.0287457845	-0.0454620453	0.0236295371	0.0398997375	-0.0149043879	0.0253211854	-0.0024298735	0.384016364934197	0.153858246930886	0.448081059024295	0.592443852028073
-0.0773912	-0.00405088	0.659829	-0.00227588	0.00070146	-0.00044351	0.0153492	-0.06492598	-0.024824	0.00044748	-0.00060001	-5.3466e-05	0.16014698	-0.0416059582	0.0137199483	0.0198094581	-0.0451906832	0.0519837232	-0.0373944116	0.0074237382	0.0256005252	-0.0480945804	0.0508059967	-0.0326194932	0.0010156846	0.0310059033	-0.0502739006	0.048862844	-0.0273531403	-0.005407671	0.0359441567	-0.0516958108	0.0461835398	-0.021674694	-0.005990676	0.0142758999	-0.067169432	-0.0359114558	-0.0575515913	0.020061698	-0.0394449258	-0.0491671178	-0.0431455982	-0.0035982781	-0.131585903553054	0.083228054823653	0.448081059024295	0.592443852028073
-0.0774258	0.0282056	0.652239	-0.00254625	0.00112369	-0.000390044	-3.46000000000096e-05	0.03225648	-0.00758999999999999	-0.00027037	0.00042223	5.3466e-05	0.07718438	-0.0417426926	0.0141551145	0.0191809517	-0.0447275033	0.0521099123	-0.0383301323	0.0089842256	0.0240102362	-0.0472539781	0.0513075588	-0.0345247919	0.0037212726	0.0285934806	-0.0492962274	0.0499794418	-0.0303656657	-0.0015798132	0.0328837193	-0.0508333239	0.0481391707	-0.0258953737	-0.0384331453	-0.0677237598	-0.0530699636	0.0389490344	-0.03674248	0.0580687899	0.0110385292	0.0389461046	0.0067540652	-0.0057087879	1.06999317022848	-0.096530930954677	0.448081059024295	0.592443852028073
-0.0728641	-0.0302487	0.616307	-0.0017649	0.00113797	-0.000390044	0.0045617	-0.0584543	-0.0359320000000001	0.00078135	1.428e-05	0	0.1387295	-0.0418786518	0.0145892291	0.0185492395	-0.0442510332	0.0522119084	-0.0392402281	0.0105365379	0.0223914121	-0.0463423012	0.0517138504	-0.036352523	0.0064169112	0.0260913389	-0.0481391707	0.0508872699	-0.0332338815	0.0022565198	0.0296255153	-0.0496302266	0.0497374181	-0.0299041152	0.0488992415	0.0249332191	-0.0344968974	0.0612938551	-0.0227518112	-0.0538612888	0.0103981872	-0.0467444334	-0.0426751549	0.0533986453	0.203065366588408	-1.21105302769963	0.448081059024295	0.592443852028073
-0.0665516	0.0169471	0.58773	-0.00237425	0.00127264	-0.000162205	0.0063125	0.0471958	-0.028577	-0.00060935	0.00013467	0.000227839	0.13067825	-0.0420138333	0.0150222601	0.0179144269	-0.0437614146	0.0522896643	-0.0401240904	0.0120792627	0.0207459769	-0.0453609212	0.0520241169	-0.0380985803	0.0090953929	0.0235073292	-0.0468069407	0.0515825363	-0.0359441567	0.0060807472	0.02618914	-0.0480945804	0.0509664168	-0.0336681095	0.0002908494	0.0306671847	-0.0772276126	0.0258069031	-0.0140879185	0.0354906061	0.0475963225	0.0010614745	-0.0476618286	0.0128778271	-0.202306593956518	-1.27908604161829	0.448081059024295	0.592443852028073
-0.0601762	-0.00518135	0.610367	-0.00244406	0.00160974	-9.04748e-05	0.00637540000000001	-0.02212845	0.022637	-6.981e-05	0.0003371	7.17302e-05	0.07507286	-0.0421482344	0.015454175	0.01727662	-0.0432587929	0.0523431439	-0.0409811285	0.0136109962	0.0190758861	-0.044311314	0.0522377823	-0.0397590408	0.0117495564	0.0208495594	-0.0453043854	0.0520623368	-0.0384836111	0.009872353	0.0225952602	-0.046236675	0.0518170426	-0.0371565505	-0.0120803354	0.0133840611	0.0044489544	0.066920398	0.0443409717	-0.0397980673	0.0153568002	-0.0154651402	0.0682130528	0.0819245496	0.55640240821759	-1.00240637187905	0.448081059024295	0.592443852028073
-0.0550914	0.0113392	0.597017	-0.00215944	0.00144542	-0.000383711	0.00508479999999999	0.01652055	-0.01335	0.00028462	-0.00016432	-0.0002932362	0.07206416	-0.0422818529	0.015884942	0.0166359256	-0.0427433176	0.0523723222	-0.0418107693	0.0151303447	0.0173831246	-0.0431950583	0.0523544498	-0.0413301739	0.0143723053	0.018126369	-0.0436369724	0.052324667	-0.0408401761	0.0136109962	0.0188654898	-0.0440689593	0.0522829807	-0.0403408874	-0.0217682782	0.0676894318	-0.0003198131	-0.0288860459	-0.0247994986	-0.0123923552	0.0127681481	-0.0299878524	0.0039185805	0.0538411475	-0.527785382217679	-1.67510493799999	0.448081059024295	-1.68540061352814
-0.054838	0.0411224	0.617066	-0.0026101	0.0017998	-9.04749e-05	0.000253400000000001	0.0297832	0.020049	-0.00045066	0.00035438	0.0002932361	0.104999405	-0.0424146861	0.016314529	0.0159924506	-0.0422151417	0.0523771858	-0.0426124582	0.0166359256	0.015669704	-0.0420138333	0.0523739028	-0.0428084497	0.0169566271	0.0153463027	-0.0418107693	0.0523684314	-0.0430026525	0.01727662	0.0150222601	-0.0416059582	0.0523607718	-0.0431950583	-0.0736912343	-0.0318620144	0.0109275233	0.0497107599	-0.0472165819	0.0651903576	-0.0089489937	0.0475071773	0.0269363841	0.0577663819	-0.63742421587997	-1.03133048080777	-2.22840312389761	-1.68540061352814
-0.0694306	0.00397595	0.621654	-0.00242499	0.00181996	-0.000539869	-0.0145926	-0.03714645	0.00458800000000004	0.00018511	2.016e-05	-0.0004493941	0.089060255	-0.0425467316	0.016742904	0.0153463027	-0.0416744222	0.0523577323	-0.0433856593	0.018126369	0.0139376608	-0.0407694154	0.0522961052	-0.044190547	0.0194956122	0.0125180835	-0.0398324213	0.0521934471	-0.0449607632	0.0208495594	0.0110886847	-0.0388641751	0.0520498384	-0.0456957037	0.0309851994	0.0467222521	0.0277272429	0.0240848454	-0.0544762886	-0.0231014076	0.003721033	-0.0238766039	0.0230383914	-0.004405464	-0.414361854049533	-1.27504663111282	-2.22840312389761	-1.68540061352814
-0.0693505	0.00834591	0.594915	-0.00242003	0.00175099	-0.000448081	8.01000000000135e-05	0.00436996	-0.0267390000000001	4.96000000000003e-06	-6.897e-05	9.1788e-05	0.0394749600000001	-0.042677987	0.0171700353	0.0146975897	-0.0411213197	0.0523139709	-0.0441298556	0.0196003187	0.0121890533	-0.0394636764	0.0521212014	-0.0454733605	0.0219824722	0.0096505858	-0.0377091275	0.0518004449	-0.0467052026	0.0243106464	0.0070884207	-0.0358619813	0.051352489	-0.0478223571	-0.0137349586	0.0138552303	-0.0730176859	0.0060979202	-0.0254895746	0.0573311258	-0.0212696053	0.0091760063	-0.0186578382	0.0087398407	-0.028228242738287	-1.13676752197995	-2.22840312389761	0.592443852028073
-0.069522	0.0284147	0.606443	-0.00257913	0.00203721	-0.000472609	-0.000171500000000005	0.02006879	0.0115280000000001	-0.0001591	0.00028622	-2.45280000000001e-05	0.05526069	-0.0428084497	0.0175958911	0.0140464202	-0.0405559987	0.0522459219	-0.0448445497	0.0210564335	0.0104259597	-0.0380985803	0.0518495163	-0.0466540082	0.024410558	0.006752807	-0.0354486142	0.0511910666	-0.0482276804	0.0276413132	0.0030455261	-0.0326194932	0.0502739006	-0.0495576132	0.0026979227	-0.0081741545	-0.0257870364	0.0667398677	0.0252859756	-0.0161594981	0.0344547309	0.0309468517	-0.0241887048	0.0436209066	1.13255145382694	-1.00713557086478	0.448081059024295	0.592443852028073
-0.0699388	0.0159178	0.633718	-0.00279916	0.00197361	-0.000675065	-0.000416800000000009	-0.0124969	0.0272749999999999	-0.00022003	-6.35999999999996e-05	-0.000202456	0.0644930000000001	-0.0429381175	0.0180204398	0.013392903	-0.0399786271	0.0521536168	-0.0455292636	0.0224933884	0.0086504753	-0.0366761804	0.0514815542	-0.0477298374	0.0267733776	0.0038338396	-0.0330591074	0.0503678575	-0.0495209612	0.0308236917	-0.0010156846	-0.0291584371	0.0488220806	-0.0508872699	0.0150207529	0.0449532936	0.0376059527	-0.0094407065	0.0290895459	-0.0771412143	0.0099554002	-0.0363787466	0.0365239171	-0.017469212	0.507289359897109	-0.501949640348159	0.448081059024295	0.592443852028073
-0.0899493	0.0525569	0.656348	-0.00290458	0.00178464	-0.000477681	-0.0200105	0.0366391	0.0226299999999999	-0.00010542	-0.00018897	0.000197384	0.1038683	-0.0430669878	0.0184436498	0.0127371473	-0.0393893764	0.0520370985	-0.0461835398	0.0239098759	0.0068647103	-0.0351986159	0.0510179984	-0.0486984311	0.0290646136	0.0009028426	-0.030549302	0.0493342563	-0.0505788988	0.0338407093	-0.0050707869	-0.0255020041	0.0470078072	-0.0518004449	-0.0040348896	0.0214657037	0.0303047544	-0.0172515701	-0.0354339009	0.047280149	0.0029431634	-0.0105068591	-0.0240969166	-0.0022462595	0.363006062481625	-0.452519670860527	0.448081059024295	0.592443852028073
-0.103051	0.0119764	0.692491	-0.00293534	0.00201475	-0.000675065	-0.0131017	-0.0405805	0.036143	-3.07599999999999e-05	0.00023011	-0.000197384	0.1127379	-0.0431950583	0.0188654898	0.0120792627	-0.0387884217	0.051896421	-0.0468069407	0.025304607	0.0050707869	-0.0336681095	0.0504597097	-0.0495576132	0.03127814	-0.0020309873	-0.0279283311	0.0480945804	-0.0513964655	0.0366761804	-0.0090953929	-0.021674694	0.0448445497	-0.0522896643	0.0096327491	-0.0420026328	-0.0420537448	-0.0471554162	0.0444797085	-0.0015243816	-0.0290984218	0.0204208189	0.0151992611	-0.0799014963	0.53530258199612	-0.736039905889717	0.448081059024295	-1.68540061352814
-0.0824903	0.0266329	0.657903	-0.00317946	0.00183171	-0.000675065	0.0205607	0.0146565	-0.034588	-0.00024412	-0.00018304	0	0.0911631999999999	-0.0433223267	0.0192859283	0.0114193591	-0.0381759417	0.0517316498	-0.0473990497	0.0266763128	0.0032708371	-0.0320869629	0.0498077248	-0.0503054532	0.0334080384	-0.0049584444	-0.0252057321	0.0466540082	-0.0519697758	0.0393148935	-0.0130652981	-0.017702152	0.0423483678	-0.0523509242	0.007515016	-0.0307143222	0.0397144093	0.0252917574	0.081683394	-0.0678035262	0.0074225102	0.0356347193	0.0065837579	-0.0081719366	0.185474563405116	-1.01387502318676	-2.22840312389761	0.592443852028073
-0.0884561	0.0420492	0.691937	-0.00312309	0.00221973	-0.000675065	-0.00596579999999997	0.0154163	0.034034	5.637e-05	0.00038802	0	0.0776356	-0.0434487905	0.0197049341	0.010757547	-0.0375521182	0.0515428613	-0.0479594708	0.028023745	0.0014670001	-0.0304575546	0.0490632542	-0.050940271	0.0354486142	-0.0078703433	-0.0223914121	0.045018557	-0.0522961052	0.0417426926	-0.0169566271	-0.0136109962	0.0395377932	-0.0519837232	-0.0339540966	-0.0631876611	0.074233444	0.0018198857	0.0253786479	0.0047301673	0.0050481991	0.0609092052	0.016341097	-0.0311007976	0.545834899055727	-1.03048657285017	-2.22840312389761	0.592443852028073
-0.12655	0.0674121	0.751436	-0.00514294	0.00281532	-0.000675065	-0.0380939	0.0253629	0.059499	-0.00201985	0.00059559	0	0.2537278	-0.0435744473	0.0201224762	0.0100939368	-0.0369171367	0.0513301431	-0.0484878293	0.0293456776	-0.0003385804	-0.0287823352	0.0482276804	-0.0514606403	0.0373944116	-0.010757547	-0.0194956122	0.0431950583	-0.0523739028	0.0439465533	-0.0207459769	-0.0094286395	0.0364336915	-0.0511910666	0.0490107085	-0.0081127848	0.0230379521	-0.0204760222	0.0290039631	0.0168814641	-0.0195618867	0.0228840897	-0.0794649339	-0.0146097659	0.826225812867683	-0.809053198476311	-2.22840312389761	0.592443852028073
-0.110941	-0.0167993	0.7816	-0.00523363	0.00252734	-0.000675065	0.015609	-0.0842114	0.0301639999999999	-9.069e-05	-0.00028798	0	0.1489179	-0.043699295	0.0205385235	0.0094286395	-0.0362711858	0.051093594	-0.0489837722	0.0306409077	-0.0021437585	-0.0270638244	0.047302555	-0.051865392	0.0392402281	-0.0136109962	-0.01652887	0.0411911291	-0.0522027989	0.0459146523	-0.024410558	-0.0051831058	0.0330591074	-0.0499794418	0.0331090857	-0.0049247901	-0.0066591971	-0.0700274535	0.0307240493	0.0121529949	0.0514080652	-0.0094153142	-0.0157643512	-0.0757554891	-0.289902206094736	-0.746615633755926	-2.22840312389761	0.592443852028073
-0.0810463	-0.00348536	0.774414	-0.00510459	0.00260509	-0.000675065	0.0298947	0.01331394	-0.0071859999999998	0.00012904	7.77500000000001e-05	0	0.0607341399999999	-0.043823331	0.0209530451	0.0087617663	-0.0356144575	0.0508333239	-0.0494469678	0.0319082567	-0.0039463888	-0.025304607	0.0462895956	-0.0521536168	0.0409811285	-0.0164217376	-0.0135019809	0.03901514	-0.0517836067	0.0476364314	-0.0279283311	-0.0009028426	0.0294390937	-0.0483587652	0.0057439727	-0.0269546227	0.0086165508	-0.0774303356	0.0074622884	-0.022769386	-0.0389562444	-0.0045656589	0.0258957766	-0.0809091968	-1.25605506815562	-0.564032861907074	-2.22840312389761	0.592443852028073
-0.0913922	0.0294447	0.747674	-0.004914	0.00252685	-0.000675065	-0.0103459	0.03293006	-0.0267400000000001	0.00019059	-7.82399999999998e-05	0	0.0834574600000001	-0.0439465533	0.0213660101	0.0080934286	-0.0349471469	0.0505494535	-0.0498771065	0.0331465714	-0.0057443291	-0.0235073292	0.0451906832	-0.052324667	0.0426124582	-0.0191809517	-0.0104259597	0.0366761804	-0.0511183183	0.0491026536	-0.03127814	0.0033834701	0.0256005252	-0.0463423012	0.0185666249	-0.0676203822	-0.0018240894	0.0036019408	-0.0298232323	0.0389893593	-0.0086863394	0.0595245194	-0.0606541485	-0.0268146541	-1.6035869564257	-0.536609466922556	-2.22840312389761	0.592443852028073
-0.084828	-0.00205916	0.75676	-0.00512489	0.00274985	-0.000675065	0.00656420000000001	-0.03150386	0.00908600000000004	-0.00021089	0.000223	0	0.06884856	-0.0440689593	0.021777388	0.0074237382	-0.0342694522	0.0502421146	-0.0502739006	0.0343547251	-0.0075354425	-0.021674694	0.0440078585	-0.0523781585	0.0441298556	-0.0218799809	-0.0073119995	0.0341840202	-0.0502100954	0.0503054532	-0.0344398384	0.0076471118	0.0215718994	-0.0439465533	0.0290362773	-0.0693563618	0.0544926251	0.0120251708	0.0108146519	-0.0244798797	0.0596688212	0.0246520151	0.039689922	-0.0525047749	0.715052109622757	1.75739026896055	0.448081059024295	-1.68540061352814
-0.0827562	0.0271631	0.721145	-0.00461474	0.00261331	-0.000675065	0.0020718	0.02922226	-0.035615	0.00051015	-0.00013654	0	0.0992435599999999	-0.044190547	0.0221871482	0.006752807	-0.0335815749	0.04991145	-0.050637085	0.0355316183	-0.0093176004	-0.0198094581	0.0427433176	-0.0523139709	0.0455292636	-0.0245103563	-0.0041714317	0.0315490697	-0.0490632542	0.0512383773	-0.0373944116	0.0118595137	0.0173831246	-0.0411911291	0.0569944487	-0.0229699828	0.0200867707	-0.0266214464	-0.0464816747	0.0142537158	-0.017425204	-0.007328764	-0.0351235829	-0.0221293152	0.210916601120825	2.1605201903748	0.448081059024295	-1.68540061352814
-0.065456	0.0140143	0.779637	-0.00601923	0.00266577	-0.000516641	0.0173002	-0.0131488	0.058492	-0.00140449	5.24599999999998e-05	0.000158424	0.1697097	-0.044311314	0.0225952602	0.0060807472	-0.0328837193	0.0495576132	-0.0509664168	0.0366761804	-0.0110886847	-0.0179144269	0.0413994086	-0.0521322486	0.0468069407	-0.0270638244	-0.0010156846	0.0287823352	-0.0476832451	0.051896421	-0.0401240904	0.0159924506	0.0130652981	-0.0380985803	0.0462533193	-0.0677647545	-0.0227949552	-0.0016312324	0.0641637154	-0.062490397	-0.0136700435	0.0122365767	0.0280874618	-0.073825961	0.99359204233707	2.30005587201399	0.448081059024295	-1.68540061352814
-0.0548522	0.0548394	0.661792	-0.0045549	0.00215721	-0.000306718	0.0106038	0.0408251	-0.117845	0.00146433	-0.00050856	0.000209923	0.27841455	-0.044431258	0.0230016937	0.005407671	-0.0321760928	0.0491807684	-0.0512616758	0.0377873696	-0.0128465907	-0.0159924506	0.0399786271	-0.0518333998	0.0479594708	-0.0295323731	0.0021437585	0.0258953737	-0.0460766263	0.0522760543	-0.0426124582	0.0200182296	0.0086504753	-0.0346942175	0.030911394	0.0225774592	0.0200029889	-0.047976241	0.0465850553	-0.0242363515	0.0560648108	0.0126477695	0.0108685534	-0.0382276999	0.410112234865518	2.08900710405599	0.448081059024295	0.592443852028073
-0.0687813	0.0370019	0.744724	-0.00562598	0.0024895	-0.000420236	-0.0139291	-0.0178375	0.0829319999999999	-0.00107108	0.00033229	-0.000113518	0.190543	-0.0445503769	0.0234064185	0.0047336909	-0.0314589057	0.0487810905	-0.0515226647	0.0388641751	-0.0145892291	-0.0140464202	0.0384836111	-0.0514180959	0.0489837722	-0.0319082567	0.0052954007	0.0229002443	-0.0442510332	0.0523752403	-0.0448445497	0.0239098759	0.0041714317	-0.0310059033	-0.0327278648	-0.0361433947	0.0252867975	-0.0662364784	0.0442182081	0.0410634891	0.0029666166	0.0023221977	0.0373990475	-0.0740588652	0.492854732621473	1.43391737523358	0.448081059024295	0.592443852028073
-0.0817637	0.0345267	0.73989	-0.00613607	0.00236977	-0.00061243	-0.0129824	-0.0024752	-0.004834	-0.00051009	-0.00011973	-0.000192194	0.0613923	-0.0446686685	0.0238094045	0.0040589197	-0.030732371	0.0483587652	-0.0517492091	0.0399056168	-0.016314529	-0.0120792627	0.0369171367	-0.0508872699	0.0498771065	-0.0341840202	0.0084277735	0.0198094581	-0.0422151417	0.0521934471	-0.0468069407	0.0276413132	-0.0003385804	-0.0270638244	0.0526060293	-0.0193056254	0.041689041	-0.0351617385	0.0747121965	-0.0619192809	-0.0462178407	0.0244634567	-0.061475409	-0.0387695887	-0.024732185211467	1.50661262427111	0.448081059024295	0.592443852028073
-0.0863657	0.00677455	0.550875	-0.00262748	0.00229754	-0.000494854	-0.00460200000000001	-0.02775215	-0.189015	0.00350859	-7.22300000000004e-05	0.000117576	0.40628895	-0.0447861304	0.0242106219	0.0033834701	-0.0299967047	0.0479139886	-0.0519411573	0.0409107473	-0.0180204398	-0.0100939368	0.0352821126	-0.0502421146	0.050637085	-0.036352523	0.0115294786	0.0166359256	-0.0399786271	0.0517316498	-0.0484878293	0.0311875391	-0.0048460789	-0.0229002443	-0.0325534071	0.0278398694	-0.03900249	-0.0017299357	-0.0314313965	0.0543925021	0.0771979544	0.0203916703	-0.0148514289	0.0240889182	0.749338787003007	1.38571092237766	0.448081059024295	0.592443852028073
-0.114089	-0.0441471	0.477434	-0.00138213	0.00263368	-0.00105336	-0.0277233	-0.05092165	-0.073441	0.00124535	0.00033614	-0.000558506	0.25908575	-0.0449027607	0.0246100408	0.0027074549	-0.0292521253	0.047446967	-0.0520983812	0.0418786518	-0.0197049341	-0.0080934286	0.0335815749	-0.0494840794	0.0512616758	-0.0384069609	0.0145892291	0.013392903	-0.0375521182	0.050992326	-0.0498771065	0.0345247919	-0.0093176004	-0.0185492395	-0.0448545975	0.076280013	-0.0683896538	0.078864242	0.032271372	-0.0163609732	0.0292716229	-0.0857262831	0.0796717428	0.1110549203	-0.118368182129137	1.33422675634132	0.448081059024295	0.592443852028073
-0.134831	0.110026	0.451382	-0.00155739	0.0031906	-0.000804577	-0.020742	0.1541731	-0.0260520000000001	-0.00017526	0.00055692	0.000248783	0.25001525	-0.045018557	0.0250076315	0.0020309873	-0.028498854	0.0469579174	-0.0522207755	0.0428084497	-0.0213660101	-0.0060807472	0.0318186811	-0.0486148674	0.0517492091	-0.0403408874	0.0175958911	0.0100939368	-0.0349471469	0.0499794418	-0.0509664168	0.0376307102	-0.0137199483	-0.0140464202	-0.0776833491	0.1001386457	-0.0014015924	0.0648001497	-0.0220600585	-0.0073727536	-0.0053222086	-0.0245267163	0.0503986595	0.1230899771	0.245686706853128	1.28910138415589	0.448081059024295	0.592443852028073
-0.142514	0.0475152	0.423269	-0.00224741	0.00260864	-0.000665448	-0.007683	-0.0625108	-0.028113	-0.00069002	-0.00058196	0.000139129	0.16886225	-0.0451335173	0.0254033645	0.0013541801	-0.0277371148	0.0464470668	-0.0523082586	0.043699295	-0.0230016937	-0.0040589197	0.0299967047	-0.0476364314	0.0520983812	-0.0421482344	0.0205385235	0.006752807	-0.0321760928	0.0486984311	-0.0517492091	0.0404844828	-0.0180204398	-0.0094286395	-0.1010288458	0.1061868566	0.0142521839	0.0934840975	-0.0488025331	0.0031430246	-0.0919150732	0.0202670756	0.0796881154	0.1770552964	0.157746273853324	1.41717622581532	0.448081059024295	0.592443852028073
-0.133501	0.00932058	0.532091	-0.00276519	0.00189955	-0.00114511	0.00901299999999999	-0.03819462	0.108822	-0.00051778	-0.00070909	-0.000479662	0.24135622	-0.0452476394	0.0257972105	0.0006771467	-0.0269671338	0.0459146523	-0.0523607718	0.0445503769	-0.0246100408	-0.0020309873	0.0281190288	-0.0465509697	0.0523082586	-0.043823331	0.0234064185	0.0033834701	-0.0292521253	0.0471561663	-0.0522207755	0.0430669878	-0.0221871482	-0.0047336909	-0.0313730351	0.0749164992	0.0394123511	-0.0063462812	-0.0678047509	0.0364014186	0.008610374	0.0268547307	0.0279700634	0.0539590076	0.893827989086958	1.30968013896101	0.448081059024295	0.592443852028073
-0.125981	0.0657211	0.547547	-0.00282658	0.00193613	-0.000931655	0.00751999999999997	0.05640052	0.015456	-6.13900000000001e-05	3.658e-05	0.000213455	0.09494777	-0.0453609212	0.02618914	0	-0.02618914	0.0453609212	-0.0523782801	0.0453609212	-0.02618914	0	0.02618914	-0.0453609212	0.0523782801	-0.0453609212	0.02618914	0	-0.02618914	0.0453609212	-0.0523782801	0.0453609212	-0.02618914	0	-0.0271463672	0.0091656116	-0.0367537413	-0.0039852286	-0.0717635242	0.0776240202	-0.0552347109	-0.0116777164	0.0265836985	0.0002044564	0.78941240428593	1.14656273512577	0.448081059024295	0.592443852028073
-0.120547	0.059003	0.521823	-0.00242331	0.0016862	-0.000977758	0.00543400000000004	-0.0067181	-0.0257240000000001	0.00040327	-0.000249930000000001	-4.6103e-05	0.07284125	-0.0454733605	0.0265791242	-0.0006771467	-0.0254033645	0.0447861304	-0.0523607718	0.0461301902	-0.0277371148	0.0020309873	0.0242106219	-0.0440689593	0.0523082586	-0.0467561802	0.0288765622	-0.0033834701	-0.0230016937	0.0433223267	-0.0522207755	0.0473509122	-0.0299967047	0.0047336909	0.0236471451	0.0563626668	-0.0803640433	0.0597150688	0.0064635431	-0.0192446982	0.0208767544	-0.0205429898	-0.045859782	0.096253004	0.772773948782129	0.613509323050761	0.448081059024295	0.592443852028073
-0.120618	0.0640377	0.534724	-0.00195333	0.00177736	-0.0008125	-7.10000000000016e-05	0.00503469999999999	0.0129010000000001	0.00046998	9.11600000000005e-05	0.000165258	0.0543265999999999	-0.0455849554	0.0269671338	-0.0013541801	-0.0246100408	0.044190547	-0.0523082586	0.0468574839	-0.0292521253	0.0040589197	0.0221871482	-0.042677987	0.0520983812	-0.0480047303	0.0314589057	-0.006752807	-0.0197049341	0.0410513194	-0.0517492091	0.049023627	-0.0335815749	0.0094286395	-0.0716165109	0.056414832	0.001942501	-0.0290899233	-0.0616163171	0.060251823	-0.0109898955	-0.0028639614	0.0291056341	0.0559235535	-1.01998212438034	1.04519247106318	0.448081059024295	0.592443852028073
-0.177294	0.144377	0.564003	-0.00203637	0.0018502	-0.00124726	-0.056676	0.0803393	0.0292789999999999	-8.30399999999999e-05	7.284e-05	-0.00043476	0.1958263	-0.0456957037	0.0273531403	-0.0020309873	-0.0238094045	0.0435744473	-0.0522207755	0.0475421407	-0.030732371	0.0060807472	0.0201224762	-0.0411911291	0.0517492091	-0.0491026536	0.0339267737	-0.0100939368	-0.016314529	0.0385600826	-0.0509664168	0.0503678575	-0.0369171367	0.0140464202	-0.0360854569	0.0066232709	0.004676561	0.0520507775	-0.1041208957	0.0776977088	-0.0625855052	0.0192839294	0.0059971861	0.0528763305	0.455258454115833	1.31951217329525	0.448081059024295	0.592443852028073
-0.144502	-0.0113738	0.574967	-0.00171403	0.000999343	-0.00124726	0.032792	-0.1557508	0.0109640000000001	0.00032234	-0.000850857	0	0.25816665	-0.0458056033	0.0277371148	-0.0027074549	-0.0230016937	0.0429381175	-0.0520983812	0.0481835374	-0.0321760928	0.0080934286	0.0180204398	-0.0396117264	0.0512616758	-0.0500465054	0.0362711858	-0.013392903	-0.0128465907	0.0358619813	-0.0498771065	0.0513745965	-0.0399786271	0.0185492395	0.0335028207	0.0120662727	-0.017105344	0.0455296679	-0.0270774307	-0.0199417429	0.0739646857	-0.0263330882	0.0794908577	-0.0187890837	-0.176695078485203	1.64197552476735	0.448081059024295	0.592443852028073
-0.175756	-0.0254379	0.619193	-0.00241139	0.00146877	-0.00151441	-0.031254	-0.0140641	0.044226	-0.00069736	0.000469427	-0.00026715	0.16124095	-0.0459146523	0.0281190288	-0.0033834701	-0.0221871482	0.0422818529	-0.0519411573	0.0487810905	-0.0335815749	0.0100939368	0.015884942	-0.0379433273	0.050637085	-0.0508333239	0.0384836111	-0.0166359256	-0.0093176004	0.0329714899	-0.0484878293	0.0520370985	-0.0427433176	0.0229002443	0.0187295311	-0.0017314463	0.0481844906	-0.0052109886	-0.0479443109	-0.0023709188	-0.0249338181	-0.0274090219	0.0608242538	0.0322377249	0.226620922401566	1.74922483445963	0.448081059024295	0.592443852028073
-0.173579	0.0173981	0.621582	-0.00305492	0.0014385	-0.00124726	0.00217700000000001	0.042836	0.00238899999999997	-0.00064353	-3.02700000000002e-05	0.00026715	0.0944495	-0.0460228486	0.028498854	-0.0040589197	-0.0213660101	0.0416059582	-0.0517492091	0.0493342563	-0.0349471469	0.0120792627	0.0137199483	-0.0361896802	0.0498771065	-0.0514606403	0.0405559987	-0.0198094581	-0.0057443291	0.0299041152	-0.0468069407	0.0523509242	-0.0451906832	0.0270638244	0.0469044108	-0.0081999065	-0.0578565328	0.0083847857	-0.0149182809	-0.0120630074	0.0385955452	0.0463906146	-0.0736025921	-0.0363433775	0.892131359315002	1.19985597835939	0.448081059024295	0.592443852028073
-0.155454	0.0907602	0.643218	-0.0033818	0.00175598	-0.00124726	0.018125	0.0733621	0.0216360000000001	-0.00032688	0.00031748	0	0.1453411	-0.0461301902	0.0288765622	-0.0047336909	-0.0205385235	0.0409107473	-0.0515226647	0.0498425313	-0.0362711858	0.0140464202	0.0115294786	-0.0343547251	0.0489837722	-0.0519264863	0.0424808075	-0.0229002443	-0.0021437585	0.0266763128	-0.0448445497	0.0523139709	-0.047302555	0.0310059033	0.0084285499	-0.0271344186	0.0240525989	-0.004992133	0.0135564414	-0.0176137788	0.03183113	0.0367201509	0.0122487793	-0.0068824964	0.211254321821429	0.819752354187683	0.448081059024295	0.592443852028073
-0.135558	0.0589979	0.657041	-0.00321405	0.00130821	-0.00124726	0.019896	-0.0317623	0.0138229999999999	0.00016775	-0.00044777	0	0.0962573	-0.046236675	0.0292521253	-0.005407671	-0.0197049341	0.0401965428	-0.0512616758	0.0503054532	-0.0375521182	0.0159924506	0.0093176004	-0.0324425845	0.0479594708	-0.0522294002	0.0442510332	-0.0258953737	0.0014670001	0.0233053991	-0.0426124582	0.0519264863	-0.0490632542	0.0346942175	-0.0088681681	0.0009740206	-0.0068460954	-0.076500897	-0.0499668329	0.0093311237	-0.0599754831	-0.0614909196	0.0084815252	-0.0493247177	1.02006730782693	0.804272464671563	0.448081059024295	0.592443852028073
-0.116841	0.05752	0.792553	-0.00626861	0.00179183	-0.00124044	0.018717	-0.0014779	0.135512	-0.00305456	0.00048362	6.82000000000005e-06	0.3329569	-0.0463423012	0.0296255153	-0.0060807472	-0.0188654898	0.0394636764	-0.0509664168	0.0507226006	-0.0387884217	0.0179144269	0.0070884207	-0.0304575546	0.0468069407	-0.0523684314	0.0458602343	-0.0287823352	0.0050707869	0.0198094581	-0.0401240904	0.0511910666	-0.0504597097	0.0380985803	0.0040138076	-0.0819796433	-0.0120730254	-0.0646953629	-0.0079958136	0.01136129	-0.0729961518	-0.0057946568	-0.0257124001	-0.0853544395	0.477664092552619	1.00954059385786	0.448081059024295	0.592443852028073
-0.120087	0.0789143	0.677594	-0.00520339	0.00121329	-0.000686081	-0.00324600000000004	0.0213943	-0.114959	0.00106522	-0.00057854	0.000554359	0.24950525	-0.0464470668	0.0299967047	-0.006752807	-0.0180204398	0.0387124883	-0.050637085	0.051093594	-0.0399786271	0.0198094581	0.0048460789	-0.0284040951	0.0455292636	-0.0523431439	0.047302555	-0.0315490697	0.0086504753	0.0162072446	-0.0373944116	0.0501126395	-0.0514815542	0.0411911291	0.087033059	-0.0174166646	-0.0509127602	0.0092154207	-0.0055757432	-0.0012172573	0.0393260236	0.005702208	-0.1331787259	-0.0064101308	0.844137358105755	0.517985306325391	0.448081059024295	0.592443852028073
-0.122291	0.0294792	0.732433	-0.00603155	0.00137753	-0.000855973	-0.00220399999999996	-0.0494351	0.0548390000000001	-0.000828160000000001	0.00016424	-0.000169892	0.1645927	-0.0465509697	0.0303656657	-0.0074237382	-0.0171700353	0.0379433273	-0.0502739006	0.0514180959	-0.0411213197	0.021674694	0.0025947387	-0.0262868196	0.0441298556	-0.0521536168	0.0485727468	-0.0341840202	0.0121890533	0.0125180835	-0.0344398384	0.0486984311	-0.0521212014	0.0439465533	0.0329458679	-0.0243227394	-0.0578632356	-0.0561825642	0.0473685647	0.0001759612	0.0479463179	-0.052989025	-0.0018697676	-0.0323959014	1.05459199495139	0.378806015026603	0.448081059024295	0.592443852028073
-0.123784	0.0148824	0.696042	-0.00509098	0.001109	-0.000686081	-0.00149299999999998	-0.0145968	-0.036391	0.00094057	-0.00026853	0.000169892	0.1214304	-0.0466540082	0.030732371	-0.0080934286	-0.016314529	0.0371565505	-0.0498771065	0.0516958108	-0.0422151417	0.0235073292	0.0003385804	-0.024110485	0.0426124582	-0.0518004449	0.0496661877	-0.0366761804	0.015669704	0.0087617663	-0.03127814	0.0469579174	-0.0523739028	0.0463423012	0.0355641963	-0.0325199996	0.0351861755	-0.0054864503	0.0370742487	-0.0821999125	-0.0080019609	0.053149212	-0.0436350858	-0.0241443267	-0.699721028332717	0.576822304119692	0.448081059024295	0.592443852028073
-0.12087	0.0560205	0.728289	-0.00616727	0.00156616	-0.000686081	0.00291399999999999	0.0411381	0.0322469999999998	-0.00107629	0.00045716	0	0.1529716	-0.0467561802	0.0310967934	-0.0087617663	-0.015454175	0.036352523	-0.0494469678	0.0519264863	-0.0432587929	0.025304607	-0.0019182066	-0.0218799809	0.0409811285	-0.0512847364	0.0505788988	-0.03901514	0.0190758861	0.0049584444	-0.0279283311	0.0449027607	-0.0522377823	0.0483587652	0.017998852	0.00727279	0.0165421059	-0.0415162803	0.0394894574	0.0163458086	0.0764987322	-0.0233048259	-0.0083011039	-0.0304508146	0.065960331925344	0.334062077053778	0.448081059024295	0.592443852028073
-0.108204	-0.010101	0.662635	-0.00397808	0.00111818	-0.000686081	0.012666	-0.0661215	-0.0656539999999998	0.00218919	-0.00044798	0	0.2763	-0.0468574839	0.0314589057	-0.0094286395	-0.0145892291	0.0355316183	-0.0489837722	0.0521099123	-0.0442510332	0.0270638244	-0.0041714317	-0.0196003187	0.0392402281	-0.0506081094	0.0513075588	-0.0411911291	0.0223914121	0.0011285219	-0.024410558	0.0425467316	-0.0517138504	0.0499794418	0.0040859273	-0.023610016	0.0551887094	0.0038207652	0.0334443454	-0.0688175354	-0.0570408157	-0.0175715958	0.0018256138	-0.014640104	-0.976721769627275	-0.418236391926051	0.448081059024295	0.592443852028073
-0.118645	0.0296923	0.711815	-0.00529299	0.00141446	-0.000624983	-0.010441	0.0397933	0.0491799999999999	-0.00131491	0.00029628	6.1098e-05	0.1830287	-0.0469579174	0.0318186811	-0.0100939368	-0.0137199483	0.0346942175	-0.0484878293	0.0522459219	-0.0451906832	0.0287823352	-0.0064169112	-0.01727662	0.0373944116	-0.049772687	0.0518495163	-0.0431950583	0.0256005252	-0.0027074549	-0.0207459769	0.0399056168	-0.0508059967	0.0511910666	0.0061027118	0.0113934111	0.0847689898	-0.0302484937	-0.0550787348	0.0115392058	0.0086632191	0.0352341123	-0.0109332437	-0.0383883577	-0.838408164084078	-1.02056439525219	0.448081059024295	-1.68540061352814
-0.110137	-0.00705433	0.694218	-0.00479109	0.000921318	-0.00046048	0.00850800000000002	-0.03674663	-0.017597	0.0005019	-0.000493142	0.000164503	0.12082888	-0.0470574788	0.0321760928	-0.010757547	-0.0128465907	0.0338407093	-0.0479594708	0.0523343914	-0.0460766263	0.0304575546	-0.0086504753	-0.0149141057	0.0354486142	-0.0487810905	0.0522027989	-0.045018557	0.0286879745	-0.0065289069	-0.0169566271	0.0369971132	-0.0495209612	0.0519837232	0.0124376989	-0.0128957629	-0.0147955397	-0.0386051665	-0.0012722764	-0.0083525219	-0.0548973948	-0.0414358345	-0.0074623486	-0.0424844255	0.922349335750132	-0.744268170962793	0.448081059024295	-1.68540061352814
-0.109559	0.0591366	0.713702	-0.00616297	0.00142715	-0.000614808	0.000577999999999995	0.06619093	0.0194840000000001	-0.00137188	0.000505832	-0.000154328	0.18785493	-0.0471561663	0.0325311144	-0.0114193591	-0.011969416	0.0329714899	-0.0473990497	0.0523752403	-0.0469078096	0.0320869629	-0.0108679768	-0.0125180835	0.0334080384	-0.0476364314	0.0523661213	-0.0466540082	0.0316390872	-0.0103153331	-0.0130652981	0.0338407093	-0.0478682839	0.0523509242	0.0152385481	-0.0208114797	0.0171809105	0.0095283151	0.02184492	-0.039433915	0.0156360048	-0.0029911679	-0.0347287648	-0.0240650078	0.566041957209421	-0.808722173985776	0.448081059024295	-1.68540061352814
-0.100138	0.0178407	0.671773	-0.00477268	0.000709468	-0.000560992	0.00942099999999998	-0.0412959	-0.0419290000000001	0.00139029	-0.000717682	5.3816e-05	0.2007353	-0.0472539781	0.0328837193	-0.0120792627	-0.0110886847	0.0320869629	-0.0468069407	0.0523684314	-0.0476832451	0.0336681095	-0.0130652981	-0.0100939368	0.03127814	-0.0463423012	0.0523388891	-0.0480945804	0.0344398384	-0.0140464202	-0.0090953929	0.0304575546	-0.0458602343	0.0522896643	-0.007212708	0.0321461624	0.021223364	-0.0564461596	0.0158612921	-0.0497450451	-0.0376070307	-0.0610769208	0.0543172331	-0.0189410916	1.20836388576218	0.302309979871587	0.448081059024295	0.592443852028073
-0.100578	0.055292	0.729192	-0.00552039	0.00159875	-0.000440506	-0.000439999999999996	0.0374513	0.0574190000000001	-0.00074771	0.000889282	0.000120486	0.1831842	-0.0473509122	0.0332338815	-0.0127371473	-0.0102046586	0.0311875391	-0.0461835398	0.0523139709	-0.0484020114	0.0351986159	-0.015238359	-0.0076471118	0.0290646136	-0.0449027607	0.0521212014	-0.0493342563	0.0370769179	-0.017702152	-0.0050707869	0.0268703181	-0.0435117199	0.0518004449	-0.0240037602	-0.0088283297	0.0424047539	-0.0567461658	-0.0319443054	0.0551268443	-0.0171185502	-0.0337588017	-0.0046841791	-0.0531903031	-0.161097568321838	0.414586168134409	0.448081059024295	-1.68540061352814
-0.118133	0.0276398	0.754806	-0.00595865	0.00127995	-0.00047955	-0.017555	-0.0276522	0.0256139999999998	-0.00043826	-0.0003188	-3.9044e-05	0.1106264	-0.047446967	0.0335815749	-0.013392903	-0.0093176004	0.0302736359	-0.0455292636	0.0522119084	-0.0490632542	0.0366761804	-0.0173831246	-0.0051831058	0.0267733776	-0.0433223267	0.0517138504	-0.0503678575	0.0395377932	-0.0212629165	-0.0010156846	0.0231030362	-0.0408401761	0.0508872699	0.0036644659	-0.0532879205	-0.0136409863	0.0133742756	0.0079577746	-0.0422275543	-0.0739717209	-0.0117170711	-0.0544493966	-0.0025402616	0.996622576265617	0.809824737413496	0.448081059024295	0.592443852028073
-0.128023	0.0393753	0.759498	-0.0064757	0.00133546	-0.000686081	-0.00989000000000001	0.0117355	0.00469200000000014	-0.000517050000000001	5.55099999999999e-05	-0.000206531	0.06527205	-0.0475421407	0.0339267737	-0.0140464202	-0.0084277735	0.0293456776	-0.0448445497	0.0520623368	-0.0496661877	0.0380985803	-0.0194956122	-0.0027074549	0.024410558	-0.0416059582	0.0511183183	-0.0511910666	0.0418107693	-0.024709611	0.0030455261	0.0191809517	-0.0378654364	0.0495576132	-0.0089396422	-0.0730579713	-0.0154089929	0.0088607981	0.036165512	-0.0178506823	0.0127838321	0.0376762597	-0.0114956972	-0.0344504686	1.32167751578644	1.25086223069843	0.448081059024295	0.592443852028073
-0.119552	0.025218	0.78154	-0.00624042	0.00121688	-0.000575655	0.00847100000000001	-0.0141573	0.022042	0.000235280000000001	-0.00011858	0.000110426	0.0678846	-0.0476364314	0.0342694522	-0.0146975897	-0.0075354425	0.0284040951	-0.0441298556	0.051865392	-0.0502100954	0.0394636764	-0.0215718994	-0.0002257211	0.0219824722	-0.0397590408	0.0503367722	-0.0518004449	0.043885044	-0.028023745	0.0070884207	0.0151303447	-0.034609585	0.0478223571	-0.0089573433	-0.05957864	-0.0169441255	-0.0076986305	0.0656785666	-0.0151627911	-0.0138806672	0.0307753801	0.0255563845	-0.0074933198	-1.06049749515738	1.33390262516799	0.448081059024295	0.592443852028073
-0.135717	0.0415965	0.752032	-0.0062084	0.00152941	-0.00068608	-0.016165	0.0163785	-0.0295080000000001	3.20200000000007e-05	0.00031253	-0.000110425	0.08480025	-0.0477298374	0.034609585	-0.0153463027	-0.0066408724	0.0274493255	-0.0433856593	0.0516212534	-0.0506943307	0.0407694154	-0.0236081307	0.0022565198	0.0194956122	-0.0377873696	0.0493720561	-0.0521934471	0.0457507597	-0.0311875391	0.0110886847	0.0109783563	-0.0310967934	0.0456957037	0.0064449416	-0.0570801805	0.0156438387	0.0235644145	0.0572142739	-0.0282455853	-0.0002449882	0.0312041681	-0.0222097401	-0.0391400467	-1.3473248592505	1.39830480476231	0.448081059024295	0.592443852028073
-0.146272	0.0333256	0.782145	-0.00671199	0.00151424	-0.00068608	-0.010555	-0.0082709	0.0301129999999999	-0.000503590000000001	-1.51699999999999e-05	0	0.0748769	-0.0478223571	0.0349471469	-0.0159924506	-0.0057443291	0.0264818121	-0.0426124582	0.0513301431	-0.0511183183	0.0420138333	-0.0256005252	0.0047336909	0.0169566271	-0.0356971313	0.0482276804	-0.0523684314	0.0473990497	-0.0341840202	0.0150222601	0.006752807	-0.0273531403	0.0431950583	0.0051905279	-0.0561521117	-0.0119967503	0.0148384167	0.0595610625	0.0103359044	0.0055799942	0.0462866839	0.0207450087	-0.019535645	-0.98522837988856	1.39835665364967	0.448081059024295	0.592443852028073
-0.145711	0.00712962	0.796524	-0.00646199	0.0015671	-0.000686081	0.000561000000000034	-0.02619598	0.0143790000000001	0.00025	5.28599999999998e-05	-1.00000000001575e-09	0.05627903	-0.0479139886	0.0352821126	-0.0166359256	-0.0048460789	0.0255020041	-0.0418107693	0.050992326	-0.0514815542	0.0431950583	-0.0275453833	0.0072002268	0.0143723053	-0.0334948844	0.0469078096	-0.052324667	0.0488220806	-0.0369971132	0.0188654898	0.0024820104	-0.0234064185	0.0403408874	0.0350412403	-0.048891125	-0.0008835543	0.0183683466	0.0899990059	-0.0451020788	0.0068033199	0.004632215	-0.0357684964	-0.0522192269	-0.598756121768756	1.26651100873261	0.448081059024295	0.592443852028073
-0.140971	0.0258594	0.72286	-0.00646199	0.00138478	-0.00058028	0.00473999999999997	0.01872978	-0.073664	0	-0.00018232	0.000105801	0.11153983	-0.0480047303	0.0356144575	-0.01727662	-0.0039463888	0.0245103563	-0.0409811285	0.0506081094	-0.0517836067	0.044311314	-0.0294390937	0.0096505858	0.0117495564	-0.0311875391	0.0454172463	-0.0520623368	0.0500130897	-0.0396117264	0.0225952602	-0.001805417	-0.0192859283	0.0371565505	0.0186475172	-0.0219766745	0.0085914059	0.0396789848	0.0294576149	-0.0001680053	0.0391996923	0.0070267763	-0.0315469057	-0.0194530377	-0.610355315191515	1.17490058711863	0.448081059024295	0.592443852028073
-0.136287	0.0542409	0.68517	-0.0052921	0.00147258	-0.000686081	0.00468400000000002	0.0283815	-0.0376900000000001	0.00116989	8.78000000000001e-05	-0.000105801	0.13893005	-0.0480945804	0.0359441567	-0.0179144269	-0.0030455261	0.0235073292	-0.0401240904	0.050177843	-0.0520241169	0.0453609212	-0.03127814	0.0120792627	0.0090953929	-0.0287823352	0.0437614146	-0.0515825363	0.0509664168	-0.0420138333	0.02618914	-0.0060807472	-0.0150222601	0.0336681095	0.0382487739	0.0186898178	0.0258860496	0.0039451165	0.006536516	-0.0183522099	0.0634606363	-0.0302661315	0.0054388729	0.0026161345	-0.675432921127846	0.442532324561304	0.448081059024295	0.592443852028073
-0.161987	0.0297118	0.607877	-0.00363332	0.00157892	-0.00068608	-0.0257	-0.0245291	-0.0772929999999999	0.00165878	0.00010634	1.00000000001575e-09	0.21577815	-0.0481835374	0.0362711858	-0.0185492395	-0.0021437585	0.0224933884	-0.0392402281	0.0497019183	-0.0522027989	0.0463423012	-0.0330591074	0.0144808008	0.0064169112	-0.0262868196	0.0419463399	-0.0508872699	0.0516775313	-0.044190547	0.0296255153	-0.0103153331	-0.0106470671	0.0299041152	-0.0087063743	0.0651506251	-0.0021571215	-0.0264676912	0.0007298257	0.0193729352	-0.0122875505	-0.0777172234	0.01582212	0.0644061643	1.02540045483208	0.013209054201828	0.448081059024295	0.592443852028073
-0.168456	0.0222797	0.624078	-0.00329088	0.00189978	-0.000986269	-0.006469	-0.0074321	0.016201	0.00034244	0.00032086	-0.000300189	0.07827655	-0.0482715996	0.0365955205	-0.0191809517	-0.0012413539	0.0214690046	-0.0383301323	0.0491807684	-0.0523194405	0.0472539781	-0.0347786889	0.0168498047	0.0037212726	-0.0237088227	0.0399786271	-0.0499794418	0.0521430537	-0.0461301902	0.0328837193	-0.0144808008	-0.0061928308	0.0258953737	-0.0282907852	0.0138370111	-0.0141143534	0.0101201219	0.0010053835	-0.0028708589	0.0005791019	0.0092697437	-0.0614982812	0.0150038551	0.818599931270771	0.088172291461312	0.448081059024295	0.592443852028073
-0.154974	0.0852142	0.605014	-0.00313585	0.00189587	-0.000686081	0.013482	0.0629345	-0.019064	0.00015503	-3.90999999999998e-06	0.000300188	0.1184369	-0.0483587652	0.0369171367	-0.0198094581	-0.0003385804	0.0204346535	-0.0373944116	0.0486148674	-0.0523739028	0.0480945804	-0.0364336915	0.0191809517	0.0010156846	-0.0210564335	0.0378654364	-0.048862844	0.0523607718	-0.0478223571	0.0359441567	-0.0185492395	-0.0016926191	0.021674694	-0.0697634526	-0.0218224652	0.0145438303	0.0568743716	-0.0212734353	0.0789760447	0.0229759231	0.1066035218	0.0484011726	0.032479425	1.02020961974922	0.596802500944511	0.448081059024295	0.592443852028073
-0.153515	0.0267774	0.622972	-0.00315257	0.00178163	-0.000686081	0.00145899999999999	-0.0584368	0.0179579999999999	-1.672e-05	-0.00011424	0	0.0844017999999999	-0.0484450328	0.0372360105	-0.0204346535	0.0005642937	0.0193908153	-0.0364336915	0.0480047303	-0.0523661213	0.048862844	-0.0380210421	0.0214690046	-0.0016926191	-0.0183379745	0.0356144575	-0.0475421407	0.0523296507	-0.0492579697	0.0387884217	-0.0224933884	0.0028201586	0.01727662	0.0353850397	0.0629061962	0.0057353061	0.0114936878	0.0017209234	0.0014782698	0.0364856873	-0.0435155677	0.039288072	0.0167497019	-0.383629887699864	0.757457063161656	0.448081059024295	0.592443852028073
-0.156005	0.093436	0.55779	-0.00326189	0.00171991	-0.000810605	-0.00248999999999999	0.0666586	-0.065182	-0.00010932	-6.17199999999999e-05	-0.000124524	0.1491088	-0.0485304007	0.0375521182	-0.0210564335	0.0014670001	0.0183379745	-0.0354486142	0.0473509122	-0.0522961052	0.0495576132	-0.0395377932	0.0237088227	-0.0043963972	-0.0155619757	0.0332338815	-0.0460228486	0.0520498384	-0.0504293264	0.0413994086	-0.0262868196	0.0073119995	0.0127371473	-0.0492410775	0.0387904442	-0.0381363446	0.0107134067	-0.0096429472	0.0426089651	0.0158144179	-0.0096322868	-0.0045448884	0.0176805821	0.574993099288686	0.03386075566813	0.448081059024295	0.592443852028073
-0.142566	0.045662	0.584978	-0.003146	0.00169315	-0.00068608	0.013439	-0.047774	0.027188	0.00011589	-2.676e-05	0.000124525	0.10175975	-0.0486148674	0.0378654364	-0.021674694	0.0023692706	0.01727662	-0.0344398384	0.0466540082	-0.0521639377	0.050177843	-0.0409811285	0.0258953737	-0.0070884207	-0.0127371473	0.030732371	-0.044311314	0.0515226647	-0.0513301431	0.0437614146	-0.0299041152	0.0117495564	0.0080934286	-0.0470244284	-0.006634311	0.0044640936	0.0732536525	0.0194085176	0.026501793	0.0187634326	-0.0153639519	0.0636427047	0.072468195	0.776412009528581	-0.086577392731948	0.448081059024295	0.592443852028073
-0.161507	0.059439	0.571464	-0.0032582	0.00132593	-0.00115324	-0.018941	0.013777	-0.0135139999999999	-0.0001122	-0.00036722	-0.00046716	0.0935610000000001	-0.0486984311	0.0381759417	-0.0222893319	0.0032708371	0.0162072446	-0.0334080384	0.0459146523	-0.0519697758	0.0507226006	-0.0423483678	0.028023745	-0.0097614921	-0.009872353	0.0281190288	-0.0424146861	0.050750635	-0.0519555872	0.0458602343	-0.0333210373	0.016099885	0.0033834701	0.0128908577	0.074518418	0.0020503403	-0.0048376272	-0.0344689361	-0.026476279	-0.0407995149	-0.0297725114	-0.0437482208	0.0328330549	-0.611617291630335	0.447239271146325	0.448081059024295	0.592443852028073
-0.157459	0.0895955	0.573576	-0.00330329	0.0017782	-0.00092159	0.004048	0.0301565	0.00211199999999989	-4.50899999999998e-05	0.00045227	0.00023165	0.072767	-0.0487810905	0.0384836111	-0.0229002443	0.0041714317	0.0151303447	-0.032353904	0.0451335173	-0.0517138504	0.0511910666	-0.0436369724	0.0300891549	-0.0124084642	-0.0069765817	0.0254033645	-0.0403408874	0.0497374181	-0.0523023033	0.0476832451	-0.0365146908	0.0203306886	-0.0013541801	-0.0481990908	0.0299250253	-0.0484122373	0.0098364386	-0.0390506177	0.1011199334	0.0184268776	0.002700867	0.0218975309	0.0201455477	0.28203953107903	0.524160517496077	0.448081059024295	0.592443852028073
-0.160846	0.0365566	0.594394	-0.00276068	0.00173714	-0.00115324	-0.00338699999999997	-0.0530389	0.020818	0.00054261	-4.10599999999999e-05	-0.00023165	0.1180099	-0.048862844	0.0387884217	-0.0235073292	0.0050707869	0.0140464202	-0.03127814	0.044311314	-0.0513964655	0.0515825363	-0.0448445497	0.0320869629	-0.0150222601	-0.0040589197	0.0225952602	-0.0380985803	0.0484878293	-0.0523684314	0.0492194833	-0.0394636764	0.024410558	-0.0060807472	-0.0035849077	0.0324807168	0.0164712233	0.0458838565	-0.0074109112	-0.0754503523	-0.0775606378	-0.0423793732	0.0415026912	0.0642413678	0.629745836347135	0.469639351778197	0.448081059024295	0.592443852028073
-0.162389	0.0568757	0.546839	-0.00290989	0.00192876	-0.000802812	-0.00154300000000004	0.0203191	-0.0475549999999999	-0.00014921	0.00019162	0.000350428	0.10398	-0.04894369	0.039090351	-0.024110485	0.0059686353	0.0129559745	-0.0301814655	0.0434487905	-0.0510179984	0.051896421	-0.0459688572	0.0340126806	-0.0175958911	-0.0011285219	0.0197049341	-0.0356971313	0.0470078072	-0.0521536168	0.0504597097	-0.0421482344	0.0283092043	-0.010757547	-0.0017799529	0.0882562581	-0.0237847667	0.0278938486	-0.0771367729	0.0593999288	0.0307403998	0.0113068159	-0.0219986892	0.0900546615	-1.10570452883002	0.407040459773429	0.448081059024295	0.592443852028073
-0.179535	-0.0148683	0.635617	-0.00356514	0.00205281	-0.00115324	-0.017146	-0.071744	0.0887779999999999	-0.00065525	0.00012405	-0.000350428	0.2341544	-0.049023627	0.0393893764	-0.024709611	0.0068647103	0.0118595137	-0.0290646136	0.0425467316	-0.0505788988	0.0521322486	-0.0470078072	0.0358619813	-0.0201224762	0.001805417	0.016742904	-0.0331465714	0.0453043854	-0.0516590118	0.0513964655	-0.0445503769	0.0319976841	-0.0153463027	0.0135593652	-0.009045057	-0.0345222385	0.0312554534	0.0291487003	-0.0370652548	-0.042359298	0.0328971475	-0.0335119505	0.0308079691	-1.18969819843199	-0.060094813494917	-2.22840312389761	0.592443852028073
-0.146792	0.0682365	0.607976	-0.00404422	0.0020917	-0.000790886	0.032743	0.0831048	-0.0276409999999999	-0.00047908	3.88899999999998e-05	0.000362354	0.187505	-0.0491026536	0.0396854757	-0.025304607	0.0077587455	0.010757547	-0.0279283311	0.0416059582	-0.0500796887	0.0522896643	-0.0479594708	0.0376307102	-0.0225952602	0.0047336909	0.0137199483	-0.0304575546	0.0433856593	-0.0508872699	0.0520241169	-0.0466540082	0.0354486142	-0.0198094581	-0.0076880319	0.0125365203	0.0306687736	0.0302442694	0.0347559192	0.0293216016	0.0915127272	0.0916712365	-0.0167902084	-0.0017040039	-0.556525599060677	-0.016947697553506	0.448081059024295	0.592443852028073
-0.1261	0.0123872	0.637863	-0.00346511	0.00155867	-0.000837775	0.020692	-0.0558493	0.0298869999999999	0.00057911	-0.00053303	-4.68890000000003e-05	0.16437975	-0.0491807684	0.0399786271	-0.0258953737	0.0086504753	0.0096505858	-0.0267733776	0.0406273263	-0.0495209612	0.0523684314	-0.0488220806	0.0393148935	-0.0250076315	0.0076471118	0.0106470671	-0.0276413132	0.0412607473	-0.0498425313	0.0523388891	-0.0484450328	0.0386363752	-0.024110485	-0.0110173749	0.0505750619	0.0433812029	-0.0303102303	-0.0064140576	0.0084145095	0.0034358031	-0.0008453563	0.0329928539	-0.0263816248	-0.443017486366054	0.883837620898701	0.448081059024295	0.592443852028073
-0.126291	0.0822905	0.639611	-0.00402774	0.00204924	-0.000545693	-0.000191000000000024	0.0699033	0.00174799999999997	-0.00056263	0.00049057	0.000292082	0.1391064	-0.0492579697	0.0402688086	-0.0264818121	0.0095396348	0.0085391442	-0.0256005252	0.0396117264	-0.0489033805	0.0523684314	-0.049594035	0.0409107473	-0.0273531403	0.0105365379	0.0075354425	-0.024709611	0.0389397479	-0.0485304007	0.0523388891	-0.04991145	0.0415373011	-0.028214182	-0.0006578503	0.0062272129	0.0341911304	-0.0055624734	-0.0522338338	0.051058377	-0.0022153389	-0.0054386569	-0.0060047404	-0.0293125647	-0.822856341913116	0.135083813038991	0.448081059024295	0.592443852028073
-0.114696	0.0141475	0.618211	-0.00307776	0.00177042	-0.00069801	0.011595	-0.068143	-0.0214	0.00094998	-0.00027882	-0.000152317	0.17019385	-0.0493342563	0.0405559987	-0.0270638244	0.0104259597	0.0074237382	-0.024410558	0.0385600826	-0.0482276804	0.0522896643	-0.0502739006	0.0424146861	-0.0296255153	0.013392903	0.0043963972	-0.021674694	0.0364336915	-0.0469579174	0.0520241169	-0.051043434	0.0441298556	-0.0320869629	-0.0087984958	0.0036826005	-0.0828292468	-0.0284457717	0.021271106	-0.0238905087	-0.0636361986	-0.0332111945	-0.0220032636	0.0282288401	-0.016560517326924	-0.15687351129502	0.448081059024295	0.592443852028073
-0.112283	0.0845807	0.591289	-0.00365904	0.00195987	-0.000616319	0.00241300000000001	0.0704332	-0.0269219999999999	-0.00058128	0.00018945	8.16909999999999e-05	0.14238925	-0.0494096266	0.0408401761	-0.0276413132	0.0113091867	0.0063048856	-0.0232042715	0.0374733519	-0.0474946641	0.0521322486	-0.050860415	0.043823331	-0.0318186811	0.0162072446	0.0012413539	-0.0185492395	0.0337544877	-0.0451335173	0.0513964655	-0.0518333998	0.0463947917	-0.0356971313	-0.0197556464	-0.0152772432	0.0056551485	0.0283867546	-0.0028721247	-0.0303299731	-0.0010003597	0.0377915526	-0.0129268648	0.0286409005	0.486757855256819	-0.299021469629006	0.448081059024295	0.592443852028073
-0.0912774	0.0459046	0.631613	-0.00306572	0.00183817	-0.0010063	0.0210056	-0.0386761	0.0403239999999999	0.00059332	-0.0001217	-0.000389981	0.15525575	-0.0494840794	0.0411213197	-0.028214182	0.0121890533	0.0051831058	-0.0219824722	0.036352523	-0.0467052026	0.051896421	-0.051352489	0.0451335173	-0.0339267737	0.018970732	-0.0019182066	-0.0153463027	0.0309148693	-0.0430669878	0.0504597097	-0.0522760543	0.0483152946	-0.03901514	0.0002473519	-0.0169799157	0.03237575	0.0339375421	0.0355009298	-0.0287896175	0.0334176809	-0.0042550707	0.0545075493	-0.0055797671	-0.068554378790035	-0.081120094416323	0.448081059024295	0.592443852028073
-0.0948109	0.0545799	0.581428	-0.00312344	0.0021978	-0.00116961	-0.0035335	0.0086753	-0.050185	-5.77199999999998e-05	0.00035963	-0.00016331	0.0914268	-0.0495576132	0.0413994086	-0.0287823352	0.0130652981	0.0040589197	-0.0207459769	0.0351986159	-0.0458602343	0.0515825363	-0.0517492091	0.0463423012	-0.0359441567	0.021674694	-0.0050707869	-0.0120792627	0.0279283311	-0.0407694154	0.0492194833	-0.0523684314	0.0498771065	-0.0420138333	0.0385405544	0.0430629582	0.021695357	0.0087557004	0.0051774897	-0.0419662937	0.0110161801	-0.002675051	0.0069683082	0.0274132054	-0.864892999356131	-0.107232631459875	-2.22840312389761	-1.68540061352814
-0.0910198	0.0671352	0.604745	-0.00351213	0.002303	-0.000941256	0.00379109999999999	0.0125553	0.023317	-0.00038869	0.0001052	0.000228354	0.0757756	-0.0496302266	0.0416744222	-0.0293456776	0.0139376608	0.0029328492	-0.0194956122	0.0340126806	-0.0449607632	0.0511910666	-0.0520498384	0.047446967	-0.0378654364	0.0243106464	-0.0082049152	-0.0087617663	0.0248090665	-0.0382531258	0.0476832451	-0.0521099123	0.0510686325	-0.0446686685	0.0193680471	0.0326631417	0.0289640758	0.0130486469	-0.0306663661	0.0190858703	0.0204907387	-0.0165285823	0.0043638287	0.0217903663	0.141869079087813	-0.075899496110542	0.448081059024295	0.592443852028073
-0.0954252	0.04308	0.5802	-0.00330442	0.0022523	-0.000961127	-0.0044054	-0.0240552	-0.0245449999999999	0.00020771	-5.06999999999994e-05	-1.9871e-05	0.0669196499999999	-0.0497019183	0.0419463399	-0.0299041152	0.0148058821	0.001805417	-0.0182322141	0.0327957961	-0.0440078585	0.0507226006	-0.0522538189	0.0484450328	-0.0396854757	0.0268703181	-0.0113091867	-0.005407671	0.0215718994	-0.0355316183	0.0458602343	-0.051502229	0.051881027	-0.0469579174	0.017943358	-0.005650456	-0.0352780622	-0.0004787518	0.0300449611	-0.0544870208	-0.0268960634	0.0081349223	-0.0358649885	-0.0255293278	0.729092523612588	0.169891135336231	0.448081059024295	0.592443852028073
-0.0761444	0.0662053	0.580249	-0.00384621	0.00230736	-0.000562814	0.0192808	0.0231253	4.89999999999657e-05	-0.00054179	5.50599999999996e-05	0.000398313	0.09221325	-0.049772687	0.0422151417	-0.0304575546	0.015669704	0.0006771467	-0.0169566271	0.0315490697	-0.0430026525	0.050177843	-0.0523607718	0.0493342563	-0.0413994086	0.0293456776	-0.0143723053	-0.0020309873	0.0182322141	-0.0326194932	0.0437614146	-0.0505494535	0.0523082586	-0.048862844	-0.0747029712	0.0086983345	-0.0059550721	-0.0333007058	0.0297086106	0.0659481227	0.0756960747	0.0322374577	0.0546684467	0.0163179401	0.914699375346412	0.554376006963272	0.448081059024295	0.592443852028073
-0.0821817	0.0300016	0.57706	-0.00339504	0.00229942	-0.00076293	-0.00603729999999997	-0.0362037	-0.003189	0.00045117	-7.94000000000012e-06	-0.000200116	0.0783913	-0.0498425313	0.0424808075	-0.0310059033	0.01652887	-0.0004514381	-0.015669704	0.0302736359	-0.0419463399	0.0495576132	-0.0523704984	0.0501126395	-0.0430026525	0.0317289578	-0.0173831246	0.0013541801	0.0148058821	-0.0295323731	0.0413994086	-0.0492579697	0.0523471556	-0.0503678575	-0.0440718792	0.0199085652	-0.0025226852	-0.0560119368	0.0033443183	0.0376998004	-0.0304004746	-0.006885123	0.0306947076	-0.0444070109	0.869589891711611	0.349660434882894	0.448081059024295	0.592443852028073
-0.0924349	0.0349412	0.560037	-0.00378751	0.00228194	-0.000950303	-0.0102532	0.0049396	-0.017023	-0.00039247	-1.74799999999998e-05	-0.000187373	0.06208195	-0.04991145	0.0427433176	-0.0315490697	0.0173831246	-0.0015798132	-0.0143723053	0.0289706552	-0.0408401761	0.048862844	-0.0522829807	0.0507784337	-0.0444909208	0.0340126806	-0.0203306886	0.0047336909	0.0113091867	-0.0262868196	0.0387884217	-0.0476364314	0.0519974292	-0.0514606403	-0.0353291948	0.0047227167	-0.0252356785	-0.039006916	-0.0662396889	0.0451729885	-0.033581293	-0.0311041941	-0.0284840394	0.0248067111	0.723114496768714	0.296796594543961	0.448081059024295	0.592443852028073
-0.0948182	0.0437489	0.585738	-0.00414964	0.00241464	-0.000955638	-0.00238330000000002	0.0088077	0.025701	-0.00036213	0.0001327	-5.33499999999987e-06	0.0619002499999999	-0.0499794418	0.0430026525	-0.0320869629	0.0182322141	-0.0027074549	-0.0130652981	0.0276413132	-0.0396854757	0.0480945804	-0.0520983812	0.0513301431	-0.0458602343	0.0361896802	-0.0232042715	0.0080934286	0.0077587455	-0.0229002443	0.0359441567	-0.0456957037	0.0512616758	-0.0521322486	-0.0184670469	-0.0512645661	-0.0511818319	-0.0162093221	-0.0402210226	0.0600235802	0.0022563465	0.0052170223	0.0231342946	-0.0241624813	-0.552771157414656	0.151062784412054	0.448081059024295	0.592443852028073
-0.0884362	0.0183889	0.570471	-0.00368503	0.00244276	-0.00126628	0.00638200000000001	-0.02536	-0.015267	0.000464609999999999	2.812e-05	-0.000310642	0.0871776	-0.0500465054	0.0432587929	-0.0326194932	0.0190758861	-0.0038338396	-0.0117495564	0.0262868196	-0.0384836111	0.0472539781	-0.0518170426	0.051766528	-0.0471069319	0.0382531258	-0.0259934166	0.0114193591	0.0041714317	-0.0193908153	0.0328837193	-0.0434487905	0.0501453577	-0.0523771858	0.0509170053	-0.0203108991	-0.0172425456	0.0534206936	0.0087874466	-0.0741109932	-0.0262026517	-0.0441588477	-0.026238254	0.0184366008	-0.560913498547319	0.082359538786872	0.448081059024295	0.592443852028073
-0.111771	0.0591426	0.539905	-0.00418927	0.00231475	-0.000978054	-0.0233348	0.0407537	-0.030566	-0.00050424	-0.00012801	0.000288226	0.1406783	-0.0501126395	0.0435117199	-0.0331465714	0.0199138901	-0.0049584444	-0.0104259597	0.0249084068	-0.0372360105	0.0463423012	-0.0514394875	0.0520866082	-0.0482276804	0.0401965428	-0.0286879745	0.0146975897	0.0005642937	-0.0157773596	0.0296255153	-0.0409107473	0.0486567622	-0.0521934471	0.042183552	0.0302241038	-0.0351920277	-0.0138471423	-0.007306619	-0.018355778	0.0531697712	-0.018566622	-0.0333311076	-0.0032389647	-0.872157390148284	-0.042236939200414	0.448081059024295	0.592443852028073
-0.0975131	0.0594724	0.554181	-0.00354842	0.00234002	-0.000978054	0.0142579	0.000329800000000012	0.0142760000000001	0.00064085	2.527e-05	0	0.0621697000000001	-0.050177843	0.0437614146	-0.0336681095	0.0207459769	-0.0060807472	-0.0090953929	0.0235073292	-0.0359441567	0.0453609212	-0.0509664168	0.0522896643	-0.0492194833	0.0420138333	-0.03127814	0.0179144269	-0.0030455261	-0.0120792627	0.02618914	-0.0380985803	0.0468069407	-0.0515825363	-0.0157328845	0.0067252667	-0.0181270341	-0.0368281517	-0.0131141106	0.0557771954	-0.0198085197	-0.0311049798	0.0376781311	-0.0126238071	-1.27017636224011	0.698233413618976	0.448081059024295	0.592443852028073
-0.0931468	0.059557	0.530865	-0.00354842	0.00221814	-0.000978054	0.0043663	8.46000000000041e-05	-0.0233160000000001	0	-0.00012188	0	0.0338609	-0.0502421146	0.0440078585	-0.0341840202	0.0215718994	-0.0072002268	-0.0077587455	0.0220848615	-0.034609585	0.044311314	-0.0503987089	0.0523752403	-0.0500796887	0.043699295	-0.0337544877	0.0210564335	-0.0066408724	-0.0083163637	0.0225952602	-0.0350311327	0.0446096262	-0.0505494535	-0.0183530109	-0.0394912269	0.0148301626	0.0238670823	-0.0605425518	-0.016615265	-0.0580174423	0.0509193178	-0.0251887845	0.0328609099	-0.500318255108951	-0.303832072056774	-2.22840312389761	0.592443852028073
-0.118069	0.0571038	0.54723	-0.00365807	0.00213772	-0.000978054	-0.0249222	-0.0024532	0.0163650000000001	-0.00010965	-8.04199999999999e-05	0	0.0532438999999999	-0.0503054532	0.0442510332	-0.0346942175	0.0223914121	-0.0083163637	-0.0064169112	0.0206422981	-0.0332338815	0.0431950583	-0.0497374181	0.0523431439	-0.0508059967	0.0452476394	-0.0361080066	0.024110485	-0.0102046586	-0.0045088495	0.0188654898	-0.0317289578	0.0420811315	-0.0491026536	0.0278955342	-0.0027310575	0.008518321	0.0390819545	-0.0077689762	0.0204350989	0.0506438167	0.0246956966	0.0236967193	-0.007270925	-0.4411640356472	0.69874509004419	-2.22840312389761	-1.68540061352814
-0.101079	0.0360369	0.503965	-0.0030987	0.00209667	-0.000978054	0.01699	-0.0210669	-0.043265	0.00055937	-4.10499999999999e-05	0	0.1113429	-0.0503678575	0.0444909208	-0.0351986159	0.0232042715	-0.0094286395	-0.0050707869	0.0191809517	-0.0318186811	0.0420138333	-0.0489837722	0.0521934471	-0.0513964655	0.0466540082	-0.0383301323	0.0270638244	-0.0137199483	-0.0006771467	0.0150222601	-0.028214182	0.0392402281	-0.0472539781	-0.0023307119	0.0332667237	-0.0503848679	-0.0423628863	0.0019271135	-0.0110624954	-0.0288799082	-0.0419584326	-0.0110594219	0.0189312865	0.395887525392817	0.720444659590719	0.448081059024295	-1.68540061352814
-0.102862	0.113214	0.454471	-0.00364151	0.00218373	-0.000767203	-0.00178299999999999	0.0771771	-0.049494	-0.00054281	8.70599999999999e-05	0.000210851	0.17049015	-0.0504293264	0.0447275033	-0.0356971313	0.0240102362	-0.0105365379	-0.0037212726	0.017702152	-0.0303656657	0.0407694154	-0.0481391707	0.0519264863	-0.0518495163	0.0479139886	-0.0404127789	0.0299041152	-0.0171700353	0.003158189	0.0110886847	-0.0245103563	0.0361080066	-0.045018557	-0.0581536172	-0.0136613408	-0.0111003155	0.0629666825	-0.0246692112	0.0345447554	0.0043725178	0.030163779	0.0014491387	0.0716923751	1.00081599308189	0.748720709842389	0.448081059024295	-1.68540061352814
-0.0872296	0.0228411	0.470624	-0.00329122	0.00183817	-0.000978054	0.0156324	-0.0903729	0.016153	0.00035029	-0.00034556	-0.000210851	0.16749335	-0.0504898588	0.0449607632	-0.0361896802	0.0248090665	-0.0116395445	-0.0023692706	0.0162072446	-0.0288765622	0.0394636764	-0.0472051818	0.0515428613	-0.0521639377	0.049023627	-0.0423483678	0.0326194932	-0.0205385235	0.0069765817	0.0070884207	-0.0206422981	0.0327077205	-0.0424146861	0.0065487831	0.0563598879	-0.0338980838	-0.0142416753	-0.0109206345	-0.0108673568	0.014957262	-0.0669118214	-0.0022907376	0.0061723322	0.982732809169657	0.226345835348983	0.448081059024295	-1.68540061352814
-0.108027	0.0737059	0.509744	-0.00344189	0.00220994	-0.000735221	-0.0207974	0.0508648	0.03912	-0.00015067	0.00037177	0.000242833	0.14904585	-0.0505494535	0.0451906832	-0.0366761804	0.0256005252	-0.0127371473	-0.0010156846	0.0146975897	-0.0273531403	0.0380985803	-0.0461835398	0.051043434	-0.0523388891	0.0499794418	-0.0441298556	0.0351986159	-0.0238094045	0.010757547	0.0030455261	-0.0166359256	0.0290646136	-0.0394636764	-0.0560596674	-0.0410995002	0.0143673967	0.0035961952	-0.0297610251	0.0247903154	-0.0387392991	0.0445955329	0.0266286451	-0.0139411437	0.592176723674816	-0.5064656856257	0.448081059024295	-1.68540061352814
-0.109931	0.0509289	0.520895	-0.00338481	0.00249751	-0.000978054	-0.001904	-0.022777	0.011151	5.70800000000001e-05	0.00028757	-0.000242833	0.06520615	-0.0506081094	0.0454172463	-0.0371565505	0.0263843771	-0.0138288366	0.0003385804	0.0131745611	-0.0257972105	0.0366761804	-0.0450761418	0.0504293264	-0.0523739028	0.0507784337	-0.0457507597	0.0376307102	-0.0269671338	0.0144808008	-0.0010156846	-0.0125180835	0.0252057321	-0.0361896802	0.0634900104	0.0097975631	0.0287275119	0.0112381436	-0.0101398115	-0.0589628903	0.0101787098	-0.0172824059	0.0091214454	-0.0220566152	0.571523281487233	-0.513899377207588	0.448081059024295	-1.68540061352814
-0.138693	0.0552612	0.520893	-0.00344209	0.00228893	-0.000978054	-0.028762	0.0043323	-1.99999999994649e-06	-5.72800000000003e-05	-0.00020858	0	0.0463893	-0.0506658255	0.0456404355	-0.0376307102	0.0271603893	-0.0149141057	0.0016926191	0.0116395445	-0.0242106219	0.0351986159	-0.043885044	0.0497019183	-0.0522688852	0.0514180959	-0.0472051818	0.0399056168	-0.0299967047	0.018126369	-0.0050707869	-0.0083163637	0.0211597241	-0.0326194932	0.000699228	-0.0076850885	-0.0327063017	-0.0640374725	0.0130006701	0.0246845181	-0.0136238299	-0.0262322697	0.0102300316	-0.0163912892	0.933824430707038	-0.891677437560218	0.448081059024295	0.592443852028073
-0.153859	0.0249156	0.552233	-0.00335289	0.00237577	-0.00146795	-0.015166	-0.0303456	0.0313399999999999	8.92000000000002e-05	8.68400000000004e-05	-0.000489896	0.1101484	-0.0507226006	0.0458602343	-0.0380985803	0.0279283311	-0.0159924506	0.0030455261	0.0100939368	-0.0225952602	0.0336681095	-0.0426124582	0.048862844	-0.0520241169	0.051896421	-0.0484878293	0.0420138333	-0.0328837193	0.021674694	-0.0090953929	-0.0040589197	0.0169566271	-0.0287823352	0.0157708344	-0.0545237576	0.0228442443	-0.0134744923	0.010989539	-0.0318386171	0.0076843345	0.0901570283	-0.0181284362	-0.0398763498	0.644690749105494	-1.1382542830594	0.448081059024295	-1.68540061352814
-0.153915	0.0756017	0.540052	-0.0036966	0.0024903	-0.00146795	-5.60000000000005e-05	0.0506861	-0.0121809999999999	-0.00034371	0.00011453	0	0.0858351	-0.0507784337	0.0460766263	-0.0385600826	0.0286879745	-0.0170633708	0.0043963972	0.0085391442	-0.0209530451	0.0320869629	-0.0412607473	0.0479139886	-0.0516402525	0.0522119084	-0.049594035	0.0439465533	-0.0356144575	0.0251067401	-0.0130652981	0.0002257211	0.0126276447	-0.024709611	0.0301546247	-0.0104253067	0.068185159	-0.0197689403	-0.0176157098	0.0208913611	0.057953402	0.0353314435	0.0267900983	-0.0802950571	1.10982322111947	-0.975032104696218	0.448081059024295	-1.68540061352814
-0.153873	0.029315	0.56863	-0.00353544	0.00238447	-0.00146795	4.19999999999865e-05	-0.0462867	0.0285779999999999	0.00016116	-0.00010583	0	0.0882562	-0.0508333239	0.0462895956	-0.03901514	0.0294390937	-0.018126369	0.0057443291	0.0069765817	-0.0192859283	0.0304575546	-0.0398324213	0.0468574839	-0.0511183183	0.0523635681	-0.0505197734	0.0456957037	-0.0381759417	0.0284040951	-0.0169566271	0.0045088495	0.0082049152	-0.0204346535	0.0538544933	-0.0067478951	0.0087963076	-0.0605126064	-0.0205596132	-0.0269904466	-0.0673274502	-0.0364161821	-0.0290734993	-0.0566093718	0.867145892820676	-1.21210715412716	0.448081059024295	-1.68540061352814
-0.14658	0.0597747	0.528999	-0.00387794	0.00243006	-0.00146795	0.00729300000000002	0.0304597	-0.039631	-0.0003425	4.55899999999999e-05	0	0.0967882	-0.0508872699	0.0464991262	-0.0394636764	0.0301814655	-0.0191809517	0.0070884207	0.005407671	-0.0175958911	0.0287823352	-0.0383301323	0.0456957037	-0.0504597097	0.0523509242	-0.0512616758	0.0472539781	-0.0405559987	0.0315490697	-0.0207459769	0.0087617663	0.0037212726	-0.0159924506	0.0535485297	-0.0596866724	-0.0264392078	0.0062161051	-0.007190289	-0.0207769539	0.0109096433	0.0222329099	-0.0897023461	-0.0620211097	1.12438781221134	-0.840091764694853	0.448081059024295	0.592443852028073
-0.135832	0.0442779	0.508794	-0.00387052	0.00253037	-0.00133575	0.010748	-0.0154968	-0.020205	7.41999999999974e-06	0.00010031	0.0001322	0.0584463	-0.050940271	0.0467052026	-0.0399056168	0.0309148693	-0.0202266294	0.0084277735	0.0038338396	-0.015884942	0.0270638244	-0.0367566699	0.044431258	-0.0496661877	0.0521740164	-0.0518170426	0.0486148674	-0.0427433176	0.0345247919	-0.024410558	0.0129559745	-0.0007899965	-0.0114193591	0.0386928439	-0.0377499304	0.0356540914	0.0122162452	0.0639148541	-0.063496943	0.0507318737	-0.0059767243	0.0979583948	-0.038837402	0.537925628424852	-0.590111461006966	0.448081059024295	0.592443852028073
-0.132313	0.0128269	0.535517	-0.00392966	0.00251637	-0.00146795	0.00351899999999997	-0.031451	0.026723	-5.91399999999996e-05	-1.40000000000001e-05	-0.0001322	0.0719600000000001	-0.050992326	0.0469078096	-0.0403408874	0.0316390872	-0.0212629165	0.0097614921	0.0022565198	-0.0141551145	0.025304607	-0.0351149558	0.0430669878	-0.048739874	0.0518333998	-0.0521838529	0.049772687	-0.0447275033	0.0373152977	-0.0279283311	0.0170633708	-0.0052954007	-0.006752807	0.0276965692	-0.0348914171	0.0925185834	-0.0182252264	0.0336488576	-0.0866531574	-0.0176264798	-0.023146999	0.0466963422	-0.0376401224	0.219295408484441	-0.628089713714596	0.448081059024295	-1.68540061352814
-0.154041	0.10481	0.551531	-0.0043115	0.0027323	-0.00119484	-0.021728	0.0919831	0.016014	-0.00038184	0.00021593	0.00027311	0.1732691	-0.051043434	0.0471069319	-0.0407694154	0.032353904	-0.0222893319	0.0110886847	0.0006771467	-0.0124084642	0.0235073292	-0.0334080384	0.0416059582	-0.0476832451	0.0513301431	-0.0523607718	0.0507226006	-0.0464991262	0.0399056168	-0.03127814	0.0210564335	-0.0097614921	-0.0020309873	0.0580795635	-0.0408137093	0.0751357361	-0.0383527333	0.0190735991	-0.0340093967	0.0079240841	0.0306319033	0.012063848	-0.0824488041	0.273673071821469	-1.00966757328572	0.448081059024295	-1.68540061352814
-0.186186	0.155604	0.436994	-0.00453806	0.00259049	-0.00146795	-0.032145	0.050794	-0.114537	-0.00022656	-0.00014181	-0.00027311	0.22955	-0.051093594	0.047302555	-0.0411911291	0.0330591074	-0.0233053991	0.0124084642	-0.0009028426	-0.0106470671	0.021674694	-0.0316390872	0.0400514517	-0.0464991262	0.0506658255	-0.0523471556	0.0514606403	-0.0480497669	0.0422818529	-0.0344398384	0.0249084068	-0.0141551145	0.0027074549	0.0243519583	0.0110638876	0.0050160015	-0.0018576351	0.0243804968	-0.0104868305	-0.0208347108	-0.0249813621	-0.0742672303	0.0062950158	-0.039778352439477	-0.95048642179993	-2.22840312389761	0.592443852028073
-0.168125	0.0293299	0.428015	-0.0043915	0.00204584	-0.00169971	0.018061	-0.1262741	-0.00897899999999996	0.00014656	-0.00054465	-0.000231759999999999	0.1994626	-0.0511428052	0.0474946641	-0.0416059582	0.0337544877	-0.0243106464	0.0137199483	-0.0024820104	-0.0088730165	0.0198094581	-0.0298113868	0.0384069609	-0.0451906832	0.0498425313	-0.0521430537	0.0519837232	-0.0493720561	0.044431258	-0.0373944116	0.0285934806	-0.0184436498	0.0074237382	-0.0658373929	-0.0238818123	0.0048517823	-0.0485897242	0.0622979835	0.0608928078	0.0390841566	0.0927121831	0.0584908659	0.0058442035	0.129700946678571	-0.142138252790028	-2.22840312389761	-1.68540061352814
-0.147233	0.0372756	0.426175	-0.00469334	0.00183817	-0.00161214	0.020892	0.0079457	-0.00183999999999995	-0.00030184	-0.00020767	8.75699999999995e-05	0.0605317	-0.0511910666	0.0476832451	-0.0420138333	0.0344398384	-0.025304607	0.0150222601	-0.0040589197	-0.0070884207	0.0179144269	-0.0279283311	0.0366761804	-0.0437614146	0.048862844	-0.0517492091	0.0522896643	-0.0504597097	0.0463423012	-0.0401240904	0.0320869629	-0.0225952602	0.0120792627	-0.0397616868	0.0235394196	0.0335019391	-0.0814349217	-0.0483002904	0.0254884358	-0.0254671554	-0.0001083141	0.0164041053	-0.0172398973	-0.223265651768961	1.36545878920568	-2.22840312389761	-1.68540061352814
-0.142486	0.112537	0.435352	-0.00510322	0.00244515	-0.0014809	0.004747	0.0752614	0.00917699999999999	-0.00040988	0.00060698	0.00013124	0.1465904	-0.0512383773	0.0478682839	-0.0424146861	0.0351149558	-0.0262868196	0.016314529	-0.0056321357	-0.0052954007	0.0159924506	-0.0259934166	0.0348629988	-0.0422151417	0.0477298374	-0.0511670547	0.0523771858	-0.0513075588	0.0480047303	-0.0426124582	0.0353654455	-0.0265791242	0.0166359256	-0.0011131632	-0.0564708651	0.000819601	0.008956544	-0.0323972839	0.013349239	0.005599013	0.035588469	-0.0512614803	-0.0036347339	-0.095076875785556	0.948106924053826	0.448081059024295	-1.68540061352814
-0.13811	0.112631	0.46484	-0.00488436	0.00206377	-0.00147356	0.00437600000000002	9.40000000000107e-05	0.029488	0.00021886	-0.00038138	7.33999999999999e-06	0.064337	-0.0512847364	0.0480497669	-0.0428084497	0.0357796393	-0.027256828	0.0175958911	-0.0072002268	-0.0034960873	0.0140464202	-0.0240102362	0.0329714899	-0.0405559987	0.0464470668	-0.0503987089	0.0522459219	-0.0519115742	0.0494096266	-0.0448445497	0.0384069609	-0.0303656657	0.0210564335	0.0147861249	-0.0893192485	0.0341348597	0.0175377907	0.0042599926	-0.0194818084	0.0235033405	0.025458831	0.0347161734	-0.0484126097	0.457597185402649	0.092003584588341	0.448081059024295	0.592443852028073
-0.149116	0.15707	0.4739	-0.00531792	0.00224009	-0.00159963	-0.011006	0.044439	0.00906000000000001	-0.00043356	0.00017632	-0.00012607	0.1013025	-0.0513301431	0.0482276804	-0.0431950583	0.0364336915	-0.028214182	0.0188654898	-0.0087617663	-0.0016926191	0.0120792627	-0.0219824722	0.0310059033	-0.0387884217	0.045018557	-0.0494469678	0.051896421	-0.0522688852	0.0505494535	-0.0468069407	0.0411911291	-0.0339267737	0.025304607	0.0744587634	-0.0133328446	0.0334596982	-0.050023368	-0.0219680673	-0.009409796	-0.0324099848	-0.0299719441	-0.0559134959	-0.0420257481	0.544317316821568	0.341894643554821	0.448081059024295	0.592443852028073
-0.157162	0.0935118	0.450521	-0.00526573	0.00237566	-0.00189813	-0.008046	-0.0635582	-0.023379	5.21900000000006e-05	0.00013557	-0.0002985	0.1192962	-0.0513745965	0.0484020114	-0.0435744473	0.0370769179	-0.0291584371	0.0201224762	-0.0103153331	0.0001128608	0.0100939368	-0.0199138901	0.0289706552	-0.0369171367	0.0434487905	-0.0483152946	0.0513301431	-0.0523777937	0.0514180959	-0.0484878293	0.043699295	-0.0372360105	0.0293456776	0.0290570221	-0.0423475761	-0.0398771087	-0.0281323956	-0.0102916346	0.0271370213	-0.0180033454	-0.0015873632	-0.0630386761	-0.0735117747	0.831660214342486	0.363935891308733	0.448081059024295	0.592443852028073
-0.139021	0.0776925	0.467298	-0.00457333	0.0023606	-0.00189813	0.018141	-0.0158193	0.0167769999999999	0.0006924	-1.50599999999999e-05	0	0.0861103	-0.0514180959	0.0485727468	-0.0439465533	0.0377091275	-0.0300891549	0.0213660101	-0.0118595137	0.0019182066	0.0080934286	-0.0178083308	0.0268703181	-0.0349471469	0.0417426926	-0.0470078072	0.0505494535	-0.0522377823	0.0520108938	-0.0498771065	0.0459146523	-0.0402688086	0.0331465714	0.0394811612	-0.0703227572	0.0328847068	-0.0048214151	0.0142803629	-0.0300635885	0.0138338481	-0.0037093088	-0.0048208765	-0.0311865547	1.04509321436859	0.191551086654029	0.448081059024295	0.592443852028073
-0.146052	0.172276	0.464048	-0.00482626	0.00265497	-0.00156838	-0.00703099999999998	0.0945835	-0.00324999999999998	-0.00025293	0.00029437	0.00032975	0.148717	-0.0514606403	0.048739874	-0.044311314	0.0383301323	-0.0310059033	0.0225952602	-0.013392903	0.0037212726	0.0060807472	-0.015669704	0.024709611	-0.0328837193	0.0399056168	-0.0455292636	0.0495576132	-0.0518495163	0.052324667	-0.0509664168	0.0478223571	-0.0430026525	0.0366761804	0.0361696474	-0.0156238855	0.0004916237	-0.047133989	-0.0222487361	-0.0121101331	-0.0691363058	-0.0472872646	0.0136597881	-0.0586890066	1.28250963208265	0.252323932489693	0.448081059024295	0.592443852028073
-0.132699	0.0744206	0.296152	-0.00184649	0.00273839	-0.00140548	0.013353	-0.0978554	-0.167896	0.00297977	8.34199999999998e-05	0.0001629	0.4404089	-0.051502229	0.0489033805	-0.0446686685	0.0389397479	-0.0319082567	0.0238094045	-0.0149141057	0.0055199161	0.0040589197	-0.0135019809	0.0224933884	-0.030732371	0.0379433273	-0.043885044	0.0483587652	-0.0512148408	0.0523577323	-0.0517492091	0.0494096266	-0.0454172463	0.0399056168	0.0016979602	0.0596939352	-0.1114507083	0.0666053791	0.0293743207	0.0415346038	0.0056971202	-0.1013742448	-0.0825388455	0.0987784776	0.962493954642871	0.344112265484251	0.448081059024295	0.592443852028073
-0.131979	0.0365117	0.356286	-0.00283951	0.00296368	-0.00167615	0.000720000000000026	-0.0379089	0.060134	-0.00099302	0.00022529	-0.00027067	0.1732119	-0.0515428613	0.0490632542	-0.045018557	0.0395377932	-0.0327957961	0.0250076315	-0.0164217376	0.0073119995	0.0020309873	-0.0113091867	0.0202266294	-0.028498854	0.0358619813	-0.0420811315	0.0469579174	-0.0503367722	0.0521099123	-0.0522207755	0.0506658255	-0.0474946641	0.0428084497	-0.0405413421	-0.0199194771	0.0026888138	0.0627911738	0.0109592105	-0.0437302065	-0.0236317738	0.0011064592	0.0054125556	0.0908855141	0.731449159653183	0.455995025491985	0.448081059024295	0.592443852028073
-0.165142	0.05821	0.415666	-0.00394645	0.00309967	-0.00189813	-0.033163	0.0216983	0.05938	-0.00110694	0.00013599	-0.00022198	0.1874868	-0.0515825363	0.0492194833	-0.0453609212	0.0401240904	-0.0336681095	0.02618914	-0.0179144269	0.0090953929	0	-0.0090953929	0.0179144269	-0.02618914	0.0336681095	-0.0401240904	0.0453609212	-0.0492194833	0.0515825363	-0.0523782801	0.0515825363	-0.0492194833	0.0453609212	0.0419774147	2.40697e-05	0.0102384056	-0.0029913797	0.0037502933	-0.0070118175	-0.0440311429	0.018805347	-0.0040244137	-0.0107869258	0.538530376918895	1.0240872168796	0.448081059024295	0.592443852028073
-0.184246	-0.0185274	0.333924	-0.00266004	0.00377902	-0.00211807	-0.019104	-0.0767374	-0.081742	0.00128641	0.00067935	-0.00021994	0.2868684	-0.0516212534	0.0493720561	-0.0456957037	0.0406984653	-0.0345247919	0.0273531403	-0.0193908153	0.0108679768	-0.0020309873	-0.0068647103	0.0155619757	-0.0238094045	0.0313685957	-0.0380210421	0.0435744473	-0.0478682839	0.0507784337	-0.0522207755	0.0521536168	-0.0505788988	0.0475421407	-0.0128223142	0.0125669185	-0.0686636459	0.0286322489	-0.0430568639	0.038696193	0.0214218554	-0.0062659952	-0.0443525622	0.0491241173	0.782203888673676	1.277083036102	0.448081059024295	0.592443852028073
-0.191018	-0.0183844	0.262251	-0.00217001	0.00379008	-0.00228824	-0.006772	0.000142999999999997	-0.071673	0.00049003	1.10599999999998e-05	-0.00017017	0.112151	-0.0516590118	0.0495209612	-0.0460228486	0.0412607473	-0.0353654455	0.028498854	-0.0208495594	0.0126276447	-0.0040589197	-0.004621281	0.0131745611	-0.0213660101	0.0289706552	-0.0357796393	0.0416059582	-0.0462895956	0.0497019183	-0.0517492091	0.0523752403	-0.0515628185	0.0493342563	-0.0326785258	0.0734960932	-0.0803023019	0.0847037543	0.0493223324	0.0012550521	0.0901300948	-0.0931674566	0.0449555387	0.0754120091	0.689068298753885	1.26871955538454	0.448081059024295	0.592443852028073
-0.20507	0.0582202	0.302099	-0.002474	0.00428184	-0.00202816	-0.014052	0.0766046	0.0398479999999999	-0.00030399	0.00049176	0.00026008	0.1832961	-0.0516958108	0.0496661877	-0.0463423012	0.0418107693	-0.0361896802	0.0296255153	-0.0222893319	0.0143723053	-0.0060807472	-0.0023692706	0.010757547	-0.0188654898	0.0264818121	-0.0334080384	0.0394636764	-0.0444909208	0.0483587652	-0.0509664168	0.0522459219	-0.0521639377	0.0507226006	-0.0432888424	0.0794742291	-0.0059343365	0.0165458607	0.049670254	-0.0409060561	-0.0217995138	-0.1016711867	0.0401631982	0.0709485819	1.43166518344479	1.28751896276282	0.448081059024295	0.592443852028073
-0.245019	0.0969484	0.256093	-0.00275034	0.0042282	-0.00199398	-0.039949	0.0387282	-0.046006	-0.00027634	-5.36400000000006e-05	3.41800000000004e-05	0.1428912	-0.0517316498	0.0498077248	-0.0466540082	0.0423483678	-0.0369971132	0.030732371	-0.0237088227	0.016099885	-0.0080934286	-0.0001128608	0.0083163637	-0.016314529	0.0239098759	-0.0309148693	0.0371565505	-0.0424808075	0.0467561802	-0.0498771065	0.051766528	-0.0523777937	0.0516958108	-0.0782113893	0.096294975	0.0216850227	0.069776425	0.0166716768	-0.0136239787	-0.0270140483	0.0465064454	0.0363952735	0.1176448618	0.548754300029779	1.01308174167748	0.448081059024295	0.592443852028073
-0.225707	-0.0161183	0.339479	-0.00275034	0.0040817	-0.00193768	0.019312	-0.1130667	0.083386	0	-0.0001465	5.62999999999998e-05	0.2259047	-0.051766528	0.0499455618	-0.0469579174	0.0428733831	-0.0377873696	0.0318186811	-0.0251067401	0.0178083308	-0.0100939368	0.0021437585	0.0058564958	-0.0137199483	0.0212629165	-0.0283092043	0.0346942175	-0.0402688086	0.0449027607	-0.0484878293	0.050940271	-0.0522027989	0.0522459219	-0.0785658557	0.0906410168	0.0111653719	-0.0465039198	-0.0010364303	0.0447634753	0.0082272059	-0.0158545886	0.0590835376	-0.0004787406	-0.040539613177768	1.11002238975131	0.448081059024295	0.592443852028073
-0.221906	-0.0223737	0.390958	-0.0023254	0.00453456	-0.00203766	0.00380100000000003	-0.0062554	0.051479	0.00042494	0.00045286	-9.99800000000002e-05	0.1104244	-0.0518004449	0.0500796887	-0.0472539781	0.0433856593	-0.0385600826	0.0328837193	-0.0264818121	0.0194956122	-0.0120792627	0.0043963972	0.0033834701	-0.0110886847	0.0185492395	-0.0256005252	0.0320869629	-0.0378654364	0.0428084497	-0.0468069407	0.049772687	-0.0516402525	0.0523684314	-0.0927785933	-0.0245891936	-0.0039244873	-0.021783331	-0.0426894696	0.0621825452	-0.0909397462	0.0558319891	0.0535506256	-0.0134412053	-1.26432706440186	1.19399754678823	0.448081059024295	0.592443852028073
-0.225868	-0.0345946	0.43183	-0.00199032	0.00438692	-0.00250195	-0.00396199999999999	-0.0122209	0.040872	0.00033508	-0.00014764	-0.00046429	0.1044054	-0.0518333998	0.0502100954	-0.0475421407	0.043885044	-0.0393148935	0.0339267737	-0.0278327876	0.0211597241	-0.0140464202	0.0066408724	0.0009028426	-0.0084277735	0.0157773596	-0.0227986886	0.0293456776	-0.0352821126	0.0404844828	-0.0448445497	0.0482715996	-0.0506943307	0.0520623368	0.0214613773	-0.0312728363	-0.0123798132	0.0395332443	-0.0280936176	-0.001677248	0.0365754519	0.0221121699	-0.0460639011	0.0340596787	1.1539389909195	1.26638081593982	0.448081059024295	0.592443852028073
-0.225707	-0.0285928	0.43382	-0.00241331	0.00440296	-0.00283661	0.000160999999999967	0.0060018	0.00198999999999999	-0.00042299	1.60400000000001e-05	-0.00033466	0.0468373	-0.051865392	0.0503367722	-0.0478223571	0.044371389	-0.0400514517	0.0349471469	-0.0291584371	0.0227986886	-0.0159924506	0.0088730165	-0.0015798132	-0.0057443291	0.0129559745	-0.0199138901	0.0264818121	-0.0325311144	0.0379433273	-0.0426124582	0.0464470668	-0.0493720561	0.0513301431	0.0367687665	0.0026976961	-0.0474661894	-0.0088881324	0.0002457343	-0.0269241242	0.0460381567	0.0078291439	-0.0331504922	-0.0543529195	-0.143331730735215	0.707021758094806	0.448081059024295	0.592443852028073
-0.225854	0.0898478	0.40136	-0.00271558	0.00493224	-0.00236956	-0.00014699999999998	0.1184406	-0.03246	-0.00030227	0.00052928	0.00046705	0.2159776	-0.051896421	0.0504597097	-0.0480945804	0.0448445497	-0.0407694154	0.0359441567	-0.0304575546	0.024410558	-0.0179144269	0.0110886847	-0.0040589197	-0.0030455261	0.0100939368	-0.0169566271	0.0235073292	-0.0296255153	0.0351986159	-0.0401240904	0.044311314	-0.0476832451	0.050177843	6.48479e-05	0.0126895127	0.0028476192	-0.0113052225	0.021382972	-0.0066438383	0.0090544406	-0.0165331922	0.0070357113	-0.0079122715	0.825575376381237	1.03851235697885	0.448081059024295	0.592443852028073
-0.220717	0.0527872	0.369116	-0.00246453	0.00483157	-0.00229985	0.005137	-0.0370606	-0.032244	0.00025105	-0.00010067	6.97100000000002e-05	0.0955131	-0.0519264863	0.0505788988	-0.0483587652	0.0453043854	-0.0414684511	0.0369171367	-0.0317289578	0.0259934166	-0.0198094581	0.0132837629	-0.0065289069	-0.0003385804	0.0072002268	-0.0139376608	0.0204346535	-0.0265791242	0.0322650733	-0.0373944116	0.0418786518	-0.0456404355	0.0486148674	-0.0500741777	0.0231949963	0.0263464505	0.0387439451	-0.0332678657	-0.0074684048	-0.0834217512	0.0022828978	-0.0148893739	0.05660659	0	0	-2.22840312389761	0.592443852028073
-0.221625	0.00488768	0.428611	-0.002351	0.00462088	-0.0024319	-0.000907999999999992	-0.04789952	0.059495	0.00011353	-0.00021069	-0.00013205	0.13111602	-0.0519555872	0.0506943307	-0.0486148674	0.0457507597	-0.0421482344	0.0378654364	-0.0329714899	0.0275453833	-0.021674694	0.015454175	-0.0089842256	0.0023692706	0.0042839244	-0.0108679768	0.01727662	-0.0234064185	0.0291584371	-0.0344398384	0.0391653804	-0.0432587929	0.0466540082	-0.030182757	-0.0588203667	0.0331163045	0.050418685	-0.0179201927	0.0370598624	0.0041662556	0.0632603804	0.0084287638	-0.0136358991	0	0	0	0
-0.231405	0.0589411	0.452172	-0.00274692	0.00484221	-0.00238158	-0.00978000000000004	0.05405342	0.0235610000000001	-0.00039592	0.00022133	5.03200000000004e-05	0.12077292	-0.0519837232	0.0508059967	-0.048862844	0.0461835398	-0.0428084497	0.0387884217	-0.0341840202	0.0290646136	-0.0235073292	0.0175958911	-0.0114193591	0.0050707869	0.0013541801	-0.0077587455	0.0140464202	-0.0201224762	0.0258953737	-0.03127814	0.0361896802	-0.0405559987	0.044311314	0.0722423954	-0.0098846244	-0.0293550306	0.0345958653	-0.0277969595	0.0588985809	0.0099576062	0.0335691581	-0.0440575121	-0.0081670126	0	0	0	0
-0.242817	0.0120344	0.454578	-0.00271504	0.00497678	-0.00234251	-0.011412	-0.0469067	0.00240599999999996	3.18799999999998e-05	0.000134570000000001	3.907e-05	0.0710007	-0.0520108938	0.0509138886	-0.0491026536	0.0466025972	-0.0434487905	0.0396854757	-0.0353654455	0.030549302	-0.025304607	0.0197049341	-0.0138288366	0.0077587455	-0.0015798132	-0.004621281	0.010757547	-0.016742904	0.0224933884	-0.0279283311	0.0329714899	-0.0375521182	0.0416059582	0.0593746826	-0.005033432	-0.0757765992	-0.0175600756	0.0629164635	-0.0335008164	0.0396044799	-0.0343020409	0.0180618612	-0.0306271388	0	0	0	0
-0.279115	0.0999822	0.40705	-0.00281972	0.00504676	-0.00239404	-0.036298	0.0879478	-0.047528	-0.00010468	6.99799999999999e-05	-5.15300000000002e-05	0.1830833	-0.0520370985	0.0510179984	-0.0493342563	0.0470078072	-0.0440689593	0.0405559987	-0.0365146908	0.0319976841	-0.0270638244	0.021777388	-0.0162072446	0.0104259597	-0.0045088495	-0.0014670001	0.0074237382	-0.0132837629	0.018970732	-0.024410558	0.0295323731	-0.0342694522	0.0385600826	-0.0093717589	0.0253068783	0.0154866929	0.0252471572	0.1118384253	-0.0488235323	0.0323807815	0.07932398	-0.012197406	0.0379394144	0	0	0	0
-0.256347	-0.0148626	0.412065	-0.00271295	0.00482009	-0.00218024	0.022768	-0.1148448	0.00501499999999994	0.00010677	-0.00022667	0.0002138	0.1699898	-0.0520623368	0.0511183183	-0.0495576132	0.0473990497	-0.0446686685	0.0413994086	-0.0376307102	0.0334080384	-0.0287823352	0.0238094045	-0.0185492395	0.0130652981	-0.0074237382	0.0016926191	0.0040589197	-0.0097614921	0.0153463027	-0.0207459769	0.0258953737	-0.030732371	0.0351986159	-0.0359067891	0.0829553502	0.0638592236	-0.0381192555	0.0295846194	-0.0075914414	0.0779622412	0.0139617529	0.0056981393	0.0170993823	0	0	0	0
-0.261453	-0.0481098	0.431634	-0.0019751	0.00494017	-0.00223133	-0.00510600000000005	-0.0332472	0.0195690000000001	0.00073785	0.00012008	-5.10900000000002e-05	0.1033732	-0.0520866082	0.0512148408	-0.049772687	0.0477762082	-0.0452476394	0.0422151417	-0.0387124883	0.0347786889	-0.0304575546	0.0257972105	-0.0208495594	0.015669704	-0.0103153331	0.0048460789	0.0006771467	-0.0061928308	0.0116395445	-0.0169566271	0.0220848615	-0.0269671338	0.0315490697	-0.0476225964	0.0163327346	0.0213519985	-0.0206834345	-0.0261086848	0.0602162342	-0.0376499909	-0.0320388153	0.0103570847	-0.0036340393	0	0	0	0
-0.259308	-0.0140175	0.437866	-0.00227808	0.00472396	-0.00209203	0.00214500000000006	0.0340923	0.00623199999999996	-0.00030298	-0.00021621	0.0001393	0.0753938	-0.0521099123	0.0513075588	-0.0499794418	0.0481391707	-0.0458056033	0.0430026525	-0.0397590408	0.0361080066	-0.0320869629	0.0277371148	-0.0231030362	0.0182322141	-0.0131745611	0.0079819045	-0.0027074549	-0.0025947387	0.0078703433	-0.0130652981	0.018126369	-0.0230016937	0.0276413132	0.003372074	-0.0089394027	-0.0185879142	0.0298781464	-0.020458685	-0.0225570208	0.0120973003	0.0012605638	-0.059649427	0.0339364607	0	0	0	0
-0.250936	0.0624852	0.404898	-0.00250763	0.00454697	-0.0021049	0.00837199999999999	0.0765027	-0.032968	-0.00022955	-0.00017699	-1.28699999999999e-05	0.1388132	-0.0521322486	0.0513964655	-0.050177843	0.0484878293	-0.0463423012	0.0437614146	-0.0407694154	0.0373944116	-0.0336681095	0.0296255153	-0.025304607	0.0207459769	-0.0159924506	0.0110886847	-0.0060807472	0.0010156846	0.0040589197	-0.0090953929	0.0140464202	-0.0188654898	0.0235073292	-0.0121372113	0.0261483289	-0.0046422812	0.0226232827	0.0078728869	-0.0005161882	0.0141084919	0.0105837706	0.0214026433	0.022982711	0	0	0	0
-0.241533	-0.00794637	0.410874	-0.00222746	0.00491636	-0.0021049	0.00940299999999999	-0.07043157	0.00597599999999998	0.00028017	0.00036939	0	0.11828857	-0.0521536168	0.0514815542	-0.0503678575	0.0488220806	-0.0468574839	0.0444909208	-0.0417426926	0.0386363752	-0.0351986159	0.0314589057	-0.0274493255	0.0232042715	-0.0187601599	0.0141551145	-0.0094286395	0.004621281	0.0002257211	-0.0050707869	0.009872353	-0.0145892291	0.0191809517	-0.0237942814	0.0473544009	0.0354136277	0.0363556561	-0.023057364	0.0215943024	0.0677862	-0.0434696143	0.066684332	0.0359583328	0	0	0	0
-0.231481	0.0273901	0.477059	-0.00237923	0.00440434	-0.0021049	0.010052	0.03533647	0.066185	-0.00015177	-0.00051202	0	0.14476297	-0.0521740164	0.0515628185	-0.0505494535	0.0491418251	-0.0473509122	0.0451906832	-0.042677987	0.0398324213	-0.0366761804	0.0332338815	-0.0295323731	0.0256005252	-0.0214690046	0.0171700353	-0.0127371473	0.0082049152	-0.0036086884	-0.0010156846	0.0056321357	-0.0102046586	0.0146975897	0.0155035693	0.018134806	0.0166354801	-0.0450473064	-0.0156926033	-0.0277800049	-0.0560984161	-0.0419923848	0.0243816066	-0.027221383	0	0	0	0
-0.24427	0.11713	0.456992	-0.00308336	0.00490373	-0.0021049	-0.012789	0.0897399	-0.020067	-0.00070413	0.000499390000000001	0	0.1827719	-0.0521934471	0.0516402525	-0.0507226006	0.0494469678	-0.0478223571	0.0458602343	-0.0435744473	0.0409811285	-0.0380985803	0.0349471469	-0.0315490697	0.0279283311	-0.024110485	0.0201224762	-0.0159924506	0.0117495564	-0.0074237382	0.0030455261	0.0013541801	-0.0057443291	0.0100939368	0.0521045781	0.0136062656	-0.0452465994	0.0155537766	0.0378224966	0.0073706983	-0.0076846774	0.04285504	-0.1379322964	0.0458307206	0	0	0	0
-0.247508	0.0321735	0.465932	-0.00305461	0.00510484	-0.00205185	-0.00323800000000002	-0.0849565	0.00893999999999995	2.87499999999997e-05	0.00020111	5.30499999999998e-05	0.11128	-0.0522119084	0.0517138504	-0.0508872699	0.0497374181	-0.0482715996	0.0464991262	-0.044431258	0.0420811315	-0.0394636764	0.0365955205	-0.0334948844	0.0301814655	-0.0266763128	0.0230016937	-0.0191809517	0.015238359	-0.0111989617	0.0070884207	-0.0029328492	-0.0012413539	0.005407671	-0.0351301279	0.0050820102	0.0288577332	-0.0101339264	0.0256582765	-0.0524358437	0.0030907558	0.0636357742	0.0073252822	-0.0042721476	0	0	0	0
-0.257053	-0.00128111	0.423902	-0.00189797	0.00505709	-0.00222271	-0.00954500000000003	-0.03345461	-0.0420299999999999	0.00115664	-4.775e-05	-0.00017086	0.15379211	-0.0522294002	0.0517836067	-0.051043434	0.0500130897	-0.0486984311	0.0471069319	-0.0452476394	0.0431311232	-0.0407694154	0.0381759417	-0.0353654455	0.032353904	-0.0291584371	0.0257972105	-0.0222893319	0.018654743	-0.0149141057	0.0110886847	-0.0072002268	0.0032708371	0.0006771467	-0.0460575978	0.0416946259	0.011113896	0.0147368502	0.0135850702	0.0793672666	0.0457668175	-0.0406686812	0.063488806	0.0228901025	0	0	0	0
-0.247319	0.0257351	0.499057	-0.00268345	0.00517509	-0.0021049	0.00973400000000002	0.02701621	0.0751549999999999	-0.00078548	0.000118	0.00011781	0.16296971	-0.0522459219	0.0518495163	-0.0511910666	0.0502739006	-0.0491026536	0.0476832451	-0.0460228486	0.0441298556	-0.0420138333	0.0396854757	-0.0371565505	0.0344398384	-0.0315490697	0.028498854	-0.025304607	0.0219824722	-0.0185492395	0.0150222601	-0.0114193591	0.0077587455	-0.0040589197	-0.0137494812	-0.0073841134	0.0356564795	-0.0037838553	-0.0128547922	-0.008051924	-0.0505749879	0.022873494	0.0099564843	0.0007085397	0	0	0	0
-0.24186	0.121926	0.413167	-0.00336528	0.00506881	-0.00183342	0.00545900000000002	0.0961909	-0.08589	-0.00068183	-0.00010628	0.00027148	0.2405194	-0.0522614734	0.0519115742	-0.0513301431	0.0505197734	-0.0494840794	0.0482276804	-0.0467561802	0.0450761418	-0.0431950583	0.0411213197	-0.0388641751	0.0364336915	-0.0338407093	0.0310967934	-0.028214182	0.0252057321	-0.0220848615	0.0188654898	-0.0155619757	0.0121890533	-0.0087617663	-0.0292248771	0.0301819032	-0.0038460946	0.0372799485	-0.0528043324	0.0571089668	0.0156062399	-0.0258641379	0.0063982645	0.0451913813	0	0	0	0
-0.241561	0.065706	0.413552	-0.00284302	0.00486537	-0.00158461	0.000298999999999966	-0.05622	0.000385000000000024	0.00052226	-0.00020344	0.00024881	0.1056295	-0.0522760543	0.0519697758	-0.0514606403	0.050750635	-0.0498425313	0.048739874	-0.047446967	0.0459688572	-0.044311314	0.0424808075	-0.0404844828	0.0383301323	-0.0360261653	0.0335815749	-0.0310059033	0.0283092043	-0.0255020041	0.0225952602	-0.0196003187	0.01652887	-0.013392903	-0.0179697414	0.0297744094	-0.0370346756	0.0318542294	0.0448951987	0.0231891389	0.0727085938	-0.0316942722	0.0665464118	0.0091558296	0	0	0	0
-0.237232	-0.0191384	0.480483	-0.00278144	0.00488712	-0.00158796	0.004329	-0.0848444	0.066931	6.15799999999999e-05	2.17500000000001e-05	-3.35000000000005e-06	0.1604384	-0.0522896643	0.0520241169	-0.0515825363	0.0509664168	-0.050177843	0.0492194833	-0.0480945804	0.0468069407	-0.0453609212	0.0437614146	-0.0420138333	0.0401240904	-0.0380985803	0.0359441567	-0.0336681095	0.03127814	-0.0287823352	0.02618914	-0.0235073292	0.0207459769	-0.0179144269	-0.0174024392	0.0123104014	0.0368212543	0.0069296153	0.0053326212	-0.0017604493	0.0120759803	0.0240871503	0.0110779041	-0.0138925059	0	0	0	0
-0.25167	-0.0624796	0.533355	-0.00319386	0.00489325	-0.00186549	-0.014438	-0.0433412	0.052872	-0.00041242	6.13000000000002e-06	-0.00027753	0.1454552	-0.0523023033	0.0520745933	-0.0516958108	0.0511670547	-0.0504898588	0.0496661877	-0.0486984311	0.0475893965	-0.0463423012	0.0449607632	-0.0434487905	0.0418107693	-0.0400514517	0.0381759417	-0.0361896802	0.0340984296	-0.0319082567	0.0296255153	-0.027256828	0.0248090665	-0.0222893319	0.02096383	-0.0157530382	0.0098534892	-0.0654379349	-0.0032775044	0.0464664474	0.0052071657	0.0221008433	0.0229158571	-0.0663945168	0	0	0	0
-0.258768	-0.0559464	0.46687	-0.00147413	0.00531693	-0.00183282	-0.00709799999999999	0.00653319999999999	-0.066485	0.00171973	0.00042368	3.26700000000001e-05	0.1889202	-0.0523139709	0.0521212014	-0.0518004449	0.051352489	-0.0507784337	0.0500796887	-0.0492579697	0.0483152946	-0.0472539781	0.0460766263	-0.0447861304	0.0433856593	-0.0418786518	0.0402688086	-0.0385600826	0.0367566699	-0.0348629988	0.0328837193	-0.0308236917	0.0286879745	-0.0264818121	0.0032555613	0.0227116863	-0.0558114317	0.0366138289	0.0629845878	0.0262351281	0.0252825969	-0.0630624377	-0.0306284773	0.0619075294	0	0	0	0
-0.271187	-0.0185775	0.468762	-0.00194722	0.00483825	-0.0021049	-0.012419	0.0373689	0.001892	-0.00047309	-0.00047868	-0.00027208	0.1128724	-0.052324667	0.0521639377	-0.051896421	0.0515226647	-0.051043434	0.0504597097	-0.049772687	0.0489837722	-0.0480945804	0.0471069319	-0.0460228486	0.0448445497	-0.0435744473	0.0422151417	-0.0407694154	0.0392402281	-0.0376307102	0.0359441567	-0.0341840202	0.032353904	-0.0304575546	-0.0118820501	0.0354519265	-0.0189675854	0.0133793167	-0.0020879246	-0.0281766812	0.0016473861	0.0185100946	-0.0732947011	0.0265921265	0	0	0	0
-0.286621	0.130215	0.4697	-0.00366825	0.00535507	-0.00197048	-0.015434	0.1487925	0.000937999999999994	-0.00172103	0.00051682	0.00013442	0.283778	-0.0523343914	0.0522027989	-0.0519837232	0.0516775313	-0.0512847364	0.0508059967	-0.0502421146	0.049594035	-0.048862844	0.0480497669	-0.0471561663	0.0461835398	-0.0451335173	0.0440078585	-0.0428084497	0.0415373011	-0.0401965428	0.0387884217	-0.0373152977	0.0357796393	-0.0341840202	-0.0588195676	0.0004826689	0.047455054	-0.003111937	-0.0788454095	0.0429187374	-0.0575250106	0.0508310583	-0.0104662925	-0.0019887238	0	0	0	0
-0.310801	0.116669	0.5214	-0.00377037	0.00472215	-0.0021049	-0.02418	-0.013546	0.0517	-0.00010212	-0.00063292	-0.00013442	0.132899	-0.0523431439	0.0522377823	-0.0520623368	0.0518170426	-0.051502229	0.0511183183	-0.0506658255	0.0501453577	-0.0495576132	0.0489033805	-0.0481835374	0.0473990497	-0.0465509697	0.0456404355	-0.0446686685	0.0436369724	-0.0425467316	0.0413994086	-0.0401965428	0.0389397479	-0.0376307102	0.01786421	-0.0083058972	0.0069245213	-0.0104310096	-0.0373493322	-0.0090318683	-0.0617450889	0.015268219	-0.0089785328	0.0018575714	0	0	0	0
-0.274957	0.0138178	0.52544	-0.00282558	0.00454811	-0.00251715	0.035844	-0.1028512	0.00404000000000004	0.00094479	-0.000174039999999999	-0.00041225	0.2192892	-0.0523509242	0.0522688852	-0.0521322486	0.0519411573	-0.0516958108	0.0513964655	-0.051043434	0.050637085	-0.050177843	0.0496661877	-0.0491026536	0.0484878293	-0.0478223571	0.0471069319	-0.0463423012	0.0455292636	-0.0446686685	0.0437614146	-0.0428084497	0.0418107693	-0.0407694154	0.0079619249	-0.0191640582	-0.0218632553	-0.009508575	-0.0377931861	-0.0081863263	0.0103459103	0.0061662466	-0.0014566557	-0.0646010271	0	0	0	0
-0.309277	-0.0783748	0.501846	-0.00315053	0.00465492	-0.00251715	-0.03432	-0.0921926	-0.023594	-0.00032495	0.00010681	0	0.1716946	-0.0523577323	0.0522961052	-0.0521934471	0.0520498384	-0.051865392	0.0516402525	-0.0513745965	0.0510686325	-0.0507226006	0.0503367722	-0.04991145	0.0494469678	-0.04894369	0.0484020114	-0.0478223571	0.0472051818	-0.0465509697	0.0458602343	-0.0451335173	0.044371389	-0.0435744473	-0.0070215004	-0.0281224395	-0.0383056433	0.0200256528	-0.0663708827	0.0522088441	0.0211188731	-0.0107574173	0.0601355898	0.012678656	0	0	0	0
-0.296751	0.0265119	0.609727	-0.00437326	0.00621844	-0.00287708	0.012526	0.1048867	0.107881	-0.00122273	0.00156352	-0.00035993	0.3826027	-0.0523635681	0.0523194405	-0.0522459219	0.0521430537	-0.0520108938	0.0518495163	-0.0516590118	0.0514394875	-0.0511910666	0.0509138886	-0.0506081094	0.0502739006	-0.04991145	0.0495209612	-0.0491026536	0.0486567622	-0.0481835374	0.0476832451	-0.0471561663	0.0466025972	-0.0460228486	0.0604541574	-0.0263961417	-0.0222752365	-0.0521890695	0.0366239652	-0.0495894815	0.0083654252	-0.0481140312	0.0664277389	-0.0585540199	0	0	0	0
-0.283536	0.0760983	0.52953	-0.00377255	0.00500723	-0.00266509	0.013215	0.0495864	-0.080197	0.00060071	-0.00121121	0.00021199	0.2441939	-0.0523684314	0.0523388891	-0.0522896643	0.0522207755	-0.0521322486	0.0520241169	-0.051896421	0.0517492091	-0.0515825363	0.0513964655	-0.0511910666	0.0509664168	-0.0507226006	0.0504597097	-0.050177843	0.0498771065	-0.0495576132	0.0492194833	-0.048862844	0.0484878293	-0.0480945804	0.0061732013	-0.0057141016	-0.0059245613	-0.0285363632	0.036938562	-0.0258915773	-0.0033542186	0.0002388073	0.0536771374	0.0276276781	0	0	0	0
-0.267728	0.0540557	0.603063	-0.00401411	0.00536443	-0.00258289	0.015808	-0.0220426	0.073533	-0.00024156	0.0003572	8.22000000000001e-05	0.1454316	-0.0523723222	0.0523544498	-0.052324667	0.0522829807	-0.0522294002	0.0521639377	-0.0520866082	0.0519974292	-0.051896421	0.0517836067	-0.0516590118	0.0515226647	-0.0513745965	0.0512148408	-0.051043434	0.050860415	-0.0506658255	0.0504597097	-0.0502421146	0.0500130897	-0.049772687	0.0056210552	-0.0612931113	0.0604985711	-0.0155029326	-0.0306229297	-0.0364837731	-0.0267538895	0.0448084125	-0.0375991893	-0.0195737916	0	0	0	0
-0.295261	0.102914	0.603269	-0.00471595	0.0061375	-0.00259041	-0.027533	0.0488583	0.000205999999999928	-0.00070184	0.00077307	-7.52000000000001e-06	0.1507188	-0.0523752403	0.0523661213	-0.0523509242	0.0523296507	-0.0523023033	0.0522688852	-0.0522294002	0.0521838529	-0.0521322486	0.0520745933	-0.0520108938	0.0519411573	-0.051865392	0.0517836067	-0.0516958108	0.0516020147	-0.051502229	0.0513964655	-0.0512847364	0.0511670547	-0.051043434	0.014008274	-0.0520281313	0.0183930455	-0.0385943536	-0.0621124859	0.0064337706	-0.0363164922	0.0205596587	-0.0323756331	-0.0670886227	0	0	0	0
-0.328591	0.034657	0.610231	-0.00418475	0.00639028	-0.00293733	-0.03333	-0.068257	0.00696200000000013	0.0005312	0.00025278	-0.00034692	0.165094	-0.0523771858	0.0523739028	-0.0523684314	0.0523607718	-0.0523509242	0.0523388891	-0.052324667	0.0523082586	-0.0522896643	0.0522688852	-0.0522459219	0.0522207755	-0.0521934471	0.0521639377	-0.0521322486	0.0520983812	-0.0520623368	0.0520241169	-0.0519837232	0.0519411573	-0.051896421	0.0717943062	-0.0474737068	-0.0476449176	-0.0054026355	0.0309714074	-0.0087278882	0.0040831538	-0.0636234978	-0.0453437758	-0.0145601657	0	0	0	0
-0.331758	0.0205117	0.692606	-0.0050297	0.0072315	-0.00322711	-0.00316700000000003	-0.0141453	0.082375	-0.00084495	0.00084122	-0.00028978	0.1984848	-0.0523781585	0.0523777937	-0.0523771858	0.0523763346	-0.0523752403	0.0523739028	-0.0523723222	0.0523704984	-0.0523684314	0.0523661213	-0.0523635681	0.0523607718	-0.0523577323	0.0523544498	-0.0523509242	0.0523471556	-0.0523431439	0.0523388891	-0.0523343914	0.0523296507	-0.052324667	0.0547376322	-0.0626078435	0.0329838114	-0.0198587751	0.0471748905	-0.1024720969	-0.0199897874	-0.0024138534	-0.0297086371	-0.0569898048	0	0	0	0
