"trans_x"	"trans_y"	"trans_z"	"rot_x"	"rot_y"	"rot_z"	"trans_x_derivative1"	"trans_y_derivative1"	"trans_z_derivative1"	"rot_x_derivative1"	"rot_y_derivative1"	"rot_z_derivative1"	"framewise_displacement"	"cosine00"	"cosine01"	"cosine02"	"cosine03"	"cosine04"	"cosine05"	"cosine06"	"cosine07"	"cosine08"	"cosine09"	"cosine10"	"cosine11"	"cosine12"	"cosine13"	"cosine14"	"cosine15"	"cosine16"	"cosine17"	"cosine18"	"cosine19"	"cosine20"	"t_comp_cor_00"	"t_comp_cor_01"	"t_comp_cor_02"	"t_comp_cor_03"	"t_comp_cor_04"	"a_comp_cor_00"	"a_comp_cor_01"	"a_comp_cor_02"	"a_comp_cor_03"	"a_comp_cor_04"	"volume_z"	"luminance_z"	"speech_z"	"face_z"
-0.000131843	-0.0478555	-0.130118	-0.00140539	-0.0014066	0	NA	NA	NA	NA	NA	NA	NA	0.0523781585	0.0523777937	0.0523771858	0.0523763346	0.0523752403	0.0523739028	0.0523723222	0.0523704984	0.0523684314	0.0523661213	0.0523635681	0.0523607718	0.0523577323	0.0523544498	0.0523509242	0.0523471556	0.0523431439	0.0523388891	0.0523343914	0.0523296507	0.052324667	-0.0378555892	0.0049294957	-0.0232513022	0.0234012477	-0.0082048301	-0.0144248979	0.0058631407	-0.0317553001	0.0904088621	-0.0063065658	0	0	0	0
-0.000117619	-0.0150426	-0.0835902	-0.0017969	-0.00132263	0	1.4224e-05	0.0328129	0.0465278	-0.00039151	8.39699999999998e-05	0	0.103128924	0.0523771858	0.0523739028	0.0523684314	0.0523607718	0.0523509242	0.0523388891	0.052324667	0.0523082586	0.0522896643	0.0522688852	0.0522459219	0.0522207755	0.0521934471	0.0521639377	0.0521322486	0.0520983812	0.0520623368	0.0520241169	0.0519837232	0.0519411573	0.051896421	-0.0164166544	0.0385433773	0.036719437	-0.0089437784	-0.0073040056	-0.0382077666	0.0091765521	0.0320275751	0.0601076277	-0.0332630419	0	0	0	0
-0.000149241	-0.0645684	-0.0992766	-0.00120268	-0.00178153	0	-3.16219999999999e-05	-0.0495258	-0.0156864	0.00059422	-0.0004589	0	0.117899822	0.0523752403	0.0523661213	0.0523509242	0.0523296507	0.0523023033	0.0522688852	0.0522294002	0.0521838529	0.0521322486	0.0520745933	0.0520108938	0.0519411573	0.051865392	0.0517836067	0.0516958108	0.0516020147	0.051502229	0.0513964655	0.0512847364	0.0511670547	0.051043434	-0.0055477965	0.0428789547	-0.0381662863	0.0252334544	0.0280203664	0.0267645687	0.0313013603	-0.0158872083	0.0440556899	-0.0658812143	0	0	0	0
-0.0145562	-0.025655	-0.0787231	-0.0020236	-0.0013614	-0.00025	-0.014406959	0.0389134	0.0205535	-0.00082092	0.00042013	-0.00025	0.148426359	0.0523723222	0.0523544498	0.052324667	0.0522829807	0.0522294002	0.0521639377	0.0520866082	0.0519974292	0.051896421	0.0517836067	0.0516590118	0.0515226647	0.0513745965	0.0512148408	0.051043434	0.050860415	0.0506658255	0.0504597097	0.0502421146	0.0500130897	0.049772687	-0.0256810243	0.031826026	0.0454426398	0.0354736572	0.0359774819	-0.0372116742	0.0450874462	0.0281891705	0.0928944862	-0.0095190188	0	0	0	0
0.00660078	-0.0939737	-0.10613	-0.00135223	-0.00158772	0	0.02115698	-0.0683187	-0.0274069	0.00067137	-0.00022632	0.00025	0.17426708	0.0523684314	0.0523388891	0.0522896643	0.0522207755	0.0521322486	0.0520241169	0.051896421	0.0517492091	0.0515825363	0.0513964655	0.0511910666	0.0509664168	0.0507226006	0.0504597097	0.050177843	0.0498771065	0.0495576132	0.0492194833	0.048862844	0.0484878293	0.0480945804	-0.0165541174	-0.0229984462	0.0049509738	-0.0211067315	0.0580856933	0.0317568274	-0.0143800297	0.0173078511	0.0078916172	0.0196496205	0	0	0	0
-4.24874e-05	-0.0155049	-0.0783255	-0.00145845	-0.00158528	-0.000481876	-0.0066432674	0.0784688	0.0278045	-0.00010622	2.44000000000047e-06	-0.000481876	0.1424433674	0.0523635681	0.0523194405	0.0522459219	0.0521430537	0.0520108938	0.0518495163	0.0516590118	0.0514394875	0.0511910666	0.0509138886	0.0506081094	0.0502739006	0.04991145	0.0495209612	0.0491026536	0.0486567622	0.0481835374	0.0476832451	0.0471561663	0.0466025972	0.0460228486	-0.0332850616	-0.0510951448	0.0313295922	-0.0131525312	0.0444856793	-0.023379583	0.0233909523	0.0224607362	0.0117759337	0.0145037692	0	0	0	0
-0.0101137	-0.0840543	-0.0727713	-0.00106192	-0.00125683	-0.00021122	-0.0100712126	-0.0685494	0.00555420000000004	0.00039653	0.000328449999999999	0.000270656	0.1339566126	0.0523577323	0.0522961052	0.0521934471	0.0520498384	0.051865392	0.0516402525	0.0513745965	0.0510686325	0.0507226006	0.0503367722	0.04991145	0.0494469678	0.04894369	0.0484020114	0.0478223571	0.0472051818	0.0465509697	0.0458602343	0.0451335173	0.044371389	0.0435744473	0.0192641447	0.0136101525	-0.0308947275	-0.0420568813	0.0133070407	-0.021342767	-0.0313323052	-0.0515901495	-0.0313781652	-0.0196290874	0	0	0	0
0.00234235	0.0227318	-0.0192781	-0.00152981	-0.00108998	0.00023761	0.01245605	0.1067861	0.0534932	-0.00046789	0.00016685	0.00044883	0.22691385	0.0523509242	0.0522688852	0.0521322486	0.0519411573	0.0516958108	0.0513964655	0.051043434	0.050637085	0.050177843	0.0496661877	0.0491026536	0.0484878293	0.0478223571	0.0471069319	0.0463423012	0.0455292636	0.0446686685	0.0437614146	0.0428084497	0.0418107693	0.0407694154	0.0224718029	0.0025696393	0.008706788	0.0596157227	0.0099426144	0.0035527225	0.027409291	-0.031085141	0.050052705	-0.0279022789	0	0	0	0
0.00987634	-0.122236	-0.0364472	-0.000712479	-0.00108998	0.000214049	0.00753399	-0.1449678	-0.0171691	0.000817331	0	-2.3561e-05	0.21171549	0.0523431439	0.0522377823	0.0520623368	0.0518170426	0.051502229	0.0511183183	0.0506658255	0.0501453577	0.0495576132	0.0489033805	0.0481835374	0.0473990497	0.0465509697	0.0456404355	0.0446686685	0.0436369724	0.0425467316	0.0413994086	0.0401965428	0.0389397479	0.0376307102	0.0147966911	0.0558875253	0.0244241712	0.0229250668	0.0100928186	-0.0228735045	-0.0132803156	0.006522986	0.0622616208	-0.0391329806	0	0	0	0
0.0165448	-0.0442145	-0.0191224	-0.00108543	-0.00108998	6.88428e-06	0.00666846	0.0780215	0.0173248	-0.000372951	0	-0.00020716472	0.131020546	0.0523343914	0.0522027989	0.0519837232	0.0516775313	0.0512847364	0.0508059967	0.0502421146	0.049594035	0.048862844	0.0480497669	0.0471561663	0.0461835398	0.0451335173	0.0440078585	0.0428084497	0.0415373011	0.0401965428	0.0387884217	0.0373152977	0.0357796393	0.0341840202	0.0203212523	0.0411287842	0.025060363	0.031635638	0.0266732187	0.0070626423	-0.0143091188	0.0143744002	0.0172689098	-0.0364883066	0	0	0	0
0.00583355	-0.103773	-0.00734783	-0.00145109	-0.00104765	-9.71941e-05	-0.01071125	-0.0595585	0.01177457	-0.00036566	4.23299999999999e-05	-0.00010407838	0.107647739	0.052324667	0.0521639377	0.051896421	0.0515226647	0.051043434	0.0504597097	0.049772687	0.0489837722	0.0480945804	0.0471069319	0.0460228486	0.0448445497	0.0435744473	0.0422151417	0.0407694154	0.0392402281	0.0376307102	0.0359441567	0.0341840202	0.032353904	0.0304575546	0.0328379431	0.0647813315	-0.001282374	0.0118972969	0.0599258984	0.0150486037	-0.0185845935	0.0431244576	0.0406589792	-0.0608172814	0	0	0	0
0.0042608	-0.0461391	-0.00079729	-0.00124412	-0.0011175	-0.000216524	-0.00157275	0.0576339	0.00655054	0.00020697	-6.985e-05	-0.0001193299	0.085564685	0.0523139709	0.0521212014	0.0518004449	0.051352489	0.0507784337	0.0500796887	0.0492579697	0.0483152946	0.0472539781	0.0460766263	0.0447861304	0.0433856593	0.0418786518	0.0402688086	0.0385600826	0.0367566699	0.0348629988	0.0328837193	0.0308236917	0.0286879745	0.0264818121	0.0112490744	0.0360994444	0.0432599648	0.0300984046	0.0641595542	0.0200871369	0.0061673328	0.0158939493	0.0453114991	0.0027714524	0	0	0	0
0.0116438	-0.0829345	-0.0190381	-0.000642495	-0.00127626	3.02789e-05	0.007383	-0.0367954	-0.01824081	0.000601625	-0.00015876	0.0002468029	0.112778605	0.0523023033	0.0520745933	0.0516958108	0.0511670547	0.0504898588	0.0496661877	0.0486984311	0.0475893965	0.0463423012	0.0449607632	0.0434487905	0.0418107693	0.0400514517	0.0381759417	0.0361896802	0.0340984296	0.0319082567	0.0296255153	0.027256828	0.0248090665	0.0222893319	0.0113257518	-0.016969508	0.021472945	-0.0389734691	0.0798115627	0.0281212765	-0.0438323373	0.0515779164	-0.0106200451	0.0201558615	0	0	0	0
0.0101372	-0.0192811	-0.0127303	-0.00127887	-0.000621009	-0.000303457	-0.0015066	0.0636534	0.00630779999999999	-0.000636375	0.000655251	-0.0003337359	0.152735895	0.0522896643	0.0520241169	0.0515825363	0.0509664168	0.050177843	0.0492194833	0.0480945804	0.0468069407	0.0453609212	0.0437614146	0.0420138333	0.0401240904	0.0380985803	0.0359441567	0.0336681095	0.03127814	0.0287823352	0.02618914	0.0235073292	0.0207459769	0.0179144269	0.020743693	-0.0363254747	0.0149300005	-0.0381451898	0.0634014446	0.0209541344	-0.0004142679	0.0210842417	-0.0553023197	0.0129152115	0	0	0	0
0.00528064	-0.0694887	-0.0090421	-0.000767775	-0.000386814	-0.000303457	-0.00485656	-0.0502076	0.0036882	0.000511095000000001	0.000234195	0	0.09601686	0.0522760543	0.0519697758	0.0514606403	0.050750635	0.0498425313	0.048739874	0.047446967	0.0459688572	0.044311314	0.0424808075	0.0404844828	0.0383301323	0.0360261653	0.0335815749	0.0310059033	0.0283092043	0.0255020041	0.0225952602	0.0196003187	0.01652887	0.013392903	0.0381586946	0.0091358197	-0.0057289067	-0.0653161144	0.0361294474	0.0090337191	-0.0334736435	-0.0011307144	-0.0478652872	-0.0227037346	0	0	0	0
0.00141775	-0.0279489	-0.0364694	-0.00082266	-0.000621009	-0.000303457	-0.00386289	0.0415398	-0.0274273	-5.48850000000003e-05	-0.000234195	0	0.08728399	0.0522614734	0.0519115742	0.0513301431	0.0505197734	0.0494840794	0.0482276804	0.0467561802	0.0450761418	0.0431950583	0.0411213197	0.0388641751	0.0364336915	0.0338407093	0.0310967934	0.028214182	0.0252057321	0.0220848615	0.0188654898	0.0155619757	0.0121890533	0.0087617663	0.0217223386	-0.0025703333	-0.0201585735	-0.0089593248	0.0087391409	0.0175337394	0.0218551894	-0.0355012177	-0.0164385812	-0.0046876906	0	0	0	0
-0.0180305	-0.045327	0.000840627	-0.00082266	-0.000621009	-0.000303457	-0.01944825	-0.0173781	0.037310027	0	0	0	0.074136377	0.0522459219	0.0518495163	0.0511910666	0.0502739006	0.0491026536	0.0476832451	0.0460228486	0.0441298556	0.0420138333	0.0396854757	0.0371565505	0.0344398384	0.0315490697	0.028498854	0.025304607	0.0219824722	0.0185492395	0.0150222601	0.0114193591	0.0077587455	0.0040589197	0.0116903522	0.0249531102	0.0014664583	-0.0579492346	-0.0072950046	-0.0008379668	-0.0173638428	0.0112953575	-0.0463500304	-0.0056135696	0	0	0	0
-0.00574634	-0.045327	-0.00558571	-0.00082266	-0.000621009	-0.000303457	0.01228416	0	-0.006426337	0	0	0	0.018710497	0.0522294002	0.0517836067	0.051043434	0.0500130897	0.0486984311	0.0471069319	0.0452476394	0.0431311232	0.0407694154	0.0381759417	0.0353654455	0.032353904	0.0291584371	0.0257972105	0.0222893319	0.018654743	0.0149141057	0.0110886847	0.0072002268	0.0032708371	-0.0006771467	0.0300653628	0.0176641497	-0.0358532968	-0.0109159165	-0.0287511744	0.040725794	0.0168927281	-0.0103233448	-0.0474166043	-0.0388828687	0	0	0	0
0.00385883	-0.0453323	-0.00719637	-0.00057845	-0.000791299	-0.000303457	0.00960517	-5.30000000000669e-06	-0.00161066	0.00024421	-0.00017029	0	0.03194613	0.0522119084	0.0517138504	0.0508872699	0.0497374181	0.0482715996	0.0464991262	0.044431258	0.0420811315	0.0394636764	0.0365955205	0.0334948844	0.0301814655	0.0266763128	0.0230016937	0.0191809517	0.015238359	0.0111989617	0.0070884207	0.0029328492	-0.0012413539	-0.005407671	0.0222542728	0.0160178955	0.014323021	0.0059358521	-0.0762483461	0.0041088394	-0.0045326898	0.0086792158	-0.0420760045	0.0168168268	0	0	0	0
-0.00235033	-0.055349	-0.0188838	0.000389718	-0.000165991	-0.000303457	-0.00620916	-0.0100167	-0.01168743	0.000968168	0.000625308	0	0.10758709	0.0521934471	0.0516402525	0.0507226006	0.0494469678	0.0478223571	0.0458602343	0.0435744473	0.0409811285	0.0380985803	0.0349471469	0.0315490697	0.0279283311	0.024110485	0.0201224762	0.0159924506	0.0117495564	0.0074237382	0.0030455261	-0.0013541801	-0.0057443291	-0.0100939368	0.0270831579	0.0006786649	-0.0363575755	0.0469021443	-0.0707001757	0.0044729805	-0.0185431355	-0.0279487375	-0.0494095988	0.0106813223	0	0	0	0
-0.0180237	-0.0107603	-0.00231698	0.000173985	-4.84235e-05	-0.000303457	-0.01567337	0.0445887	0.01656682	-0.000215733	0.0001175675	0	0.093493915	0.0521740164	0.0515628185	0.0505494535	0.0491418251	0.0473509122	0.0451906832	0.042677987	0.0398324213	0.0366761804	0.0332338815	0.0295323731	0.0256005252	0.0214690046	0.0171700353	0.0127371473	0.0082049152	0.0036086884	-0.0010156846	-0.0056321357	-0.0102046586	-0.0146975897	0.0105675093	-0.0991024941	0.0114991824	0.0422273291	-0.0298783447	0.0574022972	-0.0239992071	-0.0005346494	0.0155086203	0.0710398632	0	0	0	0
0.00352799	-0.0107712	0.0246212	-0.000569321	-4.84235e-05	-0.000303457	0.02155169	-1.09000000000012e-05	0.02693818	-0.000743306	0	0	0.08566607	0.0521536168	0.0514815542	0.0503678575	0.0488220806	0.0468574839	0.0444909208	0.0417426926	0.0386363752	0.0351986159	0.0314589057	0.0274493255	0.0232042715	0.0187601599	0.0141551145	0.0094286395	0.004621281	-0.0002257211	-0.0050707869	-0.009872353	-0.0145892291	-0.0191809517	0.0219037707	-0.0702041334	0.0226714084	-0.030297154	-0.033874748	0.0046072189	-0.0290074797	-0.0038675747	-0.0696882325	0.0544373781	0	0	0	0
0.000772544	-0.0322328	0.00317074	-0.000285776	-5.90507e-05	-0.000303457	-0.002755446	-0.0214616	-0.02145046	0.000283545	-1.06272e-05	0	0.060376116	0.0521322486	0.0513964655	0.050177843	0.0484878293	0.0463423012	0.0437614146	0.0407694154	0.0373944116	0.0336681095	0.0296255153	0.025304607	0.0207459769	0.0159924506	0.0110886847	0.0060807472	0.0010156846	-0.0040589197	-0.0090953929	-0.0140464202	-0.0188654898	-0.0235073292	0.042797756	-0.0376959152	-0.0383801657	-0.0291307867	-0.0416617889	0.0266426821	-0.0088077815	-0.0145045838	-0.0523471205	0.021022334	0	0	0	0
-0.002299	0.0281921	0.0031748	-0.000285776	1.9145e-05	-0.000303457	-0.003071544	0.0604249	4.06000000000017e-06	0	7.81957e-05	0	0.067410289	0.0521099123	0.0513075588	0.0499794418	0.0481391707	0.0458056033	0.0430026525	0.0397590408	0.0361080066	0.0320869629	0.0277371148	0.0231030362	0.0182322141	0.0131745611	0.0079819045	0.0027074549	-0.0025947387	-0.0078703433	-0.0130652981	-0.018126369	-0.0230016937	-0.0276413132	0.0112986046	-0.0214256374	-0.0167687382	0.0165082571	-0.0369883445	0.0061719764	0.0225042299	-0.0165019341	-0.0554569927	0.0196237371	0	0	0	0
0.0074303	-0.0356759	0.0293231	5.80443e-05	-1.43131e-06	-0.000303457	0.0097293	-0.063868	0.0261483	0.0003438203	-2.057631e-05	0	0.1179654305	0.0520866082	0.0512148408	0.049772687	0.0477762082	0.0452476394	0.0422151417	0.0387124883	0.0347786889	0.0304575546	0.0257972105	0.0208495594	0.015669704	0.0103153331	0.0048460789	-0.0006771467	-0.0061928308	-0.0116395445	-0.0169566271	-0.0220848615	-0.0269671338	-0.0315490697	0.0115715092	0.0208318101	-0.0012088142	0.0031850106	-0.0711241967	-0.0392004149	-0.0226809666	-0.0142454236	-0.0401141229	-0.0337994686	0	0	0	0
0.00326511	-0.0309408	0.0211631	-2.5857e-05	-9.30384e-05	-0.000303458	-0.00416519	0.0047351	-0.00816	-8.39013e-05	-9.160709e-05	-9.99999999961535e-10	0.0258357595	0.0520623368	0.0511183183	0.0495576132	0.0473990497	0.0446686685	0.0413994086	0.0376307102	0.0334080384	0.0287823352	0.0238094045	0.0185492395	0.0130652981	0.0074237382	0.0016926191	-0.0040589197	-0.0097614921	-0.0153463027	-0.0207459769	-0.0258953737	-0.030732371	-0.0351986159	0.0155404919	0.0066403572	-0.0354024541	0.0675897451	-0.0360759419	0.0351764865	0.0137253653	-0.0593667173	0.0173382602	0.0019985818	0	0	0	0
0.00892174	0.0145595	0.00683596	0.000664427	0.000174228	-0.000303458	0.00565663	0.0455003	-0.01432714	0.000690284	0.0002672664	0	0.11336159	0.0520370985	0.0510179984	0.0493342563	0.0470078072	0.0440689593	0.0405559987	0.0365146908	0.0319976841	0.0270638244	0.021777388	0.0162072446	0.0104259597	0.0045088495	-0.0014670001	-0.0074237382	-0.0132837629	-0.018970732	-0.024410558	-0.0295323731	-0.0342694522	-0.0385600826	-0.0164622416	-0.0531226859	0.0354984567	0.0063450206	-0.0082328442	0.0028002213	-0.0030552537	0.0064221025	-0.0024624265	0.099776299	0	0	0	0
0.0161523	-0.047001	-0.0027809	0.000416455	0.000333268	-0.000303458	0.00723056	-0.0615605	-0.00961686	-0.000247972	0.00015904	0	0.09875852	0.0520108938	0.0509138886	0.0491026536	0.0466025972	0.0434487905	0.0396854757	0.0353654455	0.030549302	0.025304607	0.0197049341	0.0138288366	0.0077587455	0.0015798132	-0.004621281	-0.010757547	-0.016742904	-0.0224933884	-0.0279283311	-0.0329714899	-0.0375521182	-0.0416059582	0.0096651061	-0.0564676631	-0.0391758441	-0.0444079659	-0.0191108797	0.012275703	-0.0130745545	-0.0055596805	-0.0657403492	0.0332915223	0	0	0	0
0.00606175	0.0102971	-0.0311743	0.000518366	-4.70219e-05	-0.000303458	-0.01009055	0.0572981	-0.0283934	0.000101911	-0.0003802899	0	0.119892095	0.0519837232	0.0508059967	0.048862844	0.0461835398	0.0428084497	0.0387884217	0.0341840202	0.0290646136	0.0235073292	0.0175958911	0.0114193591	0.0050707869	-0.0013541801	-0.0077587455	-0.0140464202	-0.0201224762	-0.0258953737	-0.03127814	-0.0361896802	-0.0405559987	-0.044311314	-0.0146164929	-0.0323124469	-0.021626648	-0.012596025	-0.0307270168	-0.0131603337	0.0281741424	-0.0187833938	-0.0547793124	0.0396356867	0	0	0	0
-0.00139861	0.0121125	-0.010228	0.000666499	0.000333268	-0.000469685	-0.00746036	0.0018154	0.0209463	0.000148133	0.0003802899	-0.000166227	0.064954555	0.0519555872	0.0506943307	0.0486148674	0.0457507597	0.0421482344	0.0378654364	0.0329714899	0.0275453833	0.021674694	0.015454175	0.0089842256	0.0023692706	-0.0042839244	-0.0108679768	-0.01727662	-0.0234064185	-0.0291584371	-0.0344398384	-0.0391653804	-0.0432587929	-0.0466540082	-0.0198641121	0.0337594463	0.0180875946	-0.0029461424	-0.0582123573	-0.0603221259	-0.0072761728	-0.0177860912	-0.0323535128	0.0108316882	0	0	0	0
0.00529735	-0.0353638	-0.037499	0.00115143	0.000333268	-0.000303458	0.00669596	-0.0474763	-0.027271	0.000484931	0	0.000166227	0.11400116	0.0519264863	0.0505788988	0.0483587652	0.0453043854	0.0414684511	0.0369171367	0.0317289578	0.0259934166	0.0198094581	0.0132837629	0.0065289069	-0.0003385804	-0.0072002268	-0.0139376608	-0.0204346535	-0.0265791242	-0.0322650733	-0.0373944116	-0.0418786518	-0.0456404355	-0.0486148674	-0.031985271	-0.0290569458	-0.0332257117	0.0141618133	-0.0115014021	0.0098407505	-0.0176742595	0.0219723624	-0.0023523009	0.0569443743	-0.380374703292263	-1.08091270754883	-2.22840312389761	-1.68540061352814
-0.0130419	-0.0018185	-0.0140451	0.000715815	0.000333268	-0.000303458	-0.01833925	0.0335453	0.0234539	-0.000435615	0	0	0.0971192	0.051896421	0.0504597097	0.0480945804	0.0448445497	0.0407694154	0.0359441567	0.0304575546	0.024410558	0.0179144269	0.0110886847	0.0040589197	-0.0030455261	-0.0100939368	-0.0169566271	-0.0235073292	-0.0296255153	-0.0351986159	-0.0401240904	-0.044311314	-0.0476832451	-0.050177843	-0.048721263	-0.0775736481	-0.0273250665	-0.0199216948	-0.0108246122	-0.0204469515	0.0164526715	-0.0652573774	-0.0136949439	0.0612789304	-1.27014591083183	-1.28774394727322	-2.22840312389761	-1.68540061352814
-0.0180151	-0.0197538	0.000929794	0.000350204	0.000498219	-0.000303458	-0.0049732	-0.0179353	0.014974894	-0.000365611	0.000164951	0	0.064411494	0.051865392	0.0503367722	0.0478223571	0.044371389	0.0400514517	0.0349471469	0.0291584371	0.0227986886	0.0159924506	0.0088730165	0.0015798132	-0.0057443291	-0.0129559745	-0.0199138901	-0.0264818121	-0.0325311144	-0.0379433273	-0.0426124582	-0.0464470668	-0.0493720561	-0.0513301431	-0.0274522433	0.0463007147	0.0087215705	-0.0266169024	-0.061943666	-0.0666631277	-0.0188018053	-0.0447202496	-0.0268655484	-0.0029396354	-1.72108836539445	-1.30444164896667	-2.22840312389761	-1.68540061352814
-0.0132857	-0.0479575	-0.0160604	0.00063168	0.000333268	-0.000553458	0.0047294	-0.0282037	-0.016990194	0.000281476	-0.000164951	-0.00025	0.084744644	0.0518333998	0.0502100954	0.0475421407	0.043885044	0.0393148935	0.0339267737	0.0278327876	0.0211597241	0.0140464202	0.0066408724	-0.0009028426	-0.0084277735	-0.0157773596	-0.0227986886	-0.0293456776	-0.0352821126	-0.0404844828	-0.0448445497	-0.0482715996	-0.0506943307	-0.0520623368	-0.0397312375	-0.0101001263	-0.0614389809	-0.0069366792	-0.0237569154	0.0191248506	0.0127343914	-0.0011389969	-0.0356065786	0.0180452621	-1.94040207786486	-1.30946970887924	-2.22840312389761	-1.68540061352814
-0.0179898	0.0205563	-0.0213545	0.000553777	0.000269044	-0.000827437	-0.0047041	0.0685138	-0.0052941	-7.7903e-05	-6.4224e-05	-0.000273979	0.0993173	0.0518004449	0.0500796887	0.0472539781	0.0433856593	0.0385600826	0.0328837193	0.0264818121	0.0194956122	0.0120792627	0.0043963972	-0.0033834701	-0.0110886847	-0.0185492395	-0.0256005252	-0.0320869629	-0.0378654364	-0.0428084497	-0.0468069407	-0.049772687	-0.0516402525	-0.0523684314	-0.0568851349	-0.0678176834	-0.009964979	-0.0263541445	-0.0983471607	-0.0238391995	0.0298702946	0.0543398165	-0.0611620942	0.0923934803	-1.8639743861055	-1.31045519011602	-2.22840312389761	-1.68540061352814
-0.0179549	-0.0184674	-0.0130312	0.000442234	0.000217845	-0.000674804	3.49000000000009e-05	-0.0390237	0.0083233	-0.000111543	-5.1199e-05	0.000152633	0.06315065	0.051766528	0.0499455618	0.0469579174	0.0428733831	0.0377873696	0.0318186811	0.0251067401	0.0178083308	0.0100939368	0.0021437585	-0.0058564958	-0.0137199483	-0.0212629165	-0.0283092043	-0.0346942175	-0.0402688086	-0.0449027607	-0.0484878293	-0.050940271	-0.0522027989	-0.0522459219	-0.0717871084	0.0280072856	-0.0157725175	0.0166523758	-0.1019687685	-0.0787923108	-0.0015340094	-0.0328384891	-0.0198165015	-0.0374048185	-1.269730985461	-1.30552401864244	-2.22840312389761	0.592443852028073
-0.0179543	-0.0272457	-0.0310241	0.000655005	0.000333268	-0.000738652	5.99999999999906e-07	-0.0087783	-0.0179929	0.000212771	0.000115423	-6.3848e-05	0.0463739	0.0517316498	0.0498077248	0.0466540082	0.0423483678	0.0369971132	0.030732371	0.0237088227	0.016099885	0.0080934286	-0.0001128608	-0.0083163637	-0.016314529	-0.0239098759	-0.0309148693	-0.0371565505	-0.0424808075	-0.0467561802	-0.0498771065	-0.051766528	-0.0523777937	-0.0516958108	-0.0841185154	-0.0552855192	-0.0246781581	0.0273775187	-0.001381581	0.016211501	0.0117237627	-0.0065703269	0.0501224957	0.0331106323	-0.819378014926554	-1.29582902680275	-2.22840312389761	-1.68540061352814
-0.0179627	0.0124566	-0.0271075	0.000186889	0.00045341	-0.000760313	-8.40000000000216e-06	0.0397023	0.0039166	-0.000468116	0.000120142	-2.1661e-05	0.07412325	0.0516958108	0.0496661877	0.0463423012	0.0418107693	0.0361896802	0.0296255153	0.0222893319	0.0143723053	0.0060807472	-0.0023692706	-0.010757547	-0.0188654898	-0.0264818121	-0.0334080384	-0.0394636764	-0.0444909208	-0.0483587652	-0.0509664168	-0.0522459219	-0.0521639377	-0.0507226006	-0.0827240171	0.0226591272	-0.0212924956	-0.0093272562	-0.0205657228	-0.0562484146	0.0728708899	0.0397467177	-0.0196055129	0.004277628	-0.070303873688766	-0.666333026623556	-2.22840312389761	0.592443852028073
-0.0179402	-0.0238074	-0.0312377	0.000941855	0.000921406	-0.000730703	2.25000000000017e-05	-0.036264	-0.0041302	0.000754966	0.000467996	2.96100000000002e-05	0.1030453	0.0516590118	0.0495209612	0.0460228486	0.0412607473	0.0353654455	0.028498854	0.0208495594	0.0126276447	0.0040589197	-0.004621281	-0.0131745611	-0.0213660101	-0.0289706552	-0.0357796393	-0.0416059582	-0.0462895956	-0.0497019183	-0.0517492091	-0.0523752403	-0.0515628185	-0.0493342563	-0.0846349842	0.054606976	0.0186000459	-0.0126286382	-0.0124223871	-0.0789016031	-0.0289069881	0.0281790105	0.0435229415	0.0058465617	-0.405381764620103	-0.254645839147796	-2.22840312389761	0.592443852028073
-0.0179564	-0.0111719	-0.0432421	0.000774726	0.000714788	-0.000730703	-1.62000000000009e-05	0.0126355	-0.0120044	-0.000167129	-0.000206618	0	0.04334345	0.0516212534	0.0493720561	0.0456957037	0.0406984653	0.0345247919	0.0273531403	0.0193908153	0.0108679768	0.0020309873	-0.0068647103	-0.0155619757	-0.0238094045	-0.0313685957	-0.0380210421	-0.0435744473	-0.0478682839	-0.0507784337	-0.0522207755	-0.0521536168	-0.0505788988	-0.0475421407	-0.0886758068	-0.034214613	-0.0544567031	-0.0388448259	0.0229035413	-0.001489823	0.0650376232	-0.0096152485	-0.0380403728	0.0305729114	-0.036558840976344	-0.109412144362484	-2.22840312389761	0.592443852028073
0.0538298	-0.0111893	-0.0123671	0.00134467	0.000609159	0.000365968	0.0717862	-1.7399999999999e-05	0.030875	0.000569944	-0.000105629	0.001096671	0.1912908	0.0515825363	0.0492194833	0.0453609212	0.0401240904	0.0336681095	0.02618914	0.0179144269	0.0090953929	0	-0.0090953929	-0.0179144269	-0.02618914	-0.0336681095	-0.0401240904	-0.0453609212	-0.0492194833	-0.0515825363	-0.0523782801	-0.0515825363	-0.0492194833	-0.0453609212	-0.0440363196	0.0340091647	0.0612707852	0.0174666949	-0.0424995464	-0.0571176899	0.0471741322	0.0520229793	0.0242599234	0.0091383865	-0.015870572755613	-0.824054857785607	-2.22840312389761	-1.68540061352814
0.039726	-0.124495	-0.0136576	0.00167516	0.0010414	0.0012693	-0.0141038	-0.1133057	-0.0012905	0.00033049	0.000432241	0.000903332	0.21200315	0.0515428613	0.0490632542	0.045018557	0.0395377932	0.0327957961	0.0250076315	0.0164217376	0.0073119995	-0.0020309873	-0.0113091867	-0.0202266294	-0.028498854	-0.0358619813	-0.0420811315	-0.0469579174	-0.0503367722	-0.0521099123	-0.0522207755	-0.0506658255	-0.0474946641	-0.0428084497	-0.0300576017	-0.0007688882	-0.0509758693	-0.0235713491	-0.01324259	-0.0089840913	0.033479286	0.0298721194	-0.0153728118	-0.0325539322	-0.160487679960007	-0.152715399728126	-2.22840312389761	-1.68540061352814
0.039874	-0.147226	0.159411	-0.000984442	0.000803888	2.66451e-05	0.000148000000000002	-0.022731	0.1730686	-0.002659602	-0.000237512	-0.0012426549	0.402936045	0.051502229	0.0489033805	0.0446686685	0.0389397479	0.0319082567	0.0238094045	0.0149141057	0.0055199161	-0.0040589197	-0.0135019809	-0.0224933884	-0.030732371	-0.0379433273	-0.043885044	-0.0483587652	-0.0512148408	-0.0523577323	-0.0517492091	-0.0494096266	-0.0454172463	-0.0399056168	0.0326431386	-0.0540843055	0.060951808	0.010940813	-0.0684731489	0.0016348315	-0.0978604514	0.0589812474	0.0028650981	-0.0177865585	-0.009563595579954	-1.05898683045974	-2.22840312389761	0.592443852028073
-0.0553663	-0.128266	0.182177	0.000248617	-0.000334587	-0.000945237	-0.0952403	0.01896	0.022766	0.001233059	-0.001138475	-0.0009718821	0.304137105	0.0514606403	0.048739874	0.044311314	0.0383301323	0.0310059033	0.0225952602	0.013392903	0.0037212726	-0.0060807472	-0.015669704	-0.024709611	-0.0328837193	-0.0399056168	-0.0455292636	-0.0495576132	-0.0518495163	-0.052324667	-0.0509664168	-0.0478223571	-0.0430026525	-0.0366761804	0.0942973909	-0.0589226986	0.0105295956	-0.0041490986	-0.0551404118	0.0819616576	-0.0587513863	-0.019208635	0.0187712258	0.0300717133	0.223642030230019	-0.914666043968414	-2.22840312389761	0.592443852028073
-0.00506868	-0.0795706	0.158347	0.000248617	-0.000334587	0.000705767	0.05029762	0.0486954	-0.02383	0	0	0.001651004	0.20537322	0.0514180959	0.0485727468	0.0439465533	0.0377091275	0.0300891549	0.0213660101	0.0118595137	0.0019182066	-0.0080934286	-0.0178083308	-0.0268703181	-0.0349471469	-0.0417426926	-0.0470078072	-0.0505494535	-0.0522377823	-0.0520108938	-0.0498771065	-0.0459146523	-0.0402688086	-0.0331465714	0.0182968008	5.54481e-05	0.010263176	0.1140570198	0.0140158391	0.0049085823	0.0232796761	-0.1164547921	0.0529305559	-0.0151230115	0.978265798302627	-0.777503560825223	-2.22840312389761	0.592443852028073
-0.00816468	-0.131893	0.161057	-0.000272597	-0.000334587	0.0013946	-0.003096	-0.0523224	0.00270999999999999	-0.000521214	0	0.000688833	0.11863075	0.0513745965	0.0484020114	0.0435744473	0.0370769179	0.0291584371	0.0201224762	0.0103153331	0.0001128608	-0.0100939368	-0.0199138901	-0.0289706552	-0.0369171367	-0.0434487905	-0.0483152946	-0.0513301431	-0.0523777937	-0.0514180959	-0.0484878293	-0.043699295	-0.0372360105	-0.0293456776	0.0154232755	-0.0273501157	0.0744568409	0.0359693293	0.0763068945	0.0184193222	-0.0493176431	0.0492016564	0.1028796158	-0.0608857967	-0.601538291374283	-1.04351844850192	0.448081059024295	0.592443852028073
-0.000524847	-0.11895	0.142028	0.000383875	-0.000271052	0.00129509	0.007639833	0.012943	-0.019029	0.000656472	6.35349999999999e-05	-9.95099999999999e-05	0.080587683	0.0513301431	0.0482276804	0.0431950583	0.0364336915	0.028214182	0.0188654898	0.0087617663	-0.0016926191	-0.0120792627	-0.0219824722	-0.0310059033	-0.0387884217	-0.045018557	-0.0494469678	-0.051896421	-0.0522688852	-0.0505494535	-0.0468069407	-0.0411911291	-0.0339267737	-0.025304607	0.039423029	0.081381348	-0.0083926541	-0.0268446541	0.1135844908	0.0329946038	0.025464007	0.0419521206	0.0915152291	-0.1249304288	-1.04934482475389	-1.23948124639007	0.448081059024295	0.592443852028073
-0.00522587	-0.100453	0.160872	0.000248617	-3.5762e-05	0.00100991	-0.004701023	0.018497	0.018844	-0.000135258	0.00023529	-0.00028518	0.074828423	0.0512847364	0.0480497669	0.0428084497	0.0357796393	0.027256828	0.0175958911	0.0072002268	-0.0034960873	-0.0140464202	-0.0240102362	-0.0329714899	-0.0405559987	-0.0464470668	-0.0503987089	-0.0522459219	-0.0519115742	-0.0494096266	-0.0448445497	-0.0384069609	-0.0303656657	-0.0210564335	0.0515408996	0.0808269239	0.0570278005	-0.0155375322	0.116338158	0.0264343592	-0.0078840031	0.0489159983	0.0400633498	-0.0323936667	-1.40273575923613	-1.30470906105827	0.448081059024295	-1.68540061352814
-0.00262388	-0.100457	0.160877	0.000248617	0.000129421	0.0011283	0.00260199	-4.000000000004e-06	4.99999999997725e-06	0	0.000165183	0.00011839	0.01678964	0.0512383773	0.0478682839	0.0424146861	0.0351149558	0.0262868196	0.016314529	0.0056321357	-0.0052954007	-0.0159924506	-0.0259934166	-0.0348629988	-0.0422151417	-0.0477298374	-0.0511670547	-0.0523771858	-0.0513075588	-0.0480047303	-0.0426124582	-0.0353654455	-0.0265791242	-0.0166359256	0.0821352365	0.0515961426	-0.0152270658	-0.0659329894	0.0769292026	0.0577422011	0.0329168747	0.0185084721	-0.0201292024	-0.0543780308	-0.680559824396712	-1.16849348276696	0.448081059024295	-1.68540061352814
0.0167121	-0.0830211	0.135002	-1.38255e-06	-0.000140842	0.000996424	0.01933598	0.0174359	-0.025875	-0.00024999955	-0.000270263	-0.000131876	0.0952538075	0.0511910666	0.0476832451	0.0420138333	0.0344398384	0.025304607	0.0150222601	0.0040589197	-0.0070884207	-0.0179144269	-0.0279283311	-0.0366761804	-0.0437614146	-0.048862844	-0.0517492091	-0.0522896643	-0.0504597097	-0.0463423012	-0.0401240904	-0.0320869629	-0.0225952602	-0.0120792627	0.0491754824	0.0646242267	0.0416155615	0.0334826882	0.0364099482	0.0282343194	0.0373795281	0.073009787	0.0005424959	-0.0551597574	-0.938776694249957	-0.656767367231059	0.448081059024295	0.592443852028073
0.0167557	-0.0962978	0.111573	-1.38252e-06	0.000129421	0.000759909	4.36000000000047e-05	-0.0132767	-0.023429	2.99999999999811e-11	0.000270263	-0.000236515	0.0620882015	0.0511428052	0.0474946641	0.0416059582	0.0337544877	0.0243106464	0.0137199483	0.0024820104	-0.0088730165	-0.0198094581	-0.0298113868	-0.0384069609	-0.0451906832	-0.0498425313	-0.0521430537	-0.0519837232	-0.0493720561	-0.044431258	-0.0373944116	-0.0285934806	-0.0184436498	-0.0074237382	0.0280056401	-0.0340971278	-0.0040576283	-0.0395275164	0.0600244821	0.0405841929	-0.0230121522	0.004300795	-0.0001027749	0.0242345259	-1.72884925445418	-0.63854643919708	0.448081059024295	0.592443852028073
0.0167625	-0.0585086	0.0940488	0.000165747	3.93651e-05	0.000759909	6.79999999999778e-06	0.0377892	-0.0175242	0.00016712952	-9.00559e-05	0	0.068179471	0.051093594	0.047302555	0.0411911291	0.0330591074	0.0233053991	0.0124084642	0.0009028426	-0.0106470671	-0.021674694	-0.0316390872	-0.0400514517	-0.0464991262	-0.0506658255	-0.0523471556	-0.0514606403	-0.0480497669	-0.0422818529	-0.0344398384	-0.0249084068	-0.0141551145	-0.0027074549	0.0305239858	0.0408004765	-0.0109393098	0.0418158423	0.0413670962	-0.0001601817	0.0315114202	-0.0573314735	-0.005744323	-0.0430376936	-1.63901958475616	-0.672463351416252	0.448081059024295	0.592443852028073
0.0167697	-0.104032	0.077963	0.000248618	-0.00014098	0.000759909	7.20000000000234e-06	-0.0455234	-0.0160858	8.2871e-05	-0.0001803451	0	0.074777205	0.051043434	0.0471069319	0.0407694154	0.032353904	0.0222893319	0.0110886847	-0.0006771467	-0.0124084642	-0.0235073292	-0.0334080384	-0.0416059582	-0.0476832451	-0.0513301431	-0.0523607718	-0.0507226006	-0.0464991262	-0.0399056168	-0.03127814	-0.0210564335	-0.0097614921	0.0020309873	-0.0076911669	0.0371882715	0.0598915697	0.011260751	0.0426526311	-0.0390206974	-0.0339127672	0.043610585	0.0783337099	-0.00312047	-1.46065131019004	-0.802229739484921	0.448081059024295	0.592443852028073
0.0201012	-0.104037	0.073463	0.000248618	-3.96107e-05	0.00124897	0.0033315	-4.99999999999112e-06	-0.0045	0	0.0001013693	0.000489061	0.037358015	0.050992326	0.0469078096	0.0403408874	0.0316390872	0.0212629165	0.0097614921	-0.0022565198	-0.0141551145	-0.025304607	-0.0351149558	-0.0430669878	-0.048739874	-0.0518333998	-0.0521838529	-0.049772687	-0.0447275033	-0.0373152977	-0.0279283311	-0.0170633708	-0.0052954007	0.006752807	0.0464256906	0.0001414303	-0.0393884411	-0.0533350123	0.055181684	0.0620021378	0.0317428018	0.0412172868	-0.0062366629	-0.0267720825	-1.45573689840545	-0.860554752233474	0.448081059024295	0.592443852028073
0.0181002	-0.0945729	0.0940777	0.0003282	-3.96107e-05	0.000788191	-0.002001	0.0094641	0.0206147	7.9582e-05	0	-0.000460779	0.05909785	0.050940271	0.0467052026	0.0399056168	0.0309148693	0.0202266294	0.0084277735	-0.0038338396	-0.015884942	-0.0270638244	-0.0367566699	-0.044431258	-0.0496661877	-0.0521740164	-0.0518170426	-0.0486148674	-0.0427433176	-0.0345247919	-0.024410558	-0.0129559745	-0.0007899965	0.0114193591	0.0246393387	0.0467601927	0.0507561849	0.0182355292	0.0273346637	-0.0256185219	-0.0026536698	0.0309146124	0.0254675652	-0.0034322661	-1.49311866276192	-0.863903765330201	0.448081059024295	0.592443852028073
0.0217621	-0.149631	0.0421836	0.000975219	-0.000118685	0.000813094	0.0036619	-0.0550581	-0.0518941	0.000647019	-7.90743e-05	2.4903e-05	0.148163915	0.0508872699	0.0464991262	0.0394636764	0.0301814655	0.0191809517	0.0070884207	-0.005407671	-0.0175958911	-0.0287823352	-0.0383301323	-0.0456957037	-0.0504597097	-0.0523509242	-0.0512616758	-0.0472539781	-0.0405559987	-0.0315490697	-0.0207459769	-0.0087617663	0.0037212726	0.0159924506	0.0278469195	-0.0334067024	-0.0299919538	-0.0451064277	0.0127589695	0.0129609208	-0.0253664158	-0.0357866378	-0.0453377502	-0.008147909	-0.839465087515898	-1.27882465050182	0.448081059024295	-1.68540061352814
0.0321368	-0.0787621	0.0421778	0.000562787	-0.000441347	0.000960955	0.0103747	0.0708689	-5.80000000000025e-06	-0.000412432	-0.000322662	0.000147861	0.12539715	0.0508333239	0.0462895956	0.03901514	0.0294390937	0.018126369	0.0057443291	-0.0069765817	-0.0192859283	-0.0304575546	-0.0398324213	-0.0468574839	-0.0511183183	-0.0523635681	-0.0505197734	-0.0456957037	-0.0381759417	-0.0284040951	-0.0169566271	-0.0045088495	0.0082049152	0.0204346535	0.0070735178	0.0240475841	0.0105364843	0.0490962627	-0.014084068	-0.012488416	0.0244953538	-0.0312467053	-0.0105161567	-0.0299126324	-0.908939990836945	-0.910800184876609	0.448081059024295	0.592443852028073
0.0372078	-0.12891	0.0109103	0.00135022	-0.000304346	0.000780937	0.00507100000000001	-0.0501479	-0.0312675	0.000787433	0.000137001	-0.000180018	0.141709	0.0507784337	0.0460766263	0.0385600826	0.0286879745	0.0170633708	0.0043963972	-0.0085391442	-0.0209530451	-0.0320869629	-0.0412607473	-0.0479139886	-0.0516402525	-0.0522119084	-0.049594035	-0.0439465533	-0.0356144575	-0.0251067401	-0.0130652981	-0.0002257211	0.0126276447	0.024709611	0.0005076636	-0.0039056049	-0.0198700361	-0.0013556384	0.031142734	0.0021114184	-0.0283405803	0.0246315373	0.0015061716	-0.0425059471	-0.946659160904901	-0.799555557608316	0.448081059024295	0.592443852028073
0.0326669	-0.0960413	-0.0155136	0.00081872	-0.000110693	0.00122218	-0.0045409	0.0328687	-0.0264239	-0.0005315	0.000193653	0.000441243	0.1221533	0.0507226006	0.0458602343	0.0380985803	0.0279283311	0.0159924506	0.0030455261	-0.0100939368	-0.0225952602	-0.0336681095	-0.0426124582	-0.048862844	-0.0520241169	-0.051896421	-0.0484878293	-0.0420138333	-0.0328837193	-0.021674694	-0.0090953929	0.0040589197	0.0169566271	0.0287823352	-0.0149178055	0.0063852037	-0.0166853916	0.0156306871	0.0060200147	-0.0267491493	0.0415962433	-0.0331082215	-0.0260365292	0.0194619801	-0.786403717244353	-0.869062178455707	0.448081059024295	0.592443852028073
0.0228178	-0.105367	-0.00551324	0.00081872	-0.000140567	0.00081101	-0.00984910000000001	-0.00932570000000001	0.01000036	0	-2.9874e-05	-0.00041117	0.05122736	0.0506658255	0.0456404355	0.0376307102	0.0271603893	0.0149141057	0.0016926191	-0.0116395445	-0.0242106219	-0.0351986159	-0.043885044	-0.0497019183	-0.0522688852	-0.0514180959	-0.0472051818	-0.0399056168	-0.0299967047	-0.018126369	-0.0050707869	0.0083163637	0.0211597241	0.0326194932	-0.0015948201	-0.0071125518	0.0339745144	0.0126266889	-0.0116013139	-0.0115068081	-0.0272939561	-0.036155297	0.0123194231	0.0040555349	-0.57327986591751	-0.915722252468622	0.448081059024295	0.592443852028073
0.0311981	-0.0941243	-0.00539094	0.00133723	-9.62526e-05	0.00102117	0.0083803	0.0112427	0.0001223	0.00051851	4.43144e-05	0.00021016	0.05839452	0.0506081094	0.0454172463	0.0371565505	0.0263843771	0.0138288366	0.0003385804	-0.0131745611	-0.0257972105	-0.0366761804	-0.0450761418	-0.0504293264	-0.0523739028	-0.0507784337	-0.0457507597	-0.0376307102	-0.0269671338	-0.0144808008	-0.0010156846	0.0125180835	0.0252057321	0.0361896802	0.0064712055	0.0008297628	-0.027301138	0.0096779815	-0.0304685776	-0.010356851	-0.0044687959	-0.0581818378	0.0037459299	0.0141183432	-1.0596923050366	-0.841236168978166	0.448081059024295	0.592443852028073
0.0371952	-0.08091	-0.0263132	0.00104041	-0.000231531	0.000794376	0.0059971	0.0132143	-0.02092226	-0.00029682	-0.0001352784	-0.000226794	0.07307828	0.0505494535	0.0451906832	0.0366761804	0.0256005252	0.0127371473	-0.0010156846	-0.0146975897	-0.0273531403	-0.0380985803	-0.0461835398	-0.051043434	-0.0523388891	-0.0499794418	-0.0441298556	-0.0351986159	-0.0238094045	-0.010757547	0.0030455261	0.0166359256	0.0290646136	0.0394636764	-0.0120219589	-0.0222351359	0.0190602635	0.0174060712	-0.010894319	-0.0119540195	-0.0020929187	-0.0164816078	0.0114607193	0.0183823011	-1.021240323225	-0.860514820448052	0.448081059024295	0.592443852028073
0.0371036	-0.116739	-0.0394974	0.00157151	1.84892e-05	0.00122218	-9.15999999999972e-05	-0.035829	-0.0131842	0.0005311	0.0002500202	0.000427804	0.10955101	0.0504898588	0.0449607632	0.0361896802	0.0248090665	0.0116395445	-0.0023692706	-0.0162072446	-0.0288765622	-0.0394636764	-0.0472051818	-0.0515428613	-0.0521639377	-0.049023627	-0.0423483678	-0.0326194932	-0.0205385235	-0.0069765817	0.0070884207	0.0206422981	0.0327077205	0.0424146861	-0.007171561	0.0052203226	-0.0364631764	-0.016923586	-0.0355142548	0.0036027965	-0.0028025359	-0.0342473358	-0.0222885794	0.0070836174	-0.98741832854864	-1.33215083848392	0.448081059024295	0.592443852028073
0.0279119	-0.0697729	-0.0458296	0.00160979	-5.50007e-05	0.000646574	-0.0091917	0.0469661	-0.0063322	3.82800000000001e-05	-7.34899e-05	-0.000575606	0.096858795	0.0504293264	0.0447275033	0.0356971313	0.0240102362	0.0105365379	-0.0037212726	-0.017702152	-0.0303656657	-0.0407694154	-0.0481391707	-0.0519264863	-0.0518495163	-0.0479139886	-0.0404127789	-0.0299041152	-0.0171700353	-0.003158189	0.0110886847	0.0245103563	0.0361080066	0.045018557	-0.0244467732	-0.0230076926	0.0041094777	0.0198545907	-0.0114143995	0.0018596744	0.0013743968	-0.0337029969	0.0216513939	0.0446674651	-0.571021199584375	-1.36957883727599	0.448081059024295	0.592443852028073
0.0371268	-0.128907	-0.0523928	0.00147104	-0.000155433	0.00105637	0.0092149	-0.0591341	-0.0065632	-0.00013875	-0.0001004323	0.000409796	0.107361115	0.0503678575	0.0444909208	0.0351986159	0.0232042715	0.0094286395	-0.0050707869	-0.0191809517	-0.0318186811	-0.0420138333	-0.0489837722	-0.0521934471	-0.0513964655	-0.0466540082	-0.0383301323	-0.0270638244	-0.0137199483	0.0006771467	0.0150222601	0.028214182	0.0392402281	0.0472539781	-0.0066773694	0.0168888281	-0.0129533662	-0.0264489331	-0.0409077687	-0.0295382805	-0.0280298964	-0.0126732784	-0.0011807534	0.0257812148	-0.562357401686784	-1.41443527657621	0.448081059024295	0.592443852028073
0.0371277	-0.0739901	-0.0859579	0.00181399	-0.00027411	0.000949463	8.99999999998125e-07	0.0549169	-0.0335651	0.00034295	-0.000118677	-0.000106907	0.1169096	0.0503054532	0.0442510332	0.0346942175	0.0223914121	0.0083163637	-0.0064169112	-0.0206422981	-0.0332338815	-0.0431950583	-0.0497374181	-0.0523431439	-0.0508059967	-0.0452476394	-0.0361080066	-0.024110485	-0.0102046586	0.0045088495	0.0188654898	0.0317289578	0.0420811315	0.0491026536	-0.0287025011	-0.0354390701	-0.0407471005	0.0091749156	-0.0129895762	0.003738487	-0.0021904515	-0.0322220989	-0.0102018566	0.0316818741	0.052715364112343	-1.39061990242137	0.448081059024295	0.592443852028073
0.0271426	-0.0752475	-0.0830047	0.00209034	-0.000139108	0.000646574	-0.0099851	-0.00125739999999998	0.00295319999999999	0.00027635	0.000135002	-0.000302889	0.04990775	0.0502421146	0.0440078585	0.0341840202	0.0215718994	0.0072002268	-0.0077587455	-0.0220848615	-0.034609585	-0.044311314	-0.0503987089	-0.0523752403	-0.0500796887	-0.043699295	-0.0337544877	-0.0210564335	-0.0066408724	0.0083163637	0.0225952602	0.0350311327	0.0446096262	0.0505494535	-0.0411717955	0.0002839109	0.0374446187	-0.0200046136	-0.0461584277	-0.0345051339	0.0114977109	0.082915677	0.0040906545	0.0052848747	0.862028694150222	-1.47166785855634	0.448081059024295	0.592443852028073
0.0363422	-0.130034	-0.0719446	0.00171612	7.4941e-05	0.000646574	0.0091996	-0.0547865	0.0110601	-0.00037422	0.000214049	0	0.10445965	0.050177843	0.0437614146	0.0336681095	0.0207459769	0.0060807472	-0.0090953929	-0.0235073292	-0.0359441567	-0.0453609212	-0.0509664168	-0.0522896643	-0.0492194833	-0.0420138333	-0.03127814	-0.0179144269	-0.0030455261	0.0120792627	0.02618914	0.0380985803	0.0468069407	0.0515825363	-0.0007135601	0.0177213734	-0.0601745462	-0.0351617388	-0.0442329561	0.0314196349	-0.0191959105	0.0142796687	-0.0191366875	-0.0181197077	-0.372781122849803	1.23219600923388	0.448081059024295	0.592443852028073
0.0390171	-0.0569294	-0.072017	0.0021758	-0.000358075	0.000896574	0.0026749	0.0731046	-7.24000000000002e-05	0.00045968	-0.000433016	0.00025	0.1329867	0.0501126395	0.0435117199	0.0331465714	0.0199138901	0.0049584444	-0.0104259597	-0.0249084068	-0.0372360105	-0.0463423012	-0.0514394875	-0.0520866082	-0.0482276804	-0.0401965428	-0.0286879745	-0.0146975897	0.0005642937	0.0157773596	0.0296255153	0.0409107473	0.0486567622	0.0521934471	-0.0151199142	-0.0707082325	-0.0162528175	0.0430222013	-0.0170007704	0.0018732154	0.0275351455	-0.0933195179	-0.0105533274	0.0411510013	-0.834036480580902	1.87274148087724	0.448081059024295	0.592443852028073
0.039055	-0.110921	-0.0743236	0.00231656	-0.000118806	0.000723815	3.79000000000004e-05	-0.0539916	-0.00230660000000001	0.00014076	0.000239269	-0.000172759	0.0839755	0.0500465054	0.0432587929	0.0326194932	0.0190758861	0.0038338396	-0.0117495564	-0.0262868196	-0.0384836111	-0.0472539781	-0.0518170426	-0.051766528	-0.0471069319	-0.0382531258	-0.0259934166	-0.0114193591	0.0041714317	0.0193908153	0.0328837193	0.0434487905	0.0501453577	0.0523771858	0.0096152715	0.0232845802	-0.0157508327	-0.0268762634	-0.0651907554	-0.0337983098	-0.0518661879	-0.0577561927	-0.0455694972	0.0426787207	-0.435498431119346	1.71908623649011	0.448081059024295	0.592443852028073
0.0227245	-0.0427025	-0.0743111	0.00233507	7.69e-05	0.000646574	-0.0163305	0.0682185	1.24999999999986e-05	1.85099999999998e-05	0.000195706	-7.7241e-05	0.09913435	0.0499794418	0.0430026525	0.0320869629	0.0182322141	0.0027074549	-0.0130652981	-0.0276413132	-0.0396854757	-0.0480945804	-0.0520983812	-0.0513301431	-0.0458602343	-0.0361896802	-0.0232042715	-0.0080934286	0.0077587455	0.0229002443	0.0359441567	0.0456957037	0.0512616758	0.0521322486	-0.0084070286	-0.0603710387	-0.0139674601	0.0677545752	-0.0026237847	0.019184318	0.009280422	-0.1043703228	0.0164280727	0.0208417193	-0.021665027867037	0.296126636369739	0.448081059024295	-1.68540061352814
0.0227481	-0.0597611	-0.0380765	0.00223373	-0.000342267	0.00042109	2.35999999999986e-05	-0.0170586	0.0362346	-0.00010134	-0.000419167	-0.000225484	0.09061635	0.04991145	0.0427433176	0.0315490697	0.0173831246	0.0015798132	-0.0143723053	-0.0289706552	-0.0408401761	-0.048862844	-0.0522829807	-0.0507784337	-0.0444909208	-0.0340126806	-0.0203306886	-0.0047336909	0.0113091867	0.0262868196	0.0387884217	0.0476364314	0.0519974292	0.0514606403	0.0189149916	0.0290154316	0.0500202868	-0.0185879658	-0.0325719675	-0.0331127828	-0.0546386268	0.0207657394	0.0173001606	0.006602448	-0.807497987709657	0.810593411962324	0.448081059024295	-1.68540061352814
0.0327263	-0.0756692	-0.069122	0.00242797	-0.000219291	0.000485658	0.0099782	-0.0159081	-0.0310455	0.00019424	0.000122976	6.4568e-05	0.076021	0.0498425313	0.0424808075	0.0310059033	0.01652887	0.0004514381	-0.015669704	-0.0302736359	-0.0419463399	-0.0495576132	-0.0523704984	-0.0501126395	-0.0430026525	-0.0317289578	-0.0173831246	-0.0013541801	0.0148058821	0.0295323731	0.0413994086	0.0492579697	0.0523471556	0.0503678575	0.0198010723	-0.0314266114	-0.0216660812	0.0258814809	0.0516588246	0.0849591848	0.0001884415	0.0058098861	0.0209244569	-0.0272775552	-0.582920746139954	1.45741588997221	0.448081059024295	0.592443852028073
0.0227655	-0.0223266	-0.0803971	0.00216701	-0.000413357	7.65136e-05	-0.0099608	0.0533426	-0.0112751	-0.00026096	-0.000194066	-0.0004091444	0.11778702	0.049772687	0.0422151417	0.0304575546	0.015669704	-0.0006771467	-0.0169566271	-0.0315490697	-0.0430026525	-0.050177843	-0.0523607718	-0.0493342563	-0.0413994086	-0.0293456776	-0.0143723053	0.0020309873	0.0182322141	0.0326194932	0.0437614146	0.0505494535	0.0523082586	0.048862844	-0.0058366958	0.0203247917	0.0422490529	0.0114392239	0.0232090229	-0.0220100806	0.0315481409	0.0948442842	0.0235289024	-0.0093038359	0.521158578889024	2.74089490111085	0.448081059024295	0.592443852028073
0.0227164	-0.083619	-0.073972	0.00195509	-6.47679e-05	0.000797781	-4.90999999999998e-05	-0.0612924	0.00642510000000003	-0.00021192	0.0003485891	0.0007212674	0.131855425	0.0497019183	0.0419463399	0.0299041152	0.0148058821	-0.001805417	-0.0182322141	-0.0327957961	-0.0440078585	-0.0507226006	-0.0522538189	-0.0484450328	-0.0396854757	-0.0268703181	-0.0113091867	0.005407671	0.0215718994	0.0355316183	0.0458602343	0.051502229	0.051881027	0.0469579174	0.0103011861	-0.0258193396	-0.0075818678	0.0075507976	0.063763164	0.0321986271	-0.0050870392	0.0077197026	0.0432493287	-0.025237262	0.451188163213164	3.07431919387287	0.448081059024295	0.592443852028073
0.0409722	-0.0594073	-0.0874192	0.00169557	-0.000413357	0.000797781	0.0182558	0.0242117	-0.0134472	-0.00025952	-0.0003485891	0	0.086320155	0.0496302266	0.0416744222	0.0293456776	0.0139376608	-0.0029328492	-0.0194956122	-0.0340126806	-0.0449607632	-0.0511910666	-0.0520498384	-0.047446967	-0.0378654364	-0.0243106464	-0.0082049152	0.0087617663	0.0248090665	0.0382531258	0.0476832451	0.0521099123	0.0510686325	0.0446686685	-0.0064096618	0.0346659169	0.045658089	0.0062052815	0.0233110789	-0.0144559088	0.0288243348	0.0582313574	0.003700321	-0.0345994252	0.384878738930851	2.66495424458594	0.448081059024295	0.592443852028073
0.0415717	-0.107048	-0.103531	0.00228107	-0.000149359	0.00079778	0.000599499999999996	-0.0476407	-0.0161118	0.0005855	0.000263998	-1.00000000001575e-09	0.10682695	0.0495576132	0.0413994086	0.0287823352	0.0130652981	-0.0040589197	-0.0207459769	-0.0351986159	-0.0458602343	-0.0515825363	-0.0517492091	-0.0463423012	-0.0359441567	-0.021674694	-0.0050707869	0.0120792627	0.0279283311	0.0407694154	0.0492194833	0.0523684314	0.0498771065	0.0420138333	0.0051886943	-0.0108101135	-0.0180338099	0.0116415582	0.0637953565	0.0262855928	-0.023864815	0.0318549004	0.0470291771	-0.0542605937	-0.014780557114104	2.60424016267523	0.448081059024295	0.592443852028073
0.0444721	-0.0544932	-0.103588	0.00181687	8.62926e-06	0.000539257	0.0029004	0.0525548	-5.70000000000015e-05	-0.0004642	0.00015798826	-0.000258523	0.099547763	0.0494840794	0.0411213197	0.028214182	0.0121890533	-0.0051831058	-0.0219824722	-0.036352523	-0.0467052026	-0.051896421	-0.051352489	-0.0451335173	-0.0339267737	-0.018970732	-0.0019182066	0.0153463027	0.0309148693	0.0430669878	0.0504597097	0.0522760543	0.0483152946	0.03901514	0.0046794072	0.0152580166	0.0087412306	0.0244528366	0.0448434169	-0.0070850682	0.0453030292	0.0213719805	0.0054432108	-0.0068273271	0.416872608115855	2.42711831657294	0.448081059024295	0.592443852028073
0.0480796	-0.0672611	-0.103507	0.00238026	0.000244793	0.000797781	0.0036075	-0.0127679	8.10000000000116e-05	0.00056339	0.00023616374	0.000258524	0.069360287	0.0494096266	0.0408401761	0.0276413132	0.0113091867	-0.0063048856	-0.0232042715	-0.0374733519	-0.0474946641	-0.0521322486	-0.050860415	-0.043823331	-0.0318186811	-0.0162072446	0.0012413539	0.0185492395	0.0337544877	0.0451335173	0.0513964655	0.0518333998	0.0463947917	0.0356971313	-0.009078393	0.0309747953	0.041309361	-0.0111032481	0.0616065982	-0.044385629	-0.0665897933	-0.0264775093	0.0440674403	0.0012831788	1.2462228181579	2.540883307863	0.448081059024295	0.592443852028073
0.0543994	-0.0511417	-0.125684	0.00213026	0.000244793	0.000675793	0.0063198	0.0161194	-0.022177	-0.00025	0	-0.000121988	0.0632156	0.0493342563	0.0405559987	0.0270638244	0.0104259597	-0.0074237382	-0.024410558	-0.0385600826	-0.0482276804	-0.0522896643	-0.0502739006	-0.0424146861	-0.0296255153	-0.013392903	0.0043963972	0.021674694	0.0364336915	0.0469579174	0.0520241169	0.051043434	0.0441298556	0.0320869629	0.0164223931	0.0226244298	-0.0495726695	-0.0558851973	0.059329263	0.0405798376	0.042484552	0.0385513022	-0.0626152081	-0.0270819652	1.01684019425253	2.6514127466986	0.448081059024295	0.592443852028073
0.0527241	0.000613564	-0.0712632	0.00186868	0.000244793	0.000533219	-0.0016753	0.051755264	0.0544208	-0.00026158	0	-0.000142574	0.128059064	0.0492579697	0.0402688086	0.0264818121	0.0095396348	-0.0085391442	-0.0256005252	-0.0396117264	-0.0489033805	-0.0523684314	-0.049594035	-0.0409107473	-0.0273531403	-0.0105365379	0.0075354425	0.024709611	0.0389397479	0.0485304007	0.0523388891	0.04991145	0.0415373011	0.028214182	0.0289496409	0.0548558905	0.0634996699	0.0041785227	0.0416200104	-0.0235264074	-0.0003246245	0.017926107	0.0541639251	0.0030797977	1.28955268270598	2.6421013682256	0.448081059024295	0.592443852028073
0.0543493	-0.0670527	-0.103813	0.00238982	0.000244793	0.000738679	0.00162520000000001	-0.067666264	-0.0325498	0.00052114	0	0.00020546	0.138171264	0.0491807684	0.0399786271	0.0258953737	0.0086504753	-0.0096505858	-0.0267733776	-0.0406273263	-0.0495209612	-0.0523684314	-0.0488220806	-0.0393148935	-0.0250076315	-0.0076471118	0.0106470671	0.0276413132	0.0412607473	0.0498425313	0.0523388891	0.0484450328	0.0386363752	0.024110485	0.0434065999	0.0207612761	-0.0351216925	-0.0725577017	0.0352325276	0.0347966008	-0.0072568154	-0.019611773	-0.073406114	-0.0014451238	1.20614989469266	2.71553390991773	0.448081059024295	0.592443852028073
0.0527985	-0.0022007	-0.108129	0.00212398	0.000111448	0.000696085	-0.00155080000000001	0.064852	-0.00431599999999999	-0.00026584	-0.000133345	-4.25939999999999e-05	0.09280775	0.0491026536	0.0396854757	0.025304607	0.0077587455	-0.010757547	-0.0279283311	-0.0416059582	-0.0500796887	-0.0522896643	-0.0479594708	-0.0376307102	-0.0225952602	-0.0047336909	0.0137199483	0.0304575546	0.0433856593	0.0508872699	0.0520241169	0.0466540082	0.0354486142	0.0198094581	0.0048373477	0.0415190632	0.0353589123	0.0325140579	0.0167940614	-0.0003474461	0.0211500057	0.0072052888	-0.0032153055	-0.0252275709	1.31124257184876	0.382196453891844	0.448081059024295	0.592443852028073
0.0469278	-0.0628979	-0.141016	0.00260434	0.000244793	0.000483384	-0.0058707	-0.0606972	-0.032887	0.00048036	0.000133345	-0.000212701	0.1407752	0.049023627	0.0393893764	0.024709611	0.0068647103	-0.0118595137	-0.0290646136	-0.0425467316	-0.0505788988	-0.0521322486	-0.0470078072	-0.0358619813	-0.0201224762	-0.001805417	0.016742904	0.0331465714	0.0453043854	0.0516590118	0.0513964655	0.0445503769	0.0319976841	0.0153463027	0.024670404	-0.0633473515	0.0037590702	-0.0560955683	0.0214890677	0.023442076	-0.0393970416	0.0085168771	-0.0150132804	0.0461326273	0.875128958882402	2.6141725298934	0.448081059024295	0.592443852028073
0.0442508	-0.0331125	-0.126897	0.00254843	0.000244793	0.000646467	-0.00267699999999999	0.0297854	0.014119	-5.59100000000002e-05	0	0.000163083	0.05753105	0.04894369	0.039090351	0.024110485	0.0059686353	-0.0129559745	-0.0301814655	-0.0434487905	-0.0510179984	-0.051896421	-0.0459688572	-0.0340126806	-0.0175958911	0.0011285219	0.0197049341	0.0356971313	0.0470078072	0.0521536168	0.0504597097	0.0421482344	0.0283092043	0.010757547	0.0234649193	0.0257867921	-0.0195272739	0.0402929151	-0.0195020775	0.0251059683	0.0237541792	-0.0858505351	0.0089958285	-0.0201193022	0.442797357209417	2.72832906721003	0.448081059024295	0.592443852028073
0.0535149	-0.0716472	-0.126869	0.00272346	0.000295915	0.000646467	0.00926409999999999	-0.0385347	2.80000000000003e-05	0.00017503	5.1122e-05	0	0.0591344	0.048862844	0.0387884217	0.0235073292	0.0050707869	-0.0140464202	-0.03127814	-0.044311314	-0.0513964655	-0.0515825363	-0.0448445497	-0.0320869629	-0.0150222601	0.0040589197	0.0225952602	0.0380985803	0.0484878293	0.0523684314	0.0492194833	0.0394636764	0.024410558	0.0060807472	0.0323785619	0.0204769049	0.0314976843	-0.015240482	0.0047923145	-0.0108291342	-0.0545710672	0.0173152432	0.0346383839	0.0205155242	0.690578352060494	1.20426450290277	0.448081059024295	0.592443852028073
0.05528	-0.0304958	-0.126886	0.00262517	0.000244793	0.000646467	0.0017651	0.0411514	-1.69999999999615e-05	-9.829e-05	-5.1122e-05	0	0.0504041	0.0487810905	0.0384836111	0.0229002443	0.0041714317	-0.0151303447	-0.032353904	-0.0451335173	-0.0517138504	-0.0511910666	-0.0436369724	-0.0300891549	-0.0124084642	0.0069765817	0.0254033645	0.0403408874	0.0497374181	0.0523023033	0.0476832451	0.0365146908	0.0203306886	0.0013541801	0.0451159741	-0.0007063997	-0.0388191571	-0.0110837582	-0.031035864	0.0408116129	0.0111761694	-0.0255532101	-0.0346936919	0.0075856855	1.09644953821696	1.15464769204982	0.448081059024295	0.592443852028073
0.0643181	-0.0520148	-0.135329	0.00262517	0.000244793	0.000646467	0.00903810000000001	-0.021519	-0.00844300000000001	0	0	0	0.0390001	0.0486984311	0.0381759417	0.0222893319	0.0032708371	-0.0162072446	-0.0334080384	-0.0459146523	-0.0519697758	-0.0507226006	-0.0423483678	-0.028023745	-0.0097614921	0.009872353	0.0281190288	0.0424146861	0.050750635	0.0519555872	0.0458602343	0.0333210373	0.016099885	-0.0033834701	0.0035942108	0.0274043668	0.0483246801	0.0223944919	-0.0597029201	-0.0379900643	-0.0374371838	0.0294617603	-0.0053814931	-0.0005972691	0.784966902731406	2.93297742078034	0.448081059024295	0.592443852028073
0.0504445	-0.039857	-0.163018	0.00303594	0.000451514	0.000646467	-0.0138736	0.0121578	-0.027689	0.00041077	0.000206721	0	0.08459495	0.0486148674	0.0378654364	0.021674694	0.0023692706	-0.01727662	-0.0344398384	-0.0466540082	-0.0521639377	-0.050177843	-0.0409811285	-0.0258953737	-0.0070884207	0.0127371473	0.030732371	0.044311314	0.0515226647	0.0513301431	0.0437614146	0.0299041152	0.0117495564	-0.0080934286	0.0012226512	-0.0968636291	-0.0200823102	0.0101581347	0.0040097196	0.0771893218	-0.0009719271	0.0210650741	-0.028581258	0.0410953052	0.677473625765186	2.83697857330852	0.448081059024295	0.592443852028073
0.0552506	-0.0165961	-0.188529	0.00256137	0.000550558	0.000514451	0.0048061	0.0232609	-0.025511	-0.00047457	9.9044e-05	-0.000132016	0.0888595	0.0485304007	0.0375521182	0.0210564335	0.0014670001	-0.0183379745	-0.0354486142	-0.0473509122	-0.0522961052	-0.0495576132	-0.0395377932	-0.0237088227	-0.0043963972	0.0155619757	0.0332338815	0.0460228486	0.0520498384	0.0504293264	0.0413994086	0.0262868196	0.0073119995	-0.0127371473	-0.0158829409	0.0242373075	0.0302931131	0.0031101779	-0.0277453342	-0.0335796111	0.024543177	0.010328099	-0.0008375319	-0.0153133766	1.09721664822714	2.80307967040629	-2.22840312389761	0.592443852028073
0.0644141	-0.0442903	-0.196312	0.00287448	0.000900659	0.000849895	0.0091635	-0.0276942	-0.00778299999999998	0.00031311	0.000350101	0.000335444	0.09457345	0.0484450328	0.0372360105	0.0204346535	0.0005642937	-0.0193908153	-0.0364336915	-0.0480047303	-0.0523661213	-0.048862844	-0.0380210421	-0.0214690046	-0.0016926191	0.0183379745	0.0356144575	0.0475421407	0.0523296507	0.0492579697	0.0387884217	0.0224933884	0.0028201586	-0.01727662	-0.0008284823	0.007748623	-0.0258332741	-0.0157229514	0.0176046209	0.0274318161	-0.0094751599	0.0497931068	0.0272288316	0.0060934307	1.23376167234368	2.18329965456189	0.448081059024295	0.592443852028073
0.0644269	-0.00467555	-0.208368	0.00303804	0.000949194	0.000642411	1.27999999999934e-05	0.03961475	-0.012056	0.00016356	4.85350000000003e-05	-0.000207484	0.0726625	0.0483587652	0.0369171367	0.0198094581	-0.0003385804	-0.0204346535	-0.0373944116	-0.0486148674	-0.0523739028	-0.0480945804	-0.0364336915	-0.0191809517	0.0010156846	0.0210564335	0.0378654364	0.048862844	0.0523607718	0.0478223571	0.0359441567	0.0185492395	-0.0016926191	-0.021674694	-0.0191088362	-0.0209818779	-0.0192377191	-0.0216000543	-0.0270211509	-0.0058788858	0.0359469402	0.01287676	-0.0730130387	0.0223815706	1.48842462831844	2.39715179633877	0.448081059024295	0.592443852028073
0.0611039	-0.0131847	-0.183529	0.0029473	0.000921733	0.000642411	-0.003323	-0.00850915	0.024839	-9.07399999999997e-05	-2.7461e-05	0	0.0425812	0.0482715996	0.0365955205	0.0191809517	-0.0012413539	-0.0214690046	-0.0383301323	-0.0491807684	-0.0523194405	-0.0472539781	-0.0347786889	-0.0168498047	0.0037212726	0.0237088227	0.0399786271	0.0499794418	0.0521430537	0.0461301902	0.0328837193	0.0144808008	-0.0061928308	-0.0258953737	-0.0175438735	0.0222498382	0.0322181237	0.0359601401	-0.0227277347	-0.0473930284	-0.0272661851	0.0435111369	0.0500243122	-0.0144070084	1.36309290657897	2.7129282516438	0.448081059024295	0.592443852028073
0.0573104	-0.0229803	-0.196986	0.00290608	0.00118735	0.000892412	-0.00379349999999999	-0.0097956	-0.013457	-4.12200000000002e-05	0.000265617	0.000250001	0.054888	0.0481835374	0.0362711858	0.0185492395	-0.0021437585	-0.0224933884	-0.0392402281	-0.0497019183	-0.0522027989	-0.0463423012	-0.0330591074	-0.0144808008	0.0064169112	0.0262868196	0.0419463399	0.0508872699	0.0516775313	0.044190547	0.0296255153	0.0103153331	-0.0106470671	-0.0299041152	-0.0076627504	-0.0516126388	-0.0293378551	-0.0586230156	0.0203935094	0.0437852972	0.0138807196	0.064128946	-0.0159934209	0.0323909588	1.29503036683537	2.924245035686	0.448081059024295	0.592443852028073
0.0644683	0.00615572	-0.161433	0.00253544	0.00118735	0.000642412	0.0071579	0.02913602	0.035553	-0.00037064	0	-0.00025	0.10287892	0.0480945804	0.0359441567	0.0179144269	-0.0030455261	-0.0235073292	-0.0401240904	-0.050177843	-0.0520241169	-0.0453609212	-0.03127814	-0.0120792627	0.0090953929	0.0287823352	0.0437614146	0.0515825363	0.0509664168	0.0420138333	0.02618914	0.0060807472	-0.0150222601	-0.0336681095	-0.0083462564	0.0303914461	0.0105953683	0.0346172384	0.00514497	-0.0020390832	0.0380334134	0.0005424335	-0.0115699432	-0.0373320049	1.16658893559626	2.09284039904946	0.448081059024295	0.592443852028073
0.0644676	-0.0229531	-0.15555	0.00280914	0.00118735	0.000655558	-7.00000000006251e-07	-0.02910882	0.005883	0.0002737	0	1.3146e-05	0.04933482	0.0480047303	0.0356144575	0.01727662	-0.0039463888	-0.0245103563	-0.0409811285	-0.0506081094	-0.0517836067	-0.044311314	-0.0294390937	-0.0096505858	0.0117495564	0.0311875391	0.0454172463	0.0520623368	0.0500130897	0.0396117264	0.0225952602	0.001805417	-0.0192859283	-0.0371565505	-0.0013057556	-0.0199181896	0.0341117663	-0.0205494891	0.0141570138	-0.0104662065	-0.0530259286	0.0077668705	0.0420483262	0.0233820457	0.989638880409198	1.4287117560582	0.448081059024295	0.592443852028073
0.0704717	-0.00906878	-0.187768	0.00290139	0.00118736	0.000623001	0.0060041	0.01388432	-0.032218	9.22499999999999e-05	9.99999999929009e-09	-3.2557e-05	0.05834727	0.0479139886	0.0352821126	0.0166359256	-0.0048460789	-0.0255020041	-0.0418107693	-0.050992326	-0.0514815542	-0.0431950583	-0.0275453833	-0.0072002268	0.0143723053	0.0334948844	0.0469078096	0.052324667	0.0488220806	0.0369971132	0.0188654898	-0.0024820104	-0.0234064185	-0.0403408874	0.0153796483	-0.0226877695	-0.0751327491	-0.0114312925	-0.011644658	0.0459439014	0.0382115802	-0.0303863606	-0.0284162099	0.0100024633	0.20508081223017	2.26992385553975	0.448081059024295	-1.68540061352814
0.0752278	-0.00244849	-0.190472	0.00253544	0.00118735	0.000623001	0.00475609999999997	0.00662029	-0.00270399999999998	-0.00036595	-9.99999999929009e-09	0	0.03237839	0.0478223571	0.0349471469	0.0159924506	-0.0057443291	-0.0264818121	-0.0426124582	-0.0513301431	-0.0511183183	-0.0420138333	-0.0256005252	-0.0047336909	0.0169566271	0.0356971313	0.0482276804	0.0523684314	0.0473990497	0.0341840202	0.0150222601	-0.006752807	-0.0273531403	-0.0431950583	-0.0461323144	0.0129698239	0.0324230829	-0.0066843166	-0.0052290891	-0.0798462757	0.0342508225	0.032014471	-0.0040479572	0.0050265777	-1.02495067066065	2.70619810051251	0.448081059024295	0.592443852028073
0.0833845	-0.0229574	-0.178428	0.00276566	0.00155426	0.000677703	0.00815670000000003	-0.02050891	0.012044	0.00023022	0.000366909999999999	5.4702e-05	0.07330121	0.0477298374	0.034609585	0.0153463027	-0.0066408724	-0.0274493255	-0.0433856593	-0.0516212534	-0.0506943307	-0.0407694154	-0.0236081307	-0.0022565198	0.0194956122	0.0377873696	0.0493720561	0.0521934471	0.0457507597	0.0311875391	0.0110886847	-0.0109783563	-0.0310967934	-0.0456957037	-0.0060238775	0.0562893559	-0.0364300093	-0.0157701228	-0.0162035739	-0.0139830376	-0.0043958216	-0.0040227607	-0.0224123217	-0.0396705004	-1.33697008795994	2.31709597003682	0.448081059024295	0.592443852028073
0.0701219	0.00906478	-0.215634	0.00289335	0.00134692	0.000623001	-0.0132626	0.03202218	-0.037206	0.00012769	-0.00020734	-5.4702e-05	0.10197738	0.0476364314	0.0342694522	0.0146975897	-0.0075354425	-0.0284040951	-0.0441298556	-0.051865392	-0.0502100954	-0.0394636764	-0.0215718994	0.0002257211	0.0219824722	0.0397590408	0.0503367722	0.0518004449	0.043885044	0.028023745	0.0070884207	-0.0151303447	-0.034609585	-0.0478223571	-0.0307540377	-0.0477657794	-0.0141583658	-0.0189608751	0.0040127548	0.0406842519	0.035278061	0.0429001267	-0.0570740921	0.0393238287	-0.783952088305968	0.799453900398636	0.448081059024295	0.592443852028073
0.0833492	-0.0276622	-0.234936	0.00292876	0.0013553	0.000623001	0.0132273	-0.03672698	-0.019302	3.541e-05	8.37999999999989e-06	0	0.07144578	0.0475421407	0.0339267737	0.0140464202	-0.0084277735	-0.0293456776	-0.0448445497	-0.0520623368	-0.0496661877	-0.0380985803	-0.0194956122	0.0027074549	0.024410558	0.0416059582	0.0511183183	0.0511910666	0.0418107693	0.024709611	0.0030455261	-0.0191809517	-0.0378654364	-0.0495576132	-0.0403464108	-0.0135796672	-0.0116636121	-0.0220575977	-0.0705633276	-0.0456761368	-0.0009510021	0.0098454988	-0.1039358975	-0.010716651	-0.6898242602303	0.61244860471507	0.448081059024295	0.592443852028073
0.0833636	-0.00652601	-0.237324	0.00319293	0.00144325	0.000623001	1.439999999997e-05	0.02113619	-0.00238799999999997	0.00026417	8.79500000000003e-05	0	0.04114459	0.047446967	0.0335815749	0.013392903	-0.0093176004	-0.0302736359	-0.0455292636	-0.0522119084	-0.0490632542	-0.0366761804	-0.0173831246	0.0051831058	0.0267733776	0.0433223267	0.0517138504	0.0503678575	0.0395377932	0.0212629165	-0.0010156846	-0.0231030362	-0.0408401761	-0.0508872699	-0.0663227435	-0.0025833596	-0.0066054012	-0.015346747	-0.0549313454	-0.0568088764	0.0308893342	0.0133339173	-0.0575921447	-0.0099009996	0.15025405719874	0.577047622314469	0.448081059024295	0.592443852028073
0.0723854	0.000696612	-0.194478	0.00312654	0.0013553	0.000623001	-0.0109782	0.007222622	0.042846	-6.63899999999999e-05	-8.79500000000003e-05	0	0.068763822	0.0473509122	0.0332338815	0.0127371473	-0.0102046586	-0.0311875391	-0.0461835398	-0.0523139709	-0.0484020114	-0.0351986159	-0.015238359	0.0076471118	0.0290646136	0.0449027607	0.0521212014	0.0493342563	0.0370769179	0.017702152	-0.0050707869	-0.0268703181	-0.0435117199	-0.0518004449	-0.0106980821	0.0356390059	-0.04187492	0.0270892493	-0.0319054227	-0.0190094767	0.0035859115	-0.0386941565	0.0049917436	-0.0361941682	0.369846338516906	0.334844552325415	0.448081059024295	0.592443852028073
0.083387	0.052578	-0.158962	0.00319293	0.00162873	0.000623001	0.0110016	0.051881388	0.035516	6.63899999999999e-05	0.00027343	0	0.115389988	0.0472539781	0.0328837193	0.0120792627	-0.0110886847	-0.0320869629	-0.0468069407	-0.0523684314	-0.0476832451	-0.0336681095	-0.0130652981	0.0100939368	0.03127814	0.0463423012	0.0523388891	0.0480945804	0.0344398384	0.0140464202	-0.0090953929	-0.0304575546	-0.0458602343	-0.0522896643	-0.0265354721	-0.059573064	0.0379439397	0.030177745	-0.0066882707	-0.0060309243	-0.0182248502	-0.0276060851	0.0427399371	0.078633352	0.399690849665391	0.281750018504871	0.448081059024295	0.592443852028073
0.0833493	-0.0644552	-0.215121	0.00361273	0.0013553	0.000623001	-3.77000000000016e-05	-0.1170332	-0.056159	0.0004198	-0.00027343	0	0.2078914	0.0471561663	0.0325311144	0.0114193591	-0.011969416	-0.0329714899	-0.0473990497	-0.0523752403	-0.0469078096	-0.0320869629	-0.0108679768	0.0125180835	0.0334080384	0.0476364314	0.0523661213	0.0466540082	0.0316390872	0.0103153331	-0.0130652981	-0.0338407093	-0.0478682839	-0.0523509242	-0.0242550053	-0.056127794	-0.0453509468	-0.0292888123	-0.0747991163	-0.0440468713	-0.0378402284	-0.0420333224	-0.0561454102	0.0529369185	0.458820224637596	0.268351294227948	0.448081059024295	0.592443852028073
0.0833493	0.0217244	-0.165052	0.00318937	0.0013553	0.000623001	0	0.0861796	0.050069	-0.00042336	0	0	0.1574166	0.0470574788	0.0321760928	0.010757547	-0.0128465907	-0.0338407093	-0.0479594708	-0.0523343914	-0.0460766263	-0.0304575546	-0.0086504753	0.0149141057	0.0354486142	0.0487810905	0.0522027989	0.045018557	0.0286879745	0.0065289069	-0.0169566271	-0.0369971132	-0.0495209612	-0.0519837232	-0.0203333795	-0.0428027772	-0.0006040548	-0.0061053758	-0.0751755269	-0.0288321424	0.0158106738	-0.061625472	0.0058580245	0.0663747239	0.672207865884333	0.212631375543537	0.448081059024295	0.592443852028073
0.0955344	-0.0475525	-0.183193	0.00338116	0.00194102	0.000623001	0.0121851	-0.0692769	-0.018141	0.00019179	0.00058572	0	0.1384785	0.0469579174	0.0318186811	0.0100939368	-0.0137199483	-0.0346942175	-0.0484878293	-0.0522459219	-0.0451906832	-0.0287823352	-0.0064169112	0.01727662	0.0373944116	0.049772687	0.0518495163	0.0431950583	0.0256005252	0.0027074549	-0.0207459769	-0.0399056168	-0.0508059967	-0.0511910666	-0.0095334004	0.0165719115	-0.0454764718	-0.0284405894	-0.0748978132	-0.044656507	-0.0116244447	-0.0763121089	-0.0346052704	-0.0203262054	0.511238014428045	0.357305244518474	0.448081059024295	0.592443852028073
0.0993447	0.00597995	-0.192736	0.00338116	0.00173413	0.000623001	0.0038103	0.05353245	-0.009543	0	-0.00020689	0	0.07723025	0.0468574839	0.0314589057	0.0094286395	-0.0145892291	-0.0355316183	-0.0489837722	-0.0521099123	-0.0442510332	-0.0270638244	-0.0041714317	0.0196003187	0.0392402281	0.0506081094	0.0513075588	0.0411911291	0.0223914121	-0.0011285219	-0.024410558	-0.0425467316	-0.0517138504	-0.0499794418	-0.0341556601	-0.0093114897	-0.0279580148	0.0614274126	-0.073755113	-0.0171266553	0.0313471191	-0.0715114649	-0.0228959954	0.0133055964	0.556762968034697	0.472902909815218	0.448081059024295	0.592443852028073
0.101721	-0.0525529	-0.17619	0.00345109	0.00199739	0.00036571	0.00237630000000001	-0.05853285	0.016546	6.99300000000002e-05	0.00026326	-0.000257291	0.1069792	0.0467561802	0.0310967934	0.0087617663	-0.015454175	-0.036352523	-0.0494469678	-0.0519264863	-0.0432587929	-0.025304607	-0.0019182066	0.0218799809	0.0409811285	0.0512847364	0.0505788988	0.03901514	0.0190758861	-0.0049584444	-0.0279283311	-0.0449027607	-0.0522377823	-0.0483587652	-0.0212070614	0.0235425924	0.0212479602	0.0464611055	-0.1010230543	-0.0690537652	-0.0389258656	-0.0293055701	-0.0052623822	0.0082091224	0.925138062279566	0.514333329813741	0.448081059024295	0.592443852028073
0.0997313	0.00503947	-0.134902	0.00338116	0.00233845	0.000623	-0.00198970000000001	0.05759237	0.041288	-6.99300000000002e-05	0.00034106	0.00025729	0.13428407	0.0466540082	0.030732371	0.0080934286	-0.016314529	-0.0371565505	-0.0498771065	-0.0516958108	-0.0422151417	-0.0235073292	0.0003385804	0.024110485	0.0426124582	0.0518004449	0.0496661877	0.0366761804	0.015669704	-0.0087617663	-0.03127814	-0.0469579174	-0.0523739028	-0.0463423012	-0.0075162736	-0.0749482748	-0.0139345921	0.0926468003	-0.0180927889	0.073711621	-0.0061370984	-0.0427776808	0.0450513559	0.0402963622	0.724545905233884	0.018208281515709	0.448081059024295	0.592443852028073
0.0969565	-0.00299868	-0.10793	0.00288432	0.00254595	3.15351e-05	-0.00277479999999999	-0.00803815	0.026972	-0.00049684	0.0002075	-0.0005914649	0.102575195	0.0465509697	0.0303656657	0.0074237382	-0.0171700353	-0.0379433273	-0.0502739006	-0.0514180959	-0.0411213197	-0.021674694	0.0025947387	0.0262868196	0.0441298556	0.0521536168	0.0485727468	0.0341840202	0.0121890533	-0.0125180835	-0.0344398384	-0.0486984311	-0.0521212014	-0.0439465533	-0.013470776	-0.0645030074	0.0593234429	-0.0450419819	-0.0204918813	0.0012027032	-0.0248821633	0.0139861047	-0.003472579	0.0520641448	0.626132466926865	0.58810959459222	0.448081059024295	0.592443852028073
0.101867	0.00985642	-0.130417	0.00338116	0.00292494	3.15351e-05	0.0049105	0.0128551	-0.022487	0.00049684	0.00037899	0	0.0840441	0.0464470668	0.0299967047	0.006752807	-0.0180204398	-0.0387124883	-0.050637085	-0.051093594	-0.0399786271	-0.0198094581	0.0048460789	0.0284040951	0.0455292636	0.0523431439	0.047302555	0.0315490697	0.0086504753	-0.0162072446	-0.0373944116	-0.0501126395	-0.0514815542	-0.0411911291	0.0247710899	-0.0017250181	-0.0661199571	-0.0184918604	-0.0134316788	0.0419609195	0.025088249	-0.0179044608	-0.0079572083	-0.004604407	0.453752446620511	0.703512147065983	0.448081059024295	0.592443852028073
0.0989095	0.0282822	-0.0900489	0.00284734	0.00318961	3.15351e-05	-0.0029575	0.01842578	0.0403681	-0.00053382	0.00026467	0	0.10167588	0.0463423012	0.0296255153	0.0060807472	-0.0188654898	-0.0394636764	-0.0509664168	-0.0507226006	-0.0387884217	-0.0179144269	0.0070884207	0.0304575546	0.0468069407	0.0523684314	0.0458602343	0.0287823352	0.0050707869	-0.0198094581	-0.0401240904	-0.0511910666	-0.0504597097	-0.0380985803	-0.0080478124	-0.0029040742	0.0544632735	0.0256551007	-0.0299930818	-0.0168632012	0.0286221207	0.0430917842	0.038134739	-0.0144390375	0.169659904868102	1.12624037398794	0.448081059024295	0.592443852028073
0.103084	-0.0517519	-0.121858	0.00338116	0.00284076	8.73786e-05	0.0041745	-0.0800341	-0.0318091	0.00053382	-0.00034885	5.58435e-05	0.162943375	0.046236675	0.0292521253	0.005407671	-0.0197049341	-0.0401965428	-0.0512616758	-0.0503054532	-0.0375521182	-0.0159924506	0.0093176004	0.0324425845	0.0479594708	0.0522294002	0.0442510332	0.0258953737	0.0014670001	-0.0233053991	-0.0426124582	-0.0519264863	-0.0490632542	-0.0346942175	0.00852348	0.0361480096	-0.0439870736	0.0491277102	-0.0027152422	0.0191953037	0.0026884098	0.010164174	0.07733987	-0.0728309072	0.352992783803986	2.04692615330317	0.448081059024295	0.592443852028073
0.1079	0.0174649	-0.076632	0.00363116	0.0028997	8.21116e-05	0.004816	0.0692168	0.045226	0.00025	5.894e-05	-5.267e-06	0.13496915	0.0461301902	0.0288765622	0.0047336909	-0.0205385235	-0.0409107473	-0.0515226647	-0.0498425313	-0.0362711858	-0.0140464202	0.0115294786	0.0343547251	0.0489837722	0.0519264863	0.0424808075	0.0229002443	-0.0021437585	-0.0266763128	-0.0448445497	-0.0523139709	-0.047302555	-0.0310059033	-0.0031333273	0.0041072532	0.0717730391	0.036095632	0.024504845	-0.0280267713	0.0270451976	-0.0100201625	0.0821695021	0.0119390746	0.61965734459085	2.70445136019574	0.448081059024295	0.592443852028073
0.10955	-0.0492804	-0.100549	0.00338116	0.00323459	9.48152e-06	0.00165	-0.0667453	-0.023917	-0.00025	0.00033489	-7.263008e-05	0.125188304	0.0460228486	0.028498854	0.0040589197	-0.0213660101	-0.0416059582	-0.0517492091	-0.0493342563	-0.0349471469	-0.0120792627	0.0137199483	0.0361896802	0.0498771065	0.0514606403	0.0405559987	0.0198094581	-0.0057443291	-0.0299041152	-0.0468069407	-0.0523509242	-0.0451906832	-0.0270638244	0.0237453	-0.0169153342	-0.0375453109	-0.0766357518	0.0149430535	0.0340374956	-0.019729687	-0.029929484	-0.0302716071	0.0040691499	0.437170489562957	0.898137167236336	0.448081059024295	0.592443852028073
0.125492	-0.0148434	-0.0974675	0.00353352	0.00295806	8.21115e-05	0.015942	0.034437	0.0030815	0.00015236	-0.00027653	7.262998e-05	0.078536499	0.0459146523	0.0281190288	0.0033834701	-0.0221871482	-0.0422818529	-0.0519411573	-0.0487810905	-0.0335815749	-0.0100939368	0.015884942	0.0379433273	0.050637085	0.0508333239	0.0384836111	0.0166359256	-0.0093176004	-0.0329714899	-0.0484878293	-0.0520370985	-0.0427433176	-0.0229002443	0.0040279393	-0.010143245	-0.0107862465	0.0432506637	0.0020163064	0.0088603663	0.058637836	-0.0435659987	-0.0388804331	-0.0319757568	-1.13424112102403	1.51097019121307	0.448081059024295	0.592443852028073
0.125477	-0.0407789	-0.0464974	0.00310521	0.00290543	8.21115e-05	-1.5000000000015e-05	-0.0259355	0.0509701	-0.00042831	-5.26300000000001e-05	0	0.1009676	0.0458056033	0.0277371148	0.0027074549	-0.0230016937	-0.0429381175	-0.0520983812	-0.0481835374	-0.0321760928	-0.0080934286	0.0180204398	0.0396117264	0.0512616758	0.0500465054	0.0362711858	0.013392903	-0.0128465907	-0.0358619813	-0.0498771065	-0.0513745965	-0.0399786271	-0.0185492395	0.0101918669	0.0541218577	0.0522736104	0.0244358347	-0.0086597306	-0.040102766	-0.0389162676	0.0182169905	0.0439561989	-0.0799313185	0.516326427174593	2.58368839711707	0.448081059024295	0.592443852028073
0.125489	-0.0404318	-0.0835337	0.00363116	0.00306609	0.000183084	1.2000000000012e-05	0.000347099999999996	-0.0370363	0.00052595	0.00016066	0.0001009725	0.076774525	0.0456957037	0.0273531403	0.0020309873	-0.0238094045	-0.0435744473	-0.0522207755	-0.0475421407	-0.030732371	-0.0060807472	0.0201224762	0.0411911291	0.0517492091	0.0491026536	0.0339267737	0.0100939368	-0.016314529	-0.0385600826	-0.0509664168	-0.0503678575	-0.0369171367	-0.0140464202	0.0060728876	-0.0171945243	-0.0248723305	0.0262434059	0.1073824728	0.0704806608	0.0062904967	0.016855907	0.0621772527	-0.030981998	0.534315728551076	2.64848135779382	0.448081059024295	0.592443852028073
0.140977	-0.0418373	-0.0343896	0.00318611	0.00312697	8.21115e-05	0.015488	-0.0014055	0.0491441	-0.00044505	6.08800000000001e-05	-0.0001009725	0.096382725	0.0455849554	0.0269671338	0.0013541801	-0.0246100408	-0.044190547	-0.0523082586	-0.0468574839	-0.0292521253	-0.0040589197	0.0221871482	0.042677987	0.0520983812	0.0480047303	0.0314589057	0.006752807	-0.0197049341	-0.0410513194	-0.0517492091	-0.049023627	-0.0335815749	-0.0094286395	0.0185939753	-0.0096706285	0.0912538783	-0.0627015296	0.0455634602	-0.0157818435	-0.0146354342	0.110414816	-0.0313557567	0.0225906462	0.576805424992769	1.11119373430499	0.448081059024295	0.592443852028073
0.153912	-0.0586342	-0.0721094	0.00338116	0.00281211	0.000150162	0.012935	-0.0167969	-0.0377198	0.00019505	-0.00031486	6.80505e-05	0.096349725	0.0454733605	0.0265791242	0.0006771467	-0.0254033645	-0.0447861304	-0.0523607718	-0.0461301902	-0.0277371148	-0.0020309873	0.0242106219	0.0440689593	0.0523082586	0.0467561802	0.0288765622	0.0033834701	-0.0230016937	-0.0433223267	-0.0522207755	-0.0473509122	-0.0299967047	-0.0047336909	0.040638271	0.0521847925	-0.0462208128	0.0091090691	0.0281342756	0.0150119055	-0.0099049921	-0.004049261	0.0094009977	-0.0826347771	0.538906398161248	1.18456759947648	0.448081059024295	0.592443852028073
0.159103	-0.0222713	-0.0721103	0.00296539	0.00254595	0.000109981	0.005191	0.0363629	-9.00000000012002e-07	-0.00041577	-0.00026616	-4.0181e-05	0.07766035	0.0453609212	0.02618914	0	-0.02618914	-0.0453609212	-0.0523782801	-0.0453609212	-0.02618914	0	0.02618914	0.0453609212	0.0523782801	0.0453609212	0.02618914	0	-0.02618914	-0.0453609212	-0.0523782801	-0.0453609212	-0.02618914	0	-0.0060709985	0.0111460941	0.0200504197	0.0684724516	0.0768272271	0.0112758132	0.0188626197	-0.0502126214	0.0455630435	0.0008636814	-2.05347091450158	1.15482660751235	0.448081059024295	0.592443852028073
0.166689	-0.0300734	-0.0586559	0.00346931	0.00282562	0.000176093	0.00758600000000001	-0.0078021	0.0134544	0.00050392	0.00027967	6.6112e-05	0.0713276	0.0452476394	0.0257972105	-0.0006771467	-0.0269671338	-0.0459146523	-0.0523607718	-0.0445503769	-0.0246100408	0.0020309873	0.0281190288	0.0465509697	0.0523082586	0.043823331	0.0234064185	-0.0033834701	-0.0292521253	-0.0471561663	-0.0522207755	-0.0430669878	-0.0221871482	0.0047336909	0.0030951135	-0.0001556844	0.0575486146	-0.0304038243	0.0810017495	-0.004025891	-0.0504031365	-0.002566312	0.0248184547	0.0246442408	0.405590709205695	1.15007761354177	0.448081059024295	-1.68540061352814
0.166714	-0.0554372	-0.0754917	0.0034129	0.00269819	0.000181541	2.49999999999973e-05	-0.0253638	-0.0168358	-5.64100000000002e-05	-0.00012743	5.44799999999999e-06	0.051689	0.0451335173	0.0254033645	-0.0013541801	-0.0277371148	-0.0464470668	-0.0523082586	-0.043699295	-0.0230016937	0.0040589197	0.0299967047	0.0476364314	0.0520983812	0.0421482344	0.0205385235	-0.006752807	-0.0321760928	-0.0486984311	-0.0517492091	-0.0404844828	-0.0180204398	0.0094286395	0.0259352614	0.0364614369	-0.032337031	-0.0529687245	0.0718335141	0.0225879018	0.0247363035	0.0314798591	-0.0240629999	-0.0196197519	1.25855318440294	1.15852299614314	-2.22840312389761	-1.68540061352814
0.15051	-0.0215779	-0.0403392	0.00296539	0.00265552	4.96976e-06	-0.016204	0.0338593	0.0351525	-0.00044751	-4.26699999999999e-05	-0.00017657124	0.118553362	0.045018557	0.0250076315	-0.0020309873	-0.028498854	-0.0469579174	-0.0522207755	-0.0428084497	-0.0213660101	0.0060807472	0.0318186811	0.0486148674	0.0517492091	0.0403408874	0.0175958911	-0.0100939368	-0.0349471469	-0.0499794418	-0.0509664168	-0.0376307102	-0.0137199483	0.0140464202	0.0124397894	0.0622480612	0.0446006831	0.0278270875	0.0552652709	-0.0200128777	0.0032450712	0.0235249536	0.0155038651	-0.0503965903	0.925699940385895	1.02867017372943	-2.22840312389761	-1.68540061352814
0.149845	-0.0382222	-0.0817973	0.0038812	0.00237566	4.9707e-06	-0.000664999999999971	-0.0166443	-0.0414581	0.00091581	-0.00027986	9.3999999999969e-10	0.118550947	0.0449027607	0.0246100408	-0.0027074549	-0.0292521253	-0.047446967	-0.0520983812	-0.0418786518	-0.0197049341	0.0080934286	0.0335815749	0.0494840794	0.0512616758	0.0384069609	0.0145892291	-0.013392903	-0.0375521182	-0.050992326	-0.0498771065	-0.0345247919	-0.0093176004	0.0185492395	0.0314909647	0.002682639	-0.0163916468	-0.0570515786	0.100758713	0.0833180737	-0.015350175	0.1000071636	0.0387909045	-0.0239559062	0.519146692766361	1.05220399163702	-2.22840312389761	-1.68540061352814
0.159624	-0.0169128	-0.0802996	0.00345947	0.00249395	0.000227911	0.00977899999999998	0.0213094	0.00149769999999999	-0.00042173	0.00011829	0.0002229403	0.070734115	0.0447861304	0.0242106219	-0.0033834701	-0.0299967047	-0.0479139886	-0.0519411573	-0.0409107473	-0.0180204398	0.0100939368	0.0352821126	0.0502421146	0.050637085	0.036352523	0.0115294786	-0.0166359256	-0.0399786271	-0.0517316498	-0.0484878293	-0.0311875391	-0.0048460789	0.0229002443	0.0061707696	0.0274472711	-0.0010972653	-0.0140028568	0.0149685489	-0.0067008997	0.0427941317	0.0530239819	-0.0420950233	-0.0020944134	0.236615698108465	0.942443214054379	-2.22840312389761	-1.68540061352814
0.182955	-0.0675406	-0.0804045	0.00327413	0.00200745	0.000227911	0.023331	-0.0506278	-0.000104899999999977	-0.00018534	-0.0004865	0	0.1076557	0.0446686685	0.0238094045	-0.0040589197	-0.030732371	-0.0483587652	-0.0517492091	-0.0399056168	-0.016314529	0.0120792627	0.0369171367	0.0508872699	0.0498771065	0.0341840202	0.0084277735	-0.0198094581	-0.0422151417	-0.0521934471	-0.0468069407	-0.0276413132	-0.0003385804	0.0270638244	-0.0034968975	0.0444300094	0.0135315178	-0.0183619239	-0.043939118	-0.0245345455	-0.0531902972	0.0085358197	0.0294240987	0.0299586919	0.560124477003331	1.29270972144285	-2.22840312389761	-1.68540061352814
0.180716	-0.0471987	-0.107214	0.00357941	0.00245012	0.000227911	-0.00223899999999999	0.0203419	-0.0268095	0.00030528	0.00044267	0	0.0867879	0.0445503769	0.0234064185	-0.0047336909	-0.0314589057	-0.0487810905	-0.0515226647	-0.0388641751	-0.0145892291	0.0140464202	0.0384836111	0.0514180959	0.0489837722	0.0319082567	0.0052954007	-0.0229002443	-0.0442510332	-0.0523752403	-0.0448445497	-0.0239098759	0.0041714317	0.0310059033	0.0050018895	-0.050680605	-0.0499196258	-0.0102425182	0.0026067749	0.0671780363	0.0116120129	0.0230391854	-0.0233462944	0.0360482041	0.395024333482057	1.23953546542816	0.448081059024295	-1.68540061352814
0.183049	-0.0409464	-0.0620239	0.00327219	0.00200744	0.000137417	0.00233299999999997	0.0062523	0.0451901	-0.00030722	-0.00044268	-9.0494e-05	0.0957951	0.044431258	0.0230016937	-0.005407671	-0.0321760928	-0.0491807684	-0.0512616758	-0.0377873696	-0.0128465907	0.0159924506	0.0399786271	0.0518333998	0.0479594708	0.0295323731	0.0021437585	-0.0258953737	-0.0460766263	-0.0522760543	-0.0426124582	-0.0200182296	0.0086504753	0.0346942175	0.0027249757	-0.0183014911	0.0175478187	0.0090971665	-0.0265683206	0.0012342268	0.0187166881	-0.0292240409	0.028242991	0.0167514989	-0.243100213604424	2.85332764264197	0.448081059024295	0.592443852028073
0.194637	-0.093917	-0.0802827	0.00402156	0.00200744	0.000227911	0.011588	-0.0529706	-0.0182588	0.000749370000000001	0	9.0494e-05	0.1248106	0.044311314	0.0225952602	-0.0060807472	-0.0328837193	-0.0495576132	-0.0509664168	-0.0366761804	-0.0110886847	0.0179144269	0.0413994086	0.0521322486	0.0468069407	0.0270638244	-0.0010156846	-0.0287823352	-0.0476832451	-0.051896421	-0.0401240904	-0.0159924506	0.0130652981	0.0380985803	-0.0020560412	0.0638841186	-0.0278715455	0.0099598235	-0.00759202	-0.0272525398	-0.0076228123	-0.0329597561	-0.0012400179	-0.0308664063	-0.618771636648404	1.31855237399002	-2.22840312389761	0.592443852028073
0.207855	-0.0266331	-0.0480908	0.00342771	0.00200744	0.000227911	0.013218	0.0672839	0.0321919	-0.00059385	0	0	0.1423863	0.044190547	0.0221871482	-0.006752807	-0.0335815749	-0.04991145	-0.050637085	-0.0355316183	-0.0093176004	0.0198094581	0.0427433176	0.0523139709	0.0455292636	0.0245103563	-0.0041714317	-0.0315490697	-0.0490632542	-0.0512383773	-0.0373944116	-0.0118595137	0.0173831246	0.0411911291	0.0126831416	-0.0142940445	0.0348036463	0.0477829626	0.0294530788	-0.0044912966	-0.0043167552	-0.0335147029	0.0331857013	0.0034079443	0.248715457309376	0.009361802826523	-2.22840312389761	0.592443852028073
0.207812	-0.0754614	-0.0675606	0.00363493	0.0021729	0.000534852	-4.30000000000153e-05	-0.0488283	-0.0194698	0.00020722	0.00016546	0.000306941	0.10232215	0.0440689593	0.021777388	-0.0074237382	-0.0342694522	-0.0502421146	-0.0502739006	-0.0343547251	-0.0075354425	0.021674694	0.0440078585	0.0523781585	0.0441298556	0.0218799809	-0.0073119995	-0.0341840202	-0.0502100954	-0.0503054532	-0.0344398384	-0.0076471118	0.0215718994	0.0439465533	0.0348334217	-0.0118166683	-0.0210917442	-0.0620332301	0.0137864548	0.0029246316	-0.0288394297	-0.0075089458	-0.0456408065	0.0399613541	0.636104897059197	0.420532286980942	0.448081059024295	0.592443852028073
0.207776	-0.0306894	-0.0596696	0.00321232	0.00200744	0.00045483	-3.59999999999805e-05	0.044772	0.00789100000000001	-0.00042261	-0.00016546	-8.0022e-05	0.0861036	0.0439465533	0.0213660101	-0.0080934286	-0.0349471469	-0.0505494535	-0.0498771065	-0.0331465714	-0.0057443291	0.0235073292	0.0451906832	0.052324667	0.0426124582	0.0191809517	-0.0104259597	-0.0366761804	-0.0511183183	-0.0491026536	-0.03127814	-0.0033834701	0.0256005252	0.0463423012	0.0148315291	0.0070448832	-0.0122225275	0.0504189957	0.0080811204	-0.0128072604	0.0220578156	-0.0557605478	-0.0125821883	-0.0544200443	0.435428806857185	0.738370430990036	0.448081059024295	0.592443852028073
0.207754	-0.0464267	-0.0410524	0.00338769	0.00195348	0.000665461	-2.2000000000022e-05	-0.0157373	0.0186172	0.00017537	-5.396e-05	0.000210631	0.05637455	0.043823331	0.0209530451	-0.0087617663	-0.0356144575	-0.0508333239	-0.0494469678	-0.0319082567	-0.0039463888	0.025304607	0.0462895956	0.0521536168	0.0409811285	0.0164217376	-0.0135019809	-0.03901514	-0.0517836067	-0.0476364314	-0.0279283311	0.0009028426	0.0294390937	0.0483587652	0.0113840469	0.0661182312	0.0405681402	-0.052650531	0.0160338473	-0.0431566556	-0.0579985383	0.012285161	0.0261532093	-0.0152131578	-0.073860297196519	0.587286522763417	0.448081059024295	-1.68540061352814
0.209818	-0.0464782	-0.123799	0.00370169	0.00209446	0.000667295	0.00206399999999998	-5.1499999999996e-05	-0.0827466	0.000314	0.00014098	1.83399999999993e-06	0.1077028	0.043699295	0.0205385235	-0.0094286395	-0.0362711858	-0.051093594	-0.0489837722	-0.0306409077	-0.0021437585	0.0270638244	0.047302555	0.051865392	0.0392402281	0.0136109962	-0.01652887	-0.0411911291	-0.0522027989	-0.0459146523	-0.024410558	0.0051831058	0.0330591074	0.0499794418	-0.0057789541	-0.031444169	-0.0462168698	-0.0138228751	0.0412353712	0.0422286926	0.0108426716	-0.0017534622	-0.0202435416	0.0233903377	-0.530205147010765	0.019218643755505	0.448081059024295	0.592443852028073
0.207815	-0.0463675	-0.108251	0.00341188	0.00211737	0.000354807	-0.00200299999999998	0.000110699999999998	0.015548	-0.00028981	2.29100000000001e-05	-0.000312488	0.0489221	0.0435744473	0.0201224762	-0.0100939368	-0.0369171367	-0.0513301431	-0.0484878293	-0.0293456776	-0.0003385804	0.0287823352	0.0482276804	0.0514606403	0.0373944116	0.010757547	-0.0194956122	-0.0431950583	-0.0523739028	-0.0439465533	-0.0207459769	0.0094286395	0.0364336915	0.0511910666	-0.0249178437	-0.0049364945	0.042302478	-0.0162287341	0.0040845095	-0.0175993342	0.0300056633	0.0381781694	0.0048588657	0.0061372565	-0.348399238055159	0.088960387033338	0.448081059024295	0.592443852028073
0.20774	-0.0917124	-0.103036	0.0035387	0.00222033	0.000887535	-7.49999999999917e-05	-0.0453449	0.00521500000000001	0.00012682	0.00010296	0.000532728	0.0887603	0.0434487905	0.0197049341	-0.010757547	-0.0375521182	-0.0515428613	-0.0479594708	-0.028023745	0.0014670001	0.0304575546	0.0490632542	0.050940271	0.0354486142	0.0078703433	-0.0223914121	-0.045018557	-0.0522961052	-0.0417426926	-0.0169566271	0.0136109962	0.0395377932	0.0519837232	-0.010121752	0.0586130616	-0.034840498	-0.0080912518	0.0298346702	-0.0031256763	0.0029293551	0.0116207569	0.0283078572	-0.0511162447	-0.408396665903295	0.20566608252629	0.448081059024295	0.592443852028073
0.20781	-0.0458888	-0.12377	0.00362792	0.00221818	0.00053836	6.99999999999867e-05	0.0458236	-0.020734	8.92200000000001e-05	-2.14999999999981e-06	-0.000349175	0.08865485	0.0433223267	0.0192859283	-0.0114193591	-0.0381759417	-0.0517316498	-0.0473990497	-0.0266763128	0.0032708371	0.0320869629	0.0498077248	0.0503054532	0.0334080384	0.0049584444	-0.0252057321	-0.0466540082	-0.0519697758	-0.0393148935	-0.0130652981	0.017702152	0.0423483678	0.0523509242	-0.0361202577	-0.0114742635	-0.0175781354	0.0374640469	0.0636930453	0.0022942505	0.0231004033	-0.0396207365	0.0254530406	-0.0013920888	-0.630968434847331	1.63537210636639	0.448081059024295	0.592443852028073
0.207805	-0.0668901	-0.105608	0.00321232	0.00245836	0.000585534	-4.99999999997725e-06	-0.0210013	0.018162	-0.0004156	0.00024018	4.7174e-05	0.074316	0.0431950583	0.0188654898	-0.0120792627	-0.0387884217	-0.051896421	-0.0468069407	-0.025304607	0.0050707869	0.0336681095	0.0504597097	0.0495576132	0.03127814	0.0020309873	-0.0279283311	-0.0480945804	-0.0513964655	-0.0366761804	-0.0090953929	0.021674694	0.0448445497	0.0522896643	-0.0063653364	-0.0006008968	0.0507267181	-0.0548406769	0.0028413656	-0.0380054255	-0.0141941076	0.082589487	-0.0185297029	0.0574124347	-1.59278719454615	1.40903290345394	0.448081059024295	0.592443852028073
0.213757	-0.0669769	-0.0998187	0.00349642	0.00230051	0.000887535	0.00595199999999999	-8.67999999999841e-05	0.0057893	0.0002841	-0.00015785	0.000302001	0.0490256500000001	0.0430669878	0.0184436498	-0.0127371473	-0.0393893764	-0.0520370985	-0.0461835398	-0.0239098759	0.0068647103	0.0351986159	0.0510179984	0.0486984311	0.0290646136	-0.0009028426	-0.030549302	-0.0493342563	-0.0505788988	-0.0338407093	-0.0050707869	0.0255020041	0.0470078072	0.0518004449	0.0050124828	0.0613494869	-0.0217028959	-0.0311460846	0.0031433921	-0.0138772155	0.0188387499	0.01167177	-0.0102986295	-0.0794036279	-2.28520506102267	2.32529003803542	0.448081059024295	0.592443852028073
0.217374	-0.0468862	-0.137008	0.00369403	0.00251807	0.000887535	0.00361699999999998	0.0200907	-0.0371893	0.00019761	0.00021756	0	0.0816555	0.0429381175	0.0180204398	-0.013392903	-0.0399786271	-0.0521536168	-0.0455292636	-0.0224933884	0.0086504753	0.0366761804	0.0514815542	0.0477298374	0.0267733776	-0.0038338396	-0.0330591074	-0.0503678575	-0.0495209612	-0.0308236917	-0.0010156846	0.0291584371	0.0488220806	0.0508872699	-0.0166145858	-0.0260494304	-0.0403217411	0.0342943427	0.0589165968	0.03239061	0.0501745931	-0.0307803508	0.0038556866	0.0141132424	-2.01059919671712	0.043731960979116	0.448081059024295	0.592443852028073
0.227892	-0.0375407	-0.0925514	0.00333282	0.00270758	0.000887535	0.010518	0.0093455	0.0444566	-0.00036121	0.00018951	0	0.0918561	0.0428084497	0.0175958911	-0.0140464202	-0.0405559987	-0.0522459219	-0.0448445497	-0.0210564335	0.0104259597	0.0380985803	0.0518495163	0.0466540082	0.024410558	-0.006752807	-0.0354486142	-0.0511910666	-0.0482276804	-0.0276413132	0.0030455261	0.0326194932	0.0502739006	0.0495576132	-0.0062189091	-0.0174438085	0.0672340636	-0.0523665523	-0.0311542051	0.0055168315	-0.0321041695	0.0899175664	-0.0415168179	0.052372335	-0.274945735815449	0.006775823152277	0.448081059024295	-1.68540061352814
0.246485	-0.0669713	-0.118325	0.0043032	0.00229317	0.000887535	0.018593	-0.0294306	-0.0257736000000001	0.00097038	-0.00041441	0	0.1430367	0.042677987	0.0171700353	-0.0146975897	-0.0411213197	-0.0523139709	-0.0441298556	-0.0196003187	0.0121890533	0.0394636764	0.0521212014	0.0454733605	0.0219824722	-0.0096505858	-0.0377091275	-0.0518004449	-0.0467052026	-0.0243106464	0.0070884207	0.0358619813	0.051352489	0.0478223571	0.0178398577	0.0271951921	-0.0476369856	0.0379016628	-0.044669331	0.0143261193	-0.0078554184	-0.0250228221	-0.0028840108	-0.0727621957	0.299173505496212	0.641685644499013	0.448081059024295	0.592443852028073
0.247929	-0.0246589	-0.061822	0.00331309	0.00222716	0.00100804	0.001444	0.0423124	0.0565030000000001	-0.00099011	-6.601e-05	0.000120505	0.15909065	0.0425467316	0.016742904	-0.0153463027	-0.0416744222	-0.0523577323	-0.0433856593	-0.018126369	0.0139376608	0.0407694154	0.0522961052	0.044190547	0.0194956122	-0.0125180835	-0.0398324213	-0.0521934471	-0.0449607632	-0.0208495594	0.0110886847	0.0388641751	0.0520498384	0.0456957037	-0.0043287858	-0.0264797368	0.042698443	0.041664673	0.0169209832	0.0071606221	0.0228765118	-0.0127508063	0.0639209956	0.0280649403	0.397102864203932	1.24255734061216	0.448081059024295	0.592443852028073
0.258724	-0.0976247	-0.0680509	0.00381771	0.00248984	0.000955268	0.010795	-0.0729658	-0.00622889999999998	0.00050462	0.00026268	-5.2772e-05	0.1309933	0.0424146861	0.016314529	-0.0159924506	-0.0422151417	-0.0523771858	-0.0426124582	-0.0166359256	0.015669704	0.0420138333	0.0523739028	0.0428084497	0.0169566271	-0.0153463027	-0.0418107693	-0.0523684314	-0.0430026525	-0.01727662	0.0150222601	0.0416059582	0.0523607718	0.0431950583	0.0577917965	0.0095068426	-0.0310551036	-0.0644492855	-0.0239835387	0.0022863936	-0.0699236344	-0.0447289765	-0.0340491058	0.0058082561	0.419116774368826	1.21299916947989	0.448081059024295	0.592443852028073
0.26293	-0.0550869	-0.0897668	0.00356771	0.00236445	0.000887535	0.00420600000000004	0.0425378	-0.0217159	-0.00025	-0.00012539	-6.77330000000002e-05	0.09061585	0.0422818529	0.015884942	-0.0166359256	-0.0427433176	-0.0523723222	-0.0418107693	-0.0151303447	0.0173831246	0.0431950583	0.0523544498	0.0413301739	0.0143723053	-0.018126369	-0.0436369724	-0.052324667	-0.0408401761	-0.0136109962	0.0188654898	0.0440689593	0.0522829807	0.0403408874	0.017609353	-0.0135312784	-0.0235552575	0.0975459884	0.0019630632	0.0303796368	0.0088551221	-0.0838219738	0.0202486693	0.0063462227	0.551029580568576	1.20265360095568	0.448081059024295	0.592443852028073
0.269289	-0.0661418	-0.0450018	0.00312908	0.00263245	0.000887535	0.006359	-0.0110549	0.044765	-0.00043863	0.000268	0	0.0975104	0.0421482344	0.015454175	-0.01727662	-0.0432587929	-0.0523431439	-0.0409811285	-0.0136109962	0.0190758861	0.044311314	0.0522377823	0.0397590408	0.0117495564	-0.0208495594	-0.0453043854	-0.0520623368	-0.0384836111	-0.009872353	0.0225952602	0.046236675	0.0518170426	0.0371565505	0.0052690545	-0.0454922264	0.0934564451	-0.0050160798	-0.0103421426	-0.0010600565	-0.0529112223	0.0417687511	0.0075437744	0.0798446298	0.144054436385829	1.01043486288555	0.448081059024295	0.592443852028073
0.274899	-0.0661732	-0.061662	0.00356771	0.00258625	0.000948887	0.00561	-3.14000000000009e-05	-0.0166602	0.00043863	-4.62000000000002e-05	6.13520000000001e-05	0.0496107	0.0420138333	0.0150222601	-0.0179144269	-0.0437614146	-0.0522896643	-0.0401240904	-0.0120792627	0.0207459769	0.0453609212	0.0520241169	0.0380985803	0.0090953929	-0.0235073292	-0.0468069407	-0.0515825363	-0.0359441567	-0.0060807472	0.02618914	0.0480945804	0.0509664168	0.0336681095	0.0624146009	0.0065620392	-0.0529127445	-0.0468473084	0.012219479	0.0437873684	0.0112372019	0.0526940399	-0.0244757092	-0.0470909691	0.393648220105018	0.95024764785452	0.448081059024295	0.592443852028073
0.282523	-0.0398534	-0.0616675	0.00336918	0.00262065	0.000830398	0.00762400000000002	0.0263198	-5.49999999999162e-06	-0.00019853	3.44e-05	-0.000118489	0.0515202500000001	0.0418786518	0.0145892291	-0.0185492395	-0.0442510332	-0.0522119084	-0.0392402281	-0.0105365379	0.0223914121	0.0463423012	0.0517138504	0.036352523	0.0064169112	-0.0260913389	-0.0481391707	-0.0508872699	-0.0332338815	-0.0022565198	0.0296255153	0.0496302266	0.0497374181	0.0299041152	0.0198543534	0.0348877785	0.0279478249	0.0374657682	0.0156028607	0.0057027991	0.0220859828	-0.0019501639	-0.0065459017	0.0139815164	-2.53740774378048	0.663108324281697	0.448081059024295	-1.68540061352814
0.278673	-0.0653947	-0.0616359	0.00328035	0.00280394	0.000970302	-0.00385000000000002	-0.0255413	3.15999999999927e-05	-8.88299999999998e-05	0.00018329	0.000139904	0.0500241	0.0417426926	0.0141551145	-0.0191809517	-0.0447275033	-0.0521099123	-0.0383301323	-0.0089842256	0.0240102362	0.0472539781	0.0513075588	0.0345247919	0.0037212726	-0.0285934806	-0.0492962274	-0.0499794418	-0.0303656657	0.0015798132	0.0328837193	0.0508333239	0.0481391707	0.0258953737	0.0352735518	-0.0443104737	0.0494912724	-0.0540104092	-0.0289973337	-0.0142542629	-0.0892394299	-0.0307063502	-0.0429208819	0.0739036773	-0.019419467375589	0.640819704399836	-2.22840312389761	-1.68540061352814
0.291981	-0.0733305	-0.105107	0.00356771	0.00256585	0.000887535	0.013308	-0.00793579999999999	-0.0434711	0.00028736	-0.00023809	-8.27670000000001e-05	0.09512575	0.0416059582	0.0137199483	-0.0198094581	-0.0451906832	-0.0519837232	-0.0373944116	-0.0074237382	0.0256005252	0.0480945804	0.0508059967	0.0326194932	0.0010156846	-0.0310059033	-0.0502739006	-0.048862844	-0.0273531403	0.005407671	0.0359441567	0.0516958108	0.0461835398	0.021674694	0.0246671583	0.0105945918	-0.0719515012	0.025681636	-0.0495007772	0.0215041463	0.0145706213	-0.0250277066	-0.0405259758	-0.03647045	0.604735367864303	0.685725198822554	-2.22840312389761	-1.68540061352814
0.293413	-0.0657781	-0.0886126	0.00356771	0.00246398	0.000887535	0.00143200000000004	0.00755239999999999	0.0164944	0	-0.00010187	0	0.0305723	0.0414684511	0.0132837629	-0.0204346535	-0.0456404355	-0.0518333998	-0.0364336915	-0.0058564958	0.0271603893	0.048862844	0.0502100954	0.0306409077	-0.0016926191	-0.0333210373	-0.0510686325	-0.0475421407	-0.0242106219	0.009206518	0.0387884217	0.0522119084	0.043885044	0.01727662	0.0077857755	-0.047648465	0.0285314765	0.0564415449	-0.0124162242	0.0155585442	0.0060944034	-0.0403671577	0.0443975357	0.0314065051	-1.23464636841964	0.550015904778546	-2.22840312389761	-1.68540061352814
0.308151	-0.110636	-0.103829	0.00364897	0.00274784	0.0011877	0.014738	-0.0448579	-0.0152164	8.12600000000001e-05	0.00028386	0.000300165	0.10807655	0.0413301739	0.0128465907	-0.0210564335	-0.0460766263	-0.0516590118	-0.0354486142	-0.0042839244	0.0286879745	0.0495576132	0.0495209612	0.0285934806	-0.0043963972	-0.0355316183	-0.0516775313	-0.0460228486	-0.0209530451	0.0129559745	0.0413994086	0.0523781585	0.0412607473	0.0127371473	0.0335983949	-0.002595451	-0.020954208	-0.0486726175	-0.0608238851	-0.0227921495	-0.0589790084	-0.0334786485	-0.0693612049	0.0141460092	-1.99111164667299	0.088991396521949	-2.22840312389761	0.592443852028073
0.308167	-0.0790393	-0.115324	0.00366409	0.00292596	0.00115961	1.6000000000016e-05	0.0315967	-0.011495	1.512e-05	0.00017812	-2.80900000000001e-05	0.0541742	0.0411911291	0.0124084642	-0.021674694	-0.0464991262	-0.0514606403	-0.0344398384	-0.0027074549	0.0301814655	0.050177843	0.048739874	0.0264818121	-0.0070884207	-0.0376307102	-0.0520983812	-0.044311314	-0.0175958911	0.0166359256	0.0437614146	0.0521934471	0.0383301323	0.0080934286	0.0027506116	-0.0334090002	-0.0153229744	0.0966563988	0.0071070858	0.0185484425	0.0206882811	-0.1073986207	0.0645906806	0.0185302393	0.102106262168697	0.475735456947824	-2.22840312389761	0.592443852028073
0.308202	-0.114665	-0.104385	0.00391339	0.0031	0.00105887	3.49999999999517e-05	-0.0356257	0.010939	0.0002493	0.00017404	-0.00010074	0.0728036999999999	0.0410513194	0.011969416	-0.0222893319	-0.0469078096	-0.0512383773	-0.0334080384	-0.0011285219	0.0316390872	0.0507226006	0.0478682839	0.0243106464	-0.0097614921	-0.0396117264	-0.0523296507	-0.0424146861	-0.0141551145	0.0202266294	0.0458602343	0.0516590118	0.0351149558	0.0033834701	-0.0083128528	-0.0466262549	0.0706556437	-0.0467582996	-0.0301945468	-0.045241043	-0.0349391821	0.0360901606	0.0055242187	0.0644234388	-0.824134041220127	1.68188725239543	-2.22840312389761	0.592443852028073
0.314374	-0.124596	-0.141637	0.0041314	0.00292596	0.00131745	0.00617200000000001	-0.009931	-0.037252	0.000218009999999999	-0.00017404	0.00025858	0.0858865	0.0409107473	0.0115294786	-0.0229002443	-0.047302555	-0.050992326	-0.032353904	0.0004514381	0.0330591074	0.0511910666	0.0469078096	0.0220848615	-0.0124084642	-0.0414684511	-0.0523704984	-0.0403408874	-0.0106470671	0.0237088227	0.0476832451	0.0507784337	0.0316390872	-0.0013541801	0.0152018177	0.0365713099	-0.0580426541	0.0002537172	-0.0109915872	0.0352830945	-0.0020631068	0.0199810637	-0.0090987101	-0.0669612263	0.452183928333612	1.97559972762033	-2.22840312389761	-1.68540061352814
0.310483	-0.0821791	-0.149935	0.00414596	0.00292596	0.00102662	-0.00389099999999998	0.0424169	-0.008298	1.45600000000003e-05	0	-0.00029083	0.0698753999999999	0.0407694154	0.0110886847	-0.0235073292	-0.0476832451	-0.0507226006	-0.03127814	0.0020309873	0.0344398384	0.0515825363	0.0458602343	0.0198094581	-0.0150222601	-0.0431950583	-0.0522207755	-0.0380985803	-0.0070884207	0.0270638244	0.0492194833	0.0495576132	0.0279283311	-0.0060807472	-0.024846209	-0.0588224305	0.0070662782	-0.0180518106	0.0035415914	0.0244689554	0.0445370419	0.0264259315	-0.0250574272	0.0630689616	-0.652362745432938	1.39070310627802	0.448081059024295	0.592443852028073
0.310365	-0.121304	-0.141592	0.00399861	0.00317312	0.000947402	-0.000118000000000007	-0.0391249	0.00834299999999999	-0.00014735	0.00024716	-7.9218e-05	0.0712723	0.0406273263	0.0106470671	-0.024110485	-0.0480497669	-0.0504293264	-0.0301814655	0.0036086884	0.0357796393	0.051896421	0.0447275033	0.0174895484	-0.0175958911	-0.0447861304	-0.051881027	-0.0356971313	-0.0034960873	0.0302736359	0.0504597097	0.0480047303	0.0240102362	-0.010757547	-0.0256648795	0.0448341173	0.0044678481	0.0194349275	-0.0663375574	-0.0700950607	-0.0352461697	-0.0372367456	-0.0080604526	-0.0533692122	-1.9847148805394	1.12264894912976	0.448081059024295	0.592443852028073
0.30819	-0.116193	-0.179223	0.00433847	0.00352586	0.000975637	-0.00217499999999998	0.00511099999999999	-0.037631	0.00033986	0.00035274	2.8235e-05	0.08095875	0.0404844828	0.0102046586	-0.024709611	-0.0484020114	-0.0501126395	-0.0290646136	0.0051831058	0.0370769179	0.0521322486	0.0435117199	0.0151303447	-0.0201224762	-0.046236675	-0.051352489	-0.0331465714	0.0001128608	0.0333210373	0.0513964655	0.0461301902	0.0199138901	-0.0153463027	-0.045873058	-0.0731101162	-0.0198434593	0.0412912367	0.0188017877	0.0453300256	0.010679224	0.0195460762	0.0339804625	0.0471912601	0.081537340761618	1.79340304796575	0.448081059024295	-1.68540061352814
0.308612	-0.117456	-0.136751	0.00394014	0.0035036	0.000895619	0.000421999999999978	-0.00126299999999999	0.042472	-0.00039833	-2.22600000000001e-05	-8.00180000000002e-05	0.0691874	0.0403408874	0.0097614921	-0.025304607	-0.048739874	-0.049772687	-0.0279283311	0.006752807	0.0383301323	0.0522896643	0.0422151417	0.0127371473	-0.0225952602	-0.0475421407	-0.050637085	-0.0304575546	0.0037212726	0.0361896802	0.0520241169	0.0439465533	0.015669704	-0.0198094581	-0.0224991059	0.0329531926	0.0344244343	-0.0158088463	-0.0535058147	-0.0733205151	0.0043576944	0.0093673168	-0.0293628031	-0.0263667089	-0.113209053196677	1.7825938416718	0.448081059024295	-1.68540061352814
0.303649	-0.12125	-0.173848	0.0039905	0.00363874	0.00094728	-0.004963	-0.00379400000000001	-0.037097	5.03600000000002e-05	0.00013514	5.16610000000004e-05	0.05771205	0.0401965428	0.0093176004	-0.0258953737	-0.0490632542	-0.0494096266	-0.0267733776	0.0083163637	0.0395377932	0.0523684314	0.0408401761	0.0103153331	-0.0250076315	-0.0486984311	-0.0497374181	-0.0276413132	0.0073119995	0.0388641751	0.0523388891	0.0414684511	0.0113091867	-0.024110485	-0.0145060297	-0.0025473242	-0.027189271	-0.0207729074	0.0071898617	0.0304564096	0.0029023751	0.0571401615	-0.0037029545	-0.046076667	-0.203842919648373	1.34000974424378	0.448081059024295	-1.68540061352814
0.3042	-0.0790469	-0.163081	0.00394816	0.00363874	0.000916628	0.000551000000000024	0.0422031	0.010767	-4.23400000000001e-05	0	-3.06520000000002e-05	0.0571707	0.0400514517	0.0088730165	-0.0264818121	-0.0493720561	-0.049023627	-0.0256005252	0.009872353	0.0406984653	0.0523684314	0.0393893764	0.0078703433	-0.0273531403	-0.0497019183	-0.0486567622	-0.024709611	0.0108679768	0.0413301739	0.0523388891	0.0387124883	0.0068647103	-0.028214182	-0.0410831208	-0.0028744975	0.0019042459	0.0133850921	-0.0238455651	-0.0179075867	0.072884678	0.0591346617	-0.0546531031	-0.0003974775	-0.140527204224397	1.04398223196275	0.448081059024295	-1.68540061352814
0.301414	-0.102484	-0.174709	0.00391277	0.00363874	0.000893407	-0.00278600000000007	-0.0234371	-0.011628	-3.53899999999997e-05	0	-2.32210000000001e-05	0.04078165	0.0399056168	0.0084277735	-0.0270638244	-0.0496661877	-0.0486148674	-0.024410558	0.0114193591	0.0418107693	0.0522896643	0.0378654364	0.005407671	-0.0296255153	-0.0505494535	-0.0473990497	-0.021674694	0.0143723053	0.0435744473	0.0520241169	0.0356971313	0.0023692706	-0.0320869629	-0.0571413185	-0.001601201	0.0226302363	-0.0023422419	-0.0370293409	-0.0449542576	-0.0230134443	-0.0062979445	0.0211554241	0.0061541091	-2.40714794671935	0.661827130968706	0.448081059024295	-1.68540061352814
0.312871	-0.112585	-0.191593	0.00407183	0.00355506	0.00101962	0.0114570000000001	-0.010101	-0.016884	0.00015906	-8.368e-05	0.000126213	0.05688965	0.0397590408	0.0079819045	-0.0276413132	-0.0499455618	-0.0481835374	-0.0232042715	0.0129559745	0.0428733831	0.0521322486	0.0362711858	0.0029328492	-0.0318186811	-0.0512383773	-0.0459688572	-0.0185492395	0.0178083308	0.0455849554	0.0513964655	0.0324425845	-0.0021437585	-0.0356971313	-0.024616303	-0.014212587	-0.0774465457	-0.0354993426	-0.0301259332	-0.0014736927	0.0621831122	0.0122285094	-0.0479184363	0.0123891884	-0.611473077067729	0.086600468710088	0.448081059024295	-1.68540061352814
0.309275	-0.0774178	-0.151053	0.0038494	0.00327612	0.00094055	-0.00359599999999999	0.0351672	0.04054	-0.00022243	-0.00027894	-7.907e-05	0.1083252	0.0396117264	0.0075354425	-0.028214182	-0.0502100954	-0.0477298374	-0.0219824722	0.0144808008	0.043885044	0.051896421	0.034609585	0.0004514381	-0.0339267737	-0.051766528	-0.044371389	-0.0153463027	0.0211597241	0.0473509122	0.0504597097	0.0289706552	-0.0066408724	-0.03901514	-0.0454896836	0.0138950127	0.0345457041	0.0373755328	-0.0231301217	-0.0416778076	0.0284728034	0.0349084135	0.0405518637	-0.0053929875	-2.0387901410316	2.22683012693581	0.448081059024295	-1.68540061352814
0.312252	-0.130638	-0.174689	0.00435498	0.00363874	0.0011664	0.00297699999999995	-0.0532202	-0.023636	0.00050558	0.00036262	0.00022585	0.1345357	0.0394636764	0.0070884207	-0.0287823352	-0.0504597097	-0.0472539781	-0.0207459769	0.0159924506	0.0448445497	0.0515825363	0.0328837193	-0.0020309873	-0.0359441567	-0.0521322486	-0.0426124582	-0.0120792627	0.024410558	0.048862844	0.0492194833	0.025304607	-0.0110886847	-0.0420138333	-0.0135288933	-0.0329435873	-0.0424789451	-0.0543670943	-0.0044427145	0.0035885419	-0.0047165439	-0.0021010135	-0.0355719193	0.0031768544	-0.25073506350581	1.31649440647647	0.448081059024295	-1.68540061352814
0.30636	-0.0877498	-0.158286	0.00429036	0.00349125	0.00112933	-0.00589200000000001	0.0428882	0.016403	-6.46199999999996e-05	-0.00014749	-3.70700000000002e-05	0.0776422	0.0393148935	0.0066408724	-0.0293456776	-0.0506943307	-0.0467561802	-0.0194956122	0.0174895484	0.0457507597	0.0511910666	0.0310967934	-0.0045088495	-0.0378654364	-0.0523343914	-0.0406984653	-0.0087617663	0.0275453833	0.0501126395	0.0476832451	0.0214690046	-0.015454175	-0.0446686685	-0.0501874879	0.0191538579	0.0161068784	0.0404495624	-0.0314864442	-0.0449006473	0.0453334025	-0.0123565678	-0.011784453	-0.0161138425	0.522399729981466	0.521202962683189	0.448081059024295	-1.68540061352814
0.325461	-0.164103	-0.175446	0.00445718	0.00326723	0.00131745	0.019101	-0.0763532	-0.01716	0.00016682	-0.00022402	0.00018812	0.1415622	0.0391653804	0.0061928308	-0.0299041152	-0.0509138886	-0.046236675	-0.0182322141	0.018970732	0.0466025972	0.0507226006	0.0292521253	-0.0069765817	-0.0396854757	-0.0523723222	-0.0386363752	-0.005407671	0.030549302	0.051093594	0.0458602343	0.0174895484	-0.0197049341	-0.0469579174	-0.0391886125	-0.0583704081	-0.0135763043	-0.0374687042	-0.0096491041	-0.0016411893	-0.0287347084	0.0077698566	-0.0174118271	0.0135238236	-0.956045174333705	2.6017930603213	0.448081059024295	-1.68540061352814
0.310507	-0.108645	-0.145651	0.00434404	0.00322142	0.00104253	-0.014954	0.055458	0.029795	-0.000113139999999999	-4.58099999999999e-05	-0.00027492	0.1219005	0.03901514	0.0057443291	-0.0304575546	-0.0511183183	-0.0456957037	-0.0169566271	0.0204346535	0.0473990497	0.050177843	0.0273531403	-0.0094286395	-0.0413994086	-0.0522459219	-0.0364336915	-0.0020309873	0.0334080384	0.0518004449	0.0437614146	0.013392903	-0.0238094045	-0.048862844	-0.0234000567	0.0237152536	-0.0085149724	0.0321648898	-0.0347877123	-0.0216560722	0.0391241222	-0.057941258	-0.0209942611	-0.0158471734	-0.973278519607826	1.59883319324503	0.448081059024295	-1.68540061352814
0.308807	-0.132948	-0.0945777	0.00444733	0.0027942	0.00131745	-0.00170000000000003	-0.024303	0.0510733	0.00010329	-0.00042722	0.00027492	0.1173478	0.0388641751	0.0052954007	-0.0310059033	-0.0513075588	-0.0451335173	-0.015669704	0.0218799809	0.0481391707	0.0495576132	0.0254033645	-0.0118595137	-0.0430026525	-0.0519555872	-0.0340984296	0.0013541801	0.0361080066	0.0522294002	0.0413994086	0.009206518	-0.0277371148	-0.0503678575	-0.0023660087	0.0219681357	0.0171837835	-0.0287694071	-0.0208803963	-0.0153619898	-0.0384960641	0.0399799071	0.0571605064	-0.0122427764	-1.28104272107457	1.04799884790918	0.448081059024295	-1.68540061352814
0.249512	-0.0692443	-0.0655656	0.00391949	0.00280688	0.00106065	-0.059295	0.0637037	0.0290121	-0.00052784	1.26800000000002e-05	-0.0002568	0.1918768	0.0387124883	0.0048460789	-0.0315490697	-0.0514815542	-0.0445503769	-0.0143723053	0.0233053991	0.0488220806	0.048862844	0.0234064185	-0.014263743	-0.0444909208	-0.051502229	-0.0316390872	0.0047336909	0.0386363752	0.0523781585	0.0387884217	0.0049584444	-0.0314589057	-0.0514606403	0.0509385	-0.0035578736	-0.0463129726	-0.0010244305	-0.0114511924	0.0656936025	0.0283065557	-0.0023907033	-0.0237933952	-0.0065112449	-0.167113658899259	0.657760653144636	0.448081059024295	-1.68540061352814
0.257707	-0.0931439	-0.0471792	0.0043982	0.00257052	0.00100512	0.00819500000000004	-0.0238996	0.0183864	0.000478709999999999	-0.00023636	-5.553e-05	0.089011	0.0385600826	0.0043963972	-0.0320869629	-0.0516402525	-0.0439465533	-0.0130652981	0.024709611	0.0494469678	0.0480945804	0.0213660101	-0.0166359256	-0.0458602343	-0.0508872699	-0.0290646136	0.0080934286	0.0409811285	0.0522459219	0.0359441567	0.0006771467	-0.0349471469	-0.0521322486	0.0100483839	0.0171891483	0.0537142674	0.0256868147	-0.0234022468	-0.0046020164	-0.0274472491	0.0261966716	0.0532666123	-0.0099682235	1.23432299275462	0.250751899693411	0.448081059024295	-1.68540061352814
0.271645	-0.117223	-0.084802	0.00450548	0.00270975	0.00106569	0.013938	-0.0240791	-0.0376228	0.00010728	0.00013923	6.05700000000002e-05	0.0909939	0.0384069609	0.0039463888	-0.0326194932	-0.0517836067	-0.0433223267	-0.0117495564	0.0260913389	0.0500130897	0.0472539781	0.0192859283	-0.018970732	-0.0471069319	-0.0501126395	-0.0263843771	0.0114193591	0.0431311232	0.0518333998	0.0328837193	-0.0036086884	-0.0381759417	-0.0523771858	0.0332009442	-0.0208414791	-0.0648231646	-0.0412135049	0.0010231674	0.0790888113	0.0221341535	0.0734633676	-0.0169157627	-0.0012373447	0.952284721974584	0.729132624175997	0.448081059024295	-1.68540061352814
0.264783	-0.0780866	-0.0595652	0.00379489	0.00275665	0.00100886	-0.00686199999999998	0.0391364	0.0252368	-0.00071059	4.68999999999999e-05	-5.68300000000001e-05	0.1119512	0.0382531258	0.0034960873	-0.0331465714	-0.0519115742	-0.042677987	-0.0104259597	0.0274493255	0.0505197734	0.0463423012	0.0171700353	-0.0212629165	-0.0482276804	-0.0491807684	-0.0236081307	0.0146975897	0.0450761418	0.0511428052	0.0296255153	-0.0078703433	-0.0411213197	-0.0521934471	-0.0016046967	0.0199447805	0.0508629523	0.0384517026	-0.0085746477	-0.0089025642	0.0315102697	0.0199003073	0.0344038242	0.0082011199	1.01823638466364	0.748140447166754	0.448081059024295	-1.68540061352814
0.281837	-0.110259	-0.0840719	0.0044121	0.00287832	0.00096686	0.017054	-0.0321724	-0.0245067	0.00061721	0.00012167	-4.20000000000001e-05	0.1127771	0.0380985803	0.0030455261	-0.0336681095	-0.0520241169	-0.0420138333	-0.0090953929	0.0287823352	0.0509664168	0.0453609212	0.0150222601	-0.0235073292	-0.0492194833	-0.0480945804	-0.0207459769	0.0179144269	0.0468069407	0.050177843	0.02618914	-0.0120792627	-0.0437614146	-0.0515825363	0.0361916829	-0.0475755346	-0.0122330722	-0.0594810641	-0.0167593395	0.0345538638	-0.0533197363	-0.0321629781	-0.0542764324	0.0172391755	0.70382780030974	0.790991722504147	0.448081059024295	-1.68540061352814
0.284726	-0.0713329	-0.0713232	0.00384555	0.00273725	0.000859978	0.00288900000000003	0.0389261	0.0127487	-0.00056655	-0.00014107	-0.000106882	0.0952889	0.0379433273	0.0025947387	-0.0341840202	-0.0521212014	-0.0413301739	-0.0077587455	0.0300891549	0.051352489	0.044311314	0.0128465907	-0.0256989275	-0.0500796887	-0.0468574839	-0.0178083308	0.0210564335	0.0483152946	0.04894369	0.0225952602	-0.0162072446	-0.0460766263	-0.0505494535	0.0082290243	0.0113452623	-0.0294431445	0.0660141472	-0.0289004787	-0.00565861	0.0374298258	-0.0698606655	-0.0487608796	-0.051852108	1.17260117075783	0.84764144464729	0.448081059024295	-1.68540061352814
0.291095	-0.0808632	-0.0651629	0.00412333	0.00257052	0.000859977	0.00636899999999996	-0.00953029999999998	0.00616030000000001	0.00027778	-0.00016673	-9.99999999798905e-10	0.04428515	0.0377873696	0.0021437585	-0.0346942175	-0.0522027989	-0.0406273263	-0.0064169112	0.0313685957	0.0516775313	0.0431950583	0.0106470671	-0.0278327876	-0.0508059967	-0.0454733605	-0.0148058821	0.024110485	0.049594035	0.047446967	0.0188654898	-0.0202266294	-0.0480497669	-0.0491026536	-0.0096822961	-0.0031795847	0.0606997099	0.005403333	-0.005805804	-0.0481014627	-0.0368842485	0.0033453852	0.0402442793	0.0408831294	0.779697517830512	0.895898272560541	0.448081059024295	0.592443852028073
0.307404	-0.0977256	-0.0873999	0.00384555	0.00257052	0.00100601	0.016309	-0.0168624	-0.022237	-0.00027778	0	0.000146033	0.07659905	0.0376307102	0.0016926191	-0.0351986159	-0.0522688852	-0.0399056168	-0.0050707869	0.0326194932	0.0519411573	0.0420138333	0.0084277735	-0.0299041152	-0.0513964655	-0.0439465533	-0.0117495564	0.0270638244	0.050637085	0.0456957037	0.0150222601	-0.024110485	-0.0496661877	-0.0472539781	0.0097147791	0.0090447616	-0.0705324166	-0.0495588369	-0.0048914332	0.0098668879	0.0246254047	0.039565583	-0.0709293763	-0.0136647148	0.527972780022704	0.862834182238781	0.448081059024295	0.592443852028073
0.307099	-0.0564768	-0.0579832	0.00372327	0.00257052	0.00108498	-0.000305000000000055	0.0412488	0.0294167	-0.00012228	0	7.89699999999998e-05	0.081033	0.0374733519	0.0012413539	-0.0356971313	-0.0523194405	-0.0391653804	-0.0037212726	0.0338407093	0.0521430537	0.0407694154	0.0061928308	-0.0319082567	-0.0518495163	-0.0422818529	-0.0086504753	0.0299041152	0.0514394875	0.043699295	0.0110886847	-0.0278327876	-0.0509138886	-0.045018557	-0.015805257	0.0016615041	0.0191103123	0.0678813021	0.0181349145	-0.0252870625	0.0386684566	-0.0720983147	0.0008521008	-0.0123564727	1.28458724179312	0.60244383705963	0.448081059024295	-1.68540061352814
0.299377	-0.0984677	-0.0571033	0.00412107	0.00243168	0.00106834	-0.00772199999999995	-0.0419909	0.000879899999999996	0.0003978	-0.00013884	-1.66399999999998e-05	0.0782568	0.0373152977	0.0007899965	-0.0361896802	-0.0523544498	-0.0384069609	-0.0023692706	0.0350311327	0.0522829807	0.0394636764	0.0039463888	-0.0338407093	-0.0521639377	-0.0404844828	-0.0055199161	0.0326194932	0.0519974292	0.0414684511	0.0070884207	-0.0313685957	-0.0517836067	-0.0424146861	-0.0007637329	0.0241562622	0.0095387432	-0.0154425827	0.0326970922	-0.0405581485	-0.0382012176	-0.0864298766	0.0210219979	0.0174416165	0.890527486320471	0.358595517069389	0.448081059024295	-1.68540061352814
0.293175	-0.0831129	-0.105508	0.00489231	0.00257052	0.00115499	-0.00620199999999999	0.0153548	-0.0484047	0.00077124	0.00013884	8.665e-05	0.119798	0.0371565505	0.0003385804	-0.0366761804	-0.0523739028	-0.0376307102	-0.0010156846	0.0361896802	0.0523607718	0.0380985803	0.0016926191	-0.0356971313	-0.0523388891	-0.0385600826	-0.0023692706	0.0351986159	0.0523082586	0.03901514	0.0030455261	-0.0346942175	-0.0522688852	-0.0394636764	-0.0164976091	-0.0226643369	-0.0367718016	0.0351418488	0.0354776033	0.0218345009	0.0183899494	-0.0658352295	-0.0243060815	0.0274584718	0.942851862132945	0.310819900439401	0.448081059024295	-1.68540061352814
0.296447	-0.0914267	-0.0698631	0.00437401	0.00251787	0.000817708	0.00327199999999994	-0.00831380000000001	0.0356449	-0.0005183	-5.265e-05	-0.000337282	0.0926423	0.0369971132	-0.0001128608	-0.0371565505	-0.0523777937	-0.0368369888	0.0003385804	0.0373152977	0.0523763346	0.0366761804	-0.0005642937	-0.0374733519	-0.0523739028	-0.0365146908	0.0007899965	0.0376307102	0.0523704984	0.036352523	-0.0010156846	-0.0377873696	-0.0523661213	-0.0361896802	-0.0594215318	-0.0598698181	0.0822394526	0.0169869782	0.0070106871	-0.0354973322	0.0428599764	0.0112150508	0.073260733	0.0687252143	-1.60763193046106	1.0452485028997	0.448081059024295	-1.68540061352814
0.300912	-0.130799	-0.0830626	0.00457558	0.00257052	0.00117887	0.00446500000000005	-0.0393723	-0.0131995	0.00020157	5.265e-05	0.000361162	0.0878059	0.0368369888	-0.0005642937	-0.0376307102	-0.0523661213	-0.0360261653	0.0016926191	0.0384069609	0.0523296507	0.0351986159	-0.0028201586	-0.0391653804	-0.0522688852	-0.0343547251	0.0039463888	0.0399056168	0.0521838529	0.0334948844	-0.0050707869	-0.0406273263	-0.0520745933	-0.0326194932	-0.006060011	0.0276108634	-0.0485886245	-0.0550703738	0.0369855679	0.0058392891	0.003854509	0.061344861	0.0451856374	-0.0436518347	0.340315252178106	1.08681114643417	0.448081059024295	-1.68540061352814
0.295248	-0.0971979	-0.0456722	0.00443027	0.00257052	0.00103551	-0.005664	0.0336011	0.0373904	-0.00014531	0	-0.00014336	0.091089	0.0366761804	-0.0010156846	-0.0380985803	-0.0523388891	-0.0351986159	0.0030455261	0.0394636764	0.0522207755	0.0336681095	-0.0050707869	-0.0407694154	-0.0520241169	-0.0320869629	0.0070884207	0.0420138333	0.0517492091	0.0304575546	-0.0090953929	-0.0431950583	-0.0513964655	-0.0287823352	-0.0158689775	0.0544448977	0.0037460352	0.0541867629	0.0688006503	-0.0053935052	0.0334686858	-0.0576251036	0.0283908608	-0.003916479	-0.547219317996264	1.69612636779601	0.448081059024295	-1.68540061352814
0.308346	-0.148614	-0.0688179	0.0044646	0.00245524	0.000861847	0.013098	-0.0514161	-0.0231457	3.433e-05	-0.00011528	-0.000173663	0.10382345	0.0365146908	-0.0014670001	-0.0385600826	-0.0522961052	-0.0343547251	0.0043963972	0.0404844828	0.0520498384	0.0320869629	-0.0073119995	-0.0422818529	-0.0516402525	-0.0297185201	0.0102046586	0.0439465533	0.0510686325	0.027256828	-0.0130652981	-0.0454733605	-0.0503367722	-0.024709611	-0.0348346534	0.04072119	0.0318981676	-0.0204647872	0.0475338976	-0.0505056144	-0.085099685	-0.0312492143	0.0223165456	0.0262749039	-0.127793903059427	2.21405171954045	0.448081059024295	-1.68540061352814
0.326496	-0.108757	-0.092308	0.0044227	0.00257052	0.000869779	0.01815	0.039857	-0.0234901	-4.19000000000001e-05	0.00011528	7.93199999999999e-06	0.0897527	0.036352523	-0.0019182066	-0.03901514	-0.0522377823	-0.0334948844	0.0057443291	0.0414684511	0.0518170426	0.0304575546	-0.0095396348	-0.043699295	-0.0511183183	-0.027256828	0.0132837629	0.0456957037	0.0501453577	0.0239098759	-0.0169566271	-0.047446967	-0.0489033805	-0.0204346535	-0.0023862046	-0.0105364724	-0.0611969791	-0.0483392024	0.0311412832	0.0367718131	0.0410185139	0.0383828156	-0.0502795112	-0.0130016881	0.582825467889811	2.20514063040013	0.448081059024295	-1.68540061352814
0.336766	-0.0973299	-0.045809	0.00397917	0.00240357	0.000821635	0.01027	0.0114271	0.046499	-0.00044353	-0.00016695	-4.8144e-05	0.1011273	0.0361896802	-0.0023692706	-0.0394636764	-0.0521639377	-0.0326194932	0.0070884207	0.0424146861	0.0515226647	0.0287823352	-0.0117495564	-0.045018557	-0.0504597097	-0.024709611	0.016314529	0.0472539781	0.0489837722	0.0204346535	-0.0207459769	-0.0491026536	-0.0471069319	-0.0159924506	-0.0220983235	0.0242568013	0.0532755991	-0.00854187	-0.0018599216	-0.0385863874	0.0543882065	0.049909586	-0.0076786086	-0.020891329	0.027240675199235	1.14188762471507	0.448081059024295	-1.68540061352814
0.336707	-0.12466	-0.0527072	0.0042839	0.00251267	0.00117887	-5.89999999999757e-05	-0.0273301	-0.00689820000000001	0.00030473	0.0001091	0.000357235	0.0728405500000001	0.0360261653	-0.0028201586	-0.0399056168	-0.0520745933	-0.0317289578	0.0084277735	0.0433223267	0.0511670547	0.0270638244	-0.0139376608	-0.046236675	-0.0496661877	-0.0220848615	0.0192859283	0.0486148674	0.0475893965	0.0168498047	-0.024410558	-0.0504293264	-0.0449607632	-0.0114193591	-0.0017197408	0.0428898208	-0.0444351405	-0.0267396988	0.029501065	-0.0010404539	-0.015395829	0.032865939	-0.0091848962	-0.0524436108	0.351155177490979	0.776667209088688	0.448081059024295	-1.68540061352814
0.325049	-0.0602065	-0.00351667	0.00397917	0.00199702	0.00117887	-0.0116580000000001	0.0644535	0.04919053	-0.00030473	-0.00051565	0	0.16632103	0.0358619813	-0.0032708371	-0.0403408874	-0.0519697758	-0.0308236917	0.0097614921	0.044190547	0.050750635	0.025304607	-0.016099885	-0.0473509122	-0.048739874	-0.0193908153	0.0221871482	0.049772687	0.0459688572	0.0131745611	-0.0279283311	-0.0514180959	-0.0424808075	-0.006752807	0.0037930079	0.0427309758	-0.006431149	0.0560588779	0.0584572444	0.0079968743	0.024799856	-0.0620104825	0.0441012472	-0.0304256516	0.334771759992585	0.443790137560736	0.448081059024295	-1.68540061352814
0.314272	-0.0989704	0.0194508	0.00397917	0.00218627	0.000918539	-0.010777	-0.0387639	0.02296747	0	0.00018925	-0.000260331	0.09498742	0.0356971313	-0.0037212726	-0.0407694154	-0.0518495163	-0.0299041152	0.0110886847	0.045018557	0.0502739006	0.0235073292	-0.0182322141	-0.0483587652	-0.0476832451	-0.0166359256	0.0250076315	0.0507226006	0.0441298556	0.0094286395	-0.03127814	-0.0520623368	-0.0396854757	-0.0020309873	0.0140488255	0.0325645955	0.0431400564	-0.0115344057	0.0295228282	-0.03647013	-0.0731050419	-0.0114757002	0.049501194	0.0199327646	-1.72793073014537	1.97562467088098	0.448081059024295	-1.68540061352814
0.319869	-0.0940916	-0.0253651	0.00417027	0.00221257	0.000911089	0.00559700000000002	0.00487879999999999	-0.0448159	0.0001911	2.62999999999999e-05	-7.44999999999999e-06	0.0665342	0.0355316183	-0.0041714317	-0.0411911291	-0.0517138504	-0.0289706552	0.0124084642	0.0458056033	0.0497374181	0.021674694	-0.0203306886	-0.0492579697	-0.0464991262	-0.0138288366	0.0277371148	0.0514606403	0.0420811315	0.0056321357	-0.0344398384	-0.0523577323	-0.0365955205	0.0027074549	0.0099525882	-0.055493906	-0.0181483198	-0.0355699495	0.0351021529	0.053111715	-0.0137849405	0.0104885939	-0.031635978	0.0441478892	-1.97328268272139	2.3518796096548	0.448081059024295	-1.68540061352814
0.303425	-0.0614323	0.0162133	0.00380635	0.00243662	0.000703155	-0.016444	0.0326593	0.0415784	-0.00036392	0.00022405	-0.000207934	0.1304769	0.0353654455	-0.004621281	-0.0416059582	-0.0515628185	-0.028023745	0.0137199483	0.0465509697	0.0491418251	0.0198094581	-0.0223914121	-0.0500465054	-0.0451906832	-0.0109783563	0.0303656657	0.0519837232	0.0398324213	0.001805417	-0.0373944116	-0.0523023033	-0.0332338815	0.0074237382	0.0101933079	-0.0288802048	0.0450268773	-0.0172330212	-0.0064109401	0.0076478822	-0.0352664241	0.0196978728	0.0118434476	-0.0206280471	-0.264158791564711	2.33343930388597	0.448081059024295	-1.68540061352814
0.309987	-0.100459	-0.0180847	0.00438324	0.00231064	0.000824522	0.00656200000000001	-0.0390267	-0.034298	0.00057689	-0.00012598	0.000121367	0.12109855	0.0351986159	-0.0050707869	-0.0420138333	-0.0513964655	-0.0270638244	0.0150222601	0.0472539781	0.0484878293	0.0179144269	-0.024410558	-0.0507226006	-0.0437614146	-0.0080934286	0.0328837193	0.0522896643	0.0373944116	-0.0020309873	-0.0401240904	-0.051896421	-0.0296255153	0.0120792627	0.018587605	0.026518844	-0.0370143955	-0.0266492856	0.0083677084	0.0145167866	0.0258720953	0.0378290618	-0.0108345883	-0.0289093291	-0.173433463068909	2.38781315680539	0.448081059024295	-1.68540061352814
0.311731	-0.0804558	0.0223757	0.00397917	0.00221257	0.000580231	0.00174399999999997	0.0200032	0.0404604	-0.00040407	-9.807e-05	-0.000244291	0.09952915	0.0350311327	-0.0055199161	-0.0424146861	-0.0512148408	-0.0260913389	0.016314529	0.0479139886	0.0477762082	0.0159924506	-0.0263843771	-0.0512847364	-0.0422151417	-0.0051831058	0.0352821126	0.0523771858	0.0347786889	-0.0058564958	-0.0426124582	-0.0511428052	-0.0257972105	0.0166359256	0.0028495252	0.0484318329	0.0446885283	0.016794257	-0.0025191941	-0.0255785762	0.0126723436	0.0283828566	0.031793574	-0.04298148	-1.44407939164953	2.3679333586163	0.448081059024295	-1.68540061352814
0.311647	-0.123123	-0.00206487	0.00423768	0.00221257	0.000772703	-8.3999999999973e-05	-0.0426672	-0.02444057	0.00025851	0	0.000192472	0.08974087	0.0348629988	-0.0059686353	-0.0428084497	-0.0510179984	-0.0251067401	0.0175958911	0.0485304007	0.0470078072	0.0140464202	-0.0283092043	-0.0517316498	-0.0405559987	-0.0022565198	0.0375521182	0.0522459219	0.0319976841	-0.0096505858	-0.0448445497	-0.0500465054	-0.021777388	0.0210564335	0.0116369888	0.0499388503	-0.0383200598	0.04018863	0.0267405508	0.0236911332	-0.0070422518	-0.0014417731	0.0688417342	-0.0711409274	0.086452310241597	1.39498793328898	0.448081059024295	-1.68540061352814
0.311148	-0.071771	0.0554521	0.00350593	0.00201639	0.000651859	-0.000499000000000027	0.051352	0.05751697	-0.00073175	-0.00019618	-0.000120844	0.16180667	0.0346942175	-0.0064169112	-0.0431950583	-0.0508059967	-0.024110485	0.0188654898	0.0491026536	0.0461835398	0.0120792627	-0.0301814655	-0.0520623368	-0.0387884217	0.0006771467	0.0396854757	0.051896421	0.0290646136	-0.013392903	-0.0468069407	-0.0486148674	-0.0175958911	0.025304607	0.018004931	0.0463353326	0.0482577958	0.0430050318	0.0271729518	-0.0051311925	-0.004914432	0.0130907506	0.0626376784	-0.0065385096	0.417706920420637	1.19461258037372	0.448081059024295	0.592443852028073
0.316807	-0.11355	0.0353244	0.00368953	0.00221257	0.000651859	0.00565900000000003	-0.041779	-0.0201277	0.0001836	0.00019618	0	0.0865547	0.0345247919	-0.0068647103	-0.0435744473	-0.0505788988	-0.0231030362	0.0201224762	0.0496302266	0.0453043854	0.0100939368	-0.0319976841	-0.0522760543	-0.0369171367	0.0036086884	0.0416744222	0.0513301431	0.0259934166	-0.0170633708	-0.0484878293	-0.0468574839	-0.0132837629	0.0293456776	0.0262403552	-0.0083522433	-0.0098483996	-0.0108666909	0.0561963546	0.0473801312	-0.0573366626	0.0354912421	0.0279424766	0.0126528697	1.06168615372076	0.509919375286958	0.448081059024295	-1.68540061352814
0.321991	-0.0495092	0.0800288	0.00336778	0.00221257	0.000651859	0.00518399999999997	0.0640408	0.0447044	-0.00032175	0	0	0.1300167	0.0343547251	-0.0073119995	-0.0439465533	-0.0503367722	-0.0220848615	0.0213660101	0.0501126395	0.044371389	0.0080934286	-0.0337544877	-0.0523723222	-0.0349471469	0.0065289069	0.0435117199	0.0505494535	0.0227986886	-0.0206422981	-0.0498771065	-0.0447861304	-0.0088730165	0.0331465714	0.0340381915	-0.0516224622	0.0399730749	0.0079868083	0.0463297122	0.0436245572	0.0038457827	-0.0054245758	0.0008096826	0.054028291	0.932103677711875	-0.042614819992885	0.448081059024295	-1.68540061352814
0.336886	-0.100528	0.0456284	0.0036738	0.00228121	0.000651859	0.014895	-0.0510188	-0.0344004	0.00030602	6.864e-05	0	0.1190472	0.0341840202	-0.0077587455	-0.044311314	-0.0500796887	-0.0210564335	0.0225952602	0.0505494535	0.0433856593	0.0060807472	-0.0354486142	-0.0523509242	-0.0328837193	0.0094286395	0.0451906832	0.0495576132	0.0194956122	-0.024110485	-0.0509664168	-0.0424146861	-0.0043963972	0.0366761804	0.0351798455	0.0021694326	-0.0097307032	-0.0472020155	0.0058503175	0.0054491913	-0.0393863011	-0.0029151093	-0.0099601668	0.0030689405	1.26404704169867	-0.073641587691096	0.448081059024295	-1.68540061352814
0.32659	-0.0583835	0.0441552	0.00375593	0.00221257	0.000651859	-0.010296	0.0421445	-0.0014732	8.21300000000001e-05	-6.864e-05	0	0.0614522	0.0340126806	-0.0082049152	-0.0446686685	-0.0498077248	-0.0200182296	0.0238094045	0.050940271	0.0423483678	0.0040589197	-0.0370769179	-0.0522119084	-0.030732371	0.0122987873	0.0467052026	0.0483587652	0.016099885	-0.0274493255	-0.0517492091	-0.0397590408	0.0001128608	0.0399056168	0.0254191468	-0.0212190124	-0.0135797741	0.0060892122	0.028251263	0.0068386438	0.0083093417	-0.0468811257	-0.0085894614	0.0077140552	0.234490599821451	-0.00594620217558	0.448081059024295	-1.68540061352814
0.336878	-0.0584041	0.0629274	0.00306166	0.00261366	0.000651859	0.010288	-2.05999999999887e-05	0.0187722	-0.00069427	0.00040109	0	0.0838488	0.0338407093	-0.0086504753	-0.045018557	-0.0495209612	-0.018970732	0.0250076315	0.0512847364	0.0412607473	0.0020309873	-0.0386363752	-0.0519555872	-0.028498854	0.0151303447	0.0480497669	0.0469579174	0.0126276447	-0.0306409077	-0.0522207755	-0.0368369888	0.004621281	0.0428084497	0.0328706783	-0.0070252047	0.046124711	-0.065725672	0.015476797	-0.019889445	-0.0588837746	0.0013705967	0.0006776343	0.0076505127	0.01495799191011	0.134740838535525	0.448081059024295	-1.68540061352814
0.327751	-0.0710856	0.00557894	0.00338738	0.00237691	0.000651859	-0.00912699999999999	-0.0126815	-0.05734846	0.00032572	-0.00023675	0	0.10728046	0.0336681095	-0.0090953929	-0.0453609212	-0.0492194833	-0.0179144269	0.02618914	0.0515825363	0.0401240904	0	-0.0401240904	-0.0515825363	-0.02618914	0.0179144269	0.0492194833	0.0453609212	0.0090953929	-0.0336681095	-0.0523782801	-0.0336681095	0.0090953929	0.0453609212	0.0398651216	0.0168524144	-0.0392809097	-0.0502494483	0.0296482697	0.0531873517	0.0219393616	0.0333252313	-0.0579860774	-0.0023243602	-0.11581460606295	0.006116381240437	0.448081059024295	-1.68540061352814
0.336873	-0.0449304	0.0362392	0.00280357	0.00226788	0.000767035	0.00912199999999996	0.0261552	0.03066026	-0.00058381	-0.00010903	0.000115176	0.10633826	0.0334948844	-0.0095396348	-0.0456957037	-0.0489033805	-0.0168498047	0.0273531403	0.0518333998	0.0389397479	-0.0020309873	-0.0415373011	-0.051093594	-0.0238094045	0.0206422981	0.0502100954	0.0435744473	0.0055199161	-0.0365146908	-0.0522207755	-0.0302736359	0.0135019809	0.0475421407	0.0131036224	-0.0051599385	0.0187486634	-0.0002881102	-0.0441626554	0.0205579297	0.0075655829	0.0489646425	-0.0635932287	0.0469173106	0.127899116302312	-0.179795992098825	0.448081059024295	-1.68540061352814
0.354159	-0.080589	0.0425621	0.00274168	0.00221257	0.000812106	0.017286	-0.0356586	0.0063229	-6.18900000000002e-05	-5.53099999999998e-05	4.5071e-05	0.06738105	0.0333210373	-0.009983168	-0.0460228486	-0.0485727468	-0.0157773596	0.028498854	0.0520370985	0.0377091275	-0.0040589197	-0.0428733831	-0.0504898588	-0.0213660101	0.0233053991	0.0510179984	0.0416059582	0.0019182066	-0.0391653804	-0.0517492091	-0.0266763128	0.0178083308	0.0493342563	0.0288082166	0.0066434448	-0.0022047159	0.0033166942	-0.0930321602	-0.023368171	-0.0411382856	-0.0304914242	-0.068191239	-0.0202982318	0.493989332530674	-0.679935040225727	0.448081059024295	-1.68540061352814
0.33989	-0.0444155	0.0192462	0.003023	0.00221257	0.00107679	-0.014269	0.0361735	-0.0233159	0.00028132	0	0.000264684	0.1010586	0.0331465714	-0.0104259597	-0.0463423012	-0.0482276804	-0.0146975897	0.0296255153	0.0521934471	0.0364336915	-0.0060807472	-0.0441298556	-0.049772687	-0.0188654898	0.0258953737	0.0516402525	0.0394636764	-0.0016926191	-0.0416059582	-0.0509664168	-0.0229002443	0.0219824722	0.0507226006	0.0039860067	-0.0139415832	-0.0241037776	0.0382850007	-0.0427499361	0.0144830801	0.0057166697	-0.0607858014	-0.0045829224	0.0082327155	1.05045612048195	0.040318665580857	0.448081059024295	-1.68540061352814
0.32712	-0.0478364	0.0743803	0.00262233	0.00250769	0.000658594	-0.0127700000000001	-0.0034209	0.0551341	-0.00040067	0.00029512	-0.000418196	0.1270243	0.0329714899	-0.0108679768	-0.0466540082	-0.0478682839	-0.0136109962	0.030732371	0.0523023033	0.0351149558	-0.0080934286	-0.0453043854	-0.04894369	-0.016314529	0.0284040951	0.0520745933	0.0371565505	-0.0052954007	-0.043823331	-0.0498771065	-0.018970732	0.0259934166	0.0516958108	0.0287348909	0.0368024472	0.0405399513	0.0469923158	-0.0521776473	0.0129465931	-0.0245591452	-0.005790835	0.0456820071	0.0036538459	0.563399543186377	0.263878108049985	0.448081059024295	0.592443852028073
0.341969	-0.0789178	0.0425696	0.003023	0.00207489	0.000867895	0.0148490000000001	-0.0310814	-0.0318107	0.00040067	-0.0004328	0.000209301	0.12987965	0.0327957961	-0.0113091867	-0.0469579174	-0.0474946641	-0.0125180835	0.0318186811	0.0523635681	0.0337544877	-0.0100939368	-0.0463947917	-0.0480047303	-0.0137199483	0.0308236917	0.0523194405	0.0346942175	-0.0088730165	-0.0458056033	-0.0484878293	-0.0149141057	0.0298113868	0.0522459219	0.0215130137	-0.0531782088	-0.0237412346	0.0329870829	0.0114597628	0.0947436936	-0.0072768931	0.0352005392	0.0434423642	0.0322579935	-0.280065379503888	0.758435992981109	0.448081059024295	0.592443852028073
0.341527	-0.0614026	0.0769054	0.00258205	0.00221257	0.000730294	-0.000441999999999998	0.0175152	0.0343358	-0.00044095	0.00013768	-0.000137601	0.08810455	0.0326194932	-0.0117495564	-0.0472539781	-0.0471069319	-0.0114193591	0.0328837193	0.0523771858	0.032353904	-0.0120792627	-0.0473990497	-0.0469579174	-0.0110886847	0.0331465714	0.0523739028	0.0320869629	-0.0124084642	-0.0475421407	-0.0468069407	-0.010757547	0.0334080384	0.0523684314	0.0149966048	-0.0823190321	0.0267594472	-0.005551001	-0.0328143434	0.0347347985	0.0237952236	0.0153445553	-0.043405848	0.070169149	-0.140260625827548	0.956745253761908	0.448081059024295	0.592443852028073
0.349642	-0.0660834	0.0768189	0.00245133	0.00203716	0.00112889	0.00811499999999998	-0.00468080000000001	-8.65000000000171e-05	-0.00013072	-0.00017541	0.000398596	0.0481186	0.0324425845	-0.0121890533	-0.0475421407	-0.0467052026	-0.0103153331	0.0339267737	0.0523431439	0.0309148693	-0.0140464202	-0.0483152946	-0.0458056033	-0.0084277735	0.0353654455	0.0522377823	0.0293456776	-0.015884942	-0.049023627	-0.0448445497	-0.0065289069	0.0367566699	0.0520623368	0.0461548096	-0.0251540491	-0.0032893086	-0.0269297099	-0.0690278877	-0.0131899159	-0.0526108973	0.0097078204	-0.0325626327	-0.0316455174	-1.24107659627669	0.672905774024319	0.448081059024295	-1.68540061352814
0.358428	-0.044256	0.0482828	0.00222447	0.00221257	0.00112889	0.00878600000000002	0.0218274	-0.0285361	-0.00022686	0.00017541	0	0.079263	0.0322650733	-0.0126276447	-0.0478223571	-0.0462895956	-0.009206518	0.0349471469	0.0522614734	0.0294390937	-0.0159924506	-0.0491418251	-0.0445503769	-0.0057443291	0.0374733519	0.0519115742	0.0264818121	-0.0192859283	-0.0502421146	-0.0426124582	-0.0022565198	0.0398324213	0.0513301431	0.0173097667	-0.020868865	-0.0444680409	0.0240773623	-0.0233016671	0.0096800592	0.0219699993	-0.0549081	-0.036949724	0.0110294597	-1.07844927411865	0.356826148697648	0.448081059024295	0.592443852028073
0.354213	-0.00860201	0.0766718	0.00211337	0.00178072	0.000914825	-0.00421500000000002	0.03565399	0.028389	-0.0001111	-0.00043185	-0.000214065	0.10610874	0.0320869629	-0.0130652981	-0.0480945804	-0.0458602343	-0.0080934286	0.0359441567	0.0521322486	0.0279283311	-0.0179144269	-0.0498771065	-0.0431950583	-0.0030455261	0.0394636764	0.0513964655	0.0235073292	-0.0225952602	-0.0511910666	-0.0401240904	0.0020309873	0.0426124582	0.050177843	0.0210702083	0.0109757196	0.0386030092	0.0448708402	-0.0269493383	-0.0428515737	0.0119570693	0.0305551385	0.0136414817	-0.0544030131	0.474491743969509	0.041545428862495	0.448081059024295	0.592443852028073
0.367578	-0.0804322	0.0469451	0.0029438	0.00171716	0.00125617	0.013365	-0.07183019	-0.0297267	0.00083043	-6.356e-05	0.000341345	0.17668864	0.0319082567	-0.0135019809	-0.0483587652	-0.0454172463	-0.0069765817	0.0369171367	0.0519555872	0.0263843771	-0.0198094581	-0.0505197734	-0.0417426926	-0.0003385804	0.0413301739	0.0506943307	0.0204346535	-0.0257972105	-0.051865392	-0.0373944116	0.0063048856	0.0450761418	0.0486148674	0.0098163422	0.0399952471	-0.0224837844	0.0333187658	0.0035974934	-0.0062060223	-0.009545328	0.026042616	0.0353508895	-0.036797914	0.717358327035998	0.395962566937281	0.448081059024295	0.592443852028073
0.361819	-0.0401611	0.043529	0.00260939	0.0018032	0.00112889	-0.00575900000000001	0.0402711	-0.00341609999999999	-0.00033441	8.60400000000001e-05	-0.00012728	0.0768327	0.0317289578	-0.0139376608	-0.0486148674	-0.0449607632	-0.0058564958	0.0378654364	0.0517316498	0.0248090665	-0.021674694	-0.0510686325	-0.0401965428	0.0023692706	0.0430669878	0.0498077248	0.01727662	-0.0288765622	-0.0522614734	-0.0344398384	0.0105365379	0.0472051818	0.0466540082	0.0010435811	-0.0789607699	0.0063930035	0.0266192159	0.0365849512	0.0247251483	-0.0028152369	-0.0222678968	0.0133796419	0.0811959657	0.579802480023452	0.709782010666328	0.448081059024295	0.592443852028073
0.365367	-0.0746182	0.0507325	0.00216144	0.00171716	0.00112889	0.003548	-0.0344571	0.0072035	-0.00044795	-8.60400000000001e-05	0	0.0719081	0.0315490697	-0.0143723053	-0.048862844	-0.0444909208	-0.0047336909	0.0387884217	0.0514606403	0.0232042715	-0.0235073292	-0.0515226647	-0.0385600826	0.0050707869	0.0446686685	0.048739874	0.0140464202	-0.0318186811	-0.0523771858	-0.03127814	0.0146975897	0.0489837722	0.044311314	0.0004925511	-0.0110877023	0.044397833	-0.0528952857	-0.0353322359	-0.0643334856	-0.0392053148	-0.0036463247	-0.0267468171	-7.23555e-05	-0.211096305902385	1.76656761577154	0.448081059024295	-1.68540061352814
0.377001	-0.103181	0.0374499	0.00241116	0.00171717	0.00143083	0.011634	-0.0285628	-0.0132826	0.00024972	1.00000000001575e-08	0.00030194	0.0810629	0.0313685957	-0.0148058821	-0.0491026536	-0.0440078585	-0.0036086884	0.0396854757	0.0511428052	0.0215718994	-0.025304607	-0.051881027	-0.0368369888	0.0077587455	0.0461301902	0.0474946641	0.010757547	-0.034609585	-0.0522119084	-0.0279283311	0.0187601599	0.0503987089	0.0416059582	0.0099920694	0.0124460061	-0.0584071844	-0.0080613494	-0.0145680363	0.0191672297	-0.0235802172	0.0058744197	-0.0221465287	-0.0359811264	0.987159645548964	1.82512511148637	-2.22840312389761	-1.68540061352814
0.369081	-0.0623426	0.0326761	0.00236899	0.00171716	0.00148278	-0.00792000000000004	0.0408384	-0.0047738	-4.21699999999998e-05	-1.00000000001575e-08	5.195e-05	0.0582387	0.0311875391	-0.015238359	-0.0493342563	-0.0435117199	-0.0024820104	0.0405559987	0.0507784337	0.0199138901	-0.0270638244	-0.0521430537	-0.0350311327	0.0104259597	0.047446967	0.0460766263	0.0074237382	-0.0372360105	-0.051766528	-0.024410558	0.0226970271	0.0514394875	0.0385600826	-0.0241413578	0.0145045173	-0.0112532634	0.0773536174	0.0173128008	-0.0067845881	0.0646981103	-0.0484408539	0.0141551496	-0.0483969434	0.694285353323789	0.155574871115562	0.448081059024295	-1.68540061352814
0.352588	-0.084419	0.0472909	0.00220586	0.00171716	0.00112889	-0.016493	-0.0220764	0.0146148	-0.00016313	0	-0.00035389	0.0790352	0.0310059033	-0.015669704	-0.0495576132	-0.0430026525	-0.0013541801	0.0413994086	0.0503678575	0.0182322141	-0.0287823352	-0.0523082586	-0.0331465714	0.0130652981	0.0486148674	0.0444909208	0.0040589197	-0.0396854757	-0.051043434	-0.0207459769	0.0264818121	0.0520983812	0.0351986159	-0.0152947304	0.0164445849	0.0599011105	-0.0114661272	0.003087982	-0.0464475796	-0.0510813864	0.0189680187	0.0527444062	0.0144292336	0.537468101748123	1.14529846353095	0.448081059024295	0.592443852028073
0.360074	-0.10417	0.00221718	0.00260939	0.00171717	0.00141683	0.00748599999999999	-0.019751	-0.04507372	0.00040353	1.00000000001575e-08	0.000287940000000001	0.10688472	0.0308236917	-0.016099885	-0.049772687	-0.0424808075	-0.0002257211	0.0422151417	0.04991145	0.01652887	-0.0304575546	-0.0523763346	-0.0311875391	0.015669704	0.0496302266	0.0427433176	0.0006771467	-0.0419463399	-0.0500465054	-0.0169566271	0.0300891549	0.0523704984	0.0315490697	-0.0136194137	-0.0489519235	-0.0362316556	-0.0422198757	0.0389746679	0.0437635484	0.0397574715	0.0306807599	-0.009285658	0.0515602956	-0.011510510189577	1.28248951644182	0.448081059024295	0.592443852028073
0.358006	-0.0680484	0.0364932	0.00255846	0.00188148	0.00112889	-0.00206800000000001	0.0361216	0.03427602	-5.09300000000003e-05	0.00016431	-0.000287940000000001	0.09762462	0.0306409077	-0.01652887	-0.0499794418	-0.0419463399	0.0009028426	0.0430026525	0.0494096266	0.0148058821	-0.0320869629	-0.0523471556	-0.0291584371	0.0182322141	0.0504898588	0.0408401761	-0.0027074549	-0.0440078585	-0.0487810905	-0.0130652981	0.0334948844	0.0522538189	0.0276413132	-0.012714642	0.0192220315	0.0329766169	-0.0083272492	-0.0203538138	-0.0197902542	-0.0040873065	0.0264889732	-0.0190412071	-0.0069599539	-0.85714626218891	1.14839640327324	0.448081059024295	0.592443852028073
0.367837	-0.132485	0.00430608	0.00302617	0.00165533	0.00143055	0.00983099999999998	-0.0644366	-0.03218712	0.00046771	-0.00022615	0.00030166	0.15623072	0.0304575546	-0.0169566271	-0.050177843	-0.0413994086	0.0020309873	0.0437614146	0.048862844	0.0130652981	-0.0336681095	-0.0522207755	-0.0270638244	0.0207459769	0.0511910666	0.0387884217	-0.0060807472	-0.0458602343	-0.0472539781	-0.0090953929	0.0366761804	0.0517492091	0.0235073292	-0.0188782674	0.0371498591	-0.0451105899	0.0195172017	0.0193922272	-0.0033238426	0.0426972748	-0.0199767018	-0.0105113552	-0.0435764725	-1.27006616039093	0.607277100625512	0.448081059024295	0.592443852028073
0.366653	-0.0557	0.0395274	0.00285939	0.00171716	0.00134386	-0.00118399999999996	0.076785	0.03522132	-0.00016678	6.18299999999999e-05	-8.66899999999999e-05	0.12895532	0.0302736359	-0.0173831246	-0.0503678575	-0.0408401761	0.003158189	0.0444909208	0.0482715996	0.0113091867	-0.0351986159	-0.0519974292	-0.0249084068	0.0232042715	0.0517316498	0.0365955205	-0.0094286395	-0.0474946641	-0.0454733605	-0.0050707869	0.0396117264	0.050860415	0.0191809517	-0.0279462118	0.0276391225	0.0431071128	0.0454828851	0.0150101895	-0.0353838405	0.0285613524	-0.0041934144	0.0876826303	-0.0223714552	-0.141209265687465	-0.54057453972994	0.448081059024295	-1.68540061352814
0.377013	-0.129096	0.0142373	0.00324527	0.00171717	0.00132185	0.01036	-0.073396	-0.0252901	0.00038588	1.00000000001575e-08	-2.201e-05	0.1294411	0.0300891549	-0.0178083308	-0.0505494535	-0.0402688086	0.0042839244	0.0451906832	0.0476364314	0.0095396348	-0.0366761804	-0.0516775313	-0.0226970271	0.0256005252	0.0521099123	0.0342694522	-0.0127371473	-0.0489033805	-0.0434487905	-0.0010156846	0.0422818529	0.049594035	0.0146975897	-0.0194464392	-0.0242613868	-0.0035621924	-0.051615556	0.0628843002	0.0352368239	-0.0081847352	0.0580911842	0.0223574992	0.025057623	0.43949301201835	0.8566700632255	0.448081059024295	0.592443852028073
0.383936	-0.0618486	0.0161376	0.00306954	0.00144371	0.00126294	0.00692300000000001	0.0672474	0.0019003	-0.00017573	-0.00027346	-5.89100000000001e-05	0.1014757	0.0299041152	-0.0182322141	-0.0507226006	-0.0396854757	0.005407671	0.0458602343	0.0469579174	0.0077587455	-0.0380985803	-0.0512616758	-0.0204346535	0.0279283311	0.052324667	0.0318186811	-0.0159924506	-0.0500796887	-0.0411911291	0.0030455261	0.0446686685	0.0479594708	0.0100939368	0.0060934083	-0.0186065404	-0.0059732157	-0.0340438497	0.0070055587	0.0032012903	-0.0008803856	0.0082790249	-0.0472973116	0.0243145507	-1.56775224844877	0.369446189539976	0.448081059024295	-1.68540061352814
0.395552	-0.109656	0.0008356	0.00311213	0.00171716	0.00147967	0.011616	-0.0478074	-0.015302	4.25899999999999e-05	0.00027345	0.00021673	0.1013639	0.0297185201	-0.018654743	-0.0508872699	-0.039090351	0.0065289069	0.0464991262	0.046236675	0.0059686353	-0.0394636764	-0.050750635	-0.018126369	0.0301814655	0.0523752403	0.0292521253	-0.0191809517	-0.0510179984	-0.0387124883	0.0070884207	0.0467561802	0.0459688572	0.005407671	-0.0207644247	0.0286864203	0.0001854437	-0.0442829822	-0.0533896467	-0.0461407563	-0.019690857	-0.0378425579	-0.0406081906	-0.0052071515	-2.59047859487367	-0.190843411655219	0.448081059024295	-1.68540061352814
0.396476	-0.0925292	-0.0260488	0.00316493	0.00138391	0.00154394	0.000923999999999981	0.0171268	-0.0268844	5.28e-05	-0.00033325	6.427e-05	0.0674512	0.0295323731	-0.0190758861	-0.051043434	-0.0384836111	0.0076471118	0.0471069319	0.0454733605	0.0041714317	-0.0407694154	-0.0501453577	-0.0157773596	0.032353904	0.0522614734	0.0265791242	-0.0222893319	-0.0517138504	-0.0360261653	0.0110886847	0.0485304007	0.0436369724	0.0006771467	-0.0307894739	0.0085732163	-0.0567542705	0.0509065003	-0.0169239742	-0.0202471974	0.0252949588	-0.0838092089	-0.0043383883	-0.0346888156	-0.256623211442905	-0.21888630207718	0.448081059024295	-1.68540061352814
0.398169	-0.0636682	-0.0112988	0.00305277	0.0014429	0.00162705	0.001693	0.028861	0.01475	-0.00011216	5.89900000000001e-05	8.31099999999995e-05	0.058017	0.0293456776	-0.0194956122	-0.0511910666	-0.0378654364	0.0087617663	0.0476832451	0.0446686685	0.0023692706	-0.0420138333	-0.0494469678	-0.013392903	0.0344398384	0.0519837232	0.0238094045	-0.025304607	-0.0521639377	-0.0331465714	0.0150222601	0.0499794418	0.0409811285	-0.0040589197	-0.0659755454	0.0234661874	0.0405194719	0.045347805	0.0111075116	-0.0456939407	0.0531287703	-0.0008561016	0.0660677021	0.0019909724	-1.80227598731512	-0.369379704451445	0.448081059024295	-1.68540061352814
0.398633	-0.080244	-0.00395166	0.00271451	0.00171716	0.00161657	0.00046400000000002	-0.0165758	0.00734714	-0.00033826	0.00027426	-1.048e-05	0.05553694	0.0291584371	-0.0199138901	-0.0513301431	-0.0372360105	0.009872353	0.0482276804	0.043823331	0.0005642937	-0.0431950583	-0.0486567622	-0.0109783563	0.0364336915	0.0515428613	0.0209530451	-0.028214182	-0.0523661213	-0.0300891549	0.0188654898	0.051093594	0.0380210421	-0.0087617663	-0.038233584	-0.0174072129	0.0049543381	-0.0562536847	0.034714422	-0.015505059	-0.0321698522	0.0129610426	0.0187422473	0.0141562027	-1.95782225109494	1.32591943625574	0.448081059024295	-1.68540061352814
0.410393	-0.0755607	-0.0497504	0.00282923	0.00171716	0.00174659	0.01176	0.00468329999999999	-0.04579874	0.00011472	0	0.00013002	0.07447904	0.0289706552	-0.0203306886	-0.0514606403	-0.0365955205	0.0109783563	0.048739874	0.0429381175	-0.0012413539	-0.044311314	-0.0477762082	-0.0085391442	0.0383301323	0.050940271	0.0180204398	-0.0310059033	-0.0523194405	-0.0268703181	0.0225952602	0.051865392	0.0347786889	-0.013392903	-0.0348644046	-0.0139332519	-0.0516116677	-0.067474183	0.0199175737	0.0040373139	0.0761990257	0.0046681576	-0.0442435104	0.0030960197	-0.214890865342051	1.61219466929985	0.448081059024295	-1.68540061352814
0.396419	-0.0292989	-0.00335985	0.00260939	0.00177572	0.00148832	-0.013974	0.0462618	0.04639055	-0.00021984	5.856e-05	-0.00025827	0.13345985	0.0287823352	-0.0207459769	-0.0515825363	-0.0359441567	0.0120792627	0.0492194833	0.0420138333	-0.0030455261	-0.0453609212	-0.0468069407	-0.0060807472	0.0401240904	0.050177843	0.0150222601	-0.0336681095	-0.0520241169	-0.0235073292	0.02618914	0.0522896643	0.03127814	-0.0179144269	-0.0274610957	0.0294247369	0.0299457788	-0.0194076482	-0.033783899	-0.0331820367	0.0173759965	0.0506135654	-0.0518753526	0.0129217018	-0.022678360392298	-0.080827842121692	0.448081059024295	0.592443852028073
0.412533	-0.108512	-0.0585294	0.00298448	0.00171717	0.0016899	0.016114	-0.0792131	-0.05516955	0.00037509	-5.85499999999999e-05	0.00020158	0.18225765	0.0285934806	-0.0211597241	-0.0516958108	-0.0352821126	0.0131745611	0.0496661877	0.0410513194	-0.0048460789	-0.0463423012	-0.0457507597	-0.0036086884	0.0418107693	0.0492579697	0.011969416	-0.0361896802	-0.0514815542	-0.0200182296	0.0296255153	0.0523635681	0.0275453833	-0.0222893319	-0.0658019654	0.0549245629	-0.0494454268	-0.0013105339	-0.0282552646	-0.0240516895	0.0389177802	-0.0066962868	-0.0368059305	-0.0542402885	-0.036267166286905	-0.287958805648419	0.448081059024295	-1.68540061352814
0.415637	-0.0796921	-0.0744143	0.00330005	0.00171717	0.00185149	0.003104	0.0288199	-0.0158849	0.00031557	0	0.00016159	0.0716668	0.0284040951	-0.0215718994	-0.0518004449	-0.034609585	0.014263743	0.0500796887	0.0400514517	-0.0066408724	-0.0472539781	-0.0446096262	-0.0011285219	0.0433856593	0.0481835374	0.0088730165	-0.0385600826	-0.0506943307	-0.0164217376	0.0328837193	0.0520866082	0.0236081307	-0.0264818121	-0.0698420507	-0.0400500901	-0.0419323612	0.0198433564	0.0187905566	0.0172923951	0.0457210646	-0.0090138169	-0.0255908214	0.0531372843	0.274914313687564	0.021056831453674	0.448081059024295	-1.68540061352814
0.415587	-0.0260149	0.0477608	0.00208995	0.00184598	0.00198295	-4.99999999999945e-05	0.0536772	0.1221751	-0.0012101	0.00012881	0.00013146	0.2494208	0.028214182	-0.0219824722	-0.051896421	-0.0339267737	0.0153463027	0.0504597097	0.03901514	-0.0084277735	-0.0480945804	-0.0433856593	0.0013541801	0.0448445497	0.0469579174	0.0057443291	-0.0407694154	-0.0496661877	-0.0127371473	0.0359441567	0.0514606403	0.0194956122	-0.0304575546	0.0087729852	-0.029627168	0.0500972744	-0.0658487905	-0.0555591806	-0.0322523079	-0.0202091148	0.0290338132	-0.044105464	0.0550647002	0.166782196651071	0.576224270326323	0.448081059024295	-1.68540061352814
0.415568	-0.0976866	0.0136911	0.00274237	0.00171717	0.00213917	-1.89999999999357e-05	-0.0716717	-0.0340697	0.00065242	-0.00012881	0.00015622	0.1526329	0.028023745	-0.0223914121	-0.0519837232	-0.0332338815	0.0164217376	0.0508059967	0.0379433273	-0.0102046586	-0.048862844	-0.0420811315	0.0038338396	0.0461835398	0.0455849554	0.0025947387	-0.0428084497	-0.0484020114	-0.0089842256	0.0387884217	0.0504898588	0.015238359	-0.0341840202	0.0230964671	0.0343327682	-0.0545819902	0.0048902355	-0.0553360934	0.0217176772	0.0167478672	-0.0044971713	-0.0334531335	-0.0365346403	0.239642310994866	0.68189038164521	0.448081059024295	-1.68540061352814
0.389245	-0.0131886	0.0365976	0.00251391	0.00171717	0.00190157	-0.026323	0.084498	0.0229065	-0.00022846	0	-0.0002376	0.1570305	0.0278327876	-0.0227986886	-0.0520623368	-0.0325311144	0.0174895484	0.0511183183	0.0368369888	-0.011969416	-0.0495576132	-0.0406984653	0.0063048856	0.0473990497	0.0440689593	-0.0005642937	-0.0446686685	-0.0469078096	-0.0051831058	0.0413994086	0.0491807684	0.0108679768	-0.0376307102	-0.0018532399	-0.0769619892	0.0212179378	0.0600989302	-0.0482067025	0.0222130594	0.0134435735	-0.0563580379	-0.0198923568	0.0394521009	-0.076082713329245	0.221380138286053	0.448081059024295	-1.68540061352814
0.389261	-0.0900418	0.0336034	0.00274149	0.00180664	0.0017965	1.6000000000016e-05	-0.0768532	-0.0029942	0.00022758	8.94699999999999e-05	-0.00010507	0.1009694	0.0276413132	-0.0232042715	-0.0521322486	-0.0318186811	0.0185492395	0.0513964655	0.0356971313	-0.0137199483	-0.050177843	-0.0392402281	0.0087617663	0.0484878293	0.0424146861	-0.0037212726	-0.0463423012	-0.0451906832	-0.0013541801	0.0437614146	0.0475421407	0.0064169112	-0.0407694154	0.0312031083	-0.0278442687	-0.0214148213	-0.0315442309	-0.1006282836	-0.0237926908	-0.064777386	-0.0462226764	-0.0301935941	0.0136415573	-0.378259364674589	-1.36120330125197	0.448081059024295	-1.68540061352814
0.38928	-0.0351996	0.0423402	0.00262239	0.00171717	0.00171927	1.89999999999912e-05	0.0548422	0.0087368	-0.0001191	-8.94699999999999e-05	-7.723e-05	0.077888	0.0274493255	-0.0236081307	-0.0521934471	-0.0310967934	0.0196003187	0.0516402525	0.0345247919	-0.015454175	-0.0507226006	-0.0377091275	0.0111989617	0.0494469678	0.0406273263	-0.0068647103	-0.0478223571	-0.0432587929	0.0024820104	0.0458602343	0.0455849554	0.0019182066	-0.0435744473	0.0040630436	-0.0221124678	-0.0268132575	0.0815135946	-0.0300313911	0.0022252378	0.0172405431	-0.0979155979	0.0281762936	0.0061626993	-1.20045852556685	-1.38568979062455	0.448081059024295	-1.68540061352814
0.40996	-0.102724	0.0603485	0.00247658	0.00177779	0.00171927	0.02068	-0.0675244	0.0180083	-0.00014581	6.06199999999999e-05	0	0.1165342	0.027256828	-0.0240102362	-0.0522459219	-0.0303656657	0.0206422981	0.0518495163	0.0333210373	-0.0171700353	-0.0511910666	-0.0361080066	0.0136109962	0.0502739006	0.0387124883	-0.009983168	-0.0491026536	-0.0411213197	0.0063048856	0.0476832451	0.0433223267	-0.0025947387	-0.0460228486	0.0050312306	0.0541779734	0.0687503112	0.0124080208	-0.0331012173	-0.0529080214	-0.0734655939	0.0136068988	0.1007291254	-0.0314011212	-1.51043789312624	-1.31553996673087	0.448081059024295	-1.68540061352814
0.419799	-0.082938	0.0125547	0.00281241	0.00156876	0.00171927	0.00983899999999993	0.019786	-0.0477938	0.00033583	-0.00020903	0	0.1046618	0.0270638244	-0.024410558	-0.0522896643	-0.0296255153	0.021674694	0.0520241169	0.0320869629	-0.0188654898	-0.0515825363	-0.0344398384	0.0159924506	0.0509664168	0.0366761804	-0.0130652981	-0.050177843	-0.0387884217	0.0100939368	0.0492194833	0.0407694154	-0.0070884207	-0.0480945804	-0.000189456	-0.0649916965	-0.0294123242	0.0197364236	0.0576224153	0.0822613529	0.0355710596	0.03973038	0.0191810028	0.0300780783	-1.1887407877087	-1.21560463277543	0.448081059024295	0.592443852028073
0.416579	-0.0644886	0.0329561	0.00256662	0.00190211	0.0019959	-0.00322	0.0184494	0.0204014	-0.00024579	0.00033335	0.00027663	0.0848593	0.0268703181	-0.0248090665	-0.052324667	-0.0288765622	0.0226970271	0.0521639377	0.0308236917	-0.0205385235	-0.051896421	-0.0327077205	0.0183379745	0.0515226647	0.0345247919	-0.016099885	-0.051043434	-0.0362711858	0.0138288366	0.0504597097	0.0379433273	-0.0115294786	-0.049772687	-0.0075477612	-0.0176820736	0.0597020308	-0.0376522948	0.0032579559	-0.0129011597	0.012747293	0.0466306445	-0.0114188503	-0.0127862493	-0.148109073063647	-1.11968621567831	-2.22840312389761	0.592443852028073
0.420754	-0.106033	-0.015683	0.00297404	0.00179031	0.00208334	0.00417500000000004	-0.0415444	-0.0486391	0.00040742	-0.0001118	8.74399999999998e-05	0.1246915	0.0266763128	-0.0252057321	-0.0523509242	-0.0281190288	0.0237088227	0.0522688852	0.0295323731	-0.0221871482	-0.0521322486	-0.0309148693	0.0206422981	0.0519411573	0.0322650733	-0.0190758861	-0.0516958108	-0.0335815749	0.0174895484	0.0513964655	0.0348629988	-0.015884942	-0.051043434	-0.0022458079	0.0393466196	-0.056793897	-0.0225657525	0.0243516343	0.0324524889	0.0164091747	0.0084929703	-0.0351413907	-0.048639131	-0.630649433083737	-1.31876326351117	-2.22840312389761	0.592443852028073
0.427198	-0.0495441	0.00974389	0.00256662	0.00171717	0.00186492	0.00644399999999995	0.0564889	0.02542689	-0.00040742	-7.314e-05	-0.00021842	0.12330879	0.0264818121	-0.0256005252	-0.0523684314	-0.0273531403	0.024709611	0.0523388891	0.028214182	-0.0238094045	-0.0522896643	-0.0290646136	0.0229002443	0.0522207755	0.0299041152	-0.0219824722	-0.0521322486	-0.030732371	0.0210564335	0.0520241169	0.0315490697	-0.0201224762	-0.051896421	-0.0152225333	0.0470959246	0.0384647453	0.0230298511	0.024319564	-0.0315537843	0.0513298188	0.0384302512	0.0110651506	-0.0567244471	-1.02341756603107	-1.39351125966911	0.448081059024295	0.592443852028073
0.434514	-0.1381	-0.0119573	0.00288949	0.00144257	0.00228551	0.00731600000000005	-0.0885559	-0.02170119	0.00032287	-0.0002746	0.00042059	0.16847609	0.0262868196	-0.0259934166	-0.0523771858	-0.0265791242	0.0256989275	0.0523739028	0.0268703181	-0.0254033645	-0.0523684314	-0.0271603893	0.0251067401	0.0523607718	0.0274493255	-0.0248090665	-0.0523509242	-0.0277371148	0.0245103563	0.0523388891	0.028023745	-0.0242106219	-0.052324667	-0.0152909623	0.071162434	-0.0332652911	0.0190729929	0.0304591589	-0.0144240051	-0.0046080394	0.0184775273	0.010735848	-0.0806936083	-0.532686891500259	-1.33364476093553	0.448081059024295	-1.68540061352814
0.449627	-0.0850908	0.034874	0.0021425	0.00154049	0.00213185	0.015113	0.0530092	0.0468313	-0.00074699	9.792e-05	-0.00015366	0.164882	0.0260913389	-0.0263843771	-0.0523771858	-0.0257972105	0.0266763128	0.0523739028	0.0255020041	-0.0269671338	-0.0523684314	-0.0252057321	0.027256828	0.0523607718	0.0249084068	-0.0275453833	-0.0523509242	-0.0246100408	0.0278327876	0.0523388891	0.0243106464	-0.0281190288	-0.052324667	-0.0203753981	0.0216792438	0.0149734363	0.0561427155	0.0689401102	-0.0135998718	0.0164809857	-0.0318276638	0.0390398198	-0.0230421575	-0.404107430651903	-1.28932396294993	0.448081059024295	-1.68540061352814
0.441108	-0.141733	-0.00949661	0.00273747	0.00171717	0.00216504	-0.00851900000000005	-0.0566422	-0.04437061	0.00059497	0.00017668	3.31900000000002e-05	0.14977381	0.0258953737	-0.0267733776	-0.0523684314	-0.0250076315	0.0276413132	0.0523388891	0.024110485	-0.028498854	-0.0522896643	-0.0232042715	0.0293456776	0.0522207755	0.0222893319	-0.0301814655	-0.0521322486	-0.0213660101	0.0310059033	0.0520241169	0.0204346535	-0.0318186811	-0.051896421	-0.0407212772	0.0127946067	0.0277480795	-0.0351200469	0.0699820859	-0.0239243362	-0.0297190301	0.0252422199	0.0369971637	0.0202345199	-0.380123740366359	-1.21188615435878	0.448081059024295	-1.68540061352814
0.441553	-0.118063	-0.0687832	0.00304055	0.00125998	0.00223411	0.000444999999999973	0.02367	-0.05928659	0.00030308	-0.00045719	6.90700000000001e-05	0.12486859	0.0256989275	-0.0271603893	-0.0523509242	-0.0242106219	0.0285934806	0.0522688852	0.0226970271	-0.0299967047	-0.0521322486	-0.0211597241	0.0313685957	0.0519411573	0.0196003187	-0.0327077205	-0.0516958108	-0.0180204398	0.0340126806	0.0513964655	0.0164217376	-0.0352821126	-0.051043434	-0.0665345246	-0.0212944386	-0.0149502405	-0.0471457992	0.0771840094	0.0012704417	0.033507312	0.0382347276	-0.0664915591	0.0026056144	1.26604721621813	-1.02865119640185	-2.22840312389761	0.592443852028073
0.433159	-0.11629	-0.0234258	0.00445469	0.00125998	0.00358179	-0.00839399999999996	0.00177300000000001	0.0453574	0.00141414	0	0.00134768	0.1936154	0.0255020041	-0.0275453833	-0.052324667	-0.0234064185	0.0295323731	0.0521639377	0.0212629165	-0.0314589057	-0.051896421	-0.0190758861	0.0333210373	0.0515226647	0.0168498047	-0.0351149558	-0.051043434	-0.0145892291	0.0368369888	0.0504597097	0.0122987873	-0.0384836111	-0.049772687	0.0198136927	0.0349494641	0.0051651295	-0.0592061328	0.0154916341	-0.0264187557	0.0466160152	0.0215838141	-0.0219617284	0.00314087	-0.520837537529861	-0.455890949333264	-2.22840312389761	0.592443852028073
0.389126	-0.0776848	0.0363244	0.00366382	0.001904	0.00359246	-0.044033	0.0386052	0.0597502	-0.00079087	0.00064402	1.067e-05	0.2146664	0.025304607	-0.0279283311	-0.0522896643	-0.0225952602	0.0304575546	0.0520241169	0.0198094581	-0.0328837193	-0.0515825363	-0.0169566271	0.0351986159	0.0509664168	0.0140464202	-0.0373944116	-0.050177843	-0.0110886847	0.0394636764	0.0492194833	0.0080934286	-0.0413994086	-0.0480945804	0.039529415	0.0398422916	-0.047742243	-0.002887356	0.0042848948	-0.0022613599	-0.0169455209	-0.0409130567	-0.0495187684	-0.0194110431	0.005991644262957	-0.892647496394866	-2.22840312389761	0.592443852028073
0.366164	-0.0298525	0.00212952	0.00381209	0.00246655	0.00312543	-0.022962	0.0478323	-0.03419488	0.00014827	0.00056255	-0.00046703	0.16388168	0.0251067401	-0.0283092043	-0.0522459219	-0.021777388	0.0313685957	0.0518495163	0.0183379745	-0.0342694522	-0.0511910666	-0.0148058821	0.0369971132	0.0502739006	0.0111989617	-0.0395377932	-0.0491026536	-0.0075354425	0.0418786518	0.0476832451	0.0038338396	-0.0440078585	-0.0460228486	-0.0350842276	-0.0003068631	0.0125686085	0.0277437609	-0.0002415076	-0.015972906	-0.0292965314	-0.0182761086	0.0016751828	0.049657852	0.482904021245805	-1.2425671444688	-2.22840312389761	0.592443852028073
0.386781	-0.0601956	0.0401939	0.00384665	0.0023876	0.00309111	0.020617	-0.0303431	0.03806438	3.45599999999999e-05	-7.89500000000004e-05	-3.43199999999996e-05	0.09641598	0.0249084068	-0.0286879745	-0.0521934471	-0.0209530451	0.0322650733	0.0516402525	0.0168498047	-0.0356144575	-0.0507226006	-0.0126276447	0.0387124883	0.0494469678	0.0083163637	-0.0415373011	-0.0478223571	-0.0039463888	0.0440689593	0.0458602343	-0.0004514381	-0.0462895956	-0.0435744473	0.0038900717	-0.061391964	0.0392203147	-0.0124518431	-0.0268132526	0.0053078461	-0.0643323914	0.0122574502	0.0318288089	0.1051814274	-0.860561031067374	-1.33454960686624	0.448081059024295	0.592443852028073
0.392929	-0.0348266	0.094927	0.00355442	0.00209765	0.00337234	0.00614799999999999	0.025369	0.0547331	-0.00029223	-0.00028995	0.00028123	0.1294206	0.024709611	-0.0290646136	-0.0521322486	-0.0201224762	0.0331465714	0.0513964655	0.0153463027	-0.0369171367	-0.050177843	-0.0104259597	0.0403408874	0.0484878293	0.005407671	-0.0433856593	-0.0463423012	-0.0003385804	0.0460228486	0.0437614146	-0.0047336909	-0.0482276804	-0.0407694154	0.0685261394	-0.0243052863	-0.0361665667	-0.0489968946	-0.0210984351	0.0666894688	-0.0382936933	0.0393180833	0.0248194727	0.0078810266	-0.602504219791317	-1.24814814553533	0.448081059024295	-1.68540061352814
0.409379	-0.0620448	0.113657	0.00331538	0.00166914	0.00373449	0.01645	-0.0272182	0.01873	-0.00023904	-0.00042851	0.00036215	0.1138832	0.0245103563	-0.0294390937	-0.0520623368	-0.0192859283	0.0340126806	0.0511183183	0.0138288366	-0.0381759417	-0.0495576132	-0.0082049152	0.0418786518	0.0473990497	0.0024820104	-0.0450761418	-0.0446686685	0.0032708371	0.0477298374	0.0413994086	-0.0089842256	-0.0498077248	-0.0376307102	0.052468169	0.0280702011	0.0360200172	0.0042665474	-0.0726359534	-0.0154638045	-0.0342278323	-0.0005650225	-0.0056007632	-0.0067967271	-0.262626802325916	-1.26680107019489	0.448081059024295	-1.68540061352814
0.417854	-0.0712168	0.0515068	0.00384744	0.00161029	0.0034568	0.00847500000000001	-0.009172	-0.0621502	0.00053206	-5.88500000000005e-05	-0.00027769	0.1232272	0.0243106464	-0.0298113868	-0.0519837232	-0.0184436498	0.0348629988	0.0508059967	0.0122987873	-0.0393893764	-0.048862844	-0.0059686353	0.0433223267	0.0461835398	-0.0004514381	-0.0466025972	-0.0428084497	0.0068647103	0.0491807684	0.0387884217	-0.0131745611	-0.0510179984	-0.0341840202	0.0422010382	-0.0296261674	-0.0635252577	0.046099335	-0.0332827545	0.0766586592	-0.0266161426	-0.0174875843	0.0328640194	0.0158436668	0.881507599915792	-1.1800127101102	0.448081059024295	-1.68540061352814
0.435676	-0.022293	0.0736876	0.00366383	0.00146447	0.00332656	0.017822	0.0489238	0.0221808	-0.00018361	-0.000145819999999999	-0.00013024	0.1119101	0.024110485	-0.0301814655	-0.051896421	-0.0175958911	0.0356971313	0.0504597097	0.010757547	-0.0405559987	-0.0480945804	-0.0037212726	0.0446686685	0.0448445497	-0.0033834701	-0.0479594708	-0.0407694154	0.0104259597	0.0503678575	0.0359441567	-0.01727662	-0.0518495163	-0.0304575546	0.0038531257	-0.0894318089	0.0429845993	0.0179959137	-0.0348110123	0.0259694536	0.0086039493	-0.011771209	-0.0042005958	0.086575555	-1.73244137046695	-0.748846546859001	0.448081059024295	-1.68540061352814
0.434841	-0.0562558	0.0738768	0.00332529	0.00189443	0.0037068	-0.00083500000000003	-0.0339628	0.0001892	-0.00033854	0.00042996	0.00038024	0.092424	0.0239098759	-0.030549302	-0.0518004449	-0.016742904	0.0365146908	0.0500796887	0.009206518	-0.0416744222	-0.0472539781	-0.0014670001	0.0459146523	0.0433856593	-0.0063048856	-0.0491418251	-0.0385600826	0.0139376608	0.0512847364	0.0328837193	-0.0212629165	-0.0522961052	-0.0264818121	0.0588238861	-0.0214308135	-0.026053811	-0.0339118355	-0.0753609818	-0.0050637148	-0.0688142638	-0.0607705407	-0.0391995606	0.0252254687	-0.433668074846421	-0.855802117488492	0.448081059024295	0.592443852028073
0.448693	-0.0021207	0.0706837	0.00302153	0.00169434	0.0034568	0.013852	0.0541351	-0.0031931	-0.00030376	-0.00020009	-0.00025	0.1088727	0.0237088227	-0.0309148693	-0.0516958108	-0.015884942	0.0373152977	0.0496661877	0.0076471118	-0.0427433176	-0.0463423012	0.0007899965	0.0470574788	0.0418107693	-0.009206518	-0.0501453577	-0.0361896802	0.0173831246	0.0519264863	0.0296255153	-0.0251067401	-0.0523544498	-0.0222893319	0.015434491	-0.0215017278	-0.0096448807	0.0796761399	-0.0387086336	0.0039504179	0.017948629	-0.0560851659	-0.0063111775	-0.0156217343	-1.73465709425498	-0.915850837824234	0.448081059024295	0.592443852028073
0.460939	-0.0532469	0.05906	0.00282826	0.0017353	0.0037068	0.012246	-0.0511262	-0.0116237	-0.00019327	4.09599999999998e-05	0.00025	0.0992074	0.0235073292	-0.03127814	-0.0515825363	-0.0150222601	0.0380985803	0.0492194833	0.0060807472	-0.0437614146	-0.0453609212	0.0030455261	0.0480945804	0.0401240904	-0.0120792627	-0.0509664168	-0.0336681095	0.0207459769	0.0522896643	0.02618914	-0.0287823352	-0.0520241169	-0.0179144269	-0.0086282911	0.0370162887	0.0436247408	0.023731073	-0.0407554691	-0.0348679095	-0.0516966227	0.0371087072	0.0499893058	-0.0501835471	-1.60995975102267	-1.48411542630397	0.448081059024295	0.592443852028073
0.448894	-0.0140193	0.0408943	0.00258325	0.00191229	0.00396899	-0.0120450000000001	0.0392276	-0.0181657	-0.00024501	0.00017699	0.00026219	0.1036478	0.0233053991	-0.0316390872	-0.0514606403	-0.0141551145	0.0388641751	0.048739874	0.0045088495	-0.0447275033	-0.044311314	0.0052954007	0.049023627	0.0383301323	-0.0149141057	-0.0516020147	-0.0310059033	0.0240102362	0.0523723222	0.0225952602	-0.0322650733	-0.0513075588	-0.013392903	0.0182669057	-0.0730667356	-0.0309953383	-0.010847528	0.056585868	0.0717726581	0.0378650038	0.0329569767	0.0184451308	0.0189124438	-0.024881257186343	-1.47323133704968	0.448081059024295	0.592443852028073
0.47163	0.00495701	0.0892467	0.00256187	0.00198512	0.00392646	0.022736	0.01897631	0.0483524	-2.13800000000001e-05	7.28299999999999e-05	-4.25300000000007e-05	0.09690171	0.0231030362	-0.0319976841	-0.0513301431	-0.0132837629	0.0396117264	0.0482276804	0.0029328492	-0.0456404355	-0.0431950583	0.0075354425	0.0498425313	0.0364336915	-0.017702152	-0.0520498384	-0.028214182	0.0271603893	0.0521740164	0.0188654898	-0.0355316183	-0.0502100954	-0.0087617663	0.0222079469	0.0316435874	0.0431403126	0.0022703136	-0.0073328995	-0.0163405764	0.0286128851	0.0598955852	-0.0107936513	-0.0452575381	-1.39735734488631	-0.722063426639634	0.448081059024295	0.592443852028073
0.472559	-0.0515718	0.0546738	0.0024644	0.00188417	0.00418968	0.000929000000000013	-0.05652881	-0.0345729	-9.74699999999997e-05	-0.00010095	0.000263220000000001	0.11511271	0.0229002443	-0.032353904	-0.0511910666	-0.0124084642	0.0403408874	0.0476832451	0.0013541801	-0.0464991262	-0.0420138333	0.0097614921	0.0505494535	0.0344398384	-0.0204346535	-0.0523082586	-0.025304607	0.0301814655	0.0516958108	0.0150222601	-0.0385600826	-0.048739874	-0.0040589197	0.0193952451	0.0227751911	-0.0203136519	0.0410664103	0.0239748876	0.0150300257	-0.0380669853	0.0011184733	0.0583239259	-0.0400144748	-2.02503681499668	-0.257884444820268	0.448081059024295	0.592443852028073
0.474915	-0.0024128	0.0548288	0.00205982	0.00220373	0.00393968	0.00235599999999997	0.049159	0.000154999999999995	-0.00040458	0.00031956	-0.00025	0.100377	0.0226970271	-0.0327077205	-0.051043434	-0.0115294786	0.0410513194	0.0471069319	-0.0002257211	-0.047302555	-0.0407694154	0.011969416	0.0511428052	0.032353904	-0.0231030362	-0.0523763346	-0.0222893319	0.0330591074	0.050940271	0.0110886847	-0.0413301739	-0.0469078096	0.0006771467	-0.0039564024	-0.0593844691	0.0270966698	0.0082245536	0.041326455	0.0060009556	0.0283844696	-0.0417957032	0.0308840353	0.0635975988	-1.58316583366239	0.065798152502187	0.448081059024295	0.592443852028073
0.469896	-0.0529392	0.080999	0.00234797	0.00229732	0.00377471	-0.005019	-0.0505264	0.0261702	0.00028815	9.35899999999997e-05	-0.00016497	0.1090511	0.0224933884	-0.0330591074	-0.0508872699	-0.0106470671	0.0417426926	0.0464991262	-0.001805417	-0.0480497669	-0.0394636764	0.0141551145	0.0516212534	0.0301814655	-0.0256989275	-0.0522538189	-0.0191809517	0.0357796393	0.04991145	0.0070884207	-0.043823331	-0.0447275033	0.005407671	0.022753923	0.0423802121	0.0419361032	-0.0247719978	-0.0028008888	-0.0454982534	-0.0589659136	-0.0085251847	-0.0135545093	-0.0576839863	-0.180491098240716	-1.05886731007467	0.448081059024295	0.592443852028073
0.477385	-0.0531672	0.0442947	0.00214195	0.00225194	0.00418968	0.00748900000000008	-0.000228000000000013	-0.0367043	-0.00020602	-4.53799999999998e-05	0.00041497	0.0777398	0.0222893319	-0.0334080384	-0.0507226006	-0.0097614921	0.0424146861	0.0458602343	-0.0033834701	-0.048739874	-0.0380985803	0.016314529	0.0519837232	0.0279283311	-0.028214182	-0.0519411573	-0.0159924506	0.0383301323	0.0486148674	0.0030455261	-0.0460228486	-0.0422151417	0.0100939368	0.0259874846	0.0477697687	-0.0321365621	0.0353723768	0.0422717566	0.0271273977	-0.0026120543	-0.0053018241	0.0786921363	-0.0422692403	-0.184097714333649	-0.874111298309156	0.448081059024295	0.592443852028073
0.470941	-0.0357706	0.00782003	0.00317905	0.00233403	0.00379145	-0.00644400000000006	0.0173966	-0.03647467	0.0010371	8.20899999999999e-05	-0.00039823	0.13618627	0.0220848615	-0.0337544877	-0.0505494535	-0.0088730165	0.0430669878	0.0451906832	-0.0049584444	-0.0493720561	-0.0366761804	0.0184436498	0.0522294002	0.0256005252	-0.0306409077	-0.0514394875	-0.0127371473	0.0406984653	0.0470574788	-0.0010156846	-0.0479139886	-0.0393893764	0.0146975897	-0.0158777077	-0.0282853221	0.0250713634	0.0039051108	0.0768240635	0.0197466801	0.0249017066	0.0280374907	0.0029478548	0.066413409	0.61782726716562	-1.02499293797628	0.448081059024295	0.592443852028073
0.471741	-0.0159825	0.080164	0.00241244	0.00188417	0.00371829	0.000799999999999967	0.0197881	0.07234397	-0.00076661	-0.00044986	-7.31600000000001e-05	0.15741357	0.0218799809	-0.0340984296	-0.0503678575	-0.0079819045	0.043699295	0.0444909208	-0.0065289069	-0.0499455618	-0.0351986159	0.0205385235	0.0523577323	0.0232042715	-0.0329714899	-0.050750635	-0.0094286395	0.0428733831	0.0452476394	-0.0050707869	-0.0494840794	-0.0362711858	0.0191809517	0.0372010863	0.0533926122	0.030313367	-0.0459021416	-0.0065201459	-0.0412601146	-0.046212007	-0.0139403583	-0.0099891656	-0.0275122371	0.101201680244661	-0.868842022500465	0.448081059024295	0.592443852028073
0.470151	-0.0637948	0.0481055	0.00240268	0.00204929	0.00373754	-0.00158999999999992	-0.0478123	-0.0320585	-9.76000000000015e-06	0.00016512	1.92500000000002e-05	0.0911673	0.021674694	-0.0344398384	-0.050177843	-0.0070884207	0.044311314	0.0437614146	-0.0080934286	-0.0504597097	-0.0336681095	0.0225952602	0.0523684314	0.0207459769	-0.0351986159	-0.0498771065	-0.0060807472	0.0448445497	0.0431950583	-0.0090953929	-0.0507226006	-0.0328837193	0.0235073292	0.0096221167	0.0391065394	-0.0362643235	0.0376976106	0.0567579246	0.0316767191	0.0030963769	-0.0201010589	0.0351539631	-0.0184922354	0.412188245680012	-0.918781907658652	0.448081059024295	0.592443852028073
0.484269	-0.041803	0.0933692	0.00183584	0.00223149	0.00374598	0.0141179999999999	0.0219918	0.0452637	-0.00056684	0.0001822	8.43999999999975e-06	0.1192475	0.0214690046	-0.0347786889	-0.0499794418	-0.0061928308	0.0449027607	0.0430026525	-0.0096505858	-0.0509138886	-0.0320869629	0.0246100408	0.0522614734	0.0182322141	-0.0373152977	-0.0488220806	-0.0027074549	0.0466025972	0.0409107473	-0.0130652981	-0.0516212534	-0.0292521253	0.0276413132	0.0064887036	-0.0509318984	0.0525861857	0.0302602067	0.0494192331	0.0330550537	0.0255851777	-0.0134045682	0.0287580231	0.0821977896	0.857479293998976	-0.664104838963341	0.448081059024295	0.592443852028073
0.47468	-0.0752222	0.084913	0.00198855	0.00241803	0.00412446	-0.00958899999999996	-0.0334192	-0.00845620000000004	0.00015271	0.00018654	0.00037848	0.0873509	0.0212629165	-0.0351149558	-0.049772687	-0.0052954007	0.0454733605	0.0422151417	-0.0111989617	-0.0513075588	-0.0304575546	0.0265791242	0.0520370985	0.015669704	-0.0393148935	-0.0475893965	0.0006771467	0.0481391707	0.0384069609	-0.0169566271	-0.0521740164	-0.0254033645	0.0315490697	0.0554922023	0.0225125224	-0.0126655046	-0.0647202585	0.0169173123	0.0072090992	-0.0340998103	-0.0070228204	-0.012983775	-0.0192903413	0.533433733290371	-0.886184542047529	0.448081059024295	0.592443852028073
0.464996	-0.0703719	0.0592829	0.0016166	0.00250816	0.00377471	-0.00968399999999997	0.00485030000000002	-0.0256301	-0.00037195	9.01300000000003e-05	-0.00034975	0.0807559	0.0210564335	-0.0354486142	-0.0495576132	-0.0043963972	0.0460228486	0.0413994086	-0.0127371473	-0.0516402525	-0.0287823352	0.028498854	0.0516958108	0.0130652981	-0.0411911291	-0.0461835398	0.0040589197	0.0494469678	0.0356971313	-0.0207459769	-0.0523771858	-0.0213660101	0.0351986159	0.0258951791	0.0448332368	-0.034397404	0.0213396091	0.0300153218	0.0159099375	0.0463998084	-0.0289829252	-0.0151550599	-0.0292231386	0.344937431577864	-1.10416745692036	0.448081059024295	0.592443852028073
0.476509	-0.0864011	0.0569646	0.00150193	0.00287744	0.00396958	0.011513	-0.0160292	-0.00231830000000001	-0.00011467	0.00036928	0.00019487	0.0638015	0.0208495594	-0.0357796393	-0.0493342563	-0.0034960873	0.0465509697	0.0405559987	-0.014263743	-0.0519115742	-0.0270638244	0.0303656657	0.0512383773	0.0104259597	-0.0429381175	-0.0446096262	0.0074237382	0.0505197734	0.0327957961	-0.024410558	-0.0522294002	-0.0171700353	0.0385600826	-0.0089501964	0.0048660331	0.0578871088	0.0016617552	-0.0004152536	-0.0157733396	-0.0299743545	-0.0079972496	-0.0016064888	0.0298542112	0.451464780127049	-1.10222938852579	0.448081059024295	0.592443852028073
0.47415	-0.109278	0.0051254	0.00134816	0.00261772	0.00393968	-0.002359	-0.0228769	-0.0518392	-0.00015377	-0.00025972	-2.99000000000002e-05	0.0992446	0.0206422981	-0.0361080066	-0.0491026536	-0.0025947387	0.0470574788	0.0396854757	-0.0157773596	-0.0521212014	-0.025304607	0.0321760928	0.0506658255	0.0077587455	-0.0445503769	-0.0428733831	0.010757547	0.051352489	0.0297185201	-0.0279283311	-0.0517316498	-0.0128465907	0.0416059582	0.0009922727	-0.0419310688	-0.0512056747	-0.0590454163	-0.0016584273	0.022430895	0.0259333731	0.0347888128	-0.0741811547	0.0219910459	0.450482678543679	-0.948367854773799	0.448081059024295	0.592443852028073
0.477947	-0.0739958	0.0635904	0.00112377	0.00249468	0.00418968	0.003797	0.0352822	0.058465	-0.00022439	-0.00012304	0.00025	0.1274157	0.0204346535	-0.0364336915	-0.048862844	-0.0016926191	0.0475421407	0.0387884217	-0.01727662	-0.0522688852	-0.0235073292	0.0339267737	0.0499794418	0.0050707869	-0.0460228486	-0.0409811285	0.0140464202	0.0519411573	0.0264818121	-0.03127814	-0.0508872699	-0.0084277735	0.044311314	0.0019983876	0.0292515247	0.0065263194	0.0220114212	-0.0077082949	-0.0293271868	0.0471511854	-0.0272534672	-0.0051731242	-0.0453997101	0.484790425905516	-1.017018342396	0.448081059024295	0.592443852028073
0.481703	-0.106958	0.0619594	0.000768589	0.00244123	0.00393968	0.00375599999999998	-0.0329622	-0.00163100000000001	-0.000355181	-5.345e-05	-0.00025	0.07128075	0.0202266294	-0.0367566699	-0.0486148674	-0.0007899965	0.0480047303	0.0378654364	-0.0187601599	-0.0523544498	-0.021674694	0.0356144575	0.0491807684	0.0023692706	-0.0473509122	-0.0389397479	0.01727662	0.0522829807	0.0231030362	-0.0344398384	-0.0497019183	-0.0039463888	0.0466540082	-0.009983804	0.0393829739	0.0155615744	-0.0192470516	0.0136856574	-0.0209972795	-0.0416801533	0.0220069498	-0.0058731257	-0.0142480319	-1.684465624465	-1.16017868295355	0.448081059024295	0.592443852028073
0.504159	-0.0950116	0.0620003	0.000507428	0.00258512	0.00443968	0.022456	0.0119464	4.08999999999965e-05	-0.000261161	0.00014389	5e-04	0.07969585	0.0200182296	-0.0370769179	-0.0483587652	0.0001128608	0.0484450328	0.0369171367	-0.0202266294	-0.0523777937	-0.0198094581	0.0372360105	0.0482715996	-0.0003385804	-0.0485304007	-0.0367566699	0.0204346535	0.0523763346	0.0196003187	-0.0373944116	-0.0481835374	0.0005642937	0.0486148674	0.0154804789	-0.0389649792	-0.0295725155	-0.024673944	0.0189386155	0.043133781	0.0120191855	-0.0024728868	-0.0310250076	0.0170715276	0.914942553990874	-1.11887117767804	0.448081059024295	0.592443852028073
0.494206	-0.0919703	0.0620878	0.000299178	0.00280747	0.00418968	-0.00995299999999999	0.00304130000000002	8.75000000000042e-05	-0.00020825	0.00022235	-0.000249999999999999	0.0471118	0.0198094581	-0.0373944116	-0.0480945804	0.0010156846	0.048862844	0.0359441567	-0.021674694	-0.0523388891	-0.0179144269	0.0387884217	0.0472539781	-0.0030455261	-0.0495576132	-0.0344398384	0.0235073292	0.0522207755	0.0159924506	-0.0401240904	-0.0463423012	0.0050707869	0.050177843	-0.006061129	0.013671888	0.0172726629	0.0034456663	-0.0030281846	-0.0203351133	0.0243031965	0.0219955827	-0.0225366779	-0.0485149964	0.539663748502087	-0.964245587143749	0.448081059024295	0.592443852028073
0.490172	-0.114895	0.0750767	-0.000110065	0.00270812	0.00418968	-0.00403399999999998	-0.0229247	0.0129889	-0.000409243	-9.93499999999998e-05	0	0.06537725	0.0196003187	-0.0377091275	-0.0478223571	0.0019182066	0.0492579697	0.0349471469	-0.0231030362	-0.0522377823	-0.0159924506	0.0402688086	0.0461301902	-0.0057443291	-0.0504293264	-0.0319976841	0.0264818121	0.0518170426	0.0122987873	-0.0426124582	-0.044190547	0.0095396348	0.0513301431	-0.0041196682	0.070194609	0.0256466962	-0.0014295012	-0.028568072	-0.0383708863	-0.0273474545	0.0122313535	0.0213866497	-0.0371001261	1.04726470860754	-0.790705644373125	0.448081059024295	0.592443852028073
0.48365	-0.119958	0.0179143	0.000220868	0.00278958	0.00418968	-0.00652200000000003	-0.00506299999999998	-0.0571624	0.000330933	8.14599999999998e-05	0	0.0893670499999999	0.0193908153	-0.0380210421	-0.0475421407	0.0028201586	0.0496302266	0.0339267737	-0.0245103563	-0.0520745933	-0.0140464202	0.0416744222	0.0449027607	-0.0084277735	-0.0511428052	-0.0294390937	0.0293456776	0.0511670547	0.0085391442	-0.0448445497	-0.0417426926	0.0139376608	0.0520623368	-0.0181701542	-0.0572156232	-0.032900003	0.0155771838	0.0513844057	0.0596652952	0.0404159908	0.0357211961	0.0116761864	0.0157713963	0.819123235794615	-0.939011007477274	0.448081059024295	0.592443852028073
0.469221	-0.0926953	0.0588402	-0.000297388	0.00264704	0.00418968	-0.014429	0.0272627	0.0409259	-0.000518256	-0.00014254	0	0.1156574	0.0191809517	-0.0383301323	-0.0472539781	0.0037212726	0.0499794418	0.0328837193	-0.0258953737	-0.0518495163	-0.0120792627	0.0430026525	0.0435744473	-0.0110886847	-0.0516958108	-0.0267733776	0.0320869629	0.0502739006	0.0047336909	-0.0468069407	-0.03901514	0.0182322141	0.0523684314	-0.0127332304	0.022349319	0.0151395053	-0.0290867942	-0.0098357815	-0.0295720536	0.0234335588	0.0300131597	-0.0220354161	0.0088021475	0.419640450340879	-1.04001638539448	0.448081059024295	0.592443852028073
0.460812	-0.12247	0.0391513	-0.000156314	0.00274205	0.00375571	-0.008409	-0.0297747	-0.0196889	0.000141074	9.50100000000004e-05	-0.00043397	0.0913753	0.018970732	-0.0386363752	-0.0469579174	0.004621281	0.0503054532	0.0318186811	-0.027256828	-0.0515628185	-0.0100939368	0.0442510332	0.0421482344	-0.0137199483	-0.0520866082	-0.0240102362	0.0346942175	0.0491418251	0.0009028426	-0.0484878293	-0.0360261653	0.0223914121	0.0522459219	-0.0117507226	0.0619320434	0.0048843794	-0.0131383725	-0.042664291	-0.0367530498	-0.0479899717	-0.0215409217	-0.0179152681	-0.0393182274	0.809261508197375	-0.973442454376956	0.448081059024295	0.592443852028073
0.470959	-0.0970631	0.0055797	-0.000165833	0.00294994	0.00413392	0.010147	0.0254069	-0.0335716	-9.51899999999999e-06	0.00020789	0.00037821	0.09890645	0.0187601599	-0.0389397479	-0.0466540082	0.0055199161	0.0506081094	0.030732371	-0.0285934806	-0.0512148408	-0.0080934286	0.0454172463	0.0406273263	-0.016314529	-0.0523139709	-0.0211597241	0.0371565505	0.0477762082	-0.0029328492	-0.0498771065	-0.0327957961	0.0263843771	0.0516958108	-0.0075744446	-0.0530069681	-0.0484566935	-0.0285963233	-0.0012640546	0.060248897	0.0452171564	0.0153724647	-0.047764202	0.0232154475	0.816644558629771	-0.996245020085896	0.448081059024295	0.592443852028073
0.469572	-0.104696	0.0348768	-0.000684274	0.00277969	0.00373859	-0.00138699999999997	-0.00763289999999996	0.0292971	-0.000518441	-0.00017025	-0.00039533	0.09251805	0.0185492395	-0.0392402281	-0.0463423012	0.0064169112	0.0508872699	0.0296255153	-0.0299041152	-0.0508059967	-0.0060807472	0.0464991262	0.03901514	-0.0188654898	-0.0523771858	-0.0182322141	0.0394636764	0.0461835398	-0.006752807	-0.0509664168	-0.0293456776	0.0301814655	0.0507226006	-0.0331537896	0.0158703856	0.0291819007	0.0134816445	-0.050245705	-0.0411698595	0.0687116268	0.0293749103	-0.0234387631	-0.0366763353	0.844402452473213	-0.822050928599142	0.448081059024295	0.592443852028073
0.461299	-0.138966	0.00346938	-0.000309933	0.00282743	0.00359922	-0.00827300000000009	-0.03427	-0.03140742	0.000374341	4.77400000000001e-05	-0.00013937	0.10202297	0.0183379745	-0.0395377932	-0.0460228486	0.0073119995	0.0511428052	0.028498854	-0.0311875391	-0.0503367722	-0.0040589197	0.0474946641	0.0373152977	-0.0213660101	-0.0522760543	-0.015238359	0.0416059582	0.044371389	-0.0105365379	-0.0517492091	-0.0256989275	0.0337544877	0.0493342563	-0.0351962844	0.0226194122	-0.0250872997	0.0170314618	-0.0284027358	-0.0155560545	-0.0049112516	0.0127296289	0.0374492545	-0.0180953364	0.926133269704622	-0.910870385544235	0.448081059024295	0.592443852028073
0.463003	-0.0858187	0.0292884	-0.000738211	0.00319181	0.00372957	0.00170400000000004	0.0531473	0.02581902	-0.000428278	0.00036438	0.00013035	0.12682072	0.018126369	-0.0398324213	-0.0456957037	0.0082049152	0.0513745965	0.0273531403	-0.0324425845	-0.0498077248	-0.0020309873	0.0484020114	0.0355316183	-0.0238094045	-0.0520108938	-0.0121890533	0.0435744473	0.0423483678	-0.014263743	-0.0522207755	-0.0218799809	0.0370769179	0.0475421407	-0.0204224853	-0.0633529047	-0.0159252144	-0.0120293627	0.0132769348	0.0326807717	0.0325450168	-0.0087598202	-0.0124291595	0.0225289576	-0.665199777940615	-0.924550544147215	0.448081059024295	0.592443852028073
0.46485	-0.106586	0.0986997	-0.00134942	0.00306667	0.00400084	0.00184699999999999	-0.0207673	0.0694113	-0.000611209	-0.00012514	0.00027127	0.14240655	0.0179144269	-0.0401240904	-0.0453609212	0.0090953929	0.0515825363	0.02618914	-0.0336681095	-0.0492194833	0	0.0492194833	0.0336681095	-0.02618914	-0.0515825363	-0.0090953929	0.0453609212	0.0401240904	-0.0179144269	-0.0523782801	-0.0179144269	0.0401240904	0.0453609212	0.0012132637	0.0408040965	0.0345895083	-0.001090793	-0.0324763097	-0.0447311319	-0.028736034	0.0275464395	-0.0069745029	-0.0298599367	0.892765796771838	-1.09643608893592	0.448081059024295	0.592443852028073
0.450231	-0.0899987	0.074381	-0.000961928	0.00298387	0.00372557	-0.0146189999999999	0.0165873	-0.0243187	0.000387492	-8.28000000000001e-05	-0.00027527	0.0928031	0.017702152	-0.0404127789	-0.045018557	0.009983168	0.051766528	0.0250076315	-0.0348629988	-0.0485727468	0.0020309873	0.0499455618	0.0317289578	-0.028498854	-0.050992326	-0.0059686353	0.0469579174	0.0377091275	-0.0214690046	-0.0522207755	-0.0138288366	0.0428733831	0.0428084497	0.0232349064	-0.0701923153	-0.0426743208	0.0666935968	0.0289336021	0.0896580031	0.0052073114	-0.030514407	0.0489475081	0.006604023	0.555086256841964	-0.788832037270782	0.448081059024295	0.592443852028073
0.451336	-0.0965357	0.0886628	-0.00134942	0.00320189	0.00371462	0.00110499999999991	-0.006537	0.0142818	-0.000387492	0.00021802	-1.095e-05	0.0527469	0.0174895484	-0.0406984653	-0.0446686685	0.0108679768	0.0519264863	0.0238094045	-0.0360261653	-0.0478682839	0.0040589197	0.0505788988	0.0297185201	-0.030732371	-0.0502421146	-0.0028201586	0.0483587652	0.0351149558	-0.0249084068	-0.0517492091	-0.0096505858	0.0453043854	0.0399056168	-0.0161577555	-0.038585613	0.0574871662	-0.0338136683	0.0040296619	-0.0271266139	0.0058138579	0.0578850336	0.0080686091	0.0402859752	-0.022706245161843	-0.198394997758422	-2.22840312389761	0.592443852028073
0.440444	-0.144778	0.0672234	-0.00102437	0.00320189	0.0035393	-0.010892	-0.0482423	-0.0214394	0.00032505	0	-0.00017532	0.1055922	0.01727662	-0.0409811285	-0.044311314	0.0117495564	0.0520623368	0.0225952602	-0.0371565505	-0.0471069319	0.0060807472	0.0511183183	0.0276413132	-0.0328837193	-0.0493342563	0.0003385804	0.0495576132	0.032353904	-0.028214182	-0.0509664168	-0.005407671	0.0473990497	0.0366761804	0.0334013836	0.0552754207	-0.0276132797	0.0142256155	-0.023450661	-0.0024302024	-0.0461821717	-0.0397663869	0.0073586238	-0.0800249662	-0.681811292853886	-0.664343079463493	-2.22840312389761	0.592443852028073
0.436496	-0.0809846	0.0533188	-0.00115527	0.00320189	0.00341385	-0.00394799999999995	0.0637934	-0.0139046	-0.0001309	0	-0.00012545	0.0944635	0.0170633708	-0.0412607473	-0.0439465533	0.0126276447	0.0521740164	0.0213660101	-0.0382531258	-0.0462895956	0.0080934286	0.0515628185	0.0255020041	-0.0349471469	-0.0482715996	0.0034960873	0.0505494535	0.0294390937	-0.0313685957	-0.0498771065	-0.0011285219	0.0491418251	0.0331465714	-0.0096753936	-0.0432090554	-0.0112447214	0.0410130647	0.0303702436	0.0391204696	0.0128639928	-0.0248356537	0.0338273564	0.0223043457	-0.868764172572085	-0.453714748092366	-2.22840312389761	0.592443852028073
0.43294	-0.109688	0.0310375	-0.000563159	0.00320189	0.00368291	-0.00355600000000006	-0.0287034	-0.0222813	0.000592111	0	0.00026906	0.09759925	0.0168498047	-0.0415373011	-0.0435744473	0.0135019809	0.0522614734	0.0201224762	-0.0393148935	-0.0454172463	0.0100939368	0.0519115742	0.0233053991	-0.0369171367	-0.0470574788	0.0066408724	0.0513301431	0.0263843771	-0.0343547251	-0.0484878293	0.003158189	0.0505197734	0.0293456776	0.0119165892	-0.0132412892	0.0067845907	-0.0495174332	-0.0507387007	-0.0449268264	-0.0620494381	0.002101488	-0.0866236501	0.02029003	0.211181999806588	-0.756230266932233	-2.22840312389761	0.592443852028073
0.430757	-0.0509476	0.0349081	-0.000439981	0.00320189	0.00354373	-0.00218299999999999	0.0587404	0.0038706	0.000123178	0	-0.00013918	0.0779119	0.0166359256	-0.0418107693	-0.0431950583	0.0143723053	0.052324667	0.0188654898	-0.0403408874	-0.0444909208	0.0120792627	0.0521639377	0.0210564335	-0.0387884217	-0.0456957037	0.0097614921	0.051896421	0.0232042715	-0.0371565505	-0.0468069407	0.0074237382	0.0515226647	0.025304607	-0.0027552768	-0.0005644266	-0.0272339232	0.0495563071	-0.0159952051	-0.0036590807	0.0204082695	-0.0715150799	0.0010114388	0.0088662331	0.860259963217991	-0.478720434982648	-2.22840312389761	0.592443852028073
0.427625	-0.0782471	0.038695	-0.000666322	0.00334224	0.00348787	-0.00313199999999997	-0.0272995	0.0037869	-0.000226341	0.00014035	-5.586e-05	0.05534595	0.0164217376	-0.0420811315	-0.0428084497	0.015238359	0.0523635681	0.0175958911	-0.0413301739	-0.0435117199	0.0140464202	0.0523194405	0.0187601599	-0.0405559987	-0.044190547	0.0128465907	0.0522459219	0.0199138901	-0.0397590408	-0.0448445497	0.0116395445	0.0521430537	0.0210564335	-0.0257306925	-0.0375826458	0.0858454394	-0.0412779566	-0.0110465795	-0.0425969764	-0.0261125643	-0.0025606826	0.0092514121	0.0600696075	0.817915267577931	0.00240363182291	-2.22840312389761	0.592443852028073
0.43144	-0.111378	-0.00494037	-0.00059087	0.00336459	0.00354373	0.00381500000000001	-0.0331309	-0.04363537	7.5452e-05	2.23500000000004e-05	5.586e-05	0.08826437	0.0162072446	-0.0423483678	-0.0424146861	0.016099885	0.0523781585	0.016314529	-0.0422818529	-0.0424808075	0.0159924506	0.0523777937	0.0164217376	-0.0422151417	-0.0425467316	0.015884942	0.0523771858	0.01652887	-0.0421482344	-0.0426124582	0.0157773596	0.0523763346	0.0166359256	-0.0094471922	0.0240009733	-0.0769690391	-0.0129120783	-0.0235361526	0.0197143925	0.0367817775	-0.0014097842	-0.0276803911	-0.0271525732	-0.837910232766075	-0.086971388878871	-2.22840312389761	-1.68540061352814
0.436368	-0.0720817	0.0124424	-0.001116	0.00320189	0.00347049	0.00492800000000004	0.0392963	0.01738277	-0.00052513	-0.0001627	-7.324e-05	0.09966057	0.0159924506	-0.0426124582	-0.0420138333	0.0169566271	0.0523684314	0.0150222601	-0.0431950583	-0.0413994086	0.0179144269	0.0523388891	0.0140464202	-0.0437614146	-0.0407694154	0.0188654898	0.0522896643	0.0130652981	-0.044311314	-0.0401240904	0.0198094581	0.0522207755	0.0120792627	-0.051323849	-0.0171955361	0.0026779697	0.0508081684	0.0187456896	-0.009388805	0.0491511839	-0.072688534	0.0667506473	0.0190096202	0.956703900252055	-0.267042458103298	-2.22840312389761	0.592443852028073
0.433112	-0.0896017	0.0374807	-0.001116	0.0032671	0.00354373	-0.00325600000000004	-0.01752	0.0250383	0	6.52099999999996e-05	7.324e-05	0.0527368	0.0157773596	-0.0428733831	-0.0416059582	0.0178083308	0.0523343914	0.0137199483	-0.0440689593	-0.0402688086	0.0198094581	0.0522027989	0.0116395445	-0.0451906832	-0.0388641751	0.021777388	0.0519837232	0.0095396348	-0.046236675	-0.0373944116	0.0237088227	0.0516775313	0.0074237382	-0.0195306251	-0.024062501	0.0388928543	-0.0652638636	-0.0161256703	-0.0574313889	-0.0330171771	0.0024700683	-0.0354221775	0.0495110479	0.274289694849759	-0.82778030905699	-2.22840312389761	-1.68540061352814
0.438142	-0.108126	0.00584849	-0.000614669	0.00305783	0.00414946	0.00503000000000003	-0.0185243	-0.03163221	0.000501331	-0.00020927	0.00060573	0.12100306	0.0155619757	-0.0431311232	-0.0411911291	0.018654743	0.0522760543	0.0124084642	-0.0449027607	-0.039090351	0.021674694	0.0519697758	0.009206518	-0.0464991262	-0.0368369888	0.0246100408	0.0514606403	0.0059686353	-0.0479139886	-0.0344398384	0.0274493255	0.050750635	0.0027074549	-0.0109053593	0.0518954424	-0.0526336097	0.0312107563	-0.0023607648	-0.0159338193	0.0052093394	-0.019853631	-0.0002401435	-0.034242111	0.804891964809694	-0.967177190059137	-2.22840312389761	0.592443852028073
0.437743	-0.0791574	0.00786949	-0.000360964	0.00300045	0.00358929	-0.000398999999999983	0.0289686	0.002021	0.000253705	-5.73800000000001e-05	-0.00056017	0.07495135	0.0153463027	-0.0433856593	-0.0407694154	0.0194956122	0.0521934471	0.0110886847	-0.0456957037	-0.0378654364	0.0235073292	0.0516402525	0.006752807	-0.0476832451	-0.0346942175	0.0273531403	0.0507226006	0.0023692706	-0.0493342563	-0.03127814	0.0310059033	0.0494469678	-0.0020309873	-0.0429176578	-0.0477967422	0.0024912544	0.029634012	0.0511412311	0.0230349353	0.0250579962	-0.0413951251	0.0196615883	0.0431673319	0.573225020583207	-0.598829975684216	0.448081059024295	-1.68540061352814
0.44762	-0.107431	0.031222	-0.000270881	0.00320189	0.00382082	0.00987699999999991	-0.0282736	0.02335251	9.0083e-05	0.00020144	0.00023153	0.08765576	0.0151303447	-0.0436369724	-0.0403408874	0.0203306886	0.0520866082	0.0097614921	-0.0464470668	-0.0365955205	0.025304607	0.0512148408	0.0042839244	-0.048739874	-0.0324425845	0.0299967047	0.049772687	-0.0012413539	-0.0504898588	-0.0279283311	0.0343547251	0.0477762082	-0.006752807	-0.0166796312	0.0585312855	0.0502774844	-0.0326491467	-0.0437474604	-0.1089244567	-0.0691071862	-0.001505856	-0.0396363077	-0.0160815023	0.964883618550348	-0.641895319996339	0.448081059024295	0.592443852028073
0.436833	-0.113588	-0.0397456	-7.82948e-05	0.00292809	0.00401535	-0.010787	-0.00615700000000001	-0.0709676	0.0001925862	-0.0002738	0.00019453	0.12095741	0.0149141057	-0.043885044	-0.0399056168	0.0211597241	0.0519555872	0.0084277735	-0.0471561663	-0.0352821126	0.0270638244	0.0506943307	0.001805417	-0.0496661877	-0.0300891549	0.0325311144	0.0486148674	-0.0048460789	-0.0513745965	-0.024410558	0.0374733519	0.0457507597	-0.0114193591	-0.0498803501	-0.0264684357	-0.0588471348	0.0203700068	0.0468822876	0.0471878229	0.0330067754	0.0276857362	0.0140082608	0.0082388555	1.02589214814218	-0.859314997859401	0.448081059024295	-1.68540061352814
0.42988	-0.0654687	0.0470096	-0.000566125	0.00302098	0.0037384	-0.00695299999999993	0.0481193	0.0867552	-0.0004878302	9.289e-05	-0.00027695	0.18471101	0.0146975897	-0.0441298556	-0.0394636764	0.0219824722	0.0518004449	0.0070884207	-0.0478223571	-0.0339267737	0.0287823352	0.0500796887	-0.0006771467	-0.0504597097	-0.0276413132	0.0349471469	0.0472539781	-0.0084277735	-0.0519837232	-0.0207459769	0.0403408874	0.0433856593	-0.0159924506	-0.0030793609	-0.0055090063	0.0417957198	-0.0357945439	0.0056501095	-0.0329830312	0.0067916864	0.0535427374	-0.0127545663	0.0086394807	0.978575319244575	-0.812459453042125	0.448081059024295	-1.68540061352814
0.423351	-0.135263	0.0143621	0.000137134	0.00337191	0.00367772	-0.00652900000000001	-0.0697943	-0.0326475	0.000703259	0.00035093	-6.068e-05	0.16471425	0.0144808008	-0.044371389	-0.03901514	0.0227986886	0.0516212534	0.0057443291	-0.0484450328	-0.0325311144	0.0304575546	0.0493720561	-0.003158189	-0.0511183183	-0.0251067401	0.0372360105	0.0456957037	-0.011969416	-0.0523139709	-0.0169566271	0.0429381175	0.0406984653	-0.0204346535	-0.0057167551	0.046717637	-0.0247797152	-0.0185512384	0.0378789265	0.0032172314	0.0016514559	0.041997767	0.031638394	-0.0311768096	0.547907044074941	-1.02484603850074	0.448081059024295	0.592443852028073
0.422153	-0.112791	0.00846405	-0.000348973	0.00350757	0.00372848	-0.00119800000000003	0.022472	-0.00589805	-0.000486107	0.00013566	5.076e-05	0.0631943999999999	0.014263743	-0.0446096262	-0.0385600826	0.0236081307	0.0514180959	0.0043963972	-0.049023627	-0.0310967934	0.0320869629	0.0485727468	-0.0056321357	-0.0516402525	-0.0224933884	0.0393893764	0.0439465533	-0.015454175	-0.0523635681	-0.0130652981	0.0452476394	0.0377091275	-0.024709611	-0.0021581584	-0.0558635833	-0.0201048785	-0.0241586887	0.02923831	0.0358098818	0.0216691528	0.0064184367	-0.0552320065	0.0620740348	0.167569383695323	-0.912929181862508	0.448081059024295	0.592443852028073
0.427207	-0.0941173	0.052188	-0.000799492	0.00306569	0.00366917	0.00505399999999995	0.0186737	0.04372395	-0.000450519	-0.00044188	-5.93100000000004e-05	0.1150371	0.0140464202	-0.0448445497	-0.0380985803	0.024410558	0.0511910666	0.0030455261	-0.0495576132	-0.0296255153	0.0336681095	0.0476832451	-0.0080934286	-0.0520241169	-0.0198094581	0.0413994086	0.0420138333	-0.0188654898	-0.0521322486	-0.0090953929	0.0472539781	0.0344398384	-0.0287823352	-0.0009031188	0.0407823943	0.0391289717	0.0280033925	-0.0209159864	-0.0484565217	-0.0053231918	0.0047840526	0.0021895695	-0.051471446	0.664650256794586	-0.767792441664915	0.448081059024295	0.592443852028073
0.419153	-0.12116	0.0388787	-0.000273145	0.00321407	0.00370245	-0.00805399999999995	-0.0270427	-0.0133093	0.000526347	0.00014838	3.32800000000001e-05	0.08380635	0.0138288366	-0.0450761418	-0.0376307102	0.0252057321	0.050940271	0.0016926191	-0.0500465054	-0.0281190288	0.0351986159	0.0467052026	-0.0105365379	-0.0522688852	-0.0170633708	0.0432587929	0.0399056168	-0.0221871482	-0.0516212534	-0.0050707869	0.04894369	0.0309148693	-0.0326194932	0.0024938413	0.0105445724	0.0061825196	-0.0275888281	0.023248212	0.0022832618	-0.0230069296	0.0739809078	0.0438740318	-0.0182936686	0.6507538818919	-0.753015716052123	0.448081059024295	0.592443852028073
0.413857	-0.0956481	0.011493	-0.000533534	0.00323508	0.0035521	-0.00529600000000002	0.0255118999999999	-0.0273857	-0.000260389	2.10100000000001e-05	-0.00015035	0.07978105	0.0136109962	-0.0453043854	-0.0371565505	0.0259934166	0.0506658255	0.0003385804	-0.0504898588	-0.0265791242	0.0366761804	0.0456404355	-0.0129559745	-0.0523739028	-0.014263743	0.0449607632	0.0376307102	-0.0254033645	-0.0508333239	-0.0010156846	0.0503054532	0.0271603893	-0.0361896802	0.0226574696	-0.0008169359	-0.0528916647	-0.0073288046	-0.0015873674	0.0195039303	0.0198574786	-0.0244314133	-0.0205385593	0.0199139553	0.54003238515547	-0.784568830519383	0.448081059024295	0.592443852028073
0.419488	-0.0750133	0.0440421	-0.000306767	0.00330928	0.00360834	0.00563100000000005	0.0206348	0.0325491	0.000226767	7.42e-05	5.62399999999999e-05	0.07667525	0.013392903	-0.0455292636	-0.0366761804	0.0267733776	0.0503678575	-0.0010156846	-0.0508872699	-0.0250076315	0.0380985803	0.0444909208	-0.0153463027	-0.0523388891	-0.0114193591	0.0464991262	0.0351986159	-0.028498854	-0.049772687	0.0030455261	0.0513301431	0.0232042715	-0.0394636764	-0.0185206316	0.0445141469	0.0553991012	0.0018153142	-0.0108236198	-0.0423804529	-0.0030175145	0.0531802967	0.011017791	-0.0212925068	1.11079374251854	-0.785374858024535	0.448081059024295	0.592443852028073
0.415444	-0.105056	-0.00365728	-6.27488e-05	0.00342408	0.00353384	-0.00404400000000005	-0.0300427	-0.04769938	0.0002440182	0.0001148	-7.44999999999999e-05	0.10345199	0.0131745611	-0.0457507597	-0.0361896802	0.0275453833	0.0500465054	-0.0023692706	-0.0512383773	-0.0234064185	0.0394636764	0.0432587929	-0.017702152	-0.0521639377	-0.0085391442	0.0478682839	0.0326194932	-0.0314589057	-0.0484450328	0.0070884207	0.0520108938	0.0190758861	-0.0424146861	0.011636976	-0.0321597822	-0.045966965	-0.0507327777	0.0354673613	0.0430256729	-0.0063086856	0.0192588203	-0.0024892211	0.022995633	-0.767601574835637	-0.66408569733573	0.448081059024295	0.592443852028073
0.409624	-0.118132	0.0331917	-0.00124679	0.00364293	0.0033034	-0.00581999999999999	-0.013076	0.03684898	-0.0011840412	0.00021885	-0.00023044	0.13741154	0.0129559745	-0.0459688572	-0.0356971313	0.0283092043	0.0497019183	-0.0037212726	-0.0515428613	-0.021777388	0.0407694154	0.0419463399	-0.0200182296	-0.0518495163	-0.0056321357	0.0490632542	0.0299041152	-0.0342694522	-0.0468574839	0.0110886847	0.0523431439	0.0148058821	-0.045018557	-0.0273342098	0.0059187152	-0.0061184471	0.0444865437	-0.026923756	-0.0143095257	0.0555410324	-0.041303441	0.0101266547	-0.0225216701	0.969360239453082	-0.722232638990886	0.448081059024295	0.592443852028073
0.405257	-0.134425	0.0379403	-0.00101055	0.00372463	0.00336681	-0.00436699999999995	-0.016293	0.00474860000000001	0.00023624	8.17000000000001e-05	6.34100000000003e-05	0.0444761	0.0127371473	-0.0461835398	-0.0351986159	0.0290646136	0.0493342563	-0.0050707869	-0.0518004449	-0.0201224762	0.0420138333	0.0405559987	-0.0222893319	-0.0513964655	-0.0027074549	0.0500796887	0.0270638244	-0.0369171367	-0.045018557	0.0150222601	0.052324667	0.0104259597	-0.0472539781	-0.0026016634	0.0296248272	0.0218401864	-0.0073445889	-0.0474230065	-0.010958775	-0.0500092783	0.0024800954	0.0464516619	0.0086833894	-0.510349518008644	-0.78906131526607	0.448081059024295	0.592443852028073
0.408745	-0.104084	0.0122088	-0.000589416	0.00349685	0.00336681	0.00348799999999994	0.030341	-0.0257315	0.000421134	-0.00022778	0	0.0920062	0.0125180835	-0.0463947917	-0.0346942175	0.0298113868	0.04894369	-0.0064169112	-0.0520108938	-0.0184436498	0.0431950583	0.039090351	-0.0245103563	-0.0508059967	0.0002257211	0.0509138886	0.024110485	-0.0393893764	-0.0429381175	0.0188654898	0.0519555872	0.0059686353	-0.0491026536	0.0073747227	-0.037086248	-0.0422013309	-0.0224254268	-0.0185229294	0.0531013136	0.0154701704	0.0175525881	-0.0494430627	0.0248919297	1.17006979137855	-0.636195391289281	0.448081059024295	0.592443852028073
0.420802	-0.0993225	0.0482144	-0.00100261	0.00332603	0.00336681	0.0120570000000001	0.00476149999999999	0.0360056	-0.000413194	-0.00017082	0	0.0820248	0.0122987873	-0.0466025972	-0.0341840202	0.030549302	0.0485304007	-0.0077587455	-0.0521740164	-0.016742904	0.044311314	0.0375521182	-0.0266763128	-0.0500796887	0.003158189	0.0515628185	0.0210564335	-0.0416744222	-0.0406273263	0.0225952602	0.0512383773	0.0014670001	-0.0505494535	-0.0060416312	-0.0014980901	0.0388560956	0.0245846448	-0.0851379496	-0.0195057672	0.0081870977	0.0142884191	-0.0221698803	-0.0390794522	0.721482484451684	0.078062226257308	0.448081059024295	0.592443852028073
0.401403	-0.118782	0.0366439	-0.00117049	0.00306569	0.00336681	-0.0193990000000001	-0.0194595	-0.0115705	-0.00016788	-0.00026034	0	0.07184	0.0120792627	-0.0468069407	-0.0336681095	0.03127814	0.0480945804	-0.0090953929	-0.0522896643	-0.0150222601	0.0453609212	0.0359441567	-0.0287823352	-0.0492194833	0.0060807472	0.0520241169	0.0179144269	-0.0437614146	-0.0380985803	0.02618914	0.050177843	-0.0030455261	-0.0515825363	-0.007970898	0.0301334718	-0.0552297396	0.0480342614	-0.0080934253	0.0273994914	0.0201824231	-0.0151813727	0.0496203646	-0.0491811127	0.194085289903237	-0.536760274056154	0.448081059024295	0.592443852028073
0.405372	-0.088491	0.0481165	-0.0010002	0.00306569	0.00356053	0.00396899999999995	0.030291	0.0114726	0.00017029	0	0.00019372	0.0639331	0.0118595137	-0.0470078072	-0.0331465714	0.0319976841	0.0476364314	-0.0104259597	-0.0523577323	-0.0132837629	0.0463423012	0.0342694522	-0.0308236917	-0.0482276804	0.0089842256	0.0522961052	0.0146975897	-0.0456404355	-0.0353654455	0.0296255153	0.0487810905	-0.0075354425	-0.0521934471	-0.0132161499	-0.0323863902	0.0209935396	0.0322422955	0.0463838209	0.0327879857	0.0173136859	-0.0135476056	0.0210472263	0.0473449933	1.27454928245236	-0.984111072562765	0.448081059024295	0.592443852028073
0.417884	-0.134599	0.0390418	-0.0010002	0.00306569	0.00336681	0.0125120000000001	-0.046108	-0.0090747	0	0	-0.00019372	0.0773807	0.0116395445	-0.0472051818	-0.0326194932	0.0327077205	0.0471561663	-0.0117495564	-0.0523781585	-0.0115294786	0.0472539781	0.0325311144	-0.0327957961	-0.0471069319	0.0118595137	0.0523777937	0.0114193591	-0.047302555	-0.0324425845	0.0328837193	0.0470574788	-0.011969416	-0.0523771858	0.0190340136	0.0187778303	-0.007386155	-0.0557635342	-0.0482326146	-0.0561164444	-0.0610880729	-0.0281293463	-0.0838371041	0.0081307438	0.36456970357593	-0.905470587908187	0.448081059024295	0.592443852028073
0.407755	-0.0699316	0.0165467	1.88009e-05	0.00306569	0.00342004	-0.010129	0.0646674	-0.0224951	0.0010190009	0	5.323e-05	0.150903045	0.0114193591	-0.0473990497	-0.0320869629	0.0334080384	0.0466540082	-0.0130652981	-0.0523509242	-0.0097614921	0.0480945804	0.030732371	-0.0346942175	-0.0458602343	0.0146975897	0.0522688852	0.0080934286	-0.048739874	-0.0293456776	0.0359441567	0.045018557	-0.016314529	-0.0521322486	0.0183467604	0.0062231981	-0.0414846275	0.0755411362	-0.0401435915	0.0209520885	0.0308284592	-0.1047927364	-0.0168779991	-0.0104742127	-0.155120977213401	-0.764814660448413	0.448081059024295	0.592443852028073
0.41085	-0.089521	0.0195724	-0.000298976	0.00320143	0.00336681	0.00309499999999996	-0.0195894	0.0030257	-0.0003177769	0.00013574	-5.323e-05	0.051047445	0.0111989617	-0.0475893965	-0.0315490697	0.0340984296	0.0461301902	-0.0143723053	-0.0522760543	-0.0079819045	0.048862844	0.0288765622	-0.0365146908	-0.0444909208	0.0174895484	0.0519697758	0.0047336909	-0.0499455618	-0.0260913389	0.0387884217	0.042677987	-0.0205385235	-0.0514606403	-0.0277020082	-0.0415283316	0.0630710139	0.0026118322	-0.0241882311	-0.0132391312	-0.0093075955	0.0370019983	0.0255422612	0.0597218859	-0.78386062626186	-0.956237529383591	0.448081059024295	0.592443852028073
0.397337	-0.0944399	0.0338714	-0.000620327	0.00320584	0.00336681	-0.013513	-0.00491889999999999	0.014299	-0.000321351	4.41000000000026e-06	0	0.04901895	0.0109783563	-0.0477762082	-0.0310059033	0.0347786889	0.0455849554	-0.015669704	-0.0521536168	-0.0061928308	0.0495576132	0.0269671338	-0.0382531258	-0.0430026525	0.0202266294	0.0514815542	0.0013541801	-0.0509138886	-0.0226970271	0.0413994086	0.0400514517	-0.0246100408	-0.0503678575	0.0368096287	-0.0373271893	-0.0667890053	-0.0522034068	-0.0195571084	0.0396395464	0.0127470138	0.0070406327	-0.0317227874	-0.0075473575	-0.872687559647048	-1.40143287400499	0.448081059024295	0.592443852028073
0.389792	-0.0412662	0.10105	-0.00129969	0.00296647	0.00336681	-0.00754499999999997	0.0531737	0.0671786	-0.000679363	-0.00023937	0	0.17383395	0.010757547	-0.0479594708	-0.0304575546	0.0354486142	0.045018557	-0.0169566271	-0.0519837232	-0.0043963972	0.050177843	0.0250076315	-0.0399056168	-0.0413994086	0.0229002443	0.0508059967	-0.0020309873	-0.0516402525	-0.0191809517	0.0437614146	0.0371565505	-0.028498854	-0.048862844	0.0345747805	0.0152798011	0.0384004264	0.0450296557	-0.0345822241	0.0046651213	0.0110947764	-0.0368737617	0.0229170959	-0.0066983321	-0.527425035487142	-0.956863651789286	0.448081059024295	0.592443852028073
0.386565	-0.102833	0.0488173	-0.000343561	0.00306569	0.00336681	-0.00322700000000004	-0.0615668	-0.0522327	0.000956129	9.92199999999997e-05	0	0.16979395	0.0105365379	-0.0481391707	-0.0299041152	0.0361080066	0.044431258	-0.0182322141	-0.051766528	-0.0025947387	0.0507226006	0.0230016937	-0.0414684511	-0.0396854757	0.0255020041	0.0499455618	-0.005407671	-0.0521212014	-0.0155619757	0.0458602343	0.0340126806	-0.0321760928	-0.0469579174	0.0262484943	-0.025757446	-0.02309314	0.0071618497	0.0016223351	0.0382235024	-0.0438349883	0.0362269936	0.0473631845	-0.0015191706	-0.029315493239368	0.11326187266585	0.448081059024295	0.592443852028073
0.383133	-0.0411276	0.0796674	-0.000328198	0.00306569	0.00336681	-0.00343199999999999	0.0617054	0.0308501	1.5363e-05	0	0	0.09675565	0.0103153331	-0.0483152946	-0.0293456776	0.0367566699	0.043823331	-0.0194956122	-0.051502229	-0.0007899965	0.0511910666	0.0209530451	-0.0429381175	-0.0378654364	0.028023745	0.0489033805	-0.0087617663	-0.0523544498	-0.0118595137	0.0476832451	0.0306409077	-0.0356144575	-0.0446686685	0.0289426141	-0.0486796712	0.0127937806	-0.0190222173	-0.0371273388	0.0250744606	-0.0046460298	0.0024856577	-0.0375586511	0.0631854772	-0.657461754391913	-1.06654154760299	0.448081059024295	0.592443852028073
0.388013	-0.108867	0.0670195	-0.000315104	0.00306569	0.00336681	0.00488	-0.0677394	-0.0126479	1.3094e-05	0	0	0.085922	0.0100939368	-0.0484878293	-0.0287823352	0.0373944116	0.0431950583	-0.0207459769	-0.0511910666	0.0010156846	0.0515825363	0.0188654898	-0.044311314	-0.0359441567	0.0304575546	0.0476832451	-0.0120792627	-0.0523388891	-0.0080934286	0.0492194833	0.0270638244	-0.0387884217	-0.0420138333	0.0378744315	0.0278013813	-0.0057467494	0.003568496	-0.0785850768	-0.0259853464	-0.0466474545	-0.0388007332	-0.0428011583	-0.0471200926	-1.42815216898089	-1.2107542444698	0.448081059024295	-1.68540061352814
0.382631	-0.0493547	0.0657514	-2.91133e-05	0.00315185	0.00309608	-0.005382	0.0595123	-0.00126810000000002	0.0002859907	8.61600000000001e-05	-0.00027073	0.098306435	0.009872353	-0.0486567622	-0.028214182	0.0380210421	0.0425467316	-0.0219824722	-0.0508333239	0.0028201586	0.051896421	0.016742904	-0.0455849554	-0.0339267737	0.0327957961	0.0462895956	-0.0153463027	-0.0520745933	-0.0042839244	0.0504597097	0.0233053991	-0.0416744222	-0.03901514	0.0081728877	-0.015379261	-0.0093426602	0.0904486557	-0.0178016316	0.0048288105	0.0254375162	-0.0563673122	0.0529863824	0.001472421	-0.129296892137895	-1.19858789703762	0.448081059024295	-1.68540061352814
0.381352	-0.0877252	0.0854806	-3.35982e-05	0.00306569	0.00294007	-0.00127899999999997	-0.0383705	0.0197292	-4.4849e-06	-8.61600000000001e-05	-0.00015601	0.071711445	0.0096505858	-0.0488220806	-0.0276413132	0.0386363752	0.0418786518	-0.0232042715	-0.0504293264	0.004621281	0.0521322486	0.0145892291	-0.0467561802	-0.0318186811	0.0350311327	0.0447275033	-0.0185492395	-0.0515628185	-0.0004514381	0.0513964655	0.0193908153	-0.0442510332	-0.0356971313	0.0089033843	-0.0222408544	0.0688423611	-0.0173915135	-0.0124770339	-0.0082312442	-0.0571739535	-0.000632759	0.0288431552	0.0256281543	-0.207800326142181	-0.80722870562808	0.448081059024295	-1.68540061352814
0.374325	-0.0841296	0.068977	-2.45977e-05	0.00306569	0.00310428	-0.00702700000000001	0.00359559999999999	-0.0165036	9.0005e-06	0	0.00016421	0.035786725	0.0094286395	-0.0489837722	-0.0270638244	0.0392402281	0.0411911291	-0.024410558	-0.0499794418	0.0064169112	0.0522896643	0.0124084642	-0.0478223571	-0.0296255153	0.0371565505	0.0430026525	-0.021674694	-0.0508059967	0.0033834701	0.0520241169	0.0153463027	-0.0464991262	-0.0320869629	0.0642046787	-0.0057944026	-0.0653499058	-0.0223570078	0.0180509172	0.0546368173	0.0288551485	0.0218873908	-0.0312694595	0.0124357007	0.365133812463823	-0.126826808831123	0.448081059024295	0.592443852028073
0.358052	-0.0217869	0.114341	-0.000937161	0.00351417	0.00301671	-0.016273	0.0623427	0.045364	-0.0009125633	0.00044848	-8.75699999999999e-05	0.196410365	0.009206518	-0.0491418251	-0.0264818121	0.0398324213	0.0404844828	-0.0256005252	-0.0494840794	0.0082049152	0.0523684314	0.0102046586	-0.0487810905	-0.0273531403	0.0391653804	0.0411213197	-0.024709611	-0.0498077248	0.0072002268	0.0523388891	0.0111989617	-0.0484020114	-0.028214182	0.0294598943	0.0498941154	0.0731540246	0.0219603594	0.0060911879	-0.0276152994	0.0116311876	0.0595820107	0.0158239983	-0.0447524055	0.531572703770947	-0.262731951116384	-2.22840312389761	0.592443852028073
0.361698	-0.0691331	0.0567459	-3.23418e-05	0.00351417	0.00302881	0.00364600000000004	-0.0473462	-0.0575951	0.0009048192	0	1.20999999999997e-05	0.15443326	0.0089842256	-0.0492962274	-0.0258953737	0.0404127789	0.0397590408	-0.0267733776	-0.04894369	0.009983168	0.0523684314	0.0079819045	-0.0496302266	-0.0250076315	0.0410513194	0.039090351	-0.0276413132	-0.0485727468	0.0109783563	0.0523388891	0.0069765817	-0.0499455618	-0.024110485	0.0357191546	0.0117052942	-0.0063008995	0.0163343737	0.0357685759	0.0472467835	-0.0476959536	0.0226697383	0.0491998223	-0.0052678988	-0.276872573391	-0.285937898287036	-2.22840312389761	0.592443852028073
0.350579	-0.0207274	0.072231	-0.000486502	0.00356925	0.00292535	-0.011119	0.0484057	0.0154851	-0.0004541602	5.50799999999999e-05	-0.00010346	0.10564481	0.0087617663	-0.0494469678	-0.025304607	0.0409811285	0.03901514	-0.0279283311	-0.0483587652	0.0117495564	0.0522896643	0.0057443291	-0.0503678575	-0.0225952602	0.0428084497	0.0369171367	-0.0304575546	-0.0471069319	0.0146975897	0.0520241169	0.0027074549	-0.0511183183	-0.0198094581	0.0004485804	-0.0779677878	0.0139600143	0.0316348076	0.0500879614	0.030117824	0.0082555701	-0.0461943947	-0.0162316381	0.0633196948	-0.038004945124941	-0.096038662961058	-2.22840312389761	0.592443852028073
0.321343	-0.0339205	0.10654	-0.00013813	0.00351417	0.00287524	-0.029236	-0.0131931	0.034309	0.000348372	-5.50799999999999e-05	-5.01100000000003e-05	0.0994162	0.0085391442	-0.049594035	-0.024709611	0.0415373011	0.0382531258	-0.0290646136	-0.0477298374	0.0135019809	0.0521322486	0.0034960873	-0.050992326	-0.0201224762	0.044431258	0.034609585	-0.0331465714	-0.0454172463	0.0183379745	0.0513964655	-0.0015798132	-0.0519115742	-0.0153463027	0.0450295517	0.0352256485	0.0404870966	-0.0572585609	0.0090320899	-0.0425233471	-0.0899832819	-0.0139868101	-0.0415081317	-0.006406048	-1.94793542720511	-0.318021277863026	-2.22840312389761	0.592443852028073
0.318897	-0.0338913	0.0614977	0.000302717	0.00351417	0.00281223	-0.002446	2.92000000000001e-05	-0.0450423	0.000440847	0	-6.30099999999996e-05	0.07271035	0.0083163637	-0.0497374181	-0.024110485	0.0420811315	0.0374733519	-0.0301814655	-0.0470574788	0.015238359	0.051896421	0.0012413539	-0.051502229	-0.0175958911	0.0459146523	0.0321760928	-0.0356971313	-0.0435117199	0.0218799809	0.0504597097	-0.0058564958	-0.0523194405	-0.010757547	0.048998791	0.0500326376	-0.0528730357	0.0428376771	0.0295496245	0.0331705766	0.0055690404	-0.0706762628	-0.0119953005	-0.0197448978	0.245600170855823	-0.185110757483582	0.448081059024295	-1.68540061352814
0.326363	-0.0449207	0.0908261	-6.23834e-05	0.00315965	0.00281223	0.00746600000000003	-0.0110294	0.0293284	-0.0003651004	-0.00035452	0	0.08380482	0.0080934286	-0.0498771065	-0.0235073292	0.0426124582	0.0366761804	-0.03127814	-0.0463423012	0.0169566271	0.0515825363	-0.0010156846	-0.051896421	-0.0150222601	0.0472539781	0.0296255153	-0.0380985803	-0.0413994086	0.025304607	0.0492194833	-0.0100939368	-0.0523388891	-0.0060807472	0.0088242327	-0.0117441243	0.0457058244	0.048706983	0.0416102038	0.0097053438	0.0142989579	-0.0091030839	0.0676549563	-0.0004221332	-0.64793966328773	-0.010316634726858	0.448081059024295	0.592443852028073
0.343334	-0.113038	0.0808746	-0.000146728	0.00314184	0.00281223	0.016971	-0.0681173	-0.0099515	-8.43446e-05	-1.781e-05	0	0.10014753	0.0078703433	-0.0500130897	-0.0229002443	0.0431311232	0.0358619813	-0.032353904	-0.0455849554	0.018654743	0.0511910666	-0.0032708371	-0.0521740164	-0.0124084642	0.0484450328	0.0269671338	-0.0403408874	-0.039090351	0.0285934806	0.0476832451	-0.014263743	-0.0519697758	-0.0013541801	0.013824854	-0.0402163853	0.0524721044	-0.0533033477	0.0378793348	-0.0115793343	-0.0663601816	-0.0100845989	0.019099436	0.0531249437	-0.074916014571487	-0.077161990859142	0.448081059024295	-1.68540061352814
0.32556	-0.113038	0.0332857	-0.000146728	0.00286436	0.00281223	-0.017774	0	-0.0475889	0	-0.00027748	0	0.0792369	0.0076471118	-0.0501453577	-0.0222893319	0.0436369724	0.0350311327	-0.0334080384	-0.0447861304	0.0203306886	0.0507226006	-0.0055199161	-0.0523343914	-0.0097614921	0.0494840794	0.0242106219	-0.0424146861	-0.0365955205	0.0317289578	0.0458602343	-0.0183379745	-0.0512148408	0.0033834701	0.0126756519	0.0193794685	-0.0547017604	-0.0614655806	0.0357755464	0.0248577805	0.042100316	0.0496060539	-0.0137282391	-0.0310974636	0.219193572944525	-0.039877935602145	-2.22840312389761	-1.68540061352814
0.325311	-0.089052	0.0476416	-0.000599331	0.00322945	0.00251927	-0.000248999999999999	0.0239860000000001	0.0143559	-0.000452603	0.00036509	-0.00029296	0.09412355	0.0074237382	-0.0502739006	-0.021674694	0.0441298556	0.0341840202	-0.0344398384	-0.0439465533	0.0219824722	0.050177843	-0.0077587455	-0.0523771858	-0.0070884207	0.0503678575	0.0213660101	-0.044311314	-0.0339267737	0.0346942175	0.0437614146	-0.0222893319	-0.0500796887	0.0080934286	-0.0200148192	0.0403206276	-0.0007135188	0.0272990484	0.039979141	-0.0162099618	0.0655399434	0.0146297791	0.0087520068	-0.0291679454	-1.6371178434732	0.057416176704414	-2.22840312389761	0.592443852028073
0.325217	-0.109652	0.0555737	-0.00111254	0.00326685	0.00281223	-9.3999999999983e-05	-0.0206	0.0079321	-0.000513209	3.73999999999999e-05	0.00029296	0.07080455	0.0072002268	-0.0503987089	-0.0210564335	0.0446096262	0.0333210373	-0.0354486142	-0.0430669878	0.0236081307	0.0495576132	-0.009983168	-0.0523023033	-0.0043963972	0.051093594	0.0184436498	-0.0460228486	-0.0310967934	0.0374733519	0.0413994086	-0.0260913389	-0.0485727468	0.0127371473	-0.0273810428	0.0595747257	0.0585308127	0.0023681258	0.0085423493	-0.0679457658	-0.0483979944	0.0433980928	0.0487867859	-0.027773139	0.639324751398543	-0.194271014635413	-2.22840312389761	-1.68540061352814
0.333333	-0.0987645	0.0276458	-0.00130127	0.0031465	0.00281223	0.00811599999999996	0.0108875	-0.0279279	-0.00018873	-0.00012035	0	0.0623854	0.0069765817	-0.0505197734	-0.0204346535	0.0450761418	0.0324425845	-0.0364336915	-0.0421482344	0.0252057321	0.048862844	-0.0121890533	-0.0521099123	-0.0016926191	0.0516590118	0.015454175	-0.0475421407	-0.0281190288	0.0400514517	0.0387884217	-0.0297185201	-0.0467052026	0.01727662	-0.0253608827	-0.0685967429	-0.0276478511	-0.0132692691	0.0819837116	0.060329588	0.0287990028	0.0399134428	0.0127554653	0.0154942843	0.389621380535043	-0.140970243331364	0.448081059024295	-1.68540061352814
0.328332	-0.0866135	0.0555443	-0.00129235	0.00324468	0.00235595	-0.00500099999999998	0.012151	0.0278985	8.91999999999993e-06	9.81799999999998e-05	-0.00045628	0.0732195	0.006752807	-0.050637085	-0.0198094581	0.0455292636	0.0315490697	-0.0373944116	-0.0411911291	0.0267733776	0.0480945804	-0.0143723053	-0.0518004449	0.0010156846	0.0520623368	0.0124084642	-0.048862844	-0.0250076315	0.0424146861	0.0359441567	-0.0331465714	-0.0444909208	0.021674694	-0.01855132	0.0320131916	-0.0046308368	-0.0040178171	0.0508613368	-0.0311616642	0.0528299128	-0.0190704553	-0.0056536405	-0.0316663765	-0.738134065771399	-0.253355626260444	0.448081059024295	-1.68540061352814
0.330054	-0.175324	0.00461589	-0.000965597	0.00350949	0.00243355	0.001722	-0.0887105	-0.05092841	0.000326753	0.00026481	7.76000000000002e-05	0.17481906	0.0065289069	-0.050750635	-0.0191809517	0.0459688572	0.0306409077	-0.0383301323	-0.0401965428	0.0283092043	0.0472539781	-0.01652887	-0.0513745965	0.0037212726	0.0523023033	0.0093176004	-0.0499794418	-0.021777388	0.0445503769	0.0328837193	-0.036352523	-0.0419463399	0.0258953737	-0.0431120819	0.0827834377	0.036173063	-0.0249395983	0.0197592015	-0.0661130688	-0.0376426253	-0.0139386829	0.0250207607	-0.0207234246	-0.080986528901406	-0.506532917692717	-2.22840312389761	0.592443852028073
0.323485	-0.158107	0.00731105	-0.00108467	0.00340965	0.00219154	-0.00656900000000005	0.017217	0.00269516	-0.000119073	-9.98399999999999e-05	-0.00024201	0.04952731	0.0063048856	-0.050860415	-0.0185492395	0.0463947917	0.0297185201	-0.0392402281	-0.0391653804	0.0298113868	0.0463423012	-0.018654743	-0.0508333239	0.0064169112	0.0523781585	0.0061928308	-0.0508872699	-0.0184436498	0.0464470668	0.0296255153	-0.0393148935	-0.039090351	0.0299041152	-0.0466090798	-0.0227768628	-0.0089517606	-0.0233286476	0.0612776281	0.0287303802	0.0239210436	0.054430678	-0.0168927517	-0.0005514049	-0.371080151907566	-0.531800964727212	-2.22840312389761	0.592443852028073
0.330525	-0.13677	-0.0022735	-0.00130508	0.00340707	0.00219153	0.00704000000000005	0.021337	-0.00958455	-0.00022041	-2.58000000000029e-06	-9.99999999994061e-09	0.04911155	0.0060807472	-0.0509664168	-0.0179144269	0.0468069407	0.0287823352	-0.0401240904	-0.0380985803	0.03127814	0.0453609212	-0.0207459769	-0.050177843	0.0090953929	0.0522896643	0.0030455261	-0.0515825363	-0.0150222601	0.0480945804	0.02618914	-0.0420138333	-0.0359441567	0.0336681095	-0.0221055724	0.0096111667	-0.0568112906	-0.0202553239	0.0153240173	0.0081803714	0.0637753331	-0.0219752144	-0.040864868	-0.0128892601	-0.998281677067931	-0.422180667598896	0.448081059024295	-1.68540061352814
0.329062	-0.107887	0.0385467	-0.00169375	0.00309374	0.00219153	-0.00146300000000005	0.028883	0.0408202	-0.00038867	-0.00031333	0	0.1062662	0.0058564958	-0.0510686325	-0.01727662	0.0472051818	0.0278327876	-0.0409811285	-0.0369971132	0.0327077205	0.044311314	-0.0227986886	-0.0494096266	0.0117495564	0.0520370985	-0.0001128608	-0.0520623368	-0.0115294786	0.0494840794	0.0225952602	-0.044431258	-0.0325311144	0.0371565505	-0.0506785496	0.0526295672	0.0625740456	0.0026742706	-0.0221141675	-0.058994698	0.0247627409	0.0306367406	-0.0006307054	-0.0203821789	-0.406150826564151	-0.500151300346838	0.448081059024295	-1.68540061352814
0.32566	-0.13788	-0.00742904	-0.000944814	0.00345579	0.00219153	-0.00340199999999996	-0.029993	-0.04597574	0.000748936	0.00036205	0	0.13492004	0.0056321357	-0.0511670547	-0.0166359256	0.0475893965	0.0268703181	-0.0418107693	-0.0358619813	0.0340984296	0.0431950583	-0.0248090665	-0.0485304007	0.0143723053	0.0516212534	-0.0032708371	-0.052324667	-0.0079819045	0.0506081094	0.0188654898	-0.0465509697	-0.0288765622	0.0403408874	-0.018143902	-0.0452188391	-0.0234691882	-0.0518585823	0.0452263175	0.0278549171	-0.0046174994	0.0629892554	0.0058284813	-0.0233414625	-0.624022338753703	-0.211936612378822	0.448081059024295	-1.68540061352814
0.319859	-0.102849	0.0184827	-0.00151138	0.00329289	0.00204352	-0.005801	0.035031	0.02591174	-0.000566566	-0.0001629	-0.00014801	0.11061754	0.005407671	-0.0512616758	-0.0159924506	0.0479594708	0.0258953737	-0.0426124582	-0.0346942175	0.0354486142	0.0420138333	-0.0267733776	-0.0475421407	0.0169566271	0.051043434	-0.0064169112	-0.0523684314	-0.0043963972	0.0514606403	0.0150222601	-0.0483587652	-0.0250076315	0.0431950583	-0.0319350564	0.0208829085	-0.0350363996	0.026324316	0.0112134254	-0.005356442	0.0714001567	-0.0571912949	-0.0405562089	-0.0121424618	-0.367152860964866	-0.422122673318142	0.448081059024295	-1.68540061352814
0.321402	-0.130188	0.0371739	-0.00189594	0.00321823	0.00214124	0.00154300000000002	-0.027339	0.0186912	-0.00038456	-7.46600000000003e-05	9.77199999999999e-05	0.0754202	0.0051831058	-0.051352489	-0.0153463027	0.0483152946	0.0249084068	-0.0433856593	-0.0334948844	0.0367566699	0.0407694154	-0.0286879745	-0.0464470668	0.0194956122	0.0503054532	-0.0095396348	-0.0521934471	-0.0007899965	0.0520370985	0.0110886847	-0.0498425313	-0.0209530451	0.0456957037	-0.0332712751	0.0299444983	0.0535957233	-0.0360491186	-0.004347728	-0.0606566695	-0.0346341287	0.023023148	0.0181014997	0.0387473345	-0.588586931311472	-0.613922276151726	0.448081059024295	-1.68540061352814
0.325771	-0.131006	0.00503327	-0.00128807	0.00344103	0.00219153	0.00436899999999996	-0.000817999999999985	-0.03214063	0.00060787	0.0002228	5.02900000000001e-05	0.08137563	0.0049584444	-0.0514394875	-0.0146975897	0.0486567622	0.0239098759	-0.0441298556	-0.0322650733	0.0380210421	0.0394636764	-0.030549302	-0.0452476394	0.0219824722	0.0494096266	-0.0126276447	-0.0518004449	0.0028201586	0.0523343914	0.0070884207	-0.050992326	-0.016742904	0.0478223571	0.0056233691	-0.0120690566	-0.0769229262	-0.0371029627	-0.0213185164	0.0462037813	0.0433743672	0.0110917811	-0.0534375256	0.0177542516	-1.06084506140959	-0.717381410207222	0.448081059024295	-1.68540061352814
0.32253	-0.065313	0.0480727	-0.00167903	0.0032799	0.00200213	-0.00324099999999994	0.065693	0.04303943	-0.00039096	-0.00016113	-0.0001894	0.14904793	0.0047336909	-0.0515226647	-0.0140464202	0.0489837722	0.0229002443	-0.0448445497	-0.0310059033	0.0392402281	0.0380985803	-0.032353904	-0.0439465533	0.024410558	0.0483587652	-0.015669704	-0.0511910666	0.0064169112	0.0523509242	0.0030455261	-0.0518004449	-0.0124084642	0.0495576132	-0.0311781045	-0.0027866552	0.0353928433	0.0243269265	-0.0381968091	-0.0273915305	0.0263100744	0.0070239911	0.0068141942	-0.0194842328	-1.1820807893506	-0.636885891977025	0.448081059024295	0.592443852028073
0.322749	-0.120528	0.0195818	-0.00102996	0.00354395	0.00202191	0.000218999999999914	-0.055215	-0.0284909	0.00064907	0.00026405	1.97800000000001e-05	0.1305699	0.0045088495	-0.0516020147	-0.013392903	0.0492962274	0.0218799809	-0.0455292636	-0.0297185201	0.0404127789	0.0366761804	-0.0340984296	-0.0425467316	0.0267733776	0.0471561663	-0.018654743	-0.0503678575	0.009983168	0.0520866082	-0.0010156846	-0.0522614734	-0.0079819045	0.0508872699	-0.0074671639	-0.0221126162	-0.0415969187	-0.0540517212	-0.0120157664	0.0057120894	-0.0032041085	0.0021994708	-0.0393054531	0.0050485128	-0.956324579724544	-0.703754946217323	-2.22840312389761	-1.68540061352814
0.311396	-0.0616799	0.0698671	-0.0017022	0.00344177	0.00200437	-0.0113529999999999	0.0588481	0.0502853	-0.00067224	-0.00010218	-1.75399999999999e-05	0.1600844	0.0042839244	-0.0516775313	-0.0127371473	0.049594035	0.0208495594	-0.0461835398	-0.0284040951	0.0415373011	0.0351986159	-0.0357796393	-0.0410513194	0.0290646136	0.0458056033	-0.0215718994	-0.0493342563	0.0135019809	0.0515428613	-0.0050707869	-0.0523723222	-0.0034960873	0.0518004449	-0.0114314139	-0.0033717789	-0.0070852	0.0529301052	-0.003499167	-0.0048635984	0.0188662208	-0.0451368588	0.0302330112	-0.0148533605	-1.23360515112484	-0.764140907063537	-2.22840312389761	-1.68540061352814
0.297736	-0.106186	0.0887882	-0.00153101	0.00309746	0.00219153	-0.01366	-0.0445061	0.0189211	0.00017119	-0.00034431	0.00018716	0.1122202	0.0040589197	-0.0517492091	-0.0120792627	0.0498771065	0.0198094581	-0.0468069407	-0.0270638244	0.0426124582	0.0336681095	-0.0373944116	-0.0394636764	0.03127814	0.044311314	-0.024410558	-0.0480945804	0.0169566271	0.0507226006	-0.0090953929	-0.0521322486	0.0010156846	0.0522896643	0.0465348213	-0.0391727245	0.0051670248	-0.0416824239	-0.0125355464	0.0116098207	-0.0794359364	-0.0128332447	0.0127585498	-0.0088558715	0.067100837872847	-0.71192617085331	-2.22840312389761	-1.68540061352814
0.279486	-0.0728552	0.0531302	-0.0016853	0.00320971	0.00185899	-0.01825	0.0333308	-0.035658	-0.00015429	0.00011225	-0.00033254	0.1171928	0.0038338396	-0.0518170426	-0.0114193591	0.0501453577	0.0187601599	-0.0473990497	-0.0256989275	0.0436369724	0.0320869629	-0.0389397479	-0.0377873696	0.0334080384	0.042677987	-0.0271603893	-0.0466540082	0.0203306886	0.0496302266	-0.0130652981	-0.0515428613	0.0055199161	0.0523509242	0.0069598056	0.0034114977	-0.0347019667	0.0411764968	-0.0077632615	0.0223741262	0.0148248416	-0.0688652972	0.0260327886	-0.0210243536	-0.111821507064125	-0.465285129159097	0.448081059024295	0.592443852028073
0.270192	-0.072838	0.0516363	-0.00156252	0.00364468	0.00177823	-0.00929400000000002	1.71999999999811e-05	-0.0014939	0.00012278	0.00043497	-8.076e-05	0.0427306	0.0036086884	-0.051881027	-0.010757547	0.0503987089	0.017702152	-0.0479594708	-0.0243106464	0.0446096262	0.0304575546	-0.0404127789	-0.0360261653	0.0354486142	0.0409107473	-0.0298113868	-0.045018557	0.0236081307	0.0482715996	-0.0169566271	-0.0506081094	0.009983168	0.0519837232	-0.0138884578	-0.0359377379	0.0709308223	-0.0459060522	-0.0207699559	-0.0084134721	-0.0378819533	0.0399934557	-0.0021220134	0.0849199279	0.49203265825171	0.189168798524835	0.448081059024295	-1.68540061352814
0.280158	-0.117624	0.0588909	-0.0017419	0.00332395	0.00177823	0.00996600000000003	-0.044786	0.00725459999999999	-0.00017938	-0.00032073	0	0.0870121	0.0033834701	-0.0519411573	-0.0100939368	0.050637085	0.0166359256	-0.0484878293	-0.0229002443	0.0455292636	0.0287823352	-0.0418107693	-0.0341840202	0.0373944116	0.03901514	-0.032353904	-0.0431950583	0.0267733776	0.0466540082	-0.0207459769	-0.0493342563	0.0143723053	0.0511910666	0.008090475	0.0513933486	-0.0350592339	0.0060795215	-0.0265651749	0.0071926344	0.0016831951	0.0303768337	-0.0110241756	-0.0735189085	-1.61982984405077	-0.283804892169077	0.448081059024295	0.592443852028073
0.290164	-0.101154	0.0505525	-0.0018285	0.00317139	0.00177823	0.010006	0.01647	-0.0083384	-8.66e-05	-0.00015256	0	0.0467724	0.003158189	-0.0519974292	-0.0094286395	0.050860415	0.0155619757	-0.0489837722	-0.0214690046	0.0463947917	0.0270638244	-0.0431311232	-0.0322650733	0.0392402281	0.0369971132	-0.0347786889	-0.0411911291	0.0298113868	0.0447861304	-0.024410558	-0.0477298374	0.018654743	0.0499794418	-0.0042973809	-0.04632612	-0.032336902	0.0396253534	0.0479958956	0.0606405223	0.0020864594	-0.0474025675	0.0315786292	0.0137215002	-0.897133021716255	-0.291185902738306	-2.22840312389761	0.592443852028073
0.293261	-0.0893311	0.0700478	-0.00174878	0.00344951	0.00177823	0.00309700000000002	0.0118229	0.0194953	7.97200000000001e-05	0.00027812	0	0.0523072	0.0029328492	-0.0520498384	-0.0087617663	0.0510686325	0.0144808008	-0.0494469678	-0.0200182296	0.0472051818	0.025304607	-0.044371389	-0.0302736359	0.0409811285	0.0348629988	-0.0370769179	-0.03901514	0.0327077205	0.042677987	-0.0279283311	-0.0458056033	0.0227986886	0.0483587652	0.0066206282	0.0150107684	0.0331541498	-0.0247583782	-0.0249871476	-0.0358188653	-0.0245320722	0.0781926148	-0.0731358612	0.0019250758	-1.17168813574123	-0.329982348913885	-2.22840312389761	0.592443852028073
0.283884	-0.117631	0.0699119	-0.00189934	0.00311817	0.00177823	-0.00937699999999997	-0.0282999000000001	-0.000135900000000022	-0.00015056	-0.00033134	0	0.0619078	0.0027074549	-0.0520983812	-0.0080934286	0.0512616758	0.013392903	-0.0498771065	-0.0185492395	0.0479594708	0.0235073292	-0.0455292636	-0.028214182	0.0426124582	0.0326194932	-0.0392402281	-0.0366761804	0.0354486142	0.0403408874	-0.03127814	-0.0435744473	0.0267733776	0.0463423012	0.0193641559	0.0543556554	-0.009766758	0.0168201124	-0.0251937489	-0.0129143622	-0.0071697483	-0.0151258981	0.0224338806	-0.0473145226	0.604831849166928	-0.198831742825437	-2.22840312389761	-1.68540061352814
0.278494	-0.0825102	0.0626718	-0.00189934	0.00323437	0.00184241	-0.00539000000000001	0.0351208000000001	-0.00724009999999997	0	0.0001162	6.41800000000001e-05	0.0567699	0.0024820104	-0.0521430537	-0.0074237382	0.0514394875	0.0122987873	-0.0502739006	-0.0170633708	0.0486567622	0.021674694	-0.0466025972	-0.0260913389	0.0441298556	0.0302736359	-0.0412607473	-0.0341840202	0.0380210421	0.0377873696	-0.0344398384	-0.0410513194	0.030549302	0.0439465533	0.0084456792	-0.0562262868	-0.0177651684	0.0507251456	0.0553772216	0.0464817029	0.0237220614	-0.0231687494	0.0250264021	0.0291029993	0.641336916368901	-0.397716068268949	-2.22840312389761	-1.68540061352814
0.29329	-0.0863505	0.0879962	-0.00215559	0.00325334	0.00177823	0.014796	-0.00384029999999998	0.0253244	-0.00025625	1.89700000000001e-05	-6.41800000000001e-05	0.0609307	0.0022565198	-0.0521838529	-0.006752807	0.0516020147	0.0111989617	-0.050637085	-0.0155619757	0.0492962274	0.0198094581	-0.0475893965	-0.0239098759	0.0455292636	0.0278327876	-0.0431311232	-0.0315490697	0.0404127789	0.0350311327	-0.0373944116	-0.0382531258	0.0340984296	0.0411911291	0.0109476672	0.0408417956	0.0651044216	-0.0222876526	-0.0223494582	-0.0593347608	-0.0458272243	0.0395530266	-0.0260263906	-0.0081820185	0.028410998977034	-0.514651384174163	0.448081059024295	-1.68540061352814
0.297787	-0.120964	0.0390417	-0.00174538	0.00325655	0.00177823	0.00449699999999997	-0.0346135	-0.0489545	0.00041021	3.21000000000002e-06	0	0.108736	0.0020309873	-0.0522207755	-0.0060807472	0.0517492091	0.0100939368	-0.0509664168	-0.0140464202	0.0498771065	0.0179144269	-0.0484878293	-0.021674694	0.0468069407	0.025304607	-0.0448445497	-0.0287823352	0.0426124582	0.0320869629	-0.0401240904	-0.0351986159	0.0373944116	0.0380985803	0.0095498288	0.0028755279	-0.0455751036	0.0488244267	0.034541742	0.0382499979	0.0060224295	-0.0335633499	0.0180136454	-0.0420956962	-0.189839188382938	-0.601663384047391	0.448081059024295	0.592443852028073
0.29778	-0.0837328	0.0820024	-0.00219521	0.0032721	0.00177823	-6.99999999992373e-06	0.0372312	0.0429607	-0.00044983	1.55499999999996e-05	0	0.1034679	0.001805417	-0.0522538189	-0.005407671	0.051881027	0.0089842256	-0.0512616758	-0.0125180835	0.0503987089	0.0159924506	-0.0492962274	-0.0193908153	0.0479594708	0.0226970271	-0.0463947917	-0.0258953737	0.0446096262	0.0289706552	-0.0426124582	-0.0319082567	0.0404127789	0.0346942175	-0.0074038671	-0.0770935247	0.033150947	-0.0110038813	0.0266216284	0.0105988676	0.0111911376	0.0384218739	0.0016602509	0.0849078856	0.903164863878207	-0.709009931305523	0.448081059024295	0.592443852028073
0.297793	-0.136711	0.0818965	-0.00265941	0.00316953	0.00177823	1.29999999999297e-05	-0.0529782000000001	-0.00010590000000002	-0.0004642	-0.00010257	0	0.0814356	0.0015798132	-0.0522829807	-0.0047336909	0.0519974292	0.0078703433	-0.0515226647	-0.0109783563	0.050860415	0.0140464202	-0.0500130897	-0.0170633708	0.0489837722	0.0200182296	-0.0477762082	-0.0229002443	0.0463947917	0.0256989275	-0.0448445497	-0.0284040951	0.0431311232	0.0310059033	0.021665141	0.0743368658	0.0037311309	-0.0017807086	-0.0197230024	-0.0587559857	-0.0575307037	-0.0776438732	-0.0030050602	-0.080763169	-0.268904779341248	-0.426438556510941	0.448081059024295	0.592443852028073
0.282855	-0.106998	0.0326635	-0.00243567	0.00326203	0.00177823	-0.014938	0.0297130000000001	-0.049233	0.00022374	9.25000000000001e-05	0	0.109696	0.0013541801	-0.0523082586	-0.0040589197	0.0520983812	0.006752807	-0.0517492091	-0.0094286395	0.0512616758	0.0120792627	-0.050637085	-0.0146975897	0.0498771065	0.01727662	-0.0489837722	-0.0198094581	0.0479594708	0.0222893319	-0.0468069407	-0.024709611	0.0455292636	0.0270638244	0.0073164628	-0.0312269571	-0.0323201093	0.0169668446	0.0543449404	0.0575965492	0.0143419437	-0.0019155813	0.027407555	0.0249592396	0.726051125093916	0.516557901343194	0.448081059024295	-1.68540061352814
0.284823	-0.0811588	0.0349618	-0.00279907	0.00342138	0.00177823	0.00196799999999997	0.0258392	0.00229830000000001	-0.0003634	0.00015935	0	0.056243	0.0011285219	-0.0523296507	-0.0033834701	0.0521838529	0.0056321357	-0.0519411573	-0.0078703433	0.0516020147	0.0100939368	-0.0511670547	-0.0122987873	0.050637085	0.0144808008	-0.0500130897	-0.0166359256	0.0492962274	0.0187601599	-0.0484878293	-0.0208495594	0.0475893965	0.0229002443	-0.0025655368	0.0131080646	0.006110133	-0.0186729928	-0.0148577723	-0.0333363912	0.0210580025	0.0686597002	-0.0495967534	0.0308141542	-1.20256382566749	-0.479226727012158	0.448081059024295	0.592443852028073
0.271086	-0.100225	0.0411017	-0.00276821	0.00350875	0.00177823	-0.013737	-0.0190662	0.00613989999999999	3.08599999999997e-05	8.73700000000002e-05	0	0.0448546	0.0009028426	-0.0523471556	-0.0027074549	0.0522538189	0.0045088495	-0.0520983812	-0.0063048856	0.051881027	0.0080934286	-0.0516020147	-0.009872353	0.0512616758	0.0116395445	-0.050860415	-0.013392903	0.0503987089	0.0151303447	-0.0498771065	-0.0168498047	0.0492962274	0.0185492395	-0.0025494973	0.0319416389	0.0200604822	-0.0107847533	-0.0477846775	-0.0505794916	-0.0417048913	0.0328696692	-0.0027705483	0.0024532102	0.631670939853867	0.011647107972515	0.448081059024295	0.592443852028073
0.285804	-0.0824301	0.0220543	-0.00262039	0.0034058	0.00177823	0.014718	0.0177949	-0.0190474	0.00014782	-0.00010295	0	0.0640988	0.0006771467	-0.0523607718	-0.0020309873	0.0523082586	0.0033834701	-0.0522207755	-0.0047336909	0.0520983812	0.0060807472	-0.0519411573	-0.0074237382	0.0517492091	0.0087617663	-0.0515226647	-0.0100939368	0.0512616758	0.0114193591	-0.0509664168	-0.0127371473	0.050637085	0.0140464202	0.0186471757	-0.0199086364	-0.0593564593	-0.0130285494	-0.0254322716	0.0409461271	0.0207227731	0.0200293596	-0.0520217635	0.0058162663	0.273440882464813	0.554004713613279	0.448081059024295	0.592443852028073
0.291165	-0.0704649	0.0410878	-0.00297452	0.00362	0.00167211	0.005361	0.0119652	0.0190335	-0.00035413	0.0002142	-0.00010612	0.0700822	0.0004514381	-0.0523704984	-0.0013541801	0.0523471556	0.0022565198	-0.0523082586	-0.003158189	0.0522538189	0.0040589197	-0.0521838529	-0.0049584444	0.0520983812	0.0058564958	-0.0519974292	-0.006752807	0.051881027	0.0076471118	-0.0517492091	-0.0085391442	0.0516020147	0.0094286395	-0.0311460464	0.0037423883	0.0446205594	0.0409934519	-0.0329044242	-0.018533314	0.0502657617	0.0485050981	0.024130726	-0.0074220203	0.607883279498223	0.55539964513381	0.448081059024295	0.592443852028073
0.28485	-0.107017	0.0233486	-0.00302459	0.00354239	0.00177823	-0.00631500000000002	-0.0365521	-0.0177392	-5.00700000000002e-05	-7.76100000000005e-05	0.00010612	0.0722963	0.0002257211	-0.0523763346	-0.0006771467	0.0523704984	0.0011285219	-0.0523607718	-0.0015798132	0.0523471556	0.0020309873	-0.0523296507	-0.0024820104	0.0523082586	0.0029328492	-0.0522829807	-0.0033834701	0.0522538189	0.0038338396	-0.0522207755	-0.0042839244	0.0521838529	0.0047336909	0.010341016	-0.0182900982	-0.0167357564	-0.0525382233	-0.0419348403	-0.0051783506	-0.0424995511	0.0312641747	0.0046919478	-0.0028069247	-1.70186683605178	0.589986203031214	0.448081059024295	0.592443852028073
0.281059	-0.0852061	0.00305863	-0.00296395	0.00360208	0.00177823	-0.00379099999999999	0.0218109	-0.02028997	6.06400000000003e-05	5.96900000000003e-05	0	0.05190837	0	-0.0523782801	0	0.0523782801	0	-0.0523782801	0	0.0523782801	0	-0.0523782801	0	0.0523782801	0	-0.0523782801	0	0.0523782801	0	-0.0523782801	0	0.0523782801	0	-0.0276824821	0.004554321	-0.0395270545	0.0621238082	-0.025818863	0.0024960331	0.0411672203	-0.0934006667	0.0280332499	-0.0005192811	-2.55120568544667	0.72468224244963	0.448081059024295	0.592443852028073
0.275192	0.0165788	0.104292	-0.00252909	0.00390354	0.00159292	-0.00586700000000001	0.1017849	0.10123337	0.00043486	0.00030146	-0.00018531	0.25496677	-0.0002257211	-0.0523763346	0.0006771467	0.0523704984	-0.0011285219	-0.0523607718	0.0015798132	0.0523471556	-0.0020309873	-0.0523296507	0.0024820104	0.0523082586	-0.0029328492	-0.0522829807	0.0033834701	0.0522538189	-0.0038338396	-0.0522207755	0.0042839244	0.0521838529	-0.0047336909	0.0519796532	-0.0289087603	0.0594083932	-0.0213525227	-0.0339769971	0.0156646265	-0.0616903796	-0.0075967187	0.0371126664	0.0524095139	0.629240782188031	0.581293072670557	0.448081059024295	0.592443852028073
0.281769	-0.0518985	0.0226417	-0.00170312	0.00307713	0.0015725	0.006577	-0.0684773	-0.0816503	0.00082597	-0.00082641	-2.04200000000006e-05	0.2403446	-0.0004514381	-0.0523704984	0.0013541801	0.0523471556	-0.0022565198	-0.0523082586	0.003158189	0.0522538189	-0.0040589197	-0.0521838529	0.0049584444	0.0520983812	-0.0058564958	-0.0519974292	0.006752807	0.051881027	-0.0076471118	-0.0517492091	0.0085391442	0.0516020147	-0.0094286395	0.0208552491	0.0173259764	-0.0417635657	0.0304529118	-0.0109548928	0.0090476872	0.0237563434	-0.008929692	0.0141851226	0.0123415173	0.013014144625137	0.307863965166377	0.448081059024295	0.592443852028073
0.291727	-0.0982951	0.0333651	-0.00203663	0.00313677	0.00136096	0.00995800000000002	-0.0463966	0.0107234	-0.00033351	5.96400000000001e-05	-0.000211539999999999	0.0973125	-0.0006771467	-0.0523607718	0.0020309873	0.0523082586	-0.0033834701	-0.0522207755	0.0047336909	0.0520983812	-0.0060807472	-0.0519411573	0.0074237382	0.0517492091	-0.0087617663	-0.0515226647	0.0100939368	0.0512616758	-0.0114193591	-0.0509664168	0.0127371473	0.050637085	-0.0140464202	-0.0056139626	-0.061399837	0.0663324425	0.0033050735	-0.0213536988	0.0197888042	-0.0062275949	0.0465044042	0.003663993	0.0753434178	-0.522338853522157	-0.134991584614116	0.448081059024295	0.592443852028073
0.297807	-0.140492	0.0265077	-0.00148435	0.00327501	0.00151596	0.00608000000000003	-0.0421969	-0.0068574	0.00055228	0.00013824	0.000155	0.0974103	-0.0009028426	-0.0523471556	0.0027074549	0.0522538189	-0.0045088495	-0.0520983812	0.0063048856	0.051881027	-0.0080934286	-0.0516020147	0.009872353	0.0512616758	-0.0116395445	-0.050860415	0.013392903	0.0503987089	-0.0151303447	-0.0498771065	0.0168498047	0.0492962274	-0.0185492395	0.0414153795	0.0081699336	-0.0315340569	-0.0395767217	-0.0543704654	0.0036810801	-0.0374456986	0.0055800476	-0.0425498922	-0.0565632633	-2.32304302020889	-0.300909363177019	0.448081059024295	0.592443852028073
0.285411	-0.120659	-0.00652151	-0.000985365	0.00318778	0.00177823	-0.012396	0.019833	-0.03302921	0.000498985	-8.72300000000002e-05	0.00026227	0.10768246	-0.0011285219	-0.0523296507	0.0033834701	0.0521838529	-0.0056321357	-0.0519411573	0.0078703433	0.0516020147	-0.0100939368	-0.0511670547	0.0122987873	0.050637085	-0.0144808008	-0.0500130897	0.0166359256	0.0492962274	-0.0187601599	-0.0484878293	0.0208495594	0.0475893965	-0.0229002443	-0.0012105997	-0.0031470545	-0.0371842853	0.0815497458	-0.0113933496	0.0273341404	0.026943532	-0.0714662395	0.0224547209	-0.0110192005	-1.48283029819064	-0.016033893105045	0.448081059024295	0.592443852028073
0.276784	-0.0877377	0.00856242	-0.00146459	0.00330899	0.00149284	-0.008627	0.0329213	0.01508393	-0.000479225	0.00012121	-0.00028539	0.10092348	-0.0013541801	-0.0523082586	0.0040589197	0.0520983812	-0.006752807	-0.0517492091	0.0094286395	0.0512616758	-0.0120792627	-0.050637085	0.0146975897	0.0498771065	-0.01727662	-0.0489837722	0.0198094581	0.0479594708	-0.0222893319	-0.0468069407	0.024709611	0.0455292636	-0.0270638244	-0.0151101815	-0.0249045655	0.070511961	0.0083163347	-0.0337323989	-0.0326324759	-0.0295049121	-0.0078644206	0.0083779603	0.0248928919	0.683393841187258	-0.056972345517434	0.448081059024295	0.592443852028073
0.270022	-0.136829	-0.0244431	-0.000840976	0.003186	0.00141114	-0.00676200000000005	-0.0490913	-0.03300552	0.000623614	-0.00012299	-8.17000000000001e-05	0.13027402	-0.0015798132	-0.0522829807	0.0047336909	0.0519974292	-0.0078703433	-0.0515226647	0.0109783563	0.050860415	-0.0140464202	-0.0500130897	0.0170633708	0.0489837722	-0.0200182296	-0.0477762082	0.0229002443	0.0463947917	-0.0256989275	-0.0448445497	0.0284040951	0.0431311232	-0.0310059033	0.0155916827	0.01437475	-0.0422124579	-0.0245566273	-0.033626219	-0.0109637048	0.0069951046	0.0249288212	-0.0533343387	-0.027454883	1.69822099009549	0.143627215287252	0.448081059024295	0.592443852028073
0.269702	-0.0656947	-0.0140478	-0.00144398	0.00325897	0.00131233	-0.000319999999999987	0.0711343	0.0103953	-0.000603004	7.29699999999999e-05	-9.881e-05	0.1205888	-0.001805417	-0.0522538189	0.005407671	0.051881027	-0.0089842256	-0.0512616758	0.0125180835	0.0503987089	-0.0159924506	-0.0492962274	0.0193908153	0.0479594708	-0.0226970271	-0.0463947917	0.0258953737	0.0446096262	-0.0289706552	-0.0426124582	0.0319082567	0.0404127789	-0.0346942175	-0.0234116349	0.0080649192	-0.0126212511	0.0704091693	0.0032025946	-0.0179410778	0.0495389271	-0.0764528651	0.0399298013	0.022175858	1.04534595761516	0.980911532680294	0.448081059024295	0.592443852028073
0.263115	-0.116944	-0.00669415	-0.00143013	0.00357598	0.00127658	-0.00658700000000001	-0.0512493	0.00735365	1.38500000000001e-05	0.00031701	-3.575e-05	0.08352045	-0.0020309873	-0.0522207755	0.0060807472	0.0517492091	-0.0100939368	-0.0509664168	0.0140464202	0.0498771065	-0.0179144269	-0.0484878293	0.021674694	0.0468069407	-0.025304607	-0.0448445497	0.0287823352	0.0426124582	-0.0320869629	-0.0401240904	0.0351986159	0.0373944116	-0.0380985803	0.0150202612	-0.0176962657	0.0420627188	-0.0777433096	-0.0133876273	-0.0243178967	-0.0734535592	-0.0632562944	-0.017163256	0.0325446753	1.14302212261541	0.140531669869709	0.448081059024295	0.592443852028073
0.241369	-0.0986313	-0.0513541	-0.00055724	0.0037083	0.00116586	-0.021746	0.0183127	-0.04465995	0.00087289	0.00013232	-0.00011072	0.14051515	-0.0022565198	-0.0521838529	0.006752807	0.0516020147	-0.0111989617	-0.050637085	0.0155619757	0.0492962274	-0.0198094581	-0.0475893965	0.0239098759	0.0455292636	-0.0278327876	-0.0431311232	0.0315490697	0.0404127789	-0.0350311327	-0.0373944116	0.0382531258	0.0340984296	-0.0411911291	0.0093147834	0.0293385885	-0.0719694403	0.0237283728	-0.063151318	0.0143272207	0.043221027	-0.0459770634	-0.0823662996	-0.0437554973	0.260148491670469	0.091563216476135	0.448081059024295	0.592443852028073
0.226991	-0.0529599	-0.0546999	-0.000509445	0.00380843	0.000942627	-0.014378	0.0456714	-0.00334580000000001	4.7795e-05	0.00010013	-0.000223233	0.0819531	-0.0024820104	-0.0521430537	0.0074237382	0.0514394875	-0.0122987873	-0.0502739006	0.0170633708	0.0486567622	-0.021674694	-0.0466025972	0.0260913389	0.0441298556	-0.0302736359	-0.0412607473	0.0341840202	0.0380210421	-0.0377873696	-0.0344398384	0.0410513194	0.030549302	-0.0439465533	-0.0442338437	-0.0562631173	0.0007081776	0.0627172875	-0.0244614054	0.0002841583	0.0448379651	-0.0545898475	0.0635710745	0.0423291306	1.15455777292843	0.067200759869864	0.448081059024295	0.592443852028073
0.234584	-0.120085	-0.067715	0.000442424	0.00372374	0.00087534	0.00759300000000002	-0.0671251	-0.0130151	0.000951869	-8.46899999999997e-05	-6.72870000000002e-05	0.1429255	-0.0027074549	-0.0520983812	0.0080934286	0.0512616758	-0.013392903	-0.0498771065	0.0185492395	0.0479594708	-0.0235073292	-0.0455292636	0.028214182	0.0426124582	-0.0326194932	-0.0392402281	0.0366761804	0.0354486142	-0.0403408874	-0.03127814	0.0435744473	0.0267733776	-0.0463423012	-0.0325093918	-0.0409968622	0.0428195631	-0.0600072494	-0.0494068433	-0.0614397568	-0.0492214158	-0.0184238128	-0.0271597884	0.0511875064	1.2329457639868	-0.326076835601932	0.448081059024295	0.592443852028073
0.236371	-0.148101	-0.0604598	0.000182388	0.00360173	0.00102018	0.00178699999999998	-0.028016	0.00725519999999999	-0.000260036	-0.00012201	0.00014484	0.0634025	-0.0029328492	-0.0520498384	0.0087617663	0.0510686325	-0.0144808008	-0.0494469678	0.0200182296	0.0472051818	-0.025304607	-0.044371389	0.0302736359	0.0409811285	-0.0348629988	-0.0370769179	0.03901514	0.0327077205	-0.042677987	-0.0279283311	0.0458056033	0.0227986886	-0.0483587652	-0.0002623158	0.0211707122	-0.0547493602	0.0003953224	-0.0255804314	0.0318896352	0.0103600044	0.0195964819	-0.0073443542	-0.0355171631	1.51385498044797	-0.077459997388478	0.448081059024295	0.592443852028073
0.232613	-0.103153	-0.0415282	-0.000188684	0.0034118	0.00082794	-0.00375799999999998	0.044948	0.0189316	-0.000371072	-0.00018993	-0.00019224	0.1052997	-0.003158189	-0.0519974292	0.0094286395	0.050860415	-0.0155619757	-0.0489837722	0.0214690046	0.0463947917	-0.0270638244	-0.0431311232	0.0322650733	0.0392402281	-0.0369971132	-0.0347786889	0.0411911291	0.0298113868	-0.0447861304	-0.024410558	0.0477298374	0.018654743	-0.0499794418	-0.0349293336	0.0365873477	0.0315492744	0.0312897322	0.0044944564	-0.0244401284	0.0533065659	0.0227636993	0.0454287696	-0.0372404775	1.24189287114297	-0.242564815799556	0.448081059024295	0.592443852028073
0.231677	-0.151242	-0.0543212	0.000657995	0.003186	0.000839152	-0.00093600000000002	-0.048089	-0.012793	0.000846679	-0.0002258	1.1212e-05	0.11600255	-0.0033834701	-0.0519411573	0.0100939368	0.050637085	-0.0166359256	-0.0484878293	0.0229002443	0.0455292636	-0.0287823352	-0.0418107693	0.0341840202	0.0373944116	-0.03901514	-0.032353904	0.0431950583	0.0267733776	-0.0466540082	-0.0207459769	0.0493342563	0.0143723053	-0.0511910666	-0.00722378	-0.0340590559	0.0080679306	-0.0484773518	0.0361442439	0.0140186827	-0.021612872	0.0027461472	-0.0002662783	0.0155543068	0.855296753086699	0.140481232108975	0.448081059024295	0.592443852028073
0.221779	-0.112279	-0.0572675	0.000376392	0.00326326	0.000839152	-0.00989799999999999	0.038963	-0.00294629999999999	-0.000281603	7.726e-05	0	0.06975045	-0.0036086884	-0.051881027	0.010757547	0.0503987089	-0.017702152	-0.0479594708	0.0243106464	0.0446096262	-0.0304575546	-0.0404127789	0.0360261653	0.0354486142	-0.0409107473	-0.0298113868	0.045018557	0.0236081307	-0.0482715996	-0.0169566271	0.0506081094	0.009983168	-0.0519837232	0.0057813671	0.0150935501	-0.0523281266	-0.0065678287	0.0218104793	0.0273939718	0.0538614925	-0.042573815	-0.0584803351	0.001977896	0.869833362298136	0.113195784893003	0.448081059024295	0.592443852028073
0.219151	-0.102894	-0.0308274	0.000376392	0.00340989	0.000839152	-0.00262799999999999	0.00938499999999999	0.0264401	0	0.00014663	0	0.0457846	-0.0038338396	-0.0518170426	0.0114193591	0.0501453577	-0.0187601599	-0.0473990497	0.0256989275	0.0436369724	-0.0320869629	-0.0389397479	0.0377873696	0.0334080384	-0.042677987	-0.0271603893	0.0466540082	0.0203306886	-0.0496302266	-0.0130652981	0.0515428613	0.0055199161	-0.0523509242	-0.0009931581	0.0424597928	0.0661341326	0.0135029732	0.0023195252	-0.0157871996	-0.0106941606	0.036361834	0.0076781449	-0.0179008509	1.12871500505733	-0.041644061388913	0.448081059024295	0.592443852028073
0.223744	-0.13587	-0.0481441	0.000693946	0.00337305	0.000839152	0.00459299999999999	-0.032976	-0.0173167	0.000317554	-3.68400000000002e-05	0	0.0726054	-0.0040589197	-0.0517492091	0.0120792627	0.0498771065	-0.0198094581	-0.0468069407	0.0270638244	0.0426124582	-0.0336681095	-0.0373944116	0.0394636764	0.03127814	-0.044311314	-0.024410558	0.0480945804	0.0169566271	-0.0507226006	-0.0090953929	0.0521322486	0.0010156846	-0.0522896643	-0.0060152811	-0.0328569593	-0.0135354097	-0.0290435195	0.0590288348	0.0449046784	0.0034919623	0.0854848914	-0.0022062262	-0.0321288818	1.20553754515345	-0.165490115764757	0.448081059024295	0.592443852028073
0.223738	-0.117747	-0.069552	0.000894432	0.003186	0.000839152	-5.99999999997824e-06	0.018123	-0.0214079	0.000200486	-0.00018705	0	0.0589137	-0.0042839244	-0.0516775313	0.0127371473	0.049594035	-0.0208495594	-0.0461835398	0.0284040951	0.0415373011	-0.0351986159	-0.0357796393	0.0410513194	0.0290646136	-0.0458056033	-0.0215718994	0.0493342563	0.0135019809	-0.0515428613	-0.0050707869	0.0523723222	-0.0034960873	-0.0518004449	0.0049263269	0.0092615805	-0.0412481325	0.0218365402	0.0195421241	0.0297352181	0.0388021371	-0.0767883497	-0.0197057352	-0.0248140891	2.11040361499074	0.528143364321151	0.448081059024295	0.592443852028073
0.207364	-0.0961681	-0.0563378	0.000534591	0.00360232	0.000839153	-0.016374	0.0215789	0.0132142	-0.000359841	0.00041632	1.00000000001575e-09	0.0899752	-0.0045088495	-0.0516020147	0.013392903	0.0492962274	-0.0218799809	-0.0455292636	0.0297185201	0.0404127789	-0.0366761804	-0.0340984296	0.0425467316	0.0267733776	-0.0471561663	-0.018654743	0.0503678575	0.009983168	-0.0520866082	-0.0010156846	0.0522614734	-0.0079819045	-0.0508872699	-0.0291244951	0.06135023	0.0619170375	0.011042244	0.0038636244	-0.0577712073	0.0122867079	0.0391574962	0.0313327233	-0.0202255833	1.16697290887289	0.404393438322375	0.448081059024295	0.592443852028073
0.207007	-0.136942	-0.0761352	0.000905075	0.00352154	0.000839152	-0.000356999999999968	-0.0407739	-0.0197974	0.000370484	-8.07799999999999e-05	-1.00000000001575e-09	0.08349155	-0.0047336909	-0.0515226647	0.0140464202	0.0489837722	-0.0229002443	-0.0448445497	0.0310059033	0.0392402281	-0.0380985803	-0.032353904	0.0439465533	0.024410558	-0.0483587652	-0.015669704	0.0511910666	0.0064169112	-0.0523509242	0.0030455261	0.0518004449	-0.0124084642	-0.0495576132	-0.0086958831	-0.0093415544	-0.0248112873	-0.0181667237	0.060777944	0.0300238776	-0.0296940713	0.0456248442	0.0094419653	0.0251498675	-0.235694018813307	0.163387346526434	0.448081059024295	0.592443852028073
0.207407	-0.0153925	-0.0670699	0.000171286	0.00336335	0.000839152	0.000399999999999984	0.1215495	0.0090653	-0.000733789	-0.00015819	0	0.17561375	-0.0049584444	-0.0514394875	0.0146975897	0.0486567622	-0.0239098759	-0.0441298556	0.0322650733	0.0380210421	-0.0394636764	-0.030549302	0.0452476394	0.0219824722	-0.0494096266	-0.0126276447	0.0518004449	0.0028201586	-0.0523343914	0.0070884207	0.050992326	-0.016742904	-0.0478223571	-0.0554863857	-0.0637975309	-0.0188082682	-0.0090571476	0.0500513281	-0.0195834932	0.0188448043	-0.0110525314	-0.0638887042	0.0375521366	-0.773842186259779	0.152008597043458	0.448081059024295	0.592443852028073
0.215267	0.0342849	-0.0608529	0.000438699	0.00244767	0.000390371	0.00786000000000001	0.0496774	0.006217	0.000267413	-0.00091568	-0.000448781	0.1453481	-0.0051831058	-0.051352489	0.0153463027	0.0483152946	-0.0249084068	-0.0433856593	0.0334948844	0.0367566699	-0.0407694154	-0.0286879745	0.0464470668	0.0194956122	-0.0503054532	-0.0095396348	0.0521934471	-0.0007899965	-0.0520370985	0.0110886847	0.0498425313	-0.0209530451	-0.0456957037	-0.0002375854	0.024191776	-0.0215021872	-0.0444886162	-0.0194211407	-0.0722849533	-0.0396104572	-0.0411875253	-0.0491742171	-0.0062774269	-2.07729287312376	0.091419051148247	0.448081059024295	0.592443852028073
0.236924	0.0627507	-0.053301	0.000789807	0.00244767	0.000693749	0.021657	0.0284658	0.0075519	0.000351108	0	0.000303378	0.090399	-0.005407671	-0.0512616758	0.0159924506	0.0479594708	-0.0258953737	-0.0426124582	0.0346942175	0.0354486142	-0.0420138333	-0.0267733776	0.0475421407	0.0169566271	-0.051043434	-0.0064169112	0.0523684314	-0.0043963972	-0.0514606403	0.0150222601	0.0483587652	-0.0250076315	-0.0431950583	0.0076713347	0.0187019422	-0.0222548249	0.0603727028	0.022084827	0.013012515	0.0059729177	-0.0511070667	0.0269354364	0.0212393703	0.744776305538688	-0.022210995428557	0.448081059024295	0.592443852028073
0.223746	-0.0161011	0.000978835	-0.0005794	0.00272348	0.000675211	-0.013178	-0.0788518	0.054279835	-0.001369207	0.00027581	-1.85379999999998e-05	0.229487385	-0.0056321357	-0.0511670547	0.0166359256	0.0475893965	-0.0268703181	-0.0418107693	0.0358619813	0.0340984296	-0.0431950583	-0.0248090665	0.0485304007	0.0143723053	-0.0516212534	-0.0032708371	0.052324667	-0.0079819045	-0.0506081094	0.0188654898	0.0465509697	-0.0288765622	-0.0403408874	-0.003546252	0.0026379166	0.0856539479	-0.0017201436	0.0035684918	0.004759446	-0.0592952158	0.041457032	0.065701305	0.0648253613	-1.34466293818198	-0.009058363895557	0.448081059024295	0.592443852028073
0.223741	-0.0161555	-0.0235611	-0.000195021	0.00299265	0.000839152	-5.000000000005e-06	-5.43999999999996e-05	-0.024539935	0.000384379	0.00026917	0.000163941	0.065473835	-0.0058564958	-0.0510686325	0.01727662	0.0472051818	-0.0278327876	-0.0409811285	0.0369971132	0.0327077205	-0.044311314	-0.0227986886	0.0494096266	0.0117495564	-0.0520370985	-0.0001128608	0.0520623368	-0.0115294786	-0.0494840794	0.0225952602	0.044431258	-0.0325311144	-0.0371565505	0.0219794925	-0.0599613537	-0.016082662	-0.0204532161	0.0453201721	0.0754626061	-0.0099011806	0.0910899636	0.0189788004	0.0190083613	0.322286354428869	-0.098421748905421	-2.22840312389761	-1.68540061352814
0.223774	0.0444178	-0.0181991	0.000153612	0.00297713	0.000383808	3.29999999999775e-05	0.0605733	0.005362	0.000348633	-1.55199999999998e-05	-0.000455344	0.10694315	-0.0060807472	-0.0509664168	0.0179144269	0.0468069407	-0.0287823352	-0.0401240904	0.0380985803	0.03127814	-0.0453609212	-0.0207459769	0.050177843	0.0090953929	-0.0522896643	0.0030455261	0.0515825363	-0.0150222601	-0.0480945804	0.02618914	0.0420138333	-0.0359441567	-0.0336681095	0.0028646312	-0.0349831517	0.021450991	-0.0137531476	0.0337108098	0.0269830249	0.0274902787	0.0056306707	0.0087600018	0.0048305109	0.549863718353905	-0.152696618675964	-2.22840312389761	-1.68540061352814
0.229282	0.0109708	0.00117291	0.000343288	0.00311934	0.000383808	0.00550800000000004	-0.033447	0.01937201	0.000189676	0.00014221	0	0.07492131	-0.0063048856	-0.050860415	0.0185492395	0.0463947917	-0.0297185201	-0.0392402281	0.0391653804	0.0298113868	-0.0463423012	-0.018654743	0.0508333239	0.0064169112	-0.0523781585	0.0061928308	0.0508872699	-0.0184436498	-0.0464470668	0.0296255153	0.0393148935	-0.039090351	-0.0299041152	0.0464962255	0.0308415518	0.0260157936	-0.0488935115	-0.0295884098	-0.0303866398	-0.0542563846	-0.0258117236	-0.0299580624	-0.0180405871	-2.35429403913322	-0.014135338850955	0.448081059024295	-1.68540061352814
0.223782	0.00226546	-0.00961639	0.000487673	0.00313231	0.000383808	-0.0055	-0.00870534	-0.0107893	0.000144385	1.29700000000002e-05	0	0.03286239	-0.0065289069	-0.050750635	0.0191809517	0.0459688572	-0.0306409077	-0.0383301323	0.0401965428	0.0283092043	-0.0472539781	-0.01652887	0.0513745965	0.0037212726	-0.0523023033	0.0093176004	0.0499794418	-0.021777388	-0.0445503769	0.0328837193	0.036352523	-0.0419463399	-0.0258953737	0.0464354786	0.0532644449	-0.0446176738	0.0004251819	0.0010418243	0.0319769368	0.0247813536	0.0170343645	-0.0293030877	-0.0673585878	-0.833126879398348	0.167598841829723	0.448081059024295	0.592443852028073
0.21545	0.073257	-0.000939587	0.000237673	0.0031041	-4.33784e-05	-0.00833200000000001	0.07099154	0.008676803	-0.00025	-2.82100000000003e-05	-0.0004271864	0.123270163	-0.006752807	-0.050637085	0.0198094581	0.0455292636	-0.0315490697	-0.0373944116	0.0411911291	0.0267733776	-0.0480945804	-0.0143723053	0.0518004449	0.0010156846	-0.0520623368	0.0124084642	0.048862844	-0.0250076315	-0.0424146861	0.0359441567	0.0331465714	-0.0444909208	-0.021674694	0.0299708278	0.0136959767	0.024889689	0.0751653665	-0.0037877865	0.0214679018	0.0361607894	0.0012037903	0.0682069685	-0.0020304666	-0.447601536492602	-0.36753595118043	0.448081059024295	0.592443852028073
0.216672	0.0286386	-0.0221566	0.000999395	0.00303643	-5.54016e-05	0.00122199999999997	-0.0446184	-0.021217013	0.000761722	-6.76699999999997e-05	-1.20232e-05	0.109128173	-0.0069765817	-0.0505197734	0.0204346535	0.0450761418	-0.0324425845	-0.0364336915	0.0421482344	0.0252057321	-0.048862844	-0.0121890533	0.0521099123	-0.0016926191	-0.0516590118	0.015454175	0.0475421407	-0.0281190288	-0.0400514517	0.0387884217	0.0297185201	-0.0467052026	-0.01727662	0.0004998183	-0.0268098041	0.0445275804	-0.0256853986	0.0001551601	0.0058784316	-0.0603792967	0.0287029095	0.0372497005	0.0456491721	0.519923841293577	-0.520771148516118	0.448081059024295	0.592443852028073
0.202804	0.0329686	-0.0741318	0.00151844	0.00301949	-5.54016e-05	-0.013868	0.00433	-0.0519752	0.000519045	-1.694e-05	0	0.09697245	-0.0072002268	-0.0503987089	0.0210564335	0.0446096262	-0.0333210373	-0.0354486142	0.0430669878	0.0236081307	-0.0495576132	-0.009983168	0.0523023033	-0.0043963972	-0.051093594	0.0184436498	0.0460228486	-0.0310967934	-0.0374733519	0.0413994086	0.0260913389	-0.0485727468	-0.0127371473	0.0270217492	-0.0153011304	-0.0687192601	-0.0481019086	0.0116295875	0.0489049793	0.026310406	0.0269926273	-0.0347461802	-0.0189868262	0.487500825505278	-0.087245873696815	0.448081059024295	0.592443852028073
0.203858	0.0603777	-0.0434173	0.000982322	0.00262176	-0.000456242	0.001054	0.0274091	0.0307145	-0.000536118	-0.00039773	-0.0004008404	0.12591202	-0.0074237382	-0.0502739006	0.021674694	0.0441298556	-0.0341840202	-0.0344398384	0.0439465533	0.0219824722	-0.050177843	-0.0077587455	0.0523771858	-0.0070884207	-0.0503678575	0.0213660101	0.044311314	-0.0339267737	-0.0346942175	0.0437614146	0.0222893319	-0.0500796887	-0.0080934286	-0.004054227	0.024023514	0.0299799184	0.0414863611	-0.0092256646	-0.0061558286	0.0557261585	0.0736425066	-0.0047414873	-0.0356685718	0.813564128138149	-0.138112459808431	0.448081059024295	0.592443852028073
0.223786	0.0302742	-0.0630735	0.00174215	0.00244767	-5.54016e-05	0.019928	-0.0301035	-0.0196562	0.000759828	-0.00017409	0.0004008404	0.13642562	-0.0076471118	-0.0501453577	0.0222893319	0.0436369724	-0.0350311327	-0.0334080384	0.0447861304	0.0203306886	-0.0507226006	-0.0055199161	0.0523343914	-0.0097614921	-0.0494840794	0.0242106219	0.0424146861	-0.0365955205	-0.0317289578	0.0458602343	0.0183379745	-0.0512148408	-0.0033834701	-0.0044900376	0.0054965212	0.0223092413	0.0012651386	0.0009677724	-0.0109506129	-0.046850765	0.0324415553	0.0513195777	-0.0116541791	0.71098080139339	0.468834297073202	0.448081059024295	0.592443852028073
0.223786	0.0203577	-0.0763289	0.00108527	0.00244767	-5.54016e-05	0	-0.0099165	-0.0132554	-0.00065688	0	0	0.0560159	-0.0078703433	-0.0500130897	0.0229002443	0.0431311232	-0.0358619813	-0.032353904	0.0455849554	0.018654743	-0.0511910666	-0.0032708371	0.0521740164	-0.0124084642	-0.0484450328	0.0269671338	0.0403408874	-0.039090351	-0.0285934806	0.0476832451	0.014263743	-0.0519697758	0.0013541801	0.0143413639	-0.0212473276	-0.03505511	-0.0490331743	-0.004626104	0.0063344321	0.009939799	0.0286671593	-0.0283394239	0.0227195574	0.433652268189481	0.072833066412866	0.448081059024295	0.592443852028073
0.2238	0.0562571	-0.0631049	0.000882659	0.00253004	-0.000517318	1.39999999999862e-05	0.0358994	0.013224	-0.000202611	8.237e-05	-0.0004619164	0.08648227	-0.0080934286	-0.0498771065	0.0235073292	0.0426124582	-0.0366761804	-0.03127814	0.0463423012	0.0169566271	-0.0515825363	-0.0010156846	0.051896421	-0.0150222601	-0.0472539781	0.0296255153	0.0380985803	-0.0413994086	-0.025304607	0.0492194833	0.0100939368	-0.0523388891	0.0060807472	-0.0176220923	0.0303217544	-0.0035706357	0.0622430376	0.0116927183	-0.0058183856	0.0377591559	0.0077087212	0.0096135959	-0.0336449474	0.781071400425988	-0.129888429027647	0.448081059024295	0.592443852028073
0.223803	0.0323148	-0.0630677	0.00102619	0.0026532	-0.000591821	3.00000000003076e-06	-0.0239423	3.7200000000015e-05	0.000143531	0.00012316	-7.4503e-05	0.0410422	-0.0083163637	-0.0497374181	0.024110485	0.0420811315	-0.0374733519	-0.0301814655	0.0470574788	0.015238359	-0.051896421	0.0012413539	0.051502229	-0.0175958911	-0.0459146523	0.0321760928	0.0356971313	-0.0435117199	-0.0218799809	0.0504597097	0.0058564958	-0.0523194405	0.010757547	-0.0224545613	0.011530973	0.0436838265	-0.0079259237	0.0197353881	-0.0349477809	-0.0614783207	0.0143897009	0.0410429101	0.0404338736	-1.88690849366537	1.3201842865907	-2.22840312389761	-1.68540061352814
0.241308	0.0245398	-0.0630753	0.000949413	0.00261192	-0.000485541	0.017505	-0.007775	-7.5999999999965e-06	-7.67769999999999e-05	-4.12799999999994e-05	0.00010628	0.03650445	-0.0085391442	-0.049594035	0.024709611	0.0415373011	-0.0382531258	-0.0290646136	0.0477298374	0.0135019809	-0.0521322486	0.0034960873	0.050992326	-0.0201224762	-0.044431258	0.034609585	0.0331465714	-0.0454172463	-0.0183379745	0.0513964655	0.0015798132	-0.0519115742	0.0153463027	0.035325511	-0.0050435998	-0.0467987841	-0.0504662677	0.0030661073	0.0295490544	-0.009958379	0.0154839647	-0.017928361	-0.0284705357	1.18388781007881	2.10300471615294	0.448081059024295	0.592443852028073
0.241943	0.0288553	-0.0631317	0.000726141	0.00244767	-0.000459655	0.000634999999999997	0.0043155	-5.63999999999981e-05	-0.000223272	-0.00016425	2.5886e-05	0.0256773	-0.0087617663	-0.0494469678	0.025304607	0.0409811285	-0.03901514	-0.0279283311	0.0483587652	0.0117495564	-0.0522896643	0.0057443291	0.0503678575	-0.0225952602	-0.0428084497	0.0369171367	0.0304575546	-0.0471069319	-0.0146975897	0.0520241169	-0.0027074549	-0.0511183183	0.0198094581	-0.007548221	0.0176260822	-0.0111185643	0.0624624922	0.0341519257	-0.0031018904	0.0412939412	-0.0562402299	0.0361059491	-0.029714391	0.663949233688228	1.72256671824901	0.448081059024295	0.592443852028073
0.244918	0.0362265	-0.0362911	0.000268004	0.00274894	-0.000435585	0.002975	0.0073712	0.0268406	-0.000458137	0.00030127	2.407e-05	0.07636065	-0.0089842256	-0.0492962274	0.0258953737	0.0404127789	-0.0397590408	-0.0267733776	0.04894369	0.009983168	-0.0523684314	0.0079819045	0.0496302266	-0.0250076315	-0.0410513194	0.039090351	0.0276413132	-0.0485727468	-0.0109783563	0.0523388891	-0.0069765817	-0.0499455618	0.024110485	0.0061927281	0.0087744507	0.0571890189	0.0165878628	0.0536260411	-0.0309039102	-0.0189281551	-0.0006476728	0.0651008757	-0.0065222028	0.255722063352916	0.495135204699068	0.448081059024295	0.592443852028073
0.252996	0.0203086	-0.0363451	-0.000164827	0.00265802	-5.54016e-05	0.008078	-0.0159179	-5.39999999999985e-05	-0.000432831	-9.092e-05	0.0003801834	0.06924662	-0.009206518	-0.0491418251	0.0264818121	0.0398324213	-0.0404844828	-0.0256005252	0.0494840794	0.0082049152	-0.0523684314	0.0102046586	0.0487810905	-0.0273531403	-0.0391653804	0.0411213197	0.024709611	-0.0498077248	-0.0072002268	0.0523388891	-0.0111989617	-0.0484020114	0.028214182	0.0380771441	0.0089102393	0.0113409911	-0.094372427	0.0181625417	-0.0046737912	-0.0583720215	0.0028470817	-0.0228511002	0.0046831867	-1.60474920298551	0.075117522001596	-2.22840312389761	0.592443852028073
0.258529	0.0354743	-0.0618541	1.81239e-05	0.00251695	-5.54016e-05	0.00553300000000001	0.0151657	-0.025509	0.0001829509	-0.00014107	0	0.062408745	-0.0094286395	-0.0489837722	0.0270638244	0.0392402281	-0.0411911291	-0.024410558	0.0499794418	0.0064169112	-0.0522896643	0.0124084642	0.0478223571	-0.0296255153	-0.0371565505	0.0430026525	0.021674694	-0.0508059967	-0.0033834701	0.0520241169	-0.0153463027	-0.0464991262	0.0320869629	0.0185389809	0.0395227212	-0.0626376876	0.0497825524	0.0353915178	0.012153677	0.0362767852	-0.073955895	-0.0132276635	-0.0498099209	0.108814780025802	0.844230280275875	-2.22840312389761	-1.68540061352814
0.246727	0.0530648	-0.046461	0.000274324	0.00244767	-5.54016e-05	-0.011802	0.0175905	0.0153931	0.0002562001	-6.92800000000001e-05	0	0.061059605	-0.0096505858	-0.0488220806	0.0276413132	0.0386363752	-0.0418786518	-0.0232042715	0.0504293264	0.004621281	-0.0521322486	0.0145892291	0.0467561802	-0.0318186811	-0.0350311327	0.0447275033	0.0185492395	-0.0515628185	0.0004514381	0.0513964655	-0.0193908153	-0.0442510332	0.0356971313	-0.0076781633	-0.0009987454	0.0487740073	0.0440288084	0.0529151951	-0.0253143745	0.0159272855	0.011849799	0.077246076	-0.003454324	-0.731320143485414	1.73137149340435	-2.22840312389761	-1.68540061352814
0.258526	0.0110938	-0.0617928	0.000764417	0.00244767	-5.54016e-05	0.011799	-0.041971	-0.0153318	0.000490093	0	0	0.09360645	-0.009872353	-0.0486567622	0.028214182	0.0380210421	-0.0425467316	-0.0219824722	0.0508333239	0.0028201586	-0.051896421	0.016742904	0.0455849554	-0.0339267737	-0.0327957961	0.0462895956	0.0153463027	-0.0520745933	0.0042839244	0.0504597097	-0.0233053991	-0.0416744222	0.03901514	0.0099789593	-0.0154277256	0.0057360896	-0.0789982992	0.0140683082	-0.0194761659	-0.0323642634	-0.0247089416	-0.0402947463	-0.0031683707	1.23683150662288	1.66330502387048	-2.22840312389761	-1.68540061352814
0.264908	0.0110756	-0.115686	0.00094668	0.00192925	-5.54016e-05	0.00638199999999994	-1.81999999999995e-05	-0.0538932	0.000182263	-0.00051842	0	0.09532755	-0.0100939368	-0.0484878293	0.0287823352	0.0373944116	-0.0431950583	-0.0207459769	0.0511910666	0.0010156846	-0.0515825363	0.0188654898	0.044311314	-0.0359441567	-0.0304575546	0.0476832451	0.0120792627	-0.0523388891	0.0080934286	0.0492194833	-0.0270638244	-0.0387884217	0.0420138333	0.0023891321	0.0295136767	-0.0495833333	0.0156047682	0.0118343267	-0.0036515807	0.029111373	-0.0545507189	-0.0211270243	-0.0245220852	0.297852882810567	0.209434194542609	-2.22840312389761	0.592443852028073
0.259872	0.0454373	-0.120336	0.000673128	0.00202437	-0.00023411	-0.00503599999999998	0.0343617	-0.00465	-0.000273552	9.51200000000002e-05	-0.0001787084	0.07141672	-0.0103153331	-0.0483152946	0.0293456776	0.0367566699	-0.043823331	-0.0194956122	0.051502229	-0.0007899965	-0.0511910666	0.0209530451	0.0429381175	-0.0378654364	-0.028023745	0.0489033805	0.0087617663	-0.0523544498	0.0118595137	0.0476832451	-0.0306409077	-0.0356144575	0.0446686685	-0.0444593296	0.0130600365	0.0230415663	0.0186634109	0.0399589962	-0.0202469001	0.0386028899	0.0129145798	0.050654468	-0.0006893153	0.742156810287642	-0.384045319647561	-2.22840312389761	0.592443852028073
0.26842	0.0272233	-0.100236	0.00053792	0.00211392	-0.000155765	0.008548	-0.018214	0.0201	-0.000135208	8.95499999999999e-05	7.8345e-05	0.06201715	-0.0105365379	-0.0481391707	0.0299041152	0.0361080066	-0.044431258	-0.0182322141	0.051766528	-0.0025947387	-0.0507226006	0.0230016937	0.0414684511	-0.0396854757	-0.0255020041	0.0499455618	0.005407671	-0.0521212014	0.0155619757	0.0458602343	-0.0340126806	-0.0321760928	0.0469579174	0.0021964468	-0.0125940363	0.0478109595	-0.0704343115	-0.007143841	-0.0350736109	-0.0712233191	-0.0447487119	-0.0424290567	0.0695214397	-2.93163146169805	0.88467247970183	-2.22840312389761	0.592443852028073
0.262383	0.00369978	-0.120442	0.000582351	0.00202437	-5.54016e-05	-0.00603700000000001	-0.02352352	-0.020206	4.44309999999999e-05	-8.95499999999999e-05	0.0001003634	0.06148374	-0.010757547	-0.0479594708	0.0304575546	0.0354486142	-0.045018557	-0.0169566271	0.0519837232	-0.0043963972	-0.050177843	0.0250076315	0.0399056168	-0.0413994086	-0.0229002443	0.0508059967	0.0020309873	-0.0516402525	0.0191809517	0.0437614146	-0.0371565505	-0.028498854	0.048862844	-0.0065895738	0.0352983784	-0.0654373667	-0.0023097398	0.0138762942	0.0217007355	0.048130737	-0.0139561097	-0.0489342242	-0.0326866628	0.545493059575442	1.1593557477366	-2.22840312389761	0.592443852028073
0.248677	0.0786439	-0.100203	0.000285384	0.00225358	-0.000251907	-0.013706	0.07494412	0.020239	-0.000296967	0.00022921	-0.0001965054	0.14502324	-0.0109783563	-0.0477762082	0.0310059033	0.0347786889	-0.0455849554	-0.015669704	0.0521536168	-0.0061928308	-0.0495576132	0.0269671338	0.0382531258	-0.0430026525	-0.0202266294	0.0514815542	-0.0013541801	-0.0509138886	0.0226970271	0.0413994086	-0.0400514517	-0.0246100408	0.0503678575	-0.0228741791	0.0329364226	0.0411155782	0.0156234545	0.0316907406	-0.0183911138	0.0282549986	0.0589900599	0.0358292002	-0.0277933216	-0.630530086270085	0.367236981378123	-2.22840312389761	0.592443852028073
0.2507	-0.0198519	-0.165227	0.0011571	0.00225484	-0.000187887	0.00202299999999997	-0.0984958	-0.065024	0.000871716	1.26000000000032e-06	6.402e-05	0.2123926	-0.0111989617	-0.0475893965	0.0315490697	0.0340984296	-0.0461301902	-0.0143723053	0.0522760543	-0.0079819045	-0.048862844	0.0288765622	0.0365146908	-0.0444909208	-0.0174895484	0.0519697758	-0.0047336909	-0.0499455618	0.0260913389	0.0387884217	-0.042677987	-0.0205385235	0.0514606403	-0.042188649	-0.0351826086	-0.0103972064	-0.0302654251	0.0431881589	0.0184985518	-0.0102247303	0.0231899143	0.0093312629	0.0112486013	-2.93048985923288	-0.538645830732638	-2.22840312389761	0.592443852028073
0.237359	0.0468889	-0.16672	0.00063975	0.00236853	-0.000248152	-0.013341	0.0667408	-0.00149300000000002	-0.000517350000000001	0.00011369	-6.0265e-05	0.11614005	-0.0114193591	-0.0473990497	0.0320869629	0.0334080384	-0.0466540082	-0.0130652981	0.0523509242	-0.0097614921	-0.0480945804	0.030732371	0.0346942175	-0.0458602343	-0.0146975897	0.0522688852	-0.0080934286	-0.048739874	0.0293456776	0.0359441567	-0.045018557	-0.016314529	0.0521322486	-0.0298492205	-0.0075754789	-0.0201958929	-0.0207572386	-0.0059654348	-0.0067965118	0.0541932045	-0.0079094914	-0.0335714311	0.0111895009	-2.80754312183259	-0.431044548593116	-2.22840312389761	0.592443852028073
0.240556	0.0146549	-0.157804	0.000769763	0.00230729	-0.000503347	0.00319699999999998	-0.032234	0.00891600000000001	0.000130013	-6.12400000000002e-05	-0.000255195	0.0666694	-0.0116395445	-0.0472051818	0.0326194932	0.0327077205	-0.0471561663	-0.0117495564	0.0523781585	-0.0115294786	-0.0472539781	0.0325311144	0.0327957961	-0.0471069319	-0.0118595137	0.0523777937	-0.0114193591	-0.047302555	0.0324425845	0.0328837193	-0.0470574788	-0.011969416	0.0523771858	-0.0361499118	0.0690049315	-0.0071265319	-0.0047394533	-0.040301977	-0.0689639847	-0.0120830431	-0.0402964283	-0.0350967666	-0.0312471492	-2.84308170292214	-0.433439824062909	-2.22840312389761	0.592443852028073
0.241736	0.0211319	-0.173189	0.00080044	0.00202437	-0.000564323	0.00118000000000001	0.006477	-0.015385	3.0677e-05	-0.00028292	-6.0976e-05	0.04177065	-0.0118595137	-0.0470078072	0.0331465714	0.0319976841	-0.0476364314	-0.0104259597	0.0523577323	-0.0132837629	-0.0463423012	0.0342694522	0.0308236917	-0.0482276804	-0.0089842256	0.0522961052	-0.0146975897	-0.0456404355	0.0353654455	0.0296255153	-0.0487810905	-0.0075354425	0.0521934471	-0.0421297321	-0.0121550644	-0.0221913087	0.0367001679	-0.0080795085	0.0108467345	0.0093580594	-0.0282862676	0.0033253255	-0.0001143533	-2.75171948628993	-0.606029099286051	0.448081059024295	0.592443852028073
0.257452	0.0418902	-0.133972	0.000219993	0.00244025	-0.000495378	0.015716	0.0207583	0.039217	-0.000580447	0.00041588	6.89450000000001e-05	0.1289549	-0.0120792627	-0.0468069407	0.0336681095	0.03127814	-0.0480945804	-0.0090953929	0.0522896643	-0.0150222601	-0.0453609212	0.0359441567	0.0287823352	-0.0492194833	-0.0060807472	0.0520241169	-0.0179144269	-0.0437614146	0.0380985803	0.02618914	-0.050177843	-0.0030455261	0.0515825363	-0.04649031	-0.063190307	0.0512774754	-0.0040246225	-0.0133317597	-0.0058881498	0.007928857	0.0543627142	-0.0278308238	0.0257838052	-0.639419193105599	-0.35769796004641	0.448081059024295	0.592443852028073
0.257422	0.0317356	-0.116106	0.000324581	0.00234483	-5.54016e-05	-3.000000000003e-05	-0.0101546	0.017866	0.000104588	-9.54200000000001e-05	0.0004399764	0.0600498200000001	-0.0122987873	-0.0466025972	0.0341840202	0.030549302	-0.0485304007	-0.0077587455	0.0521740164	-0.016742904	-0.044311314	0.0375521182	0.0266763128	-0.0500796887	-0.003158189	0.0515628185	-0.0210564335	-0.0416744222	0.0406273263	0.0225952602	-0.0512383773	0.0014670001	0.0505494535	0.0135483361	0.0154834277	-0.0423130385	-0.0386231801	-0.0199491496	-0.0100217294	-0.0006661166	0.0117305613	-0.007321428	-0.0477897296	-0.290237743433857	-0.356542948685049	0.448081059024295	0.592443852028073
0.269757	0.0317445	-0.142104	0.000235819	0.00202437	-5.54016e-05	0.012335	8.89999999999919e-06	-0.025998	-8.8762e-05	-0.00032046	0	0.058803	-0.0125180835	-0.0463947917	0.0346942175	0.0298113868	-0.04894369	-0.0064169112	0.0520108938	-0.0184436498	-0.0431950583	0.039090351	0.0245103563	-0.0508059967	-0.0002257211	0.0509138886	-0.024110485	-0.0393893764	0.0429381175	0.0188654898	-0.0519555872	0.0059686353	0.0491026536	-0.0062388711	0.0238163039	-0.030146211	0.0629473348	0.0115229341	0.0055641497	0.0558635126	-0.0540570496	0.019621864	-0.019155929	0.524474077987909	-0.175750665008017	0.448081059024295	0.592443852028073
0.265186	-0.017908	-0.113654	0.000179864	0.00210805	-0.00049706	-0.00457099999999999	-0.0496525	0.02845	-5.5955e-05	8.368e-05	-0.0004416584	0.11173817	-0.0127371473	-0.0461835398	0.0351986159	0.0290646136	-0.0493342563	-0.0050707869	0.0518004449	-0.0201224762	-0.0420138333	0.0405559987	0.0222893319	-0.0513964655	0.0027074549	0.0500796887	-0.0270638244	-0.0369171367	0.045018557	0.0150222601	-0.052324667	0.0104259597	0.0472539781	-0.0062702608	0.0212521929	0.0711367056	0.019700019	-0.0152521804	-0.0346812118	-0.0352093934	-0.016526603	0.0367275111	0.0371680466	-0.870319585017298	-0.260790027936801	0.448081059024295	0.592443852028073
0.266034	-0.0180609	-0.131949	0.000627481	0.00223708	-0.00020279	0.00084799999999996	-0.000152900000000001	-0.018295	0.000447617	0.00012903	0.00029427	0.06284175	-0.0129559745	-0.0459688572	0.0356971313	0.0283092043	-0.0497019183	-0.0037212726	0.0515428613	-0.021777388	-0.0407694154	0.0419463399	0.0200182296	-0.0518495163	0.0056321357	0.0490632542	-0.0299041152	-0.0342694522	0.0468574839	0.0110886847	-0.0523431439	0.0148058821	0.045018557	0.0266244654	-0.0199037514	-0.0324845588	-0.0900336323	-0.0025419258	0.0450935653	-0.0079411962	0.0554600963	-0.0461023013	-0.0143921477	-0.304818131733479	-0.448390239388283	0.448081059024295	0.592443852028073
0.262206	0.041007	-0.145346	0.000316684	0.00202437	-0.00024104	-0.003828	0.0590679	-0.013397	-0.000310797	-0.00021271	-3.825e-05	0.10438075	-0.0131745611	-0.0457507597	0.0361896802	0.0275453833	-0.0500465054	-0.0023692706	0.0512383773	-0.0234064185	-0.0394636764	0.0432587929	0.017702152	-0.0521639377	0.0085391442	0.0478682839	-0.0326194932	-0.0314589057	0.0484450328	0.0070884207	-0.0520108938	0.0190758861	0.0424146861	0.0036116229	0.0214218056	-0.0119698676	0.0579473285	-0.03304611	0.0263346869	0.0554449017	0.0115401474	-0.0292251906	-0.0169118506	1.2609270148343	0.367512031702886	0.448081059024295	0.592443852028073
0.257422	-0.0179056	-0.119534	0.000425824	0.00213307	-0.000614429	-0.00478400000000001	-0.0589126	0.025812	0.00010914	0.0001087	-0.000373389	0.11907005	-0.013392903	-0.0455292636	0.0366761804	0.0267733776	-0.0503678575	-0.0010156846	0.0508872699	-0.0250076315	-0.0380985803	0.0444909208	0.0153463027	-0.0523388891	0.0114193591	0.0464991262	-0.0351986159	-0.028498854	0.049772687	0.0030455261	-0.0513301431	0.0232042715	0.0394636764	0.0107901701	-0.0292593626	0.0336753394	0.0119108304	-0.0518047471	-0.0125254409	-0.0658249366	-0.022821816	-0.0167928382	0.0613588872	1.1530768128179	1.00552594721819	0.448081059024295	0.592443852028073
0.257414	-0.0180866	-0.145265	0.00160486	0.0019536	-0.000501339	-8.000000000008e-06	-0.000181000000000001	-0.025731	0.001179036	-0.00017947	0.00011309	0.0994998	-0.0136109962	-0.0453043854	0.0371565505	0.0259934166	-0.0506658255	0.0003385804	0.0504898588	-0.0265791242	-0.0366761804	0.0456404355	0.0129559745	-0.0523739028	0.014263743	0.0449607632	-0.0376307102	-0.0254033645	0.0508333239	-0.0010156846	-0.0503054532	0.0271603893	0.0361896802	0.0398477802	-0.0059044814	-0.0563537076	-0.0255184889	-0.0623913974	0.0429518497	0.007416191	0.037790694	-0.0495796049	-0.0186853295	1.21856363639864	0.71839992732299	0.448081059024295	0.592443852028073
0.267727	0.00892272	-0.148095	0.000721232	0.0019536	-0.000762806	0.010313	0.02700932	-0.00283	-0.000883628	0	-0.000261467	0.09740707	-0.0138288366	-0.0450761418	0.0376307102	0.0252057321	-0.050940271	0.0016926191	0.0500465054	-0.0281190288	-0.0351986159	0.0467052026	0.0105365379	-0.0522688852	0.0170633708	0.0432587929	-0.0399056168	-0.0221871482	0.0516212534	-0.0050707869	-0.04894369	0.0309148693	0.0326194932	0.0018241895	-0.0578512593	0.0033783423	0.0540150685	-0.0379194748	0.0279785632	0.0276536083	0.0211112241	-0.0106505367	0.0472940763	1.2219360204274	-0.437244051990654	0.448081059024295	0.592443852028073
0.277092	-0.0126883	-0.14531	0.000471232	0.00182829	-0.000501339	0.00936500000000001	-0.02161102	0.00278500000000001	-0.00025	-0.00012531	0.000261467	0.06559987	-0.0140464202	-0.0448445497	0.0380985803	0.024410558	-0.0511910666	0.0030455261	0.0495576132	-0.0296255153	-0.0336681095	0.0476832451	0.0080934286	-0.0520241169	0.0198094581	0.0413994086	-0.0420138333	-0.0188654898	0.0521322486	-0.0090953929	-0.0472539781	0.0344398384	0.0287823352	0.022050132	-0.0559705774	0.0364105637	-0.0477331506	-0.1264428385	-0.0335687661	-0.0859757515	-0.003859093	-0.06183876	0.0578629653	0.951435351894247	-0.473616090016011	-2.22840312389761	0.592443852028073
0.274756	-0.0265178	-0.166023	0.00125216	0.00171743	-0.000501339	-0.00233600000000001	-0.0138295	-0.020713	0.000780928000000001	-0.00011086	0	0.0814679	-0.014263743	-0.0446096262	0.0385600826	0.0236081307	-0.0514180959	0.0043963972	0.049023627	-0.0310967934	-0.0320869629	0.0485727468	0.0056321357	-0.0516402525	0.0224933884	0.0393893764	-0.0439465533	-0.015454175	0.0523635681	-0.0130652981	-0.0452476394	0.0377091275	0.024709611	0.0147070146	0.0058436922	-0.0612848289	0.0678210045	-0.0877131908	0.0176447142	-0.0077983671	-0.0610372731	-0.00517649	-0.0153470313	0.784660727961804	-0.279968074965322	-2.22840312389761	0.592443852028073
0.252996	0.0370881	-0.128237	0.00150216	0.00196688	-0.000955325	-0.02176	0.0636059	0.037786	0.000249999999999999	0.00024945	-0.000453986	0.1708237	-0.0144808008	-0.044371389	0.03901514	0.0227986886	-0.0516212534	0.0057443291	0.0484450328	-0.0325311144	-0.0304575546	0.0493720561	0.003158189	-0.0511183183	0.0251067401	0.0372360105	-0.0456957037	-0.011969416	0.0523139709	-0.0169566271	-0.0429381175	0.0406984653	0.0204346535	0.0070875279	-0.0755418543	0.0465757323	0.0869127864	-0.0326745701	0.0238628815	-0.0101257411	-0.0487846094	0.0556485902	0.0244036965	1.16800603958453	0.031291928998966	-2.22840312389761	0.592443852028073
0.261826	-0.0310709	-0.126893	0.00125216	0.00204425	-0.00067752	0.00883	-0.068159	0.00134399999999998	-0.000249999999999999	7.73700000000002e-05	0.000277805	0.10859175	-0.0146975897	-0.0441298556	0.0394636764	0.0219824722	-0.0518004449	0.0070884207	0.0478223571	-0.0339267737	-0.0287823352	0.0500796887	0.0006771467	-0.0504597097	0.0276413132	0.0349471469	-0.0472539781	-0.0084277735	0.0519837232	-0.0207459769	-0.0403408874	0.0433856593	0.0159924506	0.0601857204	-0.002336294	-0.0163702821	-0.0526240479	-0.049056132	0.0033989205	-0.0542970351	0.0065266952	-0.0233362457	-0.0300224063	0.889202402071699	-0.14421549630303	-2.22840312389761	0.592443852028073
0.269246	0.026509	-0.166181	0.000943362	0.00205882	-0.000501339	0.00741999999999998	0.0575799	-0.039288	-0.000308798	1.45699999999998e-05	0.000176181	0.12926535	-0.0149141057	-0.043885044	0.0399056168	0.0211597241	-0.0519555872	0.0084277735	0.0471561663	-0.0352821126	-0.0270638244	0.0506943307	-0.001805417	-0.0496661877	0.0300891549	0.0325311144	-0.0486148674	-0.0048460789	0.0513745965	-0.024410558	-0.0374733519	0.0457507597	0.0114193591	0.0287701154	0.0014701627	-0.0410327285	0.076917222	-0.0119437089	0.0371339013	0.0019731897	-0.0829694062	0.0046264606	0.0175654757	0.989194397182653	-0.063258863034198	-2.22840312389761	0.592443852028073
0.269239	0.0160134	-0.120147	0.000859462	0.00205882	-0.000923193	-6.99999999997925e-06	-0.0104956	0.046034	-8.39000000000004e-05	0	-0.000421854	0.0818243	-0.0151303447	-0.0436369724	0.0403408874	0.0203306886	-0.0520866082	0.0097614921	0.0464470668	-0.0365955205	-0.025304607	0.0512148408	-0.0042839244	-0.048739874	0.0324425845	0.0299967047	-0.049772687	-0.0012413539	0.0504898588	-0.0279283311	-0.0343547251	0.0477762082	0.006752807	0.013744792	-0.0089348865	0.0758596953	0.011748825	-0.0354588294	-0.0089520948	-0.056434437	-0.0139802839	0.0227729003	0.0273470396	0.756420706452931	0.311206166240593	0.448081059024295	0.592443852028073
0.283177	-0.0194486	-0.1893	0.00124455	0.00192809	-0.000501339	0.013938	-0.035462	-0.069153	0.000385088	-0.00013073	0.000421854	0.1654366	-0.0153463027	-0.0433856593	0.0407694154	0.0194956122	-0.0521934471	0.0110886847	0.0456957037	-0.0378654364	-0.0235073292	0.0516402525	-0.006752807	-0.0476832451	0.0346942175	0.0273531403	-0.0507226006	0.0023692706	0.0493342563	-0.03127814	-0.0310059033	0.0494469678	0.0020309873	0.031589149	-0.0459524894	-0.0577398219	-0.0435802486	-0.0207701908	0.0524231918	-0.0060422531	0.043664146	-0.02556462	0.0091489312	1.17861229052862	0.683045337234111	0.448081059024295	0.592443852028073
0.277553	0.0207826	-0.160877	0.000919553	0.00205882	-0.000870575	-0.00562400000000002	0.0402312	0.028423	-0.000324997	0.00013073	-0.000369236	0.11552635	-0.0155619757	-0.0431311232	0.0411911291	0.018654743	-0.0522760543	0.0124084642	0.0449027607	-0.039090351	-0.021674694	0.0519697758	-0.009206518	-0.0464991262	0.0368369888	0.0246100408	-0.0514606403	0.0059686353	0.0479139886	-0.0344398384	-0.0274493255	0.050750635	-0.0027074549	0.0110297674	0.0112984943	0.0265645607	0.0361334255	-0.0211127852	-0.0193994906	0.0351785948	0.0136414748	0.0033645398	-0.0040155448	0.776922983260797	0.526578191901416	0.448081059024295	0.592443852028073
0.296035	-0.0464806	-0.168655	0.00123931	0.00163443	-0.000501339	0.018482	-0.0672632	-0.00777800000000001	0.000319757	-0.00042439	0.000369236	0.14919235	-0.0157773596	-0.0428733831	0.0416059582	0.0178083308	-0.0523343914	0.0137199483	0.0440689593	-0.0402688086	-0.0198094581	0.0522027989	-0.0116395445	-0.0451906832	0.0388641751	0.021777388	-0.0519837232	0.0095396348	0.046236675	-0.0373944116	-0.0237088227	0.0516775313	-0.0074237382	0.0329118416	0.0564752623	0.0070174284	0.0060471984	-0.0310173401	-0.0191571612	-0.0574341002	0.021301025	0.0271899326	-0.0283163974	0.576388826535769	0.702830323535627	0.448081059024295	0.592443852028073
0.296009	-0.00995971	-0.175923	0.00119832	0.00137744	-0.000620906	-2.59999999999705e-05	0.03652089	-0.007268	-4.09900000000001e-05	-0.00025699	-0.000119567	0.06469224	-0.0159924506	-0.0426124582	0.0420138333	0.0169566271	-0.0523684314	0.0150222601	0.0431950583	-0.0413994086	-0.0179144269	0.0523388891	-0.0140464202	-0.0437614146	0.0407694154	0.0188654898	-0.0522896643	0.0130652981	0.044311314	-0.0401240904	-0.0198094581	0.0522207755	-0.0120792627	0.0087191961	-0.0629229532	-0.028716656	0.063188745	0.0413645999	0.0737771153	0.0149659766	-0.039029978	0.0192135252	0.0278918154	1.1803230211402	1.67913757924955	-2.22840312389761	0.592443852028073
0.288327	-1.07366e-05	-0.158154	0.00164717	0.0012932	-0.000686246	-0.00768200000000002	0.0099489734	0.017769	0.00044885	-8.42399999999993e-05	-6.53400000000001e-05	0.0653214734	-0.0162072446	-0.0423483678	0.0424146861	0.016099885	-0.0523781585	0.016314529	0.0422818529	-0.0424808075	-0.0159924506	0.0523777937	-0.0164217376	-0.0422151417	0.0425467316	0.015884942	-0.0523771858	0.01652887	0.0421482344	-0.0426124582	-0.0157773596	0.0523763346	-0.0166359256	0.0252496058	-0.0306867177	0.0827187301	-0.0517279854	-0.0341034211	-0.0254308703	-0.0524664107	0.0693338689	0.0034612165	0.0379048325	0.91506413158609	2.3195711415033	0.448081059024295	0.592443852028073
0.279214	-0.040889	-0.19753	0.00179476	0.00163443	-0.000501339	-0.00911300000000004	-0.0408782634	-0.039376	0.00014759	0.000341229999999999	0.000184907	0.1230536134	-0.0164217376	-0.0420811315	0.0428084497	0.015238359	-0.0523635681	0.0175958911	0.0413301739	-0.0435117199	-0.0140464202	0.0523194405	-0.0187601599	-0.0405559987	0.044190547	0.0128465907	-0.0522459219	0.0199138901	0.0397590408	-0.0448445497	-0.0116395445	0.0521430537	-0.0210564335	0.024665433	0.0607239659	-0.0443852705	0.0112361006	-0.0163683514	0.0174798854	0.0316254919	0.0407186718	-0.017183227	-0.0932562709	0.408581908434773	2.42730729572218	0.448081059024295	0.592443852028073
0.295979	0.0150989	-0.189421	0.00144123	0.00123193	-0.000760543	0.016765	0.0559879	0.00810899999999998	-0.00035353	-0.0004025	-0.000259204	0.1316236	-0.0166359256	-0.0418107693	0.0431950583	0.0143723053	-0.052324667	0.0188654898	0.0403408874	-0.0444909208	-0.0120792627	0.0521639377	-0.0210564335	-0.0387884217	0.0456957037	0.0097614921	-0.051896421	0.0232042715	0.0371565505	-0.0468069407	-0.0074237382	0.0515226647	-0.025304607	-0.003477187	-0.0039585829	0.0376391084	0.0570186105	0.0149757229	0.0070206919	0.0346683184	0.0338431853	0.0557691214	-0.0104634926	1.01068044866006	2.4578458066485	0.448081059024295	0.592443852028073
0.286503	-0.0201156	-0.226684	0.0019519	0.00155486	-0.000501339	-0.00947599999999998	-0.0352145	-0.037263	0.00051067	0.00032293	0.000259204	0.1365937	-0.0168498047	-0.0415373011	0.0435744473	0.0135019809	-0.0522614734	0.0201224762	0.0393148935	-0.0454172463	-0.0100939368	0.0519115742	-0.0233053991	-0.0369171367	0.0470574788	0.0066408724	-0.0513301431	0.0263843771	0.0343547251	-0.0484878293	-0.003158189	0.0505197734	-0.0293456776	-0.014635328	-0.0467557232	0.0085900769	-0.0284496414	0.0298884905	0.0002630283	-0.039548697	0.0053590483	-0.0093441993	0.012712371	-0.037801665154959	0.660344984288681	-2.22840312389761	0.592443852028073
0.270414	0.0332247	-0.218531	0.00174548	0.00163443	-0.000501339	-0.016089	0.0533403	0.00815300000000002	-0.00020642	7.95700000000002e-05	0	0.0918818	-0.0170633708	-0.0412607473	0.0439465533	0.0126276447	-0.0521740164	0.0213660101	0.0382531258	-0.0462895956	-0.0080934286	0.0515628185	-0.0255020041	-0.0349471469	0.0482715996	0.0034960873	-0.0505494535	0.0294390937	0.0313685957	-0.0498771065	0.0011285219	0.0491418251	-0.0331465714	0.0119360822	-0.0364128317	-0.0162816758	-0.0329400681	0.0677234561	0.0194895935	0.0182526031	-0.0375364547	-0.0027085009	0.0223781057	0.178037605030163	-0.516042254681272	-2.22840312389761	0.592443852028073
0.274301	0.0177128	-0.208841	0.00214946	0.00179184	-0.000501339	0.00388700000000003	-0.0155119	0.00969	0.00040398	0.00015741	0	0.0571584	-0.01727662	-0.0409811285	0.044311314	0.0117495564	-0.0520623368	0.0225952602	0.0371565505	-0.0471069319	-0.0060807472	0.0511183183	-0.0276413132	-0.0328837193	0.0493342563	0.0003385804	-0.0495576132	0.032353904	0.028214182	-0.0509664168	0.005407671	0.0473990497	-0.0366761804	0.0042186186	0.068159181	0.0344377128	-0.0319350605	0.0022532448	-0.0547896095	-0.0326950018	-0.0325087307	-0.0279302125	-0.0104003881	0.399197010396752	1.92542978624647	0.448081059024295	0.592443852028073
0.292195	0.00178322	-0.264356	0.00212187	0.00113517	-0.000501339	0.017894	-0.01592958	-0.055515	-2.75900000000001e-05	-0.00065667	0	0.12355158	-0.0174895484	-0.0406984653	0.0446686685	0.0108679768	-0.0519264863	0.0238094045	0.0360261653	-0.0478682839	-0.0040589197	0.0505788988	-0.0297185201	-0.030732371	0.0502421146	-0.0028201586	-0.0483587652	0.0351149558	0.0249084068	-0.0517492091	0.0096505858	0.0453043854	-0.0399056168	-0.0114989663	0.0049955417	-0.0461231127	0.0186213435	0.0501418723	0.0630967471	0.0107520344	-0.0077499097	0.0151082496	0.0066817306	0.338432751386131	1.06529827090788	0.448081059024295	0.592443852028073
0.295902	0.0510493	-0.219618	0.00172006	0.00102985	-0.000501339	0.00370700000000002	0.04926608	0.044738	-0.00040181	-0.00010532	0	0.12306758	-0.017702152	-0.0404127789	0.045018557	0.009983168	-0.051766528	0.0250076315	0.0348629988	-0.0485727468	-0.0020309873	0.0499455618	-0.0317289578	-0.028498854	0.050992326	-0.0059686353	-0.0469579174	0.0377091275	0.0214690046	-0.0522207755	0.0138288366	0.0428733831	-0.0428084497	-0.0165621231	-0.0697363881	0.014904671	0.0227766271	0.0292206381	0.0295803869	0.0276644489	0.0060163379	-0.0020655144	0.053454543	-0.424157695345447	0.071018667615091	0.448081059024295	0.592443852028073
0.295922	0.0284669	-0.21459	0.00155758	0.00113517	-0.000501339	1.99999999999645e-05	-0.0225824	0.00502799999999998	-0.00016248	0.00010532	0	0.0410204	-0.0179144269	-0.0401240904	0.0453609212	0.0090953929	-0.0515825363	0.02618914	0.0336681095	-0.0492194833	0	0.0492194833	-0.0336681095	-0.02618914	0.0515825363	-0.0090953929	-0.0453609212	0.0401240904	0.0179144269	-0.0523782801	0.0179144269	0.0401240904	-0.0453609212	0.0081189908	0.0085395758	0.0341990249	-0.0609499561	-0.0079559933	-0.0722804842	-0.0490287382	-0.0056709659	0.0218314091	-0.011331625	-0.106389553956784	0.229546181271254	0.448081059024295	0.592443852028073
0.295929	-0.00866062	-0.225118	0.00225313	0.00113517	-0.000696942	7.00000000003476e-06	-0.03712752	-0.010528	0.00069555	0	-0.000195603	0.09222017	-0.018126369	-0.0398324213	0.0456957037	0.0082049152	-0.0513745965	0.0273531403	0.0324425845	-0.0498077248	0.0020309873	0.0484020114	-0.0355316183	-0.0238094045	0.0520108938	-0.0121890533	-0.0435744473	0.0423483678	0.014263743	-0.0522207755	0.0218799809	0.0370769179	-0.0475421407	0.0190293692	0.0628685823	-0.0618777766	0.001917743	0.0505484992	0.0283406484	0.0412707783	0.011289166	0.0040661972	-0.0611050726	-0.949681312228174	0.234528444210701	0.448081059024295	0.592443852028073
0.28254	0.0524951	-0.214889	0.00158442	0.00113517	-0.000890228	-0.013389	0.06115572	0.010229	-0.00066871	0	-0.000193286	0.12787352	-0.0183379745	-0.0395377932	0.0460228486	0.0073119995	-0.0511428052	0.028498854	0.0311875391	-0.0503367722	0.0040589197	0.0474946641	-0.0373152977	-0.0213660101	0.0522760543	-0.015238359	-0.0416059582	0.044371389	0.0105365379	-0.0517492091	0.0256989275	0.0337544877	-0.0493342563	-0.0117410697	0.0040924611	0.035142655	0.0327532391	0.0609904378	-0.0088363734	0.050063288	0.0008175628	0.0409595849	-0.000305154	-0.077883511746453	0.186805133070391	0.448081059024295	0.592443852028073
0.295921	-0.00304427	-0.237002	0.0019436	0.00113517	-0.00071978	0.013381	-0.05553937	-0.022113	0.00035918	0	0.000170448	0.11751477	-0.0185492395	-0.0392402281	0.0463423012	0.0064169112	-0.0508872699	0.0296255153	0.0299041152	-0.0508059967	0.0060807472	0.0464991262	-0.03901514	-0.0188654898	0.0523771858	-0.0182322141	-0.0394636764	0.0461835398	0.006752807	-0.0509664168	0.0293456776	0.0301814655	-0.0507226006	0.0092877565	-0.0185460549	-0.0076646927	-0.078592183	0.0057173639	-0.0246117344	-0.0507467427	-0.0465681116	-0.0464071034	0.0275105909	-2.04378151478013	0.25104474402747	0.448081059024295	0.592443852028073
0.295922	0.0396629	-0.255841	0.00197501	0.00113517	-0.000755044	9.99999999973244e-07	0.04270717	-0.018839	3.14100000000002e-05	0	-3.52639999999998e-05	0.06488087	-0.0187601599	-0.0389397479	0.0466540082	0.0055199161	-0.0506081094	0.030732371	0.0285934806	-0.0512148408	0.0080934286	0.0454172463	-0.0406273263	-0.016314529	0.0523139709	-0.0211597241	-0.0371565505	0.0477762082	0.0029328492	-0.0498771065	0.0327957961	0.0263843771	-0.0516958108	-0.0027974318	0.0159198031	-0.0430958928	0.0287507251	0.0037084479	-0.0090492051	0.0338530014	-0.0842613385	-0.0109329213	-0.0253741406	-1.90278552374883	0.240525755573746	0.448081059024295	0.592443852028073
0.285673	0.000736787	-0.240321	0.00266862	0.00113517	-0.000501339	-0.010249	-0.038926113	0.01552	0.00069361	0	0.000253705	0.112060863	-0.018970732	-0.0386363752	0.0469579174	0.004621281	-0.0503054532	0.0318186811	0.027256828	-0.0515628185	0.0100939368	0.0442510332	-0.0421482344	-0.0137199483	0.0520866082	-0.0240102362	-0.0346942175	0.0491418251	-0.0009028426	-0.0484878293	0.0360261653	0.0223914121	-0.0522459219	-0.0127903567	0.0704360707	0.0387537209	-0.0019234293	-0.0204260697	-0.0660125691	-0.0173767516	-0.0074540963	0.0469045857	-0.0010812057	-1.6210595623877	0.589511649423417	0.448081059024295	0.592443852028073
0.279376	0.00232488	-0.282419	0.00222211	0.00113517	-0.000765163	-0.006297	0.001588093	-0.042098	-0.00044651	0	-0.000263824	0.085499793	-0.0191809517	-0.0383301323	0.0472539781	0.0037212726	-0.0499794418	0.0328837193	0.0258953737	-0.0518495163	0.0120792627	0.0430026525	-0.0435744473	-0.0110886847	0.0516958108	-0.0267733776	-0.0320869629	0.0502739006	-0.0047336909	-0.0468069407	0.03901514	0.0182322141	-0.0523684314	-0.0326235092	-0.0450805942	-0.0251668787	0.0192539216	0.0504094085	0.0687615051	0.0254758894	0.038284283	0.0512176265	0.0160445653	-1.46699063369837	0.372423567378908	0.448081059024295	0.592443852028073
0.26143	0.055169	-0.242578	0.00197501	0.0017592	-0.00104965	-0.017946	0.05284412	0.039841	-0.0002471	0.00062403	-0.000284487	0.16841197	-0.0193908153	-0.0380210421	0.0475421407	0.0028201586	-0.0496302266	0.0339267737	0.0245103563	-0.0520745933	0.0140464202	0.0416744222	-0.0449027607	-0.0084277735	0.0511428052	-0.0294390937	-0.0293456776	0.0511670547	-0.0085391442	-0.0448445497	0.0417426926	0.0139376608	-0.0520623368	-0.0555699409	-0.0298310649	0.0567195398	-0.0303154052	0.0210857393	-0.035328621	0.0443271506	0.0587716431	0.0127032401	0.0243358827	0.814739471174465	0.636850736294033	0.448081059024295	0.592443852028073
0.266355	-0.00117612	-0.256729	0.00214315	0.001503	-0.000853934	0.00492500000000001	-0.05634512	-0.014151	0.00016814	-0.0002562	0.000195716	0.10642392	-0.0196003187	-0.0377091275	0.0478223571	0.0019182066	-0.0492579697	0.0349471469	0.0231030362	-0.0522377823	0.0159924506	0.0402688086	-0.0461301902	-0.0057443291	0.0504293264	-0.0319976841	-0.0264818121	0.0518170426	-0.0122987873	-0.0426124582	0.044190547	0.0095396348	-0.0513301431	0.0031732276	0.0323512288	-0.0446198092	-0.0378799446	0.0047001461	-0.0009818899	0.0131230595	0.0348740336	-0.0072151792	-0.0222089492	-0.540970898836649	1.57639224709742	0.448081059024295	0.592443852028073
0.272563	0.0702285	-0.258059	0.00178502	0.00143586	-0.000865775	0.00620799999999999	0.07140462	-0.00133000000000005	-0.00035813	-6.714e-05	-1.18410000000001e-05	0.10079817	-0.0198094581	-0.0373944116	0.0480945804	0.0010156846	-0.048862844	0.0359441567	0.021674694	-0.0523388891	0.0179144269	0.0387884217	-0.0472539781	-0.0030455261	0.0495576132	-0.0344398384	-0.0235073292	0.0522207755	-0.0159924506	-0.0401240904	0.0463423012	0.0050707869	-0.050177843	-0.0342648941	0.0555800457	0.0173190734	0.014649552	0.0122161189	-0.0257994398	0.0629259524	0.0470257747	-0.0232542091	-0.0437630998	0.380246521014057	0.971952147182355	0.448081059024295	0.592443852028073
0.278833	0.0154909	-0.276616	0.00212636	0.00162384	-0.000808717	0.00627	-0.0547376	-0.0185569999999999	0.00034134	0.00018798	5.70580000000001e-05	0.1088835	-0.0200182296	-0.0370769179	0.0483587652	0.0001128608	-0.0484450328	0.0369171367	0.0202266294	-0.0523777937	0.0198094581	0.0372360105	-0.0482715996	-0.0003385804	0.0485304007	-0.0367566699	-0.0204346535	0.0523763346	-0.0196003187	-0.0373944116	0.0481835374	0.0005642937	-0.0486148674	-0.0303182535	0.0547995777	-0.0061173368	-0.0104102389	-0.011424269	-0.0482329191	-0.0393701545	0.0047985453	0.000695732	0.0030260928	1.17494293370421	1.05587524115503	0.448081059024295	0.592443852028073
0.277271	0.0698351	-0.310837	0.00222176	0.001321	-0.000941815	-0.00156200000000001	0.0543442	-0.034221	9.54000000000003e-05	-0.00030284	-0.000133098	0.1166941	-0.0202266294	-0.0367566699	0.0486148674	-0.0007899965	-0.0480047303	0.0378654364	0.0187601599	-0.0523544498	0.021674694	0.0356144575	-0.0491807684	0.0023692706	0.0473509122	-0.0389397479	-0.01727662	0.0522829807	-0.0231030362	-0.0344398384	0.0497019183	-0.0039463888	-0.0466540082	-0.0773338597	-0.0668997607	-0.0187816566	-0.0061872059	0.0448418289	-0.0020777973	0.0626281093	0.0026833941	-0.0423155752	0.0673509637	0.545750157150646	0.314031274883272	0.448081059024295	-1.68540061352814
0.273832	0.0519699	-0.292598	0.00165329	0.00138504	-0.000996384	-0.00343899999999997	-0.0178652	0.0182389999999999	-0.00056847	6.40399999999998e-05	-5.45689999999999e-05	0.0738971499999999	-0.0204346535	-0.0364336915	0.048862844	-0.0016926191	-0.0475421407	0.0387884217	0.01727662	-0.0522688852	0.0235073292	0.0339267737	-0.0499794418	0.0050707869	0.0460228486	-0.0409811285	-0.0140464202	0.0519411573	-0.0264818121	-0.03127814	0.0508872699	-0.0084277735	-0.044311314	-0.0459388794	0.0069954521	0.0315460145	-0.0580331962	-0.0131265395	-0.0370909023	0.019417178	0.0242260884	0.0117073886	-0.0073503425	0.61340557925889	0.569626775940332	0.448081059024295	-1.68540061352814
0.283297	0.0286432	-0.31906	0.00210699	0.000937657	-0.000775261	0.00946499999999995	-0.0233267	-0.026462	0.0004537	-0.000447383	0.000221123	0.115364	-0.0206422981	-0.0361080066	0.0491026536	-0.0025947387	-0.0470574788	0.0396854757	0.0157773596	-0.0521212014	0.025304607	0.0321760928	-0.0506658255	0.0077587455	0.0445503769	-0.0428733831	-0.010757547	0.051352489	-0.0297185201	-0.0279283311	0.0517316498	-0.0128465907	-0.0416059582	-0.0614002801	0.0416647717	-0.0582372462	-0.0500572346	0.0174583	-0.0159859372	0.0696689984	0.0237470503	-0.0291584312	-0.0027285472	0.436019685123841	0.331697748124623	0.448081059024295	0.592443852028073
0.295854	0.0721874	-0.335434	0.00182781	0.000937657	-0.000792362	0.012557	0.0435442	-0.016374	-0.00027918	0	-1.71010000000002e-05	0.08728925	-0.0208495594	-0.0357796393	0.0493342563	-0.0034960873	-0.0465509697	0.0405559987	0.014263743	-0.0519115742	0.0270638244	0.0303656657	-0.0512383773	0.0104259597	0.0429381175	-0.0446096262	-0.0074237382	0.0505197734	-0.0327957961	-0.024410558	0.0522294002	-0.0171700353	-0.0385600826	-0.0780914173	0.0380095451	-0.0386359533	0.028340593	0.031822616	-0.0286164385	0.0839422933	-0.0353666479	0.0254858042	0.012126879	0.732313765485998	0.025448535362374	0.448081059024295	0.592443852028073
0.301123	0.0249667	-0.35603	0.00187964	0.00101661	-0.000501339	0.00526900000000002	-0.0472207	-0.020596	5.18299999999999e-05	7.89530000000001e-05	0.000291023	0.094176	-0.0210564335	-0.0354486142	0.0495576132	-0.0043963972	-0.0460228486	0.0413994086	0.0127371473	-0.0516402525	0.0287823352	0.028498854	-0.0516958108	0.0130652981	0.0411911291	-0.0461835398	-0.0040589197	0.0494469678	-0.0356971313	-0.0207459769	0.0523771858	-0.0213660101	-0.0351986159	-0.1191463419	0.0593424721	0.0204800776	-0.0047822498	0.0106896194	-0.0934189255	-0.001381968	-0.0189390004	0.0239466337	0.0331260648	-0.277314825835982	1.46111707373766	0.448081059024295	0.592443852028073
0.304781	0.0486789	-0.360474	0.00162824	0.000885609	-0.000729178	0.00365799999999994	0.0237122	-0.00444399999999995	-0.0002514	-0.000131001	-0.000227839	0.0623262	-0.0212629165	-0.0351149558	0.049772687	-0.0052954007	-0.0454733605	0.0422151417	0.0111989617	-0.0513075588	0.0304575546	0.0265791242	-0.0520370985	0.015669704	0.0393148935	-0.0475893965	-0.0006771467	0.0481391707	-0.0384069609	-0.0169566271	0.0521740164	-0.0254033645	-0.0315490697	-0.0897870754	-0.0370526458	-0.0311578076	-0.0548012676	0.0481058326	-0.009185582	0.0597526313	0.0868499664	0.0075323851	0.0358900226	0.751448573195385	0.489790617908834	0.448081059024295	0.592443852028073
0.286846	0.106939	-0.311391	0.00162481	0.000937657	-0.000501339	-0.017935	0.0582601	0.049083	-3.43000000000001e-06	5.2048e-05	0.000227839	0.13944395	-0.0214690046	-0.0347786889	0.0499794418	-0.0061928308	-0.0449027607	0.0430026525	0.0096505858	-0.0509138886	0.0320869629	0.0246100408	-0.0522614734	0.0182322141	0.0373152977	-0.0488220806	0.0027074549	0.0466025972	-0.0409107473	-0.0130652981	0.0516212534	-0.0292521253	-0.0276413132	-0.0923178982	0.0610314697	-0.005707601	-0.0384634598	-0.0082203853	-0.0779249577	0.0720317244	0.0354582471	-0.0363205431	0.0022228442	0.792885340739063	1.31667490302343	0.448081059024295	0.592443852028073
0.28373	0.0755052	-0.281135	0.00221881	0.00174123	-0.000501339	-0.00311599999999995	-0.0314338	0.030256	0.000594	0.000803573	0	0.13468445	-0.021674694	-0.0344398384	0.050177843	-0.0070884207	-0.044311314	0.0437614146	0.0080934286	-0.0504597097	0.0336681095	0.0225952602	-0.0523684314	0.0207459769	0.0351986159	-0.0498771065	0.0060807472	0.0448445497	-0.0431950583	-0.0090953929	0.0507226006	-0.0328837193	-0.0235073292	-0.0385876659	0.0451786385	-0.0195732137	-0.0099941074	-0.039743677	-0.0555434759	-0.0169762537	0.0034470607	0.0264213544	0.0142649534	0.233812721073815	1.21938892182295	0.448081059024295	0.592443852028073
0.314626	0.101984	-0.324388	0.00215481	0.00156439	-0.000305204	0.030896	0.0264788	-0.043253	-6.39999999999998e-05	-0.00017684	0.000196135	0.12247655	-0.0218799809	-0.0340984296	0.0503678575	-0.0079819045	-0.043699295	0.0444909208	0.0065289069	-0.0499455618	0.0351986159	0.0205385235	-0.0523577323	0.0232042715	0.0329714899	-0.050750635	0.0094286395	0.0428733831	-0.0452476394	-0.0050707869	0.0494840794	-0.0362711858	-0.0191809517	-0.1059505574	-0.0671194932	-0.0257049403	-0.0020492454	0.0157833072	0.0087412481	0.0824124194	-0.002753289	0.0236844961	0.0586206017	0.342933353190674	0.440200101825951	0.448081059024295	0.592443852028073
0.331293	0.0754228	-0.291879	0.00187311	0.00125923	-9.72671e-05	0.016667	-0.0265612	0.032509	-0.0002817	-0.00030516	0.0002079369	0.115477045	-0.0220848615	-0.0337544877	0.0505494535	-0.0088730165	-0.0430669878	0.0451906832	0.0049584444	-0.0493720561	0.0366761804	0.0184436498	-0.0522294002	0.0256005252	0.0306409077	-0.0514394875	0.0127371473	0.0406984653	-0.0470574788	-0.0010156846	0.0479139886	-0.0393893764	-0.0146975897	-0.0641815937	-0.021261975	0.0099159203	-0.0411913724	-0.0047166399	-0.0333311742	0.0455683578	0.0620937135	0.0581438024	0.0278912391	0.219544084497704	1.1880111352222	0.448081059024295	0.592443852028073
0.340843	0.0163752	-0.305369	0.00230147	0.00103718	-0.000135519	0.00955	-0.0590476	-0.01349	0.00042836	-0.00022205	-3.82519e-05	0.116520695	-0.0222893319	-0.0334080384	0.0507226006	-0.0097614921	-0.0424146861	0.0458602343	0.0033834701	-0.048739874	0.0380985803	0.016314529	-0.0519837232	0.0279283311	0.028214182	-0.0519411573	0.0159924506	0.0383301323	-0.0486148674	0.0030455261	0.0460228486	-0.0422151417	-0.0100939368	-0.1016464772	0.0786148723	-0.0458348557	-0.0329580538	0.002371367	-0.0770948379	0.0516105653	0.0111768681	0.0016647672	-0.0296160643	0.881152069104095	1.79680157663205	0.448081059024295	0.592443852028073
0.337435	0.0906482	-0.284053	0.00208756	0.000937657	-0.000241926	-0.00340800000000002	0.074273	0.021316	-0.00021391	-9.9523e-05	-0.000106407	0.119989	-0.0224933884	-0.0330591074	0.0508872699	-0.0106470671	-0.0417426926	0.0464991262	0.001805417	-0.0480497669	0.0394636764	0.0141551145	-0.0516212534	0.0301814655	0.0256989275	-0.0522538189	0.0191809517	0.0357796393	-0.04991145	0.0070884207	0.043823331	-0.0447275033	-0.005407671	-0.0521502462	-0.0107003835	-0.0115188014	0.0383988703	0.0340273967	-0.0035383046	0.0425392169	-0.0420079039	0.0566180496	0.037099967	-2.1262066627732	1.68327190103049	-2.22840312389761	-1.68540061352814
0.353271	0.0140372	-0.300644	0.00236832	0.000937657	-0.000146619	0.015836	-0.076611	-0.016591	0.00028076	0	9.5307e-05	0.12784135	-0.0226970271	-0.0327077205	0.051043434	-0.0115294786	-0.0410513194	0.0471069319	0.0002257211	-0.047302555	0.0407694154	0.011969416	-0.0511428052	0.032353904	0.0231030362	-0.0523763346	0.0222893319	0.0330591074	-0.050940271	0.0110886847	0.0413301739	-0.0469078096	-0.0006771467	-0.118582896	0.0483603088	-0.0222941389	-0.0799901901	-0.0255013115	-0.1197993521	0.0305443856	-0.0315637979	-0.0862082227	0.0685043289	-0.26733988607439	0.05053113377414	-2.22840312389761	-1.68540061352814
0.38071	0.124768	0.0861521	0.0023608	0.000512643	0.000871989	0.027439	0.1107308	0.3867961	-7.52000000000001e-06	-0.000425014	0.001018608	0.597523	-0.0229002443	-0.032353904	0.0511910666	-0.0124084642	-0.0403408874	0.0476832451	-0.0013541801	-0.0464991262	0.0420138333	0.0097614921	-0.0505494535	0.0344398384	0.0204346535	-0.0523082586	0.025304607	0.0301814655	-0.0516958108	0.0150222601	0.0385600826	-0.048739874	0.0040589197	0.2026394189	-0.0168509831	0.0162799259	0.0828210931	-0.0425737278	0.1027925554	-0.1246583568	-0.0892325265	0.0385942755	-0.0870544496	-0.432593953523552	-0.362120328432681	-2.22840312389761	-1.68540061352814
0.415512	0.119878	0.249863	0.000683374	0.000766352	0.0012465	0.034802	-0.00489000000000001	0.1637109	-0.001677426	0.000253709	0.000374511000000001	0.3186852	-0.0231030362	-0.0319976841	0.0513301431	-0.0132837629	-0.0396117264	0.0482276804	-0.0029328492	-0.0456404355	0.0431950583	0.0075354425	-0.0498425313	0.0364336915	0.017702152	-0.0520498384	0.028214182	0.0271603893	-0.0521740164	0.0188654898	0.0355316183	-0.0502100954	0.0087617663	0.340878515	-0.1107975088	-0.0015647793	0.079969947	-0.0051819075	0.313998755	-0.3032574906	-0.0680598687	-0.0874398882	-0.1920348669	-0.095718052651961	-1.08218644032232	-2.22840312389761	-1.68540061352814
0.441126	-0.0545089	0.0845935	0.00137235	0.00105862	0.00100248	0.025614	-0.1743869	-0.1652695	0.000688976	0.000292268	-0.000244020000000001	0.4265336	-0.0233053991	-0.0316390872	0.0514606403	-0.0141551145	-0.0388641751	0.048739874	-0.0045088495	-0.0447275033	0.044311314	0.0052954007	-0.049023627	0.0383301323	0.0149141057	-0.0516020147	0.0310059033	0.0240102362	-0.0523723222	0.0225952602	0.0322650733	-0.0513075588	0.013392903	0.1711443749	-0.0266491965	0.0695263192	0.0288984692	-0.0628742472	0.052299942	-0.2028923264	-0.0127615247	-0.177672846	-0.1650509278	0.75952456015097	-1.25308934437868	-2.22840312389761	-1.68540061352814
0.472393	0.0175839	0.0813755	0.00156923	3.24269e-05	0.00148566	0.031267	0.0720928	-0.00321799999999999	0.00019688	-0.0010261931	0.00048318	0.191890455	-0.0235073292	-0.03127814	0.0515825363	-0.0150222601	-0.0380985803	0.0492194833	-0.0060807472	-0.0437614146	0.0453609212	0.0030455261	-0.0480945804	0.0401240904	0.0120792627	-0.0509664168	0.0336681095	0.0207459769	-0.0522896643	0.02618914	0.0287823352	-0.0520241169	0.0179144269	0.2164409641	-0.0809863466	0.0241357159	0.0903043422	-0.0178158435	0.1010152672	-0.0736639506	-0.0559438181	0.047711744	0.0148417099	-0.401149414298583	-0.801619409765078	-2.22840312389761	-1.68540061352814
0.465453	0.00764411	0.105152	0.000693404	0.000584554	0.00148566	-0.00694000000000006	-0.00993979	0.0237765	-0.000875826	0.0005521271	0	0.112053945	-0.0237088227	-0.0309148693	0.0516958108	-0.015884942	-0.0373152977	0.0496661877	-0.0076471118	-0.0427433176	0.0463423012	0.0007899965	-0.0470574788	0.0418107693	0.009206518	-0.0501453577	0.0361896802	0.0173831246	-0.0519264863	0.0296255153	0.0251067401	-0.0523544498	0.0222893319	0.1737060607	0.040677077	0.0708158523	-0.003445295	-0.0106969327	0.0217353138	-0.1209167665	-0.0213036783	-0.0296026754	-0.0447107615	0.403582169255378	-0.650509071876863	-2.22840312389761	-1.68540061352814
0.462508	0.0372731	-0.0304817	0.00152543	0.000837798	0.00148566	-0.00294499999999998	0.02962899	-0.1356337	0.000832026	0.000253244	0	0.22247119	-0.0239098759	-0.030549302	0.0518004449	-0.016742904	-0.0365146908	0.0500796887	-0.009206518	-0.0416744222	0.0472539781	-0.0014670001	-0.0459146523	0.0433856593	0.0063048856	-0.0491418251	0.0385600826	0.0139376608	-0.0512847364	0.0328837193	0.0212629165	-0.0522961052	0.0264818121	0.1332438415	-0.0481854489	0.0091325451	0.0646571849	0.0370410635	0.1029121866	-0.0219335517	0.0002005888	0.0322453079	0.0293916106	0.690898190367174	-0.645604397510644	-2.22840312389761	0.592443852028073
0.455239	0.0832503	-0.0158093	0.00135381	0.00106082	0.00148566	-0.00726899999999991	0.0459772	0.0146724	-0.000171619999999999	0.000223022	0	0.0876507	-0.024110485	-0.0301814655	0.051896421	-0.0175958911	-0.0356971313	0.0504597097	-0.010757547	-0.0405559987	0.0480945804	-0.0037212726	-0.0446686685	0.0448445497	0.0033834701	-0.0479594708	0.0407694154	0.0104259597	-0.0503678575	0.0359441567	0.01727662	-0.0518495163	0.0304575546	0.0661542219	-0.0386537194	0.0770227602	0.0418220519	0.0086932771	0.0229387995	-0.0251113609	-0.0311479605	0.0415409518	0.0416463802	0.624787863339411	-0.79781269023504	-2.22840312389761	0.592443852028073
0.460862	0.0924778	-0.0424825	0.00173998	0.000997372	0.00148566	0.00562299999999993	0.0092275	-0.0266732	0.000386169999999999	-6.3448e-05	0	0.0640046	-0.0243106464	-0.0298113868	0.0519837232	-0.0184436498	-0.0348629988	0.0508059967	-0.0122987873	-0.0393893764	0.048862844	-0.0059686353	-0.0433223267	0.0461835398	0.0004514381	-0.0466025972	0.0428084497	0.0068647103	-0.0491807684	0.0387884217	0.0131745611	-0.0510179984	0.0341840202	0.0976697903	-0.0659395941	0.0125314394	-0.0011721054	0.0802597629	0.1045598401	-0.0072783716	0.0665079864	0.0364460007	0.0138020326	0.611393971983923	-1.00050688700118	0.448081059024295	0.592443852028073
0.477827	0.0779381	-0.0559529	0.00189407	0.00115467	0.00148566	0.0169650000000001	-0.0145397	-0.0134704	0.00015409	0.000157298	0	0.0605445	-0.0245103563	-0.0294390937	0.0520623368	-0.0192859283	-0.0340126806	0.0511183183	-0.0138288366	-0.0381759417	0.0495576132	-0.0082049152	-0.0418786518	0.0473990497	-0.0024820104	-0.0450761418	0.0446686685	0.0032708371	-0.0477298374	0.0413994086	0.0089842256	-0.0498077248	0.0376307102	0.0720724329	-0.0104439119	0.074745867	-0.0419207031	0.0311120773	0.007038753	-0.0313748621	0.0369851451	-0.0046947976	0.0259897237	0.276093560591617	-1.07748275564008	0.448081059024295	0.592443852028073
0.496169	0.0155396	-0.109591	0.00211331	0.00115467	0.00148566	0.0183419999999999	-0.0623985	-0.0536381	0.00021924	0	0	0.1453406	-0.024709611	-0.0290646136	0.0521322486	-0.0201224762	-0.0331465714	0.0513964655	-0.0153463027	-0.0369171367	0.050177843	-0.0104259597	-0.0403408874	0.0484878293	-0.005407671	-0.0433856593	0.0463423012	-0.0003385804	-0.0460228486	0.0437614146	0.0047336909	-0.0482276804	0.0407694154	0.0716333822	0.0178872798	-0.0273134789	-0.0083769777	-0.0121114202	0.0272334899	-0.0241208361	-0.0060191822	-0.0085711828	0.006754219	-1.46499352650357	-1.05705759486663	0.448081059024295	0.592443852028073
0.496161	0.0770988	-0.0950314	0.0017809	0.00104767	0.00148566	-8.000000000008e-06	0.0615592	0.0145596	-0.00033241	-0.000107	0	0.0980973	-0.0249084068	-0.0286879745	0.0521934471	-0.0209530451	-0.0322650733	0.0516402525	-0.0168498047	-0.0356144575	0.0507226006	-0.0126276447	-0.0387124883	0.0494469678	-0.0083163637	-0.0415373011	0.0478223571	-0.0039463888	-0.0440689593	0.0458602343	0.0004514381	-0.0462895956	0.0435744473	0.0360308148	-0.0031323241	0.0262494877	0.0371299003	-0.0201169869	-0.0104992001	0.004525775	-0.009495207	-0.0092786443	-0.0213907164	1.05605593990195	-1.05341712137112	0.448081059024295	0.592443852028073
0.509464	0.0205617	-0.0950208	0.00180531	0.000969893	0.00148566	0.0133030000000001	-0.0565371	1.05999999999995e-05	2.44099999999999e-05	-7.77769999999997e-05	0	0.07496005	-0.0251067401	-0.0283092043	0.0522459219	-0.021777388	-0.0313685957	0.0518495163	-0.0183379745	-0.0342694522	0.0511910666	-0.0148058821	-0.0369971132	0.0502739006	-0.0111989617	-0.0395377932	0.0491026536	-0.0075354425	-0.0418786518	0.0476832451	-0.0038338396	-0.0440078585	0.0460228486	0.0520858441	0.0367015817	-0.0176364198	0.0165496459	-0.0160734303	0.0089094661	0.0003839881	0.0355929146	0.019472395	-0.057077383	-1.77431983276022	-0.982303772432013	0.448081059024295	0.592443852028073
0.513442	0.029376	-0.0860048	0.00289212	0.00115467	0.00148566	0.00397799999999993	0.0088143	0.00901599999999999	0.00108681	0.000184777	0	0.0853876499999999	-0.025304607	-0.0279283311	0.0522896643	-0.0225952602	-0.0304575546	0.0520241169	-0.0198094581	-0.0328837193	0.0515825363	-0.0169566271	-0.0351986159	0.0509664168	-0.0140464202	-0.0373944116	0.050177843	-0.0110886847	-0.0394636764	0.0492194833	-0.0080934286	-0.0413994086	0.0480945804	0.0535998419	0.0235812383	0.0291941249	0.0446820352	-0.0008448306	0.0172878395	-0.0080528293	-0.0248636841	0.0391186381	0.0015047289	-2.11656466715998	-1.07863018194668	0.448081059024295	0.592443852028073
0.473489	0.00522851	-0.215095	0.0029364	0.000752201	0.000633381	-0.0399529999999999	-0.02414749	-0.1290902	4.42799999999998e-05	-0.000402469	-0.000852279	0.25814209	-0.0255020041	-0.0275453833	0.052324667	-0.0234064185	-0.0295323731	0.0521639377	-0.0212629165	-0.0314589057	0.051896421	-0.0190758861	-0.0333210373	0.0515226647	-0.0168498047	-0.0351149558	0.051043434	-0.0145892291	-0.0368369888	0.0504597097	-0.0122987873	-0.0384836111	0.049772687	-0.0390048941	0.006488703	-0.011265024	-0.0609451262	-0.0055606421	-0.0032995408	0.0124678632	0.0196151169	0.0145203916	0.0559911305	-2.34830383293959	-1.06943689712135	0.448081059024295	0.592443852028073
0.490166	-0.0402034	-0.241799	0.00250545	0.000847404	0.000983845	0.0166769999999999	-0.04543191	-0.026704	-0.00043095	9.5203e-05	0.000350464	0.13264376	-0.0256989275	-0.0271603893	0.0523509242	-0.0242106219	-0.0285934806	0.0522688852	-0.0226970271	-0.0299967047	0.0521322486	-0.0211597241	-0.0313685957	0.0519411573	-0.0196003187	-0.0327077205	0.0516958108	-0.0180204398	-0.0340126806	0.0513964655	-0.0164217376	-0.0352821126	0.051043434	-0.0680002187	-0.0050609883	-0.0321904932	0.0052604538	-0.0217200232	-0.0295008987	0.0583158405	0.0255378792	-0.0714265837	-0.02253992	0.739215245948354	-1.03689291353812	0.448081059024295	0.592443852028073
0.49333	0.0157561	-0.258928	0.00250545	0.000752201	0.000983845	0.003164	0.0559595	-0.0171290000000001	0	-9.5203e-05	0	0.08101265	-0.0258953737	-0.0267733776	0.0523684314	-0.0250076315	-0.0276413132	0.0523388891	-0.024110485	-0.028498854	0.0522896643	-0.0232042715	-0.0293456776	0.0522207755	-0.0222893319	-0.0301814655	0.0521322486	-0.0213660101	-0.0310059033	0.0520241169	-0.0204346535	-0.0318186811	0.051896421	-0.0818210605	-0.0223886564	-0.0176040372	0.0189443961	-0.0316959413	-0.030890162	0.0253635487	-0.0373091768	0.0588968584	0.0334262475	-0.72627801945631	-0.977864211860217	0.448081059024295	0.592443852028073
0.490854	-0.0198228	-0.241874	0.00215605	0.000752201	0.000983845	-0.00247599999999998	-0.0355789	0.0170540000000001	-0.0003494	0	0	0.0725789	-0.0260913389	-0.0263843771	0.0523771858	-0.0257972105	-0.0266763128	0.0523739028	-0.0255020041	-0.0269671338	0.0523684314	-0.0252057321	-0.027256828	0.0523607718	-0.0249084068	-0.0275453833	0.0523509242	-0.0246100408	-0.0278327876	0.0523388891	-0.0243106464	-0.0281190288	0.052324667	-0.0864511719	0.0570453045	-0.0176619665	-0.0307104227	0.0122570998	-0.0914560412	0.0577601733	-0.0316891575	-0.0055980256	-0.0086987224	-0.231828632058997	-0.975196436034484	0.448081059024295	0.592443852028073
0.506636	0.0565962	-0.227565	0.00230649	0.000752201	0.00120782	0.015782	0.076419	0.014309	0.00015044	0	0.000223975	0.12523075	-0.0262868196	-0.0259934166	0.0523771858	-0.0265791242	-0.0256989275	0.0523739028	-0.0268703181	-0.0254033645	0.0523684314	-0.0271603893	-0.0251067401	0.0523607718	-0.0274493255	-0.0248090665	0.0523509242	-0.0277371148	-0.0245103563	0.0523388891	-0.028023745	-0.0242106219	0.052324667	-0.0487538393	0.050620839	0.0039159363	0.0032415567	0.0150812644	-0.0550025492	0.0050897709	0.0041630288	0.003239774	-0.0408229073	-1.6718014775285	-0.785083734854579	0.448081059024295	0.592443852028073
0.521064	0.00733751	-0.272111	0.0027396	0.000752201	0.00147512	0.0144280000000001	-0.04925869	-0.044546	0.00043311	0	0.0002673	0.14325319	-0.0264818121	-0.0256005252	0.0523684314	-0.0273531403	-0.024709611	0.0523388891	-0.028214182	-0.0238094045	0.0522896643	-0.0290646136	-0.0229002443	0.0522207755	-0.0299041152	-0.0219824722	0.0521322486	-0.030732371	-0.0210564335	0.0520241169	-0.0315490697	-0.0201224762	0.051896421	-0.0879677464	0.0620131132	-0.0335672741	0.0061644612	0.0267005822	-0.0361130186	0.0703818116	-0.0015911356	0.0414117071	-0.0389956273	-0.389104866941371	-0.941612039230963	0.448081059024295	0.592443852028073
0.533416	0.0186599	-0.244797	0.00220857	0.000610661	0.00145638	0.0123519999999999	0.01132239	0.027314	-0.00053103	-0.00014154	-1.87399999999999e-05	0.08555389	-0.0266763128	-0.0252057321	0.0523509242	-0.0281190288	-0.0237088227	0.0522688852	-0.0295323731	-0.0221871482	0.0521322486	-0.0309148693	-0.0206422981	0.0519411573	-0.0322650733	-0.0190758861	0.0516958108	-0.0335815749	-0.0174895484	0.0513964655	-0.0348629988	-0.015884942	0.051043434	-0.0869250378	0.0580374849	0.0154668596	0.0432194235	0.0273215651	-0.0533590159	0.0558898425	-0.0208878982	0.0294048645	-0.0186635791	-1.77106233398199	-0.772437598985425	0.448081059024295	0.592443852028073
0.577872	0.039964	-0.176195	0.00260222	0.000351203	0.00222094	0.0444560000000001	0.0213041	0.068602	0.00039365	-0.000259458	0.00076456	0.2052455	-0.0268703181	-0.0248090665	0.052324667	-0.0288765622	-0.0226970271	0.0521639377	-0.0308236917	-0.0205385235	0.051896421	-0.0327077205	-0.0183379745	0.0515226647	-0.0345247919	-0.016099885	0.051043434	-0.0362711858	-0.0138288366	0.0504597097	-0.0379433273	-0.0115294786	0.049772687	-0.0126661849	-0.0144721766	0.0052508988	0.0054683016	0.0424685981	0.0287035829	-0.002892819	0.0430761781	0.0781792013	0.0038397154	-0.253830830620682	-0.611297840716739	0.448081059024295	0.592443852028073
0.596086	-0.0162762	-0.173327	0.00284386	0.000467421	0.00224721	0.018214	-0.0562402	0.00286800000000001	0.00024164	0.000116218	2.62700000000001e-05	0.0965285999999999	-0.0270638244	-0.024410558	0.0522896643	-0.0296255153	-0.021674694	0.0520241169	-0.0320869629	-0.0188654898	0.0515825363	-0.0344398384	-0.0159924506	0.0509664168	-0.0366761804	-0.0130652981	0.050177843	-0.0387884217	-0.0100939368	0.0492194833	-0.0407694154	-0.0070884207	0.0480945804	0.0157461991	-0.0166021579	-0.0051865244	-0.0630385224	0.0028003501	0.0251669142	-0.0169355656	0.0508941518	-0.0195676629	0.0404280365	1.04571208463928	-0.901249503632618	0.448081059024295	0.592443852028073
0.60967	-0.105612	-0.189787	0.00295878	0.000343403	0.00226413	0.0135839999999999	-0.0893358	-0.01646	0.00011492	-0.000124018	1.69200000000001e-05	0.1321727	-0.027256828	-0.0240102362	0.0522459219	-0.0303656657	-0.0206422981	0.0518495163	-0.0333210373	-0.0171700353	0.0511910666	-0.0361080066	-0.0136109962	0.0502739006	-0.0387124883	-0.009983168	0.0491026536	-0.0411213197	-0.0063048856	0.0476832451	-0.0433223267	-0.0025947387	0.0460228486	-0.0058696737	-0.0445176469	-0.0162893712	0.0022036725	-0.031859199	-0.0028492496	0.0004446912	-0.0414745153	-0.0350838644	0.0156133228	0.480225689131021	-0.828145743195283	0.448081059024295	0.592443852028073
0.607807	-0.068992	-0.173352	0.00254412	0.000476692	0.00202097	-0.00186299999999995	0.03662	0.016435	-0.00041466	0.000133289	-0.00024316	0.09447345	-0.0274493255	-0.0236081307	0.0521934471	-0.0310967934	-0.0196003187	0.0516402525	-0.0345247919	-0.015454175	0.0507226006	-0.0377091275	-0.0111989617	0.0494469678	-0.0406273263	-0.0068647103	0.0478223571	-0.0432587929	-0.0024820104	0.0458602343	-0.0455849554	0.0019182066	0.0435744473	0.0132876574	-0.0175772358	-0.0267482891	-0.0401331252	-0.0163191506	0.0372029811	0.0276935725	0.0282493624	-0.0021621722	0.0346086232	0.613506522124642	-0.785713719827493	0.448081059024295	0.592443852028073
0.611963	-0.109712	-0.193801	0.00279165	0.00030581	0.00202097	0.00415600000000005	-0.04072	-0.020449	0.00024753	-0.000170882	0	0.0862456000000001	-0.0276413132	-0.0232042715	0.0521322486	-0.0318186811	-0.0185492395	0.0513964655	-0.0356971313	-0.0137199483	0.050177843	-0.0392402281	-0.0087617663	0.0484878293	-0.0424146861	-0.0037212726	0.0463423012	-0.0451906832	0.0013541801	0.0437614146	-0.0475421407	0.0064169112	0.0407694154	-0.0139778239	0.0337890115	-0.0167433707	0.0060139832	-0.0626377043	-0.0277083848	0.0220269128	0.0070751269	-0.0814190355	-0.0081142883	-0.513937172458287	-1.02568133617192	0.448081059024295	0.592443852028073
0.615344	-0.0117277	-0.206013	0.00255743	0.000487344	0.00210296	0.00338099999999997	0.0979843	-0.012212	-0.00023422	0.000181534	8.19900000000001e-05	0.1384645	-0.0278327876	-0.0227986886	0.0520623368	-0.0325311144	-0.0174895484	0.0511183183	-0.0368369888	-0.011969416	0.0495576132	-0.0406984653	-0.0063048856	0.0473990497	-0.0440689593	-0.0005642937	0.0446686685	-0.0469078096	0.0051831058	0.0413994086	-0.0491807684	0.0108679768	0.0376307102	-0.0265566693	-0.0208279475	-0.0133785782	0.0415696209	-0.042709329	0.003300514	0.021423813	-0.0442845595	-0.0408969457	0.0134264578	0.519023442084973	-0.988610744174785	0.448081059024295	0.592443852028073
0.621547	-0.0340048	-0.196854	0.0026757	0.000752202	0.00246782	0.00620300000000007	-0.0222771	0.009159	0.00011827	0.000264858	0.00036486	0.0750385	-0.028023745	-0.0223914121	0.0519837232	-0.0332338815	-0.0164217376	0.0508059967	-0.0379433273	-0.0102046586	0.048862844	-0.0420811315	-0.0038338396	0.0461835398	-0.0455849554	0.0025947387	0.0428084497	-0.0484020114	0.0089842256	0.0387884217	-0.0504898588	0.015238359	0.0341840202	-0.0303219602	0.0428256912	0.0004823771	-0.00024484	-0.021164884	-0.0417776428	0.017801232	-0.0271225917	-0.0378675426	-0.0589940468	0.342781102348959	-0.997188211529464	0.448081059024295	0.592443852028073
0.617521	0.00919617	-0.189287	0.00299202	0.00107261	0.00202097	-0.00402600000000009	0.04320097	0.00756700000000002	0.000316320000000001	0.000320408	-0.00044685	0.10897287	-0.028214182	-0.0219824722	0.051896421	-0.0339267737	-0.0153463027	0.0504597097	-0.03901514	-0.0084277735	0.0480945804	-0.0433856593	-0.0013541801	0.0448445497	-0.0469579174	0.0057443291	0.0407694154	-0.0496661877	0.0127371473	0.0359441567	-0.0514606403	0.0194956122	0.0304575546	0.0050062548	-0.0045492522	-0.0267619586	0.0411758429	0.0243177826	0.0295498969	0.0121807511	-0.0244896748	0.0288291995	0.014137605	0.418864138356749	-1.01681400117619	0.448081059024295	0.592443852028073
0.619708	-0.0126256	-0.189242	0.00244545	0.00111458	0.00202097	0.00218700000000005	-0.02182177	4.49999999999895e-05	-0.00054657	4.19700000000001e-05	0	0.0534807700000001	-0.0284040951	-0.0215718994	0.0518004449	-0.034609585	-0.014263743	0.0500796887	-0.0400514517	-0.0066408724	0.0472539781	-0.0446096262	0.0011285219	0.0433856593	-0.0481835374	0.0088730165	0.0385600826	-0.0506943307	0.0164217376	0.0328837193	-0.0520866082	0.0236081307	0.0264818121	-0.0391914581	-0.0272428768	0.065021293	-0.0381567099	0.0108604141	-0.0163191586	-0.0239905841	0.0462800028	-0.0155498451	0.0748634367	0.856517548297373	-0.971757687641222	0.448081059024295	0.592443852028073
0.625557	-0.00555543	-0.211267	0.00205383	0.00101863	0.00216447	0.00584899999999988	0.00707017	-0.022025	-0.00039162	-9.59500000000002e-05	0.0001435	0.06649767	-0.0285934806	-0.0211597241	0.0516958108	-0.0352821126	-0.0131745611	0.0496661877	-0.0410513194	-0.0048460789	0.0463423012	-0.0457507597	0.0036086884	0.0418107693	-0.0492579697	0.011969416	0.0361896802	-0.0514815542	0.0200182296	0.0296255153	-0.0523635681	0.0275453833	0.0222893319	0.0099611647	-0.0530718352	-0.0480932677	-0.0375348956	0.0010422362	0.0438791429	0.015531666	0.0277630528	-0.0512750069	0.0284137885	-2.44877377300054	-0.623797419527329	0.448081059024295	-1.68540061352814
0.63937	0.031248	-0.204865	0.00192314	0.000880885	0.00223382	0.0138130000000001	0.03680343	0.00640199999999999	-0.00013069	-0.000137745	6.93500000000001e-05	0.07390768	-0.0287823352	-0.0207459769	0.0515825363	-0.0359441567	-0.0120792627	0.0492194833	-0.0420138333	-0.0030455261	0.0453609212	-0.0468069407	0.0060807472	0.0401240904	-0.050177843	0.0150222601	0.0336681095	-0.0520241169	0.0235073292	0.02618914	-0.0522896643	0.03127814	0.0179144269	-0.0285285981	-0.0288638849	0.0400085215	-0.0294850741	-0.0260959542	-0.0222022706	0.0189172616	0.0394369815	-0.0114847294	0.0273995187	0.258494367141067	-0.652821787242148	0.448081059024295	-1.68540061352814
0.635559	-0.05095	-0.232422	0.00208574	0.000752203	0.00202098	-0.00381100000000001	-0.082198	-0.027557	0.0001626	-0.000128682	-0.00021284	0.1387721	-0.0289706552	-0.0203306886	0.0514606403	-0.0365955205	-0.0109783563	0.048739874	-0.0429381175	-0.0012413539	0.044311314	-0.0477762082	0.0085391442	0.0383301323	-0.050940271	0.0180204398	0.0310059033	-0.0523194405	0.0268703181	0.0225952602	-0.051865392	0.0347786889	0.013392903	-0.0106047908	0.0009049948	-0.0528848574	-0.0511643734	-0.0200086725	-0.013726281	-0.019418715	0.0244279633	-0.031445185	-0.001264109	-0.457889343368487	-0.668252351579947	0.448081059024295	0.592443852028073
0.643639	0.00380905	-0.214174	0.001924	0.000752203	0.00229133	0.00808000000000009	0.05475905	0.018248	-0.00016174	0	0.00027035	0.10269155	-0.0291584371	-0.0199138901	0.0513301431	-0.0372360105	-0.009872353	0.0482276804	-0.043823331	0.0005642937	0.0431950583	-0.0486567622	0.0109783563	0.0364336915	-0.0515428613	0.0209530451	0.028214182	-0.0523661213	0.0300891549	0.0188654898	-0.051093594	0.0380210421	0.0087617663	-0.0415458439	0.0151815901	0.0023670739	0.011055724	-0.0293345005	-0.0417117589	0.0487281021	0.0048142889	-0.0059357894	0.0134808376	1.06158688394118	-0.676913975687974	0.448081059024295	0.592443852028073
0.641301	-0.0869021	-0.225158	0.00110592	0.000752203	0.00202098	-0.00233800000000006	-0.09071115	-0.010984	-0.00081808	0	-0.00027035	0.15845465	-0.0293456776	-0.0194956122	0.0511910666	-0.0378654364	-0.0087617663	0.0476832451	-0.0446686685	0.0023692706	0.0420138333	-0.0494469678	0.013392903	0.0344398384	-0.0519837232	0.0238094045	0.025304607	-0.0521639377	0.0331465714	0.0150222601	-0.0499794418	0.0409811285	0.0040589197	-0.0243577747	0.0313142829	-0.0255097497	0.0238559475	-0.0678218289	-0.037359546	-0.0164752896	-0.0014063683	0.0061946528	-0.0388897953	0.42070397545132	-0.593354646570847	0.448081059024295	0.592443852028073
0.654583	-0.00402609	-0.216817	0.000853237	0.000528159	0.0024573	0.013282	0.08287601	0.00834099999999999	-0.000252683	-0.000224044	0.00043632	0.15015136	-0.0295323731	-0.0190758861	0.051043434	-0.0384836111	-0.0076471118	0.0471069319	-0.0454733605	0.0041714317	0.0407694154	-0.0501453577	0.0157773596	0.032353904	-0.0522614734	0.0265791242	0.0222893319	-0.0517138504	0.0360261653	0.0110886847	-0.0485304007	0.0436369724	-0.0006771467	-0.0465521369	-0.002148221	-0.0075107483	0.0624015545	-0.0157324095	-0.0180849189	0.0266408057	-0.0372085025	0.0433376006	0.0025400137	0.914577821205227	-0.836805794001081	0.448081059024295	0.592443852028073
0.661842	-0.0808476	-0.211386	0.000843969	0.00062431	0.00219993	0.00725900000000001	-0.07682151	0.00543099999999999	-9.2680000000001e-06	9.61509999999999e-05	-0.00025737	0.10765096	-0.0297185201	-0.018654743	0.0508872699	-0.039090351	-0.0065289069	0.0464991262	-0.046236675	0.0059686353	0.0394636764	-0.050750635	0.018126369	0.0301814655	-0.0523752403	0.0292521253	0.0191809517	-0.0510179984	0.0387124883	0.0070884207	-0.0467561802	0.0459688572	-0.005407671	-0.0315725796	0.0093676511	0.0299537313	0.0047847005	-0.0097860879	-0.0104990534	-0.0537597374	-0.0071519591	0.026770903	0.0578149264	0.834701619996248	-0.920316128956305	0.448081059024295	0.592443852028073
0.659505	-0.0359375	-0.247592	0.000868165	0.000211484	0.00224903	-0.00233700000000003	0.0449101	-0.036206	2.4196e-05	-0.000412826	4.90999999999998e-05	0.1077592	-0.0299041152	-0.0182322141	0.0507226006	-0.0396854757	-0.005407671	0.0458602343	-0.0469579174	0.0077587455	0.0380985803	-0.0512616758	0.0204346535	0.0279283311	-0.052324667	0.0318186811	0.0159924506	-0.0500796887	0.0411911291	0.0030455261	-0.0446686685	0.0479594708	-0.0100939368	-0.0533439551	-0.05832079	-0.022083754	0.0223590141	0.0273127313	0.0521088297	0.0353768075	0.0418831489	-0.0060147969	0.02853851	0.828795068111253	-1.0008742148091	0.448081059024295	0.592443852028073
0.66223	-0.0232389	-0.203481	0.00072582	0.000616758	0.00253964	0.00272499999999998	0.0126986	0.044111	-0.000142345	0.000405274	0.00029061	0.10144605	-0.0300891549	-0.0178083308	0.0505494535	-0.0402688086	-0.0042839244	0.0451906832	-0.0476364314	0.0095396348	0.0366761804	-0.0516775313	0.0226970271	0.0256005252	-0.0521099123	0.0342694522	0.0127371473	-0.0489033805	0.0434487905	-0.0010156846	-0.0422818529	0.049594035	-0.0146975897	-0.0323994625	-0.062180022	0.0535315775	-0.0520048149	-0.0066241247	0.0071856324	0.0022843034	0.0605041371	0.0108615731	0.0708643644	0.455859419807321	-0.938597017574566	0.448081059024295	0.592443852028073
0.65372	-0.0288494	-0.224907	0.00143183	0.000345363	0.00253542	-0.00851000000000002	-0.0056105	-0.021426	0.00070601	-0.000271395	-4.22000000000009e-06	0.08462775	-0.0302736359	-0.0173831246	0.0503678575	-0.0408401761	-0.003158189	0.0444909208	-0.0482715996	0.0113091867	0.0351986159	-0.0519974292	0.0249084068	0.0232042715	-0.0517316498	0.0365955205	0.0094286395	-0.0474946641	0.0454733605	-0.0050707869	-0.0396117264	0.050860415	-0.0191809517	0.0038672537	-0.0268638157	-0.052595871	-0.0528415194	-0.0162651666	0.0058102832	0.008743456	-0.0045297157	-0.0324271123	0.022063319	0.719768965363152	-0.880789549922411	0.448081059024295	-1.68540061352814
0.660902	0.0189957	-0.220668	0.00106083	0.000211484	0.00247465	0.00718200000000002	0.0478451	0.00423900000000005	-0.000371	-0.000133879	-6.07699999999999e-05	0.08754855	-0.0304575546	-0.0169566271	0.050177843	-0.0413994086	-0.0020309873	0.0437614146	-0.048862844	0.0130652981	0.0336681095	-0.0522207755	0.0270638244	0.0207459769	-0.0511910666	0.0387884217	0.0060807472	-0.0458602343	0.0472539781	-0.0090953929	-0.0366761804	0.0517492091	-0.0235073292	-0.0298074313	-0.0332117886	-0.0009637161	-0.0024159065	-0.0098804037	-0.0199767393	0.0297030652	-0.0131980206	0.0144146695	0.0062849232	1.09475079805629	-0.941047576524076	0.448081059024295	-1.68540061352814
0.655938	-0.0562423	-0.221623	0.000718294	0.000161182	0.00240215	-0.00496399999999997	-0.075238	-0.000955000000000039	-0.000342536	-5.0302e-05	-7.25000000000001e-05	0.1044239	-0.0306409077	-0.01652887	0.0499794418	-0.0419463399	-0.0009028426	0.0430026525	-0.0494096266	0.0148058821	0.0320869629	-0.0523471556	0.0291584371	0.0182322141	-0.0504898588	0.0408401761	0.0027074549	-0.0440078585	0.0487810905	-0.0130652981	-0.0334948844	0.0522538189	-0.0276413132	-0.0144582324	0.0252984926	-0.0080555779	-0.0438074697	-0.0439534049	-0.0718074035	-0.0348675938	-0.0116510327	-0.0086656979	-0.0100621852	-0.69727562834808	-0.975444572903973	0.448081059024295	0.592443852028073
0.655779	0.00435228	-0.24649	0.000848808	0.000161815	0.00260268	-0.00015900000000002	0.06059458	-0.024867	0.000130514	6.32999999999992e-07	0.00020053	0.10220443	-0.0308236917	-0.016099885	0.049772687	-0.0424808075	0.0002257211	0.0422151417	-0.04991145	0.01652887	0.0304575546	-0.0523763346	0.0311875391	0.015669704	-0.0496302266	0.0427433176	-0.0006771467	-0.0419463399	0.0500465054	-0.0169566271	-0.0300891549	0.0523704984	-0.0315490697	-0.0277029822	-0.0010354027	-0.0369567169	0.0255725829	-0.0214712642	-0.0114189509	0.0319399972	-0.0549412174	-0.0108422443	-0.0253611212	-1.34247007990497	-0.929821345267877	0.448081059024295	0.592443852028073
0.659548	-0.0305957	-0.216917	0.000704949	2.03054e-05	0.0027975	0.00376899999999991	-0.03494798	0.029573	-0.000143859	-0.0001415096	0.00019482	0.09229941	-0.0310059033	-0.015669704	0.0495576132	-0.0430026525	0.0013541801	0.0413994086	-0.0503678575	0.0182322141	0.0287823352	-0.0523082586	0.0331465714	0.0130652981	-0.0486148674	0.0444909208	-0.0040589197	-0.0396854757	0.051043434	-0.0207459769	-0.0264818121	0.0520983812	-0.0351986159	-0.0217759074	0.0389711522	0.0150462712	0.0045061627	-0.0247892104	-0.0483839209	0.0034691155	-0.0019573177	0.0289235945	-0.034114855	-0.638048935530165	-0.887273679646653	0.448081059024295	0.592443852028073
0.67474	-0.0142091	-0.242243	0.000875228	-5.08227e-05	0.0027975	0.0151920000000001	0.0163866	-0.025326	0.000170279	-7.11281e-05	0	0.068974955	-0.0311875391	-0.015238359	0.0493342563	-0.0435117199	0.0024820104	0.0405559987	-0.0507784337	0.0199138901	0.0270638244	-0.0521430537	0.0350311327	0.0104259597	-0.047446967	0.0460766263	-0.0074237382	-0.0372360105	0.051766528	-0.024410558	-0.0226970271	0.0514394875	-0.0385600826	-0.0065629381	0.0291049425	-0.0312150805	0.0385638296	0.0218062179	0.023727817	0.0178009349	-0.0479906161	0.0602979638	-0.0132086375	-2.09569626332799	-0.840489864700076	0.448081059024295	0.592443852028073
0.68659	-0.0272293	-0.224054	0.000678531	8.43826e-05	0.0027975	0.0118499999999999	-0.0130202	0.018189	-0.000196697	0.0001352053	0	0.059654315	-0.0313685957	-0.0148058821	0.0491026536	-0.0440078585	0.0036086884	0.0396854757	-0.0511428052	0.0215718994	0.025304607	-0.051881027	0.0368369888	0.0077587455	-0.0461301902	0.0474946641	-0.010757547	-0.034609585	0.0522119084	-0.0279283311	-0.0187601599	0.0503987089	-0.0416059582	-0.0219377445	0.0388427218	0.0571268732	0.019830057	-0.0008914964	-0.0206663713	0.002835667	0.015469143	0.0477506494	0.0285352132	0.806684676643734	-0.817635263284527	0.448081059024295	0.592443852028073
0.700086	-0.0619386	-0.250468	0.000496834	-0.000231764	0.0027975	0.0134960000000001	-0.0347093	-0.026414	-0.000181697	-0.0003161466	0	0.09951148	-0.0315490697	-0.0143723053	0.048862844	-0.0444909208	0.0047336909	0.0387884217	-0.0514606403	0.0232042715	0.0235073292	-0.0515226647	0.0385600826	0.0050707869	-0.0446686685	0.048739874	-0.0140464202	-0.0318186811	0.0523771858	-0.03127814	-0.0146975897	0.0489837722	-0.044311314	-0.0180663208	-0.0690834803	-0.019363958	-0.0023652527	0.0558611984	0.0660437993	-0.009472934	0.0489026429	0.010470341	0.0329505556	1.16678719630773	-0.444089203343558	0.448081059024295	0.592443852028073
0.737461	-0.013611	-0.204674	0.000635583	0.000302334	0.00438383	0.0373749999999999	0.0483276	0.045794	0.000138749	0.000534098	0.00158633	0.24445545	-0.0317289578	-0.0139376608	0.0486148674	-0.0449607632	0.0058564958	0.0378654364	-0.0517316498	0.0248090665	0.021674694	-0.0510686325	0.0401965428	0.0023692706	-0.0430669878	0.0498077248	-0.01727662	-0.0288765622	0.0522614734	-0.0344398384	-0.0105365379	0.0472051818	-0.0466540082	-0.0129396608	-0.0379653702	0.0343743782	-0.0273089801	0.0264653296	-0.0177278329	0.0208986953	0.0180742338	0.0101489542	0.0361831297	1.28721872749507	-0.65179843131585	0.448081059024295	0.592443852028073
0.775808	-0.0717899	-0.216542	-0.000182671	-0.000231764	0.00567827	0.038347	-0.0581789	-0.011868	-0.000818254	-0.000534098	0.00129444	0.2407335	-0.0319082567	-0.0135019809	0.0483587652	-0.0454172463	0.0069765817	0.0369171367	-0.0519555872	0.0263843771	0.0198094581	-0.0505197734	0.0417426926	-0.0003385804	-0.0413301739	0.0506943307	-0.0204346535	-0.0257972105	0.051865392	-0.0373944116	-0.0063048856	0.0450761418	-0.0486148674	0.0345607316	-0.0120374067	-0.0281582491	-0.042932978	0.0014770036	-0.0232806113	-0.0413374991	-0.0291955529	-0.0225349699	0.001981224	-0.202970684057009	-0.840291945095543	0.448081059024295	-1.68540061352814
0.805205	-0.00924633	-0.222135	-0.000133117	0.000192768	0.00592939	0.0293970000000001	0.06254357	-0.00559299999999999	4.9554e-05	0.000424532	0.00025112	0.13379387	-0.0320869629	-0.0130652981	0.0480945804	-0.0458602343	0.0080934286	0.0359441567	-0.0521322486	0.0279283311	0.0179144269	-0.0498771065	0.0431950583	-0.0030455261	-0.0394636764	0.0513964655	-0.0235073292	-0.0225952602	0.0511910666	-0.0401240904	-0.0020309873	0.0426124582	-0.050177843	-0.0004207591	-0.0245408455	-0.0005709762	-0.004272765	0.0154367854	-0.0198508865	0.0210277698	-0.0507722805	-0.0203627283	-0.0052308709	0.237997388439414	-0.795761655368158	0.448081059024295	-1.68540061352814
0.743904	-0.0601427	-0.231487	-7.86346e-05	-0.000231764	0.00500756	-0.061301	-0.05089637	-0.009352	5.44824e-05	-0.000424532	-0.000921829999999999	0.19159159	-0.0322650733	-0.0126276447	0.0478223571	-0.0462895956	0.009206518	0.0349471469	-0.0522614734	0.0294390937	0.0159924506	-0.0491418251	0.0445503769	-0.0057443291	-0.0374733519	0.0519115742	-0.0264818121	-0.0192859283	0.0502421146	-0.0426124582	0.0022565198	0.0398324213	-0.0513301431	0.0103542314	0.0284208526	-0.0075071183	-0.0664800568	0.0094338838	-0.0416195693	-0.0181342811	0.0081003076	-0.0308257215	-0.0383593711	0.572852758909783	-0.860606174443006	0.448081059024295	0.592443852028073
0.761167	-0.0205767	-0.239845	-0.000193819	0.000253016	0.00541822	0.017263	0.039566	-0.00835799999999998	-0.0001151844	0.00048478	0.000410659999999999	0.11571822	-0.0324425845	-0.0121890533	0.0475421407	-0.0467052026	0.0103153331	0.0339267737	-0.0523431439	0.0309148693	0.0140464202	-0.0483152946	0.0458056033	-0.0084277735	-0.0353654455	0.0522377823	-0.0293456776	-0.015884942	0.049023627	-0.0448445497	0.0065289069	0.0367566699	-0.0520623368	0.0150830835	0.0445258959	-0.0527778159	0.0202163335	0.0287973659	0.0188605094	0.0354191084	-0.0344312029	-0.0611091564	-0.0477201275	0.697861853865614	-0.92815668774711	0.448081059024295	0.592443852028073
0.781662	-0.0179235	-0.193427	-0.000547305	0.000253016	0.0055079	0.0204949999999998	0.0026532	0.046418	-0.000353486	0	8.968e-05	0.0917244999999999	-0.0326194932	-0.0117495564	0.0472539781	-0.0471069319	0.0114193591	0.0328837193	-0.0523771858	0.032353904	0.0120792627	-0.0473990497	0.0469579174	-0.0110886847	-0.0331465714	0.0523739028	-0.0320869629	-0.0124084642	0.0475421407	-0.0468069407	0.010757547	0.0334080384	-0.0523684314	0.0143923538	0.0434329802	0.0552085269	0.0315015319	-0.0252897719	-0.0506091586	-0.0333018811	0.0169064551	0.0290755784	-0.0122246102	0.847514671602116	-1.10464977197954	0.448081059024295	0.592443852028073
0.797218	-0.044654	-0.222873	-0.000101719	0.000253016	0.00580586	0.0155560000000001	-0.0267305	-0.029446	0.000445586	0	0.000297960000000001	0.1089098	-0.0327957961	-0.0113091867	0.0469579174	-0.0474946641	0.0125180835	0.0318186811	-0.0523635681	0.0337544877	0.0100939368	-0.0463947917	0.0480047303	-0.0137199483	-0.0308236917	0.0523194405	-0.0346942175	-0.0088730165	0.0458056033	-0.0484878293	0.0149141057	0.0298113868	-0.0522459219	0.0210107114	0.0194064877	-0.0463422829	0.0628913168	0.0095898284	0.0483654068	-0.0046048144	-0.0129061068	0.0545245452	-0.0379478776	0.830693742069564	-1.09192912669585	0.448081059024295	0.592443852028073
0.818851	-0.0166834	-0.207071	0.00026858	0.000253016	0.00640653	0.021633	0.0279706	0.015802	0.000370299	0	0.000600669999999999	0.11395405	-0.0329714899	-0.0108679768	0.0466540082	-0.0478682839	0.0136109962	0.030732371	-0.0523023033	0.0351149558	0.0080934286	-0.0453043854	0.04894369	-0.016314529	-0.0284040951	0.0520745933	-0.0371565505	-0.0052954007	0.043823331	-0.0498771065	0.018970732	0.0259934166	-0.0516958108	0.0042006224	0.0136531756	0.0333921487	0.0476054024	0.0295959223	-0.0241818325	-0.0072237688	-0.0180927327	0.0845712253	0.0022645514	0.475300681134005	-1.07100786858005	0.448081059024295	0.592443852028073
0.827242	-0.0683093	-0.223172	-0.000263112	-0.000152324	0.00630814	0.00839100000000004	-0.0516259	-0.016101	-0.000531692	-0.00040534	-9.83899999999994e-05	0.127889	-0.0331465714	-0.0104259597	0.0463423012	-0.0482276804	0.0146975897	0.0296255153	-0.0521934471	0.0364336915	0.0060807472	-0.0441298556	0.049772687	-0.0188654898	-0.0258953737	0.0516402525	-0.0394636764	-0.0016926191	0.0416059582	-0.0509664168	0.0229002443	0.0219824722	-0.0507226006	0.0140154288	-0.0203473678	0.0218286025	-0.0319478052	0.0300001707	0.0009778054	-0.0616924924	-0.0133462785	0.0183053885	0.0454683724	1.25452271981293	-1.06894077513535	0.448081059024295	0.592443852028073
0.85201	-0.00997235	-0.239277	-0.000144642	2.09836e-05	0.00650833	0.024768	0.05833695	-0.016105	0.00011847	0.0001733076	0.000200189999999999	0.12380833	-0.0333210373	-0.009983168	0.0460228486	-0.0485727468	0.0157773596	0.028498854	-0.0520370985	0.0377091275	0.0040589197	-0.0428733831	0.0504898588	-0.0213660101	-0.0233053991	0.0510179984	-0.0416059582	0.0019182066	0.0391653804	-0.0517492091	0.0266763128	0.0178083308	-0.0493342563	0.031469624	-0.045280333	-0.0231993719	-0.0190553239	0.042140622	0.0674419509	0.017549478	-0.0014383459	-0.0435961407	0.0160513385	0.199012807529511	-1.05806926840779	0.448081059024295	0.592443852028073
0.862536	-0.009081	-0.22497	-0.000601375	0.000473873	0.00662216	0.0105259999999998	0.000891349999999999	0.014307	-0.000456733	0.0004528894	0.000113830000000001	0.07689697	-0.0334948844	-0.0095396348	0.0456957037	-0.0489033805	0.0168498047	0.0273531403	-0.0518333998	0.0389397479	0.0020309873	-0.0415373011	0.051093594	-0.0238094045	-0.0206422981	0.0502100954	-0.0435744473	0.0055199161	0.0365146908	-0.0522207755	0.0302736359	0.0135019809	-0.0475421407	0.0259496466	-0.0049182922	0.0551052494	-0.0367496766	0.002304039	-0.0120750264	-0.0011567998	0.029433062	-0.0197970449	0.0125884498	1.10592785023296	-1.04436066974053	0.448081059024295	0.592443852028073
0.874024	-0.0462688	-0.240944	-0.000573317	5.90742e-06	0.00666604	0.0114880000000002	-0.0371878	-0.015974	2.80580000000001e-05	-0.00046796558	4.38799999999996e-05	0.091644979	-0.0336681095	-0.0090953929	0.0453609212	-0.0492194833	0.0179144269	0.02618914	-0.0515825363	0.0401240904	0	-0.0401240904	0.0515825363	-0.02618914	-0.0179144269	0.0492194833	-0.0453609212	0.0090953929	0.0336681095	-0.0523782801	0.0336681095	0.0090953929	-0.0453609212	0.0409362633	0.0252867372	-0.0338663093	-0.0299577295	0.0206670078	0.0344008299	-0.0034573511	0.0150236911	-0.0459796822	-0.0265360849	-0.039592982750522	-1.00969716141063	0.448081059024295	0.592443852028073
0.924694	-0.00915278	-0.21209	-0.00112406	-0.000210851	0.00683059	0.05067	0.03711602	0.028854	-0.000550743	-0.00021675842	0.00016455	0.163242591	-0.0338407093	-0.0086504753	0.045018557	-0.0495209612	0.018970732	0.0250076315	-0.0512847364	0.0412607473	-0.0020309873	-0.0386363752	0.0519555872	-0.028498854	-0.0151303447	0.0480497669	-0.0469579174	0.0126276447	0.0306409077	-0.0522207755	0.0368369888	0.004621281	-0.0428084497	0.0189169526	0.0168157695	0.0224122558	0.0195109449	0.0194087053	-0.0178879489	0.0381300182	0.0045565528	-0.0066106901	-0.0295201078	1.34599396589405	-0.998180093628983	0.448081059024295	0.592443852028073
0.968591	-0.0704881	-0.217329	-0.000931984	-0.00070483	0.00693628	0.043897	-0.06133532	-0.00523899999999999	0.000192076	-0.000493979	0.00010569	0.15005857	-0.0340126806	-0.0082049152	0.0446686685	-0.0498077248	0.0200182296	0.0238094045	-0.050940271	0.0423483678	-0.0040589197	-0.0370769179	0.0522119084	-0.030732371	-0.0122987873	0.0467052026	-0.0483587652	0.016099885	0.0274493255	-0.0517492091	0.0397590408	0.0001128608	-0.0399056168	0.0333191796	0.0664991813	0.0112172316	0.0073834115	-0.012549273	-0.0184131222	-0.0371355482	-0.0135950048	0.0178949148	-0.0622399205	-1.50267198480799	-0.99363213733265	0.448081059024295	0.592443852028073
0.978589	-0.0320387	-0.224043	-0.000955407	-0.00114745	0.00683059	0.00999799999999995	0.0384494	-0.006714	-2.34230000000001e-05	-0.00044262	-0.00010569	0.0837480500000001	-0.0341840202	-0.0077587455	0.044311314	-0.0500796887	0.0210564335	0.0225952602	-0.0505494535	0.0433856593	-0.0060807472	-0.0354486142	0.0523509242	-0.0328837193	-0.0094286395	0.0451906832	-0.0495576132	0.0194956122	0.024110485	-0.0509664168	0.0424146861	-0.0043963972	-0.0366761804	0.0205563208	-0.0192912205	-0.0021421881	0.0615639264	0.0377303252	0.0756394147	-0.0013750154	-0.0457670609	0.0418985632	0.0038483783	0.867893418880899	-0.984570244644484	0.448081059024295	0.592443852028073
0.965647	-0.0358071	-0.187114	-0.000694632	-0.00114745	0.00683059	-0.012942	-0.00376839999999999	0.036929	0.000260775	0	0	0.06667815	-0.0343547251	-0.0073119995	0.0439465533	-0.0503367722	0.0220848615	0.0213660101	-0.0501126395	0.044371389	-0.0080934286	-0.0337544877	0.0523723222	-0.0349471469	-0.0065289069	0.0435117199	-0.0505494535	0.0227986886	0.0206422981	-0.0498771065	0.0447861304	-0.0088730165	-0.0331465714	0.0291418781	-0.0483068924	0.0694694947	-0.0420455373	0.0046633785	0.0222231979	-0.0468396741	0.0427818676	-0.0270707572	0.0360744203	-0.944652015193061	-1.00098032515975	0.448081059024295	0.592443852028073
0.964654	-0.082317	-0.223561	-0.00108589	-0.00114745	0.00683059	-0.0009929999999998	-0.0465099	-0.036447	-0.000391258	0	0	0.1035128	-0.0345247919	-0.0068647103	0.0435744473	-0.0505788988	0.0231030362	0.0201224762	-0.0496302266	0.0453043854	-0.0100939368	-0.0319976841	0.0522760543	-0.0369171367	-0.0036086884	0.0416744222	-0.0513301431	0.0259934166	0.0170633708	-0.0484878293	0.0468574839	-0.0132837629	-0.0293456776	0.0483336877	0.0088747506	-0.0481706575	-0.0190256034	-0.0167792314	0.0417069272	0.0203313367	-0.0258473138	-0.078010924	-0.0100314622	0.376543423618498	-1.02320716212457	0.448081059024295	0.592443852028073
0.981346	-0.0186183	-0.191379	-0.00133829	-0.00163752	0.00683059	0.0166919999999998	0.0636987	0.032182	-0.0002524	-0.00049007	0	0.1496962	-0.0346942175	-0.0064169112	0.0431950583	-0.0508059967	0.024110485	0.0188654898	-0.0491026536	0.0461835398	-0.0120792627	-0.0301814655	0.0520623368	-0.0387884217	-0.0006771467	0.0396854757	-0.051896421	0.0290646136	0.013392903	-0.0468069407	0.0486148674	-0.0175958911	-0.025304607	0.0292776409	-0.0062158865	0.03363474	0.0167553688	-0.037763419	0.0083931627	0.0037087574	0.0140781211	-0.0036702854	-0.0052724041	0.077671675159612	-1.03128941282298	0.448081059024295	0.592443852028073
0.951741	-0.0882516	-0.21603	-0.000898363	-0.00102601	0.00691472	-0.029605	-0.0696333	-0.024651	0.000439927	0.00061151	8.413e-05	0.18066765	-0.0348629988	-0.0059686353	0.0428084497	-0.0510179984	0.0251067401	0.0175958911	-0.0485304007	0.0470078072	-0.0140464202	-0.0283092043	0.0517316498	-0.0405559987	0.0022565198	0.0375521182	-0.0522459219	0.0319976841	0.0096505858	-0.0448445497	0.0500465054	-0.021777388	-0.0210564335	0.0340578766	0.0534586189	-0.0183731011	0.0364246724	-0.0084922788	0.0044884982	-0.035231912	-0.0136412827	0.0262386934	-0.0566803072	-0.109503725019555	-1.03061337925235	0.448081059024295	0.592443852028073
0.933813	-0.021819	-0.20497	-0.000717379	-0.000895175	0.00683059	-0.0179280000000001	0.0664326	0.01106	0.000180984	0.000130835	-8.413e-05	0.11521805	-0.0350311327	-0.0055199161	0.0424146861	-0.0512148408	0.0260913389	0.016314529	-0.0479139886	0.0477762082	-0.0159924506	-0.0263843771	0.0512847364	-0.0422151417	0.0051831058	0.0352821126	-0.0523771858	0.0347786889	0.0058564958	-0.0426124582	0.0511428052	-0.0257972105	-0.0166359256	0.0167368925	-0.0337045743	0.0278093499	0.0588764881	0.0297403567	0.03246517	0.0048101561	-0.0372824794	0.068109652	0.0292838867	0.122035506962416	-1.03243419058616	0.448081059024295	0.592443852028073
0.91252	-0.0661801	-0.200594	-0.000941043	-0.000741088	0.00645344	-0.0212929999999997	-0.0443611	0.00437599999999999	-0.000223664	0.000154087	-0.00037715	0.10777515	-0.0351986159	-0.0050707869	0.0420138333	-0.0513964655	0.0270638244	0.0150222601	-0.0472539781	0.0484878293	-0.0179144269	-0.024410558	0.0507226006	-0.0437614146	0.0080934286	0.0328837193	-0.0522896643	0.0373944116	0.0020309873	-0.0401240904	0.051896421	-0.0296255153	-0.0120792627	0.0294762115	-0.0437606864	0.0344513539	-0.0321393496	0.0384887898	0.0266219983	-0.0701981846	0.0105081201	0.0087508864	0.0111054776	0.634702014303394	-1.02946206054675	0.448081059024295	0.592443852028073
0.899752	-0.00112936	-0.214129	-0.000670801	-0.000303787	0.00626136	-0.0127680000000002	0.06505074	-0.013535	0.000270242	0.000437301	-0.000192080000000001	0.13633489	-0.0353654455	-0.004621281	0.0416059582	-0.0515628185	0.028023745	0.0137199483	-0.0465509697	0.0491418251	-0.0198094581	-0.0223914121	0.0500465054	-0.0451906832	0.0109783563	0.0303656657	-0.0519837232	0.0398324213	-0.001805417	-0.0373944116	0.0523023033	-0.0332338815	-0.0074237382	0.0488880566	0.0069362691	-0.0297503339	-0.0360885046	0.0293126287	0.0522186979	0.0019378325	0.0265960167	-0.0142942199	-0.0154863376	0.75103532091073	-1.05179186125777	0.448081059024295	0.592443852028073
0.924813	-0.0404205	-0.204851	-0.00103344	-0.000741088	0.00662882	0.0250610000000002	-0.03929114	0.00927799999999995	-0.000362639	-0.000437301	0.00036746	0.13200014	-0.0355316183	-0.0041714317	0.0411911291	-0.0517138504	0.0289706552	0.0124084642	-0.0458056033	0.0497374181	-0.021674694	-0.0203306886	0.0492579697	-0.0464991262	0.0138288366	0.0277371148	-0.0514606403	0.0420811315	-0.0056321357	-0.0344398384	0.0523577323	-0.0365955205	-0.0027074549	0.024697464	0.0368449341	0.0355551729	-0.0377698021	-0.020028723	-0.0223720295	-0.0326222071	0.0321220933	-0.0525509926	-0.0239805401	0.825451684242823	-0.998949915727363	0.448081059024295	0.592443852028073
0.933603	-0.0261879	-0.258141	-0.000897824	-0.00137323	0.00683059	0.00878999999999985	0.0142326	-0.05329	0.000135616	-0.000632142	0.00020177	0.124789	-0.0356971313	-0.0037212726	0.0407694154	-0.0518495163	0.0299041152	0.0110886847	-0.045018557	0.0502739006	-0.0235073292	-0.0182322141	0.0483587652	-0.0476832451	0.0166359256	0.0250076315	-0.0507226006	0.0441298556	-0.0094286395	-0.03127814	0.0520623368	-0.0396854757	0.0020309873	0.0266987293	0.0306137781	-0.0597794532	0.0262007467	-0.0192848141	0.0429220786	0.0134844394	-0.0371084393	-0.0189412033	-0.0352367976	0.253738340847494	-0.754152772571974	0.448081059024295	0.592443852028073
0.966099	0.00326273	-0.249094	-0.00111193	-0.00108161	0.00683059	0.0324959999999999	0.02945063	0.009047	-0.000214106	0.00029162	0	0.0962799300000001	-0.0358619813	-0.0032708371	0.0403408874	-0.0519697758	0.0308236917	0.0097614921	-0.044190547	0.050750635	-0.025304607	-0.016099885	0.0473509122	-0.048739874	0.0193908153	0.0221871482	-0.049772687	0.0459688572	-0.0131745611	-0.0279283311	0.0514180959	-0.0424808075	0.006752807	-0.0334229244	0.0442124505	0.0366998358	0.0380467377	-0.0128903108	-0.0626078403	0.0453160708	0.0187132492	0.017731548	-0.045027261	1.02846312389422	-0.505318202559803	0.448081059024295	0.592443852028073
0.967925	-0.0502847	-0.268945	-0.00122866	-0.000994171	0.00677253	0.00182600000000011	-0.05354743	-0.019851	-0.00011673	8.74390000000001e-05	-5.80600000000004e-05	0.08833588	-0.0360261653	-0.0028201586	0.0399056168	-0.0520745933	0.0317289578	0.0084277735	-0.0433223267	0.0511670547	-0.0270638244	-0.0139376608	0.046236675	-0.0496661877	0.0220848615	0.0192859283	-0.0486148674	0.0475893965	-0.0168498047	-0.024410558	0.0504293264	-0.0449607632	0.0114193591	0.001393896	0.0367601604	-0.0115020122	0.0359004851	0.0079780505	0.0152558089	-0.0574743229	0.0106721486	0.0417542106	-0.0299072489	-1.4394243082217	-0.491853481302413	0.448081059024295	0.592443852028073
0.966358	-0.00265096	-0.279446	-0.00162614	-0.000905902	0.00639529	-0.0015670000000001	0.04763374	-0.010501	-0.00039748	8.82690000000001e-05	-0.00037724	0.10285119	-0.0361896802	-0.0023692706	0.0394636764	-0.0521639377	0.0326194932	0.0070884207	-0.0424146861	0.0515226647	-0.0287823352	-0.0117495564	0.045018557	-0.0504597097	0.024709611	0.016314529	-0.0472539781	0.0489837722	-0.0204346535	-0.0207459769	0.0491026536	-0.0471069319	0.0159924506	-0.0273183252	-0.024448946	-0.009340206	0.0386579793	0.0583719647	0.0348827216	0.0343509873	0.001664565	0.0172761677	0.0265655931	-1.32481511691533	-0.501832117614075	0.448081059024295	0.592443852028073
0.972229	-0.0207991	-0.260031	-0.00232766	-0.000737747	0.00649795	0.00587100000000018	-0.01814814	0.019415	-0.00070152	0.000168155	0.00010266	0.09205089	-0.036352523	-0.0019182066	0.03901514	-0.0522377823	0.0334948844	0.0057443291	-0.0414684511	0.0518170426	-0.0304575546	-0.0095396348	0.043699295	-0.0511183183	0.027256828	0.0132837629	-0.0456957037	0.0501453577	-0.0239098759	-0.0169566271	0.047446967	-0.0489033805	0.0204346535	-0.0118420648	-0.0255194723	0.0568736615	-0.0531015171	0.0286760123	-0.0148039429	-0.0297162674	0.0542986132	-0.0134059289	0.0279984088	0.341788125705466	-0.915992537490509	0.448081059024295	0.592443852028073
0.953878	-0.00372528	-0.323537	-0.00220009	-0.0010151	0.00650518	-0.018351	0.01707382	-0.063506	0.00012757	-0.000277353	7.23000000000043e-06	0.11953847	-0.0365146908	-0.0014670001	0.0385600826	-0.0522961052	0.0343547251	0.0043963972	-0.0404844828	0.0520498384	-0.0320869629	-0.0073119995	0.0422818529	-0.0516402525	0.0297185201	0.0102046586	-0.0439465533	0.0510686325	-0.027256828	-0.0130652981	0.0454733605	-0.0503367722	0.024709611	-0.0060376057	0.0208183036	-0.0534537704	-0.0414400053	0.0043019181	0.0146047276	0.0498550917	0.0044269522	-0.0532491476	-0.020983583	1.07552229752123	-0.978958751605905	0.448081059024295	0.592443852028073
0.949713	0.0341374	-0.303369	-0.00278579	-0.000141601	0.0068306	-0.0041650000000002	0.03786268	0.020168	-0.0005857	0.000873499	0.00032542	0.15142663	-0.0366761804	-0.0010156846	0.0380985803	-0.0523388891	0.0351986159	0.0030455261	-0.0394636764	0.0522207755	-0.0336681095	-0.0050707869	0.0407694154	-0.0520241169	0.0320869629	0.0070884207	-0.0420138333	0.0517492091	-0.0304575546	-0.0090953929	0.0431950583	-0.0513964655	0.0287823352	-0.0358930727	0.0202462977	0.0291563905	-0.0113114606	0.0084649778	-0.0539539416	0.0450428945	0.044138384	-0.0187156303	-0.0161718929	1.08866801442777	-0.590789863026052	0.448081059024295	0.592443852028073
0.972705	-0.0226499	-0.32056	-0.00218779	-0.000995051	0.0068306	0.022992	-0.0567873	-0.017191	0.000598	-0.00085345	0	0.1695428	-0.0368369888	-0.0005642937	0.0376307102	-0.0523661213	0.0360261653	0.0016926191	-0.0384069609	0.0523296507	-0.0351986159	-0.0028201586	0.0391653804	-0.0522688852	0.0343547251	0.0039463888	-0.0399056168	0.0521838529	-0.0334948844	-0.0050707869	0.0406273263	-0.0520745933	0.0326194932	-0.0193005218	0.0537899178	-0.0369023911	-0.0265367993	0.0274910931	-0.00838353	0.0135709748	0.0397662037	-0.013220361	-0.0633119416	1.10327628749694	-0.445993613706107	0.448081059024295	0.592443852028073
1.01129	0.0196405	-0.290261	-0.00278716	-0.000560435	0.0070806	0.0385850000000001	0.0422904	0.030299	-0.00059937	0.000434616	0.000249999999999999	0.1753737	-0.0369971132	-0.0001128608	0.0371565505	-0.0523777937	0.0368369888	0.0003385804	-0.0373152977	0.0523763346	-0.0366761804	-0.0005642937	0.0374733519	-0.0523739028	0.0365146908	0.0007899965	-0.0376307102	0.0523704984	-0.036352523	-0.0010156846	0.0377873696	-0.0523661213	0.0361896802	-0.0288857036	0.0502169846	0.0022511715	0.0150359605	0.0407253585	-0.0082429647	0.0282190093	-0.0004151053	-0.0007385569	-0.0376957023	1.28934131615283	-0.421022508336043	0.448081059024295	0.592443852028073
1.03232	-0.024225	-0.304388	-0.00275145	-0.00144077	0.0068306	0.0210300000000001	-0.0438655	-0.014127	3.571e-05	-0.000880335	-0.000249999999999999	0.13732475	-0.0371565505	0.0003385804	0.0366761804	-0.0523739028	0.0376307102	-0.0010156846	-0.0361896802	0.0523607718	-0.0380985803	0.0016926191	0.0356971313	-0.0523388891	0.0385600826	-0.0023692706	-0.0351986159	0.0523082586	-0.03901514	0.0030455261	0.0346942175	-0.0522688852	0.0394636764	-0.0281262699	0.0489393142	0.0243284351	-0.0001993654	0.0156453023	-0.0502859245	-0.0287861243	-0.0128119008	0.0263701544	0.0042505197	0.636300648141402	-0.644214991354908	0.448081059024295	0.592443852028073
1.03806	-0.00140544	-0.320813	-0.00293316	-0.00100115	0.0068306	0.00573999999999986	0.02281956	-0.016425	-0.00018171	0.00043962	0	0.0760510600000001	-0.0373152977	0.0007899965	0.0361896802	-0.0523544498	0.0384069609	-0.0023692706	-0.0350311327	0.0522829807	-0.0394636764	0.0039463888	0.0338407093	-0.0521639377	0.0404844828	-0.0055199161	-0.0326194932	0.0519974292	-0.0414684511	0.0070884207	0.0313685957	-0.0517836067	0.0424146861	-0.045464252	-0.0580651447	-0.0035476357	-0.0077022334	0.0487937561	0.0369711376	0.0325038467	0.0524038615	-0.0229507702	0.0073739533	-2.57539349224528	-1.00345853298281	0.448081059024295	0.592443852028073
1.0278	0.0412175	-0.246101	-0.00354239	-0.000660527	0.0068306	-0.0102599999999999	0.04262294	0.074712	-0.00060923	0.000340623	0	0.17508759	-0.0374733519	0.0012413539	0.0356971313	-0.0523194405	0.0391653804	-0.0037212726	-0.0338407093	0.0521430537	-0.0407694154	0.0061928308	0.0319082567	-0.0518495163	0.0422818529	-0.0086504753	-0.0299041152	0.0514394875	-0.043699295	0.0110886847	0.0278327876	-0.0509138886	0.045018557	-0.0132999504	-0.0255977538	0.0189082834	-0.0217277289	0.0213885456	0.0108775114	0.0297513413	0.0212988226	-0.0369536955	-0.007745289	1.44356221683617	-1.08254082762213	0.448081059024295	0.592443852028073
0.926535	0.0869946	-0.106731	-0.00368104	0.000234419	0.00771458	-0.101265	0.0457771	0.13937	-0.00013865	0.000894946	0.00088398	0.3822909	-0.0376307102	0.0016926191	0.0351986159	-0.0522688852	0.0399056168	-0.0050707869	-0.0326194932	0.0519411573	-0.0420138333	0.0084277735	0.0299041152	-0.0513964655	0.0439465533	-0.0117495564	-0.0270638244	0.050637085	-0.0456957037	0.0150222601	0.024110485	-0.0496661877	0.0472539781	0.1016460738	-0.0089934303	-0.0515028302	-0.0154411196	-0.0002276926	0.0329496637	-0.059739775	-0.013681236	-0.01143524	0.0107884422	0.929806530396768	-0.822504430048261	0.448081059024295	0.592443852028073
0.969189	0.0652099	-0.159849	-0.00376513	-0.000320544	0.00779205	0.0426539999999997	-0.0217847	-0.053118	-8.40900000000002e-05	-0.000554963	7.74699999999996e-05	0.15338285	-0.0377873696	0.0021437585	0.0346942175	-0.0522027989	0.0406273263	-0.0064169112	-0.0313685957	0.0516775313	-0.0431950583	0.0106470671	0.0278327876	-0.0508059967	0.0454733605	-0.0148058821	-0.024110485	0.049594035	-0.047446967	0.0188654898	0.0202266294	-0.0480497669	0.0491026536	0.0396402733	0.0124604087	-0.0016450874	0.0288307445	-0.0352869036	-0.0528243451	-0.0060067863	-0.0235337937	0.0043353396	-0.0134847079	0.879860446578776	-0.71915321311176	0.448081059024295	0.592443852028073
0.982024	0.0346651	-0.19146	-0.00355215	-0.000198363	0.00785032	0.012835	-0.0305448	-0.031611	0.00021298	0.000122181	5.82699999999992e-05	0.09466235	-0.0379433273	0.0025947387	0.0341840202	-0.0521212014	0.0413301739	-0.0077587455	-0.0300891549	0.051352489	-0.044311314	0.0128465907	0.0256989275	-0.0500796887	0.0468574839	-0.0178083308	-0.0210564335	0.0483152946	-0.04894369	0.0225952602	0.0162072446	-0.0460766263	0.0505494535	0.0263744693	0.0186595291	0.0174234326	0.0176813525	-0.084898648	-0.0314996215	-0.0678161297	-0.0178958004	-0.0084953869	0.0332336946	-2.2566399031009	-0.72891970524713	0.448081059024295	0.592443852028073
1.01331	0.0282855	-0.274277	-0.00350313	-0.000282958	0.00818583	0.0312859999999999	-0.0063796	-0.082817	4.90199999999999e-05	-8.4595e-05	0.000335510000000001	0.14393885	-0.0380985803	0.0030455261	0.0336681095	-0.0520241169	0.0420138333	-0.0090953929	-0.0287823352	0.0509664168	-0.0453609212	0.0150222601	0.0235073292	-0.0492194833	0.0480945804	-0.0207459769	-0.0179144269	0.0468069407	-0.050177843	0.02618914	0.0120792627	-0.0437614146	0.0515825363	-0.0416405124	-0.0614521965	-0.0255529318	0.0737281238	-0.0622164713	0.0180474173	0.0066994865	-0.0266249192	0.0492730878	0.0672663839	-2.10812896667726	-0.725469033220407	0.448081059024295	0.592443852028073
1.01313	0.0700216	-0.225776	-0.00367697	0.000231951	0.00818583	-0.000180000000000069	0.0417361	0.048501	-0.00017384	0.000514909	0	0.12485455	-0.0382531258	0.0034960873	0.0331465714	-0.0519115742	0.042677987	-0.0104259597	-0.0274493255	0.0505197734	-0.0463423012	0.0171700353	0.0212629165	-0.0482276804	0.0491807684	-0.0236081307	-0.0146975897	0.0450761418	-0.0511428052	0.0296255153	0.0078703433	-0.0411213197	0.0521934471	-0.033638121	-0.0805446964	0.0123471088	0.0579789414	-0.0085492116	0.0283699623	0.0241648072	-0.0312939787	0.0750529133	0.06682238	-2.13378351235394	-0.894414000915558	0.448081059024295	0.592443852028073
1.0206	0.0399294	-0.218923	-0.00372861	-0.000117383	0.00818583	0.00747000000000009	-0.0300922	0.00685300000000003	-5.16399999999999e-05	-0.000349334	0	0.0644638999999999	-0.0384069609	0.0039463888	0.0326194932	-0.0517836067	0.0433223267	-0.0117495564	-0.0260913389	0.0500130897	-0.0472539781	0.0192859283	0.018970732	-0.0471069319	0.0501126395	-0.0263843771	-0.0114193591	0.0431311232	-0.0518333998	0.0328837193	0.0036086884	-0.0381759417	0.0523771858	-0.0096054419	-0.0357801235	0.027184866	-0.0389998028	-0.0031895099	-0.030751033	-0.0277283853	-0.0130370778	0.0199978328	0.0130682605	-2.35673451416378	-1.36525888528757	0.448081059024295	0.592443852028073
0.870159	0.194347	-0.128906	-0.00400569	0.00227565	0.00820458	-0.150441	0.1544176	0.090017	-0.00027708	0.002393033	1.87499999999979e-05	0.52931875	-0.0385600826	0.0043963972	0.0320869629	-0.0516402525	0.0439465533	-0.0130652981	-0.024709611	0.0494469678	-0.0480945804	0.0213660101	0.0166359256	-0.0458602343	0.0508872699	-0.0290646136	-0.0080934286	0.0409811285	-0.0522459219	0.0359441567	-0.0006771467	-0.0349471469	0.0521322486	0.0770759734	-0.0004580525	-0.020151265	-0.0081871326	-0.0210023022	0.0418403486	0.0022162933	0.0337681085	-0.0347277638	-0.0148371164	-1.45879418453835	-1.38983910611841	0.448081059024295	0.592443852028073
0.907685	0.15126	-0.129324	-0.00388989	0.00180658	0.00868188	0.0375260000000001	-0.043087	-0.000418000000000002	0.0001158	-0.00046907	0.0004773	0.1341395	-0.0387124883	0.0048460789	0.0315490697	-0.0514815542	0.0445503769	-0.0143723053	-0.0233053991	0.0488220806	-0.048862844	0.0234064185	0.014263743	-0.0444909208	0.051502229	-0.0316390872	-0.0047336909	0.0386363752	-0.0523781585	0.0387884217	-0.0049584444	-0.0314589057	0.0514606403	0.0460820087	0.0198652436	0.0570213578	0.0040497018	-0.082542833	-0.0252109613	-0.0141336222	0.0547519402	-0.004268601	-0.0507024625	-0.936912876253578	-1.39326154301222	0.448081059024295	0.592443852028073
0.928169	0.108843	-0.184116	-0.00292669	0.00159834	0.0087208	0.0204839999999999	-0.042417	-0.054792	0.0009632	-0.00020824	3.89200000000013e-05	0.178211	-0.0388641751	0.0052954007	0.0310059033	-0.0513075588	0.0451335173	-0.015669704	-0.0218799809	0.0481391707	-0.0495576132	0.0254033645	0.0118595137	-0.0430026525	0.0519555872	-0.0340984296	-0.0013541801	0.0361080066	-0.0522294002	0.0413994086	-0.009206518	-0.0277371148	0.0503678575	0.0508393701	-0.0134229214	-0.0558900435	0.062471573	-0.0307007903	0.0930780515	-0.021705655	-0.0204125507	0.0566933645	0.003006108	0.092548757407192	-1.39843024939947	0.448081059024295	0.592443852028073
0.987077	0.129116	-0.158916	-0.00364736	0.00158434	0.00910872	0.0589080000000001	0.020273	0.0252	-0.00072067	-1.39999999999999e-05	0.000387920000000002	0.1605105	-0.03901514	0.0057443291	0.0304575546	-0.0511183183	0.0456957037	-0.0169566271	-0.0204346535	0.0473990497	-0.050177843	0.0273531403	0.0094286395	-0.0413994086	0.0522459219	-0.0364336915	0.0020309873	0.0334080384	-0.0518004449	0.0437614146	-0.013392903	-0.0238094045	0.048862844	-0.0109530855	-0.0518405835	0.0515187074	0.0571984044	-0.0280652323	0.0018555422	0.0091458882	-0.0101526008	0.0671334236	0.0630792962	0.096202219912961	-1.29928392326918	0.448081059024295	0.592443852028073
1.00051	0.075596	-0.204377	-0.00314332	0.00113591	0.00927254	0.0134329999999999	-0.05352	-0.045461	0.00050404	-0.00044843	0.000163819999999999	0.1682285	-0.0391653804	0.0061928308	0.0299041152	-0.0509138886	0.046236675	-0.0182322141	-0.018970732	0.0466025972	-0.0507226006	0.0292521253	0.0069765817	-0.0396854757	0.0523723222	-0.0386363752	0.005407671	0.030549302	-0.051093594	0.0458602343	-0.0174895484	-0.0197049341	0.0469579174	0.0333365973	-0.0847296772	-0.0162080839	-0.026412313	-0.048776348	-0.0134562512	-0.0755743224	-0.0425518477	-0.0174158316	0.0212822757	0.489439932379428	-1.22750826986422	0.448081059024295	0.592443852028073
1.11205	0.146376	-0.233342	-0.00267005	0.00113663	0.0103704	0.11154	0.07078	-0.028965	0.00047327	7.20000000000061e-07	0.00109786	0.2898775	-0.0393148935	0.0066408724	0.0293456776	-0.0506943307	0.0467561802	-0.0194956122	-0.0174895484	0.0457507597	-0.0511910666	0.0310967934	0.0045088495	-0.0378654364	0.0523343914	-0.0406984653	0.0087617663	0.0275453833	-0.0501126395	0.0476832451	-0.0214690046	-0.015454175	0.0446686685	-0.0051297749	-0.0181629714	-0.0216981272	0.0008377766	-0.0325455751	-0.0198899722	0.025553617	-0.048304692	0.0068675072	0.0171280646	0.683620544363658	-1.07089274643724	0.448081059024295	0.592443852028073
1.15021	0.127465	-0.220918	-0.00280124	0.00198542	0.0103704	0.03816	-0.018911	0.012424	-0.00013119	0.00084879	0	0.118494	-0.0394636764	0.0070884207	0.0287823352	-0.0504597097	0.0472539781	-0.0207459769	-0.0159924506	0.0448445497	-0.0515825363	0.0328837193	0.0020309873	-0.0359441567	0.0521322486	-0.0426124582	0.0120792627	0.024410558	-0.048862844	0.0492194833	-0.025304607	-0.0110886847	0.0420138333	0.0188538555	0.011000653	0.0272934909	-0.0337885658	-0.0165428071	-0.0120833916	-0.0242560721	0.0098973409	-0.0136802202	0.0035773756	0.637168979865029	-1.07228855215868	0.448081059024295	0.592443852028073
1.05515	0.13799	-0.30483	-0.00087715	0.0032019	0.00907881	-0.0950599999999999	0.010525	-0.0839120000000001	0.00192409	0.00121648	-0.00129159	0.411105	-0.0396117264	0.0075354425	0.028214182	-0.0502100954	0.0477298374	-0.0219824722	-0.0144808008	0.043885044	-0.051896421	0.034609585	-0.0004514381	-0.0339267737	0.051766528	-0.044371389	0.0153463027	0.0211597241	-0.0473509122	0.0504597097	-0.0289706552	-0.0066408724	0.03901514	-0.0303584386	0.0597141123	-0.0102556616	-0.0216793738	0.0025668015	-0.0226472409	0.0430604722	0.0415263536	-0.0253696294	-0.0261207365	0.817500899902494	-1.09700183051832	0.448081059024295	0.592443852028073
1.04919	0.0675905	-0.399627	-0.000859212	0.00259664	0.00878568	-0.00595999999999996	-0.0703995	-0.094797	1.79380000000001e-05	-0.00060526	-0.000293129999999999	0.2169729	-0.0397590408	0.0079819045	0.0276413132	-0.0499455618	0.0481835374	-0.0232042715	-0.0129559745	0.0428733831	-0.0521322486	0.0362711858	-0.0029328492	-0.0318186811	0.0512383773	-0.0459688572	0.0185492395	0.0178083308	-0.0455849554	0.0513964655	-0.0324425845	-0.0021437585	0.0356971313	-0.0656992342	0.0061350442	-0.0198167429	-0.0179857655	-0.0012827227	-0.0266074673	0.0503916734	0.0338582198	-0.0228460844	0.0225168483	0.628722962017583	-0.907839311795189	0.448081059024295	0.592443852028073
1.07647	0.165636	-0.323812	-0.00083896	0.00259878	0.00889254	0.02728	0.0980455	0.075815	2.02519999999999e-05	2.1400000000003e-06	0.00010686	0.2076031	-0.0399056168	0.0084277735	0.0270638244	-0.0496661877	0.0486148674	-0.024410558	-0.0114193591	0.0418107693	-0.0522896643	0.0378654364	-0.005407671	-0.0296255153	0.0505494535	-0.0473990497	0.021674694	0.0143723053	-0.0435744473	0.0520241169	-0.0356971313	0.0023692706	0.0320869629	0.0024802392	0.0132849893	-0.0314346175	-0.0327149789	-0.0399970178	0.0507415711	0.0092285011	-0.0202921859	-0.0583368186	0.0401527733	0.996900632094074	0.103501245718178	0.448081059024295	0.592443852028073
1.02195	0.03688	-0.447081	-4.11887e-05	0.00218912	0.00853984	-0.0545200000000001	-0.128756	-0.123269	0.0007977713	-0.00040966	-0.000352700000000001	0.384551565	-0.0400514517	0.0088730165	0.0264818121	-0.0493720561	0.049023627	-0.0256005252	-0.009872353	0.0406984653	-0.0523684314	0.0393893764	-0.0078703433	-0.0273531403	0.0497019183	-0.0486567622	0.024709611	0.0108679768	-0.0413301739	0.0523388891	-0.0387124883	0.0068647103	0.028214182	-0.0921219199	-0.0534889232	-0.037810323	0.0051398542	-0.0337028712	-0.0328548744	0.0199816544	-0.0398354252	-0.0626254771	0.0638314212	1.11251897321028	0.257732925732945	0.448081059024295	0.592443852028073
1.03281	0.0943016	-0.410195	-0.000135548	0.00261271	0.00834755	0.0108600000000001	0.0574216	0.0368860000000001	-9.43593e-05	0.00042359	-0.000192289999999999	0.140679565	-0.0401965428	0.0093176004	0.0258953737	-0.0490632542	0.0494096266	-0.0267733776	-0.0083163637	0.0395377932	-0.0523684314	0.0408401761	-0.0103153331	-0.0250076315	0.0486984311	-0.0497374181	0.0276413132	0.0073119995	-0.0388641751	0.0523388891	-0.0414684511	0.0113091867	0.024110485	-0.1150083432	-0.1011110617	-0.005067573	0.0436916556	-0.0225054122	-0.0278788287	0.072006682	-0.100652374	0.0545439396	0.118265573	0.924284788331493	-0.01045116698331	0.448081059024295	0.592443852028073
1.02039	0.0562284	-0.376148	6.58207e-05	0.00241631	0.00847261	-0.0124200000000001	-0.0380732	0.034047	0.0002013687	-0.0001964	0.00012506	0.110681635	-0.0403408874	0.0097614921	0.025304607	-0.048739874	0.049772687	-0.0279283311	-0.006752807	0.0383301323	-0.0522896643	0.0422151417	-0.0127371473	-0.0225952602	0.0475421407	-0.050637085	0.0304575546	0.0037212726	-0.0361896802	0.0520241169	-0.0439465533	0.015669704	0.0198094581	-0.0659187346	0.014335698	-0.0213512736	-0.0767497227	-0.0169754051	-0.0905022407	-0.0053896376	-0.0248572662	0.0496542861	-0.0299834252	0.797148643154779	-0.523416354653407	0.448081059024295	0.592443852028073
1.03748	0.122921	-0.377412	-0.000236943	0.00177728	0.00868481	0.01709	0.0666926	-0.00126399999999999	-0.0003027637	-0.00063903	0.000212199999999997	0.142746285	-0.0404844828	0.0102046586	0.024709611	-0.0484020114	0.0501126395	-0.0290646136	-0.0051831058	0.0370769179	-0.0521322486	0.0435117199	-0.0151303447	-0.0201224762	0.046236675	-0.051352489	0.0331465714	0.0001128608	-0.0333210373	0.0513964655	-0.0461301902	0.0199138901	0.0153463027	-0.0423822983	0.0252103076	-0.05722148	0.0053341605	0.0239183085	0.0133512518	0.0401471327	-0.0597367953	-0.0044236433	0.0060677354	0.760604537275443	-0.509844203961802	0.448081059024295	0.592443852028073
1.05954	0.0844573	-0.370444	-0.000424715	0.001985	0.00856513	0.02206	-0.0384637	0.00696799999999997	-0.000187772	0.00020772	-0.000119679999999997	0.0932502999999999	-0.0406273263	0.0106470671	0.024110485	-0.0480497669	0.0504293264	-0.0301814655	-0.0036086884	0.0357796393	-0.051896421	0.0447275033	-0.0174895484	-0.0175958911	0.0447861304	-0.051881027	0.0356971313	-0.0034960873	-0.0302736359	0.0504597097	-0.0480047303	0.0240102362	0.010757547	-0.0618121809	0.0151922586	0.0576129454	-0.0364907167	-0.0113044797	-0.0641160554	0.0039887512	-0.0210047953	-0.0216532298	0.0296905144	0.892822960549405	-0.609499442130254	0.448081059024295	0.592443852028073
1.08335	0.0794429	-0.411019	-0.000217152	0.00164753	0.00872004	0.0238100000000001	-0.00501440000000003	-0.040575	0.000207563	-0.00033747	0.000154909999999999	0.10439655	-0.0407694154	0.0110886847	0.0235073292	-0.0476832451	0.0507226006	-0.03127814	-0.0020309873	0.0344398384	-0.0515825363	0.0458602343	-0.0198094581	-0.0150222601	0.0431950583	-0.0522207755	0.0380985803	-0.0070884207	-0.0270638244	0.0492194833	-0.0495576132	0.0279283311	0.0060807472	-0.0454458488	-0.0112945799	-0.0465341059	-0.012076759	-0.0300397636	-0.0167510801	0.0255422971	-0.0103996997	-0.0768081718	-0.0109535607	1.24427674009136	-0.887728050108545	0.448081059024295	0.592443852028073
1.11396	0.135678	-0.289751	0.000341147	0.00169103	0.00880219	0.03061	0.0562351	0.121268	0.000558299	4.35000000000001e-05	8.21499999999978e-05	0.24231055	-0.0409107473	0.0115294786	0.0229002443	-0.047302555	0.050992326	-0.032353904	-0.0004514381	0.0330591074	-0.0511910666	0.0469078096	-0.0220848615	-0.0124084642	0.0414684511	-0.0523704984	0.0403408874	-0.0106470671	-0.0237088227	0.0476832451	-0.0507784337	0.0316390872	0.0013541801	-0.0249451823	-0.0043159036	0.0359586146	-0.0160854981	-0.0017506096	-0.0050964278	0.0269626854	-0.0040440211	0.0492481963	0.0031758787	0.78500036445486	-0.984178256329332	0.448081059024295	0.592443852028073
1.17611	0.0740827	-0.305666	0.000389968	0.001985	0.00939878	0.0621499999999999	-0.0615953	-0.015915	4.8821e-05	0.00029397	0.000596590000000003	0.18662935	-0.0410513194	0.011969416	0.0222893319	-0.0469078096	0.0512383773	-0.0334080384	0.0011285219	0.0316390872	-0.0507226006	0.0478682839	-0.0243106464	-0.0097614921	0.0396117264	-0.0523296507	0.0424146861	-0.0141551145	-0.0202266294	0.0458602343	-0.0516590118	0.0351149558	-0.0033834701	0.0107132779	0.0559328087	-0.0403403418	-0.0160175962	0.0303664523	-0.0061761579	0.0048891658	0.0013293319	-0.0085971654	-0.0535362035	0.97426238193907	-1.37614159709175	0.448081059024295	0.592443852028073
1.15115	0.136977	-0.336866	0.000651572	0.00249475	0.00930764	-0.0249600000000001	0.0628943	-0.0312	0.000261604	0.00050975	-9.114e-05	0.162179	-0.0411911291	0.0124084642	0.021674694	-0.0464991262	0.0514606403	-0.0344398384	0.0027074549	0.0301814655	-0.050177843	0.048739874	-0.0264818121	-0.0070884207	0.0376307102	-0.0520983812	0.044311314	-0.0175958911	-0.0166359256	0.0437614146	-0.0521934471	0.0383301323	-0.0080934286	-0.031752813	0.034566785	0.0324320451	0.0151678872	0.0408165682	-0.0369556714	0.0226734393	0.0142537889	0.0073522119	0.0111408987	1.01529314723818	-1.37155820323277	0.448081059024295	0.592443852028073
1.15017	0.063559	-0.342258	0.000484245	0.00234907	0.00921609	-0.000979999999999759	-0.073418	-0.00539200000000001	-0.000167327	-0.00014568	-9.1550000000001e-05	0.10001785	-0.0413301739	0.0128465907	0.0210564335	-0.0460766263	0.0516590118	-0.0354486142	0.0042839244	0.0286879745	-0.0495576132	0.0495209612	-0.0285934806	-0.0043963972	0.0355316183	-0.0516775313	0.0460228486	-0.0209530451	-0.0129559745	0.0413994086	-0.0523781585	0.0412607473	-0.0127371473	-0.0197457856	-0.0428646432	-0.0007343671	-0.0297945083	0.0388056467	0.0073729747	-0.0388390333	0.0176421923	-0.0078600576	0.0643636614	0.608370426422172	-1.36089915456373	0.448081059024295	0.592443852028073
1.16422	0.137232	-0.354198	0.000293077	0.00235279	0.00950333	0.0140499999999999	0.073673	-0.01194	-0.000191168	3.72000000000003e-06	0.000287240000000001	0.1237694	-0.0414684511	0.0132837629	0.0204346535	-0.0456404355	0.0518333998	-0.0364336915	0.0058564958	0.0271603893	-0.048862844	0.0502100954	-0.0306409077	-0.0016926191	0.0333210373	-0.0510686325	0.0475421407	-0.0242106219	-0.009206518	0.0387884217	-0.0522119084	0.043885044	-0.01727662	-0.0256976164	-0.0005933879	-0.021567655	-0.0252096594	0.0178851593	0.0035490822	0.0285550901	-0.0026947576	-0.0328012845	0.011704423	0.921120424683541	-0.107333579949184	0.448081059024295	0.592443852028073
1.1597	0.0978812	-0.35054	5.56481e-05	0.001985	0.00959863	-0.00452000000000008	-0.0393508	0.00365799999999999	-0.0002374289	-0.00036779	9.52999999999996e-05	0.0825547450000001	-0.0416059582	0.0137199483	0.0198094581	-0.0451906832	0.0519837232	-0.0373944116	0.0074237382	0.0256005252	-0.0480945804	0.0508059967	-0.0326194932	0.0010156846	0.0310059033	-0.0502739006	0.048862844	-0.0273531403	-0.005407671	0.0359441567	-0.0516958108	0.0461835398	-0.021674694	-0.0187691392	0.0348742095	0.0093511583	-0.0388908089	0.0065065289	-0.0388426934	-0.0074207882	0.0319591575	-0.017750872	-0.0358075352	0.472023941864788	-0.261290314698941	0.448081059024295	0.592443852028073
1.18163	0.133401	-0.339361	-6.28873e-05	0.00205293	0.00938758	0.02193	0.0355198	0.011179	-0.0001185354	6.79299999999999e-05	-0.000211050000000001	0.08850457	-0.0417426926	0.0141551145	0.0191809517	-0.0447275033	0.0521099123	-0.0383301323	0.0089842256	0.0240102362	-0.0472539781	0.0513075588	-0.0345247919	0.0037212726	0.0285934806	-0.0492962274	0.0499794418	-0.0303656657	-0.0015798132	0.0328837193	-0.0508333239	0.0481391707	-0.0258953737	-0.0146777225	0.0334679985	-0.0318006228	0.0377888336	0.0312769691	-0.0044080942	0.0351065473	-0.0346106162	0.0077967388	-0.0603663728	-0.296345623354965	0.088152870533166	0.448081059024295	0.592443852028073
1.23732	0.143305	-0.270191	-0.000238706	0.001985	0.0102338	0.05569	0.009904	0.0691700000000001	-0.0001758187	-6.79299999999999e-05	0.00084622	0.189262435	-0.0418786518	0.0145892291	0.0185492395	-0.0442510332	0.0522119084	-0.0392402281	0.0105365379	0.0223914121	-0.0463423012	0.0517138504	-0.036352523	0.0064169112	0.0260913389	-0.0481391707	0.0508872699	-0.0332338815	0.0022565198	0.0296255153	-0.0496302266	0.0497374181	-0.0299041152	0.0045801731	0.0531657239	0.0541942166	-0.0128279616	0.0387695429	-0.0329421125	-0.0141353835	0.0406571511	0.0659867278	-0.0241319437	-0.473509833572133	0.154361561967492	0.448081059024295	0.592443852028073
1.27617	0.111885	-0.295241	-6.14414e-05	0.00089905	0.010182	0.0388500000000001	-0.03142	-0.02505	0.0001772646	-0.00108595	-5.17999999999994e-05	0.16107073	-0.0420138333	0.0150222601	0.0179144269	-0.0437614146	0.0522896643	-0.0401240904	0.0120792627	0.0207459769	-0.0453609212	0.0520241169	-0.0380985803	0.0090953929	0.0235073292	-0.0468069407	0.0515825363	-0.0359441567	0.0060807472	0.02618914	-0.0480945804	0.0509664168	-0.0336681095	0.0313841041	-0.0113249448	-0.0179908217	-0.0325375155	0.074215313	0.0958845165	0.0092511804	0.0403870687	-0.0095757821	0.0052844397	0.972935903451821	0.116650988756485	0.448081059024295	0.592443852028073
1.31289	0.130939	-0.257781	-0.000540309	0.000571918	0.0106148	0.0367199999999999	0.0190540000000001	0.03746	-0.0004788676	-0.000327132	0.000432799999999999	0.15517398	-0.0421482344	0.015454175	0.01727662	-0.0432587929	0.0523431439	-0.0409811285	0.0136109962	0.0190758861	-0.044311314	0.0522377823	-0.0397590408	0.0117495564	0.0208495594	-0.0453043854	0.0520623368	-0.0384836111	0.009872353	0.0225952602	-0.046236675	0.0518170426	-0.0371565505	0.0255213281	0.0232605063	0.0465977866	-0.0085029954	-0.0020558455	-0.0009919617	0.018144541	0.0695486057	-0.0268607498	-0.0547736727	0.002191786717077	0.146982972960721	0.448081059024295	0.592443852028073
1.32714	0.0781291	-0.294769	-0.000201541	2.95652e-05	0.0111279	0.0142500000000001	-0.0528099	-0.036988	0.000338768	-0.0005423528	0.000513100000000001	0.17375894	-0.0422818529	0.015884942	0.0166359256	-0.0427433176	0.0523723222	-0.0418107693	0.0151303447	0.0173831246	-0.0431950583	0.0523544498	-0.0413301739	0.0143723053	0.018126369	-0.0436369724	0.052324667	-0.0408401761	0.0136109962	0.0188654898	-0.0440689593	0.0522829807	-0.0403408874	0.0176796065	0.0421835811	-0.0341671286	0.0312807737	0.0028375228	0.0109740613	-0.0109874032	0.0070125272	0.0069493582	-0.0655796534	-2.38165067114291	0.150318649953971	0.448081059024295	-1.68540061352814
1.36349	0.138767	-0.263709	-0.00039314	0.000282313	0.0107227	0.0363499999999999	0.0606379	0.03106	-0.000191599	0.0002527478	-0.000405199999999998	0.17052524	-0.0424146861	0.016314529	0.0159924506	-0.0422151417	0.0523771858	-0.0426124582	0.0166359256	0.015669704	-0.0420138333	0.0523739028	-0.0428084497	0.0169566271	0.0153463027	-0.0418107693	0.0523684314	-0.0430026525	0.01727662	0.0150222601	-0.0416059582	0.0523607718	-0.0431950583	0.0087739784	-0.0166049835	0.0262219023	0.0437533072	0.0402164983	0.0263311975	-0.0113802461	-0.0088502829	0.0340080503	-0.0314560581	1.05364641696558	0.170899855589614	-2.22840312389761	-1.68540061352814
1.36104	0.0523295	-0.284821	-0.000484799	0.000104281	0.0110316	-0.00244999999999984	-0.0864375	-0.021112	-9.1659e-05	-0.000178032	0.000308899999999999	0.13892905	-0.0425467316	0.016742904	0.0153463027	-0.0416744222	0.0523577323	-0.0433856593	0.018126369	0.0139376608	-0.0407694154	0.0522961052	-0.044190547	0.0194956122	0.0125180835	-0.0398324213	0.0521934471	-0.0449607632	0.0208495594	0.0110886847	-0.0388641751	0.0520498384	-0.0456957037	0.0277605371	0.0189206423	-0.0137324733	-0.0326063708	-0.0036897767	-0.0131141027	-0.0514104994	-0.0005639748	-0.039902669	-0.0085710535	-0.674358809345323	0.176992773922064	-2.22840312389761	-1.68540061352814
1.36101	0.122562	-0.30184	-0.000569119	0.000123548	0.0111643	-2.99999999999745e-05	0.0702325	-0.017019	-8.432e-05	1.92669999999999e-05	0.000132699999999998	0.09909585	-0.042677987	0.0171700353	0.0146975897	-0.0411213197	0.0523139709	-0.0441298556	0.0196003187	0.0121890533	-0.0394636764	0.0521212014	-0.0454733605	0.0219824722	0.0096505858	-0.0377091275	0.0518004449	-0.0467052026	0.0243106464	0.0070884207	-0.0358619813	0.051352489	-0.0478223571	0.011868853	0.0308495392	-0.0021147415	0.0648396566	0.0056917177	-0.0115175959	0.0210576447	-0.0269280353	0.0124067124	-0.0297756804	0.761600860091281	0.190453165679998	-2.22840312389761	0.592443852028073
1.37937	0.0692442	-0.304235	-0.000733141	0.000232369	0.0113393	0.0183599999999999	-0.0533178	-0.00239499999999998	-0.000164022	0.000108821	0.000175	0.0964649499999999	-0.0428084497	0.0175958911	0.0140464202	-0.0405559987	0.0522459219	-0.0448445497	0.0210564335	0.0104259597	-0.0380985803	0.0518495163	-0.0466540082	0.024410558	0.006752807	-0.0354486142	0.0511910666	-0.0482276804	0.0276413132	0.0030455261	-0.0326194932	0.0502739006	-0.0495576132	-0.0079634774	0.0014826838	0.0331793567	0.0072590065	0.0242742296	0.0122422137	-0.0549149493	0.0498293205	0.0588033453	0.0023025378	0.111905806729851	0.20433722969937	0.448081059024295	0.592443852028073
1.37949	0.109878	-0.304383	-0.00116693	0.00108687	0.0115116	0.000119999999999898	0.0406338	-0.000148000000000037	-0.000433789	0.000854501	0.000172300000000002	0.1139313	-0.0429381175	0.0180204398	0.013392903	-0.0399786271	0.0521536168	-0.0455292636	0.0224933884	0.0086504753	-0.0366761804	0.0514815542	-0.0477298374	0.0267733776	0.0038338396	-0.0330591074	0.0503678575	-0.0495209612	0.0308236917	-0.0010156846	-0.0291584371	0.0488220806	-0.0508872699	0.0281699925	-0.020982007	-0.0143291213	-0.0306230957	0.0320822576	0.0492818776	0.0054971402	0.0270740256	-0.0204767038	-0.0075087807	0.807974068387489	0.177111816998618	0.448081059024295	0.592443852028073
1.3937	0.122989	-0.248872	-0.00188254	0.00127495	0.0117553	0.0142100000000001	0.013111	0.055511	-0.00071561	0.00018808	0.000243699999999999	0.1402015	-0.0430669878	0.0184436498	0.0127371473	-0.0393893764	0.0520370985	-0.0461835398	0.0239098759	0.0068647103	-0.0351986159	0.0510179984	-0.0486984311	0.0290646136	0.0009028426	-0.030549302	0.0493342563	-0.0505788988	0.0338407093	-0.0050707869	-0.0255020041	0.0470078072	-0.0518004449	0.0392443508	0.0305085888	0.0334740213	0.0082139425	-0.0076532739	-0.0244181969	0.0017029157	0.0330058127	-0.0080877012	-0.0391235821	0.121237166010347	0.129754811603442	0.448081059024295	0.592443852028073
1.40145	0.0861774	-0.258465	-0.00231146	0.00121044	0.0119624	0.00775000000000015	-0.0368116	-0.00959300000000002	-0.00042892	-6.451e-05	0.0002071	0.0891811000000001	-0.0431950583	0.0188654898	0.0120792627	-0.0387884217	0.051896421	-0.0468069407	0.025304607	0.0050707869	-0.0336681095	0.0504597097	-0.0495576132	0.03127814	-0.0020309873	-0.0279283311	0.0480945804	-0.0513964655	0.0366761804	-0.0090953929	-0.021674694	0.0448445497	-0.0522896643	0.0462757801	0.0134243512	-0.0046603118	0.0279102533	-0.0018992252	0.0075728803	-0.0285394655	0.0195190901	0.0424841395	0.0009502912	0.574390046254792	0.109932033622585	0.448081059024295	-1.68540061352814
1.39382	0.125184	-0.257849	-0.00231146	0.00174106	0.0117205	-0.00763000000000003	0.0390066	0.000616000000000005	0	0.00053062	-0.0002419	0.0858786	-0.0433223267	0.0192859283	0.0114193591	-0.0381759417	0.0517316498	-0.0473990497	0.0266763128	0.0032708371	-0.0320869629	0.0498077248	-0.0503054532	0.0334080384	-0.0049584444	-0.0252057321	0.0466540082	-0.0519697758	0.0393148935	-0.0130652981	-0.017702152	0.0423483678	-0.0523509242	0.0244809209	-0.0764628391	0.0213420126	0.0346446035	0.0222395289	0.0494587489	-0.0136885011	0.0109882445	0.0004707979	0.0582612225	0.524758223789571	-0.116316671337341	-2.22840312389761	0.592443852028073
1.41071	0.125056	-0.238159	-0.00200045	0.00149633	0.0117678	0.0168900000000001	-0.000127999999999989	0.01969	0.00031101	-0.00024473	4.73000000000001e-05	0.0668599999999999	-0.0434487905	0.0197049341	0.010757547	-0.0375521182	0.0515428613	-0.0479594708	0.028023745	0.0014670001	-0.0304575546	0.0490632542	-0.050940271	0.0354486142	-0.0078703433	-0.0223914121	0.045018557	-0.0522961052	0.0417426926	-0.0169566271	-0.0136109962	0.0395377932	-0.0519837232	0.0666532404	0.0183361911	0.0367594154	-0.0401887047	-0.0283720031	-0.0164741992	-0.0598906317	0.0039556676	-0.0384083486	-0.0080725929	-0.363164781224559	-0.158298154384608	-2.22840312389761	0.592443852028073
1.39786	0.096729	-0.279719	-0.00193232	0.00138621	0.0118978	-0.01285	-0.028327	-0.04156	6.813e-05	-0.00011012	0.00013	0.0981494999999998	-0.0435744473	0.0201224762	0.0100939368	-0.0369171367	0.0513301431	-0.0484878293	0.0293456776	-0.0003385804	-0.0287823352	0.0482276804	-0.0514606403	0.0373944116	-0.010757547	-0.0194956122	0.0431950583	-0.0523739028	0.0439465533	-0.0207459769	-0.0094286395	0.0364336915	-0.0511910666	0.0583299607	0.0224730793	-0.0335215632	0.010866978	-0.0027603083	0.0617676503	0.0056110908	0.0136399869	0.0026017197	0.0015856981	0.841276290959538	-0.267679913991989	-2.22840312389761	0.592443852028073
1.39408	0.180109	-0.258361	-0.00149005	0.00139065	0.0115529	-0.00378000000000012	0.08338	0.021358	0.00044227	4.44000000000009e-06	-0.0003449	0.1480985	-0.043699295	0.0205385235	0.0094286395	-0.0362711858	0.051093594	-0.0489837722	0.0306409077	-0.0021437585	-0.0270638244	0.047302555	-0.051865392	0.0392402281	-0.0136109962	-0.01652887	0.0411911291	-0.0522027989	0.0459146523	-0.024410558	-0.0051831058	0.0330591074	-0.0499794418	0.0455963519	-0.0465540549	0.0343830072	0.0040303504	-0.0414882458	0.039713907	-0.0218023533	0.034142463	-0.0144361575	0.0503438536	0.592393290016047	-0.558034868874234	-2.22840312389761	0.592443852028073
1.38947	0.0860384	-0.353644	-0.00140254	0.00125797	0.0105388	-0.00461	-0.0940706	-0.095283	8.75099999999998e-05	-0.00013268	-0.0010141	0.2556781	-0.043823331	0.0209530451	0.0087617663	-0.0356144575	0.0508333239	-0.0494469678	0.0319082567	-0.0039463888	-0.025304607	0.0462895956	-0.0521536168	0.0409811285	-0.0164217376	-0.0135019809	0.03901514	-0.0517836067	0.0476364314	-0.0279283311	-0.0009028426	0.0294390937	-0.0483587652	0.0170995246	0.0121029774	-0.0484282759	0.0140516453	-0.0685511156	-0.0045967186	-0.0063608421	-0.0177883947	-0.0397863098	-0.0270387191	-0.192105104756155	-0.580931068763882	-2.22840312389761	0.592443852028073
1.37381	0.152391	-0.330497	-0.00184065	0.00147943	0.0100696	-0.01566	0.0663526	0.023147	-0.00043811	0.00022146	-0.0004692	0.1615981	-0.0439465533	0.0213660101	0.0080934286	-0.0349471469	0.0505494535	-0.0498771065	0.0331465714	-0.0057443291	-0.0235073292	0.0451906832	-0.052324667	0.0426124582	-0.0191809517	-0.0104259597	0.0366761804	-0.0511183183	0.0491026536	-0.03127814	0.0033834701	0.0256005252	-0.0463423012	0.0017062939	-0.0266792597	0.0194572969	0.0451749534	-0.0411667673	-0.0042068716	0.0320351933	-0.0074134609	-0.0056552724	0.0339357432	0.154823534384058	-0.550978717329018	-2.22840312389761	0.592443852028073
1.39165	0.118168	-0.34976	-0.00184065	0.00127029	0.0103964	0.0178400000000001	-0.034223	-0.019263	0	-0.000209139999999999	0.0003268	0.0981230000000001	-0.0440689593	0.021777388	0.0074237382	-0.0342694522	0.0502421146	-0.0502739006	0.0343547251	-0.0075354425	-0.021674694	0.0440078585	-0.0523781585	0.0441298556	-0.0218799809	-0.0073119995	0.0341840202	-0.0502100954	0.0503054532	-0.0344398384	0.0076471118	0.0215718994	-0.0439465533	0.0288785946	-0.0298864427	-0.0291131136	-0.0611215367	-0.0498679989	0.013715001	-0.0494281782	-0.0359647815	-0.0693827884	0.0433526512	0.569907290702759	-0.432654331199872	0.448081059024295	-1.68540061352814
1.39359	0.180233	-0.336853	-0.00222406	0.00110602	0.0102322	0.00193999999999983	0.062065	0.012907	-0.00038341	-0.00016427	-0.0001642	0.112506	-0.044190547	0.0221871482	0.006752807	-0.0335815749	0.04991145	-0.050637085	0.0355316183	-0.0093176004	-0.0198094581	0.0427433176	-0.0523139709	0.0455292636	-0.0245103563	-0.0041714317	0.0315490697	-0.0490632542	0.0512383773	-0.0373944116	0.0118595137	0.0173831246	-0.0411911291	0.0088714166	-0.0033991076	-0.0266119322	0.0734921155	-0.03329309	-5.04519e-05	0.0303463165	-0.0383730254	-0.0226044904	-0.0369637336	0.918465515775173	-0.421452665767426	0.448081059024295	-1.68540061352814
1.38597	0.152386	-0.350264	-0.00189831	0.00118467	0.010143	-0.00761999999999974	-0.027847	-0.013411	0.00032575	7.865e-05	-8.91999999999993e-05	0.0735580000000002	-0.044311314	0.0225952602	0.0060807472	-0.0328837193	0.0495576132	-0.0509664168	0.0366761804	-0.0110886847	-0.0179144269	0.0413994086	-0.0521322486	0.0468069407	-0.0270638244	-0.0010156846	0.0287823352	-0.0476832451	0.051896421	-0.0401240904	0.0159924506	0.0130652981	-0.0380985803	-0.0218700167	-0.0474685268	0.0561259187	0.0028139991	-0.0098428403	-0.0065850963	-0.0373984746	0.043540309	0.0471109964	0.0214215823	0.744923537121885	-0.416942079614388	0.448081059024295	-1.68540061352814
1.37679	0.150907	-0.403276	-0.00141483	0.000437487	0.0101981	-0.00918000000000019	-0.00147900000000001	-0.0530120000000001	0.00048348	-0.000747183	5.51000000000006e-05	0.12795915	-0.044431258	0.0230016937	0.005407671	-0.0321760928	0.0491807684	-0.0512616758	0.0377873696	-0.0128465907	-0.0159924506	0.0399786271	-0.0518333998	0.0479594708	-0.0295323731	0.0021437585	0.0258953737	-0.0460766263	0.0522760543	-0.0426124582	0.0200182296	0.0086504753	-0.0346942175	-0.0039939353	0.0104350132	-0.0489836304	0.0195822689	0.012097919	0.0137672001	0.0323329987	-0.0271367247	0.0007474681	-0.038849869	0.325515968437556	-0.538123384144795	0.448081059024295	0.592443852028073
1.37374	0.188789	-0.366179	-0.00213408	0.000687487	0.0101081	-0.00305	0.037882	0.037097	-0.00071925	0.00025	-9.00000000000015e-05	0.1309915	-0.0445503769	0.0234064185	0.0047336909	-0.0314589057	0.0487810905	-0.0515226647	0.0388641751	-0.0145892291	-0.0140464202	0.0384836111	-0.0514180959	0.0489837722	-0.0319082567	0.0052954007	0.0229002443	-0.0442510332	0.0523752403	-0.0448445497	0.0239098759	0.0041714317	-0.0310059033	-0.0292625004	0.0155923551	0.041036926	0.0234381969	0.0498192346	-0.0376798034	0.0099621121	0.0155716632	0.0901282066	-0.0205341844	1.04695100495016	-0.789649623942846	0.448081059024295	0.592443852028073
1.36353	0.134705	-0.37681	-0.00212602	0.000687487	0.0101906	-0.0102100000000001	-0.054084	-0.010631	8.05999999999984e-06	0	8.2500000000001e-05	0.079453	-0.0446686685	0.0238094045	0.0040589197	-0.030732371	0.0483587652	-0.0517492091	0.0399056168	-0.016314529	-0.0120792627	0.0369171367	-0.0508872699	0.0498771065	-0.0341840202	0.0084277735	0.0198094581	-0.0422151417	0.0521934471	-0.0468069407	0.0276413132	-0.0003385804	-0.0270638244	-0.004343726	0.0024869426	0.0112350744	-0.0613644454	0.0591156117	0.0042325592	-0.0031330732	0.0171535072	0.0018438781	-0.0456384442	1.08830718550986	-0.001274000399363	0.448081059024295	0.592443852028073
1.39338	0.160496	-0.399237	-0.00217	0.000377187	0.0103887	0.0298499999999999	0.025791	-0.022427	-4.39799999999999e-05	-0.0003103	0.0001981	0.105687	-0.0447861304	0.0242106219	0.0033834701	-0.0299967047	0.0479139886	-0.0519411573	0.0409107473	-0.0180204398	-0.0100939368	0.0352821126	-0.0502421146	0.050637085	-0.036352523	0.0115294786	0.0166359256	-0.0399786271	0.0517316498	-0.0484878293	0.0311875391	-0.0048460789	-0.0229002443	0.0056403025	0.0360133171	-0.022190256	0.0020221036	0.0370212591	0.0266892314	0.03692526	-0.0081134818	-0.0088472291	-0.0290163089	0.892513997302848	0.481744330071848	0.448081059024295	0.592443852028073
1.39351	0.163136	-0.37713	-0.00187675	0.000669319	0.010709	0.000130000000000186	0.00264	0.022107	0.00029325	0.000292132	0.000320299999999999	0.0701610999999999	-0.0449027607	0.0246100408	0.0027074549	-0.0292521253	0.047446967	-0.0520983812	0.0418786518	-0.0197049341	-0.0080934286	0.0335815749	-0.0494840794	0.0512616758	-0.0384069609	0.0145892291	0.013392903	-0.0375521182	0.050992326	-0.0498771065	0.0345247919	-0.0093176004	-0.0185492395	-0.0139744856	-0.0087170779	0.0334084725	0.0088307057	0.029981161	-0.0130973178	-0.0016057502	-0.0321764198	0.0023793089	0.019944138	0.634428743561855	0.546552105470819	0.448081059024295	0.592443852028073
1.39623	0.123292	-0.373168	-0.00128513	0.000715426	0.0108677	0.00271999999999983	-0.039844	0.00396200000000002	0.000591619999999999	4.61070000000001e-05	0.000158700000000001	0.08634735	-0.045018557	0.0250076315	0.0020309873	-0.028498854	0.0469579174	-0.0522207755	0.0428084497	-0.0213660101	-0.0060807472	0.0318186811	-0.0486148674	0.0517492091	-0.0403408874	0.0175958911	0.0100939368	-0.0349471469	0.0499794418	-0.0509664168	0.0376307102	-0.0137199483	-0.0140464202	0.013267276	0.0072318858	-0.0126593314	-0.038141512	-0.012842748	-0.0187873997	-0.01044184	0.0098981974	-0.0327834948	-0.0164096504	0.664494659780526	-0.328868288806662	0.448081059024295	0.592443852028073
1.39357	0.164991	-0.353977	-0.00160335	0.000767244	0.0109223	-0.00265999999999989	0.041699	0.019191	-0.000318219999999999	5.18179999999999e-05	5.45999999999984e-05	0.0847819000000001	-0.0451335173	0.0254033645	0.0013541801	-0.0277371148	0.0464470668	-0.0523082586	0.043699295	-0.0230016937	-0.0040589197	0.0299967047	-0.0476364314	0.0520983812	-0.0421482344	0.0205385235	0.006752807	-0.0321760928	0.0486984311	-0.0517492091	0.0404844828	-0.0180204398	-0.0094286395	0.0054503178	0.0233839552	-0.0303049366	0.0239613699	0.0266377396	0.0283045816	0.0156324753	-0.0581716603	0.0208910369	-0.0151158555	0.481076174602139	-0.468993667107262	0.448081059024295	0.592443852028073
1.39366	0.147524	-0.336979	-0.00195271	0.000988793	0.0109254	9.00000000001455e-05	-0.017467	0.016998	-0.00034936	0.000221549	3.09999999999894e-06	0.06325545	-0.0452476394	0.0257972105	0.0006771467	-0.0269671338	0.0459146523	-0.0523607718	0.0445503769	-0.0246100408	-0.0020309873	0.0281190288	-0.0465509697	0.0523082586	-0.043823331	0.0234064185	0.0033834701	-0.0292521253	0.0471561663	-0.0522207755	0.0430669878	-0.0221871482	-0.0047336909	0.0003012474	-0.0298136544	0.0457200646	-0.0190635766	0.0271808836	0.0096396143	-0.0238957368	0.0089107017	-0.0274678597	0.0446844066	-0.020445069199449	-0.606669395679179	0.448081059024295	0.592443852028073
1.3936	0.124345	-0.334423	-0.00193575	0.00093664	0.0109141	-6.0000000000171e-05	-0.023179	0.00255599999999995	1.69600000000001e-05	-5.2153e-05	-1.12999999999971e-05	0.0298156499999999	-0.0453609212	0.02618914	0	-0.02618914	0.0453609212	-0.0523782801	0.0453609212	-0.02618914	0	0.02618914	-0.0453609212	0.0523782801	-0.0453609212	0.02618914	0	-0.02618914	0.0453609212	-0.0523782801	0.0453609212	-0.02618914	0	0.0162052233	0.0398999331	-0.023994269	0.0037783667	-0.0156052055	-0.0078086481	0.0055874866	-0.0367110807	-0.0379829581	-0.0419327939	0.143664886155287	-0.711812967023775	0.448081059024295	0.592443852028073
1.42656	0.143623	-0.345873	-0.00241982	0.000500755	0.011272	0.0329600000000001	0.019278	-0.01145	-0.00048407	-0.000435885	0.000357899999999998	0.12758075	-0.0454733605	0.0265791242	-0.0006771467	-0.0254033645	0.0447861304	-0.0523607718	0.0461301902	-0.0277371148	0.0020309873	0.0242106219	-0.0440689593	0.0523082586	-0.0467561802	0.0288765622	-0.0033834701	-0.0230016937	0.0433223267	-0.0522207755	0.0473509122	-0.0299967047	0.0047336909	-0.0066413502	-0.0340672777	-0.0070443171	0.0469413438	0.0336309324	0.0361596978	0.0143936537	-0.0381739361	0.0704609551	0.017221621	0.006457877609747	-0.636979536534004	0.448081059024295	0.592443852028073
1.43198	0.164189	-0.331014	-0.00202884	0.00114167	0.0111876	0.00541999999999998	0.020566	0.014859	0.00039098	0.000640915	-8.43999999999984e-05	0.09665975	-0.0455849554	0.0269671338	-0.0013541801	-0.0246100408	0.044190547	-0.0523082586	0.0468574839	-0.0292521253	0.0040589197	0.0221871482	-0.042677987	0.0520983812	-0.0480047303	0.0314589057	-0.006752807	-0.0197049341	0.0410513194	-0.0517492091	0.049023627	-0.0335815749	0.0094286395	-0.0059009495	-0.0204495445	0.0324291264	-0.0429303849	0.0108868231	-0.0356244579	0.0025335075	0.012166927	-0.0312590733	0.0288393469	-0.786112600250304	-0.346717659404884	0.448081059024295	0.592443852028073
1.42964	0.143575	-0.331992	-0.00242849	0.000929362	0.0113176	-0.00234000000000001	-0.020614	-0.000978000000000034	-0.00039965	-0.000212308	0.00013	0.0610299	-0.0456957037	0.0273531403	-0.0020309873	-0.0238094045	0.0435744473	-0.0522207755	0.0475421407	-0.030732371	0.0060807472	0.0201224762	-0.0411911291	0.0517492091	-0.0491026536	0.0339267737	-0.0100939368	-0.016314529	0.0385600826	-0.0509664168	0.0503678575	-0.0369171367	0.0140464202	0.0251427425	0.0404633324	-0.0137810768	-0.0004387849	0.0049708944	-0.0182388977	-0.0353862966	-0.0091583728	0.0147862464	-0.0503809083	0.223102738787021	-0.355001757126738	0.448081059024295	0.592443852028073
1.44578	0.175301	-0.33501	-0.00211956	0.000823387	0.011458	0.0161399999999998	0.031726	-0.00301799999999996	0.00030893	-0.000105975	0.000140399999999999	0.07864925	-0.0458056033	0.0277371148	-0.0027074549	-0.0230016937	0.0429381175	-0.0520983812	0.0481835374	-0.0321760928	0.0080934286	0.0180204398	-0.0396117264	0.0512616758	-0.0500465054	0.0362711858	-0.013392903	-0.0128465907	0.0358619813	-0.0498771065	0.0513745965	-0.0399786271	0.0185492395	-0.0035197534	-0.0233662157	-0.0018853875	0.0348763481	0.0522331214	0.0449372851	0.0071220839	-0.0305982858	0.0302621119	-0.0232875632	-2.52981750951036	0.204444625410701	0.448081059024295	0.592443852028073
1.44586	0.163277	-0.314484	-0.00183056	0.00101214	0.0115788	8.00000000003021e-05	-0.012024	0.0205259999999999	0.000289	0.000188753	0.000120800000000001	0.0625576499999999	-0.0459146523	0.0281190288	-0.0033834701	-0.0221871482	0.0422818529	-0.0519411573	0.0487810905	-0.0335815749	0.0100939368	0.015884942	-0.0379433273	0.050637085	-0.0508333239	0.0384836111	-0.0166359256	-0.0093176004	0.0329714899	-0.0484878293	0.0520370985	-0.0427433176	0.0229002443	0.0250015359	-0.0005270499	0.039667916	-0.0556214062	-0.0103715643	-0.0364525537	-0.0206982857	0.0390563497	-0.041995704	0.0357941191	-0.740069826473204	0.264385362478715	0.448081059024295	0.592443852028073
1.43889	0.114494	-0.313001	-0.00237283	0.000642227	0.0116185	-0.00697000000000014	-0.048783	0.00148300000000001	-0.00054227	-0.000369913	3.97000000000002e-05	0.10483015	-0.0460228486	0.028498854	-0.0040589197	-0.0213660101	0.0416059582	-0.0517492091	0.0493342563	-0.0349471469	0.0120792627	0.0137199483	-0.0361896802	0.0498771065	-0.0514606403	0.0405559987	-0.0198094581	-0.0057443291	0.0299041152	-0.0468069407	0.0523509242	-0.0451906832	0.0270638244	0.0084522879	0.0552142072	-0.0375553887	0.0251078379	0.017196387	-0.0019049214	0.0047084939	-0.0445536972	0.0114605598	-0.0302450437	-1.77288209404248	0.184150431347268	0.448081059024295	0.592443852028073
1.42795	0.212625	-0.243195	-0.002694	0.000766311	0.0113958	-0.0109399999999999	0.098131	0.069806	-0.00032117	0.000124084	-0.000222700000000001	0.2122747	-0.0461301902	0.0288765622	-0.0047336909	-0.0205385235	0.0409107473	-0.0515226647	0.0498425313	-0.0362711858	0.0140464202	0.0115294786	-0.0343547251	0.0489837722	-0.0519264863	0.0424808075	-0.0229002443	-0.0021437585	0.0266763128	-0.0448445497	0.0523139709	-0.047302555	0.0310059033	0.0368796914	-0.0404362946	0.0419960805	0.0051315803	0.038826204	0.0360232998	-0.0260663952	0.0374161714	0.0457806747	0.05601405	-0.436639475889122	0.263255732775485	0.448081059024295	0.592443852028073
1.41063	0.151543	-0.277179	-0.00185188	0.000265682	0.0111169	-0.0173200000000002	-0.061082	-0.033984	0.00084212	-0.000500629	-0.0002789	0.19346845	-0.046236675	0.0292521253	-0.005407671	-0.0197049341	0.0401965428	-0.0512616758	0.0503054532	-0.0375521182	0.0159924506	0.0093176004	-0.0324425845	0.0479594708	-0.0522294002	0.0442510332	-0.0258953737	0.0014670001	0.0233053991	-0.0426124582	0.0519264863	-0.0490632542	0.0346942175	0.0388329805	0.0378249754	-0.0258908509	0.0071489672	-0.0188777937	0.0044353517	-0.0224701973	-0.0083594739	-0.0034949467	-0.0127272706	0.074166280780127	0.308964428466293	0.448081059024295	0.592443852028073
1.42778	0.09697	-0.295311	-0.00231116	2.36482e-05	0.011363	0.01715	-0.054573	-0.018132	-0.00045928	-0.0002420338	0.000246100000000001	0.13722569	-0.0463423012	0.0296255153	-0.0060807472	-0.0188654898	0.0394636764	-0.0509664168	0.0507226006	-0.0387884217	0.0179144269	0.0070884207	-0.0304575546	0.0468069407	-0.0523684314	0.0458602343	-0.0287823352	0.0050707869	0.0198094581	-0.0401240904	0.0511910666	-0.0504597097	0.0380985803	-0.0118783181	-0.0258486751	0.0362485115	0.0278250419	-0.0442438288	-0.0271692714	-0.0262595001	0.0016711256	0.0423193474	0.0347945717	0.640752172751545	0.289168897278446	0.448081059024295	0.592443852028073
1.4663	0.11735	-0.306116	-0.00220093	0.000141576	0.011854	0.0385200000000001	0.02038	-0.010805	0.00011023	0.0001179278	0.000491000000000005	0.10566289	-0.0464470668	0.0299967047	-0.006752807	-0.0180204398	0.0387124883	-0.050637085	0.051093594	-0.0399786271	0.0198094581	0.0048460789	-0.0284040951	0.0455292636	-0.0523431439	0.047302555	-0.0315490697	0.0086504753	0.0162072446	-0.0373944116	0.0501126395	-0.0514815542	0.0411911291	0.0186021536	0.001990206	-0.0529886483	-0.0235161694	-0.024675603	0.0310973212	-0.0035589679	0.041054059	0.0154728443	-0.0326981659	0.860417233318224	0.257104848697029	0.448081059024295	0.592443852028073
1.45146	0.156198	-0.293615	-0.00253689	0.0005391	0.0120871	-0.01484	0.038848	0.012501	-0.00033596	0.000397524	0.0002331	0.1145182	-0.0465509697	0.0303656657	-0.0074237382	-0.0171700353	0.0379433273	-0.0502739006	0.0514180959	-0.0411213197	0.021674694	0.0025947387	-0.0262868196	0.0441298556	-0.0521536168	0.0485727468	-0.0341840202	0.0121890533	0.0125180835	-0.0344398384	0.0486984311	-0.0521212014	0.0439465533	-0.0123928511	-0.0058551801	0.0262064046	0.0270675231	0.0250350114	0.0032614764	0.0438767228	0.026181201	0.0366083256	0.0087161188	0.863399230573352	0.215762660732649	0.448081059024295	0.592443852028073
1.43257	0.127447	-0.293399	-0.00187749	0.000610239	0.0118663	-0.0188899999999999	-0.028751	0.000216000000000049	0.0006594	7.1139e-05	-0.000220800000000005	0.0954239500000001	-0.0466540082	0.030732371	-0.0080934286	-0.016314529	0.0371565505	-0.0498771065	0.0516958108	-0.0422151417	0.0235073292	0.0003385804	-0.024110485	0.0426124582	-0.0518004449	0.0496661877	-0.0366761804	0.015669704	0.0087617663	-0.03127814	0.0469579174	-0.0523739028	0.0463423012	0.0215607516	-0.007156546	0.0252640252	-0.047001398	-0.0317695982	-0.026639493	-0.0531428181	0.0059388252	-0.0037448702	0.0197780675	0.843332513865777	0.231205540408175	0.448081059024295	0.592443852028073
1.429	0.144139	-0.324625	-0.00183288	0.000497639	0.0116716	-0.00357000000000007	0.016692	-0.031226	4.461e-05	-0.0001126	-0.000194699999999999	0.0690834999999998	-0.0467561802	0.0310967934	-0.0087617663	-0.015454175	0.036352523	-0.0494469678	0.0519264863	-0.0432587929	0.025304607	-0.0019182066	-0.0218799809	0.0409811285	-0.0512847364	0.0505788988	-0.03901514	0.0190758861	0.0049584444	-0.0279283311	0.0449027607	-0.0522377823	0.0483587652	-0.0131889058	0.0293331642	-0.0339348569	0.0293993763	0.0034765235	0.0145941638	0.0280174755	-0.0230902803	0.0105347743	0.0141594295	-1.07059859610099	0.237685929486392	0.448081059024295	0.592443852028073
1.42496	0.170108	-0.306632	-0.00166796	0.000990807	0.0118745	-0.00404000000000004	0.025969	0.017993	0.00016492	0.000493168	0.000202899999999999	0.0910514	-0.0468574839	0.0314589057	-0.0094286395	-0.0145892291	0.0355316183	-0.0489837722	0.0521099123	-0.0442510332	0.0270638244	-0.0041714317	-0.0196003187	0.0392402281	-0.0506081094	0.0513075588	-0.0411911291	0.0223914121	0.0011285219	-0.024410558	0.0425467316	-0.0517138504	0.0499794418	-0.0243432564	-0.0339087218	0.0481722153	-0.0119748242	0.0315437084	0.0131364825	-0.0068331771	0.01225136	0.0361428192	0.0242941594	0.206709003923895	0.241866630608711	0.448081059024295	0.592443852028073
1.41472	0.125856	-0.320786	-0.0011528	0.000990807	0.0117423	-0.01024	-0.044252	-0.014154	0.00051516	0	-0.000132200000000001	0.101014	-0.0469579174	0.0318186811	-0.0100939368	-0.0137199483	0.0346942175	-0.0484878293	0.0522459219	-0.0451906832	0.0287823352	-0.0064169112	-0.01727662	0.0373944116	-0.049772687	0.0518495163	-0.0431950583	0.0256005252	-0.0027074549	-0.0207459769	0.0399056168	-0.0508059967	0.0511910666	-0.0095973104	0.036276989	-0.0456438187	-0.0212706561	0.0185243562	0.0077943208	0.0263499446	0.0051963178	-0.0710855323	-0.0171893959	-2.36376036069831	0.217270691022961	0.448081059024295	-1.68540061352814
1.40766	0.167527	-0.293595	-0.00102995	0.00129378	0.011984	-0.00705999999999984	0.041671	0.027191	0.00012285	0.000302973	0.000241700000000001	0.10929815	-0.0470574788	0.0321760928	-0.010757547	-0.0128465907	0.0338407093	-0.0479594708	0.0523343914	-0.0460766263	0.0304575546	-0.0086504753	-0.0149141057	0.0354486142	-0.0487810905	0.0522027989	-0.045018557	0.0286879745	-0.0065289069	-0.0169566271	0.0369971132	-0.0495209612	0.0519837232	-0.0198279542	0.0236760651	0.0382444221	0.0090413998	-0.0048469335	-0.0269811917	-0.0026254246	-0.0031519321	0.0596206254	-0.0097818334	0.0782667361417	-0.001514724719605	0.448081059024295	-1.68540061352814
1.40541	0.110248	-0.349779	-0.000544256	0.00103843	0.0115564	-0.00225000000000009	-0.057279	-0.056184	0.000485694	-0.00025535	-0.0004276	0.1741452	-0.0471561663	0.0325311144	-0.0114193591	-0.011969416	0.0329714899	-0.0473990497	0.0523752403	-0.0469078096	0.0320869629	-0.0108679768	-0.0125180835	0.0334080384	-0.0476364314	0.0523661213	-0.0466540082	0.0316390872	-0.0103153331	-0.0130652981	0.0338407093	-0.0478682839	0.0523509242	-0.0254302326	-0.0176870873	-0.0297387615	-0.0636659559	-0.0010385316	-0.0067077294	0.0012950192	-0.0244759007	-0.0356215404	0.0410191204	0.507357848745876	-0.889613573062146	0.448081059024295	-1.68540061352814
1.40763	0.17902	-0.306263	-0.000830118	0.00146521	0.0117167	0.00221999999999989	0.068772	0.043516	-0.000285862	0.00042678	0.0001603	0.1581551	-0.0472539781	0.0328837193	-0.0120792627	-0.0110886847	0.0320869629	-0.0468069407	0.0523684314	-0.0476832451	0.0336681095	-0.0130652981	-0.0100939368	0.03127814	-0.0463423012	0.0523388891	-0.0480945804	0.0344398384	-0.0140464202	-0.0090953929	0.0304575546	-0.0458602343	0.0522896643	-0.0341742914	0.0258383219	-0.0177638068	0.0225653711	-0.0102330857	-0.0314845648	0.0311265718	-0.0237137258	-0.0160849024	-0.0188719167	0.945538001983203	-1.10393524503419	0.448081059024295	0.592443852028073
1.40756	0.135456	-0.324563	-0.000572775	0.00116549	0.0116817	-6.99999999997925e-05	-0.043564	-0.0183	0.000257343	-0.00029972	-3.49999999999986e-05	0.09153715	-0.0473509122	0.0332338815	-0.0127371473	-0.0102046586	0.0311875391	-0.0461835398	0.0523139709	-0.0484020114	0.0351986159	-0.015238359	-0.0076471118	0.0290646136	-0.0449027607	0.0521212014	-0.0493342563	0.0370769179	-0.017702152	-0.0050707869	0.0268703181	-0.0435117199	0.0518004449	-0.0391913389	-0.02761535	0.0364456954	-0.0317013288	-0.0075969067	-0.031065623	-0.0378237569	0.0088674583	0.0081870038	0.0390866227	0.506044476100312	-1.15372985590042	0.448081059024295	-1.68540061352814
1.40753	0.157995	-0.325937	-0.000707086	0.0011811	0.0116084	-3.00000000001965e-05	0.022539	-0.00137399999999999	-0.000134311	1.56100000000001e-05	-7.33000000000018e-05	0.03510405	-0.047446967	0.0335815749	-0.013392903	-0.0093176004	0.0302736359	-0.0455292636	0.0522119084	-0.0490632542	0.0366761804	-0.0173831246	-0.0051831058	0.0267733776	-0.0433223267	0.0517138504	-0.0503678575	0.0395377932	-0.0212629165	-0.0010156846	0.0231030362	-0.0408401761	0.0508872699	-0.0102362589	0.0192603954	-0.0693572623	0.0137173046	-0.0333645952	0.0295127176	0.0566396591	-0.0243249301	-0.0328161473	-0.0408178116	0.729194017469318	-1.06338308825477	0.448081059024295	0.592443852028073
1.41864	0.176929	-0.292025	-0.000775119	0.00103995	0.0115664	0.01111	0.018934	0.033912	-6.80329999999998e-05	-0.00014115	-4.19999999999986e-05	0.07651515	-0.0475421407	0.0339267737	-0.0140464202	-0.0084277735	0.0293456776	-0.0448445497	0.0520623368	-0.0496661877	0.0380985803	-0.0194956122	-0.0027074549	0.024410558	-0.0416059582	0.0511183183	-0.0511910666	0.0418107693	-0.024709611	0.0030455261	0.0191809517	-0.0378654364	0.0495576132	-0.0261175733	-0.021488651	0.0377735338	0.0017449427	-0.0412084181	-0.0211204054	0.012406464	0.0172828157	-0.0149403391	0.0443346287	0.213963784416385	-1.05769652029484	0.448081059024295	0.592443852028073
1.42853	0.124498	-0.311179	-0.0014155	0.000458334	0.0114817	0.00988999999999995	-0.052431	-0.019154	-0.000640381000000001	-0.000581616	-8.47000000000001e-05	0.14680985	-0.0476364314	0.0342694522	-0.0146975897	-0.0075354425	0.0284040951	-0.0441298556	0.051865392	-0.0502100954	0.0394636764	-0.0215718994	-0.0002257211	0.0219824722	-0.0397590408	0.0503367722	-0.0518004449	0.043885044	-0.028023745	0.0070884207	0.0151303447	-0.034609585	0.0478223571	-0.0094546373	0.009274183	-0.0474719468	-0.0138762044	-0.070165943	-0.0208458486	-0.0097000503	-0.0256144277	-0.0364960048	0.0025045345	0.772948288209871	-0.371363859057713	0.448081059024295	0.592443852028073
1.42775	0.171162	-0.308849	-0.00148812	0.000574244	0.0115699	-0.000779999999999781	0.046664	0.00233	-7.26199999999989e-05	0.00011591	8.81999999999983e-05	0.0636105	-0.0477298374	0.034609585	-0.0153463027	-0.0066408724	0.0274493255	-0.0433856593	0.0516212534	-0.0506943307	0.0407694154	-0.0236081307	0.0022565198	0.0194956122	-0.0377873696	0.0493720561	-0.0521934471	0.0457507597	-0.0311875391	0.0110886847	0.0109783563	-0.0310967934	0.0456957037	-0.0514147515	-0.0624321274	-0.0113752251	0.0620964759	-0.0189364417	0.0235400877	0.0387988977	-0.0643554418	0.0112480937	0.046605751	0.670996830342999	-0.517054181144058	0.448081059024295	0.592443852028073
1.4338	0.14316	-0.280014	-0.00127532	0.000373654	0.0117443	0.00604999999999989	-0.0280019999999999	0.028835	0.0002128	-0.00020059	0.0001744	0.0922764999999999	-0.0478223571	0.0349471469	-0.0159924506	-0.0057443291	0.0264818121	-0.0426124582	0.0513301431	-0.0511183183	0.0420138333	-0.0256005252	0.0047336909	0.0169566271	-0.0356971313	0.0482276804	-0.0523684314	0.0473990497	-0.0341840202	0.0150222601	0.006752807	-0.0273531403	0.0431950583	-0.0180481283	-0.0017932387	0.0172279345	-0.0417262486	-0.0487948182	-0.0587968483	0.0037829888	0.0342081018	0.0113835679	0.0077384902	1.09900127347801	-0.139711477033078	0.448081059024295	0.592443852028073
1.42542	0.144678	-0.306209	-0.000602189	-3.14286e-05	0.0114774	-0.00837999999999983	0.00151799999999996	-0.026195	0.000673131	-0.0004050826	-0.000266899999999999	0.10334868	-0.0479139886	0.0352821126	-0.0166359256	-0.0048460789	0.0255020041	-0.0418107693	0.050992326	-0.0514815542	0.0431950583	-0.0275453833	0.0072002268	0.0143723053	-0.0334948844	0.0469078096	-0.052324667	0.0488220806	-0.0369971132	0.0188654898	0.0024820104	-0.0234064185	0.0403408874	-0.0061908531	-0.0286403454	-0.0443118889	0.0135771348	-0.0057922734	0.0513565954	0.0012192306	0.0279758902	0.048592699	0.0088246402	1.44632420325959	0.325265530888761	0.448081059024295	0.592443852028073
1.44309	0.161277	-0.262329	-0.000982692	0.000418295	0.0116722	0.0176699999999999	0.016599	0.04388	-0.000380503	0.0004497236	0.0001948	0.12940033	-0.0480047303	0.0356144575	-0.01727662	-0.0039463888	0.0245103563	-0.0409811285	0.0506081094	-0.0517836067	0.044311314	-0.0294390937	0.0096505858	0.0117495564	-0.0311875391	0.0454172463	-0.0520623368	0.0500130897	-0.0396117264	0.0225952602	-0.001805417	-0.0192859283	0.0371565505	-0.0104235377	-0.0004972097	0.0130875175	-0.0278946263	-0.0588425446	-0.0317465186	0.0161021667	0.0569957533	-0.0615456078	0.023786715	0.73955432474602	0.25575696578742	0.448081059024295	0.592443852028073
1.43435	0.139801	-0.283971	-0.000982692	0.000277447	0.0114173	-0.00873999999999997	-0.021476	-0.0216420000000001	0	-0.000140848	-0.000254900000000002	0.0716454	-0.0480945804	0.0359441567	-0.0179144269	-0.0030455261	0.0235073292	-0.0401240904	0.050177843	-0.0520241169	0.0453609212	-0.03127814	0.0120792627	0.0090953929	-0.0287823352	0.0437614146	-0.0515825363	0.0509664168	-0.0420138333	0.02618914	-0.0060807472	-0.0150222601	0.0336681095	-0.0204452125	0.013973054	0.0015516266	0.0027724402	-0.0537981215	-0.0329754582	-0.0218261845	0.0272330505	0.0181382217	0.0034881413	0.769910521415653	0.057471097014614	0.448081059024295	0.592443852028073
1.45978	0.160388	-0.288883	-0.000805339	0.000243308	0.0118228	0.0254299999999998	0.020587	-0.00491199999999997	0.000177353	-3.4139e-05	0.000405500000000001	0.0817786000000001	-0.0481835374	0.0362711858	-0.0185492395	-0.0021437585	0.0224933884	-0.0392402281	0.0497019183	-0.0522027989	0.0463423012	-0.0330591074	0.0144808008	0.0064169112	-0.0262868196	0.0419463399	-0.0508872699	0.0516775313	-0.044190547	0.0296255153	-0.0103153331	-0.0106470671	0.0299041152	-0.0106194418	-0.0416991021	-0.0522578721	-0.0112267652	-0.0274526724	0.039295286	0.0586787697	0.0102346072	-0.0661894567	0.0277200706	0.968343839603171	0.354192849332379	0.448081059024295	0.592443852028073
1.45995	0.175919	-0.250451	-0.00111914	0.000928853	0.0119177	0.000170000000000225	0.015531	0.038432	-0.000313801	0.000685545	9.49000000000002e-05	0.1088453	-0.0482715996	0.0365955205	-0.0191809517	-0.0012413539	0.0214690046	-0.0383301323	0.0491807684	-0.0523194405	0.0472539781	-0.0347786889	0.0168498047	0.0037212726	-0.0237088227	0.0399786271	-0.0499794418	0.0521430537	-0.0461301902	0.0328837193	-0.0144808008	-0.0061928308	0.0258953737	-0.0298224821	0.0158581999	0.0336132394	0.0244501134	-0.0440903733	-0.0435378193	0.0239861621	0.0099986162	0.0054027113	-0.0166017718	1.04875263991046	-0.415348009277376	0.448081059024295	0.592443852028073
1.45987	0.146968	-0.281964	-0.00107287	0.000507934	0.0119176	-8.000000000008e-05	-0.028951	-0.031513	4.62699999999999e-05	-0.000420919	-9.99999999994061e-08	0.0839084500000001	-0.0483587652	0.0369171367	-0.0198094581	-0.0003385804	0.0204346535	-0.0373944116	0.0486148674	-0.0523739028	0.0480945804	-0.0364336915	0.0191809517	0.0010156846	-0.0210564335	0.0378654364	-0.048862844	0.0523607718	-0.0478223571	0.0359441567	-0.0185492395	-0.0016926191	0.021674694	-0.0193711183	-0.0408156217	-0.0074738137	-0.0396219192	0.0062235499	0.0090115713	-0.0221837833	0.0502205467	-0.0049228451	-0.0082050381	0.644901705307517	-0.476304946535169	0.448081059024295	0.592443852028073
1.46	0.176905	-0.270991	-0.00116602	0.00103569	0.0118986	0.000129999999999963	0.029937	0.010973	-9.315e-05	0.000527756	-1.89999999999999e-05	0.0730353	-0.0484450328	0.0372360105	-0.0204346535	0.0005642937	0.0193908153	-0.0364336915	0.0480047303	-0.0523661213	0.048862844	-0.0380210421	0.0214690046	-0.0016926191	-0.0183379745	0.0356144575	-0.0475421407	0.0523296507	-0.0492579697	0.0387884217	-0.0224933884	0.0028201586	0.01727662	-0.024050062	0.0210016973	-0.0321874597	0.0480693118	0.0111216126	0.0098914172	0.0526431139	-0.0545294775	-0.0118800749	-0.0472145419	0.54449450597804	-0.24607080113778	0.448081059024295	0.592443852028073
1.46004	0.188345	-0.233699	-0.00139618	0.00122727	0.0119391	4.000000000004e-05	0.01144	0.037292	-0.00023016	0.00019158	4.05000000000006e-05	0.071884	-0.0485304007	0.0375521182	-0.0210564335	0.0014670001	0.0183379745	-0.0354486142	0.0473509122	-0.0522961052	0.0495576132	-0.0395377932	0.0237088227	-0.0043963972	-0.0155619757	0.0332338815	-0.0460228486	0.0520498384	-0.0504293264	0.0413994086	-0.0262868196	0.0073119995	0.0127371473	-0.022371868	-0.0223538188	0.0535971214	0.0082561501	0.0238479749	-0.0246231964	0.005017422	0.0206005775	0.01221882	0.0061351704	1.17461445111897	0.00910900571391	0.448081059024295	0.592443852028073
1.46007	0.143323	-0.231375	-0.00124109	0.00126359	0.0118556	2.99999999999745e-05	-0.045022	0.00232399999999999	0.00015509	3.63200000000001e-05	-8.3500000000002e-05	0.0611214999999999	-0.0486148674	0.0378654364	-0.021674694	0.0023692706	0.01727662	-0.0344398384	0.0466540082	-0.0521639377	0.050177843	-0.0409811285	0.0258953737	-0.0070884207	-0.0127371473	0.030732371	-0.044311314	0.0515226647	-0.0513301431	0.0437614146	-0.0299041152	0.0117495564	0.0080934286	0.0014749115	0.0391131951	-0.017751267	-0.0192202045	0.0208883768	-0.0246155504	-0.0113633428	-0.0149597674	-0.0079893246	-0.0433470357	0.879024461187821	0.514407660237588	0.448081059024295	0.592443852028073
1.46006	0.179532	-0.241862	-0.00148375	0.0012461	0.0120019	-9.99999999984347e-06	0.036209	-0.010487	-0.00024266	-1.74900000000002e-05	0.0001463	0.0670285	-0.0486984311	0.0381759417	-0.0222893319	0.0032708371	0.0162072446	-0.0334080384	0.0459146523	-0.0519697758	0.0507226006	-0.0423483678	0.028023745	-0.0097614921	-0.009872353	0.0281190288	-0.0424146861	0.050750635	-0.0519555872	0.0458602343	-0.0333210373	0.016099885	0.0033834701	-0.0096269507	-0.0212197856	-0.0023053424	0.017085494	0.0665625052	0.018481111	0.0169516448	-0.0198668719	0.0070976229	0.0036662691	0.753304304608596	0.500587958935857	0.448081059024295	0.592443852028073
1.45748	0.179521	-0.230865	-0.00144044	0.00166727	0.0120019	-0.00258000000000025	-1.09999999999832e-05	0.010997	4.331e-05	0.00042117	0	0.0368119999999998	-0.0487810905	0.0384836111	-0.0229002443	0.0041714317	0.0151303447	-0.032353904	0.0451335173	-0.0517138504	0.0511910666	-0.0436369724	0.0300891549	-0.0124084642	-0.0069765817	0.0254033645	-0.0403408874	0.0497374181	-0.0523023033	0.0476832451	-0.0365146908	0.0203306886	-0.0013541801	0.0023172118	0.0517490598	0.0457441031	-0.0371988964	0.0087683967	-0.0740236871	-0.0184698793	0.0357100333	-0.0297009554	0.018973331	1.33852642460994	0.670365208698169	0.448081059024295	0.592443852028073
1.48401	0.13948	-0.270381	-0.00111304	0.00152216	0.0119427	0.0265300000000002	-0.040041	-0.039516	0.0003274	-0.00014511	-5.91999999999988e-05	0.1326725	-0.048862844	0.0387884217	-0.0235073292	0.0050707869	0.0140464202	-0.03127814	0.044311314	-0.0513964655	0.0515825363	-0.0448445497	0.0320869629	-0.0150222601	-0.0040589197	0.0225952602	-0.0380985803	0.0484878293	-0.0523684314	0.0492194833	-0.0394636764	0.024410558	-0.0060807472	0.0003765471	-0.0039158966	-0.056042556	-0.0122764931	-0.0109044133	0.0309391125	-0.015154205	0.013739033	-0.0431485438	0.0032671109	1.05462461468122	-0.078516646880242	0.448081059024295	0.592443852028073
1.48999	0.16723	-0.245668	-0.000738786	0.00158691	0.0118447	0.00597999999999987	0.02775	0.024713	0.000374254	6.47499999999999e-05	-9.80000000000009e-05	0.0852931999999999	-0.04894369	0.039090351	-0.024110485	0.0059686353	0.0129559745	-0.0301814655	0.0434487905	-0.0510179984	0.051896421	-0.0459688572	0.0340126806	-0.0175958911	-0.0011285219	0.0197049341	-0.0356971313	0.0470078072	-0.0521536168	0.0504597097	-0.0421482344	0.0283092043	-0.010757547	-0.0357863716	-0.0169461469	0.0039142394	0.0436332072	0.0094113939	-0.0125240587	0.0455498252	-0.0368079159	0.0286316474	-0.010124165	1.12734279554803	-0.453703851709824	0.448081059024295	0.592443852028073
1.49906	0.124069	-0.212579	-0.00085931	0.00169177	0.0116466	0.00907000000000013	-0.043161	0.033089	-0.000120524	0.00010486	-0.0001981	0.1064942	-0.049023627	0.0393893764	-0.024709611	0.0068647103	0.0118595137	-0.0290646136	0.0425467316	-0.0505788988	0.0521322486	-0.0470078072	0.0358619813	-0.0201224762	0.001805417	0.016742904	-0.0331465714	0.0453043854	-0.0516590118	0.0513964655	-0.0445503769	0.0319976841	-0.0153463027	0.0149144061	0.0261459572	-0.0001709157	-0.0406112502	-0.0290175518	-0.027767014	-0.0544416257	-0.0505498094	-0.0231762042	0.0083887585	0.629734900304366	-0.489255649331576	-2.22840312389761	0.592443852028073
1.49889	0.143082	-0.244251	-0.000544456	0.00119902	0.0114089	-0.000170000000000003	0.019013	-0.031672	0.000314854	-0.00049275	-0.0002377	0.1031202	-0.0491026536	0.0396854757	-0.025304607	0.0077587455	0.010757547	-0.0279283311	0.0416059582	-0.0500796887	0.0522896643	-0.0479594708	0.0376307102	-0.0225952602	0.0047336909	0.0137199483	-0.0304575546	0.0433856593	-0.0508872699	0.0520241169	-0.0466540082	0.0354486142	-0.0198094581	-0.0018327518	-0.0212989366	-0.0209296247	0.0525303191	0.0207525476	0.0303908667	0.0052702316	-0.0515979388	0.0023330903	-0.0141183487	0.893591743645757	-0.302483573329591	0.448081059024295	0.592443852028073
1.47174	0.158134	-0.219452	-0.00105515	0.00123671	0.0115422	-0.02715	0.015052	0.024799	-0.000510694	3.76899999999999e-05	0.000133300000000001	0.1010852	-0.0491807684	0.0399786271	-0.0258953737	0.0086504753	0.0096505858	-0.0267733776	0.0406273263	-0.0495209612	0.0523684314	-0.0488220806	0.0393148935	-0.0250076315	0.0076471118	0.0106470671	-0.0276413132	0.0412607473	-0.0498425313	0.0523388891	-0.0484450328	0.0386363752	-0.024110485	-0.0010528094	0.01227758	0.0495415021	-0.0148139343	-0.0195068392	-0.0230802338	-0.0125518623	0.0778379645	0.013128755	0.0136802236	1.20205083356956	0.579928780983952	0.448081059024295	0.592443852028073
1.45772	0.139292	-0.250837	-0.000558468	0.001177	0.0111414	-0.0140199999999999	-0.0188419999999999	-0.031385	0.000496682	-5.97099999999995e-05	-0.0004008	0.1121066	-0.0492579697	0.0402688086	-0.0264818121	0.0095396348	0.0085391442	-0.0256005252	0.0396117264	-0.0489033805	0.0523684314	-0.049594035	0.0409107473	-0.0273531403	0.0105365379	0.0075354425	-0.024709611	0.0389397479	-0.0485304007	0.0523388891	-0.04991145	0.0415373011	-0.028214182	0.0151214757	0.0141366803	-0.049528242	-0.0049733103	0.0071802698	0.0477077904	-0.0076039407	0.0348880542	-0.0229589089	-0.030297272	0.56560801693433	0.512151412544053	0.448081059024295	0.592443852028073
1.45057	0.169243	-0.241089	-0.000789973	0.00166881	0.0113153	-0.00714999999999999	0.0299509999999999	0.00974799999999998	-0.000231505	0.000491809999999999	0.000173899999999998	0.09170975	-0.0493342563	0.0405559987	-0.0270638244	0.0104259597	0.0074237382	-0.024410558	0.0385600826	-0.0482276804	0.0522896643	-0.0502739006	0.0424146861	-0.0296255153	0.013392903	0.0043963972	-0.021674694	0.0364336915	-0.0469579174	0.0520241169	-0.051043434	0.0441298556	-0.0320869629	-0.013727092	-0.0168718377	0.0174821438	0.0121825738	0.026131641	-0.0154745575	0.0387894426	0.0303430771	0.0181756723	0.0030887716	0.740165280046748	0.047371014222418	0.448081059024295	0.592443852028073
1.34023	0.117972	-0.228865	-0.000457846	0.00218179	0.0103234	-0.11034	-0.051271	0.012224	0.000332127	0.00051298	-0.000991899999999997	0.26568535	-0.0494096266	0.0408401761	-0.0276413132	0.0113091867	0.0063048856	-0.0232042715	0.0374733519	-0.0474946641	0.0521322486	-0.050860415	0.043823331	-0.0318186811	0.0162072446	0.0012413539	-0.0185492395	0.0337544877	-0.0451335173	0.0513964655	-0.0518333998	0.0463947917	-0.0356971313	0.0334260275	0.0237417907	-0.0057228985	-0.0321627233	-0.0222672943	-0.011633744	-0.0369508278	-0.0345218886	-0.024053579	-0.0065655932	-0.186754575175885	-0.411950415772588	0.448081059024295	0.592443852028073
1.37388	0.185053	-0.241045	-0.00015861	0.0017304	0.0109539	0.0336500000000002	0.067081	-0.01218	0.000299236	-0.00045139	0.000630499999999999	0.1819673	-0.0494840794	0.0411213197	-0.028214182	0.0121890533	0.0051831058	-0.0219824722	0.036352523	-0.0467052026	0.051896421	-0.051352489	0.0451335173	-0.0339267737	0.018970732	-0.0019182066	-0.0153463027	0.0309148693	-0.0430669878	0.0504597097	-0.0522760543	0.0483152946	-0.03901514	0.0044845055	-0.0340622322	-0.0081794007	0.0534611238	0.0424935181	0.0262849471	0.0172021061	-0.0557046474	0.0207948308	0.017801736	0.01371182155915	-0.372962038398403	0.448081059024295	0.592443852028073
1.40213	0.160101	-0.241436	-2.45684e-06	0.00139599	0.011514	0.0282499999999997	-0.024952	-0.00039100000000003	0.00015615316	-0.00033441	0.000560100000000001	0.106126158	-0.0495576132	0.0413994086	-0.0287823352	0.0130652981	0.0040589197	-0.0207459769	0.0351986159	-0.0458602343	0.0515825363	-0.0517492091	0.0463423012	-0.0359441567	0.021674694	-0.0050707869	-0.0120792627	0.0279283311	-0.0407694154	0.0492194833	-0.0523684314	0.0498771065	-0.0420138333	0.0150759601	0.0140274838	0.0527697113	-0.0294743528	-0.0263979809	-0.0495206532	-0.0452625847	0.0158777112	-0.0327801273	0.0461757413	-0.341855798033759	-0.244521420106862	-2.22840312389761	-1.68540061352814
1.40212	0.123355	-0.244175	5.6988e-05	0.00131395	0.0115637	-9.99999999984347e-06	-0.036746	-0.00273899999999999	5.944484e-05	-8.204e-05	4.9699999999998e-05	0.049054242	-0.0496302266	0.0416744222	-0.0293456776	0.0139376608	0.0029328492	-0.0194956122	0.0340126806	-0.0449607632	0.0511910666	-0.0520498384	0.047446967	-0.0378654364	0.0243106464	-0.0082049152	-0.0087617663	0.0248090665	-0.0382531258	0.0476832451	-0.0521099123	0.0510686325	-0.0446686685	0.0262251759	-0.0034965373	-0.0295726376	-0.0034607793	0.0083854557	0.053675101	0.0057792607	0.0279075015	0.0019996392	-0.0218681866	0.746890249917884	-0.094951844458707	0.448081059024295	0.592443852028073
1.43123	0.176467	-0.218995	0.000218977	0.00166898	0.011722	0.02911	0.053112	0.02518	0.000161989	0.00035503	0.0001583	0.14116795	-0.0497019183	0.0419463399	-0.0299041152	0.0148058821	0.001805417	-0.0182322141	0.0327957961	-0.0440078585	0.0507226006	-0.0522538189	0.0484450328	-0.0396854757	0.0268703181	-0.0113091867	-0.005407671	0.0215718994	-0.0355316183	0.0458602343	-0.051502229	0.051881027	-0.0469579174	0.0102761837	-0.025305485	0.0283380168	0.0233700805	6.24078e-05	0.0053534682	0.036002169	0.028011924	0.0057014124	-0.0050118547	0.335324157277269	-0.073793314727141	0.448081059024295	0.592443852028073
1.43891	0.104693	-0.279285	0.000531222	0.00124584	0.01197	0.00768000000000013	-0.071774	-0.06029	0.000312245	-0.00042314	0.000248	0.18891325	-0.049772687	0.0422151417	-0.0304575546	0.015669704	0.0006771467	-0.0169566271	0.0315490697	-0.0430026525	0.050177843	-0.0523607718	0.0493342563	-0.0413994086	0.0293456776	-0.0143723053	-0.0020309873	0.0182322141	-0.0326194932	0.0437614146	-0.0505494535	0.0523082586	-0.048862844	0.0102876104	0.0107074777	-0.0273204115	-0.0158271506	-0.0309708931	0.0094219466	-0.0288161126	-0.0376069881	-0.0161822178	0.0004336627	-2.42333672852632	-0.047857540327684	0.448081059024295	0.592443852028073
1.40143	0.156576	-0.274869	0.000468977	0.00108653	0.011266	-0.0374800000000002	0.051883	0.00441599999999998	-6.22449999999999e-05	-0.00015931	-0.000703999999999998	0.14005675	-0.0498425313	0.0424808075	-0.0310059033	0.01652887	-0.0004514381	-0.015669704	0.0302736359	-0.0419463399	0.0495576132	-0.0523704984	0.0501126395	-0.0430026525	0.0317289578	-0.0173831246	0.0013541801	0.0148058821	-0.0295323731	0.0413994086	-0.0492579697	0.0523471556	-0.0503678575	-0.033090946	-0.0429119669	-0.0079229316	0.0790324205	0.03867805	0.0056708953	0.0418276993	-0.075748729	0.0576046922	-0.0194742593	0.091442568599347	-0.457203992612892	0.448081059024295	0.592443852028073
1.41068	0.119329	-0.22119	-0.000358481	0.00123035	0.0120772	0.00924999999999998	-0.037247	0.053679	-0.000827458	0.00014382	0.000811199999999998	0.1892999	-0.04991145	0.0427433176	-0.0315490697	0.0173831246	-0.0015798132	-0.0143723053	0.0289706552	-0.0408401761	0.048862844	-0.0522829807	0.0507784337	-0.0444909208	0.0340126806	-0.0203306886	0.0047336909	0.0113091867	-0.0262868196	0.0387884217	-0.0476364314	0.0519974292	-0.0514606403	0.0107594556	0.0270078546	0.055023813	-0.0410509431	-0.0135914128	-0.0560297944	-0.0732085359	-0.0066941241	0.012309805	0.0261581289	-0.222194444181244	-0.91379815053605	0.448081059024295	0.592443852028073
1.399	0.113541	-0.259207	-0.000208853	0.00150554	0.0123409	-0.0116799999999999	-0.00578799999999999	-0.038017	0.000149628	0.00027519	0.000263699999999999	0.0899108999999999	-0.0499794418	0.0430026525	-0.0320869629	0.0182322141	-0.0027074549	-0.0130652981	0.0276413132	-0.0396854757	0.0480945804	-0.0520983812	0.0513301431	-0.0458602343	0.0361896802	-0.0232042715	0.0080934286	0.0077587455	-0.0229002443	0.0359441567	-0.0456957037	0.0512616758	-0.0521322486	0.0229752711	-0.0199753586	-0.0318946855	0.0178288797	0.0743500061	0.084186569	0.0099303077	0.0136744407	0.0076480677	-0.0385257075	1.20806976107582	-0.935766895895519	0.448081059024295	0.592443852028073
1.40692	0.168311	-0.227884	-0.000358481	0.00156038	0.0123409	0.00792000000000015	0.05477	0.031323	-0.000149628	5.484e-05	0	0.1042364	-0.0500465054	0.0432587929	-0.0326194932	0.0190758861	-0.0038338396	-0.0117495564	0.0262868196	-0.0384836111	0.0472539781	-0.0518170426	0.051766528	-0.0471069319	0.0382531258	-0.0259934166	0.0114193591	0.0041714317	-0.0193908153	0.0328837193	-0.0434487905	0.0501453577	-0.0523771858	-0.0013339891	0.0126009454	0.0336001356	0.0004604326	0.0626115197	0.0071757805	0.0142499457	0.0714938252	0.0283787832	-0.0120161901	1.0539090914947	-0.964203926412019	0.448081059024295	0.592443852028073
1.39904	0.110038	-0.243993	-0.000602405	0.00174716	0.0122293	-0.00788000000000011	-0.058273	-0.016109	-0.000243924	0.00018678	-0.0001116	0.1093772	-0.0501126395	0.0435117199	-0.0331465714	0.0199138901	-0.0049584444	-0.0104259597	0.0249084068	-0.0372360105	0.0463423012	-0.0514394875	0.0520866082	-0.0482276804	0.0401965428	-0.0286879745	0.0146975897	0.0005642937	-0.0157773596	0.0296255153	-0.0409107473	0.0486567622	-0.0521934471	0.0244622778	0.0398522716	0.004637212	-0.0500041877	0.0338968543	-0.0056697835	-0.0381061295	-0.0119854316	0.0067806118	-0.0654145751	-0.740270596813927	-0.077649103647054	0.448081059024295	0.592443852028073
1.41631	0.137234	-0.242273	-0.000813349	0.0014759	0.0125555	0.0172699999999999	0.027196	0.00172	-0.000210944	-0.00027126	0.000326200000000002	0.0866061999999999	-0.050177843	0.0437614146	-0.0336681095	0.0207459769	-0.0060807472	-0.0090953929	0.0235073292	-0.0359441567	0.0453609212	-0.0509664168	0.0522896643	-0.0492194833	0.0420138333	-0.03127814	0.0179144269	-0.0030455261	-0.0120792627	0.02618914	-0.0380985803	0.0468069407	-0.0515825363	0.0284653118	-0.009544286	-0.0132811166	0.0137394153	0.0559013152	0.0533971853	0.0214423244	-0.0214838222	0.0067150406	0.0098686289	0.168962227934089	-0.033773633202373	0.448081059024295	0.592443852028073
1.42765	0.137151	-0.204529	-0.00121068	0.00215619	0.012688	0.0113400000000001	-8.29999999999997e-05	0.037744	-0.000397331	0.00068029	0.000132499999999999	0.10967305	-0.0502421146	0.0440078585	-0.0341840202	0.0215718994	-0.0072002268	-0.0077587455	0.0220848615	-0.034609585	0.044311314	-0.0503987089	0.0523752403	-0.0500796887	0.043699295	-0.0337544877	0.0210564335	-0.0066408724	-0.0083163637	0.0225952602	-0.0350311327	0.0446096262	-0.0505494535	0.0328103197	0.0434341578	0.040932902	-0.0338872546	0.0056563936	-0.0206440296	-0.0567553232	-0.0424556902	-0.0134374251	0.0047603076	-2.70655564044889	-0.076869324218739	-2.22840312389761	0.592443852028073
1.45733	0.0971874	-0.225549	-0.00108548	0.001555	0.0129619	0.0296799999999999	-0.0399636	-0.02102	0.0001252	-0.00060119	0.000273900000000001	0.1406781	-0.0503054532	0.0442510332	-0.0346942175	0.0223914121	-0.0083163637	-0.0064169112	0.0206422981	-0.0332338815	0.0431950583	-0.0497374181	0.0523431439	-0.0508059967	0.0452476394	-0.0361080066	0.024110485	-0.0102046586	-0.0045088495	0.0188654898	-0.0317289578	0.0420811315	-0.0491026536	0.0372866238	-0.0191658479	-0.0288120279	0.0298733208	0.0514040615	0.0642876779	-0.0230036894	-0.0035693023	0.0194821728	-0.0162910518	-2.58950932028429	0.096425796901272	-2.22840312389761	-1.68540061352814
1.46951	0.118583	-0.193981	-0.00125143	0.00160677	0.0129016	0.0121800000000001	0.0213956	0.031568	-0.00016595	5.17699999999998e-05	-6.0300000000001e-05	0.0790446000000001	-0.0503678575	0.0444909208	-0.0351986159	0.0232042715	-0.0094286395	-0.0050707869	0.0191809517	-0.0318186811	0.0420138333	-0.0489837722	0.0521934471	-0.0513964655	0.0466540082	-0.0383301323	0.0270638244	-0.0137199483	-0.0006771467	0.0150222601	-0.028214182	0.0392402281	-0.0472539781	0.0206394836	0.0134179555	0.0326115422	0.0051274383	0.0096449138	-0.0025884533	0.021443495	0.0236663648	0.0259265185	-0.0020750522	-2.60515490678052	0.444509638631442	0.448081059024295	-1.68540061352814
1.4574	0.063395	-0.202586	-0.000815721	0.00197255	0.0131455	-0.0121100000000001	-0.055188	-0.008605	0.000435709000000001	0.00036578	0.000243900000000002	0.12817245	-0.0504293264	0.0447275033	-0.0356971313	0.0240102362	-0.0105365379	-0.0037212726	0.017702152	-0.0303656657	0.0407694154	-0.0481391707	0.0519264863	-0.0518495163	0.0479139886	-0.0404127789	0.0299041152	-0.0171700353	0.003158189	0.0110886847	-0.0245103563	0.0361080066	-0.045018557	0.053149163	0.0275268576	0.0135058846	-0.0034619564	0.0323225856	0.0104333376	-0.0423761858	0.0308385699	0.0384490093	-0.0631680088	0.444120489524321	0.467255872857202	0.448081059024295	-1.68540061352814
1.43245	0.150771	-0.219824	-0.000811611	0.0026548	0.0130268	-0.02495	0.087376	-0.017238	4.11000000000031e-06	0.00068225	-0.000118700000000001	0.169817	-0.0504898588	0.0449607632	-0.0361896802	0.0248090665	-0.0116395445	-0.0023692706	0.0162072446	-0.0288765622	0.0394636764	-0.0472051818	0.0515428613	-0.0521639377	0.049023627	-0.0423483678	0.0326194932	-0.0205385235	0.0069765817	0.0070884207	-0.0206422981	0.0327077205	-0.0424146861	0.0471132873	0.0141490918	-0.0022792683	-0.0171798135	0.0233860485	0.035293297	-0.0024548978	0.0091404897	0.0044156352	0.007338832	-0.45447345909924	-0.421322878061307	0.448081059024295	-1.68540061352814
1.41065	0.0768667	-0.247081	-0.000963425	0.00197239	0.0125047	-0.0218	-0.0739043	-0.027257	-0.000151814	-0.00068241	-0.000522099999999999	0.1907775	-0.0505494535	0.0451906832	-0.0366761804	0.0256005252	-0.0127371473	-0.0010156846	0.0146975897	-0.0273531403	0.0380985803	-0.0461835398	0.051043434	-0.0523388891	0.0499794418	-0.0441298556	0.0351986159	-0.0238094045	0.010757547	0.0030455261	-0.0166359256	0.0290646136	-0.0394636764	0.0137127284	0.0262932246	0.0150500503	0.0012394944	0.0024784096	-0.0177521772	-0.0034306709	0.0109544661	-0.0057020759	-0.038461101	0.799096952002879	-0.639245556081613	0.448081059024295	-1.68540061352814
1.40546	0.119604	-0.2648	-0.00101797	0.00224777	0.0127456	-0.00519000000000003	0.0427373	-0.017719	-5.4545e-05	0.00027538	0.0002409	0.09418755	-0.0506081094	0.0454172463	-0.0371565505	0.0263843771	-0.0138288366	0.0003385804	0.0131745611	-0.0257972105	0.0366761804	-0.0450761418	0.0504293264	-0.0523739028	0.0507784337	-0.0457507597	0.0376307102	-0.0269671338	0.0144808008	-0.0010156846	-0.0125180835	0.0252057321	-0.0361896802	0.0343569546	-0.0114972324	-0.0414028464	-0.0063470859	-0.0079350161	0.0614859265	0.0239104237	0.0191395748	-0.0299529861	0.036023155	-2.77022716553225	-0.618839332004405	0.448081059024295	-1.68540061352814
1.41238	0.115062	-0.220342	-0.00144046	0.00213599	0.0126079	0.00692000000000004	-0.00454200000000002	0.044458	-0.00042249	-0.00011178	-0.000137700000000001	0.0895185	-0.0506658255	0.0456404355	-0.0376307102	0.0271603893	-0.0149141057	0.0016926191	0.0116395445	-0.0242106219	0.0351986159	-0.043885044	0.0497019183	-0.0522688852	0.0514180959	-0.0472051818	0.0399056168	-0.0299967047	0.018126369	-0.0050707869	-0.0083163637	0.0211597241	-0.0326194932	0.0112934155	0.0143829573	0.054280226	0.0280184701	-0.0229715112	-0.0250917349	-0.0299422935	-0.0285387065	0.0115128451	-0.0226210309	-1.05201785876246	-0.599445345678141	0.448081059024295	0.592443852028073
1.42099	0.104728	-0.242971	-0.00138909	0.00181485	0.0129337	0.00861000000000001	-0.010334	-0.022629	5.137e-05	-0.00032114	0.000325800000000001	0.0764884999999999	-0.0507226006	0.0458602343	-0.0380985803	0.0279283311	-0.0159924506	0.0030455261	0.0100939368	-0.0225952602	0.0336681095	-0.0426124582	0.048862844	-0.0520241169	0.051896421	-0.0484878293	0.0420138333	-0.0328837193	0.021674694	-0.0090953929	-0.0040589197	0.0169566271	-0.0287823352	0.020556769	-0.0132025192	-0.0257068217	-0.0047166291	-0.0125985615	0.0210645932	-0.0161188772	0.0027323131	-0.0166186202	0.0239384118	-1.21502106761396	-0.220268195812051	0.448081059024295	-1.68540061352814
1.41244	0.158142	-0.233935	-0.00136243	0.00224777	0.0130971	-0.00855000000000006	0.053414	0.00903599999999999	2.666e-05	0.00043292	0.000163399999999999	0.102149	-0.0507784337	0.0460766263	-0.0385600826	0.0286879745	-0.0170633708	0.0043963972	0.0085391442	-0.0209530451	0.0320869629	-0.0412607473	0.0479139886	-0.0516402525	0.0522119084	-0.049594035	0.0439465533	-0.0356144575	0.0251067401	-0.0130652981	0.0002257211	0.0126276447	-0.024709611	0.0073309295	-0.0029897088	0.0288535743	0.0315678946	0.0070155099	-0.0094964519	-0.0079450611	-0.0291541771	0.0284502893	-0.00539246	-1.56344237846791	0.328919598597519	0.448081059024295	-1.68540061352814
1.41246	0.107887	-0.242329	-0.00170907	0.00236414	0.0128603	2.0000000000131e-05	-0.050255	-0.00839399999999998	-0.00034664	0.00011637	-0.000236800000000002	0.0936595000000001	-0.0508333239	0.0462895956	-0.03901514	0.0294390937	-0.018126369	0.0057443291	0.0069765817	-0.0192859283	0.0304575546	-0.0398324213	0.0468574839	-0.0511183183	0.0523635681	-0.0505197734	0.0456957037	-0.0381759417	0.0284040951	-0.0169566271	0.0045088495	0.0082049152	-0.0204346535	0.0253993191	0.0006692428	0.0165939571	-0.0283550025	-0.0006601454	-0.0044222496	-0.0318813288	0.0512391991	0.0338338132	0.0254482425	0.334220478098683	0.267562994583359	0.448081059024295	-1.68540061352814
1.41716	0.125435	-0.259168	-0.0018871	0.00241139	0.0129168	0.00469999999999993	0.017548	-0.016839	-0.00017803	4.725e-05	5.65000000000027e-05	0.053176	-0.0508872699	0.0464991262	-0.0394636764	0.0301814655	-0.0191809517	0.0070884207	0.005407671	-0.0175958911	0.0287823352	-0.0383301323	0.0456957037	-0.0504597097	0.0523509242	-0.0512616758	0.0472539781	-0.0405559987	0.0315490697	-0.0207459769	0.0087617663	0.0037212726	-0.0159924506	0.0115704212	0.0146424177	-0.0456431515	0.0240056551	-0.0044322015	0.0367324425	0.0222156049	-0.0179926019	-0.015379278	-0.0186653779	-2.08997877018051	0.179755676814626	0.448081059024295	0.592443852028073
1.43202	0.115716	-0.224169	-0.00206692	0.00245568	0.0131062	0.0148600000000001	-0.00971899999999994	0.034999	-0.00017982	4.42900000000002e-05	0.000189400000000001	0.0802535	-0.050940271	0.0467052026	-0.0399056168	0.0309148693	-0.0202266294	0.0084277735	0.0038338396	-0.015884942	0.0270638244	-0.0367566699	0.044431258	-0.0496661877	0.0521740164	-0.0518170426	0.0486148674	-0.0427433176	0.0345247919	-0.024410558	0.0129559745	-0.0007899965	-0.0114193591	-0.0025954166	-0.0131758276	0.0491396552	0.0004667356	-0.009993273	-0.018041405	-0.0020641622	0.0218183484	0.0341547047	0.0172524244	1.02990811265203	0.118577197072256	0.448081059024295	0.592443852028073
1.42377	0.0746773	-0.251155	-0.00196562	0.0025148	0.0134175	-0.00825000000000009	-0.0410387000000001	-0.026986	0.0001013	5.91200000000002e-05	0.000311299999999999	0.0998607000000001	-0.050992326	0.0469078096	-0.0403408874	0.0316390872	-0.0212629165	0.0097614921	0.0022565198	-0.0141551145	0.025304607	-0.0351149558	0.0430669878	-0.048739874	0.0518333998	-0.0521838529	0.049772687	-0.0447275033	0.0373152977	-0.0279283311	0.0170633708	-0.0052954007	-0.006752807	0.0041182451	0.026641737	-0.0314820882	-0.0147426205	-0.0231676705	-0.0054324818	0.0066533407	-0.0092401955	-0.0196334469	0.0045321312	-1.64813455822498	-0.108737917560202	0.448081059024295	-1.68540061352814
1.4467	0.129129	-0.24185	-0.00212837	0.0027427	0.0134769	0.0229300000000001	0.0544517	0.00930500000000001	-0.00016275	0.0002279	5.94000000000046e-05	0.1091892	-0.051043434	0.0471069319	-0.0407694154	0.032353904	-0.0222893319	0.0110886847	0.0006771467	-0.0124084642	0.0235073292	-0.0334080384	0.0416059582	-0.0476832451	0.0513301431	-0.0523607718	0.0507226006	-0.0464991262	0.0399056168	-0.03127814	0.0210564335	-0.0097614921	-0.0020309873	-0.0152774618	-0.047536318	0.0162849435	0.0006024406	-0.003136766	-0.0028549522	0.0182854725	0.0143188108	-0.0247197536	0.0376901943	-1.50269373492824	-0.170474499354776	0.448081059024295	-1.68540061352814
1.42329	0.112973	-0.241495	-0.00242332	0.00300884	0.0134523	-0.0234100000000002	-0.016156	0.000355000000000022	-0.00029495	0.00026614	-2.46000000000048e-05	0.0692055000000002	-0.051093594	0.047302555	-0.0411911291	0.0330591074	-0.0233053991	0.0124084642	-0.0009028426	-0.0106470671	0.021674694	-0.0316390872	0.0400514517	-0.0464991262	0.0506658255	-0.0523471556	0.0514606403	-0.0480497669	0.0422818529	-0.0344398384	0.0249084068	-0.0141551145	0.0027074549	0.0009256683	0.0282185512	-0.0129651571	0.0105406425	-0.0479707957	-0.014031995	-0.0222476811	-0.0444581462	-0.022530971	-0.0475968525	0.567305920551918	-0.202379154132237	-2.22840312389761	0.592443852028073
1.43689	0.112853	-0.24162	-0.00284296	0.00288764	0.013615	0.0136000000000001	-0.000120000000000009	-0.000124999999999986	-0.00041964	-0.0001212	0.0001627	0.0490220000000001	-0.0511428052	0.0474946641	-0.0416059582	0.0337544877	-0.0243106464	0.0137199483	-0.0024820104	-0.0088730165	0.0198094581	-0.0298113868	0.0384069609	-0.0451906832	0.0498425313	-0.0521430537	0.0519837232	-0.0493720561	0.044431258	-0.0373944116	0.0285934806	-0.0184436498	0.0074237382	-0.0218470322	-0.0460400388	-0.0163263369	0.0424822536	0.0098295696	0.02430891	0.0188954243	-0.0104647694	0.0391292492	0.0269494612	0.634197021126937	0.132862071831973	-2.22840312389761	-1.68540061352814
1.42537	0.11282	-0.221724	-0.00302902	0.00315392	0.0136792	-0.01152	-3.29999999999914e-05	0.019896	-0.00018606	0.00026628	6.42000000000004e-05	0.057276	-0.0511910666	0.0476832451	-0.0420138333	0.0344398384	-0.025304607	0.0150222601	-0.0040589197	-0.0070884207	0.0179144269	-0.0279283311	0.0366761804	-0.0437614146	0.048862844	-0.0517492091	0.0522896643	-0.0504597097	0.0463423012	-0.0401240904	0.0320869629	-0.0225952602	0.0120792627	-0.0004058761	0.0296306941	0.0113765601	-0.0329671091	-0.0334255445	-0.0618495077	-0.0016569935	0.0075569284	-0.0477504806	0.0033475347	0.938732723975777	0.10392896083456	-2.22840312389761	-1.68540061352814
1.42091	0.0812619	-0.238523	-0.00280133	0.00315392	0.0136913	-0.00445999999999991	-0.0315581	-0.016799	0.00022769	0	1.20999999999975e-05	0.0648066000000001	-0.0512383773	0.0478682839	-0.0424146861	0.0351149558	-0.0262868196	0.016314529	-0.0056321357	-0.0052954007	0.0159924506	-0.0259934166	0.0348629988	-0.0422151417	0.0477298374	-0.0511670547	0.0523771858	-0.0513075588	0.0480047303	-0.0426124582	0.0353654455	-0.0265791242	0.0166359256	-0.0038131009	0.0099164692	-0.0182092839	-0.018484044	-0.005323597	0.0037302189	0.0070178329	0.017452033	0.0084214884	-0.0171914666	0.374919135792509	0.080827680415727	0.448081059024295	-1.68540061352814
1.42843	0.106265	-0.238176	-0.00296437	0.00343599	0.0140303	0.00751999999999975	0.0250031	0.000346999999999986	-0.00016304	0.00028207	0.000339000000000001	0.0720756000000003	-0.0512847364	0.0480497669	-0.0428084497	0.0357796393	-0.027256828	0.0175958911	-0.0072002268	-0.0034960873	0.0140464202	-0.0240102362	0.0329714899	-0.0405559987	0.0464470668	-0.0503987089	0.0522459219	-0.0519115742	0.0494096266	-0.0448445497	0.0384069609	-0.0303656657	0.0210564335	-0.0121102736	0.0109670195	-0.0394586736	-0.0264968175	-0.0295369246	0.0031429998	0.0355193381	0.034493434	-0.0615965885	-0.0015193603	0.699081533685507	0.080383893751186	0.448081059024295	0.592443852028073
1.41217	0.136025	-0.254828	-0.00314253	0.00366187	0.0143129	-0.0162599999999997	0.02976	-0.016652	-0.00017816	0.00022588	0.000282600000000004	0.0970040000000001	-0.0513301431	0.0482276804	-0.0431950583	0.0364336915	-0.028214182	0.0188654898	-0.0087617663	-0.0016926191	0.0120792627	-0.0219824722	0.0310059033	-0.0387884217	0.045018557	-0.0494469678	0.051896421	-0.0522688852	0.0505494535	-0.0468069407	0.0411911291	-0.0339267737	0.025304607	-0.0358713862	-0.0167441113	0.0237637023	0.0207646011	-0.0182789669	-0.0411140694	0.0327229837	-0.0002925413	0.0052774402	0.0315769222	0.415090492494242	0.042681107932249	0.448081059024295	0.592443852028073
1.39811	0.0940746	-0.248631	-0.00279345	0.00403538	0.0141462	-0.0140600000000002	-0.0419504	0.00619700000000001	0.00034908	0.00037351	-0.000166700000000002	0.1066719	-0.0513745965	0.0484020114	-0.0435744473	0.0370769179	-0.0291584371	0.0201224762	-0.0103153331	0.0001128608	0.0100939368	-0.0199138901	0.0289706552	-0.0369171367	0.0434487905	-0.0483152946	0.0513301431	-0.0523777937	0.0514180959	-0.0484878293	0.043699295	-0.0372360105	0.0293456776	-0.0132820467	0.0188568876	-0.0161880519	-0.0441409603	-0.0554400027	-0.0206300447	-0.0228708138	-0.0295398151	-0.047309029	0.020794999	0.337636083520234	-0.133969488107822	0.448081059024295	0.592443852028073
1.39322	0.110852	-0.252789	-0.00305569	0.00367379	0.0143469	-0.00488999999999984	0.0167774	-0.004158	-0.00026224	-0.00036159	0.000200699999999998	0.0670519	-0.0514180959	0.0485727468	-0.0439465533	0.0377091275	-0.0300891549	0.0213660101	-0.0118595137	0.0019182066	0.0080934286	-0.0178083308	0.0268703181	-0.0349471469	0.0417426926	-0.0470078072	0.0505494535	-0.0522377823	0.0520108938	-0.0498771065	0.0459146523	-0.0402688086	0.0331465714	-0.0408380065	-0.042683695	-0.0265712763	0.058860134	-0.001430544	0.0192116163	0.0366643955	-0.0937476541	0.0106638057	0.0413158863	0.708209891843716	-0.144240837753109	0.448081059024295	0.592443852028073
1.39323	0.142457	-0.207817	-0.00325468	0.00416236	0.014617	9.99999999984347e-06	0.031605	0.044972	-0.00019899	0.00048857	0.000270099999999999	0.12447	-0.0514606403	0.048739874	-0.044311314	0.0383301323	-0.0310059033	0.0225952602	-0.013392903	0.0037212726	0.0060807472	-0.015669704	0.024709611	-0.0328837193	0.0399056168	-0.0455292636	0.0495576132	-0.0518495163	0.052324667	-0.0509664168	0.0478223571	-0.0430026525	0.0366761804	-0.0228443395	-0.0185998302	0.0225420398	-0.0351671684	-0.050993966	-0.046238517	0.0113393616	0.0391107543	-0.0011125662	0.0700319221	1.03240073220165	-0.111493446814536	0.448081059024295	0.592443852028073
1.38434	0.105117	-0.208039	-0.00325468	0.00396801	0.0141446	-0.00889000000000007	-0.03734	-0.000221999999999972	0	-0.00019435	-0.000472399999999998	0.0797895000000001	-0.051502229	0.0489033805	-0.0446686685	0.0389397479	-0.0319082567	0.0238094045	-0.0149141057	0.0055199161	0.0040589197	-0.0135019809	0.0224933884	-0.030732371	0.0379433273	-0.043885044	0.0483587652	-0.0512148408	0.0523577323	-0.0517492091	0.0494096266	-0.0454172463	0.0399056168	-0.0211849941	0.0250020626	-0.0200407171	0.005818235	-0.0361085096	-0.027332963	0.0029386125	-0.0036954575	0.0260230222	-0.0145552656	0.063782829144703	-0.060966054546578	0.448081059024295	0.592443852028073
1.36602	0.147215	-0.187557	-0.00340678	0.00418702	0.0137009	-0.0183199999999999	0.042098	0.020482	-0.0001521	0.00021901	-0.000443700000000002	0.1216405	-0.0515428613	0.0490632542	-0.045018557	0.0395377932	-0.0327957961	0.0250076315	-0.0164217376	0.0073119995	0.0020309873	-0.0113091867	0.0202266294	-0.028498854	0.0358619813	-0.0420811315	0.0469579174	-0.0503367722	0.0521099123	-0.0522207755	0.0506658255	-0.0474946641	0.0428084497	-0.0116851052	-0.0205344194	-0.0327865561	-0.029237269	-0.0166254256	0.0278898182	0.0327582926	0.011402695	-0.0333682681	0.034633979	1.12571683463587	-0.013551063949886	0.448081059024295	0.592443852028073
1.36347	0.153352	-0.145641	-0.00376043	0.00417857	0.0139039	-0.00254999999999983	0.00613699999999998	0.041916	-0.00035365	-8.44999999999926e-06	0.000203	0.078858	-0.0515825363	0.0492194833	-0.0453609212	0.0401240904	-0.0336681095	0.02618914	-0.0179144269	0.0090953929	0	-0.0090953929	0.0179144269	-0.02618914	0.0336681095	-0.0401240904	0.0453609212	-0.0492194833	0.0515825363	-0.0523782801	0.0515825363	-0.0492194833	0.0453609212	-0.0266845696	0.035866073	0.0377961048	0.030483558	-0.0212023765	-0.0333385219	-0.0097715165	0.0182909849	0.0043199609	-0.0587439499	0.777095868831975	0.023299623716606	0.448081059024295	0.592443852028073
1.3294	0.130533	-0.179918	-0.00281189	0.00448701	0.0133503	-0.0340700000000003	-0.022819	-0.034277	0.00094854	0.000308439999999999	-0.0005536	0.181695	-0.0516212534	0.0493720561	-0.0456957037	0.0406984653	-0.0345247919	0.0273531403	-0.0193908153	0.0108679768	-0.0020309873	-0.0068647103	0.0155619757	-0.0238094045	0.0313685957	-0.0380210421	0.0435744473	-0.0478682839	0.0507784337	-0.0522207755	0.0521536168	-0.0505788988	0.0475421407	-0.0301564473	-0.0800540755	-0.0268711073	-0.0163222749	0.0218640726	0.0422511176	-0.0105015735	0.0751164515	0.0086450044	0.0300203293	1.01841930875185	0.024492297053909	0.448081059024295	0.592443852028073
1.27153	0.201055	-0.128766	-0.00328012	0.00537139	0.0137615	-0.0578700000000001	0.070522	0.051152	-0.00046823	0.000884380000000001	0.000411200000000002	0.2677345	-0.0516590118	0.0495209612	-0.0460228486	0.0412607473	-0.0353654455	0.028498854	-0.0208495594	0.0126276447	-0.0040589197	-0.004621281	0.0131745611	-0.0213660101	0.0289706552	-0.0357796393	0.0416059582	-0.0462895956	0.0497019183	-0.0517492091	0.0523752403	-0.0515628185	0.0493342563	-0.020712607	0.0170826558	0.004496192	0.0231746022	-0.0038284215	-0.03752871	0.0416453743	-0.0399094502	0.0354046754	-0.0321194249	0.35763113637008	0.012480593687217	0.448081059024295	0.592443852028073
1.2702	0.11986	-0.152848	-0.0024842	0.00489651	0.0135775	-0.00132999999999961	-0.081195	-0.024082	0.00079592	-0.00047488	-0.000184	0.179347	-0.0516958108	0.0496661877	-0.0463423012	0.0418107693	-0.0361896802	0.0296255153	-0.0222893319	0.0143723053	-0.0060807472	-0.0023692706	0.010757547	-0.0188654898	0.0264818121	-0.0334080384	0.0394636764	-0.0444909208	0.0483587652	-0.0509664168	0.0522459219	-0.0521639377	0.0507226006	-0.0248436153	-0.0183140808	0.007766906	-0.0229863521	0.0349924409	0.0040717204	-0.0473192589	0.0247075097	0.0639550476	0.0589036861	-0.812639939213731	0.018826515360682	0.448081059024295	0.592443852028073
1.26219	0.163271	-0.106407	-0.00276387	0.00513731	0.0138627	-0.00801000000000029	0.043411	0.046441	-0.00027967	0.0002408	0.000285199999999999	0.1381455	-0.0517316498	0.0498077248	-0.0466540082	0.0423483678	-0.0369971132	0.030732371	-0.0237088227	0.016099885	-0.0080934286	-0.0001128608	0.0083163637	-0.016314529	0.0239098759	-0.0309148693	0.0371565505	-0.0424808075	0.0467561802	-0.0498771065	0.051766528	-0.0523777937	0.0516958108	-0.0173267357	-0.034427406	-0.0211117113	-0.0062735288	0.0187290398	0.0223285789	0.0306423726	-0.034415716	-0.0028415411	0.0114663736	-0.133778532299147	0.029582364270394	0.448081059024295	0.592443852028073
1.25125	0.17114	-0.0405192	-0.00333148	0.00534532	0.0138224	-0.0109399999999999	0.00786900000000001	0.0658878	-0.00056761	0.00020801	-4.03000000000018e-05	0.1254928	-0.051766528	0.0499455618	-0.0469579174	0.0428733831	-0.0377873696	0.0318186811	-0.0251067401	0.0178083308	-0.0100939368	0.0021437585	0.0058564958	-0.0137199483	0.0212629165	-0.0283092043	0.0346942175	-0.0402688086	0.0449027607	-0.0484878293	0.050940271	-0.0522027989	0.0522459219	0.0107167331	0.0357302862	0.0599528683	-0.0222805939	-0.0448796706	-0.0661322339	-0.058460594	0.0107312012	0.000936783	-0.0031069481	-0.474489146678549	0.035553598765088	0.448081059024295	0.592443852028073
1.25655	0.136431	-0.0702875	-0.00291762	0.00466933	0.0140191	0.00530000000000008	-0.034709	-0.0297683	0.00041386	-0.00067599	0.000196700000000001	0.1341048	-0.0518004449	0.0500796887	-0.0472539781	0.0433856593	-0.0385600826	0.0328837193	-0.0264818121	0.0194956122	-0.0120792627	0.0043963972	0.0033834701	-0.0110886847	0.0185492395	-0.0256005252	0.0320869629	-0.0378654364	0.0428084497	-0.0468069407	0.049772687	-0.0516402525	0.0523684314	-0.0189212698	-0.0540882861	-0.041730181	0.0396429256	0.0238321903	0.0414826763	-0.0103011288	-0.0190887202	0.0029926866	0.0144956517	0.099818874522931	0.035463767488037	0.448081059024295	0.592443852028073
1.24105	0.258915	0.0595927	-0.00396782	0.00520088	0.0143383	-0.0155000000000001	0.122484	0.1298802	-0.0010502	0.00053155	0.000319199999999999	0.3629117	-0.0518333998	0.0502100954	-0.0475421407	0.043885044	-0.0393148935	0.0339267737	-0.0278327876	0.0211597241	-0.0140464202	0.0066408724	0.0009028426	-0.0084277735	0.0157773596	-0.0227986886	0.0293456776	-0.0352821126	0.0404844828	-0.0448445497	0.0482715996	-0.0506943307	0.0520623368	0.0268454772	-0.0409171745	0.0607818579	-0.0126670803	-0.0077361467	0.002985004	-0.0208408067	-0.0055025473	0.0649754102	0.0303798349	0.645048936890714	0.033215349988694	0.448081059024295	0.592443852028073
1.26591	0.133617	-0.0463865	-0.00294098	0.00475687	0.0139682	0.0248600000000001	-0.125298	-0.1059792	0.00102684	-0.00044401	-0.000370099999999996	0.3481847	-0.051865392	0.0503367722	-0.0478223571	0.044371389	-0.0400514517	0.0349471469	-0.0291584371	0.0227986886	-0.0159924506	0.0088730165	-0.0015798132	-0.0057443291	0.0129559745	-0.0199138901	0.0264818121	-0.0325311144	0.0379433273	-0.0426124582	0.0464470668	-0.0493720561	0.0513301431	0.0095864722	0.0630862038	-0.0351145872	0.023170305	0.0125097459	-0.0110868069	0.0306226792	-0.0161882354	0.0270220073	-0.0647228262	1.14882215468075	0.040590896153727	0.448081059024295	0.592443852028073
1.2642	0.193282	-0.0140651	-0.00313157	0.00530058	0.0143984	-0.00170999999999988	0.059665	0.0323214	-0.00019059	0.00054371	0.000430199999999999	0.1519214	-0.051896421	0.0504597097	-0.0480945804	0.0448445497	-0.0407694154	0.0359441567	-0.0304575546	0.024410558	-0.0179144269	0.0110886847	-0.0040589197	-0.0030455261	0.0100939368	-0.0169566271	0.0235073292	-0.0296255153	0.0351986159	-0.0401240904	0.044311314	-0.0476832451	0.050177843	-0.026725962	0.0097501158	0.0427424553	0.0369097218	0.0413948829	-0.0266291004	0.0250494101	0.0052092276	0.067445047	-0.0075460242	0.204487424334256	-1.36529637864909	0.448081059024295	0.592443852028073
1.26139	0.161159	-0.0225035	-0.00283115	0.00533893	0.014043	-0.0028100000000002	-0.032123	-0.0084384	0.00030042	3.83500000000004e-05	-0.000355399999999995	0.0780799	-0.0519264863	0.0505788988	-0.0483587652	0.0453043854	-0.0414684511	0.0369171367	-0.0317289578	0.0259934166	-0.0198094581	0.0132837629	-0.0065289069	-0.0003385804	0.0072002268	-0.0139376608	0.0204346535	-0.0265791242	0.0322650733	-0.0373944116	0.0418786518	-0.0456404355	0.0486148674	-0.0055418937	-0.0212866945	-0.0059911171	-0.0351727253	0.0580904461	0.0230141694	-0.0075163798	0.0115683166	-0.0145203028	-0.0286616649	0	0	-2.22840312389761	0.592443852028073
1.26179	0.207136	0.045206	-0.00321666	0.00549221	0.0143984	0.000399999999999956	0.045977	0.0677095	-0.00038551	0.00015328	0.000355399999999995	0.158796	-0.0519555872	0.0506943307	-0.0486148674	0.0457507597	-0.0421482344	0.0378654364	-0.0329714899	0.0275453833	-0.021674694	0.015454175	-0.0089842256	0.0023692706	0.0042839244	-0.0108679768	0.01727662	-0.0234064185	0.0291584371	-0.0344398384	0.0391653804	-0.0432587929	0.0466540082	0.0063993117	0.0185068514	-0.0061289085	-0.0014105273	0.0323661531	0.0055680422	0.0343222004	-0.003950032	-0.0193761711	-0.0387592619	0	0	0	0
1.25426	0.173683	0.0512278	-0.00304447	0.00533789	0.0138841	-0.00753000000000004	-0.033453	0.0060218	0.00017219	-0.00015432	-0.000514299999999995	0.0890453000000001	-0.0519837232	0.0508059967	-0.048862844	0.0461835398	-0.0428084497	0.0387884217	-0.0341840202	0.0290646136	-0.0235073292	0.0175958911	-0.0114193591	0.0050707869	0.0013541801	-0.0077587455	0.0140464202	-0.0201224762	0.0258953737	-0.03127814	0.0361896802	-0.0405559987	0.044311314	0.0086416147	0.078789236	0.0133664724	-0.0004514762	0.0198472644	-0.047118869	-0.0318455693	-0.0221907766	-0.004943065	-0.1005700637	0	0	0	0
1.24733	0.213385	0.0204964	-0.00270728	0.00512405	0.0138727	-0.0069300000000001	0.039702	-0.0307314	0.00033719	-0.00021384	-1.14e-05	0.1054849	-0.0520108938	0.0509138886	-0.0491026536	0.0466025972	-0.0434487905	0.0396854757	-0.0353654455	0.030549302	-0.025304607	0.0197049341	-0.0138288366	0.0077587455	-0.0015798132	-0.004621281	0.010757547	-0.016742904	0.0224933884	-0.0279283311	0.0329714899	-0.0375521182	0.0416059582	-0.0131714752	-0.0078100843	-0.010613453	0.0196355028	0.0885576529	0.031713481	0.0082190363	-0.0078696845	0.0193540992	0.0064195607	0	0	0	0
1.25212	0.211295	0.0579962	-0.00286681	0.00498257	0.0139116	0.00479000000000029	-0.00209000000000001	0.0374998	-0.00015953	-0.000141479999999999	3.88999999999962e-05	0.0613752999999998	-0.0520370985	0.0510179984	-0.0493342563	0.0470078072	-0.0440689593	0.0405559987	-0.0365146908	0.0319976841	-0.0270638244	0.021777388	-0.0162072446	0.0104259597	-0.0045088495	-0.0014670001	0.0074237382	-0.0132837629	0.018970732	-0.024410558	0.0295323731	-0.0342694522	0.0385600826	-0.0085385281	-0.0092398514	0.0547097692	-0.0526684184	0.0364594376	-0.0262432581	-0.0343230966	0.0392400612	-0.0368386742	0.0450391017	0	0	0	0
1.2637	0.174072	0.0364037	-0.00224696	0.00486966	0.0142064	0.0115799999999999	-0.037223	-0.0215925	0.00061985	-0.000112910000000001	0.000294799999999998	0.1217735	-0.0520623368	0.0511183183	-0.0495576132	0.0473990497	-0.0446686685	0.0413994086	-0.0376307102	0.0334080384	-0.0287823352	0.0238094045	-0.0185492395	0.0130652981	-0.0074237382	0.0016926191	0.0040589197	-0.0097614921	0.0153463027	-0.0207459769	0.0258953737	-0.030732371	0.0351986159	0.0252908556	0.0255654179	-0.0427092506	-0.0294879863	0.0098946007	0.0343265052	0.0261697173	0.0201346518	-0.0275059008	-0.0306736252	0	0	0	0
1.26368	0.197247	0.0912568	-0.0022596	0.00448701	0.0143287	-2.0000000000131e-05	0.023175	0.0548531	-1.264e-05	-0.00038265	0.000122300000000001	0.1039276	-0.0520866082	0.0512148408	-0.049772687	0.0477762082	-0.0452476394	0.0422151417	-0.0387124883	0.0347786889	-0.0304575546	0.0257972105	-0.0208495594	0.015669704	-0.0103153331	0.0048460789	0.0006771467	-0.0061928308	0.0116395445	-0.0169566271	0.0220848615	-0.0269671338	0.0315490697	0.0112331286	0.041882819	0.0269803254	0.0019942402	-0.0098262162	-0.0341319837	0.0193693269	0.0188015434	-0.05073077	-0.030041281	0	0	0	0
1.26372	0.159663	0.0745539	-0.00171839	0.00448701	0.0148176	4.0000000000262e-05	-0.037584	-0.0167029	0.00054121	0	0.000488900000000002	0.1058324	-0.0521099123	0.0513075588	-0.0499794418	0.0481391707	-0.0458056033	0.0430026525	-0.0397590408	0.0361080066	-0.0320869629	0.0277371148	-0.0231030362	0.0182322141	-0.0131745611	0.0079819045	-0.0027074549	-0.0025947387	0.0078703433	-0.0130652981	0.018126369	-0.0230016937	0.0276413132	0.030123959	0.0357013575	-0.039084276	0.0098583683	-0.0114609703	0.0299353524	-0.0203725893	0.0109544661	-0.0212054818	-0.0196900546	0	0	0	0
1.27076	0.195107	0.079825	-0.00188545	0.00448701	0.0148176	0.00703999999999993	0.035444	0.0052711	-0.00016706	0	0	0.0561080999999999	-0.0521322486	0.0513964655	-0.050177843	0.0484878293	-0.0463423012	0.0437614146	-0.0407694154	0.0373944116	-0.0336681095	0.0296255153	-0.025304607	0.0207459769	-0.0159924506	0.0110886847	-0.0060807472	0.0010156846	0.0040589197	-0.0090953929	0.0140464202	-0.0188654898	0.0235073292	-0.0028190463	-0.048122083	0.0090022606	0.0080113889	-0.0074780231	0.0341828162	0.0150717651	0.0078210118	-0.0666742789	0.0485388875	0	0	0	0
1.308	0.149133	0.088378	-0.00195682	0.0042845	0.0157778	0.0372399999999999	-0.045974	0.00855300000000001	-7.13700000000001e-05	-0.00020251	0.000960199999999996	0.153471	-0.0521536168	0.0514815542	-0.0503678575	0.0488220806	-0.0468574839	0.0444909208	-0.0417426926	0.0386363752	-0.0351986159	0.0314589057	-0.0274493255	0.0232042715	-0.0187601599	0.0141551145	-0.0094286395	0.004621281	0.0002257211	-0.0050707869	0.009872353	-0.0145892291	0.0191809517	0.0072314008	-0.0404318926	-0.0182411281	-0.0225296356	-0.0408981127	-0.0087285828	-0.0189716714	-0.0001828375	-0.0599081927	0.0244035432	0	0	0	0
1.30801	0.200183	0.103199	-0.00150111	0.0040345	0.0157778	1.00000000000655e-05	0.05105	0.014821	0.00045571	-0.00025	0	0.1011665	-0.0521740164	0.0515628185	-0.0505494535	0.0491418251	-0.0473509122	0.0451906832	-0.042677987	0.0398324213	-0.0366761804	0.0332338815	-0.0295323731	0.0256005252	-0.0214690046	0.0171700353	-0.0127371473	0.0082049152	-0.0036086884	-0.0010156846	0.0056321357	-0.0102046586	0.0146975897	-0.0002143856	0.0004681908	-0.0230359841	0.0048188709	-0.0310296429	0.012103874	0.0134499565	-0.0396328804	-0.0376164425	0.0140818661	0	0	0	0
1.30802	0.144801	0.0900547	-0.00137702	0.00352698	0.0157778	1.00000000000655e-05	-0.055382	-0.0131443	0.00012409	-0.00050752	0	0.1001168	-0.0521934471	0.0516402525	-0.0507226006	0.0494469678	-0.0478223571	0.0458602343	-0.0435744473	0.0409811285	-0.0380985803	0.0349471469	-0.0315490697	0.0279283311	-0.024110485	0.0201224762	-0.0159924506	0.0117495564	-0.0074237382	0.0030455261	0.0013541801	-0.0057443291	0.0100939368	-0.0013038539	0.0331272246	-0.0067049028	0.0097968368	-0.0599428179	-0.0283980801	-0.024304487	-0.018190827	-0.0302708388	-0.0307991739	0	0	0	0
1.32705	0.198615	0.0764168	-0.00116154	0.00347124	0.0157778	0.0190299999999999	0.053814	-0.0136379	0.00021548	-5.57399999999999e-05	0	0.1000429	-0.0522119084	0.0517138504	-0.0508872699	0.0497374181	-0.0482715996	0.0464991262	-0.044431258	0.0420811315	-0.0394636764	0.0365955205	-0.0334948844	0.0301814655	-0.0266763128	0.0230016937	-0.0191809517	0.015238359	-0.0111989617	0.0070884207	-0.0029328492	-0.0012413539	0.005407671	-0.0316418409	-0.0162321122	-0.0285128477	0.0762693958	-0.0257236191	0.0172093376	0.0175430747	-0.0537568249	0.0162502754	0.0136466893	0	0	0	0
1.32023	0.190059	0.0897745	-0.00104518	0.00326912	0.0157778	-0.00682000000000005	-0.00855600000000004	0.0133577	0.00011636	-0.00020212	0	0.0446577000000001	-0.0522294002	0.0517836067	-0.051043434	0.0500130897	-0.0486984311	0.0471069319	-0.0452476394	0.0431311232	-0.0407694154	0.0381759417	-0.0353654455	0.032353904	-0.0291584371	0.0257972105	-0.0222893319	0.018654743	-0.0149141057	0.0110886847	-0.0072002268	0.0032708371	0.0006771467	-0.0448776356	-0.0392839303	0.0389577731	-0.0180114029	-0.0124622253	0.0005227631	-0.0093612169	0.0124139919	-0.002137832	0.0799323034	0	0	0	0
1.3125	0.147271	0.0516187	-0.000547016	0.00287328	0.0153461	-0.00773000000000002	-0.042788	-0.0381558	0.000498164	-0.00039584	-0.000431699999999997	0.154959	-0.0522459219	0.0518495163	-0.0511910666	0.0502739006	-0.0491026536	0.0476832451	-0.0460228486	0.0441298556	-0.0420138333	0.0396854757	-0.0371565505	0.0344398384	-0.0315490697	0.028498854	-0.025304607	0.0219824722	-0.0185492395	0.0150222601	-0.0114193591	0.0077587455	-0.0040589197	-0.0227777995	-0.0123270192	-0.0721680291	-0.0460125079	-0.0293095105	0.0261225678	0.0551469662	0.0222929824	-0.0679224306	0.0054539796	0	0	0	0
1.33852	0.207828	0.0912194	-0.000960591	0.00273796	0.0157778	0.0260200000000002	0.060557	0.0396007	-0.000413575	-0.00013532	0.000431699999999997	0.17520745	-0.0522614734	0.0519115742	-0.0513301431	0.0505197734	-0.0494840794	0.0482276804	-0.0467561802	0.0450761418	-0.0431950583	0.0411213197	-0.0388641751	0.0364336915	-0.0338407093	0.0310967934	-0.028214182	0.0252057321	-0.0220848615	0.0188654898	-0.0155619757	0.0121890533	-0.0087617663	-0.0522457614	-0.0128062615	0.0026390063	0.0035235658	-0.0436209908	-0.0308999526	0.0492132981	0.0328566846	-0.0521357728	-0.0194131381	0	0	0	0
1.3154	0.140554	0.0454507	-0.000267541	0.00280846	0.015383	-0.0231200000000003	-0.067274	-0.0457687	0.00069305	7.05000000000002e-05	-0.000394799999999997	0.1940802	-0.0522760543	0.0519697758	-0.0514606403	0.050750635	-0.0498425313	0.048739874	-0.047446967	0.0459688572	-0.044311314	0.0424808075	-0.0404844828	0.0383301323	-0.0360261653	0.0335815749	-0.0310059033	0.0283092043	-0.0255020041	0.0225952602	-0.0196003187	0.01652887	-0.013392903	-0.0559190322	0.0476855654	-0.054611751	0.007718892	-0.043707308	-0.0398827539	0.0353542837	0.0070037574	-0.0322870033	-0.06392785	0	0	0	0
1.29895	0.189558	0.045636	-0.000457072	0.00291782	0.0149581	-0.0164499999999999	0.049004	0.000185300000000006	-0.000189531	0.00010936	-0.000424899999999999	0.10182885	-0.0522896643	0.0520241169	-0.0515825363	0.0509664168	-0.050177843	0.0492194833	-0.0480945804	0.0468069407	-0.0453609212	0.0437614146	-0.0420138333	0.0401240904	-0.0380985803	0.0359441567	-0.0336681095	0.03127814	-0.0287823352	0.02618914	-0.0235073292	0.0207459769	-0.0179144269	-0.0867073892	-0.0203143292	-0.007613683	0.0293287555	-0.0001943386	-0.0304597128	0.0395774272	-0.009451981	-0.0031312399	0.0226133004	0	0	0	0
1.04834	0.2109	0.118898	-5.88081e-05	0.00260102	0.0109857	-0.25061	0.021342	0.073262	0.0003982639	-0.0003168	-0.0039724	0.579587195	-0.0523023033	0.0520745933	-0.0516958108	0.0511670547	-0.0504898588	0.0496661877	-0.0486984311	0.0475893965	-0.0463423012	0.0449607632	-0.0434487905	0.0418107693	-0.0400514517	0.0381759417	-0.0361896802	0.0340984296	-0.0319082567	0.0296255153	-0.027256828	0.0248090665	-0.0222893319	-0.0139592015	-0.0293962806	-0.0306293047	-0.0353939646	-0.0362045719	-0.0028573197	-0.012333809	-0.0428689489	-0.0470017275	0.060734716	0	0	0	0
1.13111	0.27139	0.194944	0.000158356	0.000746522	0.0123994	0.08277	0.06049	0.076046	0.0002171641	-0.001854498	0.0014137	0.393574105	-0.0523139709	0.0521212014	-0.0518004449	0.051352489	-0.0507784337	0.0500796887	-0.0492579697	0.0483152946	-0.0472539781	0.0460766263	-0.0447861304	0.0433856593	-0.0418786518	0.0402688086	-0.0385600826	0.0367566699	-0.0348629988	0.0328837193	-0.0308236917	0.0286879745	-0.0264818121	0.0257770751	-0.043191218	-0.0201323514	0.0151373281	-0.0796640788	-0.0020021294	-0.0096392109	-0.0330161178	-0.0200270608	0.0166561681	0	0	0	0
1.13553	0.0292578	0.169364	0.000349144	0.00144455	0.0131445	0.00441999999999987	-0.2421322	-0.02558	0.000190788	0.000698028	0.000745100000000005	0.353828	-0.052324667	0.0521639377	-0.051896421	0.0515226647	-0.051043434	0.0504597097	-0.049772687	0.0489837722	-0.0480945804	0.0471069319	-0.0460228486	0.0448445497	-0.0435744473	0.0422151417	-0.0407694154	0.0392402281	-0.0376307102	0.0359441567	-0.0341840202	0.032353904	-0.0304575546	-0.0276144648	-0.1000287161	-0.0027797396	0.0179739076	-0.0799123055	-0.0132560986	-0.0500350565	-0.0469603164	0.0450116018	0.1446118218	0	0	0	0
1.18635	0.0364121	0.252795	0.000408356	0.00144455	0.0140061	0.0508200000000001	0.0071543	0.083431	5.9212e-05	0	0.000861599999999995	0.1874459	-0.0523343914	0.0522027989	-0.0519837232	0.0516775313	-0.0512847364	0.0508059967	-0.0502421146	0.049594035	-0.048862844	0.0480497669	-0.0471561663	0.0461835398	-0.0451335173	0.0440078585	-0.0428084497	0.0415373011	-0.0401965428	0.0387884217	-0.0373152977	0.0357796393	-0.0341840202	0.009760431	-0.0669500889	0.0287173805	0.0008793691	-0.0696467153	0.0054039775	-0.015535175	0.0311568156	0.06060218	0.045699646	0	0	0	0
1.19373	0.0337679	0.239619	0.000408356	0.00144455	0.0141021	0.00737999999999994	-0.00264419999999999	-0.013176	0	0	9.60000000000006e-05	0.0280001999999999	-0.0523431439	0.0522377823	-0.0520623368	0.0518170426	-0.051502229	0.0511183183	-0.0506658255	0.0501453577	-0.0495576132	0.0489033805	-0.0481835374	0.0473990497	-0.0465509697	0.0456404355	-0.0446686685	0.0436369724	-0.0425467316	0.0413994086	-0.0401965428	0.0389397479	-0.0376307102	0.0343446685	0.0003760979	-0.0289687348	-0.0155812316	-0.0417744432	0.0222062446	-0.0255417726	0.0367119004	0.0197919524	0.0063509034	0	0	0	0
1.20792	0.097354	0.278938	6.73192e-05	0.00153814	0.0138093	0.0141900000000001	0.0635861	0.039319	-0.0003410368	9.359e-05	-0.000292800000000003	0.15346644	-0.0523509242	0.0522688852	-0.0521322486	0.0519411573	-0.0516958108	0.0513964655	-0.051043434	0.050637085	-0.050177843	0.0496661877	-0.0491026536	0.0484878293	-0.0478223571	0.0471069319	-0.0463423012	0.0455292636	-0.0446686685	0.0437614146	-0.0428084497	0.0418107693	-0.0407694154	0.0156785249	0.0112942523	0.0102472578	0.0617799758	-0.0225413559	0.0141416713	0.0238129231	0.0072472057	0.0550372858	-0.0704556393	0	0	0	0
1.2092	0.122978	0.294212	0.000408356	0.00163263	0.0136703	0.00127999999999995	0.025624	0.015274	0.0003410368	9.449e-05	-0.000138999999999998	0.0709043399999999	-0.0523577323	0.0522961052	-0.0521934471	0.0520498384	-0.051865392	0.0516402525	-0.0513745965	0.0510686325	-0.0507226006	0.0503367722	-0.04991145	0.0494469678	-0.04894369	0.0484020114	-0.0478223571	0.0472051818	-0.0465509697	0.0458602343	-0.0451335173	0.044371389	-0.0435744473	0.0229654382	0.0099739155	0.0208635081	0.067177282	0.0248384017	0.0073350072	-0.0143511274	0.0200526813	0.0741694638	-0.0660022453	0	0	0	0
1.21724	0.202248	0.329621	1.55784e-06	0.00206068	0.0144691	0.00803999999999983	0.07927	0.035409	-0.00040679816	0.00042805	0.000798800000000001	0.204401408	-0.0523635681	0.0523194405	-0.0522459219	0.0521430537	-0.0520108938	0.0518495163	-0.0516590118	0.0514394875	-0.0511910666	0.0509138886	-0.0506081094	0.0502739006	-0.04991145	0.0495209612	-0.0491026536	0.0486567622	-0.0481835374	0.0476832451	-0.0471561663	0.0466025972	-0.0460228486	0.0188994651	-0.0288768527	0.0444668817	0.0304567687	0.0924470752	0.0233178751	0.0017065364	0.0009559561	0.0733729193	-0.0053935876	0	0	0	0
1.21151	0.1565	0.321882	0.000418389	0.00195744	0.0144691	-0.00572999999999979	-0.045748	-0.007739	0.00041683116	-0.00010324	0	0.085220558	-0.0523684314	0.0523388891	-0.0522896643	0.0522207755	-0.0521322486	0.0520241169	-0.051896421	0.0517492091	-0.0515825363	0.0513964655	-0.0511910666	0.0509664168	-0.0507226006	0.0504597097	-0.050177843	0.0498771065	-0.0495576132	0.0492194833	-0.048862844	0.0484878293	-0.0480945804	0.0454012477	0.0182689728	0.026018912	-0.0572089565	0.1077085601	0.0110782448	-0.0414109555	0.029538304	-0.0087432632	-0.0508776179	0	0	0	0
1.21721	0.180519	0.307942	0.000624736	0.00229339	0.0144691	0.00570000000000004	0.024019	-0.01394	0.000206347	0.00033595	0	0.0707738499999998	-0.0523723222	0.0523544498	-0.052324667	0.0522829807	-0.0522294002	0.0521639377	-0.0520866082	0.0519974292	-0.051896421	0.0517836067	-0.0516590118	0.0515226647	-0.0513745965	0.0512148408	-0.051043434	0.050860415	-0.0506658255	0.0504597097	-0.0502421146	0.0500130897	-0.049772687	0.0564773339	0.0444118898	0.0039432913	-0.018149469	0.0868318568	0.0147257411	0.0183731159	-0.0201070744	-0.0010904224	-0.0068548873	0	0	0	0
1.19694	0.16744	0.3297	0.000694374	0.00236123	0.0143757	-0.0202700000000002	-0.013079	0.021758	6.9638e-05	6.784e-05	-9.3399999999997e-05	0.0666509	-0.0523752403	0.0523661213	-0.0523509242	0.0523296507	-0.0523023033	0.0522688852	-0.0522294002	0.0521838529	-0.0521322486	0.0520745933	-0.0520108938	0.0519411573	-0.051865392	0.0517836067	-0.0516958108	0.0516020147	-0.051502229	0.0513964655	-0.0512847364	0.0511670547	-0.051043434	0.0443700926	0.0717030613	0.0322121784	-0.0400403411	0.0570279427	-0.0271343862	-0.0215871625	0.0064703918	0.0010174405	-0.0470154718	0	0	0	0
1.19799	0.136164	0.329922	0.000905167	0.00257878	0.0144518	0.00105	-0.031276	0.000222	0.000210793	0.00021755	7.60999999999974e-05	0.0577701500000002	-0.0523771858	0.0523739028	-0.0523684314	0.0523607718	-0.0523509242	0.0523388891	-0.052324667	0.0523082586	-0.0522896643	0.0522688852	-0.0522459219	0.0522207755	-0.0521934471	0.0521639377	-0.0521322486	0.0520983812	-0.0520623368	0.0520241169	-0.0519837232	0.0519411573	-0.051896421	0.067972666	0.0598515733	-0.0277127486	0.017401757	0.059678079	0.0394130939	0.0087647995	-0.0132875965	0.027987219	-0.021899181	0	0	0	0
1.20269	0.171659	0.325421	0.0012404	0.00274596	0.0143704	0.00470000000000015	0.035495	-0.00450099999999998	0.000335233	0.00016718	-8.14000000000006e-05	0.0738866499999999	-0.0523781585	0.0523777937	-0.0523771858	0.0523763346	-0.0523752403	0.0523739028	-0.0523723222	0.0523704984	-0.0523684314	0.0523661213	-0.0523635681	0.0523607718	-0.0523577323	0.0523544498	-0.0523509242	0.0523471556	-0.0523431439	0.0523388891	-0.0523343914	0.0523296507	-0.052324667	0.0004503714	0.0481220165	0.0708952011	-0.0542418746	0.0296721144	-0.0009703682	-0.0399518513	0.0108300792	-0.0024005572	0.0168491859	0	0	0	0
