"trans_x"	"trans_y"	"trans_z"	"rot_x"	"rot_y"	"rot_z"	"trans_x_derivative1"	"trans_y_derivative1"	"trans_z_derivative1"	"rot_x_derivative1"	"rot_y_derivative1"	"rot_z_derivative1"	"framewise_displacement"	"cosine00"	"cosine01"	"cosine02"	"cosine03"	"cosine04"	"cosine05"	"cosine06"	"cosine07"	"cosine08"	"cosine09"	"cosine10"	"cosine11"	"cosine12"	"cosine13"	"cosine14"	"cosine15"	"cosine16"	"cosine17"	"cosine18"	"cosine19"	"cosine20"	"t_comp_cor_00"	"t_comp_cor_01"	"t_comp_cor_02"	"t_comp_cor_03"	"t_comp_cor_04"	"a_comp_cor_00"	"a_comp_cor_01"	"a_comp_cor_02"	"a_comp_cor_03"	"a_comp_cor_04"	"volume_z"	"luminance_z"	"speech_z"	"face_z"
-0.036382	-0.022549	-0.0376988	-0.000324992	0.000522066	-6.26626e-05	NA	NA	NA	NA	NA	NA	NA	0.0523781585	0.0523777937	0.0523771858	0.0523763346	0.0523752403	0.0523739028	0.0523723222	0.0523704984	0.0523684314	0.0523661213	0.0523635681	0.0523607718	0.0523577323	0.0523544498	0.0523509242	0.0523471556	0.0523431439	0.0523388891	0.0523343914	0.0523296507	0.052324667	0.0113919062	-0.0401377495	-0.0493800974	0.0184715767	-0.0197544597	-0.0243783966	-0.0526653349	0.0126617644	0.0304379227	0.0978337384	0	0	0	0
-0.0363851	-0.0721809	-0.0263732	0.000210224	0.00054155	0	-3.09999999999894e-06	-0.0496319	0.0113256	0.000535216	1.94840000000001e-05	6.26626e-05	0.09182873	0.0523771858	0.0523739028	0.0523684314	0.0523607718	0.0523509242	0.0523388891	0.052324667	0.0523082586	0.0522896643	0.0522688852	0.0522459219	0.0522207755	0.0521934471	0.0521639377	0.0521322486	0.0520983812	0.0520623368	0.0520241169	0.0519837232	0.0519411573	0.051896421	-0.0571506136	-0.0081310454	0.0109004647	0.0263171367	-0.0152473031	0.0125689225	0.0122871142	-0.0649353667	0.0280282579	0.081219736	0	0	0	0
-0.049803	-0.0102598	-0.029088	-0.000222315	0.00062999	0	-0.0134179	0.0619211	-0.0027148	-0.000432539	8.844e-05	0	0.10410275	0.0523752403	0.0523661213	0.0523509242	0.0523296507	0.0523023033	0.0522688852	0.0522294002	0.0521838529	0.0521322486	0.0520745933	0.0520108938	0.0519411573	0.051865392	0.0517836067	0.0516958108	0.0516020147	0.051502229	0.0513964655	0.0512847364	0.0511670547	0.051043434	0.0325526072	0.0037582076	0.0216388892	0.0201576528	0.0550564553	-0.0139324789	0.027840733	0.0246901384	-0.0384109227	0.0150768569	0	0	0	0
-0.0528012	-0.0441137	-0.0169353	-3.49718e-05	0.000795101	-0.000144633	-0.00299819999999999	-0.0338539	0.0121527	0.0001873432	0.000165111	-0.000144633	0.07385916	0.0523723222	0.0523544498	0.052324667	0.0522829807	0.0522294002	0.0521639377	0.0520866082	0.0519974292	0.051896421	0.0517836067	0.0516590118	0.0515226647	0.0513745965	0.0512148408	0.051043434	0.050860415	0.0506658255	0.0504597097	0.0502421146	0.0500130897	0.049772687	-0.010314251	-0.0347682905	-0.0538980089	-0.0305232486	0.014554673	0.0430936627	-0.0268921022	0.0033152636	0.055814009	0.046644642	0	0	0	0
-0.0528028	-0.0376572	-0.0290789	-0.000222315	0.000496496	-0.000171346	-1.60000000001131e-06	0.0064565	-0.0121436	-0.0001873432	-0.000298605	-2.6713e-05	0.04423476	0.0523684314	0.0523388891	0.0522896643	0.0522207755	0.0521322486	0.0520241169	0.051896421	0.0517492091	0.0515825363	0.0513964655	0.0511910666	0.0509664168	0.0507226006	0.0504597097	0.050177843	0.0498771065	0.0495576132	0.0492194833	0.048862844	0.0484878293	0.0480945804	0.0051213469	0.0521049825	0.0403802573	0.0041680495	0.0328038677	-0.0104471787	0.0375377744	-0.021308103	-0.0306725482	-0.050837784	0	0	0	0
-0.059576	3.859e-05	-0.0290751	-0.000164625	0.000496497	-0.000130312	-0.00677319999999999	0.03769579	3.80000000000172e-06	5.769e-05	9.99999999907325e-10	4.1034e-05	0.04940904	0.0523635681	0.0523194405	0.0522459219	0.0521430537	0.0520108938	0.0518495163	0.0516590118	0.0514394875	0.0511910666	0.0509138886	0.0506081094	0.0502739006	0.04991145	0.0495209612	0.0491026536	0.0486567622	0.0481835374	0.0476832451	0.0471561663	0.0466025972	0.0460228486	0.0272039086	-0.0369140169	-0.0191435983	-0.0455763431	-0.0153394414	-0.0354534907	-0.0461862289	0.0440133595	0.0224428663	-0.0087249638	0	0	0	0
-0.0527692	-0.0588013	-0.00264407	-0.000651584	0.000715758	-0.000264722	0.0068068	-0.05883989	0.02643103	-0.000486959	0.000219261	-0.00013441	0.13410922	0.0523577323	0.0522961052	0.0521934471	0.0520498384	0.051865392	0.0516402525	0.0513745965	0.0510686325	0.0507226006	0.0503367722	0.04991145	0.0494469678	0.04894369	0.0484020114	0.0478223571	0.0472051818	0.0465509697	0.0458602343	0.0451335173	0.044371389	0.0435744473	-0.0539903924	0.0511248774	0.0287160758	-0.0300198097	-0.0004542369	0.0264106437	0.0056617686	-0.0611776274	0.0199281212	-0.0622453624	0	0	0	0
-0.0528015	-0.0125755	-0.00758291	-0.000517736	0.000327953	-0.000213623	-3.2299999999999e-05	0.0462258	-0.00493884	0.000133848	-0.000387805	5.1099e-05	0.07983454	0.0523509242	0.0522688852	0.0521322486	0.0519411573	0.0516958108	0.0513964655	0.051043434	0.050637085	0.050177843	0.0496661877	0.0491026536	0.0484878293	0.0478223571	0.0471069319	0.0463423012	0.0455292636	0.0446686685	0.0437614146	0.0428084497	0.0418107693	0.0407694154	0.0538991123	-0.0241101226	0.037532122	-0.015744573	0.0233037001	-0.0256998517	0.0219532837	0.0603720406	-0.0407584419	-0.017991858	0	0	0	0
-0.0528092	-0.0263295	-0.0139515	-0.000375574	0.000391388	-0.0001125	-7.69999999999937e-06	-0.013754	-0.00636859	0.000142162	6.3435e-05	0.000101123	0.03546629	0.0523431439	0.0522377823	0.0520623368	0.0518170426	0.051502229	0.0511183183	0.0506658255	0.0501453577	0.0495576132	0.0489033805	0.0481835374	0.0473990497	0.0465509697	0.0456404355	0.0446686685	0.0436369724	0.0425467316	0.0413994086	0.0401965428	0.0389397479	0.0376307102	-0.0358466513	0.0001342699	-0.0315296834	-0.0210428846	0.041889816	0.0352880689	-0.0385232544	-0.0084110273	0.0205420175	-0.0198643195	0	0	0	0
-0.0318169	-0.0382733	-0.0324898	-0.000259925	0.000496496	0	0.0209923	-0.0119438	-0.0185383	0.000115649	0.000105108	0.0001125	0.06813725	0.0523343914	0.0522027989	0.0519837232	0.0516775313	0.0512847364	0.0508059967	0.0502421146	0.049594035	0.048862844	0.0480497669	0.0471561663	0.0461835398	0.0451335173	0.0440078585	0.0428084497	0.0415373011	0.0401965428	0.0387884217	0.0373152977	0.0357796393	0.0341840202	0.0546484531	-0.009393536	0.0325954652	0.0051645746	0.0053586197	0.0074405515	0.0518544534	0.0518076447	-0.0178558576	-0.0030791642	0	0	0	0
-0.0223749	0.0221167	-0.0423995	-0.000389045	0.000564265	0	0.009442	0.06039	-0.0099097	-0.00012912	6.7769e-05	0	0.08958615	0.052324667	0.0521639377	0.051896421	0.0515226647	0.051043434	0.0504597097	0.049772687	0.0489837722	0.0480945804	0.0471069319	0.0460228486	0.0448445497	0.0435744473	0.0422151417	0.0407694154	0.0392402281	0.0376307102	0.0359441567	0.0341840202	0.032353904	0.0304575546	-0.0481786038	-0.0344777269	-0.0113908177	0.0212935872	0.0516084573	-0.0256989765	-0.0139796608	-0.0184505798	0.0103879208	0.0446181227	0	0	0	0
-0.0242806	-0.0591731	-0.0230674	-0.000485121	0.000496496	0	-0.0019057	-0.0812898	0.0193321	-9.6076e-05	-6.7769e-05	0	0.11071985	0.0523139709	0.0521212014	0.0518004449	0.051352489	0.0507784337	0.0500796887	0.0492579697	0.0483152946	0.0472539781	0.0460766263	0.0447861304	0.0433856593	0.0418786518	0.0402688086	0.0385600826	0.0367566699	0.0348629988	0.0328837193	0.0308236917	0.0286879745	0.0264818121	0.0507636801	0.0107923005	-0.0041945718	0.0263015084	0.0312947968	0.071509154	0.0307211844	0.0360330457	-0.0300457513	0.0154268271	0	0	0	0
-0.0185477	0.00225302	-0.0292609	-0.000658149	0.000547166	-5.80479e-05	0.0057329	0.06142612	-0.0061935	-0.000173028	5.067e-05	-5.80479e-05	0.087439815	0.0523023033	0.0520745933	0.0516958108	0.0511670547	0.0504898588	0.0496661877	0.0486984311	0.0475893965	0.0463423012	0.0449607632	0.0434487905	0.0418107693	0.0400514517	0.0381759417	0.0361896802	0.0340984296	0.0319082567	0.0296255153	0.027256828	0.0248090665	0.0222893319	-0.0425203311	-0.0609197969	0.0221631111	-0.0058733517	0.0488608884	-0.052090464	0.0165498014	0.0024187052	0.0539916758	-0.0216747976	0	0	0	0
-0.0222986	-0.0289697	-0.00563298	-0.000503732	0.00058791	0	-0.0037509	-0.03122272	0.02362792	0.000154417	4.0744e-05	5.80479e-05	0.071261985	0.0522896643	0.0520241169	0.0515825363	0.0509664168	0.050177843	0.0492194833	0.0480945804	0.0468069407	0.0453609212	0.0437614146	0.0420138333	0.0401240904	0.0380985803	0.0359441567	0.0336681095	0.03127814	0.0287823352	0.02618914	0.0235073292	0.0207459769	0.0179144269	0.0348036312	0.0484870633	-0.0099015739	-0.0251877443	0.0323793283	0.0216006721	-0.0455292398	0.0123606935	-0.0366929008	-0.0491068841	0	0	0	0
-0.0215854	-0.060009	0.00910728	0.000210405	0.000496496	0	0.000713199999999997	-0.0310393	0.01474026	0.000714137	-9.1414e-05	0	0.08677031	0.0522760543	0.0519697758	0.0514606403	0.050750635	0.0498425313	0.048739874	0.047446967	0.0459688572	0.044311314	0.0424808075	0.0404844828	0.0383301323	0.0360261653	0.0335815749	0.0310059033	0.0283092043	0.0255020041	0.0225952602	0.0196003187	0.01652887	0.013392903	-0.0271776043	-0.032030549	0.0243585046	-0.0190306911	-0.0114723299	-0.0020374857	0.0378336338	-0.0134962944	0.0429452403	-0.04478142	0	0	0	0
-0.0124855	0.016106	0.00905905	-0.000384776	0.000382808	0	0.0090999	0.076115	-4.82299999999998e-05	-0.000595181	-0.000113688	0	0.12070658	0.0522614734	0.0519115742	0.0513301431	0.0505197734	0.0494840794	0.0482276804	0.0467561802	0.0450761418	0.0431950583	0.0411213197	0.0388641751	0.0364336915	0.0338407093	0.0310967934	0.028214182	0.0252057321	0.0220848615	0.0188654898	0.0155619757	0.0121890533	0.0087617663	0.0127883744	0.0391495371	0.0057993895	-0.0049584169	0.0121122572	-0.0178789574	-0.0334412455	-0.0023320139	-0.0463926653	-0.0411362005	0	0	0	0
-0.0102606	-0.0500788	0.0296555	-6.4981e-06	0.000496496	0.000129422	0.0022249	-0.0661848	0.02059645	0.0003782779	0.000113688	0.000129422	0.120075545	0.0522459219	0.0518495163	0.0511910666	0.0502739006	0.0491026536	0.0476832451	0.0460228486	0.0441298556	0.0420138333	0.0396854757	0.0371565505	0.0344398384	0.0315490697	0.028498854	0.025304607	0.0219824722	0.0185492395	0.0150222601	0.0114193591	0.0077587455	0.0040589197	0.0016961313	-0.0049609978	-0.0311041323	-0.0391463319	-0.014008835	0.0486526486	-0.0124968194	0.0099695098	0.0450542025	-0.0340982532	0	0	0	0
-0.0102578	-0.0133646	0.0138628	-0.000364293	0.000496496	0.000128395	2.80000000000245e-06	0.0367142	-0.0157927	-0.0003577949	0	-1.02699999999999e-06	0.070450795	0.0522294002	0.0517836067	0.051043434	0.0500130897	0.0486984311	0.0471069319	0.0452476394	0.0431311232	0.0407694154	0.0381759417	0.0353654455	0.032353904	0.0291584371	0.0257972105	0.0222893319	0.018654743	0.0149141057	0.0110886847	0.0072002268	0.0032708371	-0.0006771467	0.0036419265	0.0498515592	0.0480222592	0.0161533606	-0.0514792822	-0.0260344377	0.0129436455	-0.0441744681	-0.0528357698	-0.0411831419	0	0	0	0
-0.0102489	0.0110425	0.0296356	-0.000639704	0.000496496	0	8.90000000000092e-06	0.0244071	0.0157728	-0.000275411	0	-0.000128395	0.0603791	0.0522119084	0.0517138504	0.0508872699	0.0497374181	0.0482715996	0.0464991262	0.044431258	0.0420811315	0.0394636764	0.0365955205	0.0334948844	0.0301814655	0.0266763128	0.0230016937	0.0191809517	0.015238359	0.0111989617	0.0070884207	0.0029328492	-0.0012413539	-0.005407671	-0.0052267687	-0.0327886475	-0.0360503548	0.0389143234	-0.0231304252	-0.04030783	-0.0455283029	0.0125736917	0.0024626965	0.0293885996	0	0	0	0
-0.0102489	-0.0123344	0.0421006	-0.000687755	0.000496496	0	0	-0.0233769	0.012465	-4.80509999999999e-05	0	0	0.03824445	0.0521934471	0.0516402525	0.0507226006	0.0494469678	0.0478223571	0.0458602343	0.0435744473	0.0409811285	0.0380985803	0.0349471469	0.0315490697	0.0279283311	0.024110485	0.0201224762	0.0159924506	0.0117495564	0.0074237382	0.0030455261	-0.0013541801	-0.0057443291	-0.0100939368	0.0002706769	0.0502453178	-0.0433345723	0.0134310742	-0.0736084909	0.0186366706	-0.018412414	-0.0197290956	-0.0085153213	-0.0048777776	0	0	0	0
-0.00184192	0.00338518	0.0122684	-7.08112e-05	5.98532e-05	0	0.00840698	0.01571958	-0.0298322	0.0006169438	-0.0004366428	0	0.10663809	0.0521740164	0.0515628185	0.0505494535	0.0491418251	0.0473509122	0.0451906832	0.042677987	0.0398324213	0.0366761804	0.0332338815	0.0295323731	0.0256005252	0.0214690046	0.0171700353	0.0127371473	0.0082049152	0.0036086884	-0.0010156846	-0.0056321357	-0.0102046586	-0.0146975897	0.0138530722	-0.0474427225	0.0389372353	0.0251627834	-0.0319160727	-0.0113956387	0.0501096519	0.031146864	0.0217039774	-0.0225868316	0	0	0	0
0.00283059	0.0521241	-0.0826173	0.000131474	5.98533e-05	0	0.00467251	0.04873892	-0.0948857	0.0002022852	1.00000000000219e-10	0	0.158411395	0.0521536168	0.0514815542	0.0503678575	0.0488220806	0.0468574839	0.0444909208	0.0417426926	0.0386363752	0.0351986159	0.0314589057	0.0274493255	0.0232042715	0.0187601599	0.0141551145	0.0094286395	0.004621281	-0.0002257211	-0.0050707869	-0.009872353	-0.0145892291	-0.0191809517	-0.0216534656	0.0017993286	-0.0237312708	0.0003648727	0.0142296923	-0.0508910988	-0.0238897451	0.0009709249	0.0151548362	-0.0103469037	0	0	0	0
-0.00317455	-0.0785572	-0.0352537	-0.000584498	0.000190692	-5.51767e-05	-0.00600514	-0.1306813	0.0473636	-0.000715972	0.0001308387	-5.51767e-05	0.22914941	0.0521322486	0.0513964655	0.050177843	0.0484878293	0.0463423012	0.0437614146	0.0407694154	0.0373944116	0.0336681095	0.0296255153	0.025304607	0.0207459769	0.0159924506	0.0110886847	0.0060807472	0.0010156846	-0.0040589197	-0.0090953929	-0.0140464202	-0.0188654898	-0.0235073292	0.0164352584	0.0259374788	-0.0047711166	-0.0041628304	-0.0303670779	0.0094058202	-0.0107188709	0.0090975092	-0.0109919415	0.0204138423	0	0	0	0
-0.0102401	-0.00734451	-0.00734378	-0.000824708	5.98532e-05	0	-0.00706555	0.07121269	0.02790992	-0.00024021	-0.0001308388	5.51767e-05	0.127499435	0.0521099123	0.0513075588	0.0499794418	0.0481391707	0.0458056033	0.0430026525	0.0397590408	0.0361080066	0.0320869629	0.0277371148	0.0231030362	0.0182322141	0.0131745611	0.0079819045	0.0027074549	-0.0025947387	-0.0078703433	-0.0130652981	-0.018126369	-0.0230016937	-0.0276413132	0.0051214212	-0.0145263838	-0.0080292023	-0.0025265898	-0.0171391101	-0.0210631084	0.0202034576	0.0049583028	0.030465671	-0.0219617085	0	0	0	0
0.00615858	-0.022765	-0.0239542	-0.00110548	5.98532e-05	0.00084227	0.01639868	-0.01542049	-0.01661042	-0.000280772	0	0.00084227	0.10458169	0.0520866082	0.0512148408	0.049772687	0.0477762082	0.0452476394	0.0422151417	0.0387124883	0.0347786889	0.0304575546	0.0257972105	0.0208495594	0.015669704	0.0103153331	0.0048460789	-0.0006771467	-0.0061928308	-0.0116395445	-0.0169566271	-0.0220848615	-0.0269671338	-0.0315490697	-0.0037127963	0.0400049451	-0.0122656417	-0.0886548933	-0.0064528487	0.0233671827	-0.0354392175	0.0460829707	0.0183961127	-0.0544970687	0	0	0	0
-0.000337061	-0.0127104	-0.0115742	-0.00110548	0.000251019	0.000658621	-0.006495641	0.0100546	0.01238	0	0.0001911658	-0.000183649	0.047670981	0.0520623368	0.0511183183	0.0495576132	0.0473990497	0.0446686685	0.0413994086	0.0376307102	0.0334080384	0.0287823352	0.0238094045	0.0185492395	0.0130652981	0.0074237382	0.0016926191	-0.0040589197	-0.0097614921	-0.0153463027	-0.0207459769	-0.0258953737	-0.030732371	-0.0351986159	0.0074646312	0.0233039757	0.089468877	-0.0276330355	-0.003187617	0.0171721104	0.0661470014	-0.0351316081	-0.035475066	-0.0711679337	0	0	0	0
0.0154704	0.0854716	-0.0649257	-0.00110548	5.98532e-05	0.000777999	0.015807461	0.098182	-0.0533515	0	-0.0001911658	0.000119378	0.182868151	0.0520370985	0.0510179984	0.0493342563	0.0470078072	0.0440689593	0.0405559987	0.0365146908	0.0319976841	0.0270638244	0.021777388	0.0162072446	0.0104259597	0.0045088495	-0.0014670001	-0.0074237382	-0.0132837629	-0.018970732	-0.024410558	-0.0295323731	-0.0342694522	-0.0385600826	-0.0061527147	-0.0368525666	-0.0302603845	-0.0237286236	0.0156146956	-0.0440462363	-0.0124829951	0.0543879974	0.0283590582	0.0163111496	0	0	0	0
0.0192716	-0.0353753	-0.0320007	-0.000742526	0.000218612	0.000777999	0.0038012	-0.1208469	0.032925	0.000362954	0.0001587588	0	0.18365874	0.0520108938	0.0509138886	0.0491026536	0.0466025972	0.0434487905	0.0396854757	0.0353654455	0.030549302	0.025304607	0.0197049341	0.0138288366	0.0077587455	0.0015798132	-0.004621281	-0.010757547	-0.016742904	-0.0224933884	-0.0279283311	-0.0329714899	-0.0375521182	-0.0416059582	-0.0233890692	0.0463509026	0.015279809	-0.0163829154	-0.0068482005	0.021108117	0.015436611	-0.0230133432	0.0021258039	-0.0421973982	0	0	0	0
0.0181578	0.0749582	-0.0319621	-0.00112722	0.000179641	0.000638957	-0.00111379999999999	0.1103335	3.85999999999998e-05	-0.000384694	-3.8971e-05	-0.000139042	0.13962125	0.0519837232	0.0508059967	0.048862844	0.0461835398	0.0428084497	0.0387884217	0.0341840202	0.0290646136	0.0235073292	0.0175958911	0.0114193591	0.0050707869	-0.0013541801	-0.0077587455	-0.0140464202	-0.0201224762	-0.0258953737	-0.03127814	-0.0361896802	-0.0405559987	-0.044311314	0.0285633413	-0.0048207591	-0.0042653687	-0.0591696698	0.0022773403	-0.0036069498	-0.0034617723	0.0785781474	0.0040802762	-0.0383490537	0	0	0	0
0.00581584	-0.0149145	-0.0319104	-0.000153142	0.000510922	0.000777999	-0.01234196	-0.0898727	5.16999999999948e-05	0.000974078	0.000331281	0.000139042	0.17448641	0.0519555872	0.0506943307	0.0486148674	0.0457507597	0.0421482344	0.0378654364	0.0329714899	0.0275453833	0.021674694	0.015454175	0.0089842256	0.0023692706	-0.0042839244	-0.0108679768	-0.01727662	-0.0234064185	-0.0291584371	-0.0344398384	-0.0391653804	-0.0432587929	-0.0466540082	-0.0268776545	0.0438729411	0.0400821214	-0.0691425944	-0.0013005758	0.0368632414	0.0285422513	-0.0209525823	0.0331958628	-0.0427116869	0	0	0	0
0.00518783	0.0568999	-0.0421423	-0.000578428	0.000355579	0.000455895	-0.00062801	0.0718144	-0.0102319	-0.000425286	-0.000155343	-0.000322104	0.12781096	0.0519264863	0.0505788988	0.0483587652	0.0453043854	0.0414684511	0.0369171367	0.0317289578	0.0259934166	0.0198094581	0.0132837629	0.0065289069	-0.0003385804	-0.0072002268	-0.0139376608	-0.0204346535	-0.0265791242	-0.0322650733	-0.0373944116	-0.0418786518	-0.0456404355	-0.0486148674	0.0171200429	-0.0044684748	0.0186408876	-0.0243768973	-0.0163919864	-0.0238285346	0.0129335793	-3.86315e-05	-0.0428380569	-0.0042944802	-0.380374703292263	-1.08091270754883	-2.22840312389761	-1.68540061352814
0.00809157	-0.00958642	-0.0455409	2.22118e-06	0.00015889	0.000643529	0.00290374	-0.06648632	-0.0033986	0.00058064918	-0.000196689	0.000187634	0.121037269	0.051896421	0.0504597097	0.0480945804	0.0448445497	0.0407694154	0.0359441567	0.0304575546	0.024410558	0.0179144269	0.0110886847	0.0040589197	-0.0030455261	-0.0100939368	-0.0169566271	-0.0235073292	-0.0296255153	-0.0351986159	-0.0401240904	-0.044311314	-0.0476832451	-0.050177843	-0.022149951	0.044354476	-0.0225939355	0.0038505873	-0.0342215865	0.0611947398	-0.0177040683	-0.0392937409	-0.0289242298	0.0145290298	-1.27014591083183	-1.28774394727322	-2.22840312389761	-1.68540061352814
0.0127648	0.00895498	-0.0679808	-0.000220273	0.000213037	0.000777999	0.00467323	0.0185414	-0.0224399	-0.00022249418	5.4147e-05	0.00013447	0.066210089	0.051865392	0.0503367722	0.0478223571	0.044371389	0.0400514517	0.0349471469	0.0291584371	0.0227986886	0.0159924506	0.0088730165	0.0015798132	-0.0057443291	-0.0129559745	-0.0199138901	-0.0264818121	-0.0325311144	-0.0379433273	-0.0426124582	-0.0464470668	-0.0493720561	-0.0513301431	0.0340169806	-0.0126970984	0.032580723	0.037889523	-0.051259935	-0.0261553509	0.052397873	-0.0079947896	-0.0354695807	0.0277547988	-1.72108836539445	-1.30444164896667	-2.22840312389761	-1.68540061352814
0.00556954	0.0540045	-0.0894928	0.000110754	0.00015814	0.000678897	-0.00719526	0.04504952	-0.021512	0.000331027	-5.4897e-05	-9.9102e-05	0.09800808	0.0518333998	0.0502100954	0.0475421407	0.043885044	0.0393148935	0.0339267737	0.0278327876	0.0211597241	0.0140464202	0.0066408724	-0.0009028426	-0.0084277735	-0.0157773596	-0.0227986886	-0.0293456776	-0.0352821126	-0.0404844828	-0.0448445497	-0.0482715996	-0.0506943307	-0.0520623368	-0.0413387047	0.0001428246	-0.006693203	0.0592312666	-0.0395943006	-0.0202057953	-0.030345207	-0.0617470604	-0.0393722752	0.0657617339	-1.94040207786486	-1.30946970887924	-2.22840312389761	-1.68540061352814
-0.000122058	-0.0141065	-0.0811972	0.000110754	0.000147205	0.000777999	-0.005691598	-0.068111	0.0082956	0	-1.0935e-05	9.9102e-05	0.087600048	0.0518004449	0.0500796887	0.0472539781	0.0433856593	0.0385600826	0.0328837193	0.0264818121	0.0194956122	0.0120792627	0.0043963972	-0.0033834701	-0.0110886847	-0.0185492395	-0.0256005252	-0.0320869629	-0.0378654364	-0.0428084497	-0.0468069407	-0.049772687	-0.0516402525	-0.0523684314	0.0408533879	-0.0007487297	-0.0461096609	0.096089904	-0.0155884877	0.0551269328	0.0214261879	-0.0137876637	-0.0553287442	0.0902781906	-1.8639743861055	-1.31045519011602	-2.22840312389761	-1.68540061352814
0.0108486	0.0322909	-0.114871	0.00021018	0.000268254	0.000635043	0.010970658	0.0463974	-0.0336738	9.9426e-05	0.000121049	-0.000142956	0.109213408	0.051766528	0.0499455618	0.0469579174	0.0428733831	0.0377873696	0.0318186811	0.0251067401	0.0178083308	0.0100939368	0.0021437585	-0.0058564958	-0.0137199483	-0.0212629165	-0.0283092043	-0.0346942175	-0.0402688086	-0.0449027607	-0.0484878293	-0.050940271	-0.0522027989	-0.0522459219	-0.0405388621	-0.0433269786	0.0164362545	0.1013878373	-0.0253840999	-0.0219441171	0.0388163665	-0.0566435147	0.0095470936	0.0859430699	-1.269730985461	-1.30552401864244	-2.22840312389761	0.592443852028073
0.0139923	0.0362863	-0.0981014	0.000110754	0.000149831	0.000777999	0.0031437	0.00399540000000001	0.0167696	-9.9426e-05	-0.000118423	0.000142956	0.04194895	0.0517316498	0.0498077248	0.0466540082	0.0423483678	0.0369971132	0.030732371	0.0237088227	0.016099885	0.0080934286	-0.0001128608	-0.0083163637	-0.016314529	-0.0239098759	-0.0309148693	-0.0371565505	-0.0424808075	-0.0467561802	-0.0498771065	-0.051766528	-0.0523777937	-0.0516958108	0.0319470732	0.0038527241	-0.0496020219	0.0878141822	0.0326986583	0.0046221001	-0.0241706281	0.0093736191	-0.0676079168	0.0704187067	-0.819378014926554	-1.29582902680275	-2.22840312389761	-1.68540061352814
0.0105853	0.00928658	-0.0897043	0.000110754	0.000265814	0.000778	-0.003407	-0.02699972	0.00839709999999999	0	0.000115983	1.00000000012417e-09	0.04460302	0.0516958108	0.0496661877	0.0463423012	0.0418107693	0.0361896802	0.0296255153	0.0222893319	0.0143723053	0.0060807472	-0.0023692706	-0.010757547	-0.0188654898	-0.0264818121	-0.0334080384	-0.0394636764	-0.0444909208	-0.0483587652	-0.0509664168	-0.0522459219	-0.0521639377	-0.0507226006	-0.012667936	-0.0562919454	-0.033363161	0.0227701996	-0.0127274649	0.0318800114	0.0060189398	-0.0002808687	0.0626501015	0.0681580787	-0.070303873688766	-0.666333026623556	-2.22840312389761	0.592443852028073
0.0260121	0.0527777	-0.0981076	0.000110754	0.000130121	0.00071652	0.0154268	0.04349112	-0.0084033	0	-0.000135693	-6.148e-05	0.07717987	0.0516590118	0.0495209612	0.0460228486	0.0412607473	0.0353654455	0.028498854	0.0208495594	0.0126276447	0.0040589197	-0.004621281	-0.0131745611	-0.0213660101	-0.0289706552	-0.0357796393	-0.0416059582	-0.0462895956	-0.0497019183	-0.0517492091	-0.0523752403	-0.0515628185	-0.0493342563	-0.0201527151	0.0516572965	0.0237478513	0.0324370519	0.0211505129	-0.0441471773	0.0003279759	-0.0576387328	-0.0436646183	-0.0003500372	-0.405381764620103	-0.254645839147796	-2.22840312389761	0.592443852028073
0.00915813	0.0527849	-0.098097	2.97707e-05	-8.5094e-06	0.000778	-0.01685397	7.20000000001275e-06	1.05999999999995e-05	-8.09833e-05	-0.0001386304	6.148e-05	0.030926455	0.0516212534	0.0493720561	0.0456957037	0.0406984653	0.0345247919	0.0273531403	0.0193908153	0.0108679768	0.0020309873	-0.0068647103	-0.0155619757	-0.0238094045	-0.0313685957	-0.0380210421	-0.0435744473	-0.0478682839	-0.0507784337	-0.0522207755	-0.0521536168	-0.0505788988	-0.0475421407	0.0416625538	-0.0296480196	-0.0535956326	0.0162191359	-0.0128125097	0.008111952	-0.0542320724	0.0285302853	-0.0239591052	0.0609878628	-0.036558840976344	-0.109412144362484	-2.22840312389761	0.592443852028073
0.0159272	0.00445256	-0.0836886	0.000395196	3.82023e-05	0.000778	0.00676907	-0.04833234	0.0144084	0.0003654253	4.67117e-05	0	0.09011666	0.0515825363	0.0492194833	0.0453609212	0.0401240904	0.0336681095	0.02618914	0.0179144269	0.0090953929	0	-0.0090953929	-0.0179144269	-0.02618914	-0.0336681095	-0.0401240904	-0.0453609212	-0.0492194833	-0.0515825363	-0.0523782801	-0.0515825363	-0.0492194833	-0.0453609212	-0.0716349332	-0.0142002428	-0.0001517515	0.0365630035	0.0039923187	0.033647352	0.0174885227	-0.0668385315	0.0316162646	0.043139927	-0.015870572755613	-0.824054857785607	-2.22840312389761	-1.68540061352814
0.00917611	0.0600462	-0.0738853	-0.000430647	0.00011954	0.000778	-0.00675109	0.05559364	0.0098033	-0.000825843	8.13377e-05	0	0.117507065	0.0515428613	0.0490632542	0.045018557	0.0395377932	0.0327957961	0.0250076315	0.0164217376	0.0073119995	-0.0020309873	-0.0113091867	-0.0202266294	-0.028498854	-0.0358619813	-0.0420811315	-0.0469579174	-0.0503367722	-0.0521099123	-0.0522207755	-0.0506658255	-0.0474946641	-0.0428084497	0.0473620131	0.0022376777	0.0337705189	0.046370623	0.0279061692	-0.0071699542	0.0336786246	0.0265499714	-0.0383351708	0.0167368414	-0.160487679960007	-0.152715399728126	-2.22840312389761	-1.68540061352814
0.00916316	0.0273541	-0.0797878	0.000140468	3.88395e-05	0.000778	-1.29499999999994e-05	-0.0326921	-0.0059025	0.000571115	-8.07005e-05	0	0.071198325	0.051502229	0.0489033805	0.0446686685	0.0389397479	0.0319082567	0.0238094045	0.0149141057	0.0055199161	-0.0040589197	-0.0135019809	-0.0224933884	-0.030732371	-0.0379433273	-0.043885044	-0.0483587652	-0.0512148408	-0.0523577323	-0.0517492091	-0.0494096266	-0.0454172463	-0.0399056168	-0.0154134038	-0.0145178047	-0.0844942634	-0.0166176971	0.0050321679	0.0230779708	-0.058714808	-0.0050365868	0.0540385448	0.0307136714	-0.009563595579954	-1.05898683045974	-2.22840312389761	0.592443852028073
0.0172618	0.00819564	-0.0813973	0.000210656	0.00020492	0.000778	0.00809864	-0.01915846	-0.0016095	7.0188e-05	0.0001660805	0	0.040680025	0.0514606403	0.048739874	0.044311314	0.0383301323	0.0310059033	0.0225952602	0.013392903	0.0037212726	-0.0060807472	-0.015669704	-0.024709611	-0.0328837193	-0.0399056168	-0.0455292636	-0.0495576132	-0.0518495163	-0.052324667	-0.0509664168	-0.0478223571	-0.0430026525	-0.0366761804	0.006685043	0.0457579693	0.0281219811	0.034399269	-0.011716659	0.0204220642	0.0314526108	-0.0561975814	-0.0349203406	-0.0143378452	0.223642030230019	-0.914666043968414	-2.22840312389761	0.592443852028073
0.0195633	0.0417776	-0.0916067	-7.42609e-05	0.000166426	0.000586618	0.0023015	0.03358196	-0.0102094	-0.0002849169	-3.8494e-05	-0.000191382	0.071832505	0.0514180959	0.0485727468	0.0439465533	0.0377091275	0.0300891549	0.0213660101	0.0118595137	0.0019182066	-0.0080934286	-0.0178083308	-0.0268703181	-0.0349471469	-0.0417426926	-0.0470078072	-0.0505494535	-0.0522377823	-0.0520108938	-0.0498771065	-0.0459146523	-0.0402688086	-0.0331465714	-0.0096412612	-0.0478749097	-0.0198841088	0.0426172543	0.0088955489	-0.0545885298	-0.0249426861	-0.0079876574	-0.0128103301	0.0431250731	0.978265798302627	-0.777503560825223	-2.22840312389761	0.592443852028073
0.0299432	0.0156417	-0.0136109	0.000124023	-9.57593e-05	0.00127836	0.0103799	-0.0261359	0.0779958	0.0001982839	-0.0002621853	0.000691742	0.17212216	0.0513745965	0.0484020114	0.0435744473	0.0370769179	0.0291584371	0.0201224762	0.0103153331	0.0001128608	-0.0100939368	-0.0199138901	-0.0289706552	-0.0369171367	-0.0434487905	-0.0483152946	-0.0513301431	-0.0523777937	-0.0514180959	-0.0484878293	-0.043699295	-0.0372360105	-0.0293456776	-0.0160865442	0.0462721906	-0.0446052438	0.0393445703	-0.0787475337	0.0372868801	-0.0347897548	-0.0457593854	6.59768e-05	0.0117956711	-0.601538291374283	-1.04351844850192	0.448081059024295	0.592443852028073
0.0442443	0.0156027	-0.0689484	-7.42609e-05	-0.000584138	0.0018185	0.0143011	-3.89999999999991e-05	-0.0553375	-0.0001982839	-0.0004883787	0.00054014	0.13101773	0.0513301431	0.0482276804	0.0431950583	0.0364336915	0.028214182	0.0188654898	0.0087617663	-0.0016926191	-0.0120792627	-0.0219824722	-0.0310059033	-0.0387884217	-0.045018557	-0.0494469678	-0.051896421	-0.0522688852	-0.0505494535	-0.0468069407	-0.0411911291	-0.0339267737	-0.025304607	0.0096076632	-0.0324612921	0.0231417298	0.0190022324	-0.0104600294	-0.0451644357	0.0179561434	0.0363850545	0.0111720801	-0.0014293591	-1.04934482475389	-1.23948124639007	0.448081059024295	0.592443852028073
0.0391487	-0.0465054	-0.0400857	0.00044876	-0.000442429	0.00141429	-0.00509560000000001	-0.0621081	0.0288627	0.0005230209	0.000141709	-0.00040421	0.149513395	0.0512847364	0.0480497669	0.0428084497	0.0357796393	0.027256828	0.0175958911	0.0072002268	-0.0034960873	-0.0140464202	-0.0240102362	-0.0329714899	-0.0405559987	-0.0464470668	-0.0503987089	-0.0522459219	-0.0519115742	-0.0494096266	-0.0448445497	-0.0384069609	-0.0303656657	-0.0210564335	-0.0314963413	0.0397362998	-0.0014297537	-0.0031671309	-0.0311630558	-0.0256662999	-0.0327268671	-0.0402597586	-0.0173833217	-0.0196324975	-1.40273575923613	-1.30470906105827	0.448081059024295	-1.68540061352814
0.039154	-0.00413264	-0.0340604	0.000299061	-0.000685354	0.00101298	5.30000000000669e-06	0.04237276	0.00602529999999999	-0.000149699	-0.000242925	-0.00040131	0.08810006	0.0512383773	0.0478682839	0.0424146861	0.0351149558	0.0262868196	0.016314529	0.0056321357	-0.0052954007	-0.0159924506	-0.0259934166	-0.0348629988	-0.0422151417	-0.0477298374	-0.0511670547	-0.0523771858	-0.0513075588	-0.0480047303	-0.0426124582	-0.0353654455	-0.0265791242	-0.0166359256	0.0530816108	-0.042968352	0.0394817861	-0.0042333551	-0.0194195894	-0.0311608693	0.0395056362	0.0776427624	0.0132263611	-0.0064182155	-0.680559824396712	-1.16849348276696	0.448081059024295	-1.68540061352814
0.0391531	0.0115777	-0.00286141	0.000641107	-0.000513283	0.000928021	-8.99999999998125e-07	0.01571034	0.03119899	0.000342046	0.000172071	-8.49589999999999e-05	0.07686403	0.0511910666	0.0476832451	0.0420138333	0.0344398384	0.025304607	0.0150222601	0.0040589197	-0.0070884207	-0.0179144269	-0.0279283311	-0.0366761804	-0.0437614146	-0.048862844	-0.0517492091	-0.0522896643	-0.0504597097	-0.0463423012	-0.0401240904	-0.0320869629	-0.0225952602	-0.0120792627	-0.0463008249	-0.0164910639	-0.0149948292	-0.0490717164	0.0192281203	-0.0256425723	-0.0335099086	0.0074895457	0.0556062976	-0.0288786667	-0.938776694249957	-0.656767367231059	0.448081059024295	0.592443852028073
0.0413959	-0.00315803	-0.0129007	0.000721537	-0.000285238	0.00101298	0.0022428	-0.01473573	-0.01003929	8.04299999999999e-05	0.000228045	8.49589999999999e-05	0.04668952	0.0511428052	0.0474946641	0.0416059582	0.0337544877	0.0243106464	0.0137199483	0.0024820104	-0.0088730165	-0.0198094581	-0.0298113868	-0.0384069609	-0.0451906832	-0.0498425313	-0.0521430537	-0.0519837232	-0.0493720561	-0.044431258	-0.0373944116	-0.0285934806	-0.0184436498	-0.0074237382	0.0497957905	0.0389799657	0.0177130347	-0.0423541213	0.0359034869	0.0761789354	0.0269760032	0.0393081909	-0.0094488888	-0.0435347405	-1.72884925445418	-0.63854643919708	0.448081059024295	0.592443852028073
0.0391554	0.0179803	-0.0296254	0.00064642	-0.00038344	0.00101298	-0.0022405	0.02113833	-0.0167247	-7.51169999999999e-05	-9.8202e-05	0	0.04876948	0.051093594	0.047302555	0.0411911291	0.0330591074	0.0233053991	0.0124084642	0.0009028426	-0.0106470671	-0.021674694	-0.0316390872	-0.0400514517	-0.0464991262	-0.0506658255	-0.0523471556	-0.0514606403	-0.0480497669	-0.0422818529	-0.0344398384	-0.0249084068	-0.0141551145	-0.0027074549	-0.023850826	-0.0427699624	0.0267264026	-0.0651004566	-0.0107551702	-0.0322892987	0.0184722527	0.0006983359	0.0625102301	-0.0529155146	-1.63901958475616	-0.672463351416252	0.448081059024295	0.592443852028073
0.0280673	0.0464013	-0.0359488	0.000613318	-0.000420446	0.000785644	-0.0110881	0.028421	-0.0063234	-3.31019999999999e-05	-3.7006e-05	-0.000227336	0.0607047	0.051043434	0.0471069319	0.0407694154	0.032353904	0.0222893319	0.0110886847	-0.0006771467	-0.0124084642	-0.0235073292	-0.0334080384	-0.0416059582	-0.0476832451	-0.0513301431	-0.0523607718	-0.0507226006	-0.0464991262	-0.0399056168	-0.03127814	-0.0210564335	-0.0097614921	0.0020309873	0.0017941719	0.0504484772	0.0208359609	-0.017880539	0.0306397793	-0.01940229	-0.0287799116	-0.0290475011	-0.0458353243	-0.0704692571	-1.46065131019004	-0.802229739484921	0.448081059024295	0.592443852028073
0.0256391	0.00313462	-0.0249283	0.000495492	-0.000366804	0.000838263	-0.0024282	-0.04326668	0.0110205	-0.000117826	5.3642e-05	5.26190000000003e-05	0.06791973	0.050992326	0.0469078096	0.0403408874	0.0316390872	0.0212629165	0.0097614921	-0.0022565198	-0.0141551145	-0.025304607	-0.0351149558	-0.0430669878	-0.048739874	-0.0518333998	-0.0521838529	-0.049772687	-0.0447275033	-0.0373152977	-0.0279283311	-0.0170633708	-0.0052954007	0.006752807	0.0268807222	-0.0186185469	-0.0354258521	-0.0489031777	-0.030709049	0.035944565	-0.0215267325	0.0134694523	0.0455376507	-0.0182538243	-1.45573689840545	-0.860554752233474	0.448081059024295	0.592443852028073
0.0273273	0.0327649	-0.0565059	0.000393563	-0.000285238	0.00101298	0.0016882	0.02963028	-0.0315776	-0.000101929	8.1566e-05	0.000174717	0.08080668	0.050940271	0.0467052026	0.0399056168	0.0309148693	0.0202266294	0.0084277735	-0.0038338396	-0.015884942	-0.0270638244	-0.0367566699	-0.044431258	-0.0496661877	-0.0521740164	-0.0518170426	-0.0486148674	-0.0427433176	-0.0345247919	-0.024410558	-0.0129559745	-0.0007899965	0.0114193591	-0.035043865	0.0440471421	0.0367997667	0.0046927511	-0.0135613204	-0.0283301228	0.0195593803	-0.0647335981	-0.0267199599	-0.0218823883	-1.49311866276192	-0.863903765330201	0.448081059024295	0.592443852028073
0.0227972	0.0356042	-0.0359344	0.000326764	-0.000285238	0.00101298	-0.0045301	0.0028393	0.0205715	-6.6799e-05	0	0	0.03128085	0.0508872699	0.0464991262	0.0394636764	0.0301814655	0.0191809517	0.0070884207	-0.005407671	-0.0175958911	-0.0287823352	-0.0383301323	-0.0456957037	-0.0504597097	-0.0523509242	-0.0512616758	-0.0472539781	-0.0405559987	-0.0315490697	-0.0207459769	-0.0087617663	0.0037212726	0.0159924506	0.051005122	-0.0262642519	-0.0345112936	0.0057662616	0.0013390527	-0.0001465028	-0.0464373549	0.0752141281	-0.0304786158	0.044481617	-0.839465087515898	-1.27882465050182	0.448081059024295	-1.68540061352814
0.0256366	-0.0129454	-0.0359423	0.000495492	-0.000285238	0.00075367	0.0028394	-0.0485496	-7.90000000000513e-06	0.000168728	0	-0.00025931	0.0727988	0.0508333239	0.0462895956	0.03901514	0.0294390937	0.018126369	0.0057443291	-0.0069765817	-0.0192859283	-0.0304575546	-0.0398324213	-0.0468574839	-0.0511183183	-0.0523635681	-0.0505197734	-0.0456957037	-0.0381759417	-0.0284040951	-0.0169566271	-0.0045088495	0.0082049152	0.0204346535	-0.05560524	-0.0251376006	0.0167305573	0.001680098	0.011164136	0.0307045522	0.0399851437	-0.033805796	0.051260148	0.0194440907	-0.908939990836945	-0.910800184876609	0.448081059024295	0.592443852028073
0.0248257	0.0294382	-0.0359419	0.000311959	-0.000418797	0.000593764	-0.0008109	0.0423836	3.99999999997625e-07	-0.000183533	-0.000133559	-0.000159906	0.0670448	0.0507784337	0.0460766263	0.0385600826	0.0286879745	0.0170633708	0.0043963972	-0.0085391442	-0.0209530451	-0.0320869629	-0.0412607473	-0.0479139886	-0.0516402525	-0.0522119084	-0.049594035	-0.0439465533	-0.0356144575	-0.0251067401	-0.0130652981	-0.0002257211	0.0126276447	0.024709611	0.044707894	-0.0043764068	0.0365303502	-0.0089931706	0.0370257773	-0.0184610081	0.016408148	0.0483765759	-0.0186290632	-0.0013697553	-0.946659160904901	-0.799555557608316	0.448081059024295	0.592443852028073
0.0209333	-0.0074806	-0.00945391	0.000652842	-0.00015595	0.000656825	-0.0038924	-0.0369188	0.02648799	0.000340883	0.000262847	6.3061e-05	0.10063874	0.0507226006	0.0458602343	0.0380985803	0.0279283311	0.0159924506	0.0030455261	-0.0100939368	-0.0225952602	-0.0336681095	-0.0426124582	-0.048862844	-0.0520241169	-0.051896421	-0.0484878293	-0.0420138333	-0.0328837193	-0.021674694	-0.0090953929	0.0040589197	0.0169566271	0.0287823352	-0.0267992774	-0.0164479604	-0.0519678693	-0.0406357447	0.0213142948	0.037579553	-0.0299685425	0.0012242268	0.0586181242	0.0159226071	-0.786403717244353	-0.869062178455707	0.448081059024295	0.592443852028073
0.0230266	-0.00747507	-0.00945804	0.000764493	-0.000253931	0.000498859	0.0020933	5.52999999999838e-06	-4.12999999999976e-06	0.000111651	-9.7981e-05	-0.000157966	0.02048286	0.0506658255	0.0456404355	0.0376307102	0.0271603893	0.0149141057	0.0016926191	-0.0116395445	-0.0242106219	-0.0351986159	-0.043885044	-0.0497019183	-0.0522688852	-0.0514180959	-0.0472051818	-0.0399056168	-0.0299967047	-0.018126369	-0.0050707869	0.0083163637	0.0211597241	0.0326194932	0.0276563885	0.0382813733	0.0456504155	0.0078548101	0.0026995467	0.0060814628	0.0477149001	-0.0005061716	-0.0357116377	-0.033873877	-0.57327986591751	-0.915722252468622	0.448081059024295	0.592443852028073
0.0230275	0.0463444	-0.00944212	0.000514513	-0.000253931	0.000593764	9.00000000001594e-07	0.05381947	1.59199999999991e-05	-0.00024998	0	9.4905e-05	0.07108054	0.0506081094	0.0454172463	0.0371565505	0.0263843771	0.0138288366	0.0003385804	-0.0131745611	-0.0257972105	-0.0366761804	-0.0450761418	-0.0504293264	-0.0523739028	-0.0507784337	-0.0457507597	-0.0376307102	-0.0269671338	-0.0144808008	-0.0010156846	0.0125180835	0.0252057321	0.0361896802	-0.0115082307	-0.0344673489	-0.030386466	-0.0319639223	-0.0090805059	-0.0343678922	-0.0429986903	0.0176615316	0.0349235331	0.0089038027	-1.0596923050366	-0.841236168978166	0.448081059024295	0.592443852028073
0.0305742	0.0115264	-0.0195846	0.000683498	-0.000253931	0.000593764	0.0075467	-0.034818	-0.01014248	0.000168985	0	0	0.06095643	0.0505494535	0.0451906832	0.0366761804	0.0256005252	0.0127371473	-0.0010156846	-0.0146975897	-0.0273531403	-0.0380985803	-0.0461835398	-0.051043434	-0.0523388891	-0.0499794418	-0.0441298556	-0.0351986159	-0.0238094045	-0.010757547	0.0030455261	0.0166359256	0.0290646136	0.0394636764	-0.0060044728	0.0495263261	0.002559631	-0.0179882606	-0.0136871873	0.0371368533	-0.0098166046	-0.0194670988	-0.0156821486	-0.0262788774	-1.021240323225	-0.860514820448052	0.448081059024295	0.592443852028073
0.0296709	0.0569998	-0.0500873	-0.000106184	-0.00016731	0.000593764	-0.000903300000000003	0.0454734	-0.0305027	-0.000789682	8.6621e-05	0	0.12069455	0.0504898588	0.0449607632	0.0361896802	0.0248090665	0.0116395445	-0.0023692706	-0.0162072446	-0.0288765622	-0.0394636764	-0.0472051818	-0.0515428613	-0.0521639377	-0.049023627	-0.0423483678	-0.0326194932	-0.0205385235	-0.0069765817	0.0070884207	0.0206422981	0.0327077205	0.0424146861	0.0043004851	-0.0452552693	0.0234349795	-0.0054872196	0.0217502041	-0.0446274607	0.0169012034	0.0324952323	0.0059929129	-0.0104727573	-0.98741832854864	-1.33215083848392	0.448081059024295	0.592443852028073
0.0230275	0.0193429	-0.0374758	0.000344101	-0.000253931	0.000593764	-0.0066434	-0.0376569	0.0126115	0.000450285	-8.6621e-05	0	0.0837571	0.0504293264	0.0447275033	0.0356971313	0.0240102362	0.0105365379	-0.0037212726	-0.017702152	-0.0303656657	-0.0407694154	-0.0481391707	-0.0519264863	-0.0518495163	-0.0479139886	-0.0404127789	-0.0299041152	-0.0171700353	-0.003158189	0.0110886847	0.0245103563	0.0361080066	0.045018557	-0.0346161099	0.047985079	-0.0512384623	-0.023323108	0.0046712568	0.0187963055	-0.061565513	-0.0323434953	-0.0089672447	-0.0203847625	-0.571021199584375	-1.36957883727599	0.448081059024295	0.592443852028073
0.0230275	0.00192923	-0.0501076	0.000548231	-0.000253931	0.000593764	0	-0.01741367	-0.0126318	0.00020413	0	0	0.04025197	0.0503678575	0.0444909208	0.0351986159	0.0232042715	0.0094286395	-0.0050707869	-0.0191809517	-0.0318186811	-0.0420138333	-0.0489837722	-0.0521934471	-0.0513964655	-0.0466540082	-0.0383301323	-0.0270638244	-0.0137199483	0.0006771467	0.0150222601	0.028214182	0.0392402281	0.0472539781	0.0637343846	-0.0254777965	0.0474052661	0.0197516228	0.0128388836	-0.0031340508	0.0651292007	0.0595179254	-0.0122168163	0.0145021608	-0.562357401686784	-1.41443527657621	0.448081059024295	0.592443852028073
0.0230319	0.0598487	-0.0237475	0.000489884	-0.000146005	0.000593764	4.40000000000162e-06	0.05791947	0.0263601	-5.83469999999999e-05	0.000107926	0	0.09259762	0.0503054532	0.0442510332	0.0346942175	0.0223914121	0.0083163637	-0.0064169112	-0.0206422981	-0.0332338815	-0.0431950583	-0.0497374181	-0.0523431439	-0.0508059967	-0.0452476394	-0.0361080066	-0.024110485	-0.0102046586	0.0045088495	0.0188654898	0.0317289578	0.0420811315	0.0491026536	-0.0419315894	-0.056202501	-0.0291423967	-0.0211365428	0.0597581977	-0.0483580274	-0.0219243085	0.0367568553	0.0656191943	0.0351693224	0.052715364112343	-1.39061990242137	0.448081059024295	0.592443852028073
0.0257163	0.000348349	-0.00167686	0.00067344	-0.000126703	0.000530221	0.0026844	-0.059500351	0.02207064	0.000183556	1.9302e-05	-6.3543e-05	0.097575441	0.0502421146	0.0440078585	0.0341840202	0.0215718994	0.0072002268	-0.0077587455	-0.0220848615	-0.034609585	-0.044311314	-0.0503987089	-0.0523752403	-0.0500796887	-0.043699295	-0.0337544877	-0.0210564335	-0.0066408724	0.0083163637	0.0225952602	0.0350311327	0.0446096262	0.0505494535	0.0175803885	0.0659975799	0.0227606638	-0.016476753	0.0253103743	0.0594944099	0.0201677831	-0.0141790711	-0.0209984511	-0.0470213926	0.862028694150222	-1.47166785855634	0.448081059024295	0.592443852028073
0.0230313	0.0341673	-0.0237102	0.000411037	-0.000126703	0.000532408	-0.002685	0.033818951	-0.02203334	-0.000262403	0	2.18700000000007e-06	0.071766791	0.050177843	0.0437614146	0.0336681095	0.0207459769	0.0060807472	-0.0090953929	-0.0235073292	-0.0359441567	-0.0453609212	-0.0509664168	-0.0522896643	-0.0492194833	-0.0420138333	-0.03127814	-0.0179144269	-0.0030455261	0.0120792627	0.02618914	0.0380985803	0.0468069407	0.0515825363	0.0122520004	-0.0519604973	0.0322809276	-0.0300343776	-0.0270096686	-0.0445275369	0.0204078042	0.026118135	0.0267286471	-0.0263061337	-0.372781122849803	1.23219600923388	0.448081059024295	0.592443852028073
0.0230318	0.0292372	-0.0237102	0.000411037	-0.000126703	0.000593764	5.000000000005e-07	-0.0049301	0	0	0	6.13559999999999e-05	0.0079984	0.0501126395	0.0435117199	0.0331465714	0.0199138901	0.0049584444	-0.0104259597	-0.0249084068	-0.0372360105	-0.0463423012	-0.0514394875	-0.0520866082	-0.0482276804	-0.0401965428	-0.0286879745	-0.0146975897	0.0005642937	0.0157773596	0.0296255153	0.0409107473	0.0486567622	0.0521934471	-0.0490008125	0.0430938497	-0.0121128827	-0.0145380525	0.0063961757	-0.0044432143	-0.0567614868	-0.0652826073	-0.0316948789	-0.0613362114	-0.834036480580902	1.87274148087724	0.448081059024295	0.592443852028073
0.00988208	0.00034961	-0.00697565	0.000411037	-0.000126703	0.000336426	-0.01314972	-0.02888759	0.01673455	0	0	-0.000257338	0.07163876	0.0500465054	0.0432587929	0.0326194932	0.0190758861	0.0038338396	-0.0117495564	-0.0262868196	-0.0384836111	-0.0472539781	-0.0518170426	-0.051766528	-0.0471069319	-0.0382531258	-0.0259934166	-0.0114193591	0.0041714317	0.0193908153	0.0328837193	0.0434487905	0.0501453577	0.0523771858	0.0616160934	0.0010674369	-0.0050229027	-0.0114180742	0.0019741383	0.0540574041	0.0262024593	0.0490748607	-0.0272031829	0.0057888138	-0.435498431119346	1.71908623649011	0.448081059024295	0.592443852028073
0.0142103	0.0352447	-0.0408904	0.000411037	-3.7626e-05	0.000593764	0.00432822	0.03489509	-0.03391475	0	8.9077e-05	0.000257338	0.09045881	0.0499794418	0.0430026525	0.0320869629	0.0182322141	0.0027074549	-0.0130652981	-0.0276413132	-0.0396854757	-0.0480945804	-0.0520983812	-0.0513301431	-0.0458602343	-0.0361896802	-0.0232042715	-0.0080934286	0.0077587455	0.0229002443	0.0359441567	0.0456957037	0.0512616758	0.0521322486	-0.0528223242	-0.0380637686	0.0538507404	0.010933085	0.0247145431	-0.0297488054	0.0466041948	-0.0420949372	0.024049524	-0.0044226837	-0.021665027867037	0.296126636369739	0.448081059024295	-1.68540061352814
0.0230289	0.0605291	-0.0237123	0.00040086	-0.000207983	0.000593764	0.0088186	0.0252844	0.0171781	-1.01769999999999e-05	-0.000170357	0	0.0603078	0.04991145	0.0427433176	0.0315490697	0.0173831246	0.0015798132	-0.0143723053	-0.0289706552	-0.0408401761	-0.048862844	-0.0522829807	-0.0507784337	-0.0444909208	-0.0340126806	-0.0203306886	-0.0047336909	0.0113091867	0.0262868196	0.0387884217	0.0476364314	0.0519974292	0.0514606403	0.0403986672	0.0083066903	-0.0262359896	0.0244866706	0.0578959913	0.0047740554	-0.0470054809	0.0392262348	-0.0526491134	0.0284378828	-0.807497987709657	0.810593411962324	0.448081059024295	-1.68540061352814
0.0252149	-0.0137808	-0.0440847	0.000617331	-0.000184144	0.000593764	0.002186	-0.0743099	-0.0203724	0.000216471	2.3839e-05	0	0.1088838	0.0498425313	0.0424808075	0.0310059033	0.01652887	0.0004514381	-0.015669704	-0.0302736359	-0.0419463399	-0.0495576132	-0.0523704984	-0.0501126395	-0.0430026525	-0.0317289578	-0.0173831246	-0.0013541801	0.0148058821	0.0295323731	0.0413994086	0.0492579697	0.0523471556	0.0503678575	-0.0313661216	-0.0299136334	-0.0318381048	0.0378983892	0.0433930744	0.056702598	0.0305750116	-0.0363397667	0.0412014744	0.057018629	-0.582920746139954	1.45741588997221	0.448081059024295	0.592443852028073
0.0311724	0.0482459	-0.0701788	9.12945e-05	-0.000126703	0.000593764	0.0059575	0.0620267	-0.0260941	-0.0005260365	5.7441e-05	0	0.123252175	0.049772687	0.0422151417	0.0304575546	0.015669704	-0.0006771467	-0.0169566271	-0.0315490697	-0.0430026525	-0.050177843	-0.0523607718	-0.0493342563	-0.0413994086	-0.0293456776	-0.0143723053	0.0020309873	0.0182322141	0.0326194932	0.0437614146	0.0505494535	0.0523082586	0.048862844	0.0220248943	0.0073201322	0.0326581981	0.0638182032	0.0495607141	-0.0341635141	0.0352757381	0.0136952387	-0.0370531036	0.0463362886	0.521158578889024	2.74089490111085	0.448081059024295	0.592443852028073
0.0230341	-0.0185942	-0.0368394	0.000448653	-0.000101707	0.000423474	-0.0081383	-0.0668401	0.0333394	0.0003573585	2.4996e-05	-0.00017029	0.135950025	0.0497019183	0.0419463399	0.0299041152	0.0148058821	-0.001805417	-0.0182322141	-0.0327957961	-0.0440078585	-0.0507226006	-0.0522538189	-0.0484450328	-0.0396854757	-0.0268703181	-0.0113091867	0.005407671	0.0215718994	0.0355316183	0.0458602343	0.051502229	0.051881027	0.0469579174	-0.0145464004	-0.0318055524	-0.0626641881	0.0344312396	0.0542712065	0.0199677872	-0.0325817063	-0.0009806642	0.0363649142	0.054642468	0.451188163213164	3.07431919387287	0.448081059024295	0.592443852028073
0.0259395	-0.000500819	-0.0513432	0.00021677	-8.91299e-05	0.000593764	0.0029054	0.018093381	-0.0145038	-0.000231883	1.25771e-05	0.00017029	0.056240086	0.0496302266	0.0416744222	0.0293456776	0.0139376608	-0.0029328492	-0.0194956122	-0.0340126806	-0.0449607632	-0.0511910666	-0.0520498384	-0.047446967	-0.0378654364	-0.0243106464	-0.0082049152	0.0087617663	0.0248090665	0.0382531258	0.0476832451	0.0521099123	0.0510686325	0.0446686685	0.0273486373	0.0149539402	0.0234338775	0.0532080129	0.0316269396	-0.0238877565	0.0328154465	0.0076291354	-0.0374076768	0.0194577681	0.384878738930851	2.66495424458594	0.448081059024295	0.592443852028073
0.0230351	0.0377029	-0.0257893	4.64806e-05	-0.000260149	0.000593764	-0.0029044	0.038203719	0.0255539	-0.0001702894	-0.0001710191	0	0.083727444	0.0495576132	0.0413994086	0.0287823352	0.0130652981	-0.0040589197	-0.0207459769	-0.0351986159	-0.0458602343	-0.0515825363	-0.0517492091	-0.0463423012	-0.0359441567	-0.021674694	-0.0050707869	0.0120792627	0.0279283311	0.0407694154	0.0492194833	0.0523684314	0.0498771065	0.0420138333	-0.0183310706	-0.0583829372	-0.0452170419	0.007131323	0.0381752086	-0.035110674	-0.034910212	0.0458924416	0.0537234944	0.0345477663	-0.014780557114104	2.60424016267523	0.448081059024295	0.592443852028073
0.023038	0.0119135	0.00103254	0.000591839	-0.00025942	0.000593764	2.90000000000013e-06	-0.0257894	0.02682184	0.0005453584	7.28999999999986e-07	0	0.07991851	0.0494840794	0.0411213197	0.028214182	0.0121890533	-0.0051831058	-0.0219824722	-0.036352523	-0.0467052026	-0.051896421	-0.051352489	-0.0451335173	-0.0339267737	-0.018970732	-0.0019182066	0.0153463027	0.0309148693	0.0430669878	0.0504597097	0.0522760543	0.0483152946	0.03901514	0.0008829615	0.0611438451	-0.011605634	-0.0187911837	0.020533337	0.0428633863	-0.0014055637	0.0068727535	0.0014808957	-0.0411569034	0.416872608115855	2.42711831657294	0.448081059024295	0.592443852028073
0.0230375	0.0358486	0.00102142	0.000612527	-8.91299e-05	0.000593764	-5.000000000005e-07	0.0239351	-1.11199999999999e-05	2.06879999999999e-05	0.0001702901	0	0.033495625	0.0494096266	0.0408401761	0.0276413132	0.0113091867	-0.0063048856	-0.0232042715	-0.0374733519	-0.0474946641	-0.0521322486	-0.050860415	-0.043823331	-0.0318186811	-0.0162072446	0.0012413539	0.0185492395	0.0337544877	0.0451335173	0.0513964655	0.0518333998	0.0463947917	0.0356971313	0.0136415462	-0.0529314575	0.0472553211	-0.0665827447	-0.031373121	-0.0438380051	0.0362267234	0.0442914572	0.0637575597	-0.066187751	1.2462228181579	2.540883307863	0.448081059024295	0.592443852028073
0.0230375	0.0706154	0.00103512	0.000448216	-8.91299e-05	0.000593764	0	0.0347668	1.37e-05	-0.000164311	0	0	0.04299605	0.0493342563	0.0405559987	0.0270638244	0.0104259597	-0.0074237382	-0.024410558	-0.0385600826	-0.0482276804	-0.0522896643	-0.0502739006	-0.0424146861	-0.0296255153	-0.013392903	0.0043963972	0.021674694	0.0364336915	0.0469579174	0.0520241169	0.051043434	0.0441298556	0.0320869629	-0.0306042102	0.038554687	0.0118813094	-0.0675076624	0.012639041	-0.0430326314	-0.0475973395	-0.004007774	-0.0063449476	-0.1067153136	1.01684019425253	2.6514127466986	0.448081059024295	0.592443852028073
0.0230375	0.0171527	0.0273208	0.000605437	-8.91299e-05	0.000593764	0	-0.0534627	0.02628568	0.000157221	0	0	0.08760943	0.0492579697	0.0402688086	0.0264818121	0.0095396348	-0.0085391442	-0.0256005252	-0.0396117264	-0.0489033805	-0.0523684314	-0.049594035	-0.0409107473	-0.0273531403	-0.0105365379	0.0075354425	0.024709611	0.0389397479	0.0485304007	0.0523388891	0.04991145	0.0415373011	0.028214182	0.0464181009	-0.000581901	-0.0003193408	-0.0997386428	-0.0367442863	0.0586938171	-0.0078133553	0.0539662336	0.0379640403	-0.0610564743	1.28955268270598	2.6421013682256	0.448081059024295	0.592443852028073
0.0230375	0.0277529	-0.00394703	0.000625656	-8.91299e-05	0.000593764	0	0.0106002	-0.03126783	2.02189999999999e-05	0	0	0.04287898	0.0491807684	0.0399786271	0.0258953737	0.0086504753	-0.0096505858	-0.0267733776	-0.0406273263	-0.0495209612	-0.0523684314	-0.0488220806	-0.0393148935	-0.0250076315	-0.0076471118	0.0106470671	0.0276413132	0.0412607473	0.0498425313	0.0523388891	0.0484450328	0.0386363752	0.024110485	-0.0433738704	0.022172989	0.0676435905	-0.0618267092	-0.0302873898	-0.0354806719	0.0240290434	-0.0353785537	0.003061625	-0.0735907265	1.20614989469266	2.71553390991773	0.448081059024295	0.592443852028073
0.0196332	0.0543767	0.0193999	0.00041935	-0.000326284	0.000593764	-0.0034043	0.0266238	0.02334693	-0.000206306	-0.0002371541	0	0.075548035	0.0491026536	0.0396854757	0.025304607	0.0077587455	-0.010757547	-0.0279283311	-0.0416059582	-0.0500796887	-0.0522896643	-0.0479594708	-0.0376307102	-0.0225952602	-0.0047336909	0.0137199483	0.0304575546	0.0433856593	0.0508872699	0.0520241169	0.0466540082	0.0354486142	0.0198094581	0.0473284106	-0.0084964219	-0.0040601543	-0.0698411775	0.0076581998	0.0049572913	-0.0316137096	0.0971843644	-0.0110621954	-0.0337785058	1.31124257184876	0.382196453891844	0.448081059024295	0.592443852028073
0.0158863	0.0205003	0.0194046	0.000916027	-0.000213485	0.000593764	-0.0037469	-0.0338764	4.69999999999637e-06	0.000496677	0.000112799	0	0.0681018	0.049023627	0.0393893764	0.024709611	0.0068647103	-0.0118595137	-0.0290646136	-0.0425467316	-0.0505788988	-0.0521322486	-0.0470078072	-0.0358619813	-0.0201224762	-0.001805417	0.016742904	0.0331465714	0.0453043854	0.0516590118	0.0513964655	0.0445503769	0.0319976841	0.0153463027	-0.0418830916	0.0369073758	0.0164042824	-0.0852489545	-0.0212431574	0.0455044852	0.0154344184	-0.0143497773	0.0524266015	-0.0454133406	0.875128958882402	2.6141725298934	0.448081059024295	0.592443852028073
0.0230322	0.0254773	-0.0112277	0.000345379	-0.000382461	0.000593764	0.0071459	0.004977	-0.0306323	-0.000570648	-0.000168976	0	0.0797364	0.04894369	0.039090351	0.024110485	0.0059686353	-0.0129559745	-0.0301814655	-0.0434487905	-0.0510179984	-0.051896421	-0.0459688572	-0.0340126806	-0.0175958911	0.0011285219	0.0197049341	0.0356971313	0.0470078072	0.0521536168	0.0504597097	0.0421482344	0.0283092043	0.010757547	0.0577844602	0.0040083474	0.0661449309	-0.0285546256	-0.0026828347	-0.0167132521	0.0392818004	0.0475551416	-0.0360956822	-0.0476200018	0.442797357209417	2.72832906721003	0.448081059024295	0.592443852028073
0.0155795	0.0425101	-0.0117949	0.000349122	-8.91299e-05	0.000535309	-0.0074527	0.0170328	-0.0005672	3.74300000000001e-06	0.0002933311	-5.8455e-05	0.042829155	0.048862844	0.0387884217	0.0235073292	0.0050707869	-0.0140464202	-0.03127814	-0.044311314	-0.0513964655	-0.0515825363	-0.0448445497	-0.0320869629	-0.0150222601	0.0040589197	0.0225952602	0.0380985803	0.0484878293	0.0523684314	0.0492194833	0.0394636764	0.024410558	0.0060807472	-0.0488145064	-0.0163717848	-0.0261481415	-0.0076478793	-0.0135556937	-0.0118552824	-0.0345875324	-0.0360844857	0.0134650425	0.0285571176	0.690578352060494	1.20426450290277	0.448081059024295	0.592443852028073
0.00859577	-0.0147253	-0.0251512	0.000626354	-0.000217755	0.000593764	-0.00698373	-0.0572354	-0.0133563	0.000277232	-0.0001286251	5.8455e-05	0.100791035	0.0487810905	0.0384836111	0.0229002443	0.0041714317	-0.0151303447	-0.032353904	-0.0451335173	-0.0517138504	-0.0511910666	-0.0436369724	-0.0300891549	-0.0124084642	0.0069765817	0.0254033645	0.0403408874	0.0497374181	0.0523023033	0.0476832451	0.0365146908	0.0203306886	0.0013541801	0.0500626166	0.0376422858	-0.0015067708	0.0419649237	0.0165172032	0.0726505966	0.037820328	0.009014915	-0.0439128865	0.0250820942	1.09644953821696	1.15464769204982	0.448081059024295	0.592443852028073
0.00601994	0.0426536	-0.0356897	0.000253206	-0.000243456	0.000593764	-0.00257583	0.0573789	-0.0105385	-0.000373148	-2.5701e-05	0	0.09043568	0.0486984311	0.0381759417	0.0222893319	0.0032708371	-0.0162072446	-0.0334080384	-0.0459146523	-0.0519697758	-0.0507226006	-0.0423483678	-0.028023745	-0.0097614921	0.009872353	0.0281190288	0.0424146861	0.050750635	0.0519555872	0.0458602343	0.0333210373	0.016099885	-0.0033834701	-0.0320180915	-0.0612330005	0.0120249828	-0.0192003686	-0.0253024407	-0.0513822318	0.0159086338	0.0062972816	0.0572722323	-0.0161008084	0.784966902731406	2.93297742078034	0.448081059024295	0.592443852028073
0.00388056	0.0238268	0.00682565	0.000494162	-8.91299e-05	0.000593764	-0.00213938	-0.0188268	0.04251535	0.000240956	0.0001543261	0	0.083245635	0.0486148674	0.0378654364	0.021674694	0.0023692706	-0.01727662	-0.0344398384	-0.0466540082	-0.0521639377	-0.050177843	-0.0409811285	-0.0258953737	-0.0070884207	0.0127371473	0.030732371	0.044311314	0.0515226647	0.0513301431	0.0437614146	0.0299041152	0.0117495564	-0.0080934286	-0.0065705129	0.0772605607	-0.0335567579	-0.0112512452	-0.0101758443	0.0067843596	-0.0678416191	-0.0321525396	-0.0418424781	-0.0539835789	0.677473625765186	2.83697857330852	0.448081059024295	0.592443852028073
-0.000338504	-0.00641737	-0.0149324	0.000661631	-0.000280584	0.000593764	-0.004219064	-0.03024417	-0.02175805	0.000167469	-0.0001914541	0	0.074167439	0.0485304007	0.0375521182	0.0210564335	0.0014670001	-0.0183379745	-0.0354486142	-0.0473509122	-0.0522961052	-0.0495576132	-0.0395377932	-0.0237088227	-0.0043963972	0.0155619757	0.0332338815	0.0460228486	0.0520498384	0.0504293264	0.0413994086	0.0262868196	0.0073119995	-0.0127371473	0.0268981779	-0.0177789502	0.022152665	-0.0276463849	-0.0822023149	0.0047223034	0.0201902357	-0.0094727987	0.025366765	-0.0182392614	1.09721664822714	2.80307967040629	-2.22840312389761	0.592443852028073
-0.0189025	0.0701097	-0.0206196	0.000333146	-0.000272508	0.000468852	-0.018563996	0.07652707	-0.0056872	-0.000328485	8.07600000000004e-06	-0.000124912	0.123851916	0.0484450328	0.0372360105	0.0204346535	0.0005642937	-0.0193908153	-0.0364336915	-0.0480047303	-0.0523661213	-0.048862844	-0.0380210421	-0.0214690046	-0.0016926191	0.0183379745	0.0356144575	0.0475421407	0.0523296507	0.0492579697	0.0387884217	0.0224933884	0.0028201586	-0.01727662	-0.0398625824	0.0288518073	0.0281765452	0.0110960186	-0.0291007299	-0.0543897661	-0.0185160127	-0.0570208724	-0.0477339637	-0.0205640922	1.23376167234368	2.18329965456189	0.448081059024295	0.592443852028073
-0.0188923	0.0250582	-0.0206132	0.000206661	-8.91299e-05	0.000593764	1.01999999999984e-05	-0.0450515	6.39999999999669e-06	-0.000126485	0.0001833781	0.000124912	0.066806855	0.0483587652	0.0369171367	0.0198094581	-0.0003385804	-0.0204346535	-0.0373944116	-0.0486148674	-0.0523739028	-0.0480945804	-0.0364336915	-0.0191809517	0.0010156846	0.0210564335	0.0378654364	0.048862844	0.0523607718	0.0478223571	0.0359441567	0.0185492395	-0.0016926191	-0.021674694	0.042526935	0.008880449	-0.0380533169	-0.0034946912	-0.0366016097	0.0486084553	-0.0278258921	0.0309298632	-0.0237031085	0.0138581841	1.48842462831844	2.39715179633877	0.448081059024295	0.592443852028073
-0.0056411	0.0250692	-0.0481306	0.000277405	-8.91299e-05	0.000593764	0.0132512	1.10000000000006e-05	-0.0275174	7.0744e-05	0	0	0.0443168	0.0482715996	0.0365955205	0.0191809517	-0.0012413539	-0.0214690046	-0.0383301323	-0.0491807684	-0.0523194405	-0.0472539781	-0.0347786889	-0.0168498047	0.0037212726	0.0237088227	0.0399786271	0.0499794418	0.0521430537	0.0461301902	0.0328837193	0.0144808008	-0.0061928308	-0.0258953737	-0.0643567009	-0.0071614917	0.039454281	0.0303306842	-0.0260406534	-0.0038058923	0.0291414127	-0.0801859267	0.0063089115	0.0255105237	1.36309290657897	2.7129282516438	0.448081059024295	0.592443852028073
-0.00208709	0.0815559	-0.0481153	0.000315928	-0.000225313	0.000593764	0.00355401	0.0564867	1.52999999999959e-05	3.8523e-05	-0.0001361831	0	0.068791315	0.0481835374	0.0362711858	0.0185492395	-0.0021437585	-0.0224933884	-0.0392402281	-0.0497019183	-0.0522027989	-0.0463423012	-0.0330591074	-0.0144808008	0.0064169112	0.0262868196	0.0419463399	0.0508872699	0.0516775313	0.044190547	0.0296255153	0.0103153331	-0.0106470671	-0.0299041152	0.0348526371	0.0135454227	-0.0076039406	0.0595050351	0.0264217259	-0.0079413247	0.0063548761	0.0043524622	-0.0541353837	0.049524891	1.29503036683537	2.924245035686	0.448081059024295	0.592443852028073
0.00276126	0.00982304	-0.0574463	0.000605895	-8.91299e-05	0.000593764	0.00484835	-0.07173286	-0.00933100000000001	0.000289967	0.0001361831	0	0.107219715	0.0480945804	0.0359441567	0.0179144269	-0.0030455261	-0.0235073292	-0.0401240904	-0.050177843	-0.0520241169	-0.0453609212	-0.03127814	-0.0120792627	0.0090953929	0.0287823352	0.0437614146	0.0515825363	0.0509664168	0.0420138333	0.02618914	0.0060807472	-0.0150222601	-0.0336681095	-0.0165004078	-0.0214897343	-0.0723457285	0.032088713	-0.0066398125	0.0626128981	-0.0107007223	-0.0463587656	0.020912285	0.0784079915	1.16658893559626	2.09284039904946	0.448081059024295	0.592443852028073
0.0178106	0.0272597	-0.0845547	0.00017239	-0.000299081	0.000593764	0.01504934	0.01743666	-0.0271084	-0.000433505	-0.0002099511	0	0.091767205	0.0480047303	0.0356144575	0.01727662	-0.0039463888	-0.0245103563	-0.0409811285	-0.0506081094	-0.0517836067	-0.044311314	-0.0294390937	-0.0096505858	0.0117495564	0.0311875391	0.0454172463	0.0520623368	0.0500130897	0.0396117264	0.0225952602	0.001805417	-0.0192859283	-0.0371565505	-0.0029237442	0.0374898137	0.0156607235	0.0900370034	-0.0129589104	-0.032132431	0.024287982	-0.0561993982	-0.0681146465	0.0450673368	0.989638880409198	1.4287117560582	0.448081059024295	0.592443852028073
0.0110316	0.0512623	-0.0673199	0.000236739	-0.000433017	0.000805876	-0.006779	0.0240026	0.0172348	6.4349e-05	-0.000133936	0.000212112	0.06853625	0.0479139886	0.0352821126	0.0166359256	-0.0048460789	-0.0255020041	-0.0418107693	-0.050992326	-0.0514815542	-0.0431950583	-0.0275453833	-0.0072002268	0.0143723053	0.0334948844	0.0469078096	0.052324667	0.0488220806	0.0369971132	0.0188654898	-0.0024820104	-0.0234064185	-0.0403408874	0.0309767347	-0.0263429911	-0.0573568608	0.0371805852	-0.0460351769	-0.0084142063	-0.0510809657	0.0254655166	-0.0180901877	0.0509681086	0.20508081223017	2.26992385553975	0.448081059024295	-1.68540061352814
0.0197414	0.0110765	-0.0673331	0.000663435	-0.000377444	0.000593764	0.0087098	-0.0401858	-1.32000000000049e-05	0.000426696	5.5573e-05	-0.000212112	0.08362785	0.0478223571	0.0349471469	0.0159924506	-0.0057443291	-0.0264818121	-0.0426124582	-0.0513301431	-0.0511183183	-0.0420138333	-0.0256005252	-0.0047336909	0.0169566271	0.0356971313	0.0482276804	0.0523684314	0.0473990497	0.0341840202	0.0150222601	-0.006752807	-0.0273531403	-0.0431950583	-0.0581300263	0.0341361484	0.0077422489	0.0352751782	-0.0474461505	0.0213514989	0.022765656	-0.0829700237	0.0007368958	0.0325436485	-1.02495067066065	2.70619810051251	0.448081059024295	0.592443852028073
0.0178724	0.0612277	-0.0673201	0.000235641	-0.000442022	0.000743557	-0.001869	0.0501512	1.29999999999991e-05	-0.000427794	-6.4578e-05	0.000149793	0.08414145	0.0477298374	0.034609585	0.0153463027	-0.0066408724	-0.0274493255	-0.0433856593	-0.0516212534	-0.0506943307	-0.0407694154	-0.0236081307	-0.0022565198	0.0194956122	0.0377873696	0.0493720561	0.0521934471	0.0457507597	0.0311875391	0.0110886847	-0.0109783563	-0.0310967934	-0.0456957037	0.0462692531	-0.0080021335	0.0274933956	0.0742557636	-0.0046336513	-0.0308001424	0.028384818	0.0092489529	-0.0714284223	0.0442491327	-1.33697008795994	2.31709597003682	0.448081059024295	0.592443852028073
0.0110256	0.0464227	-0.0586649	0.000336769	-0.00043382	0.000593764	-0.0068468	-0.014805	0.00865520000000001	0.000101128	8.20199999999996e-06	-0.000149793	0.04326315	0.0476364314	0.0342694522	0.0146975897	-0.0075354425	-0.0284040951	-0.0441298556	-0.051865392	-0.0502100954	-0.0394636764	-0.0215718994	0.0002257211	0.0219824722	0.0397590408	0.0503367722	0.0518004449	0.043885044	0.028023745	0.0070884207	-0.0151303447	-0.034609585	-0.0478223571	-0.0322504909	-0.0344707375	-0.082105266	0.0512247933	-0.013025606	0.0103373696	-0.0422607203	-0.0220019093	0.0288325029	0.0830862089	-0.783952088305968	0.799453900398636	0.448081059024295	0.592443852028073
0.0110225	0.0148728	-0.0673384	0.00063651	-0.000407638	0.000593764	-3.10000000000241e-06	-0.0315499	-0.00867349999999999	0.000299741	2.6182e-05	0	0.05652265	0.0475421407	0.0339267737	0.0140464202	-0.0084277735	-0.0293456776	-0.0448445497	-0.0520623368	-0.0496661877	-0.0380985803	-0.0194956122	0.0027074549	0.024410558	0.0416059582	0.0511183183	0.0511910666	0.0418107693	0.024709611	0.0030455261	-0.0191809517	-0.0378654364	-0.0495576132	0.0216745861	0.0457973841	0.0055398983	0.0744375347	0.0013148818	0.0624319404	0.0379464803	-0.0199399261	-0.0439366054	0.0198215495	-0.6898242602303	0.61244860471507	0.448081059024295	0.592443852028073
0.0110179	0.071266	-0.087396	0.000207986	-0.00039851	0.000593764	-4.5999999999987e-06	0.0563932	-0.0200576	-0.000428524	9.12800000000007e-06	0	0.098338	0.047446967	0.0335815749	0.013392903	-0.0093176004	-0.0302736359	-0.0455292636	-0.0522119084	-0.0490632542	-0.0366761804	-0.0173831246	0.0051831058	0.0267733776	0.0433223267	0.0517138504	0.0503678575	0.0395377932	0.0212629165	-0.0010156846	-0.0231030362	-0.0408401761	-0.0508872699	-0.0105448582	-0.0616028518	-0.0032228354	0.0232991902	-0.036484177	-0.0559618627	0.0112266295	-0.0026193892	0.0376784021	0.0398700875	0.15025405719874	0.577047622314469	0.448081059024295	0.592443852028073
0.0221695	0.0467727	-0.0774981	0.000335427	-8.91299e-05	0.000593764	0.0111516	-0.0244933	0.00989789999999999	0.000127441	0.0003093801	0	0.067383855	0.0473509122	0.0332338815	0.0127371473	-0.0102046586	-0.0311875391	-0.0461835398	-0.0523139709	-0.0484020114	-0.0351986159	-0.015238359	0.0076471118	0.0290646136	0.0449027607	0.0521212014	0.0493342563	0.0370769179	0.017702152	-0.0050707869	-0.0268703181	-0.0435117199	-0.0518004449	-0.0393797958	0.0657501174	-0.0483151445	0.0388519775	-0.0240293045	0.0021115904	-0.0668992627	-0.079436214	-0.0394970199	-0.0142812909	0.369846338516906	0.334844552325415	0.448081059024295	0.592443852028073
0.0110257	0.016678	-0.0837259	0.000317064	-0.000446077	0.000720272	-0.0111438	-0.0300947	-0.00622779999999998	-1.83629999999999e-05	-0.0003569471	0.000126508	0.072557205	0.0472539781	0.0328837193	0.0120792627	-0.0110886847	-0.0320869629	-0.0468069407	-0.0523684314	-0.0476832451	-0.0336681095	-0.0130652981	0.0100939368	0.03127814	0.0463423012	0.0523388891	0.0480945804	0.0344398384	0.0140464202	-0.0090953929	-0.0304575546	-0.0458602343	-0.0522896643	0.0551808875	-0.0305267943	0.0192503979	0.0478508684	-0.049412471	-0.003650031	0.0455476952	0.0415898101	-0.0207628695	0.0453029974	0.399690849665391	0.281750018504871	0.448081059024295	0.592443852028073
0.00421213	0.0722038	-0.0779013	0.000292897	-0.00040063	0.000593764	-0.00681357	0.0555258	0.00582459999999999	-2.4167e-05	4.54469999999999e-05	-0.000126508	0.07797007	0.0471561663	0.0325311144	0.0114193591	-0.011969416	-0.0329714899	-0.0473990497	-0.0523752403	-0.0469078096	-0.0320869629	-0.0108679768	0.0125180835	0.0334080384	0.0476364314	0.0523661213	0.0466540082	0.0316390872	0.0103153331	-0.0130652981	-0.0338407093	-0.0478682839	-0.0523509242	-0.044049981	-0.019971482	-0.001673067	0.0536273511	0.029363169	-0.0472383935	-0.0109856575	-0.0328972903	-0.0124865182	0.0381168626	0.458820224637596	0.268351294227948	0.448081059024295	0.592443852028073
0.0110332	0.00633348	-0.0692835	0.000245378	-0.000277431	0.000872405	0.00682107	-0.06587032	0.00861780000000001	-4.75190000000001e-05	0.000123199	0.000278641	0.10377714	0.0470574788	0.0321760928	0.010757547	-0.0128465907	-0.0338407093	-0.0479594708	-0.0523343914	-0.0460766263	-0.0304575546	-0.0086504753	0.0149141057	0.0354486142	0.0487810905	0.0522027989	0.045018557	0.0286879745	0.0065289069	-0.0169566271	-0.0369971132	-0.0495209612	-0.0519837232	0.0427207174	-3.55824e-05	-0.0325857793	0.0380428101	-0.0272711314	0.0706142799	0.0173981102	0.0127535759	-0.0261631857	0.0533639447	0.672207865884333	0.212631375543537	0.448081059024295	0.592443852028073
0.0110438	0.061344	-0.087379	0.000398015	-8.91299e-05	0.000593764	1.05999999999978e-05	0.05501052	-0.0180955	0.000152637	0.0001883011	-0.000278641	0.104095575	0.0469579174	0.0318186811	0.0100939368	-0.0137199483	-0.0346942175	-0.0484878293	-0.0522459219	-0.0451906832	-0.0287823352	-0.0064169112	0.01727662	0.0373944116	0.049772687	0.0518495163	0.0431950583	0.0256005252	0.0027074549	-0.0207459769	-0.0399056168	-0.0508059967	-0.0511910666	-0.0432071991	-0.0558232563	0.0267555562	0.062488761	0.0199220058	-0.0432869351	0.0510116278	-0.0358174689	0.0374988394	0.0416904248	0.511238014428045	0.357305244518474	0.448081059024295	0.592443852028073
0.0110435	0.0678699	-0.0769214	-0.000156362	-8.91299e-05	0.000522155	-2.99999999999953e-07	0.00652589999999999	0.0104576	-0.000554377	0	-7.1609e-05	0.0482831	0.0468574839	0.0314589057	0.0094286395	-0.0145892291	-0.0355316183	-0.0489837722	-0.0521099123	-0.0442510332	-0.0270638244	-0.0041714317	0.0196003187	0.0392402281	0.0506081094	0.0513075588	0.0411911291	0.0223914121	-0.0011285219	-0.024410558	-0.0425467316	-0.0517138504	-0.0499794418	0.016791567	0.0086685537	-0.0407983261	0.0072930627	-0.0007876132	0.0001511558	-0.0506388538	0.0231201285	-0.0202988723	0.0214074607	0.556762968034697	0.472902909815218	0.448081059024295	0.592443852028073
0.0315325	0.0273891	-0.0873603	-0.000210646	-8.91299e-05	0.000781706	0.020489	-0.0404808	-0.0104389	-5.4284e-05	0	0.000259551	0.08710045	0.0467561802	0.0310967934	0.0087617663	-0.015454175	-0.036352523	-0.0494469678	-0.0519264863	-0.0432587929	-0.025304607	-0.0019182066	0.0218799809	0.0409811285	0.0512847364	0.0505788988	0.03901514	0.0190758861	-0.0049584444	-0.0279283311	-0.0449027607	-0.0522377823	-0.0483587652	-0.0414602317	-0.0094799474	0.0173358526	0.0119546589	0.0110496652	0.0492356915	0.0410051267	-0.0325883536	0.0346197485	0.0361431803	0.925138062279566	0.514333329813741	0.448081059024295	0.592443852028073
0.0308413	0.0744272	-0.0792883	-0.000665365	-8.91299e-05	0.00086112	-0.000691199999999996	0.0470381	0.008072	-0.000454719	0	7.94140000000002e-05	0.08250795	0.0466540082	0.030732371	0.0080934286	-0.016314529	-0.0371565505	-0.0498771065	-0.0516958108	-0.0422151417	-0.0235073292	0.0003385804	0.024110485	0.0426124582	0.0518004449	0.0496661877	0.0366761804	0.015669704	-0.0087617663	-0.03127814	-0.0469579174	-0.0523739028	-0.0463423012	0.0373108571	-0.0191554236	0.0037554149	0.0294709169	0.0427424201	-0.0251502884	0.0261375662	0.0422965633	-0.0242348999	0.0650185006	0.724545905233884	0.018208281515709	0.448081059024295	0.592443852028073
0.0198539	0.00960042	-0.0530367	0.000235352	-0.000284869	0.000964917	-0.0109874	-0.06482678	0.0262516	0.000900717	-0.0001957391	0.000103797	0.162078435	0.0465509697	0.0303656657	0.0074237382	-0.0171700353	-0.0379433273	-0.0502739006	-0.0514180959	-0.0411213197	-0.021674694	0.0025947387	0.0262868196	0.0441298556	0.0521536168	0.0485727468	0.0341840202	0.0121890533	-0.0125180835	-0.0344398384	-0.0486984311	-0.0521212014	-0.0439465533	-0.0234882762	-0.0287923348	-0.0629219446	-0.0149024121	0.0296908371	0.0352683265	-0.0258190751	0.0081550816	0.077786158	0.0429066114	0.626132466926865	0.58810959459222	0.448081059024295	0.592443852028073
0.0182354	0.0180563	-0.0667497	0.000338779	-4.59155e-05	0.000843745	-0.0016185	0.00845588	-0.013713	0.000103427	0.0002389535	-0.000121172	0.046965005	0.0464470668	0.0299967047	0.006752807	-0.0180204398	-0.0387124883	-0.050637085	-0.051093594	-0.0399786271	-0.0198094581	0.0048460789	0.0284040951	0.0455292636	0.0523431439	0.047302555	0.0315490697	0.0086504753	-0.0162072446	-0.0373944116	-0.0501126395	-0.0514815542	-0.0411911291	0.0232263275	0.0406715686	0.0449459986	-0.0279256128	0.0184410715	-0.0113410183	0.038530741	0.0003738088	-0.0229533013	-0.0396660802	0.453752446620511	0.703512147065983	0.448081059024295	0.592443852028073
0.0191003	0.0828186	-0.0894801	0.000164435	-0.000129508	0.000909423	0.000864899999999995	0.0647623	-0.0227304	-0.000174344	-8.35925e-05	6.5678e-05	0.104538325	0.0463423012	0.0296255153	0.0060807472	-0.0188654898	-0.0394636764	-0.0509664168	-0.0507226006	-0.0387884217	-0.0179144269	0.0070884207	0.0304575546	0.0468069407	0.0523684314	0.0458602343	0.0287823352	0.0050707869	-0.0198094581	-0.0401240904	-0.0511910666	-0.0504597097	-0.0380985803	-0.0093085684	-0.0275569939	-0.0383031557	-0.0399481995	0.0601038839	-0.0103151408	-0.0473918548	0.0306073373	0.0271312897	-0.0117292056	0.169659904868102	1.12624037398794	0.448081059024295	0.592443852028073
0.0359515	0.010995	-0.0894286	4.40377e-05	-4.59155e-05	0.000964917	0.0168512	-0.0718236	5.15000000000376e-05	-0.0001203973	8.35925e-05	5.54939999999999e-05	0.10170049	0.046236675	0.0292521253	0.005407671	-0.0197049341	-0.0401965428	-0.0512616758	-0.0503054532	-0.0375521182	-0.0159924506	0.0093176004	0.0324425845	0.0479594708	0.0522294002	0.0442510332	0.0258953737	0.0014670001	-0.0233053991	-0.0426124582	-0.0519264863	-0.0490632542	-0.0346942175	0.0218900646	0.0393206159	0.0203316735	-0.0180465323	0.0401181105	-0.0090204308	0.0056923819	0.0097381464	-0.0249367522	-0.0335598948	0.352992783803986	2.04692615330317	0.448081059024295	0.592443852028073
0.0110673	0.0109705	-0.0441836	0.000402864	-0.000107119	0.000964917	-0.0248842	-2.45000000000002e-05	0.045245	0.0003588263	-6.12035e-05	0	0.09115519	0.0461301902	0.0288765622	0.0047336909	-0.0205385235	-0.0409107473	-0.0515226647	-0.0498425313	-0.0362711858	-0.0140464202	0.0115294786	0.0343547251	0.0489837722	0.0519264863	0.0424808075	0.0229002443	-0.0021437585	-0.0266763128	-0.0448445497	-0.0523139709	-0.047302555	-0.0310059033	-0.0061868701	-0.0415256298	-0.0113693804	-0.017305198	0.0131496531	-0.0230224933	-0.0104919476	-0.0012395359	0.0310915574	0.0070013441	0.61965734459085	2.70445136019574	0.448081059024295	0.592443852028073
0.0189991	0.0430824	-0.0674337	0.000571026	-4.73561e-05	0.000750816	0.0079318	0.0321119	-0.0232501	0.000168162	5.97629e-05	-0.000214101	0.085395095	0.0460228486	0.028498854	0.0040589197	-0.0213660101	-0.0416059582	-0.0517492091	-0.0493342563	-0.0349471469	-0.0120792627	0.0137199483	0.0361896802	0.0498771065	0.0514606403	0.0405559987	0.0198094581	-0.0057443291	-0.0299041152	-0.0468069407	-0.0523509242	-0.0451906832	-0.0270638244	-0.0009702118	0.0513787526	0.0219861182	0.0073222612	0.019082794	-0.0159296633	0.0164375443	-0.0131402639	-0.0143270701	-0.0468338821	0.437170489562957	0.898137167236336	0.448081059024295	0.592443852028073
0.020301	0.0589395	-0.02033	0.000521854	-3.23593e-05	0.000713776	0.0013019	0.0158571	0.0471037	-4.9172e-05	1.49968e-05	-3.70399999999998e-05	0.06932314	0.0459146523	0.0281190288	0.0033834701	-0.0221871482	-0.0422818529	-0.0519411573	-0.0487810905	-0.0335815749	-0.0100939368	0.015884942	0.0379433273	0.050637085	0.0508333239	0.0384836111	0.0166359256	-0.0093176004	-0.0329714899	-0.0484878293	-0.0520370985	-0.0427433176	-0.0229002443	0.0345278328	-0.0398946311	-0.0070063839	-0.0460193933	-0.051821926	-0.0401680814	-0.0383056149	0.0618352415	0.0395291392	-0.0337519649	-1.13424112102403	1.51097019121307	0.448081059024295	0.592443852028073
0.0190331	0.0401833	-0.0233445	0.000677693	-6.31167e-05	0.000822104	-0.0012679	-0.0187562	-0.0030145	0.000155839	-3.07574e-05	0.000108328	0.03778482	0.0458056033	0.0277371148	0.0027074549	-0.0230016937	-0.0429381175	-0.0520983812	-0.0481835374	-0.0321760928	-0.0080934286	0.0180204398	0.0396117264	0.0512616758	0.0500465054	0.0362711858	0.013392903	-0.0128465907	-0.0358619813	-0.0498771065	-0.0513745965	-0.0399786271	-0.0185492395	-0.0498342374	0.0283152788	0.0006713119	-0.0480315526	-0.0343713367	0.0456633447	-0.0080700296	-0.033535806	0.0383740192	-0.0655592443	0.516326427174593	2.58368839711707	0.448081059024295	0.592443852028073
0.0180017	0.0401916	-0.0386904	0.000617829	-2.11643e-06	0.000643713	-0.0010314	8.29999999999581e-06	-0.0153459	-5.98640000000001e-05	6.100027e-05	-0.000178391	0.0313483635	0.0456957037	0.0273531403	0.0020309873	-0.0238094045	-0.0435744473	-0.0522207755	-0.0475421407	-0.030732371	-0.0060807472	0.0201224762	0.0411911291	0.0517492091	0.0491026536	0.0339267737	0.0100939368	-0.016314529	-0.0385600826	-0.0509664168	-0.0503678575	-0.0369171367	-0.0140464202	0.0584024902	0.0078018752	0.0670233265	-0.0455644467	0.0168259531	-0.016095987	0.0500175888	0.0677126579	-0.0194348114	-0.0785633477	0.534315728551076	2.64848135779382	0.448081059024295	0.592443852028073
0.0110655	0.0718125	-0.00251079	0.000720203	0.000169891	0.00049614	-0.0069362	0.0316209	0.03617961	0.000102374	0.00017200743	-0.000147573	0.0958344315	0.0455849554	0.0269671338	0.0013541801	-0.0246100408	-0.044190547	-0.0523082586	-0.0468574839	-0.0292521253	-0.0040589197	0.0221871482	0.042677987	0.0520983812	0.0480047303	0.0314589057	0.006752807	-0.0197049341	-0.0410513194	-0.0517492091	-0.049023627	-0.0335815749	-0.0094286395	-0.010824646	-0.0279062041	-0.0195704559	-0.0954115503	-0.0240995558	-0.0277114963	-0.0518957311	0.0414740083	0.0760880566	-0.0753082204	0.576805424992769	1.11119373430499	0.448081059024295	0.592443852028073
0.0110615	0.0292268	-0.0131823	0.000952994	4.47102e-06	0.000578989	-4.00000000000053e-06	-0.0425857	-0.01067151	0.000232791	-0.00016541998	8.28490000000001e-05	0.077314209	0.0454733605	0.0265791242	0.0006771467	-0.0254033645	-0.0447861304	-0.0523607718	-0.0461301902	-0.0277371148	-0.0020309873	0.0242106219	0.0440689593	0.0523082586	0.0467561802	0.0288765622	0.0033834701	-0.0230016937	-0.0433223267	-0.0522207755	-0.0473509122	-0.0299967047	-0.0047336909	-0.0393908954	0.0297886309	0.0274900817	-0.0707404391	-0.0202590612	0.0289481288	-0.0101872371	-0.0217729842	0.025846246	-0.0622607148	0.538906398161248	1.18456759947648	0.448081059024295	0.592443852028073
0.0110662	0.0229976	-0.0202887	0.000447359	-0.000230258	0.00049614	4.70000000000158e-06	-0.0062292	-0.0071064	-0.000505635	-0.00023472902	-8.28490000000001e-05	0.054500951	0.0453609212	0.02618914	0	-0.02618914	-0.0453609212	-0.0523782801	-0.0453609212	-0.02618914	0	0.02618914	0.0453609212	0.0523782801	0.0453609212	0.02618914	0	-0.02618914	-0.0453609212	-0.0523782801	-0.0453609212	-0.02618914	0	0.0289429817	0.024589043	0.0766568217	-0.0508613529	0.0100664519	-0.0269277955	0.0401907084	0.0316046213	-0.0098973648	-0.0722871156	-2.05347091450158	1.15482660751235	0.448081059024295	0.592443852028073
0.0110696	0.0470973	0.0241124	0.000403606	-0.000250998	0.00049614	3.39999999999889e-06	0.0240997	0.0444011	-4.3753e-05	-2.074e-05	0	0.07172885	0.0452476394	0.0257972105	-0.0006771467	-0.0269671338	-0.0459146523	-0.0523607718	-0.0445503769	-0.0246100408	0.0020309873	0.0281190288	0.0465509697	0.0523082586	0.043823331	0.0234064185	-0.0033834701	-0.0292521253	-0.0471561663	-0.0522207755	-0.0430669878	-0.0221871482	0.0047336909	0.0257411269	-0.0030638982	-0.0066144592	-0.1073742869	-0.0349949419	-0.0146312803	-0.0481297216	0.0561587697	0.0396079241	-0.0821945355	0.405590709205695	1.15007761354177	0.448081059024295	-1.68540061352814
0.0110402	-0.00562816	-0.0127016	0.00101541	-0.000351426	0.00049614	-2.94000000000006e-05	-0.05272546	-0.036814	0.000611804	-0.000100428	0	0.12518046	0.0451335173	0.0254033645	-0.0013541801	-0.0277371148	-0.0464470668	-0.0523082586	-0.043699295	-0.0230016937	0.0040589197	0.0299967047	0.0476364314	0.0520983812	0.0421482344	0.0205385235	-0.006752807	-0.0321760928	-0.0486984311	-0.0517492091	-0.0404844828	-0.0180204398	0.0094286395	-0.0388107026	0.0524277028	0.0373185349	-0.0741416105	-0.0458154825	0.0286822027	0.0095877158	-0.0540845642	0.0159372535	-0.0648392584	1.25855318440294	1.15852299614314	-2.22840312389761	-1.68540061352814
0.0110416	0.0552577	-0.0399449	0.000403606	-0.000351426	0.000624268	1.40000000000036e-06	0.06088586	-0.0272433	-0.000611804	0	0.000128128	0.12512716	0.045018557	0.0250076315	-0.0020309873	-0.028498854	-0.0469579174	-0.0522207755	-0.0428084497	-0.0213660101	0.0060807472	0.0318186811	0.0486148674	0.0517492091	0.0403408874	0.0175958911	-0.0100939368	-0.0349471469	-0.0499794418	-0.0509664168	-0.0376307102	-0.0137199483	0.0140464202	0.0405943924	0.0005726479	0.0247065226	0.0139885583	0.0399952062	-0.0236974367	0.0110181382	0.0224759489	-0.0751410938	0.0027801627	0.925699940385895	1.02867017372943	-2.22840312389761	-1.68540061352814
0.0210845	0.0240221	-0.0374765	0.000948497	-0.000351426	0.00049614	0.0100429	-0.0312356	0.0024684	0.000544891	0	-0.000128128	0.07739785	0.0449027607	0.0246100408	-0.0027074549	-0.0292521253	-0.047446967	-0.0520983812	-0.0418786518	-0.0197049341	0.0080934286	0.0335815749	0.0494840794	0.0512616758	0.0384069609	0.0145892291	-0.013392903	-0.0375521182	-0.050992326	-0.0498771065	-0.0345247919	-0.0093176004	0.0185492395	0.0021996761	-0.0265024274	-0.0662478967	-0.0220884862	-0.0276099151	0.0520632878	-0.0256222959	0.004871414	0.0343503921	0.0414412209	0.519146692766361	1.05220399163702	-2.22840312389761	-1.68540061352814
0.0110503	0.0240354	-0.0573393	0.000403606	-0.000181764	0.00049614	-0.0100342	1.33000000000043e-05	-0.0198628	-0.000544891	0.000169662	0	0.06563795	0.0447861304	0.0242106219	-0.0033834701	-0.0299967047	-0.0479139886	-0.0519411573	-0.0409107473	-0.0180204398	0.0100939368	0.0352821126	0.0502421146	0.050637085	0.036352523	0.0115294786	-0.0166359256	-0.0399786271	-0.0517316498	-0.0484878293	-0.0311875391	-0.0048460789	0.0229002443	-0.0337157507	0.0362796087	0.0420740373	0.042998429	-0.0297329739	-0.0245063341	0.0269599929	-0.0654832297	-0.0287081402	-0.0069545555	0.236615698108465	0.942443214054379	-2.22840312389761	-1.68540061352814
0.0199605	0.0708887	-0.0355668	0.000403606	-0.000152156	0.00049614	0.0089102	0.0468533	0.0217725	0	2.9608e-05	0	0.0790164	0.0446686685	0.0238094045	-0.0040589197	-0.030732371	-0.0483587652	-0.0517492091	-0.0399056168	-0.016314529	0.0120792627	0.0369171367	0.0508872699	0.0498771065	0.0341840202	0.0084277735	-0.0198094581	-0.0422151417	-0.0521934471	-0.0468069407	-0.0276413132	-0.0003385804	0.0270638244	0.0303381538	-0.0167292147	-0.0441642281	0.0474930617	-0.0071277906	-0.0181357337	-0.0494328141	0.0291767269	-0.0657936701	0.0268872083	0.560124477003331	1.29270972144285	-2.22840312389761	-1.68540061352814
0.0110825	0.020776	-0.0435621	0.00094468	-3.50647e-05	0.000835564	-0.008878	-0.0501127	-0.0079953	0.000541074	0.0001170913	0.000339424	0.116865465	0.0445503769	0.0234064185	-0.0047336909	-0.0314589057	-0.0487810905	-0.0515226647	-0.0388641751	-0.0145892291	0.0140464202	0.0384836111	0.0514180959	0.0489837722	0.0319082567	0.0052954007	-0.0229002443	-0.0442510332	-0.0523752403	-0.0448445497	-0.0239098759	0.0041714317	0.0310059033	-0.0501206826	-0.0203902297	-0.0249838745	0.0468215942	-0.0096240828	0.0536654339	0.0106361187	-0.0432744381	0.0399578661	0.0544144148	0.395024333482057	1.23953546542816	0.448081059024295	-1.68540061352814
0.0205413	0.0550329	-0.0516239	0.000650364	-0.000195181	0.000726797	0.0094588	0.0342569	-0.0080618	-0.000294316	-0.0001601163	-0.000108767	0.079937465	0.044431258	0.0230016937	-0.005407671	-0.0321760928	-0.0491807684	-0.0512616758	-0.0377873696	-0.0128465907	0.0159924506	0.0399786271	0.0518333998	0.0479594708	0.0295323731	0.0021437585	-0.0258953737	-0.0460766263	-0.0522760543	-0.0426124582	-0.0200182296	0.0086504753	0.0346942175	0.0286125161	0.0092013988	0.0436971333	0.0772764057	0.0272412413	-0.0182506974	0.0496867339	0.0010587154	-0.0499154231	0.0181128999	-0.243100213604424	2.85332764264197	0.448081059024295	0.592443852028073
0.0188789	0.0762301	-0.0299777	0.000709255	-0.000143573	0.000592943	-0.0016624	0.0211972	0.0216462	5.88909999999999e-05	5.1608e-05	-0.000133854	0.05672345	0.044311314	0.0225952602	-0.0060807472	-0.0328837193	-0.0495576132	-0.0509664168	-0.0366761804	-0.0110886847	0.0179144269	0.0413994086	0.0521322486	0.0468069407	0.0270638244	-0.0010156846	-0.0287823352	-0.0476832451	-0.051896421	-0.0401240904	-0.0159924506	0.0130652981	0.0380985803	-0.0068955587	-0.0457247099	-0.0642645828	0.026840123	-0.0055195829	-0.0032120867	-0.0549262394	0.0099353969	0.0381447	0.0549458613	-0.618771636648404	1.31855237399002	-2.22840312389761	0.592443852028073
0.0110595	0.0399395	-0.0391291	0.00115318	-0.000168852	0.000647558	-0.0078194	-0.0362906	-0.0091514	0.000443925	-2.5279e-05	5.46149999999999e-05	0.07945235	0.044190547	0.0221871482	-0.006752807	-0.0335815749	-0.04991145	-0.050637085	-0.0355316183	-0.0093176004	0.0198094581	0.0427433176	0.0523139709	0.0455292636	0.0245103563	-0.0041714317	-0.0315490697	-0.0490632542	-0.0512383773	-0.0373944116	-0.0118595137	0.0173831246	0.0411911291	-0.038404262	0.0480939854	-0.0218383161	0.0486808823	-0.0384557852	0.0355047031	-0.0094969393	-0.0525376681	-0.0119879132	0.0154051336	0.248715457309376	0.009361802826523	-2.22840312389761	0.592443852028073
0.021119	0.0799791	-0.0369119	0.000909569	-0.000356156	0.000592943	0.0100595	0.0400396	0.0022172	-0.000243611	-0.000187304	-5.46149999999999e-05	0.0765928	0.0440689593	0.021777388	-0.0074237382	-0.0342694522	-0.0502421146	-0.0502739006	-0.0343547251	-0.0075354425	0.021674694	0.0440078585	0.0523781585	0.0441298556	0.0218799809	-0.0073119995	-0.0341840202	-0.0502100954	-0.0503054532	-0.0344398384	-0.0076471118	0.0215718994	0.0439465533	0.0510475137	-0.0348856757	0.0410612204	0.0537817992	0.0416645201	-0.0258448239	0.0454124016	0.0664072532	-0.0428782836	0.0245858712	0.636104897059197	0.420532286980942	0.448081059024295	0.592443852028073
0.0138864	0.03094	-0.014243	0.000805625	-7.16006e-05	0.000592943	-0.0072326	-0.0490391	0.0226689	-0.000103944	0.0002845554	0	0.09836557	0.0439465533	0.0213660101	-0.0080934286	-0.0349471469	-0.0505494535	-0.0498771065	-0.0331465714	-0.0057443291	0.0235073292	0.0451906832	0.052324667	0.0426124582	0.0191809517	-0.0104259597	-0.0366761804	-0.0511183183	-0.0491026536	-0.03127814	-0.0033834701	0.0256005252	0.0463423012	-0.0140758315	-0.0459908642	-0.0651085568	-0.0413337503	0.0205020295	-0.0104456884	-0.0368898678	0.0457485172	0.0707260121	0.0195256547	0.435428806857185	0.738370430990036	0.448081059024295	0.592443852028073
0.0110532	0.0309225	-0.00770828	0.000938974	-0.000210493	0.000592943	-0.0028332	-1.74999999999967e-05	0.00653472	0.000133349	-0.0001388924	0	0.02299749	0.043823331	0.0209530451	-0.0087617663	-0.0356144575	-0.0508333239	-0.0494469678	-0.0319082567	-0.0039463888	0.025304607	0.0462895956	0.0521536168	0.0409811285	0.0164217376	-0.0135019809	-0.03901514	-0.0517836067	-0.0476364314	-0.0279283311	0.0009028426	0.0294390937	0.0483587652	-0.0331066025	0.0487170896	0.0378532424	-0.0353612456	-0.0054205297	0.0119716596	0.0156912344	-0.0363681104	0.0065879834	-0.0725965415	-0.073860297196519	0.587286522763417	0.448081059024295	-1.68540061352814
0.00142046	0.0680128	-0.0142468	0.00056905	-0.000350168	0.000592943	-0.00963274	0.0370903	-0.00653852	-0.000369924	-0.000139675	0	0.07874151	0.043699295	0.0205385235	-0.0094286395	-0.0362711858	-0.051093594	-0.0489837722	-0.0306409077	-0.0021437585	0.0270638244	0.047302555	0.051865392	0.0392402281	0.0136109962	-0.01652887	-0.0411911291	-0.0522027989	-0.0459146523	-0.024410558	0.0051831058	0.0330591074	0.0499794418	0.0462757796	-0.0183254663	0.0295553074	-0.020541641	0.0734472126	-0.0277501789	0.0002988132	0.0717089862	-0.0367735916	-0.0158944403	-0.530205147010765	0.019218643755505	0.448081059024295	0.592443852028073
0.0110593	0.00598183	0.012631	0.000896486	-0.000142932	0.000479107	0.00963884	-0.06203097	0.0268778	0.000327436	0.000207236	-0.000113836	0.13097301	0.0435744473	0.0201224762	-0.0100939368	-0.0369171367	-0.0513301431	-0.0484878293	-0.0293456776	-0.0003385804	0.0287823352	0.0482276804	0.0514606403	0.0373944116	0.010757547	-0.0194956122	-0.0431950583	-0.0523739028	-0.0439465533	-0.0207459769	0.0094286395	0.0364336915	0.0511910666	-0.02600562	-0.0333352057	-0.0317022996	-0.0384721058	0.0643354131	0.0386327778	-0.0007179927	0.0099369898	0.0662752162	0.0157806731	-0.348399238055159	0.088960387033338	0.448081059024295	0.592443852028073
0.0110539	0.041278	-0.00321396	0.000607426	-0.000142932	0.000592943	-5.39999999999916e-06	0.03529617	-0.01584496	-0.00028906	0	0.000113836	0.07129133	0.0434487905	0.0197049341	-0.010757547	-0.0375521182	-0.0515428613	-0.0479594708	-0.028023745	0.0014670001	0.0304575546	0.0490632542	0.050940271	0.0354486142	0.0078703433	-0.0223914121	-0.045018557	-0.0522961052	-0.0417426926	-0.0169566271	0.0136109962	0.0395377932	0.0519837232	-0.0168604258	0.0460364423	0.0455952941	-0.0056216692	0.0429086074	-0.025730026	0.0290383786	-0.0125604747	-0.0190897804	-0.0281005397	-0.408396665903295	0.20566608252629	0.448081059024295	0.592443852028073
0.00709396	0.0329267	0.0451795	0.000608136	-0.000142932	0.000592943	-0.00395994	-0.0083513	0.04839346	7.10000000000012e-07	0	0	0.0607402	0.0433223267	0.0192859283	-0.0114193591	-0.0381759417	-0.0517316498	-0.0473990497	-0.0266763128	0.0032708371	0.0320869629	0.0498077248	0.0503054532	0.0334080384	0.0049584444	-0.0252057321	-0.0466540082	-0.0519697758	-0.0393148935	-0.0130652981	0.017702152	0.0423483678	0.0523509242	0.0522876252	-0.0002235436	-0.0185669243	-0.0261213864	0.0535775628	0.0118225326	-0.0249873858	0.0711057646	-0.0200548243	-0.0139691574	-0.630968434847331	1.63537210636639	0.448081059024295	0.592443852028073
0.0110652	0.00350965	0.0239765	0.000888225	-0.000422694	0.000592943	0.00397124	-0.02941705	-0.021203	0.000280089	-0.000279762	0	0.08258384	0.0431950583	0.0188654898	-0.0120792627	-0.0387884217	-0.051896421	-0.0468069407	-0.025304607	0.0050707869	0.0336681095	0.0504597097	0.0495576132	0.03127814	0.0020309873	-0.0279283311	-0.0480945804	-0.0513964655	-0.0366761804	-0.0090953929	0.021674694	0.0448445497	0.0522896643	0.0115124768	-0.0374055813	0.02606247	-0.0698643926	0.0127859051	0.0099494329	0.0301623172	0.0232875967	0.0688343112	-0.0386920882	-1.59278719454615	1.40903290345394	0.448081059024295	0.592443852028073
0.0110535	0.0586774	0.0380696	0.000853207	-0.000142932	0.000465323	-1.17000000000016e-05	0.05516775	0.0140931	-3.50179999999998e-05	0.000279762	-0.00012762	0.09139255	0.0430669878	0.0184436498	-0.0127371473	-0.0393893764	-0.0520370985	-0.0461835398	-0.0239098759	0.0068647103	0.0351986159	0.0510179984	0.0486984311	0.0290646136	-0.0009028426	-0.030549302	-0.0493342563	-0.0505788988	-0.0338407093	-0.0050707869	0.0255020041	0.0470078072	0.0518004449	-0.0594567104	0.0054543181	0.0361328168	-0.0519479538	0.0252549482	-0.0725121668	-0.0449360347	-0.0450272408	-0.006041649	-0.0577276377	-2.28520506102267	2.32529003803542	0.448081059024295	0.592443852028073
0.011059	0.0171388	0.045188	0.000921156	-0.000312039	0.000592943	5.50000000000203e-06	-0.0415386	0.0071184	6.79490000000001e-05	-0.000169107	0.00012762	0.0668963	0.0429381175	0.0180204398	-0.013392903	-0.0399786271	-0.0521536168	-0.0455292636	-0.0224933884	0.0086504753	0.0366761804	0.0514815542	0.0477298374	0.0267733776	-0.0038338396	-0.0330591074	-0.0503678575	-0.0495209612	-0.0308236917	-0.0010156846	0.0291584371	0.0488220806	0.0508872699	0.0304691	0.0549567961	-0.0023223142	-0.0093227468	0.0620852345	0.0783187003	0.0144870588	0.0187921416	-0.0391432807	-0.0098922523	-2.01059919671712	0.043731960979116	0.448081059024295	0.592443852028073
0.00703201	0.0380073	0.0189563	0.000664027	-0.000423382	0.000454648	-0.00402699	0.0208685	-0.0262317	-0.000257129	-0.000111343	-0.000138295	0.07646554	0.0428084497	0.0175958911	-0.0140464202	-0.0405559987	-0.0522459219	-0.0448445497	-0.0210564335	0.0104259597	0.0380985803	0.0518495163	0.0466540082	0.024410558	-0.006752807	-0.0354486142	-0.0511910666	-0.0482276804	-0.0276413132	0.0030455261	0.0326194932	0.0502739006	0.0495576132	0.0188487207	-0.044311663	0.042613646	-0.0091487471	-0.0299972218	-0.0328587989	0.0430656331	0.0006944826	0.004699901	-0.0135419471	-0.274945735815449	0.006775823152277	0.448081059024295	-1.68540061352814
0.0110539	0.0513878	0.0496164	0.000770857	-0.000142932	0.000592943	0.00402189	0.0133805	0.0306601	0.00010683	0.00028045	0.000138295	0.07434124	0.042677987	0.0171700353	-0.0146975897	-0.0411213197	-0.0523139709	-0.0441298556	-0.0196003187	0.0121890533	0.0394636764	0.0521212014	0.0454733605	0.0219824722	-0.0096505858	-0.0377091275	-0.0518004449	-0.0467052026	-0.0243106464	0.0070884207	0.0358619813	0.051352489	0.0478223571	-0.0532702662	-0.0041886197	-0.0322477811	0.0199569545	0.0302207427	-0.0133046115	-0.057525759	-0.0449959733	-0.0139610635	0.0159888051	0.299173505496212	0.641685644499013	0.448081059024295	0.592443852028073
0.0110846	-0.00190809	0.0399608	0.00102572	-0.00057473	0.000329682	3.06999999999998e-05	-0.05329589	-0.0096556	0.000254863	-0.000431798	-0.000263261	0.11047829	0.0425467316	0.016742904	-0.0153463027	-0.0416744222	-0.0523577323	-0.0433856593	-0.018126369	0.0139376608	0.0407694154	0.0522961052	0.044190547	0.0194956122	-0.0125180835	-0.0398324213	-0.0521934471	-0.0449607632	-0.0208495594	0.0110886847	0.0388641751	0.0520498384	0.0456957037	0.0257217571	0.0317305671	0.0110371223	0.0402749629	0.0480037386	0.0465013114	0.0458099328	0.0032428839	-0.0325239184	-0.0042452138	0.397102864203932	1.24255734061216	0.448081059024295	0.592443852028073
0.00454608	0.0491647	0.0615851	0.000963041	-0.000482994	0.000322995	-0.00653852	0.05107279	0.0216243	-6.26789999999998e-05	9.1736e-05	-6.68699999999996e-06	0.08729071	0.0424146861	0.016314529	-0.0159924506	-0.0422151417	-0.0523771858	-0.0426124582	-0.0166359256	0.015669704	0.0420138333	0.0523739028	0.0428084497	0.0169566271	-0.0153463027	-0.0418107693	-0.0523684314	-0.0430026525	-0.01727662	0.0150222601	0.0416059582	0.0523607718	0.0431950583	0.0364661388	-0.0364438263	0.004345845	-0.01428207	0.0050648274	-0.0274365583	-0.0074259011	0.0693838574	0.0134032761	-0.0126405593	0.419116774368826	1.21299916947989	0.448081059024295	0.592443852028073
0.0110837	0.00738778	0.0616069	0.00116503	-0.000582483	0.000177244	0.00653762	-0.04177692	2.18000000000024e-05	0.000201989	-9.94890000000001e-05	-0.000145751	0.07069779	0.0422818529	0.015884942	-0.0166359256	-0.0427433176	-0.0523723222	-0.0418107693	-0.0151303447	0.0173831246	0.0431950583	0.0523544498	0.0413301739	0.0143723053	-0.018126369	-0.0436369724	-0.052324667	-0.0408401761	-0.0136109962	0.0188654898	0.0440689593	0.0522829807	0.0403408874	-0.033041741	-0.0199323802	-0.0299382058	-0.0193165432	0.0456892153	0.030720677	-0.0063533889	-0.0115875179	0.0374117748	0.0056735284	0.551029580568576	1.20265360095568	0.448081059024295	0.592443852028073
0.00430734	0.0349185	0.0269763	0.000879698	-0.000754051	0.000177244	-0.00677636	0.02753072	-0.0346306	-0.000285332	-0.000171568	0	0.09178268	0.0421482344	0.015454175	-0.01727662	-0.0432587929	-0.0523431439	-0.0409811285	-0.0136109962	0.0190758861	0.044311314	0.0522377823	0.0397590408	0.0117495564	-0.0208495594	-0.0453043854	-0.0520623368	-0.0384836111	-0.009872353	0.0225952602	0.046236675	0.0518170426	0.0371565505	0.0173730128	0.0258078707	0.044338317	0.0323025649	0.0458063178	-0.0007760609	0.0446532911	-0.011033748	-0.0427489367	0.0123387846	0.144054436385829	1.01043486288555	0.448081059024295	0.592443852028073
0.0111011	0.00739214	0.0755208	0.000996897	-0.000633703	0.000177244	0.00679376	-0.02752636	0.0485445	0.000117199	0.000120348	0	0.09474197	0.0420138333	0.0150222601	-0.0179144269	-0.0437614146	-0.0522896643	-0.0401240904	-0.0120792627	0.0207459769	0.0453609212	0.0520241169	0.0380985803	0.0090953929	-0.0235073292	-0.0468069407	-0.0515825363	-0.0359441567	-0.0060807472	0.02618914	0.0480945804	0.0509664168	0.0336681095	0.0500096791	-0.0285431719	-0.0511804849	0.0130071458	0.0003053017	0.0194358807	-0.0249032247	0.0422756101	-0.0078691128	0.0588371568	0.393648220105018	0.95024764785452	0.448081059024295	0.592443852028073
-0.00881427	0.00741741	0.0616297	0.00139986	-0.00075313	0.000307481	-0.01991537	2.527e-05	-0.0138911	0.000402963	-0.000119427	0.000130237	0.06646309	0.0418786518	0.0145892291	-0.0185492395	-0.0442510332	-0.0522119084	-0.0392402281	-0.0105365379	0.0223914121	0.0463423012	0.0517138504	0.036352523	0.0064169112	-0.0260913389	-0.0481391707	-0.0508872699	-0.0332338815	-0.0022565198	0.0296255153	0.0496302266	0.0497374181	0.0299041152	-0.0188350938	-0.0690453633	-0.0010640038	0.0109986044	-0.01707817	0.0149781812	0.0366866747	-0.0406040862	0.0447069857	0.0460297338	-2.53740774378048	0.663108324281697	0.448081059024295	-1.68540061352814
-0.00149197	0.0419307	0.0753618	0.00116818	-0.000617712	0.000177244	0.0073223	0.03451329	0.0137321	-0.00023168	0.000135418	-0.000130237	0.08043444	0.0417426926	0.0141551145	-0.0191809517	-0.0447275033	-0.0521099123	-0.0383301323	-0.0089842256	0.0240102362	0.0472539781	0.0513075588	0.0345247919	0.0037212726	-0.0285934806	-0.0492962274	-0.0499794418	-0.0303656657	0.0015798132	0.0328837193	0.0508333239	0.0481391707	0.0258953737	-0.0707673104	-0.0350651657	-0.0100325248	-0.0043701003	0.0329964339	-0.0442812667	-0.0271312628	-0.0259662246	0.0214127021	0.0214978822	-0.019419467375589	0.640819704399836	-2.22840312389761	-1.68540061352814
-0.00689513	0.0120237	0.0916339	0.00148715	-0.000576286	0.000177244	-0.00540316	-0.029907	0.0162721	0.00031897	4.1426e-05	0	0.06960206	0.0416059582	0.0137199483	-0.0198094581	-0.0451906832	-0.0519837232	-0.0373944116	-0.0074237382	0.0256005252	0.0480945804	0.0508059967	0.0326194932	0.0010156846	-0.0310059033	-0.0502739006	-0.048862844	-0.0273531403	0.005407671	0.0359441567	0.0516958108	0.0461835398	0.021674694	-0.0182571	0.074611214	-0.0082827432	-0.0101521942	0.0162255165	0.050735091	-0.0014904616	-0.0251506228	0.0014337074	-0.0106005255	0.604735367864303	0.685725198822554	-2.22840312389761	-1.68540061352814
-0.00686653	0.0174508	0.0963688	0.00126053	-0.000733231	0.000177244	2.86000000000002e-05	0.00542709999999999	0.00473490000000001	-0.00022662	-0.000156945	0	0.02936885	0.0414684511	0.0132837629	-0.0204346535	-0.0456404355	-0.0518333998	-0.0364336915	-0.0058564958	0.0271603893	0.048862844	0.0502100954	0.0306409077	-0.0016926191	-0.0333210373	-0.0510686325	-0.0475421407	-0.0242106219	0.009206518	0.0387884217	0.0522119084	0.043885044	0.01727662	0.0270001691	0.0216401768	0.0506081265	-0.0154645844	0.0111150251	-0.016878628	0.021935169	0.0143921293	-0.0334068288	-0.0277040434	-1.23464636841964	0.550015904778546	-2.22840312389761	-1.68540061352814
-0.00685996	0.0237229	0.144616	0.00129357	-0.000667856	2.8103e-05	6.57000000000001e-06	0.00627210000000001	0.0482472	3.304e-05	6.5375e-05	-0.000149141	0.06690367	0.0413301739	0.0128465907	-0.0210564335	-0.0460766263	-0.0516590118	-0.0354486142	-0.0042839244	0.0286879745	0.0495576132	0.0495209612	0.0285934806	-0.0043963972	-0.0355316183	-0.0516775313	-0.0460228486	-0.0209530451	0.0129559745	0.0413994086	0.0523781585	0.0412607473	0.0127371473	0.0467031256	0.0162927891	-0.0221945766	-0.0278927685	-0.0127878642	0.0157364794	-0.0302485853	0.018729728	-0.0227914536	0.0029083637	-1.99111164667299	0.088991396521949	-2.22840312389761	0.592443852028073
0.00272396	-0.0129222	0.106496	0.00149255	-0.00060809	0.000177244	0.00958392	-0.0366451	-0.03812	0.00019898	5.97660000000001e-05	0.000149141	0.10474337	0.0411911291	0.0124084642	-0.021674694	-0.0464991262	-0.0514606403	-0.0344398384	-0.0027074549	0.0301814655	0.050177843	0.048739874	0.0264818121	-0.0070884207	-0.0376307102	-0.0520983812	-0.044311314	-0.0175958911	0.0166359256	0.0437614146	0.0521934471	0.0383301323	0.0080934286	-0.0303536782	-0.055292499	0.0098708264	0.0011107104	-0.038623532	0.0017586409	0.0403184875	-0.0525258707	0.028532058	0.0288557617	0.102106262168697	0.475735456947824	-2.22840312389761	0.592443852028073
-0.00687751	0.0372252	0.148842	0.00121903	-0.00060809	3.45966e-05	-0.00960147	0.0501474	0.042346	-0.00027352	0	-0.0001426474	0.12290324	0.0410513194	0.011969416	-0.0222893319	-0.0469078096	-0.0512383773	-0.0334080384	-0.0011285219	0.0316390872	0.0507226006	0.0478682839	0.0243106464	-0.0097614921	-0.0396117264	-0.0523296507	-0.0424146861	-0.0141551145	0.0202266294	0.0458602343	0.0516590118	0.0351149558	0.0033834701	-0.0531948329	0.0468018429	-0.0190676573	0.0353940488	-0.0205172546	-0.0182971176	-0.031363985	-0.0524876647	-0.023387763	0.025631171	-0.824134041220127	1.68188725239543	-2.22840312389761	0.592443852028073
-0.00687871	-0.0219298	0.138045	0.00139034	-0.00060809	0.000177244	-1.19999999999981e-06	-0.059155	-0.010797	0.00017131	0	0.0001426474	0.08565107	0.0409107473	0.0115294786	-0.0229002443	-0.047302555	-0.050992326	-0.032353904	0.0004514381	0.0330591074	0.0511910666	0.0469078096	0.0220848615	-0.0124084642	-0.0414684511	-0.0523704984	-0.0403408874	-0.0106470671	0.0237088227	0.0476832451	0.0507784337	0.0316390872	-0.0013541801	0.0242484042	0.0373472079	0.005002282	0.0216878252	-0.0305658455	0.0389383484	0.0196806142	-0.0102005506	-0.011720277	0.0121526216	0.452183928333612	1.97559972762033	-2.22840312389761	-1.68540061352814
-0.00929556	0.0136105	0.151424	0.00131836	-0.000852394	-5.52616e-05	-0.00241685	0.0355403	0.013379	-7.19799999999999e-05	-0.000244304	-0.0002325056	0.07877563	0.0407694154	0.0110886847	-0.0235073292	-0.0476832451	-0.0507226006	-0.03127814	0.0020309873	0.0344398384	0.0515825363	0.0458602343	0.0198094581	-0.0150222601	-0.0431950583	-0.0522207755	-0.0380985803	-0.0070884207	0.0270638244	0.0492194833	0.0495576132	0.0279283311	-0.0060807472	0.0368608453	-0.0003570025	0.0189619073	0.0054062146	-0.0164275111	-0.0262834208	0.012812781	0.0408768226	-0.0290576022	-0.0099749374	-0.652362745432938	1.39070310627802	0.448081059024295	0.592443852028073
-0.00686025	-0.0171647	0.179673	0.00160488	-0.00060809	-0.000236737	0.00243531	-0.0307752	0.028249	0.00028652	0.000244304	-0.0001814754	0.09707448	0.0406273263	0.0106470671	-0.024110485	-0.0480497669	-0.0504293264	-0.0301814655	0.0036086884	0.0357796393	0.051896421	0.0447275033	0.0174895484	-0.0175958911	-0.0447861304	-0.051881027	-0.0356971313	-0.0034960873	0.0302736359	0.0504597097	0.0480047303	0.0240102362	-0.010757547	0.0279407603	-0.0181555117	-0.0436987606	-0.0361476539	-0.0699364098	0.0258511503	-0.0146569023	0.0083034468	0.0512780201	0.009265004	-1.9847148805394	1.12264894912976	0.448081059024295	0.592443852028073
-0.00683927	0.0143625	0.125751	0.00136879	-0.000815068	-0.000236737	2.09800000000003e-05	0.0315272	-0.053922	-0.00023609	-0.000206978	0	0.10762358	0.0404844828	0.0102046586	-0.024709611	-0.0484020114	-0.0501126395	-0.0290646136	0.0051831058	0.0370769179	0.0521322486	0.0435117199	0.0151303447	-0.0201224762	-0.046236675	-0.051352489	-0.0331465714	0.0001128608	0.0333210373	0.0513964655	0.0461301902	0.0199138901	-0.0153463027	-0.0649672162	0.0167820511	0.0400322007	0.0208117287	-0.0517406017	-0.0417444389	-0.0032871586	-0.0768850793	-0.0090708682	-0.0159453627	0.081537340761618	1.79340304796575	0.448081059024295	-1.68540061352814
-0.0068428	-0.0143025	0.16934	0.00142327	-0.000784636	-0.000118378	-3.52999999999985e-06	-0.028665	0.043589	5.448e-05	3.04319999999997e-05	0.000118359	0.08242108	0.0403408874	0.0097614921	-0.025304607	-0.048739874	-0.049772687	-0.0279283311	0.006752807	0.0383301323	0.0522896643	0.0422151417	0.0127371473	-0.0225952602	-0.0475421407	-0.050637085	-0.0304575546	0.0037212726	0.0361896802	0.0520241169	0.0439465533	0.015669704	-0.0198094581	0.0308323179	0.0506599484	-0.0339818699	0.0367049874	-0.0012417928	0.0237895261	-0.0367926011	-0.0066597321	-0.0559661294	0.0246337356	-0.113209053196677	1.7825938416718	0.448081059024295	-1.68540061352814
-0.00682733	-0.00701336	0.130017	0.00118277	-0.000885938	-7.33848e-05	1.54699999999992e-05	0.00728914	-0.039323	-0.0002405	-0.000101302	4.49932e-05	0.06596737	0.0401965428	0.0093176004	-0.0258953737	-0.0490632542	-0.0494096266	-0.0267733776	0.0083163637	0.0395377932	0.0523684314	0.0408401761	0.0103153331	-0.0250076315	-0.0486984311	-0.0497374181	-0.0276413132	0.0073119995	0.0388641751	0.0523388891	0.0414684511	0.0113091867	-0.024110485	0.0375575671	-0.0268705542	0.0313444202	0.0262552501	-0.0874521348	-0.0238915607	0.0451655042	0.0039523067	-0.0094804298	0.0143516978	-0.203842919648373	1.34000974424378	0.448081059024295	-1.68540061352814
-0.00027207	0.027803	0.16199	0.00145447	-0.00060809	-8.89353e-05	0.00655526	0.03481636	0.031973	0.0002717	0.000277848	-1.55505e-05	0.101599545	0.0400514517	0.0088730165	-0.0264818121	-0.0493720561	-0.049023627	-0.0256005252	0.009872353	0.0406984653	0.0523684314	0.0393893764	0.0078703433	-0.0273531403	-0.0497019183	-0.0486567622	-0.024709611	0.0108679768	0.0413301739	0.0523388891	0.0387124883	0.0068647103	-0.028214182	-0.0323773771	-0.0343186338	-0.0593907044	0.0200163249	-0.0160685578	-0.0158146272	-0.0484023915	-0.0237389873	0.0038672659	0.0665903035	-0.140527204224397	1.04398223196275	0.448081059024295	-1.68540061352814
-0.00683944	-0.0184018	0.140157	0.00143836	-0.000794897	-0.000236737	-0.00656737	-0.0462048	-0.021833	-1.611e-05	-0.000186807	-0.0001478017	0.092141105	0.0399056168	0.0084277735	-0.0270638244	-0.0496661877	-0.0486148674	-0.024410558	0.0114193591	0.0418107693	0.0522896643	0.0378654364	0.005407671	-0.0296255153	-0.0505494535	-0.0473990497	-0.021674694	0.0143723053	0.0435744473	0.0520241169	0.0356971313	0.0023692706	-0.0320869629	-0.0359473732	0.0652429887	-0.0035870742	0.0364730203	-0.0848182083	0.0377796224	0.0242192869	-0.0778213789	-0.0085274583	-0.0059537516	-2.40714794671935	0.661827130968706	0.448081059024295	-1.68540061352814
-0.00679593	0.0450001	0.156572	0.00124561	-0.000982831	-3.47466e-05	4.35099999999992e-05	0.0634019	0.016415	-0.00019275	-0.000187934	0.0002019904	0.10899413	0.0397590408	0.0079819045	-0.0276413132	-0.0499455618	-0.0481835374	-0.0232042715	0.0129559745	0.0428733831	0.0521322486	0.0362711858	0.0029328492	-0.0318186811	-0.0512383773	-0.0459688572	-0.0185492395	0.0178083308	0.0455849554	0.0513964655	0.0324425845	-0.0021437585	-0.0356971313	0.056946545	-0.0088062265	-0.0062745652	0.0382556181	-0.0258546898	-0.0332102957	-0.0121534779	0.0596102256	-0.0400679433	0.0453241994	-0.611473077067729	0.086600468710088	0.448081059024295	-1.68540061352814
-0.00338536	-0.00531379	0.156584	0.00147913	-0.000822492	-2.97192e-05	0.00341057	-0.05031389	1.20000000000398e-05	0.00023352	0.000160339	5.02739999999999e-06	0.07368078	0.0396117264	0.0075354425	-0.028214182	-0.0502100954	-0.0477298374	-0.0219824722	0.0144808008	0.043885044	0.051896421	0.034609585	0.0004514381	-0.0339267737	-0.051766528	-0.044371389	-0.0153463027	0.0211597241	0.0473509122	0.0504597097	0.0289706552	-0.0066408724	-0.03901514	0.0012918234	-0.0294922428	-0.0402762092	-0.005313744	-0.0751460303	0.0295371604	0.0107911715	-0.0177391915	0.0599494714	0.0337426213	-2.0387901410316	2.22683012693581	0.448081059024295	-1.68540061352814
-0.00685658	0.044995	0.152628	0.0013402	-0.00060809	-1.64867e-05	-0.00347122	0.05030879	-0.00395600000000002	-0.00013893	0.000214402	1.32325e-05	0.076064235	0.0394636764	0.0070884207	-0.0287823352	-0.0504597097	-0.0472539781	-0.0207459769	0.0159924506	0.0448445497	0.0515825363	0.0328837193	-0.0020309873	-0.0359441567	-0.0521322486	-0.0426124582	-0.0120792627	0.024410558	0.048862844	0.0492194833	0.025304607	-0.0110886847	-0.0420138333	-0.0584090484	-0.0045186221	0.0187460782	0.017261417	-0.0519057127	-0.0691572585	-0.0266839847	-0.0523294144	0.0101050994	0.0106191567	-0.25073506350581	1.31649440647647	0.448081059024295	-1.68540061352814
-0.00682119	-0.00152889	0.164854	0.0015326	-0.000876252	-0.000236737	3.53899999999997e-05	-0.04652389	0.012226	0.0001924	-0.000268162	-0.0002202503	0.092825895	0.0393148935	0.0066408724	-0.0293456776	-0.0506943307	-0.0467561802	-0.0194956122	0.0174895484	0.0457507597	0.0511910666	0.0310967934	-0.0045088495	-0.0378654364	-0.0523343914	-0.0406984653	-0.0087617663	0.0275453833	0.0501126395	0.0476832451	0.0214690046	-0.015454175	-0.0446686685	0.0227024496	0.0631142159	-0.006319533	0.0161896423	-0.0258010074	0.0579002377	0.0081446525	-0.0128971012	-0.0332047543	-0.0314294146	0.522399729981466	0.521202962683189	0.448081059024295	-1.68540061352814
-0.00683237	0.0340321	0.138432	0.0010327	-0.000819126	9.15613e-05	-1.11799999999995e-05	0.03556099	-0.0264219999999999	-0.0004999	5.71259999999999e-05	0.0003282983	0.106260385	0.0391653804	0.0061928308	-0.0299041152	-0.0509138886	-0.046236675	-0.0182322141	0.018970732	0.0466025972	0.0507226006	0.0292521253	-0.0069765817	-0.0396854757	-0.0523723222	-0.0386363752	-0.005407671	0.030549302	0.051093594	0.0458602343	0.0174895484	-0.0197049341	-0.0469579174	0.0301701719	-0.0451516203	0.0297744435	-0.0140197412	-0.0835307888	-0.0644667808	0.0091690261	0.0256221661	0.0215936042	-0.0087723392	-0.956045174333705	2.6017930603213	0.448081059024295	-1.68540061352814
-0.0068427	0.0124347	0.166259	0.00119597	-0.000739768	-0.000179228	-1.03299999999994e-05	-0.0215974	0.0278269999999999	0.00016327	7.93580000000001e-05	-0.0002707893	0.075105595	0.03901514	0.0057443291	-0.0304575546	-0.0511183183	-0.0456957037	-0.0169566271	0.0204346535	0.0473990497	0.050177843	0.0273531403	-0.0094286395	-0.0413994086	-0.0522459219	-0.0364336915	-0.0020309873	0.0334080384	0.0518004449	0.0437614146	0.013392903	-0.0238094045	-0.048862844	-0.05909675	0.051435725	-0.0470071442	-0.0057687835	-0.0488849948	0.0205340172	-0.0552683013	-0.075324045	-0.0034275503	-0.0313329527	-0.973278519607826	1.59883319324503	0.448081059024295	-1.68540061352814
-0.00680871	0.0123945	0.114847	0.000926637	-0.000963235	-0.000104097	3.39899999999994e-05	-4.02000000000059e-05	-0.051412	-0.000269333	-0.000223467	7.5131e-05	0.07988274	0.0388641751	0.0052954007	-0.0310059033	-0.0513075588	-0.0451335173	-0.015669704	0.0218799809	0.0481391707	0.0495576132	0.0254033645	-0.0118595137	-0.0430026525	-0.0519555872	-0.0340984296	0.0013541801	0.0361080066	0.0522294002	0.0413994086	0.009206518	-0.0277371148	-0.0503678575	0.056838559	-0.008590771	0.056959215	0.044339602	-0.0292271029	-0.0223251895	0.0644766084	0.0351272883	-0.0490504348	0.0368057757	-1.28104272107457	1.04799884790918	0.448081059024295	-1.68540061352814
-0.0068741	0.0333689	0.152414	0.000696691	-0.00055126	-1.40972e-05	-6.53900000000002e-05	0.0209744	0.037567	-0.000229946	0.000411975	8.99998e-05	0.09520283	0.0387124883	0.0048460789	-0.0315490697	-0.0514815542	-0.0445503769	-0.0143723053	0.0233053991	0.0488220806	0.048862844	0.0234064185	-0.014263743	-0.0444909208	-0.051502229	-0.0316390872	0.0047336909	0.0386363752	0.0523781585	0.0387884217	0.0049584444	-0.0314589057	-0.0514606403	-0.0372754107	-0.024998818	-0.0736365688	0.0198433936	0.006769102	-0.020787355	-0.0575721663	0.0200702368	0.0387563746	0.0422342687	-0.167113658899259	0.657760653144636	0.448081059024295	-1.68540061352814
-0.0126369	-0.0648731	0.111083	0.00124693	-0.000979305	-0.000236737	-0.0057628	-0.098242	-0.041331	0.000550239	-0.000428045	-0.0002226398	0.20538199	0.0385600826	0.0043963972	-0.0320869629	-0.0516402525	-0.0439465533	-0.0130652981	0.024709611	0.0494469678	0.0480945804	0.0213660101	-0.0166359256	-0.0458602343	-0.0508872699	-0.0290646136	0.0080934286	0.0409811285	0.0522459219	0.0359441567	0.0006771467	-0.0349471469	-0.0521322486	0.0127971694	0.0492430709	0.0351496237	0.0290428311	-0.0317316602	0.0209962387	0.0614734878	-0.0254103317	0.000234241	-0.0300441139	1.23432299275462	0.250751899693411	0.448081059024295	-1.68540061352814
0.0446029	0.0716545	0.0839476	0.00157541	-0.00109799	8.49093e-05	0.0572398	0.1365276	-0.0271354	0.00032848	-0.000118685	0.0003216463	0.259343365	0.0384069609	0.0039463888	-0.0326194932	-0.0517836067	-0.0433223267	-0.0117495564	0.0260913389	0.0500130897	0.0472539781	0.0192859283	-0.018970732	-0.0471069319	-0.0501126395	-0.0263843771	0.0114193591	0.0431311232	0.0518333998	0.0328837193	-0.0036086884	-0.0381759417	-0.0523771858	-0.0122407334	-0.0234711918	-0.0293748092	0.0027820223	0.0323940689	-0.0496901325	-0.0493012891	0.0108914921	0.0057593245	-0.0187447415	0.952284721974584	0.729132624175997	0.448081059024295	-1.68540061352814
0.0354431	-0.0174483	0.0640883	0.00150945	-0.00117143	-5.30791e-05	-0.0091598	-0.0891028	-0.0198593	-6.59599999999999e-05	-7.34400000000006e-05	-0.0001379884	0.13199132	0.0382531258	0.0034960873	-0.0331465714	-0.0519115742	-0.042677987	-0.0104259597	0.0274493255	0.0505197734	0.0463423012	0.0171700353	-0.0212629165	-0.0482276804	-0.0491807684	-0.0236081307	0.0146975897	0.0450761418	0.0511428052	0.0296255153	-0.0078703433	-0.0411213197	-0.0521934471	0.0165310679	0.0400109893	-0.032546403	0.0242622031	-0.0259603832	0.0476989211	-0.0161766768	-0.00965185	-0.0275823614	0.0086981093	1.01823638466364	0.748140447166754	0.448081059024295	-1.68540061352814
0.0265197	0.0854295	0.027464	0.00104428	-0.000969256	5.21785e-05	-0.0089234	0.1028778	-0.0366243	-0.00046517	0.000202174000000001	0.0001052576	0.18705558	0.0380985803	0.0030455261	-0.0336681095	-0.0520241169	-0.0420138333	-0.0090953929	0.0287823352	0.0509664168	0.0453609212	0.0150222601	-0.0235073292	-0.0492194833	-0.0480945804	-0.0207459769	0.0179144269	0.0468069407	0.050177843	0.02618914	-0.0120792627	-0.0437614146	-0.0515825363	-0.0275809505	-0.0343525333	0.0481060647	0.1008169257	-0.0125203599	-0.0565878398	0.0521517303	-0.0189339048	-0.0264762987	0.0506921825	0.70382780030974	0.790991722504147	0.448081059024295	-1.68540061352814
0.0249725	0.0400818	0.0760788	0.000975267	-0.000852678	0.000217652	-0.0015472	-0.0453477	0.0486148	-6.90130000000001e-05	0.000116578	0.0001654735	0.113062925	0.0379433273	0.0025947387	-0.0341840202	-0.0521212014	-0.0413301739	-0.0077587455	0.0300891549	0.051352489	0.044311314	0.0128465907	-0.0256989275	-0.0500796887	-0.0468574839	-0.0178083308	0.0210564335	0.0483152946	0.04894369	0.0225952602	-0.0162072446	-0.0460766263	-0.0505494535	0.0299332987	0.001703015	-0.0939339013	0.077268258	0.0108618622	0.0160283006	-0.0491861633	0.0431566803	-0.03648125	0.050706895	1.17260117075783	0.84764144464729	0.448081059024295	-1.68540061352814
0.0181977	0.0401131	0.0639163	0.00120197	-0.00105853	3.35762e-05	-0.0067748	3.1299999999998e-05	-0.0121625	0.000226703	-0.000205852	-0.0001840758	0.04980014	0.0377873696	0.0021437585	-0.0346942175	-0.0522027989	-0.0406273263	-0.0064169112	0.0313685957	0.0516775313	0.0431950583	0.0106470671	-0.0278327876	-0.0508059967	-0.0454733605	-0.0148058821	0.024110485	0.049594035	0.047446967	0.0188654898	-0.0202266294	-0.0480497669	-0.0491026536	-0.0476158258	-0.0814981955	0.0208063655	0.0325655563	-0.0148233724	-0.0063873786	0.0468160915	0.0072805089	0.0739043736	0.0317229838	0.779697517830512	0.895898272560541	0.448081059024295	0.592443852028073
0.0181809	0.110006	0.100415	0.000922094	-0.000869754	5.95598e-05	-1.67999999999974e-05	0.0698929	0.0364987	-0.000279876	0.000188776	2.59836e-05	0.13114018	0.0376307102	0.0016926191	-0.0351986159	-0.0522688852	-0.0399056168	-0.0050707869	0.0326194932	0.0519411573	0.0420138333	0.0084277735	-0.0299041152	-0.0513964655	-0.0439465533	-0.0117495564	0.0270638244	0.050637085	0.0456957037	0.0150222601	-0.024110485	-0.0496661877	-0.0472539781	0.0101989038	0.0465845498	0.0010403898	0.0026207054	0.0560520134	-0.0197747105	-0.0119181921	0.0306990146	-0.0181571004	-0.0640042436	0.527972780022704	0.862834182238781	0.448081059024295	0.592443852028073
0.0181684	0.00286874	0.0828463	0.00123683	-0.000956891	-4.25232e-05	-1.25000000000021e-05	-0.10713726	-0.0175687	0.000314736	-8.71370000000002e-05	-0.000102083	0.14991626	0.0374733519	0.0012413539	-0.0356971313	-0.0523194405	-0.0391653804	-0.0037212726	0.0338407093	0.0521430537	0.0407694154	0.0061928308	-0.0319082567	-0.0518495163	-0.0422818529	-0.0086504753	0.0299041152	0.0514394875	0.043699295	0.0110886847	-0.0278327876	-0.0509138886	-0.045018557	0.0383205881	-0.0402233021	0.0067143919	-0.0838123168	-0.0593885077	0.0141997437	-0.0078318494	0.0532777126	0.0793420642	-0.0535709606	1.28458724179312	0.60244383705963	0.448081059024295	-1.68540061352814
-0.0119374	0.0970369	0.0916033	0.000815535	-0.000710216	-2.40476e-05	-0.0301058	0.09416816	0.00875700000000003	-0.000421295	0.000246675	1.84756e-05	0.16735324	0.0373152977	0.0007899965	-0.0361896802	-0.0523544498	-0.0384069609	-0.0023692706	0.0350311327	0.0522829807	0.0394636764	0.0039463888	-0.0338407093	-0.0521639377	-0.0404844828	-0.0055199161	0.0326194932	0.0519974292	0.0414684511	0.0070884207	-0.0313685957	-0.0517836067	-0.0424146861	-0.0543816091	0.0248856071	0.0281537601	-0.0384652925	-0.0126418023	-0.0243325812	-0.02442135	-0.0495873301	-0.0094985886	-0.0897964202	0.890527486320471	0.358595517069389	0.448081059024295	-1.68540061352814
-0.0119615	0.00917611	0.0435854	0.000594874	-0.000757301	-0.000236737	-2.41000000000061e-05	-0.08786079	-0.0480179	-0.000220661	-4.7085e-05	-0.0002126894	0.15992456	0.0371565505	0.0003385804	-0.0366761804	-0.0523739028	-0.0376307102	-0.0010156846	0.0361896802	0.0523607718	0.0380985803	0.0016926191	-0.0356971313	-0.0523388891	-0.0385600826	-0.0023692706	0.0351986159	0.0523082586	0.03901514	0.0030455261	-0.0346942175	-0.0522688852	-0.0394636764	0.0502353376	0.0045211433	0.0039776558	-0.0421945747	0.0439433085	0.0609872937	0.0034479863	0.0614957072	-0.0321673293	-0.0334025423	0.942851862132945	0.310819900439401	0.448081059024295	-1.68540061352814
-0.0119666	-0.00753623	0.0144247	0.000445556	-0.000757301	0.00020076	-5.099999999994e-06	-0.01671234	-0.0291607	-0.000149318	0	0.000437497	0.07521889	0.0369971132	-0.0001128608	-0.0371565505	-0.0523777937	-0.0368369888	0.0003385804	0.0373152977	0.0523763346	0.0366761804	-0.0005642937	-0.0374733519	-0.0523739028	-0.0365146908	0.0007899965	0.0376307102	0.0523704984	0.036352523	-0.0010156846	-0.0377873696	-0.0523661213	-0.0361896802	-0.024175069	-0.0393844196	0.0022172747	-0.0265600848	0.1127677516	0.0053863091	-0.0031417164	0.0178766462	0.0077536555	-0.0134407193	-1.60763193046106	1.0452485028997	0.448081059024295	-1.68540061352814
-0.044468	0.0845392	0.0308413	0.000623865	-0.00058071	-0.00030401	-0.0325014	0.09207543	0.0164166	0.000178309	0.000176591	-0.00050477	0.18397693	0.0368369888	-0.0005642937	-0.0376307102	-0.0523661213	-0.0360261653	0.0016926191	0.0384069609	0.0523296507	0.0351986159	-0.0028201586	-0.0391653804	-0.0522688852	-0.0343547251	0.0039463888	0.0399056168	0.0521838529	0.0334948844	-0.0050707869	-0.0406273263	-0.0520745933	-0.0326194932	0.0117469446	0.0030477219	-0.0316334047	-0.0512487957	0.0311083254	0.0425059673	-0.0202111313	0.0403184606	0.0048289847	0.0095370196	0.340315252178106	1.08681114643417	0.448081059024295	-1.68540061352814
-0.0641372	0.0287315	-0.0184988	0.000903588	-0.000538322	-0.000471839	-0.0196692	-0.0558077	-0.0493401	0.000279723	4.23880000000001e-05	-0.000167829	0.149314	0.0366761804	-0.0010156846	-0.0380985803	-0.0523388891	-0.0351986159	0.0030455261	0.0394636764	0.0522207755	0.0336681095	-0.0050707869	-0.0407694154	-0.0520241169	-0.0320869629	0.0070884207	0.0420138333	0.0517492091	0.0304575546	-0.0090953929	-0.0431950583	-0.0513964655	-0.0287823352	-0.0227325945	0.0128486913	0.0241809499	-0.0158641122	0.0724829977	0.0398420172	0.0145808054	-0.0192819438	0.0048325552	0.0121687867	-0.547219317996264	1.69612636779601	0.448081059024295	-1.68540061352814
-0.0619898	-0.0508232	0.040925	0.000623865	-0.000169289	-0.000583472	0.00214740000000001	-0.0795547	0.0594238	-0.000279723	0.000369033	-0.000111633	0.17914535	0.0365146908	-0.0014670001	-0.0385600826	-0.0522961052	-0.0343547251	0.0043963972	0.0404844828	0.0520498384	0.0320869629	-0.0073119995	-0.0422818529	-0.0516402525	-0.0297185201	0.0102046586	0.0439465533	0.0510686325	0.027256828	-0.0130652981	-0.0454733605	-0.0503367722	-0.024709611	0.0452636412	-0.0126996846	0.029060346	-0.0128923959	0.0520839596	0.0098810506	0.0291227401	0.0679999405	-0.0011355272	0.0062522505	-0.127793903059427	2.21405171954045	0.448081059024295	-1.68540061352814
-0.08107	0.0577776	0.0512537	0.000836349	5.40275e-05	-0.000755434	-0.0190802	0.1086008	0.0103287	0.000212484	0.0002233165	-0.000171962	0.168397825	0.036352523	-0.0019182066	-0.03901514	-0.0522377823	-0.0334948844	0.0057443291	0.0414684511	0.0518170426	0.0304575546	-0.0095396348	-0.043699295	-0.0511183183	-0.027256828	0.0132837629	0.0456957037	0.0501453577	0.0239098759	-0.0169566271	-0.047446967	-0.0489033805	-0.0204346535	-0.0219304063	-0.0170205987	0.0581615626	-0.0460523208	0.0870872097	-0.047534435	0.014758475	0.0051502165	0.0411644109	-0.0461736807	0.582825467889811	2.20514063040013	0.448081059024295	-1.68540061352814
-0.081574	-0.0104102	0.0543264	0.00108416	0.000151862	-0.000612233	-0.000504000000000004	-0.0681878	0.00307270000000001	0.000247811	9.78345e-05	0.000143201	0.096206825	0.0361896802	-0.0023692706	-0.0394636764	-0.0521639377	-0.0326194932	0.0070884207	0.0424146861	0.0515226647	0.0287823352	-0.0117495564	-0.045018557	-0.0504597097	-0.024709611	0.016314529	0.0472539781	0.0489837722	0.0204346535	-0.0207459769	-0.0491026536	-0.0471069319	-0.0159924506	0.0147505708	0.0445108025	-0.0106144295	-0.0551623723	0.0278948751	0.0267307339	-0.0392865375	-0.0236468399	-0.0360477149	-0.042191633	0.027240675199235	1.14188762471507	0.448081059024295	-1.68540061352814
-0.0858014	0.0164883	-0.0298195	0.00118401	-0.000208495	-0.000635687	-0.00422739999999998	0.0268985	-0.0841459	9.98500000000005e-05	-0.000360357	-2.3454e-05	0.13945485	0.0360261653	-0.0028201586	-0.0399056168	-0.0520745933	-0.0317289578	0.0084277735	0.0433223267	0.0511670547	0.0270638244	-0.0139376608	-0.046236675	-0.0496661877	-0.0220848615	0.0192859283	0.0486148674	0.0475893965	0.0168498047	-0.024410558	-0.0504293264	-0.0449607632	-0.0114193591	-0.0294242363	0.0013275668	0.0607056048	0.0380490372	0.0178555381	-0.0197634031	0.0531579592	-0.0644513327	-0.0470078879	0.0268517951	0.351155177490979	0.776667209088688	0.448081059024295	-1.68540061352814
-0.116616	0.045482	0.00366427	0.00138685	-0.000334603	-0.000755435	-0.0308146	0.0289937	0.03348377	0.00020284	-0.000126108	-0.000119748	0.11572687	0.0358619813	-0.0032708371	-0.0403408874	-0.0519697758	-0.0308236917	0.0097614921	0.044190547	0.050750635	0.025304607	-0.016099885	-0.0473509122	-0.048739874	-0.0193908153	0.0221871482	0.049772687	0.0459688572	0.0131745611	-0.0279283311	-0.0514180959	-0.0424808075	-0.006752807	0.0299582277	-0.0039056769	-0.0619980271	0.0450132735	0.0409675022	0.0016444074	-0.0436780835	0.0187575897	-0.0587105681	0.0501575911	0.334771759992585	0.443790137560736	0.448081059024295	-1.68540061352814
-0.0943456	0.00816272	0.00355638	0.00179765	-0.00021236	-0.000755435	0.0222704	-0.03731928	-0.00010789	0.0004108	0.000122243	0	0.08634972	0.0356971313	-0.0037212726	-0.0407694154	-0.0518495163	-0.0299041152	0.0110886847	0.045018557	0.0502739006	0.0235073292	-0.0182322141	-0.0483587652	-0.0476832451	-0.0166359256	0.0250076315	0.0507226006	0.0441298556	0.0094286395	-0.03127814	-0.0520623368	-0.0396854757	-0.0020309873	-0.0378562287	-0.047878431	0.0092348752	0.0237777834	0.0377513541	0.0357003391	0.0404679654	-0.0282558557	0.0414811889	0.0397766822	-1.72793073014537	1.97562467088098	0.448081059024295	-1.68540061352814
-0.0927114	0.0948726	0.01747	0.00131669	-0.000331344	-0.000755435	0.00163419999999996	0.08670988	0.01391362	-0.00048096	-0.000118984	0	0.1322549	0.0355316183	-0.0041714317	-0.0411911291	-0.0517138504	-0.0289706552	0.0124084642	0.0458056033	0.0497374181	0.021674694	-0.0203306886	-0.0492579697	-0.0464991262	-0.0138288366	0.0277371148	0.0514606403	0.0420811315	0.0056321357	-0.0344398384	-0.0523577323	-0.0365955205	0.0027074549	0.0211355424	-0.0036727169	0.0252642394	-0.0016999501	0.0741583457	-0.036372991	0.028939755	0.0539777549	-0.0148742777	-0.0189802719	-1.97328268272139	2.3518796096548	0.448081059024295	-1.68540061352814
-0.0960169	0.0440226	0.0508613	0.00158751	-0.000282386	-0.000755435	-0.00330549999999996	-0.05085	0.0333913	0.00027082	4.8958e-05	0	0.1035357	0.0353654455	-0.004621281	-0.0416059582	-0.0515628185	-0.028023745	0.0137199483	0.0465509697	0.0491418251	0.0198094581	-0.0223914121	-0.0500465054	-0.0451906832	-0.0109783563	0.0303656657	0.0519837232	0.0398324213	0.001805417	-0.0373944116	-0.0523023033	-0.0332338815	0.0074237382	-0.0165221653	-0.0187540199	-0.043703456	-0.0435429347	0.0339112824	0.0449030644	-0.0243988564	0.0087316375	0.0769203483	0.0084559381	-0.264158791564711	2.33343930388597	0.448081059024295	-1.68540061352814
-0.106248	0.0503632	0.0254305	0.00150293	-0.00032751	-0.000755435	-0.0102311	0.0063406	-0.0254308	-8.45800000000001e-05	-4.5124e-05	0	0.0484877	0.0351986159	-0.0050707869	-0.0420138333	-0.0513964655	-0.0270638244	0.0150222601	0.0472539781	0.0484878293	0.0179144269	-0.024410558	-0.0507226006	-0.0437614146	-0.0080934286	0.0328837193	0.0522896643	0.0373944116	-0.0020309873	-0.0401240904	-0.051896421	-0.0296255153	0.0120792627	0.0333878727	0.0155562757	0.0452862659	0.0221816997	0.0365759435	-0.0008559131	0.0727547213	0.0058919991	-0.0283226846	-0.0078185407	-0.173433463068909	2.38781315680539	0.448081059024295	-1.68540061352814
-0.119606	0.0561571	0.0482321	0.00100127	-5.98229e-05	-0.000889112	-0.013358	0.0057939	0.0228016	-0.00050166	0.0002676871	-0.000133677	0.087104705	0.0350311327	-0.0055199161	-0.0424146861	-0.0512148408	-0.0260913389	0.016314529	0.0479139886	0.0477762082	0.0159924506	-0.0263843771	-0.0512847364	-0.0422151417	-0.0051831058	0.0352821126	0.0523771858	0.0347786889	-0.0058564958	-0.0426124582	-0.0511428052	-0.0257972105	0.0166359256	0.0046387469	-0.0545592445	-0.0460490939	-0.0453723391	0.0067917534	-0.0364562203	-0.0564200953	0.0555112689	0.0723204044	0.0118647665	-1.44407939164953	2.3679333586163	0.448081059024295	-1.68540061352814
-0.113894	0.00675641	0.0481674	0.00172722	-0.000150625	-0.00100982	0.00571199999999998	-0.04940069	-6.46999999999939e-05	0.00072595	-9.08021e-05	-0.000120708	0.102050395	0.0348629988	-0.0059686353	-0.0428084497	-0.0510179984	-0.0251067401	0.0175958911	0.0485304007	0.0470078072	0.0140464202	-0.0283092043	-0.0517316498	-0.0405559987	-0.0022565198	0.0375521182	0.0522459219	0.0319976841	-0.0096505858	-0.0448445497	-0.0500465054	-0.021777388	0.0210564335	-0.0408302844	0.0714511063	0.0152866872	-0.0456792878	-0.00790619	0.0439133462	0.0094580832	-0.0621660751	0.0146166747	-0.0701792769	0.086452310241597	1.39498793328898	0.448081059024295	-1.68540061352814
-0.116609	0.0586189	0.0313164	0.00101532	-0.000279921	-0.00087751	-0.00271499999999998	0.05186249	-0.016851	-0.0007119	-0.000129296	0.00013231	0.12010379	0.0346942175	-0.0064169112	-0.0431950583	-0.0508059967	-0.024110485	0.0188654898	0.0491026536	0.0461835398	0.0120792627	-0.0301814655	-0.0520623368	-0.0387884217	0.0006771467	0.0396854757	0.051896421	0.0290646136	-0.013392903	-0.0468069407	-0.0486148674	-0.0175958911	0.025304607	0.0582300692	-0.030953235	0.055610672	-0.0253827559	0.030246979	-0.0537394799	0.0282300178	0.0658500269	-0.0288474672	-0.0202746381	0.417706920420637	1.19461258037372	0.448081059024295	0.592443852028073
-0.116622	0.00506469	0.0343207	0.00152048	-0.000159336	-0.000755435	-1.3000000000013e-05	-0.05355421	0.0030043	0.00050516	0.000120585	0.000122075	0.09396251	0.0345247919	-0.0068647103	-0.0435744473	-0.0505788988	-0.0231030362	0.0201224762	0.0496302266	0.0453043854	0.0100939368	-0.0319976841	-0.0522760543	-0.0369171367	0.0036086884	0.0416744222	0.0513301431	0.0259934166	-0.0170633708	-0.0484878293	-0.0468574839	-0.0132837629	0.0293456776	-0.0375622789	-0.0222373145	-0.0601264855	-0.0298017228	0.0604547167	0.0298940304	-0.0430798736	-0.0206386729	0.0371954947	0.0248206392	1.06168615372076	0.509919375286958	0.448081059024295	-1.68540061352814
-0.11164	0.0131824	0.00994462	0.00146283	-0.000159336	-0.000755435	0.004982	0.00811771	-0.02437608	-5.765e-05	0	0	0.04035829	0.0343547251	-0.0073119995	-0.0439465533	-0.0503367722	-0.0220848615	0.0213660101	0.0501126395	0.044371389	0.0080934286	-0.0337544877	-0.0523723222	-0.0349471469	0.0065289069	0.0435117199	0.0505494535	0.0227986886	-0.0206422981	-0.0498771065	-0.0447861304	-0.0088730165	0.0331465714	0.0139661012	0.0354019344	0.0496023783	0.0022964931	0.0308099152	0.0014781062	0.0371744612	-0.0104396227	-0.0224849586	-0.0071480967	0.932103677711875	-0.042614819992885	0.448081059024295	-1.68540061352814
-0.116601	0.0646112	0.0411021	0.00153895	-0.000494087	-0.000755435	-0.00496099999999999	0.0514288	0.03115748	7.61200000000001e-05	-0.000334751	0	0.10809083	0.0341840202	-0.0077587455	-0.044311314	-0.0500796887	-0.0210564335	0.0225952602	0.0505494535	0.0433856593	0.0060807472	-0.0354486142	-0.0523509242	-0.0328837193	0.0094286395	0.0451906832	0.0495576132	0.0194956122	-0.024110485	-0.0509664168	-0.0424146861	-0.0043963972	0.0366761804	0.0086751202	-0.0181441893	-0.0331314303	-0.0371235364	0.002850282	-0.0434645259	-0.0499231328	0.0107911144	0.0148696654	0.0244728513	1.26404704169867	-0.073641587691096	0.448081059024295	-1.68540061352814
-0.110778	0.0211018	0.0508857	0.00176444	-0.000460528	-0.00115617	0.005823	-0.0435094	0.00978360000000001	0.00022549	3.35589999999999e-05	-0.000400735	0.0921052	0.0340126806	-0.0082049152	-0.0446686685	-0.0498077248	-0.0200182296	0.0238094045	0.050940271	0.0423483678	0.0040589197	-0.0370769179	-0.0522119084	-0.030732371	0.0122987873	0.0467052026	0.0483587652	0.016099885	-0.0274493255	-0.0517492091	-0.0397590408	0.0001128608	0.0399056168	-0.0602290801	0.0242500905	0.0114695651	-0.0113048862	-0.0320301633	0.0219987026	-0.0003882498	-0.0718095719	0.0078174923	-0.0030200841	0.234490599821451	-0.00594620217558	0.448081059024295	-1.68540061352814
-0.116584	0.0594242	0.0404984	0.00143262	-0.000571657	-0.00115617	-0.00580599999999999	0.0383224	-0.0103873	-0.00033182	-0.000111129	0	0.07666315	0.0338407093	-0.0086504753	-0.045018557	-0.0495209612	-0.018970732	0.0250076315	0.0512847364	0.0412607473	0.0020309873	-0.0386363752	-0.0519555872	-0.028498854	0.0151303447	0.0480497669	0.0469579174	0.0126276447	-0.0306409077	-0.0522207755	-0.0368369888	0.004621281	0.0428084497	0.0452084092	-0.002976174	0.0596322973	0.0060429239	0.0236308917	-0.0411333027	0.0448026045	0.0411594087	-0.0454203174	-0.0055310933	0.01495799191011	0.134740838535525	0.448081059024295	-1.68540061352814
-0.122337	0.0707318	0.0771943	0.00145382	-0.000159336	-0.00115617	-0.00575299999999999	0.0113076	0.0366959	2.12000000000001e-05	0.000412321	0	0.07543255	0.0336681095	-0.0090953929	-0.0453609212	-0.0492194833	-0.0179144269	0.02618914	0.0515825363	0.0401240904	0	-0.0401240904	-0.0515825363	-0.02618914	0.0179144269	0.0492194833	0.0453609212	0.0090953929	-0.0336681095	-0.0523782801	-0.0336681095	0.0090953929	0.0453609212	-0.0202938321	-0.0243701619	-0.0579532148	-0.0413323441	0.0084982385	0.0012871384	-0.0546452751	0.0140027626	0.055385637	0.0237645656	-0.11581460606295	0.006116381240437	0.448081059024295	-1.68540061352814
-0.116616	0.0263027	0.0652744	0.00166221	-0.000159336	-0.00115617	0.00572099999999998	-0.0444291	-0.0119199	0.00020839	0	0	0.0724895	0.0334948844	-0.0095396348	-0.0456957037	-0.0489033805	-0.0168498047	0.0273531403	0.0518333998	0.0389397479	-0.0020309873	-0.0415373011	-0.051093594	-0.0238094045	0.0206422981	0.0502100954	0.0435744473	0.0055199161	-0.0365146908	-0.0522207755	-0.0302736359	0.0135019809	0.0475421407	0.0092124969	0.0574214312	0.0280006215	-0.005303109	0.0015915102	0.0306981786	0.020748893	-0.0077068088	-0.0123092363	-0.0543214201	0.127899116302312	-0.179795992098825	0.448081059024295	-1.68540061352814
-0.116616	0.0736598	0.0711243	0.0011052	-0.000159336	-0.00115617	0	0.0473571	0.00584990000000001	-0.00055701	0	0	0.0810575	0.0333210373	-0.009983168	-0.0460228486	-0.0485727468	-0.0157773596	0.028498854	0.0520370985	0.0377091275	-0.0040589197	-0.0428733831	-0.0504898588	-0.0213660101	0.0233053991	0.0510179984	0.0416059582	0.0019182066	-0.0391653804	-0.0517492091	-0.0266763128	0.0178083308	0.0493342563	0.0161423276	-0.0466441279	0.0159777152	-0.0477388731	-0.0465224179	-0.0589529158	-0.0106675862	0.03900068	0.0399118589	-0.0325239468	0.493989332530674	-0.679935040225727	0.448081059024295	-1.68540061352814
-0.123106	0.0398888	0.101218	0.00175046	-0.000159336	-0.00115617	-0.00648999999999998	-0.033771	0.0300937	0.00064526	0	0	0.1026177	0.0331465714	-0.0104259597	-0.0463423012	-0.0482276804	-0.0146975897	0.0296255153	0.0521934471	0.0364336915	-0.0060807472	-0.0441298556	-0.049772687	-0.0188654898	0.0258953737	0.0516402525	0.0394636764	-0.0016926191	-0.0416059582	-0.0509664168	-0.0229002443	0.0219824722	0.0507226006	-0.0370246708	0.0653949272	-0.0282761376	-0.0612736403	-0.0357330692	0.0356882331	-0.0530742551	-0.0372958665	0.0176186549	-0.0694058719	1.05045612048195	0.040318665580857	0.448081059024295	-1.68540061352814
-0.124675	0.0302121	0.0781584	0.00172589	-0.000159336	-0.00115617	-0.001569	-0.00967670000000001	-0.0230596	-2.45699999999998e-05	0	0	0.0355338	0.0329714899	-0.0108679768	-0.0466540082	-0.0478682839	-0.0136109962	0.030732371	0.0523023033	0.0351149558	-0.0080934286	-0.0453043854	-0.04894369	-0.016314529	0.0284040951	0.0520745933	0.0371565505	-0.0052954007	-0.043823331	-0.0498771065	-0.018970732	0.0259934166	0.0516958108	0.0646265979	-0.008537764	0.0673004644	-0.0275698712	-0.0256052221	-0.0160936219	0.0573758164	0.0496241033	-0.0307393539	-0.0540651087	0.563399543186377	0.263878108049985	0.448081059024295	0.592443852028073
-0.133218	0.0620824	0.105835	0.00154787	-0.000159336	-0.00115617	-0.00854300000000001	0.0318703	0.0276766	-0.00017802	0	0	0.0769909	0.0327957961	-0.0113091867	-0.0469579174	-0.0474946641	-0.0125180835	0.0318186811	0.0523635681	0.0337544877	-0.0100939368	-0.0463947917	-0.0480047303	-0.0137199483	0.0308236917	0.0523194405	0.0346942175	-0.0088730165	-0.0458056033	-0.0484878293	-0.0149141057	0.0298113868	0.0522459219	-0.0366630372	-0.0249842321	-0.0187808195	-0.0163389116	0.0061439892	-0.0390576814	-0.0430938704	-0.0023140613	0.0217884722	0.010059805	-0.280065379503888	0.758435992981109	0.448081059024295	0.592443852028073
-0.133204	0.00771567	0.0969415	0.00146615	-0.000230893	-0.00125313	1.4000000000014e-05	-0.05436673	-0.00889349999999994	-8.172e-05	-7.1557e-05	-9.69600000000001e-05	0.07578608	0.0326194932	-0.0117495564	-0.0472539781	-0.0471069319	-0.0114193591	0.0328837193	0.0523771858	0.032353904	-0.0120792627	-0.0473990497	-0.0469579174	-0.0110886847	0.0331465714	0.0523739028	0.0320869629	-0.0124084642	-0.0475421407	-0.0468069407	-0.010757547	0.0334080384	0.0523684314	0.0089702511	0.0701244826	-0.0195810284	0.0074952607	-0.0391975426	0.0739854626	-0.0124398988	-0.0337309088	-0.0298673026	-0.0091953255	-0.140260625827548	0.956745253761908	0.448081059024295	0.592443852028073
-0.1332	0.00776378	0.0763378	0.00185017	-0.000293212	-0.00121378	3.99999999997624e-06	4.81099999999988e-05	-0.0206037000000001	0.00038402	-6.2319e-05	3.93500000000001e-05	0.04494026	0.0324425845	-0.0121890533	-0.0475421407	-0.0467052026	-0.0103153331	0.0339267737	0.0523431439	0.0309148693	-0.0140464202	-0.0483152946	-0.0458056033	-0.0084277735	0.0353654455	0.0522377823	0.0293456776	-0.015884942	-0.049023627	-0.0448445497	-0.0065289069	0.0367566699	0.0520623368	0.0477351333	-0.0329499001	0.0395182914	0.0055856353	-0.0815320148	-0.0130639124	0.0485213906	0.0386011375	-0.0043937207	0.0066798269	-1.24107659627669	0.672905774024319	0.448081059024295	-1.68540061352814
-0.133216	0.0484855	0.0969079	0.00176249	-0.000159336	-0.00122123	-1.59999999999882e-05	0.04072172	0.0205701	-8.76799999999999e-05	0.000133876	-7.44999999999999e-06	0.07275812	0.0322650733	-0.0126276447	-0.0478223571	-0.0462895956	-0.009206518	0.0349471469	0.0522614734	0.0294390937	-0.0159924506	-0.0491418251	-0.0445503769	-0.0057443291	0.0374733519	0.0519115742	0.0264818121	-0.0192859283	-0.0502421146	-0.0426124582	-0.0022565198	0.0398324213	0.0513301431	-0.0362981894	-0.0275503075	-0.0087456958	-0.00373117	-0.0028585654	-0.0305670431	-0.0326854792	-0.0233510762	0.0087262162	-0.004730171	-1.07844927411865	0.356826148697648	0.448081059024295	0.592443852028073
-0.142909	0.00774774	0.0911606	0.00200468	-0.000245451	-0.00131649	-0.00969299999999998	-0.04073776	-0.00574729999999998	0.00024219	-8.6115e-05	-9.526e-05	0.07735631	0.0320869629	-0.0130652981	-0.0480945804	-0.0458602343	-0.0080934286	0.0359441567	0.0521322486	0.0279283311	-0.0179144269	-0.0498771065	-0.0431950583	-0.0030455261	0.0394636764	0.0513964655	0.0235073292	-0.0225952602	-0.0511910666	-0.0401240904	0.0020309873	0.0426124582	0.050177843	0.0270245932	0.0553968622	-0.0029135581	0.0081935371	-0.0305258756	0.0812687985	0.0194575973	-0.0210094758	-0.0336084055	-0.0111610968	0.474491743969509	0.041545428862495	0.448081059024295	0.592443852028073
-0.138417	0.0618133	0.0345321	0.0017647	-0.000236888	-0.00115617	0.00449199999999997	0.05406556	-0.0566285	-0.00023998	8.56300000000001e-06	0.00016032	0.13562921	0.0319082567	-0.0135019809	-0.0483587652	-0.0454172463	-0.0069765817	0.0369171367	0.0519555872	0.0263843771	-0.0198094581	-0.0505197734	-0.0417426926	-0.0003385804	0.0413301739	0.0506943307	0.0204346535	-0.0257972105	-0.051865392	-0.0373944116	0.0063048856	0.0450761418	0.0486148674	-0.009733139	-0.0608850109	0.0173330687	0.0148294508	-0.0279598453	-0.0451944602	0.0253847533	-0.0043012004	0.020290707	0.0236627805	0.717358327035998	0.395962566937281	0.448081059024295	0.592443852028073
-0.133218	0.0554414	0.0459562	0.00193362	-0.000159336	-0.00115617	0.00519900000000001	-0.0063719	0.0114241	0.00016892	7.7552e-05	0	0.0353186	0.0317289578	-0.0139376608	-0.0486148674	-0.0449607632	-0.0058564958	0.0378654364	0.0517316498	0.0248090665	-0.021674694	-0.0510686325	-0.0401965428	0.0023692706	0.0430669878	0.0498077248	0.01727662	-0.0288765622	-0.0522614734	-0.0344398384	0.0105365379	0.0472051818	0.0466540082	-0.0508819627	0.0629800544	-0.063729088	0.0259971059	-0.0247652976	0.0066433729	-0.0859884129	-0.0731649156	-0.0416686966	-0.0068531049	0.579802480023452	0.709782010666328	0.448081059024295	0.592443852028073
-0.133218	-0.000212875	0.0217165	0.00173811	-0.000159336	-0.00115617	0	-0.055654275	-0.0242397	-0.00019551	0	0	0.089669475	0.0315490697	-0.0143723053	-0.048862844	-0.0444909208	-0.0047336909	0.0387884217	0.0514606403	0.0232042715	-0.0235073292	-0.0515226647	-0.0385600826	0.0050707869	0.0446686685	0.048739874	0.0140464202	-0.0318186811	-0.0523771858	-0.03127814	0.0146975897	0.0489837722	0.044311314	0.0662199462	-0.0303424978	0.0299328075	0.058395217	-0.0412493063	0.0013152427	0.0542749787	0.0360233274	-0.0287728635	0.0518555835	-0.211096305902385	1.76656761577154	0.448081059024295	-1.68540061352814
-0.143735	0.063517	0.0777035	0.0017716	-0.000159336	-0.00134916	-0.010517	0.063729875	0.055987	3.34899999999997e-05	0	-0.00019299	0.141557875	0.0313685957	-0.0148058821	-0.0491026536	-0.0440078585	-0.0036086884	0.0396854757	0.0511428052	0.0215718994	-0.025304607	-0.051881027	-0.0368369888	0.0077587455	0.0461301902	0.0474946641	0.010757547	-0.034609585	-0.0522119084	-0.0279283311	0.0187601599	0.0503987089	0.0416059582	-0.0487808948	-0.0427685183	-0.0514623127	0.0317066683	0.0134895347	-0.0581074413	-0.0377702763	-0.0224465581	0.0266311893	0.0716152935	0.987159645548964	1.82512511148637	-2.22840312389761	-1.68540061352814
-0.133236	0.00328126	0.0564055	0.00194576	-0.000159336	-0.0013084	0.010499	-0.06023574	-0.021298	0.00017416	0	4.07599999999999e-05	0.10277874	0.0311875391	-0.015238359	-0.0493342563	-0.0435117199	-0.0024820104	0.0405559987	0.0507784337	0.0199138901	-0.0270638244	-0.0521430537	-0.0350311327	0.0104259597	0.047446967	0.0460766263	0.0074237382	-0.0372360105	-0.051766528	-0.024410558	0.0226970271	0.0514394875	0.0385600826	0.0101051581	0.05342706	0.0132283656	0.0327406273	-0.0116893121	0.0534748979	0.0312918	-0.0228746571	-0.0125156524	-0.0023390518	0.694285353323789	0.155574871115562	0.448081059024295	-1.68540061352814
-0.142521	0.0638749	0.0778165	0.0019229	-0.000343181	-0.00140753	-0.00928500000000002	0.06059364	0.021411	-2.286e-05	-0.000183845	-9.91299999999998e-05	0.10658139	0.0310059033	-0.015669704	-0.0495576132	-0.0430026525	-0.0013541801	0.0413994086	0.0503678575	0.0182322141	-0.0287823352	-0.0523082586	-0.0331465714	0.0130652981	0.0486148674	0.0444909208	0.0040589197	-0.0396854757	-0.051043434	-0.0207459769	0.0264818121	0.0520983812	0.0351986159	0.0196546104	-0.0293646719	0.0134269172	-0.0129375511	-0.044625292	-0.0406054176	-0.0044502329	0.0319705416	0.0067481507	0.0027933979	0.537468101748123	1.14529846353095	0.448081059024295	0.592443852028073
-0.146475	0.0203809	0.0778312	0.00219056	-0.000159336	-0.00155686	-0.00395399999999999	-0.043494	1.47000000000341e-05	0.00026766	0.000183845	-0.00014933	0.07750445	0.0308236917	-0.016099885	-0.049772687	-0.0424808075	-0.0002257211	0.0422151417	0.04991145	0.01652887	-0.0304575546	-0.0523763346	-0.0311875391	0.015669704	0.0496302266	0.0427433176	0.0006771467	-0.0419463399	-0.0500465054	-0.0169566271	0.0300891549	0.0523704984	0.0315490697	-0.0321355445	0.0067759733	-0.0457476556	-0.0168142767	-0.0037121304	0.0497840175	-0.0146720779	-0.0250448613	0.0146074844	0.0224734007	-0.011510510189577	1.28248951644182	0.448081059024295	0.592443852028073
-0.156102	0.0026574	0.0461509	0.00189861	-0.00023469	-0.00142268	-0.00962699999999999	-0.0177235	-0.0316803	-0.00029195	-7.5354e-05	0.00013418	0.084105	0.0306409077	-0.01652887	-0.0499794418	-0.0419463399	0.0009028426	0.0430026525	0.0494096266	0.0148058821	-0.0320869629	-0.0523471556	-0.0291584371	0.0182322141	0.0504898588	0.0408401761	-0.0027074549	-0.0440078585	-0.0487810905	-0.0130652981	0.0334948844	0.0522538189	0.0276413132	0.0144995091	0.0377404318	0.0510572278	0.0424999023	0.0068826608	-0.0005373786	0.0648073859	-0.0284336537	-0.0489076787	-0.0095873078	-0.85714626218891	1.14839640327324	0.448081059024295	0.592443852028073
-0.162565	0.0485819	0.100353	0.0017481	-0.000159336	-0.00149888	-0.00646300000000002	0.0459245	0.0542021	-0.00015051	7.5354e-05	-7.62e-05	0.1216928	0.0304575546	-0.0169566271	-0.050177843	-0.0413994086	0.0020309873	0.0437614146	0.048862844	0.0130652981	-0.0336681095	-0.0522207755	-0.0270638244	0.0207459769	0.0511910666	0.0387884217	-0.0060807472	-0.0458602343	-0.0472539781	-0.0090953929	0.0366761804	0.0517492091	0.0235073292	0.0463855954	-0.0135307697	-0.0400013311	0.0058199786	-0.0468663023	-0.0053531888	-0.055128592	0.0471151657	-0.0235668527	-0.0052081559	-1.27006616039093	0.607277100625512	0.448081059024295	0.592443852028073
-0.158323	-0.00463515	0.0800411	0.00225321	-0.000159336	-0.00146032	0.00424200000000002	-0.05321705	-0.0203119	0.00050511	0	3.856e-05	0.10495445	0.0302736359	-0.0173831246	-0.0503678575	-0.0408401761	0.003158189	0.0444909208	0.0482715996	0.0113091867	-0.0351986159	-0.0519974292	-0.0249084068	0.0232042715	0.0517316498	0.0365955205	-0.0094286395	-0.0474946641	-0.0454733605	-0.0050707869	0.0396117264	0.050860415	0.0191809517	-0.0467724384	-0.0068423194	0.0096500716	0.0101830621	-0.0202939952	0.0431799695	0.0410869153	-0.0382193343	0.0518947284	-0.0059184583	-0.141209265687465	-0.54057453972994	0.448081059024295	-1.68540061352814
-0.153986	0.0469246	0.0674475	0.00204807	-0.000159336	-0.00150324	0.00433700000000001	0.05155975	-0.0125936	-0.00020514	0	-4.29200000000001e-05	0.08089335	0.0300891549	-0.0178083308	-0.0505494535	-0.0402688086	0.0042839244	0.0451906832	0.0476364314	0.0095396348	-0.0366761804	-0.0516775313	-0.0226970271	0.0256005252	0.0521099123	0.0342694522	-0.0127371473	-0.0489033805	-0.0434487905	-0.0010156846	0.0422818529	0.049594035	0.0146975897	0.032129107	0.0025352444	0.0280701715	0.0336072957	0.012902617	-0.0343468497	0.0106448566	0.0230291592	-0.0594260788	0.0087615315	0.43949301201835	0.8566700632255	0.448081059024295	0.592443852028073
-0.161933	-4.85189e-05	0.0743773	0.00236646	-9.81022e-05	-0.00147988	-0.00794700000000001	-0.0469731189	0.0069298	0.00031839	6.12338e-05	2.336e-05	0.0819991089	0.0299041152	-0.0182322141	-0.0507226006	-0.0396854757	0.005407671	0.0458602343	0.0469579174	0.0077587455	-0.0380985803	-0.0512616758	-0.0204346535	0.0279283311	0.052324667	0.0318186811	-0.0159924506	-0.0500796887	-0.0411911291	0.0030455261	0.0446686685	0.0479594708	0.0100939368	-0.0183694244	-0.0293947718	-0.0767846991	0.0270038708	-0.0356894057	0.0458343751	-0.0334705971	-0.0219871979	0.054458072	0.0714396517	-1.56775224844877	0.369446189539976	0.448081059024295	-1.68540061352814
-0.153971	0.041414	0.0291488	0.00224231	-0.000329626	-0.00161224	0.007962	0.0414625189	-0.0452285	-0.00012415	-0.0002315238	-0.00013236	0.1190547089	0.0297185201	-0.018654743	-0.0508872699	-0.039090351	0.0065289069	0.0464991262	0.046236675	0.0059686353	-0.0394636764	-0.050750635	-0.018126369	0.0301814655	0.0523752403	0.0292521253	-0.0191809517	-0.0510179984	-0.0387124883	0.0070884207	0.0467561802	0.0459688572	0.005407671	-0.0384221649	0.0332557666	0.0220321057	0.0904257458	-0.0607936175	-0.0376481081	0.037092753	-0.060306951	-0.0352051867	0.0336806073	-2.59047859487367	-0.190843411655219	0.448081059024295	-1.68540061352814
-0.153979	0.0237183	0.0834864	0.00203185	-0.000159336	-0.00161224	-8.000000000008e-06	-0.0176957	0.0543376	-0.00021046	0.00017029	0	0.0910788	0.0295323731	-0.0190758861	-0.051043434	-0.0384836111	0.0076471118	0.0471069319	0.0454733605	0.0041714317	-0.0407694154	-0.0501453577	-0.0157773596	0.032353904	0.0522614734	0.0265791242	-0.0222893319	-0.0517138504	-0.0360261653	0.0110886847	0.0485304007	0.0436369724	0.0006771467	0.0476956061	0.0089081472	-0.0604552762	0.054010964	-0.0123984857	0.0208546361	-0.0432947322	0.0602339275	-0.0358248674	0.0420880551	-0.256623211442905	-0.21888630207718	0.448081059024295	-1.68540061352814
-0.157007	-0.00292893	0.0401853	0.00242745	-0.000159336	-0.00144913	-0.00302799999999998	-0.02664723	-0.0433011	0.0003956	0	0.00016311	0.10091183	0.0293456776	-0.0194956122	-0.0511910666	-0.0378654364	0.0087617663	0.0476832451	0.0446686685	0.0023692706	-0.0420138333	-0.0494469678	-0.013392903	0.0344398384	0.0519837232	0.0238094045	-0.025304607	-0.0521639377	-0.0331465714	0.0150222601	0.0499794418	0.0409811285	-0.0040589197	-0.0348537201	-0.0574093891	0.0144245672	0.0168030223	-0.0147504321	-0.0079683189	0.047392416	-0.0083478114	0.0632732197	0.0198759482	-1.80227598731512	-0.369379704451445	0.448081059024295	-1.68540061352814
-0.163118	0.0607006	0.0570861	0.00193761	-0.000159336	-0.00142298	-0.00611100000000003	0.06362953	0.0169008	-0.00048984	0	2.61500000000002e-05	0.11244083	0.0291584371	-0.0199138901	-0.0513301431	-0.0372360105	0.009872353	0.0482276804	0.043823331	0.0005642937	-0.0431950583	-0.0486567622	-0.0109783563	0.0364336915	0.0515428613	0.0209530451	-0.028214182	-0.0523661213	-0.0300891549	0.0188654898	0.051093594	0.0380210421	-0.0087617663	-0.0230704198	0.0593591601	-0.0325811357	0.01405354	-0.0023716689	-0.011191567	-0.0695870239	-0.0230833306	-0.0397138881	-0.012699644	-1.95782225109494	1.32591943625574	0.448081059024295	-1.68540061352814
-0.154	-0.0253822	0.0451895	0.00238548	-0.000159336	-0.00131927	0.00911800000000001	-0.0860828	-0.0118966	0.00044787	0	0.000103709999999999	0.1346764	0.0289706552	-0.0203306886	-0.0514606403	-0.0365955205	0.0109783563	0.048739874	0.0429381175	-0.0012413539	-0.044311314	-0.0477762082	-0.0085391442	0.0383301323	0.050940271	0.0180204398	-0.0310059033	-0.0523194405	-0.0268703181	0.0225952602	0.051865392	0.0347786889	-0.013392903	0.0491831555	-0.0299347788	0.0112787462	0.0086590889	-0.0541823957	0.0294945622	0.0381460782	0.012923483	0.0237262525	-0.0004668879	-0.214890865342051	1.61219466929985	0.448081059024295	-1.68540061352814
-0.157534	0.0700397	0.0417097	0.00210196	-0.000159336	-0.00139296	-0.00353399999999998	0.0954219	-0.00347980000000001	-0.00028352	0	-7.36899999999993e-05	0.1202962	0.0287823352	-0.0207459769	-0.0515825363	-0.0359441567	0.0120792627	0.0492194833	0.0420138333	-0.0030455261	-0.0453609212	-0.0468069407	-0.0060807472	0.0401240904	0.050177843	0.0150222601	-0.0336681095	-0.0520241169	-0.0235073292	0.02618914	0.0522896643	0.03127814	-0.0179144269	-0.070461838	-0.0104974329	0.009173156	0.0329343081	-0.0141008855	-0.0643932336	-0.0273183939	-0.0483415653	-0.006260631	0.0244702292	-0.022678360392298	-0.080827842121692	0.448081059024295	0.592443852028073
-0.153994	0.000619058	0.0488832	0.00213696	-0.000159336	-0.00141323	0.00353999999999999	-0.069420642	0.00717350000000001	3.49999999999999e-05	0	-2.027e-05	0.082897642	0.0285934806	-0.0211597241	-0.0516958108	-0.0352821126	0.0131745611	0.0496661877	0.0410513194	-0.0048460789	-0.0463423012	-0.0457507597	-0.0036086884	0.0418107693	0.0492579697	0.011969416	-0.0361896802	-0.0514815542	-0.0200182296	0.0296255153	0.0523635681	0.0275453833	-0.0222893319	0.0608278672	0.0117200342	-0.010787678	0.0368379984	0.0211531277	0.074174047	0.0255834775	0.044553773	-0.0329867982	0.0308087527	-0.036267166286905	-0.287958805648419	0.448081059024295	-1.68540061352814
-0.153986	0.0613136	0.0264895	0.00222355	-4.0879e-05	-0.00119359	8.000000000008e-06	0.060694542	-0.0223937	8.65900000000001e-05	0.000118457	0.00021964	0.104330592	0.0284040951	-0.0215718994	-0.0518004449	-0.034609585	0.014263743	0.0500796887	0.0400514517	-0.0066408724	-0.0472539781	-0.0446096262	-0.0011285219	0.0433856593	0.0481835374	0.0088730165	-0.0385600826	-0.0506943307	-0.0164217376	0.0328837193	0.0520866082	0.0236081307	-0.0264818121	-0.0508026082	-0.0640724205	0.0138095856	0.0067816343	0.0392961425	-0.0595366675	0.0160097849	-0.0060162079	0.0596634296	0.023903213	0.274914313687564	0.021056831453674	0.448081059024295	-1.68540061352814
-0.153979	0.0490227	0.0521869	0.00231085	-0.000159336	-0.00161224	6.99999999997925e-06	-0.0122909	0.0256974	8.73000000000002e-05	-0.000118457	-0.00041865	0.06921565	0.028214182	-0.0219824722	-0.051896421	-0.0339267737	0.0153463027	0.0504597097	0.03901514	-0.0084277735	-0.0480945804	-0.0433856593	0.0013541801	0.0448445497	0.0469579174	0.0057443291	-0.0407694154	-0.0496661877	-0.0127371473	0.0359441567	0.0514606403	0.0194956122	-0.0304575546	0.0288465984	0.0590407492	-0.0260844354	0.0087136903	0.0416272556	0.0320414081	-0.0307206655	0.0140260857	-0.0364693089	-0.0168402407	0.166782196651071	0.576224270326323	0.448081059024295	-1.68540061352814
-0.153979	0.0404047	0.0405246	0.00253946	-0.000159336	-0.00134362	0	-0.008618	-0.0116623	0.00022861	0	0.00026862	0.0451418	0.028023745	-0.0223914121	-0.0519837232	-0.0332338815	0.0164217376	0.0508059967	0.0379433273	-0.0102046586	-0.048862844	-0.0420811315	0.0038338396	0.0461835398	0.0455849554	0.0025947387	-0.0428084497	-0.0484020114	-0.0089842256	0.0387884217	0.0504898588	0.015238359	-0.0341840202	-0.0109441908	-0.0506168346	0.0269064923	-0.0257668878	-0.0490969182	-0.0370999526	0.051704896	0.0076881188	0.0604338026	-0.0073844072	0.239642310994866	0.68189038164521	0.448081059024295	-1.68540061352814
-0.153984	0.0953492	0.0517145	0.002376	-3.34335e-05	-0.00122879	-4.99999999997725e-06	0.0549445	0.0111899	-0.00016346	0.0001259025	0.00011483	0.086349025	0.0278327876	-0.0227986886	-0.0520623368	-0.0325311144	0.0174895484	0.0511183183	0.0368369888	-0.011969416	-0.0495576132	-0.0406984653	0.0063048856	0.0473990497	0.0440689593	-0.0005642937	-0.0446686685	-0.0469078096	-0.0051831058	0.0413994086	0.0491807684	0.0108679768	-0.0376307102	-0.0109051105	0.0505745326	-9.07763e-05	-0.0042215947	0.0130257752	-0.0355753134	-0.0443169689	-0.0254943437	-0.0482085145	-0.0598027377	-0.076082713329245	0.221380138286053	0.448081059024295	-1.68540061352814
-0.153993	0.0114905	0.0435581	0.00231676	-0.000159336	-0.00135043	-9.00000000003676e-06	-0.0838587	-0.0081564	-5.92399999999999e-05	-0.0001259025	-0.00012164	0.107363225	0.0276413132	-0.0232042715	-0.0521322486	-0.0318186811	0.0185492395	0.0513964655	0.0356971313	-0.0137199483	-0.050177843	-0.0392402281	0.0087617663	0.0484878293	0.0424146861	-0.0037212726	-0.0463423012	-0.0451906832	-0.0013541801	0.0437614146	0.0475421407	0.0064169112	-0.0407694154	0.0386313435	-0.0200679538	-0.0254909358	-0.0238345475	-0.0470119133	0.0414095244	-0.0010054243	0.0241801691	0.0230122243	-0.0077080922	-0.378259364674589	-1.36120330125197	0.448081059024295	-1.68540061352814
-0.171229	0.0552637	0.0125088	0.00220479	-0.000159336	-0.00120027	-0.017236	0.0437732	-0.0310493	-0.00011197	0	0.00015016	0.105165	0.0274493255	-0.0236081307	-0.0521934471	-0.0310967934	0.0196003187	0.0516402525	0.0345247919	-0.015454175	-0.0507226006	-0.0377091275	0.0111989617	0.0494469678	0.0406273263	-0.0068647103	-0.0478223571	-0.0432587929	0.0024820104	0.0458602343	0.0455849554	0.0019182066	-0.0435744473	-0.0451853425	-0.0039765816	0.054303215	0.0198104392	0.0187016167	-0.0509237668	0.0284343408	-0.0401362216	-0.0142428694	-0.02700417	-1.20045852556685	-1.38568979062455	0.448081059024295	-1.68540061352814
-0.171258	0.0387595	0.0374106	0.00202503	2.57821e-05	-0.00120689	-2.90000000000013e-05	-0.0165042	0.0249018	-0.00017976	0.0001851181	-6.61999999999993e-06	0.060009905	0.027256828	-0.0240102362	-0.0522459219	-0.0303656657	0.0206422981	0.0518495163	0.0333210373	-0.0171700353	-0.0511910666	-0.0361080066	0.0136109962	0.0502739006	0.0387124883	-0.009983168	-0.0491026536	-0.0411213197	0.0063048856	0.0476832451	0.0433223267	-0.0025947387	-0.0460228486	0.0282482975	0.0089913561	-0.0477657336	-0.0348165096	0.0383970981	0.0171348876	-0.0576788787	0.0689510779	-0.0203604399	-0.0104745952	-1.51043789312624	-1.31553996673087	0.448081059024295	-1.68540061352814
-0.171237	0.017908	0.00225621	0.0024436	0.000302322	-0.00146021	2.09999999999932e-05	-0.0208515	-0.03515439	0.00041857	0.0002765399	-0.00025332	0.103448385	0.0270638244	-0.024410558	-0.0522896643	-0.0296255153	0.021674694	0.0520241169	0.0320869629	-0.0188654898	-0.0515825363	-0.0344398384	0.0159924506	0.0509664168	0.0366761804	-0.0130652981	-0.050177843	-0.0387884217	0.0100939368	0.0492194833	0.0407694154	-0.0070884207	-0.0480945804	-0.0243888972	0.0012489748	0.0646836981	-0.0144734796	0.0107741094	0.0095909396	0.0570117322	-0.0126182747	0.0260906948	-0.0225313681	-1.1887407877087	-1.21560463277543	0.448081059024295	0.592443852028073
-0.162292	0.0812081	0.0130943	0.0023654	-0.000159336	-0.00138088	0.00894499999999998	0.0633001	0.01083809	-7.82000000000001e-05	-0.000461658	7.93300000000001e-05	0.11404259	0.0268703181	-0.0248090665	-0.052324667	-0.0288765622	0.0226970271	0.0521639377	0.0308236917	-0.0205385235	-0.051896421	-0.0327077205	0.0183379745	0.0515226647	0.0345247919	-0.016099885	-0.051043434	-0.0362711858	0.0138288366	0.0504597097	0.0379433273	-0.0115294786	-0.049772687	0.0120957319	-0.0118388999	-0.0433307551	0.00527257	0.0440279326	-0.0241545574	-0.0415553683	0.0301810516	-0.0114528307	0.023670166	-0.148109073063647	-1.11968621567831	-2.22840312389761	0.592443852028073
-0.152879	-0.0195946	-0.00743306	0.00218625	0.000423202	-0.00121374	0.00941300000000003	-0.1008027	-0.02052736	-0.00017915	0.000582538	0.00016714	0.17718446	0.0266763128	-0.0252057321	-0.0523509242	-0.0281190288	0.0237088227	0.0522688852	0.0295323731	-0.0221871482	-0.0521322486	-0.0309148693	0.0206422981	0.0519411573	0.0322650733	-0.0190758861	-0.0516958108	-0.0335815749	0.0174895484	0.0513964655	0.0348629988	-0.015884942	-0.051043434	-0.0465463714	0.0119456986	0.0024896844	0.0261932258	0.0024891592	0.0359308415	0.0202873724	-0.0420982511	0.0166310071	0.0341204465	-0.630649433083737	-1.31876326351117	-2.22840312389761	0.592443852028073
-0.154296	0.0537921	0.0130822	0.00214202	-0.000159336	-0.00121306	-0.00141700000000003	0.0733867	0.02051526	-4.42299999999997e-05	-0.000582538	6.80000000000082e-07	0.12669136	0.0264818121	-0.0256005252	-0.0523684314	-0.0273531403	0.024709611	0.0523388891	0.028214182	-0.0238094045	-0.0522896643	-0.0290646136	0.0229002443	0.0522207755	0.0299041152	-0.0219824722	-0.0521322486	-0.030732371	0.0210564335	0.0520241169	0.0315490697	-0.0201224762	-0.051896421	0.0426278033	-0.0065687556	0.0239907694	0.0237339628	0.0809400265	-0.0219634325	0.0292214674	0.0584624689	-0.0285244163	0.0081235605	-1.02341756603107	-1.39351125966911	0.448081059024295	0.592443852028073
-0.145827	0.0146942	0.0417256	0.00254711	-0.000140035	-0.00117738	0.00846900000000003	-0.0390979	0.0286434	0.00040509	1.9301e-05	3.568e-05	0.09921385	0.0262868196	-0.0259934166	-0.0523771858	-0.0265791242	0.0256989275	0.0523739028	0.0268703181	-0.0254033645	-0.0523684314	-0.0271603893	0.0251067401	0.0523607718	0.0274493255	-0.0248090665	-0.0523509242	-0.0277371148	0.0245103563	0.0523388891	0.028023745	-0.0242106219	-0.052324667	0.0096688366	-0.0266323794	-0.0521084029	-0.0647561078	0.0099774893	0.0276543692	-0.0236062719	0.0171805608	0.0820985921	-0.0134647685	-0.532686891500259	-1.33364476093553	0.448081059024295	-1.68540061352814
-0.150077	0.0554487	0.00905993	0.00242256	8.4086e-05	-0.00114979	-0.00425	0.0407545	-0.03266567	-0.00012455	0.000224121	2.75900000000001e-05	0.09648322	0.0260913389	-0.0263843771	-0.0523771858	-0.0257972105	0.0266763128	0.0523739028	0.0255020041	-0.0269671338	-0.0523684314	-0.0252057321	0.027256828	0.0523607718	0.0249084068	-0.0275453833	-0.0523509242	-0.0246100408	0.0278327876	0.0523388891	0.0243106464	-0.0281190288	-0.052324667	-0.0340459118	0.039745076	0.0626457435	-0.0361758594	0.0195259073	-0.0466056111	0.0208758495	-0.0439449414	-0.0269624778	-0.0701214379	-0.404107430651903	-1.28932396294993	0.448081059024295	-1.68540061352814
-0.150782	0.0479823	0.0219642	0.00237655	8.41773e-05	-0.00131309	-0.000705000000000011	-0.00746639999999999	0.01290427	-4.601e-05	9.1299999999963e-08	-0.0001633	0.031545735	0.0258953737	-0.0267733776	-0.0523684314	-0.0250076315	0.0276413132	0.0523388891	0.024110485	-0.028498854	-0.0522896643	-0.0232042715	0.0293456776	0.0522207755	0.0222893319	-0.0301814655	-0.0521322486	-0.0213660101	0.0310059033	0.0520241169	0.0204346535	-0.0318186811	-0.051896421	0.0571973185	0.0210275134	-0.0145357104	-0.0572643084	0.077720468	0.0218264865	-0.0421709951	0.0514937414	-0.0589203108	-0.0263290352	-0.380123740366359	-1.21188615435878	0.448081059024295	-1.68540061352814
-0.167409	0.0230069	0.00379688	0.00237929	0.000244756	-0.00112997	-0.016627	-0.0249754	-0.01816732	2.74000000000021e-06	0.0001605787	0.00018312	0.077091655	0.0256989275	-0.0271603893	-0.0523509242	-0.0242106219	0.0285934806	0.0522688852	0.0226970271	-0.0299967047	-0.0521322486	-0.0211597241	0.0313685957	0.0519411573	0.0196003187	-0.0327077205	-0.0516958108	-0.0180204398	0.0340126806	0.0513964655	0.0164217376	-0.0352821126	-0.051043434	-0.0106723804	-0.0419069392	0.0258210843	-0.0488995281	0.0273555042	-0.0021758127	0.0436577315	-0.0279321832	0.0397066546	0.0069454072	1.26604721621813	-1.02865119640185	-2.22840312389761	0.592443852028073
-0.160069	0.0883641	0.0218556	0.00215726	0.000244756	-0.0011601	0.00734000000000004	0.0653572	0.01805872	-0.00022203	0	-3.01299999999997e-05	0.10336392	0.0255020041	-0.0275453833	-0.052324667	-0.0234064185	0.0295323731	0.0521639377	0.0212629165	-0.0314589057	-0.051896421	-0.0190758861	0.0333210373	0.0515226647	0.0168498047	-0.0351149558	-0.051043434	-0.0145892291	0.0368369888	0.0504597097	0.0122987873	-0.0384836111	-0.049772687	-0.0459085135	0.0201887597	-0.0016777685	-0.0246789119	0.028691856	-0.0254551798	-0.0558773099	-0.0471116879	-0.0222893149	-0.0002976439	-0.520837537529861	-0.455890949333264	-2.22840312389761	0.592443852028073
-0.161764	0.0180459	0.00927913	0.00262203	2.85947e-05	-0.00113065	-0.00169500000000006	-0.0703182	-0.01257647	0.00046477	-0.0002161613	2.94499999999999e-05	0.120108735	0.025304607	-0.0279283311	-0.0522896643	-0.0225952602	0.0304575546	0.0520241169	0.0198094581	-0.0328837193	-0.0515825363	-0.0169566271	0.0351986159	0.0509664168	0.0140464202	-0.0373944116	-0.050177843	-0.0110886847	0.0394636764	0.0492194833	0.0080934286	-0.0413994086	-0.0480945804	0.0219525677	0.0451455562	0.0271866776	-0.0044382127	0.0654238152	0.0622643472	0.036757507	-0.0155075398	-0.0256835958	-0.0021049401	0.005991644262957	-0.892647496394866	-2.22840312389761	0.592443852028073
-0.15843	0.0699379	0.0169387	0.00215816	-9.72356e-05	-0.00116818	0.00333400000000003	0.051892	0.00765957	-0.00046387	-0.0001258303	-3.753e-05	0.094247085	0.0251067401	-0.0283092043	-0.0522459219	-0.021777388	0.0313685957	0.0518495163	0.0183379745	-0.0342694522	-0.0511910666	-0.0148058821	0.0369971132	0.0502739006	0.0111989617	-0.0395377932	-0.0491026536	-0.0075354425	0.0418786518	0.0476832451	0.0038338396	-0.0440078585	-0.0460228486	0.0383642344	-0.0308212996	0.0265200855	-0.0174659909	0.0114381312	-0.0433012553	0.0166872388	0.032726538	-0.0133754889	0.0004401299	0.482904021245805	-1.2425671444688	-2.22840312389761	0.592443852028073
-0.158329	0.0321003	0.0218503	0.00250202	0.000244756	-0.00126882	0.00010099999999999	-0.0378376	0.0049116	0.00034386	0.0003419916	-0.00010064	0.08217478	0.0249084068	-0.0286879745	-0.0521934471	-0.0209530451	0.0322650733	0.0516402525	0.0168498047	-0.0356144575	-0.0507226006	-0.0126276447	0.0387124883	0.0494469678	0.0083163637	-0.0415373011	-0.0478223571	-0.0039463888	0.0440689593	0.0458602343	-0.0004514381	-0.0462895956	-0.0435744473	-0.0221949874	-0.0172453953	-0.057907393	-0.0121484722	0.0460069246	0.0357851944	-0.0257822932	-0.0195830776	0.0417239033	0.0229136581	-0.860561031067374	-1.33454960686624	0.448081059024295	0.592443852028073
-0.162233	0.0304118	-0.00169726	0.00237733	-0.000155326	-0.00121452	-0.00390399999999999	-0.0016885	-0.02354756	-0.00012469	-0.000400082	5.43e-05	0.05809366	0.024709611	-0.0290646136	-0.0521322486	-0.0201224762	0.0331465714	0.0513964655	0.0153463027	-0.0369171367	-0.050177843	-0.0104259597	0.0403408874	0.0484878293	0.005407671	-0.0433856593	-0.0463423012	-0.0003385804	0.0460228486	0.0437614146	-0.0047336909	-0.0482276804	-0.0407694154	-0.0201115853	0.0435694785	0.0354508759	0.0299346046	-0.0156141031	-0.0150508805	0.0235386757	-0.0543543141	-0.031591237	0.0125487831	-0.602504219791317	-1.24814814553533	0.448081059024295	-1.68540061352814
-0.159143	0.0586334	0.0467912	0.00215672	-0.000156956	-0.0013591	0.00308999999999998	0.0282216	0.04848846	-0.00022061	-1.63e-06	-0.00014458	0.09814106	0.0245103563	-0.0294390937	-0.0520623368	-0.0192859283	0.0340126806	0.0511183183	0.0138288366	-0.0381759417	-0.0495576132	-0.0082049152	0.0418786518	0.0473990497	0.0024820104	-0.0450761418	-0.0446686685	0.0032708371	0.0477298374	0.0413994086	-0.0089842256	-0.0498077248	-0.0376307102	0.0445595193	0.004780585	-0.0421930122	0.0370064188	0.0108223651	0.0167949931	-0.0315942256	0.0260339681	-0.0619075553	0.050165266	-0.262626802325916	-1.26680107019489	0.448081059024295	-1.68540061352814
-0.163566	0.0114112	0.0169146	0.00247192	-0.000272655	-0.00125305	-0.00442299999999995	-0.0472222	-0.0298766	0.0003152	-0.000115699	0.00010605	0.10836925	0.0243106464	-0.0298113868	-0.0519837232	-0.0184436498	0.0348629988	0.0508059967	0.0122987873	-0.0393893764	-0.048862844	-0.0059686353	0.0433223267	0.0461835398	-0.0004514381	-0.0466025972	-0.0428084497	0.0068647103	0.0491807684	0.0387884217	-0.0131745611	-0.0510179984	-0.0341840202	0.0219946116	-0.0513205404	0.0053201672	-0.0101317491	-0.0466702077	0.0177861285	0.0256788477	0.0055506885	0.045493092	0.0125885084	0.881507599915792	-1.1800127101102	0.448081059024295	-1.68540061352814
-0.169477	0.0759321	0.0360315	0.00247371	-0.000178569	-0.00123403	-0.00591100000000003	0.0645209	0.0191169	1.79000000000021e-06	9.4086e-05	1.902e-05	0.0952936	0.024110485	-0.0301814655	-0.051896421	-0.0175958911	0.0356971313	0.0504597097	0.010757547	-0.0405559987	-0.0480945804	-0.0037212726	0.0446686685	0.0448445497	-0.0033834701	-0.0479594708	-0.0407694154	0.0104259597	0.0503678575	0.0359441567	-0.01727662	-0.0518495163	-0.0304575546	-0.0547002101	-0.0339463132	-0.0020646215	-0.0217524679	0.0171409016	-0.0469782971	-0.0289670704	-0.019883216	0.0255989065	-0.0243178068	-1.73244137046695	-0.748846546859001	0.448081059024295	-1.68540061352814
-0.173303	0.0186894	0.0285654	0.00242452	8.90668e-05	-0.00161224	-0.003826	-0.0572427	-0.0074661	-4.91900000000002e-05	0.0002676358	-0.00037821	0.10328659	0.0239098759	-0.030549302	-0.0518004449	-0.016742904	0.0365146908	0.0500796887	0.009206518	-0.0416744222	-0.0472539781	-0.0014670001	0.0459146523	0.0433856593	-0.0063048856	-0.0491418251	-0.0385600826	0.0139376608	0.0512847364	0.0328837193	-0.0212629165	-0.0522961052	-0.0264818121	-0.0057300738	0.0698488806	0.0170119379	-0.0148747612	0.0010748342	0.0595738565	0.0005605919	-0.0223248095	-0.0228737866	-0.0457010115	-0.433668074846421	-0.855802117488492	0.448081059024295	0.592443852028073
-0.173284	0.0580236	0.0205426	0.0022294	-0.000205431	-0.00125884	1.89999999999912e-05	0.0393342	-0.00802280000000001	-0.00019512	-0.0002944978	0.0003534	0.08952689	0.0237088227	-0.0309148693	-0.0516958108	-0.015884942	0.0373152977	0.0496661877	0.0076471118	-0.0427433176	-0.0463423012	0.0007899965	0.0470574788	0.0418107693	-0.009206518	-0.0501453577	-0.0361896802	0.0173831246	0.0519264863	0.0296255153	-0.0251067401	-0.0523544498	-0.0222893319	0.0475319955	-0.0325300528	0.0471754125	0.0110000083	-0.0300639661	-0.0281782404	0.0395664307	0.0395867539	-0.035466324	0.0030102079	-1.73465709425498	-0.915850837824234	0.448081059024295	0.592443852028073
-0.173281	0.0379624	0.0518104	0.00238228	-0.000147114	-0.0013635	3.000000000003e-06	-0.0200612	0.0312678	0.00015288	5.8317e-05	-0.00010466	0.06712485	0.0235073292	-0.03127814	-0.0515825363	-0.0150222601	0.0380985803	0.0492194833	0.0060807472	-0.0437614146	-0.0453609212	0.0030455261	0.0480945804	0.0401240904	-0.0120792627	-0.0509664168	-0.0336681095	0.0207459769	0.0522896643	0.02618914	-0.0287823352	-0.0520241169	-0.0179144269	-0.025527857	-0.0404211561	-0.0661792037	0.0048261136	0.0001038232	0.0026950862	-0.0482740411	0.0170055315	0.0398434838	0.0430151869	-1.60995975102267	-1.48411542630397	0.448081059024295	0.592443852028073
-0.173299	0.007807	0.0518048	0.00239598	3.47244e-05	-0.00154815	-1.8000000000018e-05	-0.0301554	-5.60000000000838e-06	1.36999999999997e-05	0.0001818384	-0.00018465	0.04918842	0.0233053991	-0.0316390872	-0.0514606403	-0.0141551145	0.0388641751	0.048739874	0.0045088495	-0.0447275033	-0.044311314	0.0052954007	0.049023627	0.0383301323	-0.0149141057	-0.0516020147	-0.0310059033	0.0240102362	0.0523723222	0.0225952602	-0.0322650733	-0.0513075588	-0.013392903	-0.0297381029	0.0702107432	-0.0021648787	0.0016949718	-0.0656504501	0.045777648	0.0063212071	-0.0333811128	0.0204143274	-0.0533040238	-0.024881257186343	-1.47323133704968	0.448081059024295	0.592443852028073
-0.17328	0.0365978	0.0340135	0.00241937	-0.000253389	-0.00138087	1.90000000000468e-05	0.0287908	-0.0177913	2.33900000000003e-05	-0.0002881134	0.00016728	0.07054027	0.0231030362	-0.0319976841	-0.0513301431	-0.0132837629	0.0396117264	0.0482276804	0.0029328492	-0.0456404355	-0.0431950583	0.0075354425	0.0498425313	0.0364336915	-0.017702152	-0.0520498384	-0.028214182	0.0271603893	0.0521740164	0.0188654898	-0.0355316183	-0.0502100954	-0.0087617663	0.0541124047	-0.0377688677	0.0576449711	0.0164562942	-0.0143485009	-0.0477035265	0.0471080818	0.0723187888	-0.0134327278	-0.0052365644	-1.39735734488631	-0.722063426639634	0.448081059024295	0.592443852028073
-0.179052	0.0237595	0.0727149	0.00240678	-4.7328e-05	-0.00161224	-0.005772	-0.0128383	0.0387014	-1.25900000000003e-05	0.000206061	-0.00023137	0.07981275	0.0229002443	-0.032353904	-0.0511910666	-0.0124084642	0.0403408874	0.0476832451	0.0013541801	-0.0464991262	-0.0420138333	0.0097614921	0.0505494535	0.0344398384	-0.0204346535	-0.0523082586	-0.025304607	0.0301814655	0.0516958108	0.0150222601	-0.0385600826	-0.048739874	-0.0040589197	-0.0368402395	-0.0275984561	-0.0636058256	-0.0276919669	0.0091911237	-0.0086029301	-0.0446647855	0.0189959255	0.0609260949	0.029013924	-2.02503681499668	-0.257884444820268	0.448081059024295	0.592443852028073
-0.173302	-0.00822485	0.0115345	0.00282219	-0.00010678	-0.00161224	0.00574999999999995	-0.03198435	-0.0611804	0.00041541	-5.9452e-05	0	0.12265785	0.0226970271	-0.0327077205	-0.051043434	-0.0115294786	0.0410513194	0.0471069319	-0.0002257211	-0.047302555	-0.0407694154	0.011969416	0.0511428052	0.032353904	-0.0231030362	-0.0523763346	-0.0222893319	0.0330591074	0.050940271	0.0110886847	-0.0413301739	-0.0469078096	0.0006771467	-0.0035531524	0.0623019123	0.0228683796	-0.0002953835	0.0002283877	0.0457318824	0.0264529098	-0.0251689034	-0.0031370199	-0.0277293336	-1.58316583366239	0.065798152502187	0.448081059024295	0.592443852028073
-0.173306	0.0568145	-0.0157189	0.00235692	-5.22787e-05	-0.00136796	-3.99999999997624e-06	0.06503935	-0.0272534	-0.00046527	5.45013e-05	0.000244279999999999	0.130499315	0.0224933884	-0.0330591074	-0.0508872699	-0.0106470671	0.0417426926	0.0464991262	-0.001805417	-0.0480497669	-0.0394636764	0.0141551145	0.0516212534	0.0301814655	-0.0256989275	-0.0522538189	-0.0191809517	0.0357796393	0.04991145	0.0070884207	-0.043823331	-0.0447275033	0.005407671	0.0209111833	-0.0369115738	0.0150946661	-0.0029801045	-0.0039072105	-0.0616831091	-0.0048060028	0.0188749405	0.0026000641	0.0134223462	-0.180491098240716	-1.05886731007467	0.448081059024295	0.592443852028073
-0.175899	0.00712805	0.0129665	0.00275891	0.000182668	-0.00142399	-0.00259300000000001	-0.04968645	0.0286854	0.00040199	0.0002349467	-5.60299999999994e-05	0.115613185	0.0222893319	-0.0334080384	-0.0507226006	-0.0097614921	0.0424146861	0.0458602343	-0.0033834701	-0.048739874	-0.0380985803	0.016314529	0.0519837232	0.0279283311	-0.028214182	-0.0519411573	-0.0159924506	0.0383301323	0.0486148674	0.0030455261	-0.0460228486	-0.0422151417	0.0100939368	-0.0502321893	-0.0022963057	-0.0586899904	0.0177904252	0.0047311681	0.0217602525	-0.0287920666	-0.0573474785	0.0133779954	0.0542712374	-0.184097714333649	-0.874111298309156	0.448081059024295	0.592443852028073
-0.173298	0.0137781	0.00822993	0.00258312	-7.22049e-05	-0.00146507	0.00260099999999999	0.00665005	-0.00473657	-0.00017579	-0.0002548729	-4.108e-05	0.037574765	0.0220848615	-0.0337544877	-0.0505494535	-0.0088730165	0.0430669878	0.0451906832	-0.0049584444	-0.0493720561	-0.0366761804	0.0184436498	0.0522294002	0.0256005252	-0.0306409077	-0.0514394875	-0.0127371473	0.0406984653	0.0470574788	-0.0010156846	-0.0479139886	-0.0393893764	0.0146975897	0.012958078	0.0221109586	0.0333566363	0.0549756312	0.0054029348	-0.0016438256	0.0507044641	0.0043739649	-0.0126027437	0.0035276266	0.61782726716562	-1.02499293797628	0.448081059024295	0.592443852028073
-0.181792	0.0496133	0.0451868	0.00272326	-0.000279738	-0.00146238	-0.008494	0.0358352	0.03695687	0.00014014	-0.0002075331	2.68999999999985e-06	0.098804225	0.0218799809	-0.0340984296	-0.0503678575	-0.0079819045	0.043699295	0.0444909208	-0.0065289069	-0.0499455618	-0.0351986159	0.0205385235	0.0523577323	0.0232042715	-0.0329714899	-0.050750635	-0.0094286395	0.0428733831	0.0452476394	-0.0050707869	-0.0494840794	-0.0362711858	0.0191809517	0.0390462246	-0.0167236618	-0.0035491154	-0.0176567267	0.0179897267	-0.0343196686	-0.0141587128	0.0774589991	-0.0137863232	-0.0159889402	0.101201680244661	-0.868842022500465	0.448081059024295	0.592443852028073
-0.189878	0.0141756	0.061515	0.00285831	-4.63026e-05	-0.00161224	-0.00808599999999998	-0.0354377	0.0163282	0.00013505	0.0002334354	-0.00014986	0.08576917	0.021674694	-0.0344398384	-0.050177843	-0.0070884207	0.044311314	0.0437614146	-0.0080934286	-0.0504597097	-0.0336681095	0.0225952602	0.0523684314	0.0207459769	-0.0351986159	-0.0498771065	-0.0060807472	0.0448445497	0.0431950583	-0.0090953929	-0.0507226006	-0.0328837193	0.0235073292	0.031312474	-0.0213954666	-0.0327035358	-0.0760196729	-0.0347694508	0.052588039	-0.0038405478	0.0336353525	0.0743821823	-0.0277453642	0.412188245680012	-0.918781907658652	0.448081059024295	0.592443852028073
-0.189884	0.0468714	0.0332736	0.00290161	-0.000282996	-0.00161224	-6.000000000006e-06	0.0326958	-0.0282414	4.33e-05	-0.0002366934	0	0.07494287	0.0214690046	-0.0347786889	-0.0499794418	-0.0061928308	0.0449027607	0.0430026525	-0.0096505858	-0.0509138886	-0.0320869629	0.0246100408	0.0522614734	0.0182322141	-0.0373152977	-0.0488220806	-0.0027074549	0.0466025972	0.0409107473	-0.0130652981	-0.0516212534	-0.0292521253	0.0276413132	-0.0606692399	0.005509023	0.0674512662	-0.0440102865	-0.0179898324	-0.052865133	-0.0017055065	-0.0357241724	0.0231772315	-0.071732914	0.857479293998976	-0.664104838963341	0.448081059024295	0.592443852028073
-0.189885	0.0337618	0.0775325	0.00270176	-8.82463e-05	-0.0015384	-1.000000000001e-06	-0.0131096	0.0442589	-0.00019985	0.0001947497	7.38399999999999e-05	0.080791485	0.0212629165	-0.0351149558	-0.049772687	-0.0052954007	0.0454733605	0.0422151417	-0.0111989617	-0.0513075588	-0.0304575546	0.0265791242	0.0520370985	0.015669704	-0.0393148935	-0.0475893965	0.0006771467	0.0481391707	0.0384069609	-0.0169566271	-0.0521740164	-0.0254033645	0.0315490697	0.0135721885	0.0702916835	-0.0102450006	-0.0310251176	0.0118619479	0.0204949131	-0.0326615077	0.006174005	-0.0214127672	-0.0589343995	0.533433733290371	-0.886184542047529	0.448081059024295	0.592443852028073
-0.194724	0.0119909	0.0576296	0.00298219	-0.00029249	-0.00161224	-0.00483900000000001	-0.0217709	-0.0199029	0.00028043	-0.0002042437	-7.38399999999999e-05	0.074438485	0.0210564335	-0.0354486142	-0.0495576132	-0.0043963972	0.0460228486	0.0413994086	-0.0127371473	-0.0516402525	-0.0287823352	0.028498854	0.0516958108	0.0130652981	-0.0411911291	-0.0461835398	0.0040589197	0.0494469678	0.0356971313	-0.0207459769	-0.0523771858	-0.0213660101	0.0351986159	0.0274647018	0.0154171898	0.052945358	-0.012122378	-0.0506731587	-0.0015402252	0.0406704253	0.0055020782	-0.0298797042	-0.0466097364	0.344937431577864	-1.10416745692036	0.448081059024295	0.592443852028073
-0.189859	0.0570707	0.0902068	0.00267011	-0.0004401	-0.00161224	0.00486500000000001	0.0450798	0.0325772	-0.00031208	-0.00014761	0	0.1055065	0.0208495594	-0.0357796393	-0.0493342563	-0.0034960873	0.0465509697	0.0405559987	-0.014263743	-0.0519115742	-0.0270638244	0.0303656657	0.0512383773	0.0104259597	-0.0429381175	-0.0446096262	0.0074237382	0.0505197734	0.0327957961	-0.024410558	-0.0522294002	-0.0171700353	0.0385600826	0.0478168511	-0.0150236988	-0.0178584935	-0.0070940107	-0.0247700342	-0.006243348	-0.033100956	0.0755861962	-0.0207230677	-0.0037453624	0.451464780127049	-1.10222938852579	0.448081059024295	0.592443852028073
-0.189871	-0.0135697	0.0631427	0.00304319	-0.000308802	-0.00168616	-1.2000000000012e-05	-0.0706404	-0.0270641	0.00037308	0.000131298	-7.39199999999999e-05	0.1266314	0.0206422981	-0.0361080066	-0.0491026536	-0.0025947387	0.0470574788	0.0396854757	-0.0157773596	-0.0521212014	-0.025304607	0.0321760928	0.0506658255	0.0077587455	-0.0445503769	-0.0428733831	0.010757547	0.051352489	0.0297185201	-0.0279283311	-0.0517316498	-0.0128465907	0.0416059582	0.0106538045	-0.0558222349	-0.004054852	-0.0531753241	-0.0737236553	0.0132549579	0.0166910601	0.0125617235	0.0825203008	0.0047573832	0.450482678543679	-0.948367854773799	0.448081059024295	0.592443852028073
-0.189889	0.0533583	0.0871122	0.00296438	-0.000115616	-0.00161224	-1.79999999999902e-05	0.066928	0.0239695	-7.88099999999999e-05	0.000193186	7.39199999999999e-05	0.1082113	0.0204346535	-0.0364336915	-0.048862844	-0.0016926191	0.0475421407	0.0387884217	-0.01727662	-0.0522688852	-0.0235073292	0.0339267737	0.0499794418	0.0050707869	-0.0460228486	-0.0409811285	0.0140464202	0.0519411573	0.0264818121	-0.03127814	-0.0508872699	-0.0084277735	0.044311314	-0.0523200529	0.0237576755	0.0085659793	-0.0451243966	-0.0225981171	-0.0293184706	-0.0483576183	-0.0324714878	0.0225123005	-0.0595101004	0.484790425905516	-1.017018342396	0.448081059024295	0.592443852028073
-0.183598	-0.023971	0.0640905	0.00310208	-0.000115616	-0.00181652	0.00629099999999999	-0.0773293	-0.0230217	0.0001377	0	-0.00020428	0.123741	0.0202266294	-0.0367566699	-0.0486148674	-0.0007899965	0.0480047303	0.0378654364	-0.0187601599	-0.0523544498	-0.021674694	0.0356144575	0.0491807684	0.0023692706	-0.0473509122	-0.0389397479	0.01727662	0.0522829807	0.0231030362	-0.0344398384	-0.0497019183	-0.0039463888	0.0466540082	0.0433570077	0.0324370854	0.0371008265	-0.013465765	-0.0054861984	0.0602186771	0.0509133329	0.0154564058	-0.026488505	-0.0340281814	-1.684465624465	-1.16017868295355	0.448081059024295	0.592443852028073
-0.170853	0.0672468	0.0445315	0.00304884	-0.000285906	-0.00161224	0.012745	0.0912178	-0.019559	-5.324e-05	-0.00017029	0.00020428	0.1449123	0.0200182296	-0.0370769179	-0.0483587652	0.0001128608	0.0484450328	0.0369171367	-0.0202266294	-0.0523777937	-0.0198094581	0.0372360105	0.0482715996	-0.0003385804	-0.0485304007	-0.0367566699	0.0204346535	0.0523763346	0.0196003187	-0.0373944116	-0.0481835374	0.0005642937	0.0486148674	-0.0012928175	-0.0276907916	-0.024359386	-0.0003502416	-0.0336014629	-0.0300708089	-0.0166946099	0.0050585373	0.0103780361	0.0156067509	0.914942553990874	-1.11887117767804	0.448081059024295	0.592443852028073
-0.171736	-0.0362139	0.00897685	0.00325699	5.01884e-05	-0.00179538	-0.000882999999999995	-0.1034607	-0.03555465	0.00020815	0.0003360944	-0.00018314	0.17626757	0.0198094581	-0.0373944116	-0.0480945804	0.0010156846	0.048862844	0.0359441567	-0.021674694	-0.0523388891	-0.0179144269	0.0387884217	0.0472539781	-0.0030455261	-0.0495576132	-0.0344398384	0.0235073292	0.0522207755	0.0159924506	-0.0401240904	-0.0463423012	0.0050707869	0.050177843	-0.0652130443	0.0056332654	-0.0181222135	0.0378704528	-0.0316043903	0.0262248294	-0.0016683533	-0.0814718331	-0.0152514625	0.0310653203	0.539663748502087	-0.964245587143749	0.448081059024295	0.592443852028073
-0.145457	0.0655643	-0.00876212	0.00276127	-0.000221673	-0.00161224	0.026279	0.1017782	-0.01773897	-0.00049572	-0.0002718614	0.00018314	0.19333224	0.0196003187	-0.0377091275	-0.0478223571	0.0019182066	0.0492579697	0.0349471469	-0.0231030362	-0.0522377823	-0.0159924506	0.0402688086	0.0461301902	-0.0057443291	-0.0504293264	-0.0319976841	0.0264818121	0.0518170426	0.0122987873	-0.0426124582	-0.044190547	0.0095396348	0.0513301431	0.0020512683	0.0202238234	0.0284604034	0.0847143771	0.0426991418	-0.0265592517	0.0252587775	-0.0015979582	-0.0437196715	0.0438147389	1.04726470860754	-0.790705644373125	0.448081059024295	0.592443852028073
-0.147708	-0.042212	-0.0135049	0.00319948	6.00616e-06	-0.00161224	-0.002251	-0.1077763	-0.00474278	0.00043821	0.00022767916	0	0.148064538	0.0193908153	-0.0380210421	-0.0475421407	0.0028201586	0.0496302266	0.0339267737	-0.0245103563	-0.0520745933	-0.0140464202	0.0416744222	0.0449027607	-0.0084277735	-0.0511428052	-0.0294390937	0.0293456776	0.0511670547	0.0085391442	-0.0448445497	-0.0417426926	0.0139376608	0.0520623368	0.0388109307	-0.019539731	-0.0422658868	0.0115515812	-0.0225454035	0.0510701219	-0.0259356116	0.0058775142	0.005612798	0.045099797	0.819123235794615	-0.939011007477274	0.448081059024295	0.592443852028073
-0.16387	0.0589164	-0.0249025	0.00281843	-0.000172342	-0.00155331	-0.016162	0.1011284	-0.0113976	-0.00038105	-0.00017834816	5.893e-05	0.159604408	0.0191809517	-0.0383301323	-0.0472539781	0.0037212726	0.0499794418	0.0328837193	-0.0258953737	-0.0518495163	-0.0120792627	0.0430026525	0.0435744473	-0.0110886847	-0.0516958108	-0.0267733776	0.0320869629	0.0502739006	0.0047336909	-0.0468069407	-0.03901514	0.0182322141	0.0523684314	-0.0582289931	-0.0362453396	0.0244453277	0.0718902732	0.0133358101	-0.0449801891	0.0186597724	-0.0799297676	-0.0262374802	0.048938829	0.419640450340879	-1.04001638539448	0.448081059024295	0.592443852028073
-0.163831	0.015704	0.00124203	0.00258835	1.87635e-06	-0.0020152	3.90000000000112e-05	-0.0432124	0.02614453	-0.00023008	0.00017421835	-0.00046189	0.1127053475	0.018970732	-0.0386363752	-0.0469579174	0.004621281	0.0503054532	0.0318186811	-0.027256828	-0.0515628185	-0.0100939368	0.0442510332	0.0421482344	-0.0137199483	-0.0520866082	-0.0240102362	0.0346942175	0.0491418251	0.0009028426	-0.0484878293	-0.0360261653	0.0223914121	0.0522459219	0.0356091142	0.0346531435	-0.0461545918	0.0565025669	0.0337506292	0.0759707574	-0.0183560095	0.0121080961	-0.0531496545	0.0453577366	0.809261508197375	-0.973442454376956	0.448081059024295	0.592443852028073
-0.163861	0.0684315	-0.0163745	0.00274784	-0.000246829	-0.00169207	-2.99999999999745e-05	0.0527275	-0.01761653	0.00015949	-0.00024870535	0.00032313	0.1069402975	0.0187601599	-0.0389397479	-0.0466540082	0.0055199161	0.0506081094	0.030732371	-0.0285934806	-0.0512148408	-0.0080934286	0.0454172463	0.0406273263	-0.016314529	-0.0523139709	-0.0211597241	0.0371565505	0.0477762082	-0.0029328492	-0.0498771065	-0.0327957961	0.0263843771	0.0516958108	-0.0247340676	-0.0760014592	0.0182352068	0.0559769481	0.0079826652	-0.0360070757	0.0629033563	-0.0173569988	0.0221691675	0.0371961778	0.816644558629771	-0.996245020085896	0.448081059024295	0.592443852028073
-0.163845	0.0562397	0.0388369	0.00267413	-0.000356718	-0.00161224	1.59999999999605e-05	-0.0121918	0.0552114	-7.37100000000003e-05	-0.000109889	7.98299999999999e-05	0.08059065	0.0185492395	-0.0392402281	-0.0463423012	0.0064169112	0.0508872699	0.0296255153	-0.0299041152	-0.0508059967	-0.0060807472	0.0464991262	0.03901514	-0.0188654898	-0.0523771858	-0.0182322141	0.0394636764	0.0461835398	-0.006752807	-0.0509664168	-0.0293456776	0.0301814655	0.0507226006	-0.0349871964	0.0559714781	-0.078274491	0.0402879728	0.0047653514	-0.0156811218	-0.099168411	-0.0324791355	-0.0320763837	0.0127163527	0.844402452473213	-0.822050928599142	0.448081059024295	0.592443852028073
-0.163868	0.0267968	0.0347626	0.00251918	1.87635e-06	-0.00161224	-2.29999999999952e-05	-0.0294429	-0.0040743	-0.00015495	0.00035859435	0	0.0592174175	0.0183379745	-0.0395377932	-0.0460228486	0.0073119995	0.0511428052	0.028498854	-0.0311875391	-0.0503367722	-0.0040589197	0.0474946641	0.0373152977	-0.0213660101	-0.0522760543	-0.015238359	0.0416059582	0.044371389	-0.0105365379	-0.0517492091	-0.0256989275	0.0337544877	0.0493342563	0.0638253306	-0.0233800536	0.0374862541	0.0193106203	-0.0150116361	0.0388577266	0.0749829887	0.0587614097	0.0044193525	0.0079615717	0.926133269704622	-0.910870385544235	0.448081059024295	0.592443852028073
-0.161188	0.0796383	0.0298578	0.00246396	-0.000124043	-0.00184437	0.00268000000000002	0.0528415	-0.0049048	-5.52200000000004e-05	-0.00012591935	-0.00023213	0.0810897675	0.018126369	-0.0398324213	-0.0456957037	0.0082049152	0.0513745965	0.0273531403	-0.0324425845	-0.0498077248	-0.0020309873	0.0484020114	0.0355316183	-0.0238094045	-0.0520108938	-0.0121890533	0.0435744473	0.0423483678	-0.014263743	-0.0522207755	-0.0218799809	0.0370769179	0.0475421407	-0.0427019201	-0.0501965045	-0.0043972101	-0.0264768004	0.0878352086	-0.0599570283	-0.030932136	0.0329386931	0.0383574005	0.0011304764	-0.665199777940615	-0.924550544147215	0.448081059024295	0.592443852028073
-0.157942	0.0159911	0.0571757	0.00244686	1.87635e-06	-0.00195542	0.003246	-0.0636472	0.0273179	-1.70999999999999e-05	0.00012591935	-0.00011105	0.1069145675	0.0179144269	-0.0401240904	-0.0453609212	0.0090953929	0.0515825363	0.02618914	-0.0336681095	-0.0492194833	0	0.0492194833	0.0336681095	-0.02618914	-0.0515825363	-0.0090953929	0.0453609212	0.0401240904	-0.0179144269	-0.0523782801	-0.0179144269	0.0401240904	0.0453609212	-0.0119631724	0.0684009828	0.0145304523	-0.0223244999	0.011066477	0.0406990752	0.0055039458	-0.037504268	-0.0141782853	-0.0451538366	0.892765796771838	-1.09643608893592	0.448081059024295	0.592443852028073
-0.163823	0.0786143	0.0571882	0.00182828	-0.000269862	-0.00235182	-0.005881	0.0626232	1.24999999999986e-05	-0.00061858	-0.00027173835	-0.0003964	0.1328526175	0.017702152	-0.0404127789	-0.045018557	0.009983168	0.051766528	0.0250076315	-0.0348629988	-0.0485727468	0.0020309873	0.0499455618	0.0317289578	-0.028498854	-0.050992326	-0.0059686353	0.0469579174	0.0377091275	-0.0214690046	-0.0522207755	-0.0138288366	0.0428733831	0.0428084497	0.0476909618	-0.026694907	0.0326196509	-0.0194288256	0.0315083101	-0.0337364453	0.0197870441	0.07205368	-0.0078189968	-0.0295548028	0.555086256841964	-0.788832037270782	0.448081059024295	0.592443852028073
-0.180252	0.0142554	0.0751739	0.00193757	-0.000218644	-0.00204528	-0.016429	-0.0643589	0.0179857	0.00010929	5.1218e-05	0.00030654	0.122126	0.0174895484	-0.0406984653	-0.0446686685	0.0108679768	0.0519264863	0.0238094045	-0.0360261653	-0.0478682839	0.0040589197	0.0505788988	0.0297185201	-0.030732371	-0.0502421146	-0.0028201586	0.0483587652	0.0351149558	-0.0249084068	-0.0517492091	-0.0096505858	0.0453043854	0.0399056168	-0.0122143268	-0.038795752	-0.0358700882	-0.0518508941	0.0228203863	0.0210379296	-0.0167052495	0.0092569923	0.0624281518	0.0065025468	-0.022706245161843	-0.198394997758422	-2.22840312389761	0.592443852028073
-0.170722	0.0359503	0.0351714	0.00194573	-0.000188536	-0.00204528	0.00952999999999998	0.0216949	-0.0400025	8.15999999999989e-06	3.0108e-05	0	0.0731408	0.01727662	-0.0409811285	-0.044311314	0.0117495564	0.0520623368	0.0225952602	-0.0371565505	-0.0471069319	0.0060807472	0.0511183183	0.0276413132	-0.0328837193	-0.0493342563	0.0003385804	0.0495576132	0.032353904	-0.028214182	-0.0509664168	-0.005407671	0.0473990497	0.0366761804	-0.0482547137	0.0320695353	0.0464153166	-0.0115397819	-0.0086572423	-0.0319469333	0.0162875302	-0.0362293578	0.008952389	-0.0339238692	-0.681811292853886	-0.664343079463493	-2.22840312389761	0.592443852028073
-0.18025	0.0319627	0.0747298	0.002201	1.87635e-06	-0.00244662	-0.00952799999999998	-0.0039876	0.0395584	0.00025527	0.00019041235	-0.00040134	0.0954251175	0.0170633708	-0.0412607473	-0.0439465533	0.0126276447	0.0521740164	0.0213660101	-0.0382531258	-0.0462895956	0.0080934286	0.0515628185	0.0255020041	-0.0349471469	-0.0482715996	0.0034960873	0.0505494535	0.0294390937	-0.0313685957	-0.0498771065	-0.0011285219	0.0491418251	0.0331465714	0.0394622814	0.0369445589	-0.0249299148	-0.0088883511	0.0515924642	0.0117867337	-0.0427035884	0.0253829505	-0.064755358	0.0009120455	-0.868764172572085	-0.453714748092366	-2.22840312389761	0.592443852028073
-0.158016	-0.00329893	0.0544799	0.00251463	-0.000220243	-0.00212874	0.022234	-0.03526163	-0.0202499	0.00031363	-0.00022211935	0.00031788	0.1204269975	0.0168498047	-0.0415373011	-0.0435744473	0.0135019809	0.0522614734	0.0201224762	-0.0393148935	-0.0454172463	0.0100939368	0.0519115742	0.0233053991	-0.0369171367	-0.0470574788	0.0066408724	0.0513301431	0.0263843771	-0.0343547251	-0.0484878293	0.003158189	0.0505197734	0.0293456776	0.0180723892	-0.0265960926	0.0083256909	-0.0348622898	-0.0410702148	0.0253262255	0.0368778063	-0.010859068	0.0365800287	0.0056378166	0.211181999806588	-0.756230266932233	-2.22840312389761	0.592443852028073
-0.165048	0.0694199	0.0397994	0.00193587	-0.000165916	-0.00220052	-0.00703200000000004	0.07271883	-0.0146805	-0.00057876	5.4327e-05	-7.178e-05	0.12967468	0.0166359256	-0.0418107693	-0.0431950583	0.0143723053	0.052324667	0.0188654898	-0.0403408874	-0.0444909208	0.0120792627	0.0521639377	0.0210564335	-0.0387884217	-0.0456957037	0.0097614921	0.051896421	0.0232042715	-0.0371565505	-0.0468069407	0.0074237382	0.0515226647	0.025304607	-0.054637327	0.0094152104	0.0268550497	0.0090360751	-0.0030298524	-0.0717334605	-0.0321334288	-0.0644326545	-0.0358808745	0.0058746375	0.860259963217991	-0.478720434982648	-2.22840312389761	0.592443852028073
-0.159903	0.0132938	0.0478433	0.00214002	1.87635e-06	-0.00211472	0.00514500000000004	-0.0561261	0.0080439	0.00020415	0.00016779235	8.58e-05	0.0922021175	0.0164217376	-0.0420811315	-0.0428084497	0.015238359	0.0523635681	0.0175958911	-0.0413301739	-0.0435117199	0.0140464202	0.0523194405	0.0187601599	-0.0405559987	-0.044190547	0.0128465907	0.0522459219	0.0199138901	-0.0397590408	-0.0448445497	0.0116395445	0.0521430537	0.0210564335	0.0514385485	0.0314330534	-0.0211015889	0.029883297	0.0251396256	0.0814694022	0.0134915886	0.0347709164	-0.0395423643	0.0183261501	0.817915267577931	0.00240363182291	-2.22840312389761	0.592443852028073
-0.157111	0.0589474	0.0292672	0.00187105	1.87635e-06	-0.00205257	0.00279199999999996	0.0456536	-0.0185761	-0.00026897	0	6.215e-05	0.0835777	0.0162072446	-0.0423483678	-0.0424146861	0.016099885	0.0523781585	0.016314529	-0.0422818529	-0.0424808075	0.0159924506	0.0523777937	0.0164217376	-0.0422151417	-0.0425467316	0.015884942	0.0523771858	0.01652887	-0.0421482344	-0.0426124582	0.0157773596	0.0523763346	0.0166359256	-0.022719471	-0.0653190326	0.0193261377	0.0277250296	0.0117548477	-0.0585066563	0.037946287	-0.0146710726	0.0280330195	0.030525529	-0.837910232766075	-0.086971388878871	-2.22840312389761	-1.68540061352814
-0.17235	0.0428914	0.0482313	0.00223869	-7.86727e-05	-0.00208256	-0.015239	-0.016056	0.0189641	0.00036764	-8.054905e-05	-2.99899999999997e-05	0.0741680525	0.0159924506	-0.0426124582	-0.0420138333	0.0169566271	0.0523684314	0.0150222601	-0.0431950583	-0.0413994086	0.0179144269	0.0523388891	0.0140464202	-0.0437614146	-0.0407694154	0.0188654898	0.0522896643	0.0130652981	-0.044311314	-0.0401240904	0.0198094581	0.0522207755	0.0120792627	-0.0425553007	0.0610099242	-0.0812836272	0.0301836313	-0.009891206	0.0190703438	-0.0854752645	-0.0737643978	-0.0306611243	0.0161445231	0.956703900252055	-0.267042458103298	-2.22840312389761	0.592443852028073
-0.175072	0.0124774	0.0297931	0.00239905	-0.000301435	-0.00208454	-0.002722	-0.030414	-0.0184382	0.00016036	-0.0002227623	-1.98000000000038e-06	0.070829315	0.0157773596	-0.0428733831	-0.0416059582	0.0178083308	0.0523343914	0.0137199483	-0.0440689593	-0.0402688086	0.0198094581	0.0522027989	0.0116395445	-0.0451906832	-0.0388641751	0.021777388	0.0519837232	0.0095396348	-0.046236675	-0.0373944116	0.0237088227	0.0516775313	0.0074237382	0.0564679006	-0.0145962789	0.0450164759	0.0620432894	-0.0091533568	-0.0021572989	0.0719522436	0.0329385566	-0.0415769519	0.0365945826	0.274289694849759	-0.82778030905699	-2.22840312389761	-1.68540061352814
-0.173571	0.0666761	0.0612574	0.00208464	-0.000222336	-0.00204626	0.001501	0.0541987	0.0314643	-0.00031441	7.9099e-05	3.82800000000003e-05	0.10875345	0.0155619757	-0.0431311232	-0.0411911291	0.018654743	0.0522760543	0.0124084642	-0.0449027607	-0.039090351	0.021674694	0.0519697758	0.009206518	-0.0464991262	-0.0368369888	0.0246100408	0.0514606403	0.0059686353	-0.0479139886	-0.0344398384	0.0274493255	0.050750635	0.0027074549	-0.0111791748	-0.0423241505	-0.0671352264	-0.0108645709	0.0019319883	-0.0307137005	-0.0617762786	0.0389790968	0.0405013791	0.0431914447	0.804891964809694	-0.967177190059137	-2.22840312389761	0.592443852028073
-0.172049	0.0041799	0.0473975	0.00228381	-0.000141338	-0.00196982	0.001522	-0.0624962	-0.0138599	0.00019917	8.0998e-05	7.64399999999997e-05	0.0957085	0.0153463027	-0.0433856593	-0.0407694154	0.0194956122	0.0521934471	0.0110886847	-0.0456957037	-0.0378654364	0.0235073292	0.0516402525	0.006752807	-0.0476832451	-0.0346942175	0.0273531403	0.0507226006	0.0023692706	-0.0493342563	-0.03127814	0.0310059033	0.0494469678	-0.0020309873	-0.0428460897	0.0436366533	0.0191110462	0.0086181306	-0.0359719421	0.0206975722	0.0192092586	-0.0771386576	0.000915879	-0.0121912437	0.573225020583207	-0.598829975684216	0.448081059024295	-1.68540061352814
-0.180222	0.0669928	0.0555137	0.0020731	-0.000415667	-0.00210657	-0.00817299999999999	0.0628129	0.00811619999999999	-0.00021071	-0.000274329	-0.00013675	0.11019155	0.0151303447	-0.0436369724	-0.0403408874	0.0203306886	0.0520866082	0.0097614921	-0.0464470668	-0.0365955205	0.025304607	0.0512148408	0.0042839244	-0.048739874	-0.0324425845	0.0299967047	0.049772687	-0.0012413539	-0.0504898588	-0.0279283311	0.0343547251	0.0477762082	-0.006752807	0.0382754431	0.0060063188	0.0057168299	0.0326784758	0.0503609715	-0.0264401517	-0.0016180911	0.0418732743	-0.054878635	0.0217293079	0.964883618550348	-0.641895319996339	0.448081059024295	0.592443852028073
-0.180255	0.00413159	0.0817272	0.00229653	-0.00020714	-0.00202723	-3.30000000000052e-05	-0.06286121	0.0262135	0.000223430000000001	0.000208527	7.93399999999998e-05	0.11467256	0.0149141057	-0.043885044	-0.0399056168	0.0211597241	0.0519555872	0.0084277735	-0.0471561663	-0.0352821126	0.0270638244	0.0506943307	0.001805417	-0.0496661877	-0.0300891549	0.0325311144	0.0486148674	-0.0048460789	-0.0513745965	-0.024410558	0.0374733519	0.0457507597	-0.0114193591	0.0245633495	-0.0202530064	-0.0419967936	-0.0328318281	-0.047668711	0.0428349206	-0.0016215669	0.0099372034	0.0579848595	0.0023666074	1.02589214814218	-0.859314997859401	0.448081059024295	-1.68540061352814
-0.180256	0.0629776	0.0493273	0.0020013	1.87635e-06	-0.00185638	-1.000000000001e-06	0.05884601	-0.0323999	-0.00029523	0.00020901635	0.00017085	0.1250017275	0.0146975897	-0.0441298556	-0.0394636764	0.0219824722	0.0518004449	0.0070884207	-0.0478223571	-0.0339267737	0.0287823352	0.0500796887	-0.0006771467	-0.0504597097	-0.0276413132	0.0349471469	0.0472539781	-0.0084277735	-0.0519837232	-0.0207459769	0.0403408874	0.0433856593	-0.0159924506	-0.0461207656	-0.0021573876	0.0554998312	0.0047417708	-0.0141747241	-0.0552669969	0.0270197195	-0.0294268264	0.0089560699	-0.0197285817	0.978575319244575	-0.812459453042125	0.448081059024295	-1.68540061352814
-0.180269	0.0277944	0.100401	0.00205594	1.87635e-06	-0.002092	-1.3000000000013e-05	-0.0351832	0.0510737	5.46400000000003e-05	0	-0.00023562	0.1007829	0.0144808008	-0.044371389	-0.03901514	0.0227986886	0.0516212534	0.0057443291	-0.0484450328	-0.0325311144	0.0304575546	0.0493720561	-0.003158189	-0.0511183183	-0.0251067401	0.0372360105	0.0456957037	-0.011969416	-0.0523139709	-0.0169566271	0.0429381175	0.0406984653	-0.0204346535	0.0311930511	0.034575757	-0.0381524551	-0.0092665988	0.0340965772	0.0265085505	-0.0225195574	0.0321846753	-0.0209461781	-0.0276864101	0.547907044074941	-1.02484603850074	0.448081059024295	0.592443852028073
-0.180277	0.00401424	0.0706381	0.00213916	1.87635e-06	-0.00197387	-7.99999999998025e-06	-0.02378016	-0.0297629	8.32200000000002e-05	0	0.00011813	0.06361856	0.014263743	-0.0446096262	-0.0385600826	0.0236081307	0.0514180959	0.0043963972	-0.049023627	-0.0310967934	0.0320869629	0.0485727468	-0.0056321357	-0.0516402525	-0.0224933884	0.0393893764	0.0439465533	-0.015454175	-0.0523635681	-0.0130652981	0.0452476394	0.0377091275	-0.024709611	0.0518860554	-0.0350091085	0.0387145485	-0.0381469219	-0.0292880625	0.0038433894	0.0590222903	0.0602921535	0.0311125139	-0.0266969815	0.167569383695323	-0.912929181862508	0.448081059024295	0.592443852028073
-0.180251	0.0543962	0.0888172	0.00214681	-0.000174669	-0.00206643	2.59999999999983e-05	0.05038196	0.0181791	7.64999999999967e-06	-0.00017654535	-9.25600000000002e-05	0.0824248275	0.0140464202	-0.0448445497	-0.0380985803	0.024410558	0.0511910666	0.0030455261	-0.0495576132	-0.0296255153	0.0336681095	0.0476832451	-0.0080934286	-0.0520241169	-0.0198094581	0.0413994086	0.0420138333	-0.0188654898	-0.0521322486	-0.0090953929	0.0472539781	0.0344398384	-0.0287823352	-0.0298727903	-0.0472700875	0.005134492	-0.0503547886	0.0459745348	-0.0488466401	-0.0133194293	0.0279796785	0.0446086056	-0.0242422029	0.664650256794586	-0.767792441664915	0.448081059024295	0.592443852028073
-0.180264	0.00721469	0.095335	0.00228026	-7.79851e-05	-0.00223939	-1.3000000000013e-05	-0.04718151	0.0065178	0.00013345	9.66839e-05	-0.00017296	0.073867005	0.0138288366	-0.0450761418	-0.0376307102	0.0252057321	0.050940271	0.0016926191	-0.0500465054	-0.0281190288	0.0351986159	0.0467052026	-0.0105365379	-0.0522688852	-0.0170633708	0.0432587929	0.0399056168	-0.0221871482	-0.0516212534	-0.0050707869	0.04894369	0.0309148693	-0.0326194932	-0.037250758	0.0868596008	-0.0196534396	-0.0575425835	-0.0215240401	0.0552390326	-0.0340671392	-0.0678717161	0.0135455126	-0.0668477121	0.6507538818919	-0.753015716052123	0.448081059024295	0.592443852028073
-0.180268	0.0299669	0.0556397	0.00210262	-0.000117166	-0.00206577	-4.000000000004e-06	0.02275221	-0.0396953	-0.00017764	-3.91809e-05	0.00017362	0.081973555	0.0136109962	-0.0453043854	-0.0371565505	0.0259934166	0.0506658255	0.0003385804	-0.0504898588	-0.0265791242	0.0366761804	0.0456404355	-0.0129559745	-0.0523739028	-0.014263743	0.0449607632	0.0376307102	-0.0254033645	-0.0508333239	-0.0010156846	0.0503054532	0.0271603893	-0.0361896802	0.0598332168	-0.0091070692	0.0741662216	0.0086547707	0.0048829396	-0.0246966017	0.0576285085	0.0361308021	-0.0517725792	-0.0160036011	0.54003238515547	-0.784568830519383	0.448081059024295	0.592443852028073
-0.180265	0.0358946	0.0887765	0.00188154	1.87635e-06	-0.00218634	3.000000000003e-06	0.00592769999999999	0.0331368	-0.00022108	0.00011904235	-0.00012057	0.0621021175	0.013392903	-0.0455292636	-0.0366761804	0.0267733776	0.0503678575	-0.0010156846	-0.0508872699	-0.0250076315	0.0380985803	0.0444909208	-0.0153463027	-0.0523388891	-0.0114193591	0.0464991262	0.0351986159	-0.028498854	-0.049772687	0.0030455261	0.0513301431	0.0232042715	-0.0394636764	0.0038512835	-0.0355000386	-0.0780820092	-0.023509095	-0.0245510359	0.0055799267	-0.0679131219	0.0046588294	0.0430771919	0.0516976654	1.11079374251854	-0.785374858024535	0.448081059024295	0.592443852028073
-0.174611	-0.0120935	0.0561562	0.00255737	1.87635e-06	-0.00216296	0.00565400000000002	-0.0479881	-0.0326203	0.00067583	0	2.33800000000004e-05	0.1212229	0.0131745611	-0.0457507597	-0.0361896802	0.0275453833	0.0500465054	-0.0023692706	-0.0512383773	-0.0234064185	0.0394636764	0.0432587929	-0.017702152	-0.0521639377	-0.0085391442	0.0478682839	0.0326194932	-0.0314589057	-0.0484450328	0.0070884207	0.0520108938	0.0190758861	-0.0424146861	-0.0567377413	-0.00736939	0.0240187207	0.0073317781	-0.014541781	0.0052824804	0.0323393257	-0.0539418647	0.0209616642	0.0068236263	-0.767601574835637	-0.66408569733573	0.448081059024295	0.592443852028073
-0.170272	0.06694	0.0760226	0.00219967	-0.000177133	-0.00215976	0.00433899999999998	0.0790335	0.0198664	-0.0003577	-0.00017900935	3.19999999999964e-06	0.1302343675	0.0129559745	-0.0459688572	-0.0356971313	0.0283092043	0.0497019183	-0.0037212726	-0.0515428613	-0.021777388	0.0407694154	0.0419463399	-0.0200182296	-0.0518495163	-0.0056321357	0.0490632542	0.0299041152	-0.0342694522	-0.0468574839	0.0110886847	0.0523431439	0.0148058821	-0.045018557	-0.0178808191	0.0466508951	-0.0043768774	-0.0123246119	0.0348192579	-0.0175256801	-0.0357179048	0.0171497591	-0.0194677421	-0.0148094479	0.969360239453082	-0.722232638990886	0.448081059024295	0.592443852028073
-0.175023	-0.0173254	0.0699079	0.00260489	1.87635e-06	-0.00203278	-0.004751	-0.0842654	-0.00611469999999999	0.00040522	0.00017900935	0.00012698	0.1306915675	0.0127371473	-0.0461835398	-0.0351986159	0.0290646136	0.0493342563	-0.0050707869	-0.0518004449	-0.0201224762	0.0420138333	0.0405559987	-0.0222893319	-0.0513964655	-0.0027074549	0.0500796887	0.0270638244	-0.0369171367	-0.045018557	0.0150222601	0.052324667	0.0104259597	-0.0472539781	0.0542172327	0.0217493717	0.0248957168	-0.0363767871	-0.0225970669	0.0546577824	0.0348002796	0.0134481974	-0.0106807172	-0.0215743289	-0.510349518008644	-0.78906131526607	0.448081059024295	0.592443852028073
-0.170203	0.0675288	0.0483257	0.00225457	-0.000139285	-0.00202188	0.00482000000000002	0.0848542	-0.0215822	-0.00035032	-0.00014116135	1.08999999999999e-05	0.1363754675	0.0125180835	-0.0463947917	-0.0346942175	0.0298113868	0.04894369	-0.0064169112	-0.0520108938	-0.0184436498	0.0431950583	0.039090351	-0.0245103563	-0.0508059967	0.0002257211	0.0509138886	0.024110485	-0.0393893764	-0.0429381175	0.0188654898	0.0519555872	0.0059686353	-0.0491026536	-0.0314103838	-0.0489056698	0.0021003154	0.0032862203	0.033372501	-0.0288423363	0.0131090728	-0.014087263	0.0009845283	0.0451644253	1.17006979137855	-0.636195391289281	0.448081059024295	0.592443852028073
-0.176236	-0.00266129	0.0548937	0.00265892	1.87635e-06	-0.00209226	-0.00603300000000001	-0.07019009	0.00656800000000001	0.00040435	0.00014116135	-7.03799999999997e-05	0.1135856575	0.0122987873	-0.0466025972	-0.0341840202	0.030549302	0.0485304007	-0.0077587455	-0.0521740164	-0.016742904	0.044311314	0.0375521182	-0.0266763128	-0.0500796887	0.003158189	0.0515628185	0.0210564335	-0.0416744222	-0.0406273263	0.0225952602	0.0512383773	0.0014670001	-0.0505494535	-0.0352214281	0.0677347332	-0.0133904965	0.0337122055	-0.0456900406	0.026128397	-0.0115460329	-0.0828403501	-0.0371811999	0.0028385452	0.721482484451684	0.078062226257308	0.448081059024295	0.592443852028073
-0.172264	0.0793575	0.0718288	0.00244391	1.87635e-06	-0.00219075	0.003972	0.08201879	0.0169351	-0.00021501	0	-9.84900000000001e-05	0.11860089	0.0120792627	-0.0468069407	-0.0336681095	0.03127814	0.0480945804	-0.0090953929	-0.0522896643	-0.0150222601	0.0453609212	0.0359441567	-0.0287823352	-0.0492194833	0.0060807472	0.0520241169	0.0179144269	-0.0437614146	-0.0380985803	0.02618914	0.050177843	-0.0030455261	-0.0515825363	0.0457372301	-0.0078341703	0.017459839	0.0435667524	0.0041568544	-0.0120789911	0.021364617	0.0409797891	-0.0422781528	0.0159806671	0.194085289903237	-0.536760274056154	0.448081059024295	0.592443852028073
-0.180254	0.00777999	0.0840176	0.00271446	1.87635e-06	-0.00229049	-0.00799	-0.07157751	0.0121888	0.00027055	0	-9.97400000000001e-05	0.11027081	0.0118595137	-0.0470078072	-0.0331465714	0.0319976841	0.0476364314	-0.0104259597	-0.0523577323	-0.0132837629	0.0463423012	0.0342694522	-0.0308236917	-0.0482276804	0.0089842256	0.0522961052	0.0146975897	-0.0456404355	-0.0353654455	0.0296255153	0.0487810905	-0.0075354425	-0.0521934471	0.0057506782	-0.0045075267	-0.0482231102	-0.0306189693	-0.0405995127	0.0431190228	-0.0231417364	0.0077980242	0.0592108126	-0.0106839945	1.27454928245236	-0.984111072562765	0.448081059024295	0.592443852028073
-0.180245	0.0641974	0.0344106	0.00232638	1.87635e-06	-0.00223111	8.99999999998125e-06	0.05641741	-0.049607	-0.00038808	0	5.93799999999999e-05	0.12840641	0.0116395445	-0.0472051818	-0.0326194932	0.0327077205	0.0471561663	-0.0117495564	-0.0523781585	-0.0115294786	0.0472539781	0.0325311144	-0.0327957961	-0.0471069319	0.0118595137	0.0523777937	0.0114193591	-0.047302555	-0.0324425845	0.0328837193	0.0470574788	-0.011969416	-0.0523771858	-0.0359463798	0.0268413064	0.0456793609	0.0298306821	-0.0622976573	-0.0446631031	0.0058642028	-0.0618289897	-0.021817932	-0.0055631481	0.36456970357593	-0.905470587908187	0.448081059024295	0.592443852028073
-0.180251	0.0248896	0.0694514	0.00238414	1.87635e-06	-0.00214099	-5.99999999997824e-06	-0.0393078	0.0350408	5.776e-05	0	9.012e-05	0.0817486	0.0114193591	-0.0473990497	-0.0320869629	0.0334080384	0.0466540082	-0.0130652981	-0.0523509242	-0.0097614921	0.0480945804	0.030732371	-0.0346942175	-0.0458602343	0.0146975897	0.0522688852	0.0080934286	-0.048739874	-0.0293456776	0.0359441567	0.045018557	-0.016314529	-0.0521322486	0.0412230312	0.0342299697	-0.0508228096	0.0559765902	0.0174141793	0.0379070223	-0.0292385444	0.0283164333	-0.0652003022	0.0281035223	-0.155120977213401	-0.764814660448413	0.448081059024295	0.592443852028073
-0.171056	0.0248811	0.0407814	0.00235892	1.87635e-06	-0.00216099	0.00919500000000001	-8.50000000000156e-06	-0.02867	-2.52199999999998e-05	0	-1.99999999999996e-05	0.0401344999999999	0.0111989617	-0.0475893965	-0.0315490697	0.0340984296	0.0461301902	-0.0143723053	-0.0522760543	-0.0079819045	0.048862844	0.0288765622	-0.0365146908	-0.0444909208	0.0174895484	0.0519697758	0.0047336909	-0.0499455618	-0.0260913389	0.0387884217	0.042677987	-0.0205385235	-0.0514606403	0.0168911581	-0.0619968984	0.0257599206	0.0273995958	-0.0701434221	-0.0203102659	0.0538963215	0.0013138957	0.0541375346	0.0307713493	-0.78386062626186	-0.956237529383591	0.448081059024295	0.592443852028073
-0.171281	0.0780769	0.0577167	0.00219553	-5.15594e-05	-0.00213399	-0.000225000000000003	0.0531958	0.0169353	-0.00016339	-5.343575e-05	2.69999999999997e-05	0.0825473875	0.0109783563	-0.0477762082	-0.0310059033	0.0347786889	0.0455849554	-0.015669704	-0.0521536168	-0.0061928308	0.0495576132	0.0269671338	-0.0382531258	-0.0430026525	0.0202266294	0.0514815542	0.0013541801	-0.0509138886	-0.0226970271	0.0413994086	0.0400514517	-0.0246100408	-0.0503678575	-0.0579545704	0.0072817876	-0.0187098682	0.0176031895	-0.0036782303	-0.0514411965	-0.0888739716	-0.0457639307	-0.0212171713	-0.0120987448	-0.872687559647048	-1.40143287400499	0.448081059024295	0.592443852028073
-0.170475	0.00744535	0.0572728	0.0022867	1.87635e-06	-0.00216605	0.000806000000000001	-0.07063155	-0.000443899999999983	9.11699999999998e-05	5.343575e-05	-3.206e-05	0.0807147375	0.010757547	-0.0479594708	-0.0304575546	0.0354486142	0.045018557	-0.0169566271	-0.0519837232	-0.0043963972	0.050177843	0.0250076315	-0.0399056168	-0.0413994086	0.0229002443	0.0508059967	-0.0020309873	-0.0516402525	-0.0191809517	0.0437614146	0.0371565505	-0.028498854	-0.048862844	0.0530158147	0.0135411529	0.0034128237	0.0304424582	-0.0072700501	0.0850593682	0.0478000768	0.0258691568	-0.0208512563	0.0119119843	-0.527425035487142	-0.956863651789286	0.448081059024295	0.592443852028073
-0.166528	0.0688785	0.0348997	0.0019204	-0.000102177	-0.00213627	0.00394699999999998	0.06143315	-0.0223731	-0.0003663	-0.00010405335	2.97800000000001e-05	0.1127599175	0.0105365379	-0.0481391707	-0.0299041152	0.0361080066	0.044431258	-0.0182322141	-0.051766528	-0.0025947387	0.0507226006	0.0230016937	-0.0414684511	-0.0396854757	0.0255020041	0.0499455618	-0.005407671	-0.0521212014	-0.0155619757	0.0458602343	0.0340126806	-0.0321760928	-0.0469579174	-0.0357225342	-0.0758055514	0.0162870579	0.0210621208	0.0208783162	-0.0640492978	0.0180129841	0.0121123084	0.0504124791	0.0280477501	-0.029315493239368	0.11326187266585	0.448081059024295	0.592443852028073
-0.166522	0.0392103	0.0541187	0.00198117	1.87635e-06	-0.00220003	6.000000000006e-06	-0.0296682	0.019219	6.07699999999999e-05	0.00010405335	-6.37599999999999e-05	0.0603223675	0.0103153331	-0.0483152946	-0.0293456776	0.0367566699	0.043823331	-0.0194956122	-0.051502229	-0.0007899965	0.0511910666	0.0209530451	-0.0429381175	-0.0378654364	0.028023745	0.0489033805	-0.0087617663	-0.0523544498	-0.0118595137	0.0476832451	0.0306409077	-0.0356144575	-0.0446686685	-0.0290834756	0.0679808785	-0.0590945779	-0.0013538085	0.0137655592	0.0268627452	-0.0787354647	-0.0264511386	-0.0114311194	-0.0170034723	-0.657461754391913	-1.06654154760299	0.448081059024295	0.592443852028073
-0.15576	0.0168254	0.0321504	0.00211799	-0.000217338	-0.00208456	0.010762	-0.0223849	-0.0219683	0.00013682	-0.00021921435	0.00011547	0.0786904175	0.0100939368	-0.0484878293	-0.0287823352	0.0373944116	0.0431950583	-0.0207459769	-0.0511910666	0.0010156846	0.0515825363	0.0188654898	-0.044311314	-0.0359441567	0.0304575546	0.0476832451	-0.0120792627	-0.0523388891	-0.0080934286	0.0492194833	0.0270638244	-0.0387884217	-0.0420138333	0.0576598821	-0.0280390661	0.0382566463	0.00561161	-0.0260945878	-0.0028940469	0.0457930865	0.0459443587	0.00800552	0.0171820297	-1.42815216898089	-1.2107542444698	0.448081059024295	-1.68540061352814
-0.162189	0.0860139	0.0599333	0.00177818	-0.000379954	-0.00209042	-0.00642900000000002	0.0691885	0.0277829	-0.00033981	-0.000162616	-5.85999999999989e-06	0.1288147	0.009872353	-0.0486567622	-0.028214182	0.0380210421	0.0425467316	-0.0219824722	-0.0508333239	0.0028201586	0.051896421	0.016742904	-0.0455849554	-0.0339267737	0.0327957961	0.0462895956	-0.0153463027	-0.0520745933	-0.0042839244	0.0504597097	0.0233053991	-0.0416744222	-0.03901514	-0.0531024272	-0.0355289193	-0.0057176912	0.0095885028	0.0325214763	-0.0534036729	-0.0216545337	-0.0042930064	0.0155247985	0.0164228243	-0.129296892137895	-1.19858789703762	0.448081059024295	-1.68540061352814
-0.166158	0.0173616	0.0685932	0.00196309	1.87635e-06	-0.00222777	-0.003969	-0.0686523	0.0086599	0.00018491	0.00038183035	-0.00013735	0.1164857175	0.0096505858	-0.0488220806	-0.0276413132	0.0386363752	0.0418786518	-0.0232042715	-0.0504293264	0.004621281	0.0521322486	0.0145892291	-0.0467561802	-0.0318186811	0.0350311327	0.0447275033	-0.0185492395	-0.0515628185	-0.0004514381	0.0513964655	0.0193908153	-0.0442510332	-0.0356971313	0.0453249462	0.0331851844	-0.0063011676	0.0102762992	0.0314693906	0.0896312541	0.0410981467	0.0220211255	-0.019623663	0.0102860276	-0.207800326142181	-0.80722870562808	0.448081059024295	-1.68540061352814
-0.161688	0.061585	0.0535018	0.00183401	-0.000167229	-0.00215228	0.00447	0.0442234	-0.0150914	-0.00012908	-0.00016910535	7.54900000000001e-05	0.0824685675	0.0094286395	-0.0489837722	-0.0270638244	0.0392402281	0.0411911291	-0.024410558	-0.0499794418	0.0064169112	0.0522896643	0.0124084642	-0.0478223571	-0.0296255153	0.0371565505	0.0430026525	-0.021674694	-0.0508059967	0.0033834701	0.0520241169	0.0153463027	-0.0464991262	-0.0320869629	-0.0213987187	-0.0802493175	0.0331672786	-0.0223518178	-0.0089707987	-0.0725038196	0.0471337976	0.025843347	0.0722897961	-0.0079982742	0.365133812463823	-0.126826808831123	0.448081059024295	0.592443852028073
-0.158935	0.0458104	0.0912208	0.00206273	1.87635e-06	-0.00244662	0.00275300000000001	-0.0157746	0.037719	0.00022872	0.00016910535	-0.00029434	0.0908548675	0.009206518	-0.0491418251	-0.0264818121	0.0398324213	0.0404844828	-0.0256005252	-0.0494840794	0.0082049152	0.0523684314	0.0102046586	-0.0487810905	-0.0273531403	0.0391653804	0.0411213197	-0.024709611	-0.0498077248	0.0072002268	0.0523388891	0.0111989617	-0.0484020114	-0.028214182	-0.034675115	0.0699520623	-0.0471015962	-0.038985119	0.0062732939	0.0006413914	-0.0898291101	-0.0223577842	-0.0148395868	-0.0676835272	0.531572703770947	-0.262731951116384	-2.22840312389761	0.592443852028073
-0.156084	0.00806791	0.0675841	0.00232708	-0.000182945	-0.00217446	0.00285099999999999	-0.03774249	-0.0236367	0.00026435	-0.00018482135	0.00027216	0.1002967575	0.0089842256	-0.0492962274	-0.0258953737	0.0404127789	0.0397590408	-0.0267733776	-0.04894369	0.009983168	0.0523684314	0.0079819045	-0.0496302266	-0.0250076315	0.0410513194	0.039090351	-0.0276413132	-0.0485727468	0.0109783563	0.0523388891	0.0069765817	-0.0499455618	-0.024110485	0.0617819298	-0.0187932034	0.0450515615	-0.0241764521	-0.0228836775	0.0209282655	0.0663816453	0.0404618385	0.0003581894	-0.0080440092	-0.276872573391	-0.285937898287036	-2.22840312389761	0.592443852028073
-0.158761	0.0815767	0.0983453	0.00187827	1.87635e-06	-0.00244662	-0.00267699999999998	0.07350879	0.0307612	-0.00044881	0.00018482135	-0.00027216	0.1522365575	0.0087617663	-0.0494469678	-0.025304607	0.0409811285	0.03901514	-0.0279283311	-0.0483587652	0.0117495564	0.0522896643	0.0057443291	-0.0503678575	-0.0225952602	0.0428084497	0.0369171367	-0.0304575546	-0.0471069319	0.0146975897	0.0520241169	0.0027074549	-0.0511183183	-0.0198094581	-0.0470917964	-0.0256702384	0.0035033264	-0.0004088056	0.0181778062	-0.0414998137	-0.0247543517	-0.0161550601	-0.0033373883	0.0118876628	-0.038004945124941	-0.096038662961058	-2.22840312389761	0.592443852028073
-0.180252	0.0102358	0.0883612	0.00214735	1.87635e-06	-0.00229825	-0.021491	-0.0713409	-0.0099841	0.00026908	0	0.00014837	0.1236885	0.0085391442	-0.049594035	-0.024709611	0.0415373011	0.0382531258	-0.0290646136	-0.0477298374	0.0135019809	0.0521322486	0.0034960873	-0.050992326	-0.0201224762	0.044431258	0.034609585	-0.0331465714	-0.0454172463	0.0183379745	0.0513964655	-0.0015798132	-0.0519115742	-0.0153463027	0.0426833619	0.0357699221	-0.0139475197	0.0041818538	-0.0096964588	0.0971920553	0.0140850539	0.0094288602	-0.0256884242	-0.0058195875	-1.94793542720511	-0.318021277863026	-2.22840312389761	0.592443852028073
-0.160349	0.0667267	0.0559128	0.00195442	1.87635e-06	-0.00216865	0.019903	0.0564909	-0.0324484	-0.00019293	0	0.0001296	0.1249688	0.0083163637	-0.0497374181	-0.024110485	0.0420811315	0.0374733519	-0.0301814655	-0.0470574788	0.015238359	0.051896421	0.0012413539	-0.051502229	-0.0175958911	0.0459146523	0.0321760928	-0.0356971313	-0.0435117199	0.0218799809	0.0504597097	-0.0058564958	-0.0523194405	-0.010757547	-0.0269423071	-0.0717804861	0.0278004898	0.0109464549	0.0211117676	-0.057204737	0.032402169	0.0103014965	0.0373559321	0.022435002	0.245600170855823	-0.185110757483582	0.448081059024295	-1.68540061352814
-0.163665	0.0368385	0.0881399	0.0019364	1.87635e-06	-0.00228848	-0.00331600000000001	-0.0298882	0.0322271	-1.80200000000001e-05	0	-0.00011983	0.0723238	0.0080934286	-0.0498771065	-0.0235073292	0.0426124582	0.0366761804	-0.03127814	-0.0463423012	0.0169566271	0.0515825363	-0.0010156846	-0.051896421	-0.0150222601	0.0472539781	0.0296255153	-0.0380985803	-0.0413994086	0.025304607	0.0492194833	-0.0100939368	-0.0523388891	-0.0060807472	-0.0269687807	0.0710838999	-0.0632075565	-0.0089896327	0.0158559672	0.0270122004	-0.0677082204	-0.0296041753	-0.0053718456	-0.0285895823	-0.64793966328773	-0.010316634726858	0.448081059024295	0.592443852028073
-0.163644	0.0239523	0.0464659	0.00242669	-0.000497287	-0.00210003	2.09999999999932e-05	-0.0128862	-0.041674	0.00049029	-0.00049916335	0.00018845	0.1134763675	0.0078703433	-0.0500130897	-0.0229002443	0.0431311232	0.0358619813	-0.032353904	-0.0455849554	0.018654743	0.0511910666	-0.0032708371	-0.0521740164	-0.0124084642	0.0484450328	0.0269671338	-0.0403408874	-0.039090351	0.0285934806	0.0476832451	-0.014263743	-0.0519697758	-0.0013541801	0.0563913307	-0.0198688657	0.0641685038	-0.0173246358	0.0065971486	2.7786e-06	0.0667738613	0.0485201323	-0.0049314913	-0.0154990897	-0.074916014571487	-0.077161990859142	0.448081059024295	-1.68540061352814
-0.173921	0.0559765	0.0754481	0.00221748	-0.000258659	-0.00244662	-0.010277	0.0320242	0.0289822	-0.00020921	0.000238628	-0.00034659	0.1110048	0.0076471118	-0.0501453577	-0.0222893319	0.0436369724	0.0350311327	-0.0334080384	-0.0447861304	0.0203306886	0.0507226006	-0.0055199161	-0.0523343914	-0.0097614921	0.0494840794	0.0242106219	-0.0424146861	-0.0365955205	0.0317289578	0.0458602343	-0.0183379745	-0.0512148408	0.0033834701	-0.0251161201	-0.0294902256	-0.0250866883	-0.0526411425	0.0603876996	-0.030071738	-0.0503768215	0.0285921386	0.0406172245	-0.0141846348	0.219193572944525	-0.039877935602145	-2.22840312389761	-1.68540061352814
-0.163675	0.00964341	0.040987	0.00248629	-0.000163887	-0.00244662	0.010246	-0.04633309	-0.0344611	0.00026881	9.4772e-05	0	0.10921929	0.0074237382	-0.0502739006	-0.021674694	0.0441298556	0.0341840202	-0.0344398384	-0.0439465533	0.0219824722	0.050177843	-0.0077587455	-0.0523771858	-0.0070884207	0.0503678575	0.0213660101	-0.044311314	-0.0339267737	0.0346942175	0.0437614146	-0.0222893319	-0.0500796887	0.0080934286	-0.0259007606	0.0611470915	0.0339436929	-0.0338145989	-0.0053287559	0.0328319391	0.018598085	-0.0516688655	-0.0090277573	-0.064314171	-1.6371178434732	0.057416176704414	-2.22840312389761	0.592443852028073
-0.173387	0.0716209	0.0713439	0.00191188	-0.000196784	-0.00223312	-0.009712	0.06197749	0.0303569	-0.00057441	-3.2897e-05	0.0002135	0.14308674	0.0072002268	-0.0503987089	-0.0210564335	0.0446096262	0.0333210373	-0.0354486142	-0.0430669878	0.0236081307	0.0495576132	-0.009983168	-0.0523023033	-0.0043963972	0.051093594	0.0184436498	-0.0460228486	-0.0310967934	0.0374733519	0.0413994086	-0.0260913389	-0.0485727468	0.0127371473	0.0461391566	0.0009437019	0.0120479095	0.0007478557	0.0484276797	-0.0158045937	-0.009536423	0.0487006735	-0.0628116865	-0.0031519571	0.639324751398543	-0.194271014635413	-2.22840312389761	-1.68540061352814
-0.174701	0.0138311	0.0746174	0.00224422	-0.000104236	-0.00244662	-0.00131400000000001	-0.0577898	0.0032735	0.00033234	9.2548e-05	-0.0002135	0.0942967	0.0069765817	-0.0505197734	-0.0204346535	0.0450761418	0.0324425845	-0.0364336915	-0.0421482344	0.0252057321	0.048862844	-0.0121890533	-0.0521099123	-0.0016926191	0.0516590118	0.015454175	-0.0475421407	-0.0281190288	0.0400514517	0.0387884217	-0.0297185201	-0.0467052026	0.01727662	0.0205467106	-0.0241517003	-0.0317440539	-0.0442532266	-0.0189247355	0.0437915006	-0.0014290414	0.0042913248	0.0636243079	-0.0058289499	0.389621380535043	-0.140970243331364	0.448081059024295	-1.68540061352814
-0.159859	0.0735776	0.0421872	0.00173379	0.000141706	-0.00222301	0.014842	0.0597465	-0.0324302	-0.00051043	0.000245942	0.00022361	0.1560178	0.006752807	-0.050637085	-0.0198094581	0.0455292636	0.0315490697	-0.0373944116	-0.0411911291	0.0267733776	0.0480945804	-0.0143723053	-0.0518004449	0.0010156846	0.0520623368	0.0124084642	-0.048862844	-0.0250076315	0.0424146861	0.0359441567	-0.0331465714	-0.0444909208	0.021674694	-0.0360538753	0.0142733051	0.0555787324	-0.0108605662	0.0060588277	-0.0486618696	0.0047688238	-0.0269842062	-0.0143207385	-0.0353535474	-0.738134065771399	-0.253355626260444	0.448081059024295	-1.68540061352814
-0.173266	0.025058	0.0745249	0.00199057	0.000141706	-0.00244662	-0.013407	-0.0485196	0.0323377	0.00025678	0	-0.00022361	0.1182838	0.0065289069	-0.050750635	-0.0191809517	0.0459688572	0.0306409077	-0.0383301323	-0.0401965428	0.0283092043	0.0472539781	-0.01652887	-0.0513745965	0.0037212726	0.0523023033	0.0093176004	-0.0499794418	-0.021777388	0.0445503769	0.0328837193	-0.036352523	-0.0419463399	0.0258953737	0.0527209647	0.0222673668	-0.0218611918	-0.0020400163	0.0625687698	0.0378968099	-0.0257383794	0.049327513	-0.0535487915	-0.0111241706	-0.080986528901406	-0.506532917692717	-2.22840312389761	0.592443852028073
-0.169125	0.0349715	0.0317978	0.00208658	3.43356e-05	-0.00222533	0.00414100000000001	0.0099135	-0.0427271	9.60100000000001e-05	-0.0001073704	0.00022129	0.07801512	0.0063048856	-0.050860415	-0.0185492395	0.0463947917	0.0297185201	-0.0392402281	-0.0391653804	0.0298113868	0.0463423012	-0.018654743	-0.0508333239	0.0064169112	0.0523781585	0.0061928308	-0.0508872699	-0.0184436498	0.0464470668	0.0296255153	-0.0393148935	-0.039090351	0.0299041152	-0.0090403521	-0.074555767	0.0318730448	-0.0067007668	-0.0025949707	-0.0362303823	0.046520406	0.0067983444	0.0456205103	0.0275149989	-0.371080151907566	-0.531800964727212	-2.22840312389761	0.592443852028073
-0.180668	0.0727216	0.0743644	0.00222754	5.73222e-05	-0.00227269	-0.011543	0.0377501	0.0425666	0.00014096	2.29866e-05	-4.73599999999998e-05	0.10242503	0.0060807472	-0.0509664168	-0.0179144269	0.0468069407	0.0287823352	-0.0401240904	-0.0380985803	0.03127814	0.0453609212	-0.0207459769	-0.050177843	0.0090953929	0.0522896643	0.0030455261	-0.0515825363	-0.0150222601	0.0480945804	0.02618914	-0.0420138333	-0.0359441567	0.0336681095	-0.0583319557	0.0186360738	-0.0376380462	-0.0048550945	0.0203579101	-0.0038223145	-0.0623980547	-0.051220075	-0.0060913342	-0.0092154669	-0.998281677067931	-0.422180667598896	0.448081059024295	-1.68540061352814
-0.175227	0.0181458	0.0523485	0.00234554	-0.000218227	-0.00232171	0.005441	-0.0545758	-0.0220159	0.000118	-0.0002755492	-4.90199999999999e-05	0.10416116	0.0058564958	-0.0510686325	-0.01727662	0.0472051818	0.0278327876	-0.0409811285	-0.0369971132	0.0327077205	0.044311314	-0.0227986886	-0.0494096266	0.0117495564	0.0520370985	-0.0001128608	-0.0520623368	-0.0115294786	0.0494840794	0.0225952602	-0.044431258	-0.0325311144	0.0371565505	0.0512790613	0.0034442786	0.044379081	0.0238079306	0.0341188396	0.0392108662	0.0649630136	0.0231087846	-0.0419822652	0.0063659289	-0.406150826564151	-0.500151300346838	0.448081059024295	-1.68540061352814
-0.172163	0.0837351	0.0914683	0.00193811	-5.77097e-06	-0.00220563	0.00306399999999998	0.0655893	0.0391198	-0.00040743	0.00021245603	0.00011608	0.1445714015	0.0056321357	-0.0511670547	-0.0166359256	0.0475893965	0.0268703181	-0.0418107693	-0.0358619813	0.0340984296	0.0431950583	-0.0248090665	-0.0485304007	0.0143723053	0.0516212534	-0.0032708371	-0.052324667	-0.0079819045	0.0506081094	0.0188654898	-0.0465509697	-0.0288765622	0.0403408874	-0.016761621	-0.0573095873	-0.0340129096	-0.0078396098	0.024443924	-0.0438190779	-0.0230610357	0.0278495759	0.0501013875	0.0251950764	-0.624022338753703	-0.211936612378822	0.448081059024295	-1.68540061352814
-0.17366	0.0128126	0.104513	0.00239455	0.000190631	-0.00231437	-0.00149699999999997	-0.0709225	0.0130447	0.00045644	0.00019640197	-0.00010874	0.1235432985	0.005407671	-0.0512616758	-0.0159924506	0.0479594708	0.0258953737	-0.0426124582	-0.0346942175	0.0354486142	0.0420138333	-0.0267733776	-0.0475421407	0.0169566271	0.051043434	-0.0064169112	-0.0523684314	-0.0043963972	0.0514606403	0.0150222601	-0.0483587652	-0.0250076315	0.0431950583	-0.0386051489	0.056846132	-0.0231736764	-0.0129946033	-0.0303388009	0.0388445381	-0.0153537821	-0.0483537998	0.0114349521	-0.0281565371	-0.367152860964866	-0.422122673318142	0.448081059024295	-1.68540061352814
-0.174999	0.0443888	0.088459	0.00238752	-3.61659e-05	-0.00244662	-0.00133900000000001	0.0315762	-0.016054	-7.02999999999988e-06	-0.0002267969	-0.00013225	0.067273045	0.0051831058	-0.051352489	-0.0153463027	0.0483152946	0.0249084068	-0.0433856593	-0.0334948844	0.0367566699	0.0407694154	-0.0286879745	-0.0464470668	0.0194956122	0.0503054532	-0.0095396348	-0.0521934471	-0.0007899965	0.0520370985	0.0110886847	-0.0498425313	-0.0209530451	0.0456957037	0.0447185566	0.0005377904	0.063741917	0.0145784519	0.0258791746	-0.0404578462	0.0390810385	0.0376656847	-0.0433654541	-0.0084215217	-0.588586931311472	-0.613922276151726	0.448081059024295	-1.68540061352814
-0.178557	0.0579498	0.135248	0.00253315	7.42697e-05	-0.00244662	-0.00355800000000001	0.013561	0.046789	0.00014563	0.0001104356	0	0.07671128	0.0049584444	-0.0514394875	-0.0146975897	0.0486567622	0.0239098759	-0.0441298556	-0.0322650733	0.0380210421	0.0394636764	-0.030549302	-0.0452476394	0.0219824722	0.0494096266	-0.0126276447	-0.0518004449	0.0028201586	0.0523343914	0.0070884207	-0.050992326	-0.016742904	0.0478223571	0.0148932801	-0.0078459868	-0.0565686381	-0.0470767964	-0.0351209427	0.0062604284	-0.0551190053	0.0225671716	0.0403245287	-0.0034965935	-1.06084506140959	-0.717381410207222	0.448081059024295	-1.68540061352814
-0.180694	0.019899	0.111381	0.00289569	6.12927e-05	-0.00244662	-0.002137	-0.0380508	-0.023867	0.00036254	-1.2977e-05	0	0.08283065	0.0047336909	-0.0515226647	-0.0140464202	0.0489837722	0.0229002443	-0.0448445497	-0.0310059033	0.0392402281	0.0380985803	-0.032353904	-0.0439465533	0.024410558	0.0483587652	-0.015669704	-0.0511910666	0.0064169112	0.0523509242	0.0030455261	-0.0518004449	-0.0124084642	0.0495576132	-0.0543547683	0.0316604413	0.0510186016	0.0083595799	-0.0491793575	-0.0130282974	0.0214559577	-0.078500362	-0.0137539531	-0.0293947888	-1.1820807893506	-0.636885891977025	0.448081059024295	0.592443852028073
-0.176812	0.0761	0.148358	0.00260602	-0.000230912	-0.00274334	0.003882	0.056201	0.036977	-0.00028967	-0.0002922047	-0.00029672	0.140989735	0.0045088495	-0.0516020147	-0.013392903	0.0492962274	0.0218799809	-0.0455292636	-0.0297185201	0.0404127789	0.0366761804	-0.0340984296	-0.0425467316	0.0267733776	0.0471561663	-0.018654743	-0.0503678575	0.009983168	0.0520866082	-0.0010156846	-0.0522614734	-0.0079819045	0.0508872699	0.0446924503	0.0154951535	-0.0091920534	0.0189653233	0.0226036307	-0.010976287	-0.0148744584	0.0401325548	-0.0620399923	0.0117467649	-0.956324579724544	-0.703754946217323	-2.22840312389761	-1.68540061352814
-0.196707	-0.019604	0.141889	0.00307538	9.33971e-06	-0.00282303	-0.019895	-0.095704	-0.00646899999999995	0.00046936	0.00024025171	-7.96899999999999e-05	0.1615330855	0.0042839244	-0.0516775313	-0.0127371473	0.049594035	0.0208495594	-0.0461835398	-0.0284040951	0.0415373011	0.0351986159	-0.0357796393	-0.0410513194	0.0290646136	0.0458056033	-0.0215718994	-0.0493342563	0.0135019809	0.0515428613	-0.0050707869	-0.0523723222	-0.0034960873	0.0518004449	0.0001065845	-0.0319301574	-0.0381995887	-0.0213328227	-0.0477512044	0.044197489	-0.0015652782	-0.0146011706	0.0540035519	0.0130897333	-1.23360515112484	-0.764140907063537	-2.22840312389761	-1.68540061352814
-0.19671	0.0536092	0.129448	0.00244084	8.08063e-05	-0.00304637	-3.000000000003e-06	0.0732132	-0.012441	-0.00063454	7.146659e-05	-0.00022334	0.1321245295	0.0040589197	-0.0517492091	-0.0120792627	0.0498771065	0.0198094581	-0.0468069407	-0.0270638244	0.0426124582	0.0336681095	-0.0373944116	-0.0394636764	0.03127814	0.044311314	-0.024410558	-0.0480945804	0.0169566271	0.0507226006	-0.0090953929	-0.0521322486	0.0010156846	0.0522896643	-0.0318231231	0.0398689121	0.0438883458	0.0128144963	-0.0334692728	-0.0525229543	-0.0005598272	-0.0484085733	-0.0391289413	-0.02882115	0.067100837872847	-0.71192617085331	-2.22840312389761	-1.68540061352814
-0.189758	0.0136214	0.162079	0.00270761	-1.13022e-06	-0.00310167	0.00695200000000001	-0.0399878	0.032631	0.00026677	-8.193652e-05	-5.52999999999999e-05	0.099771126	0.0038338396	-0.0518170426	-0.0114193591	0.0501453577	0.0187601599	-0.0473990497	-0.0256989275	0.0436369724	0.0320869629	-0.0389397479	-0.0377873696	0.0334080384	0.042677987	-0.0271603893	-0.0466540082	0.0203306886	0.0496302266	-0.0130652981	-0.0515428613	0.0055199161	0.0523509242	0.0543784096	0.0022109676	-0.0491754644	0.0003292621	-0.0186651945	0.017579388	-0.0516313647	0.0487193874	-0.0241399561	0.0195870855	-0.111821507064125	-0.465285129159097	0.448081059024295	0.592443852028073
-0.189598	-0.0100467	0.122732	0.00303522	6.41488e-05	-0.00310167	0.000159999999999993	-0.0236681	-0.039347	0.00032761	6.527902e-05	0	0.082819551	0.0036086884	-0.051881027	-0.010757547	0.0503987089	0.017702152	-0.0479594708	-0.0243106464	0.0446096262	0.0304575546	-0.0404127789	-0.0360261653	0.0354486142	0.0409107473	-0.0298113868	-0.045018557	0.0236081307	0.0482715996	-0.0169566271	-0.0506081094	0.009983168	0.0519837232	-0.0543252251	-0.0487299663	0.0375953416	0.0083753742	-0.0061305817	-0.0060361033	0.0538228922	-0.0319263635	0.0606845101	0.0146709712	0.49203265825171	0.189168798524835	0.448081059024295	-1.68540061352814
-0.196695	0.057506	0.165163	0.00250814	-7.84834e-06	-0.00316517	-0.00709700000000002	0.0675527	0.042431	-0.00052708	-7.199714e-05	-6.35000000000002e-05	0.150209557	0.0033834701	-0.0519411573	-0.0100939368	0.050637085	0.0166359256	-0.0484878293	-0.0229002443	0.0455292636	0.0287823352	-0.0418107693	-0.0341840202	0.0373944116	0.03901514	-0.032353904	-0.0431950583	0.0267733776	0.0466540082	-0.0207459769	-0.0493342563	0.0143723053	0.0511910666	0.0066203526	0.048057629	-0.0140585922	0.0288780716	0.0283186712	-0.0123463621	-0.0182593708	-0.011853275	-0.0540823437	0.0024334369	-1.61982984405077	-0.283804892169077	0.448081059024295	0.592443852028073
-0.19886	-0.0227143	0.172391	0.00296518	-0.00018156	-0.00307742	-0.00216499999999997	-0.0802203	0.00722800000000001	0.00045704	-0.00017371166	8.77500000000001e-05	0.125538383	0.003158189	-0.0519974292	-0.0094286395	0.050860415	0.0155619757	-0.0489837722	-0.0214690046	0.0463947917	0.0270638244	-0.0431311232	-0.0322650733	0.0392402281	0.0369971132	-0.0347786889	-0.0411911291	0.0298113868	0.0447861304	-0.024410558	-0.0477298374	0.018654743	0.0499794418	0.0474411054	-0.0133125903	-0.026998881	0.0035544697	-0.0777699732	0.0613266335	0.0130561659	0.0068475613	0.0234401601	0.0183330218	-0.897133021716255	-0.291185902738306	-2.22840312389761	0.592443852028073
-0.196679	0.0363062	0.13902	0.0025818	-0.000149111	-0.00298508	0.00218099999999999	0.0590205	-0.033371	-0.00038338	3.2449e-05	9.23399999999998e-05	0.11998095	0.0029328492	-0.0520498384	-0.0087617663	0.0510686325	0.0144808008	-0.0494469678	-0.0200182296	0.0472051818	0.025304607	-0.044371389	-0.0302736359	0.0409811285	0.0348629988	-0.0370769179	-0.03901514	0.0327077205	0.042677987	-0.0279283311	-0.0458056033	0.0227986886	0.0483587652	-0.0659872397	-0.0406894126	0.029339362	0.0381403902	-0.0019867024	-0.0656948336	0.0193018994	-0.0370096853	0.0063139234	0.016216854	-1.17168813574123	-0.329982348913885	-2.22840312389761	0.592443852028073
-0.194488	0.0436047	0.168826	0.00260339	-8.35588e-06	-0.00324556	0.00219099999999997	0.0072985	0.029806	2.15900000000002e-05	0.00014075512	-0.00026048	0.060436756	0.0027074549	-0.0520983812	-0.0080934286	0.0512616758	0.013392903	-0.0498771065	-0.0185492395	0.0479594708	0.0235073292	-0.0455292636	-0.028214182	0.0426124582	0.0326194932	-0.0392402281	-0.0366761804	0.0354486142	0.0403408874	-0.03127814	-0.0435744473	0.0267733776	0.0463423012	0.0321267854	0.0349024919	-0.0388200331	0.017790674	0.0257983356	0.0402007565	-0.0294959934	0.0207022427	-0.0365317973	0.0243166576	0.604831849166928	-0.198831742825437	-2.22840312389761	-1.68540061352814
-0.182636	-0.0110867	0.0920261	0.00261389	-4.06259e-05	-0.00334343	0.011852	-0.0546914	-0.0767999	1.04999999999997e-05	-3.227002e-05	-9.78699999999999e-05	0.150375301	0.0024820104	-0.0521430537	-0.0074237382	0.0514394875	0.0122987873	-0.0502739006	-0.0170633708	0.0486567622	0.021674694	-0.0466025972	-0.0260913389	0.0441298556	0.0302736359	-0.0412607473	-0.0341840202	0.0380210421	0.0377873696	-0.0344398384	-0.0410513194	0.030549302	0.0439465533	-0.0296435045	-0.0562604513	0.0192117411	0.0227158204	0.0461546313	-0.0140177364	0.0377389393	-0.0187345008	0.0275238386	0.0362303437	0.641336916368901	-0.397716068268949	-2.22840312389761	-1.68540061352814
-0.188522	0.0563268	0.137293	0.00252313	0.000286535	-0.00318295	-0.005886	0.0674135	0.0452669	-9.07599999999996e-05	0.0003271609	0.00016048	0.147486445	0.0022565198	-0.0521838529	-0.006752807	0.0516020147	0.0111989617	-0.050637085	-0.0155619757	0.0492962274	0.0198094581	-0.0475893965	-0.0239098759	0.0455292636	0.0278327876	-0.0431311232	-0.0315490697	0.0404127789	0.0350311327	-0.0373944116	-0.0382531258	0.0340984296	0.0411911291	-0.0295711401	0.0559373228	-0.0532151761	0.0271699302	0.0162970975	0.0020856776	-0.0425916115	-0.0432963762	-0.0153195081	0.0173437142	0.028410998977034	-0.514651384174163	0.448081059024295	-1.68540061352814
-0.187858	-0.00745945	0.125938	0.00267385	-3.50089e-05	-0.00313626	0.000663999999999998	-0.06378625	-0.011355	0.00015072	-0.0003215439	4.66899999999998e-05	0.101752945	0.0020309873	-0.0522207755	-0.0060807472	0.0517492091	0.0100939368	-0.0509664168	-0.0140464202	0.0498771065	0.0179144269	-0.0484878293	-0.021674694	0.0468069407	0.025304607	-0.0448445497	-0.0287823352	0.0426124582	0.0320869629	-0.0401240904	-0.0351986159	0.0373944116	0.0380985803	0.0574585187	-0.0311598042	0.0359639967	0.0236639026	-0.014909292	-0.0014392168	0.0507639075	0.0543609431	-0.0006798018	0.026235795	-0.189839188382938	-0.601663384047391	0.448081059024295	0.592443852028073
-0.19164	0.0587591	0.182832	0.00254736	3.11818e-05	-0.00331262	-0.00378200000000001	0.06621855	0.056894	-0.00012649	6.61907e-05	-0.00017636	0.145346585	0.001805417	-0.0522538189	-0.005407671	0.051881027	0.0089842256	-0.0512616758	-0.0125180835	0.0503987089	0.0159924506	-0.0492962274	-0.0193908153	0.0479594708	0.0226970271	-0.0463947917	-0.0258953737	0.0446096262	0.0289706552	-0.0426124582	-0.0319082567	0.0404127789	0.0346942175	-0.0307693975	-0.0478201236	-0.0387367731	-0.0173032628	0.0225936385	-0.0330265605	-0.0300522992	0.0223382484	0.0600342283	0.0310939479	0.903164863878207	-0.709009931305523	0.448081059024295	0.592443852028073
-0.196705	0.00378381	0.159015	0.00299311	2.25257e-05	-0.00358499	-0.00506499999999999	-0.05497529	-0.023817	0.00044575	-8.6561e-06	-0.00027237	0.120196095	0.0015798132	-0.0522829807	-0.0047336909	0.0519974292	0.0078703433	-0.0515226647	-0.0109783563	0.050860415	0.0140464202	-0.0500130897	-0.0170633708	0.0489837722	0.0200182296	-0.0477762082	-0.0229002443	0.0463947917	0.0256989275	-0.0448445497	-0.0284040951	0.0431311232	0.0310059033	-0.0274980341	0.0657318113	0.0099748499	-0.0185241677	-0.0280919098	0.0463378288	0.0054591393	-0.0406136808	0.0052517099	-0.030470753	-0.268904779341248	-0.426438556510941	0.448081059024295	0.592443852028073
-0.196709	0.0598717	0.196826	0.00265811	0.000158411	-0.00358499	-4.000000000004e-06	0.05608789	0.037811	-0.000335	0.0001358853	0	0.117447155	0.0013541801	-0.0523082586	-0.0040589197	0.0520983812	0.006752807	-0.0517492091	-0.0094286395	0.0512616758	0.0120792627	-0.050637085	-0.0146975897	0.0498771065	0.01727662	-0.0489837722	-0.0198094581	0.0479594708	0.0222893319	-0.0468069407	-0.024709611	0.0455292636	0.0270638244	0.0477927723	-0.0106265289	0.0321747515	-0.0036474631	0.0004174266	-0.0371469863	0.0164966453	0.0411302804	-0.044386476	0.0166038193	0.726051125093916	0.516557901343194	0.448081059024295	-1.68540061352814
-0.196675	0.00477103	0.196916	0.00294863	-0.000132924	-0.00358499	3.40000000000062e-05	-0.05510067	9.00000000000067e-05	0.00029052	-0.000291335	0	0.08431742	0.0011285219	-0.0523296507	-0.0033834701	0.0521838529	0.0056321357	-0.0519411573	-0.0078703433	0.0516020147	0.0100939368	-0.0511670547	-0.0122987873	0.050637085	0.0144808008	-0.0500130897	-0.0166359256	0.0492962274	0.0187601599	-0.0484878293	-0.0208495594	0.0475893965	0.0229002443	-0.0209508405	-0.014960981	-0.0551994867	-0.0370279341	0.0089862849	0.0522984496	-0.0263086014	-0.0176350407	0.0554794252	0.0439036589	-1.20256382566749	-0.479226727012158	0.448081059024295	0.592443852028073
-0.193066	0.0155002	0.181105	0.00258685	8.93936e-05	-0.00358499	0.00360899999999997	0.01072917	-0.015811	-0.00036178	0.0002223176	0	0.05935405	0.0009028426	-0.0523471556	-0.0027074549	0.0522538189	0.0045088495	-0.0520983812	-0.0063048856	0.051881027	0.0080934286	-0.0516020147	-0.009872353	0.0512616758	0.0116395445	-0.050860415	-0.013392903	0.0503987089	0.0151303447	-0.0498771065	-0.0168498047	0.0492962274	0.0185492395	0.0098624817	0.0355527576	0.0679317801	0.0283120685	-0.0112876634	-0.02880143	0.0510142636	-0.022231342	-0.0423284108	-0.0088153192	0.631670939853867	0.011647107972515	0.448081059024295	0.592443852028073
-0.196662	0.0647731	0.219643	0.00275174	-9.71713e-05	-0.00416078	-0.00359599999999996	0.0492729	0.038538	0.00016489	-0.0001865649	-0.00057579	0.137769145	0.0006771467	-0.0523607718	-0.0020309873	0.0523082586	0.0033834701	-0.0522207755	-0.0047336909	0.0520983812	0.0060807472	-0.0519411573	-0.0074237382	0.0517492091	0.0087617663	-0.0515226647	-0.0100939368	0.0512616758	0.0114193591	-0.0509664168	-0.0127371473	0.050637085	0.0140464202	0.0192834487	-0.0183474637	-0.0608631281	-0.0296488162	-0.0522852456	-0.0229123573	-0.0697913155	0.0421700714	0.04383674	0.0163967535	0.273440882464813	0.554004713613279	0.448081059024295	0.592443852028073
-0.196695	-0.0154531	0.20218	0.00287512	-0.000149024	-0.00354893	-3.3000000000033e-05	-0.0802262	-0.017463	0.00012338	-5.18527e-05	0.00061185	0.137076335	0.0004514381	-0.0523704984	-0.0013541801	0.0523471556	0.0022565198	-0.0523082586	-0.003158189	0.0522538189	0.0040589197	-0.0521838529	-0.0049584444	0.0520983812	0.0058564958	-0.0519974292	-0.006752807	0.051881027	0.0076471118	-0.0517492091	-0.0085391442	0.0516020147	0.0094286395	-0.0375563476	0.0534983731	0.0263903767	0.0037371522	-0.0502978937	0.032779838	0.0142439485	-0.0656508112	-0.005704236	-0.0292928425	0.607883279498223	0.55539964513381	0.448081059024295	0.592443852028073
-0.196657	0.0561009	0.212642	0.00234462	-9.5413e-05	-0.00379988	3.80000000000102e-05	0.071554	0.010462	-0.0005305	5.3611e-05	-0.00025095	0.12380705	0.0002257211	-0.0523763346	-0.0006771467	0.0523704984	0.0011285219	-0.0523607718	-0.0015798132	0.0523471556	0.0020309873	-0.0523296507	-0.0024820104	0.0523082586	0.0029328492	-0.0522829807	-0.0033834701	0.0522538189	0.0038338396	-0.0522207755	-0.0042839244	0.0521838529	0.0047336909	0.040780882	-0.0207069417	0.0132223926	-0.0038129641	-0.0189565752	-0.042434914	-0.0049707826	0.0655400404	-0.0233270357	-0.0037862526	-1.70186683605178	0.589986203031214	0.448081059024295	0.592443852028073
-0.203663	-0.0138102	0.212707	0.00276718	5.17874e-06	-0.00386821	-0.00700600000000001	-0.0699111	6.50000000000095e-05	0.00042256	0.00010059174	-6.83300000000001e-05	0.106556187	0	-0.0523782801	0	0.0523782801	0	-0.0523782801	0	0.0523782801	0	-0.0523782801	0	0.0523782801	0	-0.0523782801	0	0.0523782801	0	-0.0523782801	0	0.0523782801	0	-0.0415067892	0.0206976617	-0.0239222762	-0.0372038438	-0.0012823759	0.0610750317	-0.0194845474	-0.0286695029	0.0330535845	-0.0288774484	-2.55120568544667	0.72468224244963	0.448081059024295	0.592443852028073
-0.196749	0.0139094	0.164307	0.00226019	0.000286535	-0.00388463	0.006914	0.0277196	-0.0484	-0.00050699	0.00028135626	-1.64200000000001e-05	0.123271913	-0.0002257211	-0.0523763346	0.0006771467	0.0523704984	-0.0011285219	-0.0523607718	0.0015798132	0.0523471556	-0.0020309873	-0.0523296507	0.0024820104	0.0523082586	-0.0029328492	-0.0522829807	0.0033834701	0.0522538189	-0.0038338396	-0.0522207755	0.0042839244	0.0521838529	-0.0047336909	0.0494947549	-0.0118551142	0.0548811305	0.028335903	0.0185415282	-0.0275138082	0.0606533997	0.0355631603	-0.0397745611	-0.0034104302	0.629240782188031	0.581293072670557	0.448081059024295	0.592443852028073
-0.196718	0.0381108	0.164545	0.00236099	-4.71576e-05	-0.0033546	3.10000000000032e-05	0.0242014	0.000238000000000016	0.0001008	-0.0003336926	0.00053003	0.07269653	-0.0004514381	-0.0523704984	0.0013541801	0.0523471556	-0.0022565198	-0.0523082586	0.003158189	0.0522538189	-0.0040589197	-0.0521838529	0.0049584444	0.0520983812	-0.0058564958	-0.0519974292	0.006752807	0.051881027	-0.0076471118	-0.0517492091	0.0085391442	0.0516020147	-0.0094286395	-0.0341557257	-0.0345907839	-0.0550953634	0.007075472	0.0452381778	0.0103792151	-0.0408136533	-0.0154161188	0.0285407762	0.0552677576	0.013014144625137	0.307863965166377	0.448081059024295	0.592443852028073
-0.204095	-0.0292209	0.122536	0.00259333	7.95714e-05	-0.00378999	-0.007377	-0.0673317	-0.042009	0.00023234	0.000126729	-0.00043539	0.15644065	-0.0006771467	-0.0523607718	0.0020309873	0.0523082586	-0.0033834701	-0.0522207755	0.0047336909	0.0520983812	-0.0060807472	-0.0519411573	0.0074237382	0.0517492091	-0.0087617663	-0.0515226647	0.0100939368	0.0512616758	-0.0114193591	-0.0509664168	0.0127371473	0.050637085	-0.0140464202	0.0278702671	0.0252601524	0.0209098902	0.0596987216	0.0468495055	0.0381637346	0.062541921	-0.0118351415	-0.0561964857	0.0108711635	-0.522338853522157	-0.134991584614116	0.448081059024295	0.592443852028073
-0.196679	0.0526022	0.175164	0.00228521	-7.99487e-05	-0.00378999	0.00741600000000001	0.0818231	0.052628	-0.00030812	-0.0001595201	0	0.165249105	-0.0009028426	-0.0523471556	0.0027074549	0.0522538189	-0.0045088495	-0.0520983812	0.0063048856	0.051881027	-0.0080934286	-0.0516020147	0.009872353	0.0512616758	-0.0116395445	-0.050860415	0.013392903	0.0503987089	-0.0151303447	-0.0498771065	0.0168498047	0.0492962274	-0.0185492395	0.0146230547	-0.0434623645	-0.0456529385	-0.0051298823	-0.0291791808	-0.0186631123	-0.0323263184	0.0352262001	0.046802245	0.0303703172	-2.32304302020889	-0.300909363177019	0.448081059024295	0.592443852028073
-0.214034	-0.00625493	0.159413	0.00277588	-0.000221489	-0.00378999	-0.017355	-0.05885713	-0.015751	0.00049067	-0.0001415403	0	0.123573645	-0.0011285219	-0.0523296507	0.0033834701	0.0521838529	-0.0056321357	-0.0519411573	0.0078703433	0.0516020147	-0.0100939368	-0.0511670547	0.0122987873	0.050637085	-0.0144808008	-0.0500130897	0.0166359256	0.0492962274	-0.0187601599	-0.0484878293	0.0208495594	0.0475893965	-0.0229002443	-0.0517219062	0.0362576988	0.0184713967	0.0062589495	-0.0025974034	0.0373005861	0.0093991574	-0.0580157674	0.0093370984	-0.0400344066	-1.48283029819064	-0.016033893105045	0.448081059024295	0.592443852028073
-0.204805	0.0561608	0.159309	0.00237107	-8.33183e-05	-0.00378999	0.00922899999999999	0.06241573	-0.000104000000000021	-0.00040481	0.0001381707	0	0.098897765	-0.0013541801	-0.0523082586	0.0040589197	0.0520983812	-0.006752807	-0.0517492091	0.0094286395	0.0512616758	-0.0120792627	-0.050637085	0.0146975897	0.0498771065	-0.01727662	-0.0489837722	0.0198094581	0.0479594708	-0.0222893319	-0.0468069407	0.024709611	0.0455292636	-0.0270638244	0.040229945	-0.0142145386	0.0305066959	0.0078815789	0.0349512952	-0.0396836459	0.0177288774	0.049663814	-0.0474056044	-0.0115315299	0.683393841187258	-0.056972345517434	0.448081059024295	0.592443852028073
-0.21405	0.0152827	0.179336	0.00259737	-1.84181e-05	-0.00378999	-0.00924499999999998	-0.0408781	0.020027	0.0002263	6.49002e-05	0	0.08471011	-0.0015798132	-0.0522829807	0.0047336909	0.0519974292	-0.0078703433	-0.0515226647	0.0109783563	0.050860415	-0.0140464202	-0.0500130897	0.0170633708	0.0489837722	-0.0200182296	-0.0477762082	0.0229002443	0.0463947917	-0.0256989275	-0.0448445497	0.0284040951	0.0431311232	-0.0310059033	-0.010672688	-0.0195630417	-0.0605205419	-0.0333317932	0.035933856	0.0568441236	-0.0227033686	0.0024642325	0.04525586	0.0117671165	1.69822099009549	0.143627215287252	0.448081059024295	0.592443852028073
-0.214043	0.0382129	0.131804	0.00224912	-0.000190852	-0.00366833	7.000000000007e-06	0.0229302	-0.047532	-0.00034825	-0.0001724339	0.00012166	0.102586395	-0.001805417	-0.0522538189	0.005407671	0.051881027	-0.0089842256	-0.0512616758	0.0125180835	0.0503987089	-0.0159924506	-0.0492962274	0.0193908153	0.0479594708	-0.0226970271	-0.0463947917	0.0258953737	0.0446096262	-0.0289706552	-0.0426124582	0.0319082567	0.0404127789	-0.0346942175	-0.0327141441	0.0357064284	0.048734375	0.0115897945	-0.0050307411	-0.03680942	0.0333028964	-0.0407415187	-0.0109649979	-0.0339487741	1.04534595761516	0.980911532680294	0.448081059024295	0.592443852028073
-0.220848	0.0666121	0.185531	0.00245119	-7.51231e-05	-0.00378999	-0.00680500000000001	0.0283992	0.053727	0.00020207	0.0001157289	-0.00012166	0.110904145	-0.0020309873	-0.0522207755	0.0060807472	0.0517492091	-0.0100939368	-0.0509664168	0.0140464202	0.0498771065	-0.0179144269	-0.0484878293	0.021674694	0.0468069407	-0.025304607	-0.0448445497	0.0287823352	0.0426124582	-0.0320869629	-0.0401240904	0.0351986159	0.0373944116	-0.0380985803	0.0412997257	0.0251289506	-0.0316491266	0.0029302309	0.0234292173	0.0071481389	-0.0401684723	0.0358131067	-0.0478971966	-0.0099095491	1.14302212261541	0.140531669869709	0.448081059024295	0.592443852028073
-0.221994	-0.0129699	0.159966	0.00234471	-0.000114564	-0.00367536	-0.00114600000000001	-0.079582	-0.025565	-0.00010648	-3.94409e-05	0.00011463	0.119320545	-0.0022565198	-0.0521838529	0.006752807	0.0516020147	-0.0111989617	-0.050637085	0.0155619757	0.0492962274	-0.0198094581	-0.0475893965	0.0239098759	0.0455292636	-0.0278327876	-0.0431311232	0.0315490697	0.0404127789	-0.0350311327	-0.0373944116	0.0382531258	0.0340984296	-0.0411911291	0.0014512293	-0.0284010333	0.0325631077	-0.0124110693	-0.0324444163	0.0085673667	0.0452423214	-0.0099247889	0.0499639966	-0.0199312614	0.260148491670469	0.091563216476135	0.448081059024295	0.592443852028073
-0.232875	0.0555284	0.158084	0.00221132	-7.47683e-05	-0.00365117	-0.010881	0.0684983	-0.001882	-0.00013339	3.97957e-05	2.41899999999999e-05	0.091130085	-0.0024820104	-0.0521430537	0.0074237382	0.0514394875	-0.0122987873	-0.0502739006	0.0170633708	0.0486567622	-0.021674694	-0.0466025972	0.0260913389	0.0441298556	-0.0302736359	-0.0412607473	0.0341840202	0.0380210421	-0.0377873696	-0.0344398384	0.0410513194	0.030549302	-0.0439465533	-0.0431214264	0.0231321998	0.0026381551	0.0124072247	-0.0158858245	-0.0544582971	-0.0605469244	-0.0528107057	-0.046374962	-0.0233813155	1.15455777292843	0.067200759869864	0.448081059024295	0.592443852028073
-0.22685	-0.0114026	0.154127	0.00243249	-6.74805e-05	-0.00378999	0.006025	-0.066931	-0.00395700000000002	0.00022117	7.28779999999999e-06	-0.00013882	0.09527689	-0.0027074549	-0.0520983812	0.0080934286	0.0512616758	-0.013392903	-0.0498771065	0.0185492395	0.0479594708	-0.0235073292	-0.0455292636	0.028214182	0.0426124582	-0.0326194932	-0.0392402281	0.0366761804	0.0354486142	-0.0403408874	-0.03127814	0.0435744473	0.0267733776	-0.0463423012	0.0476156604	0.0127594059	-0.0168977878	0.0392417553	0.0049549195	0.0791395964	0.0269527898	0.0128484868	-0.0481289868	0.0140894393	1.2329457639868	-0.326076835601932	0.448081059024295	0.592443852028073
-0.221505	0.040848	0.118299	0.00224977	-0.00017558	-0.00349146	0.00534499999999999	0.0522506	-0.035828	-0.00018272	-0.0001080995	0.00029853	0.122891075	-0.0029328492	-0.0520498384	0.0087617663	0.0510686325	-0.0144808008	-0.0494469678	0.0200182296	0.0472051818	-0.025304607	-0.044371389	0.0302736359	0.0409811285	-0.0348629988	-0.0370769179	0.03901514	0.0327077205	-0.042677987	-0.0279283311	0.0458056033	0.0227986886	-0.0483587652	-0.0086568401	-0.0810169012	0.0162461348	0.0044171547	-0.0048457638	-0.0653136887	0.0273506946	0.0169854381	0.0431353458	0.0116855373	1.51385498044797	-0.077459997388478	0.448081059024295	0.592443852028073
-0.221931	0.0296776	0.155713	0.00247991	-7.42153e-05	-0.00369434	-0.000425999999999982	-0.0111704	0.037414	0.00023014	0.0001013647	-0.00020288	0.075729635	-0.003158189	-0.0519974292	0.0094286395	0.050860415	-0.0155619757	-0.0489837722	0.0214690046	0.0463947917	-0.0270638244	-0.0431311232	0.0322650733	0.0392402281	-0.0369971132	-0.0347786889	0.0411911291	0.0298113868	-0.0447861304	-0.024410558	0.0477298374	0.018654743	-0.0499794418	-0.0585041294	0.0150075151	-0.0388525988	-0.0281671815	0.0077640054	-0.0004596211	-0.0467538633	-0.0499124996	0.0033854528	-0.0417363545	1.24189287114297	-0.242564815799556	0.448081059024295	0.592443852028073
-0.216152	0.000872588	0.130155	0.00237855	-0.000120235	-0.00378999	0.00577899999999998	-0.028805012	-0.025558	-0.00010136	-4.60197e-05	-9.56500000000001e-05	0.072293497	-0.0033834701	-0.0519411573	0.0100939368	0.050637085	-0.0166359256	-0.0484878293	0.0229002443	0.0455292636	-0.0287823352	-0.0418107693	0.0341840202	0.0373944116	-0.03901514	-0.032353904	0.0431950583	0.0267733776	-0.0466540082	-0.0207459769	0.0493342563	0.0143723053	-0.0511910666	0.0286440773	0.0266586186	0.0573667114	0.0132964389	0.033598166	-0.0013709009	0.0576842988	0.0200302022	-0.0246397872	-0.0319631098	0.855296753086699	0.140481232108975	0.448081059024295	0.592443852028073
-0.212735	0.0617873	0.178465	0.00228681	-0.000145108	-0.00361954	0.00341700000000003	0.060914712	0.04831	-9.17400000000003e-05	-2.4873e-05	0.00017045	0.126994862	-0.0036086884	-0.051881027	0.010757547	0.0503987089	-0.017702152	-0.0479594708	0.0243106464	0.0446096262	-0.0304575546	-0.0404127789	0.0360261653	0.0354486142	-0.0409107473	-0.0298113868	0.045018557	0.0236081307	-0.0482715996	-0.0169566271	0.0506081094	0.009983168	-0.0519837232	0.0193195256	-0.0077460791	-0.0346653635	-0.0365660788	-0.0324593019	-0.0302453556	-0.0570801061	0.0299567695	0.01182479	-0.0256933152	0.869833362298136	0.113195784893003	0.448081059024295	0.592443852028073
-0.213797	-0.000904685	0.139527	0.00244444	-0.000138127	-0.00378999	-0.00106200000000001	-0.062691985	-0.038938	0.00015763	6.98099999999998e-06	-0.00017045	0.119445035	-0.0038338396	-0.0518170426	0.0114193591	0.0501453577	-0.0187601599	-0.0473990497	0.0256989275	0.0436369724	-0.0320869629	-0.0389397479	0.0377873696	0.0334080384	-0.042677987	-0.0271603893	0.0466540082	0.0203306886	-0.0496302266	-0.0130652981	0.0515428613	0.0055199161	-0.0523509242	-0.0411727588	0.0331067621	0.0305098316	0.0020583632	-0.0275739453	0.0356154368	0.0245842445	-0.0524086041	0.0074571165	-0.0234619389	1.12871500505733	-0.041644061388913	0.448081059024295	0.592443852028073
-0.213779	0.0572674	0.139492	0.00176508	-0.000117166	-0.00378999	1.79999999999902e-05	0.058172085	-3.49999999999795e-05	-0.00067936	2.0961e-05	0	0.093241135	-0.0040589197	-0.0517492091	0.0120792627	0.0498771065	-0.0198094581	-0.0468069407	0.0270638244	0.0426124582	-0.0336681095	-0.0373944116	0.0394636764	0.03127814	-0.044311314	-0.024410558	0.0480945804	0.0169566271	-0.0507226006	-0.0090953929	0.0521322486	0.0010156846	-0.0522896643	0.0316347997	-0.0109279033	0.0430318587	0.0337452339	0.02441079	-0.0383260727	0.032397953	0.0333444643	-0.0606156868	0.0021368414	1.20553754515345	-0.165490115764757	0.448081059024295	0.592443852028073
-0.213772	0.0131465	0.179247	0.0020818	-0.000139032	-0.00378999	7.000000000007e-06	-0.0441209	0.039755	0.00031672	-2.1866e-05	0	0.1008122	-0.0042839244	-0.0516775313	0.0127371473	0.049594035	-0.0208495594	-0.0461835398	0.0284040951	0.0415373011	-0.0351986159	-0.0357796393	0.0410513194	0.0290646136	-0.0458056033	-0.0215718994	0.0493342563	0.0135019809	-0.0515428613	-0.0050707869	0.0523723222	-0.0034960873	-0.0518004449	0.0033256077	-0.0225297704	-0.0837369281	-0.0269377768	-0.0120385792	0.0382729919	-0.0446357896	0.0298331311	0.0647010504	0.0342416669	2.11040361499074	0.528143364321151	0.448081059024295	0.592443852028073
-0.213797	-0.004187	0.136262	0.00208795	-0.000144026	-0.00378999	-2.49999999999973e-05	-0.0173335	-0.042985	6.1499999999999e-06	-4.994e-06	0	0.0609007	-0.0045088495	-0.0516020147	0.013392903	0.0492962274	-0.0218799809	-0.0455292636	0.0297185201	0.0404127789	-0.0366761804	-0.0340984296	0.0425467316	0.0267733776	-0.0471561663	-0.018654743	0.0503678575	0.009983168	-0.0520866082	-0.0010156846	0.0522614734	-0.0079819045	-0.0508872699	-0.0364546909	0.0483835084	0.0379499822	0.0074365689	-0.0392978067	0.0035607616	0.0200170744	-0.0616375485	-0.0056223519	-0.0315515375	1.16697290887289	0.404393438322375	0.448081059024295	0.592443852028073
-0.213764	0.063687	0.143566	0.00202609	-0.000235953	-0.00378999	3.30000000000052e-05	0.067874	0.00730400000000006	-6.186e-05	-9.1927e-05	0	0.08290035	-0.0047336909	-0.0515226647	0.0140464202	0.0489837722	-0.0229002443	-0.0448445497	0.0310059033	0.0392402281	-0.0380985803	-0.032353904	0.0439465533	0.024410558	-0.0483587652	-0.015669704	0.0511910666	0.0064169112	-0.0523509242	0.0030455261	0.0518004449	-0.0124084642	-0.0495576132	0.0494532532	-0.0240825054	0.0159640004	0.0128907805	0.0111192591	-0.0471996449	-0.0034906508	0.0601750662	-0.047883214	0.022461605	-0.235694018813307	0.163387346526434	0.448081059024295	0.592443852028073
-0.21176	0.00469386	0.171246	0.00232462	-0.000108105	-0.00372208	0.00200399999999998	-0.05899314	0.02768	0.00029853	0.000127848	6.791e-05	0.11339154	-0.0049584444	-0.0514394875	0.0146975897	0.0486567622	-0.0239098759	-0.0441298556	0.0322650733	0.0380210421	-0.0394636764	-0.030549302	0.0452476394	0.0219824722	-0.0494096266	-0.0126276447	0.0518004449	0.0028201586	-0.0523343914	0.0070884207	0.050992326	-0.016742904	-0.0478223571	-0.0188410287	-0.0195031246	-0.0551017249	-0.0426388154	-0.0127185834	0.0400539494	-0.0186337414	0.0085282049	0.0797324833	0.0010356152	-0.773842186259779	0.152008597043458	0.448081059024295	0.592443852028073
-0.213802	0.0236275	0.117659	0.00177446	-9.09348e-05	-0.00372618	-0.00204199999999999	0.01893364	-0.0535869999999999	-0.00055016	1.71702e-05	-4.09999999999994e-06	0.10313415	-0.0051831058	-0.051352489	0.0153463027	0.0483152946	-0.0249084068	-0.0433856593	0.0334948844	0.0367566699	-0.0407694154	-0.0286879745	0.0464470668	0.0194956122	-0.0503054532	-0.0095396348	0.0521934471	-0.0007899965	-0.0520370985	0.0110886847	0.0498425313	-0.0209530451	-0.0456957037	-0.0053755271	0.037798588	0.0655664121	0.0110249994	-0.0212454453	-0.0250466983	0.0341216831	-0.0244595079	-0.0327481892	-0.0381510277	-2.07729287312376	0.091419051148247	0.448081059024295	0.592443852028073
-0.20412	0.0683392	0.155841	0.00179101	9.70567e-05	-0.00378999	0.009682	0.0447117	0.038182	1.65499999999999e-05	0.0001879915	-6.38100000000001e-05	0.105993275	-0.005407671	-0.0512616758	0.0159924506	0.0479594708	-0.0258953737	-0.0426124582	0.0346942175	0.0354486142	-0.0420138333	-0.0267733776	0.0475421407	0.0169566271	-0.051043434	-0.0064169112	0.0523684314	-0.0043963972	-0.0514606403	0.0150222601	0.0483587652	-0.0250076315	-0.0431950583	0.0287681594	-0.0056072809	-0.0513925748	0.0024165499	-0.0360308618	-0.0192871197	-0.0648817626	0.0272122963	-0.0192624211	0.0228871576	0.744776305538688	-0.022210995428557	0.448081059024295	0.592443852028073
-0.208266	-0.00922001	0.109877	0.00186127	0.000286536	-0.00378999	-0.00414599999999998	-0.07755921	-0.045964	7.02599999999999e-05	0.0001894793	0	0.140656175	-0.0056321357	-0.0511670547	0.0166359256	0.0475893965	-0.0268703181	-0.0418107693	0.0358619813	0.0340984296	-0.0431950583	-0.0248090665	0.0485304007	0.0143723053	-0.0516212534	-0.0032708371	0.052324667	-0.0079819045	-0.0506081094	0.0188654898	0.0465509697	-0.0288765622	-0.0403408874	-0.0489662144	0.0195264314	0.0269203112	0.026997434	-0.0415578932	0.0303299116	0.022259534	-0.0665522929	0.0168775063	0.0153981548	-1.34466293818198	-0.009058363895557	0.448081059024295	0.592443852028073
-0.209592	0.0744693	0.123844	0.00163125	-9.3662e-07	-0.00360622	-0.00132600000000002	0.08368931	0.013967	-0.00023002	-0.00028747262	0.00018377	0.134045441	-0.0058564958	-0.0510686325	0.01727662	0.0472051818	-0.0278327876	-0.0409811285	0.0369971132	0.0327077205	-0.044311314	-0.0227986886	0.0494096266	0.0117495564	-0.0520370985	-0.0001128608	0.0520623368	-0.0115294786	-0.0494840794	0.0225952602	0.044431258	-0.0325311144	-0.0371565505	0.0377617009	-0.0047333495	0.006615027	0.0525837087	0.0361473428	-0.0330173151	0.0212666943	0.0246078861	-0.0743422289	0.0519322607	0.322286354428869	-0.098421748905421	-2.22840312389761	-1.68540061352814
-0.213765	0.010528	0.150751	0.00193638	-0.000209513	-0.00378999	-0.00417300000000001	-0.0639413	0.026907	0.00030513	-0.00020857638	-0.00018377	0.129895119	-0.0060807472	-0.0509664168	0.0179144269	0.0468069407	-0.0287823352	-0.0401240904	0.0380985803	0.03127814	-0.0453609212	-0.0207459769	0.050177843	0.0090953929	-0.0522896643	0.0030455261	0.0515825363	-0.0150222601	-0.0480945804	0.02618914	0.0420138333	-0.0359441567	-0.0336681095	0.030969943	-0.0349927426	-0.0693686983	-0.0097732939	-0.0573883428	0.045119913	-0.0206864938	0.0232765016	0.0709456383	0.0609437829	0.549863718353905	-0.152696618675964	-2.22840312389761	-1.68540061352814
-0.213791	0.0441651	0.11391	0.00173466	-0.000175972	-0.00378999	-2.59999999999705e-05	0.0336371	-0.036841	-0.00020172	3.3541e-05	0	0.08226715	-0.0063048856	-0.050860415	0.0185492395	0.0463947917	-0.0297185201	-0.0392402281	0.0391653804	0.0298113868	-0.0463423012	-0.018654743	0.0508333239	0.0064169112	-0.0523781585	0.0061928308	0.0508872699	-0.0184436498	-0.0464470668	0.0296255153	0.0393148935	-0.039090351	-0.0299041152	-0.0537034787	-0.0009579321	0.0631136971	0.0161828142	-0.0221827079	-0.0679247619	0.0153899822	-0.0425144353	0.0103039363	-0.0208986355	-2.35429403913322	-0.014135338850955	0.448081059024295	-1.68540061352814
-0.224731	0.0736435	0.141685	0.00141585	-3.84345e-05	-0.00378999	-0.01094	0.0294784	0.027775	-0.00031881	0.0001375375	0	0.091010775	-0.0065289069	-0.050750635	0.0191809517	0.0459688572	-0.0306409077	-0.0383301323	0.0401965428	0.0283092043	-0.0472539781	-0.01652887	0.0513745965	0.0037212726	-0.0523023033	0.0093176004	0.0499794418	-0.021777388	-0.0445503769	0.0328837193	0.036352523	-0.0419463399	-0.0258953737	0.0432037868	0.0235177902	-0.0460235076	-0.01958729	0.0443343315	0.0206000948	-0.0529604799	0.0427782294	-0.0404867657	-0.0098567786	-0.833126879398348	0.167598841829723	0.448081059024295	0.592443852028073
-0.216811	0.0146443	0.126863	0.0014172	-0.000127689	-0.00378999	0.00791999999999998	-0.0589992	-0.014822	1.35000000000001e-06	-8.92545e-05	0	0.086271425	-0.006752807	-0.050637085	0.0198094581	0.0455292636	-0.0315490697	-0.0373944116	0.0411911291	0.0267733776	-0.0480945804	-0.0143723053	0.0518004449	0.0010156846	-0.0520623368	0.0124084642	0.048862844	-0.0250076315	-0.0424146861	0.0359441567	0.0331465714	-0.0444909208	-0.021674694	-0.0125140729	-0.0629084153	0.0240229749	-0.016562513	-0.0318577848	-0.0011792634	0.0531424381	-0.0183975865	0.061514553	0.0198889626	-0.447601536492602	-0.36753595118043	0.448081059024295	0.592443852028073
-0.213669	0.085763	0.159862	0.00117414	0.000286536	-0.00378999	0.00314200000000001	0.0711187	0.032999	-0.00024306	0.000414225	0	0.14012395	-0.0069765817	-0.0505197734	0.0204346535	0.0450761418	-0.0324425845	-0.0364336915	0.0421482344	0.0252057321	-0.048862844	-0.0121890533	0.0521099123	-0.0016926191	-0.0516590118	0.015454175	0.0475421407	-0.0281190288	-0.0400514517	0.0387884217	0.0297185201	-0.0467052026	-0.01727662	-0.046265879	0.036418793	-0.0161565525	-0.015496843	-0.0201238782	-0.0325326464	-0.0469870368	-0.0309854963	0.0049128108	-0.0262125532	0.519923841293577	-0.520771148516118	0.448081059024295	0.592443852028073
-0.213609	0.0105092	0.152573	0.00135664	-0.000125152	-0.00378999	5.99999999999767e-05	-0.0752538	-0.00728899999999996	0.0001825	-0.000411688	0	0.1123122	-0.0072002268	-0.0503987089	0.0210564335	0.0446096262	-0.0333210373	-0.0354486142	0.0430669878	0.0236081307	-0.0495576132	-0.009983168	0.0523023033	-0.0043963972	-0.051093594	0.0184436498	0.0460228486	-0.0310967934	-0.0374733519	0.0413994086	0.0260913389	-0.0485727468	-0.0127371473	0.0629356136	0.0112230915	0.0306029962	-0.0158735964	-0.0141053723	0.0640343062	0.0374245982	0.032337256	-0.0205215124	-0.0398479364	0.487500825505278	-0.087245873696815	0.448081059024295	0.592443852028073
-0.213642	0.0897338	0.129405	0.00106149	7.60291e-05	-0.00378999	-3.29999999999775e-05	0.0792246	-0.023168	-0.00029515	0.0002011811	0	0.127242155	-0.0074237382	-0.0502739006	0.021674694	0.0441298556	-0.0341840202	-0.0344398384	0.0439465533	0.0219824722	-0.050177843	-0.0077587455	0.0523771858	-0.0070884207	-0.0503678575	0.0213660101	0.044311314	-0.0339267737	-0.0346942175	0.0437614146	0.0222893319	-0.0500796887	-0.0080934286	-0.0346760339	-0.062162017	0.0108654044	-0.0310190678	0.0200434497	-0.0593893082	0.0091228987	0.0196881159	0.0570782035	0.0004633948	0.813564128138149	-0.138112459808431	0.448081059024295	0.592443852028073
-0.213669	0.0314879	0.129713	0.00124927	0.000286536	-0.00378999	-2.69999999999993e-05	-0.0582459	0.00030800000000003	0.00018778	0.0002105069	0	0.078495245	-0.0076471118	-0.0501453577	0.0222893319	0.0436369724	-0.0350311327	-0.0334080384	0.0447861304	0.0203306886	-0.0507226006	-0.0055199161	0.0523343914	-0.0097614921	-0.0494840794	0.0242106219	0.0424146861	-0.0365955205	-0.0317289578	0.0458602343	0.0183379745	-0.0512148408	-0.0033834701	-0.0177208381	0.0755341219	-0.0033712362	-0.0351411761	-0.0083902689	0.0268050246	-0.036121656	-0.0316801838	-0.0150186655	-0.063477051	0.71098080139339	0.468834297073202	0.448081059024295	0.592443852028073
-0.205401	0.0620984	0.11527	0.00109052	0.00018312	-0.00378999	0.00826799999999997	0.0306105	-0.014443	-0.00015875	-0.000103416	0	0.0664298	-0.0078703433	-0.0500130897	0.0229002443	0.0431311232	-0.0358619813	-0.032353904	0.0455849554	0.018654743	-0.0511910666	-0.0032708371	0.0521740164	-0.0124084642	-0.0484450328	0.0269671338	0.0403408874	-0.039090351	-0.0285934806	0.0476832451	0.014263743	-0.0519697758	0.0013541801	0.0471665242	-0.0405303001	0.0515928176	-0.0144540767	-0.0258545355	-0.0425240888	0.0281607421	0.058026234	0.0003494749	0.0085313017	0.433652268189481	0.072833066412866	0.448081059024295	0.592443852028073
-0.213669	0.0438042	0.158446	0.00109618	0.000286536	-0.00378999	-0.00826799999999997	-0.0182942	0.043176	5.66e-06	0.000103416	0	0.075192	-0.0080934286	-0.0498771065	0.0235073292	0.0426124582	-0.0366761804	-0.03127814	0.0463423012	0.0169566271	-0.0515825363	-0.0010156846	0.051896421	-0.0150222601	-0.0472539781	0.0296255153	0.0380985803	-0.0413994086	-0.025304607	0.0492194833	0.0100939368	-0.0523388891	0.0060807472	-0.0324387689	-0.0099270233	-0.0449283913	-0.0195824157	0.0010664494	-0.0117614699	-0.039841322	-0.0214202234	0.0179435572	0.0048701566	0.781071400425988	-0.129888429027647	0.448081059024295	0.592443852028073
-0.213633	0.00628058	0.081776	0.000506439	-4.7845e-05	-0.00368779	3.60000000000083e-05	-0.03752362	-0.07667	-0.000589741	-0.000334381	0.0001022	0.16554572	-0.0083163637	-0.0497374181	0.024110485	0.0420811315	-0.0374733519	-0.0301814655	0.0470574788	0.015238359	-0.051896421	0.0012413539	0.051502229	-0.0175958911	-0.0459146523	0.0321760928	0.0356971313	-0.0435117199	-0.0218799809	0.0504597097	0.0058564958	-0.0523194405	0.010757547	0.0278923456	0.0235731724	0.0274465921	-0.0052801503	0.0292383719	0.0412349478	0.0362296453	0.0203708975	-0.0077092225	-0.0087922862	-1.88690849366537	1.3201842865907	-2.22840312389761	-1.68540061352814
-0.220602	-0.00236177	0.0173863	0.00102954	0.000145856	-0.00341557	-0.006969	-0.00864235	-0.0643897	0.000523101	0.000193701	0.00027222	0.12945215	-0.0085391442	-0.049594035	0.024709611	0.0415373011	-0.0382531258	-0.0290646136	0.0477298374	0.0135019809	-0.0521322486	0.0034960873	0.050992326	-0.0201224762	-0.044431258	0.034609585	0.0331465714	-0.0454172463	-0.0183379745	0.0513964655	0.0015798132	-0.0519115742	0.0153463027	-0.0171050206	-0.0429729267	0.0263437297	0.0076765775	0.081803545	-0.0157412806	-0.0185586791	0.00522266	-0.0432394214	0.0296305792	1.18388781007881	2.10300471615294	0.448081059024295	0.592443852028073
-0.220974	0.096202	0.0595189	0.000757753	0.000399311	-0.00344105	-0.000371999999999983	0.09856377	0.0421326	-0.000271787	0.000253455	-2.548e-05	0.16860447	-0.0087617663	-0.0494469678	0.025304607	0.0409811285	-0.03901514	-0.0279283311	0.0483587652	0.0117495564	-0.0522896643	0.0057443291	0.0503678575	-0.0225952602	-0.0428084497	0.0369171367	0.0304575546	-0.0471069319	-0.0146975897	0.0520241169	-0.0027074549	-0.0511183183	0.0198094581	-0.0001280148	0.0027932885	-0.0778315909	0.0121727413	0.0510685832	0.0727340525	-0.0092032185	-0.0060975275	0.015975894	0.0249189588	0.663949233688228	1.72256671824901	0.448081059024295	0.592443852028073
-0.21044	0.0100785	0.0237646	0.00137395	0.000280303	-0.00332786	0.010534	-0.0861235	-0.0357543	0.000616197	-0.000119008	0.00011319	0.17483155	-0.0089842256	-0.0492962274	0.0258953737	0.0404127789	-0.0397590408	-0.0267733776	0.04894369	0.009983168	-0.0523684314	0.0079819045	0.0496302266	-0.0250076315	-0.0410513194	0.039090351	0.0276413132	-0.0485727468	-0.0109783563	0.0523388891	-0.0069765817	-0.0499455618	0.024110485	0.0096332297	-0.0017881853	0.0091265313	0.0259506462	0.015010459	-0.0141516958	0.0247266389	0.0113374575	0.0057217411	0.0679379015	0.255722063352916	0.495135204699068	0.448081059024295	0.592443852028073
-0.205564	0.100674	0.0908515	0.000821565	0.000743798	-0.00339624	0.00487600000000002	0.0905955	0.0670869	-0.000552385	0.000463495	-6.83799999999998e-05	0.2167714	-0.009206518	-0.0491418251	0.0264818121	0.0398324213	-0.0404844828	-0.0256005252	0.0494840794	0.0082049152	-0.0523684314	0.0102046586	0.0487810905	-0.0273531403	-0.0391653804	0.0411213197	0.024709611	-0.0498077248	-0.0072002268	0.0523388891	-0.0111989617	-0.0484020114	0.028214182	0.0068355159	-0.0333502189	-0.0112305969	0.0075134486	0.0742416444	0.0028989271	-0.0179357461	0.0485606497	0.0267817971	0.0155086897	-1.60474920298551	0.075117522001596	-2.22840312389761	0.592443852028073
-0.210035	0.00504654	0.0567797	0.000959491	0.0006994	-0.00345416	-0.004471	-0.09562746	-0.0340718	0.000137926	-4.43980000000001e-05	-5.79199999999999e-05	0.14618246	-0.0094286395	-0.0489837722	0.0270638244	0.0392402281	-0.0411911291	-0.024410558	0.0499794418	0.0064169112	-0.0522896643	0.0124084642	0.0478223571	-0.0296255153	-0.0371565505	0.0430026525	0.021674694	-0.0508059967	-0.0033834701	0.0520241169	-0.0153463027	-0.0464991262	0.0320869629	-0.0088419751	0.0168559083	-0.0048657544	-0.0454672796	0.015132255	0.0213906747	-0.014010221	-0.0133585751	0.0425030746	-0.0247153924	0.108814780025802	0.844230280275875	-2.22840312389761	-1.68540061352814
-0.213746	0.147704	0.0741813	0.000482943	0.00106025	-0.00378999	-0.00371099999999999	0.14265746	0.0174016	-0.000476548	0.00036085	-0.00033583	0.22243146	-0.0096505858	-0.0488220806	0.0276413132	0.0386363752	-0.0418786518	-0.0232042715	0.0504293264	0.004621281	-0.0521322486	0.0145892291	0.0467561802	-0.0318186811	-0.0350311327	0.0447275033	0.0185492395	-0.0515628185	0.0004514381	0.0513964655	-0.0193908153	-0.0442510332	0.0356971313	-0.0031196691	0.0246467236	0.0345317358	-0.0037490101	-0.0158344666	-0.011621899	0.0165749549	-0.0144988298	-0.035794284	-0.0166364532	-0.731320143485414	1.73137149340435	-2.22840312389761	-1.68540061352814
-0.246115	0.0366712	-0.00821263	0.000445532	0.00106025	-0.00378999	-0.032369	-0.1110328	-0.08239393	-3.74110000000001e-05	0	0	0.22766628	-0.009872353	-0.0486567622	0.028214182	0.0380210421	-0.0425467316	-0.0219824722	0.0508333239	0.0028201586	-0.051896421	0.016742904	0.0455849554	-0.0339267737	-0.0327957961	0.0462895956	0.0153463027	-0.0520745933	0.0042839244	0.0504597097	-0.0233053991	-0.0416744222	0.03901514	-0.0207408831	0.0270692338	-0.0243428027	0.0531170071	0.0703719635	0.0393989365	-0.03167197	-0.0255043363	-0.0216078821	0.0870829448	1.23683150662288	1.66330502387048	-2.22840312389761	-1.68540061352814
-0.225837	-0.10119	-0.00596462	0.000540904	0.00106025	-0.00378999	0.020278	-0.1378612	0.00224801	9.53720000000001e-05	0	0	0.16515581	-0.0100939368	-0.0484878293	0.0287823352	0.0373944116	-0.0431950583	-0.0207459769	0.0511910666	0.0010156846	-0.0515825363	0.0188654898	0.044311314	-0.0359441567	-0.0304575546	0.0476832451	0.0120792627	-0.0523388891	0.0080934286	0.0492194833	-0.0270638244	-0.0387884217	0.0420138333	0.0215302608	-0.006445291	0.0105747632	0.1448386637	0.0642197391	-0.0387594918	0.0485087056	-0.0374799467	-0.0877119478	0.1378785881	0.297852882810567	0.209434194542609	-2.22840312389761	0.592443852028073
-0.237133	0.000546187	0.07349	0.000434112	0.00160828	-0.00391988	-0.011296	0.101736187	0.07945462	-0.000106792	0.00054803	-0.00012989	0.231722407	-0.0103153331	-0.0483152946	0.0293456776	0.0367566699	-0.043823331	-0.0194956122	0.051502229	-0.0007899965	-0.0511910666	0.0209530451	0.0429381175	-0.0378654364	-0.028023745	0.0489033805	0.0087617663	-0.0523544498	0.0118595137	0.0476832451	-0.0306409077	-0.0356144575	0.0446686685	0.0182037691	-0.0164189429	-0.085275258	0.0397058573	-0.0061231651	0.0034117476	-0.059360623	0.0313183593	0.0134833131	0.0635862472	0.742156810287642	-0.384045319647561	-2.22840312389761	0.592443852028073
-0.240654	-0.027124	0.0514924	0.000692619	0.00121476	-0.00389146	-0.00352100000000002	-0.027670187	-0.0219976	0.000258507	-0.00039352	2.84199999999999e-05	0.087211137	-0.0105365379	-0.0481391707	0.0299041152	0.0361080066	-0.044431258	-0.0182322141	0.051766528	-0.0025947387	-0.0507226006	0.0230016937	0.0414684511	-0.0396854757	-0.0255020041	0.0499455618	0.005407671	-0.0521212014	0.0155619757	0.0458602343	-0.0340126806	-0.0321760928	0.0469579174	-0.0203302993	0.0237110223	0.0371292059	0.0211908567	-0.0131004732	0.0187204708	0.0513928481	-0.0474125143	-0.0008358286	-0.0024796339	-2.93163146169805	0.88467247970183	-2.22840312389761	0.592443852028073
-0.250059	0.0920964	0.0625374	0.000364711	0.00106025	-0.00352881	-0.00940500000000002	0.1192204	0.011045	-0.000327908	-0.00015451	0.00036265	0.1819238	-0.010757547	-0.0479594708	0.0304575546	0.0354486142	-0.045018557	-0.0169566271	0.0519837232	-0.0043963972	-0.050177843	0.0250076315	0.0399056168	-0.0413994086	-0.0229002443	0.0508059967	0.0020309873	-0.0516402525	0.0191809517	0.0437614146	-0.0371565505	-0.028498854	0.048862844	0.0249037737	-0.0351399964	-0.0282075329	0.0199982601	0.034664764	-0.0059712103	-0.0138573737	0.0211906074	-0.0358025857	0.0181966222	0.545493059575442	1.1593557477366	-2.22840312389761	0.592443852028073
-0.250074	0.041035	0.0710079	0.000724606	0.00106025	-0.00362724	-1.49999999999317e-05	-0.0510614	0.00847049999999999	0.000359895	0	-9.843e-05	0.08246315	-0.0109783563	-0.0477762082	0.0310059033	0.0347786889	-0.0455849554	-0.015669704	0.0521536168	-0.0061928308	-0.0495576132	0.0269671338	0.0382531258	-0.0430026525	-0.0202266294	0.0514815542	-0.0013541801	-0.0509138886	0.0226970271	0.0413994086	-0.0400514517	-0.0246100408	0.0503678575	-0.0472101773	-0.0766233664	-0.0188713208	0.0042600218	0.0284736352	0.0249791879	0.0274056623	-0.0011150036	0.0773213771	0.0175784611	-0.630530086270085	0.367236981378123	-2.22840312389761	0.592443852028073
-0.260827	0.125373	0.106931	0.000353241	0.00106025	-0.00388983	-0.010753	0.084338	0.0359231	-0.000371365	0	-0.00026259	0.16271185	-0.0111989617	-0.0475893965	0.0315490697	0.0340984296	-0.0461301902	-0.0143723053	0.0522760543	-0.0079819045	-0.048862844	0.0288765622	0.0365146908	-0.0444909208	-0.0174895484	0.0519697758	-0.0047336909	-0.0499455618	0.0260913389	0.0387884217	-0.042677987	-0.0205385235	0.0514606403	-0.0369651252	0.0309041824	0.0220608907	-0.068849544	0.0572786732	-0.0253110679	-0.0228985561	0.0282917408	0.0397000017	-0.1303489141	-2.93048985923288	-0.538645830732638	-2.22840312389761	0.592443852028073
-0.260047	0.0520834	0.128177	0.000888541	0.00106025	-0.00402676	0.000780000000000003	-0.0732896	0.021246	0.0005353	0	-0.00013693	0.1289271	-0.0114193591	-0.0473990497	0.0320869629	0.0334080384	-0.0466540082	-0.0130652981	0.0523509242	-0.0097614921	-0.0480945804	0.030732371	0.0346942175	-0.0458602343	-0.0146975897	0.0522688852	-0.0080934286	-0.048739874	0.0293456776	0.0359441567	-0.045018557	-0.016314529	0.0521322486	0.0498098849	0.0336822475	0.0550247138	-0.1320301506	0.0679653016	0.0448564596	0.0209421021	0.0722507178	0.0336317459	-0.1495009079	-2.80754312183259	-0.431044548593116	-2.22840312389761	0.592443852028073
-0.259214	0.0944792	0.114544	0.000692248	0.00106025	-0.00405215	0.000832999999999973	0.0423958	-0.013633	-0.000196293	0	-2.53900000000001e-05	0.06794595	-0.0116395445	-0.0472051818	0.0326194932	0.0327077205	-0.0471561663	-0.0117495564	0.0523781585	-0.0115294786	-0.0472539781	0.0325311144	0.0327957961	-0.0471069319	-0.0118595137	0.0523777937	-0.0114193591	-0.047302555	0.0324425845	0.0328837193	-0.0470574788	-0.011969416	0.0523771858	0.0176030083	-0.0097286316	0.0536910805	-0.1498171543	0.0248811974	-0.0254772879	-0.0044742503	0.0558743959	0.035582424	-0.1422906405	-2.84308170292214	-0.433439824062909	-2.22840312389761	0.592443852028073
-0.260195	0.0389998	0.110436	0.000931707	0.00106025	-0.00397534	-0.000980999999999954	-0.0554794	-0.00410800000000001	0.000239459	0	7.68100000000001e-05	0.07638185	-0.0118595137	-0.0470078072	0.0331465714	0.0319976841	-0.0476364314	-0.0104259597	0.0523577323	-0.0132837629	-0.0463423012	0.0342694522	0.0308236917	-0.0482276804	-0.0089842256	0.0522961052	-0.0146975897	-0.0456404355	0.0353654455	0.0296255153	-0.0487810905	-0.0075354425	0.0521934471	-0.0307288046	0.022665347	0.0213056872	-0.1175941339	0.0305568341	0.0354502317	-0.0151670817	-0.0229256622	0.0237994133	-0.0726549212	-2.75171948628993	-0.606029099286051	0.448081059024295	0.592443852028073
-0.250113	0.0240804	0.0746877	-2.42359e-05	0.00165004	-0.00403144	0.0100819999999999	-0.0149194	-0.0357483	-0.0009559429	0.00058979	-5.60999999999999e-05	0.140841345	-0.0120792627	-0.0468069407	0.0336681095	0.03127814	-0.0480945804	-0.0090953929	0.0522896643	-0.0150222601	-0.0453609212	0.0359441567	0.0287823352	-0.0492194833	-0.0060807472	0.0520241169	-0.0179144269	-0.0437614146	0.0380985803	0.02618914	-0.050177843	-0.0030455261	0.0515825363	0.0142914332	0.0358591368	0.0513167153	-0.0142787222	0.0472394866	-0.0057915805	0.0313082045	-0.0129093099	-0.0683487287	-0.0405880351	-0.639419193105599	-0.35769796004641	0.448081059024295	0.592443852028073
-0.250078	0.0173158	0.12975	0.000563708	0.00106025	-0.00388939	3.50000000000073e-05	-0.0067646	0.0550623	0.0005879439	-0.00058979	0.00014205	0.127851095	-0.0122987873	-0.0466025972	0.0341840202	0.030549302	-0.0485304007	-0.0077587455	0.0521740164	-0.016742904	-0.044311314	0.0375521182	0.0266763128	-0.0500796887	-0.003158189	0.0515628185	-0.0210564335	-0.0416744222	0.0406273263	0.0225952602	-0.0512383773	0.0014670001	0.0505494535	0.0556560046	-0.002448839	-0.0220474716	-0.0332840207	-0.0047178518	0.0262726878	-0.0124361945	0.0578047287	-0.019119737	0.0206444384	-0.290237743433857	-0.356542948685049	0.448081059024295	0.592443852028073
-0.250077	-0.0172432	0.112309	0.000929906	0.00111896	-0.004199	1.00000000002876e-06	-0.034559	-0.017441	0.000366198	5.87099999999998e-05	-0.000309610000000001	0.0887269	-0.0125180835	-0.0463947917	0.0346942175	0.0298113868	-0.04894369	-0.0064169112	0.0520108938	-0.0184436498	-0.0431950583	0.039090351	0.0245103563	-0.0508059967	-0.0002257211	0.0509138886	-0.024110485	-0.0393893764	0.0429381175	0.0188654898	-0.0519555872	0.0059686353	0.0491026536	-0.01305887	-0.0454457598	0.0180109711	-0.0481275268	-0.0312689726	-0.013310783	0.0343632993	0.0026014841	0.0551472603	-0.0229747602	0.524474077987909	-0.175750665008017	0.448081059024295	0.592443852028073
-0.250088	0.0246885	0.140544	0.000785989	0.00122992	-0.004199	-1.10000000000388e-05	0.0419317	0.028235	-0.000143917	0.00011096	0	0.08292155	-0.0127371473	-0.0461835398	0.0351986159	0.0290646136	-0.0493342563	-0.0050707869	0.0518004449	-0.0201224762	-0.0420138333	0.0405559987	0.0222893319	-0.0513964655	0.0027074549	0.0500796887	-0.0270638244	-0.0369171367	0.045018557	0.0150222601	-0.052324667	0.0104259597	0.0472539781	-0.0535814473	0.0223594566	0.0186695174	-0.0455207741	-0.0438517269	-0.0456108481	-0.0506530995	-0.044174341	0.0014455757	-0.0530815669	-0.870319585017298	-0.260790027936801	0.448081059024295	0.592443852028073
-0.256015	-0.000563462	0.141838	0.000498161	0.00123398	-0.004199	-0.00592699999999996	-0.025251962	0.00129400000000002	-0.000287828	4.05999999999996e-06	0	0.047067362	-0.0129559745	-0.0459688572	0.0356971313	0.0283092043	-0.0497019183	-0.0037212726	0.0515428613	-0.021777388	-0.0407694154	0.0419463399	0.0200182296	-0.0518495163	0.0056321357	0.0490632542	-0.0299041152	-0.0342694522	0.0468574839	0.0110886847	-0.0523431439	0.0148058821	0.045018557	0.0300054404	0.0534461447	0.0153370238	-0.0026253196	-0.0159244929	0.0656394436	0.0302095485	-0.0027723841	-0.0387087669	-0.0311445906	-0.304818131733479	-0.448390239388283	0.448081059024295	0.592443852028073
-0.256592	0.0398889	0.1123	0.000131789	0.00106025	-0.00403716	-0.000576999999999994	0.040452362	-0.029538	-0.000366372	-0.00017373	0.000161840000000001	0.105664462	-0.0131745611	-0.0457507597	0.0361896802	0.0275453833	-0.0500465054	-0.0023692706	0.0512383773	-0.0234064185	-0.0394636764	0.0432587929	0.017702152	-0.0521639377	0.0085391442	0.0478682839	-0.0326194932	-0.0314589057	0.0484450328	0.0070884207	-0.0520108938	0.0190758861	0.0424146861	0.017464292	-0.045467533	0.0288154322	-0.0116269826	-0.0944129674	-0.0536965317	0.027421332	0.0065614331	0.029564512	-0.0122428865	1.2609270148343	0.367512031702886	0.448081059024295	0.592443852028073
-0.268001	0.060815	0.145469	9.2885e-05	0.00136771	-0.004199	-0.0114090000000001	0.0209261	0.033169	-3.8904e-05	0.00030746	-0.000161840000000001	0.0909143	-0.013392903	-0.0455292636	0.0366761804	0.0267733776	-0.0503678575	-0.0010156846	0.0508872699	-0.0250076315	-0.0380985803	0.0444909208	0.0153463027	-0.0523388891	0.0114193591	0.0464991262	-0.0351986159	-0.028498854	0.049772687	0.0030455261	-0.0513301431	0.0232042715	0.0394636764	-0.0489381732	0.0611105455	-0.052763634	0.0055017273	-0.0779347838	-0.0014593988	-0.0661238255	-0.0736643498	-0.0236874519	-0.0279585402	1.1530768128179	1.00552594721819	0.448081059024295	0.592443852028073
-0.267979	0.0222402	0.131732	0.000401185	0.00123979	-0.004199	2.2000000000022e-05	-0.0385748	-0.013737	0.0003083	-0.00012792	0	0.0741448	-0.0136109962	-0.0453043854	0.0371565505	0.0259934166	-0.0506658255	0.0003385804	0.0504898588	-0.0265791242	-0.0366761804	0.0456404355	0.0129559745	-0.0523739028	0.014263743	0.0449607632	-0.0376307102	-0.0254033645	0.0508333239	-0.0010156846	-0.0503054532	0.0271603893	0.0361896802	0.0690654022	-0.0067844796	0.0231795362	0.0573399338	-0.0941552364	0.0204424317	0.0572951749	0.0155473298	-0.0458404759	0.0329276511	1.21856363639864	0.71839992732299	0.448081059024295	0.592443852028073
-0.267976	0.0789138	0.131718	0.00011828	0.00126158	-0.00394567	2.99999999997525e-06	0.0566736	-1.39999999999862e-05	-0.000282905	2.17900000000007e-05	0.00025333	0.08459185	-0.0138288366	-0.0450761418	0.0376307102	0.0252057321	-0.050940271	0.0016926191	0.0500465054	-0.0281190288	-0.0351986159	0.0467052026	0.0105365379	-0.0522688852	0.0170633708	0.0432587929	-0.0399056168	-0.0221871482	0.0516212534	-0.0050707869	-0.04894369	0.0309148693	0.0326194932	-0.0544156411	-0.0530043678	-0.0048838241	0.0655403789	-0.0393612809	-0.0790731499	0.002170244	-0.0392624697	0.0048141442	0.0720258261	1.2219360204274	-0.437244051990654	0.448081059024295	0.592443852028073
-0.268051	0.0481508	0.136189	9.55825e-06	0.00162868	-0.00391997	-7.49999999999917e-05	-0.030763	0.004471	-0.00010872175	0.000367099999999999	2.57e-05	0.0603850875	-0.0140464202	-0.0448445497	0.0380985803	0.024410558	-0.0511910666	0.0030455261	0.0495576132	-0.0296255153	-0.0336681095	0.0476832451	0.0080934286	-0.0520241169	0.0198094581	0.0413994086	-0.0420138333	-0.0188654898	0.0521322486	-0.0090953929	-0.0472539781	0.0344398384	0.0287823352	0.024480852	0.0499640413	-0.0539631785	0.0744117064	-0.0525195904	0.0571887082	-0.0163263689	-0.0129888451	-0.0472884072	0.0397209882	0.951435351894247	-0.473616090016011	-2.22840312389761	0.592443852028073
-0.268044	0.0207237	0.0943131	0.000281976	0.00157908	-0.00393002	7.00000000003476e-06	-0.0274271	-0.0418759	0.00027241775	-4.95999999999999e-05	-1.00500000000002e-05	0.0859133875	-0.014263743	-0.0446096262	0.0385600826	0.0236081307	-0.0514180959	0.0043963972	0.049023627	-0.0310967934	-0.0320869629	0.0485727468	0.0056321357	-0.0516402525	0.0224933884	0.0393893764	-0.0439465533	-0.015454175	0.0523635681	-0.0130652981	-0.0452476394	0.0377091275	0.024709611	-0.0134001633	-0.0499437027	-0.0068007075	0.048615069	-0.0851011865	-0.018455647	0.0405845783	-0.0140883118	0.0404419964	0.0253491941	0.784660727961804	-0.279968074965322	-2.22840312389761	0.592443852028073
-0.267984	0.0707588	0.114119	1.33467e-05	0.00110679	-0.0040166	6.00000000000045e-05	0.0500351	0.0198059	-0.0002686293	-0.00047229	-8.65799999999993e-05	0.111275965	-0.0144808008	-0.044371389	0.03901514	0.0227986886	-0.0516212534	0.0057443291	0.0484450328	-0.0325311144	-0.0304575546	0.0493720561	0.003158189	-0.0511183183	0.0251067401	0.0372360105	-0.0456957037	-0.011969416	0.0523139709	-0.0169566271	-0.0429381175	0.0406984653	0.0204346535	-0.0115013624	0.0261352153	-0.0223152626	0.0584750016	-0.0673296345	-0.0468753929	-0.0430939933	-0.0210915724	-0.0405412797	0.0207519441	1.16800603958453	0.031291928998966	-2.22840312389761	0.592443852028073
-0.268048	-0.00313602	0.146552	0.00026144	0.00146608	-0.00419661	-6.40000000000085e-05	-0.07389482	0.032433	0.0002480933	0.00035929	-0.00018001	0.145761485	-0.0146975897	-0.0441298556	0.0394636764	0.0219824722	-0.0518004449	0.0070884207	0.0478223571	-0.0339267737	-0.0287823352	0.0500796887	0.0006771467	-0.0504597097	0.0276413132	0.0349471469	-0.0472539781	-0.0084277735	0.0519837232	-0.0207459769	-0.0403408874	0.0433856593	0.0159924506	0.0091969697	0.000552492	-0.0592928284	0.0314848048	-0.0832342123	0.0533032661	-0.0060082367	-0.0185645443	0.0466397181	0.0188923825	0.889202402071699	-0.14421549630303	-2.22840312389761	0.592443852028073
-0.268015	0.0399547	0.103076	-2.8292e-05	0.00134854	-0.00402266	3.30000000000052e-05	0.04309072	-0.043476	-0.000289732	-0.00011754	0.00017395	0.11566082	-0.0149141057	-0.043885044	0.0399056168	0.0211597241	-0.0519555872	0.0084277735	0.0471561663	-0.0352821126	-0.0270638244	0.0506943307	-0.001805417	-0.0496661877	0.0300891549	0.0325311144	-0.0486148674	-0.0048460789	0.0513745965	-0.024410558	-0.0374733519	0.0457507597	0.0114193591	-0.0158054851	0.0306697204	0.0368830514	0.0649125676	-0.1142776415	-0.0461098832	0.0330089553	-0.0516051695	-0.0396435416	0.0023951384	0.989194397182653	-0.063258863034198	-2.22840312389761	0.592443852028073
-0.268012	0.0550361	0.132541	-0.000186884	0.00131498	-0.00414713	3.00000000003076e-06	0.0150814	0.029465	-0.000158592	-3.35599999999995e-05	-0.00012447	0.0603805	-0.0151303447	-0.0436369724	0.0403408874	0.0203306886	-0.0520866082	0.0097614921	0.0464470668	-0.0365955205	-0.025304607	0.0512148408	-0.0042839244	-0.048739874	0.0324425845	0.0299967047	-0.049772687	-0.0012413539	0.0504898588	-0.0279283311	-0.0343547251	0.0477762082	0.006752807	0.0118796868	-0.0113418129	-0.0711553676	0.0530175982	-0.0772283564	-0.0209008903	-0.0693660072	0.0162270416	0.0017990503	0.044981394	0.756420706452931	0.311206166240593	0.448081059024295	0.592443852028073
-0.268044	-4.7635e-05	0.0973929	0.000135577	0.00146596	-0.00416408	-3.2000000000032e-05	-0.055083735	-0.0351481	0.000322461	0.00015098	-1.695e-05	0.114783385	-0.0153463027	-0.0433856593	0.0407694154	0.0194956122	-0.0521934471	0.0110886847	0.0456957037	-0.0378654364	-0.0235073292	0.0516402525	-0.006752807	-0.0476832451	0.0346942175	0.0273531403	-0.0507226006	0.0023692706	0.0493342563	-0.03127814	-0.0310059033	0.0494469678	0.0020309873	-0.0040573366	0.0377826233	-0.00927382	0.0383752631	-0.1009503811	0.0454981039	0.0196671403	-0.0302580219	-0.0056883108	0.005573504	1.17861229052862	0.683045337234111	0.448081059024295	0.592443852028073
-0.316082	0.0752685	0.10145	-0.000388688	0.000845451	-0.00481132	-0.048038	0.075316135	0.00405710000000001	-0.000524265	-0.000620509	-0.00064724	0.217011935	-0.0155619757	-0.0431311232	0.0411911291	0.018654743	-0.0522760543	0.0124084642	0.0449027607	-0.039090351	-0.021674694	0.0519697758	-0.009206518	-0.0464991262	0.0368369888	0.0246100408	-0.0514606403	0.0059686353	0.0479139886	-0.0344398384	-0.0274493255	0.050750635	-0.0027074549	-0.0014225839	-0.0352642836	-0.006558806	0.0523572994	-0.0398327988	-0.0283443018	0.0335914971	0.0137578109	0.0264783695	0.028559512	0.776922983260797	0.526578191901416	0.448081059024295	0.592443852028073
-0.240363	-0.0626863	0.0652242	-0.000722502	0.000694321	-0.0047156	0.075719	-0.1379548	-0.0362258	-0.000333814	-0.00015113	9.57199999999997e-05	0.2789328	-0.0157773596	-0.0428733831	0.0416059582	0.0178083308	-0.0523343914	0.0137199483	0.0440689593	-0.0402688086	-0.0198094581	0.0522027989	-0.0116395445	-0.0451906832	0.0388641751	0.021777388	-0.0519837232	0.0095396348	0.046236675	-0.0373944116	-0.0237088227	0.0516775313	-0.0074237382	-0.0318645863	0.0336211838	-0.0148803451	0.0268971698	-0.0599796738	-0.0233759873	-0.0218550137	-0.0301199323	-0.0029547129	0.0351046549	0.576388826535769	0.702830323535627	0.448081059024295	0.592443852028073
-0.197696	-0.0500952	-0.0190769	-0.000998293	0.0015058	-0.00410607	0.042667	0.0125911	-0.0843011	-0.000275791	0.000811479	0.00060953	0.2243992	-0.0159924506	-0.0426124582	0.0420138333	0.0169566271	-0.0523684314	0.0150222601	0.0431950583	-0.0413994086	-0.0179144269	0.0523388891	-0.0140464202	-0.0437614146	0.0407694154	0.0188654898	-0.0522896643	0.0130652981	0.044311314	-0.0401240904	-0.0198094581	0.0522207755	-0.0120792627	0.0075151206	-0.0257695672	-0.0042312849	0.0591200953	0.1325379976	-0.021567214	3.48322e-05	0.031632604	-0.0326802906	0.0495010566	1.1803230211402	1.67913757924955	-2.22840312389761	0.592443852028073
-0.216612	-0.151825	0.033157	-0.00156937	0.00144083	-0.00433611	-0.018916	-0.1017298	0.0522339	-0.000571077	-6.49700000000001e-05	-0.00023004	0.21618405	-0.0162072446	-0.0423483678	0.0424146861	0.016099885	-0.0523781585	0.016314529	0.0422818529	-0.0424808075	-0.0159924506	0.0523777937	-0.0164217376	-0.0422151417	0.0425467316	0.015884942	-0.0523771858	0.01652887	0.0421482344	-0.0426124582	-0.0157773596	0.0523763346	-0.0166359256	-0.0028467042	0.0144960996	-0.0376547264	0.0206337372	0.0332820745	-0.0011468763	-0.0022541534	-0.0240804033	0.0064412582	0.0869042625	0.91506413158609	2.3195711415033	0.448081059024295	0.592443852028073
-0.211376	-0.0234391	-0.0705026	-0.00189663	0.00185336	-0.0041307	0.00523599999999999	0.1283859	-0.1036596	-0.00032726	0.00041253	0.00020541	0.2845415	-0.0164217376	-0.0420811315	0.0428084497	0.015238359	-0.0523635681	0.0175958911	0.0413301739	-0.0435117199	-0.0140464202	0.0523194405	-0.0187601599	-0.0405559987	0.044190547	0.0128465907	-0.0522459219	0.0199138901	0.0397590408	-0.0448445497	-0.0116395445	0.0521430537	-0.0210564335	0.0091704774	-0.0558807004	0.0278592486	0.0556141081	0.1734560111	-0.0038809775	0.0412374023	0.012242504	-0.0296586572	0.0622780689	0.408581908434773	2.42730729572218	0.448081059024295	0.592443852028073
-0.203044	-0.0579231	-0.0155848	-0.00191565	0.00156774	-0.00375283	0.00833200000000001	-0.034484	0.0549178	-1.902e-05	-0.00028562	0.000377869999999999	0.1318593	-0.0166359256	-0.0418107693	0.0431950583	0.0143723053	-0.052324667	0.0188654898	0.0403408874	-0.0444909208	-0.0120792627	0.0521639377	-0.0210564335	-0.0387884217	0.0456957037	0.0097614921	-0.051896421	0.0232042715	0.0371565505	-0.0468069407	-0.0074237382	0.0515226647	-0.025304607	-0.0078083199	-0.0068705137	-0.0614941923	-0.0182658465	0.0682332357	0.0195183396	-0.0368065494	-0.006523423	-0.0033955312	0.0384255527	1.01068044866006	2.4578458066485	0.448081059024295	0.592443852028073
-0.196282	-0.00239009	-0.0196004	-0.00215523	0.00156774	-0.00357422	0.00676200000000002	0.05553301	-0.0040156	-0.00023958	0	0.00017861	0.08722011	-0.0168498047	-0.0415373011	0.0435744473	0.0135019809	-0.0522614734	0.0201224762	0.0393148935	-0.0454172463	-0.0100939368	0.0519115742	-0.0233053991	-0.0369171367	0.0470574788	0.0066408724	-0.0513301431	0.0263843771	0.0343547251	-0.0484878293	-0.003158189	0.0505197734	-0.0293456776	0.0086760555	-0.0142156357	0.0596798509	0.0318228545	0.0743405857	-0.0098141999	0.0596435235	0.0072268352	-0.007701525	0.0155634569	-0.037801665154959	0.660344984288681	-2.22840312389761	0.592443852028073
-0.191301	0.00456579	0.029256	-0.00254321	0.00156774	-0.00363677	0.00498099999999999	0.00695588	0.0488564	-0.00038798	0	-6.25500000000002e-05	0.08331978	-0.0170633708	-0.0412607473	0.0439465533	0.0126276447	-0.0521740164	0.0213660101	0.0382531258	-0.0462895956	-0.0080934286	0.0515628185	-0.0255020041	-0.0349471469	0.0482715996	0.0034960873	-0.0505494535	0.0294390937	0.0313685957	-0.0498771065	0.0011285219	0.0491418251	-0.0331465714	0.0013531689	-0.0088232539	-0.0700723969	-0.049342882	0.0755652736	-0.0126725824	-0.0725624067	0.0337361561	0.0474390236	-0.0075201806	0.178037605030163	-0.516042254681272	-2.22840312389761	0.592443852028073
-0.191133	-0.00952008	0.0291497	-0.00255093	0.00156774	-0.00377854	0.000168000000000001	-0.01408587	-0.0001063	-7.71999999999969e-06	0	-0.00014177	0.02183467	-0.01727662	-0.0409811285	0.044311314	0.0117495564	-0.0520623368	0.0225952602	0.0371565505	-0.0471069319	-0.0060807472	0.0511183183	-0.0276413132	-0.0328837193	0.0493342563	0.0003385804	-0.0495576132	0.032353904	0.028214182	-0.0509664168	0.005407671	0.0473990497	-0.0366761804	0.0056694816	0.0388547927	0.0466263226	-0.0425052423	0.0526619468	0.0489363742	0.0311386193	-0.007752999	0.0031842891	-0.0410257979	0.399197010396752	1.92542978624647	0.448081059024295	0.592443852028073
-0.175934	0.0268642	0.0192191	-0.00272916	0.00156774	-0.00373085	0.015199	0.03638428	-0.0099306	-0.00017823	0	4.769e-05	0.07280988	-0.0174895484	-0.0406984653	0.0446686685	0.0108679768	-0.0519264863	0.0238094045	0.0360261653	-0.0478682839	-0.0040589197	0.0505788988	-0.0297185201	-0.030732371	0.0502421146	-0.0028201586	-0.0483587652	0.0351149558	0.0249084068	-0.0517492091	0.0096505858	0.0453043854	-0.0399056168	-0.0065016359	-0.030141092	0.0182464925	-0.0410317602	0.0833609388	-0.0429369906	0.0115081836	0.0214908127	0.0182113945	-0.0352592778	0.338432751386131	1.06529827090788	0.448081059024295	0.592443852028073
-0.16263	-0.0114858	0.0755586	-0.00272451	0.00129645	-0.00369966	0.013304	-0.03835	0.0563395	4.65000000000014e-06	-0.000271289999999999	3.119e-05	0.12335	-0.017702152	-0.0404127789	0.045018557	0.009983168	-0.051766528	0.0250076315	0.0348629988	-0.0485727468	-0.0020309873	0.0499455618	-0.0317289578	-0.028498854	0.050992326	-0.0059686353	-0.0469579174	0.0377091275	0.0214690046	-0.0522207755	0.0138288366	0.0428733831	-0.0428084497	-0.0230608562	0.0545028318	-0.0289886438	-0.0240719797	-0.0001103751	0.0193939776	-0.0585301029	-0.0389761863	-0.0263082188	-0.0382091446	-0.424157695345447	0.071018667615091	0.448081059024295	0.592443852028073
-0.161038	-0.0388198	0.103278	-0.00259318	0.00115567	-0.00371528	0.00159199999999998	-0.027334	0.0277194	0.00013133	-0.000140780000000001	-1.562e-05	0.0710319	-0.0179144269	-0.0401240904	0.0453609212	0.0090953929	-0.0515825363	0.02618914	0.0336681095	-0.0492194833	0	0.0492194833	-0.0336681095	-0.02618914	0.0515825363	-0.0090953929	-0.0453609212	0.0401240904	0.0179144269	-0.0523782801	0.0179144269	0.0401240904	-0.0453609212	0.0627213899	0.0034695555	0.0195293352	-0.012915035	-0.0109160715	0.0328089301	0.0241944588	0.0518694618	-0.0201427301	-0.0348338466	-0.106389553956784	0.229546181271254	0.448081059024295	0.592443852028073
-0.167436	-0.0146606	0.0672969	-0.00283508	0.00156774	-0.00377044	-0.00639799999999999	0.0241592	-0.0359811	-0.0002419	0.00041207	-5.51599999999999e-05	0.1019948	-0.018126369	-0.0398324213	0.0456957037	0.0082049152	-0.0513745965	0.0273531403	0.0324425845	-0.0498077248	0.0020309873	0.0484020114	-0.0355316183	-0.0238094045	0.0520108938	-0.0121890533	-0.0435744473	0.0423483678	0.014263743	-0.0522207755	0.0218799809	0.0370769179	-0.0475421407	-0.0416517861	-0.0433931516	0.0583912327	-0.0133706356	0.0148015988	-0.0473470686	0.0131779804	-0.009690737	0.0127800458	-0.0044732977	-0.949681312228174	0.234528444210701	0.448081059024295	0.592443852028073
-0.174428	-0.0154532	0.100616	-0.00294931	0.00136474	-0.00371879	-0.006992	-0.000792600000000001	0.0333191	-0.00011423	-0.000203	5.16499999999999e-05	0.0595477	-0.0183379745	-0.0395377932	0.0460228486	0.0073119995	-0.0511428052	0.028498854	0.0311875391	-0.0503367722	0.0040589197	0.0474946641	-0.0373152977	-0.0213660101	0.0522760543	-0.015238359	-0.0416059582	0.044371389	0.0105365379	-0.0517492091	0.0256989275	0.0337544877	-0.0493342563	0.0289170051	0.0499316309	-0.0247379686	-0.0059285488	0.0426041336	0.0219800725	-0.0603118654	0.0072005773	-0.0631629862	-0.0043495205	-0.077883511746453	0.186805133070391	0.448081059024295	0.592443852028073
-0.182178	-0.0568997	0.0864489	-0.00257278	0.0013509	-0.00381	-0.00775000000000001	-0.0414465	-0.0141671	0.00037653	-1.384e-05	-9.121e-05	0.0874426	-0.0185492395	-0.0392402281	0.0463423012	0.0064169112	-0.0508872699	0.0296255153	0.0299041152	-0.0508059967	0.0060807472	0.0464991262	-0.03901514	-0.0188654898	0.0523771858	-0.0182322141	-0.0394636764	0.0461835398	0.006752807	-0.0509664168	0.0293456776	0.0301814655	-0.0507226006	0.0117901838	-0.0547103325	0.0144475681	-0.0225769516	-0.0526955202	0.0181513305	0.0260690832	0.0150880206	0.0505339744	0.002304547	-2.04378151478013	0.25104474402747	0.448081059024295	0.592443852028073
-0.160682	0.0116494	0.0993686	-0.00265953	0.00127284	-0.00376292	0.021496	0.0685491	0.0129197	-8.67499999999996e-05	-7.806e-05	4.70800000000001e-05	0.1135593	-0.0187601599	-0.0389397479	0.0466540082	0.0055199161	-0.0506081094	0.030732371	0.0285934806	-0.0512148408	0.0080934286	0.0454172463	-0.0406273263	-0.016314529	0.0523139709	-0.0211597241	-0.0371565505	0.0477762082	0.0029328492	-0.0498771065	0.0327957961	0.0263843771	-0.0516958108	-0.0670832829	-0.0018203924	0.0197762041	0.0048789181	-0.013495657	-0.0558331565	-0.030768012	-0.0419868357	-0.0064567927	-0.0032924703	-1.90278552374883	0.240525755573746	0.448081059024295	0.592443852028073
-0.173894	-0.049813	0.0989924	-0.00240387	0.00113366	-0.00389343	-0.013212	-0.0614624	-0.000376200000000007	0.00025566	-0.00013918	-0.00013051	0.1013181	-0.018970732	-0.0386363752	0.0469579174	0.004621281	-0.0503054532	0.0318186811	0.027256828	-0.0515628185	0.0100939368	0.0442510332	-0.0421482344	-0.0137199483	0.0520866082	-0.0240102362	-0.0346942175	0.0491418251	-0.0009028426	-0.0484878293	0.0360261653	0.0223914121	-0.0522459219	0.0474374108	0.0283360285	0.0170876948	-0.0064143958	0.0235911837	0.0768522515	0.018559783	0.0469656595	-0.0144957963	-0.006651141	-1.6210595623877	0.589511649423417	0.448081059024295	0.592443852028073
-0.174132	0.0184872	0.0715796	-0.00297079	0.00126244	-0.00394596	-0.000237999999999988	0.0683002	-0.0274128	-0.00056692	0.00012878	-5.25300000000003e-05	0.1333625	-0.0191809517	-0.0383301323	0.0472539781	0.0037212726	-0.0499794418	0.0328837193	0.0258953737	-0.0518495163	0.0120792627	0.0430026525	-0.0435744473	-0.0110886847	0.0516958108	-0.0267733776	-0.0320869629	0.0502739006	-0.0047336909	-0.0468069407	0.03901514	0.0182322141	-0.0523684314	-0.0008994597	-0.0321982326	0.039957774	-0.0601859322	-0.0125567163	-0.0481229591	0.0167699457	0.0175039616	0.0495709849	-0.0433819307	-1.46699063369837	0.372423567378908	0.448081059024295	0.592443852028073
-0.169427	0.00314319	0.0868711	-0.00289688	0.00156774	-0.00394363	0.00470499999999999	-0.01534401	0.0152915	7.39099999999999e-05	0.000305299999999999	2.33000000000004e-06	0.05441751	-0.0193908153	-0.0380210421	0.0475421407	0.0028201586	-0.0496302266	0.0339267737	0.0245103563	-0.0520745933	0.0140464202	0.0416744222	-0.0449027607	-0.0084277735	0.0511428052	-0.0294390937	-0.0293456776	0.0511670547	-0.0085391442	-0.0448445497	0.0417426926	0.0139376608	-0.0520623368	-0.0173824688	0.068636909	-0.0207839377	-0.0561247358	0.0013256743	0.027753214	-0.0645806845	-0.0295947877	-0.0235315643	-0.0425355456	0.814739471174465	0.636850736294033	0.448081059024295	0.592443852028073
-0.158955	-0.0110281	0.0535266	-0.00291639	0.00136295	-0.00375015	0.010472	-0.01417129	-0.0333445	-1.95099999999999e-05	-0.00020479	0.00019348	0.07887679	-0.0196003187	-0.0377091275	0.0478223571	0.0019182066	-0.0492579697	0.0349471469	0.0231030362	-0.0522377823	0.0159924506	0.0402688086	-0.0461301902	-0.0057443291	0.0504293264	-0.0319976841	-0.0264818121	0.0518170426	-0.0122987873	-0.0426124582	0.044190547	0.0095396348	-0.0513301431	0.0579839635	-0.0274945767	0.0376571046	0.024562887	-0.0084185306	-0.0065142639	0.0579220417	0.0241812504	-0.047597592	0.0291891758	-0.540970898836649	1.57639224709742	0.448081059024295	0.592443852028073
-0.196262	0.0166696	0.055526	-0.00263827	0.00156774	-0.0037953	-0.037307	0.0276977	0.0019994	0.00027812	0.00020479	-4.51500000000003e-05	0.0934071	-0.0198094581	-0.0373944116	0.0480945804	0.0010156846	-0.048862844	0.0359441567	0.021674694	-0.0523388891	0.0179144269	0.0387884217	-0.0472539781	-0.0030455261	0.0495576132	-0.0344398384	-0.0235073292	0.0522207755	-0.0159924506	-0.0401240904	0.0463423012	0.0050707869	-0.050177843	-0.0306665256	-0.0493572794	-0.0646472309	0.0050816978	0.0278140032	-0.0143931502	-0.0401436667	0.0015741248	0.0512841452	0.0609309149	0.380246521014057	0.971952147182355	0.448081059024295	0.592443852028073
-0.200995	-0.0209716	0.0535417	-0.00262577	0.00142606	-0.00398444	-0.00473300000000001	-0.0376412	-0.00198430000000001	1.24999999999999e-05	-0.00014168	-0.00018914	0.0615245	-0.0200182296	-0.0370769179	0.0483587652	0.0001128608	-0.0484450328	0.0369171367	0.0202266294	-0.0523777937	0.0198094581	0.0372360105	-0.0482715996	-0.0003385804	0.0485304007	-0.0367566699	-0.0204346535	0.0523763346	-0.0196003187	-0.0373944116	0.0481835374	0.0005642937	-0.0486148674	-0.003778171	0.0585408065	0.0386494521	0.0005179638	0.0130084115	0.0483283618	0.0450228775	-0.0250864944	-0.0164291473	-0.0310692433	1.17494293370421	1.05587524115503	0.448081059024295	0.592443852028073
-0.196249	0.0439406	0.0432699	-0.00284017	0.00156774	-0.00381657	0.004746	0.0649122	-0.0102718	-0.0002144	0.00014168	0.00016787	0.1061275	-0.0202266294	-0.0367566699	0.0486148674	-0.0007899965	-0.0480047303	0.0378654364	0.0187601599	-0.0523544498	0.021674694	0.0356144575	-0.0491807684	0.0023692706	0.0473509122	-0.0389397479	-0.01727662	0.0522829807	-0.0231030362	-0.0344398384	0.0497019183	-0.0039463888	-0.0466540082	0.035682165	-0.0472219251	0.0023867621	-0.0270917382	-0.003826193	-0.0231731075	-0.0178984794	0.059360918	0.0161199979	0.013758539	0.545750157150646	0.314031274883272	0.448081059024295	-1.68540061352814
-0.196249	-0.0258104	0.0535775	-0.0025768	0.00156774	-0.00408067	0	-0.069751	0.0103076	0.00026337	0	-0.0002641	0.1064321	-0.0204346535	-0.0364336915	0.048862844	-0.0016926191	-0.0475421407	0.0387884217	0.01727662	-0.0522688852	0.0235073292	0.0339267737	-0.0499794418	0.0050707869	0.0460228486	-0.0409811285	-0.0140464202	0.0519411573	-0.0264818121	-0.03127814	0.0508872699	-0.0084277735	-0.044311314	-0.0654977159	-0.003500805	0.0304914744	-0.0305209373	0.0106004874	0.0097221688	0.0070116875	-0.0323782756	0.0316976693	-0.0383720518	0.61340557925889	0.569626775940332	0.448081059024295	-1.68540061352814
-0.19626	0.0473186	0.0364356	-0.00180581	0.00178297	-0.00382037	-1.09999999999832e-05	0.073129	-0.0171419	0.00077099	0.00021523	0.0002603	0.1526079	-0.0206422981	-0.0361080066	0.0491026536	-0.0025947387	-0.0470574788	0.0396854757	0.0157773596	-0.0521212014	0.025304607	0.0321760928	-0.0506658255	0.0077587455	0.0445503769	-0.0428733831	-0.010757547	0.051352489	-0.0297185201	-0.0279283311	0.0517316498	-0.0128465907	-0.0416059582	0.0440044889	0.0024629564	0.0167245193	-0.0294952724	0.0571180937	-0.003072254	0.0138889588	0.077366055	-0.007330236	-0.033361196	0.436019685123841	0.331697748124623	0.448081059024295	0.592443852028073
-0.209101	-0.024635	0.0330484	-0.00202159	0.00199049	-0.00394336	-0.012841	-0.0719536	-0.00338719999999999	-0.00021578	0.00020752	-0.00012299	0.1154963	-0.0208495594	-0.0357796393	0.0493342563	-0.0034960873	-0.0465509697	0.0405559987	0.014263743	-0.0519115742	0.0270638244	0.0303656657	-0.0512383773	0.0104259597	0.0429381175	-0.0446096262	-0.0074237382	0.0505197734	-0.0327957961	-0.024410558	0.0522294002	-0.0171700353	-0.0385600826	-0.03738739	-0.0245282091	-0.0084072452	-0.049791891	0.0329143194	0.0240524706	0.0067752536	-0.0147441839	0.063855602	-0.0135047017	0.732313765485998	0.025448535362374	0.448081059024295	0.592443852028073
-0.2133	0.0608406	0.0478219	-0.00165449	0.00196634	-0.00413071	-0.00419899999999998	0.0854756	0.0147735	0.0003671	-2.41500000000001e-05	-0.00018735	0.1333781	-0.0210564335	-0.0354486142	0.0495576132	-0.0043963972	-0.0460228486	0.0413994086	0.0127371473	-0.0516402525	0.0287823352	0.028498854	-0.0516958108	0.0130652981	0.0411911291	-0.0461835398	-0.0040589197	0.0494469678	-0.0356971313	-0.0207459769	0.0523771858	-0.0213660101	-0.0351986159	0.0085918593	0.0468541316	0.0186269224	0.0077024998	0.0058893971	-0.0112976487	0.0040626937	-0.0067298406	-0.0459320649	-0.034301704	-0.277314825835982	1.46111707373766	0.448081059024295	0.592443852028073
-0.225374	-0.0158243	0.0335696	-0.00137006	0.0017486	-0.00413071	-0.012074	-0.0766649	-0.0142523	0.00028443	-0.000217740000000001	0	0.1280997	-0.0212629165	-0.0351149558	0.049772687	-0.0052954007	-0.0454733605	0.0422151417	0.0111989617	-0.0513075588	0.0304575546	0.0265791242	-0.0520370985	0.015669704	0.0393148935	-0.0475893965	-0.0006771467	0.0481391707	-0.0384069609	-0.0169566271	0.0521740164	-0.0254033645	-0.0315490697	0.0360091656	-0.021116696	-0.0230863275	-0.0330580466	-0.04954746	0.0334273106	-0.0041687837	0.0185810109	0.0374571878	-0.0215832832	0.751448573195385	0.489790617908834	0.448081059024295	0.592443852028073
-0.230706	0.0663535	0.0229905	-0.00135407	0.00197749	-0.00385802	-0.005332	0.0821778	-0.0105791	1.599e-05	0.000228890000000001	0.00027269	0.1239674	-0.0214690046	-0.0347786889	0.0499794418	-0.0061928308	-0.0449027607	0.0430026525	0.0096505858	-0.0509138886	0.0320869629	0.0246100408	-0.0522614734	0.0182322141	0.0373152977	-0.0488220806	0.0027074549	0.0466025972	-0.0409107473	-0.0130652981	0.0516212534	-0.0292521253	-0.0276413132	-0.042213339	0.0040487729	0.0372160507	0.0081052201	-0.0448695484	-0.0443290719	-0.0012053878	-0.0444097557	-0.0064270797	-0.0407080474	0.792885340739063	1.31667490302343	0.448081059024295	0.592443852028073
-0.230714	-0.00848196	0.0536691	-0.00165492	0.00177485	-0.00413071	-7.99999999998025e-06	-0.07483546	0.0306786	-0.00030085	-0.00020264	-0.00027269	0.14433106	-0.021674694	-0.0344398384	0.050177843	-0.0070884207	-0.044311314	0.0437614146	0.0080934286	-0.0504597097	0.0336681095	0.0225952602	-0.0523684314	0.0207459769	0.0351986159	-0.0498771065	0.0060807472	0.0448445497	-0.0431950583	-0.0090953929	0.0507226006	-0.0328837193	-0.0235073292	0.0448751182	0.0280089998	-0.0420274342	-0.0029655555	-0.0096793854	0.0649989554	-0.0167501189	0.0246958707	-0.0367052321	-0.0008506415	0.233812721073815	1.21938892182295	0.448081059024295	0.592443852028073
-0.230711	0.0309813	0.01731	-0.00140906	0.00195116	-0.00363851	2.99999999997525e-06	0.03946326	-0.0363591	0.00024586	0.00017631	0.0004922	0.12154386	-0.0218799809	-0.0340984296	0.0503678575	-0.0079819045	-0.043699295	0.0444909208	0.0065289069	-0.0499455618	0.0351986159	0.0205385235	-0.0523577323	0.0232042715	0.0329714899	-0.050750635	0.0094286395	0.0428733831	-0.0452476394	-0.0050707869	0.0494840794	-0.0362711858	-0.0191809517	-0.0391908385	-0.051891823	0.0455785414	0.0185988048	-0.029812204	-0.0303768563	0.0602653887	-0.0327115886	0.0254228565	0.0279748352	0.342933353190674	0.440200101825951	0.448081059024295	0.592443852028073
-0.21065	0.0749479	0.0174048	-0.00187187	0.00168157	-0.00356307	0.020061	0.0439666	9.48000000000025e-05	-0.00046281	-0.00026959	7.544e-05	0.1045144	-0.0220848615	-0.0337544877	0.0505494535	-0.0088730165	-0.0430669878	0.0451906832	0.0049584444	-0.0493720561	0.0366761804	0.0184436498	-0.0522294002	0.0256005252	0.0306409077	-0.0514394875	0.0127371473	0.0406984653	-0.0470574788	-0.0010156846	0.0479139886	-0.0393893764	-0.0146975897	0.010262998	0.0319630787	-0.0316144191	0.0577296871	0.0477920906	-0.0028370654	-0.0238445941	0.0043452693	-0.0507170946	0.0255117047	0.219544084497704	1.1880111352222	0.448081059024295	0.592443852028073
-0.224182	0.00533316	0.0369674	-0.00109074	0.00223436	-0.00347064	-0.013532	-0.06961474	0.0195626	0.00078113	0.00055279	9.24300000000001e-05	0.17402684	-0.0222893319	-0.0334080384	0.0507226006	-0.0097614921	-0.0424146861	0.0458602343	0.0033834701	-0.048739874	0.0380985803	0.016314529	-0.0519837232	0.0279283311	0.028214182	-0.0519411573	0.0159924506	0.0383301323	-0.0486148674	0.0030455261	0.0460228486	-0.0422151417	-0.0100939368	0.0385530813	-0.0214756539	-0.0274600871	-0.004272732	-0.0879015948	0.0363764471	0.0029485582	0.021832605	0.0412395355	0.0310038751	0.881152069104095	1.79680157663205	0.448081059024295	0.592443852028073
-0.220913	0.0455213	0.0138394	-0.00141386	0.00178466	-0.00382147	0.00326900000000002	0.04018814	-0.023128	-0.00032312	-0.0004497	-0.00035083	0.12276764	-0.0224933884	-0.0330591074	0.0508872699	-0.0106470671	-0.0417426926	0.0464991262	0.001805417	-0.0480497669	0.0394636764	0.0141551145	-0.0516212534	0.0301814655	0.0256989275	-0.0522538189	0.0191809517	0.0357796393	-0.04991145	0.0070884207	0.043823331	-0.0447275033	-0.005407671	-0.0478221705	0.0141225643	0.042147852	0.0237417299	-0.0313690536	-0.0286549116	0.0247162854	-0.0535289505	-0.020435409	-0.0127128375	-2.1262066627732	1.68327190103049	-2.22840312389761	-1.68540061352814
-0.221092	0.051679	0.0603493	-0.00145596	0.00182889	-0.00374811	-0.000179000000000012	0.0061577	0.0465099	-4.21e-05	4.42299999999999e-05	7.33600000000002e-05	0.0608311	-0.0226970271	-0.0327077205	0.051043434	-0.0115294786	-0.0410513194	0.0471069319	0.0002257211	-0.047302555	0.0407694154	0.011969416	-0.0511428052	0.032353904	0.0231030362	-0.0523763346	0.0222893319	0.0330591074	-0.050940271	0.0110886847	0.0413301739	-0.0469078096	-0.0006771467	0.0548964937	-0.0006667806	-0.0427637516	0.0029792566	-0.0358518442	0.0073271327	-0.0493854442	0.045919858	-0.032841018	0.0111172695	-0.26733988607439	0.05053113377414	-2.22840312389761	-1.68540061352814
-0.219933	-0.0149401	0.0345385	-0.00131181	0.0021707	-0.00374437	0.00115900000000002	-0.0666191	-0.0258108	0.00014415	0.00034181	3.73999999999991e-06	0.1180739	-0.0229002443	-0.032353904	0.0511910666	-0.0124084642	-0.0403408874	0.0476832451	-0.0013541801	-0.0464991262	0.0420138333	0.0097614921	-0.0505494535	0.0344398384	0.0204346535	-0.0523082586	0.025304607	0.0301814655	-0.0516958108	0.0150222601	0.0385600826	-0.048739874	0.0040589197	-0.0527413192	-0.0471997767	0.0009961186	0.0194729445	-0.0255178023	0.0248889787	0.0430967404	-0.0492693492	0.0602267747	0.0352549666	-0.432593953523552	-0.362120328432681	-2.22840312389761	-1.68540061352814
-0.194524	0.0780719	0.0248798	-0.00184911	0.00156774	-0.00336641	0.025409	0.093012	-0.0096587	-0.0005373	-0.00060296	0.00037796	0.2039907	-0.0231030362	-0.0319976841	0.0513301431	-0.0132837629	-0.0396117264	0.0482276804	-0.0029328492	-0.0456404355	0.0431950583	0.0075354425	-0.0498425313	0.0364336915	0.017702152	-0.0520498384	0.028214182	0.0271603893	-0.0521740164	0.0188654898	0.0355316183	-0.0502100954	0.0087617663	0.0141398981	0.0195218067	0.0110696012	0.0323895537	0.0237961631	-0.0307362803	0.0015950454	0.0284489298	-0.039692254	-0.0025923773	-0.095718052651961	-1.08218644032232	-2.22840312389761	-1.68540061352814
-0.211951	-0.00553465	0.0546572	-0.00144248	0.00191173	-0.00345023	-0.017427	-0.08360655	0.0297774	0.00040663	0.00034399	-8.38200000000001e-05	0.17253295	-0.0233053991	-0.0316390872	0.0514606403	-0.0141551145	-0.0388641751	0.048739874	-0.0045088495	-0.0447275033	0.044311314	0.0052954007	-0.049023627	0.0383301323	0.0149141057	-0.0516020147	0.0310059033	0.0240102362	-0.0523723222	0.0225952602	0.0322650733	-0.0513075588	0.013392903	0.0038508805	-0.0321643328	-0.0565815419	-0.017817855	-0.0525270623	0.0534348722	-0.0225991144	-0.0017276978	0.0763437098	0.0147830263	0.75952456015097	-1.25308934437868	-2.22840312389761	-1.68540061352814
-0.204787	0.0422306	0.0247247	-0.00141516	0.00156774	-0.0036551	0.00716400000000003	0.04776525	-0.0299325	2.73200000000002e-05	-0.00034399	-0.00020487	0.11367075	-0.0235073292	-0.03127814	0.0515825363	-0.0150222601	-0.0380985803	0.0492194833	-0.0060807472	-0.0437614146	0.0453609212	0.0030455261	-0.0480945804	0.0401240904	0.0120792627	-0.0509664168	0.0336681095	0.0207459769	-0.0522896643	0.02618914	0.0287823352	-0.0520241169	0.0179144269	-0.0311593925	0.023373247	0.0438385065	0.0118954702	-0.0479502763	-0.0542344946	0.0104554044	-0.022900141	-0.0014043101	-0.0191932946	-0.401149414298583	-0.801619409765078	-2.22840312389761	-1.68540061352814
-0.199034	-0.000359112	0.0445649	-0.00215979	0.00181172	-0.00334499	0.00575300000000001	-0.042589712	0.0198402	-0.00074463	0.00024398	0.00031011	0.133118912	-0.0237088227	-0.0309148693	0.0516958108	-0.015884942	-0.0373152977	0.0496661877	-0.0076471118	-0.0427433176	0.0463423012	0.0007899965	-0.0470574788	0.0418107693	0.009206518	-0.0501453577	0.0361896802	0.0173831246	-0.0519264863	0.0296255153	0.0251067401	-0.0523544498	0.0222893319	0.0262283692	-0.0053437373	-0.0297578426	-0.0282607862	0.0244349084	-0.0002696667	-0.0390833875	0.0473067476	0.0244472116	-0.041680953	0.403582169255378	-0.650509071876863	-2.22840312389761	-1.68540061352814
-0.190604	-0.00233604	-0.0146707	-0.00298037	0.00225536	-0.00310747	0.00842999999999999	-0.001976928	-0.0592356	-0.00082058	0.00044364	0.00023752	0.144729528	-0.0239098759	-0.030549302	0.0518004449	-0.016742904	-0.0365146908	0.0500796887	-0.009206518	-0.0416744222	0.0472539781	-0.0014670001	-0.0459146523	0.0433856593	0.0063048856	-0.0491418251	0.0385600826	0.0139376608	-0.0512847364	0.0328837193	0.0212629165	-0.0522961052	0.0264818121	-0.0182922461	0.0217325297	0.0022707383	-0.0265780578	-0.0019661895	-0.0029510524	-0.0103411057	-0.0021301966	-0.0038122841	-0.0048412997	0.690898190367174	-0.645604397510644	-2.22840312389761	0.592443852028073
-0.207412	-0.0749267	-0.0145445	-0.00215979	0.00183127	-0.00337037	-0.016808	-0.07259066	0.0001262	0.00082058	-0.00042409	-0.0002629	0.16490336	-0.024110485	-0.0301814655	0.051896421	-0.0175958911	-0.0356971313	0.0504597097	-0.010757547	-0.0405559987	0.0480945804	-0.0037212726	-0.0446686685	0.0448445497	0.0033834701	-0.0479594708	0.0407694154	0.0104259597	-0.0503678575	0.0359441567	0.01727662	-0.0518495163	0.0304575546	0.003552008	0.019700766	-0.0075907321	0.0185865337	-0.0066554052	0.0510218817	-0.0045179585	-0.0092927962	-0.0323861502	0.0579651117	0.624787863339411	-0.79781269023504	-2.22840312389761	0.592443852028073
-0.207441	-0.00381503	-0.0123415	-0.00136835	0.00189815	-0.0030573	-2.90000000000013e-05	0.07111167	0.002203	0.00079144	6.68799999999998e-05	0.00031307	0.13191317	-0.0243106464	-0.0298113868	0.0519837232	-0.0184436498	-0.0348629988	0.0508059967	-0.0122987873	-0.0393893764	0.048862844	-0.0059686353	-0.0433223267	0.0461835398	0.0004514381	-0.0466025972	0.0428084497	0.0068647103	-0.0491807684	0.0387884217	0.0131745611	-0.0510179984	0.0341840202	-0.0243171753	-0.0448721043	0.0274948964	0.0242738356	0.0453823356	-0.0468911866	0.0567533978	0.0003190451	0.0381214838	-0.000157138	0.611393971983923	-1.00050688700118	0.448081059024295	0.592443852028073
-0.202459	0.115653	0.0620009	-0.0021789	0.00246492	-0.00333985	0.00498199999999999	0.11946803	0.0743424	-0.00081055	0.00056677	-0.00028255	0.28178593	-0.0245103563	-0.0294390937	0.0520623368	-0.0192859283	-0.0340126806	0.0511183183	-0.0138288366	-0.0381759417	0.0495576132	-0.0082049152	-0.0418786518	0.0473990497	-0.0024820104	-0.0450761418	0.0446686685	0.0032708371	-0.0477298374	0.0413994086	0.0089842256	-0.0498077248	0.0376307102	0.012098936	0.0203059571	-0.0667415338	-0.0216237204	0.0137129761	-0.0186473292	-0.0559704754	0.0212781236	0.0100808823	-0.0102492416	0.276093560591617	-1.07748275564008	0.448081059024295	0.592443852028073
-0.179077	-0.0319035	-0.0126338	-0.00118609	0.00213884	-0.00353838	0.023382	-0.1475565	-0.0746347	0.00099281	-0.00032608	-0.00019853	0.3214442	-0.024709611	-0.0290646136	0.0521322486	-0.0201224762	-0.0331465714	0.0513964655	-0.0153463027	-0.0369171367	0.050177843	-0.0104259597	-0.0403408874	0.0484878293	-0.005407671	-0.0433856593	0.0463423012	-0.0003385804	-0.0460228486	0.0437614146	0.0047336909	-0.0482276804	0.0407694154	0.0092648	0.036869942	-0.0187221147	0.0156065854	0.0086827869	0.0149413286	-0.000347137	0.0134875231	-0.0114446449	0.0372399453	-1.46499352650357	-1.05705759486663	0.448081059024295	0.592443852028073
-0.179448	-0.0652569	-0.018929	-0.00144454	0.00214606	-0.0029655	-0.00037100000000001	-0.0333534	-0.0062952	-0.00025845	7.22000000000006e-06	0.00057288	0.0819471	-0.0249084068	-0.0286879745	0.0521934471	-0.0209530451	-0.0322650733	0.0516402525	-0.0168498047	-0.0356144575	0.0507226006	-0.0126276447	-0.0387124883	0.0494469678	-0.0083163637	-0.0415373011	0.0478223571	-0.0039463888	-0.0440689593	0.0458602343	0.0004514381	-0.0462895956	0.0435744473	0.0017296016	-0.0079249281	0.0315548208	0.0257329644	0.015620448	-0.0020452546	0.0265398952	-0.0038544674	-0.0143330464	0.0471120903	1.05605593990195	-1.05341712137112	0.448081059024295	0.592443852028073
-0.165935	0.027166	-0.0577304	-0.00154151	0.00233708	-0.00264015	0.013513	0.0924229	-0.0388014	-9.697e-05	0.00019102	0.00032535	0.1754043	-0.0251067401	-0.0283092043	0.0522459219	-0.021777388	-0.0313685957	0.0518495163	-0.0183379745	-0.0342694522	0.0511910666	-0.0148058821	-0.0369971132	0.0502739006	-0.0111989617	-0.0395377932	0.0491026536	-0.0075354425	-0.0418786518	0.0476832451	-0.0038338396	-0.0440078585	0.0460228486	-0.0128832126	-0.0021028839	-0.0113824218	0.0207027621	0.1138216723	-0.0195327328	0.0050807729	-0.0208113654	-0.0170677494	-0.0240481143	-1.77431983276022	-0.982303772432013	0.448081059024295	0.592443852028073
-0.172209	-0.0133927	0.013228	-0.00145201	0.0021925	-0.00291753	-0.006274	-0.0405587	0.0709584	8.95e-05	-0.00014458	-0.00027738	0.1433641	-0.025304607	-0.0279283311	0.0522896643	-0.0225952602	-0.0304575546	0.0520241169	-0.0198094581	-0.0328837193	0.0515825363	-0.0169566271	-0.0351986159	0.0509664168	-0.0140464202	-0.0373944116	0.050177843	-0.0110886847	-0.0394636764	0.0492194833	-0.0080934286	-0.0413994086	0.0480945804	0.0226779487	0.0265962686	-0.0036730652	-0.0035589599	0.0084872028	0.0181065908	-0.0001091296	-0.0245288153	-0.0477862222	-0.0156762512	-2.11656466715998	-1.07863018194668	0.448081059024295	0.592443852028073
-0.170776	0.0708879	0.0125677	-0.0016114	0.00201722	-0.00298865	0.00143299999999999	0.0842806	-0.000660299999999999	-0.00015939	-0.00017528	-7.11199999999996e-05	0.1066634	-0.0255020041	-0.0275453833	0.052324667	-0.0234064185	-0.0295323731	0.0521639377	-0.0212629165	-0.0314589057	0.051896421	-0.0190758861	-0.0333210373	0.0515226647	-0.0168498047	-0.0351149558	0.051043434	-0.0145892291	-0.0368369888	0.0504597097	-0.0122987873	-0.0384836111	0.049772687	-0.0062904	-0.0303095	0.0338819779	0.0432476427	0.0489207708	-0.0240947614	0.0362514294	-0.0110246445	-0.0197401383	0.0110971744	-2.34830383293959	-1.06943689712135	0.448081059024295	0.592443852028073
-0.162639	0.018876	0.0607883	-0.0013156	0.00233708	-0.00297772	0.00813700000000001	-0.0520119	0.0482206	0.0002958	0.00031986	1.09299999999997e-05	0.139699	-0.0256989275	-0.0271603893	0.0523509242	-0.0242106219	-0.0285934806	0.0522688852	-0.0226970271	-0.0299967047	0.0521322486	-0.0211597241	-0.0313685957	0.0519411573	-0.0196003187	-0.0327077205	0.0516958108	-0.0180204398	-0.0340126806	0.0513964655	-0.0164217376	-0.0352821126	0.051043434	0.0232122158	0.0137155556	-0.0328925325	-0.031036831	-0.0041251507	0.0091044518	-0.040555683	0.0390920812	-0.0002516383	-0.0600484908	0.739215245948354	-1.03689291353812	0.448081059024295	0.592443852028073
-0.181618	0.0605706	0.0395804	-0.00129053	0.00233708	-0.00263968	-0.018979	0.0416946	-0.0212079	2.50699999999999e-05	0	0.00033804	0.100037	-0.0258953737	-0.0267733776	0.0523684314	-0.0250076315	-0.0276413132	0.0523388891	-0.024110485	-0.028498854	0.0522896643	-0.0232042715	-0.0293456776	0.0522207755	-0.0222893319	-0.0301814655	0.0521322486	-0.0213660101	-0.0310059033	0.0520241169	-0.0204346535	-0.0318186811	0.051896421	-0.0130237203	-0.0228076388	0.0693938153	-0.0459277339	0.0174208851	-0.0383114372	0.0455890798	0.0033937668	0.0284441075	-0.0495470982	-0.72627801945631	-0.977864211860217	0.448081059024295	0.592443852028073
-0.176424	0.0334536	0.0632808	-0.00112731	0.00203633	-0.00287099	0.005194	-0.027117	0.0237004	0.00016322	-0.00030075	-0.00023131	0.0907754	-0.0260913389	-0.0263843771	0.0523771858	-0.0257972105	-0.0266763128	0.0523739028	-0.0255020041	-0.0269671338	0.0523684314	-0.0252057321	-0.027256828	0.0523607718	-0.0249084068	-0.0275453833	0.0523509242	-0.0246100408	-0.0278327876	0.0523388891	-0.0243106464	-0.0281190288	0.052324667	0.0117932942	0.0508355558	-0.0081129918	-0.0508789493	0.0519202418	0.0159071976	-0.0299414247	-0.0073379936	-0.0287507748	-0.0302436435	-0.231828632058997	-0.975196436034484	0.448081059024295	0.592443852028073
-0.174723	0.0215183	0.0425678	-0.00129938	0.0019261	-0.00282753	0.00170100000000004	-0.0119353	-0.020713	-0.00017207	-0.00011023	4.34599999999999e-05	0.0506373	-0.0262868196	-0.0259934166	0.0523771858	-0.0265791242	-0.0256989275	0.0523739028	-0.0268703181	-0.0254033645	0.0523684314	-0.0271603893	-0.0251067401	0.0523607718	-0.0274493255	-0.0248090665	0.0523509242	-0.0277371148	-0.0245103563	0.0523388891	-0.028023745	-0.0242106219	0.052324667	0.0565717141	-0.0393796468	0.0373303599	-0.0462795317	-0.0206532469	-0.0240448172	0.0460003903	0.0532790221	0.0064717256	-0.0122793222	-1.6718014775285	-0.785083734854579	0.448081059024295	0.592443852028073
-0.177634	0.0346252	0.0876428	-0.00111173	0.0020296	-0.00295228	-0.00291100000000003	0.0131069	0.045075	0.00018765	0.0001035	-0.00012475	0.0818879	-0.0264818121	-0.0256005252	0.0523684314	-0.0273531403	-0.024709611	0.0523388891	-0.028214182	-0.0238094045	0.0522896643	-0.0290646136	-0.0229002443	0.0522207755	-0.0299041152	-0.0219824722	0.0521322486	-0.030732371	-0.0210564335	0.0520241169	-0.0315490697	-0.0201224762	0.051896421	-0.0290401917	-0.0246643073	-0.0431445227	-0.0634739162	0.0191131851	-0.0119658177	-0.056185199	0.0019531332	0.0579825884	0.0069359169	-0.389104866941371	-0.941612039230963	0.448081059024295	0.592443852028073
-0.181402	-0.0131695	0.0748735	-0.00119775	0.00214739	-0.00290173	-0.00376800000000002	-0.0477947	-0.0127693	-8.602e-05	0.00011779	5.05499999999999e-05	0.07705	-0.0266763128	-0.0252057321	0.0523509242	-0.0281190288	-0.0237088227	0.0522688852	-0.0295323731	-0.0221871482	0.0521322486	-0.0309148693	-0.0206422981	0.0519411573	-0.0322650733	-0.0190758861	0.0516958108	-0.0335815749	-0.0174895484	0.0513964655	-0.0348629988	-0.015884942	0.051043434	-0.0222176425	0.063159449	0.0473194447	-0.0422778888	-0.0268565312	0.0055378143	0.0247844782	-0.0496201348	-0.012080214	-0.0969775334	-1.77106233398199	-0.772437598985425	0.448081059024295	0.592443852028073
-0.181363	0.029839	0.103369	-0.00148571	0.00205522	-0.00307549	3.89999999999835e-05	0.0430085	0.0284955	-0.000287959999999999	-9.21699999999999e-05	-0.00017376	0.0992375	-0.0268703181	-0.0248090665	0.052324667	-0.0288765622	-0.0226970271	0.0521639377	-0.0308236917	-0.0205385235	0.051896421	-0.0327077205	-0.0183379745	0.0515226647	-0.0345247919	-0.016099885	0.051043434	-0.0362711858	-0.0138288366	0.0504597097	-0.0379433273	-0.0115294786	0.049772687	0.0526569482	0.0021188511	-0.022499769	-0.0287796084	0.0072694711	-0.0208195779	-0.0630275981	0.0447934379	-0.0565315107	-0.0215805117	-0.253830830620682	-0.611297840716739	0.448081059024295	0.592443852028073
-0.175858	-0.0527951	0.0800791	-0.0011989	0.0018731	-0.00303496	0.00550500000000004	-0.0826341	-0.0232899	0.000286809999999999	-0.00018212	4.053e-05	0.136902	-0.0270638244	-0.024410558	0.0522896643	-0.0296255153	-0.021674694	0.0520241169	-0.0320869629	-0.0188654898	0.0515825363	-0.0344398384	-0.0159924506	0.0509664168	-0.0366761804	-0.0130652981	0.050177843	-0.0387884217	-0.0100939368	0.0492194833	-0.0407694154	-0.0070884207	0.0480945804	-0.0279065415	-0.0498387266	0.007116902	-0.0171636203	-0.0317210816	0.0182148778	0.0324587556	-0.0335116254	0.0578983461	0.0272011421	1.04571208463928	-0.901249503632618	0.448081059024295	0.592443852028073
-0.154767	0.0161263	0.0551779	-0.00132035	0.00173462	-0.00283266	0.021091	0.0689214	-0.0249012	-0.00012145	-0.00013848	0.0002023	0.1380251	-0.027256828	-0.0240102362	0.0522459219	-0.0303656657	-0.0206422981	0.0518495163	-0.0333210373	-0.0171700353	0.0511910666	-0.0361080066	-0.0136109962	0.0502739006	-0.0387124883	-0.009983168	0.0491026536	-0.0411213197	-0.0063048856	0.0476832451	-0.0433223267	-0.0025947387	0.0460228486	-0.0675782179	-0.0009612701	0.0058637505	0.0094751157	0.0256621247	-0.0443237872	-0.0260101725	-0.0261957718	-0.0099689316	0.0117619465	0.480225689131021	-0.828145743195283	0.448081059024295	0.592443852028073
-0.134107	-0.0760557	0.0696627	-0.00123783	0.0018731	-0.0029469	0.02066	-0.092182	0.0144848	8.25199999999996e-05	0.00013848	-0.00011424	0.1440888	-0.0274493255	-0.0236081307	0.0521934471	-0.0310967934	-0.0196003187	0.0516402525	-0.0345247919	-0.015454175	0.0507226006	-0.0377091275	-0.0111989617	0.0494469678	-0.0406273263	-0.0068647103	0.0478223571	-0.0432587929	-0.0024820104	0.0458602343	-0.0455849554	0.0019182066	0.0435744473	0.0147507257	0.0497225628	0.0140128936	0.0151314863	0.0299711405	0.0426131798	0.0274748214	-0.0029167825	-0.0174837008	-0.0183579989	0.613506522124642	-0.785713719827493	0.448081059024295	0.592443852028073
-0.145037	0.00505394	0.105559	-0.00149264	0.0018731	-0.00284686	-0.01093	0.08110964	0.0358963	-0.000254809999999999	0	0.00010004	0.14567844	-0.0276413132	-0.0232042715	0.0521322486	-0.0318186811	-0.0185492395	0.0513964655	-0.0356971313	-0.0137199483	0.050177843	-0.0392402281	-0.0087617663	0.0484878293	-0.0424146861	-0.0037212726	0.0463423012	-0.0451906832	0.0013541801	0.0437614146	-0.0475421407	0.0064169112	0.0407694154	0.0300764174	-0.0060952198	-0.0189516907	-0.0022166682	-0.0541569509	-0.0223952613	-0.0211714051	0.0118750365	-0.0238759489	0.0164117321	-0.513937172458287	-1.02568133617192	0.448081059024295	0.592443852028073
-0.156301	-0.0467657	0.110042	-0.00121887	0.0017638	-0.00301344	-0.011264	-0.05181964	0.00448300000000001	0.00027377	-0.0001093	-0.00016658	0.09504914	-0.0278327876	-0.0227986886	0.0520623368	-0.0325311144	-0.0174895484	0.0511183183	-0.0368369888	-0.011969416	0.0495576132	-0.0406984653	-0.0063048856	0.0473990497	-0.0440689593	-0.0005642937	0.0446686685	-0.0469078096	0.0051831058	0.0413994086	-0.0491807684	0.0108679768	0.0376307102	-0.047029489	-0.0254878747	-0.023531862	0.0331197397	-0.0389643602	0.052711341	0.0250017378	-0.0607742844	0.0372471451	0.0596565014	0.519023442084973	-0.988610744174785	0.448081059024295	0.592443852028073
-0.162863	0.0157048	0.116311	-0.00178655	0.00168856	-0.00296702	-0.00656200000000001	0.0624705	0.00626899999999998	-0.00056768	-7.52399999999999e-05	4.64200000000001e-05	0.1097685	-0.028023745	-0.0223914121	0.0519837232	-0.0332338815	-0.0164217376	0.0508059967	-0.0379433273	-0.0102046586	0.048862844	-0.0420811315	-0.0038338396	0.0461835398	-0.0455849554	0.0025947387	0.0428084497	-0.0484020114	0.0089842256	0.0387884217	-0.0504898588	0.015238359	0.0341840202	-0.0182929379	0.0453332286	0.0279784306	0.0712737586	-0.0409173122	-0.0369597275	0.0214926425	-0.0428650323	-0.0377665303	0.0066121779	0.342781102348959	-0.997188211529464	0.448081059024295	0.592443852028073
-0.162678	-0.00222511	0.132574	-0.00180752	0.0018731	-0.00304647	0.000185000000000046	-0.01792991	0.016263	-2.09699999999999e-05	0.00018454	-7.945e-05	0.04862591	-0.028214182	-0.0219824722	0.051896421	-0.0339267737	-0.0153463027	0.0504597097	-0.03901514	-0.0084277735	0.0480945804	-0.0433856593	-0.0013541801	0.0448445497	-0.0469579174	0.0057443291	0.0407694154	-0.0496661877	0.0127371473	0.0359441567	-0.0514606403	0.0194956122	0.0304575546	0.0428860916	0.0025845597	-0.0669304607	0.0287718354	-0.0519791307	0.0317299836	-0.0496202702	0.0273403817	-0.0320214101	0.0226355168	0.418864138356749	-1.01681400117619	0.448081059024295	0.592443852028073
-0.159669	-0.0235025	0.109407	-0.00127727	0.00166931	-0.00310802	0.00300899999999996	-0.02127739	-0.023167	0.00053025	-0.00020379	-6.15500000000001e-05	0.08723289	-0.0284040951	-0.0215718994	0.0518004449	-0.034609585	-0.014263743	0.0500796887	-0.0400514517	-0.0066408724	0.0472539781	-0.0446096262	0.0011285219	0.0433856593	-0.0481835374	0.0088730165	0.0385600826	-0.0506943307	0.0164217376	0.0328837193	-0.0520866082	0.0236081307	0.0264818121	-0.0515060781	0.0001310859	0.0334833496	0.045439789	-0.0515675588	0.0195179338	0.0365844789	-0.0618451194	0.0248665223	0.0415119913	0.856517548297373	-0.971757687641222	0.448081059024295	0.592443852028073
-0.153035	0.0506315	0.104834	-0.00162421	0.00163604	-0.00288495	0.006634	0.074134	-0.00457299999999999	-0.00034694	-3.327e-05	0.00022307	0.115505	-0.0285934806	-0.0211597241	0.0516958108	-0.0352821126	-0.0131745611	0.0496661877	-0.0410513194	-0.0048460789	0.0463423012	-0.0457507597	0.0036086884	0.0418107693	-0.0492579697	0.011969416	0.0361896802	-0.0514815542	0.0200182296	0.0296255153	-0.0523635681	0.0275453833	0.0222893319	0.0330532584	-0.0018855912	0.0059469294	0.0932532371	0.0347975334	-0.0227406601	0.0220167413	0.010843969	-0.0697317509	0.0664534538	-2.44877377300054	-0.623797419527329	0.448081059024295	-1.68540061352814
-0.156295	-0.00649916	0.141349	-0.00180058	0.00175637	-0.0030003	-0.00325999999999996	-0.05713066	0.036515	-0.00017637	0.00012033	-0.00011535	0.11750816	-0.0287823352	-0.0207459769	0.0515825363	-0.0359441567	-0.0120792627	0.0492194833	-0.0420138333	-0.0030455261	0.0453609212	-0.0468069407	0.0060807472	0.0401240904	-0.050177843	0.0150222601	0.0336681095	-0.0520241169	0.0235073292	0.02618914	-0.0522896643	0.03127814	0.0179144269	0.0324584144	-0.0318333702	-0.0663584114	0.008626328	-0.0576252261	0.0369047587	-0.0305820863	0.0380128742	0.0522482948	0.0620126996	0.258494367141067	-0.652821787242148	0.448081059024295	-1.68540061352814
-0.156287	0.0104495	0.11232	-0.00180519	0.0018731	-0.00332417	7.99999999998025e-06	0.01694866	-0.029029	-4.60999999999994e-06	0.00011673	-0.00032387	0.06824616	-0.0289706552	-0.0203306886	0.0514606403	-0.0365955205	-0.0109783563	0.048739874	-0.0429381175	-0.0012413539	0.044311314	-0.0477762082	0.0085391442	0.0383301323	-0.050940271	0.0180204398	0.0310059033	-0.0523194405	0.0268703181	0.0225952602	-0.051865392	0.0347786889	0.013392903	-0.0531363584	-0.0110814031	0.0535763051	0.0365508762	-0.0201181139	-0.0357602908	0.0280660328	-0.0418347422	0.0155479465	0.0092358117	-0.457889343368487	-0.668252351579947	0.448081059024295	0.592443852028073
-0.175163	-0.00624984	0.163792	-0.00194858	0.0018731	-0.00332417	-0.018876	-0.01669934	0.051472	-0.00014339	0	0	0.09421684	-0.0291584371	-0.0199138901	0.0513301431	-0.0372360105	-0.009872353	0.0482276804	-0.043823331	0.0005642937	0.0431950583	-0.0486567622	0.0109783563	0.0364336915	-0.0515428613	0.0209530451	0.028214182	-0.0523661213	0.0300891549	0.0188654898	-0.051093594	0.0380210421	0.0087617663	0.0364171807	0.0239747849	-0.0473246568	0.0213360504	0.0073571761	0.0121959815	-0.053509678	0.0313296701	-0.0559267399	0.0097036382	1.06158688394118	-0.676913975687974	0.448081059024295	0.592443852028073
-0.175179	-0.0399321	0.137323	-0.00163697	0.0018731	-0.00317927	-1.59999999999882e-05	-0.03368226	-0.026469	0.00031161	0	0.0001449	0.08299276	-0.0293456776	-0.0194956122	0.0511910666	-0.0378654364	-0.0087617663	0.0476832451	-0.0446686685	0.0023692706	0.0420138333	-0.0494469678	0.013392903	0.0344398384	-0.0519837232	0.0238094045	0.025304607	-0.0521639377	0.0331465714	0.0150222601	-0.0499794418	0.0409811285	0.0040589197	-0.0138000635	-0.0482812111	0.0042834335	0.0071516025	-0.00919672	0.0305719103	0.04161809	-0.0090090346	0.056639828	0.0134389047	0.42070397545132	-0.593354646570847	0.448081059024295	0.592443852028073
-0.17516	0.0222698	0.116974	-0.00180944	0.00179046	-0.00321218	1.9000000000019e-05	0.0622019	-0.020349	-0.00017247	-8.26399999999997e-05	-3.29099999999997e-05	0.0969709	-0.0295323731	-0.0190758861	0.051043434	-0.0384836111	-0.0076471118	0.0471069319	-0.0454733605	0.0041714317	0.0407694154	-0.0501453577	0.0157773596	0.032353904	-0.0522614734	0.0265791242	0.0222893319	-0.0517138504	0.0360261653	0.0110886847	-0.0485304007	0.0436369724	-0.0006771467	-0.0293717117	0.0385571133	0.0304924942	0.0230581979	0.0060600773	-0.060551369	-0.0155800297	-0.0275103926	-0.0376613597	-0.0150432639	0.914577821205227	-0.836805794001081	0.448081059024295	0.592443852028073
-0.175167	-0.0227994	0.145644	-0.00190187	0.00176754	-0.00309015	-6.99999999997925e-06	-0.0450692	0.02867	-9.24299999999999e-05	-2.29200000000001e-05	0.00012203	0.0856152	-0.0297185201	-0.018654743	0.0508872699	-0.039090351	-0.0065289069	0.0464991262	-0.046236675	0.0059686353	0.0394636764	-0.050750635	0.018126369	0.0301814655	-0.0523752403	0.0292521253	0.0191809517	-0.0510179984	0.0387124883	0.0070884207	-0.0467561802	0.0459688572	-0.005407671	0.0704523883	-0.0118573109	-0.0466113649	-0.0011855497	-0.0184697064	0.0384252291	-0.0391799838	0.0624707633	-0.008069116	0.0222130836	0.834701619996248	-0.920316128956305	0.448081059024295	0.592443852028073
-0.167341	-0.0397075	0.145677	-0.00133438	0.0018731	-0.00319576	0.007826	-0.0169081	3.30000000000052e-05	0.00056749	0.00010556	-0.00010561	0.0637001	-0.0299041152	-0.0182322141	0.0507226006	-0.0396854757	-0.005407671	0.0458602343	-0.0469579174	0.0077587455	0.0380985803	-0.0512616758	0.0204346535	0.0279283311	-0.052324667	0.0318186811	0.0159924506	-0.0500796887	0.0411911291	0.0030455261	-0.0446686685	0.0479594708	-0.0100939368	-0.0583296068	-0.0505676683	0.0123890417	0.000535991	0.0060757834	-0.0003693795	0.0468762204	-0.0271745467	0.0654228463	0.0025439505	0.828795068111253	-1.0008742148091	0.448081059024295	0.592443852028073
-0.167232	0.0264852	0.162625	-0.00176761	0.0018731	-0.00306688	0.00010899999999997	0.0661927	0.016948	-0.00043323	0	0.00012888	0.1113552	-0.0300891549	-0.0178083308	0.0505494535	-0.0402688086	-0.0042839244	0.0451906832	-0.0476364314	0.0095396348	0.0366761804	-0.0516775313	0.0226970271	0.0256005252	-0.0521099123	0.0342694522	0.0127371473	-0.0489033805	0.0434487905	-0.0010156846	-0.0422818529	0.049594035	-0.0146975897	0.0009972577	0.032449156	0.021621629	0.0175843158	0.0164133322	-0.0278485656	-0.0056533065	0.0061395014	-0.0277286512	-0.0193018329	0.455859419807321	-0.938597017574566	0.448081059024295	0.592443852028073
-0.158437	-0.0267383	0.190606	-0.00125494	0.00161453	-0.00307216	0.008795	-0.0532235	0.027981	0.00051267	-0.00025857	-5.27999999999987e-06	0.1288255	-0.0302736359	-0.0173831246	0.0503678575	-0.0408401761	-0.003158189	0.0444909208	-0.0482715996	0.0113091867	0.0351986159	-0.0519974292	0.0249084068	0.0232042715	-0.0517316498	0.0365955205	0.0094286395	-0.0474946641	0.0454733605	-0.0050707869	-0.0396117264	0.050860415	-0.0191809517	0.0305329361	0.0075891354	-0.0474036468	-0.0498149767	-0.0399128997	0.0583942907	-0.0341374298	0.0346290234	0.0513180113	-0.0228137377	0.719768965363152	-0.880789549922411	0.448081059024295	-1.68540061352814
-0.158487	0.00859759	0.143237	-0.00130112	0.0018731	-0.00300546	-4.99999999999667e-05	0.03533589	-0.047369	-4.618e-05	0.00025857	6.66999999999998e-05	0.10132739	-0.0304575546	-0.0169566271	0.050177843	-0.0413994086	-0.0020309873	0.0437614146	-0.048862844	0.0130652981	0.0336681095	-0.0522207755	0.0270638244	0.0207459769	-0.0511910666	0.0387884217	0.0060807472	-0.0458602343	0.0472539781	-0.0090953929	-0.0366761804	0.0517492091	-0.0235073292	-0.0287477854	0.0249768999	0.070525038	-0.0036422118	-0.0343986921	-0.0163835576	0.0526912727	-0.0407524764	-0.0053244842	-0.0332354727	1.09475079805629	-0.941047576524076	0.448081059024295	-1.68540061352814
-0.164892	0.0319461	0.17072	-0.00200487	0.00159316	-0.00306686	-0.00640500000000005	0.02334851	0.027483	-0.00070375	-0.00027994	-6.13999999999996e-05	0.10949101	-0.0306409077	-0.01652887	0.0499794418	-0.0419463399	-0.0009028426	0.0430026525	-0.0494096266	0.0148058821	0.0320869629	-0.0523471556	0.0291584371	0.0182322141	-0.0504898588	0.0408401761	0.0027074549	-0.0440078585	0.0487810905	-0.0130652981	-0.0334948844	0.0522538189	-0.0276413132	0.0432441212	-0.0120768737	-0.0254278408	0.0013604111	0.0191783118	-0.0261781629	-0.0586618442	0.066384624	-0.0373857842	0.016508353	-0.69727562834808	-0.975444572903973	0.448081059024295	0.592443852028073
-0.178151	-0.0337195	0.152016	-0.00123872	0.00161498	-0.00332417	-0.013259	-0.0656656	-0.018704	0.00076615	2.18200000000001e-05	-0.00025731	0.1498926	-0.0308236917	-0.016099885	0.049772687	-0.0424808075	0.0002257211	0.0422151417	-0.04991145	0.01652887	0.0304575546	-0.0523763346	0.0311875391	0.015669704	-0.0496302266	0.0427433176	-0.0006771467	-0.0419463399	0.0500465054	-0.0169566271	-0.0300891549	0.0523704984	-0.0315490697	-0.0186254894	-0.0368826653	-0.0261518973	-0.0150778468	0.0110516921	0.0534924377	0.0234833894	-0.0178872688	0.0660284728	0.0246247711	-1.34247007990497	-0.929821345267877	0.448081059024295	0.592443852028073
-0.178185	0.0268241	0.127807	-0.00186966	0.00159524	-0.00295531	-3.39999999999785e-05	0.0605436	-0.024209	-0.00063094	-1.97400000000001e-05	0.00036886	0.1357636	-0.0310059033	-0.015669704	0.0495576132	-0.0430026525	0.0013541801	0.0413994086	-0.0503678575	0.0182322141	0.0287823352	-0.0523082586	0.0331465714	0.0130652981	-0.0486148674	0.0444909208	-0.0040589197	-0.0396854757	0.051043434	-0.0207459769	-0.0264818121	0.0520983812	-0.0351986159	-0.0260478893	0.0485202072	0.0320704126	-0.0023867552	0.0235607621	-0.0343341285	0.0010834227	-0.0045342804	-0.0141715074	-0.0316614715	-0.638048935530165	-0.887273679646653	0.448081059024295	0.592443852028073
-0.183304	-0.0173645	0.157335	-0.00164592	0.00169298	-0.00292243	-0.00511900000000001	-0.0441886	0.029528	0.00022374	9.774e-05	3.28799999999999e-05	0.0965536	-0.0311875391	-0.015238359	0.0493342563	-0.0435117199	0.0024820104	0.0405559987	-0.0507784337	0.0199138901	0.0270638244	-0.0521430537	0.0350311327	0.0104259597	-0.047446967	0.0460766263	-0.0074237382	-0.0372360105	0.051766528	-0.024410558	-0.0226970271	0.0514394875	-0.0385600826	0.0614462747	0.0092592128	-0.0132426609	-0.0289864136	0.0090028259	0.0361642162	-0.0097212077	0.0411349417	-0.0173191589	-0.01884944	-2.09569626332799	-0.840489864700076	0.448081059024295	0.592443852028073
-0.181521	-0.0208794	0.118804	-0.00137772	0.00161073	-0.00299183	0.00178299999999998	-0.0035149	-0.038531	0.0002682	-8.22499999999999e-05	-6.93999999999998e-05	0.0648214	-0.0313685957	-0.0148058821	0.0491026536	-0.0440078585	0.0036086884	0.0396854757	-0.0511428052	0.0215718994	0.025304607	-0.051881027	0.0368369888	0.0077587455	-0.0461301902	0.0474946641	-0.010757547	-0.034609585	0.0522119084	-0.0279283311	-0.0187601599	0.0503987089	-0.0416059582	-0.0411158853	-0.0425928685	0.0223019222	-0.014714851	0.0409374729	-0.0265169365	0.0290792042	-0.008598519	0.0310342861	0.0051481132	0.806684676643734	-0.817635263284527	0.448081059024295	0.592443852028073
-0.178193	0.0122095	0.152972	-0.00164986	0.00160144	-0.00295402	0.003328	0.0330889	0.034168	-0.00027214	-9.29000000000012e-06	3.78100000000001e-05	0.0865469	-0.0315490697	-0.0143723053	0.048862844	-0.0444909208	0.0047336909	0.0387884217	-0.0514606403	0.0232042715	0.0235073292	-0.0515226647	0.0385600826	0.0050707869	-0.0446686685	0.048739874	-0.0140464202	-0.0318186811	0.0523771858	-0.03127814	-0.0146975897	0.0489837722	-0.044311314	-0.0206370677	0.0606082546	-0.0284868846	-0.0030449357	-0.001081265	0.0013100102	-0.0509839605	-0.0430296993	-0.0492540265	-0.0203699723	1.16678719630773	-0.444089203343558	0.448081059024295	0.592443852028073
-0.172374	-0.0364056	0.148547	-0.00153652	0.00163124	-0.00311458	0.00581900000000002	-0.0486151	-0.00442499999999999	0.00011334	2.98e-05	-0.00016056	0.0740441	-0.0317289578	-0.0139376608	0.0486148674	-0.0449607632	0.0058564958	0.0378654364	-0.0517316498	0.0248090665	0.021674694	-0.0510686325	0.0401965428	0.0023692706	-0.0430669878	0.0498077248	-0.01727662	-0.0288765622	0.0522614734	-0.0344398384	-0.0105365379	0.0472051818	-0.0466540082	0.0580623174	-0.0091269528	0.0212535902	0.0022136993	-0.0072331214	0.027918174	0.038876204	0.0433580178	-0.0224062266	-0.006824728	1.28721872749507	-0.65179843131585	0.448081059024295	0.592443852028073
-0.162142	0.0244185	0.136095	-0.00157029	0.00150387	-0.00307133	0.010232	0.0608241	-0.012452	-3.377e-05	-0.00012737	4.32499999999999e-05	0.0937276	-0.0319082567	-0.0135019809	0.0483587652	-0.0454172463	0.0069765817	0.0369171367	-0.0519555872	0.0263843771	0.0198094581	-0.0505197734	0.0417426926	-0.0003385804	-0.0413301739	0.0506943307	-0.0204346535	-0.0257972105	0.051865392	-0.0373944116	-0.0063048856	0.0450761418	-0.0486148674	-0.0333040194	-0.0570568254	0.027702266	-0.0006128783	0.0490786034	-0.0673447367	0.0065958521	0.0096321439	0.0295623949	0.0132039828	-0.202970684057009	-0.840291945095543	0.448081059024295	-1.68540061352814
-0.159122	-0.0193543	0.161515	-0.00141417	0.0018731	-0.00332417	0.00301999999999999	-0.0437728	0.02542	0.00015612	0.00036923	-0.00025284	0.1111223	-0.0320869629	-0.0130652981	0.0480945804	-0.0458602343	0.0080934286	0.0359441567	-0.0521322486	0.0279283311	0.0179144269	-0.0498771065	0.0431950583	-0.0030455261	-0.0394636764	0.0513964655	-0.0235073292	-0.0225952602	0.0511910666	-0.0401240904	-0.0020309873	0.0426124582	-0.050177843	0.0091570544	0.0604323392	-0.0396646518	0.0024264285	0.0334699642	0.0504817402	-0.0385748319	-0.0030732036	-0.0270763001	-0.0137039909	0.237997388439414	-0.795761655368158	0.448081059024295	-1.68540061352814
-0.16118	-0.0193079	0.144226	-0.00113708	0.00171769	-0.00332417	-0.00205799999999995	4.6400000000002e-05	-0.017289	0.00027709	-0.00015541	0	0.0410184	-0.0322650733	-0.0126276447	0.0478223571	-0.0462895956	0.009206518	0.0349471469	-0.0522614734	0.0294390937	0.0159924506	-0.0491418251	0.0445503769	-0.0057443291	-0.0374733519	0.0519115742	-0.0264818121	-0.0192859283	0.0502421146	-0.0426124582	0.0022565198	0.0398324213	-0.0513301431	0.0337955192	-0.0435377094	0.0314562759	-0.0104652436	-0.0629890369	-0.0091205886	0.0533992106	0.0191453854	0.0303960502	-0.0047491453	0.572852758909783	-0.860606174443006	0.448081059024295	0.592443852028073
-0.161469	0.0293352	0.148437	-0.00135883	0.00166004	-0.00332417	-0.000289000000000039	0.0486431	0.00421099999999999	-0.00022175	-5.765e-05	0	0.0671131	-0.0324425845	-0.0121890533	0.0475421407	-0.0467052026	0.0103153331	0.0339267737	-0.0523431439	0.0309148693	0.0140464202	-0.0483152946	0.0458056033	-0.0084277735	-0.0353654455	0.0522377823	-0.0293456776	-0.015884942	0.049023627	-0.0448445497	0.0065289069	0.0367566699	-0.0520623368	-0.0566545869	0.0152138339	0.0064599038	0.0058161477	-0.022790465	-0.0630377252	-0.0466707383	-0.0512737491	-0.0122799596	-0.0087100183	0.697861853865614	-0.92815668774711	0.448081059024295	0.592443852028073
-0.170577	-0.02908	0.170341	-0.00128621	0.0018731	-0.00310359	-0.009108	-0.0584152	0.021904	7.262e-05	0.00021306	0.00022058	0.1147402	-0.0326194932	-0.0117495564	0.0472539781	-0.0471069319	0.0114193591	0.0328837193	-0.0523771858	0.032353904	0.0120792627	-0.0473990497	0.0469579174	-0.0110886847	-0.0331465714	0.0523739028	-0.0320869629	-0.0124084642	0.0475421407	-0.0468069407	0.010757547	0.0334080384	-0.0523684314	0.0616795129	0.016805335	-0.0272232137	0.0101117828	-0.0089239062	0.0764625178	0.00915129	0.0412078511	-0.0343106722	0.005448763	0.847514671602116	-1.10464977197954	0.448081059024295	0.592443852028073
-0.173913	-0.00776031	0.118216	-0.00125454	0.00171696	-0.00304043	-0.00333600000000001	0.02131969	-0.052125	3.16700000000001e-05	-0.00015614	6.31599999999996e-05	0.08932919	-0.0327957961	-0.0113091867	0.0469579174	-0.0474946641	0.0125180835	0.0318186811	-0.0523635681	0.0337544877	0.0100939368	-0.0463947917	0.0480047303	-0.0137199483	-0.0308236917	0.0523194405	-0.0346942175	-0.0088730165	0.0458056033	-0.0484878293	0.0149141057	0.0298113868	-0.0522459219	-0.0502531644	-0.0582173753	0.0220081536	0.0084699564	0.0220424635	-0.038848215	0.0403293559	-0.0292829939	0.0353995564	0.0292036649	0.830693742069564	-1.09192912669585	0.448081059024295	0.592443852028073
-0.184075	0.0333128	0.122437	-0.00134049	0.0018731	-0.00332417	-0.010162	0.04107311	0.00422099999999999	-8.595e-05	0.00015614	-0.00028374	0.08174761	-0.0329714899	-0.0108679768	0.0466540082	-0.0478682839	0.0136109962	0.030732371	-0.0523023033	0.0351149558	0.0080934286	-0.0453043854	0.04894369	-0.016314529	-0.0284040951	0.0520745933	-0.0371565505	-0.0052954007	0.043823331	-0.0498771065	0.018970732	0.0259934166	-0.0516958108	0.0226287397	0.0399124911	-0.0288238012	0.0307580598	0.0428868284	0.0127051666	-0.0294632359	-0.0004288286	-0.0482152758	0.0156570141	0.475300681134005	-1.07100786858005	0.448081059024295	0.592443852028073
-0.174062	-0.0311983	0.107852	-0.00106595	0.0018731	-0.0030274	0.010013	-0.0645111	-0.014585	0.00027454	0	0.00029677	0.1176746	-0.0331465714	-0.0104259597	0.0463423012	-0.0482276804	0.0146975897	0.0296255153	-0.0521934471	0.0364336915	0.0060807472	-0.0441298556	0.049772687	-0.0188654898	-0.0258953737	0.0516402525	-0.0394636764	-0.0016926191	0.0416059582	-0.0509664168	0.0229002443	0.0219824722	-0.0507226006	-0.002365135	-0.0353876378	-0.0067256063	-0.0010452747	-0.0266706923	0.0062911593	0.026205441	-0.009704645	0.0461385636	0.0177575448	1.25452271981293	-1.06894077513535	0.448081059024295	0.592443852028073
-0.180217	0.0415506	0.118376	-0.00154211	0.0018731	-0.00312121	-0.00615500000000002	0.0727489	0.010524	-0.00047616	0	-9.38100000000002e-05	0.1179264	-0.0333210373	-0.009983168	0.0460228486	-0.0485727468	0.0157773596	0.028498854	-0.0520370985	0.0377091275	0.0040589197	-0.0428733831	0.0504898588	-0.0213660101	-0.0233053991	0.0510179984	-0.0416059582	0.0019182066	0.0391653804	-0.0517492091	0.0266763128	0.0178083308	-0.0493342563	-0.026068138	0.0204320819	0.0129850731	0.0311916054	0.0106413443	-0.0620234205	-0.0245947412	-0.0297692664	-0.0461425086	-0.0033226822	0.199012807529511	-1.05806926840779	0.448081059024295	0.592443852028073
-0.175104	-0.0277426	0.142387	-0.0012208	0.0018731	-0.00318834	0.00511300000000001	-0.0692932	0.024011	0.00032131	0	-6.71299999999999e-05	0.1178392	-0.0334948844	-0.0095396348	0.0456957037	-0.0489033805	0.0168498047	0.0273531403	-0.0518333998	0.0389397479	0.0020309873	-0.0415373011	0.051093594	-0.0238094045	-0.0206422981	0.0502100954	-0.0435744473	0.0055199161	0.0365146908	-0.0522207755	0.0302736359	0.0135019809	-0.0475421407	0.043084152	-0.0031304148	-0.04274979	-0.0153012787	-0.0226056321	0.0627312684	-0.0213180812	0.0369673451	0.0299161525	0.0112722035	1.10592785023296	-1.04436066974053	0.448081059024295	0.592443852028073
-0.178232	0.029484	0.103252	-0.00135808	0.00193114	-0.00264783	-0.00312799999999999	0.0572266	-0.039135	-0.00013728	5.80400000000003e-05	0.00054051	0.1362811	-0.0336681095	-0.0090953929	0.0453609212	-0.0492194833	0.0179144269	0.02618914	-0.0515825363	0.0401240904	0	-0.0401240904	0.0515825363	-0.02618914	-0.0179144269	0.0492194833	-0.0453609212	0.0090953929	0.0336681095	-0.0523782801	0.0336681095	0.0090953929	-0.0453609212	-0.0434670456	-0.0098442619	0.0681605316	0.000864072	-0.0101036198	-0.0533077974	0.0516897361	-0.0348472084	0.0082000723	-0.0263069315	-0.039592982750522	-1.00969716141063	0.448081059024295	0.592443852028073
-0.171379	0.0294722	0.12103	-0.00101499	0.0018731	-0.0029078	0.006853	-1.17999999999993e-05	0.017778	0.00034309	-5.80400000000003e-05	-0.00025997	0.0576978	-0.0338407093	-0.0086504753	0.045018557	-0.0495209612	0.018970732	0.0250076315	-0.0512847364	0.0412607473	-0.0020309873	-0.0386363752	0.0519555872	-0.028498854	-0.0151303447	0.0480497669	-0.0469579174	0.0126276447	0.0306409077	-0.0522207755	0.0368369888	0.004621281	-0.0428084497	0.040718489	0.0091320953	-0.0453135637	-0.0187591414	0.0366669763	0.0148181658	-0.0635059136	0.0575342714	-0.0328701451	-0.0093628263	1.34599396589405	-0.998180093628983	0.448081059024295	0.592443852028073
-0.167115	-0.0178803	0.0945244	-0.000864149	0.00173296	-0.00301405	0.00426399999999999	-0.0473525	-0.0265056	0.000150841	-0.00014014	-0.00010625	0.09798365	-0.0340126806	-0.0082049152	0.0446686685	-0.0498077248	0.0200182296	0.0238094045	-0.050940271	0.0423483678	-0.0040589197	-0.0370769179	0.0522119084	-0.030732371	-0.0122987873	0.0467052026	-0.0483587652	0.016099885	0.0274493255	-0.0517492091	0.0397590408	0.0001128608	-0.0399056168	-0.0413600823	-0.0557665289	0.0237472204	-0.0104762119	0.0053568556	0.0103202607	0.059130875	-0.0213433931	0.0591865229	0.0298923422	-1.50267198480799	-0.99363213733265	0.448081059024295	0.592443852028073
-0.16258	0.0530498	0.118784	-0.00115922	0.0018731	-0.00290493	0.00453500000000001	0.0709301	0.0242596	-0.000295071	0.00014014	0.00010912	0.12694125	-0.0341840202	-0.0077587455	0.044311314	-0.0500796887	0.0210564335	0.0225952602	-0.0505494535	0.0433856593	-0.0060807472	-0.0354486142	0.0523509242	-0.0328837193	-0.0094286395	0.0451906832	-0.0495576132	0.0194956122	0.024110485	-0.0509664168	0.0424146861	-0.0043963972	-0.0366761804	0.0004851065	0.0453433597	-0.014014136	0.0061078283	0.0379966015	0.0022901285	-0.0306360827	-0.002043427	-0.0239108196	-0.0071187272	0.867893418880899	-0.984570244644484	0.448081059024295	0.592443852028073
-0.156467	-0.0157405	0.114496	-0.00106063	0.0018731	-0.0029371	0.00611300000000001	-0.0687903	-0.00428799999999999	9.85900000000002e-05	0	-3.21699999999998e-05	0.0857293	-0.0343547251	-0.0073119995	0.0439465533	-0.0503367722	0.0220848615	0.0213660101	-0.0501126395	0.044371389	-0.0080934286	-0.0337544877	0.0523723222	-0.0349471469	-0.0065289069	0.0435117199	-0.0505494535	0.0227986886	0.0206422981	-0.0498771065	0.0447861304	-0.0088730165	-0.0331465714	0.0487134781	-0.0223538863	0.0047852512	-0.0526270647	-0.0460971369	0.0357145196	0.0222407513	0.0318492223	0.0485725688	-0.0336327442	-0.944652015193061	-1.00098032515975	0.448081059024295	0.592443852028073
-0.169431	0.0417595	0.0961393	-0.00118091	0.0018731	-0.0028587	-0.012964	0.0575	-0.0183567	-0.00012028	0	7.83999999999997e-05	0.0987547	-0.0345247919	-0.0068647103	0.0435744473	-0.0505788988	0.0231030362	0.0201224762	-0.0496302266	0.0453043854	-0.0100939368	-0.0319976841	0.0522760543	-0.0369171367	-0.0036086884	0.0416744222	-0.0513301431	0.0259934166	0.0170633708	-0.0484878293	0.0468574839	-0.0132837629	-0.0293456776	-0.055291546	0.0177246424	0.044624187	-0.0347670214	-0.0007627498	-0.0315615263	-0.0088186854	-0.0387614929	0.0009308912	-0.0526514749	0.376543423618498	-1.02320716212457	0.448081059024295	0.592443852028073
-0.178231	0.00296062	0.112446	-0.00105453	0.00194092	-0.00302298	-0.0088	-0.03879888	0.0163067	0.00012638	6.78200000000003e-05	-0.00016428	0.08182958	-0.0346942175	-0.0064169112	0.0431950583	-0.0508059967	0.024110485	0.0188654898	-0.0491026536	0.0461835398	-0.0120792627	-0.0301814655	0.0520623368	-0.0387884217	-0.0006771467	0.0396854757	-0.051896421	0.0290646136	0.013392903	-0.0468069407	0.0486148674	-0.0175958911	-0.025304607	0.0660403028	0.0113974226	-0.0197546561	-0.0337701397	0.0170872911	0.0580347764	-0.0165694304	0.0571903484	-0.0389007124	-0.0062984461	0.077671675159612	-1.03128941282298	0.448081059024295	0.592443852028073
-0.158154	-0.00730039	0.0718266	-0.00109209	0.0018731	-0.00296787	0.020077	-0.01026101	-0.0406194	-3.75600000000001e-05	-6.78200000000003e-05	5.51100000000001e-05	0.07898191	-0.0348629988	-0.0059686353	0.0428084497	-0.0510179984	0.0251067401	0.0175958911	-0.0485304007	0.0470078072	-0.0140464202	-0.0283092043	0.0517316498	-0.0405559987	0.0022565198	0.0375521182	-0.0522459219	0.0319976841	0.0096505858	-0.0448445497	0.0500465054	-0.021777388	-0.0210564335	-0.0512328869	-0.0538799622	0.0200525723	-0.0339445703	0.0343488446	-0.0188648225	0.0368133185	-0.0021862637	0.0578404878	-0.0273102415	-0.109503725019555	-1.03061337925235	0.448081059024295	0.592443852028073
-0.200165	0.0137483	0.0583329	-0.00131451	0.0018731	-0.00332417	-0.042011	0.02104869	-0.0134937	-0.00022242	0	-0.0003563	0.10548939	-0.0350311327	-0.0055199161	0.0424146861	-0.0512148408	0.0260913389	0.016314529	-0.0479139886	0.0477762082	-0.0159924506	-0.0263843771	0.0512847364	-0.0422151417	0.0051831058	0.0352821126	-0.0523771858	0.0347786889	0.0058564958	-0.0426124582	0.0511428052	-0.0257972105	-0.0166359256	0.0103468834	0.0443126703	0.0176442627	-0.0210980358	0.0335399289	-0.0222882789	-0.0168190141	0.0185084626	-0.0417838563	-0.037432392	0.122035506962416	-1.03243419058616	0.448081059024295	0.592443852028073
-0.166961	-0.0222924	0.0784192	-0.0012619	0.0018731	-0.00332417	0.033204	-0.0360407	0.0200863	5.26099999999998e-05	0	0	0.0919615	-0.0351986159	-0.0050707869	0.0420138333	-0.0513964655	0.0270638244	0.0150222601	-0.0472539781	0.0484878293	-0.0179144269	-0.024410558	0.0507226006	-0.0437614146	0.0080934286	0.0328837193	-0.0522896643	0.0373944116	0.0020309873	-0.0401240904	0.051896421	-0.0296255153	-0.0120792627	0.0011983535	0.0030294349	-0.0144912674	-0.0511706749	-0.0156868638	0.031292225	-0.0095641058	-0.0070916904	0.0400257435	-0.0113721847	0.634702014303394	-1.02946206054675	0.448081059024295	0.592443852028073
-0.159613	0.0188755	0.0430049	-0.00220968	0.0018731	-0.00332417	0.00734799999999999	0.0411679	-0.0354143	-0.00094778	0	0	0.1313192	-0.0353654455	-0.004621281	0.0416059582	-0.0515628185	0.028023745	0.0137199483	-0.0465509697	0.0491418251	-0.0198094581	-0.0223914121	0.0500465054	-0.0451906832	0.0109783563	0.0303656657	-0.0519837232	0.0398324213	-0.001805417	-0.0373944116	0.0523023033	-0.0332338815	-0.0074237382	0.0113726526	0.0296998474	0.0508429603	0.0129972803	0.0099166435	-0.0356421002	0.0476000519	-0.0312166616	-0.0589431374	0.0050703327	0.75103532091073	-1.05179186125777	0.448081059024295	0.592443852028073
-0.175243	0.0189056	0.0430068	-0.00168276	0.0018731	-0.00332417	-0.01563	3.00999999999982e-05	1.89999999999912e-06	0.00052692	0	0	0.042008	-0.0355316183	-0.0041714317	0.0411911291	-0.0517138504	0.0289706552	0.0124084642	-0.0458056033	0.0497374181	-0.021674694	-0.0203306886	0.0492579697	-0.0464991262	0.0138288366	0.0277371148	-0.0514606403	0.0420811315	-0.0056321357	-0.0344398384	0.0523577323	-0.0365955205	-0.0027074549	-0.0004375658	-0.0269325503	-0.0690736854	0.0130597009	0.0238854691	-0.0102095975	-0.0565906964	-0.0037435686	0.0085073776	0.0475848533	0.825451684242823	-0.998949915727363	0.448081059024295	0.592443852028073
-0.174037	0.000155934	0.0151002	-0.00151247	0.0018731	-0.00302608	0.00120600000000001	-0.018749666	-0.0279066	0.00017029	0	0.00029809	0.071281266	-0.0356971313	-0.0037212726	0.0407694154	-0.0518495163	0.0299041152	0.0110886847	-0.045018557	0.0502739006	-0.0235073292	-0.0182322141	0.0483587652	-0.0476832451	0.0166359256	0.0250076315	-0.0507226006	0.0441298556	-0.0094286395	-0.03127814	0.0520623368	-0.0396854757	0.0020309873	-0.0211822266	0.0427501031	0.0144434599	0.0521635663	0.0012659734	0.0038674843	0.0355978943	-0.0620628437	-0.0391253678	-0.0013746139	0.253738340847494	-0.754152772571974	0.448081059024295	0.592443852028073
-0.166799	0.0620527	0.00305446	-0.00207904	0.0018731	-0.00296129	0.00723799999999999	0.061896766	-0.01204574	-0.00056657	0	6.47899999999999e-05	0.112748506	-0.0358619813	-0.0032708371	0.0403408874	-0.0519697758	0.0308236917	0.0097614921	-0.044190547	0.050750635	-0.025304607	-0.016099885	0.0473509122	-0.048739874	0.0193908153	0.0221871482	-0.049772687	0.0459688572	-0.0131745611	-0.0279283311	0.0514180959	-0.0424808075	0.006752807	0.0238248574	-0.0339100116	-0.03237296	0.0227951971	0.0183983952	-0.0404765406	-0.0358871631	0.0372854991	-0.00311109	0.0303358173	1.02846312389422	-0.505318202559803	0.448081059024295	0.592443852028073
-0.175314	-0.0297269	-0.00567345	-0.00137733	0.0018731	-0.00316623	-0.00851499999999999	-0.0917796	-0.00872791	0.00070171	0	-0.00020494	0.15435501	-0.0360261653	-0.0028201586	0.0399056168	-0.0520745933	0.0317289578	0.0084277735	-0.0433223267	0.0511670547	-0.0270638244	-0.0139376608	0.046236675	-0.0496661877	0.0220848615	0.0192859283	-0.0486148674	0.0475893965	-0.0168498047	-0.024410558	0.0504293264	-0.0449607632	0.0114193591	-0.0486117922	0.0166648864	0.0052484552	0.0252327079	0.0144133347	0.0236723529	0.0087633497	-0.0571448149	0.0073525345	0.0126470811	-1.4394243082217	-0.491853481302413	0.448081059024295	0.592443852028073
-0.18741	0.0789271	0.00182421	-0.00194319	0.0018731	-0.00318095	-0.012096	0.108654	0.00749766	-0.00056586	0	-1.47200000000002e-05	0.15727666	-0.0361896802	-0.0023692706	0.0394636764	-0.0521639377	0.0326194932	0.0070884207	-0.0424146861	0.0515226647	-0.0287823352	-0.0117495564	0.045018557	-0.0504597097	0.024709611	0.016314529	-0.0472539781	0.0489837722	-0.0204346535	-0.0207459769	0.0491026536	-0.0471069319	0.0159924506	0.0313120729	-0.0199105804	0.0120469096	0.0231390199	0.0497764425	-0.0290656063	0.0085815679	0.0517946599	-0.0166150709	0.0216208317	-1.32481511691533	-0.501832117614075	0.448081059024295	0.592443852028073
-0.178171	-0.00964633	0.027434	-0.00163573	0.0018731	-0.00325035	0.009239	-0.08857343	0.02560979	0.00030746	0	-6.93999999999998e-05	0.14226522	-0.036352523	-0.0019182066	0.03901514	-0.0522377823	0.0334948844	0.0057443291	-0.0414684511	0.0518170426	-0.0304575546	-0.0095396348	0.043699295	-0.0511183183	0.027256828	0.0132837629	-0.0456957037	0.0501453577	-0.0239098759	-0.0169566271	0.047446967	-0.0489033805	0.0204346535	-0.0449525878	-0.0150439145	-0.0380041297	-0.0158274069	0.023116524	0.0509006271	-0.0024906682	-0.0156494546	0.0439414352	0.0284726347	0.341788125705466	-0.915992537490509	0.448081059024295	0.592443852028073
-0.178721	0.0447956	-0.00547719	-0.00211688	0.00167729	-0.0032184	-0.000549999999999995	0.05444193	-0.03291119	-0.00048115	-0.00019581	3.19500000000002e-05	0.12334862	-0.0365146908	-0.0014670001	0.0385600826	-0.0522961052	0.0343547251	0.0043963972	-0.0404844828	0.0520498384	-0.0320869629	-0.0073119995	0.0422818529	-0.0516402525	0.0297185201	0.0102046586	-0.0439465533	0.0510686325	-0.027256828	-0.0130652981	0.0454733605	-0.0503367722	0.024709611	0.0300936757	0.0150112945	0.0423240196	0.0368719356	0.0629768969	-0.0074685381	0.0576235989	0.0195126327	-0.039169232	0.0115118803	1.07552229752123	-0.978958751605905	0.448081059024295	0.592443852028073
-0.174407	0.0447849	0.0527424	-0.00199789	0.00180631	-0.00332417	0.00431399999999999	-1.07000000000024e-05	0.05821959	0.00011899	0.00012902	-0.00010577	0.0802332899999999	-0.0366761804	-0.0010156846	0.0380985803	-0.0523388891	0.0351986159	0.0030455261	-0.0394636764	0.0522207755	-0.0336681095	-0.0050707869	0.0407694154	-0.0520241169	0.0320869629	0.0070884207	-0.0420138333	0.0517492091	-0.0304575546	-0.0090953929	0.0431950583	-0.0513964655	0.0287823352	0.0290095717	-0.025409967	-0.0506821442	-0.0419069732	-0.0297850142	-0.002967129	-0.0572474648	0.053540221	0.0427904211	0.0031543942	1.08866801442777	-0.590789863026052	0.448081059024295	0.592443852028073
-0.168776	0.00128884	0.0466365	-0.00161722	0.0018731	-0.00332417	0.005631	-0.04349606	-0.00610589999999999	0.00038067	6.67899999999997e-05	0	0.07760596	-0.0368369888	-0.0005642937	0.0376307102	-0.0523661213	0.0360261653	0.0016926191	-0.0384069609	0.0523296507	-0.0351986159	-0.0028201586	0.0391653804	-0.0522688852	0.0343547251	0.0039463888	-0.0399056168	0.0521838529	-0.0334948844	-0.0050707869	0.0406273263	-0.0520745933	0.0326194932	-0.0532692578	-0.0031818415	0.0497382031	-0.0227187797	-0.0085697189	0.0143632582	0.0286135803	-0.0489952406	0.0327049538	-0.0480033953	1.10327628749694	-0.445993613706107	0.448081059024295	0.592443852028073
-0.178811	0.052308	0.0557161	-0.00184076	0.0016527	-0.00332417	-0.010035	0.05101916	0.00907959999999999	-0.00022354	-0.0002204	0	0.09233076	-0.0369971132	-0.0001128608	0.0371565505	-0.0523777937	0.0368369888	0.0003385804	-0.0373152977	0.0523763346	-0.0366761804	-0.0005642937	0.0374733519	-0.0523739028	0.0365146908	0.0007899965	-0.0376307102	0.0523704984	-0.036352523	-0.0010156846	0.0377873696	-0.0523661213	0.0361896802	0.0400969603	-0.0063998752	0.0446556227	-0.0223722899	0.0279569409	-0.0200846821	0.040150259	0.0435459078	-0.0158232701	-0.0424950392	1.28934131615283	-0.421022508336043	0.448081059024295	0.592443852028073
-0.178831	0.0145551	0.065183	-0.00197677	0.0018731	-0.00332417	-1.99999999999922e-05	-0.0377529	0.00946690000000001	-0.00013601	0.0002204	0	0.0650603	-0.0371565505	0.0003385804	0.0366761804	-0.0523739028	0.0376307102	-0.0010156846	-0.0361896802	0.0523607718	-0.0380985803	0.0016926191	0.0356971313	-0.0523388891	0.0385600826	-0.0023692706	-0.0351986159	0.0523082586	-0.03901514	0.0030455261	0.0346942175	-0.0522688852	0.0394636764	-0.0064569706	-0.0126959981	-0.0514827483	-0.0779283413	0.0007852001	0.0329400819	-0.0507305391	0.0360406871	0.0738820499	-0.0320972894	0.636300648141402	-0.644214991354908	0.448081059024295	0.592443852028073
-0.178821	0.00755006	0.051296	-0.00163423	0.00169915	-0.00332417	9.99999999998224e-06	-0.00700504	-0.013887	0.00034254	-0.00017395	0	0.04672654	-0.0373152977	0.0007899965	0.0361896802	-0.0523544498	0.0384069609	-0.0023692706	-0.0350311327	0.0522829807	-0.0394636764	0.0039463888	0.0338407093	-0.0521639377	0.0404844828	-0.0055199161	-0.0326194932	0.0519974292	-0.0414684511	0.0070884207	0.0313685957	-0.0517836067	0.0424146861	-0.0091910114	0.0600161599	0.0481436884	-0.0380684408	-0.0314130946	0.0107988804	0.0185183058	-0.0363066728	-0.0103748752	-0.060442558	-2.57539349224528	-1.00345853298281	0.448081059024295	0.592443852028073
-0.178831	0.0501326	0.0651944	-0.00208916	0.0018731	-0.00332417	-9.99999999998224e-06	0.04258254	0.0138984	-0.00045493	0.00017395	0	0.08793494	-0.0374733519	0.0012413539	0.0356971313	-0.0523194405	0.0391653804	-0.0037212726	-0.0338407093	0.0521430537	-0.0407694154	0.0061928308	0.0319082567	-0.0518495163	0.0422818529	-0.0086504753	-0.0299041152	0.0514394875	-0.043699295	0.0110886847	0.0278327876	-0.0509138886	0.045018557	0.0382358307	-0.0242503773	0.0134986283	-0.0286628084	-0.0408785111	-0.0452685838	-0.0200529898	0.0561235662	-0.0094226106	-0.0262039584	1.44356221683617	-1.08254082762213	0.448081059024295	0.592443852028073
-0.178808	-0.00802676	0.0653061	-0.00167747	0.00160755	-0.00332417	2.29999999999952e-05	-0.05815936	0.000111700000000006	0.00041169	-0.00026555	0	0.09215606	-0.0376307102	0.0016926191	0.0351986159	-0.0522688852	0.0399056168	-0.0050707869	-0.0326194932	0.0519411573	-0.0420138333	0.0084277735	0.0299041152	-0.0513964655	0.0439465533	-0.0117495564	-0.0270638244	0.050637085	-0.0456957037	0.0150222601	0.024110485	-0.0496661877	0.0472539781	-0.0403402899	-0.0074327905	-0.0236777022	-0.0465543784	-0.0158204296	0.0401903143	-0.0091393998	-0.0293218248	0.0407990869	-0.0163064546	0.929806530396768	-0.822504430048261	0.448081059024295	0.592443852028073
-0.178815	0.00465881	0.0312618	-0.00181322	0.0013959	-0.00332417	-7.000000000007e-06	0.01268557	-0.0340443	-0.00013575	-0.00021165	0	0.06410687	-0.0377873696	0.0021437585	0.0346942175	-0.0522027989	0.0406273263	-0.0064169112	-0.0313685957	0.0516775313	-0.0431950583	0.0106470671	0.0278327876	-0.0508059967	0.0454733605	-0.0148058821	-0.024110485	0.049594035	-0.047446967	0.0188654898	0.0202266294	-0.0480497669	0.0491026536	0.0247148336	0.0469700376	0.0533107001	0.0046088261	0.0058482949	0.0004428771	0.0312878671	-0.0080962091	-0.048211495	-0.0298995304	0.879860446578776	-0.71915321311176	0.448081059024295	0.592443852028073
-0.178826	0.0205376	0.0652853	-0.0022519	0.00161811	-0.00332417	-1.1000000000011e-05	0.01587879	0.0340235	-0.00043868	0.00022221	0	0.08295779	-0.0379433273	0.0025947387	0.0341840202	-0.0521212014	0.0413301739	-0.0077587455	-0.0300891549	0.051352489	-0.044311314	0.0128465907	0.0256989275	-0.0500796887	0.0468574839	-0.0178083308	-0.0210564335	0.0483152946	-0.04894369	0.0225952602	0.0162072446	-0.0460766263	0.0505494535	0.0260274948	-0.0099717058	-0.0435598141	-0.0175517416	-0.0927962736	-0.0020775982	-0.0540004651	0.0081550567	0.0005537423	0.0130873324	-2.2566399031009	-0.72891970524713	0.448081059024295	0.592443852028073
-0.175733	0.0040021	0.0483291	-0.00181549	0.00160256	-0.00332417	0.00309300000000001	-0.0165355	-0.0169562	0.00043641	-1.555e-05	0	0.0591827	-0.0380985803	0.0030455261	0.0336681095	-0.0520241169	0.0420138333	-0.0090953929	-0.0287823352	0.0509664168	-0.0453609212	0.0150222601	0.0235073292	-0.0492194833	0.0480945804	-0.0207459769	-0.0179144269	0.0468069407	-0.050177843	0.02618914	0.0120792627	-0.0437614146	0.0515825363	-0.0531958225	0.0290920456	0.0236825663	0.0359004497	-0.0839012929	0.0133446809	0.0131565438	-0.0793920754	-0.0092160375	-0.0056737696	-2.10812896667726	-0.725469033220407	0.448081059024295	0.592443852028073
-0.18397	0.051631	0.0439192	-0.00238457	0.0013959	-0.00363936	-0.00823699999999999	0.0476289	-0.00440990000000001	-0.00056908	-0.00020666	-0.00031519	0.1148223	-0.0382531258	0.0034960873	0.0331465714	-0.0519115742	0.042677987	-0.0104259597	-0.0274493255	0.0505197734	-0.0463423012	0.0171700353	0.0212629165	-0.0482276804	0.0491807684	-0.0236081307	-0.0146975897	0.0450761418	-0.0511428052	0.0296255153	0.0078703433	-0.0411213197	0.0521934471	0.0417440672	-0.0161370887	0.0219434974	0.0476775602	-0.0366060713	-0.0425802261	0.0118045599	0.0341492034	-0.059336555	0.0284666618	-2.13378351235394	-0.894414000915558	0.448081059024295	0.592443852028073
-0.183895	0.008925	0.078047	-0.00182239	0.00162321	-0.00353823	7.49999999999917e-05	-0.042706	0.0341278	0.00056218	0.00022731	0.00010113	0.1214398	-0.0384069609	0.0039463888	0.0326194932	-0.0517836067	0.0433223267	-0.0117495564	-0.0260913389	0.0500130897	-0.0472539781	0.0192859283	0.018970732	-0.0471069319	0.0501126395	-0.0263843771	-0.0114193591	0.0431311232	-0.0518333998	0.0328837193	0.0036086884	-0.0381759417	0.0523771858	-0.0275639962	-0.013960484	-0.0855647315	0.0097033262	-0.0330566224	0.0606991841	-0.0395086901	-0.0210971065	0.0456412164	0.0587857945	-2.35673451416378	-1.36525888528757	0.448081059024295	0.592443852028073
-0.178831	0.0053729	0.0422231	-0.00199266	0.00145425	-0.00342431	0.00506400000000001	-0.0035521	-0.0358239	-0.00017027	-0.00016896	0.00011392	0.0670975	-0.0385600826	0.0043963972	0.0320869629	-0.0516402525	0.0439465533	-0.0130652981	-0.024709611	0.0494469678	-0.0480945804	0.0213660101	0.0166359256	-0.0458602343	0.0508872699	-0.0290646136	-0.0080934286	0.0409811285	-0.0522459219	0.0359441567	-0.0006771467	-0.0349471469	0.0521322486	0.0348697671	0.0257582249	0.056494066	0.0543730819	-0.0568439972	0.0015206673	0.0811181785	-0.0094303529	-0.0365439013	0.0048177556	-1.45879418453835	-1.38983910611841	0.448081059024295	0.592443852028073
-0.195838	0.0615902	0.0461145	-0.00235922	0.00176147	-0.00357036	-0.017007	0.0562173	0.0038914	-0.00036656	0.00030722	-0.00014605	0.1181072	-0.0387124883	0.0048460789	0.0315490697	-0.0514815542	0.0445503769	-0.0143723053	-0.0233053991	0.0488220806	-0.048862844	0.0234064185	0.014263743	-0.0444909208	0.051502229	-0.0316390872	-0.0047336909	0.0386363752	-0.0523781585	0.0387884217	-0.0049584444	-0.0314589057	0.0514606403	-0.0212890478	-0.0390107372	-0.0595050367	0.02328429	-0.0128439243	-0.0409799381	-0.0806009168	0.0173324759	0.025301508	0.0351827109	-0.936912876253578	-1.39326154301222	0.448081059024295	0.592443852028073
-0.169877	-0.0314698	0.0168371	-0.00220783	0.00149312	-0.00320482	0.025961	-0.09306	-0.0292774	0.00015139	-0.00026835	0.00036554	0.1875624	-0.0388641751	0.0052954007	0.0310059033	-0.0513075588	0.0451335173	-0.015669704	-0.0218799809	0.0481391707	-0.0495576132	0.0254033645	0.0118595137	-0.0430026525	0.0519555872	-0.0340984296	-0.0013541801	0.0361080066	-0.0522294002	0.0413994086	-0.009206518	-0.0277371148	0.0503678575	0.0044479338	0.0517210552	0.0116299264	0.0374095934	-0.0281425832	0.0425302272	0.0186739984	-0.0368063472	-0.042097472	-0.0053638922	0.092548757407192	-1.39843024939947	0.448081059024295	0.592443852028073
-0.154422	0.0882602	-0.021975	-0.00294642	0.00153385	-0.00285631	0.015455	0.11973	-0.0388121	-0.00073859	4.07300000000001e-05	0.00034851	0.2303886	-0.03901514	0.0057443291	0.0304575546	-0.0511183183	0.0456957037	-0.0169566271	-0.0204346535	0.0473990497	-0.050177843	0.0273531403	0.0094286395	-0.0413994086	0.0522459219	-0.0364336915	0.0020309873	0.0334080384	-0.0518004449	0.0437614146	-0.013392903	-0.0238094045	0.048862844	-0.0073391785	-0.0437490831	-0.0049293855	0.0452861277	0.0346548703	-0.0391954913	-0.0138631329	0.0202831188	0.0178147175	0.0333559432	0.096202219912961	-1.29928392326918	0.448081059024295	0.592443852028073
-0.150445	-0.0564914	-0.026637	-0.00252531	0.0013959	-0.00302817	0.00397700000000001	-0.1447516	-0.004662	0.00042111	-0.00013795	-0.00017186	0.1899366	-0.0391653804	0.0061928308	0.0299041152	-0.0509138886	0.046236675	-0.0182322141	-0.018970732	0.0466025972	-0.0507226006	0.0292521253	0.0069765817	-0.0396854757	0.0523723222	-0.0386363752	0.005407671	0.030549302	-0.051093594	0.0458602343	-0.0174895484	-0.0197049341	0.0469579174	0.0008084946	0.038471495	-0.0196320479	0.07538927	0.0349229919	-0.0012865058	-0.0097950593	-0.0391634367	-0.0454456265	0.0485159673	0.489439932379428	-1.22750826986422	0.448081059024295	0.592443852028073
-0.153828	0.05661	0.0191215	-0.00277489	0.0015935	-0.00302817	-0.003383	0.1131014	0.0457585	-0.00024958	0.0001976	0	0.1846019	-0.0393148935	0.0066408724	0.0293456776	-0.0506943307	0.0467561802	-0.0194956122	-0.0174895484	0.0457507597	-0.0511910666	0.0310967934	0.0045088495	-0.0378654364	0.0523343914	-0.0406984653	0.0087617663	0.0275453833	-0.0501126395	0.0476832451	-0.0214690046	-0.015454175	0.0446686685	0.0257675994	-0.0402690375	-0.0479559917	0.0293877858	-0.043880923	-0.0258346965	-0.0336102681	0.024749304	0.033964072	0.0495530716	0.683620544363658	-1.07089274643724	0.448081059024295	0.592443852028073
-0.151623	0.000597476	0.0285893	-0.00242759	0.00162388	-0.00284958	0.00220499999999998	-0.056012524	0.0094678	0.0003473	3.038e-05	0.00017859	0.095498824	-0.0394636764	0.0070884207	0.0287823352	-0.0504597097	0.0472539781	-0.0207459769	-0.0159924506	0.0448445497	-0.0515825363	0.0328837193	0.0020309873	-0.0359441567	0.0521322486	-0.0426124582	0.0120792627	0.024410558	-0.048862844	0.0492194833	-0.025304607	-0.0110886847	0.0420138333	-0.0365902319	0.0585927919	-0.0086645056	0.0137239105	-0.0333003509	0.033498906	-0.0056761985	-0.0504896375	0.0007258606	-0.0096084976	0.637168979865029	-1.07228855215868	0.448081059024295	0.592443852028073
-0.151606	0.0741924	0.00986606	-0.00284908	0.0013959	-0.00302817	1.7000000000017e-05	0.073594924	-0.01872324	-0.00042149	-0.00022798	-0.00017859	0.133738164	-0.0396117264	0.0075354425	0.028214182	-0.0502100954	0.0477298374	-0.0219824722	-0.0144808008	0.043885044	-0.051896421	0.034609585	-0.0004514381	-0.0339267737	0.051766528	-0.044371389	0.0153463027	0.0211597241	-0.0473509122	0.0504597097	-0.0289706552	-0.0066408724	0.03901514	0.0497619721	-0.0444293321	0.0167576175	0.0292179212	-0.0329098852	-0.0371273234	0.0216448887	0.0426942781	-0.0165846427	0.0386577725	0.817500899902494	-1.09700183051832	0.448081059024295	0.592443852028073
-0.163393	0.043721	0.040954	-0.00225574	0.00156736	-0.00284611	-0.011787	-0.0304714	0.03108794	0.00059334	0.00017146	0.00018206	0.12068934	-0.0397590408	0.0079819045	0.0276413132	-0.0499455618	0.0481835374	-0.0232042715	-0.0129559745	0.0428733831	-0.0521322486	0.0362711858	-0.0029328492	-0.0318186811	0.0512383773	-0.0459688572	0.0185492395	0.0178083308	-0.0455849554	0.0513964655	-0.0324425845	-0.0021437585	0.0356971313	-0.0656681544	-0.0223040193	-0.0529759736	0.0047815216	0.0105453487	0.0065278195	-0.0207995873	-0.0310702232	0.0368569534	0.0213089336	0.628722962017583	-0.907839311795189	0.448081059024295	0.592443852028073
-0.164478	0.0472022	0.0248214	-0.00258844	0.00180424	-0.00283281	-0.00108499999999997	0.0034812	-0.0161326	-0.0003327	0.00023688	1.32999999999999e-05	0.0498428	-0.0399056168	0.0084277735	0.0270638244	-0.0496661877	0.0486148674	-0.024410558	-0.0114193591	0.0418107693	-0.0522896643	0.0378654364	-0.005407671	-0.0296255153	0.0505494535	-0.0473990497	0.021674694	0.0143723053	-0.0435744473	0.0520241169	-0.0356971313	0.0023692706	0.0320869629	0.0439548995	0.0212629709	0.0527080034	-0.0213478144	0.034235843	-0.0161145386	0.0449150582	0.071141214	-0.0051574732	-0.0566732594	0.996900632094074	0.103501245718178	0.448081059024295	0.592443852028073
-0.169239	0.0567577	0.0309236	-0.00297307	0.00183094	-0.00302817	-0.00476100000000002	0.0095555	0.0061022	-0.00038463	2.67000000000002e-05	-0.00019536	0.0507532	-0.0400514517	0.0088730165	0.0264818121	-0.0493720561	0.049023627	-0.0256005252	-0.009872353	0.0406984653	-0.0523684314	0.0393893764	-0.0078703433	-0.0273531403	0.0497019183	-0.0486567622	0.024709611	0.0108679768	-0.0413301739	0.0523388891	-0.0387124883	0.0068647103	0.028214182	-0.0265004617	-0.0112935939	-0.024177637	-0.0801416027	0.0604133944	-0.0361794464	-0.0485900005	0.0181248963	0.049935368	-0.0654963268	1.11251897321028	0.257732925732945	0.448081059024295	0.592443852028073
-0.162934	-0.0335084	-0.000753864	-0.00269946	0.00191503	-0.00272298	0.00630500000000001	-0.0902661	-0.031677464	0.00027361	8.409e-05	0.00030519	0.161393064	-0.0401965428	0.0093176004	0.0258953737	-0.0490632542	0.0494096266	-0.0267733776	-0.0083163637	0.0395377932	-0.0523684314	0.0408401761	-0.0103153331	-0.0250076315	0.0486984311	-0.0497374181	0.0276413132	0.0073119995	-0.0388641751	0.0523388891	-0.0414684511	0.0113091867	0.024110485	0.0103500462	0.0466686282	0.0065539594	-0.0456340629	0.0315226533	0.0365744647	0.0279176939	-0.0232474016	-0.0287614878	-0.0382674221	0.924284788331493	-0.01045116698331	0.448081059024295	0.592443852028073
-0.15218	0.000936893	-0.012038	-0.00262885	0.00200171	-0.00261601	0.010754	0.034445293	-0.011284136	7.061e-05	8.66799999999998e-05	0.00010697	0.0696964289999999	-0.0403408874	0.0097614921	0.025304607	-0.048739874	0.049772687	-0.0279283311	-0.006752807	0.0383301323	-0.0522896643	0.0422151417	-0.0127371473	-0.0225952602	0.0475421407	-0.050637085	0.0304575546	0.0037212726	-0.0361896802	0.0520241169	-0.0439465533	0.015669704	0.0198094581	-0.0007443345	-0.0033945551	0.0730675785	0.0193374393	0.0094769002	-0.0242158866	0.0452262398	-0.0119214803	-0.0366851283	-0.0013655907	0.797148643154779	-0.523416354653407	0.448081059024295	0.592443852028073
-0.159176	0.0669855	0.0163769	-0.00374306	0.00165459	-0.00234767	-0.00699600000000003	0.066048607	0.0284149	-0.00111421	-0.00034712	0.00026834	0.187943007	-0.0404844828	0.0102046586	0.024709611	-0.0484020114	0.0501126395	-0.0290646136	-0.0051831058	0.0370769179	-0.0521322486	0.0435117199	-0.0151303447	-0.0201224762	0.046236675	-0.051352489	0.0331465714	0.0001128608	-0.0333210373	0.0513964655	-0.0461301902	0.0199138901	0.0153463027	0.0215866129	-0.0434345919	-0.0335301482	0.0344119752	0.0196337868	-0.0232927293	-0.0240252764	0.0711356302	0.0109746981	0.0713560648	0.760604537275443	-0.509844203961802	0.448081059024295	0.592443852028073
-0.15721	-0.033421	0.00178949	-0.00259322	0.00175143	-0.00229898	0.00196600000000002	-0.1004065	-0.01458741	0.00114984	9.684e-05	4.86900000000001e-05	0.18172841	-0.0406273263	0.0106470671	0.024110485	-0.0480497669	0.0504293264	-0.0301814655	-0.0036086884	0.0357796393	-0.051896421	0.0447275033	-0.0174895484	-0.0175958911	0.0447861304	-0.051881027	0.0356971313	-0.0034960873	-0.0302736359	0.0504597097	-0.0480047303	0.0240102362	0.010757547	-0.0527608628	-0.0357177944	0.0090100287	0.0049073637	0.0396939245	-0.0130919045	0.026228375	-0.0169907045	0.0620374346	0.0113632016	0.892822960549405	-0.609499442130254	0.448081059024295	0.592443852028073
-0.154827	0.101428	9.73427e-05	-0.00281405	0.00191359	-0.00242481	0.002383	0.134849	-0.0016921473	-0.00022083	0.00016216	-0.00012583	0.1643651473	-0.0407694154	0.0110886847	0.0235073292	-0.0476832451	0.0507226006	-0.03127814	-0.0020309873	0.0344398384	-0.0515825363	0.0458602343	-0.0198094581	-0.0150222601	0.0431950583	-0.0522207755	0.0380985803	-0.0070884207	-0.0270638244	0.0492194833	-0.0495576132	0.0279283311	0.0060807472	0.0151997532	0.0338644782	0.0039425346	-0.0354586596	0.0552334433	0.0095150638	-0.0110095706	0.0319464013	-0.0323567538	-0.0399590413	1.24427674009136	-0.887728050108545	0.448081059024295	0.592443852028073
-0.152917	-0.0270398	-0.039484	-0.00252688	0.00188227	-0.00246246	0.00190999999999999	-0.1284678	-0.0395813427	0.00028717	-3.132e-05	-3.76500000000002e-05	0.1877661427	-0.0409107473	0.0115294786	0.0229002443	-0.047302555	0.050992326	-0.032353904	-0.0004514381	0.0330591074	-0.0511910666	0.0469078096	-0.0220848615	-0.0124084642	0.0414684511	-0.0523704984	0.0403408874	-0.0106470671	-0.0237088227	0.0476832451	-0.0507784337	0.0316390872	0.0013541801	-0.0181688634	0.0332327082	0.0170671969	-0.0370096417	0.052488241	0.023223751	0.0136396916	-0.018621392	0.0191098737	0.0017048661	0.78500036445486	-0.984178256329332	0.448081059024295	0.592443852028073
-0.169141	0.0406789	-0.00649995	-0.0029442	0.00203482	-0.00255305	-0.016224	0.0677187	0.03298405	-0.00041732	0.00015255	-9.05899999999998e-05	0.14994975	-0.0410513194	0.011969416	0.0222893319	-0.0469078096	0.0512383773	-0.0334080384	0.0011285219	0.0316390872	-0.0507226006	0.0478682839	-0.0243106464	-0.0097614921	0.0396117264	-0.0523296507	0.0424146861	-0.0141551145	-0.0202266294	0.0458602343	-0.0516590118	0.0351149558	-0.0033834701	0.0141819027	0.0077347923	-0.0317837404	0.0299760942	0.0030272699	0.0093732357	-0.0090057195	-0.0388182994	-0.0610903102	0.0242550555	0.97426238193907	-1.37614159709175	0.448081059024295	0.592443852028073
-0.169146	-0.00516019	-0.0229641	-0.00263693	0.00194687	-0.00265365	-4.99999999997725e-06	-0.04583909	-0.01646415	0.00030727	-8.79500000000001e-05	-0.0001006	0.08709924	-0.0411911291	0.0124084642	0.021674694	-0.0464991262	0.0514606403	-0.0344398384	0.0027074549	0.0301814655	-0.050177843	0.048739874	-0.0264818121	-0.0070884207	0.0376307102	-0.0520983812	0.044311314	-0.0175958911	-0.0166359256	0.0437614146	-0.0521934471	0.0383301323	-0.0080934286	-0.0507677245	-0.0159327229	-0.0089966244	0.0740640042	-0.0184684957	0.0328007087	0.0196961354	-0.0607464653	-0.0191631349	0.077539854	1.01529314723818	-1.37155820323277	0.448081059024295	0.592443852028073
-0.169166	0.0645886	0.00644898	-0.00296846	0.001895	-0.00272351	-2.000000000002e-05	0.06974879	0.02941308	-0.00033153	-5.18700000000001e-05	-6.98600000000001e-05	0.12184487	-0.0413301739	0.0128465907	0.0210564335	-0.0460766263	0.0516590118	-0.0354486142	0.0042839244	0.0286879745	-0.0495576132	0.0495209612	-0.0285934806	-0.0043963972	0.0355316183	-0.0516775313	0.0460228486	-0.0209530451	-0.0129559745	0.0413994086	-0.0523781585	0.0412607473	-0.0127371473	0.0229973866	-0.0005119463	0.0050040435	0.0940790876	0.0604473895	-0.0172437509	0.0218594602	-0.0022817338	-0.0728420904	0.0540133388	0.608370426422172	-1.36089915456373	0.448081059024295	0.592443852028073
-0.164551	0.0110109	0.0127407	-0.00285903	0.00182972	-0.00252205	0.00461500000000001	-0.0535777	0.00629172	0.00010943	-6.528e-05	0.00020146	0.08329292	-0.0414684511	0.0132837629	0.0204346535	-0.0456404355	0.0518333998	-0.0364336915	0.0058564958	0.0271603893	-0.048862844	0.0502100954	-0.0306409077	-0.0016926191	0.0333210373	-0.0510686325	0.0475421407	-0.0242106219	-0.009206518	0.0387884217	-0.0522119084	0.043885044	-0.01727662	0.0342498232	-0.0375972607	-0.0458462883	-0.0183207435	-0.0228461765	0.0523636585	-0.0181400033	0.0348869962	0.0482003741	0.0200964776	0.921120424683541	-0.107333579949184	0.448081059024295	0.592443852028073
-0.169164	0.0718385	0.00823901	-0.00272357	0.00192698	-0.00272351	-0.00461300000000001	0.0608276	-0.00450169	0.00013546	9.726e-05	-0.00020146	0.09165129	-0.0416059582	0.0137199483	0.0198094581	-0.0451906832	0.0519837232	-0.0373944116	0.0074237382	0.0256005252	-0.0480945804	0.0508059967	-0.0326194932	0.0010156846	0.0310059033	-0.0502739006	0.048862844	-0.0273531403	-0.005407671	0.0359441567	-0.0516958108	0.0461835398	-0.021674694	-0.0514999756	-0.0349618693	0.0610256525	-0.0026146228	0.0494273376	-0.0561316544	0.0339304252	-0.0373395426	0.0047920821	-0.0110932093	0.472023941864788	-0.261290314698941	0.448081059024295	0.592443852028073
-0.169178	0.0559863	0.0563287	-0.00309709	0.0018449	-0.00272351	-1.39999999999862e-05	-0.0158522	0.04808969	-0.00037352	-8.20799999999998e-05	0	0.08673589	-0.0417426926	0.0141551145	0.0191809517	-0.0447275033	0.0521099123	-0.0383301323	0.0089842256	0.0240102362	-0.0472539781	0.0513075588	-0.0345247919	0.0037212726	0.0285934806	-0.0492962274	0.0499794418	-0.0303656657	-0.0015798132	0.0328837193	-0.0508333239	0.0481391707	-0.0258953737	0.015248205	0.0466151011	-0.0288939392	-0.0336761355	0.0512851278	0.037342214	-0.0464888938	0.0247682072	-0.0163200505	-0.0547901551	-0.296345623354965	0.088152870533166	0.448081059024295	0.592443852028073
-0.150095	0.0205964	0.0564972	-0.00273803	0.00164715	-0.00272351	0.019083	-0.0353899	0.000168500000000002	0.00035906	-0.00019775	0	0.0824819	-0.0418786518	0.0145892291	0.0185492395	-0.0442510332	0.0522119084	-0.0392402281	0.0105365379	0.0223914121	-0.0463423012	0.0517138504	-0.036352523	0.0064169112	0.0260913389	-0.0481391707	0.0508872699	-0.0332338815	0.0022565198	0.0296255153	-0.0496302266	0.0497374181	-0.0299041152	0.0579754972	-0.0331998877	0.0526384547	-0.0260420506	-0.0247675314	-0.0006640768	0.0618042146	0.0475091601	0.0053511386	-0.0377145274	-0.473509833572133	0.154361561967492	0.448081059024295	0.592443852028073
-0.144525	0.0680462	0.0950443	-0.00263384	0.0013959	-0.00272351	0.00557000000000002	0.0474498	0.0385471	0.00010419	-0.00025125	0	0.1093389	-0.0420138333	0.0150222601	0.0179144269	-0.0437614146	0.0522896643	-0.0401240904	0.0120792627	0.0207459769	-0.0453609212	0.0520241169	-0.0380985803	0.0090953929	0.0235073292	-0.0468069407	0.0515825363	-0.0359441567	0.0060807472	0.02618914	-0.0480945804	0.0509664168	-0.0336681095	-0.0341235933	-0.0511643304	-0.0138890912	-0.0302343759	0.0089323287	-0.0415065798	-0.0292499039	-0.0057720037	0.0442362265	0.000434555	0.972935903451821	0.116650988756485	0.448081059024295	0.592443852028073
-0.142385	0.00730749	0.117606	-0.00226951	0.00165616	-0.00272351	0.00214	-0.06073871	0.0225617	0.00036433	0.00026026	0	0.11666991	-0.0421482344	0.015454175	0.01727662	-0.0432587929	0.0523431439	-0.0409811285	0.0136109962	0.0190758861	-0.044311314	0.0522377823	-0.0397590408	0.0117495564	0.0208495594	-0.0453043854	0.0520623368	-0.0384836111	0.009872353	0.0225952602	-0.046236675	0.0518170426	-0.0371565505	-0.0307385885	0.0700717563	-0.0125228292	-0.0337464005	-0.0510577999	0.0520114045	-0.0160255239	-0.0614738497	0.0044956178	-0.0605644857	0.002191786717077	0.146982972960721	0.448081059024295	0.592443852028073
-0.140823	0.0143009	0.0859622	-0.00220792	0.00158332	-0.00272351	0.00156199999999998	0.00699341	-0.0316438	6.15900000000003e-05	-7.284e-05	0	0.04692071	-0.0422818529	0.015884942	0.0166359256	-0.0427433176	0.0523723222	-0.0418107693	0.0151303447	0.0173831246	-0.0431950583	0.0523544498	-0.0413301739	0.0143723053	0.018126369	-0.0436369724	0.052324667	-0.0408401761	0.0136109962	0.0188654898	-0.0440689593	0.0522829807	-0.0403408874	0.0575026924	0.0031277511	0.0474787057	-0.0119579579	-0.00702664	-0.0068045543	0.032498041	0.0477098409	-0.0406234412	-0.0149395972	-2.38165067114291	0.150318649953971	0.448081059024295	-1.68540061352814
-0.152342	0.0309912	0.11781	-0.00263136	0.00159937	-0.00307274	-0.011519	0.0166903	0.0318478	-0.00042344	1.60499999999999e-05	-0.00034923	0.0994931	-0.0424146861	0.016314529	0.0159924506	-0.0422151417	0.0523771858	-0.0426124582	0.0166359256	0.015669704	-0.0420138333	0.0523739028	-0.0428084497	0.0169566271	0.0153463027	-0.0418107693	0.0523684314	-0.0430026525	0.01727662	0.0150222601	-0.0416059582	0.0523607718	-0.0431950583	0.0018055605	-0.0263840302	-0.043415397	-0.0458132723	-0.0369492073	-0.0077269108	-0.0340295153	0.0137551694	0.0503218095	-0.0068676463	1.05364641696558	0.170899855589614	-2.22840312389761	-1.68540061352814
-0.146031	-0.00938028	0.0991624	-0.00226418	0.0015266	-0.00317442	0.00631100000000001	-0.04037148	-0.0186476	0.00036718	-7.277e-05	-0.00010168	0.09241158	-0.0425467316	0.016742904	0.0153463027	-0.0416744222	0.0523577323	-0.0433856593	0.018126369	0.0139376608	-0.0407694154	0.0522961052	-0.044190547	0.0194956122	0.0125180835	-0.0398324213	0.0521934471	-0.0449607632	0.0208495594	0.0110886847	-0.0388641751	0.0520498384	-0.0456957037	-0.0353402987	0.0479577617	0.0268011692	-0.0226017667	-0.0624037507	0.0048127763	0.0032918398	-0.0538893503	0.0092209256	-0.0464074512	-0.674358809345323	0.176992773922064	-2.22840312389761	-1.68540061352814
-0.149998	0.0453515	0.124588	-0.0026086	0.0013959	-0.00297821	-0.003967	0.05473178	0.0254256	-0.00034442	-0.0001307	0.00019621	0.11769088	-0.042677987	0.0171700353	0.0146975897	-0.0411213197	0.0523139709	-0.0441298556	0.0196003187	0.0121890533	-0.0394636764	0.0521212014	-0.0454733605	0.0219824722	0.0096505858	-0.0377091275	0.0518004449	-0.0467052026	0.0243106464	0.0070884207	-0.0358619813	0.051352489	-0.0478223571	0.044643208	-0.0011557719	0.0215419558	0.0115835465	0.0174912175	-0.0383452599	-0.000890773	0.0405279021	-0.0649327037	0.0046890237	0.761600860091281	0.190453165679998	-2.22840312389761	0.592443852028073
-0.154326	-0.00632827	0.153684	-0.00241485	0.0013959	-0.00317442	-0.004328	-0.05167977	0.029096	0.00019375	0	-0.00019621	0.10460177	-0.0428084497	0.0175958911	0.0140464202	-0.0405559987	0.0522459219	-0.0448445497	0.0210564335	0.0104259597	-0.0380985803	0.0518495163	-0.0466540082	0.024410558	0.006752807	-0.0354486142	0.0511910666	-0.0482276804	0.0276413132	0.0030455261	-0.0326194932	0.0502739006	-0.0495576132	0.0240172774	-0.0161156544	-0.0631429034	-0.0506021402	-0.0673130467	0.0449911661	-0.0265257636	0.0189425262	0.0770830003	0.0030423494	0.111905806729851	0.20433722969937	0.448081059024295	0.592443852028073
-0.148523	0.0290513	0.0993187	-0.0023957	0.00171557	-0.00298362	0.005803	0.03537957	-0.0543653	1.91500000000003e-05	0.00031967	0.0001908	0.12202887	-0.0429381175	0.0180204398	0.013392903	-0.0399786271	0.0521536168	-0.0455292636	0.0224933884	0.0086504753	-0.0366761804	0.0514815542	-0.0477298374	0.0267733776	0.0038338396	-0.0330591074	0.0503678575	-0.0495209612	0.0308236917	-0.0010156846	-0.0291584371	0.0488220806	-0.0508872699	-0.0516650297	0.0199346498	0.0640196033	0.0025893578	-0.0494354945	-0.0546700201	0.0151756332	-0.0515000209	-0.0004154138	-0.0349177965	0.807974068387489	0.177111816998618	0.448081059024295	0.592443852028073
-0.146385	0.026923	0.140123	-0.00250972	0.00159717	-0.00295515	0.002138	-0.0021283	0.0408043	-0.00011402	-0.0001184	2.84700000000001e-05	0.0581151	-0.0430669878	0.0184436498	0.0127371473	-0.0393893764	0.0520370985	-0.0461835398	0.0239098759	0.0068647103	-0.0351986159	0.0510179984	-0.0486984311	0.0290646136	0.0009028426	-0.030549302	0.0493342563	-0.0505788988	0.0338407093	-0.0050707869	-0.0255020041	0.0470078072	-0.0518004449	0.0343057914	0.0426392685	-0.0371467451	0.0107230007	0.0075686465	0.0233055789	-0.0445118794	0.0171595804	-0.0531100512	0.0057649041	0.121237166010347	0.129754811603442	0.448081059024295	0.592443852028073
-0.144948	-0.00622863	0.110956	-0.00224173	0.0013959	-0.00290845	0.00143699999999999	-0.03315163	-0.029167	0.00026799	-0.00020127	4.67000000000002e-05	0.08955363	-0.0431950583	0.0188654898	0.0120792627	-0.0387884217	0.051896421	-0.0468069407	0.025304607	0.0050707869	-0.0336681095	0.0504597097	-0.0495576132	0.03127814	-0.0020309873	-0.0279283311	0.0480945804	-0.0513964655	0.0366761804	-0.0090953929	-0.021674694	0.0448445497	-0.0522896643	0.0316887478	-0.0326670728	0.0256817775	-0.0085669695	-0.075899731	0.0057671381	0.0426753361	-0.0075508307	0.0251454647	-0.0057962239	0.574390046254792	0.109932033622585	0.448081059024295	-1.68540061352814
-0.153403	0.0656868	0.123256	-0.0025957	0.00167942	-0.00294155	-0.00845499999999999	0.07191543	0.0123	-0.00035397	0.00028352	-3.30999999999999e-05	0.12619993	-0.0433223267	0.0192859283	0.0114193591	-0.0381759417	0.0517316498	-0.0473990497	0.0266763128	0.0032708371	-0.0320869629	0.0498077248	-0.0503054532	0.0334080384	-0.0049584444	-0.0252057321	0.0466540082	-0.0519697758	0.0393148935	-0.0130652981	-0.017702152	0.0423483678	-0.0523509242	-0.0584755771	-0.0282724217	-0.0149585677	0.0039638019	-0.0130904676	-0.044764558	-0.0451136495	-0.0549735563	-0.0083338098	0.0129508942	0.524758223789571	-0.116316671337341	-2.22840312389761	0.592443852028073
-0.148298	0.00791056	0.123296	-0.0023773	0.00165709	-0.00317442	0.00510499999999997	-0.05777624	4.00000000000122e-05	0.0002184	-2.23300000000001e-05	-0.00023287	0.08660124	-0.0434487905	0.0197049341	0.010757547	-0.0375521182	0.0515428613	-0.0479594708	0.028023745	0.0014670001	-0.0304575546	0.0490632542	-0.050940271	0.0354486142	-0.0078703433	-0.0223914121	0.045018557	-0.0522961052	0.0417426926	-0.0169566271	-0.0136109962	0.0395377932	-0.0519837232	0.0139785327	0.0619487061	0.0048572715	0.0234936453	-0.0103867604	0.0714095327	0.0207301641	-0.0233335002	-0.0278243434	-0.0165720269	-0.363164781224559	-0.158298154384608	-2.22840312389761	0.592443852028073
-0.169164	0.055466	0.142277	-0.00273393	0.00162224	-0.00284123	-0.020866	0.04755544	0.018981	-0.00035663	-3.48499999999999e-05	0.00033319	0.12363594	-0.0435744473	0.0201224762	0.0100939368	-0.0369171367	0.0513301431	-0.0484878293	0.0293456776	-0.0003385804	-0.0287823352	0.0482276804	-0.0514606403	0.0373944116	-0.010757547	-0.0194956122	0.0431950583	-0.0523739028	0.0439465533	-0.0207459769	-0.0094286395	0.0364336915	-0.0511910666	0.0209550495	-0.0346748931	0.0433041322	-0.0038733005	-0.0748555025	-0.0434921972	0.0229566172	0.0269800201	0.0142125459	-4.33074e-05	0.841276290959538	-0.267679913991989	-2.22840312389761	0.592443852028073
-0.162901	0.0325352	0.142249	-0.00247343	0.00179997	-0.0029388	0.00626300000000002	-0.0229308	-2.79999999999725e-05	0.0002605	0.00017773	-9.757e-05	0.0560118	-0.043699295	0.0205385235	0.0094286395	-0.0362711858	0.051093594	-0.0489837722	0.0306409077	-0.0021437585	-0.0270638244	0.047302555	-0.051865392	0.0392402281	-0.0136109962	-0.01652887	0.0411911291	-0.0522027989	0.0459146523	-0.024410558	-0.0051831058	0.0330591074	-0.0499794418	-0.0346236746	0.0331857399	-0.0460565244	0.0078313614	-0.0228271943	0.0339558512	-0.0627636048	-0.0342699278	-0.0140356538	0.0210962639	0.592393290016047	-0.558034868874234	-2.22840312389761	0.592443852028073
-0.164962	-0.00561584	0.0832943	-0.00237802	0.00169985	-0.00301073	-0.00206100000000001	-0.03815104	-0.0589547	9.54100000000002e-05	-0.00010012	-7.193e-05	0.11253974	-0.043823331	0.0209530451	0.0087617663	-0.0356144575	0.0508333239	-0.0494469678	0.0319082567	-0.0039463888	-0.025304607	0.0462895956	-0.0521536168	0.0409811285	-0.0164217376	-0.0135019809	0.03901514	-0.0517836067	0.0476364314	-0.0279283311	-0.0009028426	0.0294390937	-0.0483587652	0.0375064287	0.0034414863	0.0095859295	0.0724529413	-0.0470880326	0.0447082489	0.0472907524	-0.0192354159	-0.0380094358	0.0273382882	-0.192105104756155	-0.580931068763882	-2.22840312389761	0.592443852028073
-0.166031	0.0699067	0.0466387	-0.0028149	0.00147344	-0.00283129	-0.00106899999999999	0.07552254	-0.0366556	-0.00043688	-0.00022641	0.00017944	0.15538364	-0.0439465533	0.0213660101	0.0080934286	-0.0349471469	0.0505494535	-0.0498771065	0.0331465714	-0.0057443291	-0.0235073292	0.0451906832	-0.052324667	0.0426124582	-0.0191809517	-0.0104259597	0.0366761804	-0.0511183183	0.0491026536	-0.03127814	0.0033834701	0.0256005252	-0.0463423012	-0.0322515681	-0.0723165567	-0.0147955384	0.0982521091	0.0341700839	-0.0420170224	-0.0004990673	-0.0154419046	0.0046579849	0.1121071984	0.154823534384058	-0.550978717329018	-2.22840312389761	0.592443852028073
-0.160051	-0.00603813	0.0722074	-0.00286664	0.0013959	-0.0029407	0.00597999999999999	-0.07594483	0.0255687	-5.17400000000002e-05	-7.75399999999999e-05	-0.000109409999999999	0.11942803	-0.0440689593	0.021777388	0.0074237382	-0.0342694522	0.0502421146	-0.0502739006	0.0343547251	-0.0075354425	-0.021674694	0.0440078585	-0.0523781585	0.0441298556	-0.0218799809	-0.0073119995	0.0341840202	-0.0502100954	0.0503054532	-0.0344398384	0.0076471118	0.0215718994	-0.0439465533	-0.0282464934	0.0479498865	-0.0396264529	0.0899056504	-0.0015193712	0.0486910449	-0.0096843696	-0.0594954823	-0.0184290345	0.0609484728	0.569907290702759	-0.432654331199872	0.448081059024295	-1.68540061352814
-0.156244	0.0588883	0.0444233	-0.00286664	0.00154594	-0.00268132	0.003807	0.06492643	-0.0277841	0	0.00015004	0.00025938	0.11698853	-0.044190547	0.0221871482	0.006752807	-0.0335815749	0.04991145	-0.050637085	0.0355316183	-0.0093176004	-0.0198094581	0.0427433176	-0.0523139709	0.0455292636	-0.0245103563	-0.0041714317	0.0315490697	-0.0490632542	0.0512383773	-0.0373944116	0.0118595137	0.0173831246	-0.0411911291	0.0373285761	-0.0548407937	0.0205192833	0.0503148746	0.0277226308	-0.0235105402	0.0407691394	0.0712750269	-0.0115995221	0.0706151488	0.918465515775173	-0.421452665767426	0.448081059024295	-1.68540061352814
-0.159103	0.0383935	0.0721643	-0.00249128	0.001604	-0.00268654	-0.002859	-0.0204948	0.027741	0.00037536	5.806e-05	-5.21999999999979e-06	0.0730268	-0.044311314	0.0225952602	0.0060807472	-0.0328837193	0.0495576132	-0.0509664168	0.0366761804	-0.0110886847	-0.0179144269	0.0413994086	-0.0521322486	0.0468069407	-0.0270638244	-0.0010156846	0.0287823352	-0.0476832451	0.051896421	-0.0401240904	0.0159924506	0.0130652981	-0.0380985803	-0.0306026578	-0.0166631892	-0.0630207843	-0.0176039414	0.0876804898	0.0251629901	-0.042314861	0.0112216259	0.0372831474	0.0249494191	0.744923537121885	-0.416942079614388	0.448081059024295	-1.68540061352814
-0.151359	0.0164273	0.0317517	-0.00264666	0.0013959	-0.00283612	0.007744	-0.0219662	-0.0404126	-0.00015538	-0.0002081	-0.00014958	0.0957758	-0.044431258	0.0230016937	0.005407671	-0.0321760928	0.0491807684	-0.0512616758	0.0377873696	-0.0128465907	-0.0159924506	0.0399786271	-0.0518333998	0.0479594708	-0.0295323731	0.0021437585	0.0258953737	-0.0460766263	0.0522760543	-0.0426124582	0.0200182296	0.0086504753	-0.0346942175	0.0470497375	-0.0083073153	0.0406914599	0.0041784166	0.0456034481	0.0077007499	0.0613952027	0.0397509712	-0.0234046827	0.0191697474	0.325515968437556	-0.538123384144795	0.448081059024295	0.592443852028073
-0.158637	0.0690874	0.0636034	-0.00283137	0.00162293	-0.00264525	-0.00727800000000001	0.0526601	0.0318517	-0.00018471	0.00022703	0.00019087	0.1219203	-0.0445503769	0.0234064185	0.0047336909	-0.0314589057	0.0487810905	-0.0515226647	0.0388641751	-0.0145892291	-0.0140464202	0.0384836111	-0.0514180959	0.0489837722	-0.0319082567	0.0052954007	0.0229002443	-0.0442510332	0.0523752403	-0.0448445497	0.0239098759	0.0041714317	-0.0310059033	-0.0278386023	-0.052066505	-0.0525223362	-0.0220751186	0.0576451918	-0.0371151644	-0.0424220217	0.0347450559	0.0653207765	0.0449945686	1.04695100495016	-0.789649623942846	0.448081059024295	0.592443852028073
-0.151984	0.0227203	0.0652553	-0.00273661	0.00170675	-0.00270916	0.00665300000000002	-0.0463671	0.0016519	9.47600000000002e-05	8.38199999999999e-05	-6.39099999999999e-05	0.0667965	-0.0446686685	0.0238094045	0.0040589197	-0.030732371	0.0483587652	-0.0517492091	0.0399056168	-0.016314529	-0.0120792627	0.0369171367	-0.0508872699	0.0498771065	-0.0341840202	0.0084277735	0.0198094581	-0.0422151417	0.0521934471	-0.0468069407	0.0276413132	-0.0003385804	-0.0270638244	0.0011022955	0.0601018106	0.0234348837	-0.0257650714	0.0351213847	0.0423154024	0.018625691	-0.0047725562	-0.0002905625	-0.0434049911	1.08830718550986	-0.001274000399363	0.448081059024295	0.592443852028073
-0.144588	0.0644249	0.0518574	-0.00301758	0.00175609	-0.00255236	0.00739599999999996	0.0417046	-0.0133979	-0.00028097	4.93400000000002e-05	0.0001568	0.086854	-0.0447861304	0.0242106219	0.0033834701	-0.0299967047	0.0479139886	-0.0519411573	0.0409107473	-0.0180204398	-0.0100939368	0.0352821126	-0.0502421146	0.050637085	-0.036352523	0.0115294786	0.0166359256	-0.0399786271	0.0517316498	-0.0484878293	0.0311875391	-0.0048460789	-0.0229002443	-0.0098172408	-0.0538742287	0.0258388337	-0.0216702592	0.0604689995	-0.0603827637	0.0130620578	0.0311194603	0.043470848	-0.008390733	0.892513997302848	0.481744330071848	0.448081059024295	0.592443852028073
-0.139193	0.0350085	0.100842	-0.00242082	0.00167443	-0.00270298	0.00539500000000001	-0.0294164	0.0489846	0.00059676	-8.16600000000001e-05	-0.00015062	0.125248	-0.0449027607	0.0246100408	0.0027074549	-0.0292521253	0.047446967	-0.0520983812	0.0418786518	-0.0197049341	-0.0080934286	0.0335815749	-0.0494840794	0.0512616758	-0.0384069609	0.0145892291	0.013392903	-0.0375521182	0.050992326	-0.0498771065	0.0345247919	-0.0093176004	-0.0185492395	-0.0288016932	0.0771462609	-0.0532145084	-0.0239239749	0.0298310661	0.0119421058	-0.0618227326	-0.030109463	-0.0062719219	-0.0397419696	0.634428743561855	0.546552105470819	0.448081059024295	0.592443852028073
-0.138664	0.0150724	0.0841042	-0.00219673	0.00163485	-0.00262109	0.000528999999999974	-0.0199361	-0.0167378	0.00022409	-3.958e-05	8.18899999999998e-05	0.0544809	-0.045018557	0.0250076315	0.0020309873	-0.028498854	0.0469579174	-0.0522207755	0.0428084497	-0.0213660101	-0.0060807472	0.0318186811	-0.0486148674	0.0517492091	-0.0403408874	0.0175958911	0.0100939368	-0.0349471469	0.0499794418	-0.0509664168	0.0376307102	-0.0137199483	-0.0140464202	0.0582265355	-0.0269603175	0.0520682814	-0.0387944917	-0.0215047566	-0.0102601989	0.0390462243	0.0699681972	0.0303084647	-0.0487474689	0.664494659780526	-0.328868288806662	0.448081059024295	0.592443852028073
-0.135154	0.0748722	0.105238	-0.00253476	0.00161131	-0.00257313	0.00351000000000004	0.0597998	0.0211338	-0.00033803	-2.35400000000001e-05	4.79600000000001e-05	0.1049201	-0.0451335173	0.0254033645	0.0013541801	-0.0277371148	0.0464470668	-0.0523082586	0.043699295	-0.0230016937	-0.0040589197	0.0299967047	-0.0476364314	0.0520983812	-0.0421482344	0.0205385235	0.006752807	-0.0321760928	0.0486984311	-0.0517492091	0.0404844828	-0.0180204398	-0.0094286395	-0.0591576059	0.0002192816	-0.0003210768	-0.0425378973	0.0194347094	-0.0437359194	-0.0371416208	-0.0287514954	0.0007764069	-0.0463639117	0.481076174602139	-0.468993667107262	0.448081059024295	0.592443852028073
-0.14645	0.0105965	0.093267	-0.00230076	0.0016654	-0.0024904	-0.011296	-0.0642757	-0.011971	0.000234	5.40900000000001e-05	8.273e-05	0.1060837	-0.0452476394	0.0257972105	0.0006771467	-0.0269671338	0.0459146523	-0.0523607718	0.0445503769	-0.0246100408	-0.0020309873	0.0281190288	-0.0465509697	0.0523082586	-0.043823331	0.0234064185	0.0033834701	-0.0292521253	0.0471561663	-0.0522207755	0.0430669878	-0.0221871482	-0.0047336909	0.0589098732	0.0220343244	0.0088413727	-0.0220065742	0.0316350579	0.0833823426	0.0368114798	0.0486809273	-0.0329009125	-0.0294306609	-0.020445069199449	-0.606669395679179	0.448081059024295	0.592443852028073
-0.141093	0.0562505	0.0609806	-0.00252145	0.00160749	-0.00218301	0.005357	0.045654	-0.0322864	-0.00022069	-5.791e-05	0.00030739	0.1125969	-0.0453609212	0.02618914	0	-0.02618914	0.0453609212	-0.0523782801	0.0453609212	-0.02618914	0	0.02618914	-0.0453609212	0.0523782801	-0.0453609212	0.02618914	0	-0.02618914	0.0453609212	-0.0523782801	0.0453609212	-0.02618914	0	-0.0458290734	-0.0684456052	0.0193203104	-0.0249783318	0.0539804919	-0.0475898677	0.0284590367	0.0113487624	0.0532509668	-0.0095008203	0.143664886155287	-0.711812967023775	0.448081059024295	0.592443852028073
-0.126687	0.0262587	0.094288	-0.00240338	0.00168523	-0.00236767	0.014406	-0.0299918	0.0333074	0.00011807	7.774e-05	-0.00018466	0.0967287	-0.0454733605	0.0265791242	-0.0006771467	-0.0254033645	0.0447861304	-0.0523607718	0.0461301902	-0.0277371148	0.0020309873	0.0242106219	-0.0440689593	0.0523082586	-0.0467561802	0.0288765622	-0.0033834701	-0.0230016937	0.0433223267	-0.0522207755	0.0473509122	-0.0299967047	0.0047336909	-0.0153860518	0.0758570356	-0.0333521758	-0.0290722469	0.0373430027	0.0286559928	-0.0553789216	-0.0027233871	-0.0036224412	-0.0542973607	0.006457877609747	-0.636979536534004	0.448081059024295	0.592443852028073
-0.135037	0.00844216	0.0749904	-0.00242836	0.00148819	-0.00239069	-0.00834999999999999	-0.01781654	-0.0192976	-2.498e-05	-0.00019704	-2.30199999999999e-05	0.05771614	-0.0455849554	0.0269671338	-0.0013541801	-0.0246100408	0.044190547	-0.0523082586	0.0468574839	-0.0292521253	0.0040589197	0.0221871482	-0.042677987	0.0520983812	-0.0480047303	0.0314589057	-0.006752807	-0.0197049341	0.0410513194	-0.0517492091	0.049023627	-0.0335815749	0.0094286395	0.035568047	-0.0166851796	0.0584165935	-0.0545238715	-0.0274131396	-0.0186935005	0.0450773537	0.0417193991	0.0178153752	-0.0624714617	-0.786112600250304	-0.346717659404884	0.448081059024295	0.592443852028073
-0.141661	0.0681376	0.0795235	-0.0024794	0.0013959	-0.00257567	-0.00662400000000005	0.05969544	0.00453309999999997	-5.104e-05	-9.22899999999999e-05	-0.00018498	0.08726804	-0.0456957037	0.0273531403	-0.0020309873	-0.0238094045	0.0435744473	-0.0522207755	0.0475421407	-0.030732371	0.0060807472	0.0201224762	-0.0411911291	0.0517492091	-0.0491026536	0.0339267737	-0.0100939368	-0.016314529	0.0385600826	-0.0509664168	0.0503678575	-0.0369171367	0.0140464202	-0.0410804909	0.0170461773	0.0048958669	-0.0422347621	0.0248712503	-0.0412354335	-0.0527446598	-0.0054165051	-0.0067707955	-0.0384217869	0.223102738787021	-0.355001757126738	0.448081059024295	0.592443852028073
-0.122666	-0.00970979	0.0776434	-0.00248837	0.00156654	-0.00240841	0.018995	-0.07784739	-0.00188009999999997	-8.97000000000007e-06	0.00017064	0.00016726	0.11606599	-0.0458056033	0.0277371148	-0.0027074549	-0.0230016937	0.0429381175	-0.0520983812	0.0481835374	-0.0321760928	0.0080934286	0.0180204398	-0.0396117264	0.0512616758	-0.0500465054	0.0362711858	-0.013392903	-0.0128465907	0.0358619813	-0.0498771065	0.0513745965	-0.0399786271	0.0185492395	0.0486286267	0.008705755	0.0090354902	-0.001143902	0.0348299033	0.0779072615	0.0512403955	0.0216486677	-0.0226614779	-0.001008732	-2.52981750951036	0.204444625410701	0.448081059024295	0.592443852028073
-0.131939	0.0643064	0.0736761	-0.00286374	0.0013959	-0.00257567	-0.00927299999999999	0.07401619	-0.00396729999999999	-0.00037537	-0.00017064	-0.00016726	0.12291999	-0.0459146523	0.0281190288	-0.0033834701	-0.0221871482	0.0422818529	-0.0519411573	0.0487810905	-0.0335815749	0.0100939368	0.015884942	-0.0379433273	0.050637085	-0.0508333239	0.0384836111	-0.0166359256	-0.0093176004	0.0329714899	-0.0484878293	0.0520370985	-0.0427433176	0.0229002443	0.0014274533	-0.0740390613	0.0069349988	-0.0353340474	0.0072560924	-0.053065115	0.0007452051	0.0388868782	0.0699777624	0.019130851	-0.740069826473204	0.264385362478715	0.448081059024295	0.592443852028073
-0.14491	0.0215769	0.101818	-0.0021546	0.00154554	-0.00241178	-0.012971	-0.0427295	0.0281419	0.00070914	0.00014964	0.00016389	0.1349759	-0.0460228486	0.028498854	-0.0040589197	-0.0213660101	0.0416059582	-0.0517492091	0.0493342563	-0.0349471469	0.0120792627	0.0137199483	-0.0361896802	0.0498771065	-0.0514606403	0.0405559987	-0.0198094581	-0.0057443291	0.0299041152	-0.0468069407	0.0523509242	-0.0451906832	0.0270638244	-0.0470671028	0.0288308646	-0.0112994765	-0.0615094491	0.0098503818	0.0127993	-0.024532641	-0.0394661469	0.0202595607	-0.0631359494	-1.77288209404248	0.184150431347268	0.448081059024295	0.592443852028073
-0.129178	0.0322675	0.121479	-0.00247584	0.00145359	-0.00231512	0.015732	0.0106906	0.019661	-0.00032124	-9.19499999999999e-05	9.66600000000002e-05	0.0715761	-0.0461301902	0.0288765622	-0.0047336909	-0.0205385235	0.0409107473	-0.0515226647	0.0498425313	-0.0362711858	0.0140464202	0.0115294786	-0.0343547251	0.0489837722	-0.0519264863	0.0424808075	-0.0229002443	-0.0021437585	0.0266763128	-0.0448445497	0.0523139709	-0.047302555	0.0310059033	0.0448519318	0.026504897	0.0784221007	-0.0379521259	0.0214724506	-0.0199977427	0.0493239495	0.0462861537	-0.0375066267	-0.0749336313	-0.436639475889122	0.263255732775485	0.448081059024295	0.592443852028073
-0.130255	0.0463992	0.151349	-0.00245202	0.0013919	-0.00257567	-0.00107700000000005	0.0141317	0.02987	2.38199999999999e-05	-6.16900000000001e-05	-0.00026055	0.0623817	-0.046236675	0.0292521253	-0.005407671	-0.0197049341	0.0401965428	-0.0512616758	0.0503054532	-0.0375521182	0.0159924506	0.0093176004	-0.0324425845	0.0479594708	-0.0522294002	0.0442510332	-0.0258953737	0.0014670001	0.0233053991	-0.0426124582	0.0519264863	-0.0490632542	0.0346942175	0.0138921998	0.0060379464	-0.0445012704	-0.0882867344	-0.024682193	-0.0023003346	-0.0663419209	0.0249529814	0.0363944599	-0.0515060159	0.074166280780127	0.308964428466293	0.448081059024295	0.592443852028073
-0.132453	0.01337	0.0816362	-0.00232309	0.0013959	-0.00229447	-0.00219799999999995	-0.0330292	-0.0697128	0.00012893	4.0000000000001e-06	0.0002812	0.1256465	-0.0463423012	0.0296255153	-0.0060807472	-0.0188654898	0.0394636764	-0.0509664168	0.0507226006	-0.0387884217	0.0179144269	0.0070884207	-0.0304575546	0.0468069407	-0.0523684314	0.0458602343	-0.0287823352	0.0050707869	0.0198094581	-0.0401240904	0.0511910666	-0.0504597097	0.0380985803	-0.0309982846	0.0471067135	0.0363776236	-0.0328489431	-0.0491885225	-0.0053061356	0.0202763052	-0.0545296213	-0.0189091012	-0.0547508662	0.640752172751545	0.289168897278446	0.448081059024295	0.592443852028073
-0.128535	0.0410367	0.135163	-0.0026253	0.00162146	-0.00227267	0.003918	0.0276667	0.0535268	-0.00030221	0.00022556	2.17999999999998e-05	0.11259	-0.0464470668	0.0299967047	-0.006752807	-0.0180204398	0.0387124883	-0.050637085	0.051093594	-0.0399786271	0.0198094581	0.0048460789	-0.0284040951	0.0455292636	-0.0523431439	0.047302555	-0.0315490697	0.0086504753	0.0162072446	-0.0373944116	0.0501126395	-0.0514815542	0.0411911291	0.045787701	0.0313205915	-0.0188754642	-0.000782187	-0.0071378648	0.0088052865	-0.0280040731	0.0352214634	-0.062682297	-0.010017127	0.860417233318224	0.257104848697029	0.448081059024295	0.592443852028073
-0.128485	-0.0024033	0.0947773	-0.00207304	0.0013959	-0.00257567	4.99999999999945e-05	-0.04344	-0.0403857	0.00055226	-0.00022556	-0.000303	0.1379167	-0.0465509697	0.0303656657	-0.0074237382	-0.0171700353	0.0379433273	-0.0502739006	0.0514180959	-0.0411213197	0.021674694	0.0025947387	-0.0262868196	0.0441298556	-0.0521536168	0.0485727468	-0.0341840202	0.0121890533	0.0125180835	-0.0344398384	0.0486984311	-0.0521212014	0.0439465533	0.0086991718	-0.0406571803	0.017635681	-0.0290613735	-0.0543643438	0.0107457722	0.0418675781	-0.015765678	0.0516226668	-0.0027710959	0.863399230573352	0.215762660732649	0.448081059024295	0.592443852028073
-0.139263	0.0576777	0.100561	-0.00254695	0.00166871	-0.00225986	-0.010778	0.060081	0.00578369999999999	-0.00047391	0.000272809999999999	0.00031581	0.1297692	-0.0466540082	0.030732371	-0.0080934286	-0.016314529	0.0371565505	-0.0498771065	0.0516958108	-0.0422151417	0.0235073292	0.0003385804	-0.024110485	0.0426124582	-0.0518004449	0.0496661877	-0.0366761804	0.015669704	0.0087617663	-0.03127814	0.0469579174	-0.0523739028	0.0463423012	-0.0514960303	0.0382288961	0.0069803219	0.0041252546	-0.0327477764	-0.0539677797	-0.0485304946	-0.0589201909	-0.0270464482	-0.0191353894	0.843332513865777	0.231205540408175	0.448081059024295	0.592443852028073
-0.140393	-0.0214336	0.0794638	-0.00254553	0.00187159	-0.00257567	-0.00113000000000002	-0.0791113	-0.0210972	1.42000000000024e-06	0.000202880000000001	-0.00031581	0.127344	-0.0467561802	0.0310967934	-0.0087617663	-0.015454175	0.036352523	-0.0494469678	0.0519264863	-0.0432587929	0.025304607	-0.0019182066	-0.0218799809	0.0409811285	-0.0512847364	0.0505788988	-0.03901514	0.0190758861	0.0049584444	-0.0279283311	0.0449027607	-0.0522377823	0.0483587652	0.0700555622	0.0024434303	-0.0175289123	0.0376412743	-0.0224722303	0.0723184178	0.0253307848	0.021553193	-0.0432908938	0.0374558452	-1.07059859610099	0.237685929486392	0.448081059024295	0.592443852028073
-0.128484	0.0502518	0.0643451	-0.00272367	0.0013959	-0.00221969	0.011909	0.0716854	-0.0151187	-0.00017814	-0.00047569	0.00035598	0.1492036	-0.0468574839	0.0314589057	-0.0094286395	-0.0145892291	0.0355316183	-0.0489837722	0.0521099123	-0.0442510332	0.0270638244	-0.0041714317	-0.0196003187	0.0392402281	-0.0506081094	0.0513075588	-0.0411911291	0.0223914121	0.0011285219	-0.024410558	0.0425467316	-0.0517138504	0.0499794418	-0.0506245263	-0.0683740671	0.00313996	0.0457147974	0.0029565285	-0.0678889348	0.0247604495	-0.0285527519	0.0361620812	0.0686252007	0.206709003923895	0.241866630608711	0.448081059024295	0.592443852028073
-0.128526	0.021967	0.0849396	-0.00251617	0.00162626	-0.002247	-4.20000000000143e-05	-0.0282848	0.0205945	0.0002075	0.00023036	-2.731e-05	0.0721798	-0.0469579174	0.0318186811	-0.0100939368	-0.0137199483	0.0346942175	-0.0484878293	0.0522459219	-0.0451906832	0.0287823352	-0.0064169112	-0.01727662	0.0373944116	-0.049772687	0.0518495163	-0.0431950583	0.0256005252	-0.0027074549	-0.0207459769	0.0399056168	-0.0508059967	0.0511910666	-0.0062665259	0.0761985633	-0.0470555535	0.0198756758	0.0121028652	0.0439722423	-0.047915144	-0.0312995296	-0.0314467492	0.0060719258	-2.36376036069831	0.217270691022961	0.448081059024295	-1.68540061352814
-0.133487	0.0122708	0.0622675	-0.00277746	0.0013959	-0.00257567	-0.00496099999999999	-0.0096962	-0.0226721	-0.00026129	-0.00023036	-0.00032867	0.0783453	-0.0470574788	0.0321760928	-0.010757547	-0.0128465907	0.0338407093	-0.0479594708	0.0523343914	-0.0460766263	0.0304575546	-0.0086504753	-0.0149141057	0.0354486142	-0.0487810905	0.0522027989	-0.045018557	0.0286879745	-0.0065289069	-0.0169566271	0.0369971132	-0.0495209612	0.0519837232	0.0214612113	-0.032231904	0.0308062281	0.0196711869	-0.064696561	-0.0180910846	0.0478394663	-0.0178483852	0.0111955089	0.0033724923	0.0782667361417	-0.001514724719605	0.448081059024295	-1.68540061352814
-0.128497	0.0656648	0.0534443	-0.0025682	0.0014818	-0.00236944	0.00498999999999999	0.053394	-0.00882319999999999	0.00020926	8.58999999999999e-05	0.00020623	0.0922767	-0.0471561663	0.0325311144	-0.0114193591	-0.011969416	0.0329714899	-0.0473990497	0.0523752403	-0.0469078096	0.0320869629	-0.0108679768	-0.0125180835	0.0334080384	-0.0476364314	0.0523661213	-0.0466540082	0.0316390872	-0.0103153331	-0.0130652981	0.0338407093	-0.0478682839	0.0523509242	-0.0387389129	0.0334618825	-0.0237265534	0.0383199739	-0.0201776259	-0.0464379696	-0.0547581083	-0.0460299666	-0.0427600945	0.0169785671	0.507357848745876	-0.889613573062146	0.448081059024295	-1.68540061352814
-0.128499	-0.0103693	0.0569787	-0.00250126	0.00152871	-0.00257567	-2.000000000002e-06	-0.0760341	0.00353439999999999	6.69399999999997e-05	4.69100000000001e-05	-0.00020623	0.0955745	-0.0472539781	0.0328837193	-0.0120792627	-0.0110886847	0.0320869629	-0.0468069407	0.0523684314	-0.0476832451	0.0336681095	-0.0130652981	-0.0100939368	0.03127814	-0.0463423012	0.0523388891	-0.0480945804	0.0344398384	-0.0140464202	-0.0090953929	0.0304575546	-0.0458602343	0.0522896643	0.0662023909	-0.0141011117	-0.0085366703	0.0589680963	-0.0181248836	0.0488136533	0.0206381987	0.0275967363	-0.0298960727	0.0641897183	0.945538001983203	-1.10393524503419	0.448081059024295	0.592443852028073
-0.128482	0.0697361	0.06541	-0.00274471	0.0013959	-0.00245812	1.7000000000017e-05	0.0801054	0.0084313	-0.00024345	-0.00013281	0.00011755	0.1132442	-0.0473509122	0.0332338815	-0.0127371473	-0.0102046586	0.0311875391	-0.0461835398	0.0523139709	-0.0484020114	0.0351986159	-0.015238359	-0.0076471118	0.0290646136	-0.0449027607	0.0521212014	-0.0493342563	0.0370769179	-0.017702152	-0.0050707869	0.0268703181	-0.0435117199	0.0518004449	-0.0493714104	-0.0701763234	-0.0102721663	0.040655384	0.0240145705	-0.0492548923	0.0113735794	-0.0105002549	0.049220396	0.0605966076	0.506044476100312	-1.15372985590042	0.448081059024295	-1.68540061352814
-0.112082	0.0367957	0.0809783	-0.00248636	0.0013959	-0.00241028	0.0164	-0.0329404	0.0155683	0.00025835	0	4.78399999999999e-05	0.0802182	-0.047446967	0.0335815749	-0.013392903	-0.0093176004	0.0302736359	-0.0455292636	0.0522119084	-0.0490632542	0.0366761804	-0.0173831246	-0.0051831058	0.0267733776	-0.0433223267	0.0517138504	-0.0503678575	0.0395377932	-0.0212629165	-0.0010156846	0.0231030362	-0.0408401761	0.0508872699	-0.0050437306	0.0742516879	-0.036594505	0.0238639495	0.0125257724	0.032019023	-0.0365019613	-0.0202670738	-0.0290447749	-0.0027789351	0.729194017469318	-1.06338308825477	0.448081059024295	0.592443852028073
-0.128486	0.00769608	0.0604896	-0.00259117	0.0013959	-0.00242398	-0.016404	-0.02909962	-0.0204887	-0.00010481	0	-1.37000000000002e-05	0.07191782	-0.0475421407	0.0339267737	-0.0140464202	-0.0084277735	0.0293456776	-0.0448445497	0.0520623368	-0.0496661877	0.0380985803	-0.0194956122	-0.0027074549	0.024410558	-0.0416059582	0.0511183183	-0.0511910666	0.0418107693	-0.024709611	0.0030455261	0.0191809517	-0.0378654364	0.0495576132	0.0328002	-0.0307460718	0.0331302487	0.0090306906	-0.0778535781	-0.0102378363	0.0564625235	0.0072512446	0.0182197096	-0.0082671213	0.213963784416385	-1.05769652029484	0.448081059024295	0.592443852028073
-0.111195	0.0735541	0.0639472	-0.00249987	0.0013959	-0.00240623	0.017291	0.06585802	0.0034576	9.12999999999999e-05	0	1.775e-05	0.09205912	-0.0476364314	0.0342694522	-0.0146975897	-0.0075354425	0.0284040951	-0.0441298556	0.051865392	-0.0502100954	0.0394636764	-0.0215718994	-0.0002257211	0.0219824722	-0.0397590408	0.0503367722	-0.0518004449	0.043885044	-0.028023745	0.0070884207	0.0151303447	-0.034609585	0.0478223571	-0.0596734514	0.0149048553	-0.0042047242	0.0414692978	-0.0306957724	-0.0518357023	-0.0504710675	-0.068225806	-0.0331122653	0.0134977839	0.772948288209871	-0.371363859057713	0.448081059024295	0.592443852028073
-0.120198	0.00830625	0.0652017	-0.00266571	0.0013959	-0.00257567	-0.00900300000000005	-0.06524785	0.00125449999999999	-0.00016584	0	-0.00016944	0.09226935	-0.0477298374	0.034609585	-0.0153463027	-0.0066408724	0.0274493255	-0.0433856593	0.0516212534	-0.0506943307	0.0407694154	-0.0236081307	0.0022565198	0.0194956122	-0.0377873696	0.0493720561	-0.0521934471	0.0457507597	-0.0311875391	0.0110886847	0.0109783563	-0.0310967934	0.0456957037	0.0515828835	0.0129331241	-0.0391722872	0.0601470777	-0.0144419765	0.0816858697	0.0179082824	0.0112317206	-0.0543299988	0.069411468	0.670996830342999	-0.517054181144058	0.448081059024295	0.592443852028073
-0.128489	0.0643663	0.0344181	-0.00292294	0.00144631	-0.00257567	-0.00829099999999997	0.05606005	-0.0307836	-0.00025723	5.04099999999999e-05	0	0.11051665	-0.0478223571	0.0349471469	-0.0159924506	-0.0057443291	0.0264818121	-0.0426124582	0.0513301431	-0.0511183183	0.0420138333	-0.0256005252	0.0047336909	0.0169566271	-0.0356971313	0.0482276804	-0.0523684314	0.0473990497	-0.0341840202	0.0150222601	0.006752807	-0.0273531403	0.0431950583	-0.0360593119	-0.072923167	0.0258090319	0.0700794541	0.0276005734	-0.0684337289	0.0368062864	-0.0209192664	0.0212220953	0.0729957117	1.09900127347801	-0.139711477033078	0.448081059024295	0.592443852028073
-0.128504	0.0515245	0.041097	-0.00323304	0.00163745	-0.00257567	-1.49999999999872e-05	-0.0128418	0.0066789	-0.0003101	0.00019114	0	0.0445977	-0.0479139886	0.0352821126	-0.0166359256	-0.0048460789	0.0255020041	-0.0418107693	0.050992326	-0.0514815542	0.0431950583	-0.0275453833	0.0072002268	0.0143723053	-0.0334948844	0.0469078096	-0.052324667	0.0488220806	-0.0369971132	0.0188654898	0.0024820104	-0.0234064185	0.0403408874	0.0104345265	0.0254443376	-0.069662804	0.0368278036	0.0201623927	0.0130357135	-0.0751616019	-0.0027270427	-0.0434944128	0.0453245789	1.44632420325959	0.325265530888761	0.448081059024295	0.592443852028073
-0.128485	-0.0239374	0.022497	-0.00269323	0.0013959	-0.00257568	1.9000000000019e-05	-0.0754619	-0.0186	0.00053981	-0.00024155	-9.99999999994061e-09	0.1331494	-0.0480047303	0.0356144575	-0.01727662	-0.0039463888	0.0245103563	-0.0409811285	0.0506081094	-0.0517836067	0.044311314	-0.0294390937	0.0096505858	0.0117495564	-0.0311875391	0.0454172463	-0.0520623368	0.0500130897	-0.0396117264	0.0225952602	-0.001805417	-0.0192859283	0.0371565505	-0.0503851542	-0.0228205243	0.0061253096	0.067931437	-0.0160627748	0.0342181925	0.045008766	-0.0393966881	0.0231467667	0.0852101676	0.73955432474602	0.25575696578742	0.448081059024295	0.592443852028073
-0.128485	0.0457215	0.0799744	-0.0029127	0.0013959	-0.00257568	0	0.0696589	0.0574774	-0.00021947	0	0	0.1381098	-0.0480945804	0.0359441567	-0.0179144269	-0.0030455261	0.0235073292	-0.0401240904	0.050177843	-0.0520241169	0.0453609212	-0.03127814	0.0120792627	0.0090953929	-0.0287823352	0.0437614146	-0.0515825363	0.0509664168	-0.0420138333	0.02618914	-0.0060807472	-0.0150222601	0.0336681095	0.018748494	0.0234172748	-0.0117737332	0.0906454152	0.0407984916	-0.0072614297	0.0034937874	0.0024853349	-0.0491967997	0.0491184455	0.769910521415653	0.057471097014614	0.448081059024295	0.592443852028073
-0.112674	-0.0210769	0.110996	-0.00265814	0.0013959	-0.00246439	0.015811	-0.0667984	0.0310216	0.00025456	0	0.00011129	0.1319235	-0.0481835374	0.0362711858	-0.0185492395	-0.0021437585	0.0224933884	-0.0392402281	0.0497019183	-0.0522027989	0.0463423012	-0.0330591074	0.0144808008	0.0064169112	-0.0262868196	0.0419463399	-0.0508872699	0.0516775313	-0.044190547	0.0296255153	-0.0103153331	-0.0106470671	0.0299041152	0.0343908218	-0.0242501349	-0.0423586248	-0.0119556571	-0.0773002916	0.0542230895	-0.0139329631	0.0290196716	0.0546927902	0.0094590184	0.968343839603171	0.354192849332379	0.448081059024295	0.592443852028073
-0.112175	0.0537529	0.0970526	-0.00281287	0.00132161	-0.00257568	0.000498999999999999	0.0748298	-0.0139434	-0.00015473	-7.42900000000001e-05	-0.00011129	0.1062877	-0.0482715996	0.0365955205	-0.0191809517	-0.0012413539	0.0214690046	-0.0383301323	0.0491807684	-0.0523194405	0.0472539781	-0.0347786889	0.0168498047	0.0037212726	-0.0237088227	0.0399786271	-0.0499794418	0.0521430537	-0.0461301902	0.0328837193	-0.0144808008	-0.0061928308	0.0258953737	-0.0278601933	0.0067190694	0.0628515299	0.0103002223	-0.0382364029	-0.0332622121	0.0258744714	-0.0204977011	-0.0060828211	-0.0334575065	1.04875263991046	-0.415348009277376	0.448081059024295	0.592443852028073
-0.118732	0.0309241	0.134546	-0.00273482	0.0013959	-0.00257568	-0.00655699999999999	-0.0228288	0.0374934	7.80500000000001e-05	7.42900000000001e-05	0	0.0744962	-0.0483587652	0.0369171367	-0.0198094581	-0.0003385804	0.0204346535	-0.0373944116	0.0486148674	-0.0523739028	0.0480945804	-0.0364336915	0.0191809517	0.0010156846	-0.0210564335	0.0378654364	-0.048862844	0.0523607718	-0.0478223571	0.0359441567	-0.0185492395	-0.0016926191	0.021674694	0.0283013671	0.0150087471	-0.0620248561	-0.0425531121	-0.0320270746	0.0293332861	-0.0738987688	0.0470437969	-9.8057e-06	-0.0403743259	0.644901705307517	-0.476304946535169	0.448081059024295	0.592443852028073
-0.120347	0.00712204	0.094172	-0.00258714	0.00145524	-0.00257568	-0.00161500000000002	-0.02380206	-0.040374	0.00014768	5.934e-05	0	0.07614206	-0.0484450328	0.0372360105	-0.0204346535	0.0005642937	0.0193908153	-0.0364336915	0.0480047303	-0.0523661213	0.048862844	-0.0380210421	0.0214690046	-0.0016926191	-0.0183379745	0.0356144575	-0.0475421407	0.0523296507	-0.0492579697	0.0387884217	-0.0224933884	0.0028201586	0.01727662	-0.0422812631	-0.0047775871	0.0644174444	-0.0081105855	-0.0418725861	0.0110149825	0.055452372	-0.0390715959	0.0270235233	-0.0082002141	0.54449450597804	-0.24607080113778	0.448081059024295	0.592443852028073
-0.124056	0.0680234	0.106265	-0.00286101	0.0013959	-0.00235099	-0.00370900000000005	0.06090136	0.012093	-0.00027387	-5.934e-05	0.00022469	0.10459836	-0.0485304007	0.0375521182	-0.0210564335	0.0014670001	0.0183379745	-0.0354486142	0.0473509122	-0.0522961052	0.0495576132	-0.0395377932	0.0237088227	-0.0043963972	-0.0155619757	0.0332338815	-0.0460228486	0.0520498384	-0.0504293264	0.0413994086	-0.0262868196	0.0073119995	0.0127371473	0.0241474091	0.0150972458	-0.0113299778	-0.0019327866	0.0568632095	-0.0165466592	-0.0105461317	0.042245702	-0.0270953409	0.0141433821	1.17461445111897	0.00910900571391	0.448081059024295	0.592443852028073
-0.1285	-0.0102934	0.116083	-0.00269311	0.0013959	-0.00233766	-0.00444399999999995	-0.0783168	0.00981799999999998	0.0001679	0	1.33299999999998e-05	0.1016403	-0.0486148674	0.0378654364	-0.021674694	0.0023692706	0.01727662	-0.0344398384	0.0466540082	-0.0521639377	0.050177843	-0.0409811285	0.0258953737	-0.0070884207	-0.0127371473	0.030732371	-0.044311314	0.0515226647	-0.0513301431	0.0437614146	-0.0299041152	0.0117495564	0.0080934286	0.0552202851	-0.0203760268	0.0037849835	-0.0684355529	-0.0240242772	0.048027338	0.0201617041	0.0584526556	0.0624495368	-0.0172965394	0.879024461187821	0.514407660237588	0.448081059024295	0.592443852028073
-0.123532	0.0395742	0.105112	-0.00291463	0.0013959	-0.00240934	0.00496800000000001	0.0498676	-0.010971	-0.00022152	0	-7.16799999999998e-05	0.0804666	-0.0486984311	0.0381759417	-0.0222893319	0.0032708371	0.0162072446	-0.0334080384	0.0459146523	-0.0519697758	0.0507226006	-0.0423483678	0.028023745	-0.0097614921	-0.009872353	0.0281190288	-0.0424146861	0.050750635	-0.0519555872	0.0458602343	-0.0333210373	0.016099885	0.0033834701	-0.0411982039	-0.0367235825	0.0413799357	-0.0640491933	0.0518709473	-0.0513896548	0.0110447745	0.012973513	0.049363667	-0.0399116479	0.753304304608596	0.500587958935857	0.448081059024295	0.592443852028073
-0.128505	-0.0174707	0.0738585	-0.00252591	0.00145984	-0.0024403	-0.00497300000000002	-0.0570449	-0.0312535	0.00038872	6.394e-05	-3.09600000000004e-05	0.1174524	-0.0487810905	0.0384836111	-0.0229002443	0.0041714317	0.0151303447	-0.032353904	0.0451335173	-0.0517138504	0.0511910666	-0.0436369724	0.0300891549	-0.0124084642	-0.0069765817	0.0254033645	-0.0403408874	0.0497374181	-0.0523023033	0.0476832451	-0.0365146908	0.0203306886	-0.0013541801	0.0322820679	0.0489201328	0.0168083016	-0.0480004951	0.0588263931	0.0556501393	0.0027664762	0.0192196087	-0.0368684866	-0.0622100663	1.33852642460994	0.670365208698169	0.448081059024295	0.592443852028073
-0.122193	0.0236149	0.0590202	-0.0027944	0.0013959	-0.00216757	0.006312	0.0410856	-0.0148383	-0.00026849	-6.394e-05	0.00027273	0.0924939	-0.048862844	0.0387884217	-0.0235073292	0.0050707869	0.0140464202	-0.03127814	0.044311314	-0.0513964655	0.0515825363	-0.0448445497	0.0320869629	-0.0150222601	-0.0040589197	0.0225952602	-0.0380985803	0.0484878293	-0.0523684314	0.0492194833	-0.0394636764	0.024410558	-0.0060807472	-0.0106860571	-0.0531169038	0.0290070053	-0.033888508	0.0247303052	-0.0388187521	0.0310691078	-0.0009979283	0.0327401294	-0.0107103515	1.05462461468122	-0.078516646880242	0.448081059024295	0.592443852028073
-0.111057	0.0146309	0.102152	-0.0030448	0.0013959	-0.00224616	0.011136	-0.008984	0.0431318	-0.0002504	0	-7.85899999999999e-05	0.0797013	-0.04894369	0.039090351	-0.024110485	0.0059686353	0.0129559745	-0.0301814655	0.0434487905	-0.0510179984	0.051896421	-0.0459688572	0.0340126806	-0.0175958911	-0.0011285219	0.0197049341	-0.0356971313	0.0470078072	-0.0521536168	0.0504597097	-0.0421482344	0.0283092043	-0.010757547	-0.0254342181	0.0730183685	-0.0463004951	-0.0231300023	0.0116898205	0.0107903884	-0.0689857595	-0.0560482689	-0.0393858405	-0.036370902	1.12734279554803	-0.453703851709824	0.448081059024295	0.592443852028073
-0.128485	-0.0229305	0.0635726	-0.00274984	0.0013959	-0.00257568	-0.017428	-0.0375614	-0.0385794	0.00029496	0	-0.00032952	0.1247928	-0.049023627	0.0393893764	-0.024709611	0.0068647103	0.0118595137	-0.0290646136	0.0425467316	-0.0505788988	0.0521322486	-0.0470078072	0.0358619813	-0.0201224762	0.001805417	0.016742904	-0.0331465714	0.0453043854	-0.0516590118	0.0513964655	-0.0445503769	0.0319976841	-0.0153463027	0.0495393728	-0.0365619906	0.0361661907	-0.0073365081	-0.0193000093	-0.0042193278	0.0369551227	0.0277673516	-0.0006470063	-0.0041957997	0.629734900304366	-0.489255649331576	-2.22840312389761	0.592443852028073
-0.119369	0.0560925	0.115298	-0.00307381	0.0013959	-0.00240548	0.00911599999999999	0.079023	0.0517254	-0.00032397	0	0.0001702	0.1645729	-0.0491026536	0.0396854757	-0.025304607	0.0077587455	0.010757547	-0.0279283311	0.0416059582	-0.0500796887	0.0522896643	-0.0479594708	0.0376307102	-0.0225952602	0.0047336909	0.0137199483	-0.0304575546	0.0433856593	-0.0508872699	0.0520241169	-0.0466540082	0.0354486142	-0.0198094581	-0.0686561338	0.008009698	-0.0146952846	0.0014430488	-0.0159785924	-0.0396679961	-0.0537482415	-0.0535457995	-0.0121104304	0.0025578444	0.893591743645757	-0.302483573329591	0.448081059024295	0.592443852028073
-0.117589	-0.022659	0.11417	-0.00298753	0.00122561	-0.00257568	0.00177999999999995	-0.0787515	-0.00112799999999999	8.62800000000002e-05	-0.00017029	-0.0001702	0.102998	-0.0491807684	0.0399786271	-0.0258953737	0.0086504753	0.0096505858	-0.0267733776	0.0406273263	-0.0495209612	0.0523684314	-0.0488220806	0.0393148935	-0.0250076315	0.0076471118	0.0106470671	-0.0276413132	0.0412607473	-0.0498425313	0.0523388891	-0.0484450328	0.0386363752	-0.024110485	0.0613274926	0.0165374042	-0.0040198548	0.0211939116	0.0044853176	0.0805504409	0.0380840557	0.0389940873	-0.031371914	0.0053908464	1.20205083356956	0.579928780983952	0.448081059024295	0.592443852028073
-0.112927	0.0503317	0.0992646	-0.00293876	0.0013959	-0.00257568	0.004662	0.0729907	-0.0149054	4.87700000000001e-05	0.00017029	0	0.1035111	-0.0492579697	0.0402688086	-0.0264818121	0.0095396348	0.0085391442	-0.0256005252	0.0396117264	-0.0489033805	0.0523684314	-0.049594035	0.0409107473	-0.0273531403	0.0105365379	0.0075354425	-0.024709611	0.0389397479	-0.0485304007	0.0523388891	-0.04991145	0.0415373011	-0.028214182	-0.0455894209	-0.0647851353	0.0217915532	0.0293938348	0.0104102347	-0.0618160499	0.0327025944	-0.0093994485	0.0368510805	0.0495451578	0.56560801693433	0.512151412544053	0.448081059024295	0.592443852028073
-0.101855	0.0244988	0.125601	-0.0031161	0.0013959	-0.00234944	0.0110720000000001	-0.0258329	0.0263364	-0.00017734	0	0.00022624	0.0834203	-0.0493342563	0.0405559987	-0.0270638244	0.0104259597	0.0074237382	-0.024410558	0.0385600826	-0.0482276804	0.0522896643	-0.0502739006	0.0424146861	-0.0296255153	0.013392903	0.0043963972	-0.021674694	0.0364336915	-0.0469579174	0.0520241169	-0.051043434	0.0441298556	-0.0320869629	0.0192591113	0.0524811827	-0.0577979265	0.0340047375	0.0457264973	0.0408360204	-0.0461662288	0.012728485	-0.0319293234	0.0024663448	0.740165280046748	0.047371014222418	0.448081059024295	0.592443852028073
-0.100018	-0.00635324	0.115395	-0.00272168	0.0013959	-0.00257568	0.00183700000000001	-0.03085204	-0.010206	0.000394419999999999	0	-0.00022624	0.07392804	-0.0494096266	0.0408401761	-0.0276413132	0.0113091867	0.0063048856	-0.0232042715	0.0374733519	-0.0474946641	0.0521322486	-0.050860415	0.043823331	-0.0318186811	0.0162072446	0.0012413539	-0.0185492395	0.0337544877	-0.0451335173	0.0513964655	-0.0518333998	0.0463947917	-0.0356971313	0.0149552997	-0.0454347804	0.0229669201	-0.0132376151	-0.0482261283	-0.0097061472	0.0505724194	0.0057253493	0.0633607194	-0.0103536623	-0.186754575175885	-0.411950415772588	0.448081059024295	0.592443852028073
-0.0821664	0.0595228	0.148789	-0.00306099	0.0016183	-0.00248691	0.0178516	0.06587604	0.033394	-0.00033931	0.0002224	8.87699999999997e-05	0.14964564	-0.0494840794	0.0411213197	-0.028214182	0.0121890533	0.0051831058	-0.0219824722	0.036352523	-0.0467052026	0.051896421	-0.051352489	0.0451335173	-0.0339267737	0.018970732	-0.0019182066	-0.0153463027	0.0309148693	-0.0430669878	0.0504597097	-0.0522760543	0.0483152946	-0.03901514	-0.0488374871	0.0395268882	-0.0071335631	0.0049675308	-0.0192777708	-0.0463327943	-0.0566562563	-0.047090559	-0.014274008	-0.021573795	0.01371182155915	-0.372962038398403	0.448081059024295	0.592443852028073
-0.0821784	-0.0187556	0.146985	-0.00293733	0.00156494	-0.00232354	-1.19999999999981e-05	-0.0782784	-0.001804	0.00012366	-5.33600000000001e-05	0.00016337	0.0971139	-0.0495576132	0.0413994086	-0.0287823352	0.0130652981	0.0040589197	-0.0207459769	0.0351986159	-0.0458602343	0.0515825363	-0.0517492091	0.0463423012	-0.0359441567	0.021674694	-0.0050707869	-0.0120792627	0.0279283311	-0.0407694154	0.0492194833	-0.0523684314	0.0498771065	-0.0420138333	0.0554611243	0.0142576771	0.0005482158	0.0264777746	-0.0103467419	0.0599902107	0.0286140535	0.0295337526	-0.0444234023	-0.0022391798	-0.341855798033759	-0.244521420106862	-2.22840312389761	-1.68540061352814
-0.09924	0.049003	0.113933	-0.00328471	0.00145007	-0.00229942	-0.0170616	0.0677586	-0.033052	-0.00034738	-0.00011487	2.41199999999999e-05	0.1421907	-0.0496302266	0.0416744222	-0.0293456776	0.0139376608	0.0029328492	-0.0194956122	0.0340126806	-0.0449607632	0.0511910666	-0.0520498384	0.047446967	-0.0378654364	0.0243106464	-0.0082049152	-0.0087617663	0.0248090665	-0.0382531258	0.0476832451	-0.0521099123	0.0510686325	-0.0446686685	-0.0343501324	-0.0545914485	0.0179559859	0.0416534493	0.0554640534	-0.0430943483	0.0231622915	-0.0193485318	0.0042433246	0.0329941845	0.746890249917884	-0.094951844458707	0.448081059024295	0.592443852028073
-0.0992386	0.0265893	0.113947	-0.00297469	0.0013959	-0.00227219	1.39999999998475e-06	-0.0224137	1.4000000000014e-05	0.00031002	-5.41699999999999e-05	2.723e-05	0.0420001	-0.0497019183	0.0419463399	-0.0299041152	0.0148058821	0.001805417	-0.0182322141	0.0327957961	-0.0440078585	0.0507226006	-0.0522538189	0.0484450328	-0.0396854757	0.0268703181	-0.0113091867	-0.005407671	0.0215718994	-0.0355316183	0.0458602343	-0.051502229	0.051881027	-0.0469579174	0.0176455379	0.0342337685	-0.0498478818	0.0345191924	0.0348401086	0.033773697	-0.0455297558	-0.0078798099	-0.0407102307	0.0456716086	0.335324157277269	-0.073793314727141	0.448081059024295	0.592443852028073
-0.0903129	0.00343724	0.0919092	-0.00291594	0.0013959	-0.00225571	0.00892570000000002	-0.02315206	-0.0220378	5.87499999999998e-05	0	1.64799999999997e-05	0.05787706	-0.049772687	0.0422151417	-0.0304575546	0.015669704	0.0006771467	-0.0169566271	0.0315490697	-0.0430026525	0.050177843	-0.0523607718	0.0493342563	-0.0413994086	0.0293456776	-0.0143723053	-0.0020309873	0.0182322141	-0.0326194932	0.0437614146	-0.0505494535	0.0523082586	-0.048862844	-0.0188867373	-0.0742562431	0.0021522754	0.0694440922	0.0322029436	0.0042792513	0.0680816488	-0.0228816009	0.0120341387	0.0874069906	-2.42333672852632	-0.047857540327684	0.448081059024295	0.592443852028073
-0.078288	0.0675453	0.113951	-0.00310264	0.0013959	-0.00233243	0.0120249	0.06410806	0.0220418	-0.0001867	0	-7.67199999999997e-05	0.11134576	-0.0498425313	0.0424808075	-0.0310059033	0.01652887	-0.0004514381	-0.015669704	0.0302736359	-0.0419463399	0.0495576132	-0.0523704984	0.0501126395	-0.0430026525	0.0317289578	-0.0173831246	0.0013541801	0.0148058821	-0.0295323731	0.0413994086	-0.0492579697	0.0523471556	-0.0503678575	-0.0543446621	0.0210307352	-0.0294995282	0.0634843158	0.0261238489	-0.0348530289	-0.0254305806	-0.0179754145	-0.0057425947	0.0543773827	0.091442568599347	-0.457203992612892	0.448081059024295	0.592443852028073
-0.0992449	-0.0171189	0.153525	-0.00285448	0.00139589	-0.00246657	-0.0209569	-0.0846642	0.039574	0.00024816	-9.99999999994061e-09	-0.00013414	0.1643106	-0.04991145	0.0427433176	-0.0315490697	0.0173831246	-0.0015798132	-0.0143723053	0.0289706552	-0.0408401761	0.048862844	-0.0522829807	0.0507784337	-0.0444909208	0.0340126806	-0.0203306886	0.0047336909	0.0113091867	-0.0262868196	0.0387884217	-0.0476364314	0.0519974292	-0.0514606403	0.0652595617	0.0082414676	-0.0090519632	0.0047663754	0.0364371727	0.0556531602	0.0198740106	0.0622138816	-0.0034366214	0.0073036322	-0.222194444181244	-0.91379815053605	0.448081059024295	0.592443852028073
-0.0786005	0.0203682	0.178147	-0.00309471	0.00130924	-0.00233618	0.0206444	0.0374871	0.024622	-0.00024023	-8.66500000000002e-05	0.00013039	0.105617	-0.0499794418	0.0430026525	-0.0320869629	0.0182322141	-0.0027074549	-0.0130652981	0.0276413132	-0.0396854757	0.0480945804	-0.0520983812	0.0513301431	-0.0458602343	0.0361896802	-0.0232042715	0.0080934286	0.0077587455	-0.0229002443	0.0359441567	-0.0456957037	0.0512616758	-0.0521322486	-0.0165699976	-0.0479513584	0.026781834	-0.0556211581	0.0026677598	-0.0450012684	0.0349787365	0.0156635403	0.0757280912	-0.0335314876	1.20806976107582	-0.935766895895519	0.448081059024295	0.592443852028073
-0.074656	0.00577437	0.222518	-0.00277643	0.00132241	-0.0024127	0.0039445	-0.01459383	0.044371	0.00031828	1.31700000000007e-05	-7.65199999999996e-05	0.08330783	-0.0500465054	0.0432587929	-0.0326194932	0.0190758861	-0.0038338396	-0.0117495564	0.0262868196	-0.0384836111	0.0472539781	-0.0518170426	0.051766528	-0.0471069319	0.0382531258	-0.0259934166	0.0114193591	0.0041714317	-0.0193908153	0.0328837193	-0.0434487905	0.0501453577	-0.0523771858	-0.0340336271	0.056867851	-0.0307240872	-0.0580486937	-0.010395515	-0.0067800127	-0.0721293129	-0.0358441242	-0.0112889933	-0.0475343512	1.0539090914947	-0.964203926412019	0.448081059024295	0.592443852028073
-0.0700656	-0.00341084	0.211933	-0.00259625	0.00139589	-0.00240416	0.00459039999999999	-0.00918521	-0.010585	0.00018018	7.34799999999995e-05	8.54000000000002e-06	0.03747061	-0.0501126395	0.0435117199	-0.0331465714	0.0199138901	-0.0049584444	-0.0104259597	0.0249084068	-0.0372360105	0.0463423012	-0.0514394875	0.0520866082	-0.0482276804	0.0401965428	-0.0286879745	0.0146975897	0.0005642937	-0.0157773596	0.0296255153	-0.0409107473	0.0486567622	-0.0521934471	0.038834015	0.0218957941	0.0582897536	-0.0085052305	0.0010981307	0.0308219489	0.0716938419	0.0158090063	-0.0435594916	-0.0422907531	-0.740270596813927	-0.077649103647054	0.448081059024295	0.592443852028073
-0.0664291	0.035812	0.237437	-0.00274005	0.00133536	-0.00233492	0.0036365	0.03922284	0.025504	-0.0001438	-6.053e-05	6.92399999999999e-05	0.08204184	-0.050177843	0.0437614146	-0.0336681095	0.0207459769	-0.0060807472	-0.0090953929	0.0235073292	-0.0359441567	0.0453609212	-0.0509664168	0.0522896643	-0.0492194833	0.0420138333	-0.03127814	0.0179144269	-0.0030455261	-0.0120792627	0.02618914	-0.0380985803	0.0468069407	-0.0515825363	0.0349409998	-0.0309894542	0.0055121425	-0.0593638789	-0.0176463228	-0.0574002507	-0.0368358106	0.0667352294	0.0394182708	-0.0342672387	0.168962227934089	-0.033773633202373	0.448081059024295	0.592443852028073
-0.0653984	-0.0149188	0.254316	-0.00240952	0.0013959	-0.00206488	0.0010307	-0.0507308	0.016879	0.00033053	6.054e-05	0.00027004	0.101696	-0.0502421146	0.0440078585	-0.0341840202	0.0215718994	-0.0072002268	-0.0077587455	0.0220848615	-0.034609585	0.044311314	-0.0503987089	0.0523752403	-0.0500796887	0.043699295	-0.0337544877	0.0210564335	-0.0066408724	-0.0083163637	0.0225952602	-0.0350311327	0.0446096262	-0.0505494535	-0.0474639623	-0.0165562703	-0.0173805102	-0.0672729757	-0.0361459685	0.0265070674	-0.0055687342	-0.0404016019	0.0478603434	-0.0551735837	-2.70655564044889	-0.076869324218739	-2.22840312389761	0.592443852028073
-0.0701617	0.0175296	0.231806	-0.00288783	0.00157921	-0.00196684	-0.00476329999999998	0.0324484	-0.02251	-0.00047831	0.00018331	9.80399999999998e-05	0.0977047	-0.0503054532	0.0442510332	-0.0346942175	0.0223914121	-0.0083163637	-0.0064169112	0.0206422981	-0.0332338815	0.0431950583	-0.0497374181	0.0523431439	-0.0508059967	0.0452476394	-0.0361080066	0.024110485	-0.0102046586	-0.0045088495	0.0188654898	-0.0317289578	0.0420811315	-0.0491026536	-0.0268703628	0.0487238323	0.0319478037	-0.0358175471	0.0022714113	-0.0357376838	-0.0004342085	0.0191557815	-0.000907959	-0.0552543516	-2.58950932028429	0.096425796901272	-2.22840312389761	-1.68540061352814
-0.0758805	-0.0241922	0.269935	-0.00270792	0.00139589	-0.00211894	-0.0057188	-0.0417218	0.038129	0.00017991	-0.00018332	-0.0001521	0.1113361	-0.0503678575	0.0444909208	-0.0351986159	0.0232042715	-0.0094286395	-0.0050707869	0.0191809517	-0.0318186811	0.0420138333	-0.0489837722	0.0521934471	-0.0513964655	0.0466540082	-0.0383301323	0.0270638244	-0.0137199483	-0.0006771467	0.0150222601	-0.028214182	0.0392402281	-0.0472539781	0.0344827538	0.0469420151	0.0223787295	-0.0498198179	-0.009427181	0.0238888221	-0.0048496206	0.0072077757	-0.0122025645	-0.0744870855	-2.60515490678052	0.444509638631442	0.448081059024295	-1.68540061352814
-0.0733307	-0.00796183	0.262665	-0.00278664	0.00139589	-0.0019365	0.00254979999999999	0.01623037	-0.00727	-7.872e-05	0	0.00018244	0.03910817	-0.0504293264	0.0447275033	-0.0356971313	0.0240102362	-0.0105365379	-0.0037212726	0.017702152	-0.0303656657	0.0407694154	-0.0481391707	0.0519264863	-0.0518495163	0.0479139886	-0.0404127789	0.0299041152	-0.0171700353	0.003158189	0.0110886847	-0.0245103563	0.0361080066	-0.045018557	0.0451946997	-0.0006302164	0.037445122	-0.0538572136	-0.0032311191	-0.0171428833	0.0135291318	0.0671330546	-0.0135722628	-0.0589469376	0.444120489524321	0.467255872857202	0.448081059024295	-1.68540061352814
-0.0737727	-0.026386	0.282511	-0.00288783	0.00133916	-0.0021081	-0.00044199999999997	-0.01842417	0.019846	-0.00010119	-5.67300000000001e-05	-0.0001716	0.05518817	-0.0504898588	0.0449607632	-0.0361896802	0.0248090665	-0.0116395445	-0.0023692706	0.0162072446	-0.0288765622	0.0394636764	-0.0472051818	0.0515428613	-0.0521639377	0.049023627	-0.0423483678	0.0326194932	-0.0205385235	0.0069765817	0.0070884207	-0.0206422981	0.0327077205	-0.0424146861	0.0353787268	-0.0330806487	-0.015521502	-0.0623699154	-0.051623896	0.0314038039	-0.0165699548	0.0192973381	0.0495109562	-0.0187433762	-0.45447345909924	-0.421322878061307	0.448081059024295	-1.68540061352814
-0.0691296	0.00132274	0.25903	-0.00261331	0.00148965	-0.00185046	0.00464309999999997	0.02770874	-0.023481	0.00027452	0.00015049	0.00025764	0.08996534	-0.0505494535	0.0451906832	-0.0366761804	0.0256005252	-0.0127371473	-0.0010156846	0.0146975897	-0.0273531403	0.0380985803	-0.0461835398	0.051043434	-0.0523388891	0.0499794418	-0.0441298556	0.0351986159	-0.0238094045	0.010757547	0.0030455261	-0.0166359256	0.0290646136	-0.0394636764	-0.0666530232	-0.0215688987	0.0256072487	-0.0303911096	-0.0081968248	-0.0498481728	-0.0162992038	-0.0509750848	0.0173828124	-0.0168635837	0.799096952002879	-0.639245556081613	0.448081059024295	-1.68540061352814
-0.079694	-0.00680198	0.271997	-0.00288783	0.00148664	-0.00202432	-0.0105644	-0.00812472	0.012967	-0.00027452	-3.00999999999991e-06	-0.00017386	0.05422562	-0.0506081094	0.0454172463	-0.0371565505	0.0263843771	-0.0138288366	0.0003385804	0.0131745611	-0.0257972105	0.0366761804	-0.0450761418	0.0504293264	-0.0523739028	0.0507784337	-0.0457507597	0.0376307102	-0.0269671338	0.0144808008	-0.0010156846	-0.0125180835	0.0252057321	-0.0361896802	0.0025082283	0.0753084571	-0.0082859615	-0.0161790762	0.0007637811	0.0213888256	-0.0361304495	-0.0177545536	-0.0385161531	-0.0376123192	-2.77022716553225	-0.618839332004405	0.448081059024295	-1.68540061352814
-0.0992612	-0.038109	0.163145	-0.00288783	0.00139589	-0.00231312	-0.0195672	-0.03130702	-0.108852	0	-9.07499999999999e-05	-0.0002888	0.17870372	-0.0506658255	0.0456404355	-0.0376307102	0.0271603893	-0.0149141057	0.0016926191	0.0116395445	-0.0242106219	0.0351986159	-0.043885044	0.0497019183	-0.0522688852	0.0514180959	-0.0472051818	0.0399056168	-0.0299967047	0.018126369	-0.0050707869	-0.0083163637	0.0211597241	-0.0326194932	-0.0201850983	-0.01721914	-0.0060615995	-0.0098997425	0.0362813716	0.0024197922	-0.0132470808	-0.0056018301	-0.0107081566	0.0134703404	-1.05201785876246	-0.599445345678141	0.448081059024295	0.592443852028073
-0.111502	-0.050139	0.182584	-0.0022672	0.00139589	-0.00211857	-0.0122408	-0.01203	0.019439	0.00062063	0	0.00019455	0.0844688	-0.0507226006	0.0458602343	-0.0380985803	0.0279283311	-0.0159924506	0.0030455261	0.0100939368	-0.0225952602	0.0336681095	-0.0426124582	0.048862844	-0.0520241169	0.051896421	-0.0484878293	0.0420138333	-0.0328837193	0.021674694	-0.0090953929	-0.0040589197	0.0169566271	-0.0287823352	0.0218889059	0.0311680387	-0.0134323728	0.050277582	0.0092743018	0.0435393686	0.0082075691	-0.0340095054	-0.0705466526	0.0411712275	-1.21502106761396	-0.220268195812051	0.448081059024295	-1.68540061352814
-0.0923772	0.0166464	0.16563	-0.00269564	0.0011829	-0.00189388	0.0191248	0.0667854	-0.016954	-0.00042844	-0.00021299	0.00022469	0.1461702	-0.0507784337	0.0460766263	-0.0385600826	0.0286879745	-0.0170633708	0.0043963972	0.0085391442	-0.0209530451	0.0320869629	-0.0412607473	0.0479139886	-0.0516402525	0.0522119084	-0.049594035	0.0439465533	-0.0356144575	0.0251067401	-0.0130652981	0.0002257211	0.0126276447	-0.024709611	-0.0182713346	-0.082277656	-0.0018875517	0.0606965027	0.0382352122	-0.051208767	0.0264127469	0.0188100052	0.0362310846	0.0830799108	-1.56344237846791	0.328919598597519	0.448081059024295	-1.68540061352814
-0.0806059	-0.0361632	0.229312	-0.00262616	0.00126902	-0.00183374	0.0117713	-0.0528096	0.063682	6.94799999999998e-05	8.61200000000001e-05	6.014e-05	0.1390499	-0.0508333239	0.0462895956	-0.03901514	0.0294390937	-0.018126369	0.0057443291	0.0069765817	-0.0192859283	0.0304575546	-0.0398324213	0.0468574839	-0.0511183183	0.0523635681	-0.0505197734	0.0456957037	-0.0381759417	0.0284040951	-0.0169566271	0.0045088495	0.0082049152	-0.0204346535	-0.0430347597	0.0625501402	-0.0536597596	0.015116796	0.0064575401	0.003097054	-0.0550206588	-0.0406674281	-0.0061109279	0.0102168269	0.334220478098683	0.267562994583359	0.448081059024295	-1.68540061352814
-0.0722781	-0.0178764	0.220975	-0.00277554	0.00117045	-0.00185224	0.00832780000000002	0.0182868	-0.00833699999999998	-0.00014938	-9.85700000000001e-05	-1.85000000000001e-05	0.0482741	-0.0508872699	0.0464991262	-0.0394636764	0.0301814655	-0.0191809517	0.0070884207	0.005407671	-0.0175958911	0.0287823352	-0.0383301323	0.0456957037	-0.0504597097	0.0523509242	-0.0512616758	0.0472539781	-0.0405559987	0.0315490697	-0.0207459769	0.0087617663	0.0037212726	-0.0159924506	0.0623087051	-0.0293489254	0.0493315248	0.0169193601	-0.0043316091	-0.0190658901	0.0471584537	0.0734985923	-0.0071864917	0.0094881786	-2.08997877018051	0.179755676814626	0.448081059024295	0.592443852028073
-0.075693	-0.00305306	0.268774	-0.00276371	0.00139589	-0.0018201	-0.0034149	0.01482334	0.047799	1.183e-05	0.00022544	3.21399999999999e-05	0.07950774	-0.050940271	0.0467052026	-0.0399056168	0.0309148693	-0.0202266294	0.0084277735	0.0038338396	-0.015884942	0.0270638244	-0.0367566699	0.044431258	-0.0496661877	0.0521740164	-0.0518170426	0.0486148674	-0.0427433176	0.0345247919	-0.024410558	0.0129559745	-0.0007899965	-0.0114193591	-0.0404154744	-0.023892866	-0.0474519909	-0.0319194689	0.0372076074	-0.0082524363	-0.0473710533	-0.0021820822	0.0440729702	0.0090822015	1.02990811265203	0.118577197072256	0.448081059024295	0.592443852028073
-0.0786342	-0.0286152	0.226654	-0.00272668	0.00103643	-0.00184222	-0.00294120000000003	-0.02556214	-0.04212	3.703e-05	-0.00035946	-2.212e-05	0.09155384	-0.050992326	0.0469078096	-0.0403408874	0.0316390872	-0.0212629165	0.0097614921	0.0022565198	-0.0141551145	0.025304607	-0.0351149558	0.0430669878	-0.048739874	0.0518333998	-0.0521838529	0.049772687	-0.0447275033	0.0373152977	-0.0279283311	0.0170633708	-0.0052954007	-0.006752807	0.0111421307	0.0462336432	0.0486540769	0.0045518215	0.0101602963	0.0238110682	0.0525573546	-0.0178138936	-0.02887324	-0.0378846272	-1.64813455822498	-0.108737917560202	0.448081059024295	-1.68540061352814
-0.0805079	0.0542669	0.289602	-0.00271408	0.00113043	-0.00180735	-0.00187369999999999	0.0828821	0.062948	1.26000000000002e-05	9.39999999999999e-05	3.487e-05	0.1547773	-0.051043434	0.0471069319	-0.0407694154	0.032353904	-0.0222893319	0.0110886847	0.0006771467	-0.0124084642	0.0235073292	-0.0334080384	0.0416059582	-0.0476832451	0.0513301431	-0.0523607718	0.0507226006	-0.0464991262	0.0399056168	-0.03127814	0.0210564335	-0.0097614921	-0.0020309873	0.0377049494	-0.0062338633	-0.035416303	-0.0299377548	-0.0222991732	-0.0028778762	-0.0434984423	0.0483953361	-0.0072031057	0.0155500034	-1.50269373492824	-0.170474499354776	0.448081059024295	-1.68540061352814
-0.0775985	-0.0313162	0.248819	-0.00237157	0.000940629	-0.00188522	0.00290939999999999	-0.0855831	-0.040783	0.00034251	-0.000189801	-7.78699999999998e-05	0.15978455	-0.051093594	0.047302555	-0.0411911291	0.0330591074	-0.0233053991	0.0124084642	-0.0009028426	-0.0106470671	0.021674694	-0.0316390872	0.0400514517	-0.0464991262	0.0506658255	-0.0523471556	0.0514606403	-0.0480497669	0.0422818529	-0.0344398384	0.0249084068	-0.0141551145	0.0027074549	-0.0453910455	-0.0140772382	0.0256247721	-0.0122326928	-1.77434e-05	0.0496051852	0.0398472067	-0.0527099915	0.0328070851	-0.0001103854	0.567305920551918	-0.202379154132237	-2.22840312389761	0.592443852028073
-0.080288	0.0438857	0.263348	-0.00282793	0.000937698	-0.00180541	-0.0026895	0.0752019	0.014529	-0.00045636	-2.93099999999985e-06	7.981e-05	0.11937545	-0.0511428052	0.0474946641	-0.0416059582	0.0337544877	-0.0243106464	0.0137199483	-0.0024820104	-0.0088730165	0.0198094581	-0.0298113868	0.0384069609	-0.0451906832	0.0498425313	-0.0521430537	0.0519837232	-0.0493720561	0.044431258	-0.0373944116	0.0285934806	-0.0184436498	0.0074237382	0.0191230247	0.0180138972	0.0102818805	0.0232399556	0.0515303129	-0.0257400931	0.0109484311	0.0235408386	-0.0543528499	0.0005288361	0.634197021126937	0.132862071831973	-2.22840312389761	-1.68540061352814
-0.0773507	-0.0427005	0.296035	-0.00267521	0.00104575	-0.00194257	0.00293730000000002	-0.0865862	0.032687	0.00015272	0.000108052	-0.00013716	0.1421071	-0.0511910666	0.0476832451	-0.0420138333	0.0344398384	-0.025304607	0.0150222601	-0.0040589197	-0.0070884207	0.0179144269	-0.0279283311	0.0366761804	-0.0437614146	0.048862844	-0.0517492091	0.0522896643	-0.0504597097	0.0463423012	-0.0401240904	0.0320869629	-0.0225952602	0.0120792627	0.0466923888	-0.0212943964	-0.0472749917	-0.0319472926	-0.0341904031	0.0551637913	-0.0190708428	0.0344026407	0.0600878753	0.0085991004	0.938732723975777	0.10392896083456	-2.22840312389761	-1.68540061352814
-0.0706556	-0.0143841	0.268541	-0.00298006	0.000968443	-0.00182042	0.00669509999999998	0.0283164	-0.027494	-0.00030485	-7.7307e-05	0.00012215	0.08772085	-0.0512383773	0.0478682839	-0.0424146861	0.0351149558	-0.0262868196	0.016314529	-0.0056321357	-0.0052954007	0.0159924506	-0.0259934166	0.0348629988	-0.0422151417	0.0477298374	-0.0511670547	0.0523771858	-0.0513075588	0.0480047303	-0.0426124582	0.0353654455	-0.0265791242	0.0166359256	-0.0639711845	-0.0052893446	0.0669230314	0.0181633054	-0.017227553	-0.0559036383	0.03036413	-0.0615196542	0.017149445	-0.0157306267	0.374919135792509	0.080827680415727	0.448081059024295	-1.68540061352814
-0.0686719	0.00425411	0.311481	-0.00288237	0.001201	-0.00181559	0.0019837	0.01863821	0.04294	9.76900000000001e-05	0.000232557	4.82999999999994e-06	0.08031576	-0.0512847364	0.0480497669	-0.0428084497	0.0357796393	-0.027256828	0.0175958911	-0.0072002268	-0.0034960873	0.0140464202	-0.0240102362	0.0329714899	-0.0405559987	0.0464470668	-0.0503987089	0.0522459219	-0.0519115742	0.0494096266	-0.0448445497	0.0384069609	-0.0303656657	0.0210564335	0.039053861	0.0187556559	-0.0221243463	0.0235372244	0.026538226	-0.0010172637	-0.0329646153	0.0271535295	-0.0411544558	0.0218708163	0.699081533685507	0.080383893751186	0.448081059024295	0.592443852028073
-0.0694935	-0.0603504	0.29895	-0.00250658	0.00109743	-0.00202125	-0.000821600000000006	-0.06460451	-0.012531	0.00037579	-0.00010357	-0.00020566	0.11220811	-0.0513301431	0.0482276804	-0.0431950583	0.0364336915	-0.028214182	0.0188654898	-0.0087617663	-0.0016926191	0.0120792627	-0.0219824722	0.0310059033	-0.0387884217	0.045018557	-0.0494469678	0.051896421	-0.0522688852	0.0505494535	-0.0468069407	0.0411911291	-0.0339267737	0.025304607	0.0240139965	-0.0282112027	-0.0332804968	-0.0237980499	-0.0520497477	0.038023326	0.0055772	0.00095124	0.0607523057	0.0005839454	0.415090492494242	0.042681107932249	0.448081059024295	0.592443852028073
-0.0580621	-0.00483328	0.282808	-0.00273925	0.000979939	-0.00175335	0.0114314	0.05551712	-0.016142	-0.00023267	-0.000117491	0.0002679	0.11399357	-0.0513745965	0.0484020114	-0.0435744473	0.0370769179	-0.0291584371	0.0201224762	-0.0103153331	0.0001128608	0.0100939368	-0.0199138901	0.0289706552	-0.0369171367	0.0434487905	-0.0483152946	0.0513301431	-0.0523777937	0.0514180959	-0.0484878293	0.043699295	-0.0372360105	0.0293456776	-0.0465273123	0.0185752351	0.035834657	0.0040331168	-0.0358803196	-0.0542648458	-0.0079794761	-0.0444411179	-0.0026956441	-0.0166391781	0.337636083520234	-0.133969488107822	0.448081059024295	0.592443852028073
-0.0672033	-0.0227279	0.325148	-0.00269635	0.000979939	-0.00184692	-0.00914120000000001	-0.01789462	0.04234	4.28999999999998e-05	0	-9.35699999999998e-05	0.07619932	-0.0514180959	0.0485727468	-0.0439465533	0.0377091275	-0.0300891549	0.0213660101	-0.0118595137	0.0019182066	0.0080934286	-0.0178083308	0.0268703181	-0.0349471469	0.0417426926	-0.0470078072	0.0505494535	-0.0522377823	0.0520108938	-0.0498771065	0.0459146523	-0.0402688086	0.0331465714	0.0367117737	0.0410481094	-0.0204671133	0.0089883808	0.0105061181	0.0179557192	-0.0129177843	0.014924635	-0.0457118713	-0.0205427553	0.708209891843716	-0.144240837753109	0.448081059024295	0.592443852028073
-0.0700309	-0.0108748	0.260408	-0.00280448	0.000623811	-0.00181554	-0.00282759999999999	0.0118531	-0.06474	-0.00010813	-0.000356128	3.13799999999999e-05	0.1042026	-0.0514606403	0.048739874	-0.044311314	0.0383301323	-0.0310059033	0.0225952602	-0.013392903	0.0037212726	0.0060807472	-0.015669704	0.024709611	-0.0328837193	0.0399056168	-0.0455292636	0.0495576132	-0.0518495163	0.052324667	-0.0509664168	0.0478223571	-0.0430026525	0.0366761804	0.0002475159	-0.0519106964	0.03212577	-0.0146265615	-0.0372718877	-0.0288478197	0.0375526993	0.0178693258	0.0451917166	-0.0239473298	1.03240073220165	-0.111493446814536	0.448081059024295	0.592443852028073
-0.066256	0.0281084	0.298015	-0.00286503	0.000797859	-0.00158922	0.0037749	0.0389832	0.0376070000000001	-6.05500000000004e-05	0.000174048	0.00022632	0.103411	-0.051502229	0.0489033805	-0.0446686685	0.0389397479	-0.0319082567	0.0238094045	-0.0149141057	0.0055199161	0.0040589197	-0.0135019809	0.0224933884	-0.030732371	0.0379433273	-0.043885044	0.0483587652	-0.0512148408	0.0523577323	-0.0517492091	0.0494096266	-0.0454172463	0.0399056168	-0.0344869268	0.0447644886	-0.0118179194	-0.0099410687	-0.0094092894	-0.0345623859	-0.065884259	-0.0337928311	-0.023509116	-0.0212891918	0.063782829144703	-0.060966054546578	0.448081059024295	0.592443852028073
-0.0561956	-0.0394249	0.270453	-0.00277656	0.000884272	-0.00172215	0.0100604	-0.0675333	-0.027562	8.84700000000002e-05	8.64129999999999e-05	-0.00013293	0.12054635	-0.0515428613	0.0490632542	-0.045018557	0.0395377932	-0.0327957961	0.0250076315	-0.0164217376	0.0073119995	0.0020309873	-0.0113091867	0.0202266294	-0.028498854	0.0358619813	-0.0420811315	0.0469579174	-0.0503367722	0.0521099123	-0.0522207755	0.0506658255	-0.0474946641	0.0428084497	0.0631474012	-0.0149194296	-0.005146379	-0.0049599474	-0.0222358384	0.0637648214	0.0262096796	0.04142315	0.002828711	0.0114017621	1.12571683463587	-0.013551063949886	0.448081059024295	0.592443852028073
-0.056168	0.0328581	0.25623	-0.00282628	0.000765205	-0.00169879	2.76000000000026e-05	0.072283	-0.014223	-4.97200000000001e-05	-0.000119067	2.336e-05	0.09614095	-0.0515825363	0.0492194833	-0.0453609212	0.0401240904	-0.0336681095	0.02618914	-0.0179144269	0.0090953929	0	-0.0090953929	0.0179144269	-0.02618914	0.0336681095	-0.0401240904	0.0453609212	-0.0492194833	0.0515825363	-0.0523782801	0.0515825363	-0.0492194833	0.0453609212	-0.0604342538	-0.03728555	0.0568329366	0.015151617	0.0213370536	-0.0698442781	0.0374189505	-0.025809668	0.0244805948	0.012559482	0.777095868831975	0.023299623716606	0.448081059024295	0.592443852028073
-0.0562204	0.00792588	0.287603	-0.00316403	0.000938406	-0.0018111	-5.2400000000008e-05	-0.02493222	0.031373	-0.00033775	0.000173201	-0.00011231	0.08752067	-0.0516212534	0.0493720561	-0.0456957037	0.0406984653	-0.0345247919	0.0273531403	-0.0193908153	0.0108679768	-0.0020309873	-0.0068647103	0.0155619757	-0.0238094045	0.0313685957	-0.0380210421	0.0435744473	-0.0478682839	0.0507784337	-0.0522207755	0.0521536168	-0.0505788988	0.0475421407	0.041718922	0.0192904735	-0.0484318028	-0.0002086447	0.0383933419	0.0445782106	-0.0438697061	0.0354398894	-0.0430472337	0.0267083166	1.01841930875185	0.024492297053909	0.448081059024295	0.592443852028073
-0.0561382	-0.0208173	0.22971	-0.00254054	0.000734487	-0.00183737	8.22000000000114e-05	-0.02874318	-0.057893	0.00062349	-0.000203919	-2.62699999999999e-05	0.12940233	-0.0516590118	0.0495209612	-0.0460228486	0.0412607473	-0.0353654455	0.028498854	-0.0208495594	0.0126276447	-0.0040589197	-0.004621281	0.0131745611	-0.0213660101	0.0289706552	-0.0357796393	0.0416059582	-0.0462895956	0.0497019183	-0.0517492091	0.0523752403	-0.0515628185	0.0493342563	-0.0450825479	-0.0629447641	0.0271007295	0.0166139409	0.0348580299	9.89088e-05	0.0563409469	-0.0376307628	0.0455782775	0.0455807892	0.35763113637008	0.012480593687217	0.448081059024295	0.592443852028073
-0.0629216	0.0386335	0.255162	-0.0031303	0.000674124	-0.00173179	-0.0067834	0.0594508	0.025452	-0.00058976	-6.0363e-05	0.00010558	0.12947135	-0.0516958108	0.0496661877	-0.0463423012	0.0418107693	-0.0361896802	0.0296255153	-0.0222893319	0.0143723053	-0.0060807472	-0.0023692706	0.010757547	-0.0188654898	0.0264818121	-0.0334080384	0.0394636764	-0.0444909208	0.0483587652	-0.0509664168	0.0522459219	-0.0521639377	0.0507226006	0.0226979602	0.0161164288	-0.007488704	0.0363731701	0.0632052161	-0.0082961137	-0.0058347016	0.018147675	-0.0425871513	0.0294949434	-0.812639939213731	0.018826515360682	0.448081059024295	0.592443852028073
-0.0562313	-0.0406336	0.290168	-0.00281396	0.00109764	-0.00213339	0.0066903	-0.0792671	0.035006	0.00031634	0.000423516	-0.0004016	0.1780362	-0.0517316498	0.0498077248	-0.0466540082	0.0423483678	-0.0369971132	0.030732371	-0.0237088227	0.016099885	-0.0080934286	-0.0001128608	0.0083163637	-0.016314529	0.0239098759	-0.0309148693	0.0371565505	-0.0424808075	0.0467561802	-0.0498771065	0.051766528	-0.0523777937	0.0516958108	0.0163523282	-0.0380897088	-0.0514100617	-0.0178299702	-0.0397304088	0.0407837504	0.0018921718	0.0092071596	0.0792034371	0.0293308983	-0.133778532299147	0.029582364270394	0.448081059024295	0.592443852028073
-0.0540458	0.0151925	0.270202	-0.00317743	0.000831463	-0.00181684	0.00218549999999999	0.0558261	-0.019966	-0.00036347	-0.000266177	0.00031655	0.12528745	-0.051766528	0.0499455618	-0.0469579174	0.0428733831	-0.0377873696	0.0318186811	-0.0251067401	0.0178083308	-0.0100939368	0.0021437585	0.0058564958	-0.0137199483	0.0212629165	-0.0283092043	0.0346942175	-0.0402688086	0.0449027607	-0.0484878293	0.050940271	-0.0522027989	0.0522459219	-0.0308163633	0.0410613159	0.0521001336	0.0106029346	-0.0279709285	-0.0549137256	0.0113196896	-0.0394555014	-0.027414887	-0.0406181881	-0.474489146678549	0.035553598765088	0.448081059024295	0.592443852028073
-0.0561949	-0.00926220000000001	0.329242	-0.00317743	0.000914187	-0.00192186	-0.0021491	-0.0244547	0.05904	0	8.27240000000003e-05	-0.00010502	0.095031	-0.0518004449	0.0500796887	-0.0472539781	0.0433856593	-0.0385600826	0.0328837193	-0.0264818121	0.0194956122	-0.0120792627	0.0043963972	0.0033834701	-0.0110886847	0.0185492395	-0.0256005252	0.0320869629	-0.0378654364	0.0428084497	-0.0468069407	0.049772687	-0.0516402525	0.0523684314	0.0441039643	0.0015369426	-0.0463220708	-0.0192906138	-0.023433195	0.0084140219	-0.0542302724	0.0528146811	-0.0200879111	-0.012336264	0.099818874522931	0.035463767488037	0.448081059024295	0.592443852028073
-0.0623312	-0.0369319	0.277809	-0.00275907	0.000769493	-0.00177691	-0.0061363	-0.0276697	-0.051433	0.00041836	-0.000144694	0.00014495	0.1206392	-0.0518333998	0.0502100954	-0.0475421407	0.043885044	-0.0393148935	0.0339267737	-0.0278327876	0.0211597241	-0.0140464202	0.0066408724	0.0009028426	-0.0084277735	0.0157773596	-0.0227986886	0.0293456776	-0.0352821126	0.0404844828	-0.0448445497	0.0482715996	-0.0506943307	0.0520623368	-0.0596180704	0.0036635854	0.0456008018	0.0048275984	-0.0265865183	0.0222238561	0.0390628361	-0.0651969119	0.0110389194	-0.0260069202	0.645048936890714	0.033215349988694	0.448081059024295	0.592443852028073
-0.0561953	0.0282425	0.308785	-0.00315576	0.000835088	-0.00169013	0.00613590000000001	0.0651744	0.030976	-0.00039669	6.5595e-05	8.67800000000001e-05	0.12973955	-0.051865392	0.0503367722	-0.0478223571	0.044371389	-0.0400514517	0.0349471469	-0.0291584371	0.0227986886	-0.0159924506	0.0088730165	-0.0015798132	-0.0057443291	0.0129559745	-0.0199138901	0.0264818121	-0.0325311144	0.0379433273	-0.0426124582	0.0464470668	-0.0493720561	0.0513301431	0.0474981798	0.0026082888	0.0125548145	0.0196838065	0.034101002	-0.0175083387	0.0111218103	0.0502212435	-0.0426268513	0.0039320886	1.14882215468075	0.040590896153727	0.448081059024295	0.592443852028073
-0.0562298	-0.0141116	0.306512	-0.00283687	0.000897391	-0.00164447	-3.45000000000067e-05	-0.0423541	-0.00227299999999997	0.00031889	6.23030000000001e-05	4.56599999999999e-05	0.06600425	-0.051896421	0.0504597097	-0.0480945804	0.0448445497	-0.0407694154	0.0359441567	-0.0304575546	0.024410558	-0.0179144269	0.0110886847	-0.0040589197	-0.0030455261	0.0100939368	-0.0169566271	0.0235073292	-0.0296255153	0.0351986159	-0.0401240904	0.044311314	-0.0476832451	0.050177843	-0.0039087585	-0.0155776434	-0.0641289327	-0.0509635403	-0.02491029	0.0603253039	-0.0191344896	0.0140987433	0.0770208974	-0.0123256417	0.204487424334256	-1.36529637864909	0.448081059024295	0.592443852028073
-0.0534369	0.00305323	0.261503	-0.00312015	0.000787589	-0.00172238	0.0027929	0.01716483	-0.045009	-0.00028328	-0.000109802	-7.79099999999998e-05	0.08851633	-0.0519264863	0.0505788988	-0.0483587652	0.0453043854	-0.0414684511	0.0369171367	-0.0317289578	0.0259934166	-0.0198094581	0.0132837629	-0.0065289069	-0.0003385804	0.0072002268	-0.0139376608	0.0204346535	-0.0265791242	0.0322650733	-0.0373944116	0.0418786518	-0.0456404355	0.0486148674	-0.0089575042	0.0488830965	0.0571968146	0.0136938095	-0.0071137023	-0.0312537385	0.0231150045	-0.0197985454	-0.0475883345	-0.0274611255	0	0	-2.22840312389761	0.592443852028073
-0.0563083	0.0250026	0.307378	-0.00359831	0.00101943	-0.00164662	-0.0028714	0.02194937	0.045875	-0.00047816	0.000231841	7.57600000000005e-05	0.10998382	-0.0519555872	0.0506943307	-0.0486148674	0.0457507597	-0.0421482344	0.0378654364	-0.0329714899	0.0275453833	-0.021674694	0.015454175	-0.0089842256	0.0023692706	0.0042839244	-0.0108679768	0.01727662	-0.0234064185	0.0291584371	-0.0344398384	0.0391653804	-0.0432587929	0.0466540082	0.0317525552	-0.0016604096	-0.0525248753	-0.0023032625	-0.0392199891	0.0097999618	-0.058595593	0.0289743495	0.0048305684	0.0097848213	0	0	0	0
-0.0563018	-0.0210673	0.225645	-0.00301361	0.000819758	-0.00171952	6.49999999999956e-06	-0.0460699	-0.0817330000000001	0.0005847	-0.000199672	-7.29000000000005e-05	0.170673	-0.0519837232	0.0508059967	-0.048862844	0.0461835398	-0.0428084497	0.0387884217	-0.0341840202	0.0290646136	-0.0235073292	0.0175958911	-0.0114193591	0.0050707869	0.0013541801	-0.0077587455	0.0140464202	-0.0201224762	0.0258953737	-0.03127814	0.0361896802	-0.0405559987	0.044311314	-0.0362746699	0.0362621856	0.0271903815	0.0348292666	-0.0281982971	0.0055968789	0.0337993611	-0.0618557872	-0.0278016767	0.0059200055	0	0	0	0
-0.0947594	0.0612233	0.237809	-0.00320965	0.000970348	-0.00201404	-0.0384576	0.0822906	0.012164	-0.00019604	0.00015059	-0.00029452	0.1649697	-0.0520108938	0.0509138886	-0.0491026536	0.0466025972	-0.0434487905	0.0396854757	-0.0353654455	0.030549302	-0.025304607	0.0197049341	-0.0138288366	0.0077587455	-0.0015798132	-0.004621281	0.010757547	-0.016742904	0.0224933884	-0.0279283311	0.0329714899	-0.0375521182	0.0416059582	0.0398818632	-0.0099798997	-0.0452940131	0.0326614849	-0.004444932	-0.0022961188	-0.0434977151	0.0345862299	-0.0458255882	0.0377770151	0	0	0	0
-0.0947296	-0.0325707	0.177149	-0.00292898	0.000819758	-0.00200071	2.97999999999826e-05	-0.093794	-0.06066	0.00028067	-0.00015059	1.33299999999998e-05	0.1767133	-0.0520370985	0.0510179984	-0.0493342563	0.0470078072	-0.0440689593	0.0405559987	-0.0365146908	0.0319976841	-0.0270638244	0.021777388	-0.0162072446	0.0104259597	-0.0045088495	-0.0014670001	0.0074237382	-0.0132837629	0.018970732	-0.024410558	0.0295323731	-0.0342694522	0.0385600826	-0.0811322406	-0.0264436223	0.0116504577	0.0405086431	0.0034424053	0.0252487878	0.032973329	-0.0560794664	0.007730267	0.0372377628	0	0	0	0
-0.0669559	0.0425663	0.231247	-0.00324393	0.000819758	-0.00197465	0.0277737	0.075137	0.054098	-0.00031495	0	2.60600000000001e-05	0.1740592	-0.0520623368	0.0511183183	-0.0495576132	0.0473990497	-0.0446686685	0.0413994086	-0.0376307102	0.0334080384	-0.0287823352	0.0238094045	-0.0185492395	0.0130652981	-0.0074237382	0.0016926191	0.0040589197	-0.0097614921	0.0153463027	-0.0207459769	0.0258953737	-0.030732371	0.0351986159	0.0367339512	0.0230370949	-0.0034189146	0.037842305	0.0651455119	0.0055441678	0.0014675203	0.0374975121	-0.0504200908	0.0162906189	0	0	0	0
-0.0620921	-0.02167	0.220288	-0.00281026	0.000919913	-0.0017662	0.00486380000000001	-0.0642363	-0.010959	0.00043367	0.000100155	0.00020845	0.11717285	-0.0520866082	0.0512148408	-0.049772687	0.0477762082	-0.0452476394	0.0422151417	-0.0387124883	0.0347786889	-0.0304575546	0.0257972105	-0.0208495594	0.015669704	-0.0103153331	0.0048460789	0.0006771467	-0.0061928308	0.0116395445	-0.0169566271	0.0220848615	-0.0269671338	0.0315490697	-0.0118109971	-0.0410123857	-0.0189250597	-0.0214197684	-0.0153260481	0.0215201811	0.0304452271	-0.0083094155	0.0551852613	-0.0172418077	0	0	0	0
-0.0400344	0.0711938	0.212084	-0.00284904	0.000299142	-0.00165563	0.0220577	0.0928638	-0.00820399999999999	-3.878e-05	-0.000620771	0.00011057	0.16163155	-0.0521099123	0.0513075588	-0.0499794418	0.0481391707	-0.0458056033	0.0430026525	-0.0397590408	0.0361080066	-0.0320869629	0.0277371148	-0.0231030362	0.0182322141	-0.0131745611	0.0079819045	-0.0027074549	-0.0025947387	0.0078703433	-0.0130652981	0.018126369	-0.0230016937	0.0276413132	-0.0214367819	0.040272376	0.0040651033	0.0243550113	0.004942465	-0.0502486699	-0.0211677526	-0.0339495186	-0.0533123084	-0.0167106356	0	0	0	0
-0.056782	-0.0302139	0.201497	-0.00272834	0.000717151	-0.00159296	-0.0167476	-0.1014077	-0.010587	0.0001207	0.000418009	6.26699999999999e-05	0.15881125	-0.0521322486	0.0513964655	-0.050177843	0.0484878293	-0.0463423012	0.0437614146	-0.0407694154	0.0373944116	-0.0336681095	0.0296255153	-0.025304607	0.0207459769	-0.0159924506	0.0110886847	-0.0060807472	0.0010156846	0.0040589197	-0.0090953929	0.0140464202	-0.0188654898	0.0235073292	0.0446568765	-0.0165343829	-0.0263660309	0.0174923975	-0.0233829306	0.0538964	0.0016322153	0.0155327662	0.0022712042	0.0288908804	0	0	0	0
-0.0709613	0.046543	0.207094	-0.00297309	0.00065027	-0.0019178	-0.0141793	0.0767569	0.00559699999999999	-0.00024475	-6.68810000000001e-05	-0.00032484	0.12835675	-0.0521536168	0.0514815542	-0.0503678575	0.0488220806	-0.0468574839	0.0444909208	-0.0417426926	0.0386363752	-0.0351986159	0.0314589057	-0.0274493255	0.0232042715	-0.0187601599	0.0141551145	-0.0094286395	0.004621281	0.0002257211	-0.0050707869	0.009872353	-0.0145892291	0.0191809517	-0.0536414231	-0.0260953087	0.0331826151	0.0468110168	0.0003342968	-0.0545350547	0.0283490523	-0.0403191364	-0.0051742626	0.0385052942	0	0	0	0
-0.0567809	-0.00460375	0.236661	-0.0032652	0.000819758	-0.00177723	0.0141804	-0.05114675	0.029567	-0.00029211	0.000169488	0.00014057	0.12500255	-0.0521740164	0.0515628185	-0.0505494535	0.0491418251	-0.0473509122	0.0451906832	-0.042677987	0.0398324213	-0.0366761804	0.0332338815	-0.0295323731	0.0256005252	-0.0214690046	0.0171700353	-0.0127371473	0.0082049152	-0.0036086884	-0.0010156846	0.0056321357	-0.0102046586	0.0146975897	0.0154600345	0.0399941586	-0.0283398579	0.040445519	0.0263095282	0.0449406647	-0.0128572409	-0.0086008428	-0.0373724001	0.0045286916	0	0	0	0
-0.0492192	0.0651804	0.200422	-0.00322753	0.00058822	-0.00141876	0.0075617	0.06978415	-0.036239	3.76700000000001e-05	-0.000231538	0.00035847	0.14496875	-0.0521934471	0.0516402525	-0.0507226006	0.0494469678	-0.0478223571	0.0458602343	-0.0435744473	0.0409811285	-0.0380985803	0.0349471469	-0.0315490697	0.0279283311	-0.024110485	0.0201224762	-0.0159924506	0.0117495564	-0.0074237382	0.0030455261	0.0013541801	-0.0057443291	0.0100939368	0.0246153492	-0.0480469431	0.0347491262	0.0202146912	-0.0369896677	-0.0471882103	0.0425232398	0.0219204714	0.0037796238	0.0283043986	0	0	0	0
-0.056755	0.0346658	0.227252	-0.00291347	0.000819757	-0.00143181	-0.0075358	-0.0305146	0.02683	0.00031406	0.000231537	-1.30499999999999e-05	0.09281275	-0.0522119084	0.0517138504	-0.0508872699	0.0497374181	-0.0482715996	0.0464991262	-0.044431258	0.0420811315	-0.0394636764	0.0365955205	-0.0334948844	0.0301814655	-0.0266763128	0.0230016937	-0.0191809517	0.015238359	-0.0111989617	0.0070884207	-0.0029328492	-0.0012413539	0.005407671	-0.0506194418	-0.0135135939	-0.0616557375	0.0227470877	0.001035554	0.0102247111	-0.0431331316	-0.0511469374	0.0172496215	0.0506780815	0	0	0	0
-0.0484417	0.0241502	0.183038	-0.00308559	0.000819758	-0.00134198	0.0083133	-0.0105156	-0.044214	-0.00017212	1.00000000012417e-09	8.98299999999993e-05	0.07614045	-0.0522294002	0.0517836067	-0.051043434	0.0500130897	-0.0486984311	0.0471069319	-0.0452476394	0.0431311232	-0.0407694154	0.0381759417	-0.0353654455	0.032353904	-0.0291584371	0.0257972105	-0.0222893319	0.018654743	-0.0149141057	0.0110886847	-0.0072002268	0.0032708371	0.0006771467	0.0162004811	0.0198394673	0.0494721349	0.0766378115	0.0035637961	-0.0150544209	0.0646862722	-0.0033960863	-0.0381252362	0.0348217499	0	0	0	0
-0.0504554	0.104354	0.231515	-0.00329225	0.000835609	-0.0013518	-0.00201370000000001	0.0802038	0.048477	-0.00020666	1.5851e-05	-9.81999999999914e-06	0.14231105	-0.0522459219	0.0518495163	-0.0511910666	0.0502739006	-0.0491026536	0.0476832451	-0.0460228486	0.0441298556	-0.0420138333	0.0396854757	-0.0371565505	0.0344398384	-0.0315490697	0.028498854	-0.025304607	0.0219824722	-0.0185492395	0.0150222601	-0.0114193591	0.0077587455	-0.0040589197	0.0091557579	-0.0180428808	-0.0668165984	0.016618396	-0.0315066885	-0.0135513542	-0.0674815965	0.0092572496	0.0296940669	0.0473013794	0	0	0	0
-0.0567764	0.0117381	0.160861	-0.00328214	0.000621978	-0.00143937	-0.00632099999999999	-0.0926159	-0.070654	1.01100000000002e-05	-0.000213631	-8.75700000000001e-05	0.18515645	-0.0522614734	0.0519115742	-0.0513301431	0.0505197734	-0.0494840794	0.0482276804	-0.0467561802	0.0450761418	-0.0431950583	0.0411213197	-0.0388641751	0.0364336915	-0.0338407093	0.0310967934	-0.028214182	0.0252057321	-0.0220848615	0.0188654898	-0.0155619757	0.0121890533	-0.0087617663	-0.0360356696	0.0324091999	0.0085467634	0.0575931557	-0.0112376983	0.0147249441	0.0178983726	-0.0563955039	-0.0177690236	0.0175341517	0	0	0	0
-0.0280488	0.0447657	0.228522	-0.00354923	0.000758109	-0.0013213	0.0287276	0.0330276	0.067661	-0.00026709	0.000136131	0.00011807	0.15548075	-0.0522760543	0.0519697758	-0.0514606403	0.050750635	-0.0498425313	0.048739874	-0.047446967	0.0459688572	-0.044311314	0.0424808075	-0.0404844828	0.0383301323	-0.0360261653	0.0335815749	-0.0310059033	0.0283092043	-0.0255020041	0.0225952602	-0.0196003187	0.01652887	-0.013392903	0.049586044	-0.002739067	-0.0447587681	0.0432967508	-0.006107299	-0.0015621689	-0.0294168491	0.0366720833	-0.0407299992	0.059713446	0	0	0	0
-0.0272461	0.0116919	0.213016	-0.00325681	0.00063213	-0.00128764	0.000802699999999996	-0.0330738	-0.015506	0.00029242	-0.000125979	3.36599999999998e-05	0.07198545	-0.0522896643	0.0520241169	-0.0515825363	0.0509664168	-0.050177843	0.0492194833	-0.0480945804	0.0468069407	-0.0453609212	0.0437614146	-0.0420138333	0.0401240904	-0.0380985803	0.0359441567	-0.0336681095	0.03127814	-0.0287823352	0.02618914	-0.0235073292	0.0207459769	-0.0179144269	-0.0485614306	-0.0574820965	0.0299149728	0.0042924727	0.0120989489	-0.001264015	0.0518333148	-0.0221707831	0.0612574244	-0.0067795652	0	0	0	0
-0.031462	0.0926224	0.22788	-0.00351506	0.000703642	-0.00124014	-0.0042159	0.0809305	0.014864	-0.00025825	7.1512e-05	4.75e-05	0.1188735	-0.0523023033	0.0520745933	-0.0516958108	0.0511670547	-0.0504898588	0.0496661877	-0.0486984311	0.0475893965	-0.0463423012	0.0449607632	-0.0434487905	0.0418107693	-0.0400514517	0.0381759417	-0.0361896802	0.0340984296	-0.0319082567	0.0296255153	-0.027256828	0.0248090665	-0.0222893319	0.0128533159	0.0350429855	-0.0024637951	-0.0066162924	0.0367724232	-0.0168680431	-0.0309555356	0.0063314689	-0.0368704587	-0.0269049326	0	0	0	0
-0.0320372	0.0340698	0.24838	-0.00340225	0.00116444	-0.00150314	-0.000575199999999998	-0.0585526	0.0205	0.00011281	0.000460798	-0.000263	0.1214582	-0.0523139709	0.0521212014	-0.0518004449	0.051352489	-0.0507784337	0.0500796887	-0.0492579697	0.0483152946	-0.0472539781	0.0460766263	-0.0447861304	0.0433856593	-0.0418786518	0.0402688086	-0.0385600826	0.0367566699	-0.0348629988	0.0328837193	-0.0308236917	0.0286879745	-0.0264818121	0.0411667968	-0.027217143	-0.0251646599	-0.028355801	-0.0588886758	0.053581231	0.0028359776	0.0255911407	0.0464800797	0.0167451621	0	0	0	0
-0.0322021	0.0988062	0.20381	-0.00337208	0.000651486	-0.000952792	-0.000164899999999996	0.0647364	-0.04457	3.01699999999999e-05	-0.000512954000000001	0.000550348	0.1641449	-0.052324667	0.0521639377	-0.051896421	0.0515226647	-0.051043434	0.0504597097	-0.049772687	0.0489837722	-0.0480945804	0.0471069319	-0.0460228486	0.0448445497	-0.0435744473	0.0422151417	-0.0407694154	0.0392402281	-0.0376307102	0.0359441567	-0.0341840202	0.032353904	-0.0304575546	-0.055500121	-0.0028771577	0.0498690376	-0.0100440244	-0.0031812334	-0.066938971	0.0104986666	-0.0413618491	0.001085717	-0.001520634	0	0	0	0
-0.0311429	0.0819108	0.244128	-0.00327562	0.000849339	-0.000816513	0.00105919999999999	-0.0168954	0.040318	9.646e-05	0.000197853	0.000136279	0.0798022	-0.0523343914	0.0522027989	-0.0519837232	0.0516775313	-0.0512847364	0.0508059967	-0.0502421146	0.049594035	-0.048862844	0.0480497669	-0.0471561663	0.0461835398	-0.0451335173	0.0440078585	-0.0428084497	0.0415373011	-0.0401965428	0.0387884217	-0.0373152977	0.0357796393	-0.0341840202	0.0546405177	0.0214764823	-0.0259099852	-0.038172984	0.0270665929	0.0316401529	-0.0296126874	0.0534119619	-0.0234684821	-0.0035537899	0	0	0	0
-0.0357659	0.0447558	0.223057	-0.00327562	0.000674446	-0.00072466	-0.00462299999999999	-0.037155	-0.021071	0	-0.000174893	9.1853e-05	0.0761863	-0.0523431439	0.0522377823	-0.0520623368	0.0518170426	-0.051502229	0.0511183183	-0.0506658255	0.0501453577	-0.0495576132	0.0489033805	-0.0481835374	0.0473990497	-0.0465509697	0.0456404355	-0.0446686685	0.0436369724	-0.0425467316	0.0413994086	-0.0401965428	0.0389397479	-0.0376307102	-0.0362393007	-0.0492794611	0.0381610005	-0.0429116255	0.0058508912	-0.01513992	0.0550713198	0.0032676148	0.0634695093	-0.0107638385	0	0	0	0
-0.0372096	0.0887954	0.250808	-0.00386689	0.000822187	-0.00088575	-0.00144370000000001	0.0440396	0.027751	-0.00059127	0.000147741	-0.00016109	0.11823935	-0.0523509242	0.0522688852	-0.0521322486	0.0519411573	-0.0516958108	0.0513964655	-0.051043434	0.050637085	-0.050177843	0.0496661877	-0.0491026536	0.0484878293	-0.0478223571	0.0471069319	-0.0463423012	0.0455292636	-0.0446686685	0.0437614146	-0.0428084497	0.0418107693	-0.0407694154	-0.0199523861	0.0665279937	-0.0068410829	-0.0303870717	0.0139629845	-0.0066811938	-0.0473162919	-0.0146142136	-0.0223515198	-0.0352840628	0	0	0	0
-0.0357593	0.0153257	0.234463	-0.00306463	0.000815528	-0.000856983	0.0014503	-0.0734697	-0.016345	0.00080226	-6.6589999999999e-06	2.87670000000002e-05	0.1331493	-0.0523577323	0.0522961052	-0.0521934471	0.0520498384	-0.051865392	0.0516402525	-0.0513745965	0.0510686325	-0.0507226006	0.0503367722	-0.04991145	0.0494469678	-0.04894369	0.0484020114	-0.0478223571	0.0472051818	-0.0465509697	0.0458602343	-0.0451335173	0.044371389	-0.0435744473	0.0630237216	-0.0016715027	0.0060366426	-0.0240786406	-0.0298600775	0.0589553807	0.0300769351	0.0249105765	-0.0119801994	-0.0215201261	0	0	0	0
-0.0316191	0.0745126	0.223957	-0.00390405	0.000830863	-0.000862751	0.0041402	0.0591869	-0.010506	-0.00083942	1.5335e-05	-5.76800000000018e-06	0.11685925	-0.0523635681	0.0523194405	-0.0522459219	0.0521430537	-0.0520108938	0.0518495163	-0.0516590118	0.0514394875	-0.0511910666	0.0509138886	-0.0506081094	0.0502739006	-0.04991145	0.0495209612	-0.0491026536	0.0486567622	-0.0481835374	0.0476832451	-0.0471561663	0.0466025972	-0.0460228486	-0.0351547865	-0.0527743839	0.0215612415	-0.008776283	0.0334301959	-0.0474750381	0.0137717237	0.0047199722	0.0458101363	-0.0073820242	0	0	0	0
-0.0466705	0.0493301	0.208543	-0.00351042	0.000828834	-0.000880399	-0.0150514	-0.0251825	-0.015414	0.00039363	-2.02900000000029e-06	-1.76479999999999e-05	0.07631325	-0.0523684314	0.0523388891	-0.0522896643	0.0522207755	-0.0521322486	0.0520241169	-0.051896421	0.0517492091	-0.0515825363	0.0513964655	-0.0511910666	0.0509664168	-0.0507226006	0.0504597097	-0.050177843	0.0498771065	-0.0495576132	0.0492194833	-0.048862844	0.0484878293	-0.0480945804	-0.0156885883	0.0682487116	-0.0279937585	-0.032304186	0.0238328722	0.0374339283	-0.0504913638	-0.0233107615	-0.0153798962	-0.0524100897	0	0	0	0
-0.0387139	0.051443	0.197719	-0.00364157	0.000828834	-0.000904891	0.00795659999999999	0.00211289999999999	-0.010824	-0.00013115	0	-2.44920000000001e-05	0.0286756	-0.0523723222	0.0523544498	-0.052324667	0.0522829807	-0.0522294002	0.0521639377	-0.0520866082	0.0519974292	-0.051896421	0.0517836067	-0.0516590118	0.0515226647	-0.0513745965	0.0512148408	-0.051043434	0.050860415	-0.0506658255	0.0504597097	-0.0502421146	0.0500130897	-0.049772687	0.0539794543	-0.0421985112	0.050115717	-0.0188863705	-0.0109589282	-0.0148626187	0.0415863565	0.048853268	-0.0002916196	-0.001452664	0	0	0	0
-0.0387851	0.0632851	0.238985	-0.0037994	0.000828834	-0.000975509	-7.12000000000004e-05	0.0118421	0.041266	-0.00015783	0	-7.06179999999999e-05	0.0646017	-0.0523752403	0.0523661213	-0.0523509242	0.0523296507	-0.0523023033	0.0522688852	-0.0522294002	0.0521838529	-0.0521322486	0.0520745933	-0.0520108938	0.0519411573	-0.051865392	0.0517836067	-0.0516958108	0.0516020147	-0.051502229	0.0513964655	-0.0512847364	0.0511670547	-0.051043434	-0.0329509171	-0.0247184898	-0.0495226451	-0.0468204724	0.0336741176	-0.0091089004	-0.0493834241	0.0251080181	0.0586662878	0.0003767583	0	0	0	0
-0.0381249	0.0378751	0.202821	-0.00349	0.000772637	-0.000904891	0.0006602	-0.02541	-0.036164	0.0003094	-5.6197e-05	7.06179999999999e-05	0.08404495	-0.0523771858	0.0523739028	-0.0523684314	0.0523607718	-0.0523509242	0.0523388891	-0.052324667	0.0523082586	-0.0522896643	0.0522688852	-0.0522459219	0.0522207755	-0.0521934471	0.0521639377	-0.0521322486	0.0520983812	-0.0520623368	0.0520241169	-0.0519837232	0.0519411573	-0.051896421	-0.0063863902	0.0634491658	0.0621415975	-0.0496185966	0.0068295123	0.0255584627	0.0373793556	-0.0215460086	-0.0021200953	-0.0856569587	0	0	0	0
-0.0421483	0.10253	0.228757	-0.00373606	0.000940575	-0.000771321	-0.0040234	0.0646549	0.025936	-0.00024606	0.000167938	0.00013357	0.1219927	-0.0523781585	0.0523777937	-0.0523771858	0.0523763346	-0.0523752403	0.0523739028	-0.0523723222	0.0523704984	-0.0523684314	0.0523661213	-0.0523635681	0.0523607718	-0.0523577323	0.0523544498	-0.0523509242	0.0523471556	-0.0523431439	0.0523388891	-0.0523343914	0.0523296507	-0.052324667	0.0300066929	0.0002189831	0.0014801969	-0.0466424676	0.005153385	-0.0311986648	-0.0326279103	0.0318735003	-0.0218843051	-0.052247265	0	0	0	0
